{"train_loss": [0.6845323997958187, 0.49241676442978677, 0.48695126303324576, 0.4826566177959505, 0.47979182795735825, 0.47792334887280796, 0.4757564090388386, 0.4746098491902414, 0.47278933249936816, 0.4719324453423421, 0.4710143510448305, 0.4690044201714428, 0.4692431145200604, 0.4679986258739965, 0.4662081716386111, 0.46608733359658927, 0.4654215495183803, 0.46458547343418266, 0.4641139331159362, 0.46400209986849833, 0.46244795813241546, 0.4619925498243487, 0.4612210315505141, 0.46100391084818465, 0.4608626398993166, 0.4607235671658265, 0.45976655054510684, 0.45943950907441605, 0.4591786975465846, 0.4585696332679506, 0.45819073363223617, 0.4585465601923173, 0.4570260296428674, 0.4571361347967595, 0.45716395111460434, 0.45633646773926, 0.45610442385077477], "val_loss": [0.593872655840481, 0.5192940568222719, 0.512486934077506, 0.4923658026199715, 0.49720745051608367, 0.49613429985794366, 0.4840177356028089, 0.48841935659156127, 0.4881725524570428, 0.48338665243457346, 0.4790709769608928, 0.5128867208373313, 0.48925162267451194, 0.4792296456940034, 0.4826850999219745, 0.4772311428598329, 0.4898449059794931, 0.47841521221048694, 0.4774094998252158, 0.4783013372444639, 0.47633446899114873, 0.47833894719095793, 0.4820859324113995, 0.47766752979334665, 0.4805982612511691, 0.47850602777565227, 0.47289907961499456, 0.48195066668239295, 0.4818309142309077, 0.4740649508494957, 0.478255528737517, 0.4743129161058688, 0.4791548129390268, 0.4873413726979611, 0.4777120354713178, 0.47978052876743615, 0.4767248288673513]}