{"train_loss": [0.6225755765987993, 0.5004014164301633, 0.48565951363405574, 0.4710902861858669, 0.4666579961315397, 0.45561941946069523, 0.45064012549425425, 0.44370065006678316, 0.439588935751664, 0.434937354304104, 0.4312147836751613, 0.4278038551010214, 0.4249663484908479, 0.42130155704523387, 0.4189063480856249, 0.41583858845588223, 0.4159500669953255, 0.41311779156926987, 0.4094957961663373, 0.41021211588345813, 0.40689676617136683, 0.40506897493043553, 0.40502632660762444, 0.4020867460283333, 0.40352970310962605, 0.4022741169660084, 0.3996612352114344, 0.40195680734911937, 0.39709823742370487, 0.397235741602378, 0.3969767083970386, 0.39712255067500535, 0.39599073422213454, 0.3954542143149273, 0.3942799636915372, 0.39345084017736626, 0.3929341729764968, 0.3926020419173196, 0.3915215552821986, 0.3920245428018895, 0.38989631624044646, 0.39032160852900233], "val_loss": [0.5127328625983663, 0.5231310671402348, 0.5576296779844496, 0.9337839459379514, 0.5029263906180859, 0.4945933185517788, 0.45698077604174614, 0.4551282131837474, 0.45937928640180165, 0.4636588390502665, 0.4534757849242952, 0.44506243285205627, 0.4715318799846702, 0.43392781499359345, 0.4329355222483476, 0.43180153850052094, 0.4572082401977645, 0.41698113621936905, 0.4319264466563861, 0.42409486323595047, 0.4315889473590586, 0.4448169606427352, 0.42111173768838245, 0.41098110419180656, 0.4252258332239257, 0.41951806015438503, 0.426281974133518, 0.4258762068218655, 0.41467524071534473, 0.4052506850825416, 0.41571197907129925, 0.403639936612712, 0.4107070155441761, 0.4111950910753674, 0.4371155570778582, 0.41822508722543716, 0.4300946750574642, 0.4092390855981244, 0.40370310180717045, 0.4309382463494937, 0.41824402453170884, 0.40547393014033634]}