{"train_loss": [0.4980453668278944, 0.45153871544387814, 0.43968005800494714, 0.4322157328907631, 0.427561808624752, 0.42368709741586397, 0.42105902328639727, 0.4183679718826716, 0.41693702055584025, 0.4149229757910443, 0.41371866426933773, 0.41224303564231485, 0.41124515975233267, 0.410556664345748, 0.4097015156397167, 0.4088753890253059, 0.40823607483217794, 0.4071638850888191, 0.40700792905508165, 0.4062075017390978, 0.4057029870580115, 0.40539640331316934, 0.4047788405555418, 0.4045100770628271, 0.40431348530283495, 0.4032404449667186, 0.4036667257558429, 0.4028353758893899, 0.40250969177866847, 0.402667905888073, 0.4022150090282654, 0.4021168751521247, 0.4016956550724912, 0.40144875529610674, 0.40152989464929734, 0.40049803233230646, 0.4004821892376073, 0.40014937037687015, 0.3998561456142022, 0.39974372632025257, 0.4000697375106334, 0.3997326466024563, 0.3990432807790999, 0.39904160203649064, 0.3987423973389365, 0.3986414634920643, 0.3983467700008909, 0.39806641973099266, 0.39818446523819667, 0.39776824907015373, 0.3974910575812244, 0.39782937797056467, 0.39738009964531334, 0.39749833723771205, 0.3970767475297197, 0.3968813031646646, 0.3963413875623239, 0.396439660383367, 0.3967370280998037, 0.39626174536421427, 0.396457383576967, 0.3960597932968575, 0.395863780483167, 0.39596042972960027, 0.39589023351956615, 0.39577786468624143, 0.3953768845936259, 0.3954943488947674, 0.39532948792820555, 0.3953871473056721, 0.39523925724231096], "val_loss": [0.4829155332424316, 0.4783893059258445, 0.43694199359298147, 0.42747911177204295, 0.42047582299408326, 0.4122684529651439, 0.4138764343982519, 0.41377039179453423, 0.4221960023986145, 0.41599370959985293, 0.40835410792170174, 0.4197245979823939, 0.4100428635990897, 0.4181835475158058, 0.41287560161958103, 0.40667998097663705, 0.40934231644651026, 0.4138215684217472, 0.4224970386273837, 0.4061262124400598, 0.4137820454926982, 0.4066643344108449, 0.405066588837839, 0.4057701344901937, 0.4046868318537145, 0.40409505401932916, 0.4072724999581461, 0.40691071709129106, 0.4146140517289456, 0.40447106719809117, 0.40792622513747295, 0.41295956852428145, 0.42945337048004634, 0.4072098666647344, 0.40649601584455103, 0.4029811093973559, 0.403457720166821, 0.4034206431074396, 0.40714301396644, 0.4026708428645847, 0.4036418928260423, 0.40714537092419556, 0.4097162811859105, 0.4050824877827667, 0.4092883806292005, 0.40311125950559823, 0.40668710397921526, 0.4228164725921479, 0.40236619352502284, 0.4005151518753597, 0.3995279270747175, 0.41153541058796983, 0.40429310921418704, 0.4024068143874704, 0.40233011236816546, 0.4174572433348114, 0.401452187188836, 0.40285571503678824, 0.40183682813992927, 0.40367173970339704, 0.3988842050300484, 0.4059966834280578, 0.402309077869222, 0.40153487912840224, 0.4015255753582102, 0.39911275458494294, 0.41120666983317694, 0.3999626367195104, 0.4011774432916578, 0.4032235839141168, 0.4127183861510698]}