{"train_loss": [0.6030236961458513, 0.5176014972390602, 0.5064982515301921, 0.49970629175218173, 0.495554727258728, 0.49050177251406424, 0.4895247255297874, 0.4865492327893666, 0.48475136216595877, 0.48259616612816314, 0.48101423341307425, 0.4821315114732555, 0.4791842892730265, 0.47859462795497704, 0.4780712552922521, 0.4752721593534346, 0.47505323435191055, 0.4748961791146002, 0.4736608077439187, 0.47263049164550197, 0.472766552897666, 0.4693934348561495, 0.4697208954133004, 0.4691907029500682, 0.46757191340986204, 0.46746436240289996, 0.46703278067872395], "val_loss": [0.48996496006198553, 0.4864058837942455, 0.4776123328053433, 0.48859361526758777, 0.47274229254411615, 0.48505693933238153, 0.4748561777498411, 0.4723199832698573, 0.46610494735448255, 0.4651396779910378, 0.46076675148113916, 0.46067175204339234, 0.4630091274562089, 0.45479778686295386, 0.4555723718974901, 0.46954112208407855, 0.453707086003345, 0.45372526347637177, 0.45593026733916736, 0.45813478982966876, 0.46473341143649555, 0.4546040037403936, 0.456148905598599, 0.4599685999362365, 0.46197907561841217, 0.4637091250523277, 0.4611081513373748]}