cell_id,nhit_bin,predE_bin,rho_bin_low_deg,rho_bin_high_deg,rho_bin_center_deg,count,annulus_area_sqdeg,density_per_sqdeg,cumulative_count_within_12deg,cumulative_fraction_within_12deg
1,"[30,60)","[2,3)",0,0.1,0.05,911,0.0314159265359,28998.0306313,911,0.000138366344566
1,"[30,60)","[2,3)",0.1,0.2,0.15,2511,0.0942477796077,26642.5374736,3422,0.000519747125253
1,"[30,60)","[2,3)",0.2,0.3,0.25,4176,0.157079632679,26585.2416941,7598,0.00115401480353
1,"[30,60)","[2,3)",0.3,0.4,0.35,5889,0.219911485751,26778.9559962,13487,0.00204845981247
1,"[30,60)","[2,3)",0.4,0.5,0.45,7738,0.282743338823,27367.5766588,21225,0.00322373837916
1,"[30,60)","[2,3)",0.5,0.6,0.55,9357,0.345575191895,27076.5964093,30582,0.0046449171784
1,"[30,60)","[2,3)",0.6,0.7,0.65,11090,0.408407044967,27154.2818291,41672,0.00632931098876
1,"[30,60)","[2,3)",0.7,0.8,0.75,12909,0.471238898038,27393.748805,54581,0.00828998183619
1,"[30,60)","[2,3)",0.8,0.9,0.85,14448,0.53407075111,27052.5955034,69029,0.0104844021944
1,"[30,60)","[2,3)",0.9,1,0.95,16165,0.596902604182,27081.4700535,85194,0.0129396074193
1,"[30,60)","[2,3)",1,1.1,1.05,17778,0.659734457254,26947.2055075,102972,0.0156398015726
1,"[30,60)","[2,3)",1.1,1.2,1.15,19118,0.722566310326,26458.471322,122090,0.0185435203162
1,"[30,60)","[2,3)",1.2,1.3,1.25,20936,0.785398163397,26656.5431086,143026,0.0217233642129
1,"[30,60)","[2,3)",1.3,1.4,1.35,22383,0.848230016469,26387.8895646,165409,0.0251229842902
1,"[30,60)","[2,3)",1.4,1.5,1.45,24224,0.911061869541,26588.754079,189633,0.028802222853
1,"[30,60)","[2,3)",1.5,1.6,1.55,25966,0.973893722613,26662.0467892,215599,0.0327460433832
1,"[30,60)","[2,3)",1.6,1.7,1.65,27607,1.03672557568,26629.0334178,243206,0.0369391055945
1,"[30,60)","[2,3)",1.7,1.8,1.75,29114,1.09955742876,26477.9257896,272320,0.0413610570277
1,"[30,60)","[2,3)",1.8,1.9,1.85,30864,1.16238928183,26552.2062897,303184,0.0460488055005
1,"[30,60)","[2,3)",1.9,2,1.95,32468,1.2252211349,26499.7061144,335652,0.0509801759455
1,"[30,60)","[2,3)",2,2.1,2.05,33821,1.28805298797,26257.4601479,369473,0.056117045473
1,"[30,60)","[2,3)",2.1,2.2,2.15,35397,1.35088484104,26202.8256773,404870,0.0614932842201
1,"[30,60)","[2,3)",2.2,2.3,2.25,36917,1.41371669412,26113.4357072,441787,0.0671003866815
1,"[30,60)","[2,3)",2.3,2.4,2.35,38600,1.47654854719,26142.0459717,480387,0.0729631099529
1,"[30,60)","[2,3)",2.4,2.5,2.45,40171,1.53938040026,26095.564159,520558,0.0790644430238
1,"[30,60)","[2,3)",2.5,2.6,2.55,41677,1.60221225333,26012.1590715,562235,0.0853945134327
1,"[30,60)","[2,3)",2.6,2.7,2.65,43252,1.6650441064,25976.4890514,605487,0.0919638011771
1,"[30,60)","[2,3)",2.7,2.8,2.75,44629,1.72787595947,25828.8216554,650116,0.0987422332207
1,"[30,60)","[2,3)",2.8,2.9,2.85,46203,1.79070781255,25801.529248,696319,0.105759730716
1,"[30,60)","[2,3)",2.9,3,2.95,47473,1.85353966562,25612.0766556,743792,0.112970120919
1,"[30,60)","[2,3)",3,3.1,3.05,49067,1.91637151869,25604.1166973,792859,0.120422614255
1,"[30,60)","[2,3)",3.1,3.2,3.15,50150,1.97920337176,25338.4774478,843009,0.128039597987
1,"[30,60)","[2,3)",3.2,3.3,3.25,51321,2.04203522483,25132.2794905,894330,0.13583443791
1,"[30,60)","[2,3)",3.3,3.4,3.35,52778,2.10486707791,25074.2674224,947108,0.143850572853
1,"[30,60)","[2,3)",3.4,3.5,3.45,54407,2.16769893098,25098.9651849,1001515,0.15211412687
1,"[30,60)","[2,3)",3.5,3.6,3.55,55779,2.23053078405,25007.0523119,1057294,0.160586065765
1,"[30,60)","[2,3)",3.6,3.7,3.65,56866,2.29336263712,24795.9040928,1114160,0.169223102593
1,"[30,60)","[2,3)",3.7,3.8,3.75,58023,2.35619449019,24625.7260347,1172183,0.178035869235
1,"[30,60)","[2,3)",3.8,3.9,3.85,59608,2.41902634326,24641.3190853,1231791,0.187089372052
1,"[30,60)","[2,3)",3.9,4,3.95,60358,2.48185819634,24319.6811523,1292149,0.196256787887
1,"[30,60)","[2,3)",4,4.1,4.05,61721,2.54469004941,24254.820352,1353870,0.205631221644
1,"[30,60)","[2,3)",4.1,4.2,4.15,63285,2.60752190248,24270.1700568,1417155,0.215243202013
1,"[30,60)","[2,3)",4.2,4.3,4.25,63908,2.67035375555,23932.4096544,1481063,0.224949806128
1,"[30,60)","[2,3)",4.3,4.4,4.35,65486,2.73318560862,23959.5875938,1546549,0.23489608323
1,"[30,60)","[2,3)",4.4,4.5,4.45,66110,2.79601746169,23644.344467,1612659,0.244937135962
1,"[30,60)","[2,3)",4.5,4.6,4.55,67369,2.85884931477,23565.075519,1680028,0.255169410679
1,"[30,60)","[2,3)",4.6,4.7,4.65,68094,2.92168116784,23306.4445052,1748122,0.265511801313
1,"[30,60)","[2,3)",4.7,4.8,4.75,69090,2.98451302091,23149.5053015,1817212,0.276005468432
1,"[30,60)","[2,3)",4.8,4.9,4.85,69810,3.04734487398,22908.4671696,1887022,0.286608492048
1,"[30,60)","[2,3)",4.9,5,4.95,71290,3.11017672705,22921.5270566,1958312,0.297436304018
1,"[30,60)","[2,3)",5,5.1,5.05,71693,3.17300858013,22594.6442279,2030005,0.308325325248
1,"[30,60)","[2,3)",5.1,5.2,5.15,72605,3.2358404332,22437.7565887,2102610,0.319352864707
1,"[30,60)","[2,3)",5.2,5.3,5.25,73454,3.29867228627,22267.7470283,2176064,0.330509353702
1,"[30,60)","[2,3)",5.3,5.4,5.35,74497,3.36150413934,22161.8052253,2250561,0.341824257731
1,"[30,60)","[2,3)",5.4,5.5,5.45,75139,3.42433599241,21942.6482,2325700,0.353236671304
1,"[30,60)","[2,3)",5.5,5.6,5.55,75583,3.48716784548,21674.6091238,2401283,0.364716521382
1,"[30,60)","[2,3)",5.6,5.7,5.65,75849,3.54999969856,21365.9173072,2477132,0.37623677261
1,"[30,60)","[2,3)",5.7,5.8,5.75,76663,3.61283155163,21219.6441778,2553795,0.387880657433
1,"[30,60)","[2,3)",5.8,5.9,5.85,77685,3.6756634047,21134.9602634,2631480,0.399679767727
1,"[30,60)","[2,3)",5.9,6,5.95,77855,3.73849525777,20825.2236881,2709335,0.411504698304
1,"[30,60)","[2,3)",6,6.1,6.05,78306,3.80132711084,20599.6478905,2787641,0.423398128576
1,"[30,60)","[2,3)",6.1,6.2,6.15,78403,3.86415896392,20289.7967532,2866044,0.435306291598
1,"[30,60)","[2,3)",6.2,6.3,6.25,78694,3.92699081699,20039.2625467,2944738,0.447258652871
1,"[30,60)","[2,3)",6.3,6.4,6.35,79803,3.98982267006,20001.6408245,3024541,0.459379453524
1,"[30,60)","[2,3)",6.4,6.5,6.45,79586,4.05265452313,19637.9927146,3104127,0.471467295345
1,"[30,60)","[2,3)",6.5,6.6,6.55,79863,4.1154863762,19405.4827789,3183990,0.48359720904
1,"[30,60)","[2,3)",6.6,6.7,6.65,80082,4.17831822927,19166.0844401,3264072,0.495760385336
1,"[30,60)","[2,3)",6.7,6.8,6.75,79676,4.24115008235,18786.4136975,3343748,0.507861896719
1,"[30,60)","[2,3)",6.8,6.9,6.85,80051,4.30398193542,18599.2881014,3423799,0.52002036461
1,"[30,60)","[2,3)",6.9,7,6.95,79627,4.36681378849,18234.57648,3503426,0.532114433675
1,"[30,60)","[2,3)",7,7.1,7.05,79527,4.42964564156,17953.3548358,3582953,0.544193314339
1,"[30,60)","[2,3)",7.1,7.2,7.15,79756,4.49247749463,17753.2330647,3662709,0.556306976443
1,"[30,60)","[2,3)",7.2,7.3,7.25,79574,4.55530934771,17468.4075056,3742283,0.568392995656
1,"[30,60)","[2,3)",7.3,7.4,7.35,80770,4.61814120078,17489.7207531,3823053,0.580660668159
1,"[30,60)","[2,3)",7.4,7.5,7.45,79454,4.68097305385,16973.8212731,3902507,0.592728461289
1,"[30,60)","[2,3)",7.5,7.6,7.55,78421,4.74380490692,16531.2447579,3980928,0.604639358223
1,"[30,60)","[2,3)",7.6,7.7,7.65,78036,4.80663675999,16235.0524694,4058964,0.616491779809
1,"[30,60)","[2,3)",7.7,7.8,7.75,77709,4.86946861306,15958.4148035,4136673,0.628294535319
1,"[30,60)","[2,3)",7.8,7.9,7.85,76904,4.93230046614,15591.9130491,4213577,0.639975024191
1,"[30,60)","[2,3)",7.9,8,7.95,76218,4.99513231921,15258.4546573,4289795,0.651551320624
1,"[30,60)","[2,3)",8,8.1,8.05,75526,5.05796417228,14932.0946981,4365321,0.663022513313
1,"[30,60)","[2,3)",8.1,8.2,8.15,74504,5.12079602535,14549.3004664,4439825,0.674338480531
1,"[30,60)","[2,3)",8.2,8.3,8.25,73954,5.18362787842,14266.8420138,4513779,0.685570911537
1,"[30,60)","[2,3)",8.3,8.4,8.35,72657,5.24645973149,13848.7673057,4586436,0.696606348965
1,"[30,60)","[2,3)",8.4,8.5,8.45,72447,5.30929158457,13645.3232689,4658883,0.707609890748
1,"[30,60)","[2,3)",8.5,8.6,8.55,71723,5.37212343764,13350.9590449,4730606,0.718503468499
1,"[30,60)","[2,3)",8.6,8.7,8.65,70567,5.43495529071,12983.9154557,4801173,0.729221468321
1,"[30,60)","[2,3)",8.7,8.8,8.75,69338,5.49778714378,12611.9833647,4870511,0.739752802678
1,"[30,60)","[2,3)",8.8,8.9,8.85,68507,5.56061899685,12320.0312841,4939018,0.750157921412
1,"[30,60)","[2,3)",8.9,9,8.95,67814,5.62345084993,12059.1433641,5006832,0.760457784519
1,"[30,60)","[2,3)",9,9.1,9.05,66888,5.686282703,11763.0451199,5073720,0.770617003021
1,"[30,60)","[2,3)",9.1,9.2,9.15,65923,5.74911455607,11466.6353152,5139643,0.780629653442
1,"[30,60)","[2,3)",9.2,9.3,9.25,65566,5.81194640914,11281.2464851,5205209,0.790588081266
1,"[30,60)","[2,3)",9.3,9.4,9.35,64322,5.87477826221,10948.8387696,5269531,0.800357565366
1,"[30,60)","[2,3)",9.4,9.5,9.45,63340,5.93761011528,10667.5916354,5332871,0.809977899356
1,"[30,60)","[2,3)",9.5,9.6,9.55,62188,6.00044196836,10363.9032471,5395059,0.819423262952
1,"[30,60)","[2,3)",9.6,9.7,9.65,61320,6.06327382143,10113.3483009,5456379,0.828736791216
1,"[30,60)","[2,3)",9.7,9.8,9.75,59807,6.1261056745,9762.64582718,5516186,0.837820518954
1,"[30,60)","[2,3)",9.8,9.9,9.85,59439,6.18893752757,9604.07173852,5575625,0.846848353372
1,"[30,60)","[2,3)",9.9,10,9.95,58195,6.25176938064,9308.56473692,5633820,0.855687244066
1,"[30,60)","[2,3)",10,10.1,10.05,56875,6.31460123372,9006.90287398,5690695,0.86432564785
1,"[30,60)","[2,3)",10.1,10.2,10.15,56319,6.37743308679,8830.98250246,5747014,0.872879604117
1,"[30,60)","[2,3)",10.2,10.3,10.25,54899,6.44026493986,8524.338752,5801913,0.881217885073
1,"[30,60)","[2,3)",10.3,10.4,10.35,53777,6.50309679293,8269.44480643,5855690,0.889385752155
1,"[30,60)","[2,3)",10.4,10.5,10.45,53050,6.565928646,8079.58825935,5908740,0.897443199552
1,"[30,60)","[2,3)",10.5,10.6,10.55,51426,6.62876049907,7758.01147246,5960166,0.905253987297
1,"[30,60)","[2,3)",10.6,10.7,10.65,51212,6.69159235215,7653.18586443,6011378,0.913032271861
1,"[30,60)","[2,3)",10.7,10.8,10.75,50291,6.75442420522,7445.63836561,6061669,0.920670671241
1,"[30,60)","[2,3)",10.8,10.9,10.85,48418,6.81725605829,7102.27099965,6110087,0.928024591846
1,"[30,60)","[2,3)",10.9,11,10.95,47385,6.88008791136,6887.26664695,6157472,0.935221616256
1,"[30,60)","[2,3)",11,11.1,11.05,46786,6.94291976443,6738.6635,6204258,0.942327662136
1,"[30,60)","[2,3)",11.1,11.2,11.15,45387,7.00575161751,6478.53399293,6249645,0.949221222268
1,"[30,60)","[2,3)",11.2,11.3,11.25,44811,7.06858347058,6339.45969324,6294456,0.956027297204
1,"[30,60)","[2,3)",11.3,11.4,11.35,43836,7.13141532365,6146.88641883,6338292,0.962685285218
1,"[30,60)","[2,3)",11.4,11.5,11.45,42738,7.19424717672,5940.57987586,6381030,0.969176504575
1,"[30,60)","[2,3)",11.5,11.6,11.55,42333,7.25707902979,5833.33870641,6423363,0.975606210902
1,"[30,60)","[2,3)",11.6,11.7,11.65,41298,7.31991088286,5641.8719655,6464661,0.981878717267
1,"[30,60)","[2,3)",11.7,11.8,11.75,40139,7.38274273594,5436.86830703,6504800,0.987975190049
1,"[30,60)","[2,3)",11.8,11.9,11.85,39734,7.44557458901,5336.59283444,6544534,0.994010149802
1,"[30,60)","[2,3)",11.9,12,11.95,39437,7.50840644208,5252.37949014,6583971,1
2,"[60,100)","[2,3)",0,0.1,0.05,1637,0.0314159265359,52107.3283683,1637,0.000190084023641
2,"[60,100)","[2,3)",0.1,0.2,0.15,4875,0.0942477796077,51725.3565049,6512,0.000756155871686
2,"[60,100)","[2,3)",0.2,0.3,0.25,7989,0.157079632679,50859.5536144,14501,0.00168381699867
2,"[60,100)","[2,3)",0.3,0.4,0.35,11113,0.219911485751,50533.9680737,25614,0.00297422857761
2,"[60,100)","[2,3)",0.4,0.5,0.45,14264,0.282743338823,50448.5801836,39878,0.00463052577566
2,"[60,100)","[2,3)",0.5,0.6,0.55,17351,0.345575191895,50209.0439561,57229,0.00664527708549
2,"[60,100)","[2,3)",0.6,0.7,0.65,20435,0.408407044967,50035.8655705,77664,0.0090181341552
2,"[60,100)","[2,3)",0.7,0.8,0.75,23548,0.471238898038,49970.407999,101212,0.0117524643865
2,"[60,100)","[2,3)",0.8,0.9,0.85,26691,0.53407075111,49976.524542,127903,0.0148517512986
2,"[60,100)","[2,3)",0.9,1,0.95,29432,0.596902604182,49307.8766851,157335,0.0182693157358
2,"[60,100)","[2,3)",1,1.1,1.05,33070,0.659734457254,50126.2282671,190405,0.0221093149184
2,"[60,100)","[2,3)",1.1,1.2,1.15,35942,0.722566310326,49742.1475183,226347,0.0262828029927
2,"[60,100)","[2,3)",1.2,1.3,1.25,39063,0.785398163397,49736.556336,265410,0.0308186931671
2,"[60,100)","[2,3)",1.3,1.4,1.35,41890,0.848230016469,49385.1893787,307300,0.0356828469547
2,"[60,100)","[2,3)",1.4,1.5,1.45,45288,0.911061869541,49709.0280189,352588,0.0409415673351
2,"[60,100)","[2,3)",1.5,1.6,1.55,48113,0.973893722613,49402.7211418,400701,0.0465283190941
2,"[60,100)","[2,3)",1.6,1.7,1.65,51053,1.03672557568,49244.4685435,451754,0.0524564557214
2,"[60,100)","[2,3)",1.7,1.8,1.75,54581,1.09955742876,49639.0625651,506335,0.0587942541908
2,"[60,100)","[2,3)",1.8,1.9,1.85,57258,1.16238928183,49258.8850354,563593,0.065442898678
2,"[60,100)","[2,3)",1.9,2,1.95,59917,1.2252211349,48903.0088474,623510,0.0724002990717
2,"[60,100)","[2,3)",2,2.1,2.05,62857,1.28805298797,48800.0110143,686367,0.0796990843338
2,"[60,100)","[2,3)",2.1,2.2,2.15,66110,1.35088484104,48938.2943619,752477,0.0873755991798
2,"[60,100)","[2,3)",2.2,2.3,2.25,68648,1.41371669412,48558.526815,821125,0.0953468197387
2,"[60,100)","[2,3)",2.3,2.4,2.35,71475,1.47654854719,48406.8066276,892600,0.103646303911
2,"[60,100)","[2,3)",2.4,2.5,2.45,74623,1.53938040026,48475.9972177,967223,0.11231132535
2,"[60,100)","[2,3)",2.5,2.6,2.55,77632,1.60221225333,48453.0060475,1044855,0.121325743752
2,"[60,100)","[2,3)",2.6,2.7,2.65,80447,1.6650441064,48315.2366299,1125302,0.130667032359
2,"[60,100)","[2,3)",2.7,2.8,2.75,82888,1.72787595947,47971.0360836,1208190,0.1402917633
2,"[60,100)","[2,3)",2.8,2.9,2.85,85936,1.79070781255,47989.9620686,1294126,0.150270419779
2,"[60,100)","[2,3)",2.9,3,2.95,88197,1.85353966562,47583.0119182,1382323,0.160511617478
2,"[60,100)","[2,3)",3,3.1,3.05,91156,1.91637151869,47566.9770245,1473479,0.171096406274
2,"[60,100)","[2,3)",3.1,3.2,3.15,93274,1.97920337176,47127.041784,1566753,0.181927131516
2,"[60,100)","[2,3)",3.2,3.3,3.25,95735,2.04203522483,46882.1491597,1662488,0.193043621439
2,"[60,100)","[2,3)",3.3,3.4,3.35,98719,2.10486707791,46900.3487376,1761207,0.204506605391
2,"[60,100)","[2,3)",3.4,3.5,3.45,101292,2.16769893098,46727.8912918,1862499,0.216268359161
2,"[60,100)","[2,3)",3.5,3.6,3.55,103603,2.23053078405,46447.6889272,1966102,0.228298460018
2,"[60,100)","[2,3)",3.6,3.7,3.65,106113,2.29336263712,46269.6122639,2072215,0.240620015302
2,"[60,100)","[2,3)",3.7,3.8,3.75,107823,2.35619449019,45761.5024773,2180038,0.253140131173
2,"[60,100)","[2,3)",3.8,3.9,3.85,110958,2.41902634326,45868.8679885,2290996,0.266024274786
2,"[60,100)","[2,3)",3.9,4,3.95,113902,2.48185819634,45893.8388052,2404898,0.279250267737
2,"[60,100)","[2,3)",4,4.1,4.05,115046,2.54469004941,45210.2211925,2519944,0.292609098882
2,"[60,100)","[2,3)",4.1,4.2,4.15,116787,2.60752190248,44788.5020214,2636731,0.30617009025
2,"[60,100)","[2,3)",4.2,4.3,4.25,119316,2.67035375555,44681.7204469,2756047,0.320024742275
2,"[60,100)","[2,3)",4.3,4.4,4.35,120494,2.73318560862,44085.553363,2876541,0.334016180482
2,"[60,100)","[2,3)",4.4,4.5,4.45,122753,2.79601746169,43902.801639,2999294,0.348269927674
2,"[60,100)","[2,3)",4.5,4.6,4.55,124300,2.85884931477,43479.0317062,3123594,0.362703308333
2,"[60,100)","[2,3)",4.6,4.7,4.65,126014,2.92168116784,43130.6473092,3249608,0.377335714048
2,"[60,100)","[2,3)",4.7,4.8,4.75,126684,2.98451302091,42447.1259172,3376292,0.392045918355
2,"[60,100)","[2,3)",4.8,4.9,4.85,128972,3.04734487398,42322.7449906,3505264,0.407021799049
2,"[60,100)","[2,3)",4.9,5,4.95,129338,3.11017672705,41585.4182417,3634602,0.422040178677
2,"[60,100)","[2,3)",5,5.1,5.05,131472,3.17300858013,41434.492432,3766074,0.437306352627
2,"[60,100)","[2,3)",5.1,5.2,5.15,132020,3.2358404332,40799.2924019,3898094,0.452636158858
2,"[60,100)","[2,3)",5.2,5.3,5.25,131933,3.29867228627,39995.7887751,4030027,0.467955862885
2,"[60,100)","[2,3)",5.3,5.4,5.35,133142,3.36150413934,39607.864361,4163169,0.483415952729
2,"[60,100)","[2,3)",5.4,5.5,5.45,134068,3.42433599241,39151.5319458,4297237,0.498983567196
2,"[60,100)","[2,3)",5.5,5.6,5.55,133770,3.48716784548,38360.6427701,4431007,0.514516578706
2,"[60,100)","[2,3)",5.6,5.7,5.65,133189,3.54999969856,37518.0313548,4564196,0.529982126064
2,"[60,100)","[2,3)",5.7,5.8,5.75,133856,3.61283155163,37050.163587,4698052,0.545525123662
2,"[60,100)","[2,3)",5.8,5.9,5.85,133399,3.6756634047,36292.4961599,4831451,0.561015055653
2,"[60,100)","[2,3)",5.9,6,5.95,132454,3.73849525777,35429.7627434,4963905,0.576395256794
2,"[60,100)","[2,3)",6,6.1,6.05,132275,3.80132711084,34797.0580124,5096180,0.591754672938
2,"[60,100)","[2,3)",6.1,6.2,6.15,131086,3.86415896392,33923.5526344,5227266,0.606976025609
2,"[60,100)","[2,3)",6.2,6.3,6.25,128918,3.92699081699,32828.6991256,5356184,0.621945635969
2,"[60,100)","[2,3)",6.3,6.4,6.35,127492,3.98982267006,31954.3023696,5483676,0.636749663057
2,"[60,100)","[2,3)",6.4,6.5,6.45,125331,4.05265452313,30925.6560816,5609007,0.651302760654
2,"[60,100)","[2,3)",6.5,6.6,6.55,122857,4.1154863762,29852.3646465,5731864,0.665568584046
2,"[60,100)","[2,3)",6.6,6.7,6.65,120564,4.17831822927,28854.6715172,5852428,0.679568150464
2,"[60,100)","[2,3)",6.7,6.8,6.75,117739,4.24115008235,27761.1019921,5970167,0.693239685503
2,"[60,100)","[2,3)",6.8,6.9,6.85,113658,4.30398193542,26407.6387182,6083825,0.706437345833
2,"[60,100)","[2,3)",6.9,7,6.95,110709,4.36681378849,25352.3519349,6194534,0.719292576238
2,"[60,100)","[2,3)",7,7.1,7.05,106655,4.42964564156,24077.5467453,6301189,0.7316770671
2,"[60,100)","[2,3)",7.1,7.2,7.15,103280,4.49247749463,22989.5419896,6404469,0.743669662067
2,"[60,100)","[2,3)",7.2,7.3,7.25,99191,4.55530934771,21774.8109796,6503660,0.755187453386
2,"[60,100)","[2,3)",7.3,7.4,7.35,95320,4.61814120078,20640.3390143,6598980,0.766255754628
2,"[60,100)","[2,3)",7.4,7.5,7.45,91313,4.68097305385,19507.268884,6690293,0.776858773841
2,"[60,100)","[2,3)",7.5,7.6,7.55,88291,4.74380490692,18611.8530868,6778584,0.787110886566
2,"[60,100)","[2,3)",7.6,7.7,7.65,83950,4.80663675999,17465.4346047,6862534,0.796858934083
2,"[60,100)","[2,3)",7.7,7.8,7.75,81348,4.86946861306,16705.7242718,6943882,0.806304844379
2,"[60,100)","[2,3)",7.8,7.9,7.85,77908,4.93230046614,15795.4691801,7021790,0.815351311156
2,"[60,100)","[2,3)",7.9,8,7.95,74726,4.99513231921,14959.7638711,7096516,0.824028292677
2,"[60,100)","[2,3)",8,8.1,8.05,71187,5.05796417228,14074.2396694,7167703,0.832294335066
2,"[60,100)","[2,3)",8.1,8.2,8.15,68975,5.12079602535,13469.5855212,7236678,0.840303525983
2,"[60,100)","[2,3)",8.2,8.3,8.25,65930,5.18362787842,12718.8913916,7302608,0.847959139715
2,"[60,100)","[2,3)",8.3,8.4,8.35,63283,5.24645973149,12062.0386391,7365891,0.855307390948
2,"[60,100)","[2,3)",8.4,8.5,8.45,61138,5.30929158457,11515.2839181,7427029,0.862406570567
2,"[60,100)","[2,3)",8.5,8.6,8.55,58435,5.37212343764,10877.4492393,7485464,0.869191885119
2,"[60,100)","[2,3)",8.6,8.7,8.65,56181,5.43495529071,10336.9755582,7541645,0.875715471272
2,"[60,100)","[2,3)",8.7,8.8,8.75,53787,5.49778714378,9783.39077038,7595432,0.881961072603
2,"[60,100)","[2,3)",8.8,8.9,8.85,51838,5.56061899685,9322.34343503,7647270,0.887980361313
2,"[60,100)","[2,3)",8.9,9,8.95,49971,5.62345084993,8886.18062709,7697241,0.893782859019
2,"[60,100)","[2,3)",9,9.1,9.05,48061,5.686282703,8452.09471817,7745302,0.899363572679
2,"[60,100)","[2,3)",9.1,9.2,9.15,46046,5.74911455607,8009.23334384,7791348,0.904710309974
2,"[60,100)","[2,3)",9.2,9.3,9.25,44103,5.81194640914,7588.33562722,7835451,0.909831431351
2,"[60,100)","[2,3)",9.3,9.4,9.35,42747,5.87477826221,7276.35973513,7878198,0.914795097667
2,"[60,100)","[2,3)",9.4,9.5,9.45,41211,5.93761011528,6940.67128017,7919409,0.919580407806
2,"[60,100)","[2,3)",9.5,9.6,9.55,39725,6.00044196836,6620.34566945,7959134,0.924193167635
2,"[60,100)","[2,3)",9.6,9.7,9.65,38212,6.06327382143,6302.20589163,7997346,0.928630241985
2,"[60,100)","[2,3)",9.7,9.8,9.75,37063,6.1261056745,6050.0099034,8034409,0.932933897555
2,"[60,100)","[2,3)",9.8,9.9,9.85,35307,6.18893752757,5704.85642208,8069716,0.937033651143
2,"[60,100)","[2,3)",9.9,10,9.95,34437,6.25176938064,5508.36057815,8104153,0.941032382677
2,"[60,100)","[2,3)",10,10.1,10.05,33560,6.31460123372,5314.66655738,8137713,0.944929279338
2,"[60,100)","[2,3)",10.1,10.2,10.15,32072,6.37743308679,5028.9825959,8169785,0.948653393453
2,"[60,100)","[2,3)",10.2,10.3,10.25,31198,6.44026493986,4844.21064837,8200983,0.952276021046
2,"[60,100)","[2,3)",10.3,10.4,10.35,30185,6.50309679293,4641.63474128,8231168,0.955781021811
2,"[60,100)","[2,3)",10.4,10.5,10.45,29320,6.565928646,4465.47648943,8260488,0.959185581111
2,"[60,100)","[2,3)",10.5,10.6,10.55,28415,6.62876049907,4286.62341986,8288903,0.962485054252
2,"[60,100)","[2,3)",10.6,10.7,10.65,27554,6.69159235215,4117.70450888,8316457,0.965684550396
2,"[60,100)","[2,3)",10.7,10.8,10.75,26791,6.75442420522,3966.43728407,8343248,0.968795449038
2,"[60,100)","[2,3)",10.8,10.9,10.85,25999,6.81725605829,3813.70448428,8369247,0.971814382777
2,"[60,100)","[2,3)",10.9,11,10.95,25195,6.88008791136,3662.01716091,8394442,0.974739958205
2,"[60,100)","[2,3)",11,11.1,11.05,24332,6.94291976443,3504.57744372,8418774,0.977565324401
2,"[60,100)","[2,3)",11.1,11.2,11.15,23868,7.00575161751,3406.91496118,8442642,0.980336812169
2,"[60,100)","[2,3)",11.2,11.3,11.25,22983,7.06858347058,3251.42938407,8465625,0.983005536125
2,"[60,100)","[2,3)",11.3,11.4,11.35,22555,7.13141532365,3162.76629202,8488180,0.985624561875
2,"[60,100)","[2,3)",11.4,11.5,11.45,22001,7.19424717672,3058.13790652,8510181,0.98817925864
2,"[60,100)","[2,3)",11.5,11.6,11.55,21330,7.25707902979,2939.19907892,8531511,0.990656040695
2,"[60,100)","[2,3)",11.6,11.7,11.65,20940,7.31991088286,2860.6905651,8552451,0.993087537002
2,"[60,100)","[2,3)",11.7,11.8,11.75,20458,7.38274273594,2771.056873,8572909,0.99546306477
2,"[60,100)","[2,3)",11.8,11.9,11.85,19703,7.44557458901,2646.26991033,8592612,0.997750923974
2,"[60,100)","[2,3)",11.9,12,11.95,19369,7.50840644208,2579.64191862,8611981,1
3,"[60,100)","[3,3.25)",0,0.1,0.05,72,0.0314159265359,2291.83118052,72,0.000186422246388
3,"[60,100)","[3,3.25)",0.1,0.2,0.15,202,0.0942477796077,2143.28656697,274,0.000709440215421
3,"[60,100)","[3,3.25)",0.2,0.3,0.25,342,0.157079632679,2177.2396215,616,0.00159494588576
3,"[60,100)","[3,3.25)",0.3,0.4,0.35,431,0.219911485751,1959.87944207,1047,0.00271089016623
3,"[60,100)","[3,3.25)",0.4,0.5,0.45,563,0.282743338823,1991.20517691,1610,0.00416860856507
3,"[60,100)","[3,3.25)",0.5,0.6,0.55,721,0.345575191895,2086.37661762,2331,0.00603542022681
3,"[60,100)","[3,3.25)",0.6,0.7,0.65,844,0.408407044967,2066.56572261,3175,0.00822070322614
3,"[60,100)","[3,3.25)",0.7,0.8,0.75,928,0.471238898038,1969.27716252,4103,0.0106234788463
3,"[60,100)","[3,3.25)",0.8,0.9,0.85,1091,0.53407075111,2042.80050486,5194,0.0134482937186
3,"[60,100)","[3,3.25)",0.9,1,0.95,1171,0.596902604182,1961.79408801,6365,0.0164802444203
3,"[60,100)","[3,3.25)",1,1.1,1.05,1382,0.659734457254,2094.78220336,7747,0.0200585158718
3,"[60,100)","[3,3.25)",1.1,1.2,1.15,1387,0.722566310326,1919.54700929,9134,0.0236497333126
3,"[60,100)","[3,3.25)",1.2,1.3,1.25,1551,0.785398163397,1974.79453388,10685,0.0276655792036
3,"[60,100)","[3,3.25)",1.3,1.4,1.35,1646,0.848230016469,1940.51138022,12331,0.0319273988918
3,"[60,100)","[3,3.25)",1.4,1.5,1.45,1770,0.911061869541,1942.78792602,14101,0.0365102791155
3,"[60,100)","[3,3.25)",1.5,1.6,1.55,1885,0.973893722613,1935.52946921,15986,0.0413909170939
3,"[60,100)","[3,3.25)",1.6,1.7,1.65,2041,1.03672557568,1968.69841728,18027,0.0466754699394
3,"[60,100)","[3,3.25)",1.7,1.8,1.75,2078,1.09955742876,1889.85126711,20105,0.052055823106
3,"[60,100)","[3,3.25)",1.8,1.9,1.85,2261,1.16238928183,1945.13149368,22366,0.0579099994822
3,"[60,100)","[3,3.25)",1.9,2,1.95,2442,1.2252211349,1993.10959503,24808,0.0642328206722
3,"[60,100)","[3,3.25)",2,2.1,2.05,2547,1.28805298797,1977.40312222,27355,0.0708275076381
3,"[60,100)","[3,3.25)",2.1,2.2,2.15,2627,1.35088484104,1944.65132792,29982,0.0776293304334
3,"[60,100)","[3,3.25)",2.2,2.3,2.25,2680,1.41371669412,1895.71221105,32662,0.0845683807157
3,"[60,100)","[3,3.25)",2.3,2.4,2.35,2754,1.47654854719,1865.16048202,35416,0.09169903164
3,"[60,100)","[3,3.25)",2.4,2.5,2.45,3009,1.53938040026,1954.68254597,38425,0.0994899280203
3,"[60,100)","[3,3.25)",2.5,2.6,2.55,3123,1.60221225333,1949.1799501,41548,0.107575992957
3,"[60,100)","[3,3.25)",2.6,2.7,2.65,3163,1.6650441064,1899.64937736,44711,0.115765625809
3,"[60,100)","[3,3.25)",2.7,2.8,2.75,3170,1.72787595947,1834.62243491,47881,0.123973383046
3,"[60,100)","[3,3.25)",2.8,2.9,2.85,3366,1.79070781255,1879.70364367,51247,0.132688623065
3,"[60,100)","[3,3.25)",2.9,3,2.95,3460,1.85353966562,1866.69865457,54707,0.141647247683
3,"[60,100)","[3,3.25)",3,3.1,3.05,3568,1.91637151869,1861.85192443,58275,0.15088550567
3,"[60,100)","[3,3.25)",3.1,3.2,3.15,3666,1.97920337176,1852.26038532,61941,0.160377505049
3,"[60,100)","[3,3.25)",3.2,3.3,3.25,3817,2.04203522483,1869.21359317,65758,0.170260473305
3,"[60,100)","[3,3.25)",3.3,3.4,3.35,3978,2.10486707791,1889.90556304,69736,0.180560302418
3,"[60,100)","[3,3.25)",3.4,3.5,3.45,3989,2.16769893098,1840.20019708,73725,0.190888612708
3,"[60,100)","[3,3.25)",3.5,3.6,3.55,4069,2.23053078405,1824.22947448,77794,0.201424058827
3,"[60,100)","[3,3.25)",3.6,3.7,3.65,4135,2.29336263712,1803.02928681,81929,0.212130392005
3,"[60,100)","[3,3.25)",3.7,3.8,3.75,4165,2.35619449019,1767.68090127,86094,0.222914401119
3,"[60,100)","[3,3.25)",3.8,3.9,3.85,4244,2.41902634326,1754.42487917,90338,0.233902956864
3,"[60,100)","[3,3.25)",3.9,4,3.95,4339,2.48185819634,1748.28683057,94677,0.245137486407
3,"[60,100)","[3,3.25)",4,4.1,4.05,4459,2.54469004941,1752.27627468,99136,0.256682719693
3,"[60,100)","[3,3.25)",4.1,4.2,4.15,4529,2.60752190248,1736.89816208,103665,0.268409196831
3,"[60,100)","[3,3.25)",4.2,4.3,4.25,4625,2.67035375555,1731.98026306,108290,0.280384236963
3,"[60,100)","[3,3.25)",4.3,4.4,4.35,4685,2.73318560862,1714.11703077,112975,0.292514628968
3,"[60,100)","[3,3.25)",4.4,4.5,4.45,4668,2.79601746169,1669.51747046,117643,0.304601004609
3,"[60,100)","[3,3.25)",4.5,4.6,4.55,4651,2.85884931477,1626.87833037,122294,0.316643363886
3,"[60,100)","[3,3.25)",4.6,4.7,4.65,4654,2.92168116784,1592.9185057,126948,0.328693490757
3,"[60,100)","[3,3.25)",4.7,4.8,4.75,4859,2.98451302091,1628.07130207,131807,0.34127440319
3,"[60,100)","[3,3.25)",4.8,4.9,4.85,4847,3.04734487398,1590.56496735,136654,0.353824245249
3,"[60,100)","[3,3.25)",4.9,5,4.95,4893,3.11017672705,1573.22249808,141547,0.36649319041
3,"[60,100)","[3,3.25)",5,5.1,5.05,4918,3.17300858013,1549.9485349,146465,0.379226865517
3,"[60,100)","[3,3.25)",5.1,5.2,5.15,4987,3.2358404332,1541.17611883,151452,0.392139195277
3,"[60,100)","[3,3.25)",5.2,5.3,5.25,4985,3.29867228627,1511.21407869,156437,0.405046346642
3,"[60,100)","[3,3.25)",5.3,5.4,5.35,5026,3.36150413934,1495.16400744,161463,0.418059655119
3,"[60,100)","[3,3.25)",5.4,5.5,5.45,5084,3.42433599241,1484.66739574,166547,0.431223137072
3,"[60,100)","[3,3.25)",5.5,5.6,5.55,4994,3.48716784548,1432.10772216,171541,0.444153591217
3,"[60,100)","[3,3.25)",5.6,5.7,5.65,5021,3.54999969856,1414.36631728,176562,0.457153953705
3,"[60,100)","[3,3.25)",5.7,5.8,5.75,5022,3.61283155163,1390.0454334,181584,0.470156905391
3,"[60,100)","[3,3.25)",5.8,5.9,5.85,5068,3.6756634047,1378.79872067,186652,0.483278960178
3,"[60,100)","[3,3.25)",5.9,6,5.95,5033,3.73849525777,1346.26357745,191685,0.49631039304
3,"[60,100)","[3,3.25)",6,6.1,6.05,5083,3.80132711084,1337.16458799,196768,0.509471285796
3,"[60,100)","[3,3.25)",6.1,6.2,6.15,4970,3.86415896392,1286.178971,201738,0.522339599192
3,"[60,100)","[3,3.25)",6.2,6.3,6.25,5012,3.92699081699,1276.29531964,206750,0.535316658899
3,"[60,100)","[3,3.25)",6.3,6.4,6.35,5012,3.98982267006,1256.19618075,211762,0.548293718606
3,"[60,100)","[3,3.25)",6.4,6.5,6.45,4992,4.05265452313,1231.78523398,216754,0.561218994356
3,"[60,100)","[3,3.25)",6.5,6.6,6.55,4822,4.1154863762,1171.67196273,221576,0.573704106468
3,"[60,100)","[3,3.25)",6.6,6.7,6.65,4882,4.17831822927,1168.41267996,226458,0.586344570452
3,"[60,100)","[3,3.25)",6.7,6.8,6.75,4870,4.24115008235,1148.27344127,231328,0.598953964062
3,"[60,100)","[3,3.25)",6.8,6.9,6.85,4707,4.30398193542,1093.63841917,236035,0.61114131842
3,"[60,100)","[3,3.25)",6.9,7,6.95,4720,4.36681378849,1080.87961352,240755,0.623362332349
3,"[60,100)","[3,3.25)",7,7.1,7.05,4701,4.42964564156,1061.25870564,245456,0.63553415152
3,"[60,100)","[3,3.25)",7.1,7.2,7.15,4717,4.49247749463,1049.97743575,250173,0.647747397856
3,"[60,100)","[3,3.25)",7.2,7.3,7.25,4469,4.55530934771,981.053021624,254642,0.659318523122
3,"[60,100)","[3,3.25)",7.3,7.4,7.35,4490,4.61814120078,972.252645555,259132,0.670944021542
3,"[60,100)","[3,3.25)",7.4,7.5,7.45,4404,4.68097305385,940.830026009,263536,0.682346848946
3,"[60,100)","[3,3.25)",7.5,7.6,7.55,4411,4.74380490692,929.844309905,267947,0.693767800735
3,"[60,100)","[3,3.25)",7.6,7.7,7.65,4328,4.80663675999,900.421691113,272275,0.704973849102
3,"[60,100)","[3,3.25)",7.7,7.8,7.75,4170,4.86946861306,856.356274443,276445,0.715770804205
3,"[60,100)","[3,3.25)",7.8,7.9,7.85,4137,4.93230046614,838.756687352,280582,0.726482315779
3,"[60,100)","[3,3.25)",7.9,8,7.95,4058,4.99513231921,812.390891908,284640,0.736989280721
3,"[60,100)","[3,3.25)",8,8.1,8.05,3938,5.05796417228,778.574119125,288578,0.747185541919
3,"[60,100)","[3,3.25)",8.1,8.2,8.15,3869,5.12079602535,755.546594874,292447,0.757203148465
3,"[60,100)","[3,3.25)",8.2,8.3,8.25,3756,5.18362787842,724.589050004,296203,0.766928175651
3,"[60,100)","[3,3.25)",8.3,8.4,8.35,3756,5.24645973149,715.91133683,299959,0.776653202838
3,"[60,100)","[3,3.25)",8.4,8.5,8.45,3523,5.30929158457,663.553685814,303482,0.785774946921
3,"[60,100)","[3,3.25)",8.5,8.6,8.55,3540,5.37212343764,658.95730824,307022,0.794940707369
3,"[60,100)","[3,3.25)",8.6,8.7,8.65,3408,5.43495529071,627.052076367,310430,0.803764693698
3,"[60,100)","[3,3.25)",8.7,8.8,8.75,3373,5.49778714378,613.519569199,313803,0.812498058102
3,"[60,100)","[3,3.25)",8.8,8.9,8.85,3372,5.56061899685,606.407308594,317175,0.821228833307
3,"[60,100)","[3,3.25)",8.9,9,8.95,3106,5.62345084993,552.329891892,320281,0.829270881881
3,"[60,100)","[3,3.25)",9,9.1,9.05,3105,5.686282703,546.050937348,323386,0.837310341256
3,"[60,100)","[3,3.25)",9.1,9.2,9.15,3033,5.74911455607,527.559499888,326419,0.845163378385
3,"[60,100)","[3,3.25)",9.2,9.3,9.25,3011,5.81194640914,518.070847189,329430,0.852959453161
3,"[60,100)","[3,3.25)",9.3,9.4,9.35,2887,5.87477826221,491.422802894,332317,0.860434467402
3,"[60,100)","[3,3.25)",9.4,9.5,9.45,2790,5.93761011528,469.886022462,335107,0.86765832945
3,"[60,100)","[3,3.25)",9.5,9.6,9.55,2714,6.00044196836,452.300016284,337821,0.874685412459
3,"[60,100)","[3,3.25)",9.6,9.7,9.65,2669,6.06327382143,440.191236386,340490,0.881595981565
3,"[60,100)","[3,3.25)",9.7,9.8,9.75,2644,6.1261056745,431.595558497,343134,0.888441820724
3,"[60,100)","[3,3.25)",9.8,9.9,9.85,2485,6.18893752757,401.522876734,345619,0.894875977422
3,"[60,100)","[3,3.25)",9.9,10,9.95,2377,6.25176938064,380.212361537,347996,0.901030500751
3,"[60,100)","[3,3.25)",10,10.1,10.05,2486,6.31460123372,393.690734852,350482,0.907467246647
3,"[60,100)","[3,3.25)",10.1,10.2,10.15,2287,6.37743308679,358.60823138,352769,0.913388742168
3,"[60,100)","[3,3.25)",10.2,10.3,10.25,2371,6.44026493986,368.152556167,355140,0.919527730309
3,"[60,100)","[3,3.25)",10.3,10.4,10.35,2192,6.50309679293,337.070178993,357332,0.925203252033
3,"[60,100)","[3,3.25)",10.4,10.5,10.45,2118,6.565928646,322.57432485,359450,0.930687173114
3,"[60,100)","[3,3.25)",10.5,10.6,10.55,2110,6.62876049907,318.309886184,361560,0.936150380612
3,"[60,100)","[3,3.25)",10.6,10.7,10.65,2071,6.69159235215,309.492851778,363631,0.941512609394
3,"[60,100)","[3,3.25)",10.7,10.8,10.75,1966,6.75442420522,291.068481971,365597,0.946602972399
3,"[60,100)","[3,3.25)",10.8,10.9,10.85,1967,6.81725605829,288.532509734,367564,0.951695924603
3,"[60,100)","[3,3.25)",10.9,11,10.95,1919,6.88008791136,278.920854606,369483,0.956664595308
3,"[60,100)","[3,3.25)",11,11.1,11.05,1904,6.94291976443,274.236209635,371387,0.961594428046
3,"[60,100)","[3,3.25)",11.1,11.2,11.15,1868,7.00575161751,266.638057126,373255,0.966431049661
3,"[60,100)","[3,3.25)",11.2,11.3,11.25,1715,7.06858347058,242.622868802,374970,0.970871524002
3,"[60,100)","[3,3.25)",11.3,11.4,11.35,1769,7.13141532365,248.057351832,376739,0.975451815028
3,"[60,100)","[3,3.25)",11.4,11.5,11.45,1679,7.19424717672,233.380916551,378418,0.979799078246
3,"[60,100)","[3,3.25)",11.5,11.6,11.55,1617,7.25707902979,222.816920329,380035,0.983985811196
3,"[60,100)","[3,3.25)",11.6,11.7,11.65,1622,7.31991088286,221.587397163,381657,0.988185490135
3,"[60,100)","[3,3.25)",11.7,11.8,11.75,1530,7.38274273594,207.240053558,383187,0.992146962871
3,"[60,100)","[3,3.25)",11.8,11.9,11.85,1579,7.44557458901,212.07228282,384766,0.996235306302
3,"[60,100)","[3,3.25)",11.9,12,11.95,1454,7.50840644208,193.649612766,386220,1
4,"[60,100)","[3.25,3.5)",0,0.1,0.05,30,0.0314159265359,954.929658551,30,0.000155299598809
4,"[60,100)","[3.25,3.5)",0.1,0.2,0.15,91,0.0942477796077,965.539988091,121,0.000626375048531
4,"[60,100)","[3.25,3.5)",0.2,0.3,0.25,139,0.157079632679,884.901483591,260,0.00134592985635
4,"[60,100)","[3.25,3.5)",0.3,0.4,0.35,189,0.219911485751,859.436692696,449,0.00232431732885
4,"[60,100)","[3.25,3.5)",0.4,0.5,0.45,275,0.282743338823,972.613541117,724,0.0037478969846
4,"[60,100)","[3.25,3.5)",0.5,0.6,0.55,274,0.345575191895,792.880989221,998,0.00516629998706
4,"[60,100)","[3.25,3.5)",0.6,0.7,0.65,392,0.408407044967,959.826733723,1390,0.00719554807817
4,"[60,100)","[3.25,3.5)",0.7,0.8,0.75,466,0.471238898038,988.882713078,1856,0.00960786851301
4,"[60,100)","[3.25,3.5)",0.8,0.9,0.85,511,0.53407075111,956.802069647,2367,0.0122531383461
4,"[60,100)","[3.25,3.5)",0.9,1,0.95,582,0.596902604182,975.033440837,2949,0.015265950563
4,"[60,100)","[3.25,3.5)",1,1.1,1.05,591,0.659734457254,895.814965403,3540,0.0183253526595
4,"[60,100)","[3.25,3.5)",1.1,1.2,1.15,692,0.722566310326,957.697570605,4232,0.0219075967387
4,"[60,100)","[3.25,3.5)",1.2,1.3,1.25,713,0.785398163397,907.819795396,4945,0.0255985505371
4,"[60,100)","[3.25,3.5)",1.3,1.4,1.35,798,0.848230016469,940.782552499,5743,0.0297295198654
4,"[60,100)","[3.25,3.5)",1.4,1.5,1.45,894,0.911061869541,981.272545684,6637,0.0343574479099
4,"[60,100)","[3.25,3.5)",1.5,1.6,1.55,905,0.973893722613,929.25950644,7542,0.0390423191407
4,"[60,100)","[3.25,3.5)",1.6,1.7,1.65,932,1.03672557568,898.984284616,8474,0.0438669600104
4,"[60,100)","[3.25,3.5)",1.7,1.8,1.75,1043,1.09955742876,948.563460828,9517,0.0492662093956
4,"[60,100)","[3.25,3.5)",1.8,1.9,1.85,1091,1.16238928183,938.584015747,10608,0.054913938139
4,"[60,100)","[3.25,3.5)",1.9,2,1.95,1099,1.2252211349,896.980935682,11707,0.0606030801087
4,"[60,100)","[3.25,3.5)",2,2.1,2.05,1160,1.28805298797,900.584068227,12867,0.0666079979293
4,"[60,100)","[3.25,3.5)",2.1,2.2,2.15,1195,1.35088484104,884.605381371,14062,0.0727940986152
4,"[60,100)","[3.25,3.5)",2.2,2.3,2.25,1278,1.41371669412,904.000076762,15340,0.0794098615245
4,"[60,100)","[3.25,3.5)",2.3,2.4,2.35,1351,1.47654854719,914.971609009,16691,0.0864035201242
4,"[60,100)","[3.25,3.5)",2.4,2.5,2.45,1465,1.53938040026,951.681598488,18156,0.0939873171994
4,"[60,100)","[3.25,3.5)",2.5,2.6,2.55,1477,1.60221225333,921.85039587,19633,0.101633234114
4,"[60,100)","[3.25,3.5)",2.6,2.7,2.65,1489,1.6650441064,894.270604769,21122,0.109341270868
4,"[60,100)","[3.25,3.5)",2.7,2.8,2.75,1482,1.72787595947,857.700456953,22604,0.11701307105
4,"[60,100)","[3.25,3.5)",2.8,2.9,2.85,1632,1.79070781255,911.3714636,24236,0.125461369225
4,"[60,100)","[3.25,3.5)",2.9,3,2.95,1612,1.85353966562,869.687350048,25848,0.133806134334
4,"[60,100)","[3.25,3.5)",3,3.1,3.05,1698,1.91637151869,886.049486459,27546,0.142596091627
4,"[60,100)","[3.25,3.5)",3.1,3.2,3.15,1679,1.97920337176,848.321109369,29225,0.151287692507
4,"[60,100)","[3.25,3.5)",3.2,3.3,3.25,1795,2.04203522483,879.024993384,31020,0.160579785169
4,"[60,100)","[3.25,3.5)",3.3,3.4,3.35,1842,2.10486707791,875.114642314,32862,0.170115180536
4,"[60,100)","[3.25,3.5)",3.4,3.5,3.45,1885,2.16769893098,869.58570356,34747,0.179873171994
4,"[60,100)","[3.25,3.5)",3.5,3.6,3.55,1933,2.23053078405,866.60987323,36680,0.189879642811
4,"[60,100)","[3.25,3.5)",3.6,3.7,3.65,1992,2.29336263712,868.593552436,38672,0.200191536172
4,"[60,100)","[3.25,3.5)",3.7,3.8,3.75,2001,2.35619449019,849.250776338,40673,0.210550019412
4,"[60,100)","[3.25,3.5)",3.8,3.9,3.85,2025,2.41902634326,837.113661717,42698,0.221032742332
4,"[60,100)","[3.25,3.5)",3.9,4,3.95,2027,2.48185819634,816.726758601,44725,0.231525818558
4,"[60,100)","[3.25,3.5)",4,4.1,4.05,2081,2.54469004941,817.781324875,46806,0.242298434062
4,"[60,100)","[3.25,3.5)",4.1,4.2,4.15,2078,2.60752190248,796.92523312,48884,0.253055519607
4,"[60,100)","[3.25,3.5)",4.2,4.3,4.25,2138,2.67035375555,800.642984307,51022,0.264123204348
4,"[60,100)","[3.25,3.5)",4.3,4.4,4.35,2113,2.73318560862,773.090562651,53135,0.275061472758
4,"[60,100)","[3.25,3.5)",4.4,4.5,4.45,2146,2.79601746169,767.520242416,55281,0.286170570726
4,"[60,100)","[3.25,3.5)",4.5,4.6,4.55,2167,2.85884931477,757.997278418,57448,0.297388378413
4,"[60,100)","[3.25,3.5)",4.6,4.7,4.65,2260,2.92168116784,773.527250296,59708,0.309087614857
4,"[60,100)","[3.25,3.5)",4.7,4.8,4.75,2277,2.98451302091,762.938537727,61985,0.320874854407
4,"[60,100)","[3.25,3.5)",4.8,4.9,4.85,2297,3.04734487398,753.770936664,64282,0.332765627022
4,"[60,100)","[3.25,3.5)",4.9,5,4.95,2242,3.11017672705,720.859358408,66524,0.344371683706
4,"[60,100)","[3.25,3.5)",5,5.1,5.05,2278,3.17300858013,717.930614581,68802,0.356164099909
4,"[60,100)","[3.25,3.5)",5.1,5.2,5.15,2379,3.2358404332,735.203125467,71181,0.368479358095
4,"[60,100)","[3.25,3.5)",5.2,5.3,5.25,2329,3.29867228627,706.041642783,73510,0.380535783616
4,"[60,100)","[3.25,3.5)",5.3,5.4,5.35,2356,3.36150413934,700.876721354,75866,0.392731978776
4,"[60,100)","[3.25,3.5)",5.4,5.5,5.45,2263,3.42433599241,660.858048105,78129,0.404446745179
4,"[60,100)","[3.25,3.5)",5.5,5.6,5.55,2419,3.48716784548,693.68613935,80548,0.416969069497
4,"[60,100)","[3.25,3.5)",5.6,5.7,5.65,2348,3.54999969856,661.408506867,82896,0.42912385143
4,"[60,100)","[3.25,3.5)",5.7,5.8,5.75,2364,3.61283155163,654.334409512,85260,0.441361459816
4,"[60,100)","[3.25,3.5)",5.8,5.9,5.85,2369,3.6756634047,644.509504589,87629,0.453624951469
4,"[60,100)","[3.25,3.5)",5.9,6,5.95,2355,3.73849525777,629.932589885,89984,0.465815969975
4,"[60,100)","[3.25,3.5)",6,6.1,6.05,2301,3.80132711084,605.314915792,92285,0.477727449204
4,"[60,100)","[3.25,3.5)",6.1,6.2,6.15,2364,3.86415896392,611.776073934,94649,0.48996505759
4,"[60,100)","[3.25,3.5)",6.2,6.3,6.25,2303,3.92699081699,586.454134305,96952,0.501886890126
4,"[60,100)","[3.25,3.5)",6.3,6.4,6.35,2379,3.98982267006,596.267101757,99331,0.514202148311
4,"[60,100)","[3.25,3.5)",6.4,6.5,6.45,2297,4.05265452313,566.788998887,101628,0.526092920927
4,"[60,100)","[3.25,3.5)",6.5,6.6,6.55,2321,4.1154863762,563.967363231,103949,0.538107933221
4,"[60,100)","[3.25,3.5)",6.6,6.7,6.65,2305,4.17831822927,551.657359138,106254,0.550040119063
4,"[60,100)","[3.25,3.5)",6.7,6.8,6.75,2365,4.24115008235,557.631763574,108619,0.562282904102
4,"[60,100)","[3.25,3.5)",6.8,6.9,6.85,2316,4.30398193542,538.106347738,110935,0.574272033131
4,"[60,100)","[3.25,3.5)",6.9,7,6.95,2346,4.36681378849,537.233807904,113281,0.586416461757
4,"[60,100)","[3.25,3.5)",7,7.1,7.05,2327,4.42964564156,525.324188049,115608,0.598462533972
4,"[60,100)","[3.25,3.5)",7.1,7.2,7.15,2234,4.49247749463,497.27572429,117842,0.61002717743
4,"[60,100)","[3.25,3.5)",7.2,7.3,7.25,2317,4.55530934771,508.637245716,120159,0.622021483111
4,"[60,100)","[3.25,3.5)",7.3,7.4,7.35,2261,4.61814120078,489.590920178,122420,0.633725896208
4,"[60,100)","[3.25,3.5)",7.4,7.5,7.45,2267,4.68097305385,484.301014751,124687,0.645461369225
4,"[60,100)","[3.25,3.5)",7.5,7.6,7.55,2261,4.74380490692,476.621624279,126948,0.657165782322
4,"[60,100)","[3.25,3.5)",7.6,7.7,7.65,2155,4.80663675999,448.338434461,129103,0.66832147017
4,"[60,100)","[3.25,3.5)",7.7,7.8,7.75,2139,4.86946861306,439.267642934,131242,0.679394331565
4,"[60,100)","[3.25,3.5)",7.8,7.9,7.85,2072,4.93230046614,420.087951702,133314,0.690120357189
4,"[60,100)","[3.25,3.5)",7.9,8,7.95,2121,4.99513231921,424.613376475,135435,0.701100038825
4,"[60,100)","[3.25,3.5)",8,8.1,8.05,2067,5.05796417228,408.662443939,137502,0.711800181183
4,"[60,100)","[3.25,3.5)",8.1,8.2,8.15,2020,5.12079602535,394.469920301,139522,0.722257020836
4,"[60,100)","[3.25,3.5)",8.2,8.3,8.25,2042,5.18362787842,393.932598538,141564,0.732827746862
4,"[60,100)","[3.25,3.5)",8.3,8.4,8.35,2055,5.24645973149,391.692704256,143619,0.74346576938
4,"[60,100)","[3.25,3.5)",8.4,8.5,8.45,2011,5.30929158457,378.769929654,145630,0.753876019154
4,"[60,100)","[3.25,3.5)",8.5,8.6,8.55,1972,5.37212343764,367.080172839,147602,0.764084379449
4,"[60,100)","[3.25,3.5)",8.6,8.7,8.65,1968,5.43495529071,362.100494803,149570,0.774272033131
4,"[60,100)","[3.25,3.5)",8.7,8.8,8.75,1855,5.49778714378,337.408479355,151425,0.78387472499
4,"[60,100)","[3.25,3.5)",8.8,8.9,8.85,1823,5.56061899685,327.84119916,153248,0.793311763945
4,"[60,100)","[3.25,3.5)",8.9,9,8.95,1671,5.62345084993,297.148502689,154919,0.801961951598
4,"[60,100)","[3.25,3.5)",9,9.1,9.05,1787,5.686282703,314.265064426,156706,0.811212631034
4,"[60,100)","[3.25,3.5)",9.1,9.2,9.15,1696,5.74911455607,295.001949163,158402,0.81999223502
4,"[60,100)","[3.25,3.5)",9.2,9.3,9.25,1661,5.81194640914,285.790659974,160063,0.828590656141
4,"[60,100)","[3.25,3.5)",9.3,9.4,9.35,1640,5.87477826221,279.159472375,161703,0.837080367542
4,"[60,100)","[3.25,3.5)",9.4,9.5,9.45,1555,5.93761011528,261.889879903,163258,0.845130063414
4,"[60,100)","[3.25,3.5)",9.5,9.6,9.55,1558,6.00044196836,259.647540667,164816,0.853195289246
4,"[60,100)","[3.25,3.5)",9.6,9.7,9.65,1529,6.06327382143,252.173997915,166345,0.861110392131
4,"[60,100)","[3.25,3.5)",9.7,9.8,9.75,1491,6.1261056745,243.384636051,167836,0.868828782192
4,"[60,100)","[3.25,3.5)",9.8,9.9,9.85,1524,6.18893752757,246.245820581,169360,0.876718001812
4,"[60,100)","[3.25,3.5)",9.9,10,9.95,1478,6.25176938064,236.413071246,170838,0.88436909538
4,"[60,100)","[3.25,3.5)",10,10.1,10.05,1405,6.31460123372,222.500194074,172243,0.891642293257
4,"[60,100)","[3.25,3.5)",10.1,10.2,10.15,1407,6.37743308679,220.621679734,173650,0.898925844442
4,"[60,100)","[3.25,3.5)",10.2,10.3,10.25,1322,6.44026493986,205.27105831,174972,0.905769380096
4,"[60,100)","[3.25,3.5)",10.3,10.4,10.35,1324,6.50309679293,203.595308844,176296,0.912623269057
4,"[60,100)","[3.25,3.5)",10.4,10.5,10.45,1297,6.565928646,197.534891091,177593,0.919337388378
4,"[60,100)","[3.25,3.5)",10.5,10.6,10.55,1266,6.62876049907,190.98593171,178859,0.925891031448
4,"[60,100)","[3.25,3.5)",10.6,10.7,10.65,1155,6.69159235215,172.604656593,180014,0.931870066002
4,"[60,100)","[3.25,3.5)",10.7,10.8,10.75,1193,6.75442420522,176.624974055,181207,0.938045813382
4,"[60,100)","[3.25,3.5)",10.8,10.9,10.85,1239,6.81725605829,181.74467695,182446,0.944459686812
4,"[60,100)","[3.25,3.5)",10.9,11,10.95,1103,6.88008791136,160.317718932,183549,0.950169535395
4,"[60,100)","[3.25,3.5)",11,11.1,11.05,1097,6.94291976443,158.00269011,184646,0.955848324058
4,"[60,100)","[3.25,3.5)",11.1,11.2,11.15,1028,7.00575161751,146.736575335,185674,0.961169923644
4,"[60,100)","[3.25,3.5)",11.2,11.3,11.25,1038,7.06858347058,146.846960826,186712,0.966543289763
4,"[60,100)","[3.25,3.5)",11.3,11.4,11.35,976,7.13141532365,136.859228597,187688,0.971595703378
4,"[60,100)","[3.25,3.5)",11.4,11.5,11.45,979,7.19424717672,136.080951342,188667,0.976663646952
4,"[60,100)","[3.25,3.5)",11.5,11.6,11.55,947,7.25707902979,130.493273687,189614,0.981565937621
4,"[60,100)","[3.25,3.5)",11.6,11.7,11.65,938,7.31991088286,128.143636584,190552,0.986421638411
4,"[60,100)","[3.25,3.5)",11.7,11.8,11.75,864,7.38274273594,117.029677303,191416,0.990894266856
4,"[60,100)","[3.25,3.5)",11.8,11.9,11.85,903,7.44557458901,121.280095875,192319,0.995568784781
4,"[60,100)","[3.25,3.5)",11.9,12,11.95,856,7.50840644208,114.005549194,193175,1
5,"[60,100)","[3.5,3.75)",0,0.1,0.05,8,0.0314159265359,254.647908947,8,8.29789440929e-05
5,"[60,100)","[3.5,3.75)",0.1,0.2,0.15,33,0.0942477796077,350.140874802,41,0.000425267088476
5,"[60,100)","[3.5,3.75)",0.2,0.3,0.25,69,0.157079632679,439.267642934,110,0.00114096048128
5,"[60,100)","[3.5,3.75)",0.3,0.4,0.35,86,0.219911485751,391.066431597,196,0.00203298413028
5,"[60,100)","[3.5,3.75)",0.4,0.5,0.45,118,0.282743338823,417.339628552,314,0.00325692355565
5,"[60,100)","[3.5,3.75)",0.5,0.6,0.55,185,0.345575191895,535.339354036,499,0.0051758116378
5,"[60,100)","[3.5,3.75)",0.6,0.7,0.65,186,0.408407044967,455.427991001,685,0.00710507208796
5,"[60,100)","[3.5,3.75)",0.7,0.8,0.75,204,0.471238898038,432.90144521,889,0.00922103516233
5,"[60,100)","[3.5,3.75)",0.8,0.9,0.85,212,0.53407075111,396.951152182,1101,0.0114199771808
5,"[60,100)","[3.5,3.75)",0.9,1,0.95,233,0.596902604182,390.348439373,1334,0.0138367389275
5,"[60,100)","[3.5,3.75)",1,1.1,1.05,289,0.659734457254,438.055033843,1623,0.0168343532829
5,"[60,100)","[3.5,3.75)",1.1,1.2,1.15,331,0.722566310326,458.089444899,1954,0.0202676070947
5,"[60,100)","[3.5,3.75)",1.2,1.3,1.25,306,0.785398163397,389.611300689,2260,0.0234415517063
5,"[60,100)","[3.5,3.75)",1.3,1.4,1.35,376,0.848230016469,443.275989649,2636,0.0273415620786
5,"[60,100)","[3.5,3.75)",1.4,1.5,1.45,392,0.911061869541,430.267156497,3028,0.0314075303392
5,"[60,100)","[3.5,3.75)",1.5,1.6,1.55,426,0.973893722613,437.419391982,3454,0.0358261591121
5,"[60,100)","[3.5,3.75)",1.6,1.7,1.65,468,1.03672557568,451.421293133,3922,0.0406804273416
5,"[60,100)","[3.5,3.75)",1.7,1.8,1.75,453,1.09955742876,411.983938404,4375,0.0453791100508
5,"[60,100)","[3.5,3.75)",1.8,1.9,1.85,512,1.16238928183,440.472058719,4887,0.0506897624728
5,"[60,100)","[3.5,3.75)",1.9,2,1.95,516,1.2252211349,421.148464797,5403,0.0560419043668
5,"[60,100)","[3.5,3.75)",2,2.1,2.05,491,1.28805298797,381.195497844,5894,0.0611347370605
5,"[60,100)","[3.5,3.75)",2.1,2.2,2.15,543,1.35088484104,401.958763251,6437,0.0667669328908
5,"[60,100)","[3.5,3.75)",2.2,2.3,2.25,627,1.41371669412,443.511774749,7064,0.0732704076341
5,"[60,100)","[3.5,3.75)",2.3,2.4,2.35,614,1.47654854719,415.83461727,7678,0.0796390415932
5,"[60,100)","[3.5,3.75)",2.4,2.5,2.45,622,1.53938040026,404.05867185,8300,0.0860906544964
5,"[60,100)","[3.5,3.75)",2.5,2.6,2.55,683,1.60221225333,426.285592674,8983,0.0931749818484
5,"[60,100)","[3.5,3.75)",2.6,2.7,2.65,688,1.6650441064,413.202267348,9671,0.10031117104
5,"[60,100)","[3.5,3.75)",2.7,2.8,2.75,730,1.72787595947,422.484030753,10401,0.107882999689
5,"[60,100)","[3.5,3.75)",2.8,2.9,2.85,733,1.79070781255,409.335344864,11134,0.115485945441
5,"[60,100)","[3.5,3.75)",2.9,3,2.95,794,1.85353966562,428.369575644,11928,0.123721605643
5,"[60,100)","[3.5,3.75)",3,3.1,3.05,760,1.91637151869,396.582809016,12688,0.131604605331
5,"[60,100)","[3.5,3.75)",3.1,3.2,3.15,828,1.97920337176,418.350136127,13516,0.140192926045
5,"[60,100)","[3.5,3.75)",3.2,3.3,3.25,822,2.04203522483,402.539579143,14338,0.148719012551
5,"[60,100)","[3.5,3.75)",3.3,3.4,3.35,819,2.10486707791,389.098204156,15157,0.157213981952
5,"[60,100)","[3.5,3.75)",3.4,3.5,3.45,867,2.16769893098,399.96329177,16024,0.166206825018
5,"[60,100)","[3.5,3.75)",3.5,3.6,3.55,876,2.23053078405,392.731634221,16900,0.175293019396
5,"[60,100)","[3.5,3.75)",3.6,3.7,3.65,902,2.29336263712,393.30892786,17802,0.184648895343
5,"[60,100)","[3.5,3.75)",3.7,3.8,3.75,885,2.35619449019,375.605665697,18687,0.193828441033
5,"[60,100)","[3.5,3.75)",3.8,3.9,3.85,882,2.41902634326,364.609505992,19569,0.202976869619
5,"[60,100)","[3.5,3.75)",3.9,4,3.95,990,2.48185819634,398.894667496,20559,0.213245513951
5,"[60,100)","[3.5,3.75)",4,4.1,4.05,961,2.54469004941,377.649136571,21520,0.22321335961
5,"[60,100)","[3.5,3.75)",4.1,4.2,4.15,978,2.60752190248,375.068757455,22498,0.233357535525
5,"[60,100)","[3.5,3.75)",4.2,4.3,4.25,1005,2.67035375555,376.354630135,23503,0.243781765377
5,"[60,100)","[3.5,3.75)",4.3,4.4,4.35,981,2.73318560862,358.92183718,24484,0.253957058396
5,"[60,100)","[3.5,3.75)",4.4,4.5,4.45,1003,2.79601746169,358.724512182,25487,0.264360543512
5,"[60,100)","[3.5,3.75)",4.5,4.6,4.55,973,2.85884931477,340.346724458,26460,0.274452857587
5,"[60,100)","[3.5,3.75)",4.6,4.7,4.65,1006,2.92168116784,344.32230699,27466,0.284887459807
5,"[60,100)","[3.5,3.75)",4.7,4.8,4.75,1007,2.98451302091,337.408479355,28473,0.295332434395
5,"[60,100)","[3.5,3.75)",4.8,4.9,4.85,1055,3.04734487398,346.20302054,29528,0.306275282647
5,"[60,100)","[3.5,3.75)",4.9,5,4.95,1062,3.11017672705,341.459696088,30590,0.317290737475
5,"[60,100)","[3.5,3.75)",5,5.1,5.05,1104,3.17300858013,347.93476668,31694,0.32874183176
5,"[60,100)","[3.5,3.75)",5.1,5.2,5.15,1044,3.2358404332,322.636428326,32738,0.339570583964
5,"[60,100)","[3.5,3.75)",5.2,5.3,5.25,1045,3.29867228627,316.794124821,33783,0.350409708536
5,"[60,100)","[3.5,3.75)",5.3,5.4,5.35,1066,3.36150413934,317.119942684,34849,0.361466652837
5,"[60,100)","[3.5,3.75)",5.4,5.5,5.45,1131,3.42433599241,330.283010343,35980,0.373197801058
5,"[60,100)","[3.5,3.75)",5.5,5.6,5.55,1142,3.48716784548,327.486387407,37122,0.385043045327
5,"[60,100)","[3.5,3.75)",5.6,5.7,5.65,1089,3.54999969856,306.760589428,38211,0.396338554092
5,"[60,100)","[3.5,3.75)",5.7,5.8,5.75,1118,3.61283155163,309.452567612,39329,0.407934861529
5,"[60,100)","[3.5,3.75)",5.8,5.9,5.85,1077,3.6756634047,293.008331128,40406,0.419105901877
5,"[60,100)","[3.5,3.75)",5.9,6,5.95,1118,3.73849525777,299.050800633,41524,0.430702209314
5,"[60,100)","[3.5,3.75)",6,6.1,6.05,1106,3.80132711084,290.951019933,42630,0.442174048335
5,"[60,100)","[3.5,3.75)",6.1,6.2,6.15,1138,3.86415896392,294.501341851,43768,0.453977803132
5,"[60,100)","[3.5,3.75)",6.2,6.3,6.25,1105,3.92699081699,281.385939386,44873,0.465439269785
5,"[60,100)","[3.5,3.75)",6.3,6.4,6.35,1076,3.98982267006,269.686171286,45949,0.476599937766
5,"[60,100)","[3.5,3.75)",6.4,6.5,6.45,1203,4.05265452313,296.842475255,47152,0.489077896484
5,"[60,100)","[3.5,3.75)",6.5,6.6,6.55,1102,4.1154863762,267.769079828,48254,0.500508246033
5,"[60,100)","[3.5,3.75)",6.6,6.7,6.65,1153,4.17831822927,275.94834494,49407,0.51246758635
5,"[60,100)","[3.5,3.75)",6.7,6.8,6.75,1152,4.24115008235,271.62443621,50559,0.524416554299
5,"[60,100)","[3.5,3.75)",6.8,6.9,6.85,1112,4.30398193542,258.365396669,51671,0.535950627528
5,"[60,100)","[3.5,3.75)",6.9,7,6.95,1103,4.36681378849,252.586909684,52774,0.547391349445
5,"[60,100)","[3.5,3.75)",7,7.1,7.05,1134,4.42964564156,256.002419101,53908,0.55915361477
5,"[60,100)","[3.5,3.75)",7.1,7.2,7.15,1173,4.49247749463,261.103144401,55081,0.571320402448
5,"[60,100)","[3.5,3.75)",7.2,7.3,7.25,1155,4.55530934771,253.55028865,56236,0.583300487501
5,"[60,100)","[3.5,3.75)",7.3,7.4,7.35,1151,4.61814120078,249.234475509,57387,0.595239083083
5,"[60,100)","[3.5,3.75)",7.4,7.5,7.45,1136,4.68097305385,242.684584366,58523,0.607022093144
5,"[60,100)","[3.5,3.75)",7.5,7.6,7.55,1087,4.74380490692,229.140957803,59610,0.618296857172
5,"[60,100)","[3.5,3.75)",7.6,7.7,7.65,1101,4.80663675999,229.058290646,60711,0.629716834353
5,"[60,100)","[3.5,3.75)",7.7,7.8,7.75,1099,4.86946861306,225.691977365,61810,0.641116066798
5,"[60,100)","[3.5,3.75)",7.8,7.9,7.85,1103,4.93230046614,223.62790093,62913,0.652556788715
5,"[60,100)","[3.5,3.75)",7.9,8,7.95,1063,4.99513231921,212.80717548,63976,0.663582615911
5,"[60,100)","[3.5,3.75)",8,8.1,8.05,1051,5.05796417228,207.791112037,65027,0.674483974691
5,"[60,100)","[3.5,3.75)",8.1,8.2,8.15,1040,5.12079602535,203.093424314,66067,0.685271237424
5,"[60,100)","[3.5,3.75)",8.2,8.3,8.25,1122,5.18362787842,216.450722605,67189,0.696909034333
5,"[60,100)","[3.5,3.75)",8.3,8.4,8.35,1028,5.24645973149,195.941654489,68217,0.707571828648
5,"[60,100)","[3.5,3.75)",8.4,8.5,8.45,1028,5.30929158457,193.622818341,69245,0.718234622964
5,"[60,100)","[3.5,3.75)",8.5,8.6,8.55,1023,5.37212343764,190.427493313,70268,0.72884555544
5,"[60,100)","[3.5,3.75)",8.6,8.7,8.65,1049,5.43495529071,193.009867403,71317,0.739726169484
5,"[60,100)","[3.5,3.75)",8.7,8.8,8.75,984,5.49778714378,178.981101717,72301,0.749932579608
5,"[60,100)","[3.5,3.75)",8.8,8.9,8.85,974,5.56061899685,175.160355448,73275,0.760035266051
5,"[60,100)","[3.5,3.75)",8.9,9,8.95,966,5.62345084993,171.780642488,74241,0.77005497355
5,"[60,100)","[3.5,3.75)",9,9.1,9.05,1008,5.686282703,177.268710096,75249,0.780510320506
5,"[60,100)","[3.5,3.75)",9.1,9.2,9.15,913,5.74911455607,158.807063435,76162,0.789980292501
5,"[60,100)","[3.5,3.75)",9.2,9.3,9.25,907,5.81194640914,156.057873929,77069,0.799388030287
5,"[60,100)","[3.5,3.75)",9.3,9.4,9.35,902,5.87477826221,153.537709806,77971,0.808743906234
5,"[60,100)","[3.5,3.75)",9.4,9.5,9.45,906,5.93761011528,152.586643853,78877,0.818141271652
5,"[60,100)","[3.5,3.75)",9.5,9.6,9.55,831,6.00044196836,138.489798649,79708,0.82676070947
5,"[60,100)","[3.5,3.75)",9.6,9.7,9.65,931,6.06327382143,153.547411418,80639,0.836417384089
5,"[60,100)","[3.5,3.75)",9.7,9.8,9.75,811,6.1261056745,132.384265485,81450,0.844829374546
5,"[60,100)","[3.5,3.75)",9.8,9.9,9.85,900,6.18893752757,145.420760185,82350,0.854164505757
5,"[60,100)","[3.5,3.75)",9.9,10,9.95,838,6.25176938064,134.042052574,83188,0.86285655015
5,"[60,100)","[3.5,3.75)",10,10.1,10.05,843,6.31460123372,133.500116444,84031,0.871600456384
5,"[60,100)","[3.5,3.75)",10.1,10.2,10.15,806,6.37743308679,126.383137076,84837,0.879960585002
5,"[60,100)","[3.5,3.75)",10.2,10.3,10.25,815,6.44026493986,126.547588897,85652,0.888414064931
5,"[60,100)","[3.5,3.75)",10.3,10.4,10.35,749,6.50309679293,115.175896015,86401,0.896182968572
5,"[60,100)","[3.5,3.75)",10.4,10.5,10.45,738,6.565928646,112.39841914,87139,0.903837776164
5,"[60,100)","[3.5,3.75)",10.5,10.6,10.55,715,6.62876049907,107.863302664,87854,0.911254019293
5,"[60,100)","[3.5,3.75)",10.6,10.7,10.65,686,6.69159235215,102.516705128,88540,0.918369463749
5,"[60,100)","[3.5,3.75)",10.7,10.8,10.75,718,6.75442420522,106.300696874,89258,0.925816823981
5,"[60,100)","[3.5,3.75)",10.8,10.9,10.85,675,6.81725605829,99.013443859,89933,0.932818172389
5,"[60,100)","[3.5,3.75)",10.9,11,10.95,703,6.88008791136,102.178926935,90636,0.940109947101
5,"[60,100)","[3.5,3.75)",11,11.1,11.05,575,6.94291976443,82.8181830569,91211,0.946074058708
5,"[60,100)","[3.5,3.75)",11.1,11.2,11.15,614,7.00575161751,87.642273595,91825,0.952442692667
5,"[60,100)","[3.5,3.75)",11.2,11.3,11.25,587,7.06858347058,83.0435125288,92412,0.95853127269
5,"[60,100)","[3.5,3.75)",11.3,11.4,11.35,601,7.13141532365,84.274996298,93013,0.964765065865
5,"[60,100)","[3.5,3.75)",11.4,11.5,11.45,600,7.19424717672,83.3999701792,93613,0.970988486672
5,"[60,100)","[3.5,3.75)",11.5,11.6,11.55,598,7.25707902979,82.4022995402,94211,0.977191162742
5,"[60,100)","[3.5,3.75)",11.6,11.7,11.65,537,7.31991088286,73.3615488758,94748,0.982761124365
5,"[60,100)","[3.5,3.75)",11.7,11.8,11.75,566,7.38274273594,76.6652747149,95314,0.988631884659
5,"[60,100)","[3.5,3.75)",11.8,11.9,11.85,538,7.44557458901,72.2576872434,95852,0.99421221865
5,"[60,100)","[3.5,3.75)",11.9,12,11.95,558,7.50840644208,74.3167014605,96410,1
6,"[60,100)","[3.75,4.0)",0,0.1,0.05,9,0.0314159265359,286.478897565,9,0.000184135687542
6,"[60,100)","[3.75,4.0)",0.1,0.2,0.15,19,0.0942477796077,201.59626125,28,0.000572866583465
6,"[60,100)","[3.75,4.0)",0.2,0.3,0.25,29,0.157079632679,184.619733987,57,0.00116619268777
6,"[60,100)","[3.75,4.0)",0.3,0.4,0.35,53,0.219911485751,241.006056682,110,0.00225054729218
6,"[60,100)","[3.75,4.0)",0.4,0.5,0.45,66,0.282743338823,233.427249868,176,0.00360087566749
6,"[60,100)","[3.75,4.0)",0.5,0.6,0.55,78,0.345575191895,225.710646567,254,0.00519671829286
6,"[60,100)","[3.75,4.0)",0.6,0.7,0.65,101,0.408407044967,247.302296189,355,0.0072631298975
6,"[60,100)","[3.75,4.0)",0.7,0.8,0.75,106,0.471238898038,224.938986237,461,0.00943183910633
6,"[60,100)","[3.75,4.0)",0.8,0.9,0.85,106,0.53407075111,198.475576091,567,0.0116005483152
6,"[60,100)","[3.75,4.0)",0.9,1,0.95,122,0.596902604182,204.388453234,689,0.0140966098574
6,"[60,100)","[3.75,4.0)",1,1.1,1.05,136,0.659734457254,206.143545338,825,0.0168791046914
6,"[60,100)","[3.75,4.0)",1.1,1.2,1.15,140,0.722566310326,193.753843764,965,0.0197434376087
6,"[60,100)","[3.75,4.0)",1.2,1.3,1.25,145,0.785398163397,184.619733987,1110,0.0227100681302
6,"[60,100)","[3.75,4.0)",1.3,1.4,1.35,150,0.848230016469,176.838825658,1260,0.0257789962559
6,"[60,100)","[3.75,4.0)",1.4,1.5,1.45,197,0.911061869541,216.231198546,1457,0.029809521861
6,"[60,100)","[3.75,4.0)",1.5,1.6,1.55,211,0.973893722613,216.656083822,1668,0.0341264807578
6,"[60,100)","[3.75,4.0)",1.6,1.7,1.65,206,1.03672557568,198.702535012,1874,0.0383411420505
6,"[60,100)","[3.75,4.0)",1.7,1.8,1.75,245,1.09955742876,222.816920329,2119,0.0433537246558
6,"[60,100)","[3.75,4.0)",1.8,1.9,1.85,242,1.16238928183,208.191871504,2361,0.0483049286986
6,"[60,100)","[3.75,4.0)",1.9,2,1.95,232,1.2252211349,189.35357332,2593,0.053051537533
6,"[60,100)","[3.75,4.0)",2,2.1,2.05,226,1.28805298797,175.458620189,2819,0.0576753892424
6,"[60,100)","[3.75,4.0)",2.1,2.2,2.15,258,1.35088484104,190.98593171,3077,0.0629539456186
6,"[60,100)","[3.75,4.0)",2.2,2.3,2.25,305,1.41371669412,215.743367302,3382,0.0691940994742
6,"[60,100)","[3.75,4.0)",2.3,2.4,2.35,269,1.47654854719,182.181615709,3651,0.0746977105796
6,"[60,100)","[3.75,4.0)",2.4,2.5,2.45,272,1.53938040026,176.694467433,3923,0.0802627002476
6,"[60,100)","[3.75,4.0)",2.5,2.6,2.55,295,1.60221225333,184.120424361,4218,0.0862982588948
6,"[60,100)","[3.75,4.0)",2.6,2.7,2.65,308,1.6650441064,184.980084801,4526,0.0925997913129
6,"[60,100)","[3.75,4.0)",2.7,2.8,2.75,302,1.72787595947,174.781064777,4828,0.098778566606
6,"[60,100)","[3.75,4.0)",2.8,2.9,2.85,322,1.79070781255,179.817163774,5150,0.105366532316
6,"[60,100)","[3.75,4.0)",2.9,3,2.95,363,1.85353966562,195.841506245,5513,0.11279333838
6,"[60,100)","[3.75,4.0)",3,3.1,3.05,337,1.91637151869,175.853166629,5850,0.119688196902
6,"[60,100)","[3.75,4.0)",3.1,3.2,3.15,344,1.97920337176,173.807302932,6194,0.126726272071
6,"[60,100)","[3.75,4.0)",3.2,3.3,3.25,322,2.04203522483,157.68582054,6516,0.133314237781
6,"[60,100)","[3.75,4.0)",3.3,3.4,3.35,354,2.10486707791,168.181641357,6870,0.140556908157
6,"[60,100)","[3.75,4.0)",3.4,3.5,3.45,387,2.16769893098,178.530327468,7257,0.148474742722
6,"[60,100)","[3.75,4.0)",3.5,3.6,3.55,371,2.23053078405,166.328123626,7628,0.156065224952
6,"[60,100)","[3.75,4.0)",3.6,3.7,3.65,420,2.29336263712,183.137194791,8048,0.164658223704
6,"[60,100)","[3.75,4.0)",3.7,3.8,3.75,421,2.35619449019,178.677949445,8469,0.173271681977
6,"[60,100)","[3.75,4.0)",3.8,3.9,3.85,432,2.41902634326,178.584247833,8901,0.182110194979
6,"[60,100)","[3.75,4.0)",3.9,4,3.95,423,2.48185819634,170.436812476,9324,0.190764572294
6,"[60,100)","[3.75,4.0)",4,4.1,4.05,438,2.54469004941,172.12312364,9762,0.199725842421
6,"[60,100)","[3.75,4.0)",4.1,4.2,4.15,438,2.60752190248,167.975578492,10200,0.208687112548
6,"[60,100)","[3.75,4.0)",4.2,4.3,4.25,451,2.67035375555,168.891480787,10651,0.217914356446
6,"[60,100)","[3.75,4.0)",4.3,4.4,4.35,482,2.73318560862,176.350994414,11133,0.22777584549
6,"[60,100)","[3.75,4.0)",4.4,4.5,4.45,446,2.79601746169,159.512594649,11579,0.236900791783
6,"[60,100)","[3.75,4.0)",4.5,4.6,4.55,468,2.85884931477,163.70222718,12047,0.246475847536
6,"[60,100)","[3.75,4.0)",4.6,4.7,4.65,454,2.92168116784,155.389987449,12501,0.255764469996
6,"[60,100)","[3.75,4.0)",4.7,4.8,4.75,473,2.98451302091,158.484817016,12974,0.265441823352
6,"[60,100)","[3.75,4.0)",4.8,4.9,4.85,512,3.04734487398,168.015115182,13486,0.275917098022
6,"[60,100)","[3.75,4.0)",4.9,5,4.95,476,3.11017672705,153.045965478,13962,0.28565582994
6,"[60,100)","[3.75,4.0)",5,5.1,5.05,517,3.17300858013,162.93684273,14479,0.296233402214
6,"[60,100)","[3.75,4.0)",5.1,5.2,5.15,464,3.2358404332,143.393968145,14943,0.305726619883
6,"[60,100)","[3.75,4.0)",5.2,5.3,5.25,485,3.29867228627,147.02885219,15428,0.315649487489
6,"[60,100)","[3.75,4.0)",5.3,5.4,5.35,467,3.36150413934,138.925903596,15895,0.32520408372
6,"[60,100)","[3.75,4.0)",5.4,5.5,5.45,510,3.42433599241,148.933983444,16405,0.335638439348
6,"[60,100)","[3.75,4.0)",5.5,5.6,5.55,472,3.48716784548,135.353393044,16877,0.345295333183
6,"[60,100)","[3.75,4.0)",5.6,5.7,5.65,536,3.54999969856,150.985928314,17413,0.356261636352
6,"[60,100)","[3.75,4.0)",5.7,5.8,5.75,528,3.61283155163,146.145756439,17941,0.367064263355
6,"[60,100)","[3.75,4.0)",5.8,5.9,5.85,535,3.6756634047,145.551956503,18476,0.378010107003
6,"[60,100)","[3.75,4.0)",5.9,6,5.95,507,3.73849525777,135.616060752,18983,0.388383084068
6,"[60,100)","[3.75,4.0)",6,6.1,6.05,585,3.80132711084,153.893622659,19568,0.400351903758
6,"[60,100)","[3.75,4.0)",6.1,6.2,6.15,593,3.86415896392,153.461595534,20161,0.412484399615
6,"[60,100)","[3.75,4.0)",6.2,6.3,6.25,536,3.92699081699,136.491279196,20697,0.423450702785
6,"[60,100)","[3.75,4.0)",6.3,6.4,6.35,565,3.98982267006,141.610303696,21262,0.435010332058
6,"[60,100)","[3.75,4.0)",6.4,6.5,6.45,571,4.05265452313,140.89530621,21833,0.446692718457
6,"[60,100)","[3.75,4.0)",6.5,6.6,6.55,530,4.1154863762,128.781862349,22363,0.457536264501
6,"[60,100)","[3.75,4.0)",6.6,6.7,6.65,554,4.17831822927,132.589230786,22917,0.468870839045
6,"[60,100)","[3.75,4.0)",6.7,6.8,6.75,584,4.24115008235,137.698498912,23501,0.480819199214
6,"[60,100)","[3.75,4.0)",6.8,6.9,6.85,525,4.30398193542,121.980065873,24026,0.491560447654
6,"[60,100)","[3.75,4.0)",6.9,7,6.95,535,4.36681378849,122.514956193,24561,0.502506291303
6,"[60,100)","[3.75,4.0)",7,7.1,7.05,589,4.42964564156,132.967746782,25150,0.514556949076
6,"[60,100)","[3.75,4.0)",7.1,7.2,7.15,602,4.49247749463,134.001784254,25752,0.526873580621
6,"[60,100)","[3.75,4.0)",7.2,7.3,7.25,560,4.55530934771,122.933473285,26312,0.53833091229
6,"[60,100)","[3.75,4.0)",7.3,7.4,7.35,590,4.61814120078,127.757029149,26902,0.550402029584
6,"[60,100)","[3.75,4.0)",7.4,7.5,7.45,558,4.68097305385,119.205984222,27460,0.561818442212
6,"[60,100)","[3.75,4.0)",7.5,7.6,7.55,571,4.74380490692,120.367513252,28031,0.573500828611
6,"[60,100)","[3.75,4.0)",7.6,7.7,7.65,566,4.80663675999,117.75385332,28597,0.585080917405
6,"[60,100)","[3.75,4.0)",7.7,7.8,7.75,611,4.86946861306,125.475703521,29208,0.597581684637
6,"[60,100)","[3.75,4.0)",7.8,7.9,7.85,558,4.93230046614,113.131793943,29766,0.608998097265
6,"[60,100)","[3.75,4.0)",7.9,8,7.95,569,4.99513231921,113.910896376,30335,0.620639564621
6,"[60,100)","[3.75,4.0)",8,8.1,8.05,536,5.05796417228,105.971490059,30871,0.631605867791
6,"[60,100)","[3.75,4.0)",8.1,8.2,8.15,575,5.12079602535,112.287229789,31446,0.643370092272
6,"[60,100)","[3.75,4.0)",8.2,8.3,8.25,588,5.18362787842,113.434068531,32034,0.655400290525
6,"[60,100)","[3.75,4.0)",8.3,8.4,8.35,565,5.24645973149,107.69166808,32599,0.666959919799
6,"[60,100)","[3.75,4.0)",8.4,8.5,8.45,605,5.30929158457,113.951172273,33204,0.679337929906
6,"[60,100)","[3.75,4.0)",8.5,8.6,8.55,588,5.37212343764,109.453925775,33792,0.691368128158
6,"[60,100)","[3.75,4.0)",8.6,8.7,8.65,520,5.43495529071,95.676960009,34312,0.702007078994
6,"[60,100)","[3.75,4.0)",8.7,8.8,8.75,572,5.49778714378,104.041859941,34884,0.713709924914
6,"[60,100)","[3.75,4.0)",8.8,8.9,8.85,509,5.56061899685,91.5365717896,35393,0.72412382102
6,"[60,100)","[3.75,4.0)",8.9,9,8.95,534,5.62345084993,94.959485599,35927,0.735049205148
6,"[60,100)","[3.75,4.0)",9,9.1,9.05,521,5.686282703,91.6240059126,36448,0.745708615504
6,"[60,100)","[3.75,4.0)",9.1,9.2,9.15,548,5.74911455607,95.3190260266,36996,0.756920432923
6,"[60,100)","[3.75,4.0)",9.2,9.3,9.25,526,5.81194640914,90.503243315,37522,0.767682140884
6,"[60,100)","[3.75,4.0)",9.3,9.4,9.35,485,5.87477826221,82.5563073792,38007,0.777605008491
6,"[60,100)","[3.75,4.0)",9.4,9.5,9.45,534,5.93761011528,89.9351741916,38541,0.788530392618
6,"[60,100)","[3.75,4.0)",9.5,9.6,9.55,545,6.00044196836,90.8266429163,39086,0.799680831475
6,"[60,100)","[3.75,4.0)",9.6,9.7,9.65,500,6.06327382143,82.4637010839,39586,0.809910591894
6,"[60,100)","[3.75,4.0)",9.7,9.8,9.75,496,6.1261056745,80.964976178,40082,0.82005851423
6,"[60,100)","[3.75,4.0)",9.8,9.9,9.85,480,6.18893752757,77.5577387656,40562,0.829879084232
6,"[60,100)","[3.75,4.0)",9.9,10,9.95,482,6.25176938064,77.0981734375,41044,0.839740573276
6,"[60,100)","[3.75,4.0)",10,10.1,10.05,453,6.31460123372,71.7384967369,41497,0.849008736215
6,"[60,100)","[3.75,4.0)",10.1,10.2,10.15,460,6.37743308679,72.129333815,41957,0.858420115801
6,"[60,100)","[3.75,4.0)",10.2,10.3,10.25,423,6.44026493986,65.6805277345,42380,0.867074493115
6,"[60,100)","[3.75,4.0)",10.3,10.4,10.35,444,6.50309679293,68.275163993,42824,0.876158520367
6,"[60,100)","[3.75,4.0)",10.4,10.5,10.45,454,6.565928646,69.1448269509,43278,0.885447142828
6,"[60,100)","[3.75,4.0)",10.5,10.6,10.55,410,6.62876049907,61.8516840452,43688,0.893835546372
6,"[60,100)","[3.75,4.0)",10.6,10.7,10.65,442,6.69159235215,66.0530374147,44130,0.902878654582
6,"[60,100)","[3.75,4.0)",10.7,10.8,10.75,398,6.75442420522,58.9243417215,44528,0.911021543875
6,"[60,100)","[3.75,4.0)",10.8,10.9,10.85,429,6.81725605829,62.9285443193,44957,0.919798678315
6,"[60,100)","[3.75,4.0)",10.9,11,10.95,389,6.88008791136,56.5399752171,45346,0.927757431921
6,"[60,100)","[3.75,4.0)",11,11.1,11.05,392,6.94291976443,56.4603961014,45738,0.935777564089
6,"[60,100)","[3.75,4.0)",11.1,11.2,11.15,354,7.00575161751,50.5299101834,46092,0.943020234466
6,"[60,100)","[3.75,4.0)",11.2,11.3,11.25,363,7.06858347058,51.353994971,46455,0.95044704053
6,"[60,100)","[3.75,4.0)",11.3,11.4,11.35,360,7.13141532365,50.4808630071,46815,0.957812468032
6,"[60,100)","[3.75,4.0)",11.4,11.5,11.45,384,7.19424717672,53.3759809147,47199,0.965668924034
6,"[60,100)","[3.75,4.0)",11.5,11.6,11.55,350,7.25707902979,48.2287706339,47549,0.972829756327
6,"[60,100)","[3.75,4.0)",11.6,11.7,11.65,343,7.31991088286,46.8584939747,47892,0.979847371975
6,"[60,100)","[3.75,4.0)",11.7,11.8,11.75,371,7.38274273594,50.2523267124,48263,0.987437854205
6,"[60,100)","[3.75,4.0)",11.8,11.9,11.85,328,7.44557458901,44.0530137841,48591,0.99414857704
6,"[60,100)","[3.75,4.0)",11.9,12,11.95,286,7.50840644208,38.0906390998,48877,1
7,"[100,200)","[2,3)",0,0.1,0.05,2045,0.0314159265359,65094.3717246,2045,0.000225465420716
7,"[100,200)","[2,3)",0.1,0.2,0.15,6231,0.0942477796077,66112.9633604,8276,0.000912445878652
7,"[100,200)","[2,3)",0.2,0.3,0.25,10185,0.157079632679,64839.7238156,18461,0.00203536290065
7,"[100,200)","[2,3)",0.3,0.4,0.35,14124,0.219911485751,64225.8404637,32585,0.00359256270612
7,"[100,200)","[2,3)",0.4,0.5,0.45,17421,0.282743338823,61614.1836356,50006,0.00551326348573
7,"[100,200)","[2,3)",0.5,0.6,0.55,21060,0.345575191895,60941.874573,71066,0.00783517143696
7,"[100,200)","[2,3)",0.6,0.7,0.65,24717,0.408407044967,60520.5035139,95783,0.0105602710965
7,"[100,200)","[2,3)",0.7,0.8,0.75,28110,0.471238898038,59651.2726708,123893,0.013659455926
7,"[100,200)","[2,3)",0.8,0.9,0.85,31405,0.53407075111,58803.0704447,155298,0.0171219212256
7,"[100,200)","[2,3)",0.9,1,0.95,35036,0.596902604182,58696.3430123,190334,0.0209847116804
7,"[100,200)","[2,3)",1,1.1,1.05,38489,0.659734457254,58340.139092,228823,0.0252282024276
7,"[100,200)","[2,3)",1.1,1.2,1.15,41920,0.722566310326,58015.4366471,270743,0.0298499679222
7,"[100,200)","[2,3)",1.2,1.3,1.25,45637,0.785398163397,58106.8331031,316380,0.0348815402475
7,"[100,200)","[2,3)",1.3,1.4,1.35,49160,0.848230016469,57955.9777955,365540,0.0403015305078
7,"[100,200)","[2,3)",1.4,1.5,1.45,52817,0.911061869541,57973.0112364,418357,0.0461247124765
7,"[100,200)","[2,3)",1.5,1.6,1.55,56210,0.973893722613,57716.7700077,474567,0.0523219796151
7,"[100,200)","[2,3)",1.6,1.7,1.65,59749,1.03672557568,57632.4163321,534316,0.0589094287213
7,"[100,200)","[2,3)",1.7,1.8,1.75,63805,1.09955742876,58027.8922513,598121,0.0659440600997
7,"[100,200)","[2,3)",1.8,1.9,1.85,67214,1.16238928183,57824.0018647,665335,0.0733545406806
7,"[100,200)","[2,3)",1.9,2,1.95,70448,1.2252211349,57498.1919535,735783,0.0811215763572
7,"[100,200)","[2,3)",2,2.1,2.05,74292,1.28805298797,57677.7513765,810075,0.0893124208735
7,"[100,200)","[2,3)",2.1,2.2,2.15,77570,1.35088484104,57421.6229565,887645,0.0978646715752
7,"[100,200)","[2,3)",2.2,2.3,2.25,81635,1.41371669412,57744.9501303,969280,0.106865096817
7,"[100,200)","[2,3)",2.3,2.4,2.35,84734,1.47654854719,57386.5316934,1054014,0.11620719313
7,"[100,200)","[2,3)",2.4,2.5,2.45,87839,1.53938040026,57061.2695765,1141853,0.125891622025
7,"[100,200)","[2,3)",2.5,2.6,2.55,91420,1.60221225333,57058.607441,1233273,0.135970863473
7,"[100,200)","[2,3)",2.6,2.7,2.65,95470,1.6650441064,57337.8204414,1328743,0.146496625681
7,"[100,200)","[2,3)",2.7,2.8,2.75,98942,1.72787595947,57262.2122887,1427685,0.15740518297
7,"[100,200)","[2,3)",2.8,2.9,2.85,102849,1.79070781255,57434.8306739,1530534,0.168744494978
7,"[100,200)","[2,3)",2.9,3,2.95,105859,1.85353966562,57111.807189,1636393,0.180415665624
7,"[100,200)","[2,3)",3,3.1,3.05,108564,1.91637151869,56650.8106289,1744957,0.192385068037
7,"[100,200)","[2,3)",3.1,3.2,3.15,112163,1.97920337176,56670.7805778,1857120,0.20475126754
7,"[100,200)","[2,3)",3.2,3.3,3.25,115627,2.04203522483,56623.411092,1972747,0.217499380108
7,"[100,200)","[2,3)",3.3,3.4,3.35,119151,2.10486707791,56607.374998,2091898,0.230636020863
7,"[100,200)","[2,3)",3.4,3.5,3.45,122903,2.16769893098,56697.4491908,2214801,0.24418632727
7,"[100,200)","[2,3)",3.5,3.6,3.55,125839,2.23053078405,56416.6165739,2340640,0.258060333665
7,"[100,200)","[2,3)",3.6,3.7,3.65,129194,2.29336263712,56333.8731995,2469834,0.272304235652
7,"[100,200)","[2,3)",3.7,3.8,3.75,132968,2.35619449019,56433.3719281,2602802,0.286964228836
7,"[100,200)","[2,3)",3.8,3.9,3.85,135581,2.41902634326,56047.7567256,2738383,0.301912310599
7,"[100,200)","[2,3)",3.9,4,3.95,138469,2.48185819634,55792.4704177,2876852,0.317178800253
7,"[100,200)","[2,3)",4,4.1,4.05,142300,2.54469004941,55920.3664246,3019152,0.332867665469
7,"[100,200)","[2,3)",4.1,4.2,4.15,145430,2.60752190248,55773.2611418,3164582,0.348901619569
7,"[100,200)","[2,3)",4.2,4.3,4.25,148140,2.67035375555,55475.7959285,3312722,0.365234356696
7,"[100,200)","[2,3)",4.3,4.4,4.35,151825,2.73318560862,55548.7338734,3464547,0.381973372589
7,"[100,200)","[2,3)",4.4,4.5,4.45,153834,2.79601746169,55018.969698,3618381,0.398933884829
7,"[100,200)","[2,3)",4.5,4.6,4.55,156622,2.85884931477,54784.9791142,3775003,0.416201779755
7,"[100,200)","[2,3)",4.6,4.7,4.65,158840,2.92168116784,54365.9594854,3933843,0.433714213704
7,"[100,200)","[2,3)",4.7,4.8,4.75,162312,2.98451302091,54384.7518382,4096155,0.451609442734
7,"[100,200)","[2,3)",4.8,4.9,4.85,164234,3.04734487398,53894.1297397,4260389,0.469716576185
7,"[100,200)","[2,3)",4.9,5,4.95,166534,3.11017672705,53544.8672583,4426923,0.488077289326
7,"[100,200)","[2,3)",5,5.1,5.05,168280,3.17300858013,53034.8392545,4595203,0.506630502528
7,"[100,200)","[2,3)",5.1,5.2,5.15,170129,3.2358404332,52576.449152,4765332,0.525387571751
7,"[100,200)","[2,3)",5.2,5.3,5.25,172631,3.29867228627,52333.4799636,4937963,0.544420491576
7,"[100,200)","[2,3)",5.3,5.4,5.35,174104,3.36150413934,51793.4807702,5112067,0.563615812656
7,"[100,200)","[2,3)",5.4,5.5,5.45,174690,3.42433599241,51014.2697408,5286757,0.582875741431
7,"[100,200)","[2,3)",5.5,5.6,5.55,175321,3.48716784548,50276.0428429,5462078,0.602205239243
7,"[100,200)","[2,3)",5.6,5.7,5.65,176306,3.54999969856,49663.666189,5638384,0.621643335314
7,"[100,200)","[2,3)",5.7,5.8,5.75,176013,3.61283155163,48718.8504321,5814397,0.641049127537
7,"[100,200)","[2,3)",5.8,5.9,5.85,176617,3.6756634047,48050.373648,5991014,0.660521511992
7,"[100,200)","[2,3)",5.9,6,5.95,175621,3.73849525777,46976.3869928,6166635,0.679884085416
7,"[100,200)","[2,3)",6,6.1,6.05,173791,3.80132711084,45718.5069667,6340426,0.699044897607
7,"[100,200)","[2,3)",6.1,6.2,6.15,172414,3.86415896392,44618.7648102,6512840,0.71805389274
7,"[100,200)","[2,3)",6.2,6.3,6.25,170333,3.92699081699,43374.9422747,6683173,0.736833453379
7,"[100,200)","[2,3)",6.3,6.4,6.35,165912,3.98982267006,41583.8030209,6849085,0.755125589752
7,"[100,200)","[2,3)",6.4,6.5,6.45,161720,4.05265452313,39904.7091424,7010805,0.772955549575
7,"[100,200)","[2,3)",6.5,6.6,6.55,157316,4.1154863762,38225.372561,7168121,0.790299959416
7,"[100,200)","[2,3)",6.6,6.7,6.65,150439,4.17831822927,36004.6774193,7318560,0.806886165982
7,"[100,200)","[2,3)",6.7,6.8,6.75,142460,4.24115008235,33589.9454709,7461020,0.822592671525
7,"[100,200)","[2,3)",6.8,6.9,6.85,134145,4.30398193542,31167.649403,7595165,0.83738243136
7,"[100,200)","[2,3)",6.9,7,6.95,124529,4.36681378849,28517.1308033,7719694,0.851112007583
7,"[100,200)","[2,3)",7,7.1,7.05,115085,4.42964564156,25980.6335117,7834779,0.863800363545
7,"[100,200)","[2,3)",7.1,7.2,7.15,104642,4.49247749463,23292.7154616,7939421,0.875337357459
7,"[100,200)","[2,3)",7.2,7.3,7.25,95315,4.55530934771,20923.9357252,8034736,0.885846030601
7,"[100,200)","[2,3)",7.3,7.4,7.35,85569,4.61814120078,18528.883436,8120305,0.895280187367
7,"[100,200)","[2,3)",7.4,7.5,7.45,77287,4.68097305385,16510.8833379,8197592,0.903801236741
7,"[100,200)","[2,3)",7.5,7.6,7.55,70451,4.74380490692,14851.1588023,8268043,0.911568603174
7,"[100,200)","[2,3)",7.6,7.7,7.65,63999,4.80663675999,13314.715298,8332042,0.918624623448
7,"[100,200)","[2,3)",7.7,7.8,7.75,57082,4.86946861306,11722.4289827,8389124,0.924918030365
7,"[100,200)","[2,3)",7.8,7.9,7.85,51801,4.93230046614,10502.4015377,8440925,0.930629196262
7,"[100,200)","[2,3)",7.9,8,7.95,47208,4.99513231921,9450.8006962,8488133,0.935833974541
7,"[100,200)","[2,3)",8,8.1,8.05,43247,5.05796417228,8550.27804211,8531380,0.940602044492
7,"[100,200)","[2,3)",8.1,8.2,8.15,39016,5.12079602535,7619.12792598,8570396,0.944903638064
7,"[100,200)","[2,3)",8.2,8.3,8.25,36173,5.18362787842,6978.31728056,8606569,0.948891785087
7,"[100,200)","[2,3)",8.3,8.4,8.35,32731,5.24645973149,6238.68316448,8639300,0.952500444591
7,"[100,200)","[2,3)",8.4,8.5,8.45,30123,5.30929158457,5673.63828492,8669423,0.955821566776
7,"[100,200)","[2,3)",8.5,8.6,8.55,27354,5.37212343764,5091.84130215,8696777,0.958837401064
7,"[100,200)","[2,3)",8.6,8.7,8.65,25137,5.43495529071,4625.06104567,8721914,0.96160880658
7,"[100,200)","[2,3)",8.7,8.8,8.75,23263,5.49778714378,4231.33878988,8745177,0.964173599774
7,"[100,200)","[2,3)",8.8,8.9,8.85,21428,5.56061899685,3853.52781986,8766605,0.966536080476
7,"[100,200)","[2,3)",8.9,9,8.95,19643,5.62345084993,3493.05089067,8786248,0.968701761287
7,"[100,200)","[2,3)",9,9.1,9.05,17989,5.686282703,3163.57820031,8804237,0.970685085225
7,"[100,200)","[2,3)",9.1,9.2,9.15,16787,5.74911455607,2919.92790129,8821024,0.972535886212
7,"[100,200)","[2,3)",9.2,9.3,9.25,15741,5.81194640914,2708.38698293,8836765,0.974271363565
7,"[100,200)","[2,3)",9.3,9.4,9.35,14638,5.87477826221,2491.66851014,8851403,0.975885232919
7,"[100,200)","[2,3)",9.4,9.5,9.45,13562,5.93761011528,2284.08395578,8864965,0.977380471078
7,"[100,200)","[2,3)",9.5,9.6,9.55,13105,6.00044196836,2184.00578976,8878070,0.978825324056
7,"[100,200)","[2,3)",9.6,9.7,9.65,12035,6.06327382143,1984.90128509,8890105,0.980152207351
7,"[100,200)","[2,3)",9.7,9.8,9.75,11391,6.1261056745,1859.41944283,8901496,0.981408088332
7,"[100,200)","[2,3)",9.8,9.9,9.85,10938,6.18893752757,1767.34697212,8912434,0.98261402514
7,"[100,200)","[2,3)",9.9,10,9.95,10453,6.25176938064,1672.00665341,8922887,0.983766489708
7,"[100,200)","[2,3)",10,10.1,10.05,9832,6.31460123372,1557.02626913,8932719,0.984850487761
7,"[100,200)","[2,3)",10.1,10.2,10.15,9511,6.37743308679,1491.35237808,8942230,0.985899094908
7,"[100,200)","[2,3)",10.2,10.3,10.25,9170,6.44026493986,1423.85446649,8951400,0.98691010611
7,"[100,200)","[2,3)",10.3,10.4,10.35,8653,6.50309679293,1330.59683341,8960053,0.987864117007
7,"[100,200)","[2,3)",10.4,10.5,10.45,8475,6.565928646,1290.75420354,8968528,0.988798503042
7,"[100,200)","[2,3)",10.5,10.6,10.55,8069,6.62876049907,1217.27131356,8976597,0.989688126748
7,"[100,200)","[2,3)",10.6,10.7,10.65,8000,6.69159235215,1195.53008895,8984597,0.990570143064
7,"[100,200)","[2,3)",10.7,10.8,10.75,7616,6.75442420522,1127.55725264,8992213,0.991409822597
7,"[100,200)","[2,3)",10.8,10.9,10.85,7401,6.81725605829,1085.62740445,8999614,0.992225797941
7,"[100,200)","[2,3)",10.9,11,10.95,6972,6.88008791136,1013.35914451,9006586,0.99299447516
7,"[100,200)","[2,3)",11,11.1,11.05,7066,6.94291976443,1017.72744605,9013652,0.993773516071
7,"[100,200)","[2,3)",11.1,11.2,11.15,6868,7.00575161751,980.337353502,9020520,0.994530727078
7,"[100,200)","[2,3)",11.2,11.3,11.25,6564,7.06858347058,928.616041294,9027084,0.995254421465
7,"[100,200)","[2,3)",11.3,11.4,11.35,6436,7.13141532365,902.485650872,9033520,0.995964003591
7,"[100,200)","[2,3)",11.4,11.5,11.45,6450,7.19424717672,896.549679426,9039970,0.996675129246
7,"[100,200)","[2,3)",11.5,11.6,11.55,6265,7.25707902979,863.294994347,9046235,0.997365858273
7,"[100,200)","[2,3)",11.6,11.7,11.65,6139,7.31991088286,838.671412568,9052374,0.998042695543
7,"[100,200)","[2,3)",11.7,11.8,11.75,6029,7.38274273594,816.634171831,9058403,0.998707405089
7,"[100,200)","[2,3)",11.8,11.9,11.85,5924,7.44557458901,795.640407491,9064327,0.999360538171
7,"[100,200)","[2,3)",11.9,12,11.95,5800,7.50840644208,772.46750622,9070127,1
8,"[100,200)","[3,3.25)",0,0.1,0.05,243,0.0314159265359,7734.93023427,243,0.000247641040745
8,"[100,200)","[3,3.25)",0.1,0.2,0.15,633,0.0942477796077,6716.33859848,876,0.0008927306654
8,"[100,200)","[3,3.25)",0.2,0.3,0.25,1028,0.157079632679,6544.45125994,1904,0.00194036436863
8,"[100,200)","[3,3.25)",0.3,0.4,0.35,1490,0.219911485751,6775.45329163,3394,0.00345882177896
8,"[100,200)","[3,3.25)",0.4,0.5,0.45,1858,0.282743338823,6571.33076144,5252,0.00535230759667
8,"[100,200)","[3,3.25)",0.5,0.6,0.55,2214,0.345575191895,6406.70989101,7466,0.00760859263456
8,"[100,200)","[3,3.25)",0.6,0.7,0.65,2554,0.408407044967,6253.56499472,10020,0.0102113713097
8,"[100,200)","[3,3.25)",0.7,0.8,0.75,2993,0.471238898038,6351.34326232,13013,0.0132615344165
8,"[100,200)","[3,3.25)",0.8,0.9,0.85,3331,0.53407075111,6237.00135811,16344,0.0166561529627
8,"[100,200)","[3,3.25)",0.9,1,0.95,3669,0.596902604182,6146.73143373,20013,0.0203952269482
8,"[100,200)","[3,3.25)",1,1.1,1.05,4008,0.659734457254,6075.17154202,24021,0.0244797754721
8,"[100,200)","[3,3.25)",1.1,1.2,1.15,4550,0.722566310326,6296.99992233,28571,0.0291166756178
8,"[100,200)","[3,3.25)",1.2,1.3,1.25,4892,0.785398163397,6228.68785284,33463,0.0341021075985
8,"[100,200)","[3,3.25)",1.3,1.4,1.35,5370,0.848230016469,6330.82995854,38833,0.0395746688693
8,"[100,200)","[3,3.25)",1.4,1.5,1.45,5654,0.911061869541,6205.94516029,44487,0.0453366542371
8,"[100,200)","[3,3.25)",1.5,1.6,1.55,5923,0.973893722613,6081.77243828,50410,0.0513727772178
8,"[100,200)","[3,3.25)",1.6,1.7,1.65,6320,1.03672557568,6096.11660813,56730,0.0578134824751
8,"[100,200)","[3,3.25)",1.7,1.8,1.75,6619,1.09955742876,6019.69467614,63349,0.0645588983133
8,"[100,200)","[3,3.25)",1.8,1.9,1.85,7065,1.16238928183,6077.99823213,70414,0.0717588322757
8,"[100,200)","[3,3.25)",1.9,2,1.95,7553,1.2252211349,6164.60146243,77967,0.0794560865174
8,"[100,200)","[3,3.25)",2,2.1,2.05,8079,1.28805298797,6272.25748897,86046,0.087689386798
8,"[100,200)","[3,3.25)",2.1,2.2,2.15,8139,1.35088484104,6024.93991546,94185,0.0959838330145
8,"[100,200)","[3,3.25)",2.2,2.3,2.25,8701,1.41371669412,6154.69848819,102886,0.104851012831
8,"[100,200)","[3,3.25)",2.3,2.4,2.35,8981,1.47654854719,6082.42784642,111867,0.11400354035
8,"[100,200)","[3,3.25)",2.4,2.5,2.45,9295,1.53938040026,6038.1436573,121162,0.123476064933
8,"[100,200)","[3,3.25)",2.5,2.6,2.55,9748,1.60221225333,6084.08778533,130910,0.133410241333
8,"[100,200)","[3,3.25)",2.6,2.7,2.65,10198,1.6650441064,6124.76267793,141108,0.143803012253
8,"[100,200)","[3,3.25)",2.7,2.8,2.75,10636,1.72787595947,6155.53445355,151744,0.154642148505
8,"[100,200)","[3,3.25)",2.8,2.9,2.85,10948,1.79070781255,6113.78356832,162692,0.165799243625
8,"[100,200)","[3,3.25)",2.9,3,2.95,11070,1.85353966562,5972.35667806,173762,0.177080668814
8,"[100,200)","[3,3.25)",3,3.1,3.05,11507,1.91637151869,6004.57682019,185269,0.188807440237
8,"[100,200)","[3,3.25)",3.1,3.2,3.15,12094,1.97920337176,6110.53930715,197363,0.201132422734
8,"[100,200)","[3,3.25)",3.2,3.3,3.25,12344,2.04203522483,6044.94959239,209707,0.213712179965
8,"[100,200)","[3,3.25)",3.3,3.4,3.35,12682,2.10486707791,6025.08354714,222389,0.226636392634
8,"[100,200)","[3,3.25)",3.4,3.5,3.45,13119,2.16769893098,6052.03970557,235508,0.240005951538
8,"[100,200)","[3,3.25)",3.5,3.6,3.55,13703,2.23053078405,6143.38080335,249211,0.253970664218
8,"[100,200)","[3,3.25)",3.6,3.7,3.65,13844,2.29336263712,6036.55077305,263055,0.268079069848
8,"[100,200)","[3,3.25)",3.7,3.8,3.75,14145,2.35619449019,6003.32445343,277200,0.282494224257
8,"[100,200)","[3,3.25)",3.8,3.9,3.85,14467,2.41902634326,5980.50535509,291667,0.297237528522
8,"[100,200)","[3,3.25)",3.9,4,3.95,15015,2.48185819634,6049.90245702,306682,0.312539299003
8,"[100,200)","[3,3.25)",4,4.1,4.05,14965,2.54469004941,5880.87339104,321647,0.327790114537
8,"[100,200)","[3,3.25)",4.1,4.2,4.15,15417,2.60752190248,5912.51025939,337064,0.343501562788
8,"[100,200)","[3,3.25)",4.2,4.3,4.25,15790,2.67035375555,5913.07423864,352854,0.359593134942
8,"[100,200)","[3,3.25)",4.3,4.4,4.35,16352,2.73318560862,5982.76236653,369206,0.376257440696
8,"[100,200)","[3,3.25)",4.4,4.5,4.45,16501,2.79601746169,5901.60835047,385707,0.393073592191
8,"[100,200)","[3,3.25)",4.5,4.6,4.55,16827,2.85884931477,5885.93456573,402534,0.410221969939
8,"[100,200)","[3,3.25)",4.6,4.7,4.65,16824,2.92168116784,5758.32852167,419358,0.427367290389
8,"[100,200)","[3,3.25)",4.7,4.8,4.75,17058,2.98451302091,5715.50530371,436416,0.44475107999
8,"[100,200)","[3,3.25)",4.8,4.9,4.85,17405,3.04734487398,5711.52945261,453821,0.462488496921
8,"[100,200)","[3,3.25)",4.9,5,4.95,17567,3.11017672705,5648.23209151,471388,0.480391007879
8,"[100,200)","[3,3.25)",5,5.1,5.05,17664,3.17300858013,5566.95626688,489052,0.498392371433
8,"[100,200)","[3,3.25)",5.1,5.2,5.15,17953,3.2358404332,5548.17222006,507005,0.516688254579
8,"[100,200)","[3,3.25)",5.2,5.3,5.25,17937,3.29867228627,5437.64231284,524942,0.534967832142
8,"[100,200)","[3,3.25)",5.3,5.4,5.35,18060,3.36150413934,5372.59490138,543002,0.553372758874
8,"[100,200)","[3,3.25)",5.4,5.5,5.45,18324,3.42433599241,5351.11041691,561326,0.572046727724
8,"[100,200)","[3,3.25)",5.5,5.6,5.55,18324,3.48716784548,5254.694013,579650,0.590720696575
8,"[100,200)","[3,3.25)",5.6,5.7,5.65,18355,3.54999969856,5170.42297425,598005,0.609426257492
8,"[100,200)","[3,3.25)",5.7,5.8,5.75,18288,3.61283155163,5061.95756394,616293,0.62806353878
8,"[100,200)","[3,3.25)",5.8,5.9,5.85,18384,3.6756634047,5001.54610906,634677,0.646798653566
8,"[100,200)","[3,3.25)",5.9,6,5.95,18172,3.73849525777,4860.77920314,652849,0.665317719379
8,"[100,200)","[3,3.25)",6,6.1,6.05,17911,3.80132711084,4711.77551358,670760,0.68357080037
8,"[100,200)","[3,3.25)",6.1,6.2,6.15,17611,3.86415896392,4557.52471999,688371,0.701518151681
8,"[100,200)","[3,3.25)",6.2,6.3,6.25,17450,3.92699081699,4443.60601113,705821,0.719301428063
8,"[100,200)","[3,3.25)",6.3,6.4,6.35,17029,3.98982267006,4268.10948963,722850,0.736655663795
8,"[100,200)","[3,3.25)",6.4,6.5,6.45,16429,4.05265452313,4053.88613962,739279,0.753398440167
8,"[100,200)","[3,3.25)",6.5,6.6,6.55,15999,4.1154863762,3887.51135042,755278,0.769703003998
8,"[100,200)","[3,3.25)",6.6,6.7,6.65,15508,4.17831822927,3711.54113905,770786,0.785507190253
8,"[100,200)","[3,3.25)",6.7,6.8,6.75,14644,4.24115008235,3452.83701724,785430,0.800430875029
8,"[100,200)","[3,3.25)",6.8,6.9,6.85,14436,4.30398193542,3354.10329704,799866,0.815142587227
8,"[100,200)","[3,3.25)",6.9,7,6.95,13256,4.36681378849,3035.62291457,813122,0.828651762684
8,"[100,200)","[3,3.25)",7,7.1,7.05,12542,4.42964564156,2831.37772519,825664,0.841433301503
8,"[100,200)","[3,3.25)",7.1,7.2,7.15,11607,4.49247749463,2583.65234191,837271,0.85326198282
8,"[100,200)","[3,3.25)",7.2,7.3,7.25,10722,4.55530934771,2353.73696528,847993,0.864188761581
8,"[100,200)","[3,3.25)",7.3,7.4,7.35,10170,4.61814120078,2202.18472278,858163,0.87455299773
8,"[100,200)","[3,3.25)",7.4,7.5,7.45,9220,4.68097305385,1969.67594001,867383,0.883949089894
8,"[100,200)","[3,3.25)",7.5,7.6,7.55,8615,4.74380490692,1816.05276124,875998,0.892728627202
8,"[100,200)","[3,3.25)",7.6,7.7,7.65,8042,4.80663675999,1673.1033364,884040,0.900924220822
8,"[100,200)","[3,3.25)",7.7,7.8,7.75,7268,4.86946861306,1492.56532438,891308,0.908331031868
8,"[100,200)","[3,3.25)",7.8,7.9,7.85,6756,4.93230046614,1369.74623634,898064,0.91521606426
8,"[100,200)","[3,3.25)",7.9,8,7.95,6194,4.99513231921,1240.00719184,904258,0.921528363052
8,"[100,200)","[3,3.25)",8,8.1,8.05,5826,5.05796417228,1151.84683038,910084,0.927465633436
8,"[100,200)","[3,3.25)",8.1,8.2,8.15,5254,5.12079602535,1026.01235706,915338,0.932819979231
8,"[100,200)","[3,3.25)",8.2,8.3,8.25,4821,5.18362787842,930.043612904,920159,0.937733055187
8,"[100,200)","[3,3.25)",8.3,8.4,8.35,4425,5.24645973149,843.425896026,924584,0.942242567966
8,"[100,200)","[3,3.25)",8.4,8.5,8.45,4113,5.30929158457,774.679622411,928697,0.946434121878
8,"[100,200)","[3,3.25)",8.5,8.6,8.55,3752,5.37212343764,698.420288282,932449,0.950257781075
8,"[100,200)","[3,3.25)",8.6,8.7,8.65,3425,5.43495529071,630.179976982,935874,0.953748194921
8,"[100,200)","[3,3.25)",8.7,8.8,8.75,3313,5.49778714378,602.606087387,939187,0.957124469686
8,"[100,200)","[3,3.25)",8.8,8.9,8.85,2899,5.56061899685,521.344836185,942086,0.960078837493
8,"[100,200)","[3,3.25)",8.9,9,8.95,2652,5.62345084993,471.596546458,944738,0.962781487864
8,"[100,200)","[3,3.25)",9,9.1,9.05,2531,5.686282703,445.106255211,947269,0.965360827264
8,"[100,200)","[3,3.25)",9.1,9.2,9.15,2276,5.74911455607,395.887049702,949545,0.967680296435
8,"[100,200)","[3,3.25)",9.2,9.3,9.25,2106,5.81194640914,362.357092056,951651,0.969826518789
8,"[100,200)","[3,3.25)",9.3,9.4,9.35,2017,5.87477826221,343.332107183,953668,0.971882041337
8,"[100,200)","[3,3.25)",9.4,9.5,9.45,1795,5.93761011528,302.31018291,955463,0.973711323922
8,"[100,200)","[3,3.25)",9.5,9.6,9.55,1637,6.00044196836,272.81323753,957100,0.975379588875
8,"[100,200)","[3,3.25)",9.6,9.7,9.65,1615,6.06327382143,266.357754501,958715,0.977025433652
8,"[100,200)","[3,3.25)",9.7,9.8,9.75,1564,6.1261056745,255.300852303,960279,0.978619304383
8,"[100,200)","[3,3.25)",9.8,9.9,9.85,1396,6.18893752757,225.56375691,961675,0.980041966494
8,"[100,200)","[3,3.25)",9.9,10,9.95,1308,6.25176938064,209.220769411,962983,0.981374947899
8,"[100,200)","[3,3.25)",10,10.1,10.05,1250,6.31460123372,197.953909318,964233,0.982648821565
8,"[100,200)","[3,3.25)",10.1,10.2,10.15,1210,6.37743308679,189.731508513,965443,0.983881931274
8,"[100,200)","[3,3.25)",10.2,10.3,10.25,1180,6.44026493986,183.22227595,966623,0.985084468015
8,"[100,200)","[3,3.25)",10.3,10.4,10.35,1160,6.50309679293,178.376554576,967783,0.986266622777
8,"[100,200)","[3,3.25)",10.4,10.5,10.45,1065,6.565928646,162.200970711,968848,0.987351963141
8,"[100,200)","[3,3.25)",10.5,10.6,10.55,988,6.62876049907,149.047472772,969836,0.988358832887
8,"[100,200)","[3,3.25)",10.6,10.7,10.65,966,6.69159235215,144.360258241,970802,0.989343282457
8,"[100,200)","[3,3.25)",10.7,10.8,10.75,888,6.75442420522,131.469385549,971690,0.990248242309
8,"[100,200)","[3,3.25)",10.8,10.9,10.85,897,6.81725605829,131.577865395,972587,0.991162374052
8,"[100,200)","[3,3.25)",10.9,11,10.95,842,6.88008791136,122.382157154,973429,0.992020455354
8,"[100,200)","[3,3.25)",11,11.1,11.05,895,6.94291976443,128.908302323,974324,0.992932548899
8,"[100,200)","[3,3.25)",11.1,11.2,11.15,840,7.00575161751,119.901481791,975164,0.993788592003
8,"[100,200)","[3,3.25)",11.2,11.3,11.25,786,7.06858347058,111.196253574,975950,0.994589603764
8,"[100,200)","[3,3.25)",11.3,11.4,11.35,847,7.13141532365,118.770252686,976797,0.99545278056
8,"[100,200)","[3,3.25)",11.4,11.5,11.45,813,7.19424717672,113.006959593,977610,0.996281307993
8,"[100,200)","[3,3.25)",11.5,11.6,11.55,739,7.25707902979,101.831604281,978349,0.997034422105
8,"[100,200)","[3,3.25)",11.6,11.7,11.65,732,7.31991088286,100.001217462,979081,0.997780402524
8,"[100,200)","[3,3.25)",11.7,11.8,11.75,742,7.38274273594,100.504653425,979823,0.998536573932
8,"[100,200)","[3,3.25)",11.8,11.9,11.85,733,7.44557458901,98.4477411699,980556,0.99928357345
8,"[100,200)","[3,3.25)",11.9,12,11.95,703,7.50840644208,93.628389116,981259,1
9,"[100,200)","[3.25,3.5)",0,0.1,0.05,92,0.0314159265359,2928.45095289,92,0.000207406672633
9,"[100,200)","[3.25,3.5)",0.1,0.2,0.15,284,0.0942477796077,3013.33358921,376,0.000847662053371
9,"[100,200)","[3.25,3.5)",0.2,0.3,0.25,467,0.157079632679,2973.01433696,843,0.00190047635902
9,"[100,200)","[3.25,3.5)",0.3,0.4,0.35,632,0.219911485751,2873.88354383,1475,0.0033252700232
9,"[100,200)","[3.25,3.5)",0.4,0.5,0.45,840,0.282743338823,2970.89227105,2315,0.00521898312115
9,"[100,200)","[3.25,3.5)",0.5,0.6,0.55,1059,0.345575191895,3064.45608608,3374,0.00760641427679
9,"[100,200)","[3.25,3.5)",0.6,0.7,0.65,1165,0.408407044967,2852.54628772,4539,0.01023281399
9,"[100,200)","[3.25,3.5)",0.7,0.8,0.75,1389,0.471238898038,2947.54954606,5928,0.0133642038627
9,"[100,200)","[3.25,3.5)",0.8,0.9,0.85,1438,0.53407075111,2692.5271549,7366,0.0166060603328
9,"[100,200)","[3.25,3.5)",0.9,1,0.95,1612,0.596902604182,2700.60808699,8978,0.0202401859446
9,"[100,200)","[3.25,3.5)",1,1.1,1.05,1876,0.659734457254,2843.56831658,10854,0.02446947853
9,"[100,200)","[3.25,3.5)",1.1,1.2,1.15,2028,0.722566310326,2806.66282252,12882,0.0290414430094
9,"[100,200)","[3.25,3.5)",1.2,1.3,1.25,2032,0.785398163397,2587.2227549,14914,0.0336224251702
9,"[100,200)","[3.25,3.5)",1.3,1.4,1.35,2374,0.848230016469,2798.76914741,17288,0.0389744190922
9,"[100,200)","[3.25,3.5)",1.4,1.5,1.45,2528,0.911061869541,2774.78411128,19816,0.0446735937489
9,"[100,200)","[3.25,3.5)",1.5,1.6,1.55,2734,0.973893722613,2807.28783492,22550,0.0508371789987
9,"[100,200)","[3.25,3.5)",1.6,1.7,1.65,2823,1.03672557568,2722.99638999,25373,0.0572014076601
9,"[100,200)","[3.25,3.5)",1.7,1.8,1.75,3109,1.09955742876,2827.50124613,28482,0.0642104005429
9,"[100,200)","[3.25,3.5)",1.8,1.9,1.85,3064,1.16238928183,2635.9499764,31546,0.0711179445097
9,"[100,200)","[3.25,3.5)",1.9,2,1.95,3408,1.2252211349,2781.53869773,34954,0.0788010090786
9,"[100,200)","[3.25,3.5)",2,2.1,2.05,3477,1.28805298797,2699.42310795,38431,0.0866396286519
9,"[100,200)","[3.25,3.5)",2.1,2.2,2.15,3738,1.35088484104,2767.07524315,42169,0.0950666519378
9,"[100,200)","[3.25,3.5)",2.2,2.3,2.25,3826,1.41371669412,2706.34138786,45995,0.103692064215
9,"[100,200)","[3.25,3.5)",2.3,2.4,2.35,4018,1.47654854719,2721.21089933,50013,0.1127503252
9,"[100,200)","[3.25,3.5)",2.4,2.5,2.45,4119,1.53938040026,2675.75187998,54132,0.122036282641
9,"[100,200)","[3.25,3.5)",2.5,2.6,2.55,4413,1.60221225333,2754.31672104,58545,0.131985039667
9,"[100,200)","[3.25,3.5)",2.6,2.7,2.65,4563,1.6650441064,2740.46794464,63108,0.142271959745
9,"[100,200)","[3.25,3.5)",2.7,2.8,2.75,4649,1.72787595947,2690.58665612,67757,0.152752759974
9,"[100,200)","[3.25,3.5)",2.8,2.9,2.85,4949,1.79070781255,2763.71162583,72706,0.16390988631
9,"[100,200)","[3.25,3.5)",2.9,3,2.95,4955,1.85353966562,2673.26353566,77661,0.175080539167
9,"[100,200)","[3.25,3.5)",3,3.1,3.05,5104,1.91637151869,2663.36665423,82765,0.186587100658
9,"[100,200)","[3.25,3.5)",3.1,3.2,3.15,5309,1.97920337176,2682.39235833,88074,0.198555818321
9,"[100,200)","[3.25,3.5)",3.2,3.3,3.25,5496,2.04203522483,2691.43251456,93570,0.21094611259
9,"[100,200)","[3.25,3.5)",3.3,3.4,3.35,5497,2.10486707791,2611.56633485,99067,0.22333866128
9,"[100,200)","[3.25,3.5)",3.4,3.5,3.45,5743,2.16769893098,2649.35315414,104810,0.236285797377
9,"[100,200)","[3.25,3.5)",3.5,3.6,3.55,5825,2.23053078405,2611.48603806,110635,0.249417795943
9,"[100,200)","[3.25,3.5)",3.6,3.7,3.65,6113,2.29336263712,2665.51826608,116748,0.263199067572
9,"[100,200)","[3.25,3.5)",3.7,3.8,3.75,6230,2.35619449019,2644.09412123,122978,0.277244106382
9,"[100,200)","[3.25,3.5)",3.8,3.9,3.85,6306,2.41902634326,2606.83395101,129284,0.291460481138
9,"[100,200)","[3.25,3.5)",3.9,4,3.95,6443,2.48185819634,2596.03872998,135727,0.305985711484
9,"[100,200)","[3.25,3.5)",4,4.1,4.05,6580,2.54469004941,2585.77660628,142307,0.320819797418
9,"[100,200)","[3.25,3.5)",4.1,4.2,4.15,6861,2.60752190248,2631.23389049,149168,0.336287375471
9,"[100,200)","[3.25,3.5)",4.2,4.3,4.25,6860,2.67035375555,2568.94802261,156028,0.351752699105
9,"[100,200)","[3.25,3.5)",4.3,4.4,4.35,6955,2.73318560862,2544.64972231,162983,0.367432192672
9,"[100,200)","[3.25,3.5)",4.4,4.5,4.45,7148,2.79601746169,2556.49333308,170131,0.383546789367
9,"[100,200)","[3.25,3.5)",4.5,4.6,4.55,7314,2.85884931477,2558.37198632,177445,0.400035619842
9,"[100,200)","[3.25,3.5)",4.6,4.7,4.65,7380,2.92168116784,2525.94296778,184825,0.416673242059
9,"[100,200)","[3.25,3.5)",4.7,4.8,4.75,7470,2.98451302091,2502.92089452,192295,0.433513762109
9,"[100,200)","[3.25,3.5)",4.8,4.9,4.85,7540,3.04734487398,2474.28509467,199835,0.450512091584
9,"[100,200)","[3.25,3.5)",4.9,5,4.95,7652,3.11017672705,2460.3103526,207487,0.467762916138
9,"[100,200)","[3.25,3.5)",5,5.1,5.05,7733,3.17300858013,2437.11915828,215220,0.485196348741
9,"[100,200)","[3.25,3.5)",5.1,5.2,5.15,7678,3.2358404332,2372.79932633,222898,0.502505788224
9,"[100,200)","[3.25,3.5)",5.2,5.3,5.25,7713,3.29867228627,2338.21347822,230611,0.51989413242
9,"[100,200)","[3.25,3.5)",5.3,5.4,5.35,7592,3.36150413934,2258.51276253,238203,0.537009691753
9,"[100,200)","[3.25,3.5)",5.4,5.5,5.45,7653,3.42433599241,2234.88583391,245856,0.554262770728
9,"[100,200)","[3.25,3.5)",5.5,5.6,5.55,7479,3.48716784548,2144.72039529,253335,0.571123580561
9,"[100,200)","[3.25,3.5)",5.6,5.7,5.65,7820,3.54999969856,2202.81708846,261155,0.588753147734
9,"[100,200)","[3.25,3.5)",5.7,5.8,5.75,7647,3.61283155163,2116.62234752,268802,0.605992700187
9,"[100,200)","[3.25,3.5)",5.8,5.9,5.85,7508,3.6756634047,2042.62446621,276310,0.62291888821
9,"[100,200)","[3.25,3.5)",5.9,6,5.95,7670,3.73849525777,2051.62758574,283980,0.640210292331
9,"[100,200)","[3.25,3.5)",6,6.1,6.05,7496,3.80132711084,1971.94289821,291476,0.65710942731
9,"[100,200)","[3.25,3.5)",6.1,6.2,6.15,7334,3.86415896392,1897.95504494,298810,0.673643346191
9,"[100,200)","[3.25,3.5)",6.2,6.3,6.25,7140,3.92699081699,1818.18606988,305950,0.689739907524
9,"[100,200)","[3.25,3.5)",6.3,6.4,6.35,7083,3.98982267006,1775.26686917,313033,0.705707966896
9,"[100,200)","[3.25,3.5)",6.4,6.5,6.45,6930,4.05265452313,1709.9903188,319963,0.721331099954
9,"[100,200)","[3.25,3.5)",6.5,6.6,6.55,6715,4.1154863762,1631.6418975,326678,0.736469532636
9,"[100,200)","[3.25,3.5)",6.6,6.7,6.65,6608,4.17831822927,1581.49753978,333286,0.75136674234
9,"[100,200)","[3.25,3.5)",6.7,6.8,6.75,6429,4.24115008235,1515.86241354,339715,0.7658604108
9,"[100,200)","[3.25,3.5)",6.8,6.9,6.85,6180,4.30398193542,1435.87963257,345895,0.779792728593
9,"[100,200)","[3.25,3.5)",6.9,7,6.95,5901,4.36681378849,1351.32851681,351796,0.793096063106
9,"[100,200)","[3.25,3.5)",7,7.1,7.05,5515,4.42964564156,1245.02058319,357311,0.805529191362
9,"[100,200)","[3.25,3.5)",7.1,7.2,7.15,5283,4.49247749463,1175.96582427,362594,0.817439294096
9,"[100,200)","[3.25,3.5)",7.2,7.3,7.25,5023,4.55530934771,1102.66935055,367617,0.828763247538
9,"[100,200)","[3.25,3.5)",7.3,7.4,7.35,4762,4.61814120078,1031.15080137,372379,0.839498797267
9,"[100,200)","[3.25,3.5)",7.4,7.5,7.45,4555,4.68097305385,973.08827622,376934,0.849767681982
9,"[100,200)","[3.25,3.5)",7.5,7.6,7.55,4224,4.74380490692,890.424476318,381158,0.859290353561
9,"[100,200)","[3.25,3.5)",7.6,7.7,7.65,4060,4.80663675999,844.665449612,385218,0.868443300201
9,"[100,200)","[3.25,3.5)",7.7,7.8,7.75,3747,4.86946861306,769.488479697,388965,0.87689061327
9,"[100,200)","[3.25,3.5)",7.8,7.9,7.85,3581,4.93230046614,726.03038371,392546,0.88496369256
9,"[100,200)","[3.25,3.5)",7.9,8,7.95,3363,4.99513231921,673.255438513,395909,0.892545308213
9,"[100,200)","[3.25,3.5)",8,8.1,8.05,3256,5.05796417228,643.737260506,399165,0.899885700888
9,"[100,200)","[3.25,3.5)",8.1,8.2,8.15,2994,5.12079602535,584.674723457,402159,0.90663543543
9,"[100,200)","[3.25,3.5)",8.2,8.3,8.25,2758,5.18362787842,532.059797633,404917,0.912853126768
9,"[100,200)","[3.25,3.5)",8.3,8.4,8.35,2551,5.24645973149,486.2326465,407468,0.918604153093
9,"[100,200)","[3.25,3.5)",8.4,8.5,8.45,2414,5.30929158457,454.674594821,409882,0.924046323829
9,"[100,200)","[3.25,3.5)",8.5,8.6,8.55,2211,5.37212343764,411.569098452,412093,0.929030847234
9,"[100,200)","[3.25,3.5)",8.6,8.7,8.65,2012,5.43495529071,370.196237573,414105,0.933566740987
9,"[100,200)","[3.25,3.5)",8.7,8.8,8.75,2014,5.49778714378,366.329206157,416119,0.938107143582
9,"[100,200)","[3.25,3.5)",8.8,8.9,8.85,1898,5.56061899685,341.328906202,418017,0.942386033415
9,"[100,200)","[3.25,3.5)",8.9,9,8.95,1715,5.62345084993,304.972879779,419732,0.946252364323
9,"[100,200)","[3.25,3.5)",9,9.1,9.05,1594,5.686282703,280.32373402,421326,0.949845910369
9,"[100,200)","[3.25,3.5)",9.1,9.2,9.15,1494,5.74911455607,259.866103803,422820,0.953214014379
9,"[100,200)","[3.25,3.5)",9.2,9.3,9.25,1339,5.81194640914,230.387533838,424159,0.956232683234
9,"[100,200)","[3.25,3.5)",9.3,9.4,9.35,1288,5.87477826221,219.242317329,425447,0.959136376651
9,"[100,200)","[3.25,3.5)",9.4,9.5,9.45,1217,5.93761011528,204.964619834,426664,0.961880006222
9,"[100,200)","[3.25,3.5)",9.5,9.6,9.55,1199,6.00044196836,199.818614416,427863,0.964583056227
9,"[100,200)","[3.25,3.5)",9.6,9.7,9.65,1071,6.06327382143,176.637247722,428934,0.966997540427
9,"[100,200)","[3.25,3.5)",9.7,9.8,9.75,979,6.1261056745,159.807886448,429913,0.969204617955
9,"[100,200)","[3.25,3.5)",9.8,9.9,9.85,963,6.18893752757,155.600213398,430876,0.971375624756
9,"[100,200)","[3.25,3.5)",9.9,10,9.95,882,6.25176938064,141.080060108,431758,0.973364023509
9,"[100,200)","[3.25,3.5)",10,10.1,10.05,809,6.31460123372,128.115770111,432567,0.975187849576
9,"[100,200)","[3.25,3.5)",10.1,10.2,10.15,880,6.37743308679,137.986551646,433447,0.977171739488
9,"[100,200)","[3.25,3.5)",10.2,10.3,10.25,785,6.44026493986,121.889395441,434232,0.978941459467
9,"[100,200)","[3.25,3.5)",10.3,10.4,10.35,758,6.50309679293,116.559852042,434990,0.980650310096
9,"[100,200)","[3.25,3.5)",10.4,10.5,10.45,759,6.565928646,115.59674814,435749,0.982361415145
9,"[100,200)","[3.25,3.5)",10.5,10.6,10.55,685,6.62876049907,103.337569685,436434,0.983905693088
9,"[100,200)","[3.25,3.5)",10.6,10.7,10.65,711,6.69159235215,106.252736656,437145,0.98550858596
9,"[100,200)","[3.25,3.5)",10.7,10.8,10.75,637,6.75442420522,94.3085569763,437782,0.986944651726
9,"[100,200)","[3.25,3.5)",10.8,10.9,10.85,607,6.81725605829,89.0387561814,438389,0.988313084881
9,"[100,200)","[3.25,3.5)",10.9,11,10.95,548,6.88008791136,79.6501450359,438937,0.989548507236
9,"[100,200)","[3.25,3.5)",11,11.1,11.05,519,6.94291976443,74.7524121852,439456,0.9907185514
9,"[100,200)","[3.25,3.5)",11.1,11.2,11.15,524,7.00575161751,74.7956862602,439980,0.991899867666
9,"[100,200)","[3.25,3.5)",11.2,11.3,11.25,497,7.06858347058,70.3111170815,440477,0.993020314582
9,"[100,200)","[3.25,3.5)",11.3,11.4,11.35,503,7.13141532365,70.5329835905,440980,0.99415428802
9,"[100,200)","[3.25,3.5)",11.4,11.5,11.45,475,7.19424717672,66.0249763918,441455,0.995225137689
9,"[100,200)","[3.25,3.5)",11.5,11.6,11.55,438,7.25707902979,60.3548615361,441893,0.996212573804
9,"[100,200)","[3.25,3.5)",11.6,11.7,11.65,439,7.31991088286,59.9734077402,442332,0.99720226434
9,"[100,200)","[3.25,3.5)",11.7,11.8,11.75,409,7.38274273594,55.3994652975,442741,0.998124322265
9,"[100,200)","[3.25,3.5)",11.8,11.9,11.85,448,7.44557458901,60.1699700466,443189,0.999134302584
9,"[100,200)","[3.25,3.5)",11.9,12,11.95,384,7.50840644208,51.1426762739,443573,1
10,"[100,200)","[3.5,3.75)",0,0.1,0.05,38,0.0314159265359,1209.5775675,38,0.000178363561263
10,"[100,200)","[3.5,3.75)",0.1,0.2,0.15,109,0.0942477796077,1156.5259198,147,0.000689985355413
10,"[100,200)","[3.5,3.75)",0.2,0.3,0.25,220,0.157079632679,1400.56349921,367,0.00172261649957
10,"[100,200)","[3.5,3.75)",0.3,0.4,0.35,307,0.219911485751,1396.01621512,674,0.00316360632346
10,"[100,200)","[3.5,3.75)",0.4,0.5,0.45,411,0.282743338823,1453.61514691,1085,0.00509274905186
10,"[100,200)","[3.5,3.75)",0.5,0.6,0.55,455,0.345575191895,1316.64543831,1540,0.00722841800909
10,"[100,200)","[3.5,3.75)",0.6,0.7,0.65,534,0.408407044967,1307.51907094,2074,0.00973489542263
10,"[100,200)","[3.5,3.75)",0.7,0.8,0.75,613,0.471238898038,1300.82640154,2687,0.0126121812925
10,"[100,200)","[3.5,3.75)",0.8,0.9,0.85,715,0.53407075111,1338.77393307,3402,0.015968232511
10,"[100,200)","[3.5,3.75)",0.9,1,0.95,830,0.596902604182,1390.51160807,4232,0.0198640681912
10,"[100,200)","[3.5,3.75)",1,1.1,1.05,894,0.659734457254,1355.09065833,5126,0.0240603056588
10,"[100,200)","[3.5,3.75)",1.1,1.2,1.15,958,0.722566310326,1325.82987376,6084,0.0285569449138
10,"[100,200)","[3.5,3.75)",1.2,1.3,1.25,1007,0.785398163397,1282.15222155,7091,0.0332835792873
10,"[100,200)","[3.5,3.75)",1.3,1.4,1.35,1117,0.848230016469,1316.8597884,8208,0.0385265292328
10,"[100,200)","[3.5,3.75)",1.4,1.5,1.45,1185,0.911061869541,1300.68005216,9393,0.0440886560775
10,"[100,200)","[3.5,3.75)",1.5,1.6,1.55,1304,0.973893722613,1338.95513414,10697,0.0502093424956
10,"[100,200)","[3.5,3.75)",1.6,1.7,1.65,1398,1.03672557568,1348.47642692,12095,0.0567712440389
10,"[100,200)","[3.5,3.75)",1.7,1.8,1.75,1419,1.09955742876,1290.51922427,13514,0.0634317149187
10,"[100,200)","[3.5,3.75)",1.8,1.9,1.85,1468,1.16238928183,1262.91598086,14982,0.070322180917
10,"[100,200)","[3.5,3.75)",1.9,2,1.95,1570,1.2252211349,1281.40133669,16552,0.0776914122639
10,"[100,200)","[3.5,3.75)",2,2.1,2.05,1679,1.28805298797,1303.5178022,18231,0.085572265405
10,"[100,200)","[3.5,3.75)",2.1,2.2,2.15,1725,1.35088484104,1276.94082248,19956,0.0936690323307
10,"[100,200)","[3.5,3.75)",2.2,2.3,2.25,1815,1.41371669412,1283.84987427,21771,0.10218823927
10,"[100,200)","[3.5,3.75)",2.3,2.4,2.35,1800,1.47654854719,1219.05913858,23571,0.11063703954
10,"[100,200)","[3.5,3.75)",2.4,2.5,2.45,1923,1.53938040026,1249.20390027,25494,0.119663174496
10,"[100,200)","[3.5,3.75)",2.5,2.6,2.55,2048,1.60221225333,1278.23264099,27542,0.129276031692
10,"[100,200)","[3.5,3.75)",2.6,2.7,2.65,2076,1.6650441064,1246.81381833,29618,0.139020314671
10,"[100,200)","[3.5,3.75)",2.7,2.8,2.75,2172,1.72787595947,1257.0346778,31790,0.14921520033
10,"[100,200)","[3.5,3.75)",2.8,2.9,2.85,2286,1.79070781255,1276.59017512,34076,0.159945176674
10,"[100,200)","[3.5,3.75)",2.9,3,2.95,2322,1.85353966562,1252.73823003,36398,0.170844129023
10,"[100,200)","[3.5,3.75)",3,3.1,3.05,2421,1.91637151869,1263.32497451,38819,0.182207765386
10,"[100,200)","[3.5,3.75)",3.1,3.2,3.15,2283,1.97920337176,1153.49439708,41102,0.192923660396
10,"[100,200)","[3.5,3.75)",3.2,3.3,3.25,2564,2.04203522483,1255.61007412,43666,0.204958507003
10,"[100,200)","[3.5,3.75)",3.3,3.4,3.35,2557,2.10486707791,1214.8035507,46223,0.216960497165
10,"[100,200)","[3.5,3.75)",3.4,3.5,3.45,2697,2.16769893098,1244.17646817,48920,0.229619616237
10,"[100,200)","[3.5,3.75)",3.5,3.6,3.55,2701,2.23053078405,1210.92253885,51621,0.24229751042
10,"[100,200)","[3.5,3.75)",3.6,3.7,3.65,2707,2.29336263712,1180.36282452,54328,0.255003567271
10,"[100,200)","[3.5,3.75)",3.7,3.8,3.75,2858,2.35619449019,1212.97287295,57186,0.268418384589
10,"[100,200)","[3.5,3.75)",3.8,3.9,3.85,2897,2.41902634326,1197.58927308,60083,0.282016259247
10,"[100,200)","[3.5,3.75)",3.9,4,3.95,2907,2.48185819634,1171.29979638,62990,0.295661071683
10,"[100,200)","[3.5,3.75)",4,4.1,4.05,2953,2.54469004941,1160.45567148,65943,0.309521797905
10,"[100,200)","[3.5,3.75)",4.1,4.2,4.15,3007,2.60752190248,1153.20220211,68950,0.323635988134
10,"[100,200)","[3.5,3.75)",4.2,4.3,4.25,3062,2.67035375555,1146.6645547,72012,0.33800833615
10,"[100,200)","[3.5,3.75)",4.3,4.4,4.35,3037,2.73318560862,1111.15761418,75049,0.352263339717
10,"[100,200)","[3.5,3.75)",4.4,4.5,4.45,3145,2.79601746169,1124.81414837,78194,0.3670252713
10,"[100,200)","[3.5,3.75)",4.5,4.6,4.55,3191,2.85884931477,1116.18334815,81385,0.382003116669
10,"[100,200)","[3.5,3.75)",4.6,4.7,4.65,3329,2.92168116784,1139.41248506,84714,0.397628703391
10,"[100,200)","[3.5,3.75)",4.7,4.8,4.75,3207,2.98451302091,1074.54716315,87921,0.412681649206
10,"[100,200)","[3.5,3.75)",4.8,4.9,4.85,3225,3.04734487398,1058.29833293,91146,0.427819083024
10,"[100,200)","[3.5,3.75)",4.9,5,4.95,3239,3.11017672705,1041.41992055,94385,0.443022229732
10,"[100,200)","[3.5,3.75)",5,5.1,5.05,3283,3.17300858013,1034.66470925,97668,0.45843190267
10,"[100,200)","[3.5,3.75)",5.1,5.2,5.15,3253,3.2358404332,1005.30297064,100921,0.47370076227
10,"[100,200)","[3.5,3.75)",5.2,5.3,5.25,3308,3.29867228627,1002.82771762,104229,0.489227779655
10,"[100,200)","[3.5,3.75)",5.3,5.4,5.35,3317,3.36150413934,986.76064717,107546,0.504797041042
10,"[100,200)","[3.5,3.75)",5.4,5.5,5.45,3386,3.42433599241,988.804839099,110932,0.520690173107
10,"[100,200)","[3.5,3.75)",5.5,5.6,5.55,3336,3.48716784548,956.650252531,114268,0.536348616274
10,"[100,200)","[3.5,3.75)",5.6,5.7,5.65,3309,3.54999969856,932.112755205,117577,0.551880327438
10,"[100,200)","[3.5,3.75)",5.7,5.8,5.75,3241,3.61283155163,897.080296628,120818,0.567092861703
10,"[100,200)","[3.5,3.75)",5.8,5.9,5.85,3282,3.6756634047,892.900039705,124100,0.582497840862
10,"[100,200)","[3.5,3.75)",5.9,6,5.95,3219,3.73849525777,861.041616492,127319,0.597607112012
10,"[100,200)","[3.5,3.75)",6,6.1,6.05,3230,3.80132711084,849.703249896,130549,0.61276801472
10,"[100,200)","[3.5,3.75)",6.1,6.2,6.15,3299,3.86415896392,853.743345138,133848,0.628252788104
10,"[100,200)","[3.5,3.75)",6.2,6.3,6.25,3126,3.92699081699,796.029363368,136974,0.642925537907
10,"[100,200)","[3.5,3.75)",6.3,6.4,6.35,3125,3.98982267006,783.242830177,140099,0.657593593932
10,"[100,200)","[3.5,3.75)",6.4,6.5,6.45,3018,4.05265452313,744.69708256,143117,0.671759415719
10,"[100,200)","[3.5,3.75)",6.5,6.6,6.55,3051,4.1154863762,741.346154769,146168,0.686080132177
10,"[100,200)","[3.5,3.75)",6.6,6.7,6.65,2924,4.17831822927,699.803088121,149092,0.699804738838
10,"[100,200)","[3.5,3.75)",6.7,6.8,6.75,2923,4.24115008235,689.199849863,152015,0.713524651722
10,"[100,200)","[3.5,3.75)",6.8,6.9,6.85,2842,4.30398193542,660.318756594,154857,0.726864368593
10,"[100,200)","[3.5,3.75)",6.9,7,6.95,2670,4.36681378849,611.429781375,157527,0.739396755661
10,"[100,200)","[3.5,3.75)",7,7.1,7.05,2597,4.42964564156,586.277144978,160124,0.75158649694
10,"[100,200)","[3.5,3.75)",7.1,7.2,7.15,2478,4.49247749463,551.588739835,162602,0.763217678645
10,"[100,200)","[3.5,3.75)",7.2,7.3,7.25,2488,4.55530934771,546.175859879,165090,0.77489579813
10,"[100,200)","[3.5,3.75)",7.3,7.4,7.35,2367,4.61814120078,512.543877957,167457,0.786005970486
10,"[100,200)","[3.5,3.75)",7.4,7.5,7.45,2263,4.68097305385,483.446491566,169720,0.796627989937
10,"[100,200)","[3.5,3.75)",7.5,7.6,7.55,2299,4.74380490692,484.632071746,172019,0.807418985393
10,"[100,200)","[3.5,3.75)",7.6,7.7,7.65,2154,4.80663675999,448.130388784,174173,0.81752938305
10,"[100,200)","[3.5,3.75)",7.7,7.8,7.75,2123,4.86946861306,435.981863463,176296,0.827494273591
10,"[100,200)","[3.5,3.75)",7.8,7.9,7.85,1942,4.93230046614,393.731082146,178238,0.836609590327
10,"[100,200)","[3.5,3.75)",7.9,8,7.95,1970,4.99513231921,394.383947033,180208,0.845856332845
10,"[100,200)","[3.5,3.75)",8,8.1,8.05,1815,5.05796417228,358.840026971,182023,0.854375539784
10,"[100,200)","[3.5,3.75)",8.1,8.2,8.15,1798,5.12079602535,351.117285496,183821,0.862814952499
10,"[100,200)","[3.5,3.75)",8.2,8.3,8.25,1661,5.18362787842,320.431952092,185482,0.870611317637
10,"[100,200)","[3.5,3.75)",8.3,8.4,8.35,1567,5.24645973149,298.67759979,187049,0.87796646765
10,"[100,200)","[3.5,3.75)",8.4,8.5,8.45,1577,5.30929158457,297.02644409,188626,0.885368555443
10,"[100,200)","[3.5,3.75)",8.5,8.6,8.55,1401,5.37212343764,260.790731312,190027,0.89194453832
10,"[100,200)","[3.5,3.75)",8.6,8.7,8.65,1323,5.43495529071,243.424265561,191350,0.898154406519
10,"[100,200)","[3.5,3.75)",8.7,8.8,8.75,1318,5.49778714378,239.732817137,192668,0.904340805828
10,"[100,200)","[3.5,3.75)",8.8,8.9,8.85,1261,5.56061899685,226.773314394,193929,0.910259659795
10,"[100,200)","[3.5,3.75)",8.9,9,8.95,1209,5.62345084993,214.992543238,195138,0.91593443731
10,"[100,200)","[3.5,3.75)",9,9.1,9.05,1107,5.686282703,194.679029837,196245,0.921130449476
10,"[100,200)","[3.5,3.75)",9.1,9.2,9.15,1035,5.74911455607,180.027722514,197280,0.925988509632
10,"[100,200)","[3.5,3.75)",9.2,9.3,9.25,1064,5.81194640914,183.071199405,198344,0.930982689347
10,"[100,200)","[3.5,3.75)",9.3,9.4,9.35,989,5.87477826221,168.346779377,199333,0.935624835718
10,"[100,200)","[3.5,3.75)",9.4,9.5,9.45,884,5.93761011528,148.881449411,200217,0.939774135406
10,"[100,200)","[3.5,3.75)",9.5,9.6,9.55,869,6.00044196836,144.822665494,201086,0.943853028426
10,"[100,200)","[3.5,3.75)",9.6,9.7,9.65,815,6.06327382143,134.415832767,201901,0.947678457437
10,"[100,200)","[3.5,3.75)",9.7,9.8,9.75,788,6.1261056745,128.629841186,202689,0.951377154444
10,"[100,200)","[3.5,3.75)",9.8,9.9,9.85,724,6.18893752757,116.982922638,203413,0.954775449664
10,"[100,200)","[3.5,3.75)",9.9,10,9.95,695,6.25176938064,111.168528089,204108,0.958037625324
10,"[100,200)","[3.5,3.75)",10,10.1,10.05,660,6.31460123372,104.51966412,204768,0.961135518756
10,"[100,200)","[3.5,3.75)",10.1,10.2,10.15,658,6.37743308679,103.176307935,205426,0.964224024633
10,"[100,200)","[3.5,3.75)",10.2,10.3,10.25,603,6.44026493986,93.6296884726,206029,0.967054372724
10,"[100,200)","[3.5,3.75)",10.3,10.4,10.35,596,6.50309679293,91.6486435582,206625,0.969851864369
10,"[100,200)","[3.5,3.75)",10.4,10.5,10.45,530,6.565928646,80.7197319031,207155,0.97233956667
10,"[100,200)","[3.5,3.75)",10.5,10.6,10.55,524,6.62876049907,79.0494693651,207679,0.974799106305
10,"[100,200)","[3.5,3.75)",10.6,10.7,10.65,500,6.69159235215,74.7206305596,208179,0.977145995269
10,"[100,200)","[3.5,3.75)",10.7,10.8,10.75,468,6.75442420522,69.2879194112,208647,0.979342683339
10,"[100,200)","[3.5,3.75)",10.8,10.9,10.85,474,6.81725605829,69.5294405766,209121,0.981567534077
10,"[100,200)","[3.5,3.75)",10.9,11,10.95,416,6.88008791136,60.4643436769,209537,0.983520145695
10,"[100,200)","[3.5,3.75)",11,11.1,11.05,422,6.94291976443,60.7813447826,209959,0.98550091998
10,"[100,200)","[3.5,3.75)",11.1,11.2,11.15,402,7.00575161751,57.3814234286,210361,0.987387818708
10,"[100,200)","[3.5,3.75)",11.2,11.3,11.25,370,7.06858347058,52.3442923947,210731,0.989124516541
10,"[100,200)","[3.5,3.75)",11.3,11.4,11.35,375,7.13141532365,52.5842322991,211106,0.990884683264
10,"[100,200)","[3.5,3.75)",11.4,11.5,11.45,381,7.19424717672,52.9589810638,211487,0.992673012654
10,"[100,200)","[3.5,3.75)",11.5,11.6,11.55,336,7.25707902979,46.2996198086,211823,0.994250122038
10,"[100,200)","[3.5,3.75)",11.6,11.7,11.65,337,7.31991088286,46.0388118644,212160,0.9958319252
10,"[100,200)","[3.5,3.75)",11.7,11.8,11.75,296,7.38274273594,40.0935005576,212456,0.997221283467
10,"[100,200)","[3.5,3.75)",11.8,11.9,11.85,311,7.44557458901,41.7697783136,212767,0.998681048402
10,"[100,200)","[3.5,3.75)",11.9,12,11.95,281,7.50840644208,37.4247188358,213048,1
11,"[100,200)","[3.75,4.0)",0,0.1,0.05,19,0.0314159265359,604.788783749,19,0.000197535998337
11,"[100,200)","[3.75,4.0)",0.1,0.2,0.15,57,0.0942477796077,604.788783749,76,0.000790143993346
11,"[100,200)","[3.75,4.0)",0.2,0.3,0.25,94,0.157079632679,598.422586026,170,0.00176742735354
11,"[100,200)","[3.75,4.0)",0.3,0.4,0.35,119,0.219911485751,541.126806512,289,0.00300462650101
11,"[100,200)","[3.75,4.0)",0.4,0.5,0.45,160,0.282743338823,565.884242105,449,0.00466808753964
11,"[100,200)","[3.75,4.0)",0.5,0.6,0.55,195,0.345575191895,564.276616417,644,0.00669543068046
11,"[100,200)","[3.75,4.0)",0.6,0.7,0.65,223,0.408407044967,546.023881685,867,0.00901387950304
11,"[100,200)","[3.75,4.0)",0.7,0.8,0.75,285,0.471238898038,604.788783749,1152,0.0119769194781
11,"[100,200)","[3.75,4.0)",0.8,0.9,0.85,294,0.53407075111,550.488861988,1446,0.0150335291366
11,"[100,200)","[3.75,4.0)",0.9,1,0.95,344,0.596902604182,576.308425512,1790,0.0186099703696
11,"[100,200)","[3.75,4.0)",1,1.1,1.05,351,0.659734457254,532.032238336,2141,0.0222591880231
11,"[100,200)","[3.75,4.0)",1.1,1.2,1.15,416,0.722566310326,575.725707185,2557,0.0265841867235
11,"[100,200)","[3.75,4.0)",1.2,1.3,1.25,422,0.785398163397,537.307087878,2979,0.0309715652129
11,"[100,200)","[3.75,4.0)",1.3,1.4,1.35,501,0.848230016469,590.641677697,3480,0.0361802775901
11,"[100,200)","[3.75,4.0)",1.4,1.5,1.45,496,0.911061869541,544.419667404,3976,0.0413370068098
11,"[100,200)","[3.75,4.0)",1.5,1.6,1.55,544,0.973893722613,558.582509948,4520,0.0469927743411
11,"[100,200)","[3.75,4.0)",1.6,1.7,1.65,547,1.03672557568,527.622750735,5067,0.0526797317669
11,"[100,200)","[3.75,4.0)",1.7,1.8,1.75,604,1.09955742876,549.311917871,5671,0.0589592971877
11,"[100,200)","[3.75,4.0)",1.8,1.9,1.85,658,1.16238928183,566.075419213,6329,0.0658002807091
11,"[100,200)","[3.75,4.0)",1.9,2,1.95,684,1.2252211349,558.266569615,7013,0.0729115766492
11,"[100,200)","[3.75,4.0)",2,2.1,2.05,682,1.28805298797,529.481322872,7695,0.0800020793263
11,"[100,200)","[3.75,4.0)",2.1,2.2,2.15,718,1.35088484104,531.503484372,8413,0.0874668607371
11,"[100,200)","[3.75,4.0)",2.2,2.3,2.25,799,1.41371669412,565.176886802,9212,0.0957737692987
11,"[100,200)","[3.75,4.0)",2.3,2.4,2.35,806,1.47654854719,545.867592051,10018,0.104153454281
11,"[100,200)","[3.75,4.0)",2.4,2.5,2.45,838,1.53938040026,544.374866576,10856,0.112865831471
11,"[100,200)","[3.75,4.0)",2.5,2.6,2.55,909,1.60221225333,567.340561845,11765,0.122316369496
11,"[100,200)","[3.75,4.0)",2.6,2.7,2.65,887,1.6650441064,532.71862084,12652,0.131538181629
11,"[100,200)","[3.75,4.0)",2.7,2.8,2.75,937,1.72787595947,542.284297008,13589,0.141279825337
11,"[100,200)","[3.75,4.0)",2.8,2.9,2.85,935,1.79070781255,522.139901021,14524,0.151000675781
11,"[100,200)","[3.75,4.0)",2.9,3,2.95,1006,1.85353966562,542.745331357,15530,0.161459687061
11,"[100,200)","[3.75,4.0)",3,3.1,3.05,965,1.91637151869,503.555803553,16495,0.171492436451
11,"[100,200)","[3.75,4.0)",3.1,3.2,3.15,969,1.97920337176,489.590920178,17464,0.181566772366
11,"[100,200)","[3.75,4.0)",3.2,3.3,3.25,1073,2.04203522483,525.456165962,18537,0.192722357956
11,"[100,200)","[3.75,4.0)",3.3,3.4,3.35,1034,2.10486707791,491.242421364,19571,0.203472474918
11,"[100,200)","[3.75,4.0)",3.4,3.5,3.45,1081,2.16769893098,498.685488355,20652,0.21471123356
11,"[100,200)","[3.75,4.0)",3.5,3.6,3.55,1133,2.23053078405,507.950846544,21785,0.22649061704
11,"[100,200)","[3.75,4.0)",3.6,3.7,3.65,1150,2.29336263712,501.447080974,22935,0.238446743255
11,"[100,200)","[3.75,4.0)",3.7,3.8,3.75,1147,2.35619449019,486.80191927,24082,0.250371679576
11,"[100,200)","[3.75,4.0)",3.8,3.9,3.85,1179,2.41902634326,487.386176378,25261,0.262629308104
11,"[100,200)","[3.75,4.0)",3.9,4,3.95,1199,2.48185819634,483.105763968,26460,0.275094869262
11,"[100,200)","[3.75,4.0)",4,4.1,4.05,1214,2.54469004941,477.071854108,27674,0.287716379893
11,"[100,200)","[3.75,4.0)",4.1,4.2,4.15,1197,2.60752190248,459.056546701,28871,0.300161147788
11,"[100,200)","[3.75,4.0)",4.2,4.3,4.25,1201,2.67035375555,449.753145067,30072,0.312647502209
11,"[100,200)","[3.75,4.0)",4.3,4.4,4.35,1233,2.73318560862,451.121942143,31305,0.325466548838
11,"[100,200)","[3.75,4.0)",4.4,4.5,4.45,1269,2.79601746169,453.85982648,32574,0.338659874201
11,"[100,200)","[3.75,4.0)",4.5,4.6,4.55,1291,2.85884931477,451.580289081,33865,0.352081925456
11,"[100,200)","[3.75,4.0)",4.6,4.7,4.65,1279,2.92168116784,437.761660676,35144,0.365379217134
11,"[100,200)","[3.75,4.0)",4.7,4.8,4.75,1253,2.98451302091,419.833986725,36397,0.378406196392
11,"[100,200)","[3.75,4.0)",4.8,4.9,4.85,1295,3.04734487398,424.960105781,37692,0.391869834174
11,"[100,200)","[3.75,4.0)",4.9,5,4.95,1347,3.11017672705,433.094360292,39039,0.405874096793
11,"[100,200)","[3.75,4.0)",5,5.1,5.05,1321,3.17300858013,416.324118464,40360,0.419608046993
11,"[100,200)","[3.75,4.0)",5.1,5.2,5.15,1264,3.2358404332,390.624947705,41624,0.432749389198
11,"[100,200)","[3.75,4.0)",5.2,5.3,5.25,1266,3.29867228627,383.790777056,42890,0.445911524666
11,"[100,200)","[3.75,4.0)",5.3,5.4,5.35,1368,3.36150413934,406.960676915,44258,0.460134116546
11,"[100,200)","[3.75,4.0)",5.4,5.5,5.45,1307,3.42433599241,381.679836002,45565,0.473722513905
11,"[100,200)","[3.75,4.0)",5.5,5.6,5.55,1314,3.48716784548,376.810081482,46879,0.487383687685
11,"[100,200)","[3.75,4.0)",5.6,5.7,5.65,1314,3.54999969856,370.1408765,48193,0.501044861465
11,"[100,200)","[3.75,4.0)",5.7,5.8,5.75,1331,3.61283155163,368.409094357,49524,0.51488277798
11,"[100,200)","[3.75,4.0)",5.8,5.9,5.85,1269,3.6756634047,345.24379963,50793,0.528076103343
11,"[100,200)","[3.75,4.0)",5.9,6,5.95,1305,3.73849525777,349.070925605,52098,0.541643707439
11,"[100,200)","[3.75,4.0)",6,6.1,6.05,1286,3.80132711084,338.302903828,53384,0.555013775537
11,"[100,200)","[3.75,4.0)",6.1,6.2,6.15,1324,3.86415896392,342.636007567,54708,0.568778915631
11,"[100,200)","[3.75,4.0)",6.2,6.3,6.25,1210,3.92699081699,308.123969826,55918,0.581358839736
11,"[100,200)","[3.75,4.0)",6.3,6.4,6.35,1305,3.98982267006,327.082205882,57223,0.594926443832
11,"[100,200)","[3.75,4.0)",6.4,6.5,6.45,1292,4.05265452313,318.803389883,58515,0.608358891719
11,"[100,200)","[3.75,4.0)",6.5,6.6,6.55,1249,4.1154863762,303.487822781,59764,0.621344284452
11,"[100,200)","[3.75,4.0)",6.6,6.7,6.65,1195,4.17831822927,286.000236082,60959,0.633768259084
11,"[100,200)","[3.75,4.0)",6.7,6.8,6.75,1211,4.24115008235,285.535757162,62170,0.64635857982
11,"[100,200)","[3.75,4.0)",6.8,6.9,6.85,1157,4.30398193542,268.820830887,63327,0.658387482456
11,"[100,200)","[3.75,4.0)",6.9,7,6.95,1128,4.36681378849,258.311907637,64455,0.670114882778
11,"[100,200)","[3.75,4.0)",7,7.1,7.05,1166,4.42964564156,263.226473256,65621,0.682237355097
11,"[100,200)","[3.75,4.0)",7.1,7.2,7.15,1121,4.49247749463,249.528239449,66742,0.693891978999
11,"[100,200)","[3.75,4.0)",7.2,7.3,7.25,1079,4.55530934771,236.866460133,67821,0.705109944378
11,"[100,200)","[3.75,4.0)",7.3,7.4,7.35,1110,4.61814120078,240.356444669,68931,0.716650205333
11,"[100,200)","[3.75,4.0)",7.4,7.5,7.45,1051,4.68097305385,224.525966697,69982,0.727577065031
11,"[100,200)","[3.75,4.0)",7.5,7.6,7.55,1069,4.74380490692,225.346535318,71051,0.738691064095
11,"[100,200)","[3.75,4.0)",7.6,7.7,7.65,1109,4.80663675999,230.722656064,72160,0.750220928419
11,"[100,200)","[3.75,4.0)",7.7,7.8,7.75,1052,4.86946861306,216.040000171,73212,0.761158184748
11,"[100,200)","[3.75,4.0)",7.8,7.9,7.85,1002,4.93230046614,203.150640736,74214,0.771575609503
11,"[100,200)","[3.75,4.0)",7.9,8,7.95,1008,4.99513231921,201.796456147,75222,0.782055414046
11,"[100,200)","[3.75,4.0)",8,8.1,8.05,952,5.05796417228,188.218019657,76174,0.791953007226
11,"[100,200)","[3.75,4.0)",8.1,8.2,8.15,916,5.12079602535,178.878439107,77090,0.801476321672
11,"[100,200)","[3.75,4.0)",8.2,8.3,8.25,944,5.18362787842,182.111837914,78034,0.8112907418
11,"[100,200)","[3.75,4.0)",8.3,8.4,8.35,857,5.24645973149,163.348246982,78891,0.820200654988
11,"[100,200)","[3.75,4.0)",8.4,8.5,8.45,861,5.30929158457,162.168527813,79752,0.829152154702
11,"[100,200)","[3.75,4.0)",8.5,8.6,8.55,837,5.37212343764,155.804312711,80589,0.83785413526
11,"[100,200)","[3.75,4.0)",8.6,8.7,8.65,838,5.43495529071,154.187100938,81427,0.84656651245
11,"[100,200)","[3.75,4.0)",8.7,8.8,8.75,725,5.49778714378,131.871238562,82152,0.854104070281
11,"[100,200)","[3.75,4.0)",8.8,8.9,8.85,772,5.56061899685,138.833464482,82924,0.862130269793
11,"[100,200)","[3.75,4.0)",8.9,9,8.95,708,5.62345084993,125.901340457,83632,0.869491084888
11,"[100,200)","[3.75,4.0)",9,9.1,9.05,717,5.686282703,126.092921765,84349,0.876945469668
11,"[100,200)","[3.75,4.0)",9.1,9.2,9.15,690,5.74911455607,120.018481676,85039,0.884119145397
11,"[100,200)","[3.75,4.0)",9.2,9.3,9.25,630,5.81194640914,108.3974207,85669,0.890669023236
11,"[100,200)","[3.75,4.0)",9.3,9.4,9.35,608,5.87477826221,103.493267807,86277,0.896990175183
11,"[100,200)","[3.75,4.0)",9.4,9.5,9.45,627,5.93761011528,105.598041607,86904,0.903508863128
11,"[100,200)","[3.75,4.0)",9.5,9.6,9.55,558,6.00044196836,92.9931499951,87462,0.909310183501
11,"[100,200)","[3.75,4.0)",9.6,9.7,9.65,547,6.06327382143,90.2152889858,88009,0.914997140926
11,"[100,200)","[3.75,4.0)",9.7,9.8,9.75,500,6.1261056745,81.6179195343,88509,0.920195456672
11,"[100,200)","[3.75,4.0)",9.8,9.9,9.85,524,6.18893752757,84.6671981524,89033,0.925643291574
11,"[100,200)","[3.75,4.0)",9.9,10,9.95,479,6.25176938064,76.6183092875,89512,0.930623278058
11,"[100,200)","[3.75,4.0)",10,10.1,10.05,478,6.31460123372,75.6975749233,89990,0.935592867911
11,"[100,200)","[3.75,4.0)",10.1,10.2,10.15,469,6.37743308679,73.5405599114,90459,0.94046888808
11,"[100,200)","[3.75,4.0)",10.2,10.3,10.25,444,6.44026493986,68.941263154,90903,0.945084992462
11,"[100,200)","[3.75,4.0)",10.3,10.4,10.35,435,6.50309679293,66.8912079662,91338,0.949607527161
11,"[100,200)","[3.75,4.0)",10.4,10.5,10.45,397,6.565928646,60.4636482368,91735,0.953734989863
11,"[100,200)","[3.75,4.0)",10.5,10.6,10.55,405,6.62876049907,61.0973952154,92140,0.957945625617
11,"[100,200)","[3.75,4.0)",10.6,10.7,10.65,350,6.69159235215,52.3044413917,92490,0.961584446639
11,"[100,200)","[3.75,4.0)",10.7,10.8,10.75,389,6.75442420522,57.5918817328,92879,0.965628736289
11,"[100,200)","[3.75,4.0)",10.8,10.9,10.85,338,6.81725605829,49.5800652213,93217,0.969142797734
11,"[100,200)","[3.75,4.0)",10.9,11,10.95,309,6.88008791136,44.9122168177,93526,0.972355356864
11,"[100,200)","[3.75,4.0)",11,11.1,11.05,302,6.94291976443,43.4975500577,93828,0.975495139575
11,"[100,200)","[3.75,4.0)",11.1,11.2,11.15,296,7.00575161751,42.2509983455,94124,0.978572542496
11,"[100,200)","[3.75,4.0)",11.2,11.3,11.25,320,7.06858347058,45.2707393684,94444,0.981899464573
11,"[100,200)","[3.75,4.0)",11.3,11.4,11.35,291,7.13141532365,40.8053642641,94735,0.984924884337
11,"[100,200)","[3.75,4.0)",11.4,11.5,11.45,243,7.19424717672,33.7769879226,94978,0.98745126579
11,"[100,200)","[3.75,4.0)",11.5,11.6,11.55,248,7.25707902979,34.1735289063,95226,0.9900296304
11,"[100,200)","[3.75,4.0)",11.6,11.7,11.65,236,7.31991088286,32.2408296736,95462,0.992483235432
11,"[100,200)","[3.75,4.0)",11.7,11.8,11.75,246,7.38274273594,33.3209497878,95708,0.995040806779
11,"[100,200)","[3.75,4.0)",11.8,11.9,11.85,229,7.44557458901,30.7565248675,95937,0.99742163539
11,"[100,200)","[3.75,4.0)",11.9,12,11.95,248,7.50840644208,33.0296450935,96185,1
12,"[100,200)","[4.0,4.25)",0,0.1,0.05,9,0.0314159265359,286.478897565,9,0.000224539693628
12,"[100,200)","[4.0,4.25)",0.1,0.2,0.15,17,0.0942477796077,180.375602171,26,0.000648670226037
12,"[100,200)","[4.0,4.25)",0.2,0.3,0.25,26,0.157079632679,165.521140816,52,0.00129734045207
12,"[100,200)","[4.0,4.25)",0.3,0.4,0.35,45,0.219911485751,204.627783975,97,0.00242003892021
12,"[100,200)","[4.0,4.25)",0.4,0.5,0.45,78,0.282743338823,275.868568026,175,0.00436604959832
12,"[100,200)","[4.0,4.25)",0.5,0.6,0.55,83,0.345575191895,240.179277757,258,0.00643680455067
12,"[100,200)","[4.0,4.25)",0.6,0.7,0.65,102,0.408407044967,249.750833775,360,0.00898158774512
12,"[100,200)","[4.0,4.25)",0.7,0.8,0.75,101,0.471238898038,214.328656697,461,0.0115014220847
12,"[100,200)","[4.0,4.25)",0.8,0.9,0.85,118,0.53407075111,220.944509233,579,0.0144453869567
12,"[100,200)","[4.0,4.25)",0.9,1,0.95,151,0.596902604182,252.972593757,730,0.0182126640387
12,"[100,200)","[4.0,4.25)",1,1.1,1.05,148,0.659734457254,224.332681691,878,0.0219050945562
12,"[100,200)","[4.0,4.25)",1.1,1.2,1.15,153,0.722566310326,211.745272114,1031,0.0257222693478
12,"[100,200)","[4.0,4.25)",1.2,1.3,1.25,174,0.785398163397,221.543680784,1205,0.0300633700913
12,"[100,200)","[4.0,4.25)",1.3,1.4,1.35,182,0.848230016469,214.564441798,1387,0.0346040616736
12,"[100,200)","[4.0,4.25)",1.4,1.5,1.45,171,0.911061869541,187.693070819,1558,0.0388703158525
12,"[100,200)","[4.0,4.25)",1.5,1.6,1.55,212,0.973893722613,217.682889906,1770,0.0441594730802
12,"[100,200)","[4.0,4.25)",1.6,1.7,1.65,222,1.03672557568,214.135741615,1992,0.0496981188563
12,"[100,200)","[4.0,4.25)",1.7,1.8,1.75,232,1.09955742876,210.993981699,2224,0.055486253181
12,"[100,200)","[4.0,4.25)",1.8,1.9,1.85,252,1.16238928183,216.794841401,2476,0.0617733646026
12,"[100,200)","[4.0,4.25)",1.9,2,1.95,249,1.2252211349,203.22861964,2725,0.0679856294596
12,"[100,200)","[4.0,4.25)",2,2.1,2.05,253,1.28805298797,196.420490743,2978,0.074297689736
12,"[100,200)","[4.0,4.25)",2.1,2.2,2.15,268,1.35088484104,198.388487203,3246,0.0809839828352
12,"[100,200)","[4.0,4.25)",2.2,2.3,2.25,281,1.41371669412,198.766840039,3527,0.0879946110474
12,"[100,200)","[4.0,4.25)",2.3,2.4,2.35,319,1.47654854719,216.044369559,3846,0.0959532957437
12,"[100,200)","[4.0,4.25)",2.4,2.5,2.45,315,1.53938040026,204.627783975,4161,0.103812185021
12,"[100,200)","[4.0,4.25)",2.5,2.6,2.55,326,1.60221225333,203.468672345,4487,0.111945511701
12,"[100,200)","[4.0,4.25)",2.6,2.7,2.65,330,1.6650441064,198.192948001,4817,0.120178633801
12,"[100,200)","[4.0,4.25)",2.7,2.8,2.75,340,1.72787595947,196.773384186,5157,0.128661244449
12,"[100,200)","[4.0,4.25)",2.8,2.9,2.85,343,1.79070781255,191.544370107,5500,0.137218701662
12,"[100,200)","[4.0,4.25)",2.9,3,2.95,362,1.85353966562,195.301997964,5862,0.146250187116
12,"[100,200)","[4.0,4.25)",3,3.1,3.05,364,1.91637151869,189.942292739,6226,0.155331570281
12,"[100,200)","[4.0,4.25)",3.1,3.2,3.15,370,1.97920337176,186.94390141,6596,0.164562646575
12,"[100,200)","[4.0,4.25)",3.2,3.3,3.25,371,2.04203522483,181.681488883,6967,0.173818671723
12,"[100,200)","[4.0,4.25)",3.3,3.4,3.35,352,2.10486707791,167.231462592,7319,0.182600668629
12,"[100,200)","[4.0,4.25)",3.4,3.5,3.45,412,2.16769893098,190.063294359,7731,0.192879596827
12,"[100,200)","[4.0,4.25)",3.5,3.6,3.55,422,2.23053078405,189.192636577,8153,0.203408013572
12,"[100,200)","[4.0,4.25)",3.6,3.7,3.65,399,2.29336263712,173.980335051,8552,0.213362606656
12,"[100,200)","[4.0,4.25)",3.7,3.8,3.75,413,2.35619449019,175.282643992,8965,0.223666483708
12,"[100,200)","[4.0,4.25)",3.8,3.9,3.85,414,2.41902634326,171.143237507,9379,0.233995309615
12,"[100,200)","[4.0,4.25)",3.9,4,3.95,411,2.48185819634,165.601725597,9790,0.244249288958
12,"[100,200)","[4.0,4.25)",4,4.1,4.05,452,2.54469004941,177.624775994,10242,0.255526171349
12,"[100,200)","[4.0,4.25)",4.1,4.2,4.15,439,2.60752190248,168.359084379,10681,0.266478718627
12,"[100,200)","[4.0,4.25)",4.2,4.3,4.25,460,2.67035375555,172.261820758,11141,0.277955191857
12,"[100,200)","[4.0,4.25)",4.3,4.4,4.35,432,2.73318560862,158.057322795,11573,0.288733097151
12,"[100,200)","[4.0,4.25)",4.4,4.5,4.45,458,2.79601746169,163.80441334,12031,0.300159672671
12,"[100,200)","[4.0,4.25)",4.5,4.6,4.55,455,2.85884931477,159.154943092,12486,0.311511401627
12,"[100,200)","[4.0,4.25)",4.6,4.7,4.65,477,2.92168116784,163.26216743,12963,0.323412005389
12,"[100,200)","[4.0,4.25)",4.7,4.8,4.75,480,2.98451302091,160.830258282,13443,0.335387455716
12,"[100,200)","[4.0,4.25)",4.8,4.9,4.85,443,3.04734487398,145.372453175,13886,0.346439798413
12,"[100,200)","[4.0,4.25)",4.9,5,4.95,484,3.11017672705,155.618166579,14370,0.358515044159
12,"[100,200)","[4.0,4.25)",5,5.1,5.05,441,3.17300858013,138.98481169,14811,0.369517489147
12,"[100,200)","[4.0,4.25)",5.1,5.2,5.15,504,3.2358404332,155.755517123,15315,0.38209171199
12,"[100,200)","[4.0,4.25)",5.2,5.3,5.25,480,3.29867228627,145.513090827,15795,0.394067162317
12,"[100,200)","[4.0,4.25)",5.3,5.4,5.35,504,3.36150413934,149.932880969,16299,0.40664138516
12,"[100,200)","[4.0,4.25)",5.4,5.5,5.45,484,3.42433599241,141.341270562,16783,0.418716630907
12,"[100,200)","[4.0,4.25)",5.5,5.6,5.55,486,3.48716784548,139.368112329,17269,0.430841774363
12,"[100,200)","[4.0,4.25)",5.6,5.7,5.65,517,3.54999969856,145.633815183,17786,0.443740332319
12,"[100,200)","[4.0,4.25)",5.7,5.8,5.75,503,3.61283155163,139.225976305,18289,0.456289606307
12,"[100,200)","[4.0,4.25)",5.8,5.9,5.85,503,3.6756634047,136.846045086,18792,0.468838880295
12,"[100,200)","[4.0,4.25)",5.9,6,5.95,465,3.73849525777,124.381594181,19257,0.4804400978
12,"[100,200)","[4.0,4.25)",6,6.1,6.05,458,3.80132711084,120.484237911,19715,0.49186667332
12,"[100,200)","[4.0,4.25)",6.1,6.2,6.15,474,3.86415896392,122.665761017,20189,0.503692430517
12,"[100,200)","[4.0,4.25)",6.2,6.3,6.25,461,3.92699081699,117.392686025,20650,0.515193852602
12,"[100,200)","[4.0,4.25)",6.3,6.4,6.35,478,3.98982267006,119.804823304,21128,0.527119405219
12,"[100,200)","[4.0,4.25)",6.4,6.5,6.45,492,4.05265452313,121.401910079,21620,0.539394241804
12,"[100,200)","[4.0,4.25)",6.5,6.6,6.55,470,4.1154863762,114.202783593,22090,0.551120203583
12,"[100,200)","[4.0,4.25)",6.6,6.7,6.65,492,4.17831822927,117.750724814,22582,0.563395040168
12,"[100,200)","[4.0,4.25)",6.7,6.8,6.75,496,4.24115008235,116.949410035,23078,0.575769672172
12,"[100,200)","[4.0,4.25)",6.8,6.9,6.85,482,4.30398193542,111.989317621,23560,0.587795020209
12,"[100,200)","[4.0,4.25)",6.9,7,6.95,493,4.36681378849,112.896959632,24053,0.600094805648
12,"[100,200)","[4.0,4.25)",7,7.1,7.05,442,4.42964564156,99.7822480094,24495,0.611122199491
12,"[100,200)","[4.0,4.25)",7.1,7.2,7.15,479,4.49247749463,106.622682155,24974,0.623072700963
12,"[100,200)","[4.0,4.25)",7.2,7.3,7.25,492,4.55530934771,108.005837243,25466,0.635347537548
12,"[100,200)","[4.0,4.25)",7.3,7.4,7.35,471,4.61814120078,101.989085981,25937,0.647098448181
12,"[100,200)","[4.0,4.25)",7.4,7.5,7.45,432,4.68097305385,92.2885039137,26369,0.657876353475
12,"[100,200)","[4.0,4.25)",7.5,7.6,7.55,440,4.74380490692,92.7525496165,26809,0.668853849608
12,"[100,200)","[4.0,4.25)",7.6,7.7,7.65,408,4.80663675999,84.8826363157,27217,0.679032982386
12,"[100,200)","[4.0,4.25)",7.7,7.8,7.75,426,4.86946861306,87.4838783963,27643,0.689661194551
12,"[100,200)","[4.0,4.25)",7.8,7.9,7.85,431,4.93230046614,87.3831598377,28074,0.70041415099
12,"[100,200)","[4.0,4.25)",7.9,8,7.95,422,4.99513231921,84.4822465217,28496,0.710942567736
12,"[100,200)","[4.0,4.25)",8,8.1,8.05,436,5.05796417228,86.2006896746,28932,0.72182026845
12,"[100,200)","[4.0,4.25)",8.1,8.2,8.15,392,5.12079602535,76.5505983951,29324,0.73160021955
12,"[100,200)","[4.0,4.25)",8.2,8.3,8.25,397,5.18362787842,76.5872877666,29721,0.741504914924
12,"[100,200)","[4.0,4.25)",8.3,8.4,8.35,410,5.24645973149,78.147936129,30131,0.751733945412
12,"[100,200)","[4.0,4.25)",8.4,8.5,8.45,381,5.30929158457,71.7609861752,30512,0.761239459109
12,"[100,200)","[4.0,4.25)",8.5,8.6,8.55,407,5.37212343764,75.7614758344,30919,0.771393643032
12,"[100,200)","[4.0,4.25)",8.6,8.7,8.65,414,5.43495529071,76.1735796995,31333,0.781722468939
12,"[100,200)","[4.0,4.25)",8.7,8.8,8.75,370,5.49778714378,67.2998045074,31703,0.790953545232
12,"[100,200)","[4.0,4.25)",8.8,8.9,8.85,376,5.56061899685,67.6183713023,32079,0.800334314655
12,"[100,200)","[4.0,4.25)",8.9,9,8.95,356,5.62345084993,63.3063237326,32435,0.809216106981
12,"[100,200)","[4.0,4.25)",9,9.1,9.05,374,5.686282703,65.7723190236,32809,0.818546978694
12,"[100,200)","[4.0,4.25)",9.1,9.2,9.15,349,5.74911455607,60.705000152,33158,0.827254129035
12,"[100,200)","[4.0,4.25)",9.2,9.3,9.25,374,5.81194640914,64.3502148285,33532,0.836585000748
12,"[100,200)","[4.0,4.25)",9.3,9.4,9.35,313,5.87477826221,53.2786066179,33845,0.844393992316
12,"[100,200)","[4.0,4.25)",9.4,9.5,9.45,317,5.93761011528,53.3884835557,34162,0.852302779302
12,"[100,200)","[4.0,4.25)",9.5,9.6,9.55,319,6.00044196836,53.1627506244,34481,0.860261463999
12,"[100,200)","[4.0,4.25)",9.6,9.7,9.65,313,6.06327382143,51.6222768785,34794,0.868070455566
12,"[100,200)","[4.0,4.25)",9.7,9.8,9.75,309,6.1261056745,50.4398742722,35103,0.875779651714
12,"[100,200)","[4.0,4.25)",9.8,9.9,9.85,343,6.18893752757,55.4214674929,35446,0.884337108927
12,"[100,200)","[4.0,4.25)",9.9,10,9.95,272,6.25176938064,43.5076829357,35718,0.891123197445
12,"[100,200)","[4.0,4.25)",10,10.1,10.05,277,6.31460123372,43.8665863049,35995,0.898034030238
12,"[100,200)","[4.0,4.25)",10.1,10.2,10.15,293,6.37743308679,45.9432495822,36288,0.905344044708
12,"[100,200)","[4.0,4.25)",10.2,10.3,10.25,292,6.44026493986,45.3397496418,36580,0.912629110324
12,"[100,200)","[4.0,4.25)",10.3,10.4,10.35,241,6.50309679293,37.0592669422,36821,0.918641784342
12,"[100,200)","[4.0,4.25)",10.4,10.5,10.45,272,6.565928646,41.4259756182,37093,0.925427872861
12,"[100,200)","[4.0,4.25)",10.5,10.6,10.55,260,6.62876049907,39.2230191506,37353,0.931914575121
12,"[100,200)","[4.0,4.25)",10.6,10.7,10.65,220,6.69159235215,32.8770774462,37573,0.937403323187
12,"[100,200)","[4.0,4.25)",10.7,10.8,10.75,222,6.75442420522,32.8673463873,37795,0.942941968964
12,"[100,200)","[4.0,4.25)",10.8,10.9,10.85,222,6.81725605829,32.5644215359,38017,0.94848061474
12,"[100,200)","[4.0,4.25)",10.9,11,10.95,216,6.88008791136,31.3949476784,38233,0.953869567387
12,"[100,200)","[4.0,4.25)",11,11.1,11.05,216,6.94291976443,31.1108305048,38449,0.959258520034
12,"[100,200)","[4.0,4.25)",11.1,11.2,11.15,178,7.00575161751,25.407694951,38627,0.963699416197
12,"[100,200)","[4.0,4.25)",11.2,11.3,11.25,198,7.06858347058,28.0112699842,38825,0.968639289457
12,"[100,200)","[4.0,4.25)",11.3,11.4,11.35,179,7.13141532365,25.1002068841,39004,0.973105134474
12,"[100,200)","[4.0,4.25)",11.4,11.5,11.45,207,7.19424717672,28.7729897118,39211,0.978269547428
12,"[100,200)","[4.0,4.25)",11.5,11.6,11.55,195,7.25707902979,26.8703150675,39406,0.983134574123
12,"[100,200)","[4.0,4.25)",11.6,11.7,11.65,189,7.31991088286,25.8199864759,39595,0.987849907689
12,"[100,200)","[4.0,4.25)",11.7,11.8,11.75,157,7.38274273594,21.2658094174,39752,0.9917668779
12,"[100,200)","[4.0,4.25)",11.8,11.9,11.85,172,7.44557458901,23.1009706429,39924,0.996058080934
12,"[100,200)","[4.0,4.25)",11.9,12,11.95,158,7.50840644208,21.0430803419,40082,1
13,"[100,200)","[4.25,4.5)",0,0.1,0.05,2,0.0314159265359,63.6619772368,2,0.000124146492862
13,"[100,200)","[4.25,4.5)",0.1,0.2,0.15,4,0.0942477796077,42.4413181578,6,0.000372439478585
13,"[100,200)","[4.25,4.5)",0.2,0.3,0.25,8,0.157079632679,50.9295817894,14,0.000869025450031
13,"[100,200)","[4.25,4.5)",0.3,0.4,0.35,14,0.219911485751,63.6619772368,28,0.00173805090006
13,"[100,200)","[4.25,4.5)",0.4,0.5,0.45,29,0.282743338823,102.566518881,57,0.00353817504655
13,"[100,200)","[4.25,4.5)",0.5,0.6,0.55,34,0.345575191895,98.3866920932,91,0.0056486654252
13,"[100,200)","[4.25,4.5)",0.6,0.7,0.65,26,0.408407044967,63.6619772368,117,0.0072625698324
13,"[100,200)","[4.25,4.5)",0.7,0.8,0.75,37,0.471238898038,78.516438592,154,0.00955927995034
13,"[100,200)","[4.25,4.5)",0.8,0.9,0.85,52,0.53407075111,97.3653769503,206,0.0127870887647
13,"[100,200)","[4.25,4.5)",0.9,1,0.95,49,0.596902604182,82.0904443316,255,0.0158286778399
13,"[100,200)","[4.25,4.5)",1,1.1,1.05,38,0.659734457254,57.5989317856,293,0.0181874612042
13,"[100,200)","[4.25,4.5)",1.1,1.2,1.15,51,0.722566310326,70.5817573712,344,0.0213531967722
13,"[100,200)","[4.25,4.5)",1.2,1.3,1.25,53,0.785398163397,67.481695871,397,0.024643078833
13,"[100,200)","[4.25,4.5)",1.3,1.4,1.35,55,0.848230016469,64.8409027411,452,0.0280571073867
13,"[100,200)","[4.25,4.5)",1.4,1.5,1.45,54,0.911061869541,59.271496048,506,0.031409062694
13,"[100,200)","[4.25,4.5)",1.5,1.6,1.55,90,0.973893722613,92.4125476017,596,0.0369956548727
13,"[100,200)","[4.25,4.5)",1.6,1.7,1.65,69,1.03672557568,66.5557034748,665,0.0412787088765
13,"[100,200)","[4.25,4.5)",1.7,1.8,1.75,91,1.09955742876,82.7605704078,756,0.0469273743017
13,"[100,200)","[4.25,4.5)",1.8,1.9,1.85,88,1.16238928183,75.7061350924,844,0.0523898199876
13,"[100,200)","[4.25,4.5)",1.9,2,1.95,92,1.2252211349,75.0884859716,936,0.0581005586592
13,"[100,200)","[4.25,4.5)",2,2.1,2.05,86,1.28805298797,66.767439541,1022,0.0634388578523
13,"[100,200)","[4.25,4.5)",2.1,2.2,2.15,80,1.35088484104,59.2204439412,1102,0.0684047175667
13,"[100,200)","[4.25,4.5)",2.2,2.3,2.25,114,1.41371669412,80.6385044999,1216,0.0754810676598
13,"[100,200)","[4.25,4.5)",2.3,2.4,2.35,93,1.47654854719,62.9847221598,1309,0.0812538795779
13,"[100,200)","[4.25,4.5)",2.4,2.5,2.45,117,1.53938040026,76.0046054765,1426,0.0885164494103
13,"[100,200)","[4.25,4.5)",2.5,2.6,2.55,120,1.60221225333,74.896443808,1546,0.095965238982
13,"[100,200)","[4.25,4.5)",2.6,2.7,2.65,113,1.6650441064,67.8660700731,1659,0.102979515829
13,"[100,200)","[4.25,4.5)",2.7,2.8,2.75,106,1.72787595947,61.3469962463,1765,0.10955927995
13,"[100,200)","[4.25,4.5)",2.8,2.9,2.85,113,1.79070781255,63.1035388399,1878,0.116573556797
13,"[100,200)","[4.25,4.5)",2.9,3,2.95,114,1.85353966562,61.5039441101,1992,0.12364990689
13,"[100,200)","[4.25,4.5)",3,3.1,3.05,114,1.91637151869,59.4874213524,2106,0.130726256983
13,"[100,200)","[4.25,4.5)",3.1,3.2,3.15,139,1.97920337176,70.2302764755,2245,0.139354438237
13,"[100,200)","[4.25,4.5)",3.2,3.3,3.25,147,2.04203522483,71.9870050293,2392,0.148479205462
13,"[100,200)","[4.25,4.5)",3.3,3.4,3.35,142,2.10486707791,67.4626922957,2534,0.157293606456
13,"[100,200)","[4.25,4.5)",3.4,3.5,3.45,152,2.16769893098,70.1204386956,2686,0.166728739913
13,"[100,200)","[4.25,4.5)",3.5,3.6,3.55,144,2.23053078405,64.5586248035,2830,0.175667287399
13,"[100,200)","[4.25,4.5)",3.6,3.7,3.65,147,2.29336263712,64.0980181767,2977,0.184792054624
13,"[100,200)","[4.25,4.5)",3.7,3.8,3.75,123,2.35619449019,52.2028213341,3100,0.192427063935
13,"[100,200)","[4.25,4.5)",3.8,3.9,3.85,141,2.41902634326,58.2879142233,3241,0.201179391682
13,"[100,200)","[4.25,4.5)",3.9,4,3.95,156,2.48185819634,62.8561294236,3397,0.210862818125
13,"[100,200)","[4.25,4.5)",4,4.1,4.05,162,2.54469004941,63.6619772368,3559,0.220918684047
13,"[100,200)","[4.25,4.5)",4.1,4.2,4.15,159,2.60752190248,60.977436028,3718,0.23078833023
13,"[100,200)","[4.25,4.5)",4.2,4.3,4.25,164,2.67035375555,61.4150839225,3882,0.240968342644
13,"[100,200)","[4.25,4.5)",4.3,4.4,4.35,141,2.73318560862,51.5881539677,4023,0.249720670391
13,"[100,200)","[4.25,4.5)",4.4,4.5,4.45,183,2.79601746169,65.4502350243,4206,0.261080074488
13,"[100,200)","[4.25,4.5)",4.5,4.6,4.55,148,2.85884931477,51.7690803903,4354,0.27026691496
13,"[100,200)","[4.25,4.5)",4.6,4.7,4.65,190,2.92168116784,65.031052016,4544,0.282060831782
13,"[100,200)","[4.25,4.5)",4.7,4.8,4.75,168,2.98451302091,56.2905903988,4712,0.292489137182
13,"[100,200)","[4.25,4.5)",4.8,4.9,4.85,145,3.04734487398,47.5824056666,4857,0.301489757914
13,"[100,200)","[4.25,4.5)",4.9,5,4.95,176,3.11017672705,56.5884242105,5033,0.312414649286
13,"[100,200)","[4.25,4.5)",5,5.1,5.05,171,3.17300858013,53.892069839,5204,0.323029174426
13,"[100,200)","[4.25,4.5)",5.1,5.2,5.15,149,3.2358404332,46.0467699431,5353,0.332278088144
13,"[100,200)","[4.25,4.5)",5.2,5.3,5.25,181,3.29867228627,54.8705613326,5534,0.343513345748
13,"[100,200)","[4.25,4.5)",5.3,5.4,5.35,170,3.36150413934,50.5725987395,5704,0.354065797641
13,"[100,200)","[4.25,4.5)",5.4,5.5,5.45,161,3.42433599241,47.0164143813,5865,0.364059590317
13,"[100,200)","[4.25,4.5)",5.5,5.6,5.55,189,3.48716784548,54.1987103502,6054,0.375791433892
13,"[100,200)","[4.25,4.5)",5.6,5.7,5.65,167,3.54999969856,47.0422575157,6221,0.386157666046
13,"[100,200)","[4.25,4.5)",5.7,5.8,5.75,195,3.61283155163,53.9742850486,6416,0.3982619491
13,"[100,200)","[4.25,4.5)",5.8,5.9,5.85,176,3.6756634047,47.8825127935,6592,0.409186840472
13,"[100,200)","[4.25,4.5)",5.9,6,5.95,179,3.73849525777,47.8802265772,6771,0.420297951583
13,"[100,200)","[4.25,4.5)",6,6.1,6.05,169,3.80132711084,44.4581576571,6940,0.43078833023
13,"[100,200)","[4.25,4.5)",6.1,6.2,6.15,182,3.86415896392,47.0995116142,7122,0.44208566108
13,"[100,200)","[4.25,4.5)",6.2,6.3,6.25,188,3.92699081699,47.873806882,7310,0.453755431409
13,"[100,200)","[4.25,4.5)",6.3,6.4,6.35,164,3.98982267006,41.1045837277,7474,0.463935443824
13,"[100,200)","[4.25,4.5)",6.4,6.5,6.45,164,4.05265452313,40.4673033598,7638,0.474115456238
13,"[100,200)","[4.25,4.5)",6.5,6.6,6.55,178,4.1154863762,43.2512669776,7816,0.485164494103
13,"[100,200)","[4.25,4.5)",6.6,6.7,6.65,183,4.17831822927,43.797525693,7999,0.4965238982
13,"[100,200)","[4.25,4.5)",6.7,6.8,6.75,171,4.24115008235,40.3192522499,8170,0.50713842334
13,"[100,200)","[4.25,4.5)",6.8,6.9,6.85,179,4.30398193542,41.5893938882,8349,0.518249534451
13,"[100,200)","[4.25,4.5)",6.9,7,6.95,183,4.36681378849,41.9069850156,8532,0.529608938547
13,"[100,200)","[4.25,4.5)",7,7.1,7.05,189,4.42964564156,42.6670698502,8721,0.541340782123
13,"[100,200)","[4.25,4.5)",7.1,7.2,7.15,195,4.49247749463,43.4058935705,8916,0.553445065177
13,"[100,200)","[4.25,4.5)",7.2,7.3,7.25,173,4.55530934771,37.9776622826,9089,0.564183736809
13,"[100,200)","[4.25,4.5)",7.3,7.4,7.35,227,4.61814120078,49.1539756216,9316,0.578274363749
13,"[100,200)","[4.25,4.5)",7.4,7.5,7.45,192,4.68097305385,41.0171128505,9508,0.590192427064
13,"[100,200)","[4.25,4.5)",7.5,7.6,7.55,191,4.74380490692,40.2630385835,9699,0.602048417132
13,"[100,200)","[4.25,4.5)",7.6,7.7,7.65,192,4.80663675999,39.9447700309,9891,0.613966480447
13,"[100,200)","[4.25,4.5)",7.7,7.8,7.75,193,4.86946861306,39.6347148603,10084,0.625946617008
13,"[100,200)","[4.25,4.5)",7.8,7.9,7.85,181,4.93230046614,36.6968722288,10265,0.637181874612
13,"[100,200)","[4.25,4.5)",7.9,8,7.95,191,4.99513231921,38.2372253214,10456,0.64903786468
13,"[100,200)","[4.25,4.5)",8,8.1,8.05,151,5.05796417228,29.85390858,10607,0.658410924891
13,"[100,200)","[4.25,4.5)",8.1,8.2,8.15,199,5.12079602535,38.8611456138,10806,0.670763500931
13,"[100,200)","[4.25,4.5)",8.2,8.3,8.25,159,5.18362787842,30.6734981232,10965,0.680633147114
13,"[100,200)","[4.25,4.5)",8.3,8.4,8.35,192,5.24645973149,36.596106675,11157,0.692551210428
13,"[100,200)","[4.25,4.5)",8.4,8.5,8.45,175,5.30929158457,32.9610828889,11332,0.703414028554
13,"[100,200)","[4.25,4.5)",8.5,8.6,8.55,170,5.37212343764,31.6448424861,11502,0.713966480447
13,"[100,200)","[4.25,4.5)",8.6,8.7,8.65,177,5.43495529071,32.5669652338,11679,0.724953445065
13,"[100,200)","[4.25,4.5)",8.7,8.8,8.75,186,5.49778714378,33.8317936172,11865,0.736499068901
13,"[100,200)","[4.25,4.5)",8.8,8.9,8.85,174,5.56061899685,31.2914803367,12039,0.74729981378
13,"[100,200)","[4.25,4.5)",8.9,9,8.95,147,5.62345084993,26.1405325525,12186,0.756424581006
13,"[100,200)","[4.25,4.5)",9,9.1,9.05,170,5.686282703,29.8965086471,12356,0.766977032899
13,"[100,200)","[4.25,4.5)",9.1,9.2,9.15,155,5.74911455607,26.9606734199,12511,0.776598386096
13,"[100,200)","[4.25,4.5)",9.2,9.3,9.25,155,5.81194640914,26.6692066803,12666,0.786219739292
13,"[100,200)","[4.25,4.5)",9.3,9.4,9.35,189,5.87477826221,32.1714269993,12855,0.797951582868
13,"[100,200)","[4.25,4.5)",9.4,9.5,9.45,164,5.93761011528,27.6205403884,13019,0.808131595282
13,"[100,200)","[4.25,4.5)",9.5,9.6,9.55,156,6.00044196836,25.9980849449,13175,0.817815021726
13,"[100,200)","[4.25,4.5)",9.6,9.7,9.65,147,6.06327382143,24.2443281187,13322,0.826939788951
13,"[100,200)","[4.25,4.5)",9.7,9.8,9.75,163,6.1261056745,26.6074417682,13485,0.837057728119
13,"[100,200)","[4.25,4.5)",9.8,9.9,9.85,165,6.18893752757,26.6604727007,13650,0.84729981378
13,"[100,200)","[4.25,4.5)",9.9,10,9.95,147,6.25176938064,23.5133433513,13797,0.856424581006
13,"[100,200)","[4.25,4.5)",10,10.1,10.05,127,6.31460123372,20.1121171867,13924,0.864307883302
13,"[100,200)","[4.25,4.5)",10.1,10.2,10.15,142,6.37743308679,22.2660117429,14066,0.873122284295
13,"[100,200)","[4.25,4.5)",10.2,10.3,10.25,126,6.44026493986,19.5644125167,14192,0.880943513346
13,"[100,200)","[4.25,4.5)",10.3,10.4,10.35,113,6.50309679293,17.376336782,14305,0.887957790192
13,"[100,200)","[4.25,4.5)",10.4,10.5,10.45,143,6.565928646,21.7790974757,14448,0.896834264432
13,"[100,200)","[4.25,4.5)",10.5,10.6,10.55,155,6.62876049907,23.3829537244,14603,0.906455617629
13,"[100,200)","[4.25,4.5)",10.6,10.7,10.65,111,6.69159235215,16.5879799842,14714,0.913345747983
13,"[100,200)","[4.25,4.5)",10.7,10.8,10.75,120,6.75442420522,17.7661331824,14834,0.920794537554
13,"[100,200)","[4.25,4.5)",10.8,10.9,10.85,105,6.81725605829,15.402091267,14939,0.92731222843
13,"[100,200)","[4.25,4.5)",10.9,11,10.95,131,6.88008791136,19.040454379,15070,0.935443823712
13,"[100,200)","[4.25,4.5)",11,11.1,11.05,107,6.94291976443,15.4113836297,15177,0.94208566108
13,"[100,200)","[4.25,4.5)",11.1,11.2,11.15,124,7.00575161751,17.6997425501,15301,0.949782743637
13,"[100,200)","[4.25,4.5)",11.2,11.3,11.25,108,7.06858347058,15.2788745368,15409,0.956486654252
13,"[100,200)","[4.25,4.5)",11.3,11.4,11.35,107,7.13141532365,15.0040342827,15516,0.96312849162
13,"[100,200)","[4.25,4.5)",11.4,11.5,11.45,93,7.19424717672,12.9269953778,15609,0.968901303538
13,"[100,200)","[4.25,4.5)",11.5,11.6,11.55,113,7.25707902979,15.5710030904,15722,0.975915580385
13,"[100,200)","[4.25,4.5)",11.6,11.7,11.65,110,7.31991088286,15.0275053563,15832,0.982743637492
13,"[100,200)","[4.25,4.5)",11.7,11.8,11.75,100,7.38274273594,13.5451015397,15932,0.988950962135
13,"[100,200)","[4.25,4.5)",11.8,11.9,11.85,98,7.44557458901,13.1621809477,16030,0.995034140286
13,"[100,200)","[4.25,4.5)",11.9,12,11.95,80,7.50840644208,10.6547242237,16110,1
14,"[100,200)","[4.5,4.75)",0,0.1,0.05,2,0.0314159265359,63.6619772368,2,0.000288350634371
14,"[100,200)","[4.5,4.75)",0.1,0.2,0.15,2,0.0942477796077,21.2206590789,4,0.000576701268743
14,"[100,200)","[4.5,4.75)",0.2,0.3,0.25,3,0.157079632679,19.098593171,7,0.0010092272203
14,"[100,200)","[4.5,4.75)",0.3,0.4,0.35,6,0.219911485751,27.28370453,13,0.00187427912341
14,"[100,200)","[4.5,4.75)",0.4,0.5,0.45,7,0.282743338823,24.7574355921,20,0.00288350634371
14,"[100,200)","[4.5,4.75)",0.5,0.6,0.55,11,0.345575191895,31.8309886184,31,0.00446943483276
14,"[100,200)","[4.5,4.75)",0.6,0.7,0.65,9,0.408407044967,22.0368382743,40,0.00576701268743
14,"[100,200)","[4.5,4.75)",0.7,0.8,0.75,15,0.471238898038,31.8309886184,55,0.00792964244521
14,"[100,200)","[4.5,4.75)",0.8,0.9,0.85,11,0.53407075111,20.5965220472,66,0.00951557093426
14,"[100,200)","[4.5,4.75)",0.9,1,0.95,9,0.596902604182,15.077836714,75,0.0108131487889
14,"[100,200)","[4.5,4.75)",1,1.1,1.05,16,0.659734457254,24.2521818045,91,0.0131199538639
14,"[100,200)","[4.5,4.75)",1.1,1.2,1.15,25,0.722566310326,34.5989006722,116,0.0167243367935
14,"[100,200)","[4.5,4.75)",1.2,1.3,1.25,27,0.785398163397,34.3774677078,143,0.0206170703576
14,"[100,200)","[4.5,4.75)",1.3,1.4,1.35,30,0.848230016469,35.3677651315,173,0.0249423298731
14,"[100,200)","[4.5,4.75)",1.4,1.5,1.45,26,0.911061869541,28.5381277268,199,0.02869088812
14,"[100,200)","[4.5,4.75)",1.5,1.6,1.55,17,0.973893722613,17.4557034359,216,0.0311418685121
14,"[100,200)","[4.5,4.75)",1.6,1.7,1.65,27,1.03672557568,26.0435361423,243,0.0350346020761
14,"[100,200)","[4.5,4.75)",1.7,1.8,1.75,36,1.09955742876,32.740445436,279,0.0402249134948
14,"[100,200)","[4.5,4.75)",1.8,1.9,1.85,31,1.16238928183,26.6692066803,310,0.0446943483276
14,"[100,200)","[4.5,4.75)",1.9,2,1.95,22,1.2252211349,17.9559422975,332,0.0478662053057
14,"[100,200)","[4.5,4.75)",2,2.1,2.05,21,1.28805298797,16.3036770972,353,0.0508938869666
14,"[100,200)","[4.5,4.75)",2.1,2.2,2.15,34,1.35088484104,25.168688675,387,0.0557958477509
14,"[100,200)","[4.5,4.75)",2.2,2.3,2.25,36,1.41371669412,25.4647908947,423,0.0609861591696
14,"[100,200)","[4.5,4.75)",2.3,2.4,2.35,38,1.47654854719,25.7356929255,461,0.0664648212226
14,"[100,200)","[4.5,4.75)",2.4,2.5,2.45,33,1.53938040026,21.4371964165,494,0.0712226066897
14,"[100,200)","[4.5,4.75)",2.5,2.6,2.55,41,1.60221225333,25.589618301,535,0.0771337946943
14,"[100,200)","[4.5,4.75)",2.6,2.7,2.65,37,1.6650441064,22.2216335638,572,0.0824682814302
14,"[100,200)","[4.5,4.75)",2.7,2.8,2.75,34,1.72787595947,19.6773384186,606,0.0873702422145
14,"[100,200)","[4.5,4.75)",2.8,2.9,2.85,45,1.79070781255,25.1297278566,651,0.0938581314879
14,"[100,200)","[4.5,4.75)",2.9,3,2.95,50,1.85353966562,26.9754140834,701,0.101066897347
14,"[100,200)","[4.5,4.75)",3,3.1,3.05,43,1.91637151869,22.4382378785,744,0.107266435986
14,"[100,200)","[4.5,4.75)",3.1,3.2,3.15,42,1.97920337176,21.2206590789,786,0.113321799308
14,"[100,200)","[4.5,4.75)",3.2,3.3,3.25,43,2.04203522483,21.0574232399,829,0.119521337947
14,"[100,200)","[4.5,4.75)",3.3,3.4,3.35,52,2.10486707791,24.7046478829,881,0.127018454441
14,"[100,200)","[4.5,4.75)",3.4,3.5,3.45,51,2.16769893098,23.5272524571,932,0.134371395617
14,"[100,200)","[4.5,4.75)",3.5,3.6,3.55,48,2.23053078405,21.5195416012,980,0.141291810842
14,"[100,200)","[4.5,4.75)",3.6,3.7,3.65,56,2.29336263712,24.4182926388,1036,0.149365628604
14,"[100,200)","[4.5,4.75)",3.7,3.8,3.75,54,2.35619449019,22.9183118052,1090,0.157151095732
14,"[100,200)","[4.5,4.75)",3.8,3.9,3.85,63,2.41902634326,26.0435361423,1153,0.166234140715
14,"[100,200)","[4.5,4.75)",3.9,4,3.95,57,2.48185819634,22.966662674,1210,0.174452133795
14,"[100,200)","[4.5,4.75)",4,4.1,4.05,57,2.54469004941,22.3995845833,1267,0.182670126874
14,"[100,200)","[4.5,4.75)",4.1,4.2,4.15,56,2.60752190248,21.4763296702,1323,0.190743944637
14,"[100,200)","[4.5,4.75)",4.2,4.3,4.25,55,2.67035375555,20.5965220472,1378,0.198673587082
14,"[100,200)","[4.5,4.75)",4.3,4.4,4.35,48,2.73318560862,17.561924755,1426,0.205594002307
14,"[100,200)","[4.5,4.75)",4.4,4.5,4.45,69,2.79601746169,24.6779574682,1495,0.215542099193
14,"[100,200)","[4.5,4.75)",4.5,4.6,4.55,64,2.85884931477,22.386629358,1559,0.224769319493
14,"[100,200)","[4.5,4.75)",4.6,4.7,4.65,61,2.92168116784,20.8783903841,1620,0.233564013841
14,"[100,200)","[4.5,4.75)",4.7,4.8,4.75,64,2.98451302091,21.4440344376,1684,0.242791234141
14,"[100,200)","[4.5,4.75)",4.8,4.9,4.85,75,3.04734487398,24.6115891379,1759,0.25360438293
14,"[100,200)","[4.5,4.75)",4.9,5,4.95,81,3.11017672705,26.0435361423,1840,0.265282583622
14,"[100,200)","[4.5,4.75)",5,5.1,5.05,68,3.17300858013,21.4307646144,1908,0.27508650519
14,"[100,200)","[4.5,4.75)",5.1,5.2,5.15,69,3.2358404332,21.3236719871,1977,0.285034602076
14,"[100,200)","[4.5,4.75)",5.2,5.3,5.25,68,3.29867228627,20.6143545338,2045,0.294838523645
14,"[100,200)","[4.5,4.75)",5.3,5.4,5.35,49,3.36150413934,14.576807872,2094,0.301903114187
14,"[100,200)","[4.5,4.75)",5.4,5.5,5.45,70,3.42433599241,20.4419192962,2164,0.31199538639
14,"[100,200)","[4.5,4.75)",5.5,5.6,5.55,66,3.48716784548,18.9265337731,2230,0.321510957324
14,"[100,200)","[4.5,4.75)",5.6,5.7,5.65,55,3.54999969856,15.492959062,2285,0.329440599769
14,"[100,200)","[4.5,4.75)",5.7,5.8,5.75,60,3.61283155163,16.6074723226,2345,0.3380911188
14,"[100,200)","[4.5,4.75)",5.8,5.9,5.85,75,3.6756634047,20.4044798836,2420,0.348904267589
14,"[100,200)","[4.5,4.75)",5.9,6,5.95,63,3.73849525777,16.8516998568,2483,0.357987312572
14,"[100,200)","[4.5,4.75)",6,6.1,6.05,65,3.80132711084,17.0992914066,2548,0.367358708189
14,"[100,200)","[4.5,4.75)",6.1,6.2,6.15,83,3.86415896392,21.4794476043,2631,0.379325259516
14,"[100,200)","[4.5,4.75)",6.2,6.3,6.25,83,3.92699081699,21.1357764426,2714,0.391291810842
14,"[100,200)","[4.5,4.75)",6.3,6.4,6.35,84,3.98982267006,21.0535672751,2798,0.403402537486
14,"[100,200)","[4.5,4.75)",6.4,6.5,6.45,68,4.05265452313,16.7791257833,2866,0.413206459054
14,"[100,200)","[4.5,4.75)",6.5,6.6,6.55,87,4.1154863762,21.1396641969,2953,0.425749711649
14,"[100,200)","[4.5,4.75)",6.6,6.7,6.65,81,4.17831822927,19.3857900608,3034,0.437427912341
14,"[100,200)","[4.5,4.75)",6.7,6.8,6.75,88,4.24115008235,20.7490888772,3122,0.450115340254
14,"[100,200)","[4.5,4.75)",6.8,6.9,6.85,80,4.30398193542,18.5874386093,3202,0.461649365629
14,"[100,200)","[4.5,4.75)",6.9,7,6.95,68,4.36681378849,15.571994432,3270,0.471453287197
14,"[100,200)","[4.5,4.75)",7,7.1,7.05,74,4.42964564156,16.7056252323,3344,0.482122260669
14,"[100,200)","[4.5,4.75)",7.1,7.2,7.15,78,4.49247749463,17.3623574282,3422,0.493367935409
14,"[100,200)","[4.5,4.75)",7.2,7.3,7.25,79,4.55530934771,17.3424006955,3501,0.504757785467
14,"[100,200)","[4.5,4.75)",7.3,7.4,7.35,88,4.61814120078,19.0552857035,3589,0.517445213379
14,"[100,200)","[4.5,4.75)",7.4,7.5,7.45,87,4.68097305385,18.5858792604,3676,0.529988465975
14,"[100,200)","[4.5,4.75)",7.5,7.6,7.55,91,4.74380490692,19.1829136707,3767,0.543108419839
14,"[100,200)","[4.5,4.75)",7.6,7.7,7.65,94,4.80663675999,19.556293661,3861,0.556660899654
14,"[100,200)","[4.5,4.75)",7.7,7.8,7.75,84,4.86946861306,17.250342219,3945,0.568771626298
14,"[100,200)","[4.5,4.75)",7.8,7.9,7.85,87,4.93230046614,17.6388280879,4032,0.581314878893
14,"[100,200)","[4.5,4.75)",7.9,8,7.95,71,4.99513231921,14.2138376849,4103,0.591551326413
14,"[100,200)","[4.5,4.75)",8,8.1,8.05,90,5.05796417228,17.7937203457,4193,0.60452710496
14,"[100,200)","[4.5,4.75)",8.1,8.2,8.15,88,5.12079602535,17.1848282111,4281,0.617214532872
14,"[100,200)","[4.5,4.75)",8.2,8.3,8.25,69,5.18362787842,13.311140695,4350,0.627162629758
14,"[100,200)","[4.5,4.75)",8.3,8.4,8.35,94,5.24645973149,17.916843893,4444,0.640715109573
14,"[100,200)","[4.5,4.75)",8.4,8.5,8.45,87,5.30929158457,16.3863669219,4531,0.653258362168
14,"[100,200)","[4.5,4.75)",8.5,8.6,8.55,85,5.37212343764,15.8224212431,4616,0.665513264129
14,"[100,200)","[4.5,4.75)",8.6,8.7,8.65,67,5.43495529071,12.3276083089,4683,0.675173010381
14,"[100,200)","[4.5,4.75)",8.7,8.8,8.75,79,5.49778714378,14.3694177192,4762,0.686562860438
14,"[100,200)","[4.5,4.75)",8.8,8.9,8.85,88,5.56061899685,15.8255762622,4850,0.699250288351
14,"[100,200)","[4.5,4.75)",8.9,9,8.95,73,5.62345084993,12.9813529002,4923,0.709775086505
14,"[100,200)","[4.5,4.75)",9,9.1,9.05,89,5.686282703,15.6517015858,5012,0.722606689735
14,"[100,200)","[4.5,4.75)",9.1,9.2,9.15,76,5.74911455607,13.2194269672,5088,0.733564013841
14,"[100,200)","[4.5,4.75)",9.2,9.3,9.25,82,5.81194640914,14.1088706308,5170,0.74538638985
14,"[100,200)","[4.5,4.75)",9.3,9.4,9.35,83,5.87477826221,14.1281928092,5253,0.757352941176
14,"[100,200)","[4.5,4.75)",9.4,9.5,9.45,67,5.93761011528,11.2840012563,5320,0.767012687428
14,"[100,200)","[4.5,4.75)",9.5,9.6,9.55,82,6.00044196836,13.6656600351,5402,0.778835063437
14,"[100,200)","[4.5,4.75)",9.6,9.7,9.65,74,6.06327382143,12.2046277604,5476,0.789504036909
14,"[100,200)","[4.5,4.75)",9.7,9.8,9.75,79,6.1261056745,12.8956312864,5555,0.800893886967
14,"[100,200)","[4.5,4.75)",9.8,9.9,9.85,73,6.18893752757,11.7952394373,5628,0.811418685121
14,"[100,200)","[4.5,4.75)",9.9,10,9.95,68,6.25176938064,10.8769207339,5696,0.82122260669
14,"[100,200)","[4.5,4.75)",10,10.1,10.05,79,6.31460123372,12.5106870689,5775,0.832612456747
14,"[100,200)","[4.5,4.75)",10.1,10.2,10.15,66,6.37743308679,10.3489913735,5841,0.842128027682
14,"[100,200)","[4.5,4.75)",10.2,10.3,10.25,70,6.44026493986,10.8691180648,5911,0.852220299885
14,"[100,200)","[4.5,4.75)",10.3,10.4,10.35,64,6.50309679293,9.84146508008,5975,0.861447520185
14,"[100,200)","[4.5,4.75)",10.4,10.5,10.45,78,6.565928646,11.879507714,6053,0.872693194925
14,"[100,200)","[4.5,4.75)",10.5,10.6,10.55,68,6.62876049907,10.2583280855,6121,0.882497116494
14,"[100,200)","[4.5,4.75)",10.6,10.7,10.65,67,6.69159235215,10.012564495,6188,0.892156862745
14,"[100,200)","[4.5,4.75)",10.7,10.8,10.75,55,6.75442420522,8.14281104191,6243,0.90008650519
14,"[100,200)","[4.5,4.75)",10.8,10.9,10.85,72,6.81725605829,10.5614340116,6315,0.910467128028
14,"[100,200)","[4.5,4.75)",10.9,11,10.95,60,6.88008791136,8.72081879956,6375,0.919117647059
14,"[100,200)","[4.5,4.75)",11,11.1,11.05,56,6.94291976443,8.06577087163,6431,0.927191464821
14,"[100,200)","[4.5,4.75)",11.1,11.2,11.15,53,7.00575161751,7.56521254159,6484,0.934832756632
14,"[100,200)","[4.5,4.75)",11.2,11.3,11.25,53,7.06858347058,7.49796620788,6537,0.942474048443
14,"[100,200)","[4.5,4.75)",11.3,11.4,11.35,65,7.13141532365,9.11460026517,6602,0.95184544406
14,"[100,200)","[4.5,4.75)",11.4,11.5,11.45,45,7.19424717672,6.25499776344,6647,0.958333333333
14,"[100,200)","[4.5,4.75)",11.5,11.6,11.55,58,7.25707902979,7.99219627648,6705,0.96669550173
14,"[100,200)","[4.5,4.75)",11.6,11.7,11.65,57,7.31991088286,7.78698004827,6762,0.97491349481
14,"[100,200)","[4.5,4.75)",11.7,11.8,11.75,50,7.38274273594,6.77255076987,6812,0.982122260669
14,"[100,200)","[4.5,4.75)",11.8,11.9,11.85,65,7.44557458901,8.7300179755,6877,0.991493656286
14,"[100,200)","[4.5,4.75)",11.9,12,11.95,59,7.50840644208,7.857859115,6936,1
15,"[100,200)","[4.75,5.0)",0,0.1,0.05,0,0.0314159265359,0,0,0
15,"[100,200)","[4.75,5.0)",0.1,0.2,0.15,0,0.0942477796077,0,0,0
15,"[100,200)","[4.75,5.0)",0.2,0.3,0.25,1,0.157079632679,6.36619772368,1,0.000322372662798
15,"[100,200)","[4.75,5.0)",0.3,0.4,0.35,0,0.219911485751,0,1,0.000322372662798
15,"[100,200)","[4.75,5.0)",0.4,0.5,0.45,7,0.282743338823,24.7574355921,8,0.00257898130239
15,"[100,200)","[4.75,5.0)",0.5,0.6,0.55,3,0.345575191895,8.6811787141,11,0.00354609929078
15,"[100,200)","[4.75,5.0)",0.6,0.7,0.65,4,0.408407044967,9.79415034412,15,0.00483558994197
15,"[100,200)","[4.75,5.0)",0.7,0.8,0.75,7,0.471238898038,14.8544613552,22,0.00709219858156
15,"[100,200)","[4.75,5.0)",0.8,0.9,0.85,7,0.53407075111,13.1068776664,29,0.00934880722115
15,"[100,200)","[4.75,5.0)",0.9,1,0.95,5,0.596902604182,8.37657595221,34,0.0109606705351
15,"[100,200)","[4.75,5.0)",1,1.1,1.05,3,0.659734457254,4.54728408834,37,0.0119277885235
15,"[100,200)","[4.75,5.0)",1.1,1.2,1.15,7,0.722566310326,9.6876921882,44,0.0141843971631
15,"[100,200)","[4.75,5.0)",1.2,1.3,1.25,4,0.785398163397,5.09295817894,48,0.0154738878143
15,"[100,200)","[4.75,5.0)",1.3,1.4,1.35,11,0.848230016469,12.9681805482,59,0.0190199871051
15,"[100,200)","[4.75,5.0)",1.4,1.5,1.45,4,0.911061869541,4.39048118874,63,0.0203094777563
15,"[100,200)","[4.75,5.0)",1.5,1.6,1.55,1,0.973893722613,1.02680608446,64,0.0206318504191
15,"[100,200)","[4.75,5.0)",1.6,1.7,1.65,9,1.03672557568,8.6811787141,73,0.0235332043843
15,"[100,200)","[4.75,5.0)",1.7,1.8,1.75,15,1.09955742876,13.641852265,88,0.0283687943262
15,"[100,200)","[4.75,5.0)",1.8,1.9,1.85,7,1.16238928183,6.0220789278,95,0.0306254029658
15,"[100,200)","[4.75,5.0)",1.9,2,1.95,10,1.2252211349,8.16179195343,105,0.0338491295938
15,"[100,200)","[4.75,5.0)",2,2.1,2.05,14,1.28805298797,10.8691180648,119,0.038362346873
15,"[100,200)","[4.75,5.0)",2.1,2.2,2.15,10,1.35088484104,7.40255549265,129,0.041586073501
15,"[100,200)","[4.75,5.0)",2.2,2.3,2.25,13,1.41371669412,9.1956189342,142,0.0457769181173
15,"[100,200)","[4.75,5.0)",2.3,2.4,2.35,18,1.47654854719,12.1905913858,160,0.0515796260477
15,"[100,200)","[4.75,5.0)",2.4,2.5,2.45,17,1.53938040026,11.0434042145,177,0.0570599613153
15,"[100,200)","[4.75,5.0)",2.5,2.6,2.55,18,1.60221225333,11.2344665712,195,0.0628626692456
15,"[100,200)","[4.75,5.0)",2.6,2.7,2.65,12,1.6650441064,7.20701629095,207,0.0667311411992
15,"[100,200)","[4.75,5.0)",2.7,2.8,2.75,14,1.72787595947,8.1024334665,221,0.0712443584784
15,"[100,200)","[4.75,5.0)",2.8,2.9,2.85,14,1.79070781255,7.81813755539,235,0.0757575757576
15,"[100,200)","[4.75,5.0)",2.9,3,2.95,21,1.85353966562,11.329673915,256,0.0825274016763
15,"[100,200)","[4.75,5.0)",3,3.1,3.05,25,1.91637151869,13.0454871387,281,0.0905867182463
15,"[100,200)","[4.75,5.0)",3.1,3.2,3.15,20,1.97920337176,10.1050757519,301,0.0970341715023
15,"[100,200)","[4.75,5.0)",3.2,3.3,3.25,19,2.04203522483,9.30444282691,320,0.103159252095
15,"[100,200)","[4.75,5.0)",3.3,3.4,3.35,25,2.10486707791,11.8772345591,345,0.111218568665
15,"[100,200)","[4.75,5.0)",3.4,3.5,3.45,24,2.16769893098,11.0716482151,369,0.118955512573
15,"[100,200)","[4.75,5.0)",3.5,3.6,3.55,18,2.23053078405,8.06982810043,387,0.124758220503
15,"[100,200)","[4.75,5.0)",3.6,3.7,3.65,18,2.29336263712,7.8487369196,405,0.130560928433
15,"[100,200)","[4.75,5.0)",3.7,3.8,3.75,28,2.35619449019,11.8835690842,433,0.139587362992
15,"[100,200)","[4.75,5.0)",3.8,3.9,3.85,25,2.41902634326,10.3347365644,458,0.147646679562
15,"[100,200)","[4.75,5.0)",3.9,4,3.95,24,2.48185819634,9.67017375748,482,0.155383623469
15,"[100,200)","[4.75,5.0)",4,4.1,4.05,28,2.54469004941,11.0033047076,510,0.164410058027
15,"[100,200)","[4.75,5.0)",4.1,4.2,4.15,23,2.60752190248,8.82063540027,533,0.171824629271
15,"[100,200)","[4.75,5.0)",4.2,4.3,4.25,14,2.67035375555,5.24275106656,547,0.176337846551
15,"[100,200)","[4.75,5.0)",4.3,4.4,4.35,22,2.73318560862,8.04921551269,569,0.183430045132
15,"[100,200)","[4.75,5.0)",4.4,4.5,4.45,26,2.79601746169,9.29894049526,595,0.191811734365
15,"[100,200)","[4.75,5.0)",4.5,4.6,4.55,30,2.85884931477,10.4937325116,625,0.201482914249
15,"[100,200)","[4.75,5.0)",4.6,4.7,4.65,29,2.92168116784,9.92579214982,654,0.21083172147
15,"[100,200)","[4.75,5.0)",4.7,4.8,4.75,32,2.98451302091,10.7220172188,686,0.22114764668
15,"[100,200)","[4.75,5.0)",4.8,4.9,4.85,28,3.04734487398,9.18832661149,714,0.230174081238
15,"[100,200)","[4.75,5.0)",4.9,5,4.95,27,3.11017672705,8.6811787141,741,0.238878143133
15,"[100,200)","[4.75,5.0)",5,5.1,5.05,28,3.17300858013,8.82443248826,769,0.247904577692
15,"[100,200)","[4.75,5.0)",5.1,5.2,5.15,27,3.2358404332,8.34404556016,796,0.256608639587
15,"[100,200)","[4.75,5.0)",5.2,5.3,5.25,31,3.29867228627,9.39772044924,827,0.266602192134
15,"[100,200)","[4.75,5.0)",5.3,5.4,5.35,39,3.36150413934,11.6019491226,866,0.279174725983
15,"[100,200)","[4.75,5.0)",5.4,5.5,5.45,26,3.42433599241,7.59271288145,892,0.287556415216
15,"[100,200)","[4.75,5.0)",5.5,5.6,5.55,31,3.48716784548,8.88973556009,923,0.297549967763
15,"[100,200)","[4.75,5.0)",5.6,5.7,5.65,33,3.54999969856,9.29577543723,956,0.308188265635
15,"[100,200)","[4.75,5.0)",5.7,5.8,5.75,28,3.61283155163,7.75015375056,984,0.317214700193
15,"[100,200)","[4.75,5.0)",5.8,5.9,5.85,24,3.6756634047,6.52943356274,1008,0.324951644101
15,"[100,200)","[4.75,5.0)",5.9,6,5.95,30,3.73849525777,8.02461897942,1038,0.334622823985
15,"[100,200)","[4.75,5.0)",6,6.1,6.05,22,3.80132711084,5.78745247607,1060,0.341715022566
15,"[100,200)","[4.75,5.0)",6.1,6.2,6.15,28,3.86415896392,7.24607870987,1088,0.350741457124
15,"[100,200)","[4.75,5.0)",6.2,6.3,6.25,29,3.92699081699,7.38478935946,1117,0.360090264346
15,"[100,200)","[4.75,5.0)",6.3,6.4,6.35,41,3.98982267006,10.2761459319,1158,0.37330754352
15,"[100,200)","[4.75,5.0)",6.4,6.5,6.45,27,4.05265452313,6.66229994338,1185,0.382011605416
15,"[100,200)","[4.75,5.0)",6.5,6.6,6.55,33,4.1154863762,8.01849331608,1218,0.392649903288
15,"[100,200)","[4.75,5.0)",6.6,6.7,6.65,38,4.17831822927,9.09456817668,1256,0.404900064475
15,"[100,200)","[4.75,5.0)",6.7,6.8,6.75,35,4.24115008235,8.25247853069,1291,0.416183107672
15,"[100,200)","[4.75,5.0)",6.8,6.9,6.85,34,4.30398193542,7.89966140894,1325,0.427143778208
15,"[100,200)","[4.75,5.0)",6.9,7,6.95,31,4.36681378849,7.09899746165,1356,0.437137330754
15,"[100,200)","[4.75,5.0)",7,7.1,7.05,26,4.42964564156,5.86954400055,1382,0.445519019987
15,"[100,200)","[4.75,5.0)",7.1,7.2,7.15,30,4.49247749463,6.67782978008,1412,0.455190199871
15,"[100,200)","[4.75,5.0)",7.2,7.3,7.25,37,4.55530934771,8.12239019917,1449,0.467117988395
15,"[100,200)","[4.75,5.0)",7.3,7.4,7.35,39,4.61814120078,8.44495616406,1488,0.479690522244
15,"[100,200)","[4.75,5.0)",7.4,7.5,7.45,41,4.68097305385,8.75886263996,1529,0.492907801418
15,"[100,200)","[4.75,5.0)",7.5,7.6,7.55,31,4.74380490692,6.53483872298,1560,0.502901353965
15,"[100,200)","[4.75,5.0)",7.6,7.7,7.65,32,4.80663675999,6.65746167182,1592,0.513217279175
15,"[100,200)","[4.75,5.0)",7.7,7.8,7.75,41,4.86946861306,8.4198098926,1633,0.526434558349
15,"[100,200)","[4.75,5.0)",7.8,7.9,7.85,34,4.93230046614,6.89333511481,1667,0.537395228885
15,"[100,200)","[4.75,5.0)",7.9,8,7.95,35,4.99513231921,7.00682139398,1702,0.548678272083
15,"[100,200)","[4.75,5.0)",8,8.1,8.05,30,5.05796417228,5.93124011523,1732,0.558349451966
15,"[100,200)","[4.75,5.0)",8.1,8.2,8.15,34,5.12079602535,6.63959271794,1766,0.569310122502
15,"[100,200)","[4.75,5.0)",8.2,8.3,8.25,43,5.18362787842,8.29534854903,1809,0.583172147002
15,"[100,200)","[4.75,5.0)",8.3,8.4,8.35,30,5.24645973149,5.71814166797,1839,0.592843326886
15,"[100,200)","[4.75,5.0)",8.4,8.5,8.45,45,5.30929158457,8.47570702856,1884,0.607350096712
15,"[100,200)","[4.75,5.0)",8.5,8.6,8.55,42,5.37212343764,7.81813755539,1926,0.620889748549
15,"[100,200)","[4.75,5.0)",8.6,8.7,8.65,39,5.43495529071,7.17577200067,1965,0.633462282398
15,"[100,200)","[4.75,5.0)",8.7,8.8,8.75,49,5.49778714378,8.91267681315,2014,0.649258542876
15,"[100,200)","[4.75,5.0)",8.8,8.9,8.85,39,5.56061899685,7.01360766168,2053,0.661831076725
15,"[100,200)","[4.75,5.0)",8.9,9,8.95,28,5.62345084993,4.97914905762,2081,0.670857511283
15,"[100,200)","[4.75,5.0)",9,9.1,9.05,36,5.686282703,6.33102536056,2117,0.682462927144
15,"[100,200)","[4.75,5.0)",9.1,9.2,9.15,31,5.74911455607,5.39213468399,2148,0.692456479691
15,"[100,200)","[4.75,5.0)",9.2,9.3,9.25,34,5.81194640914,5.85001952986,2182,0.703417150226
15,"[100,200)","[4.75,5.0)",9.3,9.4,9.35,38,5.87477826221,6.46832923796,2220,0.715667311412
15,"[100,200)","[4.75,5.0)",9.4,9.5,9.45,44,5.93761011528,7.4103888847,2264,0.729851708575
15,"[100,200)","[4.75,5.0)",9.5,9.6,9.55,32,6.00044196836,5.33294050151,2296,0.740167633785
15,"[100,200)","[4.75,5.0)",9.6,9.7,9.65,34,6.06327382143,5.6075316737,2330,0.75112830432
15,"[100,200)","[4.75,5.0)",9.7,9.8,9.75,36,6.1261056745,5.87649020647,2366,0.762733720181
15,"[100,200)","[4.75,5.0)",9.8,9.9,9.85,42,6.18893752757,6.78630214199,2408,0.776273372018
15,"[100,200)","[4.75,5.0)",9.9,10,9.95,30,6.25176938064,4.79864150026,2438,0.785944551902
15,"[100,200)","[4.75,5.0)",10,10.1,10.05,33,6.31460123372,5.225983206,2471,0.796582849774
15,"[100,200)","[4.75,5.0)",10.1,10.2,10.15,37,6.37743308679,5.80170728512,2508,0.808510638298
15,"[100,200)","[4.75,5.0)",10.2,10.3,10.25,54,6.44026493986,8.38474822143,2562,0.825918762089
15,"[100,200)","[4.75,5.0)",10.3,10.4,10.35,37,6.50309679293,5.68959699942,2599,0.837846550613
15,"[100,200)","[4.75,5.0)",10.4,10.5,10.45,31,6.565928646,4.72134280942,2630,0.847840103159
15,"[100,200)","[4.75,5.0)",10.5,10.6,10.55,27,6.62876049907,4.07315968102,2657,0.856544165055
15,"[100,200)","[4.75,5.0)",10.6,10.7,10.65,33,6.69159235215,4.93156161693,2690,0.867182462927
15,"[100,200)","[4.75,5.0)",10.7,10.8,10.75,36,6.75442420522,5.32983995471,2726,0.878787878788
15,"[100,200)","[4.75,5.0)",10.8,10.9,10.85,37,6.81725605829,5.42740358931,2763,0.890715667311
15,"[100,200)","[4.75,5.0)",10.9,11,10.95,31,6.88008791136,4.50575637977,2794,0.900709219858
15,"[100,200)","[4.75,5.0)",11,11.1,11.05,37,6.94291976443,5.32917004018,2831,0.912637008382
15,"[100,200)","[4.75,5.0)",11.1,11.2,11.15,28,7.00575161751,3.99671605971,2859,0.92166344294
15,"[100,200)","[4.75,5.0)",11.2,11.3,11.25,29,7.06858347058,4.10266075526,2888,0.931012250161
15,"[100,200)","[4.75,5.0)",11.3,11.4,11.35,37,7.13141532365,5.18831092018,2925,0.942940038685
15,"[100,200)","[4.75,5.0)",11.4,11.5,11.45,34,7.19424717672,4.72599831015,2959,0.95390070922
15,"[100,200)","[4.75,5.0)",11.5,11.6,11.55,33,7.25707902979,4.54728408834,2992,0.964539007092
15,"[100,200)","[4.75,5.0)",11.6,11.7,11.65,23,7.31991088286,3.14211475632,3015,0.971953578337
15,"[100,200)","[4.75,5.0)",11.7,11.8,11.75,30,7.38274273594,4.06353046192,3045,0.981624758221
15,"[100,200)","[4.75,5.0)",11.8,11.9,11.85,21,7.44557458901,2.82046734593,3066,0.988394584139
15,"[100,200)","[4.75,5.0)",11.9,12,11.95,36,7.50840644208,4.79462590068,3102,1
16,"[100,200)",>=5,0,0.1,0.05,0,0.0314159265359,0,0,0
16,"[100,200)",>=5,0.1,0.2,0.15,0,0.0942477796077,0,0,0
16,"[100,200)",>=5,0.2,0.3,0.25,2,0.157079632679,12.7323954474,2,0.00068870523416
16,"[100,200)",>=5,0.3,0.4,0.35,1,0.219911485751,4.54728408834,3,0.00103305785124
16,"[100,200)",>=5,0.4,0.5,0.45,3,0.282743338823,10.6103295395,6,0.00206611570248
16,"[100,200)",>=5,0.5,0.6,0.55,3,0.345575191895,8.6811787141,9,0.00309917355372
16,"[100,200)",>=5,0.6,0.7,0.65,3,0.408407044967,7.34561275809,12,0.00413223140496
16,"[100,200)",>=5,0.7,0.8,0.75,1,0.471238898038,2.12206590789,13,0.00447658402204
16,"[100,200)",>=5,0.8,0.9,0.85,2,0.53407075111,3.7448221904,15,0.0051652892562
16,"[100,200)",>=5,0.9,1,0.95,4,0.596902604182,6.70126076176,19,0.00654269972452
16,"[100,200)",>=5,1,1.1,1.05,4,0.659734457254,6.06304545112,23,0.00792011019284
16,"[100,200)",>=5,1.1,1.2,1.15,8,0.722566310326,11.0716482151,31,0.0106749311295
16,"[100,200)",>=5,1.2,1.3,1.25,6,0.785398163397,7.63943726841,37,0.012741046832
16,"[100,200)",>=5,1.3,1.4,1.35,3,0.848230016469,3.53677651315,40,0.0137741046832
16,"[100,200)",>=5,1.4,1.5,1.45,11,0.911061869541,12.073823269,51,0.0175619834711
16,"[100,200)",>=5,1.5,1.6,1.55,13,0.973893722613,13.348479098,64,0.0220385674931
16,"[100,200)",>=5,1.6,1.7,1.65,5,1.03672557568,4.82287706339,69,0.0237603305785
16,"[100,200)",>=5,1.7,1.8,1.75,14,1.09955742876,12.7323954474,83,0.0285812672176
16,"[100,200)",>=5,1.8,1.9,1.85,6,1.16238928183,5.16178193812,89,0.0306473829201
16,"[100,200)",>=5,1.9,2,1.95,10,1.2252211349,8.16179195343,99,0.0340909090909
16,"[100,200)",>=5,2,2.1,2.05,7,1.28805298797,5.43455903241,106,0.0365013774105
16,"[100,200)",>=5,2.1,2.2,2.15,9,1.35088484104,6.66229994338,115,0.0396005509642
16,"[100,200)",>=5,2.2,2.3,2.25,8,1.41371669412,5.65884242105,123,0.0423553719008
16,"[100,200)",>=5,2.3,2.4,2.35,14,1.47654854719,9.48157107782,137,0.0471763085399
16,"[100,200)",>=5,2.4,2.5,2.45,12,1.53938040026,7.79534415144,149,0.0513085399449
16,"[100,200)",>=5,2.5,2.6,2.55,11,1.60221225333,6.86550734906,160,0.0550964187328
16,"[100,200)",>=5,2.6,2.7,2.65,10,1.6650441064,6.00584690913,170,0.0585399449036
16,"[100,200)",>=5,2.7,2.8,2.75,20,1.72787595947,11.5749049521,190,0.0654269972452
16,"[100,200)",>=5,2.8,2.9,2.85,9,1.79070781255,5.02594557132,199,0.0685261707989
16,"[100,200)",>=5,2.9,3,2.95,15,1.85353966562,8.09262422501,214,0.0736914600551
16,"[100,200)",>=5,3,3.1,3.05,13,1.91637151869,6.78365331211,227,0.0781680440771
16,"[100,200)",>=5,3.1,3.2,3.15,17,1.97920337176,8.58931438909,244,0.0840220385675
16,"[100,200)",>=5,3.2,3.3,3.25,13,2.04203522483,6.36619772368,257,0.0884986225895
16,"[100,200)",>=5,3.3,3.4,3.35,15,2.10486707791,7.12634073546,272,0.0936639118457
16,"[100,200)",>=5,3.4,3.5,3.45,16,2.16769893098,7.38109881006,288,0.099173553719
16,"[100,200)",>=5,3.5,3.6,3.55,29,2.23053078405,13.0013897174,317,0.109159779614
16,"[100,200)",>=5,3.6,3.7,3.65,17,2.29336263712,7.41269597962,334,0.115013774105
16,"[100,200)",>=5,3.7,3.8,3.75,10,2.35619449019,4.24413181578,344,0.118457300275
16,"[100,200)",>=5,3.8,3.9,3.85,15,2.41902634326,6.20084193865,359,0.123622589532
16,"[100,200)",>=5,3.9,4,3.95,26,2.48185819634,10.4760215706,385,0.132575757576
16,"[100,200)",>=5,4,4.1,4.05,20,2.54469004941,7.85950336256,405,0.139462809917
16,"[100,200)",>=5,4.1,4.2,4.15,17,2.60752190248,6.51960007846,422,0.145316804408
16,"[100,200)",>=5,4.2,4.3,4.25,21,2.67035375555,7.86412659983,443,0.152548209366
16,"[100,200)",>=5,4.3,4.4,4.35,18,2.73318560862,6.58572178311,461,0.158746556474
16,"[100,200)",>=5,4.4,4.5,4.45,18,2.79601746169,6.43772803518,479,0.164944903581
16,"[100,200)",>=5,4.5,4.6,4.55,17,2.85884931477,5.94644842321,496,0.170798898072
16,"[100,200)",>=5,4.6,4.7,4.65,33,2.92168116784,11.2948669291,529,0.182162534435
16,"[100,200)",>=5,4.7,4.8,4.75,27,2.98451302091,9.04670202838,556,0.191460055096
16,"[100,200)",>=5,4.8,4.9,4.85,31,3.04734487398,10.172790177,587,0.202134986226
16,"[100,200)",>=5,4.9,5,4.95,29,3.11017672705,9.32422898922,616,0.212121212121
16,"[100,200)",>=5,5,5.1,5.05,32,3.17300858013,10.0850657009,648,0.223140495868
16,"[100,200)",>=5,5.1,5.2,5.15,22,3.2358404332,6.79885193791,670,0.230716253444
16,"[100,200)",>=5,5.2,5.3,5.25,13,3.29867228627,3.94097954323,683,0.235192837466
16,"[100,200)",>=5,5.3,5.4,5.35,21,3.36150413934,6.2472033737,704,0.242424242424
16,"[100,200)",>=5,5.4,5.5,5.45,25,3.42433599241,7.30068546293,729,0.251033057851
16,"[100,200)",>=5,5.5,5.6,5.55,11,3.48716784548,3.15442229552,740,0.254820936639
16,"[100,200)",>=5,5.6,5.7,5.65,36,3.54999969856,10.1408459315,776,0.267217630854
16,"[100,200)",>=5,5.7,5.8,5.75,20,3.61283155163,5.53582410754,796,0.274104683196
16,"[100,200)",>=5,5.8,5.9,5.85,22,3.6756634047,5.98531409918,818,0.281680440771
16,"[100,200)",>=5,5.9,6,5.95,24,3.73849525777,6.41969518354,842,0.289944903581
16,"[100,200)",>=5,6,6.1,6.05,27,3.80132711084,7.10278258427,869,0.299242424242
16,"[100,200)",>=5,6.1,6.2,6.15,23,3.86415896392,5.95213608311,892,0.307162534435
16,"[100,200)",>=5,6.2,6.3,6.25,36,3.92699081699,9.16732472209,928,0.31955922865
16,"[100,200)",>=5,6.3,6.4,6.35,31,3.98982267006,7.76976887535,959,0.33023415978
16,"[100,200)",>=5,6.4,6.5,6.45,31,4.05265452313,7.6493073424,990,0.340909090909
16,"[100,200)",>=5,6.5,6.6,6.55,25,4.1154863762,6.07461614855,1015,0.349517906336
16,"[100,200)",>=5,6.6,6.7,6.65,43,4.17831822927,10.2912218841,1058,0.364325068871
16,"[100,200)",>=5,6.7,6.8,6.75,39,4.24115008235,9.1956189342,1097,0.377754820937
16,"[100,200)",>=5,6.8,6.9,6.85,27,4.30398193542,6.27326053063,1124,0.387052341598
16,"[100,200)",>=5,6.9,7,6.95,31,4.36681378849,7.09899746165,1155,0.397727272727
16,"[100,200)",>=5,7,7.1,7.05,31,4.42964564156,6.9983024622,1186,0.408402203857
16,"[100,200)",>=5,7.1,7.2,7.15,29,4.49247749463,6.45523545408,1215,0.418388429752
16,"[100,200)",>=5,7.2,7.3,7.25,34,4.55530934771,7.46381802086,1249,0.430096418733
16,"[100,200)",>=5,7.3,7.4,7.35,35,4.61814120078,7.5788068139,1284,0.442148760331
16,"[100,200)",>=5,7.4,7.5,7.45,35,4.68097305385,7.47707786338,1319,0.454201101928
16,"[100,200)",>=5,7.5,7.6,7.55,40,4.74380490692,8.43204996513,1359,0.467975206612
16,"[100,200)",>=5,7.6,7.7,7.65,28,4.80663675999,5.82527896284,1387,0.47761707989
16,"[100,200)",>=5,7.7,7.8,7.75,36,4.86946861306,7.39300380814,1423,0.490013774105
16,"[100,200)",>=5,7.8,7.9,7.85,34,4.93230046614,6.89333511481,1457,0.501721763085
16,"[100,200)",>=5,7.9,8,7.95,40,4.99513231921,8.00779587884,1497,0.515495867769
16,"[100,200)",>=5,8,8.1,8.05,38,5.05796417228,7.51290414595,1535,0.528581267218
16,"[100,200)",>=5,8.1,8.2,8.15,34,5.12079602535,6.63959271794,1569,0.540289256198
16,"[100,200)",>=5,8.2,8.3,8.25,43,5.18362787842,8.29534854903,1612,0.555096418733
16,"[100,200)",>=5,8.3,8.4,8.35,40,5.24645973149,7.62418889063,1652,0.568870523416
16,"[100,200)",>=5,8.4,8.5,8.45,31,5.30929158457,5.83882039745,1683,0.579545454545
16,"[100,200)",>=5,8.5,8.6,8.55,43,5.37212343764,8.00428368766,1726,0.59435261708
16,"[100,200)",>=5,8.6,8.7,8.65,42,5.43495529071,7.72775446227,1768,0.608815426997
16,"[100,200)",>=5,8.7,8.8,8.75,33,5.49778714378,6.00241499661,1801,0.620179063361
16,"[100,200)",>=5,8.8,8.9,8.85,30,5.56061899685,5.39508281667,1831,0.630509641873
16,"[100,200)",>=5,8.9,9,8.95,43,5.62345084993,7.64655033849,1874,0.645316804408
16,"[100,200)",>=5,9,9.1,9.05,36,5.686282703,6.33102536056,1910,0.657713498623
16,"[100,200)",>=5,9.1,9.2,9.15,37,5.74911455607,6.43577365508,1947,0.670454545455
16,"[100,200)",>=5,9.2,9.3,9.25,33,5.81194640914,5.67796013193,1980,0.681818181818
16,"[100,200)",>=5,9.3,9.4,9.35,35,5.87477826221,5.95767166654,2015,0.693870523416
16,"[100,200)",>=5,9.4,9.5,9.45,45,5.93761011528,7.5788068139,2060,0.709366391185
16,"[100,200)",>=5,9.5,9.6,9.55,37,6.00044196836,6.16621245487,2097,0.722107438017
16,"[100,200)",>=5,9.6,9.7,9.65,31,6.06327382143,5.1127494672,2128,0.732782369146
16,"[100,200)",>=5,9.7,9.8,9.75,39,6.1261056745,6.36619772368,2167,0.746212121212
16,"[100,200)",>=5,9.8,9.9,9.85,39,6.18893752757,6.3015662747,2206,0.759641873278
16,"[100,200)",>=5,9.9,10,9.95,46,6.25176938064,7.35791696706,2252,0.775482093664
16,"[100,200)",>=5,10,10.1,10.05,29,6.31460123372,4.59253069618,2281,0.785468319559
16,"[100,200)",>=5,10.1,10.2,10.15,37,6.37743308679,5.80170728512,2318,0.798209366391
16,"[100,200)",>=5,10.2,10.3,10.25,34,6.44026493986,5.27928591719,2352,0.809917355372
16,"[100,200)",>=5,10.3,10.4,10.35,30,6.50309679293,4.61318675629,2382,0.820247933884
16,"[100,200)",>=5,10.4,10.5,10.45,33,6.565928646,5.02594557132,2415,0.831611570248
16,"[100,200)",>=5,10.5,10.6,10.55,32,6.62876049907,4.82744851084,2447,0.842630853994
16,"[100,200)",>=5,10.6,10.7,10.65,45,6.69159235215,6.72485675036,2492,0.858126721763
16,"[100,200)",>=5,10.7,10.8,10.75,39,6.75442420522,5.77399328426,2531,0.871556473829
16,"[100,200)",>=5,10.8,10.9,10.85,29,6.81725605829,4.25391092135,2560,0.881542699725
16,"[100,200)",>=5,10.9,11,10.95,20,6.88008791136,2.90693959985,2580,0.888429752066
16,"[100,200)",>=5,11,11.1,11.05,43,6.94291976443,6.19335977643,2623,0.903236914601
16,"[100,200)",>=5,11.1,11.2,11.15,28,7.00575161751,3.99671605971,2651,0.912878787879
16,"[100,200)",>=5,11.2,11.3,11.25,27,7.06858347058,3.81971863421,2678,0.92217630854
16,"[100,200)",>=5,11.3,11.4,11.35,34,7.13141532365,4.76763706178,2712,0.933884297521
16,"[100,200)",>=5,11.4,11.5,11.45,38,7.19424717672,5.28199811135,2750,0.94696969697
16,"[100,200)",>=5,11.5,11.6,11.55,34,7.25707902979,4.68508057587,2784,0.95867768595
16,"[100,200)",>=5,11.6,11.7,11.65,32,7.31991088286,4.37163792184,2816,0.969696969697
16,"[100,200)",>=5,11.7,11.8,11.75,28,7.38274273594,3.79262843113,2844,0.979338842975
16,"[100,200)",>=5,11.8,11.9,11.85,36,7.44557458901,4.83508687874,2880,0.99173553719
16,"[100,200)",>=5,11.9,12,11.95,24,7.50840644208,3.19641726712,2904,1
17,"[200,300)","[2,3)",0,0.1,0.05,445,0.0314159265359,14164.7899352,445,0.000317923452606
17,"[200,300)","[2,3)",0.1,0.2,0.15,1252,0.0942477796077,13284.1325834,1697,0.00121239572825
17,"[200,300)","[2,3)",0.2,0.3,0.25,1920,0.157079632679,12223.0996295,3617,0.00258411040017
17,"[200,300)","[2,3)",0.3,0.4,0.35,2591,0.219911485751,11782.0130729,6208,0.00443521077253
17,"[200,300)","[2,3)",0.4,0.5,0.45,3090,0.282743338823,10928.6394256,9298,0.00664281407265
17,"[200,300)","[2,3)",0.5,0.6,0.55,3558,0.345575191895,10295.8779549,12856,0.00918477282405
17,"[200,300)","[2,3)",0.6,0.7,0.65,3994,0.408407044967,9779.4591186,16850,0.0120382251155
17,"[200,300)","[2,3)",0.7,0.8,0.75,4465,0.471238898038,9475.02427874,21315,0.0152281761625
17,"[200,300)","[2,3)",0.8,0.9,0.85,5054,0.53407075111,9463.16567513,26369,0.0188389292624
17,"[200,300)","[2,3)",0.9,1,0.95,5568,0.596902604182,9328.15498038,31937,0.0228169018109
17,"[200,300)","[2,3)",1,1.1,1.05,6026,0.659734457254,9133.97797211,37963,0.0271220854635
17,"[200,300)","[2,3)",1.1,1.2,1.15,6577,0.722566310326,9102.27878883,44540,0.0318209226496
17,"[200,300)","[2,3)",1.2,1.3,1.25,7250,0.785398163397,9230.98669933,51790,0.0370005744055
17,"[200,300)","[2,3)",1.3,1.4,1.35,7800,0.848230016469,9195.6189342,59590,0.0425731652602
17,"[200,300)","[2,3)",1.4,1.5,1.45,8533,0.911061869541,9365.99399588,68123,0.0486694367682
17,"[200,300)","[2,3)",1.5,1.6,1.55,8843,0.973893722613,9080.04620491,76966,0.054987183041
17,"[200,300)","[2,3)",1.6,1.7,1.65,9444,1.03672557568,9109.45019733,86410,0.0617343045835
17,"[200,300)","[2,3)",1.7,1.8,1.75,10056,1.09955742876,9145.49775847,96466,0.0689186601777
17,"[200,300)","[2,3)",1.8,1.9,1.85,10506,1.16238928183,9038.28017364,106972,0.0764245113981
17,"[200,300)","[2,3)",1.9,2,1.95,11316,1.2252211349,9235.8837745,118288,0.0845090547457
17,"[200,300)","[2,3)",2,2.1,2.05,11439,1.28805298797,8880.84582453,129727,0.0926814735645
17,"[200,300)","[2,3)",2.1,2.2,2.15,12416,1.35088484104,9191.01289967,142143,0.10155189511
17,"[200,300)","[2,3)",2.2,2.3,2.25,12760,1.41371669412,9025.85366157,154903,0.1106680822
17,"[200,300)","[2,3)",2.3,2.4,2.35,13355,1.47654854719,9044.74155316,168258,0.120209357952
17,"[200,300)","[2,3)",2.4,2.5,2.45,13928,1.53938040026,9047.79611177,182186,0.130160004801
17,"[200,300)","[2,3)",2.5,2.6,2.55,14422,1.60221225333,9001.30427165,196608,0.140463582404
17,"[200,300)","[2,3)",2.6,2.7,2.65,15060,1.6650441064,9044.80544515,211668,0.151222969362
17,"[200,300)","[2,3)",2.7,2.8,2.75,15743,1.72787595947,9111.18643308,227411,0.162470315237
17,"[200,300)","[2,3)",2.8,2.9,2.85,16209,1.79070781255,9051.72797395,243620,0.174050587694
17,"[200,300)","[2,3)",2.9,3,2.95,16757,1.85353966562,9040.5402759,260377,0.18602237038
17,"[200,300)","[2,3)",3,3.1,3.05,17492,1.91637151869,9127.66644119,277869,0.198519262589
17,"[200,300)","[2,3)",3.1,3.2,3.15,17949,1.97920337176,9068.80023351,295818,0.211342651467
17,"[200,300)","[2,3)",3.2,3.3,3.25,18468,2.04203522483,9043.91842776,314286,0.224536831968
17,"[200,300)","[2,3)",3.3,3.4,3.35,19138,2.10486707791,9092.26059968,333424,0.238209683734
17,"[200,300)","[2,3)",3.4,3.5,3.45,19338,2.16769893098,8920.98054931,352762,0.252025422445
17,"[200,300)","[2,3)",3.5,3.6,3.55,20214,2.23053078405,9062.41695679,372976,0.266467005976
17,"[200,300)","[2,3)",3.6,3.7,3.65,20748,2.29336263712,9046.97742266,393724,0.281290097649
17,"[200,300)","[2,3)",3.7,3.8,3.75,21162,2.35619449019,8981.43174856,414886,0.296408965298
17,"[200,300)","[2,3)",3.8,3.9,3.85,21925,2.41902634326,9063.56396699,436811,0.312072946643
17,"[200,300)","[2,3)",3.9,4,3.95,22416,2.48185819634,9031.94228949,459227,0.328087715438
17,"[200,300)","[2,3)",4,4.1,4.05,22803,2.54469004941,8961.01275883,482030,0.344378970471
17,"[200,300)","[2,3)",4.1,4.2,4.15,23371,2.60752190248,8962.91608434,505401,0.361076024428
17,"[200,300)","[2,3)",4.2,4.3,4.25,24094,2.67035375555,9022.77458554,529495,0.378289614691
17,"[200,300)","[2,3)",4.3,4.4,4.35,24400,2.73318560862,8927.31175044,553895,0.39572182198
17,"[200,300)","[2,3)",4.4,4.5,4.45,24853,2.79601746169,8888.71415879,578748,0.413477668199
17,"[200,300)","[2,3)",4.5,4.6,4.55,25250,2.85884931477,8832.22486389,603998,0.431517145005
17,"[200,300)","[2,3)",4.6,4.7,4.65,25863,2.92168116784,8852.09525416,629861,0.449994570296
17,"[200,300)","[2,3)",4.7,4.8,4.75,26787,2.98451302091,8975.33360127,656648,0.469132133274
17,"[200,300)","[2,3)",4.8,4.9,4.85,27155,3.04734487398,8911.03604054,683803,0.48853260823
17,"[200,300)","[2,3)",4.9,5,4.95,27509,3.11017672705,8844.83500912,711312,0.508185993079
17,"[200,300)","[2,3)",5,5.1,5.05,28149,3.17300858013,8871.39107543,739461,0.528296616151
17,"[200,300)","[2,3)",5.1,5.2,5.15,28614,3.2358404332,8842.83406142,768075,0.548739451371
17,"[200,300)","[2,3)",5.2,5.3,5.25,28898,3.29867228627,8760.49437232,796973,0.569385186053
17,"[200,300)","[2,3)",5.3,5.4,5.35,29347,3.36150413934,8730.31797181,826320,0.590351701926
17,"[200,300)","[2,3)",5.4,5.5,5.45,29631,3.42433599241,8653.06443808,855951,0.611521117262
17,"[200,300)","[2,3)",5.5,5.6,5.55,29832,3.48716784548,8554.79326544,885783,0.632834133977
17,"[200,300)","[2,3)",5.6,5.7,5.65,30440,3.54999969856,8574.64861543,916223,0.654581527004
17,"[200,300)","[2,3)",5.7,5.8,5.75,30571,3.61283155163,8461.78393959,946794,0.676422510981
17,"[200,300)","[2,3)",5.8,5.9,5.85,30841,3.6756634047,8390.59418786,977635,0.698456392333
17,"[200,300)","[2,3)",5.9,6,5.95,30793,3.73849525777,8236.73640778,1008428,0.720455980819
17,"[200,300)","[2,3)",6,6.1,6.05,30740,3.80132711084,8086.6495052,1039168,0.742417704264
17,"[200,300)","[2,3)",6.1,6.2,6.15,30791,3.86415896392,7968.35748413,1069959,0.76441586388
17,"[200,300)","[2,3)",6.2,6.3,6.25,30554,3.92699081699,7780.51220997,1100513,0.786244702467
17,"[200,300)","[2,3)",6.3,6.4,6.35,29707,3.98982267006,7445.69432194,1130220,0.807468414841
17,"[200,300)","[2,3)",6.4,6.5,6.45,29281,4.05265452313,7225.14091267,1159501,0.828387778022
17,"[200,300)","[2,3)",6.5,6.6,6.55,28525,4.1154863762,6931.13702549,1188026,0.848767028552
17,"[200,300)","[2,3)",6.6,6.7,6.65,26907,4.17831822927,6439.67226131,1214933,0.867990323696
17,"[200,300)","[2,3)",6.7,6.8,6.75,24706,4.24115008235,5825.30670226,1239639,0.885641148011
17,"[200,300)","[2,3)",6.8,6.9,6.85,22441,4.30398193542,5214.00887288,1262080,0.901673777674
17,"[200,300)","[2,3)",6.9,7,6.95,20217,4.36681378849,4629.69134459,1282297,0.916117504508
17,"[200,300)","[2,3)",7,7.1,7.05,17509,4.42964564156,3952.68638099,1299806,0.928626542107
17,"[200,300)","[2,3)",7.1,7.2,7.15,14704,4.49247749463,3273.02696954,1314510,0.939131590303
17,"[200,300)","[2,3)",7.2,7.3,7.25,12350,4.55530934771,2711.12213405,1326860,0.947954859156
17,"[200,300)","[2,3)",7.3,7.4,7.35,10148,4.61814120078,2197.42090136,1337008,0.955204942745
17,"[200,300)","[2,3)",7.4,7.5,7.45,8257,4.68097305385,1763.94948337,1345265,0.961104030269
17,"[200,300)","[2,3)",7.5,7.6,7.55,6646,4.74380490692,1400.98510171,1351911,0.965852163451
17,"[200,300)","[2,3)",7.6,7.7,7.65,5547,4.80663675999,1154.02937167,1357458,0.969815132871
17,"[200,300)","[2,3)",7.7,7.8,7.75,4689,4.86946861306,962.93874601,1362147,0.973165117296
17,"[200,300)","[2,3)",7.8,7.9,7.85,3865,4.93230046614,783.610006433,1366012,0.975926407508
17,"[200,300)","[2,3)",7.9,8,7.95,3193,4.99513231921,639.222306028,1369205,0.978207597585
17,"[200,300)","[2,3)",8,8.1,8.05,2720,5.05796417228,537.765770447,1371925,0.980150860037
17,"[200,300)","[2,3)",8.1,8.2,8.15,2299,5.12079602535,448.953637016,1374224,0.981793345469
17,"[200,300)","[2,3)",8.2,8.3,8.25,1993,5.18362787842,384.479759494,1376217,0.983217213876
17,"[200,300)","[2,3)",8.3,8.4,8.35,1698,5.24645973149,323.646818407,1377915,0.984430324039
17,"[200,300)","[2,3)",8.4,8.5,8.45,1490,5.30929158457,280.640077168,1379405,0.985494831779
17,"[200,300)","[2,3)",8.5,8.6,8.55,1239,5.37212343764,230.635057884,1380644,0.986380016403
17,"[200,300)","[2,3)",8.6,8.7,8.65,1131,5.43495529071,208.09738802,1381775,0.987188042077
17,"[200,300)","[2,3)",8.7,8.8,8.75,1023,5.49778714378,186.074864895,1382798,0.987918908801
17,"[200,300)","[2,3)",8.8,8.9,8.85,870,5.56061899685,156.457401684,1383668,0.988540467012
17,"[200,300)","[2,3)",8.9,9,8.95,821,5.62345084993,145.99576344,1384489,0.989127017921
17,"[200,300)","[2,3)",9,9.1,9.05,710,5.686282703,124.861889056,1385199,0.989634266576
17,"[200,300)","[2,3)",9.1,9.2,9.15,714,5.74911455607,124.19303756,1385913,0.990144372969
17,"[200,300)","[2,3)",9.2,9.3,9.25,620,5.81194640914,106.676826721,1386533,0.990587322499
17,"[200,300)","[2,3)",9.3,9.4,9.35,552,5.87477826221,93.9609931409,1387085,0.990981690467
17,"[200,300)","[2,3)",9.4,9.5,9.45,500,5.93761011528,84.2089645989,1387585,0.991338907829
17,"[200,300)","[2,3)",9.5,9.6,9.55,492,6.00044196836,81.9939602107,1388077,0.991690409714
17,"[200,300)","[2,3)",9.6,9.7,9.65,516,6.06327382143,85.1025395186,1388593,0.992059058032
17,"[200,300)","[2,3)",9.7,9.8,9.75,532,6.1261056745,86.8414663845,1389125,0.992439137306
17,"[200,300)","[2,3)",9.8,9.9,9.85,507,6.18893752757,81.9203615712,1389632,0.992801355711
17,"[200,300)","[2,3)",9.9,10,9.95,483,6.25176938064,77.2581281542,1390115,0.993146427683
17,"[200,300)","[2,3)",10,10.1,10.05,502,6.31460123372,79.4982899822,1390617,0.993505073915
17,"[200,300)","[2,3)",10.1,10.2,10.15,477,6.37743308679,74.7949831082,1391094,0.993845859279
17,"[200,300)","[2,3)",10.2,10.3,10.25,477,6.44026493986,74.0652759559,1391571,0.994186644643
17,"[200,300)","[2,3)",10.3,10.4,10.35,461,6.50309679293,70.8893031549,1392032,0.994515999051
17,"[200,300)","[2,3)",10.4,10.5,10.45,456,6.565928646,69.4494297128,1392488,0.994841781286
17,"[200,300)","[2,3)",10.5,10.6,10.55,461,6.62876049907,69.5454301093,1392949,0.995171135694
17,"[200,300)","[2,3)",10.6,10.7,10.65,509,6.69159235215,76.0656019096,1393458,0.995534782969
17,"[200,300)","[2,3)",10.7,10.8,10.75,464,6.75442420522,68.6957149718,1393922,0.995866280681
17,"[200,300)","[2,3)",10.8,10.9,10.85,487,6.81725605829,71.436366162,1394409,0.996214210392
17,"[200,300)","[2,3)",10.9,11,10.95,445,6.88008791136,64.6794060967,1394854,0.996532133845
17,"[200,300)","[2,3)",11,11.1,11.05,466,6.94291976443,67.1187361817,1395320,0.996865060427
17,"[200,300)","[2,3)",11.1,11.2,11.15,492,7.00575161751,70.2280107634,1395812,0.997216562312
17,"[200,300)","[2,3)",11.2,11.3,11.25,471,7.06858347058,66.6328695078,1396283,0.997553061067
17,"[200,300)","[2,3)",11.3,11.4,11.35,479,7.13141532365,67.1675927234,1396762,0.9978952753
17,"[200,300)","[2,3)",11.4,11.5,11.45,467,7.19424717672,64.9129767894,1397229,0.998228916317
17,"[200,300)","[2,3)",11.5,11.6,11.55,519,7.25707902979,71.5163770257,1397748,0.998599707939
17,"[200,300)","[2,3)",11.6,11.7,11.65,469,7.31991088286,64.0718182919,1398217,0.998934777825
17,"[200,300)","[2,3)",11.7,11.8,11.75,483,7.38274273594,65.4228404369,1398700,0.999279849797
17,"[200,300)","[2,3)",11.8,11.9,11.85,478,7.44557458901,64.1992091122,1399178,0.999621349596
17,"[200,300)","[2,3)",11.9,12,11.95,530,7.50840644208,70.5875479822,1399708,1
18,"[200,300)","[3,3.25)",0,0.1,0.05,178,0.0314159265359,5665.91597407,178,0.000319380473652
18,"[200,300)","[3,3.25)",0.1,0.2,0.15,516,0.0942477796077,5474.93004236,694,0.00124522499278
18,"[200,300)","[3,3.25)",0.2,0.3,0.25,815,0.157079632679,5188.4511448,1509,0.00270755693675
18,"[200,300)","[3,3.25)",0.3,0.4,0.35,1028,0.219911485751,4674.60804281,2537,0.0045520688857
18,"[200,300)","[3,3.25)",0.4,0.5,0.45,1262,0.282743338823,4463.4119596,3799,0.00681644055845
18,"[200,300)","[3,3.25)",0.5,0.6,0.55,1433,0.345575191895,4146.7096991,5232,0.00938763279858
18,"[200,300)","[3,3.25)",0.6,0.7,0.65,1581,0.408407044967,3871.13792351,6813,0.0122243773426
18,"[200,300)","[3,3.25)",0.7,0.8,0.75,1736,0.471238898038,3683.9064161,8549,0.0153392340969
18,"[200,300)","[3,3.25)",0.8,0.9,0.85,2044,0.53407075111,3827.20827859,10593,0.0190067267269
18,"[200,300)","[3,3.25)",0.9,1,0.95,2101,0.596902604182,3519.83721512,12694,0.0227764928794
18,"[200,300)","[3,3.25)",1,1.1,1.05,2341,0.659734457254,3548.39735027,15035,0.0269768843897
18,"[200,300)","[3,3.25)",1.1,1.2,1.15,2598,0.722566310326,3595.51775785,17633,0.0316384038871
18,"[200,300)","[3,3.25)",1.2,1.3,1.25,2761,0.785398163397,3515.41438301,20394,0.0365923897734
18,"[200,300)","[3,3.25)",1.3,1.4,1.35,3080,0.848230016469,3631.0905535,23474,0.0421187485309
18,"[200,300)","[3,3.25)",1.4,1.5,1.45,3136,0.911061869541,3442.13725197,26610,0.0477455865387
18,"[200,300)","[3,3.25)",1.5,1.6,1.55,3457,0.973893722613,3549.66863399,30067,0.0539483859623
18,"[200,300)","[3,3.25)",1.6,1.7,1.65,3725,1.03672557568,3593.04341223,33792,0.0606320503688
18,"[200,300)","[3,3.25)",1.7,1.8,1.75,3909,1.09955742876,3555.06670026,37701,0.0676458608829
18,"[200,300)","[3,3.25)",1.8,1.9,1.85,4124,1.16238928183,3547.86478546,41825,0.0750454399466
18,"[200,300)","[3,3.25)",1.9,2,1.95,4280,1.2252211349,3493.24695607,46105,0.0827249254928
18,"[200,300)","[3,3.25)",2,2.1,2.05,4489,1.28805298797,3485.10507092,50594,0.0907794139548
18,"[200,300)","[3,3.25)",2.1,2.2,2.15,4817,1.35088484104,3565.81098081,55411,0.0994224237389
18,"[200,300)","[3,3.25)",2.2,2.3,2.25,5011,1.41371669412,3544.55742148,60422,0.108413522354
18,"[200,300)","[3,3.25)",2.3,2.4,2.35,5219,1.47654854719,3534.59424679,65641,0.117777829612
18,"[200,300)","[3,3.25)",2.4,2.5,2.45,5486,1.53938040026,3563.77150123,71127,0.127621207581
18,"[200,300)","[3,3.25)",2.5,2.6,2.55,5753,1.60221225333,3590.66034356,76880,0.13794365626
18,"[200,300)","[3,3.25)",2.6,2.7,2.65,6022,1.6650441064,3616.72100868,82902,0.148748764195
18,"[200,300)","[3,3.25)",2.7,2.8,2.75,6019,1.72787595947,3483.46764535,88921,0.159548489312
18,"[200,300)","[3,3.25)",2.8,2.9,2.85,6483,1.79070781255,3620.35612654,95404,0.171180756788
18,"[200,300)","[3,3.25)",2.9,3,2.95,6717,1.85353966562,3623.87712796,102121,0.183232883988
18,"[200,300)","[3,3.25)",3,3.1,3.05,6682,1.91637151869,3486.79780243,108803,0.195222211656
18,"[200,300)","[3,3.25)",3.1,3.2,3.15,6975,1.97920337176,3524.14516846,115778,0.207737261115
18,"[200,300)","[3,3.25)",3.2,3.3,3.25,7240,2.04203522483,3545.48242457,123018,0.22072779274
18,"[200,300)","[3,3.25)",3.3,3.4,3.35,7441,2.10486707791,3535.14009417,130459,0.234078973102
18,"[200,300)","[3,3.25)",3.4,3.5,3.45,7692,2.16769893098,3548.46325294,138151,0.247880515817
18,"[200,300)","[3,3.25)",3.5,3.6,3.55,8029,2.23053078405,3599.59165658,146180,0.262286728306
18,"[200,300)","[3,3.25)",3.6,3.7,3.65,8037,2.29336263712,3504.4610346,154217,0.276707294973
18,"[200,300)","[3,3.25)",3.7,3.8,3.75,8311,2.35619449019,3527.2979521,162528,0.291619492257
18,"[200,300)","[3,3.25)",3.8,3.9,3.85,8607,2.41902634326,3558.04310439,171135,0.307062794149
18,"[200,300)","[3,3.25)",3.9,4,3.95,8695,2.48185819634,3503.42336755,179830,0.322663992005
18,"[200,300)","[3,3.25)",4,4.1,4.05,9111,2.54469004941,3580.39675682,188941,0.339011607148
18,"[200,300)","[3,3.25)",4.1,4.2,4.15,9368,2.60752190248,3592.68314912,198309,0.355820350278
18,"[200,300)","[3,3.25)",4.2,4.3,4.25,9557,2.67035375555,3578.92656736,207866,0.372968210877
18,"[200,300)","[3,3.25)",4.3,4.4,4.35,9586,2.73318560862,3507.26272294,217452,0.390168105374
18,"[200,300)","[3,3.25)",4.4,4.5,4.45,10011,2.79601746169,3580.44974223,227463,0.408130565608
18,"[200,300)","[3,3.25)",4.5,4.6,4.55,10183,2.85884931477,3561.9226055,237646,0.426401640683
18,"[200,300)","[3,3.25)",4.6,4.7,4.65,10245,2.92168116784,3506.54277844,247891,0.444783960641
18,"[200,300)","[3,3.25)",4.7,4.8,4.75,10522,2.98451302091,3525.53328676,258413,0.463663294033
18,"[200,300)","[3,3.25)",4.8,4.9,4.85,10614,3.04734487398,3483.0320948,269027,0.482707700479
18,"[200,300)","[3,3.25)",4.9,5,4.95,10841,3.11017672705,3485.65401628,279868,0.502159406742
18,"[200,300)","[3,3.25)",5,5.1,5.05,10991,3.17300858013,3463.90490995,290859,0.521880253854
18,"[200,300)","[3,3.25)",5.1,5.2,5.15,11116,3.2358404332,3435.27446099,301975,0.541825385006
18,"[200,300)","[3,3.25)",5.2,5.3,5.25,11287,3.29867228627,3421.67970034,313262,0.562077336726
18,"[200,300)","[3,3.25)",5.3,5.4,5.35,11455,3.36150413934,3407.70069742,324717,0.582630726196
18,"[200,300)","[3,3.25)",5.4,5.5,5.45,11537,3.42433599241,3369.12032743,336254,0.603331245997
18,"[200,300)","[3,3.25)",5.5,5.6,5.55,11907,3.48716784548,3414.51875206,348161,0.624695646557
18,"[200,300)","[3,3.25)",5.6,5.7,5.65,11864,3.54999969856,3341.97211477,360025,0.645982893408
18,"[200,300)","[3,3.25)",5.7,5.8,5.75,11916,3.61283155163,3298.24400327,371941,0.667363442419
18,"[200,300)","[3,3.25)",5.8,5.9,5.85,11640,3.6756634047,3166.77527793,383581,0.688248772269
18,"[200,300)","[3,3.25)",5.9,6,5.95,12080,3.73849525777,3231.24657571,395661,0.709923581942
18,"[200,300)","[3,3.25)",6,6.1,6.05,12074,3.80132711084,3176.25914528,407735,0.73158762598
18,"[200,300)","[3,3.25)",6.1,6.2,6.15,11931,3.86415896392,3087.60589598,419666,0.752995089077
18,"[200,300)","[3,3.25)",6.2,6.3,6.25,11670,3.92699081699,2971.74109741,431336,0.773934247096
18,"[200,300)","[3,3.25)",6.3,6.4,6.35,11573,3.98982267006,2900.63016756,442909,0.794699360701
18,"[200,300)","[3,3.25)",6.4,6.5,6.45,11456,4.05265452313,2826.78919079,454365,0.815254544443
18,"[200,300)","[3,3.25)",6.5,6.6,6.55,11021,4.1154863762,2677.93378292,465386,0.835029219725
18,"[200,300)","[3,3.25)",6.6,6.7,6.65,10423,4.17831822927,2494.54431857,475809,0.853730920157
18,"[200,300)","[3,3.25)",6.7,6.8,6.75,9561,4.24115008235,2254.34134948,485370,0.870885957845
18,"[200,300)","[3,3.25)",6.8,6.9,6.85,9119,4.30398193542,2118.73565847,494489,0.887247927167
18,"[200,300)","[3,3.25)",6.9,7,6.95,8104,4.36681378849,1855.81533643,502593,0.90178871008
18,"[200,300)","[3,3.25)",7,7.1,7.05,7496,4.42964564156,1692.2346857,510089,0.91523857542
18,"[200,300)","[3,3.25)",7.1,7.2,7.15,6389,4.49247749463,1422.15514883,516478,0.926702181297
18,"[200,300)","[3,3.25)",7.2,7.3,7.25,5357,4.55530934771,1175.9903864,521835,0.936314098136
18,"[200,300)","[3,3.25)",7.3,7.4,7.35,4545,4.61814120078,984.162199119,526380,0.944469065848
18,"[200,300)","[3,3.25)",7.4,7.5,7.45,3848,4.68097305385,822.051303379,530228,0.95137342575
18,"[200,300)","[3,3.25)",7.5,7.6,7.55,3280,4.74380490692,691.428097141,533508,0.957258638973
18,"[200,300)","[3,3.25)",7.6,7.7,7.65,2845,4.80663675999,591.88995176,536353,0.962363343734
18,"[200,300)","[3,3.25)",7.7,7.8,7.75,2438,4.86946861306,500.670646785,538791,0.96673777966
18,"[200,300)","[3,3.25)",7.8,7.9,7.85,2011,4.93230046614,407.720497526,540802,0.970346061303
18,"[200,300)","[3,3.25)",7.9,8,7.95,1804,4.99513231921,361.151594136,542606,0.973582928575
18,"[200,300)","[3,3.25)",8,8.1,8.05,1478,5.05796417228,292.212429677,544084,0.97623486307
18,"[200,300)","[3,3.25)",8.1,8.2,8.15,1204,5.12079602535,235.119695071,545288,0.978395166948
18,"[200,300)","[3,3.25)",8.2,8.3,8.25,1051,5.18362787842,202.753751745,546339,0.98028094716
18,"[200,300)","[3,3.25)",8.3,8.4,8.35,882,5.24645973149,168.113365038,547221,0.98186349535
18,"[200,300)","[3,3.25)",8.4,8.5,8.45,782,5.30929158457,147.288953252,548003,0.983266616307
18,"[200,300)","[3,3.25)",8.5,8.6,8.55,656,5.37212343764,122.11186277,548659,0.984443658952
18,"[200,300)","[3,3.25)",8.6,8.7,8.65,603,5.43495529071,110.94847478,549262,0.985525605163
18,"[200,300)","[3,3.25)",8.7,8.8,8.75,524,5.49778714378,95.3110744916,549786,0.986465803861
18,"[200,300)","[3,3.25)",8.8,8.9,8.85,475,5.56061899685,85.4221445973,550261,0.987318083215
18,"[200,300)","[3,3.25)",8.9,9,8.95,414,5.62345084993,73.620275352,550675,0.988060911957
18,"[200,300)","[3,3.25)",9,9.1,9.05,354,5.686282703,62.2550827122,551029,0.98869608436
18,"[200,300)","[3,3.25)",9.1,9.2,9.15,324,5.74911455607,56.3565044391,551353,0.989277428592
18,"[200,300)","[3,3.25)",9.2,9.3,9.25,295,5.81194640914,50.7575223915,551648,0.989806738928
18,"[200,300)","[3,3.25)",9.3,9.4,9.35,301,5.87477826221,51.2359763323,551949,0.990346814897
18,"[200,300)","[3,3.25)",9.4,9.5,9.45,252,5.93761011528,42.4413181578,552201,0.990798971523
18,"[200,300)","[3,3.25)",9.5,9.6,9.55,233,6.00044196836,38.8304730266,552434,0.991217036975
18,"[200,300)","[3,3.25)",9.6,9.7,9.65,235,6.06327382143,38.7579395094,552669,0.991638690971
18,"[200,300)","[3,3.25)",9.7,9.8,9.75,235,6.1261056745,38.3604221811,552904,0.992060344967
18,"[200,300)","[3,3.25)",9.8,9.9,9.85,199,6.18893752757,32.1541458632,553103,0.992417405159
18,"[200,300)","[3,3.25)",9.9,10,9.95,215,6.25176938064,34.3902640852,553318,0.992803173709
18,"[200,300)","[3,3.25)",10,10.1,10.05,182,6.31460123372,28.8220891967,553500,0.993129731272
18,"[200,300)","[3,3.25)",10.1,10.2,10.15,195,6.37743308679,30.5765654216,553695,0.993479614375
18,"[200,300)","[3,3.25)",10.2,10.3,10.25,203,6.44026493986,31.520442388,553898,0.993843851657
18,"[200,300)","[3,3.25)",10.3,10.4,10.35,191,6.50309679293,29.3706223484,554089,0.994186557671
18,"[200,300)","[3,3.25)",10.4,10.5,10.45,202,6.565928646,30.7648789517,554291,0.99454900068
18,"[200,300)","[3,3.25)",10.5,10.6,10.55,196,6.62876049907,29.5681221289,554487,0.994900678056
18,"[200,300)","[3,3.25)",10.6,10.7,10.65,171,6.69159235215,25.5544556514,554658,0.995207498623
18,"[200,300)","[3,3.25)",10.7,10.8,10.75,179,6.75442420522,26.5011486637,554837,0.995528673369
18,"[200,300)","[3,3.25)",10.8,10.9,10.85,208,6.81725605829,30.5108093669,555045,0.995901882012
18,"[200,300)","[3,3.25)",10.9,11,10.95,221,6.88008791136,32.1216825784,555266,0.996298416196
18,"[200,300)","[3,3.25)",11,11.1,11.05,194,6.94291976443,27.9421348053,555460,0.996646505027
18,"[200,300)","[3,3.25)",11.1,11.2,11.15,215,7.00575161751,30.6890697442,555675,0.997032273576
18,"[200,300)","[3,3.25)",11.2,11.3,11.25,200,7.06858347058,28.2942121052,555875,0.997391128041
18,"[200,300)","[3,3.25)",11.3,11.4,11.35,207,7.13141532365,29.0264962291,556082,0.997762542412
18,"[200,300)","[3,3.25)",11.4,11.5,11.45,188,7.19424717672,26.1319906561,556270,0.998099865609
18,"[200,300)","[3,3.25)",11.5,11.6,11.55,252,7.25707902979,34.7247148564,556522,0.998552022235
18,"[200,300)","[3,3.25)",11.6,11.7,11.65,186,7.31991088286,25.4101454207,556708,0.998885756887
18,"[200,300)","[3,3.25)",11.7,11.8,11.75,211,7.38274273594,28.5801642488,556919,0.999264348347
18,"[200,300)","[3,3.25)",11.8,11.9,11.85,209,7.44557458901,28.0703654905,557128,0.999639351263
18,"[200,300)","[3,3.25)",11.9,12,11.95,201,7.50840644208,26.7699946121,557329,1
19,"[200,300)","[3.25,3.5)",0,0.1,0.05,76,0.0314159265359,2419.155135,76,0.000320121309128
19,"[200,300)","[3.25,3.5)",0.1,0.2,0.15,197,0.0942477796077,2090.23491927,273,0.00114990943937
19,"[200,300)","[3.25,3.5)",0.2,0.3,0.25,290,0.157079632679,1846.19733987,563,0.00237142496104
19,"[200,300)","[3.25,3.5)",0.3,0.4,0.35,425,0.219911485751,1932.59573754,988,0.00416157701866
19,"[200,300)","[3.25,3.5)",0.4,0.5,0.45,510,0.282743338823,1803.75602171,1498,0.00630975948781
19,"[200,300)","[3.25,3.5)",0.5,0.6,0.55,578,0.345575191895,1672.57376558,2076,0.00874436628617
19,"[200,300)","[3.25,3.5)",0.6,0.7,0.65,660,0.408407044967,1616.03480678,2736,0.0115243671286
19,"[200,300)","[3.25,3.5)",0.7,0.8,0.75,732,0.471238898038,1553.35224458,3468,0.0146076407902
19,"[200,300)","[3.25,3.5)",0.8,0.9,0.85,775,0.53407075111,1451.11859878,4243,0.0178720357188
19,"[200,300)","[3.25,3.5)",0.9,1,0.95,908,0.596902604182,1521.18619292,5151,0.0216966429384
19,"[200,300)","[3.25,3.5)",1,1.1,1.05,998,0.659734457254,1512.72984005,6149,0.0259003411819
19,"[200,300)","[3.25,3.5)",1.1,1.2,1.15,1119,0.722566310326,1548.64679409,7268,0.0306137062466
19,"[200,300)","[3.25,3.5)",1.2,1.3,1.25,1134,0.785398163397,1443.85364373,8402,0.0353902531486
19,"[200,300)","[3.25,3.5)",1.3,1.4,1.35,1266,0.848230016469,1492.51968855,9668,0.040722800219
19,"[200,300)","[3.25,3.5)",1.4,1.5,1.45,1343,0.911061869541,1474.10405912,11011,0.0463796807211
19,"[200,300)","[3.25,3.5)",1.5,1.6,1.55,1510,0.973893722613,1550.47718754,12521,0.0527399856788
19,"[200,300)","[3.25,3.5)",1.6,1.7,1.65,1664,1.03672557568,1605.0534867,14185,0.0597489574997
19,"[200,300)","[3.25,3.5)",1.7,1.8,1.75,1643,1.09955742876,1494.23755143,15828,0.0666694747483
19,"[200,300)","[3.25,3.5)",1.8,1.9,1.85,1741,1.16238928183,1497.77705904,17569,0.0740027800008
19,"[200,300)","[3.25,3.5)",1.9,2,1.95,1830,1.2252211349,1493.60792748,19399,0.0817109641548
19,"[200,300)","[3.25,3.5)",2,2.1,2.05,1928,1.28805298797,1496.83283064,21327,0.0898319363127
19,"[200,300)","[3.25,3.5)",2.1,2.2,2.15,2098,1.35088484104,1553.05614236,23425,0.0986689692936
19,"[200,300)","[3.25,3.5)",2.2,2.3,2.25,2101,1.41371669412,1486.15349083,25526,0.107518638642
19,"[200,300)","[3.25,3.5)",2.3,2.4,2.35,2270,1.47654854719,1537.36902476,27796,0.117080156691
19,"[200,300)","[3.25,3.5)",2.4,2.5,2.45,2266,1.53938040026,1472.0208206,30062,0.12662482625
19,"[200,300)","[3.25,3.5)",2.5,2.6,2.55,2389,1.60221225333,1491.06336881,32451,0.136687586875
19,"[200,300)","[3.25,3.5)",2.6,2.7,2.65,2554,1.6650441064,1533.89330059,35005,0.147445347711
19,"[200,300)","[3.25,3.5)",2.7,2.8,2.75,2572,1.72787595947,1488.53277684,37577,0.158278926751
19,"[200,300)","[3.25,3.5)",2.8,2.9,2.85,2673,1.79070781255,1492.70583468,40250,0.169537930163
19,"[200,300)","[3.25,3.5)",2.9,3,2.95,2892,1.85353966562,1560.25795058,43142,0.1817193884
19,"[200,300)","[3.25,3.5)",3,3.1,3.05,2876,1.91637151869,1500.75284043,46018,0.193833452677
19,"[200,300)","[3.25,3.5)",3.1,3.2,3.15,2886,1.97920337176,1458.16243099,48904,0.205989638179
19,"[200,300)","[3.25,3.5)",3.2,3.3,3.25,3108,2.04203522483,1522.01096348,52012,0.219080914873
19,"[200,300)","[3.25,3.5)",3.3,3.4,3.35,3060,2.10486707791,1453.77351003,55072,0.231970009688
19,"[200,300)","[3.25,3.5)",3.4,3.5,3.45,3256,2.16769893098,1502.05360785,58328,0.245684680511
19,"[200,300)","[3.25,3.5)",3.5,3.6,3.55,3322,2.23053078405,1489.33160831,61650,0.259677351417
19,"[200,300)","[3.25,3.5)",3.6,3.7,3.65,3482,2.29336263712,1518.294553,65132,0.274343961922
19,"[200,300)","[3.25,3.5)",3.7,3.8,3.75,3559,2.35619449019,1510.48651324,68691,0.289334905859
19,"[200,300)","[3.25,3.5)",3.8,3.9,3.85,3546,2.41902634326,1465.8790343,72237,0.304271092203
19,"[200,300)","[3.25,3.5)",3.9,4,3.95,3671,2.48185819634,1479.13366099,75908,0.319733793859
19,"[200,300)","[3.25,3.5)",4,4.1,4.05,3821,2.54469004941,1501.55811742,79729,0.335828313887
19,"[200,300)","[3.25,3.5)",4.1,4.2,4.15,3961,2.60752190248,1519.06681828,83690,0.352512531064
19,"[200,300)","[3.25,3.5)",4.2,4.3,4.25,4045,2.67035375555,1514.78057602,87735,0.36955056653
19,"[200,300)","[3.25,3.5)",4.3,4.4,4.35,4149,2.73318560862,1518.00887101,91884,0.387026662735
19,"[200,300)","[3.25,3.5)",4.4,4.5,4.45,4189,2.79601746169,1498.20237441,96073,0.40467124384
19,"[200,300)","[3.25,3.5)",4.5,4.6,4.55,4211,2.85884931477,1472.97025354,100284,0.422408491639
19,"[200,300)","[3.25,3.5)",4.6,4.7,4.65,4335,2.92168116784,1483.73479205,104619,0.440668042627
19,"[200,300)","[3.25,3.5)",4.7,4.8,4.75,4380,2.98451302091,1467.57610683,108999,0.459117139126
19,"[200,300)","[3.25,3.5)",4.8,4.9,4.85,4463,3.04734487398,1464.55363097,113462,0.477915841793
19,"[200,300)","[3.25,3.5)",4.9,5,4.95,4554,3.11017672705,1464.22547645,118016,0.497097847605
19,"[200,300)","[3.25,3.5)",5,5.1,5.05,4663,3.17300858013,1469.5831676,122679,0.516738974769
19,"[200,300)","[3.25,3.5)",5.1,5.2,5.15,4648,3.2358404332,1436.41199124,127327,0.536316920096
19,"[200,300)","[3.25,3.5)",5.2,5.3,5.25,4768,3.29867228627,1445.43003555,132095,0.556400320121
19,"[200,300)","[3.25,3.5)",5.3,5.4,5.35,4882,3.36150413934,1452.32604145,136977,0.57696390211
19,"[200,300)","[3.25,3.5)",5.4,5.5,5.45,4838,3.42433599241,1412.82865079,141815,0.59734215071
19,"[200,300)","[3.25,3.5)",5.5,5.6,5.55,4864,3.48716784548,1394.82818594,146679,0.617829914494
19,"[200,300)","[3.25,3.5)",5.6,5.7,5.65,4967,3.54999969856,1399.15504838,151646,0.638751526894
19,"[200,300)","[3.25,3.5)",5.7,5.8,5.75,4961,3.61283155163,1373.16116988,156607,0.65964786656
19,"[200,300)","[3.25,3.5)",5.8,5.9,5.85,4879,3.6756634047,1327.37943136,161486,0.680198812181
19,"[200,300)","[3.25,3.5)",5.9,6,5.95,4864,3.73849525777,1301.05822386,166350,0.700686575966
19,"[200,300)","[3.25,3.5)",6,6.1,6.05,4770,3.80132711084,1254.82492322,171120,0.720778400236
19,"[200,300)","[3.25,3.5)",6.1,6.2,6.15,4838,3.86415896392,1252.01888566,175958,0.741156648835
19,"[200,300)","[3.25,3.5)",6.2,6.3,6.25,4800,3.92699081699,1222.30996295,180758,0.76137483678
19,"[200,300)","[3.25,3.5)",6.3,6.4,6.35,4602,3.98982267006,1153.43472143,185360,0.780759024472
19,"[200,300)","[3.25,3.5)",6.4,6.5,6.45,4453,4.05265452313,1098.78598696,189813,0.799515605914
19,"[200,300)","[3.25,3.5)",6.5,6.6,6.55,4390,4.1154863762,1066.70259568,194203,0.818006823638
19,"[200,300)","[3.25,3.5)",6.6,6.7,6.65,4187,4.17831822927,1002.07781463,198390,0.835642980498
19,"[200,300)","[3.25,3.5)",6.7,6.8,6.75,3932,4.24115008235,927.107016648,202322,0.852205046123
19,"[200,300)","[3.25,3.5)",6.8,6.9,6.85,3698,4.30398193542,859.204349714,206020,0.867781475085
19,"[200,300)","[3.25,3.5)",6.9,7,6.95,3318,4.36681378849,759.821728315,209338,0.881757297502
19,"[200,300)","[3.25,3.5)",7,7.1,7.05,3155,4.42964564156,712.246589298,212493,0.895046543953
19,"[200,300)","[3.25,3.5)",7.1,7.2,7.15,2757,4.49247749463,613.692556789,215250,0.906659365654
19,"[200,300)","[3.25,3.5)",7.2,7.3,7.25,2580,4.55530934771,566.372073348,217830,0.917526641675
19,"[200,300)","[3.25,3.5)",7.3,7.4,7.35,2150,4.61814120078,465.555275711,219980,0.926582705025
19,"[200,300)","[3.25,3.5)",7.4,7.5,7.45,1899,4.68097305385,405.684881787,221879,0.934581525631
19,"[200,300)","[3.25,3.5)",7.5,7.6,7.55,1681,4.74380490692,354.356899785,223560,0.941662103534
19,"[200,300)","[3.25,3.5)",7.6,7.7,7.65,1510,4.80663675999,314.148972639,225070,0.948022408492
19,"[200,300)","[3.25,3.5)",7.7,7.8,7.75,1223,4.86946861306,251.15676826,226293,0.953173834295
19,"[200,300)","[3.25,3.5)",7.8,7.9,7.85,1144,4.93230046614,231.940452098,227437,0.957992502422
19,"[200,300)","[3.25,3.5)",7.9,8,7.95,1041,4.99513231921,208.402887747,228478,0.962377321933
19,"[200,300)","[3.25,3.5)",8,8.1,8.05,897,5.05796417228,177.344079445,229375,0.966155595805
19,"[200,300)","[3.25,3.5)",8.1,8.2,8.15,770,5.12079602535,150.367246848,230145,0.969398930121
19,"[200,300)","[3.25,3.5)",8.2,8.3,8.25,675,5.18362787842,130.217680712,230820,0.972242112801
19,"[200,300)","[3.25,3.5)",8.3,8.4,8.35,578,5.24645973149,110.16952947,231398,0.974676719599
19,"[200,300)","[3.25,3.5)",8.4,8.5,8.45,523,5.30929158457,98.5065505764,231921,0.976879659661
19,"[200,300)","[3.25,3.5)",8.5,8.6,8.55,476,5.37212343764,88.6055589611,232397,0.978884629965
19,"[200,300)","[3.25,3.5)",8.6,8.7,8.65,425,5.43495529071,78.197515392,232822,0.980674782023
19,"[200,300)","[3.25,3.5)",8.7,8.8,8.75,342,5.49778714378,62.2068463285,233164,0.982115327914
19,"[200,300)","[3.25,3.5)",8.8,8.9,8.85,302,5.56061899685,54.3105003545,233466,0.983387388905
19,"[200,300)","[3.25,3.5)",8.9,9,8.95,273,5.62345084993,48.5467033118,233739,0.984537298345
19,"[200,300)","[3.25,3.5)",9,9.1,9.05,234,5.686282703,41.1516648437,233973,0.985522935007
19,"[200,300)","[3.25,3.5)",9.1,9.2,9.15,251,5.74911455607,43.6588969574,234224,0.986580177752
19,"[200,300)","[3.25,3.5)",9.2,9.3,9.25,199,5.81194640914,34.2398201895,234423,0.987418390127
19,"[200,300)","[3.25,3.5)",9.3,9.4,9.35,188,5.87477826221,32.0012078089,234611,0.988210269155
19,"[200,300)","[3.25,3.5)",9.4,9.5,9.45,142,5.93761011528,23.9153459461,234753,0.988808390548
19,"[200,300)","[3.25,3.5)",9.5,9.6,9.55,153,6.00044196836,25.4981217728,234906,0.989452845289
19,"[200,300)","[3.25,3.5)",9.6,9.7,9.65,145,6.06327382143,23.9144733143,235051,0.99006360305
19,"[200,300)","[3.25,3.5)",9.7,9.8,9.75,137,6.1261056745,22.3633099524,235188,0.990640663831
19,"[200,300)","[3.25,3.5)",9.8,9.9,9.85,119,6.18893752757,19.227856069,235307,0.991141906407
19,"[200,300)","[3.25,3.5)",9.9,10,9.95,140,6.25176938064,22.3936603345,235447,0.991731603555
19,"[200,300)","[3.25,3.5)",10,10.1,10.05,108,6.31460123372,17.1032177651,235555,0.992186512784
19,"[200,300)","[3.25,3.5)",10.1,10.2,10.15,103,6.37743308679,16.1506986586,235658,0.9926203614
19,"[200,300)","[3.25,3.5)",10.2,10.3,10.25,116,6.44026493986,18.0116813645,235774,0.993108967609
19,"[200,300)","[3.25,3.5)",10.3,10.4,10.35,111,6.50309679293,17.0687909983,235885,0.993576513205
19,"[200,300)","[3.25,3.5)",10.4,10.5,10.45,100,6.565928646,15.2301380949,235985,0.993997725454
19,"[200,300)","[3.25,3.5)",10.5,10.6,10.55,102,6.62876049907,15.3874921283,236087,0.994427361948
19,"[200,300)","[3.25,3.5)",10.6,10.7,10.65,93,6.69159235215,13.8980372841,236180,0.994819089339
19,"[200,300)","[3.25,3.5)",10.7,10.8,10.75,77,6.75442420522,11.3999354587,236257,0.995143422771
19,"[200,300)","[3.25,3.5)",10.8,10.9,10.85,93,6.81725605829,13.641852265,236350,0.995535150162
19,"[200,300)","[3.25,3.5)",10.9,11,10.95,104,6.88008791136,15.1160859192,236454,0.995973210901
19,"[200,300)","[3.25,3.5)",11,11.1,11.05,93,6.94291976443,13.3949409118,236547,0.996364938292
19,"[200,300)","[3.25,3.5)",11.1,11.2,11.15,98,7.00575161751,13.988506209,236645,0.996777726296
19,"[200,300)","[3.25,3.5)",11.2,11.3,11.25,111,7.06858347058,15.7032877184,236756,0.997245271893
19,"[200,300)","[3.25,3.5)",11.3,11.4,11.35,90,7.13141532365,12.6202157518,236846,0.997624362916
19,"[200,300)","[3.25,3.5)",11.4,11.5,11.45,75,7.19424717672,10.4249962724,236921,0.997940272103
19,"[200,300)","[3.25,3.5)",11.5,11.6,11.55,93,7.25707902979,12.8150733399,237014,0.998331999495
19,"[200,300)","[3.25,3.5)",11.6,11.7,11.65,96,7.31991088286,13.1149137655,237110,0.998736363253
19,"[200,300)","[3.25,3.5)",11.7,11.8,11.75,86,7.38274273594,11.6487873242,237196,0.999098605787
19,"[200,300)","[3.25,3.5)",11.8,11.9,11.85,114,7.44557458901,15.3111084493,237310,0.999578787751
19,"[200,300)","[3.25,3.5)",11.9,12,11.95,100,7.50840644208,13.3184052797,237410,1
20,"[200,300)","[3.5,3.75)",0,0.1,0.05,33,0.0314159265359,1050.42262441,33,0.000300141885255
20,"[200,300)","[3.5,3.75)",0.1,0.2,0.15,70,0.0942477796077,742.723067762,103,0.000936806490341
20,"[200,300)","[3.5,3.75)",0.2,0.3,0.25,145,0.157079632679,923.098669933,248,0.00225561174373
20,"[200,300)","[3.5,3.75)",0.3,0.4,0.35,160,0.219911485751,727.565454134,408,0.00371084512679
20,"[200,300)","[3.5,3.75)",0.4,0.5,0.45,195,0.282743338823,689.671420065,603,0.00548441081238
20,"[200,300)","[3.5,3.75)",0.5,0.6,0.55,248,0.345575191895,717.644107033,851,0.00774002255612
20,"[200,300)","[3.5,3.75)",0.6,0.7,0.65,306,0.408407044967,749.252501325,1157,0.0105231564012
20,"[200,300)","[3.5,3.75)",0.7,0.8,0.75,351,0.471238898038,744.84513367,1508,0.0137155746353
20,"[200,300)","[3.5,3.75)",0.8,0.9,0.85,370,0.53407075111,692.792105224,1878,0.0170808018336
20,"[200,300)","[3.5,3.75)",0.9,1,0.95,408,0.596902604182,683.5285977,2286,0.0207916469604
20,"[200,300)","[3.5,3.75)",1,1.1,1.05,459,0.659734457254,695.734465516,2745,0.024966347728
20,"[200,300)","[3.5,3.75)",1.1,1.2,1.15,495,0.722566310326,685.058233309,3240,0.0294684760068
20,"[200,300)","[3.5,3.75)",1.2,1.3,1.25,569,0.785398163397,724.473300954,3809,0.0346436497253
20,"[200,300)","[3.5,3.75)",1.3,1.4,1.35,621,0.848230016469,732.112738223,4430,0.0402917742933
20,"[200,300)","[3.5,3.75)",1.4,1.5,1.45,655,0.911061869541,718.941294656,5085,0.0462491359552
20,"[200,300)","[3.5,3.75)",1.5,1.6,1.55,692,0.973893722613,710.549810449,5777,0.0525430203369
20,"[200,300)","[3.5,3.75)",1.6,1.7,1.65,749,1.03672557568,722.466984096,6526,0.0593553316113
20,"[200,300)","[3.5,3.75)",1.7,1.8,1.75,756,1.09955742876,687.549354157,7282,0.0662313093462
20,"[200,300)","[3.5,3.75)",1.8,1.9,1.85,826,1.16238928183,710.605313481,8108,0.0737439516863
20,"[200,300)","[3.5,3.75)",1.9,2,1.95,902,1.2252211349,736.193634199,9010,0.0819478298832
20,"[200,300)","[3.5,3.75)",2,2.1,2.05,914,1.28805298797,709.598136517,9924,0.0902608505839
20,"[200,300)","[3.5,3.75)",2.1,2.2,2.15,957,1.35088484104,708.424560646,10881,0.0989649652563
20,"[200,300)","[3.5,3.75)",2.2,2.3,2.25,949,1.41371669412,671.280182196,11830,0.10759631826
20,"[200,300)","[3.5,3.75)",2.3,2.4,2.35,1002,1.47654854719,678.609587141,12832,0.116709717321
20,"[200,300)","[3.5,3.75)",2.4,2.5,2.45,1076,1.53938040026,698.982525579,13908,0.126496161822
20,"[200,300)","[3.5,3.75)",2.5,2.6,2.55,1153,1.60221225333,719.629997588,15061,0.136982937389
20,"[200,300)","[3.5,3.75)",2.6,2.7,2.65,1117,1.6650441064,670.85309975,16178,0.147142285444
20,"[200,300)","[3.5,3.75)",2.7,2.8,2.75,1184,1.72787595947,685.234373167,17362,0.157911012479
20,"[200,300)","[3.5,3.75)",2.8,2.9,2.85,1207,1.79070781255,674.035144954,18569,0.168888929312
20,"[200,300)","[3.5,3.75)",2.9,3,2.95,1289,1.85353966562,695.426175069,19858,0.180612653254
20,"[200,300)","[3.5,3.75)",3,3.1,3.05,1250,1.91637151869,652.274356934,21108,0.191981664059
20,"[200,300)","[3.5,3.75)",3.1,3.2,3.15,1433,1.97920337176,724.028677621,22541,0.205015098046
20,"[200,300)","[3.5,3.75)",3.2,3.3,3.25,1337,2.04203522483,654.738950504,23878,0.217175392003
20,"[200,300)","[3.5,3.75)",3.3,3.4,3.35,1431,2.10486707791,679.852906163,25309,0.230190635573
20,"[200,300)","[3.5,3.75)",3.4,3.5,3.45,1559,2.16769893098,719.195815305,26868,0.244370065849
20,"[200,300)","[3.5,3.75)",3.5,3.6,3.55,1539,2.23053078405,689.970302587,28407,0.258367591953
20,"[200,300)","[3.5,3.75)",3.6,3.7,3.65,1616,2.29336263712,704.642159004,30023,0.273065449121
20,"[200,300)","[3.5,3.75)",3.7,3.8,3.75,1547,2.35619449019,656.567191902,31570,0.287135736894
20,"[200,300)","[3.5,3.75)",3.8,3.9,3.85,1694,2.41902634326,700.281749604,33264,0.302543020337
20,"[200,300)","[3.5,3.75)",3.9,4,3.95,1695,2.48185819634,682.956021622,34959,0.317959398989
20,"[200,300)","[3.5,3.75)",4,4.1,4.05,1692,2.54469004941,664.913984473,36651,0.333348492014
20,"[200,300)","[3.5,3.75)",4.1,4.2,4.15,1743,2.60752190248,668.450760986,38394,0.349201440681
20,"[200,300)","[3.5,3.75)",4.2,4.3,4.25,1817,2.67035375555,680.434191995,40211,0.365727434787
20,"[200,300)","[3.5,3.75)",4.3,4.4,4.35,1877,2.73318560862,686.744432606,42088,0.382799141412
20,"[200,300)","[3.5,3.75)",4.4,4.5,4.45,1864,2.79601746169,666.662503198,43952,0.399752610325
20,"[200,300)","[3.5,3.75)",4.5,4.6,4.55,1913,2.85884931477,669.150343153,45865,0.417151744461
20,"[200,300)","[3.5,3.75)",4.6,4.7,4.65,2004,2.92168116784,685.906464422,47869,0.435378542584
20,"[200,300)","[3.5,3.75)",4.7,4.8,4.75,1980,2.98451302091,663.424815415,49849,0.453387055699
20,"[200,300)","[3.5,3.75)",4.8,4.9,4.85,2023,3.04734487398,663.85659768,51872,0.471786662786
20,"[200,300)","[3.5,3.75)",4.9,5,4.95,1974,3.11017672705,634.690621542,53846,0.489740604649
20,"[200,300)","[3.5,3.75)",5,5.1,5.05,2044,3.17300858013,644.183571643,55890,0.508331211118
20,"[200,300)","[3.5,3.75)",5.1,5.2,5.15,2020,3.2358404332,624.25822339,57910,0.526703532579
20,"[200,300)","[3.5,3.75)",5.2,5.3,5.25,2082,3.29867228627,631.163031462,59992,0.545639756976
20,"[200,300)","[3.5,3.75)",5.3,5.4,5.35,2071,3.36150413934,616.093246997,62063,0.564475934078
20,"[200,300)","[3.5,3.75)",5.4,5.5,5.45,2148,3.42433599241,627.274894975,64211,0.584012442245
20,"[200,300)","[3.5,3.75)",5.5,5.6,5.55,2066,3.48716784548,592.45786023,66277,0.602803143304
20,"[200,300)","[3.5,3.75)",5.6,5.7,5.65,2075,3.54999969856,584.507091886,68352,0.621675701241
20,"[200,300)","[3.5,3.75)",5.7,5.8,5.75,2085,3.61283155163,577.109663211,70437,0.640639211264
20,"[200,300)","[3.5,3.75)",5.8,5.9,5.85,2034,3.6756634047,553.369494443,72471,0.659138865646
20,"[200,300)","[3.5,3.75)",5.9,6,5.95,2083,3.73849525777,557.176044471,74554,0.678084185251
20,"[200,300)","[3.5,3.75)",6,6.1,6.05,2006,3.80132711084,527.710439409,76560,0.696329173791
20,"[200,300)","[3.5,3.75)",6.1,6.2,6.15,2035,3.86415896392,526.634649093,78595,0.714837923382
20,"[200,300)","[3.5,3.75)",6.2,6.3,6.25,2011,3.92699081699,512.096944892,80606,0.733128387965
20,"[200,300)","[3.5,3.75)",6.3,6.4,6.35,1910,3.98982267006,478.718017804,82516,0.750500236475
20,"[200,300)","[3.5,3.75)",6.4,6.5,6.45,1889,4.05265452313,466.114244187,84405,0.767681085604
20,"[200,300)","[3.5,3.75)",6.5,6.6,6.55,1863,4.1154863762,452.68039539,86268,0.784625459308
20,"[200,300)","[3.5,3.75)",6.6,6.7,6.65,1748,4.17831822927,418.350136127,88016,0.800523884018
20,"[200,300)","[3.5,3.75)",6.7,6.8,6.75,1677,4.24115008235,395.411614171,89693,0.815776548914
20,"[200,300)","[3.5,3.75)",6.8,6.9,6.85,1560,4.30398193542,362.455052881,91253,0.829965074399
20,"[200,300)","[3.5,3.75)",6.9,7,6.95,1465,4.36681378849,335.484880043,92718,0.843289555062
20,"[200,300)","[3.5,3.75)",7,7.1,7.05,1383,4.42964564156,312.214590491,94101,0.855868228617
20,"[200,300)","[3.5,3.75)",7.1,7.2,7.15,1324,4.49247749463,294.714887628,95425,0.867910284862
20,"[200,300)","[3.5,3.75)",7.2,7.3,7.25,1260,4.55530934771,276.600314891,96685,0.879370247753
20,"[200,300)","[3.5,3.75)",7.3,7.4,7.35,1125,4.61814120078,243.604504732,97810,0.889602357478
20,"[200,300)","[3.5,3.75)",7.4,7.5,7.45,1024,4.68097305385,218.757935203,98834,0.89891585113
20,"[200,300)","[3.5,3.75)",7.5,7.6,7.55,967,4.74380490692,203.844807907,99801,0.907710917888
20,"[200,300)","[3.5,3.75)",7.6,7.7,7.65,807,4.80663675999,167.892861536,100608,0.915050751264
20,"[200,300)","[3.5,3.75)",7.7,7.8,7.75,779,4.86946861306,159.976387959,101387,0.922135918798
20,"[200,300)","[3.5,3.75)",7.8,7.9,7.85,713,4.93230046614,144.557292261,102100,0.928620802561
20,"[200,300)","[3.5,3.75)",7.9,8,7.95,710,4.99513231921,142.138376849,102810,0.935078400699
20,"[200,300)","[3.5,3.75)",8,8.1,8.05,591,5.05796417228,116.84543027,103401,0.940453669007
20,"[200,300)","[3.5,3.75)",8.1,8.2,8.15,563,5.12079602535,109.943844124,103964,0.945574271474
20,"[200,300)","[3.5,3.75)",8.2,8.3,8.25,508,5.18362787842,98.0008619281,104472,0.950194637465
20,"[200,300)","[3.5,3.75)",8.3,8.4,8.35,441,5.24645973149,84.0566825192,104913,0.954205624477
20,"[200,300)","[3.5,3.75)",8.4,8.5,8.45,427,5.30929158457,80.4250422488,105340,0.958089278568
20,"[200,300)","[3.5,3.75)",8.5,8.6,8.55,379,5.37212343764,70.5493841308,105719,0.961536362644
20,"[200,300)","[3.5,3.75)",8.6,8.7,8.65,368,5.43495529071,67.7098486218,106087,0.964883399425
20,"[200,300)","[3.5,3.75)",8.7,8.8,8.75,302,5.49778714378,54.9311917871,106389,0.967630152436
20,"[200,300)","[3.5,3.75)",8.8,8.9,8.85,297,5.56061899685,53.4113198851,106686,0.970331429403
20,"[200,300)","[3.5,3.75)",8.9,9,8.95,276,5.62345084993,49.080183568,106962,0.972841706989
20,"[200,300)","[3.5,3.75)",9,9.1,9.05,228,5.686282703,40.0964939502,107190,0.97491541456
20,"[200,300)","[3.5,3.75)",9.1,9.2,9.15,206,5.74911455607,35.8316046742,107396,0.97678902754
20,"[200,300)","[3.5,3.75)",9.2,9.3,9.25,187,5.81194640914,32.1751074143,107583,0.978489831557
20,"[200,300)","[3.5,3.75)",9.3,9.4,9.35,185,5.87477826221,31.4905502374,107768,0.980172445156
20,"[200,300)","[3.5,3.75)",9.4,9.5,9.45,186,5.93761011528,31.3257348308,107954,0.981864153964
20,"[200,300)","[3.5,3.75)",9.5,9.6,9.55,137,6.00044196836,22.8316515221,108091,0.983110197548
20,"[200,300)","[3.5,3.75)",9.6,9.7,9.65,152,6.06327382143,25.0689651295,108243,0.984492669262
20,"[200,300)","[3.5,3.75)",9.7,9.8,9.75,132,6.1261056745,21.5471307571,108375,0.985693236803
20,"[200,300)","[3.5,3.75)",9.8,9.9,9.85,124,6.18893752757,20.0357491811,108499,0.986821042675
20,"[200,300)","[3.5,3.75)",9.9,10,9.95,125,6.25176938064,19.9943395844,108624,0.987957943755
20,"[200,300)","[3.5,3.75)",10,10.1,10.05,83,6.31460123372,13.1441395787,108707,0.988712846073
20,"[200,300)","[3.5,3.75)",10.1,10.2,10.15,96,6.37743308679,15.0530783614,108803,0.989585986103
20,"[200,300)","[3.5,3.75)",10.2,10.3,10.25,93,6.44026493986,14.4403997147,108896,0.990431840506
20,"[200,300)","[3.5,3.75)",10.3,10.4,10.35,83,6.50309679293,12.7631500257,108979,0.991186742824
20,"[200,300)","[3.5,3.75)",10.4,10.5,10.45,81,6.565928646,12.3364118569,109060,0.991923454724
20,"[200,300)","[3.5,3.75)",10.5,10.6,10.55,66,6.62876049907,9.95661255362,109126,0.992523738495
20,"[200,300)","[3.5,3.75)",10.6,10.7,10.65,86,6.69159235215,12.8519484562,109212,0.993305926438
20,"[200,300)","[3.5,3.75)",10.7,10.8,10.75,68,6.75442420522,10.06747547,109280,0.993924400626
20,"[200,300)","[3.5,3.75)",10.8,10.9,10.85,64,6.81725605829,9.38794134367,109344,0.994506493979
20,"[200,300)","[3.5,3.75)",10.9,11,10.95,60,6.88008791136,8.72081879956,109404,0.995052206498
20,"[200,300)","[3.5,3.75)",11,11.1,11.05,53,6.94291976443,7.6336760035,109457,0.995534252556
20,"[200,300)","[3.5,3.75)",11.1,11.2,11.15,50,7.00575161751,7.13699296376,109507,0.995989012988
20,"[200,300)","[3.5,3.75)",11.2,11.3,11.25,56,7.06858347058,7.92237938946,109563,0.996498344672
20,"[200,300)","[3.5,3.75)",11.3,11.4,11.35,54,7.13141532365,7.57212945107,109617,0.996989485939
20,"[200,300)","[3.5,3.75)",11.4,11.5,11.45,66,7.19424717672,9.17399671971,109683,0.997589769709
20,"[200,300)","[3.5,3.75)",11.5,11.6,11.55,49,7.25707902979,6.75202788875,109732,0.998035434933
20,"[200,300)","[3.5,3.75)",11.6,11.7,11.65,70,7.31991088286,9.56295795402,109802,0.998672099538
20,"[200,300)","[3.5,3.75)",11.7,11.8,11.75,42,7.38274273594,5.68894264669,109844,0.999054098301
20,"[200,300)","[3.5,3.75)",11.8,11.9,11.85,54,7.44557458901,7.25263031811,109898,0.999545239568
20,"[200,300)","[3.5,3.75)",11.9,12,11.95,50,7.50840644208,6.65920263983,109948,1
21,"[200,300)","[3.75,4.0)",0,0.1,0.05,5,0.0314159265359,159.154943092,5,9.36522504636e-05
21,"[200,300)","[3.75,4.0)",0.1,0.2,0.15,19,0.0942477796077,201.59626125,24,0.000449530802225
21,"[200,300)","[3.75,4.0)",0.2,0.3,0.25,45,0.157079632679,286.478897565,69,0.0012924010564
21,"[200,300)","[3.75,4.0)",0.3,0.4,0.35,92,0.219911485751,418.350136127,161,0.00301560246493
21,"[200,300)","[3.75,4.0)",0.4,0.5,0.45,109,0.282743338823,385.508639934,270,0.00505722152503
21,"[200,300)","[3.75,4.0)",0.5,0.6,0.55,143,0.345575191895,413.802852039,413,0.00773567588829
21,"[200,300)","[3.75,4.0)",0.6,0.7,0.65,148,0.408407044967,362.383562732,561,0.010507782502
21,"[200,300)","[3.75,4.0)",0.7,0.8,0.75,190,0.471238898038,403.192522499,751,0.0140665680196
21,"[200,300)","[3.75,4.0)",0.8,0.9,0.85,169,0.53407075111,316.437475089,920,0.0172320140853
21,"[200,300)","[3.75,4.0)",0.9,1,0.95,192,0.596902604182,321.660516565,1112,0.0208282605031
21,"[200,300)","[3.75,4.0)",1,1.1,1.05,240,0.659734457254,363.782727067,1352,0.0253235685254
21,"[200,300)","[3.75,4.0)",1.1,1.2,1.15,237,0.722566310326,327.997578372,1589,0.0297626851973
21,"[200,300)","[3.75,4.0)",1.2,1.3,1.25,257,0.785398163397,327.222562997,1846,0.0345764108712
21,"[200,300)","[3.75,4.0)",1.3,1.4,1.35,288,0.848230016469,339.530545263,2134,0.0399707804979
21,"[200,300)","[3.75,4.0)",1.4,1.5,1.45,308,0.911061869541,338.067051533,2442,0.0457397591264
21,"[200,300)","[3.75,4.0)",1.5,1.6,1.55,360,0.973893722613,369.650190407,2802,0.0524827211598
21,"[200,300)","[3.75,4.0)",1.6,1.7,1.65,370,1.03672557568,356.892902691,3172,0.0594129876941
21,"[200,300)","[3.75,4.0)",1.7,1.8,1.75,364,1.09955742876,331.042281631,3536,0.0662308715278
21,"[200,300)","[3.75,4.0)",1.8,1.9,1.85,393,1.16238928183,338.096716947,3929,0.0735919384143
21,"[200,300)","[3.75,4.0)",1.9,2,1.95,402,1.2252211349,328.104036528,4331,0.0811215793516
21,"[200,300)","[3.75,4.0)",2,2.1,2.05,454,1.28805298797,352.46997153,4785,0.0896252036936
21,"[200,300)","[3.75,4.0)",2.1,2.2,2.15,430,1.35088484104,318.309886184,5215,0.0976792972335
21,"[200,300)","[3.75,4.0)",2.2,2.3,2.25,444,1.41371669412,314.065754368,5659,0.105995617075
21,"[200,300)","[3.75,4.0)",2.3,2.4,2.35,489,1.47654854719,331.177732647,6148,0.11515480717
21,"[200,300)","[3.75,4.0)",2.4,2.5,2.45,513,1.53938040026,333.250962474,6661,0.124763528068
21,"[200,300)","[3.75,4.0)",2.5,2.6,2.55,550,1.60221225333,343.275367453,7211,0.135065275619
21,"[200,300)","[3.75,4.0)",2.6,2.7,2.65,528,1.6650441064,317.108716802,7739,0.144954953268
21,"[200,300)","[3.75,4.0)",2.7,2.8,2.75,588,1.72787595947,340.302205593,8327,0.155968457922
21,"[200,300)","[3.75,4.0)",2.8,2.9,2.85,605,1.79070781255,337.855230072,8932,0.167300380228
21,"[200,300)","[3.75,4.0)",2.9,3,2.95,575,1.85353966562,310.217261959,9507,0.178070389031
21,"[200,300)","[3.75,4.0)",3,3.1,3.05,587,1.91637151869,306.308038016,10094,0.189065163236
21,"[200,300)","[3.75,4.0)",3.1,3.2,3.15,656,1.97920337176,331.446484661,10750,0.201352338497
21,"[200,300)","[3.75,4.0)",3.2,3.3,3.25,633,2.04203522483,309.984858391,11383,0.213208713405
21,"[200,300)","[3.75,4.0)",3.3,3.4,3.35,684,2.10486707791,324.961137537,12067,0.226020341269
21,"[200,300)","[3.75,4.0)",3.4,3.5,3.45,683,2.16769893098,315.080655454,12750,0.238813238682
21,"[200,300)","[3.75,4.0)",3.5,3.6,3.55,751,2.23053078405,336.691161301,13501,0.252879806702
21,"[200,300)","[3.75,4.0)",3.6,3.7,3.65,758,2.29336263712,330.519032503,14259,0.267077487872
21,"[200,300)","[3.75,4.0)",3.7,3.8,3.75,712,2.35619449019,302.182185284,14971,0.280413568338
21,"[200,300)","[3.75,4.0)",3.8,3.9,3.85,723,2.41902634326,298.880581443,15694,0.293955683755
21,"[200,300)","[3.75,4.0)",3.9,4,3.95,763,2.48185819634,307.430940707,16457,0.308247017176
21,"[200,300)","[3.75,4.0)",4,4.1,4.05,835,2.54469004941,328.134265387,17292,0.323886943003
21,"[200,300)","[3.75,4.0)",4.1,4.2,4.15,809,2.60752190248,310.256262557,18101,0.339039877128
21,"[200,300)","[3.75,4.0)",4.2,4.3,4.25,837,2.67035375555,313.441617336,18938,0.354717263856
21,"[200,300)","[3.75,4.0)",4.3,4.4,4.35,806,2.73318560862,294.89398651,19744,0.369814006631
21,"[200,300)","[3.75,4.0)",4.4,4.5,4.45,845,2.79601746169,302.215566096,20589,0.385641236959
21,"[200,300)","[3.75,4.0)",4.5,4.6,4.55,848,2.85884931477,296.622838993,21437,0.401524658638
21,"[200,300)","[3.75,4.0)",4.6,4.7,4.65,881,2.92168116784,301.538720138,22318,0.418026185169
21,"[200,300)","[3.75,4.0)",4.7,4.8,4.75,893,2.98451302091,299.211293013,23211,0.434752477102
21,"[200,300)","[3.75,4.0)",4.8,4.9,4.85,916,3.04734487398,300.589542004,24127,0.451909569387
21,"[200,300)","[3.75,4.0)",4.9,5,4.95,872,3.11017672705,280.369919952,24999,0.468242521868
21,"[200,300)","[3.75,4.0)",5,5.1,5.05,851,3.17300858013,268.199715983,25850,0.484182134897
21,"[200,300)","[3.75,4.0)",5.1,5.2,5.15,907,3.2358404332,280.298123076,26757,0.501170653131
21,"[200,300)","[3.75,4.0)",5.2,5.3,5.25,897,3.29867228627,271.927588483,27654,0.517971866864
21,"[200,300)","[3.75,4.0)",5.3,5.4,5.35,877,3.36150413934,260.895112321,28531,0.534398471595
21,"[200,300)","[3.75,4.0)",5.4,5.5,5.45,847,3.42433599241,247.347223484,29378,0.550263162824
21,"[200,300)","[3.75,4.0)",5.5,5.6,5.55,858,3.48716784548,246.04493905,30236,0.566333889003
21,"[200,300)","[3.75,4.0)",5.6,5.7,5.65,895,3.54999969856,252.112697464,31131,0.583097641836
21,"[200,300)","[3.75,4.0)",5.7,5.8,5.75,819,3.61283155163,226.691997204,31950,0.598437880462
21,"[200,300)","[3.75,4.0)",5.8,5.9,5.85,867,3.6756634047,235.875787454,32817,0.614677180693
21,"[200,300)","[3.75,4.0)",5.9,6,5.95,858,3.73849525777,229.504102812,33675,0.630747906872
21,"[200,300)","[3.75,4.0)",6,6.1,6.05,902,3.80132711084,237.285551519,34577,0.647642772856
21,"[200,300)","[3.75,4.0)",6.1,6.2,6.15,842,3.86415896392,217.899938347,35419,0.663413811834
21,"[200,300)","[3.75,4.0)",6.2,6.3,6.25,854,3.92699081699,217.469314241,36273,0.679409616213
21,"[200,300)","[3.75,4.0)",6.3,6.4,6.35,838,3.98982267006,210.03439734,37111,0.695105733391
21,"[200,300)","[3.75,4.0)",6.4,6.5,6.45,777,4.05265452313,191.72618726,37888,0.709659293113
21,"[200,300)","[3.75,4.0)",6.5,6.6,6.55,756,4.1154863762,183.696392332,38644,0.723819513383
21,"[200,300)","[3.75,4.0)",6.6,6.7,6.65,779,4.17831822927,186.438647622,39423,0.738410534005
21,"[200,300)","[3.75,4.0)",6.7,6.8,6.75,785,4.24115008235,185.091304188,40208,0.753113937328
21,"[200,300)","[3.75,4.0)",6.8,6.9,6.85,755,4.30398193542,175.418951875,40963,0.767255427148
21,"[200,300)","[3.75,4.0)",6.9,7,6.95,680,4.36681378849,155.71994432,41643,0.779992133211
21,"[200,300)","[3.75,4.0)",7,7.1,7.05,710,4.42964564156,160.283701554,42353,0.793290752777
21,"[200,300)","[3.75,4.0)",7.1,7.2,7.15,629,4.49247749463,140.011831056,42982,0.805072205885
21,"[200,300)","[3.75,4.0)",7.2,7.3,7.25,617,4.55530934771,135.446344673,43599,0.816628893592
21,"[200,300)","[3.75,4.0)",7.3,7.4,7.35,589,4.61814120078,127.540491811,44188,0.827661128697
21,"[200,300)","[3.75,4.0)",7.4,7.5,7.45,541,4.68097305385,115.574260688,44729,0.837794302197
21,"[200,300)","[3.75,4.0)",7.5,7.6,7.55,530,4.74380490692,111.724662038,45259,0.847721440746
21,"[200,300)","[3.75,4.0)",7.6,7.7,7.65,470,4.80663675999,97.7814683048,45729,0.85652475229
21,"[200,300)","[3.75,4.0)",7.7,7.8,7.75,501,4.86946861306,102.885969663,46230,0.865908707786
21,"[200,300)","[3.75,4.0)",7.8,7.9,7.85,451,4.93230046614,91.4380628464,46681,0.874356140778
21,"[200,300)","[3.75,4.0)",7.9,8,7.95,462,4.99513231921,92.4900424006,47143,0.883009608721
21,"[200,300)","[3.75,4.0)",8,8.1,8.05,430,5.05796417228,85.0144416516,47573,0.891063702261
21,"[200,300)","[3.75,4.0)",8.1,8.2,8.15,387,5.12079602535,75.5741877013,47960,0.898312386447
21,"[200,300)","[3.75,4.0)",8.2,8.3,8.25,396,5.18362787842,76.3943726841,48356,0.905729644683
21,"[200,300)","[3.75,4.0)",8.3,8.4,8.35,352,5.24645973149,67.0928622375,48708,0.912322763116
21,"[200,300)","[3.75,4.0)",8.4,8.5,8.45,319,5.30929158457,60.0833453803,49027,0.918297776696
21,"[200,300)","[3.75,4.0)",8.5,8.6,8.55,313,5.37212343764,58.2637394009,49340,0.924160407575
21,"[200,300)","[3.75,4.0)",8.6,8.7,8.65,292,5.43495529071,53.7262929281,49632,0.929629699002
21,"[200,300)","[3.75,4.0)",8.7,8.8,8.75,285,5.49778714378,51.8390386071,49917,0.934967877278
21,"[200,300)","[3.75,4.0)",8.8,8.9,8.85,272,5.56061899685,48.9154175378,50189,0.940062559703
21,"[200,300)","[3.75,4.0)",8.9,9,8.95,246,5.62345084993,43.7453810063,50435,0.944670250426
21,"[200,300)","[3.75,4.0)",9,9.1,9.05,246,5.686282703,43.2620066305,50681,0.949277941149
21,"[200,300)","[3.75,4.0)",9.1,9.2,9.15,221,5.74911455607,38.440702102,50902,0.953417370619
21,"[200,300)","[3.75,4.0)",9.2,9.3,9.25,169,5.81194640914,29.0780382514,51071,0.956582816685
21,"[200,300)","[3.75,4.0)",9.3,9.4,9.35,184,5.87477826221,31.320331047,51255,0.960029219502
21,"[200,300)","[3.75,4.0)",9.4,9.5,9.45,161,5.93761011528,27.1152866008,51416,0.963044821967
21,"[200,300)","[3.75,4.0)",9.5,9.6,9.55,159,6.00044196836,26.4980481169,51575,0.966022963532
21,"[200,300)","[3.75,4.0)",9.6,9.7,9.65,132,6.06327382143,21.7704170861,51707,0.968495382944
21,"[200,300)","[3.75,4.0)",9.7,9.8,9.75,134,6.1261056745,21.8736024352,51841,0.971005263256
21,"[200,300)","[3.75,4.0)",9.8,9.9,9.85,130,6.18893752757,21.0052209157,51971,0.973440221769
21,"[200,300)","[3.75,4.0)",9.9,10,9.95,116,6.25176938064,18.5547471343,52087,0.975612953979
21,"[200,300)","[3.75,4.0)",10,10.1,10.05,111,6.31460123372,17.5783071475,52198,0.97769203394
21,"[200,300)","[3.75,4.0)",10.1,10.2,10.15,111,6.37743308679,17.4051218554,52309,0.9797711139
21,"[200,300)","[3.75,4.0)",10.2,10.3,10.25,99,6.44026493986,15.3720384059,52408,0.981625428459
21,"[200,300)","[3.75,4.0)",10.3,10.4,10.35,88,6.50309679293,13.5320144851,52496,0.983273708067
21,"[200,300)","[3.75,4.0)",10.4,10.5,10.45,83,6.565928646,12.6410146188,52579,0.984828335425
21,"[200,300)","[3.75,4.0)",10.5,10.6,10.55,83,6.62876049907,12.521194575,52662,0.986382962783
21,"[200,300)","[3.75,4.0)",10.6,10.7,10.65,79,6.69159235215,11.8058596284,52741,0.98786266834
21,"[200,300)","[3.75,4.0)",10.7,10.8,10.75,69,6.75442420522,10.2155265799,52810,0.989155069396
21,"[200,300)","[3.75,4.0)",10.8,10.9,10.85,60,6.81725605829,8.80119500969,52870,0.990278896402
21,"[200,300)","[3.75,4.0)",10.9,11,10.95,78,6.88008791136,11.3370644394,52948,0.991739871509
21,"[200,300)","[3.75,4.0)",11,11.1,11.05,62,6.94291976443,8.92996060787,53010,0.992901159415
21,"[200,300)","[3.75,4.0)",11.1,11.2,11.15,59,7.00575161751,8.42165169724,53069,0.99400625597
21,"[200,300)","[3.75,4.0)",11.2,11.3,11.25,52,7.06858347058,7.35649514736,53121,0.994980239375
21,"[200,300)","[3.75,4.0)",11.3,11.4,11.35,44,7.13141532365,6.16988325643,53165,0.995804379179
21,"[200,300)","[3.75,4.0)",11.4,11.5,11.45,33,7.19424717672,4.58699835985,53198,0.996422484032
21,"[200,300)","[3.75,4.0)",11.5,11.6,11.55,45,7.25707902979,6.20084193865,53243,0.997265354286
21,"[200,300)","[3.75,4.0)",11.6,11.7,11.65,33,7.31991088286,4.50825160689,53276,0.99788345914
21,"[200,300)","[3.75,4.0)",11.7,11.8,11.75,45,7.38274273594,6.09529569288,53321,0.998726329394
21,"[200,300)","[3.75,4.0)",11.8,11.9,11.85,36,7.44557458901,4.83508687874,53357,0.999400625597
21,"[200,300)","[3.75,4.0)",11.9,12,11.95,32,7.50840644208,4.26188968949,53389,1
22,"[200,300)","[4.0,4.25)",0,0.1,0.05,4,0.0314159265359,127.323954474,4,0.000177635669242
22,"[200,300)","[4.0,4.25)",0.1,0.2,0.15,17,0.0942477796077,180.375602171,21,0.000932587263523
22,"[200,300)","[4.0,4.25)",0.2,0.3,0.25,25,0.157079632679,159.154943092,46,0.00204281019629
22,"[200,300)","[4.0,4.25)",0.3,0.4,0.35,35,0.219911485751,159.154943092,81,0.00359712230216
22,"[200,300)","[4.0,4.25)",0.4,0.5,0.45,39,0.282743338823,137.934284013,120,0.00532907007727
22,"[200,300)","[4.0,4.25)",0.5,0.6,0.55,49,0.345575191895,141.792585664,169,0.00750510702549
22,"[200,300)","[4.0,4.25)",0.6,0.7,0.65,64,0.408407044967,156.706405506,233,0.0103472777334
22,"[200,300)","[4.0,4.25)",0.7,0.8,0.75,81,0.471238898038,171.887338539,314,0.0139444000355
22,"[200,300)","[4.0,4.25)",0.8,0.9,0.85,85,0.53407075111,159.154943092,399,0.0177191580069
22,"[200,300)","[4.0,4.25)",0.9,1,0.95,84,0.596902604182,140.726475997,483,0.021449507061
22,"[200,300)","[4.0,4.25)",1,1.1,1.05,88,0.659734457254,133.386999925,571,0.0253574917844
22,"[200,300)","[4.0,4.25)",1.1,1.2,1.15,90,0.722566310326,124.55604242,661,0.0293542943423
22,"[200,300)","[4.0,4.25)",1.2,1.3,1.25,113,0.785398163397,143.876068555,774,0.0343725019984
22,"[200,300)","[4.0,4.25)",1.3,1.4,1.35,127,0.848230016469,149.723539057,901,0.0400124344968
22,"[200,300)","[4.0,4.25)",1.4,1.5,1.45,137,0.911061869541,150.373980714,1038,0.0460964561684
22,"[200,300)","[4.0,4.25)",1.5,1.6,1.55,114,0.973893722613,117.055893629,1152,0.0511590727418
22,"[200,300)","[4.0,4.25)",1.6,1.7,1.65,144,1.03672557568,138.898859426,1296,0.0575539568345
22,"[200,300)","[4.0,4.25)",1.7,1.8,1.75,161,1.09955742876,146.422547645,1457,0.0647037925215
22,"[200,300)","[4.0,4.25)",1.8,1.9,1.85,162,1.16238928183,139.368112329,1619,0.0718980371259
22,"[200,300)","[4.0,4.25)",1.9,2,1.95,160,1.2252211349,130.588671255,1779,0.0790034638956
22,"[200,300)","[4.0,4.25)",2,2.1,2.05,157,1.28805298797,121.889395441,1936,0.0859756639133
22,"[200,300)","[4.0,4.25)",2.1,2.2,2.15,200,1.35088484104,148.051109853,2136,0.0948574473754
22,"[200,300)","[4.0,4.25)",2.2,2.3,2.25,192,1.41371669412,135.812218105,2328,0.103383959499
22,"[200,300)","[4.0,4.25)",2.3,2.4,2.35,207,1.47654854719,140.191800936,2535,0.112576605382
22,"[200,300)","[4.0,4.25)",2.4,2.5,2.45,186,1.53938040026,120.827834347,2721,0.120836664002
22,"[200,300)","[4.0,4.25)",2.5,2.6,2.55,233,1.60221225333,145.423928394,2954,0.131183941736
22,"[200,300)","[4.0,4.25)",2.6,2.7,2.65,221,1.6650441064,132.729216692,3175,0.140998312461
22,"[200,300)","[4.0,4.25)",2.7,2.8,2.75,215,1.72787595947,124.430228235,3390,0.150546229683
22,"[200,300)","[4.0,4.25)",2.8,2.9,2.85,232,1.79070781255,129.557708061,3622,0.160849098499
22,"[200,300)","[4.0,4.25)",2.9,3,2.95,214,1.85353966562,115.454772277,3836,0.170352606803
22,"[200,300)","[4.0,4.25)",3,3.1,3.05,261,1.91637151869,136.194885728,4097,0.181943334222
22,"[200,300)","[4.0,4.25)",3.1,3.2,3.15,266,1.97920337176,134.3975075,4363,0.193756106226
22,"[200,300)","[4.0,4.25)",3.2,3.3,3.25,268,2.04203522483,131.241614611,4631,0.205657696065
22,"[200,300)","[4.0,4.25)",3.3,3.4,3.35,259,2.10486707791,123.048150032,4890,0.217159605649
22,"[200,300)","[4.0,4.25)",3.4,3.5,3.45,264,2.16769893098,121.788130366,5154,0.228883559819
22,"[200,300)","[4.0,4.25)",3.5,3.6,3.55,268,2.23053078405,120.15077394,5422,0.240785149658
22,"[200,300)","[4.0,4.25)",3.6,3.7,3.65,247,2.29336263712,107.702112175,5669,0.251754152234
22,"[200,300)","[4.0,4.25)",3.7,3.8,3.75,274,2.35619449019,116.289211752,5943,0.263922195577
22,"[200,300)","[4.0,4.25)",3.8,3.9,3.85,299,2.41902634326,123.60344931,6242,0.277200461853
22,"[200,300)","[4.0,4.25)",3.9,4,3.95,279,2.48185819634,112.415769931,6521,0.289590549782
22,"[200,300)","[4.0,4.25)",4,4.1,4.05,285,2.54469004941,111.997922917,6806,0.302247091216
22,"[200,300)","[4.0,4.25)",4.1,4.2,4.15,285,2.60752190248,109.299177786,7091,0.314903632649
22,"[200,300)","[4.0,4.25)",4.2,4.3,4.25,296,2.67035375555,110.846736836,7387,0.328048672173
22,"[200,300)","[4.0,4.25)",4.3,4.4,4.35,295,2.73318560862,107.932662557,7682,0.34114930278
22,"[200,300)","[4.0,4.25)",4.4,4.5,4.45,295,2.79601746169,105.507209465,7977,0.354249933387
22,"[200,300)","[4.0,4.25)",4.5,4.6,4.55,334,2.85884931477,116.830221962,8311,0.369082511768
22,"[200,300)","[4.0,4.25)",4.6,4.7,4.65,337,2.92168116784,115.344550155,8648,0.384048316902
22,"[200,300)","[4.0,4.25)",4.7,4.8,4.75,296,2.98451302091,99.1786592741,8944,0.397193356426
22,"[200,300)","[4.0,4.25)",4.8,4.9,4.85,309,3.04734487398,101.399747248,9253,0.410915711875
22,"[200,300)","[4.0,4.25)",4.9,5,4.95,298,3.11017672705,95.8144909927,9551,0.424149569234
22,"[200,300)","[4.0,4.25)",5,5.1,5.05,325,3.17300858013,102.426448524,9876,0.438582467359
22,"[200,300)","[4.0,4.25)",5.1,5.2,5.15,328,3.2358404332,101.36470162,10204,0.453148592237
22,"[200,300)","[4.0,4.25)",5.2,5.3,5.25,303,3.29867228627,91.8551385845,10507,0.466604494182
22,"[200,300)","[4.0,4.25)",5.3,5.4,5.35,299,3.36150413934,88.9482766065,10806,0.479882760458
22,"[200,300)","[4.0,4.25)",5.4,5.5,5.45,311,3.42433599241,90.8205271589,11117,0.493693933742
22,"[200,300)","[4.0,4.25)",5.5,5.6,5.55,330,3.48716784548,94.6326688655,11447,0.508348876454
22,"[200,300)","[4.0,4.25)",5.6,5.7,5.65,352,3.54999969856,99.1549379971,11799,0.523980815348
22,"[200,300)","[4.0,4.25)",5.7,5.8,5.75,345,3.61283155163,95.4929658551,12144,0.53930189182
22,"[200,300)","[4.0,4.25)",5.8,5.9,5.85,311,3.6756634047,84.6105765839,12455,0.553113065103
22,"[200,300)","[4.0,4.25)",5.9,6,5.95,293,3.73849525777,78.373778699,12748,0.566124877875
22,"[200,300)","[4.0,4.25)",6,6.1,6.05,315,3.80132711084,82.8657968164,13063,0.580113686828
22,"[200,300)","[4.0,4.25)",6.1,6.2,6.15,286,3.86415896392,74.0135182509,13349,0.592814637179
22,"[200,300)","[4.0,4.25)",6.2,6.3,6.25,338,3.92699081699,86.0709932241,13687,0.60782485123
22,"[200,300)","[4.0,4.25)",6.3,6.4,6.35,301,3.98982267006,75.4419494026,13988,0.621191935341
22,"[200,300)","[4.0,4.25)",6.4,6.5,6.45,272,4.05265452313,67.1165031333,14260,0.633271160849
22,"[200,300)","[4.0,4.25)",6.5,6.6,6.55,309,4.1154863762,75.082255596,14569,0.646993516298
22,"[200,300)","[4.0,4.25)",6.6,6.7,6.65,277,4.17831822927,66.2946153932,14846,0.659294786393
22,"[200,300)","[4.0,4.25)",6.7,6.8,6.75,330,4.24115008235,77.8090832894,15176,0.673949729106
22,"[200,300)","[4.0,4.25)",6.8,6.9,6.85,275,4.30398193542,63.8943202194,15451,0.686162181366
22,"[200,300)","[4.0,4.25)",6.9,7,6.95,273,4.36681378849,62.5169776462,15724,0.698285815792
22,"[200,300)","[4.0,4.25)",7,7.1,7.05,261,4.42964564156,58.9211916979,15985,0.70987654321
22,"[200,300)","[4.0,4.25)",7.1,7.2,7.15,293,4.49247749463,65.2201375188,16278,0.722888355982
22,"[200,300)","[4.0,4.25)",7.2,7.3,7.25,253,4.55530934771,55.5395870376,16531,0.734123812061
22,"[200,300)","[4.0,4.25)",7.3,7.4,7.35,245,4.61814120078,53.0516476973,16776,0.745003996803
22,"[200,300)","[4.0,4.25)",7.4,7.5,7.45,262,4.68097305385,55.9712685773,17038,0.756639133138
22,"[200,300)","[4.0,4.25)",7.5,7.6,7.55,257,4.74380490692,54.175921026,17295,0.768052224887
22,"[200,300)","[4.0,4.25)",7.6,7.7,7.65,237,4.80663675999,49.3068255069,17532,0.778577138289
22,"[200,300)","[4.0,4.25)",7.7,7.8,7.75,226,4.86946861306,46.4116350178,17758,0.788613553602
22,"[200,300)","[4.0,4.25)",7.8,7.9,7.85,256,4.93230046614,51.9027585115,18014,0.799982236433
22,"[200,300)","[4.0,4.25)",7.9,8,7.95,234,4.99513231921,46.8456058912,18248,0.810373923084
22,"[200,300)","[4.0,4.25)",8,8.1,8.05,206,5.05796417228,40.7278487912,18454,0.81952216005
22,"[200,300)","[4.0,4.25)",8.1,8.2,8.15,198,5.12079602535,38.6658634751,18652,0.828315125677
22,"[200,300)","[4.0,4.25)",8.2,8.3,8.25,215,5.18362787842,41.4767427452,18867,0.837863042899
22,"[200,300)","[4.0,4.25)",8.3,8.4,8.35,232,5.24645973149,44.2202955657,19099,0.848165911715
22,"[200,300)","[4.0,4.25)",8.4,8.5,8.45,213,5.30929158457,40.1183466019,19312,0.857625011102
22,"[200,300)","[4.0,4.25)",8.5,8.6,8.55,193,5.37212343764,35.9262035283,19505,0.866195932143
22,"[200,300)","[4.0,4.25)",8.6,8.7,8.65,170,5.43495529071,31.2790061568,19675,0.873745448086
22,"[200,300)","[4.0,4.25)",8.7,8.8,8.75,181,5.49778714378,32.9223367996,19856,0.881783462119
22,"[200,300)","[4.0,4.25)",8.8,8.9,8.85,160,5.56061899685,28.7737750223,20016,0.888888888889
22,"[200,300)","[4.0,4.25)",8.9,9,8.95,164,5.62345084993,29.1635873375,20180,0.896171951328
22,"[200,300)","[4.0,4.25)",9,9.1,9.05,150,5.686282703,26.3792723357,20330,0.902833288924
22,"[200,300)","[4.0,4.25)",9.1,9.2,9.15,152,5.74911455607,26.4388539344,20482,0.909583444356
22,"[200,300)","[4.0,4.25)",9.2,9.3,9.25,148,5.81194640914,25.4647908947,20630,0.916155964118
22,"[200,300)","[4.0,4.25)",9.3,9.4,9.35,138,5.87477826221,23.4902482852,20768,0.922284394706
22,"[200,300)","[4.0,4.25)",9.4,9.5,9.45,124,5.93761011528,20.8838232205,20892,0.927791100453
22,"[200,300)","[4.0,4.25)",9.5,9.6,9.55,111,6.00044196836,18.4986373646,21003,0.932720490274
22,"[200,300)","[4.0,4.25)",9.6,9.7,9.65,109,6.06327382143,17.9770868363,21112,0.937561062261
22,"[200,300)","[4.0,4.25)",9.7,9.8,9.75,109,6.1261056745,17.7927064585,21221,0.942401634248
22,"[200,300)","[4.0,4.25)",9.8,9.9,9.85,101,6.18893752757,16.3194408653,21322,0.946886934897
22,"[200,300)","[4.0,4.25)",9.9,10,9.95,109,6.25176938064,17.4350641176,21431,0.951727506883
22,"[200,300)","[4.0,4.25)",10,10.1,10.05,82,6.31460123372,12.9857764513,21513,0.955369038103
22,"[200,300)","[4.0,4.25)",10.1,10.2,10.15,83,6.37743308679,13.0146406666,21596,0.95905497824
22,"[200,300)","[4.0,4.25)",10.2,10.3,10.25,80,6.44026493986,12.4218492169,21676,0.962607691624
22,"[200,300)","[4.0,4.25)",10.3,10.4,10.35,72,6.50309679293,11.0716482151,21748,0.965805133671
22,"[200,300)","[4.0,4.25)",10.4,10.5,10.45,69,6.565928646,10.5087952855,21817,0.968869348965
22,"[200,300)","[4.0,4.25)",10.5,10.6,10.55,74,6.62876049907,11.1634746813,21891,0.972155608846
22,"[200,300)","[4.0,4.25)",10.6,10.7,10.65,60,6.69159235215,8.96647566715,21951,0.974820143885
22,"[200,300)","[4.0,4.25)",10.7,10.8,10.75,56,6.75442420522,8.29086215176,22007,0.977307043254
22,"[200,300)","[4.0,4.25)",10.8,10.9,10.85,63,6.81725605829,9.24125476017,22070,0.980104805045
22,"[200,300)","[4.0,4.25)",10.9,11,10.95,60,6.88008791136,8.72081879956,22130,0.982769340083
22,"[200,300)","[4.0,4.25)",11,11.1,11.05,46,6.94291976443,6.62545464455,22176,0.98481215028
22,"[200,300)","[4.0,4.25)",11.1,11.2,11.15,47,7.00575161751,6.70877338594,22223,0.986899369393
22,"[200,300)","[4.0,4.25)",11.2,11.3,11.25,37,7.06858347058,5.23442923947,22260,0.988542499334
22,"[200,300)","[4.0,4.25)",11.3,11.4,11.35,39,7.13141532365,5.4687601591,22299,0.990274447109
22,"[200,300)","[4.0,4.25)",11.4,11.5,11.45,40,7.19424717672,5.55999801194,22339,0.992050803801
22,"[200,300)","[4.0,4.25)",11.5,11.6,11.55,35,7.25707902979,4.82287706339,22374,0.993605115907
22,"[200,300)","[4.0,4.25)",11.6,11.7,11.65,34,7.31991088286,4.64486529195,22408,0.995115019096
22,"[200,300)","[4.0,4.25)",11.7,11.8,11.75,42,7.38274273594,5.68894264669,22450,0.996980193623
22,"[200,300)","[4.0,4.25)",11.8,11.9,11.85,37,7.44557458901,4.9693948476,22487,0.998623323563
22,"[200,300)","[4.0,4.25)",11.9,12,11.95,31,7.50840644208,4.12870563669,22518,1
23,"[200,300)","[4.25,4.5)",0,0.1,0.05,1,0.0314159265359,31.8309886184,1,0.00011784115013
23,"[200,300)","[4.25,4.5)",0.1,0.2,0.15,7,0.0942477796077,74.2723067762,8,0.000942729201037
23,"[200,300)","[4.25,4.5)",0.2,0.3,0.25,6,0.157079632679,38.1971863421,14,0.00164977610181
23,"[200,300)","[4.25,4.5)",0.3,0.4,0.35,13,0.219911485751,59.1146931484,27,0.0031817110535
23,"[200,300)","[4.25,4.5)",0.4,0.5,0.45,14,0.282743338823,49.5148711841,41,0.00483148715531
23,"[200,300)","[4.25,4.5)",0.5,0.6,0.55,14,0.345575191895,40.5121673325,55,0.00648126325713
23,"[200,300)","[4.25,4.5)",0.6,0.7,0.65,19,0.408407044967,46.5222141346,74,0.00872024510959
23,"[200,300)","[4.25,4.5)",0.7,0.8,0.75,28,0.471238898038,59.417845421,102,0.0120197973132
23,"[200,300)","[4.25,4.5)",0.8,0.9,0.85,38,0.53407075111,71.1516216176,140,0.0164977610181
23,"[200,300)","[4.25,4.5)",0.9,1,0.95,24,0.596902604182,40.2075645706,164,0.0193259486213
23,"[200,300)","[4.25,4.5)",1,1.1,1.05,33,0.659734457254,50.0201249717,197,0.0232147065755
23,"[200,300)","[4.25,4.5)",1.1,1.2,1.15,36,0.722566310326,49.8224169679,233,0.0274569879802
23,"[200,300)","[4.25,4.5)",1.2,1.3,1.25,37,0.785398163397,47.1098631552,270,0.031817110535
23,"[200,300)","[4.25,4.5)",1.3,1.4,1.35,41,0.848230016469,48.3359456798,311,0.0366485976903
23,"[200,300)","[4.25,4.5)",1.4,1.5,1.45,33,0.911061869541,36.2214698071,344,0.0405373556446
23,"[200,300)","[4.25,4.5)",1.5,1.6,1.55,45,0.973893722613,46.2062738009,389,0.0458402074004
23,"[200,300)","[4.25,4.5)",1.6,1.7,1.65,41,1.03672557568,39.5475919198,430,0.0506716945557
23,"[200,300)","[4.25,4.5)",1.7,1.8,1.75,57,1.09955742876,51.8390386071,487,0.0573886401131
23,"[200,300)","[4.25,4.5)",1.8,1.9,1.85,54,1.16238928183,46.456037443,541,0.0637520622201
23,"[200,300)","[4.25,4.5)",1.9,2,1.95,58,1.2252211349,47.3383933299,599,0.0705868489276
23,"[200,300)","[4.25,4.5)",2,2.1,2.05,55,1.28805298797,42.7001066832,654,0.0770681121848
23,"[200,300)","[4.25,4.5)",2.1,2.2,2.15,64,1.35088484104,47.3763551529,718,0.0846099457931
23,"[200,300)","[4.25,4.5)",2.2,2.3,2.25,67,1.41371669412,47.3928052763,785,0.0925053028518
23,"[200,300)","[4.25,4.5)",2.3,2.4,2.35,53,1.47654854719,35.8945190803,838,0.0987508838086
23,"[200,300)","[4.25,4.5)",2.4,2.5,2.45,70,1.53938040026,45.4728408834,908,0.106999764318
23,"[200,300)","[4.25,4.5)",2.5,2.6,2.55,61,1.60221225333,38.0723589357,969,0.114188074476
23,"[200,300)","[4.25,4.5)",2.6,2.7,2.65,74,1.6650441064,44.4432671275,1043,0.122908319585
23,"[200,300)","[4.25,4.5)",2.7,2.8,2.75,79,1.72787595947,45.7208745609,1122,0.132217770445
23,"[200,300)","[4.25,4.5)",2.8,2.9,2.85,90,1.79070781255,50.2594557132,1212,0.142823473957
23,"[200,300)","[4.25,4.5)",2.9,3,2.95,94,1.85353966562,50.7137784767,1306,0.153900542069
23,"[200,300)","[4.25,4.5)",3,3.1,3.05,90,1.91637151869,46.9637536992,1396,0.164506245581
23,"[200,300)","[4.25,4.5)",3.1,3.2,3.15,88,1.97920337176,44.4623333082,1484,0.174876266792
23,"[200,300)","[4.25,4.5)",3.2,3.3,3.25,78,2.04203522483,38.1971863421,1562,0.184067876502
23,"[200,300)","[4.25,4.5)",3.3,3.4,3.35,74,2.10486707791,35.1566142949,1636,0.192788121612
23,"[200,300)","[4.25,4.5)",3.4,3.5,3.45,92,2.16769893098,42.4413181578,1728,0.203629507424
23,"[200,300)","[4.25,4.5)",3.5,3.6,3.55,82,2.23053078405,36.7625502353,1810,0.213292481735
23,"[200,300)","[4.25,4.5)",3.6,3.7,3.65,92,2.29336263712,40.115766478,1902,0.224133867547
23,"[200,300)","[4.25,4.5)",3.7,3.8,3.75,101,2.35619449019,42.8657313394,2003,0.23603582371
23,"[200,300)","[4.25,4.5)",3.8,3.9,3.85,84,2.41902634326,34.7247148564,2087,0.245934480321
23,"[200,300)","[4.25,4.5)",3.9,4,3.95,94,2.48185819634,37.8748472168,2181,0.257011548433
23,"[200,300)","[4.25,4.5)",4,4.1,4.05,100,2.54469004941,39.2975168128,2281,0.268795663446
23,"[200,300)","[4.25,4.5)",4.1,4.2,4.15,96,2.60752190248,36.816565149,2377,0.280108413858
23,"[200,300)","[4.25,4.5)",4.2,4.3,4.25,106,2.67035375555,39.6951152182,2483,0.292599575772
23,"[200,300)","[4.25,4.5)",4.3,4.4,4.35,93,2.73318560862,34.0262292127,2576,0.303558802734
23,"[200,300)","[4.25,4.5)",4.4,4.5,4.45,101,2.79601746169,36.1228073085,2677,0.315460758897
23,"[200,300)","[4.25,4.5)",4.5,4.6,4.55,107,2.85884931477,37.4276459579,2784,0.328069761961
23,"[200,300)","[4.25,4.5)",4.6,4.7,4.65,127,2.92168116784,43.4681242423,2911,0.343035588027
23,"[200,300)","[4.25,4.5)",4.7,4.8,4.75,94,2.98451302091,31.4959255803,3005,0.35411265614
23,"[200,300)","[4.25,4.5)",4.8,4.9,4.85,106,3.04734487398,34.7843793149,3111,0.366603818053
23,"[200,300)","[4.25,4.5)",4.9,5,4.95,118,3.11017672705,37.939966232,3229,0.380509073769
23,"[200,300)","[4.25,4.5)",5,5.1,5.05,116,3.17300858013,36.5583631657,3345,0.394178647184
23,"[200,300)","[4.25,4.5)",5.1,5.2,5.15,119,3.2358404332,36.7756082096,3464,0.408201744049
23,"[200,300)","[4.25,4.5)",5.2,5.3,5.25,109,3.29867228627,33.0435977086,3573,0.421046429413
23,"[200,300)","[4.25,4.5)",5.3,5.4,5.35,120,3.36150413934,35.6983049926,3693,0.435187367429
23,"[200,300)","[4.25,4.5)",5.4,5.5,5.45,103,3.42433599241,30.0788241073,3796,0.447325005892
23,"[200,300)","[4.25,4.5)",5.5,5.6,5.55,110,3.48716784548,31.5442229552,3906,0.460287532406
23,"[200,300)","[4.25,4.5)",5.6,5.7,5.65,106,3.54999969856,29.859157465,4012,0.47277869432
23,"[200,300)","[4.25,4.5)",5.7,5.8,5.75,100,3.61283155163,27.6791205377,4112,0.484562809333
23,"[200,300)","[4.25,4.5)",5.8,5.9,5.85,107,3.6756634047,29.1103913006,4219,0.497171812397
23,"[200,300)","[4.25,4.5)",5.9,6,5.95,101,3.73849525777,27.0162172307,4320,0.50907376856
23,"[200,300)","[4.25,4.5)",6,6.1,6.05,94,3.80132711084,24.7282060341,4414,0.520150836672
23,"[200,300)","[4.25,4.5)",6.1,6.2,6.15,105,3.86415896392,27.172795162,4519,0.532524157436
23,"[200,300)","[4.25,4.5)",6.2,6.3,6.25,96,3.92699081699,24.4461992589,4615,0.543836907848
23,"[200,300)","[4.25,4.5)",6.3,6.4,6.35,109,3.98982267006,27.3195099166,4724,0.556681593212
23,"[200,300)","[4.25,4.5)",6.4,6.5,6.45,113,4.05265452313,27.8829590223,4837,0.569997643177
23,"[200,300)","[4.25,4.5)",6.5,6.6,6.55,104,4.1154863762,25.2704031779,4941,0.58225312279
23,"[200,300)","[4.25,4.5)",6.6,6.7,6.65,111,4.17831822927,26.5657123056,5052,0.595333490455
23,"[200,300)","[4.25,4.5)",6.7,6.8,6.75,97,4.24115008235,22.8711547851,5149,0.606764082017
23,"[200,300)","[4.25,4.5)",6.8,6.9,6.85,110,4.30398193542,25.5577280877,5259,0.619726608532
23,"[200,300)","[4.25,4.5)",6.9,7,6.95,77,4.36681378849,17.6329936951,5336,0.628800377092
23,"[200,300)","[4.25,4.5)",7,7.1,7.05,84,4.42964564156,18.9631421556,5420,0.638699033703
23,"[200,300)","[4.25,4.5)",7.1,7.2,7.15,94,4.49247749463,20.9238666442,5514,0.649776101815
23,"[200,300)","[4.25,4.5)",7.2,7.3,7.25,113,4.55530934771,24.8062187164,5627,0.663092151779
23,"[200,300)","[4.25,4.5)",7.3,7.4,7.35,104,4.61814120078,22.5198831042,5731,0.675347631393
23,"[200,300)","[4.25,4.5)",7.4,7.5,7.45,92,4.68097305385,19.6540332409,5823,0.686189017205
23,"[200,300)","[4.25,4.5)",7.5,7.6,7.55,95,4.74380490692,20.0261186672,5918,0.697383926467
23,"[200,300)","[4.25,4.5)",7.6,7.7,7.65,90,4.80663675999,18.724110952,6008,0.707989629979
23,"[200,300)","[4.25,4.5)",7.7,7.8,7.75,96,4.86946861306,19.7146768217,6104,0.719302380391
23,"[200,300)","[4.25,4.5)",7.8,7.9,7.85,92,4.93230046614,18.6525538401,6196,0.730143766203
23,"[200,300)","[4.25,4.5)",7.9,8,7.95,78,4.99513231921,15.6152019637,6274,0.739335375913
23,"[200,300)","[4.25,4.5)",8,8.1,8.05,82,5.05796417228,16.212056315,6356,0.748998350224
23,"[200,300)","[4.25,4.5)",8.1,8.2,8.15,91,5.12079602535,17.7706746274,6447,0.759721894886
23,"[200,300)","[4.25,4.5)",8.2,8.3,8.25,93,5.18362787842,17.9411026758,6540,0.770681121848
23,"[200,300)","[4.25,4.5)",8.3,8.4,8.35,96,5.24645973149,18.2980533375,6636,0.78199387226
23,"[200,300)","[4.25,4.5)",8.4,8.5,8.45,96,5.30929158457,18.0815083276,6732,0.793306622673
23,"[200,300)","[4.25,4.5)",8.5,8.6,8.55,101,5.37212343764,18.8007593594,6833,0.805208578836
23,"[200,300)","[4.25,4.5)",8.6,8.7,8.65,86,5.43495529071,15.8234972323,6919,0.815342917747
23,"[200,300)","[4.25,4.5)",8.7,8.8,8.75,72,5.49778714378,13.0961781744,6991,0.823827480556
23,"[200,300)","[4.25,4.5)",8.8,8.9,8.85,72,5.56061899685,12.94819876,7063,0.832312043366
23,"[200,300)","[4.25,4.5)",8.9,9,8.95,62,5.62345084993,11.0252586276,7125,0.839618194674
23,"[200,300)","[4.25,4.5)",9,9.1,9.05,66,5.686282703,11.6068798277,7191,0.847395710582
23,"[200,300)","[4.25,4.5)",9.1,9.2,9.15,68,5.74911455607,11.8279083391,7259,0.855408908791
23,"[200,300)","[4.25,4.5)",9.2,9.3,9.25,57,5.81194640914,9.80738568242,7316,0.862125854348
23,"[200,300)","[4.25,4.5)",9.3,9.4,9.35,79,5.87477826221,13.4473160473,7395,0.871435305209
23,"[200,300)","[4.25,4.5)",9.4,9.5,9.45,57,5.93761011528,9.59982196427,7452,0.878152250766
23,"[200,300)","[4.25,4.5)",9.5,9.6,9.55,56,6.00044196836,9.33264587764,7508,0.884751355173
23,"[200,300)","[4.25,4.5)",9.6,9.7,9.65,58,6.06327382143,9.56578932573,7566,0.891586141881
23,"[200,300)","[4.25,4.5)",9.7,9.8,9.75,61,6.1261056745,9.95738618319,7627,0.898774452039
23,"[200,300)","[4.25,4.5)",9.8,9.9,9.85,83,6.18893752757,13.4110256616,7710,0.908555267499
23,"[200,300)","[4.25,4.5)",9.9,10,9.95,50,6.25176938064,7.99773583376,7760,0.914447325006
23,"[200,300)","[4.25,4.5)",10,10.1,10.05,52,6.31460123372,8.23488262764,7812,0.920575064813
23,"[200,300)","[4.25,4.5)",10.1,10.2,10.15,44,6.37743308679,6.89932758231,7856,0.925760075418
23,"[200,300)","[4.25,4.5)",10.2,10.3,10.25,45,6.44026493986,6.98729018452,7901,0.931062927174
23,"[200,300)","[4.25,4.5)",10.3,10.4,10.35,42,6.50309679293,6.4584614588,7943,0.93601225548
23,"[200,300)","[4.25,4.5)",10.4,10.5,10.45,51,6.565928646,7.76737042841,7994,0.942022154136
23,"[200,300)","[4.25,4.5)",10.5,10.6,10.55,40,6.62876049907,6.03431063856,8034,0.946735800141
23,"[200,300)","[4.25,4.5)",10.6,10.7,10.65,58,6.69159235215,8.66759314491,8092,0.953570586849
23,"[200,300)","[4.25,4.5)",10.7,10.8,10.75,27,6.75442420522,3.99737996603,8119,0.956752297902
23,"[200,300)","[4.25,4.5)",10.8,10.9,10.85,45,6.81725605829,6.60089625727,8164,0.962055149658
23,"[200,300)","[4.25,4.5)",10.9,11,10.95,46,6.88008791136,6.68596107966,8210,0.967475842564
23,"[200,300)","[4.25,4.5)",11,11.1,11.05,34,6.94291976443,4.89707517206,8244,0.971482441669
23,"[200,300)","[4.25,4.5)",11.1,11.2,11.15,37,7.00575161751,5.28137479318,8281,0.975842564223
23,"[200,300)","[4.25,4.5)",11.2,11.3,11.25,30,7.06858347058,4.24413181578,8311,0.979377798727
23,"[200,300)","[4.25,4.5)",11.3,11.4,11.35,19,7.13141532365,2.66426776982,8330,0.98161678058
23,"[200,300)","[4.25,4.5)",11.4,11.5,11.45,35,7.19424717672,4.86499826045,8365,0.985741220834
23,"[200,300)","[4.25,4.5)",11.5,11.6,11.55,31,7.25707902979,4.27169111329,8396,0.989394296488
23,"[200,300)","[4.25,4.5)",11.6,11.7,11.65,23,7.31991088286,3.14211475632,8419,0.992104642941
23,"[200,300)","[4.25,4.5)",11.7,11.8,11.75,23,7.38274273594,3.11537335414,8442,0.994814989394
23,"[200,300)","[4.25,4.5)",11.8,11.9,11.85,22,7.44557458901,2.95477531479,8464,0.997407494697
23,"[200,300)","[4.25,4.5)",11.9,12,11.95,22,7.50840644208,2.93004916152,8486,1
24,"[200,300)","[4.5,4.75)",0,0.1,0.05,1,0.0314159265359,31.8309886184,1,0.000329706561161
24,"[200,300)","[4.5,4.75)",0.1,0.2,0.15,0,0.0942477796077,0,1,0.000329706561161
24,"[200,300)","[4.5,4.75)",0.2,0.3,0.25,2,0.157079632679,12.7323954474,3,0.000989119683482
24,"[200,300)","[4.5,4.75)",0.3,0.4,0.35,5,0.219911485751,22.7364204417,8,0.00263765248928
24,"[200,300)","[4.5,4.75)",0.4,0.5,0.45,6,0.282743338823,21.2206590789,14,0.00461589185625
24,"[200,300)","[4.5,4.75)",0.5,0.6,0.55,3,0.345575191895,8.6811787141,17,0.00560501153973
24,"[200,300)","[4.5,4.75)",0.6,0.7,0.65,6,0.408407044967,14.6912255162,23,0.00758325090669
24,"[200,300)","[4.5,4.75)",0.7,0.8,0.75,5,0.471238898038,10.6103295395,28,0.0092317837125
24,"[200,300)","[4.5,4.75)",0.8,0.9,0.85,5,0.53407075111,9.36205547599,33,0.0108803165183
24,"[200,300)","[4.5,4.75)",0.9,1,0.95,9,0.596902604182,15.077836714,42,0.0138476755687
24,"[200,300)","[4.5,4.75)",1,1.1,1.05,11,0.659734457254,16.6733749906,53,0.0174744477415
24,"[200,300)","[4.5,4.75)",1.1,1.2,1.15,13,0.722566310326,17.9914283495,66,0.0217606330366
24,"[200,300)","[4.5,4.75)",1.2,1.3,1.25,10,0.785398163397,12.7323954474,76,0.0250576986482
24,"[200,300)","[4.5,4.75)",1.3,1.4,1.35,10,0.848230016469,11.7892550438,86,0.0283547642598
24,"[200,300)","[4.5,4.75)",1.4,1.5,1.45,15,0.911061869541,16.4643044578,101,0.0333003626772
24,"[200,300)","[4.5,4.75)",1.5,1.6,1.55,8,0.973893722613,8.21444867571,109,0.0359380151665
24,"[200,300)","[4.5,4.75)",1.6,1.7,1.65,21,1.03672557568,20.2560836662,130,0.0428618529509
24,"[200,300)","[4.5,4.75)",1.7,1.8,1.75,17,1.09955742876,15.4607659004,147,0.0484668644906
24,"[200,300)","[4.5,4.75)",1.8,1.9,1.85,22,1.16238928183,18.9265337731,169,0.0557204088361
24,"[200,300)","[4.5,4.75)",1.9,2,1.95,14,1.2252211349,11.4265087348,183,0.0603363006924
24,"[200,300)","[4.5,4.75)",2,2.1,2.05,23,1.28805298797,17.8564082493,206,0.0679195515991
24,"[200,300)","[4.5,4.75)",2.1,2.2,2.15,21,1.35088484104,15.5453665346,227,0.0748433893834
24,"[200,300)","[4.5,4.75)",2.2,2.3,2.25,21,1.41371669412,14.8544613552,248,0.0817672271678
24,"[200,300)","[4.5,4.75)",2.3,2.4,2.35,30,1.47654854719,20.3176523096,278,0.0916584240026
24,"[200,300)","[4.5,4.75)",2.4,2.5,2.45,19,1.53938040026,12.3426282398,297,0.0979228486647
24,"[200,300)","[4.5,4.75)",2.5,2.6,2.55,20,1.60221225333,12.4827406347,317,0.104516979888
24,"[200,300)","[4.5,4.75)",2.6,2.7,2.65,19,1.6650441064,11.4111091273,336,0.11078140455
24,"[200,300)","[4.5,4.75)",2.7,2.8,2.75,25,1.72787595947,14.4686311902,361,0.119024068579
24,"[200,300)","[4.5,4.75)",2.8,2.9,2.85,27,1.79070781255,15.077836714,388,0.12792614573
24,"[200,300)","[4.5,4.75)",2.9,3,2.95,38,1.85353966562,20.5013147034,426,0.140454995054
24,"[200,300)","[4.5,4.75)",3,3.1,3.05,25,1.91637151869,13.0454871387,451,0.148697659083
24,"[200,300)","[4.5,4.75)",3.1,3.2,3.15,22,1.97920337176,11.1155833271,473,0.155951203429
24,"[200,300)","[4.5,4.75)",3.2,3.3,3.25,24,2.04203522483,11.7529804129,497,0.163864160897
24,"[200,300)","[4.5,4.75)",3.3,3.4,3.35,19,2.10486707791,9.02669826491,516,0.170128585559
24,"[200,300)","[4.5,4.75)",3.4,3.5,3.45,24,2.16769893098,11.0716482151,540,0.178041543027
24,"[200,300)","[4.5,4.75)",3.5,3.6,3.55,24,2.23053078405,10.7597708006,564,0.185954500495
24,"[200,300)","[4.5,4.75)",3.6,3.7,3.65,29,2.29336263712,12.6451872594,593,0.195515990768
24,"[200,300)","[4.5,4.75)",3.7,3.8,3.75,32,2.35619449019,13.5812218105,625,0.206066600725
24,"[200,300)","[4.5,4.75)",3.8,3.9,3.85,25,2.41902634326,10.3347365644,650,0.214309264754
24,"[200,300)","[4.5,4.75)",3.9,4,3.95,30,2.48185819634,12.0877171969,680,0.224200461589
24,"[200,300)","[4.5,4.75)",4,4.1,4.05,34,2.54469004941,13.3611557164,714,0.235410484669
24,"[200,300)","[4.5,4.75)",4.1,4.2,4.15,35,2.60752190248,13.4227060439,749,0.246950214309
24,"[200,300)","[4.5,4.75)",4.2,4.3,4.25,31,2.67035375555,11.6089487902,780,0.257171117705
24,"[200,300)","[4.5,4.75)",4.3,4.4,4.35,30,2.73318560862,10.9762029719,810,0.26706231454
24,"[200,300)","[4.5,4.75)",4.4,4.5,4.45,33,2.79601746169,11.8025013978,843,0.277942631058
24,"[200,300)","[4.5,4.75)",4.5,4.6,4.55,27,2.85884931477,9.4443592604,870,0.28684470821
24,"[200,300)","[4.5,4.75)",4.6,4.7,4.65,35,2.92168116784,11.9794043187,905,0.29838443785
24,"[200,300)","[4.5,4.75)",4.7,4.8,4.75,37,2.98451302091,12.3973324093,942,0.310583580613
24,"[200,300)","[4.5,4.75)",4.8,4.9,4.85,35,3.04734487398,11.4854082644,977,0.322123310254
24,"[200,300)","[4.5,4.75)",4.9,5,4.95,43,3.11017672705,13.8255809151,1020,0.336300692384
24,"[200,300)","[4.5,4.75)",5,5.1,5.05,38,3.17300858013,11.9760155198,1058,0.348829541708
24,"[200,300)","[4.5,4.75)",5.1,5.2,5.15,19,3.2358404332,5.87173576456,1077,0.35509396637
24,"[200,300)","[4.5,4.75)",5.2,5.3,5.25,37,3.29867228627,11.2166340846,1114,0.367293109133
24,"[200,300)","[4.5,4.75)",5.3,5.4,5.35,38,3.36150413934,11.3044632476,1152,0.379821958457
24,"[200,300)","[4.5,4.75)",5.4,5.5,5.45,33,3.42433599241,9.63690481107,1185,0.390702274975
24,"[200,300)","[4.5,4.75)",5.5,5.6,5.55,27,3.48716784548,7.74267290717,1212,0.399604352127
24,"[200,300)","[4.5,4.75)",5.6,5.7,5.65,33,3.54999969856,9.29577543723,1245,0.410484668645
24,"[200,300)","[4.5,4.75)",5.7,5.8,5.75,27,3.61283155163,7.47336254518,1272,0.419386745796
24,"[200,300)","[4.5,4.75)",5.8,5.9,5.85,45,3.6756634047,12.2426879301,1317,0.434223541048
24,"[200,300)","[4.5,4.75)",5.9,6,5.95,34,3.73849525777,9.09456817668,1351,0.445433564128
24,"[200,300)","[4.5,4.75)",6,6.1,6.05,30,3.80132711084,7.89198064918,1381,0.455324760963
24,"[200,300)","[4.5,4.75)",6.1,6.2,6.15,32,3.86415896392,8.28123281129,1413,0.46587537092
24,"[200,300)","[4.5,4.75)",6.2,6.3,6.25,37,3.92699081699,9.42197263104,1450,0.478074513683
24,"[200,300)","[4.5,4.75)",6.3,6.4,6.35,35,3.98982267006,8.77231969798,1485,0.489614243323
24,"[200,300)","[4.5,4.75)",6.4,6.5,6.45,36,4.05265452313,8.88306659118,1521,0.501483679525
24,"[200,300)","[4.5,4.75)",6.5,6.6,6.55,39,4.1154863762,9.47640119173,1560,0.51434223541
24,"[200,300)","[4.5,4.75)",6.6,6.7,6.65,43,4.17831822927,10.2912218841,1603,0.52851961754
24,"[200,300)","[4.5,4.75)",6.7,6.8,6.75,35,4.24115008235,8.25247853069,1638,0.540059347181
24,"[200,300)","[4.5,4.75)",6.8,6.9,6.85,30,4.30398193542,6.97028947848,1668,0.549950544016
24,"[200,300)","[4.5,4.75)",6.9,7,6.95,36,4.36681378849,8.24399705224,1704,0.561819980218
24,"[200,300)","[4.5,4.75)",7,7.1,7.05,39,4.42964564156,8.80431600083,1743,0.574678536103
24,"[200,300)","[4.5,4.75)",7.1,7.2,7.15,26,4.49247749463,5.78745247607,1769,0.583250906693
24,"[200,300)","[4.5,4.75)",7.2,7.3,7.25,42,4.55530934771,9.22001049636,1811,0.597098582262
24,"[200,300)","[4.5,4.75)",7.3,7.4,7.35,31,4.61814120078,6.71265746374,1842,0.607319485658
24,"[200,300)","[4.5,4.75)",7.4,7.5,7.45,39,4.68097305385,8.33160104776,1881,0.620178041543
24,"[200,300)","[4.5,4.75)",7.5,7.6,7.55,39,4.74380490692,8.22124871601,1920,0.633036597428
24,"[200,300)","[4.5,4.75)",7.6,7.7,7.65,33,4.80663675999,6.86550734906,1953,0.643916913947
24,"[200,300)","[4.5,4.75)",7.7,7.8,7.75,34,4.86946861306,6.98228137435,1987,0.655126937026
24,"[200,300)","[4.5,4.75)",7.8,7.9,7.85,32,4.93230046614,6.48784481394,2019,0.665677546983
24,"[200,300)","[4.5,4.75)",7.9,8,7.95,30,4.99513231921,6.00584690913,2049,0.675568743818
24,"[200,300)","[4.5,4.75)",8,8.1,8.05,30,5.05796417228,5.93124011523,2079,0.685459940653
24,"[200,300)","[4.5,4.75)",8.1,8.2,8.15,35,5.12079602535,6.83487485671,2114,0.696999670293
24,"[200,300)","[4.5,4.75)",8.2,8.3,8.25,28,5.18362787842,5.401622311,2142,0.706231454006
24,"[200,300)","[4.5,4.75)",8.3,8.4,8.35,27,5.24645973149,5.14632750118,2169,0.715133531157
24,"[200,300)","[4.5,4.75)",8.4,8.5,8.45,37,5.30929158457,6.96891466793,2206,0.72733267392
24,"[200,300)","[4.5,4.75)",8.5,8.6,8.55,25,5.37212343764,4.65365330678,2231,0.735575337949
24,"[200,300)","[4.5,4.75)",8.6,8.7,8.65,24,5.43495529071,4.41585969272,2255,0.743488295417
24,"[200,300)","[4.5,4.75)",8.7,8.8,8.75,38,5.49778714378,6.91187181428,2293,0.756017144741
24,"[200,300)","[4.5,4.75)",8.8,8.9,8.85,36,5.56061899685,6.47409938001,2329,0.767886580943
24,"[200,300)","[4.5,4.75)",8.9,9,8.95,37,5.62345084993,6.57958982615,2366,0.780085723706
24,"[200,300)","[4.5,4.75)",9,9.1,9.05,33,5.686282703,5.80343991385,2399,0.790966040224
24,"[200,300)","[4.5,4.75)",9.1,9.2,9.15,24,5.74911455607,4.17455588438,2423,0.798878997692
24,"[200,300)","[4.5,4.75)",9.2,9.3,9.25,20,5.81194640914,3.44118795874,2443,0.805473128915
24,"[200,300)","[4.5,4.75)",9.3,9.4,9.35,31,5.87477826221,5.27679490465,2474,0.815694032311
24,"[200,300)","[4.5,4.75)",9.4,9.5,9.45,36,5.93761011528,6.06304545112,2510,0.827563468513
24,"[200,300)","[4.5,4.75)",9.5,9.6,9.55,32,6.00044196836,5.33294050151,2542,0.83811407847
24,"[200,300)","[4.5,4.75)",9.6,9.7,9.65,31,6.06327382143,5.1127494672,2573,0.848334981866
24,"[200,300)","[4.5,4.75)",9.7,9.8,9.75,26,6.1261056745,4.24413181578,2599,0.856907352456
24,"[200,300)","[4.5,4.75)",9.8,9.9,9.85,30,6.18893752757,4.84735867285,2629,0.866798549291
24,"[200,300)","[4.5,4.75)",9.9,10,9.95,25,6.25176938064,3.99886791688,2654,0.87504121332
24,"[200,300)","[4.5,4.75)",10,10.1,10.05,23,6.31460123372,3.64235193146,2677,0.882624464227
24,"[200,300)","[4.5,4.75)",10.1,10.2,10.15,25,6.37743308679,3.92007248995,2702,0.890867128256
24,"[200,300)","[4.5,4.75)",10.2,10.3,10.25,24,6.44026493986,3.72655476508,2726,0.898780085724
24,"[200,300)","[4.5,4.75)",10.3,10.4,10.35,23,6.50309679293,3.53677651315,2749,0.90636333663
24,"[200,300)","[4.5,4.75)",10.4,10.5,10.45,26,6.565928646,3.95983590468,2775,0.914935707221
24,"[200,300)","[4.5,4.75)",10.5,10.6,10.55,27,6.62876049907,4.07315968102,2802,0.923837784372
24,"[200,300)","[4.5,4.75)",10.6,10.7,10.65,21,6.69159235215,3.1382664835,2823,0.930761622156
24,"[200,300)","[4.5,4.75)",10.7,10.8,10.75,18,6.75442420522,2.66491997735,2841,0.936696340257
24,"[200,300)","[4.5,4.75)",10.8,10.9,10.85,18,6.81725605829,2.64035850291,2859,0.942631058358
24,"[200,300)","[4.5,4.75)",10.9,11,10.95,25,6.88008791136,3.63367449981,2884,0.950873722387
24,"[200,300)","[4.5,4.75)",11,11.1,11.05,19,6.94291976443,2.73660083144,2903,0.957138147049
24,"[200,300)","[4.5,4.75)",11.1,11.2,11.15,17,7.00575161751,2.42657760768,2920,0.962743158589
24,"[200,300)","[4.5,4.75)",11.2,11.3,11.25,12,7.06858347058,1.69765272631,2932,0.966699637323
24,"[200,300)","[4.5,4.75)",11.3,11.4,11.35,13,7.13141532365,1.82292005303,2945,0.970985822618
24,"[200,300)","[4.5,4.75)",11.4,11.5,11.45,20,7.19424717672,2.77999900597,2965,0.977579953841
24,"[200,300)","[4.5,4.75)",11.5,11.6,11.55,13,7.25707902979,1.79135433783,2978,0.981866139136
24,"[200,300)","[4.5,4.75)",11.6,11.7,11.65,15,7.31991088286,2.04920527586,2993,0.986811737554
24,"[200,300)","[4.5,4.75)",11.7,11.8,11.75,15,7.38274273594,2.03176523096,3008,0.991757335971
24,"[200,300)","[4.5,4.75)",11.8,11.9,11.85,16,7.44557458901,2.14892750166,3024,0.99703264095
24,"[200,300)","[4.5,4.75)",11.9,12,11.95,9,7.50840644208,1.19865647517,3033,1
25,"[200,300)","[4.75,5.0)",0,0.1,0.05,0,0.0314159265359,0,0,0
25,"[200,300)","[4.75,5.0)",0.1,0.2,0.15,1,0.0942477796077,10.6103295395,1,0.000968992248062
25,"[200,300)","[4.75,5.0)",0.2,0.3,0.25,0,0.157079632679,0,1,0.000968992248062
25,"[200,300)","[4.75,5.0)",0.3,0.4,0.35,1,0.219911485751,4.54728408834,2,0.00193798449612
25,"[200,300)","[4.75,5.0)",0.4,0.5,0.45,2,0.282743338823,7.07355302631,4,0.00387596899225
25,"[200,300)","[4.75,5.0)",0.5,0.6,0.55,2,0.345575191895,5.78745247607,6,0.00581395348837
25,"[200,300)","[4.75,5.0)",0.6,0.7,0.65,2,0.408407044967,4.89707517206,8,0.0077519379845
25,"[200,300)","[4.75,5.0)",0.7,0.8,0.75,0,0.471238898038,0,8,0.0077519379845
25,"[200,300)","[4.75,5.0)",0.8,0.9,0.85,3,0.53407075111,5.6172332856,11,0.0106589147287
25,"[200,300)","[4.75,5.0)",0.9,1,0.95,2,0.596902604182,3.35063038088,13,0.0125968992248
25,"[200,300)","[4.75,5.0)",1,1.1,1.05,2,0.659734457254,3.03152272556,15,0.0145348837209
25,"[200,300)","[4.75,5.0)",1.1,1.2,1.15,7,0.722566310326,9.6876921882,22,0.0213178294574
25,"[200,300)","[4.75,5.0)",1.2,1.3,1.25,2,0.785398163397,2.54647908947,24,0.0232558139535
25,"[200,300)","[4.75,5.0)",1.3,1.4,1.35,3,0.848230016469,3.53677651315,27,0.0261627906977
25,"[200,300)","[4.75,5.0)",1.4,1.5,1.45,6,0.911061869541,6.58572178311,33,0.031976744186
25,"[200,300)","[4.75,5.0)",1.5,1.6,1.55,2,0.973893722613,2.05361216893,35,0.0339147286822
25,"[200,300)","[4.75,5.0)",1.6,1.7,1.65,5,1.03672557568,4.82287706339,40,0.0387596899225
25,"[200,300)","[4.75,5.0)",1.7,1.8,1.75,2,1.09955742876,1.81891363534,42,0.0406976744186
25,"[200,300)","[4.75,5.0)",1.8,1.9,1.85,10,1.16238928183,8.60296989686,52,0.0503875968992
25,"[200,300)","[4.75,5.0)",1.9,2,1.95,5,1.2252211349,4.08089597672,57,0.0552325581395
25,"[200,300)","[4.75,5.0)",2,2.1,2.05,4,1.28805298797,3.10546230423,61,0.0591085271318
25,"[200,300)","[4.75,5.0)",2.1,2.2,2.15,3,1.35088484104,2.22076664779,64,0.062015503876
25,"[200,300)","[4.75,5.0)",2.2,2.3,2.25,3,1.41371669412,2.12206590789,67,0.0649224806202
25,"[200,300)","[4.75,5.0)",2.3,2.4,2.35,5,1.47654854719,3.38627538493,72,0.0697674418605
25,"[200,300)","[4.75,5.0)",2.4,2.5,2.45,9,1.53938040026,5.84650811358,81,0.078488372093
25,"[200,300)","[4.75,5.0)",2.5,2.6,2.55,5,1.60221225333,3.12068515866,86,0.0833333333333
25,"[200,300)","[4.75,5.0)",2.6,2.7,2.65,5,1.6650441064,3.00292345456,91,0.0881782945736
25,"[200,300)","[4.75,5.0)",2.7,2.8,2.75,11,1.72787595947,6.36619772368,102,0.0988372093023
25,"[200,300)","[4.75,5.0)",2.8,2.9,2.85,7,1.79070781255,3.9090687777,109,0.105620155039
25,"[200,300)","[4.75,5.0)",2.9,3,2.95,10,1.85353966562,5.39508281667,119,0.115310077519
25,"[200,300)","[4.75,5.0)",3,3.1,3.05,6,1.91637151869,3.13091691328,125,0.121124031008
25,"[200,300)","[4.75,5.0)",3.1,3.2,3.15,4,1.97920337176,2.02101515037,129,0.125
25,"[200,300)","[4.75,5.0)",3.2,3.3,3.25,10,2.04203522483,4.89707517206,139,0.134689922481
25,"[200,300)","[4.75,5.0)",3.3,3.4,3.35,6,2.10486707791,2.85053629418,145,0.140503875969
25,"[200,300)","[4.75,5.0)",3.4,3.5,3.45,11,2.16769893098,5.07450543192,156,0.151162790698
25,"[200,300)","[4.75,5.0)",3.5,3.6,3.55,5,2.23053078405,2.24161891679,161,0.156007751938
25,"[200,300)","[4.75,5.0)",3.6,3.7,3.65,11,2.29336263712,4.79645033976,172,0.166666666667
25,"[200,300)","[4.75,5.0)",3.7,3.8,3.75,9,2.35619449019,3.81971863421,181,0.175387596899
25,"[200,300)","[4.75,5.0)",3.8,3.9,3.85,11,2.41902634326,4.54728408834,192,0.186046511628
25,"[200,300)","[4.75,5.0)",3.9,4,3.95,8,2.48185819634,3.22339125249,200,0.193798449612
25,"[200,300)","[4.75,5.0)",4,4.1,4.05,9,2.54469004941,3.53677651315,209,0.202519379845
25,"[200,300)","[4.75,5.0)",4.1,4.2,4.15,12,2.60752190248,4.60207064362,221,0.214147286822
25,"[200,300)","[4.75,5.0)",4.2,4.3,4.25,13,2.67035375555,4.86826884752,234,0.226744186047
25,"[200,300)","[4.75,5.0)",4.3,4.4,4.35,11,2.73318560862,4.02460775635,245,0.237403100775
25,"[200,300)","[4.75,5.0)",4.4,4.5,4.45,13,2.79601746169,4.64947024763,258,0.25
25,"[200,300)","[4.75,5.0)",4.5,4.6,4.55,11,2.85884931477,3.8477019209,269,0.260658914729
25,"[200,300)","[4.75,5.0)",4.6,4.7,4.65,10,2.92168116784,3.42268694821,279,0.270348837209
25,"[200,300)","[4.75,5.0)",4.7,4.8,4.75,10,2.98451302091,3.35063038088,289,0.28003875969
25,"[200,300)","[4.75,5.0)",4.8,4.9,4.85,10,3.04734487398,3.28154521839,299,0.289728682171
25,"[200,300)","[4.75,5.0)",4.9,5,4.95,8,3.11017672705,2.57220110048,307,0.297480620155
25,"[200,300)","[4.75,5.0)",5,5.1,5.05,6,3.17300858013,1.89094981891,313,0.303294573643
25,"[200,300)","[4.75,5.0)",5.1,5.2,5.15,7,3.2358404332,2.16327107115,320,0.31007751938
25,"[200,300)","[4.75,5.0)",5.2,5.3,5.25,9,3.29867228627,2.728370453,329,0.318798449612
25,"[200,300)","[4.75,5.0)",5.3,5.4,5.35,6,3.36150413934,1.78491524963,335,0.324612403101
25,"[200,300)","[4.75,5.0)",5.4,5.5,5.45,9,3.42433599241,2.62824676666,344,0.333333333333
25,"[200,300)","[4.75,5.0)",5.5,5.6,5.55,8,3.48716784548,2.29412530583,352,0.341085271318
25,"[200,300)","[4.75,5.0)",5.6,5.7,5.65,13,3.54999969856,3.66197214194,365,0.353682170543
25,"[200,300)","[4.75,5.0)",5.7,5.8,5.75,8,3.61283155163,2.21432964302,373,0.361434108527
25,"[200,300)","[4.75,5.0)",5.8,5.9,5.85,15,3.6756634047,4.08089597672,388,0.375968992248
25,"[200,300)","[4.75,5.0)",5.9,6,5.95,11,3.73849525777,2.94236029246,399,0.386627906977
25,"[200,300)","[4.75,5.0)",6,6.1,6.05,9,3.80132711084,2.36759419476,408,0.395348837209
25,"[200,300)","[4.75,5.0)",6.1,6.2,6.15,9,3.86415896392,2.32909672817,417,0.404069767442
25,"[200,300)","[4.75,5.0)",6.2,6.3,6.25,11,3.92699081699,2.80112699842,428,0.414728682171
25,"[200,300)","[4.75,5.0)",6.3,6.4,6.35,8,3.98982267006,2.00510164525,436,0.422480620155
25,"[200,300)","[4.75,5.0)",6.4,6.5,6.45,10,4.05265452313,2.46751849755,446,0.432170542636
25,"[200,300)","[4.75,5.0)",6.5,6.6,6.55,16,4.1154863762,3.88775433507,462,0.447674418605
25,"[200,300)","[4.75,5.0)",6.6,6.7,6.65,14,4.17831822927,3.35063038088,476,0.461240310078
25,"[200,300)","[4.75,5.0)",6.7,6.8,6.75,11,4.24115008235,2.59363610965,487,0.471899224806
25,"[200,300)","[4.75,5.0)",6.8,6.9,6.85,9,4.30398193542,2.09108684354,496,0.480620155039
25,"[200,300)","[4.75,5.0)",6.9,7,6.95,18,4.36681378849,4.12199852612,514,0.498062015504
25,"[200,300)","[4.75,5.0)",7,7.1,7.05,18,4.42964564156,4.06353046192,532,0.515503875969
25,"[200,300)","[4.75,5.0)",7.1,7.2,7.15,14,4.49247749463,3.11632056404,546,0.529069767442
25,"[200,300)","[4.75,5.0)",7.2,7.3,7.25,14,4.55530934771,3.07333683212,560,0.542635658915
25,"[200,300)","[4.75,5.0)",7.3,7.4,7.35,15,4.61814120078,3.2480600631,575,0.557170542636
25,"[200,300)","[4.75,5.0)",7.4,7.5,7.45,6,4.68097305385,1.28178477658,581,0.562984496124
25,"[200,300)","[4.75,5.0)",7.5,7.6,7.55,17,4.74380490692,3.58362123518,598,0.579457364341
25,"[200,300)","[4.75,5.0)",7.6,7.7,7.65,9,4.80663675999,1.8724110952,607,0.588178294574
25,"[200,300)","[4.75,5.0)",7.7,7.8,7.75,11,4.86946861306,2.25897338582,618,0.598837209302
25,"[200,300)","[4.75,5.0)",7.8,7.9,7.85,7,4.93230046614,1.41921605305,625,0.605620155039
25,"[200,300)","[4.75,5.0)",7.9,8,7.95,14,4.99513231921,2.80272855759,639,0.619186046512
25,"[200,300)","[4.75,5.0)",8,8.1,8.05,11,5.05796417228,2.17478804225,650,0.62984496124
25,"[200,300)","[4.75,5.0)",8.1,8.2,8.15,14,5.12079602535,2.73394994268,664,0.643410852713
25,"[200,300)","[4.75,5.0)",8.2,8.3,8.25,17,5.18362787842,3.27955640311,681,0.65988372093
25,"[200,300)","[4.75,5.0)",8.3,8.4,8.35,9,5.24645973149,1.71544250039,690,0.668604651163
25,"[200,300)","[4.75,5.0)",8.4,8.5,8.45,10,5.30929158457,1.88349045079,700,0.678294573643
25,"[200,300)","[4.75,5.0)",8.5,8.6,8.55,13,5.37212343764,2.41989971953,713,0.690891472868
25,"[200,300)","[4.75,5.0)",8.6,8.7,8.65,14,5.43495529071,2.57591815409,727,0.704457364341
25,"[200,300)","[4.75,5.0)",8.7,8.8,8.75,11,5.49778714378,2.00080499887,738,0.71511627907
25,"[200,300)","[4.75,5.0)",8.8,8.9,8.85,9,5.56061899685,1.618524845,747,0.723837209302
25,"[200,300)","[4.75,5.0)",8.9,9,8.95,10,5.62345084993,1.77826752058,757,0.733527131783
25,"[200,300)","[4.75,5.0)",9,9.1,9.05,6,5.686282703,1.05517089343,763,0.739341085271
25,"[200,300)","[4.75,5.0)",9.1,9.2,9.15,14,5.74911455607,2.43515759922,777,0.752906976744
25,"[200,300)","[4.75,5.0)",9.2,9.3,9.25,9,5.81194640914,1.54853458143,786,0.761627906977
25,"[200,300)","[4.75,5.0)",9.3,9.4,9.35,13,5.87477826221,2.21284947614,799,0.774224806202
25,"[200,300)","[4.75,5.0)",9.4,9.5,9.45,6,5.93761011528,1.01050757519,805,0.78003875969
25,"[200,300)","[4.75,5.0)",9.5,9.6,9.55,14,6.00044196836,2.33316146941,819,0.793604651163
25,"[200,300)","[4.75,5.0)",9.6,9.7,9.65,8,6.06327382143,1.31941921734,827,0.801356589147
25,"[200,300)","[4.75,5.0)",9.7,9.8,9.75,14,6.1261056745,2.28530174696,841,0.81492248062
25,"[200,300)","[4.75,5.0)",9.8,9.9,9.85,14,6.18893752757,2.262100714,855,0.828488372093
25,"[200,300)","[4.75,5.0)",9.9,10,9.95,8,6.25176938064,1.2796377334,863,0.836240310078
25,"[200,300)","[4.75,5.0)",10,10.1,10.05,9,6.31460123372,1.42526814709,872,0.84496124031
25,"[200,300)","[4.75,5.0)",10.1,10.2,10.15,11,6.37743308679,1.72483189558,883,0.855620155039
25,"[200,300)","[4.75,5.0)",10.2,10.3,10.25,9,6.44026493986,1.3974580369,892,0.864341085271
25,"[200,300)","[4.75,5.0)",10.3,10.4,10.35,9,6.50309679293,1.38395602689,901,0.873062015504
25,"[200,300)","[4.75,5.0)",10.4,10.5,10.45,7,6.565928646,1.06610966664,908,0.87984496124
25,"[200,300)","[4.75,5.0)",10.5,10.6,10.55,7,6.62876049907,1.05600436175,915,0.886627906977
25,"[200,300)","[4.75,5.0)",10.6,10.7,10.65,7,6.69159235215,1.04608882783,922,0.893410852713
25,"[200,300)","[4.75,5.0)",10.7,10.8,10.75,9,6.75442420522,1.33245998868,931,0.902131782946
25,"[200,300)","[4.75,5.0)",10.8,10.9,10.85,11,6.81725605829,1.61355241844,942,0.912790697674
25,"[200,300)","[4.75,5.0)",10.9,11,10.95,14,6.88008791136,2.0348577199,956,0.926356589147
25,"[200,300)","[4.75,5.0)",11,11.1,11.05,6,6.94291976443,0.864189736246,962,0.932170542636
25,"[200,300)","[4.75,5.0)",11.1,11.2,11.15,8,7.00575161751,1.1419188742,970,0.93992248062
25,"[200,300)","[4.75,5.0)",11.2,11.3,11.25,8,7.06858347058,1.13176848421,978,0.947674418605
25,"[200,300)","[4.75,5.0)",11.3,11.4,11.35,16,7.13141532365,2.24359391143,994,0.963178294574
25,"[200,300)","[4.75,5.0)",11.4,11.5,11.45,9,7.19424717672,1.25099955269,1003,0.971899224806
25,"[200,300)","[4.75,5.0)",11.5,11.6,11.55,8,7.25707902979,1.1023719002,1011,0.979651162791
25,"[200,300)","[4.75,5.0)",11.6,11.7,11.65,4,7.31991088286,0.54645474023,1015,0.983527131783
25,"[200,300)","[4.75,5.0)",11.7,11.8,11.75,6,7.38274273594,0.812706092384,1021,0.989341085271
25,"[200,300)","[4.75,5.0)",11.8,11.9,11.85,3,7.44557458901,0.402923906562,1024,0.992248062016
25,"[200,300)","[4.75,5.0)",11.9,12,11.95,8,7.50840644208,1.06547242237,1032,1
26,"[200,300)",>=5,0,0.1,0.05,0,0.0314159265359,0,0,0
26,"[200,300)",>=5,0.1,0.2,0.15,0,0.0942477796077,0,0,0
26,"[200,300)",>=5,0.2,0.3,0.25,0,0.157079632679,0,0,0
26,"[200,300)",>=5,0.3,0.4,0.35,1,0.219911485751,4.54728408834,1,0.00176366843034
26,"[200,300)",>=5,0.4,0.5,0.45,0,0.282743338823,0,1,0.00176366843034
26,"[200,300)",>=5,0.5,0.6,0.55,0,0.345575191895,0,1,0.00176366843034
26,"[200,300)",>=5,0.6,0.7,0.65,2,0.408407044967,4.89707517206,3,0.00529100529101
26,"[200,300)",>=5,0.7,0.8,0.75,2,0.471238898038,4.24413181578,5,0.00881834215168
26,"[200,300)",>=5,0.8,0.9,0.85,1,0.53407075111,1.8724110952,6,0.010582010582
26,"[200,300)",>=5,0.9,1,0.95,0,0.596902604182,0,6,0.010582010582
26,"[200,300)",>=5,1,1.1,1.05,1,0.659734457254,1.51576136278,7,0.0123456790123
26,"[200,300)",>=5,1.1,1.2,1.15,3,0.722566310326,4.15186808066,10,0.0176366843034
26,"[200,300)",>=5,1.2,1.3,1.25,0,0.785398163397,0,10,0.0176366843034
26,"[200,300)",>=5,1.3,1.4,1.35,3,0.848230016469,3.53677651315,13,0.0229276895944
26,"[200,300)",>=5,1.4,1.5,1.45,4,0.911061869541,4.39048118874,17,0.0299823633157
26,"[200,300)",>=5,1.5,1.6,1.55,2,0.973893722613,2.05361216893,19,0.0335097001764
26,"[200,300)",>=5,1.6,1.7,1.65,0,1.03672557568,0,19,0.0335097001764
26,"[200,300)",>=5,1.7,1.8,1.75,1,1.09955742876,0.909456817668,20,0.0352733686067
26,"[200,300)",>=5,1.8,1.9,1.85,3,1.16238928183,2.58089096906,23,0.0405643738977
26,"[200,300)",>=5,1.9,2,1.95,2,1.2252211349,1.63235839069,25,0.0440917107584
26,"[200,300)",>=5,2,2.1,2.05,2,1.28805298797,1.55273115212,27,0.047619047619
26,"[200,300)",>=5,2.1,2.2,2.15,7,1.35088484104,5.18178884485,34,0.0599647266314
26,"[200,300)",>=5,2.2,2.3,2.25,3,1.41371669412,2.12206590789,37,0.0652557319224
26,"[200,300)",>=5,2.3,2.4,2.35,4,1.47654854719,2.70902030795,41,0.0723104056437
26,"[200,300)",>=5,2.4,2.5,2.45,1,1.53938040026,0.64961201262,42,0.0740740740741
26,"[200,300)",>=5,2.5,2.6,2.55,6,1.60221225333,3.7448221904,48,0.0846560846561
26,"[200,300)",>=5,2.6,2.7,2.65,2,1.6650441064,1.20116938183,50,0.0881834215168
26,"[200,300)",>=5,2.7,2.8,2.75,4,1.72787595947,2.31498099043,54,0.0952380952381
26,"[200,300)",>=5,2.8,2.9,2.85,4,1.79070781255,2.23375358725,58,0.102292768959
26,"[200,300)",>=5,2.9,3,2.95,3,1.85353966562,1.618524845,61,0.10758377425
26,"[200,300)",>=5,3,3.1,3.05,5,1.91637151869,2.60909742774,66,0.116402116402
26,"[200,300)",>=5,3.1,3.2,3.15,5,1.97920337176,2.52626893797,71,0.125220458554
26,"[200,300)",>=5,3.2,3.3,3.25,6,2.04203522483,2.93824510323,77,0.135802469136
26,"[200,300)",>=5,3.3,3.4,3.35,5,2.10486707791,2.37544691182,82,0.144620811287
26,"[200,300)",>=5,3.4,3.5,3.45,2,2.16769893098,0.922637351257,84,0.148148148148
26,"[200,300)",>=5,3.5,3.6,3.55,2,2.23053078405,0.896647566715,86,0.151675485009
26,"[200,300)",>=5,3.6,3.7,3.65,3,2.29336263712,1.30812281993,89,0.1569664903
26,"[200,300)",>=5,3.7,3.8,3.75,8,2.35619449019,3.39530545263,97,0.171075837743
26,"[200,300)",>=5,3.8,3.9,3.85,4,2.41902634326,1.65355785031,101,0.178130511464
26,"[200,300)",>=5,3.9,4,3.95,4,2.48185819634,1.61169562625,105,0.185185185185
26,"[200,300)",>=5,4,4.1,4.05,2,2.54469004941,0.785950336256,107,0.188712522046
26,"[200,300)",>=5,4.1,4.2,4.15,6,2.60752190248,2.30103532181,113,0.199294532628
26,"[200,300)",>=5,4.2,4.3,4.25,5,2.67035375555,1.8724110952,118,0.20811287478
26,"[200,300)",>=5,4.3,4.4,4.35,5,2.73318560862,1.82936716198,123,0.216931216931
26,"[200,300)",>=5,4.4,4.5,4.45,2,2.79601746169,0.71530311502,125,0.220458553792
26,"[200,300)",>=5,4.5,4.6,4.55,3,2.85884931477,1.04937325116,128,0.225749559083
26,"[200,300)",>=5,4.6,4.7,4.65,10,2.92168116784,3.42268694821,138,0.243386243386
26,"[200,300)",>=5,4.7,4.8,4.75,3,2.98451302091,1.00518911426,141,0.248677248677
26,"[200,300)",>=5,4.8,4.9,4.85,4,3.04734487398,1.31261808736,145,0.255731922399
26,"[200,300)",>=5,4.9,5,4.95,1,3.11017672705,0.321525137559,146,0.257495590829
26,"[200,300)",>=5,5,5.1,5.05,4,3.17300858013,1.26063321261,150,0.26455026455
26,"[200,300)",>=5,5.1,5.2,5.15,5,3.2358404332,1.54519362225,155,0.273368606702
26,"[200,300)",>=5,5.2,5.3,5.25,3,3.29867228627,0.909456817668,158,0.278659611993
26,"[200,300)",>=5,5.3,5.4,5.35,10,3.36150413934,2.97485874938,168,0.296296296296
26,"[200,300)",>=5,5.4,5.5,5.45,5,3.42433599241,1.46013709259,173,0.305114638448
26,"[200,300)",>=5,5.5,5.6,5.55,8,3.48716784548,2.29412530583,181,0.319223985891
26,"[200,300)",>=5,5.6,5.7,5.65,1,3.54999969856,0.281690164764,182,0.320987654321
26,"[200,300)",>=5,5.7,5.8,5.75,9,3.61283155163,2.49112084839,191,0.336860670194
26,"[200,300)",>=5,5.8,5.9,5.85,5,3.6756634047,1.36029865891,196,0.345679012346
26,"[200,300)",>=5,5.9,6,5.95,4,3.73849525777,1.06994919726,200,0.352733686067
26,"[200,300)",>=5,6,6.1,6.05,7,3.80132711084,1.84146215148,207,0.365079365079
26,"[200,300)",>=5,6.1,6.2,6.15,4,3.86415896392,1.03515410141,211,0.372134038801
26,"[200,300)",>=5,6.2,6.3,6.25,8,3.92699081699,2.03718327158,219,0.386243386243
26,"[200,300)",>=5,6.3,6.4,6.35,5,3.98982267006,1.25318852828,224,0.395061728395
26,"[200,300)",>=5,6.4,6.5,6.45,5,4.05265452313,1.23375924877,229,0.403880070547
26,"[200,300)",>=5,6.5,6.6,6.55,4,4.1154863762,0.971938583767,233,0.410934744268
26,"[200,300)",>=5,6.6,6.7,6.65,6,4.17831822927,1.43598444895,239,0.42151675485
26,"[200,300)",>=5,6.7,6.8,6.75,9,4.24115008235,2.12206590789,248,0.437389770723
26,"[200,300)",>=5,6.8,6.9,6.85,8,4.30398193542,1.85874386093,256,0.451499118166
26,"[200,300)",>=5,6.9,7,6.95,10,4.36681378849,2.28999918118,266,0.469135802469
26,"[200,300)",>=5,7,7.1,7.05,9,4.42964564156,2.03176523096,275,0.485008818342
26,"[200,300)",>=5,7.1,7.2,7.15,9,4.49247749463,2.00334893402,284,0.500881834215
26,"[200,300)",>=5,7.2,7.3,7.25,9,4.55530934771,1.97571653493,293,0.516754850088
26,"[200,300)",>=5,7.3,7.4,7.35,10,4.61814120078,2.1653733754,303,0.534391534392
26,"[200,300)",>=5,7.4,7.5,7.45,12,4.68097305385,2.56356955316,315,0.555555555556
26,"[200,300)",>=5,7.5,7.6,7.55,5,4.74380490692,1.05400624564,320,0.564373897707
26,"[200,300)",>=5,7.6,7.7,7.65,9,4.80663675999,1.8724110952,329,0.58024691358
26,"[200,300)",>=5,7.7,7.8,7.75,6,4.86946861306,1.23216730136,335,0.590828924162
26,"[200,300)",>=5,7.8,7.9,7.85,8,4.93230046614,1.62196120348,343,0.604938271605
26,"[200,300)",>=5,7.9,8,7.95,2,4.99513231921,0.400389793942,345,0.608465608466
26,"[200,300)",>=5,8,8.1,8.05,10,5.05796417228,1.97708003841,355,0.626102292769
26,"[200,300)",>=5,8.1,8.2,8.15,7,5.12079602535,1.36697497134,362,0.638447971781
26,"[200,300)",>=5,8.2,8.3,8.25,8,5.18362787842,1.54332066029,370,0.652557319224
26,"[200,300)",>=5,8.3,8.4,8.35,2,5.24645973149,0.381209444531,372,0.656084656085
26,"[200,300)",>=5,8.4,8.5,8.45,3,5.30929158457,0.565047135237,375,0.661375661376
26,"[200,300)",>=5,8.5,8.6,8.55,3,5.37212343764,0.558438396814,378,0.666666666667
26,"[200,300)",>=5,8.6,8.7,8.65,6,5.43495529071,1.10396492318,384,0.677248677249
26,"[200,300)",>=5,8.7,8.8,8.75,5,5.49778714378,0.909456817668,389,0.6860670194
26,"[200,300)",>=5,8.8,8.9,8.85,11,5.56061899685,1.97819703278,400,0.705467372134
26,"[200,300)",>=5,8.9,9,8.95,11,5.62345084993,1.95609427264,411,0.724867724868
26,"[200,300)",>=5,9,9.1,9.05,9,5.686282703,1.58275634014,420,0.740740740741
26,"[200,300)",>=5,9.1,9.2,9.15,6,5.74911455607,1.04363897109,426,0.751322751323
26,"[200,300)",>=5,9.2,9.3,9.25,5,5.81194640914,0.860296989686,431,0.760141093474
26,"[200,300)",>=5,9.3,9.4,9.35,1,5.87477826221,0.170219190473,432,0.761904761905
26,"[200,300)",>=5,9.4,9.5,9.45,8,5.93761011528,1.34734343358,440,0.776014109347
26,"[200,300)",>=5,9.5,9.6,9.55,5,6.00044196836,0.833271953361,445,0.784832451499
26,"[200,300)",>=5,9.6,9.7,9.65,3,6.06327382143,0.494782206503,448,0.79012345679
26,"[200,300)",>=5,9.7,9.8,9.75,6,6.1261056745,0.979415034412,454,0.800705467372
26,"[200,300)",>=5,9.8,9.9,9.85,2,6.18893752757,0.323157244857,456,0.804232804233
26,"[200,300)",>=5,9.9,10,9.95,5,6.25176938064,0.799773583376,461,0.813051146384
26,"[200,300)",>=5,10,10.1,10.05,6,6.31460123372,0.950178764728,467,0.823633156966
26,"[200,300)",>=5,10.1,10.2,10.15,7,6.37743308679,1.09762029719,474,0.835978835979
26,"[200,300)",>=5,10.2,10.3,10.25,6,6.44026493986,0.93163869127,480,0.846560846561
26,"[200,300)",>=5,10.3,10.4,10.35,3,6.50309679293,0.461318675629,483,0.851851851852
26,"[200,300)",>=5,10.4,10.5,10.45,3,6.565928646,0.456904142848,486,0.857142857143
26,"[200,300)",>=5,10.5,10.6,10.55,6,6.62876049907,0.905146595783,492,0.867724867725
26,"[200,300)",>=5,10.6,10.7,10.65,9,6.69159235215,1.34497135007,501,0.883597883598
26,"[200,300)",>=5,10.7,10.8,10.75,5,6.75442420522,0.740255549265,506,0.89241622575
26,"[200,300)",>=5,10.8,10.9,10.85,2,6.81725605829,0.29337316699,508,0.89594356261
26,"[200,300)",>=5,10.9,11,10.95,6,6.88008791136,0.872081879956,514,0.906525573192
26,"[200,300)",>=5,11,11.1,11.05,4,6.94291976443,0.57612649083,518,0.913580246914
26,"[200,300)",>=5,11.1,11.2,11.15,7,7.00575161751,0.999179014927,525,0.925925925926
26,"[200,300)",>=5,11.2,11.3,11.25,4,7.06858347058,0.565884242105,529,0.932980599647
26,"[200,300)",>=5,11.3,11.4,11.35,5,7.13141532365,0.701123097321,534,0.941798941799
26,"[200,300)",>=5,11.4,11.5,11.45,7,7.19424717672,0.97299965209,541,0.954144620811
26,"[200,300)",>=5,11.5,11.6,11.55,7,7.25707902979,0.964575412678,548,0.966490299824
26,"[200,300)",>=5,11.6,11.7,11.65,4,7.31991088286,0.54645474023,552,0.973544973545
26,"[200,300)",>=5,11.7,11.8,11.75,5,7.38274273594,0.677255076987,557,0.982363315697
26,"[200,300)",>=5,11.8,11.9,11.85,5,7.44557458901,0.67153984427,562,0.991181657848
26,"[200,300)",>=5,11.9,12,11.95,5,7.50840644208,0.665920263983,567,1
27,"[300,500)","[2,3)",0,0.1,0.05,114,0.0314159265359,3628.7327025,114,0.000400075803837
27,"[300,500)","[2,3)",0.1,0.2,0.15,370,0.0942477796077,3925.8219296,484,0.00169856744787
27,"[300,500)","[2,3)",0.2,0.3,0.25,540,0.157079632679,3437.74677078,1024,0.00359366336078
27,"[300,500)","[2,3)",0.3,0.4,0.35,672,0.219911485751,3055.77490736,1696,0.00595200494129
27,"[300,500)","[2,3)",0.4,0.5,0.45,723,0.282743338823,2557.08941901,2419,0.00848932780246
27,"[300,500)","[2,3)",0.5,0.6,0.55,792,0.345575191895,2291.83118052,3211,0.0112688018081
27,"[300,500)","[2,3)",0.6,0.7,0.65,806,0.408407044967,1973.52129434,4017,0.0140974079299
27,"[300,500)","[2,3)",0.7,0.8,0.75,897,0.471238898038,1903.49311938,4914,0.0172453728075
27,"[300,500)","[2,3)",0.8,0.9,0.85,1058,0.53407075111,1981.01093872,5972,0.020958357022
27,"[300,500)","[2,3)",0.9,1,0.95,1187,0.596902604182,1988.59913105,7159,0.0251240585936
27,"[300,500)","[2,3)",1,1.1,1.05,1278,0.659734457254,1937.14302163,8437,0.0296091189208
27,"[300,500)","[2,3)",1.1,1.2,1.15,1365,0.722566310326,1889.0999767,9802,0.0343995002562
27,"[300,500)","[2,3)",1.2,1.3,1.25,1488,0.785398163397,1894.58044257,11290,0.0396215423273
27,"[300,500)","[2,3)",1.3,1.4,1.35,1631,0.848230016469,1922.82749765,12921,0.0453454338717
27,"[300,500)","[2,3)",1.4,1.5,1.45,1684,0.911061869541,1848.39258046,14605,0.0512553255705
27,"[300,500)","[2,3)",1.5,1.6,1.55,1822,0.973893722613,1870.84068589,16427,0.0576495195581
27,"[300,500)","[2,3)",1.6,1.7,1.65,1973,1.03672557568,1903.10728921,18400,0.064573638514
27,"[300,500)","[2,3)",1.7,1.8,1.75,2066,1.09955742876,1878.9377853,20466,0.0718241350993
27,"[300,500)","[2,3)",1.8,1.9,1.85,2156,1.16238928183,1854.80030976,22622,0.0793904810034
27,"[300,500)","[2,3)",1.9,2,1.95,2254,1.2252211349,1839.6679063,24876,0.0873007517214
27,"[300,500)","[2,3)",2,2.1,2.05,2433,1.28805298797,1888.89744655,27309,0.0958392116401
27,"[300,500)","[2,3)",2.1,2.2,2.15,2598,1.35088484104,1923.18391699,29907,0.104956728643
27,"[300,500)","[2,3)",2.2,2.3,2.25,2633,1.41371669412,1862.46651183,32540,0.114197075937
27,"[300,500)","[2,3)",2.3,2.4,2.35,2807,1.47654854719,1901.0550011,35347,0.124048065247
27,"[300,500)","[2,3)",2.4,2.5,2.45,2919,1.53938040026,1896.21746484,38266,0.134292111488
27,"[300,500)","[2,3)",2.5,2.6,2.55,3052,1.60221225333,1904.86622085,41318,0.145002912833
27,"[300,500)","[2,3)",2.6,2.7,2.65,3102,1.6650441064,1863.01371121,44420,0.155889186021
27,"[300,500)","[2,3)",2.7,2.8,2.75,3162,1.72787595947,1829.99247293,47582,0.166986025422
27,"[300,500)","[2,3)",2.8,2.9,2.85,3378,1.79070781255,1886.40490444,50960,0.178840903189
27,"[300,500)","[2,3)",2.9,3,2.95,3397,1.85353966562,1832.70963282,54357,0.190762460256
27,"[300,500)","[2,3)",3,3.1,3.05,3734,1.91637151869,1948.47395903,58091,0.20386669755
27,"[300,500)","[2,3)",3.1,3.2,3.15,3720,1.97920337176,1879.54408985,61811,0.216921802728
27,"[300,500)","[2,3)",3.2,3.3,3.25,3771,2.04203522483,1846.68704738,65582,0.230155889186
27,"[300,500)","[2,3)",3.3,3.4,3.35,3862,2.10486707791,1834.79519469,69444,0.2437093344
27,"[300,500)","[2,3)",3.4,3.5,3.45,3974,2.16769893098,1833.28041695,73418,0.257655836544
27,"[300,500)","[2,3)",3.5,3.6,3.55,4261,2.23053078405,1910.30764089,77679,0.272609547072
27,"[300,500)","[2,3)",3.6,3.7,3.65,4289,2.29336263712,1870.17959156,81968,0.287661521832
27,"[300,500)","[2,3)",3.7,3.8,3.75,4253,2.35619449019,1805.02926125,86221,0.302587156865
27,"[300,500)","[2,3)",3.8,3.9,3.85,4416,2.41902634326,1825.52786674,90637,0.318084830108
27,"[300,500)","[2,3)",3.9,4,3.95,4534,2.48185819634,1826.85699235,95171,0.333996616903
27,"[300,500)","[2,3)",4,4.1,4.05,4722,2.54469004941,1855.6287439,99893,0.35056817783
27,"[300,500)","[2,3)",4.1,4.2,4.15,4760,2.60752190248,1825.48802197,104653,0.367273097359
27,"[300,500)","[2,3)",4.2,4.3,4.25,4925,2.67035375555,1844.32492877,109578,0.384557073972
27,"[300,500)","[2,3)",4.3,4.4,4.35,4824,2.73318560862,1764.97343787,114402,0.401486597461
27,"[300,500)","[2,3)",4.4,4.5,4.45,5133,2.79601746169,1835.8254447,119535,0.419500536944
27,"[300,500)","[2,3)",4.5,4.6,4.55,5077,2.85884931477,1775.88933204,124612,0.437317947962
27,"[300,500)","[2,3)",4.6,4.7,4.65,5195,2.92168116784,1778.0858696,129807,0.455549472532
27,"[300,500)","[2,3)",4.7,4.8,4.75,5408,2.98451302091,1812.02090998,135215,0.474528507156
27,"[300,500)","[2,3)",4.8,4.9,4.85,5508,3.04734487398,1807.47510629,140723,0.493858485467
27,"[300,500)","[2,3)",4.9,5,4.95,5552,3.11017672705,1785.10756373,146275,0.513342879002
27,"[300,500)","[2,3)",5,5.1,5.05,5816,3.17300858013,1832.96069113,152091,0.533753763871
27,"[300,500)","[2,3)",5.1,5.2,5.15,5889,3.2358404332,1819.92904829,157980,0.554420837632
27,"[300,500)","[2,3)",5.2,5.3,5.25,5921,3.29867228627,1794.9646058,163901,0.575200213374
27,"[300,500)","[2,3)",5.3,5.4,5.35,5965,3.36150413934,1774.50324401,169866,0.596134004338
27,"[300,500)","[2,3)",5.4,5.5,5.45,6287,3.42433599241,1835.97638022,176153,0.618197833976
27,"[300,500)","[2,3)",5.5,5.6,5.55,6212,3.48716784548,1781.38829998,182365,0.639998455848
27,"[300,500)","[2,3)",5.6,5.7,5.65,6323,3.54999969856,1781.12691181,188688,0.662188625213
27,"[300,500)","[2,3)",5.7,5.8,5.75,6507,3.61283155163,1801.08037339,195195,0.685024530964
27,"[300,500)","[2,3)",5.8,5.9,5.85,6577,3.6756634047,1789.33685592,201772,0.708106097296
27,"[300,500)","[2,3)",5.9,6,5.95,6581,3.73849525777,1760.33391679,208353,0.731201701375
27,"[300,500)","[2,3)",6,6.1,6.05,6724,3.80132711084,1768.8559295,215077,0.754799154928
27,"[300,500)","[2,3)",6.1,6.2,6.15,6663,3.86415896392,1724.30794442,221740,0.778182532831
27,"[300,500)","[2,3)",6.2,6.3,6.25,6621,3.92699081699,1686.02380514,228361,0.801418514385
27,"[300,500)","[2,3)",6.3,6.4,6.35,6504,3.98982267006,1630.14763759,234865,0.824243891825
27,"[300,500)","[2,3)",6.4,6.5,6.45,6346,4.05265452313,1565.88723854,241211,0.846514778239
27,"[300,500)","[2,3)",6.5,6.6,6.55,6245,4.1154863762,1517.43911391,247456,0.868431211528
27,"[300,500)","[2,3)",6.6,6.7,6.65,5962,4.17831822927,1426.88988077,253418,0.889354474181
27,"[300,500)","[2,3)",6.7,6.8,6.75,5333,4.24115008235,1257.44194298,258751,0.908070301039
27,"[300,500)","[2,3)",6.8,6.9,6.85,4765,4.30398193542,1107.11431216,263516,0.924792767752
27,"[300,500)","[2,3)",6.9,7,6.95,4154,4.36681378849,951.265659861,267670,0.939370968534
27,"[300,500)","[2,3)",7,7.1,7.05,3409,4.42964564156,769.587519149,271079,0.951334638844
27,"[300,500)","[2,3)",7.1,7.2,7.15,2721,4.49247749463,605.679161053,273800,0.960883816583
27,"[300,500)","[2,3)",7.2,7.3,7.25,2032,4.55530934771,446.072888776,275832,0.968014992314
27,"[300,500)","[2,3)",7.3,7.4,7.35,1522,4.61814120078,329.569827736,277354,0.973356355239
27,"[300,500)","[2,3)",7.4,7.5,7.45,1139,4.68097305385,243.325476754,278493,0.977353603841
27,"[300,500)","[2,3)",7.5,7.6,7.55,843,4.74380490692,177.705453015,279336,0.980312059127
27,"[300,500)","[2,3)",7.6,7.7,7.65,634,4.80663675999,131.900959373,279970,0.982537042106
27,"[300,500)","[2,3)",7.7,7.8,7.75,461,4.86946861306,94.6715209876,280431,0.984154892506
27,"[300,500)","[2,3)",7.8,7.9,7.85,343,4.93230046614,69.5415865994,280774,0.985358629354
27,"[300,500)","[2,3)",7.9,8,7.95,294,4.99513231921,58.8572997095,281068,0.986390403796
27,"[300,500)","[2,3)",8,8.1,8.05,257,5.05796417228,50.8109569871,281325,0.987292329073
27,"[300,500)","[2,3)",8.1,8.2,8.15,199,5.12079602535,38.8611456138,281524,0.987990707011
27,"[300,500)","[2,3)",8.2,8.3,8.25,172,5.18362787842,33.1813941961,281696,0.988594330154
27,"[300,500)","[2,3)",8.3,8.4,8.35,133,5.24645973149,25.3504280613,281829,0.989061085258
27,"[300,500)","[2,3)",8.4,8.5,8.45,129,5.30929158457,24.2970268152,281958,0.989513802615
27,"[300,500)","[2,3)",8.5,8.6,8.55,104,5.37212343764,19.3591977562,282062,0.98987878405
27,"[300,500)","[2,3)",8.6,8.7,8.65,108,5.43495529071,19.8713686173,282170,0.990257803233
27,"[300,500)","[2,3)",8.7,8.8,8.75,102,5.49778714378,18.5529190804,282272,0.990615765794
27,"[300,500)","[2,3)",8.8,8.9,8.85,105,5.56061899685,18.8827898584,282377,0.990984256666
27,"[300,500)","[2,3)",8.9,9,8.95,93,5.62345084993,16.5378879414,282470,0.991310634296
27,"[300,500)","[2,3)",9,9.1,9.05,93,5.686282703,16.3551488481,282563,0.991637011925
27,"[300,500)","[2,3)",9.1,9.2,9.15,64,5.74911455607,11.132149025,282627,0.991861615885
27,"[300,500)","[2,3)",9.2,9.3,9.25,89,5.81194640914,15.3132864164,282716,0.992173955767
27,"[300,500)","[2,3)",9.3,9.4,9.35,78,5.87477826221,13.2770968569,282794,0.992447691843
27,"[300,500)","[2,3)",9.4,9.5,9.45,98,5.93761011528,16.5049570614,282892,0.992791616657
27,"[300,500)","[2,3)",9.5,9.6,9.55,91,6.00044196836,15.1655495512,282983,0.993110975413
27,"[300,500)","[2,3)",9.6,9.7,9.65,77,6.06327382143,12.6994099669,283060,0.993381202052
27,"[300,500)","[2,3)",9.7,9.8,9.75,79,6.1261056745,12.8956312864,283139,0.993658447566
27,"[300,500)","[2,3)",9.8,9.9,9.85,73,6.18893752757,11.7952394373,283212,0.993914636457
27,"[300,500)","[2,3)",9.9,10,9.95,95,6.25176938064,15.1956980842,283307,0.994248032961
27,"[300,500)","[2,3)",10,10.1,10.05,76,6.31460123372,12.0355976866,283383,0.994514750163
27,"[300,500)","[2,3)",10.1,10.2,10.15,66,6.37743308679,10.3489913735,283449,0.994746372997
27,"[300,500)","[2,3)",10.2,10.3,10.25,85,6.44026493986,13.198214793,283534,0.995044675131
27,"[300,500)","[2,3)",10.3,10.4,10.35,80,6.50309679293,12.3018313501,283614,0.995325430081
27,"[300,500)","[2,3)",10.4,10.5,10.45,83,6.565928646,12.6410146188,283697,0.995616713342
27,"[300,500)","[2,3)",10.5,10.6,10.55,78,6.62876049907,11.7669057452,283775,0.995890449418
27,"[300,500)","[2,3)",10.6,10.7,10.65,88,6.69159235215,13.1508309785,283863,0.996199279864
27,"[300,500)","[2,3)",10.7,10.8,10.75,81,6.75442420522,11.9921398981,283944,0.99648354425
27,"[300,500)","[2,3)",10.8,10.9,10.85,84,6.81725605829,12.3216730136,284028,0.996778336948
27,"[300,500)","[2,3)",10.9,11,10.95,82,6.88008791136,11.9184523594,284110,0.997066110772
27,"[300,500)","[2,3)",11,11.1,11.05,90,6.94291976443,12.9628460437,284200,0.997381960091
27,"[300,500)","[2,3)",11.1,11.2,11.15,86,7.00575161751,12.2756278977,284286,0.997683771662
27,"[300,500)","[2,3)",11.2,11.3,11.25,71,7.06858347058,10.0444452974,284357,0.99793294168
27,"[300,500)","[2,3)",11.3,11.4,11.35,70,7.13141532365,9.8157233625,284427,0.998178602261
27,"[300,500)","[2,3)",11.4,11.5,11.45,82,7.19424717672,11.3979959245,284509,0.998466376085
27,"[300,500)","[2,3)",11.5,11.6,11.55,69,7.25707902979,9.50795763926,284578,0.99870852723
27,"[300,500)","[2,3)",11.6,11.7,11.65,78,7.31991088286,10.6558674345,284656,0.998982263306
27,"[300,500)","[2,3)",11.7,11.8,11.75,86,7.38274273594,11.6487873242,284742,0.999284074877
27,"[300,500)","[2,3)",11.8,11.9,11.85,102,7.44557458901,13.6994128231,284844,0.999642037439
27,"[300,500)","[2,3)",11.9,12,11.95,102,7.50840644208,13.5847733852,284946,1
28,"[300,500)","[3,3.25)",0,0.1,0.05,256,0.0314159265359,8148.73308631,256,0.000549469418593
28,"[300,500)","[3,3.25)",0.1,0.2,0.15,691,0.0942477796077,7331.73771177,947,0.00203260757581
28,"[300,500)","[3,3.25)",0.2,0.3,0.25,1017,0.157079632679,6474.42308498,1964,0.00421546069577
28,"[300,500)","[3,3.25)",0.3,0.4,0.35,1154,0.219911485751,5247.56583794,3118,0.00669236580927
28,"[300,500)","[3,3.25)",0.4,0.5,0.45,1271,0.282743338823,4495.24294822,4389,0.00942039561798
28,"[300,500)","[3,3.25)",0.5,0.6,0.55,1277,0.345575191895,3695.28840597,5666,0.0121613036162
28,"[300,500)","[3,3.25)",0.6,0.7,0.65,1403,0.408407044967,3435.2982332,7069,0.0151726535939
28,"[300,500)","[3,3.25)",0.7,0.8,0.75,1513,0.471238898038,3210.68571864,8582,0.0184201037124
28,"[300,500)","[3,3.25)",0.8,0.9,0.85,1693,0.53407075111,3169.99198417,10275,0.0220538995158
28,"[300,500)","[3,3.25)",0.9,1,0.95,1754,0.596902604182,2938.50284403,12029,0.0258186235791
28,"[300,500)","[3,3.25)",1,1.1,1.05,2004,0.659734457254,3037.58577101,14033,0.0301199388715
28,"[300,500)","[3,3.25)",1.1,1.2,1.15,2123,0.722566310326,2938.13864508,16156,0.034676671589
28,"[300,500)","[3,3.25)",1.2,1.3,1.25,2422,0.785398163397,3083.78617735,18578,0.0398751674165
28,"[300,500)","[3,3.25)",1.3,1.4,1.35,2525,0.848230016469,2976.78689857,21103,0.0452947388303
28,"[300,500)","[3,3.25)",1.4,1.5,1.45,2729,0.911061869541,2995.40579102,23832,0.0511521686871
28,"[300,500)","[3,3.25)",1.5,1.6,1.55,2944,0.973893722613,3022.91711266,26776,0.0574710670009
28,"[300,500)","[3,3.25)",1.6,1.7,1.65,3093,1.03672557568,2983.43175141,29869,0.0641097736873
28,"[300,500)","[3,3.25)",1.7,1.8,1.75,3422,1.09955742876,3112.16123006,33291,0.0714546344311
28,"[300,500)","[3,3.25)",1.8,1.9,1.85,3520,1.16238928183,3028.24540369,36811,0.0790098389368
28,"[300,500)","[3,3.25)",1.9,2,1.95,3872,1.2252211349,3160.24584437,40683,0.087320563893
28,"[300,500)","[3,3.25)",2,2.1,2.05,3800,1.28805298797,2950.18918902,44483,0.0954767505752
28,"[300,500)","[3,3.25)",2.1,2.2,2.15,4013,1.35088484104,2970.6455192,48496,0.104090112985
28,"[300,500)","[3,3.25)",2.2,2.3,2.25,4268,1.41371669412,3018.99243163,52764,0.113250798448
28,"[300,500)","[3,3.25)",2.3,2.4,2.35,4508,1.47654854719,3053.06588706,57272,0.122926611491
28,"[300,500)","[3,3.25)",2.4,2.5,2.45,4524,1.53938040026,2938.84474509,61796,0.132636766372
28,"[300,500)","[3,3.25)",2.5,2.6,2.55,4849,1.60221225333,3026.44046687,66645,0.143044489852
28,"[300,500)","[3,3.25)",2.6,2.7,2.65,4895,1.6650441064,2939.86206202,71540,0.153550946118
28,"[300,500)","[3,3.25)",2.7,2.8,2.75,5173,1.72787595947,2993.84916587,76713,0.16465409183
28,"[300,500)","[3,3.25)",2.8,2.9,2.85,5377,1.79070781255,3002.72325967,82090,0.176195095985
28,"[300,500)","[3,3.25)",2.9,3,2.95,5511,1.85353966562,2973.23014027,87601,0.18802371304
28,"[300,500)","[3,3.25)",3,3.1,3.05,5751,1.91637151869,3000.98386138,93352,0.200367457674
28,"[300,500)","[3,3.25)",3.1,3.2,3.15,5908,1.97920337176,2985.0393771,99260,0.2130481816
28,"[300,500)","[3,3.25)",3.2,3.3,3.25,6074,2.04203522483,2974.48345951,105334,0.226085202102
28,"[300,500)","[3,3.25)",3.3,3.4,3.35,6343,2.10486707791,3013.49195233,111677,0.239699594766
28,"[300,500)","[3,3.25)",3.4,3.5,3.45,6496,2.16769893098,2996.72611688,118173,0.253642381263
28,"[300,500)","[3,3.25)",3.5,3.6,3.55,6652,2.23053078405,2982.24980689,124825,0.267920000687
28,"[300,500)","[3,3.25)",3.6,3.7,3.65,6829,2.29336263712,2977.72357911,131654,0.282577526701
28,"[300,500)","[3,3.25)",3.7,3.8,3.75,7016,2.35619449019,2977.68288195,138670,0.297636422954
28,"[300,500)","[3,3.25)",3.8,3.9,3.85,7159,2.41902634326,2959.45516258,145829,0.31300224939
28,"[300,500)","[3,3.25)",3.9,4,3.95,7604,2.48185819634,3063.8333855,153433,0.329323208215
28,"[300,500)","[3,3.25)",4,4.1,4.05,7511,2.54469004941,2951.63648781,160944,0.345444555101
28,"[300,500)","[3,3.25)",4.1,4.2,4.15,7844,2.60752190248,3008.22017738,168788,0.362280641506
28,"[300,500)","[3,3.25)",4.2,4.3,4.25,7871,2.67035375555,2947.54954606,176659,0.379174679762
28,"[300,500)","[3,3.25)",4.3,4.4,4.35,8012,2.73318560862,2931.37794035,184671,0.396371355472
28,"[300,500)","[3,3.25)",4.4,4.5,4.45,8360,2.79601746169,2989.96702078,193031,0.414314966173
28,"[300,500)","[3,3.25)",4.5,4.6,4.55,8469,2.85884931477,2962.38068801,201500,0.43249253065
28,"[300,500)","[3,3.25)",4.6,4.7,4.65,8534,2.92168116784,2920.9210416,210034,0.450809608846
28,"[300,500)","[3,3.25)",4.7,4.8,4.75,8943,2.98451302091,2996.46874962,218977,0.470004550294
28,"[300,500)","[3,3.25)",4.8,4.9,4.85,9090,3.04734487398,2982.92460352,228067,0.489515007383
28,"[300,500)","[3,3.25)",4.9,5,4.95,9156,3.11017672705,2943.88415949,237223,0.509167124558
28,"[300,500)","[3,3.25)",5,5.1,5.05,9322,3.17300858013,2937.90570199,246545,0.529175538308
28,"[300,500)","[3,3.25)",5.1,5.2,5.15,9613,3.2358404332,2970.78925814,256158,0.549808544249
28,"[300,500)","[3,3.25)",5.2,5.3,5.25,9913,3.29867228627,3005.14847785,266071,0.571085459666
28,"[300,500)","[3,3.25)",5.3,5.4,5.35,9731,3.36150413934,2894.83504902,275802,0.591971736667
28,"[300,500)","[3,3.25)",5.4,5.5,5.45,10000,3.42433599241,2920.27418517,285802,0.613435385831
28,"[300,500)","[3,3.25)",5.5,5.6,5.55,10123,3.48716784548,2902.92880886,295925,0.635163037879
28,"[300,500)","[3,3.25)",5.6,5.7,5.65,10323,3.54999969856,2907.88757086,306248,0.657319962911
28,"[300,500)","[3,3.25)",5.7,5.8,5.75,10589,3.61283155163,2930.94207374,316837,0.68004782101
28,"[300,500)","[3,3.25)",5.8,5.9,5.85,10614,3.6756634047,2887.64199312,327451,0.702829338233
28,"[300,500)","[3,3.25)",5.9,6,5.95,10538,3.73849525777,2818.78116017,337989,0.725447731722
28,"[300,500)","[3,3.25)",6,6.1,6.05,10645,3.80132711084,2800.33780035,348634,0.748295786256
28,"[300,500)","[3,3.25)",6.1,6.2,6.15,10680,3.86415896392,2763.86145077,359314,0.771218963563
28,"[300,500)","[3,3.25)",6.2,6.3,6.25,10776,3.92699081699,2744.08586681,370090,0.794348191902
28,"[300,500)","[3,3.25)",6.3,6.4,6.35,10800,3.98982267006,2706.88722109,380890,0.817528932999
28,"[300,500)","[3,3.25)",6.4,6.5,6.45,10479,4.05265452313,2585.71263358,391369,0.840020690958
28,"[300,500)","[3,3.25)",6.5,6.6,6.55,10297,4.1154863762,2502.01289926,401666,0.862121810502
28,"[300,500)","[3,3.25)",6.6,6.7,6.65,9530,4.17831822927,2280.82196641,411196,0.882576668155
28,"[300,500)","[3,3.25)",6.7,6.8,6.75,8877,4.24115008235,2093.06434048,420073,0.901629949517
28,"[300,500)","[3,3.25)",6.8,6.9,6.85,7828,4.30398193542,1818.78086792,427901,0.918431694083
28,"[300,500)","[3,3.25)",6.9,7,6.95,6896,4.36681378849,1579.18343534,434797,0.933233026546
28,"[300,500)","[3,3.25)",7,7.1,7.05,5786,4.42964564156,1306.19929182,440583,0.945651893952
28,"[300,500)","[3,3.25)",7.1,7.2,7.15,4604,4.49247749463,1024.82427692,445187,0.955533758027
28,"[300,500)","[3,3.25)",7.2,7.3,7.25,3685,4.55530934771,808.946159026,448872,0.963443112744
28,"[300,500)","[3,3.25)",7.3,7.4,7.35,2820,4.61814120078,610.635291863,451692,0.969495861808
28,"[300,500)","[3,3.25)",7.4,7.5,7.45,2055,4.68097305385,439.011285978,453747,0.973906641712
28,"[300,500)","[3,3.25)",7.5,7.6,7.55,1625,4.74380490692,342.552029834,455372,0.977394484701
28,"[300,500)","[3,3.25)",7.6,7.7,7.65,1197,4.80663675999,249.030675661,456569,0.979963683506
28,"[300,500)","[3,3.25)",7.7,7.8,7.75,971,4.86946861306,199.405741603,457540,0.982047803839
28,"[300,500)","[3,3.25)",7.8,7.9,7.85,731,4.93230046614,148.206704968,458271,0.983616796593
28,"[300,500)","[3,3.25)",7.9,8,7.95,636,4.99513231921,127.323954474,458907,0.98498188468
28,"[300,500)","[3,3.25)",8,8.1,8.05,478,5.05796417228,94.5044258359,459385,0.98600784711
28,"[300,500)","[3,3.25)",8.1,8.2,8.15,413,5.12079602535,80.6515233091,459798,0.986894295821
28,"[300,500)","[3,3.25)",8.2,8.3,8.25,341,5.18362787842,65.7840431447,460139,0.987626206257
28,"[300,500)","[3,3.25)",8.3,8.4,8.35,298,5.24645973149,56.8002072352,460437,0.988265823002
28,"[300,500)","[3,3.25)",8.4,8.5,8.45,269,5.30929158457,50.6658931263,460706,0.988843195165
28,"[300,500)","[3,3.25)",8.5,8.6,8.55,228,5.37212343764,42.4413181578,460934,0.989332566366
28,"[300,500)","[3,3.25)",8.6,8.7,8.65,199,5.43495529071,36.6148366188,461133,0.989759692984
28,"[300,500)","[3,3.25)",8.7,8.8,8.75,197,5.49778714378,35.8325986161,461330,0.990182526872
28,"[300,500)","[3,3.25)",8.8,8.9,8.85,171,5.56061899685,30.751972055,461501,0.990549555273
28,"[300,500)","[3,3.25)",8.9,9,8.95,171,5.62345084993,30.4083746019,461672,0.990916583674
28,"[300,500)","[3,3.25)",9,9.1,9.05,162,5.686282703,28.4896141225,461834,0.99126429479
28,"[300,500)","[3,3.25)",9.1,9.2,9.15,154,5.74911455607,26.7867335914,461988,0.991594834987
28,"[300,500)","[3,3.25)",9.2,9.3,9.25,141,5.81194640914,24.2603751091,462129,0.991897472441
28,"[300,500)","[3,3.25)",9.3,9.4,9.35,136,5.87477826221,23.1498099043,462265,0.992189378069
28,"[300,500)","[3,3.25)",9.4,9.5,9.45,126,5.93761011528,21.2206590789,462391,0.992459820049
28,"[300,500)","[3,3.25)",9.5,9.6,9.55,131,6.00044196836,21.8317251781,462522,0.992740993853
28,"[300,500)","[3,3.25)",9.6,9.7,9.65,104,6.06327382143,17.1524498254,462626,0.992964215804
28,"[300,500)","[3,3.25)",9.7,9.8,9.75,120,6.1261056745,19.5883006882,462746,0.993221779594
28,"[300,500)","[3,3.25)",9.8,9.9,9.85,129,6.18893752757,20.8436422933,462875,0.993498660668
28,"[300,500)","[3,3.25)",9.9,10,9.95,138,6.25176938064,22.0737509012,463013,0.993794859027
28,"[300,500)","[3,3.25)",10,10.1,10.05,150,6.31460123372,23.7544691182,463163,0.994116813764
28,"[300,500)","[3,3.25)",10.1,10.2,10.15,156,6.37743308679,24.4612523373,463319,0.994451646691
28,"[300,500)","[3,3.25)",10.2,10.3,10.25,140,6.44026493986,21.7382361296,463459,0.994752137779
28,"[300,500)","[3,3.25)",10.3,10.4,10.35,150,6.50309679293,23.0659337814,463609,0.995074092517
28,"[300,500)","[3,3.25)",10.4,10.5,10.45,140,6.565928646,21.3221933329,463749,0.995374583605
28,"[300,500)","[3,3.25)",10.5,10.6,10.55,124,6.62876049907,18.7063629795,463873,0.995640732855
28,"[300,500)","[3,3.25)",10.6,10.7,10.65,140,6.69159235215,20.9217765567,464013,0.995941223943
28,"[300,500)","[3,3.25)",10.7,10.8,10.75,135,6.75442420522,19.9868998301,464148,0.996230983207
28,"[300,500)","[3,3.25)",10.8,10.9,10.85,146,6.81725605829,21.4162411902,464294,0.996544352485
28,"[300,500)","[3,3.25)",10.9,11,10.95,143,6.88008791136,20.7846181389,464437,0.996851282668
28,"[300,500)","[3,3.25)",11,11.1,11.05,165,6.94291976443,23.7652177468,464602,0.997205432879
28,"[300,500)","[3,3.25)",11.1,11.2,11.15,151,7.00575161751,21.5537187506,464753,0.997529533981
28,"[300,500)","[3,3.25)",11.2,11.3,11.25,129,7.06858347058,18.2497668079,464882,0.997806415055
28,"[300,500)","[3,3.25)",11.3,11.4,11.35,150,7.13141532365,21.0336929196,465032,0.998128369793
28,"[300,500)","[3,3.25)",11.4,11.5,11.45,150,7.19424717672,20.8499925448,465182,0.99845032453
28,"[300,500)","[3,3.25)",11.5,11.6,11.55,142,7.25707902979,19.5671012286,465324,0.998755108349
28,"[300,500)","[3,3.25)",11.6,11.7,11.65,141,7.31991088286,19.2625295931,465465,0.999057745802
28,"[300,500)","[3,3.25)",11.7,11.8,11.75,143,7.38274273594,19.3694952018,465608,0.999364675985
28,"[300,500)","[3,3.25)",11.8,11.9,11.85,148,7.44557458901,19.8775793904,465756,0.999682337992
28,"[300,500)","[3,3.25)",11.9,12,11.95,148,7.50840644208,19.7112398139,465904,1
29,"[300,500)","[3.25,3.5)",0,0.1,0.05,126,0.0314159265359,4010.70456592,126,0.000457388457113
29,"[300,500)","[3.25,3.5)",0.1,0.2,0.15,367,0.0942477796077,3893.99094098,493,0.00178962309013
29,"[300,500)","[3.25,3.5)",0.2,0.3,0.25,516,0.157079632679,3284.95802542,1009,0.00366273772402
29,"[300,500)","[3.25,3.5)",0.3,0.4,0.35,588,0.219911485751,2673.80304394,1597,0.00579721719055
29,"[300,500)","[3.25,3.5)",0.4,0.5,0.45,661,0.282743338823,2337.80927519,2258,0.00819669155683
29,"[300,500)","[3.25,3.5)",0.5,0.6,0.55,715,0.345575191895,2069.01426019,2973,0.0107921895476
29,"[300,500)","[3.25,3.5)",0.6,0.7,0.65,750,0.408407044967,1836.40318952,3723,0.0135147398875
29,"[300,500)","[3.25,3.5)",0.7,0.8,0.75,822,0.471238898038,1744.33817629,4545,0.0164986550601
29,"[300,500)","[3.25,3.5)",0.8,0.9,0.85,918,0.53407075111,1718.87338539,5463,0.0198310566762
29,"[300,500)","[3.25,3.5)",0.9,1,0.95,1022,0.596902604182,1712.17212463,6485,0.0235409852728
29,"[300,500)","[3.25,3.5)",1,1.1,1.05,1145,0.659734457254,1735.54676038,7630,0.0276974121252
29,"[300,500)","[3.25,3.5)",1.1,1.2,1.15,1280,0.722566310326,1771.46371441,8910,0.0323438980387
29,"[300,500)","[3.25,3.5)",1.2,1.3,1.25,1345,0.785398163397,1712.50718767,10255,0.037226338315
29,"[300,500)","[3.25,3.5)",1.3,1.4,1.35,1512,0.848230016469,1782.53536263,11767,0.0427149998003
29,"[300,500)","[3.25,3.5)",1.4,1.5,1.45,1545,0.911061869541,1695.82335915,13312,0.0483234535007
29,"[300,500)","[3.25,3.5)",1.5,1.6,1.55,1722,0.973893722613,1768.16007745,15034,0.0545744290812
29,"[300,500)","[3.25,3.5)",1.6,1.7,1.65,1864,1.03672557568,1797.96856923,16898,0.0613408741928
29,"[300,500)","[3.25,3.5)",1.7,1.8,1.75,1813,1.09955742876,1648.84521043,18711,0.0679221858812
29,"[300,500)","[3.25,3.5)",1.8,1.9,1.85,2046,1.16238928183,1760.1676409,20757,0.0753493032086
29,"[300,500)","[3.25,3.5)",1.9,2,1.95,2104,1.2252211349,1717.241027,22861,0.082986964429
29,"[300,500)","[3.25,3.5)",2,2.1,2.05,2210,1.28805298797,1715.76792309,25071,0.091009412764
29,"[300,500)","[3.25,3.5)",2.1,2.2,2.15,2315,1.35088484104,1713.69159655,27386,0.0994130181467
29,"[300,500)","[3.25,3.5)",2.2,2.3,2.25,2455,1.41371669412,1736.55726796,29841,0.108324832926
29,"[300,500)","[3.25,3.5)",2.3,2.4,2.35,2516,1.47654854719,1703.9737737,32357,0.1174580818
29,"[300,500)","[3.25,3.5)",2.4,2.5,2.45,2795,1.53938040026,1815.66557527,35152,0.1276041194
29,"[300,500)","[3.25,3.5)",2.5,2.6,2.55,2786,1.60221225333,1738.84577041,37938,0.137717486396
29,"[300,500)","[3.25,3.5)",2.6,2.7,2.65,2908,1.6650441064,1746.50028117,40846,0.148273721581
29,"[300,500)","[3.25,3.5)",2.7,2.8,2.75,3028,1.72787595947,1752.44060975,43874,0.15926556482
29,"[300,500)","[3.25,3.5)",2.8,2.9,2.85,3263,1.79070781255,1822.1844888,47137,0.171110473833
29,"[300,500)","[3.25,3.5)",2.9,3,2.95,3260,1.85353966562,1758.79699824,50397,0.182944492644
29,"[300,500)","[3.25,3.5)",3,3.1,3.05,3324,1.91637151869,1734.52796996,53721,0.19501083575
29,"[300,500)","[3.25,3.5)",3.1,3.2,3.15,3452,1.97920337176,1744.13607477,57173,0.207541827448
29,"[300,500)","[3.25,3.5)",3.2,3.3,3.25,3437,2.04203522483,1683.12473664,60610,0.22001836814
29,"[300,500)","[3.25,3.5)",3.3,3.4,3.35,3775,2.10486707791,1793.46241842,64385,0.233721871517
29,"[300,500)","[3.25,3.5)",3.4,3.5,3.45,3716,2.16769893098,1714.26019864,68101,0.247211200935
29,"[300,500)","[3.25,3.5)",3.5,3.6,3.55,3861,2.23053078405,1730.97812754,71962,0.261226890085
29,"[300,500)","[3.25,3.5)",3.6,3.7,3.65,3947,2.29336263712,1721.05359009,75909,0.275554765008
29,"[300,500)","[3.25,3.5)",3.7,3.8,3.75,4062,2.35619449019,1723.96634357,79971,0.290300097649
29,"[300,500)","[3.25,3.5)",3.8,3.9,3.85,4213,2.41902634326,1741.60980583,84184,0.305593570425
29,"[300,500)","[3.25,3.5)",3.9,4,3.95,4357,2.48185819634,1755.53946089,88541,0.321409772867
29,"[300,500)","[3.25,3.5)",4,4.1,4.05,4527,2.54469004941,1778.99858612,93068,0.337843086719
29,"[300,500)","[3.25,3.5)",4.1,4.2,4.15,4499,2.60752190248,1725.39298547,97567,0.354174758691
29,"[300,500)","[3.25,3.5)",4.2,4.3,4.25,4625,2.67035375555,1731.98026306,102192,0.370963819121
29,"[300,500)","[3.25,3.5)",4.3,4.4,4.35,4799,2.73318560862,1755.82660206,106991,0.38838451123
29,"[300,500)","[3.25,3.5)",4.4,4.5,4.45,4886,2.79601746169,1747.48550999,111877,0.406121019178
29,"[300,500)","[3.25,3.5)",4.5,4.6,4.55,4953,2.85884931477,1732.51523766,116830,0.424100741623
29,"[300,500)","[3.25,3.5)",4.6,4.7,4.65,5121,2.92168116784,1752.75798618,121951,0.442690315344
29,"[300,500)","[3.25,3.5)",4.7,4.8,4.75,5220,2.98451302091,1749.02905882,127171,0.46163926571
29,"[300,500)","[3.25,3.5)",4.8,4.9,4.85,5381,3.04734487398,1765.79948202,132552,0.481172656882
29,"[300,500)","[3.25,3.5)",4.9,5,4.95,5483,3.11017672705,1762.92232924,138035,0.501076314901
29,"[300,500)","[3.25,3.5)",5,5.1,5.05,5445,3.17300858013,1716.03696066,143480,0.520842030369
29,"[300,500)","[3.25,3.5)",5.1,5.2,5.15,5647,3.2358404332,1745.14167697,149127,0.541341019395
29,"[300,500)","[3.25,3.5)",5.2,5.3,5.25,5796,3.29867228627,1757.07057173,154923,0.562380888423
29,"[300,500)","[3.25,3.5)",5.3,5.4,5.35,5774,3.36150413934,1717.68344189,160697,0.583340895973
29,"[300,500)","[3.25,3.5)",5.4,5.5,5.45,5969,3.42433599241,1743.11166113,166666,0.605008766612
29,"[300,500)","[3.25,3.5)",5.5,5.6,5.55,6038,3.48716784548,1731.49107457,172704,0.626927111882
29,"[300,500)","[3.25,3.5)",5.6,5.7,5.65,6122,3.54999969856,1724.50718869,178826,0.649150382791
29,"[300,500)","[3.25,3.5)",5.7,5.8,5.75,6139,3.61283155163,1699.22120981,184965,0.67143536484
29,"[300,500)","[3.25,3.5)",5.8,5.9,5.85,6333,3.6756634047,1722.95428137,191298,0.69442457991
29,"[300,500)","[3.25,3.5)",5.9,6,5.95,6196,3.73849525777,1657.35130655,197494,0.716916475786
29,"[300,500)","[3.25,3.5)",6,6.1,6.05,6268,3.80132711084,1648.89782364,203762,0.739669736493
29,"[300,500)","[3.25,3.5)",6.1,6.2,6.15,6181,3.86415896392,1599.5718752,209943,0.762107181362
29,"[300,500)","[3.25,3.5)",6.2,6.3,6.25,6200,3.92699081699,1578.81703547,216143,0.784613597505
29,"[300,500)","[3.25,3.5)",6.3,6.4,6.35,6263,3.98982267006,1569.74395053,222406,0.807348707878
29,"[300,500)","[3.25,3.5)",6.4,6.5,6.45,6188,4.05265452313,1526.90044628,228594,0.829811563216
29,"[300,500)","[3.25,3.5)",6.5,6.6,6.55,5690,4.1154863762,1382.58263541,234284,0.850466645128
29,"[300,500)","[3.25,3.5)",6.6,6.7,6.65,5505,4.17831822927,1317.51573191,239789,0.870450164624
29,"[300,500)","[3.25,3.5)",6.7,6.8,6.75,5221,4.24115008235,1231.03401168,245010,0.889402745057
29,"[300,500)","[3.25,3.5)",6.8,6.9,6.85,4740,4.30398193542,1101.3057376,249750,0.906609263205
29,"[300,500)","[3.25,3.5)",6.9,7,6.95,4136,4.36681378849,947.143661335,253886,0.921623220813
29,"[300,500)","[3.25,3.5)",7,7.1,7.05,3565,4.42964564156,804.804783153,257451,0.934564410096
29,"[300,500)","[3.25,3.5)",7.1,7.2,7.15,3002,4.49247749463,668.22816666,260453,0.94546187159
29,"[300,500)","[3.25,3.5)",7.2,7.3,7.25,2423,4.55530934771,531.906796016,262876,0.954257524222
29,"[300,500)","[3.25,3.5)",7.3,7.4,7.35,1950,4.61814120078,422.247808203,264826,0.961336155106
29,"[300,500)","[3.25,3.5)",7.4,7.5,7.45,1535,4.68097305385,327.923272008,266361,0.966908308135
29,"[300,500)","[3.25,3.5)",7.5,7.6,7.55,1116,4.74380490692,235.254194027,267477,0.97095946304
29,"[300,500)","[3.25,3.5)",7.6,7.7,7.65,1033,4.80663675999,214.911184593,268510,0.974709322375
29,"[300,500)","[3.25,3.5)",7.7,7.8,7.75,764,4.86946861306,156.895969706,269274,0.977482693655
29,"[300,500)","[3.25,3.5)",7.8,7.9,7.85,625,4.93230046614,126.715719022,269899,0.979751485605
29,"[300,500)","[3.25,3.5)",7.9,8,7.95,520,4.99513231921,104.101346425,270419,0.981639120507
29,"[300,500)","[3.25,3.5)",8,8.1,8.05,407,5.05796417228,80.4671575632,270826,0.983116557825
29,"[300,500)","[3.25,3.5)",8.1,8.2,8.15,369,5.12079602535,72.0591092036,271195,0.984456052592
29,"[300,500)","[3.25,3.5)",8.2,8.3,8.25,294,5.18362787842,56.7170342655,271489,0.985523292326
29,"[300,500)","[3.25,3.5)",8.3,8.4,8.35,258,5.24645973149,49.1760183446,271747,0.986459849643
29,"[300,500)","[3.25,3.5)",8.4,8.5,8.45,213,5.30929158457,40.1183466019,271960,0.987233053939
29,"[300,500)","[3.25,3.5)",8.5,8.6,8.55,176,5.37212343764,32.7617192797,272136,0.987871945752
29,"[300,500)","[3.25,3.5)",8.6,8.7,8.65,151,5.43495529071,27.7831172334,272287,0.988420085887
29,"[300,500)","[3.25,3.5)",8.7,8.8,8.75,142,5.49778714378,25.8285736218,272429,0.988935555418
29,"[300,500)","[3.25,3.5)",8.8,8.9,8.85,122,5.56061899685,21.9400034545,272551,0.989378423607
29,"[300,500)","[3.25,3.5)",8.9,9,8.95,116,5.62345084993,20.6279032387,272667,0.989799511393
29,"[300,500)","[3.25,3.5)",9,9.1,9.05,104,5.686282703,18.2896288194,272771,0.990177038373
29,"[300,500)","[3.25,3.5)",9.1,9.2,9.15,91,5.74911455607,15.8285243949,272862,0.990507374481
29,"[300,500)","[3.25,3.5)",9.2,9.3,9.25,85,5.81194640914,14.6250488247,272947,0.990815930187
29,"[300,500)","[3.25,3.5)",9.3,9.4,9.35,107,5.87477826221,18.2134533806,273054,0.991204347368
29,"[300,500)","[3.25,3.5)",9.4,9.5,9.45,89,5.93761011528,14.9891956986,273143,0.991527423342
29,"[300,500)","[3.25,3.5)",9.5,9.6,9.55,101,6.00044196836,16.8320934579,273244,0.991894060121
29,"[300,500)","[3.25,3.5)",9.6,9.7,9.65,110,6.06327382143,18.1420142385,273354,0.992293367504
29,"[300,500)","[3.25,3.5)",9.7,9.8,9.75,84,6.1261056745,13.7118104818,273438,0.992598293142
29,"[300,500)","[3.25,3.5)",9.8,9.9,9.85,94,6.18893752757,15.1883905083,273532,0.992939519452
29,"[300,500)","[3.25,3.5)",9.9,10,9.95,92,6.25176938064,14.7158339341,273624,0.993273485627
29,"[300,500)","[3.25,3.5)",10,10.1,10.05,94,6.31460123372,14.8861339807,273718,0.993614711936
29,"[300,500)","[3.25,3.5)",10.1,10.2,10.15,77,6.37743308679,12.073823269,273795,0.993894227104
29,"[300,500)","[3.25,3.5)",10.2,10.3,10.25,106,6.44026493986,16.4589502124,273901,0.994279014219
29,"[300,500)","[3.25,3.5)",10.3,10.4,10.35,87,6.50309679293,13.3782415932,273988,0.994594830058
29,"[300,500)","[3.25,3.5)",10.4,10.5,10.45,79,6.565928646,12.031809095,274067,0.994881605361
29,"[300,500)","[3.25,3.5)",10.5,10.6,10.55,90,6.62876049907,13.5771989367,274157,0.995208311402
29,"[300,500)","[3.25,3.5)",10.6,10.7,10.65,104,6.69159235215,15.5418911564,274261,0.995585838382
29,"[300,500)","[3.25,3.5)",10.7,10.8,10.75,78,6.75442420522,11.5479865685,274339,0.995868983618
29,"[300,500)","[3.25,3.5)",10.8,10.9,10.85,84,6.81725605829,12.3216730136,274423,0.996173909256
29,"[300,500)","[3.25,3.5)",10.9,11,10.95,89,6.88008791136,12.9358812193,274512,0.996496985229
29,"[300,500)","[3.25,3.5)",11,11.1,11.05,85,6.94291976443,12.2426879301,274597,0.996805540934
29,"[300,500)","[3.25,3.5)",11.1,11.2,11.15,84,7.00575161751,11.9901481791,274681,0.997110466573
29,"[300,500)","[3.25,3.5)",11.2,11.3,11.25,88,7.06858347058,12.4494533263,274769,0.997429912479
29,"[300,500)","[3.25,3.5)",11.3,11.4,11.35,108,7.13141532365,15.1442589021,274877,0.997821959728
29,"[300,500)","[3.25,3.5)",11.4,11.5,11.45,122,7.19424717672,16.9579939364,274999,0.998264827917
29,"[300,500)","[3.25,3.5)",11.5,11.6,11.55,77,7.25707902979,10.6103295395,275076,0.998544343085
29,"[300,500)","[3.25,3.5)",11.6,11.7,11.65,100,7.31991088286,13.6613685057,275176,0.998907349797
29,"[300,500)","[3.25,3.5)",11.7,11.8,11.75,100,7.38274273594,13.5451015397,275276,0.999270356509
29,"[300,500)","[3.25,3.5)",11.8,11.9,11.85,93,7.44557458901,12.4906411034,275369,0.999607952751
29,"[300,500)","[3.25,3.5)",11.9,12,11.95,108,7.50840644208,14.383877702,275477,1
30,"[300,500)","[3.5,3.75)",0,0.1,0.05,34,0.0314159265359,1082.25361302,34,0.000354159288348
30,"[300,500)","[3.5,3.75)",0.1,0.2,0.15,109,0.0942477796077,1156.5259198,143,0.00148955230099
30,"[300,500)","[3.5,3.75)",0.2,0.3,0.25,138,0.157079632679,878.535285867,281,0.0029270223537
30,"[300,500)","[3.5,3.75)",0.3,0.4,0.35,205,0.219911485751,932.19323811,486,0.00506239453345
30,"[300,500)","[3.5,3.75)",0.4,0.5,0.45,226,0.282743338823,799.311491973,712,0.007416512156
30,"[300,500)","[3.5,3.75)",0.5,0.6,0.55,246,0.345575191895,711.856654556,958,0.00997895877169
30,"[300,500)","[3.5,3.75)",0.6,0.7,0.65,273,0.408407044967,668.450760986,1231,0.0128226495281
30,"[300,500)","[3.5,3.75)",0.7,0.8,0.75,304,0.471238898038,645.108035999,1535,0.015989250224
30,"[300,500)","[3.5,3.75)",0.8,0.9,0.85,337,0.53407075111,631.002539082,1872,0.0194995937585
30,"[300,500)","[3.5,3.75)",0.9,1,0.95,384,0.596902604182,643.321033129,2256,0.0234995104269
30,"[300,500)","[3.5,3.75)",1,1.1,1.05,410,0.659734457254,621.46215874,2666,0.0277702547864
30,"[300,500)","[3.5,3.75)",1.1,1.2,1.15,455,0.722566310326,629.699992233,3121,0.0325097393804
30,"[300,500)","[3.5,3.75)",1.2,1.3,1.25,508,0.785398163397,646.805688725,3629,0.0378012958063
30,"[300,500)","[3.5,3.75)",1.3,1.4,1.35,543,0.848230016469,640.156548881,4172,0.0434574279703
30,"[300,500)","[3.5,3.75)",1.4,1.5,1.45,563,0.911061869541,617.960227315,4735,0.0493218891273
30,"[300,500)","[3.5,3.75)",1.5,1.6,1.55,579,0.973893722613,594.520722905,5314,0.0553530134789
30,"[300,500)","[3.5,3.75)",1.6,1.7,1.65,607,1.03672557568,585.497275496,5921,0.0616757984209
30,"[300,500)","[3.5,3.75)",1.7,1.8,1.75,693,1.09955742876,630.253574644,6614,0.0688943980334
30,"[300,500)","[3.5,3.75)",1.8,1.9,1.85,701,1.16238928183,603.06818977,7315,0.0761963292431
30,"[300,500)","[3.5,3.75)",1.9,2,1.95,764,1.2252211349,623.560905242,8079,0.0841544967813
30,"[300,500)","[3.5,3.75)",2,2.1,2.05,780,1.28805298797,605.565149325,8859,0.092279327514
30,"[300,500)","[3.5,3.75)",2.1,2.2,2.15,851,1.35088484104,629.957472424,9710,0.101143726172
30,"[300,500)","[3.5,3.75)",2.2,2.3,2.25,825,1.41371669412,583.56812467,10535,0.10973729714
30,"[300,500)","[3.5,3.75)",2.3,2.4,2.35,939,1.47654854719,635.942517291,11474,0.119518343368
30,"[300,500)","[3.5,3.75)",2.4,2.5,2.45,891,1.53938040026,578.804303244,12365,0.128799400012
30,"[300,500)","[3.5,3.75)",2.5,2.6,2.55,970,1.60221225333,605.412920781,13335,0.13890335618
30,"[300,500)","[3.5,3.75)",2.6,2.7,2.65,1021,1.6650441064,613.196969422,14356,0.14953855128
30,"[300,500)","[3.5,3.75)",2.7,2.8,2.75,1010,1.72787595947,584.532700083,15366,0.160059165434
30,"[300,500)","[3.5,3.75)",2.8,2.9,2.85,1095,1.79070781255,611.490044511,16461,0.171465177809
30,"[300,500)","[3.5,3.75)",2.9,3,2.95,1142,1.85353966562,616.118457664,17603,0.183360763317
30,"[300,500)","[3.5,3.75)",3,3.1,3.05,1171,1.91637151869,611.050617576,18774,0.195558425866
30,"[300,500)","[3.5,3.75)",3.1,3.2,3.15,1186,1.97920337176,599.230992086,19960,0.20791233516
30,"[300,500)","[3.5,3.75)",3.2,3.3,3.25,1223,2.04203522483,598.912293543,21183,0.220651653091
30,"[300,500)","[3.5,3.75)",3.3,3.4,3.35,1223,2.10486707791,581.034314631,22406,0.233390971021
30,"[300,500)","[3.5,3.75)",3.4,3.5,3.45,1295,2.16769893098,597.407684939,23701,0.246880273328
30,"[300,500)","[3.5,3.75)",3.5,3.6,3.55,1358,2.23053078405,608.823697799,25059,0.261025811962
30,"[300,500)","[3.5,3.75)",3.6,3.7,3.65,1377,2.29336263712,600.428374349,26436,0.27536926314
30,"[300,500)","[3.5,3.75)",3.7,3.8,3.75,1445,2.35619449019,613.277047381,27881,0.290421032895
30,"[300,500)","[3.5,3.75)",3.8,3.9,3.85,1522,2.41902634326,629.178762041,29403,0.306274869274
30,"[300,500)","[3.5,3.75)",3.9,4,3.95,1474,2.48185819634,593.909838272,30877,0.321628716068
30,"[300,500)","[3.5,3.75)",4,4.1,4.05,1559,2.54469004941,612.648287112,32436,0.337867961084
30,"[300,500)","[3.5,3.75)",4.1,4.2,4.15,1653,2.60752190248,633.935231159,34089,0.355086352368
30,"[300,500)","[3.5,3.75)",4.2,4.3,4.25,1587,2.67035375555,594.303281616,35676,0.371617257974
30,"[300,500)","[3.5,3.75)",4.3,4.4,4.35,1674,2.73318560862,612.472125829,37350,0.3890543947
30,"[300,500)","[3.5,3.75)",4.4,4.5,4.45,1697,2.79601746169,606.934693094,39047,0.406731109769
30,"[300,500)","[3.5,3.75)",4.5,4.6,4.55,1670,2.85884931477,584.15110981,40717,0.424126580696
30,"[300,500)","[3.5,3.75)",4.6,4.7,4.65,1833,2.92168116784,627.378517607,42550,0.443219932918
30,"[300,500)","[3.5,3.75)",4.7,4.8,4.75,1736,2.98451302091,581.669434121,44286,0.461302889523
30,"[300,500)","[3.5,3.75)",4.8,4.9,4.85,1915,3.04734487398,628.415909322,46201,0.481250390617
30,"[300,500)","[3.5,3.75)",4.9,5,4.95,1892,3.11017672705,608.325560262,48093,0.500958313368
30,"[300,500)","[3.5,3.75)",5,5.1,5.05,1945,3.17300858013,612.982899631,50038,0.521218307952
30,"[300,500)","[3.5,3.75)",5.1,5.2,5.15,1955,3.2358404332,604.1707063,51993,0.541582467032
30,"[300,500)","[3.5,3.75)",5.2,5.3,5.25,1890,3.29867228627,572.957795131,53883,0.561269556884
30,"[300,500)","[3.5,3.75)",5.3,5.4,5.35,2033,3.36150413934,604.788783749,55916,0.582446199038
30,"[300,500)","[3.5,3.75)",5.4,5.5,5.45,1992,3.42433599241,581.718617686,57908,0.603195766755
30,"[300,500)","[3.5,3.75)",5.5,5.6,5.55,2091,3.48716784548,599.627001811,59999,0.624976562988
30,"[300,500)","[3.5,3.75)",5.6,5.7,5.65,2089,3.54999969856,588.450754193,62088,0.646736526322
30,"[300,500)","[3.5,3.75)",5.7,5.8,5.75,2062,3.61283155163,570.743465488,64150,0.668215245516
30,"[300,500)","[3.5,3.75)",5.8,5.9,5.85,2137,3.6756634047,581.391646816,66287,0.690475198433
30,"[300,500)","[3.5,3.75)",5.9,6,5.95,2114,3.73849525777,565.46815075,68401,0.712495573009
30,"[300,500)","[3.5,3.75)",6,6.1,6.05,2177,3.80132711084,572.694729109,70578,0.735172183913
30,"[300,500)","[3.5,3.75)",6.1,6.2,6.15,2082,3.86415896392,538.797709784,72660,0.756859232099
30,"[300,500)","[3.5,3.75)",6.2,6.3,6.25,2029,3.92699081699,516.680607254,74689,0.777994208454
30,"[300,500)","[3.5,3.75)",6.3,6.4,6.35,2052,3.98982267006,514.308572007,76741,0.799368763151
30,"[300,500)","[3.5,3.75)",6.4,6.5,6.45,2036,4.05265452313,502.386766101,78777,0.820576654653
30,"[300,500)","[3.5,3.75)",6.5,6.6,6.55,1849,4.1154863762,449.278610346,80626,0.839836670069
30,"[300,500)","[3.5,3.75)",6.6,6.7,6.65,1781,4.17831822927,426.248050596,82407,0.858388366909
30,"[300,500)","[3.5,3.75)",6.7,6.8,6.75,1627,4.24115008235,383.622359127,84034,0.875335930501
30,"[300,500)","[3.5,3.75)",6.8,6.9,6.85,1576,4.30398193542,366.172540603,85610,0.891752255161
30,"[300,500)","[3.5,3.75)",6.9,7,6.95,1449,4.36681378849,331.820881353,87059,0.906845690715
30,"[300,500)","[3.5,3.75)",7,7.1,7.05,1267,4.42964564156,286.027394181,88326,0.920043332431
30,"[300,500)","[3.5,3.75)",7.1,7.2,7.15,1096,4.49247749463,243.963381299,89422,0.931459761255
30,"[300,500)","[3.5,3.75)",7.2,7.3,7.25,865,4.55530934771,189.888311413,90287,0.940469990209
30,"[300,500)","[3.5,3.75)",7.3,7.4,7.35,752,4.61814120078,162.83607783,91039,0.948303160351
30,"[300,500)","[3.5,3.75)",7.4,7.5,7.45,674,4.68097305385,143.987156569,91713,0.95532384742
30,"[300,500)","[3.5,3.75)",7.5,7.6,7.55,520,4.74380490692,109.616649547,92233,0.960740401242
30,"[300,500)","[3.5,3.75)",7.6,7.7,7.65,466,4.80663675999,96.9492855958,92699,0.965594466782
30,"[300,500)","[3.5,3.75)",7.7,7.8,7.75,349,4.86946861306,71.6710646956,93048,0.969229807712
30,"[300,500)","[3.5,3.75)",7.8,7.9,7.85,290,4.93230046614,58.7960936263,93338,0.972250578113
30,"[300,500)","[3.5,3.75)",7.9,8,7.95,261,4.99513231921,52.2508681094,93599,0.974969271474
30,"[300,500)","[3.5,3.75)",8,8.1,8.05,183,5.05796417228,36.1805647029,93782,0.976875481761
30,"[300,500)","[3.5,3.75)",8.1,8.2,8.15,210,5.12079602535,41.0092491402,93992,0.979062936189
30,"[300,500)","[3.5,3.75)",8.2,8.3,8.25,167,5.18362787842,32.2168187835,94159,0.980802483282
30,"[300,500)","[3.5,3.75)",8.3,8.4,8.35,156,5.24645973149,29.7343366735,94315,0.982427449428
30,"[300,500)","[3.5,3.75)",8.4,8.5,8.45,120,5.30929158457,22.6018854095,94435,0.983677423387
30,"[300,500)","[3.5,3.75)",8.5,8.6,8.55,111,5.37212343764,20.6622206821,94546,0.984833649299
30,"[300,500)","[3.5,3.75)",8.6,8.7,8.65,81,5.43495529071,14.9035264629,94627,0.985677381721
30,"[300,500)","[3.5,3.75)",8.7,8.8,8.75,77,5.49778714378,14.0056349921,94704,0.986479448345
30,"[300,500)","[3.5,3.75)",8.8,8.9,8.85,92,5.56061899685,16.5449206378,94796,0.987437761713
30,"[300,500)","[3.5,3.75)",8.9,9,8.95,83,5.62345084993,14.7596204208,94879,0.988302327035
30,"[300,500)","[3.5,3.75)",9,9.1,9.05,57,5.686282703,10.0241234876,94936,0.988896064665
30,"[300,500)","[3.5,3.75)",9.1,9.2,9.15,51,5.74911455607,8.8709312543,94987,0.989427303598
30,"[300,500)","[3.5,3.75)",9.2,9.3,9.25,51,5.81194640914,8.7750292948,95038,0.98995854253
30,"[300,500)","[3.5,3.75)",9.3,9.4,9.35,34,5.87477826221,5.78745247607,95072,0.990312701819
30,"[300,500)","[3.5,3.75)",9.4,9.5,9.45,59,5.93761011528,9.93665782267,95131,0.990927272348
30,"[300,500)","[3.5,3.75)",9.5,9.6,9.55,52,6.00044196836,8.66602831495,95183,0.991468927731
30,"[300,500)","[3.5,3.75)",9.6,9.7,9.65,37,6.06327382143,6.10231388021,95220,0.991854336368
30,"[300,500)","[3.5,3.75)",9.7,9.8,9.75,31,6.1261056745,5.06031101113,95251,0.992177246307
30,"[300,500)","[3.5,3.75)",9.8,9.9,9.85,33,6.18893752757,5.33209454013,95284,0.992520989146
30,"[300,500)","[3.5,3.75)",9.9,10,9.95,34,6.25176938064,5.43846036696,95318,0.992875148434
30,"[300,500)","[3.5,3.75)",10,10.1,10.05,35,6.31460123372,5.54270946091,95353,0.993239724172
30,"[300,500)","[3.5,3.75)",10.1,10.2,10.15,32,6.37743308679,5.01769278713,95385,0.993573050561
30,"[300,500)","[3.5,3.75)",10.2,10.3,10.25,30,6.44026493986,4.65819345635,95415,0.993885544051
30,"[300,500)","[3.5,3.75)",10.3,10.4,10.35,33,6.50309679293,5.07450543192,95448,0.99422928689
30,"[300,500)","[3.5,3.75)",10.4,10.5,10.45,30,6.565928646,4.56904142848,95478,0.99454178038
30,"[300,500)","[3.5,3.75)",10.5,10.6,10.55,32,6.62876049907,4.82744851084,95510,0.994875106769
30,"[300,500)","[3.5,3.75)",10.6,10.7,10.65,41,6.69159235215,6.12709170589,95551,0.995302181205
30,"[300,500)","[3.5,3.75)",10.7,10.8,10.75,42,6.75442420522,6.21814661382,95593,0.99573967209
30,"[300,500)","[3.5,3.75)",10.8,10.9,10.85,30,6.81725605829,4.40059750485,95623,0.99605216558
30,"[300,500)","[3.5,3.75)",10.9,11,10.95,44,6.88008791136,6.39526711967,95667,0.996510489365
30,"[300,500)","[3.5,3.75)",11,11.1,11.05,33,6.94291976443,4.75304354935,95700,0.996854232203
30,"[300,500)","[3.5,3.75)",11.1,11.2,11.15,32,7.00575161751,4.56767549681,95732,0.997187558593
30,"[300,500)","[3.5,3.75)",11.2,11.3,11.25,32,7.06858347058,4.52707393684,95764,0.997520884982
30,"[300,500)","[3.5,3.75)",11.3,11.4,11.35,33,7.13141532365,4.62741244232,95797,0.99786462782
30,"[300,500)","[3.5,3.75)",11.4,11.5,11.45,34,7.19424717672,4.72599831015,95831,0.998218787109
30,"[300,500)","[3.5,3.75)",11.5,11.6,11.55,42,7.25707902979,5.78745247607,95873,0.998656277994
30,"[300,500)","[3.5,3.75)",11.6,11.7,11.65,40,7.31991088286,5.4645474023,95913,0.999072935981
30,"[300,500)","[3.5,3.75)",11.7,11.8,11.75,16,7.38274273594,2.16721624636,95929,0.999239599175
30,"[300,500)","[3.5,3.75)",11.8,11.9,11.85,41,7.44557458901,5.50662672301,95970,0.999666673611
30,"[300,500)","[3.5,3.75)",11.9,12,11.95,32,7.50840644208,4.26188968949,96002,1
31,"[300,500)","[3.75,4.0)",0,0.1,0.05,8,0.0314159265359,254.647908947,8,0.000199630683236
31,"[300,500)","[3.75,4.0)",0.1,0.2,0.15,31,0.0942477796077,328.920215723,39,0.000973199580776
31,"[300,500)","[3.75,4.0)",0.2,0.3,0.25,64,0.157079632679,407.436654315,103,0.00257024504666
31,"[300,500)","[3.75,4.0)",0.3,0.4,0.35,73,0.219911485751,331.951738449,176,0.00439187503119
31,"[300,500)","[3.75,4.0)",0.4,0.5,0.45,75,0.282743338823,265.258238486,251,0.00626341268653
31,"[300,500)","[3.75,4.0)",0.5,0.6,0.55,105,0.345575191895,303.841254994,356,0.008883565404
31,"[300,500)","[3.75,4.0)",0.6,0.7,0.65,109,0.408407044967,266.890596877,465,0.0116035334631
31,"[300,500)","[3.75,4.0)",0.7,0.8,0.75,144,0.471238898038,305.577490736,609,0.0151968857613
31,"[300,500)","[3.75,4.0)",0.8,0.9,0.85,135,0.53407075111,252.775497852,744,0.0185656535409
31,"[300,500)","[3.75,4.0)",0.9,1,0.95,166,0.596902604182,278.102321613,910,0.0227079902181
31,"[300,500)","[3.75,4.0)",1,1.1,1.05,174,0.659734457254,263.742477124,1084,0.0270499575785
31,"[300,500)","[3.75,4.0)",1.1,1.2,1.15,203,0.722566310326,280.943073458,1287,0.0321155861656
31,"[300,500)","[3.75,4.0)",1.2,1.3,1.25,227,0.785398163397,289.025376655,1514,0.0377801068024
31,"[300,500)","[3.75,4.0)",1.3,1.4,1.35,225,0.848230016469,265.258238486,1739,0.0433947197684
31,"[300,500)","[3.75,4.0)",1.4,1.5,1.45,191,0.911061869541,209.645476762,1930,0.0481609023307
31,"[300,500)","[3.75,4.0)",1.5,1.6,1.55,238,0.973893722613,244.379848102,2168,0.054099915157
31,"[300,500)","[3.75,4.0)",1.6,1.7,1.65,283,1.03672557568,272.974841788,2451,0.0611618505764
31,"[300,500)","[3.75,4.0)",1.7,1.8,1.75,285,1.09955742876,259.195193035,2736,0.0682736936667
31,"[300,500)","[3.75,4.0)",1.8,1.9,1.85,304,1.16238928183,261.530284865,3040,0.0758596596297
31,"[300,500)","[3.75,4.0)",1.9,2,1.95,307,1.2252211349,250.56701297,3347,0.0835204870989
31,"[300,500)","[3.75,4.0)",2,2.1,2.05,354,1.28805298797,274.833413925,3701,0.0923541448321
31,"[300,500)","[3.75,4.0)",2.1,2.2,2.15,325,1.35088484104,240.583053511,4026,0.100464141339
31,"[300,500)","[3.75,4.0)",2.2,2.3,2.25,387,1.41371669412,273.746502118,4413,0.11012127564
31,"[300,500)","[3.75,4.0)",2.3,2.4,2.35,368,1.47654854719,249.229868331,4781,0.119304287069
31,"[300,500)","[3.75,4.0)",2.4,2.5,2.45,393,1.53938040026,255.29752096,5174,0.129111144383
31,"[300,500)","[3.75,4.0)",2.5,2.6,2.55,418,1.60221225333,260.889279264,5592,0.139541847582
31,"[300,500)","[3.75,4.0)",2.6,2.7,2.65,433,1.6650441064,260.053171165,6025,0.150346858312
31,"[300,500)","[3.75,4.0)",2.7,2.8,2.75,435,1.72787595947,251.754182709,6460,0.161201776713
31,"[300,500)","[3.75,4.0)",2.8,2.9,2.85,385,1.79070781255,214.998782773,6845,0.170809003344
31,"[300,500)","[3.75,4.0)",2.9,3,2.95,494,1.85353966562,266.517091144,7339,0.183136198034
31,"[300,500)","[3.75,4.0)",3,3.1,3.05,486,1.91637151869,253.604269976,7825,0.19526376204
31,"[300,500)","[3.75,4.0)",3.1,3.2,3.15,499,1.97920337176,252.121640009,8324,0.207715725907
31,"[300,500)","[3.75,4.0)",3.2,3.3,3.25,522,2.04203522483,255.627323981,8846,0.220741627988
31,"[300,500)","[3.75,4.0)",3.3,3.4,3.35,531,2.10486707791,252.272462035,9377,0.233992114588
31,"[300,500)","[3.75,4.0)",3.4,3.5,3.45,545,2.16769893098,251.418678218,9922,0.247591954883
31,"[300,500)","[3.75,4.0)",3.5,3.6,3.55,571,2.23053078405,255.992880297,10493,0.261840594899
31,"[300,500)","[3.75,4.0)",3.6,3.7,3.65,583,2.29336263712,254.211868007,11076,0.27638868094
31,"[300,500)","[3.75,4.0)",3.7,3.8,3.75,578,2.35619449019,245.310818952,11654,0.290811997804
31,"[300,500)","[3.75,4.0)",3.8,3.9,3.85,582,2.41902634326,240.592667219,12236,0.305335130009
31,"[300,500)","[3.75,4.0)",3.9,4,3.95,594,2.48185819634,239.336800498,12830,0.32015770824
31,"[300,500)","[3.75,4.0)",4,4.1,4.05,633,2.54469004941,248.753281425,13463,0.335953486051
31,"[300,500)","[3.75,4.0)",4.1,4.2,4.15,646,2.60752190248,247.744802982,14109,0.352073663722
31,"[300,500)","[3.75,4.0)",4.2,4.3,4.25,695,2.67035375555,260.265142233,14804,0.369416579328
31,"[300,500)","[3.75,4.0)",4.3,4.4,4.35,703,2.73318560862,257.209022974,15507,0.386959125618
31,"[300,500)","[3.75,4.0)",4.4,4.5,4.45,650,2.79601746169,232.473512381,16157,0.403179118631
31,"[300,500)","[3.75,4.0)",4.5,4.6,4.55,734,2.85884931477,256.746655449,16891,0.421495233817
31,"[300,500)","[3.75,4.0)",4.6,4.7,4.65,778,2.92168116784,266.285044571,17669,0.440909317762
31,"[300,500)","[3.75,4.0)",4.7,4.8,4.75,714,2.98451302091,239.235009195,18383,0.458726356241
31,"[300,500)","[3.75,4.0)",4.8,4.9,4.85,756,3.04734487398,248.08481851,19139,0.477591455807
31,"[300,500)","[3.75,4.0)",4.9,5,4.95,729,3.11017672705,234.391825281,19868,0.495782801817
31,"[300,500)","[3.75,4.0)",5,5.1,5.05,772,3.17300858013,243.302210034,20640,0.515047162749
31,"[300,500)","[3.75,4.0)",5.1,5.2,5.15,731,3.2358404332,225.907307573,21371,0.53328841643
31,"[300,500)","[3.75,4.0)",5.2,5.3,5.25,803,3.29867228627,243.431274862,22174,0.553326346259
31,"[300,500)","[3.75,4.0)",5.3,5.4,5.35,730,3.36150413934,217.164688705,22904,0.571542646105
31,"[300,500)","[3.75,4.0)",5.4,5.5,5.45,825,3.42433599241,240.922620277,23729,0.592129560313
31,"[300,500)","[3.75,4.0)",5.5,5.6,5.55,811,3.48716784548,232.566952878,24540,0.612367120826
31,"[300,500)","[3.75,4.0)",5.6,5.7,5.65,768,3.54999969856,216.338046539,25308,0.631531666417
31,"[300,500)","[3.75,4.0)",5.7,5.8,5.75,773,3.61283155163,213.959601757,26081,0.650820981185
31,"[300,500)","[3.75,4.0)",5.8,5.9,5.85,791,3.6756634047,215.199247839,26872,0.67055946499
31,"[300,500)","[3.75,4.0)",5.9,6,5.95,806,3.73849525777,215.594763247,27678,0.690672256326
31,"[300,500)","[3.75,4.0)",6,6.1,6.05,787,3.80132711084,207.03295903,28465,0.710310924789
31,"[300,500)","[3.75,4.0)",6.1,6.2,6.15,773,3.86415896392,200.043530098,29238,0.729600239557
31,"[300,500)","[3.75,4.0)",6.2,6.3,6.25,796,3.92699081699,202.699735522,30034,0.749463492539
31,"[300,500)","[3.75,4.0)",6.3,6.4,6.35,759,3.98982267006,190.234018593,30793,0.768403453611
31,"[300,500)","[3.75,4.0)",6.4,6.5,6.45,733,4.05265452313,180.86910587,31526,0.786694614962
31,"[300,500)","[3.75,4.0)",6.5,6.6,6.55,704,4.1154863762,171.061190743,32230,0.804262115087
31,"[300,500)","[3.75,4.0)",6.6,6.7,6.65,699,4.17831822927,167.292188303,32929,0.821704846035
31,"[300,500)","[3.75,4.0)",6.7,6.8,6.75,665,4.24115008235,156.797092083,33594,0.838299146579
31,"[300,500)","[3.75,4.0)",6.8,6.9,6.85,648,4.30398193542,150.558252735,34242,0.854469231921
31,"[300,500)","[3.75,4.0)",6.9,7,6.95,582,4.36681378849,133.277952345,34824,0.868992364126
31,"[300,500)","[3.75,4.0)",7,7.1,7.05,486,4.42964564156,109.715322472,35310,0.881119928133
31,"[300,500)","[3.75,4.0)",7.1,7.2,7.15,465,4.49247749463,103.506361591,35775,0.892723461596
31,"[300,500)","[3.75,4.0)",7.2,7.3,7.25,418,4.55530934771,91.7610568447,36193,0.903154164795
31,"[300,500)","[3.75,4.0)",7.3,7.4,7.35,382,4.61814120078,82.7172629403,36575,0.91268652992
31,"[300,500)","[3.75,4.0)",7.4,7.5,7.45,317,4.68097305385,67.7209623626,36892,0.920596895743
31,"[300,500)","[3.75,4.0)",7.5,7.6,7.55,258,4.74380490692,54.3867222751,37150,0.927034985277
31,"[300,500)","[3.75,4.0)",7.6,7.7,7.65,254,4.80663675999,52.8436020201,37404,0.93337325947
31,"[300,500)","[3.75,4.0)",7.7,7.8,7.75,210,4.86946861306,43.1258555475,37614,0.938613564905
31,"[300,500)","[3.75,4.0)",7.8,7.9,7.85,222,4.93230046614,45.0094233967,37836,0.944153316365
31,"[300,500)","[3.75,4.0)",7.9,8,7.95,205,4.99513231921,41.039953879,38041,0.949268852623
31,"[300,500)","[3.75,4.0)",8,8.1,8.05,192,5.05796417228,37.9599367374,38233,0.95405998902
31,"[300,500)","[3.75,4.0)",8.1,8.2,8.15,159,5.12079602535,31.0498600633,38392,0.95802764885
31,"[300,500)","[3.75,4.0)",8.2,8.3,8.25,146,5.18362787842,28.1656020502,38538,0.961670908819
31,"[300,500)","[3.75,4.0)",8.3,8.4,8.35,121,5.24645973149,23.0631713942,38659,0.964690322903
31,"[300,500)","[3.75,4.0)",8.4,8.5,8.45,126,5.30929158457,23.73197968,38785,0.967834506164
31,"[300,500)","[3.75,4.0)",8.5,8.6,8.55,108,5.37212343764,20.1037822853,38893,0.970529520387
31,"[300,500)","[3.75,4.0)",8.6,8.7,8.65,114,5.43495529071,20.9753335404,39007,0.973374257623
31,"[300,500)","[3.75,4.0)",8.7,8.8,8.75,81,5.49778714378,14.7332004462,39088,0.975395518291
31,"[300,500)","[3.75,4.0)",8.8,8.9,8.85,81,5.56061899685,14.566723605,39169,0.977416778959
31,"[300,500)","[3.75,4.0)",8.9,9,8.95,78,5.62345084993,13.8704866605,39247,0.97936317812
31,"[300,500)","[3.75,4.0)",9,9.1,9.05,73,5.686282703,12.8379125367,39320,0.981184808105
31,"[300,500)","[3.75,4.0)",9.1,9.2,9.15,48,5.74911455607,8.34911176876,39368,0.982382592204
31,"[300,500)","[3.75,4.0)",9.2,9.3,9.25,60,5.81194640914,10.3235638762,39428,0.983879822329
31,"[300,500)","[3.75,4.0)",9.3,9.4,9.35,46,5.87477826221,7.83008276174,39474,0.985027698757
31,"[300,500)","[3.75,4.0)",9.4,9.5,9.45,49,5.93761011528,8.25247853069,39523,0.986250436692
31,"[300,500)","[3.75,4.0)",9.5,9.6,9.55,46,6.00044196836,7.66610197092,39569,0.987398313121
31,"[300,500)","[3.75,4.0)",9.6,9.7,9.65,47,6.06327382143,7.75158790189,39616,0.988571143385
31,"[300,500)","[3.75,4.0)",9.7,9.8,9.75,23,6.1261056745,3.75442429858,39639,0.989145081599
31,"[300,500)","[3.75,4.0)",9.8,9.9,9.85,28,6.18893752757,4.52420142799,39667,0.98984378899
31,"[300,500)","[3.75,4.0)",9.9,10,9.95,30,6.25176938064,4.79864150026,39697,0.990592404053
31,"[300,500)","[3.75,4.0)",10,10.1,10.05,30,6.31460123372,4.75089382364,39727,0.991341019115
31,"[300,500)","[3.75,4.0)",10.1,10.2,10.15,21,6.37743308679,3.29286089156,39748,0.991865049658
31,"[300,500)","[3.75,4.0)",10.2,10.3,10.25,29,6.44026493986,4.50292034114,39777,0.992588710885
31,"[300,500)","[3.75,4.0)",10.3,10.4,10.35,16,6.50309679293,2.46036627002,39793,0.992987972251
31,"[300,500)","[3.75,4.0)",10.4,10.5,10.45,12,6.565928646,1.82761657139,39805,0.993287418276
31,"[300,500)","[3.75,4.0)",10.5,10.6,10.55,22,6.62876049907,3.31887085121,39827,0.993836402655
31,"[300,500)","[3.75,4.0)",10.6,10.7,10.65,15,6.69159235215,2.24161891679,39842,0.994210710186
31,"[300,500)","[3.75,4.0)",10.7,10.8,10.75,15,6.75442420522,2.22076664779,39857,0.994585017717
31,"[300,500)","[3.75,4.0)",10.8,10.9,10.85,22,6.81725605829,3.22710483689,39879,0.995134002096
31,"[300,500)","[3.75,4.0)",10.9,11,10.95,13,6.88008791136,1.8895107399,39892,0.995458401956
31,"[300,500)","[3.75,4.0)",11,11.1,11.05,16,6.94291976443,2.30450596332,39908,0.995857663323
31,"[300,500)","[3.75,4.0)",11.1,11.2,11.15,21,7.00575161751,2.99753704478,39929,0.996381693866
31,"[300,500)","[3.75,4.0)",11.2,11.3,11.25,14,7.06858347058,1.98059484737,39943,0.996731047562
31,"[300,500)","[3.75,4.0)",11.3,11.4,11.35,22,7.13141532365,3.08494162821,39965,0.997280031941
31,"[300,500)","[3.75,4.0)",11.4,11.5,11.45,13,7.19424717672,1.80699935388,39978,0.997604431801
31,"[300,500)","[3.75,4.0)",11.5,11.6,11.55,17,7.25707902979,2.34254028793,39995,0.998028647003
31,"[300,500)","[3.75,4.0)",11.6,11.7,11.65,18,7.31991088286,2.45904633103,40013,0.99847781604
31,"[300,500)","[3.75,4.0)",11.7,11.8,11.75,22,7.38274273594,2.97992233874,40035,0.999026800419
31,"[300,500)","[3.75,4.0)",11.8,11.9,11.85,17,7.44557458901,2.28323547052,40052,0.999451015621
31,"[300,500)","[3.75,4.0)",11.9,12,11.95,22,7.50840644208,2.93004916152,40074,1
32,"[300,500)","[4.0,4.25)",0,0.1,0.05,7,0.0314159265359,222.816920329,7,0.000420748933101
32,"[300,500)","[4.0,4.25)",0.1,0.2,0.15,9,0.0942477796077,95.4929658551,16,0.000961711847088
32,"[300,500)","[4.0,4.25)",0.2,0.3,0.25,21,0.157079632679,133.690152197,37,0.00222395864639
32,"[300,500)","[4.0,4.25)",0.3,0.4,0.35,31,0.219911485751,140.965806739,68,0.00408727535012
32,"[300,500)","[4.0,4.25)",0.4,0.5,0.45,24,0.282743338823,84.8826363157,92,0.00552984312075
32,"[300,500)","[4.0,4.25)",0.5,0.6,0.55,35,0.345575191895,101.280418331,127,0.00763358778626
32,"[300,500)","[4.0,4.25)",0.6,0.7,0.65,44,0.408407044967,107.735653785,171,0.0102782953658
32,"[300,500)","[4.0,4.25)",0.7,0.8,0.75,60,0.471238898038,127.323954474,231,0.0138847147923
32,"[300,500)","[4.0,4.25)",0.8,0.9,0.85,70,0.53407075111,131.068776664,301,0.0180922041233
32,"[300,500)","[4.0,4.25)",0.9,1,0.95,63,0.596902604182,105.544856998,364,0.0218789445212
32,"[300,500)","[4.0,4.25)",1,1.1,1.05,58,0.659734457254,87.9141590412,422,0.0253651499669
32,"[300,500)","[4.0,4.25)",1.1,1.2,1.15,86,0.722566310326,119.020218312,508,0.030534351145
32,"[300,500)","[4.0,4.25)",1.2,1.3,1.25,74,0.785398163397,94.2197263104,582,0.0349822684378
32,"[300,500)","[4.0,4.25)",1.3,1.4,1.35,94,0.848230016469,110.818997412,676,0.0406323255395
32,"[300,500)","[4.0,4.25)",1.4,1.5,1.45,90,0.911061869541,98.7858267467,766,0.0460419546793
32,"[300,500)","[4.0,4.25)",1.5,1.6,1.55,93,0.973893722613,95.4929658551,859,0.0516319047905
32,"[300,500)","[4.0,4.25)",1.6,1.7,1.65,111,1.03672557568,107.067870807,970,0.0583037807297
32,"[300,500)","[4.0,4.25)",1.7,1.8,1.75,106,1.09955742876,96.4024226728,1076,0.0646751217167
32,"[300,500)","[4.0,4.25)",1.8,1.9,1.85,134,1.16238928183,115.279796618,1210,0.072729458436
32,"[300,500)","[4.0,4.25)",1.9,2,1.95,124,1.2252211349,101.206220223,1334,0.0801827252509
32,"[300,500)","[4.0,4.25)",2,2.1,2.05,141,1.28805298797,109.467546224,1475,0.0886578109034
32,"[300,500)","[4.0,4.25)",2.1,2.2,2.15,129,1.35088484104,95.4929658551,1604,0.0964116126706
32,"[300,500)","[4.0,4.25)",2.2,2.3,2.25,152,1.41371669412,107.518006,1756,0.105547875218
32,"[300,500)","[4.0,4.25)",2.3,2.4,2.35,164,1.47654854719,111.069832626,1920,0.115405421651
32,"[300,500)","[4.0,4.25)",2.4,2.5,2.45,159,1.53938040026,103.288310007,2079,0.124962433131
32,"[300,500)","[4.0,4.25)",2.5,2.6,2.55,165,1.60221225333,102.982610236,2244,0.134880086554
32,"[300,500)","[4.0,4.25)",2.6,2.7,2.65,172,1.6650441064,103.300566837,2416,0.14521848891
32,"[300,500)","[4.0,4.25)",2.7,2.8,2.75,180,1.72787595947,104.174144569,2596,0.15603774719
32,"[300,500)","[4.0,4.25)",2.8,2.9,2.85,168,1.79070781255,93.8176506647,2764,0.166135721584
32,"[300,500)","[4.0,4.25)",2.9,3,2.95,188,1.85353966562,101.427556953,2952,0.177435835788
32,"[300,500)","[4.0,4.25)",3,3.1,3.05,185,1.91637151869,96.5366048262,3137,0.18855562902
32,"[300,500)","[4.0,4.25)",3.1,3.2,3.15,208,1.97920337176,105.092787819,3345,0.201057883032
32,"[300,500)","[4.0,4.25)",3.2,3.3,3.25,214,2.04203522483,104.797408682,3559,0.213920778987
32,"[300,500)","[4.0,4.25)",3.3,3.4,3.35,226,2.10486707791,107.370200414,3785,0.227504958827
32,"[300,500)","[4.0,4.25)",3.4,3.5,3.45,254,2.16769893098,117.17494361,4039,0.242772134399
32,"[300,500)","[4.0,4.25)",3.5,3.6,3.55,229,2.23053078405,102.666146389,4268,0.256536635211
32,"[300,500)","[4.0,4.25)",3.6,3.7,3.65,229,2.29336263712,99.8533752549,4497,0.270301136022
32,"[300,500)","[4.0,4.25)",3.7,3.8,3.75,247,2.35619449019,104.83005585,4744,0.285147562662
32,"[300,500)","[4.0,4.25)",3.8,3.9,3.85,223,2.41902634326,92.1858501545,4967,0.29855142153
32,"[300,500)","[4.0,4.25)",3.9,4,3.95,224,2.48185819634,90.2549550698,5191,0.31201538739
32,"[300,500)","[4.0,4.25)",4,4.1,4.05,243,2.54469004941,95.4929658551,5434,0.326621386067
32,"[300,500)","[4.0,4.25)",4.1,4.2,4.15,283,2.60752190248,108.532166012,5717,0.343631664363
32,"[300,500)","[4.0,4.25)",4.2,4.3,4.25,229,2.67035375555,85.7564281601,5946,0.357396165174
32,"[300,500)","[4.0,4.25)",4.3,4.4,4.35,259,2.73318560862,94.7612189903,6205,0.372963875699
32,"[300,500)","[4.0,4.25)",4.4,4.5,4.45,260,2.79601746169,92.9894049526,6465,0.388591693214
32,"[300,500)","[4.0,4.25)",4.5,4.6,4.55,289,2.85884931477,101.089623195,6754,0.405962613452
32,"[300,500)","[4.0,4.25)",4.6,4.7,4.65,237,2.92168116784,81.1176806726,6991,0.420207970187
32,"[300,500)","[4.0,4.25)",4.7,4.8,4.75,299,2.98451302091,100.183848388,7290,0.438179960329
32,"[300,500)","[4.0,4.25)",4.8,4.9,4.85,263,3.04734487398,86.3046392436,7553,0.453988098816
32,"[300,500)","[4.0,4.25)",4.9,5,4.95,308,3.11017672705,99.0297423683,7861,0.472501051872
32,"[300,500)","[4.0,4.25)",5,5.1,5.05,273,3.17300858013,86.0382167606,8134,0.488910260263
32,"[300,500)","[4.0,4.25)",5.1,5.2,5.15,266,3.2358404332,82.2043007038,8400,0.504898719721
32,"[300,500)","[4.0,4.25)",5.2,5.3,5.25,317,3.29867228627,96.0992704002,8717,0.523952635692
32,"[300,500)","[4.0,4.25)",5.3,5.4,5.35,273,3.36150413934,81.2136438581,8990,0.540361844082
32,"[300,500)","[4.0,4.25)",5.4,5.5,5.45,293,3.42433599241,85.5640336256,9283,0.557973192282
32,"[300,500)","[4.0,4.25)",5.5,5.6,5.55,252,3.48716784548,72.2649471336,9535,0.573120153874
32,"[300,500)","[4.0,4.25)",5.6,5.7,5.65,278,3.54999969856,78.3098658045,9813,0.589829897217
32,"[300,500)","[4.0,4.25)",5.7,5.8,5.75,283,3.61283155163,78.3319111217,10096,0.606840175512
32,"[300,500)","[4.0,4.25)",5.8,5.9,5.85,290,3.6756634047,78.8973222165,10386,0.624271202741
32,"[300,500)","[4.0,4.25)",5.9,6,5.95,288,3.73849525777,77.0363422025,10674,0.641582015988
32,"[300,500)","[4.0,4.25)",6,6.1,6.05,282,3.80132711084,74.1846181023,10956,0.658532187293
32,"[300,500)","[4.0,4.25)",6.1,6.2,6.15,265,3.86415896392,68.5789592185,11221,0.674460539761
32,"[300,500)","[4.0,4.25)",6.2,6.3,6.25,266,3.92699081699,67.7363437799,11487,0.690448999219
32,"[300,500)","[4.0,4.25)",6.3,6.4,6.35,259,3.98982267006,64.915165765,11746,0.706016709743
32,"[300,500)","[4.0,4.25)",6.4,6.5,6.45,265,4.05265452313,65.389240185,12011,0.721945062211
32,"[300,500)","[4.0,4.25)",6.5,6.6,6.55,219,4.1154863762,53.2136374613,12230,0.735108493118
32,"[300,500)","[4.0,4.25)",6.6,6.7,6.65,259,4.17831822927,61.9866620463,12489,0.750676203642
32,"[300,500)","[4.0,4.25)",6.7,6.8,6.75,242,4.24115008235,57.0599944122,12731,0.76522209533
32,"[300,500)","[4.0,4.25)",6.8,6.9,6.85,205,4.30398193542,47.6303114363,12936,0.77754402837
32,"[300,500)","[4.0,4.25)",6.9,7,6.95,195,4.36681378849,44.654984033,13131,0.789264891507
32,"[300,500)","[4.0,4.25)",7,7.1,7.05,233,4.42964564156,52.6001443126,13364,0.80326982028
32,"[300,500)","[4.0,4.25)",7.1,7.2,7.15,198,4.49247749463,44.0736765485,13562,0.815171004388
32,"[300,500)","[4.0,4.25)",7.2,7.3,7.25,176,4.55530934771,38.6362344609,13738,0.825749834706
32,"[300,500)","[4.0,4.25)",7.3,7.4,7.35,174,4.61814120078,37.677496732,13912,0.836208451043
32,"[300,500)","[4.0,4.25)",7.4,7.5,7.45,175,4.68097305385,37.3853893169,14087,0.84672717437
32,"[300,500)","[4.0,4.25)",7.5,7.6,7.55,170,4.74380490692,35.8362123518,14257,0.856945362746
32,"[300,500)","[4.0,4.25)",7.6,7.7,7.65,155,4.80663675999,32.2470799729,14412,0.866261946264
32,"[300,500)","[4.0,4.25)",7.7,7.8,7.75,151,4.86946861306,31.0095437508,14563,0.875338101821
32,"[300,500)","[4.0,4.25)",7.8,7.9,7.85,142,4.93230046614,28.7898113618,14705,0.883873294464
32,"[300,500)","[4.0,4.25)",7.9,8,7.95,120,4.99513231921,24.0233876365,14825,0.891086133317
32,"[300,500)","[4.0,4.25)",8,8.1,8.05,125,5.05796417228,24.7135004801,14950,0.898599507123
32,"[300,500)","[4.0,4.25)",8.1,8.2,8.15,96,5.12079602535,18.7470853213,15046,0.904369778205
32,"[300,500)","[4.0,4.25)",8.2,8.3,8.25,95,5.18362787842,18.3269328409,15141,0.910079942297
32,"[300,500)","[4.0,4.25)",8.3,8.4,8.35,105,5.24645973149,20.0134958379,15246,0.916391176294
32,"[300,500)","[4.0,4.25)",8.4,8.5,8.45,104,5.30929158457,19.5883006882,15350,0.9226423033
32,"[300,500)","[4.0,4.25)",8.5,8.6,8.55,91,5.37212343764,16.9392980367,15441,0.92811203943
32,"[300,500)","[4.0,4.25)",8.6,8.7,8.65,101,5.43495529071,18.5834095402,15542,0.934182845465
32,"[300,500)","[4.0,4.25)",8.7,8.8,8.75,74,5.49778714378,13.4599609015,15616,0.938630762758
32,"[300,500)","[4.0,4.25)",8.8,8.9,8.85,85,5.56061899685,15.2860679806,15701,0.943739856945
32,"[300,500)","[4.0,4.25)",8.9,9,8.95,76,5.62345084993,13.5148331564,15777,0.948307988219
32,"[300,500)","[4.0,4.25)",9,9.1,9.05,83,5.686282703,14.5965306924,15860,0.953296868426
32,"[300,500)","[4.0,4.25)",9.1,9.2,9.15,58,5.74911455607,10.0885100539,15918,0.956783073871
32,"[300,500)","[4.0,4.25)",9.2,9.3,9.25,66,5.81194640914,11.3559202639,15984,0.960750135241
32,"[300,500)","[4.0,4.25)",9.3,9.4,9.35,62,5.87477826221,10.5535898093,16046,0.964476768648
32,"[300,500)","[4.0,4.25)",9.4,9.5,9.45,48,5.93761011528,8.08406060149,16094,0.967361904189
32,"[300,500)","[4.0,4.25)",9.5,9.6,9.55,51,6.00044196836,8.49937392428,16145,0.970427360702
32,"[300,500)","[4.0,4.25)",9.6,9.7,9.65,48,6.06327382143,7.91651530405,16193,0.973312496243
32,"[300,500)","[4.0,4.25)",9.7,9.8,9.75,35,6.1261056745,5.7132543674,16228,0.975416240909
32,"[300,500)","[4.0,4.25)",9.8,9.9,9.85,32,6.18893752757,5.17051591771,16260,0.977339664603
32,"[300,500)","[4.0,4.25)",9.9,10,9.95,34,6.25176938064,5.43846036696,16294,0.979383302278
32,"[300,500)","[4.0,4.25)",10,10.1,10.05,31,6.31460123372,4.90925695109,16325,0.981246618982
32,"[300,500)","[4.0,4.25)",10.1,10.2,10.15,41,6.37743308679,6.42891888352,16366,0.98371100559
32,"[300,500)","[4.0,4.25)",10.2,10.3,10.25,24,6.44026493986,3.72655476508,16390,0.985153573361
32,"[300,500)","[4.0,4.25)",10.3,10.4,10.35,28,6.50309679293,4.30564097253,16418,0.986836569093
32,"[300,500)","[4.0,4.25)",10.4,10.5,10.45,19,6.565928646,2.89372623803,16437,0.987978601911
32,"[300,500)","[4.0,4.25)",10.5,10.6,10.55,17,6.62876049907,2.56458202139,16454,0.989000420749
32,"[300,500)","[4.0,4.25)",10.6,10.7,10.65,22,6.69159235215,3.28770774462,16476,0.990322774539
32,"[300,500)","[4.0,4.25)",10.7,10.8,10.75,23,6.75442420522,3.40517552662,16499,0.991705235319
32,"[300,500)","[4.0,4.25)",10.8,10.9,10.85,19,6.81725605829,2.7870450864,16518,0.992847268137
32,"[300,500)","[4.0,4.25)",10.9,11,10.95,18,6.88008791136,2.61624563987,16536,0.993929193965
32,"[300,500)","[4.0,4.25)",11,11.1,11.05,12,6.94291976443,1.72837947249,16548,0.994650477851
32,"[300,500)","[4.0,4.25)",11.1,11.2,11.15,12,7.00575161751,1.7128783113,16560,0.995371761736
32,"[300,500)","[4.0,4.25)",11.2,11.3,11.25,7,7.06858347058,0.990297423683,16567,0.995792510669
32,"[300,500)","[4.0,4.25)",11.3,11.4,11.35,10,7.13141532365,1.40224619464,16577,0.996393580573
32,"[300,500)","[4.0,4.25)",11.4,11.5,11.45,5,7.19424717672,0.694999751493,16582,0.996694115526
32,"[300,500)","[4.0,4.25)",11.5,11.6,11.55,8,7.25707902979,1.1023719002,16590,0.997174971449
32,"[300,500)","[4.0,4.25)",11.6,11.7,11.65,16,7.31991088286,2.18581896092,16606,0.998136683296
32,"[300,500)","[4.0,4.25)",11.7,11.8,11.75,8,7.38274273594,1.08360812318,16614,0.99861753922
32,"[300,500)","[4.0,4.25)",11.8,11.9,11.85,11,7.44557458901,1.47738765739,16625,0.999278716115
32,"[300,500)","[4.0,4.25)",11.9,12,11.95,12,7.50840644208,1.59820863356,16637,1
33,"[300,500)","[4.25,4.5)",0,0.1,0.05,2,0.0314159265359,63.6619772368,2,0.000291757840992
33,"[300,500)","[4.25,4.5)",0.1,0.2,0.15,1,0.0942477796077,10.6103295395,3,0.000437636761488
33,"[300,500)","[4.25,4.5)",0.2,0.3,0.25,11,0.157079632679,70.0281749604,14,0.00204230488694
33,"[300,500)","[4.25,4.5)",0.3,0.4,0.35,15,0.219911485751,68.2092613251,29,0.00423048869438
33,"[300,500)","[4.25,4.5)",0.4,0.5,0.45,17,0.282743338823,60.1252007236,46,0.00671043034282
33,"[300,500)","[4.25,4.5)",0.5,0.6,0.55,18,0.345575191895,52.0870722846,64,0.00933625091174
33,"[300,500)","[4.25,4.5)",0.6,0.7,0.65,20,0.408407044967,48.9707517206,84,0.0122538293217
33,"[300,500)","[4.25,4.5)",0.7,0.8,0.75,26,0.471238898038,55.1737136052,110,0.0160466812546
33,"[300,500)","[4.25,4.5)",0.8,0.9,0.85,27,0.53407075111,50.5550995704,137,0.019985412108
33,"[300,500)","[4.25,4.5)",0.9,1,0.95,32,0.596902604182,53.6100860941,169,0.0246535375638
33,"[300,500)","[4.25,4.5)",1,1.1,1.05,33,0.659734457254,50.0201249717,202,0.0294675419402
33,"[300,500)","[4.25,4.5)",1.1,1.2,1.15,30,0.722566310326,41.5186808066,232,0.0338439095551
33,"[300,500)","[4.25,4.5)",1.2,1.3,1.25,33,0.785398163397,42.0169049763,265,0.0386579139314
33,"[300,500)","[4.25,4.5)",1.3,1.4,1.35,45,0.848230016469,53.0516476973,310,0.0452224653538
33,"[300,500)","[4.25,4.5)",1.4,1.5,1.45,26,0.911061869541,28.5381277268,336,0.0490153172867
33,"[300,500)","[4.25,4.5)",1.5,1.6,1.55,32,0.973893722613,32.8577947028,368,0.0536834427425
33,"[300,500)","[4.25,4.5)",1.6,1.7,1.65,42,1.03672557568,40.5121673325,410,0.0598103574034
33,"[300,500)","[4.25,4.5)",1.7,1.8,1.75,50,1.09955742876,45.4728408834,460,0.0671043034282
33,"[300,500)","[4.25,4.5)",1.8,1.9,1.85,48,1.16238928183,41.2942555049,508,0.074106491612
33,"[300,500)","[4.25,4.5)",1.9,2,1.95,53,1.2252211349,43.2574973532,561,0.0818380743982
33,"[300,500)","[4.25,4.5)",2,2.1,2.05,50,1.28805298797,38.8182788029,611,0.089132020423
33,"[300,500)","[4.25,4.5)",2.1,2.2,2.15,52,1.35088484104,38.4932885618,663,0.0967177242888
33,"[300,500)","[4.25,4.5)",2.2,2.3,2.25,60,1.41371669412,42.4413181578,723,0.105470459519
33,"[300,500)","[4.25,4.5)",2.3,2.4,2.35,55,1.47654854719,37.2490292343,778,0.113493800146
33,"[300,500)","[4.25,4.5)",2.4,2.5,2.45,68,1.53938040026,44.1736168582,846,0.12341356674
33,"[300,500)","[4.25,4.5)",2.5,2.6,2.55,57,1.60221225333,35.5758108088,903,0.131728665208
33,"[300,500)","[4.25,4.5)",2.6,2.7,2.65,74,1.6650441064,44.4432671275,977,0.142523705325
33,"[300,500)","[4.25,4.5)",2.7,2.8,2.75,63,1.72787595947,36.4609505992,1040,0.151714077316
33,"[300,500)","[4.25,4.5)",2.8,2.9,2.85,65,1.79070781255,36.2984957929,1105,0.161196207148
33,"[300,500)","[4.25,4.5)",2.9,3,2.95,74,1.85353966562,39.9236128434,1179,0.171991247265
33,"[300,500)","[4.25,4.5)",3,3.1,3.05,74,1.91637151869,38.6146419305,1253,0.182786287381
33,"[300,500)","[4.25,4.5)",3.1,3.2,3.15,96,1.97920337176,48.504363609,1349,0.196790663749
33,"[300,500)","[4.25,4.5)",3.2,3.3,3.25,88,2.04203522483,43.0942615141,1437,0.209628008753
33,"[300,500)","[4.25,4.5)",3.3,3.4,3.35,92,2.10486707791,43.7082231775,1529,0.223048869438
33,"[300,500)","[4.25,4.5)",3.4,3.5,3.45,95,2.16769893098,43.8252741847,1624,0.236907366885
33,"[300,500)","[4.25,4.5)",3.5,3.6,3.55,78,2.23053078405,34.9692551019,1702,0.248285922684
33,"[300,500)","[4.25,4.5)",3.6,3.7,3.65,79,2.29336263712,34.4472342582,1781,0.259810357403
33,"[300,500)","[4.25,4.5)",3.7,3.8,3.75,90,2.35619449019,38.1971863421,1871,0.272939460248
33,"[300,500)","[4.25,4.5)",3.8,3.9,3.85,83,2.41902634326,34.3113253938,1954,0.285047410649
33,"[300,500)","[4.25,4.5)",3.9,4,3.95,85,2.48185819634,34.2485320577,2039,0.297447118891
33,"[300,500)","[4.25,4.5)",4,4.1,4.05,103,2.54469004941,40.4764423172,2142,0.312472647702
33,"[300,500)","[4.25,4.5)",4.1,4.2,4.15,83,2.60752190248,31.8309886184,2225,0.324580598104
33,"[300,500)","[4.25,4.5)",4.2,4.3,4.25,86,2.67035375555,32.2054708374,2311,0.337126185266
33,"[300,500)","[4.25,4.5)",4.3,4.4,4.35,109,2.73318560862,39.8802041311,2420,0.3530269876
33,"[300,500)","[4.25,4.5)",4.4,4.5,4.45,97,2.79601746169,34.6922010785,2517,0.367177242888
33,"[300,500)","[4.25,4.5)",4.5,4.6,4.55,91,2.85884931477,31.8309886184,2608,0.380452224654
33,"[300,500)","[4.25,4.5)",4.6,4.7,4.65,104,2.92168116784,35.5959442614,2712,0.395623632385
33,"[300,500)","[4.25,4.5)",4.7,4.8,4.75,96,2.98451302091,32.1660516565,2808,0.409628008753
33,"[300,500)","[4.25,4.5)",4.8,4.9,4.85,88,3.04734487398,28.8775979218,2896,0.422465353756
33,"[300,500)","[4.25,4.5)",4.9,5,4.95,116,3.11017672705,37.2969159569,3012,0.439387308534
33,"[300,500)","[4.25,4.5)",5,5.1,5.05,93,3.17300858013,29.3097221932,3105,0.45295404814
33,"[300,500)","[4.25,4.5)",5.1,5.2,5.15,88,3.2358404332,27.1954077516,3193,0.465791393144
33,"[300,500)","[4.25,4.5)",5.2,5.3,5.25,111,3.29867228627,33.6499022537,3304,0.481983953319
33,"[300,500)","[4.25,4.5)",5.3,5.4,5.35,92,3.36150413934,27.3687004943,3396,0.495404814004
33,"[300,500)","[4.25,4.5)",5.4,5.5,5.45,102,3.42433599241,29.7867966888,3498,0.510284463895
33,"[300,500)","[4.25,4.5)",5.5,5.6,5.55,106,3.48716784548,30.3971603022,3604,0.525747629468
33,"[300,500)","[4.25,4.5)",5.6,5.7,5.65,100,3.54999969856,28.1690164764,3704,0.540335521517
33,"[300,500)","[4.25,4.5)",5.7,5.8,5.75,95,3.61283155163,26.2951645108,3799,0.554194018964
33,"[300,500)","[4.25,4.5)",5.8,5.9,5.85,82,3.6756634047,22.308898006,3881,0.566156090445
33,"[300,500)","[4.25,4.5)",5.9,6,5.95,104,3.73849525777,27.8186791287,3985,0.581327498177
33,"[300,500)","[4.25,4.5)",6,6.1,6.05,84,3.80132711084,22.0975458177,4069,0.593581327498
33,"[300,500)","[4.25,4.5)",6.1,6.2,6.15,96,3.86415896392,24.8436984339,4165,0.607585703866
33,"[300,500)","[4.25,4.5)",6.2,6.3,6.25,93,3.92699081699,23.6822555321,4258,0.621152443472
33,"[300,500)","[4.25,4.5)",6.3,6.4,6.35,102,3.98982267006,25.565045977,4360,0.636032093363
33,"[300,500)","[4.25,4.5)",6.4,6.5,6.45,74,4.05265452313,18.2596368819,4434,0.646827133479
33,"[300,500)","[4.25,4.5)",6.5,6.6,6.55,85,4.1154863762,20.6536949051,4519,0.659226841721
33,"[300,500)","[4.25,4.5)",6.6,6.7,6.65,78,4.17831822927,18.6677978363,4597,0.67060539752
33,"[300,500)","[4.25,4.5)",6.7,6.8,6.75,75,4.24115008235,17.6838825658,4672,0.681546316557
33,"[300,500)","[4.25,4.5)",6.8,6.9,6.85,82,4.30398193542,19.0521245745,4754,0.693508388038
33,"[300,500)","[4.25,4.5)",6.9,7,6.95,85,4.36681378849,19.46499304,4839,0.70590809628
33,"[300,500)","[4.25,4.5)",7,7.1,7.05,79,4.42964564156,17.834383694,4918,0.717432530999
33,"[300,500)","[4.25,4.5)",7.1,7.2,7.15,65,4.49247749463,14.4686311902,4983,0.726914660832
33,"[300,500)","[4.25,4.5)",7.2,7.3,7.25,73,4.55530934771,16.0252563389,5056,0.737563822028
33,"[300,500)","[4.25,4.5)",7.3,7.4,7.35,73,4.61814120078,15.8072256404,5129,0.748212983224
33,"[300,500)","[4.25,4.5)",7.4,7.5,7.45,87,4.68097305385,18.5858792604,5216,0.760904449307
33,"[300,500)","[4.25,4.5)",7.5,7.6,7.55,77,4.74380490692,16.2316961829,5293,0.772137126185
33,"[300,500)","[4.25,4.5)",7.6,7.7,7.65,76,4.80663675999,15.8114714706,5369,0.783223924143
33,"[300,500)","[4.25,4.5)",7.7,7.8,7.75,82,4.86946861306,16.8396197852,5451,0.795185995624
33,"[300,500)","[4.25,4.5)",7.8,7.9,7.85,65,4.93230046614,13.1784347783,5516,0.804668125456
33,"[300,500)","[4.25,4.5)",7.9,8,7.95,89,4.99513231921,17.8173458304,5605,0.81765134938
33,"[300,500)","[4.25,4.5)",8,8.1,8.05,77,5.05796417228,15.2235162957,5682,0.828884026258
33,"[300,500)","[4.25,4.5)",8.1,8.2,8.15,72,5.12079602535,14.0603139909,5754,0.839387308534
33,"[300,500)","[4.25,4.5)",8.2,8.3,8.25,61,5.18362787842,11.7678200347,5815,0.848285922684
33,"[300,500)","[4.25,4.5)",8.3,8.4,8.35,62,5.24645973149,11.8174927805,5877,0.857330415755
33,"[300,500)","[4.25,4.5)",8.4,8.5,8.45,45,5.30929158457,8.47570702856,5922,0.863894967177
33,"[300,500)","[4.25,4.5)",8.5,8.6,8.55,53,5.37212343764,9.86574501037,5975,0.871626549964
33,"[300,500)","[4.25,4.5)",8.6,8.7,8.65,64,5.43495529071,11.7756258473,6039,0.880962800875
33,"[300,500)","[4.25,4.5)",8.7,8.8,8.75,56,5.49778714378,10.1859163579,6095,0.889132020423
33,"[300,500)","[4.25,4.5)",8.8,8.9,8.85,52,5.56061899685,9.35147688224,6147,0.896717724289
33,"[300,500)","[4.25,4.5)",8.9,9,8.95,44,5.62345084993,7.82437709055,6191,0.903136396791
33,"[300,500)","[4.25,4.5)",9,9.1,9.05,41,5.686282703,7.21033443842,6232,0.909117432531
33,"[300,500)","[4.25,4.5)",9.1,9.2,9.15,55,5.74911455607,9.56669056837,6287,0.917140773158
33,"[300,500)","[4.25,4.5)",9.2,9.3,9.25,34,5.81194640914,5.85001952986,6321,0.922100656455
33,"[300,500)","[4.25,4.5)",9.3,9.4,9.35,34,5.87477826221,5.78745247607,6355,0.927060539752
33,"[300,500)","[4.25,4.5)",9.4,9.5,9.45,42,5.93761011528,7.07355302631,6397,0.933187454413
33,"[300,500)","[4.25,4.5)",9.5,9.6,9.55,29,6.00044196836,4.83297732949,6426,0.937417943107
33,"[300,500)","[4.25,4.5)",9.6,9.7,9.65,35,6.06327382143,5.77245907587,6461,0.942523705325
33,"[300,500)","[4.25,4.5)",9.7,9.8,9.75,32,6.1261056745,5.2235468502,6493,0.94719183078
33,"[300,500)","[4.25,4.5)",9.8,9.9,9.85,26,6.18893752757,4.20104418314,6519,0.950984682713
33,"[300,500)","[4.25,4.5)",9.9,10,9.95,29,6.25176938064,4.63868678358,6548,0.955215171408
33,"[300,500)","[4.25,4.5)",10,10.1,10.05,20,6.31460123372,3.16726254909,6568,0.958132749818
33,"[300,500)","[4.25,4.5)",10.1,10.2,10.15,26,6.37743308679,4.07687538955,6594,0.961925601751
33,"[300,500)","[4.25,4.5)",10.2,10.3,10.25,21,6.44026493986,3.26073541944,6615,0.964989059081
33,"[300,500)","[4.25,4.5)",10.3,10.4,10.35,25,6.50309679293,3.84432229691,6640,0.968636032093
33,"[300,500)","[4.25,4.5)",10.4,10.5,10.45,20,6.565928646,3.04602761898,6660,0.971553610503
33,"[300,500)","[4.25,4.5)",10.5,10.6,10.55,21,6.62876049907,3.16801308524,6681,0.974617067834
33,"[300,500)","[4.25,4.5)",10.6,10.7,10.65,23,6.69159235215,3.43714900574,6704,0.977972283005
33,"[300,500)","[4.25,4.5)",10.7,10.8,10.75,15,6.75442420522,2.22076664779,6719,0.980160466813
33,"[300,500)","[4.25,4.5)",10.8,10.9,10.85,12,6.81725605829,1.76023900194,6731,0.981911013858
33,"[300,500)","[4.25,4.5)",10.9,11,10.95,23,6.88008791136,3.34298053983,6754,0.98526622903
33,"[300,500)","[4.25,4.5)",11,11.1,11.05,13,6.94291976443,1.8724110952,6767,0.987162654996
33,"[300,500)","[4.25,4.5)",11.1,11.2,11.15,9,7.00575161751,1.28465873348,6776,0.988475565281
33,"[300,500)","[4.25,4.5)",11.2,11.3,11.25,14,7.06858347058,1.98059484737,6790,0.990517870168
33,"[300,500)","[4.25,4.5)",11.3,11.4,11.35,9,7.13141532365,1.26202157518,6799,0.991830780452
33,"[300,500)","[4.25,4.5)",11.4,11.5,11.45,14,7.19424717672,1.94599930418,6813,0.993873085339
33,"[300,500)","[4.25,4.5)",11.5,11.6,11.55,7,7.25707902979,0.964575412678,6820,0.994894237783
33,"[300,500)","[4.25,4.5)",11.6,11.7,11.65,8,7.31991088286,1.09290948046,6828,0.996061269147
33,"[300,500)","[4.25,4.5)",11.7,11.8,11.75,10,7.38274273594,1.35451015397,6838,0.997520058352
33,"[300,500)","[4.25,4.5)",11.8,11.9,11.85,12,7.44557458901,1.61169562625,6850,0.999270605398
33,"[300,500)","[4.25,4.5)",11.9,12,11.95,5,7.50840644208,0.665920263983,6855,1
34,"[300,500)","[4.5,4.75)",0,0.1,0.05,1,0.0314159265359,31.8309886184,1,0.000354861603974
34,"[300,500)","[4.5,4.75)",0.1,0.2,0.15,1,0.0942477796077,10.6103295395,2,0.000709723207949
34,"[300,500)","[4.5,4.75)",0.2,0.3,0.25,3,0.157079632679,19.098593171,5,0.00177430801987
34,"[300,500)","[4.5,4.75)",0.3,0.4,0.35,6,0.219911485751,27.28370453,11,0.00390347764372
34,"[300,500)","[4.5,4.75)",0.4,0.5,0.45,2,0.282743338823,7.07355302631,13,0.00461320085167
34,"[300,500)","[4.5,4.75)",0.5,0.6,0.55,8,0.345575191895,23.1498099043,21,0.00745209368346
34,"[300,500)","[4.5,4.75)",0.6,0.7,0.65,6,0.408407044967,14.6912255162,27,0.00958126330731
34,"[300,500)","[4.5,4.75)",0.7,0.8,0.75,4,0.471238898038,8.48826363157,31,0.0110007097232
34,"[300,500)","[4.5,4.75)",0.8,0.9,0.85,6,0.53407075111,11.2344665712,37,0.0131298793471
34,"[300,500)","[4.5,4.75)",0.9,1,0.95,10,0.596902604182,16.7531519044,47,0.0166784953868
34,"[300,500)","[4.5,4.75)",1,1.1,1.05,13,0.659734457254,19.7048977161,60,0.0212916962385
34,"[300,500)","[4.5,4.75)",1.1,1.2,1.15,15,0.722566310326,20.7593404033,75,0.0266146202981
34,"[300,500)","[4.5,4.75)",1.2,1.3,1.25,10,0.785398163397,12.7323954474,85,0.0301632363378
34,"[300,500)","[4.5,4.75)",1.3,1.4,1.35,18,0.848230016469,21.2206590789,103,0.0365507452094
34,"[300,500)","[4.5,4.75)",1.4,1.5,1.45,22,0.911061869541,24.1476465381,125,0.0443577004968
34,"[300,500)","[4.5,4.75)",1.5,1.6,1.55,12,0.973893722613,12.3216730136,137,0.0486160397445
34,"[300,500)","[4.5,4.75)",1.6,1.7,1.65,16,1.03672557568,15.4332066029,153,0.0542938254081
34,"[300,500)","[4.5,4.75)",1.7,1.8,1.75,22,1.09955742876,20.0080499887,175,0.0621007806955
34,"[300,500)","[4.5,4.75)",1.8,1.9,1.85,23,1.16238928183,19.7868307628,198,0.0702625975869
34,"[300,500)","[4.5,4.75)",1.9,2,1.95,19,1.2252211349,15.5074047115,217,0.0770049680625
34,"[300,500)","[4.5,4.75)",2,2.1,2.05,12,1.28805298797,9.3163869127,229,0.0812633073101
34,"[300,500)","[4.5,4.75)",2.1,2.2,2.15,19,1.35088484104,14.064855436,248,0.0880056777857
34,"[300,500)","[4.5,4.75)",2.2,2.3,2.25,23,1.41371669412,16.2691719605,271,0.0961674946771
34,"[300,500)","[4.5,4.75)",2.3,2.4,2.35,17,1.47654854719,11.5133363088,288,0.102200141945
34,"[300,500)","[4.5,4.75)",2.4,2.5,2.45,24,1.53938040026,15.5906883029,312,0.11071682044
34,"[300,500)","[4.5,4.75)",2.5,2.6,2.55,21,1.60221225333,13.1068776664,333,0.118168914123
34,"[300,500)","[4.5,4.75)",2.6,2.7,2.65,29,1.6650441064,17.4169560365,362,0.128459900639
34,"[300,500)","[4.5,4.75)",2.7,2.8,2.75,28,1.72787595947,16.204866933,390,0.13839602555
34,"[300,500)","[4.5,4.75)",2.8,2.9,2.85,25,1.79070781255,13.9609599203,415,0.147267565649
34,"[300,500)","[4.5,4.75)",2.9,3,2.95,29,1.85353966562,15.6457401684,444,0.157558552165
34,"[300,500)","[4.5,4.75)",3,3.1,3.05,20,1.91637151869,10.4363897109,464,0.164655784244
34,"[300,500)","[4.5,4.75)",3.1,3.2,3.15,30,1.97920337176,15.1576136278,494,0.175301632363
34,"[300,500)","[4.5,4.75)",3.2,3.3,3.25,30,2.04203522483,14.6912255162,524,0.185947480483
34,"[300,500)","[4.5,4.75)",3.3,3.4,3.35,26,2.10486707791,12.3523239415,550,0.195173882186
34,"[300,500)","[4.5,4.75)",3.4,3.5,3.45,22,2.16769893098,10.1490108638,572,0.202980837473
34,"[300,500)","[4.5,4.75)",3.5,3.6,3.55,30,2.23053078405,13.4497135007,602,0.213626685593
34,"[300,500)","[4.5,4.75)",3.6,3.7,3.65,28,2.29336263712,12.2091463194,630,0.223562810504
34,"[300,500)","[4.5,4.75)",3.7,3.8,3.75,38,2.35619449019,16.1277009,668,0.237047551455
34,"[300,500)","[4.5,4.75)",3.8,3.9,3.85,29,2.41902634326,11.9882944147,697,0.24733853797
34,"[300,500)","[4.5,4.75)",3.9,4,3.95,28,2.48185819634,11.2818693837,725,0.257274662881
34,"[300,500)","[4.5,4.75)",4,4.1,4.05,29,2.54469004941,11.3962798757,754,0.267565649397
34,"[300,500)","[4.5,4.75)",4.1,4.2,4.15,36,2.60752190248,13.8062119309,790,0.28034066714
34,"[300,500)","[4.5,4.75)",4.2,4.3,4.25,30,2.67035375555,11.2344665712,820,0.290986515259
34,"[300,500)","[4.5,4.75)",4.3,4.4,4.35,40,2.73318560862,14.6349372958,860,0.305180979418
34,"[300,500)","[4.5,4.75)",4.4,4.5,4.45,35,2.79601746169,12.5178045128,895,0.317601135557
34,"[300,500)","[4.5,4.75)",4.5,4.6,4.55,39,2.85884931477,13.641852265,934,0.331440738112
34,"[300,500)","[4.5,4.75)",4.6,4.7,4.65,38,2.92168116784,13.0062104032,972,0.344925479063
34,"[300,500)","[4.5,4.75)",4.7,4.8,4.75,34,2.98451302091,11.392143295,1006,0.356990773598
34,"[300,500)","[4.5,4.75)",4.8,4.9,4.85,41,3.04734487398,13.4543353954,1047,0.371540099361
34,"[300,500)","[4.5,4.75)",4.9,5,4.95,39,3.11017672705,12.5394803648,1086,0.385379701916
34,"[300,500)","[4.5,4.75)",5,5.1,5.05,27,3.17300858013,8.50927418511,1113,0.394960965224
34,"[300,500)","[4.5,4.75)",5.1,5.2,5.15,32,3.2358404332,9.88923918241,1145,0.406316536551
34,"[300,500)","[4.5,4.75)",5.2,5.3,5.25,35,3.29867228627,10.6103295395,1180,0.41873669269
34,"[300,500)","[4.5,4.75)",5.3,5.4,5.35,36,3.36150413934,10.7094914978,1216,0.431511710433
34,"[300,500)","[4.5,4.75)",5.4,5.5,5.45,38,3.42433599241,11.0970419037,1254,0.444996451384
34,"[300,500)","[4.5,4.75)",5.5,5.6,5.55,41,3.48716784548,11.7573921924,1295,0.459545777147
34,"[300,500)","[4.5,4.75)",5.6,5.7,5.65,40,3.54999969856,11.2676065906,1335,0.473740241306
34,"[300,500)","[4.5,4.75)",5.7,5.8,5.75,35,3.61283155163,9.6876921882,1370,0.486160397445
34,"[300,500)","[4.5,4.75)",5.8,5.9,5.85,34,3.6756634047,9.25003088055,1404,0.49822569198
34,"[300,500)","[4.5,4.75)",5.9,6,5.95,39,3.73849525777,10.4320046733,1443,0.512065294535
34,"[300,500)","[4.5,4.75)",6,6.1,6.05,36,3.80132711084,9.47037677902,1479,0.524840312278
34,"[300,500)","[4.5,4.75)",6.1,6.2,6.15,30,3.86415896392,7.76365576058,1509,0.535486160397
34,"[300,500)","[4.5,4.75)",6.2,6.3,6.25,28,3.92699081699,7.13014145052,1537,0.545422285309
34,"[300,500)","[4.5,4.75)",6.3,6.4,6.35,41,3.98982267006,10.2761459319,1578,0.559971611072
34,"[300,500)","[4.5,4.75)",6.4,6.5,6.45,38,4.05265452313,9.37657029069,1616,0.573456352023
34,"[300,500)","[4.5,4.75)",6.5,6.6,6.55,36,4.1154863762,8.74744725391,1652,0.586231369766
34,"[300,500)","[4.5,4.75)",6.6,6.7,6.65,33,4.17831822927,7.89791446922,1685,0.597941802697
34,"[300,500)","[4.5,4.75)",6.7,6.8,6.75,38,4.24115008235,8.95983383332,1723,0.611426543648
34,"[300,500)","[4.5,4.75)",6.8,6.9,6.85,32,4.30398193542,7.43497544371,1755,0.622782114975
34,"[300,500)","[4.5,4.75)",6.9,7,6.95,37,4.36681378849,8.47299697036,1792,0.635911994322
34,"[300,500)","[4.5,4.75)",7,7.1,7.05,33,4.42964564156,7.44980584685,1825,0.647622427253
34,"[300,500)","[4.5,4.75)",7.1,7.2,7.15,30,4.49247749463,6.67782978008,1855,0.658268275373
34,"[300,500)","[4.5,4.75)",7.2,7.3,7.25,35,4.55530934771,7.6833420803,1890,0.670688431512
34,"[300,500)","[4.5,4.75)",7.3,7.4,7.35,26,4.61814120078,5.62997077604,1916,0.679914833215
34,"[300,500)","[4.5,4.75)",7.4,7.5,7.45,29,4.68097305385,6.1952930868,1945,0.69020581973
34,"[300,500)","[4.5,4.75)",7.5,7.6,7.55,28,4.74380490692,5.90243497559,1973,0.700141944642
34,"[300,500)","[4.5,4.75)",7.6,7.7,7.65,30,4.80663675999,6.24137031733,2003,0.710787792761
34,"[300,500)","[4.5,4.75)",7.7,7.8,7.75,22,4.86946861306,4.51794677164,2025,0.718594748048
34,"[300,500)","[4.5,4.75)",7.8,7.9,7.85,30,4.93230046614,6.08235451307,2055,0.729240596167
34,"[300,500)","[4.5,4.75)",7.9,8,7.95,30,4.99513231921,6.00584690913,2085,0.739886444287
34,"[300,500)","[4.5,4.75)",8,8.1,8.05,34,5.05796417228,6.72207213059,2119,0.751951738822
34,"[300,500)","[4.5,4.75)",8.1,8.2,8.15,32,5.12079602535,6.24902844042,2151,0.763307310149
34,"[300,500)","[4.5,4.75)",8.2,8.3,8.25,23,5.18362787842,4.43704689832,2174,0.77146912704
34,"[300,500)","[4.5,4.75)",8.3,8.4,8.35,26,5.24645973149,4.95572277891,2200,0.780695528744
34,"[300,500)","[4.5,4.75)",8.4,8.5,8.45,24,5.30929158457,4.5203770819,2224,0.789212207239
34,"[300,500)","[4.5,4.75)",8.5,8.6,8.55,28,5.37212343764,5.21209170359,2252,0.79914833215
34,"[300,500)","[4.5,4.75)",8.6,8.7,8.65,30,5.43495529071,5.5198246159,2282,0.80979418027
34,"[300,500)","[4.5,4.75)",8.7,8.8,8.75,33,5.49778714378,6.00241499661,2315,0.821504613201
34,"[300,500)","[4.5,4.75)",8.8,8.9,8.85,22,5.56061899685,3.95639406556,2337,0.829311568488
34,"[300,500)","[4.5,4.75)",8.9,9,8.95,23,5.62345084993,4.09001529733,2360,0.83747338538
34,"[300,500)","[4.5,4.75)",9,9.1,9.05,21,5.686282703,3.69309812699,2381,0.844925479063
34,"[300,500)","[4.5,4.75)",9.1,9.2,9.15,31,5.74911455607,5.39213468399,2412,0.855926188786
34,"[300,500)","[4.5,4.75)",9.2,9.3,9.25,30,5.81194640914,5.16178193812,2442,0.866572036906
34,"[300,500)","[4.5,4.75)",9.3,9.4,9.35,27,5.87477826221,4.59591814276,2469,0.876153300213
34,"[300,500)","[4.5,4.75)",9.4,9.5,9.45,24,5.93761011528,4.04203030075,2493,0.884669978708
34,"[300,500)","[4.5,4.75)",9.5,9.6,9.55,18,6.00044196836,2.9997790321,2511,0.89105748758
34,"[300,500)","[4.5,4.75)",9.6,9.7,9.65,20,6.06327382143,3.29854804336,2531,0.898154719659
34,"[300,500)","[4.5,4.75)",9.7,9.8,9.75,18,6.1261056745,2.93824510323,2549,0.904542228531
34,"[300,500)","[4.5,4.75)",9.8,9.9,9.85,19,6.18893752757,3.06999382614,2568,0.911284599006
34,"[300,500)","[4.5,4.75)",9.9,10,9.95,17,6.25176938064,2.71923018348,2585,0.917317246274
34,"[300,500)","[4.5,4.75)",10,10.1,10.05,16,6.31460123372,2.53381003927,2601,0.922995031938
34,"[300,500)","[4.5,4.75)",10.1,10.2,10.15,14,6.37743308679,2.19524059437,2615,0.927963094393
34,"[300,500)","[4.5,4.75)",10.2,10.3,10.25,18,6.44026493986,2.79491607381,2633,0.934350603265
34,"[300,500)","[4.5,4.75)",10.3,10.4,10.35,13,6.50309679293,1.99904759439,2646,0.938963804116
34,"[300,500)","[4.5,4.75)",10.4,10.5,10.45,11,6.565928646,1.67531519044,2657,0.94286728176
34,"[300,500)","[4.5,4.75)",10.5,10.6,10.55,16,6.62876049907,2.41372425542,2673,0.948545067424
34,"[300,500)","[4.5,4.75)",10.6,10.7,10.65,16,6.69159235215,2.39106017791,2689,0.954222853087
34,"[300,500)","[4.5,4.75)",10.7,10.8,10.75,14,6.75442420522,2.07271553794,2703,0.959190915543
34,"[300,500)","[4.5,4.75)",10.8,10.9,10.85,21,6.81725605829,3.08041825339,2724,0.966643009226
34,"[300,500)","[4.5,4.75)",10.9,11,10.95,10,6.88008791136,1.45346979993,2734,0.970191625266
34,"[300,500)","[4.5,4.75)",11,11.1,11.05,12,6.94291976443,1.72837947249,2746,0.974449964514
34,"[300,500)","[4.5,4.75)",11.1,11.2,11.15,10,7.00575161751,1.42739859275,2756,0.977998580554
34,"[300,500)","[4.5,4.75)",11.2,11.3,11.25,6,7.06858347058,0.848826363157,2762,0.980127750177
34,"[300,500)","[4.5,4.75)",11.3,11.4,11.35,10,7.13141532365,1.40224619464,2772,0.983676366217
34,"[300,500)","[4.5,4.75)",11.4,11.5,11.45,7,7.19424717672,0.97299965209,2779,0.986160397445
34,"[300,500)","[4.5,4.75)",11.5,11.6,11.55,14,7.25707902979,1.92915082536,2793,0.991128459901
34,"[300,500)","[4.5,4.75)",11.6,11.7,11.65,4,7.31991088286,0.54645474023,2797,0.992547906317
34,"[300,500)","[4.5,4.75)",11.7,11.8,11.75,11,7.38274273594,1.48996116937,2808,0.99645138396
34,"[300,500)","[4.5,4.75)",11.8,11.9,11.85,6,7.44557458901,0.805847813124,2814,0.998580553584
34,"[300,500)","[4.5,4.75)",11.9,12,11.95,4,7.50840644208,0.532736211186,2818,1
35,"[300,500)","[4.75,5.0)",0,0.1,0.05,0,0.0314159265359,0,0,0
35,"[300,500)","[4.75,5.0)",0.1,0.2,0.15,0,0.0942477796077,0,0,0
35,"[300,500)","[4.75,5.0)",0.2,0.3,0.25,1,0.157079632679,6.36619772368,1,0.000973709834469
35,"[300,500)","[4.75,5.0)",0.3,0.4,0.35,3,0.219911485751,13.641852265,4,0.00389483933788
35,"[300,500)","[4.75,5.0)",0.4,0.5,0.45,4,0.282743338823,14.1471060526,8,0.00778967867575
35,"[300,500)","[4.75,5.0)",0.5,0.6,0.55,2,0.345575191895,5.78745247607,10,0.00973709834469
35,"[300,500)","[4.75,5.0)",0.6,0.7,0.65,1,0.408407044967,2.44853758603,11,0.0107108081792
35,"[300,500)","[4.75,5.0)",0.7,0.8,0.75,3,0.471238898038,6.36619772368,14,0.0136319376826
35,"[300,500)","[4.75,5.0)",0.8,0.9,0.85,4,0.53407075111,7.4896443808,18,0.0175267770204
35,"[300,500)","[4.75,5.0)",0.9,1,0.95,5,0.596902604182,8.37657595221,23,0.0223953261928
35,"[300,500)","[4.75,5.0)",1,1.1,1.05,6,0.659734457254,9.09456817668,29,0.0282375851996
35,"[300,500)","[4.75,5.0)",1.1,1.2,1.15,3,0.722566310326,4.15186808066,32,0.031158714703
35,"[300,500)","[4.75,5.0)",1.2,1.3,1.25,6,0.785398163397,7.63943726841,38,0.0370009737098
35,"[300,500)","[4.75,5.0)",1.3,1.4,1.35,6,0.848230016469,7.07355302631,44,0.0428432327167
35,"[300,500)","[4.75,5.0)",1.4,1.5,1.45,1,0.911061869541,1.09762029719,45,0.0438169425511
35,"[300,500)","[4.75,5.0)",1.5,1.6,1.55,4,0.973893722613,4.10722433786,49,0.047711781889
35,"[300,500)","[4.75,5.0)",1.6,1.7,1.65,5,1.03672557568,4.82287706339,54,0.0525803310613
35,"[300,500)","[4.75,5.0)",1.7,1.8,1.75,3,1.09955742876,2.728370453,57,0.0555014605648
35,"[300,500)","[4.75,5.0)",1.8,1.9,1.85,4,1.16238928183,3.44118795874,61,0.0593962999026
35,"[300,500)","[4.75,5.0)",1.9,2,1.95,8,1.2252211349,6.52943356274,69,0.0671859785784
35,"[300,500)","[4.75,5.0)",2,2.1,2.05,12,1.28805298797,9.3163869127,81,0.078870496592
35,"[300,500)","[4.75,5.0)",2.1,2.2,2.15,7,1.35088484104,5.18178884485,88,0.0856864654333
35,"[300,500)","[4.75,5.0)",2.2,2.3,2.25,9,1.41371669412,6.36619772368,97,0.0944498539435
35,"[300,500)","[4.75,5.0)",2.3,2.4,2.35,9,1.47654854719,6.09529569288,106,0.103213242454
35,"[300,500)","[4.75,5.0)",2.4,2.5,2.45,8,1.53938040026,5.19689610096,114,0.11100292113
35,"[300,500)","[4.75,5.0)",2.5,2.6,2.55,7,1.60221225333,4.36895922213,121,0.117818889971
35,"[300,500)","[4.75,5.0)",2.6,2.7,2.65,11,1.6650441064,6.60643160004,132,0.12852969815
35,"[300,500)","[4.75,5.0)",2.7,2.8,2.75,7,1.72787595947,4.05121673325,139,0.135345666991
35,"[300,500)","[4.75,5.0)",2.8,2.9,2.85,13,1.79070781255,7.25969915858,152,0.148003894839
35,"[300,500)","[4.75,5.0)",2.9,3,2.95,11,1.85353966562,5.93459109834,163,0.158714703019
35,"[300,500)","[4.75,5.0)",3,3.1,3.05,6,1.91637151869,3.13091691328,169,0.164556962025
35,"[300,500)","[4.75,5.0)",3.1,3.2,3.15,6,1.97920337176,3.03152272556,175,0.170399221032
35,"[300,500)","[4.75,5.0)",3.2,3.3,3.25,9,2.04203522483,4.40736765485,184,0.179162609542
35,"[300,500)","[4.75,5.0)",3.3,3.4,3.35,9,2.10486707791,4.27580444127,193,0.187925998053
35,"[300,500)","[4.75,5.0)",3.4,3.5,3.45,5,2.16769893098,2.30659337814,198,0.192794547225
35,"[300,500)","[4.75,5.0)",3.5,3.6,3.55,13,2.23053078405,5.82820918365,211,0.205452775073
35,"[300,500)","[4.75,5.0)",3.6,3.7,3.65,10,2.29336263712,4.36040939978,221,0.215189873418
35,"[300,500)","[4.75,5.0)",3.7,3.8,3.75,9,2.35619449019,3.81971863421,230,0.223953261928
35,"[300,500)","[4.75,5.0)",3.8,3.9,3.85,10,2.41902634326,4.13389462576,240,0.233690360273
35,"[300,500)","[4.75,5.0)",3.9,4,3.95,8,2.48185819634,3.22339125249,248,0.241480038948
35,"[300,500)","[4.75,5.0)",4,4.1,4.05,12,2.54469004941,4.71570201754,260,0.253164556962
35,"[300,500)","[4.75,5.0)",4.1,4.2,4.15,20,2.60752190248,7.67011773937,280,0.272638753651
35,"[300,500)","[4.75,5.0)",4.2,4.3,4.25,6,2.67035375555,2.24689331424,286,0.278481012658
35,"[300,500)","[4.75,5.0)",4.3,4.4,4.35,6,2.73318560862,2.19524059437,292,0.284323271665
35,"[300,500)","[4.75,5.0)",4.4,4.5,4.45,15,2.79601746169,5.36477336265,307,0.298928919182
35,"[300,500)","[4.75,5.0)",4.5,4.6,4.55,10,2.85884931477,3.49791083718,317,0.308666017527
35,"[300,500)","[4.75,5.0)",4.6,4.7,4.65,10,2.92168116784,3.42268694821,327,0.318403115871
35,"[300,500)","[4.75,5.0)",4.7,4.8,4.75,9,2.98451302091,3.01556734279,336,0.327166504382
35,"[300,500)","[4.75,5.0)",4.8,4.9,4.85,3,3.04734487398,0.984463565517,339,0.330087633885
35,"[300,500)","[4.75,5.0)",4.9,5,4.95,8,3.11017672705,2.57220110048,347,0.337877312561
35,"[300,500)","[4.75,5.0)",5,5.1,5.05,11,3.17300858013,3.46674133467,358,0.34858812074
35,"[300,500)","[4.75,5.0)",5.1,5.2,5.15,7,3.2358404332,2.16327107115,365,0.355404089581
35,"[300,500)","[4.75,5.0)",5.2,5.3,5.25,9,3.29867228627,2.728370453,374,0.364167478092
35,"[300,500)","[4.75,5.0)",5.3,5.4,5.35,11,3.36150413934,3.27234462432,385,0.374878286271
35,"[300,500)","[4.75,5.0)",5.4,5.5,5.45,12,3.42433599241,3.50432902221,397,0.386562804284
35,"[300,500)","[4.75,5.0)",5.5,5.6,5.55,8,3.48716784548,2.29412530583,405,0.39435248296
35,"[300,500)","[4.75,5.0)",5.6,5.7,5.65,12,3.54999969856,3.38028197717,417,0.406037000974
35,"[300,500)","[4.75,5.0)",5.7,5.8,5.75,15,3.61283155163,4.15186808066,432,0.420642648491
35,"[300,500)","[4.75,5.0)",5.8,5.9,5.85,14,3.6756634047,3.80883624493,446,0.434274586173
35,"[300,500)","[4.75,5.0)",5.9,6,5.95,10,3.73849525777,2.67487299314,456,0.444011684518
35,"[300,500)","[4.75,5.0)",6,6.1,6.05,10,3.80132711084,2.63066021639,466,0.453748782863
35,"[300,500)","[4.75,5.0)",6.1,6.2,6.15,10,3.86415896392,2.58788525353,476,0.463485881207
35,"[300,500)","[4.75,5.0)",6.2,6.3,6.25,9,3.92699081699,2.29183118052,485,0.472249269718
35,"[300,500)","[4.75,5.0)",6.3,6.4,6.35,10,3.98982267006,2.50637705657,495,0.481986368062
35,"[300,500)","[4.75,5.0)",6.4,6.5,6.45,13,4.05265452313,3.20777404681,508,0.49464459591
35,"[300,500)","[4.75,5.0)",6.5,6.6,6.55,9,4.1154863762,2.18686181348,517,0.503407984421
35,"[300,500)","[4.75,5.0)",6.6,6.7,6.65,9,4.17831822927,2.15397667342,526,0.512171372931
35,"[300,500)","[4.75,5.0)",6.7,6.8,6.75,7,4.24115008235,1.65049570614,533,0.518987341772
35,"[300,500)","[4.75,5.0)",6.8,6.9,6.85,13,4.30398193542,3.02045877401,546,0.53164556962
35,"[300,500)","[4.75,5.0)",6.9,7,6.95,11,4.36681378849,2.5189990993,557,0.542356377799
35,"[300,500)","[4.75,5.0)",7,7.1,7.05,13,4.42964564156,2.93477200028,570,0.555014605648
35,"[300,500)","[4.75,5.0)",7.1,7.2,7.15,17,4.49247749463,3.78410354205,587,0.571567672833
35,"[300,500)","[4.75,5.0)",7.2,7.3,7.25,13,4.55530934771,2.85381277268,600,0.584225900682
35,"[300,500)","[4.75,5.0)",7.3,7.4,7.35,15,4.61814120078,3.2480600631,615,0.598831548199
35,"[300,500)","[4.75,5.0)",7.4,7.5,7.45,20,4.68097305385,4.27261592193,635,0.618305744888
35,"[300,500)","[4.75,5.0)",7.5,7.6,7.55,13,4.74380490692,2.74041623867,648,0.630963972736
35,"[300,500)","[4.75,5.0)",7.6,7.7,7.65,13,4.80663675999,2.70459380418,661,0.643622200584
35,"[300,500)","[4.75,5.0)",7.7,7.8,7.75,8,4.86946861306,1.64288973514,669,0.65141187926
35,"[300,500)","[4.75,5.0)",7.8,7.9,7.85,15,4.93230046614,3.04117725653,684,0.666017526777
35,"[300,500)","[4.75,5.0)",7.9,8,7.95,16,4.99513231921,3.20311835154,700,0.681596884129
35,"[300,500)","[4.75,5.0)",8,8.1,8.05,10,5.05796417228,1.97708003841,710,0.691333982473
35,"[300,500)","[4.75,5.0)",8.1,8.2,8.15,14,5.12079602535,2.73394994268,724,0.704965920156
35,"[300,500)","[4.75,5.0)",8.2,8.3,8.25,8,5.18362787842,1.54332066029,732,0.712755598832
35,"[300,500)","[4.75,5.0)",8.3,8.4,8.35,9,5.24645973149,1.71544250039,741,0.721518987342
35,"[300,500)","[4.75,5.0)",8.4,8.5,8.45,11,5.30929158457,2.07183949587,752,0.732229795521
35,"[300,500)","[4.75,5.0)",8.5,8.6,8.55,13,5.37212343764,2.41989971953,765,0.744888023369
35,"[300,500)","[4.75,5.0)",8.6,8.7,8.65,8,5.43495529071,1.47195323091,773,0.752677702045
35,"[300,500)","[4.75,5.0)",8.7,8.8,8.75,6,5.49778714378,1.0913481812,779,0.758519961052
35,"[300,500)","[4.75,5.0)",8.8,8.9,8.85,10,5.56061899685,1.79836093889,789,0.768257059396
35,"[300,500)","[4.75,5.0)",8.9,9,8.95,17,5.62345084993,3.02305478499,806,0.784810126582
35,"[300,500)","[4.75,5.0)",9,9.1,9.05,9,5.686282703,1.58275634014,815,0.793573515093
35,"[300,500)","[4.75,5.0)",9.1,9.2,9.15,19,5.74911455607,3.3048567418,834,0.812074001947
35,"[300,500)","[4.75,5.0)",9.2,9.3,9.25,19,5.81194640914,3.26912856081,853,0.830574488802
35,"[300,500)","[4.75,5.0)",9.3,9.4,9.35,7,5.87477826221,1.19153433331,860,0.837390457644
35,"[300,500)","[4.75,5.0)",9.4,9.5,9.45,10,5.93761011528,1.68417929198,870,0.847127555988
35,"[300,500)","[4.75,5.0)",9.5,9.6,9.55,6,6.00044196836,0.999926344033,876,0.852969814995
35,"[300,500)","[4.75,5.0)",9.6,9.7,9.65,9,6.06327382143,1.48434661951,885,0.861733203505
35,"[300,500)","[4.75,5.0)",9.7,9.8,9.75,6,6.1261056745,0.979415034412,891,0.867575462512
35,"[300,500)","[4.75,5.0)",9.8,9.9,9.85,9,6.18893752757,1.45420760185,900,0.876338851022
35,"[300,500)","[4.75,5.0)",9.9,10,9.95,12,6.25176938064,1.9194566001,912,0.888023369036
35,"[300,500)","[4.75,5.0)",10,10.1,10.05,9,6.31460123372,1.42526814709,921,0.896786757546
35,"[300,500)","[4.75,5.0)",10.1,10.2,10.15,12,6.37743308679,1.88163479518,933,0.90847127556
35,"[300,500)","[4.75,5.0)",10.2,10.3,10.25,6,6.44026493986,0.93163869127,939,0.914313534567
35,"[300,500)","[4.75,5.0)",10.3,10.4,10.35,12,6.50309679293,1.84527470251,951,0.92599805258
35,"[300,500)","[4.75,5.0)",10.4,10.5,10.45,6,6.565928646,0.913808285695,957,0.931840311587
35,"[300,500)","[4.75,5.0)",10.5,10.6,10.55,7,6.62876049907,1.05600436175,964,0.938656280428
35,"[300,500)","[4.75,5.0)",10.6,10.7,10.65,5,6.69159235215,0.747206305596,969,0.943524829601
35,"[300,500)","[4.75,5.0)",10.7,10.8,10.75,6,6.75442420522,0.888306659118,975,0.949367088608
35,"[300,500)","[4.75,5.0)",10.8,10.9,10.85,10,6.81725605829,1.46686583495,985,0.959104186952
35,"[300,500)","[4.75,5.0)",10.9,11,10.95,8,6.88008791136,1.16277583994,993,0.966893865628
35,"[300,500)","[4.75,5.0)",11,11.1,11.05,3,6.94291976443,0.432094868123,996,0.969814995131
35,"[300,500)","[4.75,5.0)",11.1,11.2,11.15,8,7.00575161751,1.1419188742,1004,0.977604673807
35,"[300,500)","[4.75,5.0)",11.2,11.3,11.25,2,7.06858347058,0.282942121052,1006,0.979552093476
35,"[300,500)","[4.75,5.0)",11.3,11.4,11.35,4,7.13141532365,0.560898477857,1010,0.983446932814
35,"[300,500)","[4.75,5.0)",11.4,11.5,11.45,3,7.19424717672,0.416999850896,1013,0.986368062317
35,"[300,500)","[4.75,5.0)",11.5,11.6,11.55,3,7.25707902979,0.413389462576,1016,0.989289191821
35,"[300,500)","[4.75,5.0)",11.6,11.7,11.65,3,7.31991088286,0.409841055172,1019,0.992210321324
35,"[300,500)","[4.75,5.0)",11.7,11.8,11.75,2,7.38274273594,0.270902030795,1021,0.994157740993
35,"[300,500)","[4.75,5.0)",11.8,11.9,11.85,3,7.44557458901,0.402923906562,1024,0.997078870497
35,"[300,500)","[4.75,5.0)",11.9,12,11.95,3,7.50840644208,0.39955215839,1027,1
36,"[300,500)",>=5,0,0.1,0.05,0,0.0314159265359,0,0,0
36,"[300,500)",>=5,0.1,0.2,0.15,1,0.0942477796077,10.6103295395,1,0.00201207243461
36,"[300,500)",>=5,0.2,0.3,0.25,1,0.157079632679,6.36619772368,2,0.00402414486922
36,"[300,500)",>=5,0.3,0.4,0.35,0,0.219911485751,0,2,0.00402414486922
36,"[300,500)",>=5,0.4,0.5,0.45,0,0.282743338823,0,2,0.00402414486922
36,"[300,500)",>=5,0.5,0.6,0.55,0,0.345575191895,0,2,0.00402414486922
36,"[300,500)",>=5,0.6,0.7,0.65,0,0.408407044967,0,2,0.00402414486922
36,"[300,500)",>=5,0.7,0.8,0.75,1,0.471238898038,2.12206590789,3,0.00603621730382
36,"[300,500)",>=5,0.8,0.9,0.85,1,0.53407075111,1.8724110952,4,0.00804828973843
36,"[300,500)",>=5,0.9,1,0.95,1,0.596902604182,1.67531519044,5,0.010060362173
36,"[300,500)",>=5,1,1.1,1.05,0,0.659734457254,0,5,0.010060362173
36,"[300,500)",>=5,1.1,1.2,1.15,0,0.722566310326,0,5,0.010060362173
36,"[300,500)",>=5,1.2,1.3,1.25,0,0.785398163397,0,5,0.010060362173
36,"[300,500)",>=5,1.3,1.4,1.35,0,0.848230016469,0,5,0.010060362173
36,"[300,500)",>=5,1.4,1.5,1.45,1,0.911061869541,1.09762029719,6,0.0120724346076
36,"[300,500)",>=5,1.5,1.6,1.55,2,0.973893722613,2.05361216893,8,0.0160965794769
36,"[300,500)",>=5,1.6,1.7,1.65,4,1.03672557568,3.85830165071,12,0.0241448692153
36,"[300,500)",>=5,1.7,1.8,1.75,4,1.09955742876,3.63782727067,16,0.0321931589537
36,"[300,500)",>=5,1.8,1.9,1.85,6,1.16238928183,5.16178193812,22,0.0442655935614
36,"[300,500)",>=5,1.9,2,1.95,1,1.2252211349,0.816179195343,23,0.046277665996
36,"[300,500)",>=5,2,2.1,2.05,2,1.28805298797,1.55273115212,25,0.0503018108652
36,"[300,500)",>=5,2.1,2.2,2.15,3,1.35088484104,2.22076664779,28,0.056338028169
36,"[300,500)",>=5,2.2,2.3,2.25,4,1.41371669412,2.82942121052,32,0.0643863179074
36,"[300,500)",>=5,2.3,2.4,2.35,4,1.47654854719,2.70902030795,36,0.0724346076459
36,"[300,500)",>=5,2.4,2.5,2.45,4,1.53938040026,2.59844805048,40,0.0804828973843
36,"[300,500)",>=5,2.5,2.6,2.55,3,1.60221225333,1.8724110952,43,0.0865191146881
36,"[300,500)",>=5,2.6,2.7,2.65,1,1.6650441064,0.600584690913,44,0.0885311871227
36,"[300,500)",>=5,2.7,2.8,2.75,6,1.72787595947,3.47247148564,50,0.10060362173
36,"[300,500)",>=5,2.8,2.9,2.85,5,1.79070781255,2.79219198407,55,0.110663983903
36,"[300,500)",>=5,2.9,3,2.95,6,1.85353966562,3.23704969,61,0.122736418511
36,"[300,500)",>=5,3,3.1,3.05,3,1.91637151869,1.56545845664,64,0.128772635815
36,"[300,500)",>=5,3.1,3.2,3.15,7,1.97920337176,3.53677651315,71,0.142857142857
36,"[300,500)",>=5,3.2,3.3,3.25,1,2.04203522483,0.489707517206,72,0.144869215292
36,"[300,500)",>=5,3.3,3.4,3.35,6,2.10486707791,2.85053629418,78,0.156941649899
36,"[300,500)",>=5,3.4,3.5,3.45,2,2.16769893098,0.922637351257,80,0.160965794769
36,"[300,500)",>=5,3.5,3.6,3.55,3,2.23053078405,1.34497135007,83,0.167002012072
36,"[300,500)",>=5,3.6,3.7,3.65,2,2.29336263712,0.872081879956,85,0.171026156942
36,"[300,500)",>=5,3.7,3.8,3.75,5,2.35619449019,2.12206590789,90,0.181086519115
36,"[300,500)",>=5,3.8,3.9,3.85,5,2.41902634326,2.06694731288,95,0.191146881288
36,"[300,500)",>=5,3.9,4,3.95,4,2.48185819634,1.61169562625,99,0.199195171026
36,"[300,500)",>=5,4,4.1,4.05,4,2.54469004941,1.57190067251,103,0.207243460765
36,"[300,500)",>=5,4.1,4.2,4.15,6,2.60752190248,2.30103532181,109,0.219315895372
36,"[300,500)",>=5,4.2,4.3,4.25,5,2.67035375555,1.8724110952,114,0.229376257545
36,"[300,500)",>=5,4.3,4.4,4.35,4,2.73318560862,1.46349372958,118,0.237424547284
36,"[300,500)",>=5,4.4,4.5,4.45,7,2.79601746169,2.50356090257,125,0.251509054326
36,"[300,500)",>=5,4.5,4.6,4.55,12,2.85884931477,4.19749300462,137,0.275653923541
36,"[300,500)",>=5,4.6,4.7,4.65,7,2.92168116784,2.39588086375,144,0.289738430584
36,"[300,500)",>=5,4.7,4.8,4.75,6,2.98451302091,2.01037822853,150,0.301810865191
36,"[300,500)",>=5,4.8,4.9,4.85,3,3.04734487398,0.984463565517,153,0.307847082495
36,"[300,500)",>=5,4.9,5,4.95,9,3.11017672705,2.89372623803,162,0.325955734406
36,"[300,500)",>=5,5,5.1,5.05,3,3.17300858013,0.945474909457,165,0.33199195171
36,"[300,500)",>=5,5.1,5.2,5.15,4,3.2358404332,1.2361548978,169,0.340040241449
36,"[300,500)",>=5,5.2,5.3,5.25,6,3.29867228627,1.81891363534,175,0.352112676056
36,"[300,500)",>=5,5.3,5.4,5.35,2,3.36150413934,0.594971749876,177,0.356136820926
36,"[300,500)",>=5,5.4,5.5,5.45,4,3.42433599241,1.16810967407,181,0.364185110664
36,"[300,500)",>=5,5.5,5.6,5.55,4,3.48716784548,1.14706265291,185,0.372233400402
36,"[300,500)",>=5,5.6,5.7,5.65,1,3.54999969856,0.281690164764,186,0.374245472837
36,"[300,500)",>=5,5.7,5.8,5.75,4,3.61283155163,1.10716482151,190,0.382293762575
36,"[300,500)",>=5,5.8,5.9,5.85,5,3.6756634047,1.36029865891,195,0.392354124748
36,"[300,500)",>=5,5.9,6,5.95,8,3.73849525777,2.13989839451,203,0.408450704225
36,"[300,500)",>=5,6,6.1,6.05,5,3.80132711084,1.3153301082,208,0.418511066398
36,"[300,500)",>=5,6.1,6.2,6.15,6,3.86415896392,1.55273115212,214,0.430583501006
36,"[300,500)",>=5,6.2,6.3,6.25,5,3.92699081699,1.27323954474,219,0.440643863179
36,"[300,500)",>=5,6.3,6.4,6.35,10,3.98982267006,2.50637705657,229,0.460764587525
36,"[300,500)",>=5,6.4,6.5,6.45,1,4.05265452313,0.246751849755,230,0.46277665996
36,"[300,500)",>=5,6.5,6.6,6.55,8,4.1154863762,1.94387716753,238,0.478873239437
36,"[300,500)",>=5,6.6,6.7,6.65,6,4.17831822927,1.43598444895,244,0.490945674044
36,"[300,500)",>=5,6.7,6.8,6.75,5,4.24115008235,1.17892550438,249,0.501006036217
36,"[300,500)",>=5,6.8,6.9,6.85,9,4.30398193542,2.09108684354,258,0.519114688129
36,"[300,500)",>=5,6.9,7,6.95,6,4.36681378849,1.37399950871,264,0.531187122736
36,"[300,500)",>=5,7,7.1,7.05,9,4.42964564156,2.03176523096,273,0.549295774648
36,"[300,500)",>=5,7.1,7.2,7.15,6,4.49247749463,1.33556595602,279,0.561368209256
36,"[300,500)",>=5,7.2,7.3,7.25,10,4.55530934771,2.19524059437,289,0.581488933602
36,"[300,500)",>=5,7.3,7.4,7.35,6,4.61814120078,1.29922402524,295,0.593561368209
36,"[300,500)",>=5,7.4,7.5,7.45,8,4.68097305385,1.70904636877,303,0.609657947686
36,"[300,500)",>=5,7.5,7.6,7.55,6,4.74380490692,1.26480749477,309,0.621730382294
36,"[300,500)",>=5,7.6,7.7,7.65,8,4.80663675999,1.66436541795,317,0.637826961771
36,"[300,500)",>=5,7.7,7.8,7.75,6,4.86946861306,1.23216730136,323,0.649899396378
36,"[300,500)",>=5,7.8,7.9,7.85,5,4.93230046614,1.01372575218,328,0.659959758551
36,"[300,500)",>=5,7.9,8,7.95,4,4.99513231921,0.800779587884,332,0.66800804829
36,"[300,500)",>=5,8,8.1,8.05,3,5.05796417228,0.593124011523,335,0.674044265594
36,"[300,500)",>=5,8.1,8.2,8.15,4,5.12079602535,0.781128555052,339,0.682092555332
36,"[300,500)",>=5,8.2,8.3,8.25,7,5.18362787842,1.35040557775,346,0.696177062374
36,"[300,500)",>=5,8.3,8.4,8.35,6,5.24645973149,1.14362833359,352,0.708249496982
36,"[300,500)",>=5,8.4,8.5,8.45,7,5.30929158457,1.31844331555,359,0.722334004024
36,"[300,500)",>=5,8.5,8.6,8.55,4,5.37212343764,0.744584529085,363,0.730382293763
36,"[300,500)",>=5,8.6,8.7,8.65,6,5.43495529071,1.10396492318,369,0.74245472837
36,"[300,500)",>=5,8.7,8.8,8.75,6,5.49778714378,1.0913481812,375,0.754527162978
36,"[300,500)",>=5,8.8,8.9,8.85,4,5.56061899685,0.719344375557,379,0.762575452716
36,"[300,500)",>=5,8.9,9,8.95,7,5.62345084993,1.24478726441,386,0.776659959759
36,"[300,500)",>=5,9,9.1,9.05,5,5.686282703,0.879309077856,391,0.786720321932
36,"[300,500)",>=5,9.1,9.2,9.15,4,5.74911455607,0.695759314063,395,0.79476861167
36,"[300,500)",>=5,9.2,9.3,9.25,2,5.81194640914,0.344118795874,397,0.798792756539
36,"[300,500)",>=5,9.3,9.4,9.35,4,5.87477826221,0.68087676189,401,0.806841046278
36,"[300,500)",>=5,9.4,9.5,9.45,4,5.93761011528,0.673671716791,405,0.814889336016
36,"[300,500)",>=5,9.5,9.6,9.55,8,6.00044196836,1.33323512538,413,0.830985915493
36,"[300,500)",>=5,9.6,9.7,9.65,3,6.06327382143,0.494782206503,416,0.837022132797
36,"[300,500)",>=5,9.7,9.8,9.75,2,6.1261056745,0.326471678137,418,0.841046277666
36,"[300,500)",>=5,9.8,9.9,9.85,5,6.18893752757,0.807893112142,423,0.851106639839
36,"[300,500)",>=5,9.9,10,9.95,3,6.25176938064,0.479864150026,426,0.857142857143
36,"[300,500)",>=5,10,10.1,10.05,4,6.31460123372,0.633452509818,430,0.865191146881
36,"[300,500)",>=5,10.1,10.2,10.15,3,6.37743308679,0.470408698794,433,0.871227364185
36,"[300,500)",>=5,10.2,10.3,10.25,4,6.44026493986,0.621092460846,437,0.879275653924
36,"[300,500)",>=5,10.3,10.4,10.35,3,6.50309679293,0.461318675629,440,0.885311871227
36,"[300,500)",>=5,10.4,10.5,10.45,2,6.565928646,0.304602761898,442,0.889336016097
36,"[300,500)",>=5,10.5,10.6,10.55,4,6.62876049907,0.603431063856,446,0.897384305835
36,"[300,500)",>=5,10.6,10.7,10.65,3,6.69159235215,0.448323783357,449,0.903420523139
36,"[300,500)",>=5,10.7,10.8,10.75,5,6.75442420522,0.740255549265,454,0.913480885312
36,"[300,500)",>=5,10.8,10.9,10.85,4,6.81725605829,0.586746333979,458,0.92152917505
36,"[300,500)",>=5,10.9,11,10.95,5,6.88008791136,0.726734899963,463,0.931589537223
36,"[300,500)",>=5,11,11.1,11.05,1,6.94291976443,0.144031622708,464,0.933601609658
36,"[300,500)",>=5,11.1,11.2,11.15,3,7.00575161751,0.428219577826,467,0.939637826962
36,"[300,500)",>=5,11.2,11.3,11.25,9,7.06858347058,1.27323954474,476,0.957746478873
36,"[300,500)",>=5,11.3,11.4,11.35,2,7.13141532365,0.280449238928,478,0.961770623742
36,"[300,500)",>=5,11.4,11.5,11.45,5,7.19424717672,0.694999751493,483,0.971830985915
36,"[300,500)",>=5,11.5,11.6,11.55,1,7.25707902979,0.137796487525,484,0.97384305835
36,"[300,500)",>=5,11.6,11.7,11.65,6,7.31991088286,0.819682110345,490,0.985915492958
36,"[300,500)",>=5,11.7,11.8,11.75,2,7.38274273594,0.270902030795,492,0.989939637827
36,"[300,500)",>=5,11.8,11.9,11.85,0,7.44557458901,0,492,0.989939637827
36,"[300,500)",>=5,11.9,12,11.95,5,7.50840644208,0.665920263983,497,1
37,"[500,800)","[3,3.25)",0,0.1,0.05,65,0.0314159265359,2069.01426019,65,0.000937031484258
37,"[500,800)","[3,3.25)",0.1,0.2,0.15,146,0.0942477796077,1549.10811276,211,0.00304174835659
37,"[500,800)","[3,3.25)",0.2,0.3,0.25,199,0.157079632679,1266.87334701,410,0.00591050628532
37,"[500,800)","[3,3.25)",0.3,0.4,0.35,186,0.219911485751,845.794840431,596,0.0085918579172
37,"[500,800)","[3,3.25)",0.4,0.5,0.45,188,0.282743338823,664.913984473,784,0.011302041287
37,"[500,800)","[3,3.25)",0.5,0.6,0.55,159,0.345575191895,460.102471847,943,0.0135941644562
37,"[500,800)","[3,3.25)",0.6,0.7,0.65,201,0.408407044967,492.156054792,1144,0.0164917541229
37,"[500,800)","[3,3.25)",0.7,0.8,0.75,238,0.471238898038,505.051686078,1382,0.0199227309422
37,"[500,800)","[3,3.25)",0.8,0.9,0.85,281,0.53407075111,526.147517751,1663,0.023973590128
37,"[500,800)","[3,3.25)",0.9,1,0.95,269,0.596902604182,450.659786229,1932,0.0278514588859
37,"[500,800)","[3,3.25)",1,1.1,1.05,301,0.659734457254,456.244170197,2233,0.0321906354515
37,"[500,800)","[3,3.25)",1.1,1.2,1.15,360,0.722566310326,498.224169679,2593,0.0373803482874
37,"[500,800)","[3,3.25)",1.2,1.3,1.25,389,0.785398163397,495.290182902,2982,0.042988121324
37,"[500,800)","[3,3.25)",1.3,1.4,1.35,392,0.848230016469,462.138797719,3374,0.0486391419675
37,"[500,800)","[3,3.25)",1.4,1.5,1.45,442,0.911061869541,485.148171356,3816,0.0550109560604
37,"[500,800)","[3,3.25)",1.5,1.6,1.55,446,0.973893722613,457.955513671,4262,0.0614404336293
37,"[500,800)","[3,3.25)",1.6,1.7,1.65,433,1.03672557568,417.66115369,4695,0.0676825049014
37,"[500,800)","[3,3.25)",1.7,1.8,1.75,479,1.09955742876,435.629815663,5174,0.0745877061469
37,"[500,800)","[3,3.25)",1.8,1.9,1.85,531,1.16238928183,456.817701523,5705,0.0822425325799
37,"[500,800)","[3,3.25)",1.9,2,1.95,569,1.2252211349,464.40596215,6274,0.0904451620344
37,"[500,800)","[3,3.25)",2,2.1,2.05,593,1.28805298797,460.384786602,6867,0.0989937723446
37,"[500,800)","[3,3.25)",2.1,2.2,2.15,613,1.35088484104,453.776651699,7480,0.107830700035
37,"[500,800)","[3,3.25)",2.2,2.3,2.25,670,1.41371669412,473.928052763,8150,0.117489332257
37,"[500,800)","[3,3.25)",2.3,2.4,2.35,676,1.47654854719,457.824432043,8826,0.127234459693
37,"[500,800)","[3,3.25)",2.4,2.5,2.45,706,1.53938040026,458.62608091,9532,0.137412063199
37,"[500,800)","[3,3.25)",2.5,2.6,2.55,764,1.60221225333,476.840692244,10296,0.148425787106
37,"[500,800)","[3,3.25)",2.6,2.7,2.65,749,1.6650441064,449.837933494,11045,0.159223272979
37,"[500,800)","[3,3.25)",2.7,2.8,2.75,794,1.72787595947,459.5237266,11839,0.170669472956
37,"[500,800)","[3,3.25)",2.8,2.9,2.85,770,1.79070781255,429.997565547,12609,0.181769692077
37,"[500,800)","[3,3.25)",2.9,3,2.95,883,1.85353966562,476.385812712,13492,0.194498904394
37,"[500,800)","[3,3.25)",3,3.1,3.05,878,1.91637151869,458.15750831,14370,0.207156037366
37,"[500,800)","[3,3.25)",3.1,3.2,3.15,902,1.97920337176,455.738916409,15272,0.220159151194
37,"[500,800)","[3,3.25)",3.2,3.3,3.25,885,2.04203522483,433.391152727,16157,0.232917195249
37,"[500,800)","[3,3.25)",3.3,3.4,3.35,946,2.10486707791,449.434555716,17103,0.246554607312
37,"[500,800)","[3,3.25)",3.4,3.5,3.45,1026,2.16769893098,473.312961195,18129,0.261345288894
37,"[500,800)","[3,3.25)",3.5,3.6,3.55,964,2.23053078405,432.184127157,19093,0.275242186599
37,"[500,800)","[3,3.25)",3.6,3.7,3.65,1023,2.29336263712,446.069881597,20116,0.289989620574
37,"[500,800)","[3,3.25)",3.7,3.8,3.75,1024,2.35619449019,434.599097936,21140,0.304751470419
37,"[500,800)","[3,3.25)",3.8,3.9,3.85,1100,2.41902634326,454.728408834,22240,0.320608926306
37,"[500,800)","[3,3.25)",3.9,4,3.95,1119,2.48185819634,450.871851443,23359,0.336740283704
37,"[500,800)","[3,3.25)",4,4.1,4.05,1084,2.54469004941,425.985082251,24443,0.352367085688
37,"[500,800)","[3,3.25)",4.1,4.2,4.15,1196,2.60752190248,458.673040814,25639,0.369608464998
37,"[500,800)","[3,3.25)",4.2,4.3,4.25,1183,2.67035375555,443.012465124,26822,0.386662438012
37,"[500,800)","[3,3.25)",4.3,4.4,4.35,1170,2.73318560862,428.071915902,27992,0.403529004728
37,"[500,800)","[3,3.25)",4.4,4.5,4.45,1270,2.79601746169,454.217478038,29262,0.421837158344
37,"[500,800)","[3,3.25)",4.5,4.6,4.55,1263,2.85884931477,441.786138736,30525,0.440044400876
37,"[500,800)","[3,3.25)",4.6,4.7,4.65,1314,2.92168116784,449.741064995,31839,0.458986852727
37,"[500,800)","[3,3.25)",4.7,4.8,4.75,1400,2.98451302091,469.088253323,33239,0.479169069311
37,"[500,800)","[3,3.25)",4.8,4.9,4.85,1359,3.04734487398,445.961995179,34598,0.498760235267
37,"[500,800)","[3,3.25)",4.9,5,4.95,1377,3.11017672705,442.740114419,35975,0.518610886864
37,"[500,800)","[3,3.25)",5,5.1,5.05,1375,3.17300858013,433.342666834,37350,0.538432706724
37,"[500,800)","[3,3.25)",5.1,5.2,5.15,1377,3.2358404332,425.546323568,38727,0.558283358321
37,"[500,800)","[3,3.25)",5.2,5.3,5.25,1510,3.29867228627,457.75993156,40237,0.580051320494
37,"[500,800)","[3,3.25)",5.3,5.4,5.35,1562,3.36150413934,464.672936653,41799,0.602568907854
37,"[500,800)","[3,3.25)",5.4,5.5,5.45,1583,3.42433599241,462.279403513,43382,0.625389228463
37,"[500,800)","[3,3.25)",5.5,5.6,5.55,1471,3.48716784548,421.832290609,44853,0.646594971745
37,"[500,800)","[3,3.25)",5.6,5.7,5.65,1584,3.54999969856,446.197220987,46437,0.669429708223
37,"[500,800)","[3,3.25)",5.7,5.8,5.75,1533,3.61283155163,424.320917843,47970,0.691529235382
37,"[500,800)","[3,3.25)",5.8,5.9,5.85,1603,3.6756634047,436.111750045,49573,0.714637873371
37,"[500,800)","[3,3.25)",5.9,6,5.95,1650,3.73849525777,441.354043868,51223,0.738424057202
37,"[500,800)","[3,3.25)",6,6.1,6.05,1723,3.80132711084,453.262755285,52946,0.763262599469
37,"[500,800)","[3,3.25)",6.1,6.2,6.15,1593,3.86415896392,412.250120887,54539,0.786227078768
37,"[500,800)","[3,3.25)",6.2,6.3,6.25,1704,3.92699081699,433.920036846,56243,0.810791719525
37,"[500,800)","[3,3.25)",6.3,6.4,6.35,1649,3.98982267006,413.301576628,57892,0.834563487487
37,"[500,800)","[3,3.25)",6.4,6.5,6.45,1702,4.05265452313,419.971648283,59594,0.859099296506
37,"[500,800)","[3,3.25)",6.5,6.6,6.55,1634,4.1154863762,397.036911469,61228,0.882654826433
37,"[500,800)","[3,3.25)",6.6,6.7,6.65,1524,4.17831822927,364.740050033,62752,0.904624610772
37,"[500,800)","[3,3.25)",6.7,6.8,6.75,1465,4.24115008235,345.425172785,64217,0.92574385884
37,"[500,800)","[3,3.25)",6.8,6.9,6.85,1189,4.30398193542,276.25580633,65406,0.942884327067
37,"[500,800)","[3,3.25)",6.9,7,6.95,951,4.36681378849,217.77892213,66357,0.956593818475
37,"[500,800)","[3,3.25)",7,7.1,7.05,750,4.42964564156,169.313769247,67107,0.967405720217
37,"[500,800)","[3,3.25)",7.1,7.2,7.15,561,4.49247749463,124.875416887,67668,0.975493022719
37,"[500,800)","[3,3.25)",7.2,7.3,7.25,352,4.55530934771,77.2724689219,68020,0.980567408603
37,"[500,800)","[3,3.25)",7.3,7.4,7.35,261,4.61814120078,56.5162450979,68281,0.984329950409
37,"[500,800)","[3,3.25)",7.4,7.5,7.45,114,4.68097305385,24.353910755,68395,0.985973359474
37,"[500,800)","[3,3.25)",7.5,7.6,7.55,88,4.74380490692,18.5505099233,68483,0.987241955945
37,"[500,800)","[3,3.25)",7.6,7.7,7.65,52,4.80663675999,10.8183752167,68535,0.987991581133
37,"[500,800)","[3,3.25)",7.7,7.8,7.75,47,4.86946861306,9.65197719396,68582,0.988669126975
37,"[500,800)","[3,3.25)",7.8,7.9,7.85,24,4.93230046614,4.86588361045,68606,0.989015107831
37,"[500,800)","[3,3.25)",7.9,8,7.95,28,4.99513231921,5.60545711519,68634,0.989418752162
37,"[500,800)","[3,3.25)",8,8.1,8.05,26,5.05796417228,5.14040809986,68660,0.989793564756
37,"[500,800)","[3,3.25)",8.1,8.2,8.15,20,5.12079602535,3.90564277526,68680,0.990081882136
37,"[500,800)","[3,3.25)",8.2,8.3,8.25,18,5.18362787842,3.47247148564,68698,0.990341367778
37,"[500,800)","[3,3.25)",8.3,8.4,8.35,19,5.24645973149,3.62148972305,68717,0.990615269288
37,"[500,800)","[3,3.25)",8.4,8.5,8.45,16,5.30929158457,3.01358472127,68733,0.990845923192
37,"[500,800)","[3,3.25)",8.5,8.6,8.55,13,5.37212343764,2.41989971953,68746,0.991033329489
37,"[500,800)","[3,3.25)",8.6,8.7,8.65,19,5.43495529071,3.49588892341,68765,0.991307231
37,"[500,800)","[3,3.25)",8.7,8.8,8.75,17,5.49778714378,3.09215318007,68782,0.991552300773
37,"[500,800)","[3,3.25)",8.8,8.9,8.85,14,5.56061899685,2.51770531445,68796,0.991754122939
37,"[500,800)","[3,3.25)",8.9,9,8.95,10,5.62345084993,1.77826752058,68806,0.991898281628
37,"[500,800)","[3,3.25)",9,9.1,9.05,16,5.686282703,2.81378904914,68822,0.992128935532
37,"[500,800)","[3,3.25)",9.1,9.2,9.15,11,5.74911455607,1.91333811367,68833,0.992287510091
37,"[500,800)","[3,3.25)",9.2,9.3,9.25,17,5.81194640914,2.92500976493,68850,0.992532579864
37,"[500,800)","[3,3.25)",9.3,9.4,9.35,14,5.87477826221,2.38306866662,68864,0.99273440203
37,"[500,800)","[3,3.25)",9.4,9.5,9.45,21,5.93761011528,3.53677651315,68885,0.993037135279
37,"[500,800)","[3,3.25)",9.5,9.6,9.55,26,6.00044196836,4.33301415748,68911,0.993411947872
37,"[500,800)","[3,3.25)",9.6,9.7,9.65,21,6.06327382143,3.46347544552,68932,0.993714681121
37,"[500,800)","[3,3.25)",9.7,9.8,9.75,22,6.1261056745,3.59118845951,68954,0.994031830239
37,"[500,800)","[3,3.25)",9.8,9.9,9.85,20,6.18893752757,3.23157244857,68974,0.994320147618
37,"[500,800)","[3,3.25)",9.9,10,9.95,16,6.25176938064,2.5592754668,68990,0.994550801522
37,"[500,800)","[3,3.25)",10,10.1,10.05,14,6.31460123372,2.21708378436,69004,0.994752623688
37,"[500,800)","[3,3.25)",10.1,10.2,10.15,18,6.37743308679,2.82245219276,69022,0.99501210933
37,"[500,800)","[3,3.25)",10.2,10.3,10.25,17,6.44026493986,2.6396429586,69039,0.995257179103
37,"[500,800)","[3,3.25)",10.3,10.4,10.35,20,6.50309679293,3.07545783752,69059,0.995545496483
37,"[500,800)","[3,3.25)",10.4,10.5,10.45,18,6.565928646,2.74142485709,69077,0.995804982124
37,"[500,800)","[3,3.25)",10.5,10.6,10.55,15,6.62876049907,2.26286648946,69092,0.996021220159
37,"[500,800)","[3,3.25)",10.6,10.7,10.65,19,6.69159235215,2.83938396126,69111,0.99629512167
37,"[500,800)","[3,3.25)",10.7,10.8,10.75,25,6.75442420522,3.70127774632,69136,0.996655518395
37,"[500,800)","[3,3.25)",10.8,10.9,10.85,25,6.81725605829,3.66716458737,69161,0.997015915119
37,"[500,800)","[3,3.25)",10.9,11,10.95,14,6.88008791136,2.0348577199,69175,0.997217737285
37,"[500,800)","[3,3.25)",11,11.1,11.05,15,6.94291976443,2.16047434061,69190,0.99743397532
37,"[500,800)","[3,3.25)",11.1,11.2,11.15,19,7.00575161751,2.71205732623,69209,0.997707876831
37,"[500,800)","[3,3.25)",11.2,11.3,11.25,15,7.06858347058,2.12206590789,69224,0.997924114866
37,"[500,800)","[3,3.25)",11.3,11.4,11.35,25,7.13141532365,3.50561548661,69249,0.99828451159
37,"[500,800)","[3,3.25)",11.4,11.5,11.45,17,7.19424717672,2.36299915508,69266,0.998529581363
37,"[500,800)","[3,3.25)",11.5,11.6,11.55,17,7.25707902979,2.34254028793,69283,0.998774651136
37,"[500,800)","[3,3.25)",11.6,11.7,11.65,22,7.31991088286,3.00550107126,69305,0.999091800254
37,"[500,800)","[3,3.25)",11.7,11.8,11.75,23,7.38274273594,3.11537335414,69328,0.99942336524
37,"[500,800)","[3,3.25)",11.8,11.9,11.85,22,7.44557458901,2.95477531479,69350,0.999740514358
37,"[500,800)","[3,3.25)",11.9,12,11.95,18,7.50840644208,2.39731295034,69368,1
38,"[500,800)","[3.25,3.5)",0,0.1,0.05,149,0.0314159265359,4742.81730414,149,0.00079131991099
38,"[500,800)","[3.25,3.5)",0.1,0.2,0.15,440,0.0942477796077,4668.54499736,589,0.00312810354076
38,"[500,800)","[3.25,3.5)",0.2,0.3,0.25,519,0.157079632679,3304.05661859,1108,0.00588444604951
38,"[500,800)","[3.25,3.5)",0.3,0.4,0.35,494,0.219911485751,2246.35833964,1602,0.00850801676111
38,"[500,800)","[3.25,3.5)",0.4,0.5,0.45,481,0.282743338823,1701.18950283,2083,0.0110625461382
38,"[500,800)","[3.25,3.5)",0.5,0.6,0.55,482,0.345575191895,1394.77604673,2565,0.0136223863872
38,"[500,800)","[3.25,3.5)",0.6,0.7,0.65,541,0.408407044967,1324.65883404,3106,0.0164955680774
38,"[500,800)","[3.25,3.5)",0.7,0.8,0.75,581,0.471238898038,1232.92029249,3687,0.0195811846431
38,"[500,800)","[3.25,3.5)",0.8,0.9,0.85,634,0.53407075111,1187.10863436,4321,0.0229482774187
38,"[500,800)","[3.25,3.5)",0.9,1,0.95,760,0.596902604182,1273.23954474,5081,0.0269845400519
38,"[500,800)","[3.25,3.5)",1,1.1,1.05,806,0.659734457254,1221.7036584,5887,0.0312651027919
38,"[500,800)","[3.25,3.5)",1.1,1.2,1.15,808,0.722566310326,1118.23646972,6695,0.0355562872757
38,"[500,800)","[3.25,3.5)",1.2,1.3,1.25,998,0.785398163397,1270.69306565,7693,0.0408565374177
38,"[500,800)","[3.25,3.5)",1.3,1.4,1.35,1062,0.848230016469,1252.01888566,8755,0.0464966833605
38,"[500,800)","[3.25,3.5)",1.4,1.5,1.45,1144,0.911061869541,1255.67761998,9899,0.0525723207979
38,"[500,800)","[3.25,3.5)",1.5,1.6,1.55,1152,0.973893722613,1182.8806093,11051,0.0586904452104
38,"[500,800)","[3.25,3.5)",1.6,1.7,1.65,1279,1.03672557568,1233.69195282,12330,0.0654830503524
38,"[500,800)","[3.25,3.5)",1.7,1.8,1.75,1313,1.09955742876,1194.1168016,13643,0.0724562251385
38,"[500,800)","[3.25,3.5)",1.8,1.9,1.85,1397,1.16238928183,1201.83489459,15040,0.079875513163
38,"[500,800)","[3.25,3.5)",1.9,2,1.95,1504,1.2252211349,1227.5335098,16544,0.0878630644793
38,"[500,800)","[3.25,3.5)",2,2.1,2.05,1525,1.28805298797,1183.95750349,18069,0.0959621441052
38,"[500,800)","[3.25,3.5)",2.1,2.2,2.15,1671,1.35088484104,1236.96702282,19740,0.104836611026
38,"[500,800)","[3.25,3.5)",2.2,2.3,2.25,1712,1.41371669412,1210.9922781,21452,0.113928823695
38,"[500,800)","[3.25,3.5)",2.3,2.4,2.35,1821,1.47654854719,1233.28149519,23273,0.123599921399
38,"[500,800)","[3.25,3.5)",2.4,2.5,2.45,1882,1.53938040026,1222.56980775,25155,0.133594982288
38,"[500,800)","[3.25,3.5)",2.5,2.6,2.55,1935,1.60221225333,1207.7051564,27090,0.143871519387
38,"[500,800)","[3.25,3.5)",2.6,2.7,2.65,2052,1.6650441064,1232.39978575,29142,0.154769428497
38,"[500,800)","[3.25,3.5)",2.7,2.8,2.75,2106,1.72787595947,1218.83749146,31248,0.165954124689
38,"[500,800)","[3.25,3.5)",2.8,2.9,2.85,2088,1.79070781255,1166.01937255,33336,0.177043225186
38,"[500,800)","[3.25,3.5)",2.9,3,2.95,2213,1.85353966562,1193.93182733,35549,0.18879618467
38,"[500,800)","[3.25,3.5)",3,3.1,3.05,2353,1.91637151869,1227.84124949,37902,0.201292666217
38,"[500,800)","[3.25,3.5)",3.1,3.2,3.15,2405,1.97920337176,1215.13535916,40307,0.214065313102
38,"[500,800)","[3.25,3.5)",3.2,3.3,3.25,2431,2.04203522483,1190.47897433,42738,0.226976042657
38,"[500,800)","[3.25,3.5)",3.3,3.4,3.35,2450,2.10486707791,1163.96898679,45188,0.239987678777
38,"[500,800)","[3.25,3.5)",3.4,3.5,3.45,2584,2.16769893098,1192.04745782,47772,0.25371097173
38,"[500,800)","[3.25,3.5)",3.5,3.6,3.55,2694,2.23053078405,1207.78427236,50466,0.268018460591
38,"[500,800)","[3.25,3.5)",3.6,3.7,3.65,2770,2.29336263712,1207.83340374,53236,0.282729575714
38,"[500,800)","[3.25,3.5)",3.7,3.8,3.75,2754,2.35619449019,1168.83390207,55990,0.297355716888
38,"[500,800)","[3.25,3.5)",3.8,3.9,3.85,2814,2.41902634326,1163.27794769,58804,0.312300510375
38,"[500,800)","[3.25,3.5)",3.9,4,3.95,2964,2.48185819634,1194.26645905,61768,0.328041934644
38,"[500,800)","[3.25,3.5)",4,4.1,4.05,3036,2.54469004941,1193.07261044,64804,0.34416574169
38,"[500,800)","[3.25,3.5)",4.1,4.2,4.15,3090,2.60752190248,1185.03319073,67894,0.360576335817
38,"[500,800)","[3.25,3.5)",4.2,4.3,4.25,3211,2.67035375555,1202.46240534,71105,0.377629545442
38,"[500,800)","[3.25,3.5)",4.3,4.4,4.35,3256,2.73318560862,1191.28389588,74361,0.394921744303
38,"[500,800)","[3.25,3.5)",4.4,4.5,4.45,3343,2.79601746169,1195.62915676,77704,0.412675989017
38,"[500,800)","[3.25,3.5)",4.5,4.6,4.55,3500,2.85884931477,1224.26879301,81204,0.431264040618
38,"[500,800)","[3.25,3.5)",4.6,4.7,4.65,3579,2.92168116784,1224.97965877,84783,0.450271651097
38,"[500,800)","[3.25,3.5)",4.7,4.8,4.75,3557,2.98451302091,1191.81922648,88340,0.469162422395
38,"[500,800)","[3.25,3.5)",4.8,4.9,4.85,3703,3.04734487398,1215.15619437,92043,0.488828580988
38,"[500,800)","[3.25,3.5)",4.9,5,4.95,3797,3.11017672705,1220.83094731,95840,0.508993961539
38,"[500,800)","[3.25,3.5)",5,5.1,5.05,3863,3.17300858013,1217.45652508,99703,0.529509859634
38,"[500,800)","[3.25,3.5)",5.1,5.2,5.15,3919,3.2358404332,1211.12276112,103622,0.550323166554
38,"[500,800)","[3.25,3.5)",5.2,5.3,5.25,3885,3.29867228627,1177.74657888,107507,0.570955903831
38,"[500,800)","[3.25,3.5)",5.3,5.4,5.35,4151,3.36150413934,1234.86386687,111658,0.593001333029
38,"[500,800)","[3.25,3.5)",5.4,5.5,5.45,4083,3.42433599241,1192.34794981,115741,0.614685622939
38,"[500,800)","[3.25,3.5)",5.5,5.6,5.55,4156,3.48716784548,1191.79809638,119897,0.636757606496
38,"[500,800)","[3.25,3.5)",5.6,5.7,5.65,4189,3.54999969856,1180.0001002,124086,0.659004848826
38,"[500,800)","[3.25,3.5)",5.7,5.8,5.75,4221,3.61283155163,1168.3356779,128307,0.681422039056
38,"[500,800)","[3.25,3.5)",5.8,5.9,5.85,4334,3.6756634047,1179.10687754,132641,0.704439357809
38,"[500,800)","[3.25,3.5)",5.9,6,5.95,4347,3.73849525777,1162.76729012,136988,0.727525717897
38,"[500,800)","[3.25,3.5)",6,6.1,6.05,4455,3.80132711084,1171.9591264,141443,0.751185652149
38,"[500,800)","[3.25,3.5)",6.1,6.2,6.15,4420,3.86415896392,1143.84528206,145863,0.774659705884
38,"[500,800)","[3.25,3.5)",6.2,6.3,6.25,4625,3.92699081699,1177.74657888,150488,0.799222488356
38,"[500,800)","[3.25,3.5)",6.3,6.4,6.35,4506,3.98982267006,1129.37350169,154994,0.823153277073
38,"[500,800)","[3.25,3.5)",6.4,6.5,6.45,4434,4.05265452313,1094.09770181,159428,0.846701683015
38,"[500,800)","[3.25,3.5)",6.5,6.6,6.55,4479,4.1154863762,1088.32822917,163907,0.870489078192
38,"[500,800)","[3.25,3.5)",6.6,6.7,6.65,4191,4.17831822927,1003.03513759,168098,0.892746942266
38,"[500,800)","[3.25,3.5)",6.7,6.8,6.75,3920,4.24115008235,924.277595437,172018,0.913565560058
38,"[500,800)","[3.25,3.5)",6.8,6.9,6.85,3367,4.30398193542,782.298822468,175385,0.931447265698
38,"[500,800)","[3.25,3.5)",6.9,7,6.95,2865,4.36681378849,656.084765408,178250,0.946662913651
38,"[500,800)","[3.25,3.5)",7,7.1,7.05,2404,4.42964564156,542.707068359,180654,0.959430249664
38,"[500,800)","[3.25,3.5)",7.1,7.2,7.15,1761,4.49247749463,391.988608091,182415,0.968782695055
38,"[500,800)","[3.25,3.5)",7.2,7.3,7.25,1206,4.55530934771,264.746015681,183621,0.975187606549
38,"[500,800)","[3.25,3.5)",7.3,7.4,7.35,805,4.61814120078,174.31255672,184426,0.979462858417
38,"[500,800)","[3.25,3.5)",7.4,7.5,7.45,535,4.68097305385,114.292475912,184961,0.982304174876
38,"[500,800)","[3.25,3.5)",7.5,7.6,7.55,366,4.74380490692,77.153257181,185327,0.984247953987
38,"[500,800)","[3.25,3.5)",7.6,7.7,7.65,245,4.80663675999,50.9711909249,185572,0.985549117599
38,"[500,800)","[3.25,3.5)",7.7,7.8,7.75,171,4.86946861306,35.1167680887,185743,0.986457276691
38,"[500,800)","[3.25,3.5)",7.8,7.9,7.85,149,4.93230046614,30.2090274149,185892,0.987248596602
38,"[500,800)","[3.25,3.5)",7.9,8,7.95,131,4.99513231921,26.2255315032,186023,0.987944320819
38,"[500,800)","[3.25,3.5)",8,8.1,8.05,96,5.05796417228,18.9799683687,186119,0.98845416452
38,"[500,800)","[3.25,3.5)",8.1,8.2,8.15,66,5.12079602535,12.8886211584,186185,0.988804682065
38,"[500,800)","[3.25,3.5)",8.2,8.3,8.25,52,5.18362787842,10.0315842919,186237,0.989080847403
38,"[500,800)","[3.25,3.5)",8.3,8.4,8.35,56,5.24645973149,10.6738644469,186293,0.989378256228
38,"[500,800)","[3.25,3.5)",8.4,8.5,8.45,56,5.30929158457,10.5475465244,186349,0.989675665054
38,"[500,800)","[3.25,3.5)",8.5,8.6,8.55,44,5.37212343764,8.19042981993,186393,0.989909343417
38,"[500,800)","[3.25,3.5)",8.6,8.7,8.65,56,5.43495529071,10.3036726164,186449,0.990206752243
38,"[500,800)","[3.25,3.5)",8.7,8.8,8.75,50,5.49778714378,9.09456817668,186499,0.990472295837
38,"[500,800)","[3.25,3.5)",8.8,8.9,8.85,55,5.56061899685,9.8909851639,186554,0.990764393791
38,"[500,800)","[3.25,3.5)",8.9,9,8.95,59,5.62345084993,10.4917783714,186613,0.991077735232
38,"[500,800)","[3.25,3.5)",9,9.1,9.05,44,5.686282703,7.73791988513,186657,0.991311413595
38,"[500,800)","[3.25,3.5)",9.1,9.2,9.15,48,5.74911455607,8.34911176876,186705,0.991566335445
38,"[500,800)","[3.25,3.5)",9.2,9.3,9.25,42,5.81194640914,7.22649471336,186747,0.991789392064
38,"[500,800)","[3.25,3.5)",9.3,9.4,9.35,46,5.87477826221,7.83008276174,186793,0.992033692171
38,"[500,800)","[3.25,3.5)",9.4,9.5,9.45,44,5.93761011528,7.4103888847,186837,0.992267370534
38,"[500,800)","[3.25,3.5)",9.5,9.6,9.55,45,6.00044196836,7.49944758025,186882,0.992506359769
38,"[500,800)","[3.25,3.5)",9.6,9.7,9.65,60,6.06327382143,9.89564413007,186942,0.992825012082
38,"[500,800)","[3.25,3.5)",9.7,9.8,9.75,54,6.1261056745,8.8147353097,186996,0.993111799164
38,"[500,800)","[3.25,3.5)",9.8,9.9,9.85,65,6.18893752757,10.5026104578,187061,0.993457005837
38,"[500,800)","[3.25,3.5)",9.9,10,9.95,47,6.25176938064,7.51787168374,187108,0.993706616815
38,"[500,800)","[3.25,3.5)",10,10.1,10.05,59,6.31460123372,9.34342451982,187167,0.994019958257
38,"[500,800)","[3.25,3.5)",10.1,10.2,10.15,55,6.37743308679,8.62415947789,187222,0.99431205621
38,"[500,800)","[3.25,3.5)",10.2,10.3,10.25,45,6.44026493986,6.98729018452,187267,0.994551045445
38,"[500,800)","[3.25,3.5)",10.3,10.4,10.35,53,6.50309679293,8.14996326944,187320,0.994832521655
38,"[500,800)","[3.25,3.5)",10.4,10.5,10.45,60,6.565928646,9.13808285695,187380,0.995151173968
38,"[500,800)","[3.25,3.5)",10.5,10.6,10.55,55,6.62876049907,8.29717712801,187435,0.995443271922
38,"[500,800)","[3.25,3.5)",10.6,10.7,10.65,65,6.69159235215,9.71368197274,187500,0.995788478595
38,"[500,800)","[3.25,3.5)",10.7,10.8,10.75,58,6.75442420522,8.58696437147,187558,0.996096509164
38,"[500,800)","[3.25,3.5)",10.8,10.9,10.85,65,6.81725605829,9.53462792716,187623,0.996441715836
38,"[500,800)","[3.25,3.5)",10.9,11,10.95,52,6.88008791136,7.55804295962,187675,0.996717881175
38,"[500,800)","[3.25,3.5)",11,11.1,11.05,68,6.94291976443,9.79415034412,187743,0.997079020463
38,"[500,800)","[3.25,3.5)",11.1,11.2,11.15,67,7.00575161751,9.56357057144,187810,0.997434848879
38,"[500,800)","[3.25,3.5)",11.2,11.3,11.25,63,7.06858347058,8.91267681315,187873,0.997769433808
38,"[500,800)","[3.25,3.5)",11.3,11.4,11.35,51,7.13141532365,7.15145559268,187924,0.998040288274
38,"[500,800)","[3.25,3.5)",11.4,11.5,11.45,56,7.19424717672,7.78399721672,187980,0.9983376971
38,"[500,800)","[3.25,3.5)",11.5,11.6,11.55,48,7.25707902979,6.61423140122,188028,0.99859261895
38,"[500,800)","[3.25,3.5)",11.6,11.7,11.65,76,7.31991088286,10.3826400644,188104,0.998996245214
38,"[500,800)","[3.25,3.5)",11.7,11.8,11.75,55,7.38274273594,7.44980584685,188159,0.999288343167
38,"[500,800)","[3.25,3.5)",11.8,11.9,11.85,63,7.44557458901,8.4614020378,188222,0.999622928096
38,"[500,800)","[3.25,3.5)",11.9,12,11.95,71,7.50840644208,9.45606774856,188293,1
39,"[500,800)","[3.5,3.75)",0,0.1,0.05,57,0.0314159265359,1814.36635125,57,0.000579545107928
39,"[500,800)","[3.5,3.75)",0.1,0.2,0.15,186,0.0942477796077,1973.52129434,243,0.00247069230222
39,"[500,800)","[3.5,3.75)",0.2,0.3,0.25,246,0.157079632679,1566.08464002,489,0.00497188697854
39,"[500,800)","[3.5,3.75)",0.3,0.4,0.35,251,0.219911485751,1141.36830617,740,0.00752391894502
39,"[500,800)","[3.5,3.75)",0.4,0.5,0.45,240,0.282743338823,848.826363157,980,0.00996410887314
39,"[500,800)","[3.5,3.75)",0.5,0.6,0.55,221,0.345575191895,639.513498606,1201,0.0122111170986
39,"[500,800)","[3.5,3.75)",0.6,0.7,0.65,266,0.408407044967,651.310997884,1467,0.0149156609356
39,"[500,800)","[3.5,3.75)",0.7,0.8,0.75,306,0.471238898038,649.352167815,1773,0.018026903094
39,"[500,800)","[3.5,3.75)",0.8,0.9,0.85,324,0.53407075111,606.661194844,2097,0.0213211594969
39,"[500,800)","[3.5,3.75)",0.9,1,0.95,352,0.596902604182,589.710947035,2449,0.0249001047248
39,"[500,800)","[3.5,3.75)",1,1.1,1.05,421,0.659734457254,638.13553373,2870,0.0291806045571
39,"[500,800)","[3.5,3.75)",1.1,1.2,1.15,492,0.722566310326,680.906365228,3362,0.0341829939097
39,"[500,800)","[3.5,3.75)",1.2,1.3,1.25,490,0.785398163397,623.88737692,3852,0.0391650483463
39,"[500,800)","[3.5,3.75)",1.3,1.4,1.35,556,0.848230016469,655.482580438,4408,0.0448181550131
39,"[500,800)","[3.5,3.75)",1.4,1.5,1.45,539,0.911061869541,591.617340183,4947,0.0502984148933
39,"[500,800)","[3.5,3.75)",1.5,1.6,1.55,612,0.973893722613,628.405323692,5559,0.05652089921
39,"[500,800)","[3.5,3.75)",1.6,1.7,1.65,678,1.03672557568,653.982129796,6237,0.0634144357569
39,"[500,800)","[3.5,3.75)",1.7,1.8,1.75,744,1.09955742876,676.635872345,6981,0.0709790245341
39,"[500,800)","[3.5,3.75)",1.8,1.9,1.85,730,1.16238928183,628.016802471,7711,0.0784012688988
39,"[500,800)","[3.5,3.75)",1.9,2,1.95,768,1.2252211349,626.825622023,8479,0.0862098766687
39,"[500,800)","[3.5,3.75)",2,2.1,2.05,821,1.28805298797,637.396137944,9300,0.0945573597145
39,"[500,800)","[3.5,3.75)",2.1,2.2,2.15,837,1.35088484104,619.593894734,10137,0.103067522089
39,"[500,800)","[3.5,3.75)",2.2,2.3,2.25,884,1.41371669412,625.302087525,11021,0.112055554991
39,"[500,800)","[3.5,3.75)",2.3,2.4,2.35,924,1.47654854719,625.783691136,11945,0.121450286214
39,"[500,800)","[3.5,3.75)",2.4,2.5,2.45,952,1.53938040026,618.430636014,12897,0.131129706262
39,"[500,800)","[3.5,3.75)",2.5,2.6,2.55,972,1.60221225333,606.661194844,13869,0.141012475471
39,"[500,800)","[3.5,3.75)",2.6,2.7,2.65,1030,1.6650441064,618.60223164,14899,0.151484957246
39,"[500,800)","[3.5,3.75)",2.7,2.8,2.75,1044,1.72787595947,604.210038502,15943,0.162099783433
39,"[500,800)","[3.5,3.75)",2.8,2.9,2.85,1137,1.79070781255,634.944457177,17080,0.173660183218
39,"[500,800)","[3.5,3.75)",2.9,3,2.95,1122,1.85353966562,605.328292031,18202,0.185068071132
39,"[500,800)","[3.5,3.75)",3,3.1,3.05,1162,1.91637151869,606.354242206,19364,0.196882657367
39,"[500,800)","[3.5,3.75)",3.1,3.2,3.15,1134,1.97920337176,572.957795131,20498,0.208412554777
39,"[500,800)","[3.5,3.75)",3.2,3.3,3.25,1283,2.04203522483,628.294744575,21781,0.221457403435
39,"[500,800)","[3.5,3.75)",3.3,3.4,3.35,1370,2.10486707791,650.872453838,23151,0.235386820941
39,"[500,800)","[3.5,3.75)",3.4,3.5,3.45,1410,2.16769893098,650.459332636,24561,0.249722936769
39,"[500,800)","[3.5,3.75)",3.5,3.6,3.55,1316,2.23053078405,589.994098898,25877,0.263103311541
39,"[500,800)","[3.5,3.75)",3.6,3.7,3.65,1440,2.29336263712,627.898953568,27317,0.27774445111
39,"[500,800)","[3.5,3.75)",3.7,3.8,3.75,1477,2.35619449019,626.858269191,28794,0.292761786626
39,"[500,800)","[3.5,3.75)",3.8,3.9,3.85,1445,2.41902634326,597.347773423,30239,0.307453763485
39,"[500,800)","[3.5,3.75)",3.9,4,3.95,1517,2.48185819634,611.235566254,31756,0.322877797322
39,"[500,800)","[3.5,3.75)",4,4.1,4.05,1560,2.54469004941,613.04126228,33316,0.338739031855
39,"[500,800)","[3.5,3.75)",4.1,4.2,4.15,1589,2.60752190248,609.390854393,34905,0.35489512267
39,"[500,800)","[3.5,3.75)",4.2,4.3,4.25,1615,2.67035375555,604.788783749,36520,0.371315567395
39,"[500,800)","[3.5,3.75)",4.3,4.4,4.35,1717,2.73318560862,628.204683422,38237,0.388773092839
39,"[500,800)","[3.5,3.75)",4.4,4.5,4.45,1718,2.79601746169,614.445375802,39955,0.406240785741
39,"[500,800)","[3.5,3.75)",4.5,4.6,4.55,1772,2.85884931477,619.829800349,41727,0.424257521377
39,"[500,800)","[3.5,3.75)",4.6,4.7,4.65,1794,2.92168116784,614.030038509,43521,0.44249794109
39,"[500,800)","[3.5,3.75)",4.7,4.8,4.75,1857,2.98451302091,622.21206173,45378,0.461378910659
39,"[500,800)","[3.5,3.75)",4.8,4.9,4.85,1944,3.04734487398,637.932390455,47322,0.481144449076
39,"[500,800)","[3.5,3.75)",4.9,5,4.95,2016,3.11017672705,648.19467732,49338,0.501642044472
39,"[500,800)","[3.5,3.75)",5,5.1,5.05,2017,3.17300858013,635.674297458,51355,0.522149807327
39,"[500,800)","[3.5,3.75)",5.1,5.2,5.15,2013,3.2358404332,622.094952318,53368,0.542616900349
39,"[500,800)","[3.5,3.75)",5.2,5.3,5.25,2082,3.29867228627,631.163031462,55450,0.563785547975
39,"[500,800)","[3.5,3.75)",5.3,5.4,5.35,2061,3.36150413934,613.118388247,57511,0.584740678983
39,"[500,800)","[3.5,3.75)",5.4,5.5,5.45,2099,3.42433599241,612.965551468,59610,0.606082173396
39,"[500,800)","[3.5,3.75)",5.5,5.6,5.55,2218,3.48716784548,636.046241041,61828,0.628633595315
39,"[500,800)","[3.5,3.75)",5.6,5.7,5.65,2192,3.54999969856,617.464841164,64020,0.650920663325
39,"[500,800)","[3.5,3.75)",5.7,5.8,5.75,2189,3.61283155163,605.895948571,66209,0.673177228961
39,"[500,800)","[3.5,3.75)",5.8,5.9,5.85,2254,3.6756634047,613.222635434,68463,0.696094679369
39,"[500,800)","[3.5,3.75)",5.9,6,5.95,2287,3.73849525777,611.743453531,70750,0.719347655893
39,"[500,800)","[3.5,3.75)",6,6.1,6.05,2391,3.80132711084,628.99085774,73141,0.743658048051
39,"[500,800)","[3.5,3.75)",6.1,6.2,6.15,2405,3.86415896392,622.386403473,75546,0.768110784623
39,"[500,800)","[3.5,3.75)",6.2,6.3,6.25,2383,3.92699081699,606.825967021,77929,0.792339837117
39,"[500,800)","[3.5,3.75)",6.3,6.4,6.35,2275,3.98982267006,570.200780369,80204,0.815470804144
39,"[500,800)","[3.5,3.75)",6.4,6.5,6.45,2250,4.05265452313,555.191661948,82454,0.83834758472
39,"[500,800)","[3.5,3.75)",6.5,6.6,6.55,2222,4.1154863762,539.911883283,84676,0.860939676471
39,"[500,800)","[3.5,3.75)",6.6,6.7,6.65,2168,4.17831822927,518.869047554,86844,0.882982725489
39,"[500,800)","[3.5,3.75)",6.7,6.8,6.75,1987,4.24115008235,468.504995442,88831,0.903185464602
39,"[500,800)","[3.5,3.75)",6.8,6.9,6.85,1750,4.30398193542,406.600219578,90581,0.920978516161
39,"[500,800)","[3.5,3.75)",6.9,7,6.95,1538,4.36681378849,352.201874065,92119,0.936616066617
39,"[500,800)","[3.5,3.75)",7,7.1,7.05,1294,4.42964564156,292.122689874,93413,0.949772757313
39,"[500,800)","[3.5,3.75)",7.1,7.2,7.15,983,4.49247749463,218.810222461,94396,0.95976736856
39,"[500,800)","[3.5,3.75)",7.2,7.3,7.25,769,4.55530934771,168.814001707,95165,0.967586143788
39,"[500,800)","[3.5,3.75)",7.3,7.4,7.35,552,4.61814120078,119.528610322,95717,0.973198580623
39,"[500,800)","[3.5,3.75)",7.4,7.5,7.45,387,4.68097305385,82.6751180893,96104,0.977133386882
39,"[500,800)","[3.5,3.75)",7.5,7.6,7.55,283,4.74380490692,59.6567535033,96387,0.980010777506
39,"[500,800)","[3.5,3.75)",7.6,7.7,7.65,207,4.80663675999,43.0654551896,96594,0.982115441319
39,"[500,800)","[3.5,3.75)",7.7,7.8,7.75,194,4.86946861306,39.8400760772,96788,0.984087928177
39,"[500,800)","[3.5,3.75)",7.8,7.9,7.85,105,4.93230046614,21.2882407957,96893,0.985155511271
39,"[500,800)","[3.5,3.75)",7.9,8,7.95,101,4.99513231921,20.2196845941,96994,0.986182424532
39,"[500,800)","[3.5,3.75)",8,8.1,8.05,83,5.05796417228,16.4097643188,97077,0.987026323549
39,"[500,800)","[3.5,3.75)",8.1,8.2,8.15,65,5.12079602535,12.6933390196,97142,0.987687208321
39,"[500,800)","[3.5,3.75)",8.2,8.3,8.25,57,5.18362787842,10.9961597045,97199,0.988266753429
39,"[500,800)","[3.5,3.75)",8.3,8.4,8.35,40,5.24645973149,7.62418889063,97239,0.98867345175
39,"[500,800)","[3.5,3.75)",8.4,8.5,8.45,47,5.30929158457,8.85240511872,97286,0.989151322278
39,"[500,800)","[3.5,3.75)",8.5,8.6,8.55,36,5.37212343764,6.70126076176,97322,0.989517350767
39,"[500,800)","[3.5,3.75)",8.6,8.7,8.65,33,5.43495529071,6.07180707749,97355,0.989852876882
39,"[500,800)","[3.5,3.75)",8.7,8.8,8.75,30,5.49778714378,5.45674090601,97385,0.990157900623
39,"[500,800)","[3.5,3.75)",8.8,8.9,8.85,27,5.56061899685,4.85557453501,97412,0.99043242199
39,"[500,800)","[3.5,3.75)",8.9,9,8.95,34,5.62345084993,6.04610956997,97446,0.990778115563
39,"[500,800)","[3.5,3.75)",9,9.1,9.05,29,5.686282703,5.09999265156,97475,0.991072971846
39,"[500,800)","[3.5,3.75)",9.1,9.2,9.15,25,5.74911455607,4.34849571289,97500,0.991327158297
39,"[500,800)","[3.5,3.75)",9.2,9.3,9.25,33,5.81194640914,5.67796013193,97533,0.991662684412
39,"[500,800)","[3.5,3.75)",9.3,9.4,9.35,22,5.87477826221,3.7448221904,97555,0.991886368489
39,"[500,800)","[3.5,3.75)",9.4,9.5,9.45,28,5.93761011528,4.71570201754,97583,0.992171057314
39,"[500,800)","[3.5,3.75)",9.5,9.6,9.55,27,6.00044196836,4.49966854815,97610,0.992445578681
39,"[500,800)","[3.5,3.75)",9.6,9.7,9.65,20,6.06327382143,3.29854804336,97630,0.992648927842
39,"[500,800)","[3.5,3.75)",9.7,9.8,9.75,38,6.1261056745,6.20296188461,97668,0.993035291247
39,"[500,800)","[3.5,3.75)",9.8,9.9,9.85,19,6.18893752757,3.06999382614,97687,0.993228472949
39,"[500,800)","[3.5,3.75)",9.9,10,9.95,34,6.25176938064,5.43846036696,97721,0.993574166523
39,"[500,800)","[3.5,3.75)",10,10.1,10.05,31,6.31460123372,4.90925695109,97752,0.993889357722
39,"[500,800)","[3.5,3.75)",10.1,10.2,10.15,23,6.37743308679,3.60646669075,97775,0.994123209256
39,"[500,800)","[3.5,3.75)",10.2,10.3,10.25,40,6.44026493986,6.21092460846,97815,0.994529907578
39,"[500,800)","[3.5,3.75)",10.3,10.4,10.35,31,6.50309679293,4.76695964816,97846,0.994845098777
39,"[500,800)","[3.5,3.75)",10.4,10.5,10.45,27,6.565928646,4.11213728563,97873,0.995119620144
39,"[500,800)","[3.5,3.75)",10.5,10.6,10.55,23,6.62876049907,3.46972861717,97896,0.995353471679
39,"[500,800)","[3.5,3.75)",10.6,10.7,10.65,30,6.69159235215,4.48323783357,97926,0.99565849542
39,"[500,800)","[3.5,3.75)",10.7,10.8,10.75,29,6.75442420522,4.29348218573,97955,0.995953351703
39,"[500,800)","[3.5,3.75)",10.8,10.9,10.85,31,6.81725605829,4.54728408834,97986,0.996268542902
39,"[500,800)","[3.5,3.75)",10.9,11,10.95,30,6.88008791136,4.36040939978,98016,0.996573566643
39,"[500,800)","[3.5,3.75)",11,11.1,11.05,27,6.94291976443,3.88885381311,98043,0.99684808801
39,"[500,800)","[3.5,3.75)",11.1,11.2,11.15,32,7.00575161751,4.56767549681,98075,0.997173446667
39,"[500,800)","[3.5,3.75)",11.2,11.3,11.25,28,7.06858347058,3.96118969473,98103,0.997458135492
39,"[500,800)","[3.5,3.75)",11.3,11.4,11.35,35,7.13141532365,4.90786168125,98138,0.997813996523
39,"[500,800)","[3.5,3.75)",11.4,11.5,11.45,32,7.19424717672,4.44799840956,98170,0.99813935518
39,"[500,800)","[3.5,3.75)",11.5,11.6,11.55,46,7.25707902979,6.33863842617,98216,0.998607058249
39,"[500,800)","[3.5,3.75)",11.6,11.7,11.65,45,7.31991088286,6.14761582758,98261,0.999064593861
39,"[500,800)","[3.5,3.75)",11.7,11.8,11.75,25,7.38274273594,3.38627538493,98286,0.999318780312
39,"[500,800)","[3.5,3.75)",11.8,11.9,11.85,36,7.44557458901,4.83508687874,98322,0.999684808801
39,"[500,800)","[3.5,3.75)",11.9,12,11.95,31,7.50840644208,4.12870563669,98353,1
40,"[500,800)","[3.75,4.0)",0,0.1,0.05,18,0.0314159265359,572.957795131,18,0.000667235052081
40,"[500,800)","[3.75,4.0)",0.1,0.2,0.15,34,0.0942477796077,360.751204342,52,0.00192756792824
40,"[500,800)","[3.75,4.0)",0.2,0.3,0.25,51,0.157079632679,324.676083907,103,0.00381806724247
40,"[500,800)","[3.75,4.0)",0.3,0.4,0.35,62,0.219911485751,281.931613477,165,0.00611632131075
40,"[500,800)","[3.75,4.0)",0.4,0.5,0.45,53,0.282743338823,187.449155197,218,0.00808095785299
40,"[500,800)","[3.75,4.0)",0.5,0.6,0.55,59,0.345575191895,170.729848044,277,0.0102680060793
40,"[500,800)","[3.75,4.0)",0.6,0.7,0.65,85,0.408407044967,208.125694812,362,0.0134188382696
40,"[500,800)","[3.75,4.0)",0.7,0.8,0.75,91,0.471238898038,193.107997618,453,0.016792082144
40,"[500,800)","[3.75,4.0)",0.8,0.9,0.85,96,0.53407075111,179.751465139,549,0.0203506690885
40,"[500,800)","[3.75,4.0)",0.9,1,0.95,105,0.596902604182,175.908094996,654,0.024242873559
40,"[500,800)","[3.75,4.0)",1,1.1,1.05,105,0.659734457254,159.154943092,759,0.0281350780294
40,"[500,800)","[3.75,4.0)",1.1,1.2,1.15,130,0.722566310326,179.914283495,889,0.03295399785
40,"[500,800)","[3.75,4.0)",1.2,1.3,1.25,115,0.785398163397,146.422547645,1004,0.0372168884605
40,"[500,800)","[3.75,4.0)",1.3,1.4,1.35,145,0.848230016469,170.944198136,1149,0.0425918374912
40,"[500,800)","[3.75,4.0)",1.4,1.5,1.45,163,0.911061869541,178.912108441,1312,0.0486340215739
40,"[500,800)","[3.75,4.0)",1.5,1.6,1.55,177,0.973893722613,181.74467695,1489,0.0551951662527
40,"[500,800)","[3.75,4.0)",1.6,1.7,1.65,151,1.03672557568,145.650887314,1640,0.0607925269674
40,"[500,800)","[3.75,4.0)",1.7,1.8,1.75,194,1.09955742876,176.434622628,1834,0.0679838380843
40,"[500,800)","[3.75,4.0)",1.8,1.9,1.85,180,1.16238928183,154.853458143,2014,0.0746561886051
40,"[500,800)","[3.75,4.0)",1.9,2,1.95,206,1.2252211349,168.132914241,2220,0.08229232309
40,"[500,800)","[3.75,4.0)",2,2.1,2.05,236,1.28805298797,183.22227595,2456,0.0910405159951
40,"[500,800)","[3.75,4.0)",2.1,2.2,2.15,223,1.35088484104,165.076987486,2679,0.0993068169181
40,"[500,800)","[3.75,4.0)",2.2,2.3,2.25,261,1.41371669412,184.619733987,2940,0.108981725173
40,"[500,800)","[3.75,4.0)",2.3,2.4,2.35,269,1.47654854719,182.181615709,3209,0.118953182341
40,"[500,800)","[3.75,4.0)",2.4,2.5,2.45,292,1.53938040026,189.686707685,3501,0.12977721763
40,"[500,800)","[3.75,4.0)",2.5,2.6,2.55,282,1.60221225333,176.006642949,3783,0.140230566779
40,"[500,800)","[3.75,4.0)",2.6,2.7,2.65,261,1.6650441064,156.752604328,4044,0.149905475034
40,"[500,800)","[3.75,4.0)",2.7,2.8,2.75,310,1.72787595947,179.411026758,4354,0.161396745376
40,"[500,800)","[3.75,4.0)",2.8,2.9,2.85,313,1.79070781255,174.791218203,4667,0.172999221559
40,"[500,800)","[3.75,4.0)",2.9,3,2.95,311,1.85353966562,167.787075599,4978,0.184527560515
40,"[500,800)","[3.75,4.0)",3,3.1,3.05,348,1.91637151869,181.59318097,5326,0.197427438188
40,"[500,800)","[3.75,4.0)",3.1,3.2,3.15,361,1.97920337176,182.396617321,5687,0.210809207844
40,"[500,800)","[3.75,4.0)",3.2,3.3,3.25,342,2.04203522483,167.479970884,6029,0.223486673833
40,"[500,800)","[3.75,4.0)",3.3,3.4,3.35,346,2.10486707791,164.380926298,6375,0.236312414279
40,"[500,800)","[3.75,4.0)",3.4,3.5,3.45,350,2.16769893098,161.46153647,6725,0.24928642918
40,"[500,800)","[3.75,4.0)",3.5,3.6,3.55,395,2.23053078405,177.087894426,7120,0.263928531712
40,"[500,800)","[3.75,4.0)",3.6,3.7,3.65,398,2.29336263712,173.544294111,7518,0.278681840086
40,"[500,800)","[3.75,4.0)",3.7,3.8,3.75,373,2.35619449019,158.306116729,7891,0.29250843311
40,"[500,800)","[3.75,4.0)",3.8,3.9,3.85,440,2.41902634326,181.891363534,8331,0.308818623272
40,"[500,800)","[3.75,4.0)",3.9,4,3.95,456,2.48185819634,183.733301392,8787,0.325721911258
40,"[500,800)","[3.75,4.0)",4,4.1,4.05,412,2.54469004941,161.905769269,9199,0.340994180228
40,"[500,800)","[3.75,4.0)",4.1,4.2,4.15,432,2.60752190248,165.67454317,9631,0.357007821478
40,"[500,800)","[3.75,4.0)",4.2,4.3,4.25,374,2.67035375555,140.056349921,10005,0.370871483115
40,"[500,800)","[3.75,4.0)",4.3,4.4,4.35,448,2.73318560862,163.911297713,10453,0.387478222189
40,"[500,800)","[3.75,4.0)",4.4,4.5,4.45,474,2.79601746169,169.52683826,10927,0.405048745227
40,"[500,800)","[3.75,4.0)",4.5,4.6,4.55,460,2.85884931477,160.90389851,11387,0.422100307669
40,"[500,800)","[3.75,4.0)",4.6,4.7,4.65,513,2.92168116784,175.583840443,11900,0.441116506654
40,"[500,800)","[3.75,4.0)",4.7,4.8,4.75,527,2.98451302091,176.578221072,12427,0.460651666234
40,"[500,800)","[3.75,4.0)",4.8,4.9,4.85,539,3.04734487398,176.875287271,12966,0.480631649183
40,"[500,800)","[3.75,4.0)",4.9,5,4.95,472,3.11017672705,151.759864928,13438,0.498128034993
40,"[500,800)","[3.75,4.0)",5,5.1,5.05,550,3.17300858013,173.337066734,13988,0.518515772695
40,"[500,800)","[3.75,4.0)",5.1,5.2,5.15,528,3.2358404332,163.17244651,14516,0.53808800089
40,"[500,800)","[3.75,4.0)",5.2,5.3,5.25,541,3.29867228627,164.005379453,15057,0.558142121066
40,"[500,800)","[3.75,4.0)",5.3,5.4,5.35,577,3.36150413934,171.649349839,15634,0.579530711347
40,"[500,800)","[3.75,4.0)",5.4,5.5,5.45,605,3.42433599241,176.676588203,16239,0.601957222819
40,"[500,800)","[3.75,4.0)",5.5,5.6,5.55,604,3.48716784548,173.20646059,16843,0.624346665678
40,"[500,800)","[3.75,4.0)",5.6,5.7,5.65,604,3.54999969856,170.140859518,17447,0.646736108537
40,"[500,800)","[3.75,4.0)",5.7,5.8,5.75,591,3.61283155163,163.583602378,18038,0.668643659414
40,"[500,800)","[3.75,4.0)",5.8,5.9,5.85,585,3.6756634047,159.154943092,18623,0.690328798606
40,"[500,800)","[3.75,4.0)",5.9,6,5.95,605,3.73849525777,161.829816085,19228,0.712755310079
40,"[500,800)","[3.75,4.0)",6,6.1,6.05,632,3.80132711084,166.257725676,19860,0.73618267413
40,"[500,800)","[3.75,4.0)",6.1,6.2,6.15,632,3.86415896392,163.554348023,20492,0.759610038181
40,"[500,800)","[3.75,4.0)",6.2,6.3,6.25,596,3.92699081699,151.770153732,21088,0.781702932127
40,"[500,800)","[3.75,4.0)",6.3,6.4,6.35,646,3.98982267006,161.911957854,21734,0.805649256774
40,"[500,800)","[3.75,4.0)",6.4,6.5,6.45,568,4.05265452313,140.155050661,22302,0.826704229529
40,"[500,800)","[3.75,4.0)",6.5,6.6,6.55,639,4.1154863762,155.267188757,22941,0.850391073878
40,"[500,800)","[3.75,4.0)",6.6,6.7,6.65,586,4.17831822927,140.247814514,23527,0.872113281684
40,"[500,800)","[3.75,4.0)",6.7,6.8,6.75,501,4.24115008235,118.128335539,24028,0.890684657301
40,"[500,800)","[3.75,4.0)",6.8,6.9,6.85,475,4.30398193542,110.362916743,24503,0.908292248953
40,"[500,800)","[3.75,4.0)",6.9,7,6.95,434,4.36681378849,99.3859644631,24937,0.924380027431
40,"[500,800)","[3.75,4.0)",7,7.1,7.05,378,4.42964564156,85.3341397003,25315,0.938391963524
40,"[500,800)","[3.75,4.0)",7.1,7.2,7.15,268,4.49247749463,59.6552793687,25583,0.948326352078
40,"[500,800)","[3.75,4.0)",7.2,7.3,7.25,232,4.55530934771,50.9295817894,25815,0.956926270527
40,"[500,800)","[3.75,4.0)",7.3,7.4,7.35,172,4.61814120078,37.2444220569,25987,0.963302072136
40,"[500,800)","[3.75,4.0)",7.4,7.5,7.45,121,4.68097305385,25.8493263277,26108,0.96778737443
40,"[500,800)","[3.75,4.0)",7.5,7.6,7.55,130,4.74380490692,27.4041623867,26238,0.972606294251
40,"[500,800)","[3.75,4.0)",7.6,7.7,7.65,94,4.80663675999,19.556293661,26332,0.976090743967
40,"[500,800)","[3.75,4.0)",7.7,7.8,7.75,63,4.86946861306,12.9377566642,26395,0.978426066649
40,"[500,800)","[3.75,4.0)",7.8,7.9,7.85,46,4.93230046614,9.32627692003,26441,0.980131222894
40,"[500,800)","[3.75,4.0)",7.9,8,7.95,40,4.99513231921,8.00779587884,26481,0.981613967454
40,"[500,800)","[3.75,4.0)",8,8.1,8.05,40,5.05796417228,7.90832015363,26521,0.983096712014
40,"[500,800)","[3.75,4.0)",8.1,8.2,8.15,29,5.12079602535,5.66318202413,26550,0.98417170182
40,"[500,800)","[3.75,4.0)",8.2,8.3,8.25,36,5.18362787842,6.94494297128,26586,0.985506171924
40,"[500,800)","[3.75,4.0)",8.3,8.4,8.35,18,5.24645973149,3.43088500078,26604,0.986173406976
40,"[500,800)","[3.75,4.0)",8.4,8.5,8.45,25,5.30929158457,4.70872612698,26629,0.987100122326
40,"[500,800)","[3.75,4.0)",8.5,8.6,8.55,13,5.37212343764,2.41989971953,26642,0.987582014308
40,"[500,800)","[3.75,4.0)",8.6,8.7,8.65,16,5.43495529071,2.94390646182,26658,0.988175112133
40,"[500,800)","[3.75,4.0)",8.7,8.8,8.75,8,5.49778714378,1.45513090827,26666,0.988471661045
40,"[500,800)","[3.75,4.0)",8.8,8.9,8.85,11,5.56061899685,1.97819703278,26677,0.988879415799
40,"[500,800)","[3.75,4.0)",8.9,9,8.95,10,5.62345084993,1.77826752058,26687,0.989250101939
40,"[500,800)","[3.75,4.0)",9,9.1,9.05,8,5.686282703,1.40689452457,26695,0.989546650851
40,"[500,800)","[3.75,4.0)",9.1,9.2,9.15,10,5.74911455607,1.73939828516,26705,0.989917336991
40,"[500,800)","[3.75,4.0)",9.2,9.3,9.25,9,5.81194640914,1.54853458143,26714,0.990250954517
40,"[500,800)","[3.75,4.0)",9.3,9.4,9.35,13,5.87477826221,2.21284947614,26727,0.990732846499
40,"[500,800)","[3.75,4.0)",9.4,9.5,9.45,10,5.93761011528,1.68417929198,26737,0.991103532639
40,"[500,800)","[3.75,4.0)",9.5,9.6,9.55,10,6.00044196836,1.66654390672,26747,0.991474218779
40,"[500,800)","[3.75,4.0)",9.6,9.7,9.65,9,6.06327382143,1.48434661951,26756,0.991807836305
40,"[500,800)","[3.75,4.0)",9.7,9.8,9.75,10,6.1261056745,1.63235839069,26766,0.992178522445
40,"[500,800)","[3.75,4.0)",9.8,9.9,9.85,10,6.18893752757,1.61578622428,26776,0.992549208585
40,"[500,800)","[3.75,4.0)",9.9,10,9.95,10,6.25176938064,1.59954716675,26786,0.992919894725
40,"[500,800)","[3.75,4.0)",10,10.1,10.05,12,6.31460123372,1.90035752946,26798,0.993364718093
40,"[500,800)","[3.75,4.0)",10.1,10.2,10.15,12,6.37743308679,1.88163479518,26810,0.993809541461
40,"[500,800)","[3.75,4.0)",10.2,10.3,10.25,9,6.44026493986,1.3974580369,26819,0.994143158987
40,"[500,800)","[3.75,4.0)",10.3,10.4,10.35,6,6.50309679293,0.922637351257,26825,0.994365570671
40,"[500,800)","[3.75,4.0)",10.4,10.5,10.45,10,6.565928646,1.52301380949,26835,0.994736256811
40,"[500,800)","[3.75,4.0)",10.5,10.6,10.55,11,6.62876049907,1.6594354256,26846,0.995144011565
40,"[500,800)","[3.75,4.0)",10.6,10.7,10.65,13,6.69159235215,1.94273639455,26859,0.995625903547
40,"[500,800)","[3.75,4.0)",10.7,10.8,10.75,9,6.75442420522,1.33245998868,26868,0.995959521074
40,"[500,800)","[3.75,4.0)",10.8,10.9,10.85,7,6.81725605829,1.02680608446,26875,0.996219001372
40,"[500,800)","[3.75,4.0)",10.9,11,10.95,7,6.88008791136,1.01742885995,26882,0.99647848167
40,"[500,800)","[3.75,4.0)",11,11.1,11.05,8,6.94291976443,1.15225298166,26890,0.996775030582
40,"[500,800)","[3.75,4.0)",11.1,11.2,11.15,6,7.00575161751,0.856439155651,26896,0.996997442266
40,"[500,800)","[3.75,4.0)",11.2,11.3,11.25,10,7.06858347058,1.41471060526,26906,0.997368128406
40,"[500,800)","[3.75,4.0)",11.3,11.4,11.35,12,7.13141532365,1.68269543357,26918,0.997812951774
40,"[500,800)","[3.75,4.0)",11.4,11.5,11.45,9,7.19424717672,1.25099955269,26927,0.9981465693
40,"[500,800)","[3.75,4.0)",11.5,11.6,11.55,13,7.25707902979,1.79135433783,26940,0.998628461282
40,"[500,800)","[3.75,4.0)",11.6,11.7,11.65,8,7.31991088286,1.09290948046,26948,0.998925010194
40,"[500,800)","[3.75,4.0)",11.7,11.8,11.75,8,7.38274273594,1.08360812318,26956,0.999221559106
40,"[500,800)","[3.75,4.0)",11.8,11.9,11.85,6,7.44557458901,0.805847813124,26962,0.99944397079
40,"[500,800)","[3.75,4.0)",11.9,12,11.95,15,7.50840644208,1.99776079195,26977,1
41,"[500,800)","[4.0,4.25)",0,0.1,0.05,6,0.0314159265359,190.98593171,6,0.000818107444778
41,"[500,800)","[4.0,4.25)",0.1,0.2,0.15,5,0.0942477796077,53.0516476973,11,0.00149986364876
41,"[500,800)","[4.0,4.25)",0.2,0.3,0.25,15,0.157079632679,95.4929658551,26,0.0035451322607
41,"[500,800)","[4.0,4.25)",0.3,0.4,0.35,12,0.219911485751,54.5674090601,38,0.00518134715026
41,"[500,800)","[4.0,4.25)",0.4,0.5,0.45,16,0.282743338823,56.5884242105,54,0.007362967003
41,"[500,800)","[4.0,4.25)",0.5,0.6,0.55,21,0.345575191895,60.7682509987,75,0.0102263430597
41,"[500,800)","[4.0,4.25)",0.6,0.7,0.65,29,0.408407044967,71.0075899948,104,0.0141805290428
41,"[500,800)","[4.0,4.25)",0.7,0.8,0.75,30,0.471238898038,63.6619772368,134,0.0182710662667
41,"[500,800)","[4.0,4.25)",0.8,0.9,0.85,25,0.53407075111,46.81027738,159,0.0216798472866
41,"[500,800)","[4.0,4.25)",0.9,1,0.95,25,0.596902604182,41.882879761,184,0.0250886283065
41,"[500,800)","[4.0,4.25)",1,1.1,1.05,30,0.659734457254,45.4728408834,214,0.0291791655304
41,"[500,800)","[4.0,4.25)",1.1,1.2,1.15,37,0.722566310326,51.2063729948,251,0.0342241614399
41,"[500,800)","[4.0,4.25)",1.2,1.3,1.25,31,0.785398163397,39.4704258868,282,0.0384510499046
41,"[500,800)","[4.0,4.25)",1.3,1.4,1.35,39,0.848230016469,45.978094671,321,0.0437687482956
41,"[500,800)","[4.0,4.25)",1.4,1.5,1.45,62,0.911061869541,68.0524584255,383,0.052222525225
41,"[500,800)","[4.0,4.25)",1.5,1.6,1.55,50,0.973893722613,51.3403042232,433,0.0590400872648
41,"[500,800)","[4.0,4.25)",1.6,1.7,1.65,50,1.03672557568,48.2287706339,483,0.0658576493046
41,"[500,800)","[4.0,4.25)",1.7,1.8,1.75,60,1.09955742876,54.5674090601,543,0.0740387237524
41,"[500,800)","[4.0,4.25)",1.8,1.9,1.85,53,1.16238928183,45.5957404534,596,0.0812653395146
41,"[500,800)","[4.0,4.25)",1.9,2,1.95,65,1.2252211349,53.0516476973,661,0.0901281701663
41,"[500,800)","[4.0,4.25)",2,2.1,2.05,63,1.28805298797,48.9110312917,724,0.0987182983365
41,"[500,800)","[4.0,4.25)",2.1,2.2,2.15,68,1.35088484104,50.33737735,792,0.107990182711
41,"[500,800)","[4.0,4.25)",2.2,2.3,2.25,65,1.41371669412,45.978094671,857,0.116853013362
41,"[500,800)","[4.0,4.25)",2.3,2.4,2.35,58,1.47654854719,39.2807944652,915,0.124761385329
41,"[500,800)","[4.0,4.25)",2.4,2.5,2.45,68,1.53938040026,44.1736168582,983,0.134033269703
41,"[500,800)","[4.0,4.25)",2.5,2.6,2.55,82,1.60221225333,51.1792366021,1065,0.145214071448
41,"[500,800)","[4.0,4.25)",2.6,2.7,2.65,71,1.6650441064,42.6415130548,1136,0.154895009545
41,"[500,800)","[4.0,4.25)",2.7,2.8,2.75,75,1.72787595947,43.4058935705,1211,0.165121352604
41,"[500,800)","[4.0,4.25)",2.8,2.9,2.85,74,1.79070781255,41.3244413642,1285,0.175211344423
41,"[500,800)","[4.0,4.25)",2.9,3,2.95,91,1.85353966562,49.0952536317,1376,0.187619307336
41,"[500,800)","[4.0,4.25)",3,3.1,3.05,95,1.91637151869,49.572851127,1471,0.200572675211
41,"[500,800)","[4.0,4.25)",3.1,3.2,3.15,100,1.97920337176,50.5253787593,1571,0.214207799291
41,"[500,800)","[4.0,4.25)",3.2,3.3,3.25,94,2.04203522483,46.0325066173,1665,0.227024815926
41,"[500,800)","[4.0,4.25)",3.3,3.4,3.35,109,2.10486707791,51.7847426777,1774,0.241887101173
41,"[500,800)","[4.0,4.25)",3.4,3.5,3.45,97,2.16769893098,44.747911536,1871,0.25511317153
41,"[500,800)","[4.0,4.25)",3.5,3.6,3.55,130,2.23053078405,58.2820918365,2001,0.272838832833
41,"[500,800)","[4.0,4.25)",3.6,3.7,3.65,100,2.29336263712,43.6040939978,2101,0.286473956913
41,"[500,800)","[4.0,4.25)",3.7,3.8,3.75,97,2.35619449019,41.1680786131,2198,0.29970002727
41,"[500,800)","[4.0,4.25)",3.8,3.9,3.85,104,2.41902634326,42.9925041079,2302,0.313880556313
41,"[500,800)","[4.0,4.25)",3.9,4,3.95,106,2.48185819634,42.7099340955,2408,0.328333787837
41,"[500,800)","[4.0,4.25)",4,4.1,4.05,121,2.54469004941,47.5499953435,2529,0.344832287974
41,"[500,800)","[4.0,4.25)",4.1,4.2,4.15,110,2.60752190248,42.1856475665,2639,0.359830924461
41,"[500,800)","[4.0,4.25)",4.2,4.3,4.25,110,2.67035375555,41.1930440944,2749,0.374829560949
41,"[500,800)","[4.0,4.25)",4.3,4.4,4.35,141,2.73318560862,51.5881539677,2890,0.394055085901
41,"[500,800)","[4.0,4.25)",4.4,4.5,4.45,119,2.79601746169,42.5605353437,3009,0.410280883556
41,"[500,800)","[4.0,4.25)",4.5,4.6,4.55,139,2.85884931477,48.6209606369,3148,0.429233706027
41,"[500,800)","[4.0,4.25)",4.6,4.7,4.65,166,2.92168116784,56.8166033403,3314,0.451868011999
41,"[500,800)","[4.0,4.25)",4.7,4.8,4.75,150,2.98451302091,50.2594557132,3464,0.472320698118
41,"[500,800)","[4.0,4.25)",4.8,4.9,4.85,121,3.04734487398,39.7066971425,3585,0.488819198255
41,"[500,800)","[4.0,4.25)",4.9,5,4.95,128,3.11017672705,41.1552176076,3713,0.506272157077
41,"[500,800)","[4.0,4.25)",5,5.1,5.05,148,3.17300858013,46.6434288665,3861,0.526452140714
41,"[500,800)","[4.0,4.25)",5.1,5.2,5.15,167,3.2358404332,51.6094669832,4028,0.549222797927
41,"[500,800)","[4.0,4.25)",5.2,5.3,5.25,162,3.29867228627,49.1106681541,4190,0.571311698936
41,"[500,800)","[4.0,4.25)",5.3,5.4,5.35,150,3.36150413934,44.6228812407,4340,0.591764385056
41,"[500,800)","[4.0,4.25)",5.4,5.5,5.45,140,3.42433599241,40.8838385924,4480,0.610853558767
41,"[500,800)","[4.0,4.25)",5.5,5.6,5.55,151,3.48716784548,43.3016151475,4631,0.631442596128
41,"[500,800)","[4.0,4.25)",5.6,5.7,5.65,131,3.54999969856,36.9014115841,4762,0.649304608672
41,"[500,800)","[4.0,4.25)",5.7,5.8,5.75,158,3.61283155163,43.7330104496,4920,0.670848104718
41,"[500,800)","[4.0,4.25)",5.8,5.9,5.85,159,3.6756634047,43.2574973532,5079,0.692527952004
41,"[500,800)","[4.0,4.25)",5.9,6,5.95,145,3.73849525777,38.7856584005,5224,0.71229888192
41,"[500,800)","[4.0,4.25)",6,6.1,6.05,168,3.80132711084,44.1950916354,5392,0.735205890374
41,"[500,800)","[4.0,4.25)",6.1,6.2,6.15,142,3.86415896392,36.7479706001,5534,0.754567766567
41,"[500,800)","[4.0,4.25)",6.2,6.3,6.25,151,3.92699081699,38.451834251,5685,0.775156803927
41,"[500,800)","[4.0,4.25)",6.3,6.4,6.35,153,3.98982267006,38.3475689654,5838,0.796018543769
41,"[500,800)","[4.0,4.25)",6.4,6.5,6.45,151,4.05265452313,37.259529313,5989,0.816607581129
41,"[500,800)","[4.0,4.25)",6.5,6.6,6.55,142,4.1154863762,34.5038197237,6131,0.835969457322
41,"[500,800)","[4.0,4.25)",6.6,6.7,6.65,127,4.17831822927,30.3950041694,6258,0.853286064903
41,"[500,800)","[4.0,4.25)",6.7,6.8,6.75,111,4.24115008235,26.1721461973,6369,0.868421052632
41,"[500,800)","[4.0,4.25)",6.8,6.9,6.85,119,4.30398193542,27.6488149313,6488,0.884646850286
41,"[500,800)","[4.0,4.25)",6.9,7,6.95,127,4.36681378849,29.082989601,6615,0.901963457867
41,"[500,800)","[4.0,4.25)",7,7.1,7.05,105,4.42964564156,23.7039276945,6720,0.916280338151
41,"[500,800)","[4.0,4.25)",7.1,7.2,7.15,65,4.49247749463,14.4686311902,6785,0.925143168803
41,"[500,800)","[4.0,4.25)",7.2,7.3,7.25,67,4.55530934771,14.7081119823,6852,0.934278701936
41,"[500,800)","[4.0,4.25)",7.3,7.4,7.35,68,4.61814120078,14.7245389527,6920,0.94355058631
41,"[500,800)","[4.0,4.25)",7.4,7.5,7.45,44,4.68097305385,9.39975502825,6964,0.949550040905
41,"[500,800)","[4.0,4.25)",7.5,7.6,7.55,36,4.74380490692,7.58884496862,7000,0.954458685574
41,"[500,800)","[4.0,4.25)",7.6,7.7,7.65,31,4.80663675999,6.44941599457,7031,0.958685574039
41,"[500,800)","[4.0,4.25)",7.7,7.8,7.75,27,4.86946861306,5.5447528561,7058,0.96236705754
41,"[500,800)","[4.0,4.25)",7.8,7.9,7.85,20,4.93230046614,4.05490300871,7078,0.965094082356
41,"[500,800)","[4.0,4.25)",7.9,8,7.95,20,4.99513231921,4.00389793942,7098,0.967821107172
41,"[500,800)","[4.0,4.25)",8,8.1,8.05,19,5.05796417228,3.75645207298,7117,0.970411780747
41,"[500,800)","[4.0,4.25)",8.1,8.2,8.15,22,5.12079602535,4.29620705279,7139,0.973411508045
41,"[500,800)","[4.0,4.25)",8.2,8.3,8.25,15,5.18362787842,2.89372623803,7154,0.975456776657
41,"[500,800)","[4.0,4.25)",8.3,8.4,8.35,14,5.24645973149,2.66846611172,7168,0.977365694028
41,"[500,800)","[4.0,4.25)",8.4,8.5,8.45,14,5.30929158457,2.63688663111,7182,0.979274611399
41,"[500,800)","[4.0,4.25)",8.5,8.6,8.55,13,5.37212343764,2.41989971953,7195,0.981047177529
41,"[500,800)","[4.0,4.25)",8.6,8.7,8.65,13,5.43495529071,2.39192400022,7208,0.98281974366
41,"[500,800)","[4.0,4.25)",8.7,8.8,8.75,8,5.49778714378,1.45513090827,7216,0.983910553586
41,"[500,800)","[4.0,4.25)",8.8,8.9,8.85,5,5.56061899685,0.899180469446,7221,0.98459230979
41,"[500,800)","[4.0,4.25)",8.9,9,8.95,6,5.62345084993,1.06696051235,7227,0.985410417235
41,"[500,800)","[4.0,4.25)",9,9.1,9.05,7,5.686282703,1.231032709,7234,0.98636487592
41,"[500,800)","[4.0,4.25)",9.1,9.2,9.15,6,5.74911455607,1.04363897109,7240,0.987182983365
41,"[500,800)","[4.0,4.25)",9.2,9.3,9.25,3,5.81194640914,0.516178193812,7243,0.987592037088
41,"[500,800)","[4.0,4.25)",9.3,9.4,9.35,4,5.87477826221,0.68087676189,7247,0.988137442051
41,"[500,800)","[4.0,4.25)",9.4,9.5,9.45,4,5.93761011528,0.673671716791,7251,0.988682847014
41,"[500,800)","[4.0,4.25)",9.5,9.6,9.55,6,6.00044196836,0.999926344033,7257,0.989500954459
41,"[500,800)","[4.0,4.25)",9.6,9.7,9.65,3,6.06327382143,0.494782206503,7260,0.989910008181
41,"[500,800)","[4.0,4.25)",9.7,9.8,9.75,4,6.1261056745,0.652943356274,7264,0.990455413144
41,"[500,800)","[4.0,4.25)",9.8,9.9,9.85,6,6.18893752757,0.96947173457,7270,0.991273520589
41,"[500,800)","[4.0,4.25)",9.9,10,9.95,6,6.25176938064,0.959728300052,7276,0.992091628034
41,"[500,800)","[4.0,4.25)",10,10.1,10.05,1,6.31460123372,0.158363127455,7277,0.992227979275
41,"[500,800)","[4.0,4.25)",10.1,10.2,10.15,4,6.37743308679,0.627211598392,7281,0.992773384238
41,"[500,800)","[4.0,4.25)",10.2,10.3,10.25,3,6.44026493986,0.465819345635,7284,0.99318243796
41,"[500,800)","[4.0,4.25)",10.3,10.4,10.35,1,6.50309679293,0.153772891876,7285,0.993318789201
41,"[500,800)","[4.0,4.25)",10.4,10.5,10.45,5,6.565928646,0.761506904746,7290,0.994000545405
41,"[500,800)","[4.0,4.25)",10.5,10.6,10.55,4,6.62876049907,0.603431063856,7294,0.994545950368
41,"[500,800)","[4.0,4.25)",10.6,10.7,10.65,3,6.69159235215,0.448323783357,7297,0.994955004091
41,"[500,800)","[4.0,4.25)",10.7,10.8,10.75,2,6.75442420522,0.296102219706,7299,0.995227706572
41,"[500,800)","[4.0,4.25)",10.8,10.9,10.85,0,6.81725605829,0,7299,0.995227706572
41,"[500,800)","[4.0,4.25)",10.9,11,10.95,5,6.88008791136,0.726734899963,7304,0.995909462776
41,"[500,800)","[4.0,4.25)",11,11.1,11.05,4,6.94291976443,0.57612649083,7308,0.996454867739
41,"[500,800)","[4.0,4.25)",11.1,11.2,11.15,1,7.00575161751,0.142739859275,7309,0.99659121898
41,"[500,800)","[4.0,4.25)",11.2,11.3,11.25,4,7.06858347058,0.565884242105,7313,0.997136623943
41,"[500,800)","[4.0,4.25)",11.3,11.4,11.35,6,7.13141532365,0.841347716785,7319,0.997954731388
41,"[500,800)","[4.0,4.25)",11.4,11.5,11.45,1,7.19424717672,0.138999950299,7320,0.998091082629
41,"[500,800)","[4.0,4.25)",11.5,11.6,11.55,5,7.25707902979,0.688982437627,7325,0.998772838833
41,"[500,800)","[4.0,4.25)",11.6,11.7,11.65,2,7.31991088286,0.273227370115,7327,0.999045541314
41,"[500,800)","[4.0,4.25)",11.7,11.8,11.75,3,7.38274273594,0.406353046192,7330,0.999454595037
41,"[500,800)","[4.0,4.25)",11.8,11.9,11.85,0,7.44557458901,0,7330,0.999454595037
41,"[500,800)","[4.0,4.25)",11.9,12,11.95,4,7.50840644208,0.532736211186,7334,1
42,"[500,800)","[4.25,4.5)",0,0.1,0.05,0,0.0314159265359,0,0,0
42,"[500,800)","[4.25,4.5)",0.1,0.2,0.15,2,0.0942477796077,21.2206590789,2,0.000934579439252
42,"[500,800)","[4.25,4.5)",0.2,0.3,0.25,0,0.157079632679,0,2,0.000934579439252
42,"[500,800)","[4.25,4.5)",0.3,0.4,0.35,6,0.219911485751,27.28370453,8,0.00373831775701
42,"[500,800)","[4.25,4.5)",0.4,0.5,0.45,3,0.282743338823,10.6103295395,11,0.00514018691589
42,"[500,800)","[4.25,4.5)",0.5,0.6,0.55,5,0.345575191895,14.4686311902,16,0.00747663551402
42,"[500,800)","[4.25,4.5)",0.6,0.7,0.65,6,0.408407044967,14.6912255162,22,0.0102803738318
42,"[500,800)","[4.25,4.5)",0.7,0.8,0.75,10,0.471238898038,21.2206590789,32,0.014953271028
42,"[500,800)","[4.25,4.5)",0.8,0.9,0.85,11,0.53407075111,20.5965220472,43,0.0200934579439
42,"[500,800)","[4.25,4.5)",0.9,1,0.95,9,0.596902604182,15.077836714,52,0.0242990654206
42,"[500,800)","[4.25,4.5)",1,1.1,1.05,15,0.659734457254,22.7364204417,67,0.031308411215
42,"[500,800)","[4.25,4.5)",1.1,1.2,1.15,8,0.722566310326,11.0716482151,75,0.035046728972
42,"[500,800)","[4.25,4.5)",1.2,1.3,1.25,13,0.785398163397,16.5521140816,88,0.0411214953271
42,"[500,800)","[4.25,4.5)",1.3,1.4,1.35,12,0.848230016469,14.1471060526,100,0.0467289719626
42,"[500,800)","[4.25,4.5)",1.4,1.5,1.45,5,0.911061869541,5.48810148593,105,0.0490654205607
42,"[500,800)","[4.25,4.5)",1.5,1.6,1.55,13,0.973893722613,13.348479098,118,0.0551401869159
42,"[500,800)","[4.25,4.5)",1.6,1.7,1.65,17,1.03672557568,16.3977820155,135,0.0630841121495
42,"[500,800)","[4.25,4.5)",1.7,1.8,1.75,15,1.09955742876,13.641852265,150,0.0700934579439
42,"[500,800)","[4.25,4.5)",1.8,1.9,1.85,18,1.16238928183,15.4853458143,168,0.0785046728972
42,"[500,800)","[4.25,4.5)",1.9,2,1.95,18,1.2252211349,14.6912255162,186,0.0869158878505
42,"[500,800)","[4.25,4.5)",2,2.1,2.05,22,1.28805298797,17.0800426733,208,0.0971962616822
42,"[500,800)","[4.25,4.5)",2.1,2.2,2.15,18,1.35088484104,13.3245998868,226,0.105607476636
42,"[500,800)","[4.25,4.5)",2.2,2.3,2.25,22,1.41371669412,15.5618166579,248,0.115887850467
42,"[500,800)","[4.25,4.5)",2.3,2.4,2.35,23,1.47654854719,15.5768667707,271,0.126635514019
42,"[500,800)","[4.25,4.5)",2.4,2.5,2.45,10,1.53938040026,6.4961201262,281,0.131308411215
42,"[500,800)","[4.25,4.5)",2.5,2.6,2.55,26,1.60221225333,16.2275628251,307,0.143457943925
42,"[500,800)","[4.25,4.5)",2.6,2.7,2.65,24,1.6650441064,14.4140325819,331,0.154672897196
42,"[500,800)","[4.25,4.5)",2.7,2.8,2.75,30,1.72787595947,17.3623574282,361,0.168691588785
42,"[500,800)","[4.25,4.5)",2.8,2.9,2.85,12,1.79070781255,6.70126076176,373,0.174299065421
42,"[500,800)","[4.25,4.5)",2.9,3,2.95,22,1.85353966562,11.8691821967,395,0.184579439252
42,"[500,800)","[4.25,4.5)",3,3.1,3.05,23,1.91637151869,12.0018481676,418,0.195327102804
42,"[500,800)","[4.25,4.5)",3.1,3.2,3.15,26,1.97920337176,13.1365984774,444,0.207476635514
42,"[500,800)","[4.25,4.5)",3.2,3.3,3.25,28,2.04203522483,13.7118104818,472,0.220560747664
42,"[500,800)","[4.25,4.5)",3.3,3.4,3.35,26,2.10486707791,12.3523239415,498,0.232710280374
42,"[500,800)","[4.25,4.5)",3.4,3.5,3.45,33,2.16769893098,15.2235162957,531,0.248130841121
42,"[500,800)","[4.25,4.5)",3.5,3.6,3.55,38,2.23053078405,17.0363037676,569,0.265887850467
42,"[500,800)","[4.25,4.5)",3.6,3.7,3.65,29,2.29336263712,12.6451872594,598,0.279439252336
42,"[500,800)","[4.25,4.5)",3.7,3.8,3.75,37,2.35619449019,15.7032877184,635,0.296728971963
42,"[500,800)","[4.25,4.5)",3.8,3.9,3.85,36,2.41902634326,14.8820206527,671,0.313551401869
42,"[500,800)","[4.25,4.5)",3.9,4,3.95,45,2.48185819634,18.1315757953,716,0.334579439252
42,"[500,800)","[4.25,4.5)",4,4.1,4.05,36,2.54469004941,14.1471060526,752,0.351401869159
42,"[500,800)","[4.25,4.5)",4.1,4.2,4.15,24,2.60752190248,9.20414128724,776,0.36261682243
42,"[500,800)","[4.25,4.5)",4.2,4.3,4.25,27,2.67035375555,10.1110199141,803,0.37523364486
42,"[500,800)","[4.25,4.5)",4.3,4.4,4.35,32,2.73318560862,11.7079498366,835,0.390186915888
42,"[500,800)","[4.25,4.5)",4.4,4.5,4.45,34,2.79601746169,12.1601529553,869,0.406074766355
42,"[500,800)","[4.25,4.5)",4.5,4.6,4.55,36,2.85884931477,12.5924790139,905,0.422897196262
42,"[500,800)","[4.25,4.5)",4.6,4.7,4.65,34,2.92168116784,11.6371356239,939,0.438785046729
42,"[500,800)","[4.25,4.5)",4.7,4.8,4.75,30,2.98451302091,10.0518911426,969,0.452803738318
42,"[500,800)","[4.25,4.5)",4.8,4.9,4.85,47,3.04734487398,15.4232625264,1016,0.47476635514
42,"[500,800)","[4.25,4.5)",4.9,5,4.95,31,3.11017672705,9.96727926434,1047,0.489252336449
42,"[500,800)","[4.25,4.5)",5,5.1,5.05,35,3.17300858013,11.0305406103,1082,0.505607476636
42,"[500,800)","[4.25,4.5)",5.1,5.2,5.15,36,3.2358404332,11.1253940802,1118,0.522429906542
42,"[500,800)","[4.25,4.5)",5.2,5.3,5.25,44,3.29867228627,13.3386999925,1162,0.542990654206
42,"[500,800)","[4.25,4.5)",5.3,5.4,5.35,37,3.36150413934,11.0069773727,1199,0.560280373832
42,"[500,800)","[4.25,4.5)",5.4,5.5,5.45,45,3.42433599241,13.1412338333,1244,0.581308411215
42,"[500,800)","[4.25,4.5)",5.5,5.6,5.55,45,3.48716784548,12.9044548453,1289,0.602336448598
42,"[500,800)","[4.25,4.5)",5.6,5.7,5.65,27,3.54999969856,7.60563444864,1316,0.614953271028
42,"[500,800)","[4.25,4.5)",5.7,5.8,5.75,34,3.61283155163,9.41090098283,1350,0.630841121495
42,"[500,800)","[4.25,4.5)",5.8,5.9,5.85,26,3.6756634047,7.07355302631,1376,0.642990654206
42,"[500,800)","[4.25,4.5)",5.9,6,5.95,32,3.73849525777,8.55959357805,1408,0.657943925234
42,"[500,800)","[4.25,4.5)",6,6.1,6.05,41,3.80132711084,10.7857068872,1449,0.677102803738
42,"[500,800)","[4.25,4.5)",6.1,6.2,6.15,38,3.86415896392,9.8339639634,1487,0.694859813084
42,"[500,800)","[4.25,4.5)",6.2,6.3,6.25,28,3.92699081699,7.13014145052,1515,0.707943925234
42,"[500,800)","[4.25,4.5)",6.3,6.4,6.35,37,3.98982267006,9.27359510929,1552,0.72523364486
42,"[500,800)","[4.25,4.5)",6.4,6.5,6.45,23,4.05265452313,5.67529254436,1575,0.735981308411
42,"[500,800)","[4.25,4.5)",6.5,6.6,6.55,32,4.1154863762,7.77550867014,1607,0.750934579439
42,"[500,800)","[4.25,4.5)",6.6,6.7,6.65,28,4.17831822927,6.70126076176,1635,0.764018691589
42,"[500,800)","[4.25,4.5)",6.7,6.8,6.75,30,4.24115008235,7.07355302631,1665,0.778037383178
42,"[500,800)","[4.25,4.5)",6.8,6.9,6.85,37,4.30398193542,8.59669035679,1702,0.795327102804
42,"[500,800)","[4.25,4.5)",6.9,7,6.95,18,4.36681378849,4.12199852612,1720,0.803738317757
42,"[500,800)","[4.25,4.5)",7,7.1,7.05,26,4.42964564156,5.86954400055,1746,0.815887850467
42,"[500,800)","[4.25,4.5)",7.1,7.2,7.15,27,4.49247749463,6.01004680207,1773,0.828504672897
42,"[500,800)","[4.25,4.5)",7.2,7.3,7.25,18,4.55530934771,3.95143306987,1791,0.83691588785
42,"[500,800)","[4.25,4.5)",7.3,7.4,7.35,25,4.61814120078,5.4134334385,1816,0.848598130841
42,"[500,800)","[4.25,4.5)",7.4,7.5,7.45,25,4.68097305385,5.34076990241,1841,0.860280373832
42,"[500,800)","[4.25,4.5)",7.5,7.6,7.55,15,4.74380490692,3.16201873693,1856,0.867289719626
42,"[500,800)","[4.25,4.5)",7.6,7.7,7.65,19,4.80663675999,3.95286786764,1875,0.876168224299
42,"[500,800)","[4.25,4.5)",7.7,7.8,7.75,14,4.86946861306,2.8750570365,1889,0.882710280374
42,"[500,800)","[4.25,4.5)",7.8,7.9,7.85,15,4.93230046614,3.04117725653,1904,0.889719626168
42,"[500,800)","[4.25,4.5)",7.9,8,7.95,16,4.99513231921,3.20311835154,1920,0.897196261682
42,"[500,800)","[4.25,4.5)",8,8.1,8.05,14,5.05796417228,2.76791205377,1934,0.903738317757
42,"[500,800)","[4.25,4.5)",8.1,8.2,8.15,12,5.12079602535,2.34338566516,1946,0.909345794393
42,"[500,800)","[4.25,4.5)",8.2,8.3,8.25,19,5.18362787842,3.66538656818,1965,0.918224299065
42,"[500,800)","[4.25,4.5)",8.3,8.4,8.35,16,5.24645973149,3.04967555625,1981,0.925700934579
42,"[500,800)","[4.25,4.5)",8.4,8.5,8.45,12,5.30929158457,2.26018854095,1993,0.931308411215
42,"[500,800)","[4.25,4.5)",8.5,8.6,8.55,15,5.37212343764,2.79219198407,2008,0.938317757009
42,"[500,800)","[4.25,4.5)",8.6,8.7,8.65,10,5.43495529071,1.83994153863,2018,0.942990654206
42,"[500,800)","[4.25,4.5)",8.7,8.8,8.75,9,5.49778714378,1.6370222718,2027,0.947196261682
42,"[500,800)","[4.25,4.5)",8.8,8.9,8.85,9,5.56061899685,1.618524845,2036,0.951401869159
42,"[500,800)","[4.25,4.5)",8.9,9,8.95,14,5.62345084993,2.48957452881,2050,0.957943925234
42,"[500,800)","[4.25,4.5)",9,9.1,9.05,10,5.686282703,1.75861815571,2060,0.96261682243
42,"[500,800)","[4.25,4.5)",9.1,9.2,9.15,7,5.74911455607,1.21757879961,2067,0.965887850467
42,"[500,800)","[4.25,4.5)",9.2,9.3,9.25,4,5.81194640914,0.688237591749,2071,0.967757009346
42,"[500,800)","[4.25,4.5)",9.3,9.4,9.35,8,5.87477826221,1.36175352378,2079,0.971495327103
42,"[500,800)","[4.25,4.5)",9.4,9.5,9.45,7,5.93761011528,1.17892550438,2086,0.97476635514
42,"[500,800)","[4.25,4.5)",9.5,9.6,9.55,3,6.00044196836,0.499963172016,2089,0.976168224299
42,"[500,800)","[4.25,4.5)",9.6,9.7,9.65,3,6.06327382143,0.494782206503,2092,0.977570093458
42,"[500,800)","[4.25,4.5)",9.7,9.8,9.75,4,6.1261056745,0.652943356274,2096,0.979439252336
42,"[500,800)","[4.25,4.5)",9.8,9.9,9.85,4,6.18893752757,0.646314489713,2100,0.981308411215
42,"[500,800)","[4.25,4.5)",9.9,10,9.95,2,6.25176938064,0.319909433351,2102,0.982242990654
42,"[500,800)","[4.25,4.5)",10,10.1,10.05,5,6.31460123372,0.791815637273,2107,0.984579439252
42,"[500,800)","[4.25,4.5)",10.1,10.2,10.15,4,6.37743308679,0.627211598392,2111,0.986448598131
42,"[500,800)","[4.25,4.5)",10.2,10.3,10.25,3,6.44026493986,0.465819345635,2114,0.98785046729
42,"[500,800)","[4.25,4.5)",10.3,10.4,10.35,1,6.50309679293,0.153772891876,2115,0.988317757009
42,"[500,800)","[4.25,4.5)",10.4,10.5,10.45,6,6.565928646,0.913808285695,2121,0.991121495327
42,"[500,800)","[4.25,4.5)",10.5,10.6,10.55,2,6.62876049907,0.301715531928,2123,0.992056074766
42,"[500,800)","[4.25,4.5)",10.6,10.7,10.65,5,6.69159235215,0.747206305596,2128,0.994392523364
42,"[500,800)","[4.25,4.5)",10.7,10.8,10.75,1,6.75442420522,0.148051109853,2129,0.994859813084
42,"[500,800)","[4.25,4.5)",10.8,10.9,10.85,1,6.81725605829,0.146686583495,2130,0.995327102804
42,"[500,800)","[4.25,4.5)",10.9,11,10.95,1,6.88008791136,0.145346979993,2131,0.995794392523
42,"[500,800)","[4.25,4.5)",11,11.1,11.05,1,6.94291976443,0.144031622708,2132,0.996261682243
42,"[500,800)","[4.25,4.5)",11.1,11.2,11.15,0,7.00575161751,0,2132,0.996261682243
42,"[500,800)","[4.25,4.5)",11.2,11.3,11.25,0,7.06858347058,0,2132,0.996261682243
42,"[500,800)","[4.25,4.5)",11.3,11.4,11.35,0,7.13141532365,0,2132,0.996261682243
42,"[500,800)","[4.25,4.5)",11.4,11.5,11.45,2,7.19424717672,0.277999900597,2134,0.997196261682
42,"[500,800)","[4.25,4.5)",11.5,11.6,11.55,1,7.25707902979,0.137796487525,2135,0.997663551402
42,"[500,800)","[4.25,4.5)",11.6,11.7,11.65,3,7.31991088286,0.409841055172,2138,0.999065420561
42,"[500,800)","[4.25,4.5)",11.7,11.8,11.75,0,7.38274273594,0,2138,0.999065420561
42,"[500,800)","[4.25,4.5)",11.8,11.9,11.85,0,7.44557458901,0,2138,0.999065420561
42,"[500,800)","[4.25,4.5)",11.9,12,11.95,2,7.50840644208,0.266368105593,2140,1
43,"[500,800)","[4.5,4.75)",0,0.1,0.05,1,0.0314159265359,31.8309886184,1,0.0011961722488
43,"[500,800)","[4.5,4.75)",0.1,0.2,0.15,2,0.0942477796077,21.2206590789,3,0.00358851674641
43,"[500,800)","[4.5,4.75)",0.2,0.3,0.25,1,0.157079632679,6.36619772368,4,0.00478468899522
43,"[500,800)","[4.5,4.75)",0.3,0.4,0.35,1,0.219911485751,4.54728408834,5,0.00598086124402
43,"[500,800)","[4.5,4.75)",0.4,0.5,0.45,1,0.282743338823,3.53677651315,6,0.00717703349282
43,"[500,800)","[4.5,4.75)",0.5,0.6,0.55,2,0.345575191895,5.78745247607,8,0.00956937799043
43,"[500,800)","[4.5,4.75)",0.6,0.7,0.65,2,0.408407044967,4.89707517206,10,0.011961722488
43,"[500,800)","[4.5,4.75)",0.7,0.8,0.75,2,0.471238898038,4.24413181578,12,0.0143540669856
43,"[500,800)","[4.5,4.75)",0.8,0.9,0.85,7,0.53407075111,13.1068776664,19,0.0227272727273
43,"[500,800)","[4.5,4.75)",0.9,1,0.95,5,0.596902604182,8.37657595221,24,0.0287081339713
43,"[500,800)","[4.5,4.75)",1,1.1,1.05,6,0.659734457254,9.09456817668,30,0.0358851674641
43,"[500,800)","[4.5,4.75)",1.1,1.2,1.15,3,0.722566310326,4.15186808066,33,0.0394736842105
43,"[500,800)","[4.5,4.75)",1.2,1.3,1.25,6,0.785398163397,7.63943726841,39,0.0466507177033
43,"[500,800)","[4.5,4.75)",1.3,1.4,1.35,4,0.848230016469,4.71570201754,43,0.0514354066986
43,"[500,800)","[4.5,4.75)",1.4,1.5,1.45,1,0.911061869541,1.09762029719,44,0.0526315789474
43,"[500,800)","[4.5,4.75)",1.5,1.6,1.55,6,0.973893722613,6.16083650678,50,0.0598086124402
43,"[500,800)","[4.5,4.75)",1.6,1.7,1.65,7,1.03672557568,6.75202788875,57,0.0681818181818
43,"[500,800)","[4.5,4.75)",1.7,1.8,1.75,8,1.09955742876,7.27565454134,65,0.0777511961722
43,"[500,800)","[4.5,4.75)",1.8,1.9,1.85,5,1.16238928183,4.30148494843,70,0.0837320574163
43,"[500,800)","[4.5,4.75)",1.9,2,1.95,6,1.2252211349,4.89707517206,76,0.0909090909091
43,"[500,800)","[4.5,4.75)",2,2.1,2.05,4,1.28805298797,3.10546230423,80,0.0956937799043
43,"[500,800)","[4.5,4.75)",2.1,2.2,2.15,6,1.35088484104,4.44153329559,86,0.102870813397
43,"[500,800)","[4.5,4.75)",2.2,2.3,2.25,9,1.41371669412,6.36619772368,95,0.113636363636
43,"[500,800)","[4.5,4.75)",2.3,2.4,2.35,5,1.47654854719,3.38627538493,100,0.11961722488
43,"[500,800)","[4.5,4.75)",2.4,2.5,2.45,9,1.53938040026,5.84650811358,109,0.13038277512
43,"[500,800)","[4.5,4.75)",2.5,2.6,2.55,5,1.60221225333,3.12068515866,114,0.136363636364
43,"[500,800)","[4.5,4.75)",2.6,2.7,2.65,9,1.6650441064,5.40526221822,123,0.147129186603
43,"[500,800)","[4.5,4.75)",2.7,2.8,2.75,9,1.72787595947,5.20870722846,132,0.157894736842
43,"[500,800)","[4.5,4.75)",2.8,2.9,2.85,18,1.79070781255,10.0518911426,150,0.179425837321
43,"[500,800)","[4.5,4.75)",2.9,3,2.95,4,1.85353966562,2.15803312667,154,0.184210526316
43,"[500,800)","[4.5,4.75)",3,3.1,3.05,6,1.91637151869,3.13091691328,160,0.191387559809
43,"[500,800)","[4.5,4.75)",3.1,3.2,3.15,8,1.97920337176,4.04203030075,168,0.200956937799
43,"[500,800)","[4.5,4.75)",3.2,3.3,3.25,10,2.04203522483,4.89707517206,178,0.212918660287
43,"[500,800)","[4.5,4.75)",3.3,3.4,3.35,10,2.10486707791,4.75089382364,188,0.224880382775
43,"[500,800)","[4.5,4.75)",3.4,3.5,3.45,14,2.16769893098,6.4584614588,202,0.241626794258
43,"[500,800)","[4.5,4.75)",3.5,3.6,3.55,10,2.23053078405,4.48323783357,212,0.253588516746
43,"[500,800)","[4.5,4.75)",3.6,3.7,3.65,4,2.29336263712,1.74416375991,216,0.258373205742
43,"[500,800)","[4.5,4.75)",3.7,3.8,3.75,14,2.35619449019,5.9417845421,230,0.275119617225
43,"[500,800)","[4.5,4.75)",3.8,3.9,3.85,7,2.41902634326,2.89372623803,237,0.283492822967
43,"[500,800)","[4.5,4.75)",3.9,4,3.95,9,2.48185819634,3.62631515906,246,0.294258373206
43,"[500,800)","[4.5,4.75)",4,4.1,4.05,15,2.54469004941,5.89462752192,261,0.312200956938
43,"[500,800)","[4.5,4.75)",4.1,4.2,4.15,10,2.60752190248,3.83505886968,271,0.324162679426
43,"[500,800)","[4.5,4.75)",4.2,4.3,4.25,12,2.67035375555,4.49378662848,283,0.338516746411
43,"[500,800)","[4.5,4.75)",4.3,4.4,4.35,10,2.73318560862,3.65873432395,293,0.3504784689
43,"[500,800)","[4.5,4.75)",4.4,4.5,4.45,10,2.79601746169,3.5765155751,303,0.362440191388
43,"[500,800)","[4.5,4.75)",4.5,4.6,4.55,9,2.85884931477,3.14811975347,312,0.373205741627
43,"[500,800)","[4.5,4.75)",4.6,4.7,4.65,13,2.92168116784,4.44949303268,325,0.388755980861
43,"[500,800)","[4.5,4.75)",4.7,4.8,4.75,15,2.98451302091,5.02594557132,340,0.406698564593
43,"[500,800)","[4.5,4.75)",4.8,4.9,4.85,10,3.04734487398,3.28154521839,350,0.418660287081
43,"[500,800)","[4.5,4.75)",4.9,5,4.95,12,3.11017672705,3.85830165071,362,0.433014354067
43,"[500,800)","[4.5,4.75)",5,5.1,5.05,11,3.17300858013,3.46674133467,373,0.446172248804
43,"[500,800)","[4.5,4.75)",5.1,5.2,5.15,9,3.2358404332,2.78134852005,382,0.456937799043
43,"[500,800)","[4.5,4.75)",5.2,5.3,5.25,18,3.29867228627,5.45674090601,400,0.478468899522
43,"[500,800)","[4.5,4.75)",5.3,5.4,5.35,9,3.36150413934,2.67737287444,409,0.489234449761
43,"[500,800)","[4.5,4.75)",5.4,5.5,5.45,11,3.42433599241,3.21230160369,420,0.502392344498
43,"[500,800)","[4.5,4.75)",5.5,5.6,5.55,14,3.48716784548,4.0147192852,434,0.519138755981
43,"[500,800)","[4.5,4.75)",5.6,5.7,5.65,12,3.54999969856,3.38028197717,446,0.533492822967
43,"[500,800)","[4.5,4.75)",5.7,5.8,5.75,10,3.61283155163,2.76791205377,456,0.545454545455
43,"[500,800)","[4.5,4.75)",5.8,5.9,5.85,17,3.6756634047,4.62501544028,473,0.565789473684
43,"[500,800)","[4.5,4.75)",5.9,6,5.95,12,3.73849525777,3.20984759177,485,0.58014354067
43,"[500,800)","[4.5,4.75)",6,6.1,6.05,10,3.80132711084,2.63066021639,495,0.592105263158
43,"[500,800)","[4.5,4.75)",6.1,6.2,6.15,8,3.86415896392,2.07030820282,503,0.601674641148
43,"[500,800)","[4.5,4.75)",6.2,6.3,6.25,10,3.92699081699,2.54647908947,513,0.613636363636
43,"[500,800)","[4.5,4.75)",6.3,6.4,6.35,11,3.98982267006,2.75701476222,524,0.626794258373
43,"[500,800)","[4.5,4.75)",6.4,6.5,6.45,16,4.05265452313,3.94802959608,540,0.645933014354
43,"[500,800)","[4.5,4.75)",6.5,6.6,6.55,10,4.1154863762,2.42984645942,550,0.657894736842
43,"[500,800)","[4.5,4.75)",6.6,6.7,6.65,11,4.17831822927,2.63263815641,561,0.671052631579
43,"[500,800)","[4.5,4.75)",6.7,6.8,6.75,9,4.24115008235,2.12206590789,570,0.681818181818
43,"[500,800)","[4.5,4.75)",6.8,6.9,6.85,7,4.30398193542,1.62640087831,577,0.69019138756
43,"[500,800)","[4.5,4.75)",6.9,7,6.95,12,4.36681378849,2.74799901741,589,0.704545454545
43,"[500,800)","[4.5,4.75)",7,7.1,7.05,12,4.42964564156,2.70902030795,601,0.718899521531
43,"[500,800)","[4.5,4.75)",7.1,7.2,7.15,7,4.49247749463,1.55816028202,608,0.727272727273
43,"[500,800)","[4.5,4.75)",7.2,7.3,7.25,8,4.55530934771,1.7561924755,616,0.736842105263
43,"[500,800)","[4.5,4.75)",7.3,7.4,7.35,15,4.61814120078,3.2480600631,631,0.754784688995
43,"[500,800)","[4.5,4.75)",7.4,7.5,7.45,14,4.68097305385,2.99083114535,645,0.771531100478
43,"[500,800)","[4.5,4.75)",7.5,7.6,7.55,11,4.74380490692,2.31881374041,656,0.784688995215
43,"[500,800)","[4.5,4.75)",7.6,7.7,7.65,6,4.80663675999,1.24827406347,662,0.791866028708
43,"[500,800)","[4.5,4.75)",7.7,7.8,7.75,6,4.86946861306,1.23216730136,668,0.799043062201
43,"[500,800)","[4.5,4.75)",7.8,7.9,7.85,8,4.93230046614,1.62196120348,676,0.808612440191
43,"[500,800)","[4.5,4.75)",7.9,8,7.95,8,4.99513231921,1.60155917577,684,0.818181818182
43,"[500,800)","[4.5,4.75)",8,8.1,8.05,7,5.05796417228,1.38395602689,691,0.826555023923
43,"[500,800)","[4.5,4.75)",8.1,8.2,8.15,12,5.12079602535,2.34338566516,703,0.840909090909
43,"[500,800)","[4.5,4.75)",8.2,8.3,8.25,11,5.18362787842,2.12206590789,714,0.854066985646
43,"[500,800)","[4.5,4.75)",8.3,8.4,8.35,5,5.24645973149,0.953023611329,719,0.86004784689
43,"[500,800)","[4.5,4.75)",8.4,8.5,8.45,7,5.30929158457,1.31844331555,726,0.868421052632
43,"[500,800)","[4.5,4.75)",8.5,8.6,8.55,8,5.37212343764,1.48916905817,734,0.877990430622
43,"[500,800)","[4.5,4.75)",8.6,8.7,8.65,7,5.43495529071,1.28795907704,741,0.886363636364
43,"[500,800)","[4.5,4.75)",8.7,8.8,8.75,3,5.49778714378,0.545674090601,744,0.88995215311
43,"[500,800)","[4.5,4.75)",8.8,8.9,8.85,6,5.56061899685,1.07901656333,750,0.897129186603
43,"[500,800)","[4.5,4.75)",8.9,9,8.95,4,5.62345084993,0.711307008232,754,0.901913875598
43,"[500,800)","[4.5,4.75)",9,9.1,9.05,4,5.686282703,0.703447262285,758,0.906698564593
43,"[500,800)","[4.5,4.75)",9.1,9.2,9.15,4,5.74911455607,0.695759314063,762,0.911483253589
43,"[500,800)","[4.5,4.75)",9.2,9.3,9.25,6,5.81194640914,1.03235638762,768,0.918660287081
43,"[500,800)","[4.5,4.75)",9.3,9.4,9.35,3,5.87477826221,0.510657571418,771,0.922248803828
43,"[500,800)","[4.5,4.75)",9.4,9.5,9.45,5,5.93761011528,0.842089645989,776,0.928229665072
43,"[500,800)","[4.5,4.75)",9.5,9.6,9.55,7,6.00044196836,1.1665807347,783,0.936602870813
43,"[500,800)","[4.5,4.75)",9.6,9.7,9.65,7,6.06327382143,1.15449181517,790,0.944976076555
43,"[500,800)","[4.5,4.75)",9.7,9.8,9.75,3,6.1261056745,0.489707517206,793,0.948564593301
43,"[500,800)","[4.5,4.75)",9.8,9.9,9.85,1,6.18893752757,0.161578622428,794,0.94976076555
43,"[500,800)","[4.5,4.75)",9.9,10,9.95,8,6.25176938064,1.2796377334,802,0.959330143541
43,"[500,800)","[4.5,4.75)",10,10.1,10.05,4,6.31460123372,0.633452509818,806,0.964114832536
43,"[500,800)","[4.5,4.75)",10.1,10.2,10.15,3,6.37743308679,0.470408698794,809,0.967703349282
43,"[500,800)","[4.5,4.75)",10.2,10.3,10.25,4,6.44026493986,0.621092460846,813,0.972488038278
43,"[500,800)","[4.5,4.75)",10.3,10.4,10.35,4,6.50309679293,0.615091567505,817,0.977272727273
43,"[500,800)","[4.5,4.75)",10.4,10.5,10.45,1,6.565928646,0.152301380949,818,0.978468899522
43,"[500,800)","[4.5,4.75)",10.5,10.6,10.55,3,6.62876049907,0.452573297892,821,0.982057416268
43,"[500,800)","[4.5,4.75)",10.6,10.7,10.65,0,6.69159235215,0,821,0.982057416268
43,"[500,800)","[4.5,4.75)",10.7,10.8,10.75,1,6.75442420522,0.148051109853,822,0.983253588517
43,"[500,800)","[4.5,4.75)",10.8,10.9,10.85,2,6.81725605829,0.29337316699,824,0.985645933014
43,"[500,800)","[4.5,4.75)",10.9,11,10.95,2,6.88008791136,0.290693959985,826,0.988038277512
43,"[500,800)","[4.5,4.75)",11,11.1,11.05,1,6.94291976443,0.144031622708,827,0.989234449761
43,"[500,800)","[4.5,4.75)",11.1,11.2,11.15,1,7.00575161751,0.142739859275,828,0.99043062201
43,"[500,800)","[4.5,4.75)",11.2,11.3,11.25,1,7.06858347058,0.141471060526,829,0.991626794258
43,"[500,800)","[4.5,4.75)",11.3,11.4,11.35,1,7.13141532365,0.140224619464,830,0.992822966507
43,"[500,800)","[4.5,4.75)",11.4,11.5,11.45,4,7.19424717672,0.555999801194,834,0.997607655502
43,"[500,800)","[4.5,4.75)",11.5,11.6,11.55,0,7.25707902979,0,834,0.997607655502
43,"[500,800)","[4.5,4.75)",11.6,11.7,11.65,0,7.31991088286,0,834,0.997607655502
43,"[500,800)","[4.5,4.75)",11.7,11.8,11.75,2,7.38274273594,0.270902030795,836,1
43,"[500,800)","[4.5,4.75)",11.8,11.9,11.85,0,7.44557458901,0,836,1
43,"[500,800)","[4.5,4.75)",11.9,12,11.95,0,7.50840644208,0,836,1
44,"[500,800)","[4.75,5.0)",0,0.1,0.05,0,0.0314159265359,0,0,0
44,"[500,800)","[4.75,5.0)",0.1,0.2,0.15,0,0.0942477796077,0,0,0
44,"[500,800)","[4.75,5.0)",0.2,0.3,0.25,2,0.157079632679,12.7323954474,2,0.00552486187845
44,"[500,800)","[4.75,5.0)",0.3,0.4,0.35,1,0.219911485751,4.54728408834,3,0.00828729281768
44,"[500,800)","[4.75,5.0)",0.4,0.5,0.45,1,0.282743338823,3.53677651315,4,0.0110497237569
44,"[500,800)","[4.75,5.0)",0.5,0.6,0.55,1,0.345575191895,2.89372623803,5,0.0138121546961
44,"[500,800)","[4.75,5.0)",0.6,0.7,0.65,1,0.408407044967,2.44853758603,6,0.0165745856354
44,"[500,800)","[4.75,5.0)",0.7,0.8,0.75,1,0.471238898038,2.12206590789,7,0.0193370165746
44,"[500,800)","[4.75,5.0)",0.8,0.9,0.85,0,0.53407075111,0,7,0.0193370165746
44,"[500,800)","[4.75,5.0)",0.9,1,0.95,0,0.596902604182,0,7,0.0193370165746
44,"[500,800)","[4.75,5.0)",1,1.1,1.05,1,0.659734457254,1.51576136278,8,0.0220994475138
44,"[500,800)","[4.75,5.0)",1.1,1.2,1.15,3,0.722566310326,4.15186808066,11,0.0303867403315
44,"[500,800)","[4.75,5.0)",1.2,1.3,1.25,1,0.785398163397,1.27323954474,12,0.0331491712707
44,"[500,800)","[4.75,5.0)",1.3,1.4,1.35,3,0.848230016469,3.53677651315,15,0.0414364640884
44,"[500,800)","[4.75,5.0)",1.4,1.5,1.45,2,0.911061869541,2.19524059437,17,0.0469613259669
44,"[500,800)","[4.75,5.0)",1.5,1.6,1.55,3,0.973893722613,3.08041825339,20,0.0552486187845
44,"[500,800)","[4.75,5.0)",1.6,1.7,1.65,5,1.03672557568,4.82287706339,25,0.0690607734807
44,"[500,800)","[4.75,5.0)",1.7,1.8,1.75,2,1.09955742876,1.81891363534,27,0.0745856353591
44,"[500,800)","[4.75,5.0)",1.8,1.9,1.85,2,1.16238928183,1.72059397937,29,0.0801104972376
44,"[500,800)","[4.75,5.0)",1.9,2,1.95,3,1.2252211349,2.44853758603,32,0.0883977900552
44,"[500,800)","[4.75,5.0)",2,2.1,2.05,2,1.28805298797,1.55273115212,34,0.0939226519337
44,"[500,800)","[4.75,5.0)",2.1,2.2,2.15,1,1.35088484104,0.740255549265,35,0.0966850828729
44,"[500,800)","[4.75,5.0)",2.2,2.3,2.25,2,1.41371669412,1.41471060526,37,0.102209944751
44,"[500,800)","[4.75,5.0)",2.3,2.4,2.35,1,1.47654854719,0.677255076987,38,0.104972375691
44,"[500,800)","[4.75,5.0)",2.4,2.5,2.45,5,1.53938040026,3.2480600631,43,0.118784530387
44,"[500,800)","[4.75,5.0)",2.5,2.6,2.55,4,1.60221225333,2.49654812693,47,0.129834254144
44,"[500,800)","[4.75,5.0)",2.6,2.7,2.65,6,1.6650441064,3.60350814548,53,0.146408839779
44,"[500,800)","[4.75,5.0)",2.7,2.8,2.75,1,1.72787595947,0.578745247607,54,0.149171270718
44,"[500,800)","[4.75,5.0)",2.8,2.9,2.85,0,1.79070781255,0,54,0.149171270718
44,"[500,800)","[4.75,5.0)",2.9,3,2.95,3,1.85353966562,1.618524845,57,0.157458563536
44,"[500,800)","[4.75,5.0)",3,3.1,3.05,1,1.91637151869,0.521819485547,58,0.160220994475
44,"[500,800)","[4.75,5.0)",3.1,3.2,3.15,5,1.97920337176,2.52626893797,63,0.174033149171
44,"[500,800)","[4.75,5.0)",3.2,3.3,3.25,2,2.04203522483,0.979415034412,65,0.17955801105
44,"[500,800)","[4.75,5.0)",3.3,3.4,3.35,2,2.10486707791,0.950178764728,67,0.185082872928
44,"[500,800)","[4.75,5.0)",3.4,3.5,3.45,5,2.16769893098,2.30659337814,72,0.198895027624
44,"[500,800)","[4.75,5.0)",3.5,3.6,3.55,4,2.23053078405,1.79329513343,76,0.209944751381
44,"[500,800)","[4.75,5.0)",3.6,3.7,3.65,4,2.29336263712,1.74416375991,80,0.220994475138
44,"[500,800)","[4.75,5.0)",3.7,3.8,3.75,8,2.35619449019,3.39530545263,88,0.243093922652
44,"[500,800)","[4.75,5.0)",3.8,3.9,3.85,6,2.41902634326,2.48033677546,94,0.259668508287
44,"[500,800)","[4.75,5.0)",3.9,4,3.95,2,2.48185819634,0.805847813124,96,0.265193370166
44,"[500,800)","[4.75,5.0)",4,4.1,4.05,5,2.54469004941,1.96487584064,101,0.279005524862
44,"[500,800)","[4.75,5.0)",4.1,4.2,4.15,4,2.60752190248,1.53402354787,105,0.290055248619
44,"[500,800)","[4.75,5.0)",4.2,4.3,4.25,5,2.67035375555,1.8724110952,110,0.303867403315
44,"[500,800)","[4.75,5.0)",4.3,4.4,4.35,9,2.73318560862,3.29286089156,119,0.328729281768
44,"[500,800)","[4.75,5.0)",4.4,4.5,4.45,2,2.79601746169,0.71530311502,121,0.334254143646
44,"[500,800)","[4.75,5.0)",4.5,4.6,4.55,4,2.85884931477,1.39916433487,125,0.345303867403
44,"[500,800)","[4.75,5.0)",4.6,4.7,4.65,5,2.92168116784,1.71134347411,130,0.359116022099
44,"[500,800)","[4.75,5.0)",4.7,4.8,4.75,6,2.98451302091,2.01037822853,136,0.375690607735
44,"[500,800)","[4.75,5.0)",4.8,4.9,4.85,8,3.04734487398,2.62523617471,144,0.397790055249
44,"[500,800)","[4.75,5.0)",4.9,5,4.95,7,3.11017672705,2.25067596292,151,0.417127071823
44,"[500,800)","[4.75,5.0)",5,5.1,5.05,3,3.17300858013,0.945474909457,154,0.425414364641
44,"[500,800)","[4.75,5.0)",5.1,5.2,5.15,5,3.2358404332,1.54519362225,159,0.439226519337
44,"[500,800)","[4.75,5.0)",5.2,5.3,5.25,7,3.29867228627,2.12206590789,166,0.458563535912
44,"[500,800)","[4.75,5.0)",5.3,5.4,5.35,1,3.36150413934,0.297485874938,167,0.461325966851
44,"[500,800)","[4.75,5.0)",5.4,5.5,5.45,3,3.42433599241,0.876082255552,170,0.469613259669
44,"[500,800)","[4.75,5.0)",5.5,5.6,5.55,6,3.48716784548,1.72059397937,176,0.486187845304
44,"[500,800)","[4.75,5.0)",5.6,5.7,5.65,3,3.54999969856,0.845070494293,179,0.494475138122
44,"[500,800)","[4.75,5.0)",5.7,5.8,5.75,6,3.61283155163,1.66074723226,185,0.511049723757
44,"[500,800)","[4.75,5.0)",5.8,5.9,5.85,2,3.6756634047,0.544119463562,187,0.516574585635
44,"[500,800)","[4.75,5.0)",5.9,6,5.95,5,3.73849525777,1.33743649657,192,0.530386740331
44,"[500,800)","[4.75,5.0)",6,6.1,6.05,6,3.80132711084,1.57839612984,198,0.546961325967
44,"[500,800)","[4.75,5.0)",6.1,6.2,6.15,3,3.86415896392,0.776365576058,201,0.555248618785
44,"[500,800)","[4.75,5.0)",6.2,6.3,6.25,2,3.92699081699,0.509295817894,203,0.560773480663
44,"[500,800)","[4.75,5.0)",6.3,6.4,6.35,6,3.98982267006,1.50382623394,209,0.577348066298
44,"[500,800)","[4.75,5.0)",6.4,6.5,6.45,0,4.05265452313,0,209,0.577348066298
44,"[500,800)","[4.75,5.0)",6.5,6.6,6.55,6,4.1154863762,1.45790787565,215,0.593922651934
44,"[500,800)","[4.75,5.0)",6.6,6.7,6.65,5,4.17831822927,1.19665370746,220,0.60773480663
44,"[500,800)","[4.75,5.0)",6.7,6.8,6.75,6,4.24115008235,1.41471060526,226,0.624309392265
44,"[500,800)","[4.75,5.0)",6.8,6.9,6.85,3,4.30398193542,0.697028947848,229,0.632596685083
44,"[500,800)","[4.75,5.0)",6.9,7,6.95,7,4.36681378849,1.60299942682,236,0.651933701657
44,"[500,800)","[4.75,5.0)",7,7.1,7.05,6,4.42964564156,1.35451015397,242,0.668508287293
44,"[500,800)","[4.75,5.0)",7.1,7.2,7.15,0,4.49247749463,0,242,0.668508287293
44,"[500,800)","[4.75,5.0)",7.2,7.3,7.25,5,4.55530934771,1.09762029719,247,0.682320441989
44,"[500,800)","[4.75,5.0)",7.3,7.4,7.35,5,4.61814120078,1.0826866877,252,0.696132596685
44,"[500,800)","[4.75,5.0)",7.4,7.5,7.45,2,4.68097305385,0.427261592193,254,0.701657458564
44,"[500,800)","[4.75,5.0)",7.5,7.6,7.55,3,4.74380490692,0.632403747385,257,0.709944751381
44,"[500,800)","[4.75,5.0)",7.6,7.7,7.65,7,4.80663675999,1.45631974071,264,0.729281767956
44,"[500,800)","[4.75,5.0)",7.7,7.8,7.75,10,4.86946861306,2.05361216893,274,0.756906077348
44,"[500,800)","[4.75,5.0)",7.8,7.9,7.85,4,4.93230046614,0.810980601742,278,0.767955801105
44,"[500,800)","[4.75,5.0)",7.9,8,7.95,4,4.99513231921,0.800779587884,282,0.779005524862
44,"[500,800)","[4.75,5.0)",8,8.1,8.05,4,5.05796417228,0.790832015363,286,0.790055248619
44,"[500,800)","[4.75,5.0)",8.1,8.2,8.15,1,5.12079602535,0.195282138763,287,0.792817679558
44,"[500,800)","[4.75,5.0)",8.2,8.3,8.25,5,5.18362787842,0.964575412678,292,0.806629834254
44,"[500,800)","[4.75,5.0)",8.3,8.4,8.35,4,5.24645973149,0.762418889063,296,0.817679558011
44,"[500,800)","[4.75,5.0)",8.4,8.5,8.45,2,5.30929158457,0.376698090158,298,0.82320441989
44,"[500,800)","[4.75,5.0)",8.5,8.6,8.55,3,5.37212343764,0.558438396814,301,0.831491712707
44,"[500,800)","[4.75,5.0)",8.6,8.7,8.65,5,5.43495529071,0.919970769317,306,0.845303867403
44,"[500,800)","[4.75,5.0)",8.7,8.8,8.75,3,5.49778714378,0.545674090601,309,0.853591160221
44,"[500,800)","[4.75,5.0)",8.8,8.9,8.85,4,5.56061899685,0.719344375557,313,0.864640883978
44,"[500,800)","[4.75,5.0)",8.9,9,8.95,2,5.62345084993,0.355653504116,315,0.870165745856
44,"[500,800)","[4.75,5.0)",9,9.1,9.05,1,5.686282703,0.175861815571,316,0.872928176796
44,"[500,800)","[4.75,5.0)",9.1,9.2,9.15,3,5.74911455607,0.521819485547,319,0.881215469613
44,"[500,800)","[4.75,5.0)",9.2,9.3,9.25,0,5.81194640914,0,319,0.881215469613
44,"[500,800)","[4.75,5.0)",9.3,9.4,9.35,1,5.87477826221,0.170219190473,320,0.883977900552
44,"[500,800)","[4.75,5.0)",9.4,9.5,9.45,3,5.93761011528,0.505253787593,323,0.89226519337
44,"[500,800)","[4.75,5.0)",9.5,9.6,9.55,2,6.00044196836,0.333308781344,325,0.897790055249
44,"[500,800)","[4.75,5.0)",9.6,9.7,9.65,2,6.06327382143,0.329854804336,327,0.903314917127
44,"[500,800)","[4.75,5.0)",9.7,9.8,9.75,2,6.1261056745,0.326471678137,329,0.908839779006
44,"[500,800)","[4.75,5.0)",9.8,9.9,9.85,0,6.18893752757,0,329,0.908839779006
44,"[500,800)","[4.75,5.0)",9.9,10,9.95,1,6.25176938064,0.159954716675,330,0.911602209945
44,"[500,800)","[4.75,5.0)",10,10.1,10.05,5,6.31460123372,0.791815637273,335,0.925414364641
44,"[500,800)","[4.75,5.0)",10.1,10.2,10.15,0,6.37743308679,0,335,0.925414364641
44,"[500,800)","[4.75,5.0)",10.2,10.3,10.25,1,6.44026493986,0.155273115212,336,0.92817679558
44,"[500,800)","[4.75,5.0)",10.3,10.4,10.35,3,6.50309679293,0.461318675629,339,0.936464088398
44,"[500,800)","[4.75,5.0)",10.4,10.5,10.45,2,6.565928646,0.304602761898,341,0.941988950276
44,"[500,800)","[4.75,5.0)",10.5,10.6,10.55,5,6.62876049907,0.754288829819,346,0.955801104972
44,"[500,800)","[4.75,5.0)",10.6,10.7,10.65,2,6.69159235215,0.298882522238,348,0.961325966851
44,"[500,800)","[4.75,5.0)",10.7,10.8,10.75,2,6.75442420522,0.296102219706,350,0.966850828729
44,"[500,800)","[4.75,5.0)",10.8,10.9,10.85,2,6.81725605829,0.29337316699,352,0.972375690608
44,"[500,800)","[4.75,5.0)",10.9,11,10.95,1,6.88008791136,0.145346979993,353,0.975138121547
44,"[500,800)","[4.75,5.0)",11,11.1,11.05,0,6.94291976443,0,353,0.975138121547
44,"[500,800)","[4.75,5.0)",11.1,11.2,11.15,2,7.00575161751,0.28547971855,355,0.980662983425
44,"[500,800)","[4.75,5.0)",11.2,11.3,11.25,2,7.06858347058,0.282942121052,357,0.986187845304
44,"[500,800)","[4.75,5.0)",11.3,11.4,11.35,0,7.13141532365,0,357,0.986187845304
44,"[500,800)","[4.75,5.0)",11.4,11.5,11.45,0,7.19424717672,0,357,0.986187845304
44,"[500,800)","[4.75,5.0)",11.5,11.6,11.55,2,7.25707902979,0.275592975051,359,0.991712707182
44,"[500,800)","[4.75,5.0)",11.6,11.7,11.65,1,7.31991088286,0.136613685057,360,0.994475138122
44,"[500,800)","[4.75,5.0)",11.7,11.8,11.75,1,7.38274273594,0.135451015397,361,0.997237569061
44,"[500,800)","[4.75,5.0)",11.8,11.9,11.85,0,7.44557458901,0,361,0.997237569061
44,"[500,800)","[4.75,5.0)",11.9,12,11.95,1,7.50840644208,0.133184052797,362,1
45,"[500,800)",>=5,0,0.1,0.05,0,0.0314159265359,0,0,0
45,"[500,800)",>=5,0.1,0.2,0.15,0,0.0942477796077,0,0,0
45,"[500,800)",>=5,0.2,0.3,0.25,1,0.157079632679,6.36619772368,1,0.00502512562814
45,"[500,800)",>=5,0.3,0.4,0.35,0,0.219911485751,0,1,0.00502512562814
45,"[500,800)",>=5,0.4,0.5,0.45,0,0.282743338823,0,1,0.00502512562814
45,"[500,800)",>=5,0.5,0.6,0.55,0,0.345575191895,0,1,0.00502512562814
45,"[500,800)",>=5,0.6,0.7,0.65,0,0.408407044967,0,1,0.00502512562814
45,"[500,800)",>=5,0.7,0.8,0.75,0,0.471238898038,0,1,0.00502512562814
45,"[500,800)",>=5,0.8,0.9,0.85,0,0.53407075111,0,1,0.00502512562814
45,"[500,800)",>=5,0.9,1,0.95,3,0.596902604182,5.02594557132,4,0.0201005025126
45,"[500,800)",>=5,1,1.1,1.05,0,0.659734457254,0,4,0.0201005025126
45,"[500,800)",>=5,1.1,1.2,1.15,0,0.722566310326,0,4,0.0201005025126
45,"[500,800)",>=5,1.2,1.3,1.25,0,0.785398163397,0,4,0.0201005025126
45,"[500,800)",>=5,1.3,1.4,1.35,1,0.848230016469,1.17892550438,5,0.0251256281407
45,"[500,800)",>=5,1.4,1.5,1.45,2,0.911061869541,2.19524059437,7,0.035175879397
45,"[500,800)",>=5,1.5,1.6,1.55,0,0.973893722613,0,7,0.035175879397
45,"[500,800)",>=5,1.6,1.7,1.65,1,1.03672557568,0.964575412678,8,0.0402010050251
45,"[500,800)",>=5,1.7,1.8,1.75,1,1.09955742876,0.909456817668,9,0.0452261306533
45,"[500,800)",>=5,1.8,1.9,1.85,1,1.16238928183,0.860296989686,10,0.0502512562814
45,"[500,800)",>=5,1.9,2,1.95,1,1.2252211349,0.816179195343,11,0.0552763819095
45,"[500,800)",>=5,2,2.1,2.05,0,1.28805298797,0,11,0.0552763819095
45,"[500,800)",>=5,2.1,2.2,2.15,0,1.35088484104,0,11,0.0552763819095
45,"[500,800)",>=5,2.2,2.3,2.25,0,1.41371669412,0,11,0.0552763819095
45,"[500,800)",>=5,2.3,2.4,2.35,0,1.47654854719,0,11,0.0552763819095
45,"[500,800)",>=5,2.4,2.5,2.45,3,1.53938040026,1.94883603786,14,0.070351758794
45,"[500,800)",>=5,2.5,2.6,2.55,2,1.60221225333,1.24827406347,16,0.0804020100503
45,"[500,800)",>=5,2.6,2.7,2.65,0,1.6650441064,0,16,0.0804020100503
45,"[500,800)",>=5,2.7,2.8,2.75,2,1.72787595947,1.15749049521,18,0.0904522613065
45,"[500,800)",>=5,2.8,2.9,2.85,2,1.79070781255,1.11687679363,20,0.100502512563
45,"[500,800)",>=5,2.9,3,2.95,2,1.85353966562,1.07901656333,22,0.110552763819
45,"[500,800)",>=5,3,3.1,3.05,1,1.91637151869,0.521819485547,23,0.115577889447
45,"[500,800)",>=5,3.1,3.2,3.15,2,1.97920337176,1.01050757519,25,0.125628140704
45,"[500,800)",>=5,3.2,3.3,3.25,0,2.04203522483,0,25,0.125628140704
45,"[500,800)",>=5,3.3,3.4,3.35,1,2.10486707791,0.475089382364,26,0.130653266332
45,"[500,800)",>=5,3.4,3.5,3.45,3,2.16769893098,1.38395602689,29,0.145728643216
45,"[500,800)",>=5,3.5,3.6,3.55,2,2.23053078405,0.896647566715,31,0.155778894472
45,"[500,800)",>=5,3.6,3.7,3.65,3,2.29336263712,1.30812281993,34,0.170854271357
45,"[500,800)",>=5,3.7,3.8,3.75,0,2.35619449019,0,34,0.170854271357
45,"[500,800)",>=5,3.8,3.9,3.85,1,2.41902634326,0.413389462576,35,0.175879396985
45,"[500,800)",>=5,3.9,4,3.95,2,2.48185819634,0.805847813124,37,0.185929648241
45,"[500,800)",>=5,4,4.1,4.05,2,2.54469004941,0.785950336256,39,0.195979899497
45,"[500,800)",>=5,4.1,4.2,4.15,2,2.60752190248,0.767011773937,41,0.206030150754
45,"[500,800)",>=5,4.2,4.3,4.25,0,2.67035375555,0,41,0.206030150754
45,"[500,800)",>=5,4.3,4.4,4.35,4,2.73318560862,1.46349372958,45,0.226130653266
45,"[500,800)",>=5,4.4,4.5,4.45,1,2.79601746169,0.35765155751,46,0.231155778894
45,"[500,800)",>=5,4.5,4.6,4.55,6,2.85884931477,2.09874650231,52,0.261306532663
45,"[500,800)",>=5,4.6,4.7,4.65,3,2.92168116784,1.02680608446,55,0.276381909548
45,"[500,800)",>=5,4.7,4.8,4.75,1,2.98451302091,0.335063038088,56,0.281407035176
45,"[500,800)",>=5,4.8,4.9,4.85,0,3.04734487398,0,56,0.281407035176
45,"[500,800)",>=5,4.9,5,4.95,1,3.11017672705,0.321525137559,57,0.286432160804
45,"[500,800)",>=5,5,5.1,5.05,5,3.17300858013,1.57579151576,62,0.311557788945
45,"[500,800)",>=5,5.1,5.2,5.15,3,3.2358404332,0.927116173351,65,0.326633165829
45,"[500,800)",>=5,5.2,5.3,5.25,1,3.29867228627,0.303152272556,66,0.331658291457
45,"[500,800)",>=5,5.3,5.4,5.35,1,3.36150413934,0.297485874938,67,0.336683417085
45,"[500,800)",>=5,5.4,5.5,5.45,2,3.42433599241,0.584054837034,69,0.346733668342
45,"[500,800)",>=5,5.5,5.6,5.55,3,3.48716784548,0.860296989686,72,0.361809045226
45,"[500,800)",>=5,5.6,5.7,5.65,4,3.54999969856,1.12676065906,76,0.381909547739
45,"[500,800)",>=5,5.7,5.8,5.75,1,3.61283155163,0.276791205377,77,0.386934673367
45,"[500,800)",>=5,5.8,5.9,5.85,2,3.6756634047,0.544119463562,79,0.396984924623
45,"[500,800)",>=5,5.9,6,5.95,2,3.73849525777,0.534974598628,81,0.407035175879
45,"[500,800)",>=5,6,6.1,6.05,0,3.80132711084,0,81,0.407035175879
45,"[500,800)",>=5,6.1,6.2,6.15,3,3.86415896392,0.776365576058,84,0.422110552764
45,"[500,800)",>=5,6.2,6.3,6.25,2,3.92699081699,0.509295817894,86,0.43216080402
45,"[500,800)",>=5,6.3,6.4,6.35,3,3.98982267006,0.75191311697,89,0.447236180905
45,"[500,800)",>=5,6.4,6.5,6.45,0,4.05265452313,0,89,0.447236180905
45,"[500,800)",>=5,6.5,6.6,6.55,3,4.1154863762,0.728953937825,92,0.462311557789
45,"[500,800)",>=5,6.6,6.7,6.65,3,4.17831822927,0.717992224475,95,0.477386934673
45,"[500,800)",>=5,6.7,6.8,6.75,1,4.24115008235,0.235785100877,96,0.482412060302
45,"[500,800)",>=5,6.8,6.9,6.85,3,4.30398193542,0.697028947848,99,0.497487437186
45,"[500,800)",>=5,6.9,7,6.95,3,4.36681378849,0.686999754354,102,0.51256281407
45,"[500,800)",>=5,7,7.1,7.05,2,4.42964564156,0.451503384658,104,0.522613065327
45,"[500,800)",>=5,7.1,7.2,7.15,1,4.49247749463,0.222594326003,105,0.527638190955
45,"[500,800)",>=5,7.2,7.3,7.25,1,4.55530934771,0.219524059437,106,0.532663316583
45,"[500,800)",>=5,7.3,7.4,7.35,3,4.61814120078,0.64961201262,109,0.547738693467
45,"[500,800)",>=5,7.4,7.5,7.45,0,4.68097305385,0,109,0.547738693467
45,"[500,800)",>=5,7.5,7.6,7.55,2,4.74380490692,0.421602498257,111,0.557788944724
45,"[500,800)",>=5,7.6,7.7,7.65,2,4.80663675999,0.416091354489,113,0.56783919598
45,"[500,800)",>=5,7.7,7.8,7.75,7,4.86946861306,1.43752851825,120,0.603015075377
45,"[500,800)",>=5,7.8,7.9,7.85,3,4.93230046614,0.608235451307,123,0.618090452261
45,"[500,800)",>=5,7.9,8,7.95,1,4.99513231921,0.200194896971,124,0.623115577889
45,"[500,800)",>=5,8,8.1,8.05,0,5.05796417228,0,124,0.623115577889
45,"[500,800)",>=5,8.1,8.2,8.15,2,5.12079602535,0.390564277526,126,0.633165829146
45,"[500,800)",>=5,8.2,8.3,8.25,2,5.18362787842,0.385830165071,128,0.643216080402
45,"[500,800)",>=5,8.3,8.4,8.35,4,5.24645973149,0.762418889063,132,0.663316582915
45,"[500,800)",>=5,8.4,8.5,8.45,2,5.30929158457,0.376698090158,134,0.673366834171
45,"[500,800)",>=5,8.5,8.6,8.55,2,5.37212343764,0.372292264542,136,0.683417085427
45,"[500,800)",>=5,8.6,8.7,8.65,1,5.43495529071,0.183994153863,137,0.688442211055
45,"[500,800)",>=5,8.7,8.8,8.75,1,5.49778714378,0.181891363534,138,0.693467336683
45,"[500,800)",>=5,8.8,8.9,8.85,3,5.56061899685,0.539508281667,141,0.708542713568
45,"[500,800)",>=5,8.9,9,8.95,1,5.62345084993,0.177826752058,142,0.713567839196
45,"[500,800)",>=5,9,9.1,9.05,6,5.686282703,1.05517089343,148,0.743718592965
45,"[500,800)",>=5,9.1,9.2,9.15,1,5.74911455607,0.173939828516,149,0.748743718593
45,"[500,800)",>=5,9.2,9.3,9.25,3,5.81194640914,0.516178193812,152,0.763819095477
45,"[500,800)",>=5,9.3,9.4,9.35,3,5.87477826221,0.510657571418,155,0.778894472362
45,"[500,800)",>=5,9.4,9.5,9.45,2,5.93761011528,0.336835858396,157,0.788944723618
45,"[500,800)",>=5,9.5,9.6,9.55,4,6.00044196836,0.666617562689,161,0.809045226131
45,"[500,800)",>=5,9.6,9.7,9.65,4,6.06327382143,0.659709608671,165,0.829145728643
45,"[500,800)",>=5,9.7,9.8,9.75,2,6.1261056745,0.326471678137,167,0.839195979899
45,"[500,800)",>=5,9.8,9.9,9.85,2,6.18893752757,0.323157244857,169,0.849246231156
45,"[500,800)",>=5,9.9,10,9.95,1,6.25176938064,0.159954716675,170,0.854271356784
45,"[500,800)",>=5,10,10.1,10.05,3,6.31460123372,0.475089382364,173,0.869346733668
45,"[500,800)",>=5,10.1,10.2,10.15,5,6.37743308679,0.78401449799,178,0.894472361809
45,"[500,800)",>=5,10.2,10.3,10.25,3,6.44026493986,0.465819345635,181,0.909547738693
45,"[500,800)",>=5,10.3,10.4,10.35,1,6.50309679293,0.153772891876,182,0.914572864322
45,"[500,800)",>=5,10.4,10.5,10.45,3,6.565928646,0.456904142848,185,0.929648241206
45,"[500,800)",>=5,10.5,10.6,10.55,2,6.62876049907,0.301715531928,187,0.939698492462
45,"[500,800)",>=5,10.6,10.7,10.65,0,6.69159235215,0,187,0.939698492462
45,"[500,800)",>=5,10.7,10.8,10.75,2,6.75442420522,0.296102219706,189,0.949748743719
45,"[500,800)",>=5,10.8,10.9,10.85,0,6.81725605829,0,189,0.949748743719
45,"[500,800)",>=5,10.9,11,10.95,2,6.88008791136,0.290693959985,191,0.959798994975
45,"[500,800)",>=5,11,11.1,11.05,2,6.94291976443,0.288063245415,193,0.969849246231
45,"[500,800)",>=5,11.1,11.2,11.15,2,7.00575161751,0.28547971855,195,0.979899497487
45,"[500,800)",>=5,11.2,11.3,11.25,0,7.06858347058,0,195,0.979899497487
45,"[500,800)",>=5,11.3,11.4,11.35,0,7.13141532365,0,195,0.979899497487
45,"[500,800)",>=5,11.4,11.5,11.45,0,7.19424717672,0,195,0.979899497487
45,"[500,800)",>=5,11.5,11.6,11.55,0,7.25707902979,0,195,0.979899497487
45,"[500,800)",>=5,11.6,11.7,11.65,2,7.31991088286,0.273227370115,197,0.989949748744
45,"[500,800)",>=5,11.7,11.8,11.75,0,7.38274273594,0,197,0.989949748744
45,"[500,800)",>=5,11.8,11.9,11.85,2,7.44557458901,0.268615937708,199,1
45,"[500,800)",>=5,11.9,12,11.95,0,7.50840644208,0,199,1
46,"[800,1100)","[3.25,3.5)",0,0.1,0.05,42,0.0314159265359,1336.90152197,42,0.00193977461666
46,"[800,1100)","[3.25,3.5)",0.1,0.2,0.15,74,0.0942477796077,785.16438592,116,0.00535747275079
46,"[800,1100)","[3.25,3.5)",0.2,0.3,0.25,81,0.157079632679,515.662015618,197,0.00909846665435
46,"[800,1100)","[3.25,3.5)",0.3,0.4,0.35,68,0.219911485751,309.215318007,265,0.0122390541289
46,"[800,1100)","[3.25,3.5)",0.4,0.5,0.45,62,0.282743338823,219.280143816,327,0.015102530944
46,"[800,1100)","[3.25,3.5)",0.5,0.6,0.55,48,0.345575191895,138.898859426,375,0.0173194162202
46,"[800,1100)","[3.25,3.5)",0.6,0.7,0.65,56,0.408407044967,137.118104818,431,0.0199057823758
46,"[800,1100)","[3.25,3.5)",0.7,0.8,0.75,75,0.471238898038,159.154943092,506,0.0233696656198
46,"[800,1100)","[3.25,3.5)",0.8,0.9,0.85,73,0.53407075111,136.68600995,579,0.026741178644
46,"[800,1100)","[3.25,3.5)",0.9,1,0.95,97,0.596902604182,162.505573473,676,0.0312211343063
46,"[800,1100)","[3.25,3.5)",1,1.1,1.05,94,0.659734457254,142.481568101,770,0.0355625346388
46,"[800,1100)","[3.25,3.5)",1.1,1.2,1.15,96,0.722566310326,132.859778581,866,0.0399963051912
46,"[800,1100)","[3.25,3.5)",1.2,1.3,1.25,123,0.785398163397,156.608464002,989,0.0456770737114
46,"[800,1100)","[3.25,3.5)",1.3,1.4,1.35,101,0.848230016469,119.071475943,1090,0.0503417698134
46,"[800,1100)","[3.25,3.5)",1.4,1.5,1.45,130,0.911061869541,142.690638634,1220,0.0563458341031
46,"[800,1100)","[3.25,3.5)",1.5,1.6,1.55,118,0.973893722613,121.163117967,1338,0.0617956770737
46,"[800,1100)","[3.25,3.5)",1.6,1.7,1.65,147,1.03672557568,141.792585664,1485,0.068584888232
46,"[800,1100)","[3.25,3.5)",1.7,1.8,1.75,149,1.09955742876,135.509065833,1634,0.0754664696102
46,"[800,1100)","[3.25,3.5)",1.8,1.9,1.85,174,1.16238928183,149.691676205,1808,0.0835026787364
46,"[800,1100)","[3.25,3.5)",1.9,2,1.95,171,1.2252211349,139.566642404,1979,0.0914003325328
46,"[800,1100)","[3.25,3.5)",2,2.1,2.05,182,1.28805298797,141.298534843,2161,0.0998060225383
46,"[800,1100)","[3.25,3.5)",2.1,2.2,2.15,186,1.35088484104,137.687532163,2347,0.108396452984
46,"[800,1100)","[3.25,3.5)",2.2,2.3,2.25,194,1.41371669412,137.22692871,2541,0.117356364308
46,"[800,1100)","[3.25,3.5)",2.3,2.4,2.35,180,1.47654854719,121.905913858,2721,0.125669684094
46,"[800,1100)","[3.25,3.5)",2.4,2.5,2.45,231,1.53938040026,150.060374915,2952,0.136338444485
46,"[800,1100)","[3.25,3.5)",2.5,2.6,2.55,240,1.60221225333,149.792887616,3192,0.147422870866
46,"[800,1100)","[3.25,3.5)",2.6,2.7,2.65,239,1.6650441064,143.539741128,3431,0.158461112137
46,"[800,1100)","[3.25,3.5)",2.7,2.8,2.75,240,1.72787595947,138.898859426,3671,0.169545538518
46,"[800,1100)","[3.25,3.5)",2.8,2.9,2.85,236,1.79070781255,131.791461648,3907,0.18044522446
46,"[800,1100)","[3.25,3.5)",2.9,3,2.95,245,1.85353966562,132.179529009,4152,0.19176057639
46,"[800,1100)","[3.25,3.5)",3,3.1,3.05,268,1.91637151869,139.847622127,4420,0.204138185849
46,"[800,1100)","[3.25,3.5)",3.1,3.2,3.15,248,1.97920337176,125.302939323,4668,0.215592093109
46,"[800,1100)","[3.25,3.5)",3.2,3.3,3.25,299,2.04203522483,146.422547645,4967,0.229401440975
46,"[800,1100)","[3.25,3.5)",3.3,3.4,3.35,311,2.10486707791,147.752797915,5278,0.243765010161
46,"[800,1100)","[3.25,3.5)",3.4,3.5,3.45,296,2.16769893098,136.550327986,5574,0.257435802697
46,"[800,1100)","[3.25,3.5)",3.5,3.6,3.55,302,2.23053078405,135.393782574,5876,0.271383705893
46,"[800,1100)","[3.25,3.5)",3.6,3.7,3.65,318,2.29336263712,138.661018913,6194,0.286070570848
46,"[800,1100)","[3.25,3.5)",3.7,3.8,3.75,347,2.35619449019,147.271374008,6541,0.30209680399
46,"[800,1100)","[3.25,3.5)",3.8,3.9,3.85,346,2.41902634326,143.032754051,6887,0.318076852023
46,"[800,1100)","[3.25,3.5)",3.9,4,3.95,367,2.48185819634,147.873073708,7254,0.335026787364
46,"[800,1100)","[3.25,3.5)",4,4.1,4.05,315,2.54469004941,123.78717796,7569,0.349575096989
46,"[800,1100)","[3.25,3.5)",4.1,4.2,4.15,363,2.60752190248,139.21263697,7932,0.36634029189
46,"[800,1100)","[3.25,3.5)",4.2,4.3,4.25,376,2.67035375555,140.805314359,8308,0.38370589322
46,"[800,1100)","[3.25,3.5)",4.3,4.4,4.35,379,2.73318560862,138.666030878,8687,0.40121004988
46,"[800,1100)","[3.25,3.5)",4.4,4.5,4.45,383,2.79601746169,136.980546526,9070,0.418898946979
46,"[800,1100)","[3.25,3.5)",4.5,4.6,4.55,383,2.85884931477,133.969985064,9453,0.436587844079
46,"[800,1100)","[3.25,3.5)",4.6,4.7,4.65,424,2.92168116784,145.121926604,9877,0.456170330685
46,"[800,1100)","[3.25,3.5)",4.7,4.8,4.75,400,2.98451302091,134.025215235,10277,0.474644374654
46,"[800,1100)","[3.25,3.5)",4.8,4.9,4.85,378,3.04734487398,124.042409255,10655,0.492102346204
46,"[800,1100)","[3.25,3.5)",4.9,5,4.95,432,3.11017672705,138.898859426,11087,0.512054313689
46,"[800,1100)","[3.25,3.5)",5,5.1,5.05,479,3.17300858013,150.96082721,11566,0.534176981341
46,"[800,1100)","[3.25,3.5)",5.1,5.2,5.15,440,3.2358404332,135.977038758,12006,0.554498429706
46,"[800,1100)","[3.25,3.5)",5.2,5.3,5.25,475,3.29867228627,143.997329464,12481,0.576436356919
46,"[800,1100)","[3.25,3.5)",5.3,5.4,5.35,461,3.36150413934,137.140988346,12942,0.597727692592
46,"[800,1100)","[3.25,3.5)",5.4,5.5,5.45,479,3.42433599241,139.88113347,13421,0.619850360244
46,"[800,1100)","[3.25,3.5)",5.5,5.6,5.55,474,3.48716784548,135.92692437,13895,0.641742102346
46,"[800,1100)","[3.25,3.5)",5.6,5.7,5.65,466,3.54999969856,131.26761678,14361,0.663264363569
46,"[800,1100)","[3.25,3.5)",5.7,5.8,5.75,532,3.61283155163,147.252921261,14893,0.687834842047
46,"[800,1100)","[3.25,3.5)",5.8,5.9,5.85,532,3.6756634047,144.735777308,15425,0.712405320525
46,"[800,1100)","[3.25,3.5)",5.9,6,5.95,490,3.73849525777,131.068776664,15915,0.735036024386
46,"[800,1100)","[3.25,3.5)",6,6.1,6.05,520,3.80132711084,136.794331253,16435,0.759052281544
46,"[800,1100)","[3.25,3.5)",6.1,6.2,6.15,491,3.86415896392,127.065165948,16926,0.781729170515
46,"[800,1100)","[3.25,3.5)",6.2,6.3,6.25,525,3.92699081699,133.690152197,17451,0.805976353224
46,"[800,1100)","[3.25,3.5)",6.3,6.4,6.35,512,3.98982267006,128.326505296,17963,0.829623129503
46,"[800,1100)","[3.25,3.5)",6.4,6.5,6.45,546,4.05265452313,134.726509966,18509,0.85484019952
46,"[800,1100)","[3.25,3.5)",6.5,6.6,6.55,509,4.1154863762,123.679184784,19018,0.878348420469
46,"[800,1100)","[3.25,3.5)",6.6,6.7,6.65,552,4.17831822927,132.110569303,19570,0.903842601145
46,"[800,1100)","[3.25,3.5)",6.7,6.8,6.75,471,4.24115008235,111.054782513,20041,0.925595787918
46,"[800,1100)","[3.25,3.5)",6.8,6.9,6.85,390,4.30398193542,90.6137632202,20431,0.943607980787
46,"[800,1100)","[3.25,3.5)",6.9,7,6.95,324,4.36681378849,74.1959734702,20755,0.958571956401
46,"[800,1100)","[3.25,3.5)",7,7.1,7.05,249,4.42964564156,56.2121713899,21004,0.970072048771
46,"[800,1100)","[3.25,3.5)",7.1,7.2,7.15,187,4.49247749463,41.6251389625,21191,0.978708664327
46,"[800,1100)","[3.25,3.5)",7.2,7.3,7.25,113,4.55530934771,24.8062187164,21304,0.983927581748
46,"[800,1100)","[3.25,3.5)",7.3,7.4,7.35,50,4.61814120078,10.826866877,21354,0.986236837244
46,"[800,1100)","[3.25,3.5)",7.4,7.5,7.45,33,4.68097305385,7.04981627118,21387,0.987760945871
46,"[800,1100)","[3.25,3.5)",7.5,7.6,7.55,13,4.74380490692,2.74041623867,21400,0.9883613523
46,"[800,1100)","[3.25,3.5)",7.6,7.7,7.65,6,4.80663675999,1.24827406347,21406,0.98863846296
46,"[800,1100)","[3.25,3.5)",7.7,7.8,7.75,7,4.86946861306,1.43752851825,21413,0.988961758729
46,"[800,1100)","[3.25,3.5)",7.8,7.9,7.85,4,4.93230046614,0.810980601742,21417,0.989146499169
46,"[800,1100)","[3.25,3.5)",7.9,8,7.95,2,4.99513231921,0.400389793942,21419,0.989238869389
46,"[800,1100)","[3.25,3.5)",8,8.1,8.05,5,5.05796417228,0.988540019204,21424,0.989469794938
46,"[800,1100)","[3.25,3.5)",8.1,8.2,8.15,5,5.12079602535,0.976410693815,21429,0.989700720488
46,"[800,1100)","[3.25,3.5)",8.2,8.3,8.25,2,5.18362787842,0.385830165071,21431,0.989793090708
46,"[800,1100)","[3.25,3.5)",8.3,8.4,8.35,3,5.24645973149,0.571814166797,21434,0.989931646037
46,"[800,1100)","[3.25,3.5)",8.4,8.5,8.45,8,5.30929158457,1.50679236063,21442,0.990301126917
46,"[800,1100)","[3.25,3.5)",8.5,8.6,8.55,1,5.37212343764,0.186146132271,21443,0.990347312027
46,"[800,1100)","[3.25,3.5)",8.6,8.7,8.65,8,5.43495529071,1.47195323091,21451,0.990716792906
46,"[800,1100)","[3.25,3.5)",8.7,8.8,8.75,1,5.49778714378,0.181891363534,21452,0.990762978016
46,"[800,1100)","[3.25,3.5)",8.8,8.9,8.85,8,5.56061899685,1.43868875111,21460,0.991132458895
46,"[800,1100)","[3.25,3.5)",8.9,9,8.95,4,5.62345084993,0.711307008232,21464,0.991317199335
46,"[800,1100)","[3.25,3.5)",9,9.1,9.05,4,5.686282703,0.703447262285,21468,0.991501939775
46,"[800,1100)","[3.25,3.5)",9.1,9.2,9.15,6,5.74911455607,1.04363897109,21474,0.991779050434
46,"[800,1100)","[3.25,3.5)",9.2,9.3,9.25,6,5.81194640914,1.03235638762,21480,0.992056161094
46,"[800,1100)","[3.25,3.5)",9.3,9.4,9.35,2,5.87477826221,0.340438380945,21482,0.992148531314
46,"[800,1100)","[3.25,3.5)",9.4,9.5,9.45,4,5.93761011528,0.673671716791,21486,0.992333271753
46,"[800,1100)","[3.25,3.5)",9.5,9.6,9.55,8,6.00044196836,1.33323512538,21494,0.992702752633
46,"[800,1100)","[3.25,3.5)",9.6,9.7,9.65,10,6.06327382143,1.64927402168,21504,0.993164603732
46,"[800,1100)","[3.25,3.5)",9.7,9.8,9.75,7,6.1261056745,1.14265087348,21511,0.993487899501
46,"[800,1100)","[3.25,3.5)",9.8,9.9,9.85,0,6.18893752757,0,21511,0.993487899501
46,"[800,1100)","[3.25,3.5)",9.9,10,9.95,6,6.25176938064,0.959728300052,21517,0.993765010161
46,"[800,1100)","[3.25,3.5)",10,10.1,10.05,8,6.31460123372,1.26690501964,21525,0.99413449104
46,"[800,1100)","[3.25,3.5)",10.1,10.2,10.15,10,6.37743308679,1.56802899598,21535,0.994596342139
46,"[800,1100)","[3.25,3.5)",10.2,10.3,10.25,4,6.44026493986,0.621092460846,21539,0.994781082579
46,"[800,1100)","[3.25,3.5)",10.3,10.4,10.35,8,6.50309679293,1.23018313501,21547,0.995150563458
46,"[800,1100)","[3.25,3.5)",10.4,10.5,10.45,9,6.565928646,1.37071242854,21556,0.995566229448
46,"[800,1100)","[3.25,3.5)",10.5,10.6,10.55,7,6.62876049907,1.05600436175,21563,0.995889525217
46,"[800,1100)","[3.25,3.5)",10.6,10.7,10.65,6,6.69159235215,0.896647566715,21569,0.996166635877
46,"[800,1100)","[3.25,3.5)",10.7,10.8,10.75,3,6.75442420522,0.444153329559,21572,0.996305191206
46,"[800,1100)","[3.25,3.5)",10.8,10.9,10.85,5,6.81725605829,0.733432917474,21577,0.996536116756
46,"[800,1100)","[3.25,3.5)",10.9,11,10.95,4,6.88008791136,0.58138791997,21581,0.996720857196
46,"[800,1100)","[3.25,3.5)",11,11.1,11.05,13,6.94291976443,1.8724110952,21594,0.997321263625
46,"[800,1100)","[3.25,3.5)",11.1,11.2,11.15,6,7.00575161751,0.856439155651,21600,0.997598374284
46,"[800,1100)","[3.25,3.5)",11.2,11.3,11.25,9,7.06858347058,1.27323954474,21609,0.998014040273
46,"[800,1100)","[3.25,3.5)",11.3,11.4,11.35,6,7.13141532365,0.841347716785,21615,0.998291150933
46,"[800,1100)","[3.25,3.5)",11.4,11.5,11.45,6,7.19424717672,0.833999701792,21621,0.998568261592
46,"[800,1100)","[3.25,3.5)",11.5,11.6,11.55,2,7.25707902979,0.275592975051,21623,0.998660631812
46,"[800,1100)","[3.25,3.5)",11.6,11.7,11.65,8,7.31991088286,1.09290948046,21631,0.999030112692
46,"[800,1100)","[3.25,3.5)",11.7,11.8,11.75,8,7.38274273594,1.08360812318,21639,0.999399593571
46,"[800,1100)","[3.25,3.5)",11.8,11.9,11.85,7,7.44557458901,0.940155781977,21646,0.99972288934
46,"[800,1100)","[3.25,3.5)",11.9,12,11.95,6,7.50840644208,0.799104316779,21652,1
47,"[800,1100)","[3.5,3.75)",0,0.1,0.05,59,0.0314159265359,1878.02832848,59,0.00122295000415
47,"[800,1100)","[3.5,3.75)",0.1,0.2,0.15,134,0.0942477796077,1421.78415829,193,0.00400049747119
47,"[800,1100)","[3.5,3.75)",0.2,0.3,0.25,142,0.157079632679,904.000076762,335,0.00694386866761
47,"[800,1100)","[3.5,3.75)",0.3,0.4,0.35,128,0.219911485751,582.052363308,463,0.00959704833762
47,"[800,1100)","[3.5,3.75)",0.4,0.5,0.45,89,0.282743338823,314.773109671,552,0.0114418373269
47,"[800,1100)","[3.5,3.75)",0.5,0.6,0.55,119,0.345575191895,344.353422326,671,0.0139084653014
47,"[800,1100)","[3.5,3.75)",0.6,0.7,0.65,136,0.408407044967,333.0011117,807,0.0167274687008
47,"[800,1100)","[3.5,3.75)",0.7,0.8,0.75,148,0.471238898038,314.065754368,955,0.0197952076942
47,"[800,1100)","[3.5,3.75)",0.8,0.9,0.85,149,0.53407075111,278.989253185,1104,0.0228836746538
47,"[800,1100)","[3.5,3.75)",0.9,1,0.95,201,0.596902604182,336.738353279,1305,0.0270499958544
47,"[800,1100)","[3.5,3.75)",1,1.1,1.05,219,0.659734457254,331.951738449,1524,0.0315894204461
47,"[800,1100)","[3.5,3.75)",1.1,1.2,1.15,231,0.722566310326,319.693842211,1755,0.0363775806318
47,"[800,1100)","[3.5,3.75)",1.2,1.3,1.25,255,0.785398163397,324.676083907,2010,0.0416632120056
47,"[800,1100)","[3.5,3.75)",1.3,1.4,1.35,293,0.848230016469,345.425172785,2303,0.047736506094
47,"[800,1100)","[3.5,3.75)",1.4,1.5,1.45,274,0.911061869541,300.747961429,2577,0.0534159688251
47,"[800,1100)","[3.5,3.75)",1.5,1.6,1.55,304,0.973893722613,312.149049677,2881,0.0597172705414
47,"[800,1100)","[3.5,3.75)",1.6,1.7,1.65,324,1.03672557568,312.522433708,3205,0.0664331315811
47,"[800,1100)","[3.5,3.75)",1.7,1.8,1.75,341,1.09955742876,310.124774825,3546,0.0735013680458
47,"[800,1100)","[3.5,3.75)",1.8,1.9,1.85,353,1.16238928183,303.684837359,3899,0.0808183401045
47,"[800,1100)","[3.5,3.75)",1.9,2,1.95,383,1.2252211349,312.596631816,4282,0.0887571511483
47,"[800,1100)","[3.5,3.75)",2,2.1,2.05,431,1.28805298797,334.613563281,4713,0.0976909045684
47,"[800,1100)","[3.5,3.75)",2.1,2.2,2.15,440,1.35088484104,325.712441676,5153,0.106811209684
47,"[800,1100)","[3.5,3.75)",2.2,2.3,2.25,423,1.41371669412,299.211293013,5576,0.115579139375
47,"[800,1100)","[3.5,3.75)",2.3,2.4,2.35,453,1.47654854719,306.796549875,6029,0.124968908051
47,"[800,1100)","[3.5,3.75)",2.4,2.5,2.45,444,1.53938040026,288.427733603,6473,0.134172125031
47,"[800,1100)","[3.5,3.75)",2.5,2.6,2.55,490,1.60221225333,305.827145549,6963,0.144328828455
47,"[800,1100)","[3.5,3.75)",2.6,2.7,2.65,518,1.6650441064,311.102869893,7481,0.155065914932
47,"[800,1100)","[3.5,3.75)",2.7,2.8,2.75,534,1.72787595947,309.049962222,8015,0.166134648868
47,"[800,1100)","[3.5,3.75)",2.8,2.9,2.85,542,1.79070781255,302.673611073,8557,0.177369206533
47,"[800,1100)","[3.5,3.75)",2.9,3,2.95,565,1.85353966562,304.822179142,9122,0.189080507421
47,"[800,1100)","[3.5,3.75)",3,3.1,3.05,568,1.91637151869,296.393467791,9690,0.200853992206
47,"[800,1100)","[3.5,3.75)",3.1,3.2,3.15,637,1.97920337176,321.846662697,10327,0.214057706658
47,"[800,1100)","[3.5,3.75)",3.2,3.3,3.25,629,2.04203522483,308.026028322,10956,0.22709559738
47,"[800,1100)","[3.5,3.75)",3.3,3.4,3.35,683,2.10486707791,324.486048155,11639,0.241252798275
47,"[800,1100)","[3.5,3.75)",3.4,3.5,3.45,742,2.16769893098,342.298457316,12381,0.256632949175
47,"[800,1100)","[3.5,3.75)",3.5,3.6,3.55,678,2.23053078405,303.963525116,13059,0.27068651024
47,"[800,1100)","[3.5,3.75)",3.6,3.7,3.65,670,2.29336263712,292.147429785,13729,0.284574247575
47,"[800,1100)","[3.5,3.75)",3.7,3.8,3.75,703,2.35619449019,298.36246665,14432,0.299146007794
47,"[800,1100)","[3.5,3.75)",3.8,3.9,3.85,753,2.41902634326,311.28226532,15185,0.314754166321
47,"[800,1100)","[3.5,3.75)",3.9,4,3.95,783,2.48185819634,315.489418838,15968,0.330984163834
47,"[800,1100)","[3.5,3.75)",4,4.1,4.05,829,2.54469004941,325.776414378,16797,0.34816764779
47,"[800,1100)","[3.5,3.75)",4.1,4.2,4.15,818,2.60752190248,313.70781554,17615,0.365123124119
47,"[800,1100)","[3.5,3.75)",4.2,4.3,4.25,780,2.67035375555,292.096130851,18395,0.381290937733
47,"[800,1100)","[3.5,3.75)",4.3,4.4,4.35,818,2.73318560862,299.284467699,19213,0.398246414062
47,"[800,1100)","[3.5,3.75)",4.4,4.5,4.45,894,2.79601746169,319.740492414,20107,0.41677721582
47,"[800,1100)","[3.5,3.75)",4.5,4.6,4.55,888,2.85884931477,310.614482342,20995,0.43518364978
47,"[800,1100)","[3.5,3.75)",4.6,4.7,4.65,893,2.92168116784,305.645944475,21888,0.453693723572
47,"[800,1100)","[3.5,3.75)",4.7,4.8,4.75,899,2.98451302091,301.221671241,22787,0.47232816516
47,"[800,1100)","[3.5,3.75)",4.8,4.9,4.85,951,3.04734487398,312.074950269,23738,0.49204046099
47,"[800,1100)","[3.5,3.75)",4.9,5,4.95,913,3.11017672705,293.552450592,24651,0.510965094105
47,"[800,1100)","[3.5,3.75)",5,5.1,5.05,955,3.17300858013,300.97617951,25606,0.530760301799
47,"[800,1100)","[3.5,3.75)",5.1,5.2,5.15,966,3.2358404332,298.531407819,26572,0.550783517121
47,"[800,1100)","[3.5,3.75)",5.2,5.3,5.25,1009,3.29867228627,305.880643009,27581,0.571698034989
47,"[800,1100)","[3.5,3.75)",5.3,5.4,5.35,1023,3.36150413934,304.328050062,28604,0.592902744383
47,"[800,1100)","[3.5,3.75)",5.4,5.5,5.45,1010,3.42433599241,294.947692702,29614,0.613837990216
47,"[800,1100)","[3.5,3.75)",5.5,5.6,5.55,1059,3.48716784548,303.684837359,30673,0.635788906393
47,"[800,1100)","[3.5,3.75)",5.6,5.7,5.65,1096,3.54999969856,308.732420582,31769,0.658506757317
47,"[800,1100)","[3.5,3.75)",5.7,5.8,5.75,1132,3.61283155163,313.327644487,32901,0.681970815024
47,"[800,1100)","[3.5,3.75)",5.8,5.9,5.85,1167,3.6756634047,317.493706988,34068,0.706160351546
47,"[800,1100)","[3.5,3.75)",5.9,6,5.95,1116,3.73849525777,298.515826035,35184,0.729292761794
47,"[800,1100)","[3.5,3.75)",6,6.1,6.05,1115,3.80132711084,293.318614128,36299,0.752404444076
47,"[800,1100)","[3.5,3.75)",6.1,6.2,6.15,1120,3.86415896392,289.843148395,37419,0.775619766189
47,"[800,1100)","[3.5,3.75)",6.2,6.3,6.25,1140,3.92699081699,290.2986162,38559,0.799249647625
47,"[800,1100)","[3.5,3.75)",6.3,6.4,6.35,1141,3.98982267006,285.977622154,39700,0.822900257027
47,"[800,1100)","[3.5,3.75)",6.4,6.5,6.45,1174,4.05265452313,289.686671612,40874,0.847234889313
47,"[800,1100)","[3.5,3.75)",6.5,6.6,6.55,1175,4.1154863762,285.506958982,42049,0.871590249565
47,"[800,1100)","[3.5,3.75)",6.6,6.7,6.65,1127,4.17831822927,269.725745661,43176,0.894950667441
47,"[800,1100)","[3.5,3.75)",6.7,6.8,6.75,1104,4.24115008235,260.306751368,44280,0.917834342094
47,"[800,1100)","[3.5,3.75)",6.8,6.9,6.85,864,4.30398193542,200.74433698,45144,0.935743304867
47,"[800,1100)","[3.5,3.75)",6.9,7,6.95,802,4.36681378849,183.657934331,45946,0.952367133737
47,"[800,1100)","[3.5,3.75)",7,7.1,7.05,583,4.42964564156,131.613236628,46529,0.964451538015
47,"[800,1100)","[3.5,3.75)",7.1,7.2,7.15,412,4.49247749463,91.7088623131,46941,0.972991460078
47,"[800,1100)","[3.5,3.75)",7.2,7.3,7.25,321,4.55530934771,70.4672230793,47262,0.979645137219
47,"[800,1100)","[3.5,3.75)",7.3,7.4,7.35,156,4.61814120078,33.7798246562,47418,0.982878699942
47,"[800,1100)","[3.5,3.75)",7.4,7.5,7.45,88,4.68097305385,18.7995100565,47506,0.984702760965
47,"[800,1100)","[3.5,3.75)",7.5,7.6,7.55,62,4.74380490692,13.069677446,47568,0.985987894868
47,"[800,1100)","[3.5,3.75)",7.6,7.7,7.65,43,4.80663675999,8.94596412151,47611,0.986879197413
47,"[800,1100)","[3.5,3.75)",7.7,7.8,7.75,29,4.86946861306,5.95547528989,47640,0.987480308432
47,"[800,1100)","[3.5,3.75)",7.8,7.9,7.85,23,4.93230046614,4.66313846002,47663,0.987957051654
47,"[800,1100)","[3.5,3.75)",7.9,8,7.95,19,4.99513231921,3.80370304245,47682,0.988350883011
47,"[800,1100)","[3.5,3.75)",8,8.1,8.05,16,5.05796417228,3.16332806145,47698,0.98868253047
47,"[800,1100)","[3.5,3.75)",8.1,8.2,8.15,21,5.12079602535,4.10092491402,47719,0.98911781776
47,"[800,1100)","[3.5,3.75)",8.2,8.3,8.25,10,5.18362787842,1.92915082536,47729,0.989325097421
47,"[800,1100)","[3.5,3.75)",8.3,8.4,8.35,16,5.24645973149,3.04967555625,47745,0.98965674488
47,"[800,1100)","[3.5,3.75)",8.4,8.5,8.45,13,5.30929158457,2.44853758603,47758,0.98992620844
47,"[800,1100)","[3.5,3.75)",8.5,8.6,8.55,13,5.37212343764,2.41989971953,47771,0.990195672001
47,"[800,1100)","[3.5,3.75)",8.6,8.7,8.65,15,5.43495529071,2.75991230795,47786,0.990506591493
47,"[800,1100)","[3.5,3.75)",8.7,8.8,8.75,8,5.49778714378,1.45513090827,47794,0.990672415223
47,"[800,1100)","[3.5,3.75)",8.8,8.9,8.85,14,5.56061899685,2.51770531445,47808,0.990962606749
47,"[800,1100)","[3.5,3.75)",8.9,9,8.95,11,5.62345084993,1.95609427264,47819,0.991190614377
47,"[800,1100)","[3.5,3.75)",9,9.1,9.05,13,5.686282703,2.28620360243,47832,0.991460077937
47,"[800,1100)","[3.5,3.75)",9.1,9.2,9.15,12,5.74911455607,2.08727794219,47844,0.991708813531
47,"[800,1100)","[3.5,3.75)",9.2,9.3,9.25,14,5.81194640914,2.40883157112,47858,0.991999005058
47,"[800,1100)","[3.5,3.75)",9.3,9.4,9.35,15,5.87477826221,2.55328785709,47873,0.99230992455
47,"[800,1100)","[3.5,3.75)",9.4,9.5,9.45,11,5.93761011528,1.85259722118,47884,0.992537932178
47,"[800,1100)","[3.5,3.75)",9.5,9.6,9.55,21,6.00044196836,3.49974220411,47905,0.992973219468
47,"[800,1100)","[3.5,3.75)",9.6,9.7,9.65,10,6.06327382143,1.64927402168,47915,0.993180499129
47,"[800,1100)","[3.5,3.75)",9.7,9.8,9.75,11,6.1261056745,1.79559422975,47926,0.993408506757
47,"[800,1100)","[3.5,3.75)",9.8,9.9,9.85,11,6.18893752757,1.77736484671,47937,0.993636514385
47,"[800,1100)","[3.5,3.75)",9.9,10,9.95,15,6.25176938064,2.39932075013,47952,0.993947433878
47,"[800,1100)","[3.5,3.75)",10,10.1,10.05,15,6.31460123372,2.37544691182,47967,0.99425835337
47,"[800,1100)","[3.5,3.75)",10.1,10.2,10.15,8,6.37743308679,1.25442319678,47975,0.9944241771
47,"[800,1100)","[3.5,3.75)",10.2,10.3,10.25,14,6.44026493986,2.17382361296,47989,0.994714368626
47,"[800,1100)","[3.5,3.75)",10.3,10.4,10.35,12,6.50309679293,1.84527470251,48001,0.99496310422
47,"[800,1100)","[3.5,3.75)",10.4,10.5,10.45,17,6.565928646,2.58912347614,48018,0.995315479645
47,"[800,1100)","[3.5,3.75)",10.5,10.6,10.55,16,6.62876049907,2.41372425542,48034,0.995647127104
47,"[800,1100)","[3.5,3.75)",10.6,10.7,10.65,23,6.69159235215,3.43714900574,48057,0.996123870326
47,"[800,1100)","[3.5,3.75)",10.7,10.8,10.75,12,6.75442420522,1.77661331824,48069,0.99637260592
47,"[800,1100)","[3.5,3.75)",10.8,10.9,10.85,7,6.81725605829,1.02680608446,48076,0.996517701683
47,"[800,1100)","[3.5,3.75)",10.9,11,10.95,15,6.88008791136,2.18020469989,48091,0.996828621176
47,"[800,1100)","[3.5,3.75)",11,11.1,11.05,17,6.94291976443,2.44853758603,48108,0.997180996601
47,"[800,1100)","[3.5,3.75)",11.1,11.2,11.15,12,7.00575161751,1.7128783113,48120,0.997429732195
47,"[800,1100)","[3.5,3.75)",11.2,11.3,11.25,15,7.06858347058,2.12206590789,48135,0.997740651687
47,"[800,1100)","[3.5,3.75)",11.3,11.4,11.35,10,7.13141532365,1.40224619464,48145,0.997947931349
47,"[800,1100)","[3.5,3.75)",11.4,11.5,11.45,22,7.19424717672,3.05799890657,48167,0.998403946605
47,"[800,1100)","[3.5,3.75)",11.5,11.6,11.55,11,7.25707902979,1.51576136278,48178,0.998631954233
47,"[800,1100)","[3.5,3.75)",11.6,11.7,11.65,13,7.31991088286,1.77597790575,48191,0.998901417793
47,"[800,1100)","[3.5,3.75)",11.7,11.8,11.75,17,7.38274273594,2.30266726176,48208,0.999253793218
47,"[800,1100)","[3.5,3.75)",11.8,11.9,11.85,16,7.44557458901,2.14892750166,48224,0.999585440677
47,"[800,1100)","[3.5,3.75)",11.9,12,11.95,20,7.50840644208,2.66368105593,48244,1
48,"[800,1100)","[3.75,4.0)",0,0.1,0.05,26,0.0314159265359,827.605704078,26,0.000963248369887
48,"[800,1100)","[3.75,4.0)",0.1,0.2,0.15,61,0.0942477796077,647.230101907,87,0.0032231772377
48,"[800,1100)","[3.75,4.0)",0.2,0.3,0.25,66,0.157079632679,420.169049763,153,0.00566834617664
48,"[800,1100)","[3.75,4.0)",0.3,0.4,0.35,80,0.219911485751,363.782727067,233,0.00863218731476
48,"[800,1100)","[3.75,4.0)",0.4,0.5,0.45,59,0.282743338823,208.669814276,292,0.0108180201541
48,"[800,1100)","[3.75,4.0)",0.5,0.6,0.55,46,0.345575191895,133.11140695,338,0.0125222288085
48,"[800,1100)","[3.75,4.0)",0.6,0.7,0.65,80,0.408407044967,195.883006882,418,0.0154860699467
48,"[800,1100)","[3.75,4.0)",0.7,0.8,0.75,72,0.471238898038,152.788745368,490,0.018153526971
48,"[800,1100)","[3.75,4.0)",0.8,0.9,0.85,95,0.53407075111,177.879054044,585,0.0216730883225
48,"[800,1100)","[3.75,4.0)",0.9,1,0.95,79,0.596902604182,132.349900045,664,0.0245998814464
48,"[800,1100)","[3.75,4.0)",1,1.1,1.05,114,0.659734457254,172.796795357,778,0.0288233550682
48,"[800,1100)","[3.75,4.0)",1.1,1.2,1.15,125,0.722566310326,172.994503361,903,0.0334543568465
48,"[800,1100)","[3.75,4.0)",1.2,1.3,1.25,138,0.785398163397,175.707057173,1041,0.0385669828097
48,"[800,1100)","[3.75,4.0)",1.3,1.4,1.35,149,0.848230016469,175.659900153,1190,0.0440871369295
48,"[800,1100)","[3.75,4.0)",1.4,1.5,1.45,162,0.911061869541,177.814488144,1352,0.0500889152341
48,"[800,1100)","[3.75,4.0)",1.5,1.6,1.55,176,0.973893722613,180.717870866,1528,0.056609365738
48,"[800,1100)","[3.75,4.0)",1.6,1.7,1.65,169,1.03672557568,163.013244743,1697,0.0628704801423
48,"[800,1100)","[3.75,4.0)",1.7,1.8,1.75,170,1.09955742876,154.607659004,1867,0.0691686425608
48,"[800,1100)","[3.75,4.0)",1.8,1.9,1.85,205,1.16238928183,176.360882886,2072,0.0767634854772
48,"[800,1100)","[3.75,4.0)",1.9,2,1.95,212,1.2252211349,173.029989413,2284,0.0846176644932
48,"[800,1100)","[3.75,4.0)",2,2.1,2.05,199,1.28805298797,154.496749636,2483,0.0919902193242
48,"[800,1100)","[3.75,4.0)",2.1,2.2,2.15,233,1.35088484104,172.479542979,2716,0.100622406639
48,"[800,1100)","[3.75,4.0)",2.2,2.3,2.25,233,1.41371669412,164.813785513,2949,0.109254593954
48,"[800,1100)","[3.75,4.0)",2.3,2.4,2.35,258,1.47654854719,174.731809863,3207,0.118812981624
48,"[800,1100)","[3.75,4.0)",2.4,2.5,2.45,289,1.53938040026,187.737871647,3496,0.129519857736
48,"[800,1100)","[3.75,4.0)",2.5,2.6,2.55,293,1.60221225333,182.872150298,3789,0.140374925904
48,"[800,1100)","[3.75,4.0)",2.6,2.7,2.65,320,1.6650441064,192.187101092,4109,0.152230290456
48,"[800,1100)","[3.75,4.0)",2.7,2.8,2.75,274,1.72787595947,158.576197844,4383,0.162381446354
48,"[800,1100)","[3.75,4.0)",2.8,2.9,2.85,298,1.79070781255,166.41464225,4681,0.173421754594
48,"[800,1100)","[3.75,4.0)",2.9,3,2.95,308,1.85353966562,166.168550754,4989,0.184832542976
48,"[800,1100)","[3.75,4.0)",3,3.1,3.05,340,1.91637151869,177.418625086,5329,0.197428867813
48,"[800,1100)","[3.75,4.0)",3.1,3.2,3.15,335,1.97920337176,169.260018844,5664,0.209839952579
48,"[800,1100)","[3.75,4.0)",3.2,3.3,3.25,346,2.04203522483,169.438800953,6010,0.222658565501
48,"[800,1100)","[3.75,4.0)",3.3,3.4,3.35,354,2.10486707791,168.181641357,6364,0.235773562537
48,"[800,1100)","[3.75,4.0)",3.4,3.5,3.45,387,2.16769893098,178.530327468,6751,0.250111144043
48,"[800,1100)","[3.75,4.0)",3.5,3.6,3.55,395,2.23053078405,177.087894426,7146,0.264745109662
48,"[800,1100)","[3.75,4.0)",3.6,3.7,3.65,354,2.29336263712,154.358492752,7500,0.277860106698
48,"[800,1100)","[3.75,4.0)",3.7,3.8,3.75,382,2.35619449019,162.125835363,7882,0.292012448133
48,"[800,1100)","[3.75,4.0)",3.8,3.9,3.85,442,2.41902634326,182.718142459,8324,0.308387670421
48,"[800,1100)","[3.75,4.0)",3.9,4,3.95,410,2.48185819634,165.19880169,8734,0.323577356254
48,"[800,1100)","[3.75,4.0)",4,4.1,4.05,424,2.54469004941,166.621471286,9158,0.339285714286
48,"[800,1100)","[3.75,4.0)",4.1,4.2,4.15,455,2.60752190248,174.495178571,9613,0.356142560759
48,"[800,1100)","[3.75,4.0)",4.2,4.3,4.25,424,2.67035375555,158.780460873,10037,0.371850918791
48,"[800,1100)","[3.75,4.0)",4.3,4.4,4.35,431,2.73318560862,157.691449362,10468,0.387818612922
48,"[800,1100)","[3.75,4.0)",4.4,4.5,4.45,472,2.79601746169,168.811535145,10940,0.405305275637
48,"[800,1100)","[3.75,4.0)",4.5,4.6,4.55,528,2.85884931477,184.689692203,11468,0.424866627149
48,"[800,1100)","[3.75,4.0)",4.6,4.7,4.65,530,2.92168116784,181.402408255,11998,0.444502074689
48,"[800,1100)","[3.75,4.0)",4.7,4.8,4.75,541,2.98451302091,181.269103606,12539,0.464545050385
48,"[800,1100)","[3.75,4.0)",4.8,4.9,4.85,545,3.04734487398,178.844214402,13084,0.484736218139
48,"[800,1100)","[3.75,4.0)",4.9,5,4.95,529,3.11017672705,170.086797769,13613,0.504334617664
48,"[800,1100)","[3.75,4.0)",5,5.1,5.05,549,3.17300858013,173.021908431,14162,0.524673977475
48,"[800,1100)","[3.75,4.0)",5.1,5.2,5.15,577,3.2358404332,178.315344008,14739,0.546050681683
48,"[800,1100)","[3.75,4.0)",5.2,5.3,5.25,592,3.29867228627,179.466145353,15331,0.567983106106
48,"[800,1100)","[3.75,4.0)",5.3,5.4,5.35,524,3.36150413934,155.882598468,15855,0.58739626556
48,"[800,1100)","[3.75,4.0)",5.4,5.5,5.45,588,3.42433599241,171.712122088,16443,0.609180497925
48,"[800,1100)","[3.75,4.0)",5.5,5.6,5.55,572,3.48716784548,164.029959367,17015,0.630371962063
48,"[800,1100)","[3.75,4.0)",5.6,5.7,5.65,636,3.54999969856,179.15494479,17651,0.653934499111
48,"[800,1100)","[3.75,4.0)",5.7,5.8,5.75,620,3.61283155163,171.610547334,18271,0.676904267931
48,"[800,1100)","[3.75,4.0)",5.8,5.9,5.85,645,3.6756634047,175.478526999,18916,0.700800237107
48,"[800,1100)","[3.75,4.0)",5.9,6,5.95,641,3.73849525777,171.45935886,19557,0.724548014226
48,"[800,1100)","[3.75,4.0)",6,6.1,6.05,629,3.80132711084,165.468527611,20186,0.747851215175
48,"[800,1100)","[3.75,4.0)",6.1,6.2,6.15,631,3.86415896392,163.295559498,20817,0.771228512152
48,"[800,1100)","[3.75,4.0)",6.2,6.3,6.25,654,3.92699081699,166.539732451,21471,0.795457913456
48,"[800,1100)","[3.75,4.0)",6.3,6.4,6.35,633,3.98982267006,158.653667681,22104,0.818909306461
48,"[800,1100)","[3.75,4.0)",6.4,6.5,6.45,641,4.05265452313,158.167935693,22745,0.84265708358
48,"[800,1100)","[3.75,4.0)",6.5,6.6,6.55,641,4.1154863762,155.753158049,23386,0.866404860699
48,"[800,1100)","[3.75,4.0)",6.6,6.7,6.65,645,4.17831822927,154.368328262,24031,0.890300829876
48,"[800,1100)","[3.75,4.0)",6.7,6.8,6.75,559,4.24115008235,131.80387139,24590,0.911010669828
48,"[800,1100)","[3.75,4.0)",6.8,6.9,6.85,520,4.30398193542,120.81835096,25110,0.930275637226
48,"[800,1100)","[3.75,4.0)",6.9,7,6.95,433,4.36681378849,99.156964545,25543,0.946317427386
48,"[800,1100)","[3.75,4.0)",7,7.1,7.05,306,4.42964564156,69.0800178527,25849,0.957654119739
48,"[800,1100)","[3.75,4.0)",7.1,7.2,7.15,263,4.49247749463,58.5423077387,26112,0.967397747481
48,"[800,1100)","[3.75,4.0)",7.2,7.3,7.25,186,4.55530934771,40.8314750553,26298,0.974288678127
48,"[800,1100)","[3.75,4.0)",7.3,7.4,7.35,116,4.61814120078,25.1183311546,26414,0.978586247777
48,"[800,1100)","[3.75,4.0)",7.4,7.5,7.45,75,4.68097305385,16.0223097072,26489,0.981364848844
48,"[800,1100)","[3.75,4.0)",7.5,7.6,7.55,52,4.74380490692,10.9616649547,26541,0.983291345584
48,"[800,1100)","[3.75,4.0)",7.6,7.7,7.65,32,4.80663675999,6.65746167182,26573,0.984476882039
48,"[800,1100)","[3.75,4.0)",7.7,7.8,7.75,40,4.86946861306,8.21444867571,26613,0.985958802608
48,"[800,1100)","[3.75,4.0)",7.8,7.9,7.85,27,4.93230046614,5.47411906176,26640,0.986959098992
48,"[800,1100)","[3.75,4.0)",7.9,8,7.95,12,4.99513231921,2.40233876365,26652,0.987403675163
48,"[800,1100)","[3.75,4.0)",8,8.1,8.05,20,5.05796417228,3.95416007682,26672,0.988144635448
48,"[800,1100)","[3.75,4.0)",8.1,8.2,8.15,16,5.12079602535,3.12451422021,26688,0.988737403675
48,"[800,1100)","[3.75,4.0)",8.2,8.3,8.25,6,5.18362787842,1.15749049521,26694,0.988959691761
48,"[800,1100)","[3.75,4.0)",8.3,8.4,8.35,8,5.24645973149,1.52483777813,26702,0.989256075874
48,"[800,1100)","[3.75,4.0)",8.4,8.5,8.45,5,5.30929158457,0.941745225396,26707,0.989441315945
48,"[800,1100)","[3.75,4.0)",8.5,8.6,8.55,7,5.37212343764,1.3030229259,26714,0.989700652045
48,"[800,1100)","[3.75,4.0)",8.6,8.7,8.65,10,5.43495529071,1.83994153863,26724,0.990071132187
48,"[800,1100)","[3.75,4.0)",8.7,8.8,8.75,3,5.49778714378,0.545674090601,26727,0.99018227623
48,"[800,1100)","[3.75,4.0)",8.8,8.9,8.85,5,5.56061899685,0.899180469446,26732,0.990367516301
48,"[800,1100)","[3.75,4.0)",8.9,9,8.95,10,5.62345084993,1.77826752058,26742,0.990737996443
48,"[800,1100)","[3.75,4.0)",9,9.1,9.05,7,5.686282703,1.231032709,26749,0.990997332543
48,"[800,1100)","[3.75,4.0)",9.1,9.2,9.15,8,5.74911455607,1.39151862813,26757,0.991293716657
48,"[800,1100)","[3.75,4.0)",9.2,9.3,9.25,7,5.81194640914,1.20441578556,26764,0.991553052756
48,"[800,1100)","[3.75,4.0)",9.3,9.4,9.35,10,5.87477826221,1.70219190473,26774,0.991923532899
48,"[800,1100)","[3.75,4.0)",9.4,9.5,9.45,9,5.93761011528,1.51576136278,26783,0.992256965027
48,"[800,1100)","[3.75,4.0)",9.5,9.6,9.55,6,6.00044196836,0.999926344033,26789,0.992479253112
48,"[800,1100)","[3.75,4.0)",9.6,9.7,9.65,7,6.06327382143,1.15449181517,26796,0.992738589212
48,"[800,1100)","[3.75,4.0)",9.7,9.8,9.75,9,6.1261056745,1.46912255162,26805,0.99307202134
48,"[800,1100)","[3.75,4.0)",9.8,9.9,9.85,9,6.18893752757,1.45420760185,26814,0.993405453468
48,"[800,1100)","[3.75,4.0)",9.9,10,9.95,12,6.25176938064,1.9194566001,26826,0.993850029638
48,"[800,1100)","[3.75,4.0)",10,10.1,10.05,10,6.31460123372,1.58363127455,26836,0.994220509781
48,"[800,1100)","[3.75,4.0)",10.1,10.2,10.15,4,6.37743308679,0.627211598392,26840,0.994368701838
48,"[800,1100)","[3.75,4.0)",10.2,10.3,10.25,9,6.44026493986,1.3974580369,26849,0.994702133966
48,"[800,1100)","[3.75,4.0)",10.3,10.4,10.35,6,6.50309679293,0.922637351257,26855,0.994924422051
48,"[800,1100)","[3.75,4.0)",10.4,10.5,10.45,6,6.565928646,0.913808285695,26861,0.995146710136
48,"[800,1100)","[3.75,4.0)",10.5,10.6,10.55,9,6.62876049907,1.35771989367,26870,0.995480142264
48,"[800,1100)","[3.75,4.0)",10.6,10.7,10.65,9,6.69159235215,1.34497135007,26879,0.995813574392
48,"[800,1100)","[3.75,4.0)",10.7,10.8,10.75,11,6.75442420522,1.62856220838,26890,0.996221102549
48,"[800,1100)","[3.75,4.0)",10.8,10.9,10.85,9,6.81725605829,1.32017925145,26899,0.996554534677
48,"[800,1100)","[3.75,4.0)",10.9,11,10.95,12,6.88008791136,1.74416375991,26911,0.996999110848
48,"[800,1100)","[3.75,4.0)",11,11.1,11.05,9,6.94291976443,1.29628460437,26920,0.997332542976
48,"[800,1100)","[3.75,4.0)",11.1,11.2,11.15,3,7.00575161751,0.428219577826,26923,0.997443687018
48,"[800,1100)","[3.75,4.0)",11.2,11.3,11.25,10,7.06858347058,1.41471060526,26933,0.997814167161
48,"[800,1100)","[3.75,4.0)",11.3,11.4,11.35,4,7.13141532365,0.560898477857,26937,0.997962359218
48,"[800,1100)","[3.75,4.0)",11.4,11.5,11.45,8,7.19424717672,1.11199960239,26945,0.998258743331
48,"[800,1100)","[3.75,4.0)",11.5,11.6,11.55,7,7.25707902979,0.964575412678,26952,0.998518079431
48,"[800,1100)","[3.75,4.0)",11.6,11.7,11.65,12,7.31991088286,1.63936422069,26964,0.998962655602
48,"[800,1100)","[3.75,4.0)",11.7,11.8,11.75,6,7.38274273594,0.812706092384,26970,0.999184943687
48,"[800,1100)","[3.75,4.0)",11.8,11.9,11.85,8,7.44557458901,1.07446375083,26978,0.999481327801
48,"[800,1100)","[3.75,4.0)",11.9,12,11.95,14,7.50840644208,1.86457673915,26992,1
49,"[800,1100)","[4.0,4.25)",0,0.1,0.05,11,0.0314159265359,350.140874802,11,0.00144205558469
49,"[800,1100)","[4.0,4.25)",0.1,0.2,0.15,13,0.0942477796077,137.934284013,24,0.00314630309386
49,"[800,1100)","[4.0,4.25)",0.2,0.3,0.25,28,0.157079632679,178.253536263,52,0.00681699003671
49,"[800,1100)","[4.0,4.25)",0.3,0.4,0.35,29,0.219911485751,131.871238562,81,0.0106187729418
49,"[800,1100)","[4.0,4.25)",0.4,0.5,0.45,20,0.282743338823,70.7355302631,101,0.0132406921867
49,"[800,1100)","[4.0,4.25)",0.5,0.6,0.55,23,0.345575191895,66.5557034748,124,0.0162558993183
49,"[800,1100)","[4.0,4.25)",0.6,0.7,0.65,29,0.408407044967,71.0075899948,153,0.0200576822234
49,"[800,1100)","[4.0,4.25)",0.7,0.8,0.75,17,0.471238898038,36.0751204342,170,0.0222863135815
49,"[800,1100)","[4.0,4.25)",0.8,0.9,0.85,27,0.53407075111,50.5550995704,197,0.0258259045621
49,"[800,1100)","[4.0,4.25)",0.9,1,0.95,24,0.596902604182,40.2075645706,221,0.028972207656
49,"[800,1100)","[4.0,4.25)",1,1.1,1.05,38,0.659734457254,57.5989317856,259,0.0339538542213
49,"[800,1100)","[4.0,4.25)",1.1,1.2,1.15,42,0.722566310326,58.1261531292,301,0.0394598846356
49,"[800,1100)","[4.0,4.25)",1.2,1.3,1.25,39,0.785398163397,49.6563422447,340,0.0445726271631
49,"[800,1100)","[4.0,4.25)",1.3,1.4,1.35,38,0.848230016469,44.7991691666,378,0.0495542737284
49,"[800,1100)","[4.0,4.25)",1.4,1.5,1.45,33,0.911061869541,36.2214698071,411,0.0538804404824
49,"[800,1100)","[4.0,4.25)",1.5,1.6,1.55,44,0.973893722613,45.1794677164,455,0.0596486628212
49,"[800,1100)","[4.0,4.25)",1.6,1.7,1.65,56,1.03672557568,54.01622311,511,0.0669900367069
49,"[800,1100)","[4.0,4.25)",1.7,1.8,1.75,42,1.09955742876,38.1971863421,553,0.0724960671211
49,"[800,1100)","[4.0,4.25)",1.8,1.9,1.85,67,1.16238928183,57.639898309,620,0.0812794965915
49,"[800,1100)","[4.0,4.25)",1.9,2,1.95,56,1.2252211349,45.7060349392,676,0.0886208704772
49,"[800,1100)","[4.0,4.25)",2,2.1,2.05,63,1.28805298797,48.9110312917,739,0.0968799160986
49,"[800,1100)","[4.0,4.25)",2.1,2.2,2.15,77,1.35088484104,56.9996772934,816,0.106974305191
49,"[800,1100)","[4.0,4.25)",2.2,2.3,2.25,63,1.41371669412,44.5633840657,879,0.115233350813
49,"[800,1100)","[4.0,4.25)",2.3,2.4,2.35,69,1.47654854719,46.7306003121,948,0.124278972208
49,"[800,1100)","[4.0,4.25)",2.4,2.5,2.45,68,1.53938040026,44.1736168582,1016,0.13319349764
49,"[800,1100)","[4.0,4.25)",2.5,2.6,2.55,75,1.60221225333,46.81027738,1091,0.143025694809
49,"[800,1100)","[4.0,4.25)",2.6,2.7,2.65,86,1.6650441064,51.6502834185,1177,0.154299947562
49,"[800,1100)","[4.0,4.25)",2.7,2.8,2.75,73,1.72787595947,42.2484030753,1250,0.163869952805
49,"[800,1100)","[4.0,4.25)",2.8,2.9,2.85,90,1.79070781255,50.2594557132,1340,0.175668589407
49,"[800,1100)","[4.0,4.25)",2.9,3,2.95,94,1.85353966562,50.7137784767,1434,0.187991609858
49,"[800,1100)","[4.0,4.25)",3,3.1,3.05,97,1.91637151869,50.6164900981,1531,0.200707918196
49,"[800,1100)","[4.0,4.25)",3.1,3.2,3.15,83,1.97920337176,41.9360643702,1614,0.211588883062
49,"[800,1100)","[4.0,4.25)",3.2,3.3,3.25,102,2.04203522483,49.950166755,1716,0.224960671211
49,"[800,1100)","[4.0,4.25)",3.3,3.4,3.35,105,2.10486707791,49.8843851482,1821,0.238725747247
49,"[800,1100)","[4.0,4.25)",3.4,3.5,3.45,102,2.16769893098,47.0545049141,1923,0.252097535396
49,"[800,1100)","[4.0,4.25)",3.5,3.6,3.55,131,2.23053078405,58.7304156198,2054,0.26927110645
49,"[800,1100)","[4.0,4.25)",3.6,3.7,3.65,108,2.29336263712,47.0924215176,2162,0.283429470372
49,"[800,1100)","[4.0,4.25)",3.7,3.8,3.75,119,2.35619449019,50.5051686078,2281,0.299029889879
49,"[800,1100)","[4.0,4.25)",3.8,3.9,3.85,127,2.41902634326,52.5004617472,2408,0.315679077084
49,"[800,1100)","[4.0,4.25)",3.9,4,3.95,128,2.48185819634,51.5742600399,2536,0.332459360252
49,"[800,1100)","[4.0,4.25)",4,4.1,4.05,114,2.54469004941,44.7991691666,2650,0.347404299948
49,"[800,1100)","[4.0,4.25)",4.1,4.2,4.15,121,2.60752190248,46.4042123232,2771,0.363266911379
49,"[800,1100)","[4.0,4.25)",4.2,4.3,4.25,129,2.67035375555,48.3082062561,2900,0.380178290509
49,"[800,1100)","[4.0,4.25)",4.3,4.4,4.35,151,2.73318560862,55.2468882917,3051,0.399973780808
49,"[800,1100)","[4.0,4.25)",4.4,4.5,4.45,144,2.79601746169,51.5018242814,3195,0.418851599371
49,"[800,1100)","[4.0,4.25)",4.5,4.6,4.55,147,2.85884931477,51.4192893066,3342,0.438122705821
49,"[800,1100)","[4.0,4.25)",4.6,4.7,4.65,117,2.92168116784,40.0454372941,3459,0.453460933403
49,"[800,1100)","[4.0,4.25)",4.7,4.8,4.75,166,2.98451302091,55.6204643226,3625,0.475222863136
49,"[800,1100)","[4.0,4.25)",4.8,4.9,4.85,148,3.04734487398,48.5668692322,3773,0.494625065548
49,"[800,1100)","[4.0,4.25)",4.9,5,4.95,133,3.11017672705,42.7628432954,3906,0.512060828526
49,"[800,1100)","[4.0,4.25)",5,5.1,5.05,167,3.17300858013,52.6314366264,4073,0.533953854221
49,"[800,1100)","[4.0,4.25)",5.1,5.2,5.15,135,3.2358404332,41.7202278008,4208,0.551651809124
49,"[800,1100)","[4.0,4.25)",5.2,5.3,5.25,166,3.29867228627,50.3232772443,4374,0.573413738857
49,"[800,1100)","[4.0,4.25)",5.3,5.4,5.35,173,3.36150413934,51.4650563643,4547,0.596093340325
49,"[800,1100)","[4.0,4.25)",5.4,5.5,5.45,175,3.42433599241,51.1047982405,4722,0.619035133718
49,"[800,1100)","[4.0,4.25)",5.5,5.6,5.55,152,3.48716784548,43.5883808108,4874,0.638961719979
49,"[800,1100)","[4.0,4.25)",5.6,5.7,5.65,163,3.54999969856,45.9154968566,5037,0.660330361825
49,"[800,1100)","[4.0,4.25)",5.7,5.8,5.75,169,3.61283155163,46.7777137087,5206,0.682485579444
49,"[800,1100)","[4.0,4.25)",5.8,5.9,5.85,174,3.6756634047,47.3383933299,5380,0.705296276875
49,"[800,1100)","[4.0,4.25)",5.9,6,5.95,177,3.73849525777,47.3452519786,5557,0.728500262192
49,"[800,1100)","[4.0,4.25)",6,6.1,6.05,159,3.80132711084,41.8274974407,5716,0.749344520189
49,"[800,1100)","[4.0,4.25)",6.1,6.2,6.15,170,3.86415896392,43.99404931,5886,0.77163083377
49,"[800,1100)","[4.0,4.25)",6.2,6.3,6.25,187,3.92699081699,47.6191589731,6073,0.79614577871
49,"[800,1100)","[4.0,4.25)",6.3,6.4,6.35,191,3.98982267006,47.8718017804,6264,0.821185107499
49,"[800,1100)","[4.0,4.25)",6.4,6.5,6.45,164,4.05265452313,40.4673033598,6428,0.842684845307
49,"[800,1100)","[4.0,4.25)",6.5,6.6,6.55,168,4.1154863762,40.8214205182,6596,0.864708966964
49,"[800,1100)","[4.0,4.25)",6.6,6.7,6.65,147,4.17831822927,35.1816189993,6743,0.883980073414
49,"[800,1100)","[4.0,4.25)",6.7,6.8,6.75,146,4.24115008235,34.424624728,6889,0.903120083901
49,"[800,1100)","[4.0,4.25)",6.8,6.9,6.85,132,4.30398193542,30.6692737053,7021,0.920424750918
49,"[800,1100)","[4.0,4.25)",6.9,7,6.95,135,4.36681378849,30.9149889459,7156,0.938122705821
49,"[800,1100)","[4.0,4.25)",7,7.1,7.05,81,4.42964564156,18.2858870786,7237,0.948741478762
49,"[800,1100)","[4.0,4.25)",7.1,7.2,7.15,62,4.49247749463,13.8008482122,7299,0.956869428422
49,"[800,1100)","[4.0,4.25)",7.2,7.3,7.25,60,4.55530934771,13.1714435662,7359,0.964735186156
49,"[800,1100)","[4.0,4.25)",7.3,7.4,7.35,48,4.61814120078,10.3937922019,7407,0.971027792344
49,"[800,1100)","[4.0,4.25)",7.4,7.5,7.45,29,4.68097305385,6.1952930868,7436,0.974829575249
49,"[800,1100)","[4.0,4.25)",7.5,7.6,7.55,20,4.74380490692,4.21602498257,7456,0.977451494494
49,"[800,1100)","[4.0,4.25)",7.6,7.7,7.65,17,4.80663675999,3.53677651315,7473,0.979680125852
49,"[800,1100)","[4.0,4.25)",7.7,7.8,7.75,21,4.86946861306,4.31258555475,7494,0.982433141059
49,"[800,1100)","[4.0,4.25)",7.8,7.9,7.85,13,4.93230046614,2.63568695566,7507,0.984137388568
49,"[800,1100)","[4.0,4.25)",7.9,8,7.95,10,4.99513231921,2.00194896971,7517,0.985448348191
49,"[800,1100)","[4.0,4.25)",8,8.1,8.05,3,5.05796417228,0.593124011523,7520,0.985841636078
49,"[800,1100)","[4.0,4.25)",8.1,8.2,8.15,3,5.12079602535,0.585846416289,7523,0.986234923964
49,"[800,1100)","[4.0,4.25)",8.2,8.3,8.25,6,5.18362787842,1.15749049521,7529,0.987021499738
49,"[800,1100)","[4.0,4.25)",8.3,8.4,8.35,4,5.24645973149,0.762418889063,7533,0.987545883587
49,"[800,1100)","[4.0,4.25)",8.4,8.5,8.45,3,5.30929158457,0.565047135237,7536,0.987939171474
49,"[800,1100)","[4.0,4.25)",8.5,8.6,8.55,4,5.37212343764,0.744584529085,7540,0.988463555322
49,"[800,1100)","[4.0,4.25)",8.6,8.7,8.65,4,5.43495529071,0.735976615454,7544,0.988987939171
49,"[800,1100)","[4.0,4.25)",8.7,8.8,8.75,2,5.49778714378,0.363782727067,7546,0.989250131096
49,"[800,1100)","[4.0,4.25)",8.8,8.9,8.85,2,5.56061899685,0.359672187778,7548,0.98951232302
49,"[800,1100)","[4.0,4.25)",8.9,9,8.95,0,5.62345084993,0,7548,0.98951232302
49,"[800,1100)","[4.0,4.25)",9,9.1,9.05,2,5.686282703,0.351723631142,7550,0.989774514945
49,"[800,1100)","[4.0,4.25)",9.1,9.2,9.15,2,5.74911455607,0.347879657031,7552,0.990036706869
49,"[800,1100)","[4.0,4.25)",9.2,9.3,9.25,3,5.81194640914,0.516178193812,7555,0.990429994756
49,"[800,1100)","[4.0,4.25)",9.3,9.4,9.35,2,5.87477826221,0.340438380945,7557,0.990692186681
49,"[800,1100)","[4.0,4.25)",9.4,9.5,9.45,1,5.93761011528,0.168417929198,7558,0.990823282643
49,"[800,1100)","[4.0,4.25)",9.5,9.6,9.55,1,6.00044196836,0.166654390672,7559,0.990954378605
49,"[800,1100)","[4.0,4.25)",9.6,9.7,9.65,5,6.06327382143,0.824637010839,7564,0.991609858416
49,"[800,1100)","[4.0,4.25)",9.7,9.8,9.75,3,6.1261056745,0.489707517206,7567,0.992003146303
49,"[800,1100)","[4.0,4.25)",9.8,9.9,9.85,2,6.18893752757,0.323157244857,7569,0.992265338228
49,"[800,1100)","[4.0,4.25)",9.9,10,9.95,4,6.25176938064,0.639818866701,7573,0.992789722077
49,"[800,1100)","[4.0,4.25)",10,10.1,10.05,3,6.31460123372,0.475089382364,7576,0.993183009963
49,"[800,1100)","[4.0,4.25)",10.1,10.2,10.15,2,6.37743308679,0.313605799196,7578,0.993445201888
49,"[800,1100)","[4.0,4.25)",10.2,10.3,10.25,2,6.44026493986,0.310546230423,7580,0.993707393812
49,"[800,1100)","[4.0,4.25)",10.3,10.4,10.35,1,6.50309679293,0.153772891876,7581,0.993838489775
49,"[800,1100)","[4.0,4.25)",10.4,10.5,10.45,0,6.565928646,0,7581,0.993838489775
49,"[800,1100)","[4.0,4.25)",10.5,10.6,10.55,4,6.62876049907,0.603431063856,7585,0.994362873623
49,"[800,1100)","[4.0,4.25)",10.6,10.7,10.65,4,6.69159235215,0.597765044477,7589,0.994887257472
49,"[800,1100)","[4.0,4.25)",10.7,10.8,10.75,3,6.75442420522,0.444153329559,7592,0.995280545359
49,"[800,1100)","[4.0,4.25)",10.8,10.9,10.85,6,6.81725605829,0.880119500969,7598,0.996067121133
49,"[800,1100)","[4.0,4.25)",10.9,11,10.95,6,6.88008791136,0.872081879956,7604,0.996853696906
49,"[800,1100)","[4.0,4.25)",11,11.1,11.05,2,6.94291976443,0.288063245415,7606,0.997115888831
49,"[800,1100)","[4.0,4.25)",11.1,11.2,11.15,1,7.00575161751,0.142739859275,7607,0.997246984793
49,"[800,1100)","[4.0,4.25)",11.2,11.3,11.25,1,7.06858347058,0.141471060526,7608,0.997378080755
49,"[800,1100)","[4.0,4.25)",11.3,11.4,11.35,0,7.13141532365,0,7608,0.997378080755
49,"[800,1100)","[4.0,4.25)",11.4,11.5,11.45,5,7.19424717672,0.694999751493,7613,0.998033560566
49,"[800,1100)","[4.0,4.25)",11.5,11.6,11.55,5,7.25707902979,0.688982437627,7618,0.998689040378
49,"[800,1100)","[4.0,4.25)",11.6,11.7,11.65,3,7.31991088286,0.409841055172,7621,0.999082328264
49,"[800,1100)","[4.0,4.25)",11.7,11.8,11.75,4,7.38274273594,0.541804061589,7625,0.999606712113
49,"[800,1100)","[4.0,4.25)",11.8,11.9,11.85,1,7.44557458901,0.134307968854,7626,0.999737808076
49,"[800,1100)","[4.0,4.25)",11.9,12,11.95,2,7.50840644208,0.266368105593,7628,1
50,"[800,1100)","[4.25,4.5)",0,0.1,0.05,1,0.0314159265359,31.8309886184,1,0.000663129973475
50,"[800,1100)","[4.25,4.5)",0.1,0.2,0.15,1,0.0942477796077,10.6103295395,2,0.00132625994695
50,"[800,1100)","[4.25,4.5)",0.2,0.3,0.25,1,0.157079632679,6.36619772368,3,0.00198938992042
50,"[800,1100)","[4.25,4.5)",0.3,0.4,0.35,5,0.219911485751,22.7364204417,8,0.0053050397878
50,"[800,1100)","[4.25,4.5)",0.4,0.5,0.45,3,0.282743338823,10.6103295395,11,0.00729442970822
50,"[800,1100)","[4.25,4.5)",0.5,0.6,0.55,3,0.345575191895,8.6811787141,14,0.00928381962865
50,"[800,1100)","[4.25,4.5)",0.6,0.7,0.65,6,0.408407044967,14.6912255162,20,0.0132625994695
50,"[800,1100)","[4.25,4.5)",0.7,0.8,0.75,8,0.471238898038,16.9765272631,28,0.0185676392573
50,"[800,1100)","[4.25,4.5)",0.8,0.9,0.85,8,0.53407075111,14.9792887616,36,0.0238726790451
50,"[800,1100)","[4.25,4.5)",0.9,1,0.95,6,0.596902604182,10.0518911426,42,0.0278514588859
50,"[800,1100)","[4.25,4.5)",1,1.1,1.05,7,0.659734457254,10.6103295395,49,0.0324933687003
50,"[800,1100)","[4.25,4.5)",1.1,1.2,1.15,8,0.722566310326,11.0716482151,57,0.0377984084881
50,"[800,1100)","[4.25,4.5)",1.2,1.3,1.25,11,0.785398163397,14.0056349921,68,0.0450928381963
50,"[800,1100)","[4.25,4.5)",1.3,1.4,1.35,9,0.848230016469,10.6103295395,77,0.0510610079576
50,"[800,1100)","[4.25,4.5)",1.4,1.5,1.45,15,0.911061869541,16.4643044578,92,0.0610079575597
50,"[800,1100)","[4.25,4.5)",1.5,1.6,1.55,10,0.973893722613,10.2680608446,102,0.0676392572944
50,"[800,1100)","[4.25,4.5)",1.6,1.7,1.65,13,1.03672557568,12.5394803648,115,0.0762599469496
50,"[800,1100)","[4.25,4.5)",1.7,1.8,1.75,13,1.09955742876,11.8229386297,128,0.0848806366048
50,"[800,1100)","[4.25,4.5)",1.8,1.9,1.85,7,1.16238928183,6.0220789278,135,0.0895225464191
50,"[800,1100)","[4.25,4.5)",1.9,2,1.95,11,1.2252211349,8.97797114877,146,0.0968169761273
50,"[800,1100)","[4.25,4.5)",2,2.1,2.05,11,1.28805298797,8.54002133664,157,0.104111405836
50,"[800,1100)","[4.25,4.5)",2.1,2.2,2.15,13,1.35088484104,9.62332214044,170,0.112732095491
50,"[800,1100)","[4.25,4.5)",2.2,2.3,2.25,11,1.41371669412,7.78090832894,181,0.120026525199
50,"[800,1100)","[4.25,4.5)",2.3,2.4,2.35,20,1.47654854719,13.5451015397,201,0.133289124668
50,"[800,1100)","[4.25,4.5)",2.4,2.5,2.45,13,1.53938040026,8.44495616406,214,0.141909814324
50,"[800,1100)","[4.25,4.5)",2.5,2.6,2.55,17,1.60221225333,10.6103295395,231,0.153183023873
50,"[800,1100)","[4.25,4.5)",2.6,2.7,2.65,13,1.6650441064,7.80760098187,244,0.161803713528
50,"[800,1100)","[4.25,4.5)",2.7,2.8,2.75,16,1.72787595947,9.25992396171,260,0.172413793103
50,"[800,1100)","[4.25,4.5)",2.8,2.9,2.85,13,1.79070781255,7.25969915858,273,0.181034482759
50,"[800,1100)","[4.25,4.5)",2.9,3,2.95,17,1.85353966562,9.17164078835,290,0.192307692308
50,"[800,1100)","[4.25,4.5)",3,3.1,3.05,15,1.91637151869,7.82729228321,305,0.20225464191
50,"[800,1100)","[4.25,4.5)",3.1,3.2,3.15,16,1.97920337176,8.08406060149,321,0.212864721485
50,"[800,1100)","[4.25,4.5)",3.2,3.3,3.25,16,2.04203522483,7.83532027529,337,0.223474801061
50,"[800,1100)","[4.25,4.5)",3.3,3.4,3.35,19,2.10486707791,9.02669826491,356,0.236074270557
50,"[800,1100)","[4.25,4.5)",3.4,3.5,3.45,32,2.16769893098,14.7621976201,388,0.257294429708
50,"[800,1100)","[4.25,4.5)",3.5,3.6,3.55,25,2.23053078405,11.2080945839,413,0.273872679045
50,"[800,1100)","[4.25,4.5)",3.6,3.7,3.65,20,2.29336263712,8.72081879956,433,0.287135278515
50,"[800,1100)","[4.25,4.5)",3.7,3.8,3.75,22,2.35619449019,9.33708999472,455,0.301724137931
50,"[800,1100)","[4.25,4.5)",3.8,3.9,3.85,20,2.41902634326,8.26778925153,475,0.314986737401
50,"[800,1100)","[4.25,4.5)",3.9,4,3.95,30,2.48185819634,12.0877171969,505,0.334880636605
50,"[800,1100)","[4.25,4.5)",4,4.1,4.05,21,2.54469004941,8.25247853069,526,0.348806366048
50,"[800,1100)","[4.25,4.5)",4.1,4.2,4.15,29,2.60752190248,11.1216707221,555,0.368037135279
50,"[800,1100)","[4.25,4.5)",4.2,4.3,4.25,33,2.67035375555,12.3579132283,588,0.389920424403
50,"[800,1100)","[4.25,4.5)",4.3,4.4,4.35,25,2.73318560862,9.14683580988,613,0.40649867374
50,"[800,1100)","[4.25,4.5)",4.4,4.5,4.45,24,2.79601746169,8.58363738024,637,0.422413793103
50,"[800,1100)","[4.25,4.5)",4.5,4.6,4.55,29,2.85884931477,10.1439414278,666,0.441644562334
50,"[800,1100)","[4.25,4.5)",4.6,4.7,4.65,27,2.92168116784,9.24125476017,693,0.459549071618
50,"[800,1100)","[4.25,4.5)",4.7,4.8,4.75,36,2.98451302091,12.0622693712,729,0.483421750663
50,"[800,1100)","[4.25,4.5)",4.8,4.9,4.85,36,3.04734487398,11.8135627862,765,0.507294429708
50,"[800,1100)","[4.25,4.5)",4.9,5,4.95,33,3.11017672705,10.6103295395,798,0.529177718833
50,"[800,1100)","[4.25,4.5)",5,5.1,5.05,22,3.17300858013,6.93348266935,820,0.543766578249
50,"[800,1100)","[4.25,4.5)",5.1,5.2,5.15,33,3.2358404332,10.1982779069,853,0.565649867374
50,"[800,1100)","[4.25,4.5)",5.2,5.3,5.25,30,3.29867228627,9.09456817668,883,0.585543766578
50,"[800,1100)","[4.25,4.5)",5.3,5.4,5.35,23,3.36150413934,6.84217512358,906,0.600795755968
50,"[800,1100)","[4.25,4.5)",5.4,5.5,5.45,38,3.42433599241,11.0970419037,944,0.62599469496
50,"[800,1100)","[4.25,4.5)",5.5,5.6,5.55,30,3.48716784548,8.60296989686,974,0.645888594164
50,"[800,1100)","[4.25,4.5)",5.6,5.7,5.65,37,3.54999969856,10.4225360963,1011,0.670424403183
50,"[800,1100)","[4.25,4.5)",5.7,5.8,5.75,40,3.61283155163,11.0716482151,1051,0.696949602122
50,"[800,1100)","[4.25,4.5)",5.8,5.9,5.85,20,3.6756634047,5.44119463562,1071,0.710212201592
50,"[800,1100)","[4.25,4.5)",5.9,6,5.95,39,3.73849525777,10.4320046733,1110,0.736074270557
50,"[800,1100)","[4.25,4.5)",6,6.1,6.05,29,3.80132711084,7.62891462755,1139,0.755305039788
50,"[800,1100)","[4.25,4.5)",6.1,6.2,6.15,28,3.86415896392,7.24607870987,1167,0.773872679045
50,"[800,1100)","[4.25,4.5)",6.2,6.3,6.25,29,3.92699081699,7.38478935946,1196,0.793103448276
50,"[800,1100)","[4.25,4.5)",6.3,6.4,6.35,37,3.98982267006,9.27359510929,1233,0.817639257294
50,"[800,1100)","[4.25,4.5)",6.4,6.5,6.45,37,4.05265452313,9.12981844093,1270,0.842175066313
50,"[800,1100)","[4.25,4.5)",6.5,6.6,6.55,24,4.1154863762,5.8316315026,1294,0.858090185676
50,"[800,1100)","[4.25,4.5)",6.6,6.7,6.65,27,4.17831822927,6.46193002027,1321,0.87599469496
50,"[800,1100)","[4.25,4.5)",6.7,6.8,6.75,35,4.24115008235,8.25247853069,1356,0.899204244032
50,"[800,1100)","[4.25,4.5)",6.8,6.9,6.85,28,4.30398193542,6.50560351325,1384,0.917771883289
50,"[800,1100)","[4.25,4.5)",6.9,7,6.95,22,4.36681378849,5.03799819859,1406,0.932360742706
50,"[800,1100)","[4.25,4.5)",7,7.1,7.05,13,4.42964564156,2.93477200028,1419,0.940981432361
50,"[800,1100)","[4.25,4.5)",7.1,7.2,7.15,9,4.49247749463,2.00334893402,1428,0.946949602122
50,"[800,1100)","[4.25,4.5)",7.2,7.3,7.25,13,4.55530934771,2.85381277268,1441,0.955570291777
50,"[800,1100)","[4.25,4.5)",7.3,7.4,7.35,10,4.61814120078,2.1653733754,1451,0.962201591512
50,"[800,1100)","[4.25,4.5)",7.4,7.5,7.45,8,4.68097305385,1.70904636877,1459,0.9675066313
50,"[800,1100)","[4.25,4.5)",7.5,7.6,7.55,4,4.74380490692,0.843204996513,1463,0.970159151194
50,"[800,1100)","[4.25,4.5)",7.6,7.7,7.65,4,4.80663675999,0.832182708977,1467,0.972811671088
50,"[800,1100)","[4.25,4.5)",7.7,7.8,7.75,3,4.86946861306,0.616083650678,1470,0.974801061008
50,"[800,1100)","[4.25,4.5)",7.8,7.9,7.85,2,4.93230046614,0.405490300871,1472,0.976127320955
50,"[800,1100)","[4.25,4.5)",7.9,8,7.95,4,4.99513231921,0.800779587884,1476,0.978779840849
50,"[800,1100)","[4.25,4.5)",8,8.1,8.05,1,5.05796417228,0.197708003841,1477,0.979442970822
50,"[800,1100)","[4.25,4.5)",8.1,8.2,8.15,1,5.12079602535,0.195282138763,1478,0.980106100796
50,"[800,1100)","[4.25,4.5)",8.2,8.3,8.25,4,5.18362787842,0.771660330143,1482,0.98275862069
50,"[800,1100)","[4.25,4.5)",8.3,8.4,8.35,1,5.24645973149,0.190604722266,1483,0.983421750663
50,"[800,1100)","[4.25,4.5)",8.4,8.5,8.45,1,5.30929158457,0.188349045079,1484,0.984084880637
50,"[800,1100)","[4.25,4.5)",8.5,8.6,8.55,3,5.37212343764,0.558438396814,1487,0.986074270557
50,"[800,1100)","[4.25,4.5)",8.6,8.7,8.65,0,5.43495529071,0,1487,0.986074270557
50,"[800,1100)","[4.25,4.5)",8.7,8.8,8.75,0,5.49778714378,0,1487,0.986074270557
50,"[800,1100)","[4.25,4.5)",8.8,8.9,8.85,0,5.56061899685,0,1487,0.986074270557
50,"[800,1100)","[4.25,4.5)",8.9,9,8.95,2,5.62345084993,0.355653504116,1489,0.987400530504
50,"[800,1100)","[4.25,4.5)",9,9.1,9.05,0,5.686282703,0,1489,0.987400530504
50,"[800,1100)","[4.25,4.5)",9.1,9.2,9.15,2,5.74911455607,0.347879657031,1491,0.988726790451
50,"[800,1100)","[4.25,4.5)",9.2,9.3,9.25,0,5.81194640914,0,1491,0.988726790451
50,"[800,1100)","[4.25,4.5)",9.3,9.4,9.35,2,5.87477826221,0.340438380945,1493,0.990053050398
50,"[800,1100)","[4.25,4.5)",9.4,9.5,9.45,1,5.93761011528,0.168417929198,1494,0.990716180371
50,"[800,1100)","[4.25,4.5)",9.5,9.6,9.55,0,6.00044196836,0,1494,0.990716180371
50,"[800,1100)","[4.25,4.5)",9.6,9.7,9.65,0,6.06327382143,0,1494,0.990716180371
50,"[800,1100)","[4.25,4.5)",9.7,9.8,9.75,0,6.1261056745,0,1494,0.990716180371
50,"[800,1100)","[4.25,4.5)",9.8,9.9,9.85,0,6.18893752757,0,1494,0.990716180371
50,"[800,1100)","[4.25,4.5)",9.9,10,9.95,1,6.25176938064,0.159954716675,1495,0.991379310345
50,"[800,1100)","[4.25,4.5)",10,10.1,10.05,2,6.31460123372,0.316726254909,1497,0.992705570292
50,"[800,1100)","[4.25,4.5)",10.1,10.2,10.15,0,6.37743308679,0,1497,0.992705570292
50,"[800,1100)","[4.25,4.5)",10.2,10.3,10.25,0,6.44026493986,0,1497,0.992705570292
50,"[800,1100)","[4.25,4.5)",10.3,10.4,10.35,1,6.50309679293,0.153772891876,1498,0.993368700265
50,"[800,1100)","[4.25,4.5)",10.4,10.5,10.45,2,6.565928646,0.304602761898,1500,0.994694960212
50,"[800,1100)","[4.25,4.5)",10.5,10.6,10.55,1,6.62876049907,0.150857765964,1501,0.995358090186
50,"[800,1100)","[4.25,4.5)",10.6,10.7,10.65,1,6.69159235215,0.149441261119,1502,0.996021220159
50,"[800,1100)","[4.25,4.5)",10.7,10.8,10.75,0,6.75442420522,0,1502,0.996021220159
50,"[800,1100)","[4.25,4.5)",10.8,10.9,10.85,0,6.81725605829,0,1502,0.996021220159
50,"[800,1100)","[4.25,4.5)",10.9,11,10.95,0,6.88008791136,0,1502,0.996021220159
50,"[800,1100)","[4.25,4.5)",11,11.1,11.05,0,6.94291976443,0,1502,0.996021220159
50,"[800,1100)","[4.25,4.5)",11.1,11.2,11.15,0,7.00575161751,0,1502,0.996021220159
50,"[800,1100)","[4.25,4.5)",11.2,11.3,11.25,1,7.06858347058,0.141471060526,1503,0.996684350133
50,"[800,1100)","[4.25,4.5)",11.3,11.4,11.35,1,7.13141532365,0.140224619464,1504,0.997347480106
50,"[800,1100)","[4.25,4.5)",11.4,11.5,11.45,1,7.19424717672,0.138999950299,1505,0.99801061008
50,"[800,1100)","[4.25,4.5)",11.5,11.6,11.55,2,7.25707902979,0.275592975051,1507,0.999336870027
50,"[800,1100)","[4.25,4.5)",11.6,11.7,11.65,1,7.31991088286,0.136613685057,1508,1
50,"[800,1100)","[4.25,4.5)",11.7,11.8,11.75,0,7.38274273594,0,1508,1
50,"[800,1100)","[4.25,4.5)",11.8,11.9,11.85,0,7.44557458901,0,1508,1
50,"[800,1100)","[4.25,4.5)",11.9,12,11.95,0,7.50840644208,0,1508,1
51,"[800,1100)","[4.5,4.75)",0,0.1,0.05,0,0.0314159265359,0,0,0
51,"[800,1100)","[4.5,4.75)",0.1,0.2,0.15,0,0.0942477796077,0,0,0
51,"[800,1100)","[4.5,4.75)",0.2,0.3,0.25,2,0.157079632679,12.7323954474,2,0.0084388185654
51,"[800,1100)","[4.5,4.75)",0.3,0.4,0.35,0,0.219911485751,0,2,0.0084388185654
51,"[800,1100)","[4.5,4.75)",0.4,0.5,0.45,0,0.282743338823,0,2,0.0084388185654
51,"[800,1100)","[4.5,4.75)",0.5,0.6,0.55,0,0.345575191895,0,2,0.0084388185654
51,"[800,1100)","[4.5,4.75)",0.6,0.7,0.65,0,0.408407044967,0,2,0.0084388185654
51,"[800,1100)","[4.5,4.75)",0.7,0.8,0.75,2,0.471238898038,4.24413181578,4,0.0168776371308
51,"[800,1100)","[4.5,4.75)",0.8,0.9,0.85,1,0.53407075111,1.8724110952,5,0.0210970464135
51,"[800,1100)","[4.5,4.75)",0.9,1,0.95,0,0.596902604182,0,5,0.0210970464135
51,"[800,1100)","[4.5,4.75)",1,1.1,1.05,2,0.659734457254,3.03152272556,7,0.0295358649789
51,"[800,1100)","[4.5,4.75)",1.1,1.2,1.15,1,0.722566310326,1.38395602689,8,0.0337552742616
51,"[800,1100)","[4.5,4.75)",1.2,1.3,1.25,0,0.785398163397,0,8,0.0337552742616
51,"[800,1100)","[4.5,4.75)",1.3,1.4,1.35,0,0.848230016469,0,8,0.0337552742616
51,"[800,1100)","[4.5,4.75)",1.4,1.5,1.45,2,0.911061869541,2.19524059437,10,0.042194092827
51,"[800,1100)","[4.5,4.75)",1.5,1.6,1.55,2,0.973893722613,2.05361216893,12,0.0506329113924
51,"[800,1100)","[4.5,4.75)",1.6,1.7,1.65,0,1.03672557568,0,12,0.0506329113924
51,"[800,1100)","[4.5,4.75)",1.7,1.8,1.75,0,1.09955742876,0,12,0.0506329113924
51,"[800,1100)","[4.5,4.75)",1.8,1.9,1.85,0,1.16238928183,0,12,0.0506329113924
51,"[800,1100)","[4.5,4.75)",1.9,2,1.95,2,1.2252211349,1.63235839069,14,0.0590717299578
51,"[800,1100)","[4.5,4.75)",2,2.1,2.05,3,1.28805298797,2.32909672817,17,0.0717299578059
51,"[800,1100)","[4.5,4.75)",2.1,2.2,2.15,1,1.35088484104,0.740255549265,18,0.0759493670886
51,"[800,1100)","[4.5,4.75)",2.2,2.3,2.25,5,1.41371669412,3.53677651315,23,0.0970464135021
51,"[800,1100)","[4.5,4.75)",2.3,2.4,2.35,3,1.47654854719,2.03176523096,26,0.10970464135
51,"[800,1100)","[4.5,4.75)",2.4,2.5,2.45,1,1.53938040026,0.64961201262,27,0.113924050633
51,"[800,1100)","[4.5,4.75)",2.5,2.6,2.55,0,1.60221225333,0,27,0.113924050633
51,"[800,1100)","[4.5,4.75)",2.6,2.7,2.65,2,1.6650441064,1.20116938183,29,0.122362869198
51,"[800,1100)","[4.5,4.75)",2.7,2.8,2.75,0,1.72787595947,0,29,0.122362869198
51,"[800,1100)","[4.5,4.75)",2.8,2.9,2.85,6,1.79070781255,3.35063038088,35,0.147679324895
51,"[800,1100)","[4.5,4.75)",2.9,3,2.95,5,1.85353966562,2.69754140834,40,0.168776371308
51,"[800,1100)","[4.5,4.75)",3,3.1,3.05,3,1.91637151869,1.56545845664,43,0.181434599156
51,"[800,1100)","[4.5,4.75)",3.1,3.2,3.15,4,1.97920337176,2.02101515037,47,0.198312236287
51,"[800,1100)","[4.5,4.75)",3.2,3.3,3.25,1,2.04203522483,0.489707517206,48,0.20253164557
51,"[800,1100)","[4.5,4.75)",3.3,3.4,3.35,0,2.10486707791,0,48,0.20253164557
51,"[800,1100)","[4.5,4.75)",3.4,3.5,3.45,3,2.16769893098,1.38395602689,51,0.215189873418
51,"[800,1100)","[4.5,4.75)",3.5,3.6,3.55,5,2.23053078405,2.24161891679,56,0.236286919831
51,"[800,1100)","[4.5,4.75)",3.6,3.7,3.65,2,2.29336263712,0.872081879956,58,0.244725738397
51,"[800,1100)","[4.5,4.75)",3.7,3.8,3.75,3,2.35619449019,1.27323954474,61,0.257383966245
51,"[800,1100)","[4.5,4.75)",3.8,3.9,3.85,4,2.41902634326,1.65355785031,65,0.274261603376
51,"[800,1100)","[4.5,4.75)",3.9,4,3.95,5,2.48185819634,2.01461953281,70,0.295358649789
51,"[800,1100)","[4.5,4.75)",4,4.1,4.05,2,2.54469004941,0.785950336256,72,0.303797468354
51,"[800,1100)","[4.5,4.75)",4.1,4.2,4.15,4,2.60752190248,1.53402354787,76,0.320675105485
51,"[800,1100)","[4.5,4.75)",4.2,4.3,4.25,8,2.67035375555,2.99585775232,84,0.354430379747
51,"[800,1100)","[4.5,4.75)",4.3,4.4,4.35,3,2.73318560862,1.09762029719,87,0.367088607595
51,"[800,1100)","[4.5,4.75)",4.4,4.5,4.45,4,2.79601746169,1.43060623004,91,0.383966244726
51,"[800,1100)","[4.5,4.75)",4.5,4.6,4.55,4,2.85884931477,1.39916433487,95,0.400843881857
51,"[800,1100)","[4.5,4.75)",4.6,4.7,4.65,7,2.92168116784,2.39588086375,102,0.430379746835
51,"[800,1100)","[4.5,4.75)",4.7,4.8,4.75,5,2.98451302091,1.67531519044,107,0.451476793249
51,"[800,1100)","[4.5,4.75)",4.8,4.9,4.85,6,3.04734487398,1.96892713103,113,0.476793248945
51,"[800,1100)","[4.5,4.75)",4.9,5,4.95,8,3.11017672705,2.57220110048,121,0.510548523207
51,"[800,1100)","[4.5,4.75)",5,5.1,5.05,3,3.17300858013,0.945474909457,124,0.523206751055
51,"[800,1100)","[4.5,4.75)",5.1,5.2,5.15,9,3.2358404332,2.78134852005,133,0.561181434599
51,"[800,1100)","[4.5,4.75)",5.2,5.3,5.25,8,3.29867228627,2.42521818045,141,0.594936708861
51,"[800,1100)","[4.5,4.75)",5.3,5.4,5.35,4,3.36150413934,1.18994349975,145,0.611814345992
51,"[800,1100)","[4.5,4.75)",5.4,5.5,5.45,2,3.42433599241,0.584054837034,147,0.620253164557
51,"[800,1100)","[4.5,4.75)",5.5,5.6,5.55,7,3.48716784548,2.0073596426,154,0.649789029536
51,"[800,1100)","[4.5,4.75)",5.6,5.7,5.65,7,3.54999969856,1.97183115335,161,0.679324894515
51,"[800,1100)","[4.5,4.75)",5.7,5.8,5.75,5,3.61283155163,1.38395602689,166,0.700421940928
51,"[800,1100)","[4.5,4.75)",5.8,5.9,5.85,3,3.6756634047,0.816179195343,169,0.713080168776
51,"[800,1100)","[4.5,4.75)",5.9,6,5.95,5,3.73849525777,1.33743649657,174,0.73417721519
51,"[800,1100)","[4.5,4.75)",6,6.1,6.05,6,3.80132711084,1.57839612984,180,0.759493670886
51,"[800,1100)","[4.5,4.75)",6.1,6.2,6.15,5,3.86415896392,1.29394262676,185,0.7805907173
51,"[800,1100)","[4.5,4.75)",6.2,6.3,6.25,6,3.92699081699,1.52788745368,191,0.805907172996
51,"[800,1100)","[4.5,4.75)",6.3,6.4,6.35,2,3.98982267006,0.501275411313,193,0.814345991561
51,"[800,1100)","[4.5,4.75)",6.4,6.5,6.45,10,4.05265452313,2.46751849755,203,0.856540084388
51,"[800,1100)","[4.5,4.75)",6.5,6.6,6.55,3,4.1154863762,0.728953937825,206,0.869198312236
51,"[800,1100)","[4.5,4.75)",6.6,6.7,6.65,2,4.17831822927,0.478661482983,208,0.877637130802
51,"[800,1100)","[4.5,4.75)",6.7,6.8,6.75,9,4.24115008235,2.12206590789,217,0.915611814346
51,"[800,1100)","[4.5,4.75)",6.8,6.9,6.85,7,4.30398193542,1.62640087831,224,0.945147679325
51,"[800,1100)","[4.5,4.75)",6.9,7,6.95,1,4.36681378849,0.228999918118,225,0.949367088608
51,"[800,1100)","[4.5,4.75)",7,7.1,7.05,3,4.42964564156,0.677255076987,228,0.962025316456
51,"[800,1100)","[4.5,4.75)",7.1,7.2,7.15,1,4.49247749463,0.222594326003,229,0.966244725738
51,"[800,1100)","[4.5,4.75)",7.2,7.3,7.25,0,4.55530934771,0,229,0.966244725738
51,"[800,1100)","[4.5,4.75)",7.3,7.4,7.35,3,4.61814120078,0.64961201262,232,0.978902953586
51,"[800,1100)","[4.5,4.75)",7.4,7.5,7.45,1,4.68097305385,0.213630796097,233,0.983122362869
51,"[800,1100)","[4.5,4.75)",7.5,7.6,7.55,2,4.74380490692,0.421602498257,235,0.991561181435
51,"[800,1100)","[4.5,4.75)",7.6,7.7,7.65,0,4.80663675999,0,235,0.991561181435
51,"[800,1100)","[4.5,4.75)",7.7,7.8,7.75,1,4.86946861306,0.205361216893,236,0.995780590717
51,"[800,1100)","[4.5,4.75)",7.8,7.9,7.85,0,4.93230046614,0,236,0.995780590717
51,"[800,1100)","[4.5,4.75)",7.9,8,7.95,0,4.99513231921,0,236,0.995780590717
51,"[800,1100)","[4.5,4.75)",8,8.1,8.05,0,5.05796417228,0,236,0.995780590717
51,"[800,1100)","[4.5,4.75)",8.1,8.2,8.15,0,5.12079602535,0,236,0.995780590717
51,"[800,1100)","[4.5,4.75)",8.2,8.3,8.25,0,5.18362787842,0,236,0.995780590717
51,"[800,1100)","[4.5,4.75)",8.3,8.4,8.35,0,5.24645973149,0,236,0.995780590717
51,"[800,1100)","[4.5,4.75)",8.4,8.5,8.45,0,5.30929158457,0,236,0.995780590717
51,"[800,1100)","[4.5,4.75)",8.5,8.6,8.55,0,5.37212343764,0,236,0.995780590717
51,"[800,1100)","[4.5,4.75)",8.6,8.7,8.65,0,5.43495529071,0,236,0.995780590717
51,"[800,1100)","[4.5,4.75)",8.7,8.8,8.75,0,5.49778714378,0,236,0.995780590717
51,"[800,1100)","[4.5,4.75)",8.8,8.9,8.85,1,5.56061899685,0.179836093889,237,1
51,"[800,1100)","[4.5,4.75)",8.9,9,8.95,0,5.62345084993,0,237,1
51,"[800,1100)","[4.5,4.75)",9,9.1,9.05,0,5.686282703,0,237,1
51,"[800,1100)","[4.5,4.75)",9.1,9.2,9.15,0,5.74911455607,0,237,1
51,"[800,1100)","[4.5,4.75)",9.2,9.3,9.25,0,5.81194640914,0,237,1
51,"[800,1100)","[4.5,4.75)",9.3,9.4,9.35,0,5.87477826221,0,237,1
51,"[800,1100)","[4.5,4.75)",9.4,9.5,9.45,0,5.93761011528,0,237,1
51,"[800,1100)","[4.5,4.75)",9.5,9.6,9.55,0,6.00044196836,0,237,1
51,"[800,1100)","[4.5,4.75)",9.6,9.7,9.65,0,6.06327382143,0,237,1
51,"[800,1100)","[4.5,4.75)",9.7,9.8,9.75,0,6.1261056745,0,237,1
51,"[800,1100)","[4.5,4.75)",9.8,9.9,9.85,0,6.18893752757,0,237,1
51,"[800,1100)","[4.5,4.75)",9.9,10,9.95,0,6.25176938064,0,237,1
51,"[800,1100)","[4.5,4.75)",10,10.1,10.05,0,6.31460123372,0,237,1
51,"[800,1100)","[4.5,4.75)",10.1,10.2,10.15,0,6.37743308679,0,237,1
51,"[800,1100)","[4.5,4.75)",10.2,10.3,10.25,0,6.44026493986,0,237,1
51,"[800,1100)","[4.5,4.75)",10.3,10.4,10.35,0,6.50309679293,0,237,1
51,"[800,1100)","[4.5,4.75)",10.4,10.5,10.45,0,6.565928646,0,237,1
51,"[800,1100)","[4.5,4.75)",10.5,10.6,10.55,0,6.62876049907,0,237,1
51,"[800,1100)","[4.5,4.75)",10.6,10.7,10.65,0,6.69159235215,0,237,1
51,"[800,1100)","[4.5,4.75)",10.7,10.8,10.75,0,6.75442420522,0,237,1
51,"[800,1100)","[4.5,4.75)",10.8,10.9,10.85,0,6.81725605829,0,237,1
51,"[800,1100)","[4.5,4.75)",10.9,11,10.95,0,6.88008791136,0,237,1
51,"[800,1100)","[4.5,4.75)",11,11.1,11.05,0,6.94291976443,0,237,1
51,"[800,1100)","[4.5,4.75)",11.1,11.2,11.15,0,7.00575161751,0,237,1
51,"[800,1100)","[4.5,4.75)",11.2,11.3,11.25,0,7.06858347058,0,237,1
51,"[800,1100)","[4.5,4.75)",11.3,11.4,11.35,0,7.13141532365,0,237,1
51,"[800,1100)","[4.5,4.75)",11.4,11.5,11.45,0,7.19424717672,0,237,1
51,"[800,1100)","[4.5,4.75)",11.5,11.6,11.55,0,7.25707902979,0,237,1
51,"[800,1100)","[4.5,4.75)",11.6,11.7,11.65,0,7.31991088286,0,237,1
51,"[800,1100)","[4.5,4.75)",11.7,11.8,11.75,0,7.38274273594,0,237,1
51,"[800,1100)","[4.5,4.75)",11.8,11.9,11.85,0,7.44557458901,0,237,1
51,"[800,1100)","[4.5,4.75)",11.9,12,11.95,0,7.50840644208,0,237,1
52,"[800,1100)","[4.75,5.0)",0,0.1,0.05,0,0.0314159265359,0,0,0
52,"[800,1100)","[4.75,5.0)",0.1,0.2,0.15,0,0.0942477796077,0,0,0
52,"[800,1100)","[4.75,5.0)",0.2,0.3,0.25,0,0.157079632679,0,0,0
52,"[800,1100)","[4.75,5.0)",0.3,0.4,0.35,0,0.219911485751,0,0,0
52,"[800,1100)","[4.75,5.0)",0.4,0.5,0.45,0,0.282743338823,0,0,0
52,"[800,1100)","[4.75,5.0)",0.5,0.6,0.55,0,0.345575191895,0,0,0
52,"[800,1100)","[4.75,5.0)",0.6,0.7,0.65,0,0.408407044967,0,0,0
52,"[800,1100)","[4.75,5.0)",0.7,0.8,0.75,0,0.471238898038,0,0,0
52,"[800,1100)","[4.75,5.0)",0.8,0.9,0.85,0,0.53407075111,0,0,0
52,"[800,1100)","[4.75,5.0)",0.9,1,0.95,0,0.596902604182,0,0,0
52,"[800,1100)","[4.75,5.0)",1,1.1,1.05,0,0.659734457254,0,0,0
52,"[800,1100)","[4.75,5.0)",1.1,1.2,1.15,0,0.722566310326,0,0,0
52,"[800,1100)","[4.75,5.0)",1.2,1.3,1.25,0,0.785398163397,0,0,0
52,"[800,1100)","[4.75,5.0)",1.3,1.4,1.35,0,0.848230016469,0,0,0
52,"[800,1100)","[4.75,5.0)",1.4,1.5,1.45,0,0.911061869541,0,0,0
52,"[800,1100)","[4.75,5.0)",1.5,1.6,1.55,1,0.973893722613,1.02680608446,1,0.0277777777778
52,"[800,1100)","[4.75,5.0)",1.6,1.7,1.65,0,1.03672557568,0,1,0.0277777777778
52,"[800,1100)","[4.75,5.0)",1.7,1.8,1.75,0,1.09955742876,0,1,0.0277777777778
52,"[800,1100)","[4.75,5.0)",1.8,1.9,1.85,0,1.16238928183,0,1,0.0277777777778
52,"[800,1100)","[4.75,5.0)",1.9,2,1.95,2,1.2252211349,1.63235839069,3,0.0833333333333
52,"[800,1100)","[4.75,5.0)",2,2.1,2.05,1,1.28805298797,0.776365576058,4,0.111111111111
52,"[800,1100)","[4.75,5.0)",2.1,2.2,2.15,0,1.35088484104,0,4,0.111111111111
52,"[800,1100)","[4.75,5.0)",2.2,2.3,2.25,1,1.41371669412,0.707355302631,5,0.138888888889
52,"[800,1100)","[4.75,5.0)",2.3,2.4,2.35,1,1.47654854719,0.677255076987,6,0.166666666667
52,"[800,1100)","[4.75,5.0)",2.4,2.5,2.45,1,1.53938040026,0.64961201262,7,0.194444444444
52,"[800,1100)","[4.75,5.0)",2.5,2.6,2.55,0,1.60221225333,0,7,0.194444444444
52,"[800,1100)","[4.75,5.0)",2.6,2.7,2.65,0,1.6650441064,0,7,0.194444444444
52,"[800,1100)","[4.75,5.0)",2.7,2.8,2.75,1,1.72787595947,0.578745247607,8,0.222222222222
52,"[800,1100)","[4.75,5.0)",2.8,2.9,2.85,0,1.79070781255,0,8,0.222222222222
52,"[800,1100)","[4.75,5.0)",2.9,3,2.95,0,1.85353966562,0,8,0.222222222222
52,"[800,1100)","[4.75,5.0)",3,3.1,3.05,0,1.91637151869,0,8,0.222222222222
52,"[800,1100)","[4.75,5.0)",3.1,3.2,3.15,0,1.97920337176,0,8,0.222222222222
52,"[800,1100)","[4.75,5.0)",3.2,3.3,3.25,0,2.04203522483,0,8,0.222222222222
52,"[800,1100)","[4.75,5.0)",3.3,3.4,3.35,0,2.10486707791,0,8,0.222222222222
52,"[800,1100)","[4.75,5.0)",3.4,3.5,3.45,0,2.16769893098,0,8,0.222222222222
52,"[800,1100)","[4.75,5.0)",3.5,3.6,3.55,1,2.23053078405,0.448323783357,9,0.25
52,"[800,1100)","[4.75,5.0)",3.6,3.7,3.65,0,2.29336263712,0,9,0.25
52,"[800,1100)","[4.75,5.0)",3.7,3.8,3.75,0,2.35619449019,0,9,0.25
52,"[800,1100)","[4.75,5.0)",3.8,3.9,3.85,1,2.41902634326,0.413389462576,10,0.277777777778
52,"[800,1100)","[4.75,5.0)",3.9,4,3.95,0,2.48185819634,0,10,0.277777777778
52,"[800,1100)","[4.75,5.0)",4,4.1,4.05,0,2.54469004941,0,10,0.277777777778
52,"[800,1100)","[4.75,5.0)",4.1,4.2,4.15,0,2.60752190248,0,10,0.277777777778
52,"[800,1100)","[4.75,5.0)",4.2,4.3,4.25,1,2.67035375555,0.37448221904,11,0.305555555556
52,"[800,1100)","[4.75,5.0)",4.3,4.4,4.35,0,2.73318560862,0,11,0.305555555556
52,"[800,1100)","[4.75,5.0)",4.4,4.5,4.45,0,2.79601746169,0,11,0.305555555556
52,"[800,1100)","[4.75,5.0)",4.5,4.6,4.55,0,2.85884931477,0,11,0.305555555556
52,"[800,1100)","[4.75,5.0)",4.6,4.7,4.65,0,2.92168116784,0,11,0.305555555556
52,"[800,1100)","[4.75,5.0)",4.7,4.8,4.75,1,2.98451302091,0.335063038088,12,0.333333333333
52,"[800,1100)","[4.75,5.0)",4.8,4.9,4.85,0,3.04734487398,0,12,0.333333333333
52,"[800,1100)","[4.75,5.0)",4.9,5,4.95,3,3.11017672705,0.964575412678,15,0.416666666667
52,"[800,1100)","[4.75,5.0)",5,5.1,5.05,0,3.17300858013,0,15,0.416666666667
52,"[800,1100)","[4.75,5.0)",5.1,5.2,5.15,0,3.2358404332,0,15,0.416666666667
52,"[800,1100)","[4.75,5.0)",5.2,5.3,5.25,1,3.29867228627,0.303152272556,16,0.444444444444
52,"[800,1100)","[4.75,5.0)",5.3,5.4,5.35,2,3.36150413934,0.594971749876,18,0.5
52,"[800,1100)","[4.75,5.0)",5.4,5.5,5.45,0,3.42433599241,0,18,0.5
52,"[800,1100)","[4.75,5.0)",5.5,5.6,5.55,0,3.48716784548,0,18,0.5
52,"[800,1100)","[4.75,5.0)",5.6,5.7,5.65,1,3.54999969856,0.281690164764,19,0.527777777778
52,"[800,1100)","[4.75,5.0)",5.7,5.8,5.75,0,3.61283155163,0,19,0.527777777778
52,"[800,1100)","[4.75,5.0)",5.8,5.9,5.85,0,3.6756634047,0,19,0.527777777778
52,"[800,1100)","[4.75,5.0)",5.9,6,5.95,0,3.73849525777,0,19,0.527777777778
52,"[800,1100)","[4.75,5.0)",6,6.1,6.05,1,3.80132711084,0.263066021639,20,0.555555555556
52,"[800,1100)","[4.75,5.0)",6.1,6.2,6.15,2,3.86415896392,0.517577050705,22,0.611111111111
52,"[800,1100)","[4.75,5.0)",6.2,6.3,6.25,1,3.92699081699,0.254647908947,23,0.638888888889
52,"[800,1100)","[4.75,5.0)",6.3,6.4,6.35,0,3.98982267006,0,23,0.638888888889
52,"[800,1100)","[4.75,5.0)",6.4,6.5,6.45,0,4.05265452313,0,23,0.638888888889
52,"[800,1100)","[4.75,5.0)",6.5,6.6,6.55,2,4.1154863762,0.485969291884,25,0.694444444444
52,"[800,1100)","[4.75,5.0)",6.6,6.7,6.65,0,4.17831822927,0,25,0.694444444444
52,"[800,1100)","[4.75,5.0)",6.7,6.8,6.75,2,4.24115008235,0.471570201754,27,0.75
52,"[800,1100)","[4.75,5.0)",6.8,6.9,6.85,0,4.30398193542,0,27,0.75
52,"[800,1100)","[4.75,5.0)",6.9,7,6.95,0,4.36681378849,0,27,0.75
52,"[800,1100)","[4.75,5.0)",7,7.1,7.05,0,4.42964564156,0,27,0.75
52,"[800,1100)","[4.75,5.0)",7.1,7.2,7.15,0,4.49247749463,0,27,0.75
52,"[800,1100)","[4.75,5.0)",7.2,7.3,7.25,1,4.55530934771,0.219524059437,28,0.777777777778
52,"[800,1100)","[4.75,5.0)",7.3,7.4,7.35,1,4.61814120078,0.21653733754,29,0.805555555556
52,"[800,1100)","[4.75,5.0)",7.4,7.5,7.45,1,4.68097305385,0.213630796097,30,0.833333333333
52,"[800,1100)","[4.75,5.0)",7.5,7.6,7.55,1,4.74380490692,0.210801249128,31,0.861111111111
52,"[800,1100)","[4.75,5.0)",7.6,7.7,7.65,0,4.80663675999,0,31,0.861111111111
52,"[800,1100)","[4.75,5.0)",7.7,7.8,7.75,0,4.86946861306,0,31,0.861111111111
52,"[800,1100)","[4.75,5.0)",7.8,7.9,7.85,0,4.93230046614,0,31,0.861111111111
52,"[800,1100)","[4.75,5.0)",7.9,8,7.95,0,4.99513231921,0,31,0.861111111111
52,"[800,1100)","[4.75,5.0)",8,8.1,8.05,1,5.05796417228,0.197708003841,32,0.888888888889
52,"[800,1100)","[4.75,5.0)",8.1,8.2,8.15,0,5.12079602535,0,32,0.888888888889
52,"[800,1100)","[4.75,5.0)",8.2,8.3,8.25,0,5.18362787842,0,32,0.888888888889
52,"[800,1100)","[4.75,5.0)",8.3,8.4,8.35,0,5.24645973149,0,32,0.888888888889
52,"[800,1100)","[4.75,5.0)",8.4,8.5,8.45,0,5.30929158457,0,32,0.888888888889
52,"[800,1100)","[4.75,5.0)",8.5,8.6,8.55,1,5.37212343764,0.186146132271,33,0.916666666667
52,"[800,1100)","[4.75,5.0)",8.6,8.7,8.65,1,5.43495529071,0.183994153863,34,0.944444444444
52,"[800,1100)","[4.75,5.0)",8.7,8.8,8.75,0,5.49778714378,0,34,0.944444444444
52,"[800,1100)","[4.75,5.0)",8.8,8.9,8.85,0,5.56061899685,0,34,0.944444444444
52,"[800,1100)","[4.75,5.0)",8.9,9,8.95,0,5.62345084993,0,34,0.944444444444
52,"[800,1100)","[4.75,5.0)",9,9.1,9.05,0,5.686282703,0,34,0.944444444444
52,"[800,1100)","[4.75,5.0)",9.1,9.2,9.15,0,5.74911455607,0,34,0.944444444444
52,"[800,1100)","[4.75,5.0)",9.2,9.3,9.25,0,5.81194640914,0,34,0.944444444444
52,"[800,1100)","[4.75,5.0)",9.3,9.4,9.35,0,5.87477826221,0,34,0.944444444444
52,"[800,1100)","[4.75,5.0)",9.4,9.5,9.45,0,5.93761011528,0,34,0.944444444444
52,"[800,1100)","[4.75,5.0)",9.5,9.6,9.55,0,6.00044196836,0,34,0.944444444444
52,"[800,1100)","[4.75,5.0)",9.6,9.7,9.65,0,6.06327382143,0,34,0.944444444444
52,"[800,1100)","[4.75,5.0)",9.7,9.8,9.75,0,6.1261056745,0,34,0.944444444444
52,"[800,1100)","[4.75,5.0)",9.8,9.9,9.85,0,6.18893752757,0,34,0.944444444444
52,"[800,1100)","[4.75,5.0)",9.9,10,9.95,0,6.25176938064,0,34,0.944444444444
52,"[800,1100)","[4.75,5.0)",10,10.1,10.05,0,6.31460123372,0,34,0.944444444444
52,"[800,1100)","[4.75,5.0)",10.1,10.2,10.15,0,6.37743308679,0,34,0.944444444444
52,"[800,1100)","[4.75,5.0)",10.2,10.3,10.25,2,6.44026493986,0.310546230423,36,1
52,"[800,1100)","[4.75,5.0)",10.3,10.4,10.35,0,6.50309679293,0,36,1
52,"[800,1100)","[4.75,5.0)",10.4,10.5,10.45,0,6.565928646,0,36,1
52,"[800,1100)","[4.75,5.0)",10.5,10.6,10.55,0,6.62876049907,0,36,1
52,"[800,1100)","[4.75,5.0)",10.6,10.7,10.65,0,6.69159235215,0,36,1
52,"[800,1100)","[4.75,5.0)",10.7,10.8,10.75,0,6.75442420522,0,36,1
52,"[800,1100)","[4.75,5.0)",10.8,10.9,10.85,0,6.81725605829,0,36,1
52,"[800,1100)","[4.75,5.0)",10.9,11,10.95,0,6.88008791136,0,36,1
52,"[800,1100)","[4.75,5.0)",11,11.1,11.05,0,6.94291976443,0,36,1
52,"[800,1100)","[4.75,5.0)",11.1,11.2,11.15,0,7.00575161751,0,36,1
52,"[800,1100)","[4.75,5.0)",11.2,11.3,11.25,0,7.06858347058,0,36,1
52,"[800,1100)","[4.75,5.0)",11.3,11.4,11.35,0,7.13141532365,0,36,1
52,"[800,1100)","[4.75,5.0)",11.4,11.5,11.45,0,7.19424717672,0,36,1
52,"[800,1100)","[4.75,5.0)",11.5,11.6,11.55,0,7.25707902979,0,36,1
52,"[800,1100)","[4.75,5.0)",11.6,11.7,11.65,0,7.31991088286,0,36,1
52,"[800,1100)","[4.75,5.0)",11.7,11.8,11.75,0,7.38274273594,0,36,1
52,"[800,1100)","[4.75,5.0)",11.8,11.9,11.85,0,7.44557458901,0,36,1
52,"[800,1100)","[4.75,5.0)",11.9,12,11.95,0,7.50840644208,0,36,1
53,"[800,1100)",>=5,0,0.1,0.05,0,0.0314159265359,0,0,0
53,"[800,1100)",>=5,0.1,0.2,0.15,0,0.0942477796077,0,0,0
53,"[800,1100)",>=5,0.2,0.3,0.25,0,0.157079632679,0,0,0
53,"[800,1100)",>=5,0.3,0.4,0.35,0,0.219911485751,0,0,0
53,"[800,1100)",>=5,0.4,0.5,0.45,0,0.282743338823,0,0,0
53,"[800,1100)",>=5,0.5,0.6,0.55,0,0.345575191895,0,0,0
53,"[800,1100)",>=5,0.6,0.7,0.65,0,0.408407044967,0,0,0
53,"[800,1100)",>=5,0.7,0.8,0.75,0,0.471238898038,0,0,0
53,"[800,1100)",>=5,0.8,0.9,0.85,0,0.53407075111,0,0,0
53,"[800,1100)",>=5,0.9,1,0.95,0,0.596902604182,0,0,0
53,"[800,1100)",>=5,1,1.1,1.05,0,0.659734457254,0,0,0
53,"[800,1100)",>=5,1.1,1.2,1.15,0,0.722566310326,0,0,0
53,"[800,1100)",>=5,1.2,1.3,1.25,0,0.785398163397,0,0,0
53,"[800,1100)",>=5,1.3,1.4,1.35,0,0.848230016469,0,0,0
53,"[800,1100)",>=5,1.4,1.5,1.45,1,0.911061869541,1.09762029719,1,0.0769230769231
53,"[800,1100)",>=5,1.5,1.6,1.55,1,0.973893722613,1.02680608446,2,0.153846153846
53,"[800,1100)",>=5,1.6,1.7,1.65,0,1.03672557568,0,2,0.153846153846
53,"[800,1100)",>=5,1.7,1.8,1.75,0,1.09955742876,0,2,0.153846153846
53,"[800,1100)",>=5,1.8,1.9,1.85,0,1.16238928183,0,2,0.153846153846
53,"[800,1100)",>=5,1.9,2,1.95,1,1.2252211349,0.816179195343,3,0.230769230769
53,"[800,1100)",>=5,2,2.1,2.05,0,1.28805298797,0,3,0.230769230769
53,"[800,1100)",>=5,2.1,2.2,2.15,0,1.35088484104,0,3,0.230769230769
53,"[800,1100)",>=5,2.2,2.3,2.25,0,1.41371669412,0,3,0.230769230769
53,"[800,1100)",>=5,2.3,2.4,2.35,1,1.47654854719,0.677255076987,4,0.307692307692
53,"[800,1100)",>=5,2.4,2.5,2.45,0,1.53938040026,0,4,0.307692307692
53,"[800,1100)",>=5,2.5,2.6,2.55,0,1.60221225333,0,4,0.307692307692
53,"[800,1100)",>=5,2.6,2.7,2.65,0,1.6650441064,0,4,0.307692307692
53,"[800,1100)",>=5,2.7,2.8,2.75,0,1.72787595947,0,4,0.307692307692
53,"[800,1100)",>=5,2.8,2.9,2.85,0,1.79070781255,0,4,0.307692307692
53,"[800,1100)",>=5,2.9,3,2.95,0,1.85353966562,0,4,0.307692307692
53,"[800,1100)",>=5,3,3.1,3.05,0,1.91637151869,0,4,0.307692307692
53,"[800,1100)",>=5,3.1,3.2,3.15,0,1.97920337176,0,4,0.307692307692
53,"[800,1100)",>=5,3.2,3.3,3.25,0,2.04203522483,0,4,0.307692307692
53,"[800,1100)",>=5,3.3,3.4,3.35,0,2.10486707791,0,4,0.307692307692
53,"[800,1100)",>=5,3.4,3.5,3.45,0,2.16769893098,0,4,0.307692307692
53,"[800,1100)",>=5,3.5,3.6,3.55,0,2.23053078405,0,4,0.307692307692
53,"[800,1100)",>=5,3.6,3.7,3.65,0,2.29336263712,0,4,0.307692307692
53,"[800,1100)",>=5,3.7,3.8,3.75,0,2.35619449019,0,4,0.307692307692
53,"[800,1100)",>=5,3.8,3.9,3.85,0,2.41902634326,0,4,0.307692307692
53,"[800,1100)",>=5,3.9,4,3.95,0,2.48185819634,0,4,0.307692307692
53,"[800,1100)",>=5,4,4.1,4.05,0,2.54469004941,0,4,0.307692307692
53,"[800,1100)",>=5,4.1,4.2,4.15,0,2.60752190248,0,4,0.307692307692
53,"[800,1100)",>=5,4.2,4.3,4.25,0,2.67035375555,0,4,0.307692307692
53,"[800,1100)",>=5,4.3,4.4,4.35,0,2.73318560862,0,4,0.307692307692
53,"[800,1100)",>=5,4.4,4.5,4.45,0,2.79601746169,0,4,0.307692307692
53,"[800,1100)",>=5,4.5,4.6,4.55,0,2.85884931477,0,4,0.307692307692
53,"[800,1100)",>=5,4.6,4.7,4.65,1,2.92168116784,0.342268694821,5,0.384615384615
53,"[800,1100)",>=5,4.7,4.8,4.75,1,2.98451302091,0.335063038088,6,0.461538461538
53,"[800,1100)",>=5,4.8,4.9,4.85,0,3.04734487398,0,6,0.461538461538
53,"[800,1100)",>=5,4.9,5,4.95,0,3.11017672705,0,6,0.461538461538
53,"[800,1100)",>=5,5,5.1,5.05,0,3.17300858013,0,6,0.461538461538
53,"[800,1100)",>=5,5.1,5.2,5.15,0,3.2358404332,0,6,0.461538461538
53,"[800,1100)",>=5,5.2,5.3,5.25,0,3.29867228627,0,6,0.461538461538
53,"[800,1100)",>=5,5.3,5.4,5.35,1,3.36150413934,0.297485874938,7,0.538461538462
53,"[800,1100)",>=5,5.4,5.5,5.45,0,3.42433599241,0,7,0.538461538462
53,"[800,1100)",>=5,5.5,5.6,5.55,0,3.48716784548,0,7,0.538461538462
53,"[800,1100)",>=5,5.6,5.7,5.65,0,3.54999969856,0,7,0.538461538462
53,"[800,1100)",>=5,5.7,5.8,5.75,0,3.61283155163,0,7,0.538461538462
53,"[800,1100)",>=5,5.8,5.9,5.85,0,3.6756634047,0,7,0.538461538462
53,"[800,1100)",>=5,5.9,6,5.95,0,3.73849525777,0,7,0.538461538462
53,"[800,1100)",>=5,6,6.1,6.05,0,3.80132711084,0,7,0.538461538462
53,"[800,1100)",>=5,6.1,6.2,6.15,0,3.86415896392,0,7,0.538461538462
53,"[800,1100)",>=5,6.2,6.3,6.25,1,3.92699081699,0.254647908947,8,0.615384615385
53,"[800,1100)",>=5,6.3,6.4,6.35,1,3.98982267006,0.250637705657,9,0.692307692308
53,"[800,1100)",>=5,6.4,6.5,6.45,0,4.05265452313,0,9,0.692307692308
53,"[800,1100)",>=5,6.5,6.6,6.55,0,4.1154863762,0,9,0.692307692308
53,"[800,1100)",>=5,6.6,6.7,6.65,1,4.17831822927,0.239330741492,10,0.769230769231
53,"[800,1100)",>=5,6.7,6.8,6.75,0,4.24115008235,0,10,0.769230769231
53,"[800,1100)",>=5,6.8,6.9,6.85,1,4.30398193542,0.232342982616,11,0.846153846154
53,"[800,1100)",>=5,6.9,7,6.95,0,4.36681378849,0,11,0.846153846154
53,"[800,1100)",>=5,7,7.1,7.05,0,4.42964564156,0,11,0.846153846154
53,"[800,1100)",>=5,7.1,7.2,7.15,0,4.49247749463,0,11,0.846153846154
53,"[800,1100)",>=5,7.2,7.3,7.25,0,4.55530934771,0,11,0.846153846154
53,"[800,1100)",>=5,7.3,7.4,7.35,0,4.61814120078,0,11,0.846153846154
53,"[800,1100)",>=5,7.4,7.5,7.45,0,4.68097305385,0,11,0.846153846154
53,"[800,1100)",>=5,7.5,7.6,7.55,0,4.74380490692,0,11,0.846153846154
53,"[800,1100)",>=5,7.6,7.7,7.65,0,4.80663675999,0,11,0.846153846154
53,"[800,1100)",>=5,7.7,7.8,7.75,0,4.86946861306,0,11,0.846153846154
53,"[800,1100)",>=5,7.8,7.9,7.85,0,4.93230046614,0,11,0.846153846154
53,"[800,1100)",>=5,7.9,8,7.95,0,4.99513231921,0,11,0.846153846154
53,"[800,1100)",>=5,8,8.1,8.05,0,5.05796417228,0,11,0.846153846154
53,"[800,1100)",>=5,8.1,8.2,8.15,0,5.12079602535,0,11,0.846153846154
53,"[800,1100)",>=5,8.2,8.3,8.25,0,5.18362787842,0,11,0.846153846154
53,"[800,1100)",>=5,8.3,8.4,8.35,0,5.24645973149,0,11,0.846153846154
53,"[800,1100)",>=5,8.4,8.5,8.45,0,5.30929158457,0,11,0.846153846154
53,"[800,1100)",>=5,8.5,8.6,8.55,0,5.37212343764,0,11,0.846153846154
53,"[800,1100)",>=5,8.6,8.7,8.65,0,5.43495529071,0,11,0.846153846154
53,"[800,1100)",>=5,8.7,8.8,8.75,0,5.49778714378,0,11,0.846153846154
53,"[800,1100)",>=5,8.8,8.9,8.85,0,5.56061899685,0,11,0.846153846154
53,"[800,1100)",>=5,8.9,9,8.95,0,5.62345084993,0,11,0.846153846154
53,"[800,1100)",>=5,9,9.1,9.05,0,5.686282703,0,11,0.846153846154
53,"[800,1100)",>=5,9.1,9.2,9.15,0,5.74911455607,0,11,0.846153846154
53,"[800,1100)",>=5,9.2,9.3,9.25,0,5.81194640914,0,11,0.846153846154
53,"[800,1100)",>=5,9.3,9.4,9.35,0,5.87477826221,0,11,0.846153846154
53,"[800,1100)",>=5,9.4,9.5,9.45,0,5.93761011528,0,11,0.846153846154
53,"[800,1100)",>=5,9.5,9.6,9.55,0,6.00044196836,0,11,0.846153846154
53,"[800,1100)",>=5,9.6,9.7,9.65,0,6.06327382143,0,11,0.846153846154
53,"[800,1100)",>=5,9.7,9.8,9.75,0,6.1261056745,0,11,0.846153846154
53,"[800,1100)",>=5,9.8,9.9,9.85,1,6.18893752757,0.161578622428,12,0.923076923077
53,"[800,1100)",>=5,9.9,10,9.95,0,6.25176938064,0,12,0.923076923077
53,"[800,1100)",>=5,10,10.1,10.05,0,6.31460123372,0,12,0.923076923077
53,"[800,1100)",>=5,10.1,10.2,10.15,0,6.37743308679,0,12,0.923076923077
53,"[800,1100)",>=5,10.2,10.3,10.25,0,6.44026493986,0,12,0.923076923077
53,"[800,1100)",>=5,10.3,10.4,10.35,0,6.50309679293,0,12,0.923076923077
53,"[800,1100)",>=5,10.4,10.5,10.45,0,6.565928646,0,12,0.923076923077
53,"[800,1100)",>=5,10.5,10.6,10.55,0,6.62876049907,0,12,0.923076923077
53,"[800,1100)",>=5,10.6,10.7,10.65,0,6.69159235215,0,12,0.923076923077
53,"[800,1100)",>=5,10.7,10.8,10.75,0,6.75442420522,0,12,0.923076923077
53,"[800,1100)",>=5,10.8,10.9,10.85,0,6.81725605829,0,12,0.923076923077
53,"[800,1100)",>=5,10.9,11,10.95,0,6.88008791136,0,12,0.923076923077
53,"[800,1100)",>=5,11,11.1,11.05,0,6.94291976443,0,12,0.923076923077
53,"[800,1100)",>=5,11.1,11.2,11.15,0,7.00575161751,0,12,0.923076923077
53,"[800,1100)",>=5,11.2,11.3,11.25,0,7.06858347058,0,12,0.923076923077
53,"[800,1100)",>=5,11.3,11.4,11.35,1,7.13141532365,0.140224619464,13,1
53,"[800,1100)",>=5,11.4,11.5,11.45,0,7.19424717672,0,13,1
53,"[800,1100)",>=5,11.5,11.6,11.55,0,7.25707902979,0,13,1
53,"[800,1100)",>=5,11.6,11.7,11.65,0,7.31991088286,0,13,1
53,"[800,1100)",>=5,11.7,11.8,11.75,0,7.38274273594,0,13,1
53,"[800,1100)",>=5,11.8,11.9,11.85,0,7.44557458901,0,13,1
53,"[800,1100)",>=5,11.9,12,11.95,0,7.50840644208,0,13,1
54,"[1100,2000)","[3.5,3.75)",0,0.1,0.05,17,0.0314159265359,541.126806512,17,0.00194530266621
54,"[1100,2000)","[3.5,3.75)",0.1,0.2,0.15,29,0.0942477796077,307.699556644,46,0.00526376015562
54,"[1100,2000)","[3.5,3.75)",0.2,0.3,0.25,32,0.157079632679,203.718327158,78,0.00892550635084
54,"[1100,2000)","[3.5,3.75)",0.3,0.4,0.35,21,0.219911485751,95.4929658551,99,0.0113285272915
54,"[1100,2000)","[3.5,3.75)",0.4,0.5,0.45,23,0.282743338823,81.3458598025,122,0.0139604073693
54,"[1100,2000)","[3.5,3.75)",0.5,0.6,0.55,13,0.345575191895,37.6184410944,135,0.0154479917611
54,"[1100,2000)","[3.5,3.75)",0.6,0.7,0.65,23,0.408407044967,56.3163644787,158,0.0180798718389
54,"[1100,2000)","[3.5,3.75)",0.7,0.8,0.75,31,0.471238898038,65.7840431447,189,0.0216271884655
54,"[1100,2000)","[3.5,3.75)",0.8,0.9,0.85,32,0.53407075111,59.9171550464,221,0.0252889346607
54,"[1100,2000)","[3.5,3.75)",0.9,1,0.95,33,0.596902604182,55.2854012846,254,0.0290651104245
54,"[1100,2000)","[3.5,3.75)",1,1.1,1.05,30,0.659734457254,45.4728408834,284,0.0324979974825
54,"[1100,2000)","[3.5,3.75)",1.1,1.2,1.15,39,0.722566310326,53.9742850486,323,0.036960750658
54,"[1100,2000)","[3.5,3.75)",1.2,1.3,1.25,56,0.785398163397,71.3014145052,379,0.0433688064996
54,"[1100,2000)","[3.5,3.75)",1.3,1.4,1.35,41,0.848230016469,48.3359456798,420,0.0480604188122
54,"[1100,2000)","[3.5,3.75)",1.4,1.5,1.45,50,0.911061869541,54.8810148593,470,0.0537818972422
54,"[1100,2000)","[3.5,3.75)",1.5,1.6,1.55,56,0.973893722613,57.50114073,526,0.0601899530839
54,"[1100,2000)","[3.5,3.75)",1.6,1.7,1.65,62,1.03672557568,59.803675586,588,0.0672845863371
54,"[1100,2000)","[3.5,3.75)",1.7,1.8,1.75,69,1.09955742876,62.7525204191,657,0.0751802265705
54,"[1100,2000)","[3.5,3.75)",1.8,1.9,1.85,85,1.16238928183,73.1252441233,742,0.0849067399016
54,"[1100,2000)","[3.5,3.75)",1.9,2,1.95,79,1.2252211349,64.4781564321,821,0.093946675821
54,"[1100,2000)","[3.5,3.75)",2,2.1,2.05,90,1.28805298797,69.8729018452,911,0.104245336995
54,"[1100,2000)","[3.5,3.75)",2.1,2.2,2.15,75,1.35088484104,55.5191661948,986,0.11282755464
54,"[1100,2000)","[3.5,3.75)",2.2,2.3,2.25,75,1.41371669412,53.0516476973,1061,0.121409772285
54,"[1100,2000)","[3.5,3.75)",2.3,2.4,2.35,88,1.47654854719,59.5984467748,1149,0.131479574322
54,"[1100,2000)","[3.5,3.75)",2.4,2.5,2.45,87,1.53938040026,56.5162450979,1236,0.14143494679
54,"[1100,2000)","[3.5,3.75)",2.5,2.6,2.55,91,1.60221225333,56.7964698877,1327,0.151848037533
54,"[1100,2000)","[3.5,3.75)",2.6,2.7,2.65,88,1.6650441064,52.8514528003,1415,0.16191783957
54,"[1100,2000)","[3.5,3.75)",2.7,2.8,2.75,80,1.72787595947,46.2996198086,1495,0.171072205058
54,"[1100,2000)","[3.5,3.75)",2.8,2.9,2.85,101,1.79070781255,56.4022780782,1596,0.182629591486
54,"[1100,2000)","[3.5,3.75)",2.9,3,2.95,82,1.85353966562,44.2396790967,1678,0.192012816112
54,"[1100,2000)","[3.5,3.75)",3,3.1,3.05,99,1.91637151869,51.6601290692,1777,0.203341343403
54,"[1100,2000)","[3.5,3.75)",3.1,3.2,3.15,110,1.97920337176,55.5779166353,1887,0.215928595949
54,"[1100,2000)","[3.5,3.75)",3.2,3.3,3.25,114,2.04203522483,55.8266569615,2001,0.22897356677
54,"[1100,2000)","[3.5,3.75)",3.3,3.4,3.35,133,2.10486707791,63.1868878544,2134,0.244192699394
54,"[1100,2000)","[3.5,3.75)",3.4,3.5,3.45,124,2.16769893098,57.203515778,2258,0.2583819659
54,"[1100,2000)","[3.5,3.75)",3.5,3.6,3.55,117,2.23053078405,52.4538826528,2375,0.271770225426
54,"[1100,2000)","[3.5,3.75)",3.6,3.7,3.65,119,2.29336263712,51.8888718574,2494,0.28538734409
54,"[1100,2000)","[3.5,3.75)",3.7,3.8,3.75,123,2.35619449019,52.2028213341,2617,0.299462181028
54,"[1100,2000)","[3.5,3.75)",3.8,3.9,3.85,143,2.41902634326,59.1146931484,2760,0.315825609337
54,"[1100,2000)","[3.5,3.75)",3.9,4,3.95,133,2.48185819634,53.5888795727,2893,0.331044741961
54,"[1100,2000)","[3.5,3.75)",4,4.1,4.05,147,2.54469004941,57.7673497148,3040,0.347865888546
54,"[1100,2000)","[3.5,3.75)",4.1,4.2,4.15,160,2.60752190248,61.3609419149,3200,0.366174619522
54,"[1100,2000)","[3.5,3.75)",4.2,4.3,4.25,153,2.67035375555,57.2957795131,3353,0.383682343518
54,"[1100,2000)","[3.5,3.75)",4.3,4.4,4.35,136,2.73318560862,49.7587868057,3489,0.399244764847
54,"[1100,2000)","[3.5,3.75)",4.4,4.5,4.45,142,2.79601746169,50.7865211664,3631,0.415493763589
54,"[1100,2000)","[3.5,3.75)",4.5,4.6,4.55,176,2.85884931477,61.5632307344,3807,0.435633367662
54,"[1100,2000)","[3.5,3.75)",4.6,4.7,4.65,179,2.92168116784,61.266096373,3986,0.456116260442
54,"[1100,2000)","[3.5,3.75)",4.7,4.8,4.75,159,2.98451302091,53.275023056,4145,0.474310561849
54,"[1100,2000)","[3.5,3.75)",4.8,4.9,4.85,176,3.04734487398,57.7551958437,4321,0.494450165923
54,"[1100,2000)","[3.5,3.75)",4.9,5,4.95,182,3.11017672705,58.5175750358,4503,0.515276347408
54,"[1100,2000)","[3.5,3.75)",5,5.1,5.05,171,3.17300858013,53.892069839,4674,0.534843803639
54,"[1100,2000)","[3.5,3.75)",5.1,5.2,5.15,181,3.2358404332,55.9360091255,4855,0.555555555556
54,"[1100,2000)","[3.5,3.75)",5.2,5.3,5.25,181,3.29867228627,54.8705613326,5036,0.576267307472
54,"[1100,2000)","[3.5,3.75)",5.3,5.4,5.35,180,3.36150413934,53.5474574889,5216,0.59686462982
54,"[1100,2000)","[3.5,3.75)",5.4,5.5,5.45,199,3.42433599241,58.1134562849,5415,0.619636113972
54,"[1100,2000)","[3.5,3.75)",5.5,5.6,5.55,182,3.48716784548,52.1913507076,5597,0.640462295457
54,"[1100,2000)","[3.5,3.75)",5.6,5.7,5.65,189,3.54999969856,53.2394411405,5786,0.662089483923
54,"[1100,2000)","[3.5,3.75)",5.7,5.8,5.75,194,3.61283155163,53.6974938432,5980,0.684288820231
54,"[1100,2000)","[3.5,3.75)",5.8,5.9,5.85,211,3.6756634047,57.4046034058,6191,0.708433459206
54,"[1100,2000)","[3.5,3.75)",5.9,6,5.95,208,3.73849525777,55.6373582573,6399,0.732234809475
54,"[1100,2000)","[3.5,3.75)",6,6.1,6.05,181,3.80132711084,47.6149499167,6580,0.752946561391
54,"[1100,2000)","[3.5,3.75)",6.1,6.2,6.15,224,3.86415896392,57.968629679,6804,0.778578784758
54,"[1100,2000)","[3.5,3.75)",6.2,6.3,6.25,213,3.92699081699,54.2400046057,7017,0.80295228287
54,"[1100,2000)","[3.5,3.75)",6.3,6.4,6.35,235,3.98982267006,58.8998608293,7252,0.829843231491
54,"[1100,2000)","[3.5,3.75)",6.4,6.5,6.45,230,4.05265452313,56.7529254436,7482,0.856162032269
54,"[1100,2000)","[3.5,3.75)",6.5,6.6,6.55,227,4.1154863762,55.1575146288,7709,0.882137544341
54,"[1100,2000)","[3.5,3.75)",6.6,6.7,6.65,196,4.17831822927,46.9088253323,7905,0.904565739787
54,"[1100,2000)","[3.5,3.75)",6.7,6.8,6.75,234,4.24115008235,55.1737136052,8139,0.93134225884
54,"[1100,2000)","[3.5,3.75)",6.8,6.9,6.85,160,4.30398193542,37.1748772185,8299,0.949650989816
54,"[1100,2000)","[3.5,3.75)",6.9,7,6.95,130,4.36681378849,29.7699893553,8429,0.964526833734
54,"[1100,2000)","[3.5,3.75)",7,7.1,7.05,97,4.42964564156,21.8979141559,8526,0.975626501888
54,"[1100,2000)","[3.5,3.75)",7.1,7.2,7.15,49,4.49247749463,10.9071219741,8575,0.98123355075
54,"[1100,2000)","[3.5,3.75)",7.2,7.3,7.25,31,4.55530934771,6.80524584255,8606,0.984780867376
54,"[1100,2000)","[3.5,3.75)",7.3,7.4,7.35,19,4.61814120078,4.11420941326,8625,0.98695502918
54,"[1100,2000)","[3.5,3.75)",7.4,7.5,7.45,5,4.68097305385,1.06815398048,8630,0.987527177023
54,"[1100,2000)","[3.5,3.75)",7.5,7.6,7.55,4,4.74380490692,0.843204996513,8634,0.987984895297
54,"[1100,2000)","[3.5,3.75)",7.6,7.7,7.65,2,4.80663675999,0.416091354489,8636,0.988213754434
54,"[1100,2000)","[3.5,3.75)",7.7,7.8,7.75,3,4.86946861306,0.616083650678,8639,0.98855704314
54,"[1100,2000)","[3.5,3.75)",7.8,7.9,7.85,1,4.93230046614,0.202745150436,8640,0.988671472709
54,"[1100,2000)","[3.5,3.75)",7.9,8,7.95,3,4.99513231921,0.600584690913,8643,0.989014761414
54,"[1100,2000)","[3.5,3.75)",8,8.1,8.05,0,5.05796417228,0,8643,0.989014761414
54,"[1100,2000)","[3.5,3.75)",8.1,8.2,8.15,1,5.12079602535,0.195282138763,8644,0.989129190983
54,"[1100,2000)","[3.5,3.75)",8.2,8.3,8.25,2,5.18362787842,0.385830165071,8646,0.98935805012
54,"[1100,2000)","[3.5,3.75)",8.3,8.4,8.35,3,5.24645973149,0.571814166797,8649,0.989701338826
54,"[1100,2000)","[3.5,3.75)",8.4,8.5,8.45,2,5.30929158457,0.376698090158,8651,0.989930197963
54,"[1100,2000)","[3.5,3.75)",8.5,8.6,8.55,0,5.37212343764,0,8651,0.989930197963
54,"[1100,2000)","[3.5,3.75)",8.6,8.7,8.65,2,5.43495529071,0.367988307727,8653,0.9901590571
54,"[1100,2000)","[3.5,3.75)",8.7,8.8,8.75,2,5.49778714378,0.363782727067,8655,0.990387916238
54,"[1100,2000)","[3.5,3.75)",8.8,8.9,8.85,2,5.56061899685,0.359672187778,8657,0.990616775375
54,"[1100,2000)","[3.5,3.75)",8.9,9,8.95,2,5.62345084993,0.355653504116,8659,0.990845634512
54,"[1100,2000)","[3.5,3.75)",9,9.1,9.05,1,5.686282703,0.175861815571,8660,0.990960064081
54,"[1100,2000)","[3.5,3.75)",9.1,9.2,9.15,4,5.74911455607,0.695759314063,8664,0.991417782355
54,"[1100,2000)","[3.5,3.75)",9.2,9.3,9.25,4,5.81194640914,0.688237591749,8668,0.991875500629
54,"[1100,2000)","[3.5,3.75)",9.3,9.4,9.35,1,5.87477826221,0.170219190473,8669,0.991989930198
54,"[1100,2000)","[3.5,3.75)",9.4,9.5,9.45,2,5.93761011528,0.336835858396,8671,0.992218789335
54,"[1100,2000)","[3.5,3.75)",9.5,9.6,9.55,2,6.00044196836,0.333308781344,8673,0.992447648472
54,"[1100,2000)","[3.5,3.75)",9.6,9.7,9.65,3,6.06327382143,0.494782206503,8676,0.992790937178
54,"[1100,2000)","[3.5,3.75)",9.7,9.8,9.75,2,6.1261056745,0.326471678137,8678,0.993019796315
54,"[1100,2000)","[3.5,3.75)",9.8,9.9,9.85,5,6.18893752757,0.807893112142,8683,0.993591944158
54,"[1100,2000)","[3.5,3.75)",9.9,10,9.95,3,6.25176938064,0.479864150026,8686,0.993935232864
54,"[1100,2000)","[3.5,3.75)",10,10.1,10.05,5,6.31460123372,0.791815637273,8691,0.994507380707
54,"[1100,2000)","[3.5,3.75)",10.1,10.2,10.15,1,6.37743308679,0.156802899598,8692,0.994621810276
54,"[1100,2000)","[3.5,3.75)",10.2,10.3,10.25,4,6.44026493986,0.621092460846,8696,0.99507952855
54,"[1100,2000)","[3.5,3.75)",10.3,10.4,10.35,2,6.50309679293,0.307545783752,8698,0.995308387687
54,"[1100,2000)","[3.5,3.75)",10.4,10.5,10.45,4,6.565928646,0.609205523797,8702,0.995766105962
54,"[1100,2000)","[3.5,3.75)",10.5,10.6,10.55,2,6.62876049907,0.301715531928,8704,0.995994965099
54,"[1100,2000)","[3.5,3.75)",10.6,10.7,10.65,5,6.69159235215,0.747206305596,8709,0.996567112942
54,"[1100,2000)","[3.5,3.75)",10.7,10.8,10.75,0,6.75442420522,0,8709,0.996567112942
54,"[1100,2000)","[3.5,3.75)",10.8,10.9,10.85,0,6.81725605829,0,8709,0.996567112942
54,"[1100,2000)","[3.5,3.75)",10.9,11,10.95,3,6.88008791136,0.436040939978,8712,0.996910401648
54,"[1100,2000)","[3.5,3.75)",11,11.1,11.05,3,6.94291976443,0.432094868123,8715,0.997253690354
54,"[1100,2000)","[3.5,3.75)",11.1,11.2,11.15,1,7.00575161751,0.142739859275,8716,0.997368119922
54,"[1100,2000)","[3.5,3.75)",11.2,11.3,11.25,1,7.06858347058,0.141471060526,8717,0.997482549491
54,"[1100,2000)","[3.5,3.75)",11.3,11.4,11.35,2,7.13141532365,0.280449238928,8719,0.997711408628
54,"[1100,2000)","[3.5,3.75)",11.4,11.5,11.45,4,7.19424717672,0.555999801194,8723,0.998169126902
54,"[1100,2000)","[3.5,3.75)",11.5,11.6,11.55,4,7.25707902979,0.551185950102,8727,0.998626845177
54,"[1100,2000)","[3.5,3.75)",11.6,11.7,11.65,3,7.31991088286,0.409841055172,8730,0.998970133883
54,"[1100,2000)","[3.5,3.75)",11.7,11.8,11.75,1,7.38274273594,0.135451015397,8731,0.999084563451
54,"[1100,2000)","[3.5,3.75)",11.8,11.9,11.85,3,7.44557458901,0.402923906562,8734,0.999427852157
54,"[1100,2000)","[3.5,3.75)",11.9,12,11.95,5,7.50840644208,0.665920263983,8739,1
55,"[1100,2000)","[3.75,4.0)",0,0.1,0.05,39,0.0314159265359,1241.40855612,39,0.00192469032226
55,"[1100,2000)","[3.75,4.0)",0.1,0.2,0.15,74,0.0942477796077,785.16438592,113,0.00557666683117
55,"[1100,2000)","[3.75,4.0)",0.2,0.3,0.25,69,0.157079632679,439.267642934,182,0.00898188817056
55,"[1100,2000)","[3.75,4.0)",0.3,0.4,0.35,45,0.219911485751,204.627783975,227,0.0112026846962
55,"[1100,2000)","[3.75,4.0)",0.4,0.5,0.45,47,0.282743338823,166.228496118,274,0.0135221832897
55,"[1100,2000)","[3.75,4.0)",0.5,0.6,0.55,37,0.345575191895,107.067870807,311,0.0153481715442
55,"[1100,2000)","[3.75,4.0)",0.6,0.7,0.65,50,0.408407044967,122.426879301,361,0.0178157232394
55,"[1100,2000)","[3.75,4.0)",0.7,0.8,0.75,51,0.471238898038,108.225361302,412,0.0203326259685
55,"[1100,2000)","[3.75,4.0)",0.8,0.9,0.85,83,0.53407075111,155.410120901,495,0.0244287617826
55,"[1100,2000)","[3.75,4.0)",0.9,1,0.95,79,0.596902604182,132.349900045,574,0.028327493461
55,"[1100,2000)","[3.75,4.0)",1,1.1,1.05,80,0.659734457254,121.260909022,654,0.0322755761733
55,"[1100,2000)","[3.75,4.0)",1.1,1.2,1.15,105,0.722566310326,145.315382823,759,0.0374574347333
55,"[1100,2000)","[3.75,4.0)",1.2,1.3,1.25,89,0.785398163397,113.318319481,848,0.0418496767507
55,"[1100,2000)","[3.75,4.0)",1.3,1.4,1.35,118,0.848230016469,139.113209517,966,0.0476730987514
55,"[1100,2000)","[3.75,4.0)",1.4,1.5,1.45,126,0.911061869541,138.300157445,1092,0.0538913290233
55,"[1100,2000)","[3.75,4.0)",1.5,1.6,1.55,138,0.973893722613,141.699239656,1230,0.0607017717021
55,"[1100,2000)","[3.75,4.0)",1.6,1.7,1.65,128,1.03672557568,123.465652823,1358,0.0670187040418
55,"[1100,2000)","[3.75,4.0)",1.7,1.8,1.75,146,1.09955742876,132.78069538,1504,0.0742239549919
55,"[1100,2000)","[3.75,4.0)",1.8,1.9,1.85,146,1.16238928183,125.603360494,1650,0.0814292059419
55,"[1100,2000)","[3.75,4.0)",1.9,2,1.95,143,1.2252211349,116.713624934,1793,0.0884864037902
55,"[1100,2000)","[3.75,4.0)",2,2.1,2.05,183,1.28805298797,142.074900419,1976,0.0975176429946
55,"[1100,2000)","[3.75,4.0)",2.1,2.2,2.15,177,1.35088484104,131.02523222,2153,0.106252775996
55,"[1100,2000)","[3.75,4.0)",2.2,2.3,2.25,186,1.41371669412,131.568086289,2339,0.115432068302
55,"[1100,2000)","[3.75,4.0)",2.3,2.4,2.35,209,1.47654854719,141.54631109,2548,0.125746434388
55,"[1100,2000)","[3.75,4.0)",2.4,2.5,2.45,171,1.53938040026,111.083654158,2719,0.134185461185
55,"[1100,2000)","[3.75,4.0)",2.5,2.6,2.55,202,1.60221225333,126.07568041,2921,0.144154370034
55,"[1100,2000)","[3.75,4.0)",2.6,2.7,2.65,213,1.6650441064,127.924539164,3134,0.154666140256
55,"[1100,2000)","[3.75,4.0)",2.7,2.8,2.75,231,1.72787595947,133.690152197,3365,0.166066229087
55,"[1100,2000)","[3.75,4.0)",2.8,2.9,2.85,227,1.79070781255,126.765516077,3592,0.177268913784
55,"[1100,2000)","[3.75,4.0)",2.9,3,2.95,248,1.85353966562,133.798053854,3840,0.189507970192
55,"[1100,2000)","[3.75,4.0)",3,3.1,3.05,252,1.91637151869,131.498510358,4092,0.201944430736
55,"[1100,2000)","[3.75,4.0)",3.1,3.2,3.15,259,1.97920337176,130.860730987,4351,0.214726348517
55,"[1100,2000)","[3.75,4.0)",3.2,3.3,3.25,252,2.04203522483,123.406294336,4603,0.227162809061
55,"[1100,2000)","[3.75,4.0)",3.3,3.4,3.35,268,2.10486707791,127.323954474,4871,0.240388886147
55,"[1100,2000)","[3.75,4.0)",3.4,3.5,3.45,289,2.16769893098,133.321097257,5160,0.254651334945
55,"[1100,2000)","[3.75,4.0)",3.5,3.6,3.55,247,2.23053078405,110.735974489,5407,0.26684104032
55,"[1100,2000)","[3.75,4.0)",3.6,3.7,3.65,290,2.29336263712,126.451872594,5697,0.281152840152
55,"[1100,2000)","[3.75,4.0)",3.7,3.8,3.75,294,2.35619449019,124.777475384,5991,0.29566204412
55,"[1100,2000)","[3.75,4.0)",3.8,3.9,3.85,337,2.41902634326,139.312248888,6328,0.312293342546
55,"[1100,2000)","[3.75,4.0)",3.9,4,3.95,336,2.48185819634,135.382432605,6664,0.328875289937
55,"[1100,2000)","[3.75,4.0)",4,4.1,4.05,326,2.54469004941,128.10990481,6990,0.34496372699
55,"[1100,2000)","[3.75,4.0)",4.1,4.2,4.15,345,2.60752190248,132.309531004,7335,0.361989833687
55,"[1100,2000)","[3.75,4.0)",4.2,4.3,4.25,348,2.67035375555,130.319812226,7683,0.379163993486
55,"[1100,2000)","[3.75,4.0)",4.3,4.4,4.35,358,2.73318560862,130.982688797,8041,0.396831663623
55,"[1100,2000)","[3.75,4.0)",4.4,4.5,4.45,367,2.79601746169,131.258121606,8408,0.414943493066
55,"[1100,2000)","[3.75,4.0)",4.5,4.6,4.55,375,2.85884931477,131.171656394,8783,0.43345013078
55,"[1100,2000)","[3.75,4.0)",4.6,4.7,4.65,384,2.92168116784,131.431178811,9167,0.452400927799
55,"[1100,2000)","[3.75,4.0)",4.7,4.8,4.75,367,2.98451302091,122.968134978,9534,0.470512757242
55,"[1100,2000)","[3.75,4.0)",4.8,4.9,4.85,402,3.04734487398,131.918117779,9936,0.490351872872
55,"[1100,2000)","[3.75,4.0)",4.9,5,4.95,421,3.11017672705,135.362082913,10357,0.511128658145
55,"[1100,2000)","[3.75,4.0)",5,5.1,5.05,397,3.17300858013,125.117846351,10754,0.530721018605
55,"[1100,2000)","[3.75,4.0)",5.1,5.2,5.15,390,3.2358404332,120.525102536,11144,0.549967921828
55,"[1100,2000)","[3.75,4.0)",5.2,5.3,5.25,415,3.29867228627,125.808193111,11559,0.570448600898
55,"[1100,2000)","[3.75,4.0)",5.3,5.4,5.35,441,3.36150413934,131.191270848,12000,0.59221240685
55,"[1100,2000)","[3.75,4.0)",5.4,5.5,5.45,435,3.42433599241,127.031927055,12435,0.613680106598
55,"[1100,2000)","[3.75,4.0)",5.5,5.6,5.55,454,3.48716784548,130.191611106,12889,0.636085475991
55,"[1100,2000)","[3.75,4.0)",5.6,5.7,5.65,467,3.54999969856,131.549306945,13356,0.659132408824
55,"[1100,2000)","[3.75,4.0)",5.7,5.8,5.75,474,3.61283155163,131.199031349,13830,0.682524798895
55,"[1100,2000)","[3.75,4.0)",5.8,5.9,5.85,423,3.6756634047,115.081266543,14253,0.703400286236
55,"[1100,2000)","[3.75,4.0)",5.9,6,5.95,483,3.73849525777,129.196365569,14736,0.727236835612
55,"[1100,2000)","[3.75,4.0)",6,6.1,6.05,476,3.80132711084,125.2194263,15212,0.75072792775
55,"[1100,2000)","[3.75,4.0)",6.1,6.2,6.15,501,3.86415896392,129.653051202,15713,0.775452795736
55,"[1100,2000)","[3.75,4.0)",6.2,6.3,6.25,527,3.92699081699,134.199448015,16240,0.801460790604
55,"[1100,2000)","[3.75,4.0)",6.3,6.4,6.35,471,3.98982267006,118.050359364,16711,0.824705127572
55,"[1100,2000)","[3.75,4.0)",6.4,6.5,6.45,517,4.05265452313,127.570706323,17228,0.850219612101
55,"[1100,2000)","[3.75,4.0)",6.5,6.6,6.55,516,4.1154863762,125.380077306,17744,0.875684745595
55,"[1100,2000)","[3.75,4.0)",6.6,6.7,6.65,503,4.17831822927,120.38336297,18247,0.900508315649
55,"[1100,2000)","[3.75,4.0)",6.7,6.8,6.75,459,4.24115008235,108.225361302,18706,0.923160440211
55,"[1100,2000)","[3.75,4.0)",6.8,6.9,6.85,387,4.30398193542,89.9167342724,19093,0.942259290332
55,"[1100,2000)","[3.75,4.0)",6.9,7,6.95,302,4.36681378849,69.1579752716,19395,0.957163302571
55,"[1100,2000)","[3.75,4.0)",7,7.1,7.05,239,4.42964564156,53.9546544666,19634,0.968958199674
55,"[1100,2000)","[3.75,4.0)",7.1,7.2,7.15,146,4.49247749463,32.4987715964,19780,0.976163450624
55,"[1100,2000)","[3.75,4.0)",7.2,7.3,7.25,112,4.55530934771,24.586694657,19892,0.981690766422
55,"[1100,2000)","[3.75,4.0)",7.3,7.4,7.35,41,4.61814120078,8.87803083914,19933,0.983714158812
55,"[1100,2000)","[3.75,4.0)",7.4,7.5,7.45,28,4.68097305385,5.9816622907,19961,0.985095987761
55,"[1100,2000)","[3.75,4.0)",7.5,7.6,7.55,15,4.74380490692,3.16201873693,19976,0.98583625327
55,"[1100,2000)","[3.75,4.0)",7.6,7.7,7.65,13,4.80663675999,2.70459380418,19989,0.98647781671
55,"[1100,2000)","[3.75,4.0)",7.7,7.8,7.75,11,4.86946861306,2.25897338582,20000,0.987020678083
55,"[1100,2000)","[3.75,4.0)",7.8,7.9,7.85,9,4.93230046614,1.82470635392,20009,0.987464837388
55,"[1100,2000)","[3.75,4.0)",7.9,8,7.95,7,4.99513231921,1.4013642788,20016,0.987810294626
55,"[1100,2000)","[3.75,4.0)",8,8.1,8.05,6,5.05796417228,1.18624802305,20022,0.988106400829
55,"[1100,2000)","[3.75,4.0)",8.1,8.2,8.15,3,5.12079602535,0.585846416289,20025,0.988254453931
55,"[1100,2000)","[3.75,4.0)",8.2,8.3,8.25,4,5.18362787842,0.771660330143,20029,0.988451858066
55,"[1100,2000)","[3.75,4.0)",8.3,8.4,8.35,6,5.24645973149,1.14362833359,20035,0.98874796427
55,"[1100,2000)","[3.75,4.0)",8.4,8.5,8.45,5,5.30929158457,0.941745225396,20040,0.988994719439
55,"[1100,2000)","[3.75,4.0)",8.5,8.6,8.55,10,5.37212343764,1.86146132271,20050,0.989488229778
55,"[1100,2000)","[3.75,4.0)",8.6,8.7,8.65,4,5.43495529071,0.735976615454,20054,0.989685633914
55,"[1100,2000)","[3.75,4.0)",8.7,8.8,8.75,6,5.49778714378,1.0913481812,20060,0.989981740117
55,"[1100,2000)","[3.75,4.0)",8.8,8.9,8.85,3,5.56061899685,0.539508281667,20063,0.990129793219
55,"[1100,2000)","[3.75,4.0)",8.9,9,8.95,7,5.62345084993,1.24478726441,20070,0.990475250456
55,"[1100,2000)","[3.75,4.0)",9,9.1,9.05,6,5.686282703,1.05517089343,20076,0.99077135666
55,"[1100,2000)","[3.75,4.0)",9.1,9.2,9.15,6,5.74911455607,1.04363897109,20082,0.991067462863
55,"[1100,2000)","[3.75,4.0)",9.2,9.3,9.25,3,5.81194640914,0.516178193812,20085,0.991215515965
55,"[1100,2000)","[3.75,4.0)",9.3,9.4,9.35,10,5.87477826221,1.70219190473,20095,0.991709026304
55,"[1100,2000)","[3.75,4.0)",9.4,9.5,9.45,6,5.93761011528,1.01050757519,20101,0.992005132508
55,"[1100,2000)","[3.75,4.0)",9.5,9.6,9.55,9,6.00044196836,1.49988951605,20110,0.992449291813
55,"[1100,2000)","[3.75,4.0)",9.6,9.7,9.65,4,6.06327382143,0.659709608671,20114,0.992646695948
55,"[1100,2000)","[3.75,4.0)",9.7,9.8,9.75,6,6.1261056745,0.979415034412,20120,0.992942802152
55,"[1100,2000)","[3.75,4.0)",9.8,9.9,9.85,8,6.18893752757,1.29262897943,20128,0.993337610423
55,"[1100,2000)","[3.75,4.0)",9.9,10,9.95,11,6.25176938064,1.75950188343,20139,0.993880471796
55,"[1100,2000)","[3.75,4.0)",10,10.1,10.05,7,6.31460123372,1.10854189218,20146,0.994225929033
55,"[1100,2000)","[3.75,4.0)",10.1,10.2,10.15,6,6.37743308679,0.940817397588,20152,0.994522035237
55,"[1100,2000)","[3.75,4.0)",10.2,10.3,10.25,10,6.44026493986,1.55273115212,20162,0.995015545576
55,"[1100,2000)","[3.75,4.0)",10.3,10.4,10.35,7,6.50309679293,1.07641024313,20169,0.995361002813
55,"[1100,2000)","[3.75,4.0)",10.4,10.5,10.45,5,6.565928646,0.761506904746,20174,0.995607757983
55,"[1100,2000)","[3.75,4.0)",10.5,10.6,10.55,9,6.62876049907,1.35771989367,20183,0.996051917288
55,"[1100,2000)","[3.75,4.0)",10.6,10.7,10.65,2,6.69159235215,0.298882522238,20185,0.996150619355
55,"[1100,2000)","[3.75,4.0)",10.7,10.8,10.75,4,6.75442420522,0.592204439412,20189,0.996348023491
55,"[1100,2000)","[3.75,4.0)",10.8,10.9,10.85,5,6.81725605829,0.733432917474,20194,0.996594778661
55,"[1100,2000)","[3.75,4.0)",10.9,11,10.95,6,6.88008791136,0.872081879956,20200,0.996890884864
55,"[1100,2000)","[3.75,4.0)",11,11.1,11.05,9,6.94291976443,1.29628460437,20209,0.997335044169
55,"[1100,2000)","[3.75,4.0)",11.1,11.2,11.15,7,7.00575161751,0.999179014927,20216,0.997680501407
55,"[1100,2000)","[3.75,4.0)",11.2,11.3,11.25,6,7.06858347058,0.848826363157,20222,0.99797660761
55,"[1100,2000)","[3.75,4.0)",11.3,11.4,11.35,5,7.13141532365,0.701123097321,20227,0.998223362779
55,"[1100,2000)","[3.75,4.0)",11.4,11.5,11.45,2,7.19424717672,0.277999900597,20229,0.998322064847
55,"[1100,2000)","[3.75,4.0)",11.5,11.6,11.55,4,7.25707902979,0.551185950102,20233,0.998519468983
55,"[1100,2000)","[3.75,4.0)",11.6,11.7,11.65,10,7.31991088286,1.36613685057,20243,0.999012979322
55,"[1100,2000)","[3.75,4.0)",11.7,11.8,11.75,8,7.38274273594,1.08360812318,20251,0.999407787593
55,"[1100,2000)","[3.75,4.0)",11.8,11.9,11.85,4,7.44557458901,0.537231875416,20255,0.999605191729
55,"[1100,2000)","[3.75,4.0)",11.9,12,11.95,8,7.50840644208,1.06547242237,20263,1
56,"[1100,2000)","[4.0,4.25)",0,0.1,0.05,22,0.0314159265359,700.281749604,22,0.00126146788991
56,"[1100,2000)","[4.0,4.25)",0.1,0.2,0.15,61,0.0942477796077,647.230101907,83,0.00475917431193
56,"[1100,2000)","[4.0,4.25)",0.2,0.3,0.25,46,0.157079632679,292.845095289,129,0.00739678899083
56,"[1100,2000)","[4.0,4.25)",0.3,0.4,0.35,42,0.219911485751,190.98593171,171,0.00980504587156
56,"[1100,2000)","[4.0,4.25)",0.4,0.5,0.45,24,0.282743338823,84.8826363157,195,0.0111811926606
56,"[1100,2000)","[4.0,4.25)",0.5,0.6,0.55,49,0.345575191895,141.792585664,244,0.0139908256881
56,"[1100,2000)","[4.0,4.25)",0.6,0.7,0.65,54,0.408407044967,132.221029646,298,0.0170871559633
56,"[1100,2000)","[4.0,4.25)",0.7,0.8,0.75,49,0.471238898038,103.981229487,347,0.0198967889908
56,"[1100,2000)","[4.0,4.25)",0.8,0.9,0.85,60,0.53407075111,112.344665712,407,0.0233371559633
56,"[1100,2000)","[4.0,4.25)",0.9,1,0.95,80,0.596902604182,134.025215235,487,0.0279243119266
56,"[1100,2000)","[4.0,4.25)",1,1.1,1.05,69,0.659734457254,104.587534032,556,0.031880733945
56,"[1100,2000)","[4.0,4.25)",1.1,1.2,1.15,71,0.722566310326,98.2608779089,627,0.0359518348624
56,"[1100,2000)","[4.0,4.25)",1.2,1.3,1.25,86,0.785398163397,109.498600847,713,0.0408830275229
56,"[1100,2000)","[4.0,4.25)",1.3,1.4,1.35,83,0.848230016469,97.8508168639,796,0.0456422018349
56,"[1100,2000)","[4.0,4.25)",1.4,1.5,1.45,79,0.911061869541,86.7120034777,875,0.0501720183486
56,"[1100,2000)","[4.0,4.25)",1.5,1.6,1.55,122,0.973893722613,125.270342305,997,0.0571674311927
56,"[1100,2000)","[4.0,4.25)",1.6,1.7,1.65,133,1.03672557568,128.288529886,1130,0.0647935779817
56,"[1100,2000)","[4.0,4.25)",1.7,1.8,1.75,124,1.09955742876,112.772645391,1254,0.0719036697248
56,"[1100,2000)","[4.0,4.25)",1.8,1.9,1.85,149,1.16238928183,128.184251463,1403,0.0804472477064
56,"[1100,2000)","[4.0,4.25)",1.9,2,1.95,117,1.2252211349,95.4929658551,1520,0.0871559633028
56,"[1100,2000)","[4.0,4.25)",2,2.1,2.05,116,1.28805298797,90.0584068227,1636,0.0938073394495
56,"[1100,2000)","[4.0,4.25)",2.1,2.2,2.15,152,1.35088484104,112.518843488,1788,0.10252293578
56,"[1100,2000)","[4.0,4.25)",2.2,2.3,2.25,146,1.41371669412,103.273874184,1934,0.110894495413
56,"[1100,2000)","[4.0,4.25)",2.3,2.4,2.35,166,1.47654854719,112.42434278,2100,0.120412844037
56,"[1100,2000)","[4.0,4.25)",2.4,2.5,2.45,187,1.53938040026,121.47744636,2287,0.131135321101
56,"[1100,2000)","[4.0,4.25)",2.5,2.6,2.55,196,1.60221225333,122.33085822,2483,0.142373853211
56,"[1100,2000)","[4.0,4.25)",2.6,2.7,2.65,204,1.6650441064,122.519276946,2687,0.154071100917
56,"[1100,2000)","[4.0,4.25)",2.7,2.8,2.75,168,1.72787595947,97.229201598,2855,0.16370412844
56,"[1100,2000)","[4.0,4.25)",2.8,2.9,2.85,185,1.79070781255,103.311103411,3040,0.174311926606
56,"[1100,2000)","[4.0,4.25)",2.9,3,2.95,225,1.85353966562,121.389363375,3265,0.187213302752
56,"[1100,2000)","[4.0,4.25)",3,3.1,3.05,218,1.91637151869,113.756647849,3483,0.199713302752
56,"[1100,2000)","[4.0,4.25)",3.1,3.2,3.15,230,1.97920337176,116.208371146,3713,0.212901376147
56,"[1100,2000)","[4.0,4.25)",3.2,3.3,3.25,207,2.04203522483,101.369456062,3920,0.224770642202
56,"[1100,2000)","[4.0,4.25)",3.3,3.4,3.35,238,2.10486707791,113.071273003,4158,0.238417431193
56,"[1100,2000)","[4.0,4.25)",3.4,3.5,3.45,252,2.16769893098,116.252306258,4410,0.252866972477
56,"[1100,2000)","[4.0,4.25)",3.5,3.6,3.55,239,2.23053078405,107.149384222,4649,0.266571100917
56,"[1100,2000)","[4.0,4.25)",3.6,3.7,3.65,246,2.29336263712,107.266071235,4895,0.280676605505
56,"[1100,2000)","[4.0,4.25)",3.7,3.8,3.75,239,2.35619449019,101.434750397,5134,0.294380733945
56,"[1100,2000)","[4.0,4.25)",3.8,3.9,3.85,268,2.41902634326,110.78837597,5402,0.309747706422
56,"[1100,2000)","[4.0,4.25)",3.9,4,3.95,276,2.48185819634,111.206998211,5678,0.325573394495
56,"[1100,2000)","[4.0,4.25)",4,4.1,4.05,329,2.54469004941,129.288830314,6007,0.344438073394
56,"[1100,2000)","[4.0,4.25)",4.1,4.2,4.15,270,2.60752190248,103.546589481,6277,0.359919724771
56,"[1100,2000)","[4.0,4.25)",4.2,4.3,4.25,312,2.67035375555,116.83845234,6589,0.377809633028
56,"[1100,2000)","[4.0,4.25)",4.3,4.4,4.35,294,2.73318560862,107.566789124,6883,0.394667431193
56,"[1100,2000)","[4.0,4.25)",4.4,4.5,4.45,303,2.79601746169,108.368421925,7186,0.412041284404
56,"[1100,2000)","[4.0,4.25)",4.5,4.6,4.55,318,2.85884931477,111.233564622,7504,0.430275229358
56,"[1100,2000)","[4.0,4.25)",4.6,4.7,4.65,348,2.92168116784,119.109505798,7852,0.450229357798
56,"[1100,2000)","[4.0,4.25)",4.7,4.8,4.75,311,2.98451302091,104.204604845,8163,0.468061926606
56,"[1100,2000)","[4.0,4.25)",4.8,4.9,4.85,329,3.04734487398,107.962837685,8492,0.486926605505
56,"[1100,2000)","[4.0,4.25)",4.9,5,4.95,341,3.11017672705,109.640071908,8833,0.506479357798
56,"[1100,2000)","[4.0,4.25)",5,5.1,5.05,379,3.17300858013,119.444996895,9212,0.528211009174
56,"[1100,2000)","[4.0,4.25)",5.1,5.2,5.15,337,3.2358404332,104.14605014,9549,0.54753440367
56,"[1100,2000)","[4.0,4.25)",5.2,5.3,5.25,359,3.29867228627,108.831665848,9908,0.568119266055
56,"[1100,2000)","[4.0,4.25)",5.3,5.4,5.35,373,3.36150413934,110.962231352,10281,0.589506880734
56,"[1100,2000)","[4.0,4.25)",5.4,5.5,5.45,391,3.42433599241,114.18272064,10672,0.611926605505
56,"[1100,2000)","[4.0,4.25)",5.5,5.6,5.55,392,3.48716784548,112.412139986,11064,0.634403669725
56,"[1100,2000)","[4.0,4.25)",5.6,5.7,5.65,380,3.54999969856,107.04226261,11444,0.65619266055
56,"[1100,2000)","[4.0,4.25)",5.7,5.8,5.75,408,3.61283155163,112.930811794,11852,0.679587155963
56,"[1100,2000)","[4.0,4.25)",5.8,5.9,5.85,438,3.6756634047,119.16216252,12290,0.704701834862
56,"[1100,2000)","[4.0,4.25)",5.9,6,5.95,387,3.73849525777,103.517584835,12677,0.726892201835
56,"[1100,2000)","[4.0,4.25)",6,6.1,6.05,418,3.80132711084,109.961597045,13095,0.750860091743
56,"[1100,2000)","[4.0,4.25)",6.1,6.2,6.15,410,3.86415896392,106.103295395,13505,0.774369266055
56,"[1100,2000)","[4.0,4.25)",6.2,6.3,6.25,424,3.92699081699,107.970713394,13929,0.798681192661
56,"[1100,2000)","[4.0,4.25)",6.3,6.4,6.35,462,3.98982267006,115.794620013,14391,0.825172018349
56,"[1100,2000)","[4.0,4.25)",6.4,6.5,6.45,463,4.05265452313,114.246106437,14854,0.851720183486
56,"[1100,2000)","[4.0,4.25)",6.5,6.6,6.55,414,4.1154863762,100.59564342,15268,0.875458715596
56,"[1100,2000)","[4.0,4.25)",6.6,6.7,6.65,405,4.17831822927,96.9289503041,15673,0.898681192661
56,"[1100,2000)","[4.0,4.25)",6.7,6.8,6.75,395,4.24115008235,93.1351148464,16068,0.921330275229
56,"[1100,2000)","[4.0,4.25)",6.8,6.9,6.85,338,4.30398193542,78.5319281242,16406,0.940711009174
56,"[1100,2000)","[4.0,4.25)",6.9,7,6.95,274,4.36681378849,62.7459775643,16680,0.956422018349
56,"[1100,2000)","[4.0,4.25)",7,7.1,7.05,183,4.42964564156,41.3125596962,16863,0.966915137615
56,"[1100,2000)","[4.0,4.25)",7.1,7.2,7.15,135,4.49247749463,30.0502340104,16998,0.974655963303
56,"[1100,2000)","[4.0,4.25)",7.2,7.3,7.25,84,4.55530934771,18.4400209927,17082,0.979472477064
56,"[1100,2000)","[4.0,4.25)",7.3,7.4,7.35,61,4.61814120078,13.2087775899,17143,0.982970183486
56,"[1100,2000)","[4.0,4.25)",7.4,7.5,7.45,26,4.68097305385,5.55440069851,17169,0.984461009174
56,"[1100,2000)","[4.0,4.25)",7.5,7.6,7.55,19,4.74380490692,4.00522373344,17188,0.985550458716
56,"[1100,2000)","[4.0,4.25)",7.6,7.7,7.65,17,4.80663675999,3.53677651315,17205,0.986525229358
56,"[1100,2000)","[4.0,4.25)",7.7,7.8,7.75,16,4.86946861306,3.28577947028,17221,0.98744266055
56,"[1100,2000)","[4.0,4.25)",7.8,7.9,7.85,10,4.93230046614,2.02745150436,17231,0.988016055046
56,"[1100,2000)","[4.0,4.25)",7.9,8,7.95,9,4.99513231921,1.80175407274,17240,0.988532110092
56,"[1100,2000)","[4.0,4.25)",8,8.1,8.05,5,5.05796417228,0.988540019204,17245,0.988818807339
56,"[1100,2000)","[4.0,4.25)",8.1,8.2,8.15,6,5.12079602535,1.17169283258,17251,0.989162844037
56,"[1100,2000)","[4.0,4.25)",8.2,8.3,8.25,3,5.18362787842,0.578745247607,17254,0.989334862385
56,"[1100,2000)","[4.0,4.25)",8.3,8.4,8.35,3,5.24645973149,0.571814166797,17257,0.989506880734
56,"[1100,2000)","[4.0,4.25)",8.4,8.5,8.45,10,5.30929158457,1.88349045079,17267,0.990080275229
56,"[1100,2000)","[4.0,4.25)",8.5,8.6,8.55,0,5.37212343764,0,17267,0.990080275229
56,"[1100,2000)","[4.0,4.25)",8.6,8.7,8.65,2,5.43495529071,0.367988307727,17269,0.990194954128
56,"[1100,2000)","[4.0,4.25)",8.7,8.8,8.75,5,5.49778714378,0.909456817668,17274,0.990481651376
56,"[1100,2000)","[4.0,4.25)",8.8,8.9,8.85,7,5.56061899685,1.25885265722,17281,0.990883027523
56,"[1100,2000)","[4.0,4.25)",8.9,9,8.95,3,5.62345084993,0.533480256174,17284,0.991055045872
56,"[1100,2000)","[4.0,4.25)",9,9.1,9.05,5,5.686282703,0.879309077856,17289,0.991341743119
56,"[1100,2000)","[4.0,4.25)",9.1,9.2,9.15,4,5.74911455607,0.695759314063,17293,0.991571100917
56,"[1100,2000)","[4.0,4.25)",9.2,9.3,9.25,3,5.81194640914,0.516178193812,17296,0.991743119266
56,"[1100,2000)","[4.0,4.25)",9.3,9.4,9.35,3,5.87477826221,0.510657571418,17299,0.991915137615
56,"[1100,2000)","[4.0,4.25)",9.4,9.5,9.45,6,5.93761011528,1.01050757519,17305,0.992259174312
56,"[1100,2000)","[4.0,4.25)",9.5,9.6,9.55,7,6.00044196836,1.1665807347,17312,0.992660550459
56,"[1100,2000)","[4.0,4.25)",9.6,9.7,9.65,7,6.06327382143,1.15449181517,17319,0.993061926606
56,"[1100,2000)","[4.0,4.25)",9.7,9.8,9.75,9,6.1261056745,1.46912255162,17328,0.993577981651
56,"[1100,2000)","[4.0,4.25)",9.8,9.9,9.85,6,6.18893752757,0.96947173457,17334,0.993922018349
56,"[1100,2000)","[4.0,4.25)",9.9,10,9.95,7,6.25176938064,1.11968301673,17341,0.994323394495
56,"[1100,2000)","[4.0,4.25)",10,10.1,10.05,7,6.31460123372,1.10854189218,17348,0.994724770642
56,"[1100,2000)","[4.0,4.25)",10.1,10.2,10.15,4,6.37743308679,0.627211598392,17352,0.99495412844
56,"[1100,2000)","[4.0,4.25)",10.2,10.3,10.25,8,6.44026493986,1.24218492169,17360,0.995412844037
56,"[1100,2000)","[4.0,4.25)",10.3,10.4,10.35,4,6.50309679293,0.615091567505,17364,0.995642201835
56,"[1100,2000)","[4.0,4.25)",10.4,10.5,10.45,3,6.565928646,0.456904142848,17367,0.995814220183
56,"[1100,2000)","[4.0,4.25)",10.5,10.6,10.55,7,6.62876049907,1.05600436175,17374,0.99621559633
56,"[1100,2000)","[4.0,4.25)",10.6,10.7,10.65,4,6.69159235215,0.597765044477,17378,0.996444954128
56,"[1100,2000)","[4.0,4.25)",10.7,10.8,10.75,1,6.75442420522,0.148051109853,17379,0.996502293578
56,"[1100,2000)","[4.0,4.25)",10.8,10.9,10.85,3,6.81725605829,0.440059750485,17382,0.996674311927
56,"[1100,2000)","[4.0,4.25)",10.9,11,10.95,5,6.88008791136,0.726734899963,17387,0.996961009174
56,"[1100,2000)","[4.0,4.25)",11,11.1,11.05,3,6.94291976443,0.432094868123,17390,0.997133027523
56,"[1100,2000)","[4.0,4.25)",11.1,11.2,11.15,4,7.00575161751,0.570959437101,17394,0.997362385321
56,"[1100,2000)","[4.0,4.25)",11.2,11.3,11.25,9,7.06858347058,1.27323954474,17403,0.997878440367
56,"[1100,2000)","[4.0,4.25)",11.3,11.4,11.35,5,7.13141532365,0.701123097321,17408,0.998165137615
56,"[1100,2000)","[4.0,4.25)",11.4,11.5,11.45,5,7.19424717672,0.694999751493,17413,0.998451834862
56,"[1100,2000)","[4.0,4.25)",11.5,11.6,11.55,4,7.25707902979,0.551185950102,17417,0.998681192661
56,"[1100,2000)","[4.0,4.25)",11.6,11.7,11.65,5,7.31991088286,0.683068425287,17422,0.998967889908
56,"[1100,2000)","[4.0,4.25)",11.7,11.8,11.75,5,7.38274273594,0.677255076987,17427,0.999254587156
56,"[1100,2000)","[4.0,4.25)",11.8,11.9,11.85,8,7.44557458901,1.07446375083,17435,0.999713302752
56,"[1100,2000)","[4.0,4.25)",11.9,12,11.95,5,7.50840644208,0.665920263983,17440,1
57,"[1100,2000)","[4.25,4.5)",0,0.1,0.05,11,0.0314159265359,350.140874802,11,0.00120376449989
57,"[1100,2000)","[4.25,4.5)",0.1,0.2,0.15,23,0.0942477796077,244.037579408,34,0.00372072663603
57,"[1100,2000)","[4.25,4.5)",0.2,0.3,0.25,12,0.157079632679,76.3943726841,46,0.00503392427227
57,"[1100,2000)","[4.25,4.5)",0.3,0.4,0.35,17,0.219911485751,77.3038295018,63,0.00689428759028
57,"[1100,2000)","[4.25,4.5)",0.4,0.5,0.45,22,0.282743338823,77.8090832894,85,0.00930181659006
57,"[1100,2000)","[4.25,4.5)",0.5,0.6,0.55,19,0.345575191895,54.9807985227,104,0.0113810461808
57,"[1100,2000)","[4.25,4.5)",0.6,0.7,0.65,22,0.408407044967,53.8678268926,126,0.0137885751806
57,"[1100,2000)","[4.25,4.5)",0.7,0.8,0.75,21,0.471238898038,44.5633840657,147,0.016086671044
57,"[1100,2000)","[4.25,4.5)",0.8,0.9,0.85,30,0.53407075111,56.172332856,177,0.0193696651346
57,"[1100,2000)","[4.25,4.5)",0.9,1,0.95,28,0.596902604182,46.9088253323,205,0.0224337929525
57,"[1100,2000)","[4.25,4.5)",1,1.1,1.05,33,0.659734457254,50.0201249717,238,0.0260450864522
57,"[1100,2000)","[4.25,4.5)",1.1,1.2,1.15,43,0.722566310326,59.5101091561,281,0.0307507113154
57,"[1100,2000)","[4.25,4.5)",1.2,1.3,1.25,40,0.785398163397,50.9295817894,321,0.0351280367695
57,"[1100,2000)","[4.25,4.5)",1.3,1.4,1.35,48,0.848230016469,56.5884242105,369,0.0403808273145
57,"[1100,2000)","[4.25,4.5)",1.4,1.5,1.45,55,0.911061869541,60.3691163452,424,0.046399649814
57,"[1100,2000)","[4.25,4.5)",1.5,1.6,1.55,32,0.973893722613,32.8577947028,456,0.0499015101773
57,"[1100,2000)","[4.25,4.5)",1.6,1.7,1.65,85,1.03672557568,81.9889100776,541,0.0592033267673
57,"[1100,2000)","[4.25,4.5)",1.7,1.8,1.75,61,1.09955742876,55.4768658777,602,0.0658787480849
57,"[1100,2000)","[4.25,4.5)",1.8,1.9,1.85,55,1.16238928183,47.3163344327,657,0.0718975705844
57,"[1100,2000)","[4.25,4.5)",1.9,2,1.95,62,1.2252211349,50.6031101113,719,0.0786824250383
57,"[1100,2000)","[4.25,4.5)",2,2.1,2.05,79,1.28805298797,61.3328805086,798,0.0873276428102
57,"[1100,2000)","[4.25,4.5)",2.1,2.2,2.15,69,1.35088484104,51.0776328993,867,0.0948785292186
57,"[1100,2000)","[4.25,4.5)",2.2,2.3,2.25,102,1.41371669412,72.1502408683,969,0.106040709127
57,"[1100,2000)","[4.25,4.5)",2.3,2.4,2.35,92,1.47654854719,62.3074670828,1061,0.116108557671
57,"[1100,2000)","[4.25,4.5)",2.4,2.5,2.45,103,1.53938040026,66.9100372999,1164,0.127380170716
57,"[1100,2000)","[4.25,4.5)",2.5,2.6,2.55,80,1.60221225333,49.9309625386,1244,0.136134821624
57,"[1100,2000)","[4.25,4.5)",2.6,2.7,2.65,110,1.6650441064,66.0643160004,1354,0.148172466623
57,"[1100,2000)","[4.25,4.5)",2.7,2.8,2.75,104,1.72787595947,60.1895057511,1458,0.159553512804
57,"[1100,2000)","[4.25,4.5)",2.8,2.9,2.85,127,1.79070781255,70.9216763953,1585,0.173451521121
57,"[1100,2000)","[4.25,4.5)",2.9,3,2.95,112,1.85353966562,60.4249275468,1697,0.185708032392
57,"[1100,2000)","[4.25,4.5)",3,3.1,3.05,124,1.91637151869,64.7056162079,1821,0.1992777413
57,"[1100,2000)","[4.25,4.5)",3.1,3.2,3.15,112,1.97920337176,56.5884242105,1933,0.211534252572
57,"[1100,2000)","[4.25,4.5)",3.2,3.3,3.25,116,2.04203522483,56.8060719959,2049,0.224228496389
57,"[1100,2000)","[4.25,4.5)",3.3,3.4,3.35,132,2.10486707791,62.711798472,2181,0.238673670387
57,"[1100,2000)","[4.25,4.5)",3.4,3.5,3.45,125,2.16769893098,57.6648344536,2306,0.252352812432
57,"[1100,2000)","[4.25,4.5)",3.5,3.6,3.55,143,2.23053078405,64.1103010201,2449,0.26800175093
57,"[1100,2000)","[4.25,4.5)",3.6,3.7,3.65,142,2.29336263712,61.9178134768,2591,0.283541256292
57,"[1100,2000)","[4.25,4.5)",3.7,3.8,3.75,129,2.35619449019,54.7493004236,2720,0.297658130882
57,"[1100,2000)","[4.25,4.5)",3.8,3.9,3.85,149,2.41902634326,61.5950299239,2869,0.313963668199
57,"[1100,2000)","[4.25,4.5)",3.9,4,3.95,152,2.48185819634,61.2444337974,3021,0.330597504924
57,"[1100,2000)","[4.25,4.5)",4,4.1,4.05,153,2.54469004941,60.1252007236,3174,0.347340774787
57,"[1100,2000)","[4.25,4.5)",4.1,4.2,4.15,121,2.60752190248,46.4042123232,3295,0.360582184285
57,"[1100,2000)","[4.25,4.5)",4.2,4.3,4.25,160,2.67035375555,59.9171550464,3455,0.378091486102
57,"[1100,2000)","[4.25,4.5)",4.3,4.4,4.35,139,2.73318560862,50.8564071029,3594,0.393302692055
57,"[1100,2000)","[4.25,4.5)",4.4,4.5,4.45,173,2.79601746169,61.8737194492,3767,0.412234624644
57,"[1100,2000)","[4.25,4.5)",4.5,4.6,4.55,159,2.85884931477,55.6167823112,3926,0.429634493325
57,"[1100,2000)","[4.25,4.5)",4.6,4.7,4.65,150,2.92168116784,51.3403042232,4076,0.446049463778
57,"[1100,2000)","[4.25,4.5)",4.7,4.8,4.75,194,2.98451302091,65.0022293891,4270,0.46727949223
57,"[1100,2000)","[4.25,4.5)",4.8,4.9,4.85,149,3.04734487398,48.895023754,4419,0.483585029547
57,"[1100,2000)","[4.25,4.5)",4.9,5,4.95,166,3.11017672705,53.3731728349,4585,0.501750930182
57,"[1100,2000)","[4.25,4.5)",5,5.1,5.05,178,3.17300858013,56.0981779611,4763,0.521230028453
57,"[1100,2000)","[4.25,4.5)",5.1,5.2,5.15,192,3.2358404332,59.3354350945,4955,0.542241190633
57,"[1100,2000)","[4.25,4.5)",5.2,5.3,5.25,208,3.29867228627,63.0556726916,5163,0.565003282994
57,"[1100,2000)","[4.25,4.5)",5.3,5.4,5.35,197,3.36150413934,58.6047173628,5360,0.586561610856
57,"[1100,2000)","[4.25,4.5)",5.4,5.5,5.45,202,3.42433599241,58.9895385405,5562,0.608667104399
57,"[1100,2000)","[4.25,4.5)",5.5,5.6,5.55,212,3.48716784548,60.7943206045,5774,0.631866929306
57,"[1100,2000)","[4.25,4.5)",5.6,5.7,5.65,200,3.54999969856,56.3380329529,5974,0.653753556577
57,"[1100,2000)","[4.25,4.5)",5.7,5.8,5.75,250,3.61283155163,69.1978013443,6224,0.681111840665
57,"[1100,2000)","[4.25,4.5)",5.8,5.9,5.85,200,3.6756634047,54.4119463562,6424,0.702998467936
57,"[1100,2000)","[4.25,4.5)",5.9,6,5.95,223,3.73849525777,59.649667747,6647,0.727402057343
57,"[1100,2000)","[4.25,4.5)",6,6.1,6.05,221,3.80132711084,58.1375907823,6868,0.751586780477
57,"[1100,2000)","[4.25,4.5)",6.1,6.2,6.15,232,3.86415896392,60.0389378818,7100,0.776975268111
57,"[1100,2000)","[4.25,4.5)",6.2,6.3,6.25,233,3.92699081699,59.3329627847,7333,0.802473188882
57,"[1100,2000)","[4.25,4.5)",6.3,6.4,6.35,192,3.98982267006,48.1224394861,7525,0.823484351062
57,"[1100,2000)","[4.25,4.5)",6.4,6.5,6.45,224,4.05265452313,55.2724143451,7749,0.847997373605
57,"[1100,2000)","[4.25,4.5)",6.5,6.6,6.55,225,4.1154863762,54.6715453369,7974,0.872619829284
57,"[1100,2000)","[4.25,4.5)",6.6,6.7,6.65,224,4.17831822927,53.6100860941,8198,0.897132851828
57,"[1100,2000)","[4.25,4.5)",6.7,6.8,6.75,182,4.24115008235,42.9128883596,8380,0.917049682644
57,"[1100,2000)","[4.25,4.5)",6.8,6.9,6.85,180,4.30398193542,41.8217368709,8560,0.936747647188
57,"[1100,2000)","[4.25,4.5)",6.9,7,6.95,173,4.36681378849,39.6169858344,8733,0.955679579777
57,"[1100,2000)","[4.25,4.5)",7,7.1,7.05,107,4.42964564156,24.1554310792,8840,0.967388925367
57,"[1100,2000)","[4.25,4.5)",7.1,7.2,7.15,74,4.49247749463,16.4719801242,8914,0.975486977457
57,"[1100,2000)","[4.25,4.5)",7.2,7.3,7.25,39,4.55530934771,8.56143831805,8953,0.979754869775
57,"[1100,2000)","[4.25,4.5)",7.3,7.4,7.35,17,4.61814120078,3.68113473818,8970,0.981615233093
57,"[1100,2000)","[4.25,4.5)",7.4,7.5,7.45,12,4.68097305385,2.56356955316,8982,0.982928430729
57,"[1100,2000)","[4.25,4.5)",7.5,7.6,7.55,11,4.74380490692,2.31881374041,8993,0.984132195229
57,"[1100,2000)","[4.25,4.5)",7.6,7.7,7.65,11,4.80663675999,2.28850244969,9004,0.985335959729
57,"[1100,2000)","[4.25,4.5)",7.7,7.8,7.75,2,4.86946861306,0.410722433786,9006,0.985554826001
57,"[1100,2000)","[4.25,4.5)",7.8,7.9,7.85,6,4.93230046614,1.21647090261,9012,0.986211424819
57,"[1100,2000)","[4.25,4.5)",7.9,8,7.95,2,4.99513231921,0.400389793942,9014,0.986430291092
57,"[1100,2000)","[4.25,4.5)",8,8.1,8.05,5,5.05796417228,0.988540019204,9019,0.986977456774
57,"[1100,2000)","[4.25,4.5)",8.1,8.2,8.15,1,5.12079602535,0.195282138763,9020,0.98708688991
57,"[1100,2000)","[4.25,4.5)",8.2,8.3,8.25,3,5.18362787842,0.578745247607,9023,0.987415189319
57,"[1100,2000)","[4.25,4.5)",8.3,8.4,8.35,5,5.24645973149,0.953023611329,9028,0.987962355001
57,"[1100,2000)","[4.25,4.5)",8.4,8.5,8.45,1,5.30929158457,0.188349045079,9029,0.988071788137
57,"[1100,2000)","[4.25,4.5)",8.5,8.6,8.55,0,5.37212343764,0,9029,0.988071788137
57,"[1100,2000)","[4.25,4.5)",8.6,8.7,8.65,4,5.43495529071,0.735976615454,9033,0.988509520683
57,"[1100,2000)","[4.25,4.5)",8.7,8.8,8.75,4,5.49778714378,0.727565454134,9037,0.988947253228
57,"[1100,2000)","[4.25,4.5)",8.8,8.9,8.85,1,5.56061899685,0.179836093889,9038,0.989056686365
57,"[1100,2000)","[4.25,4.5)",8.9,9,8.95,1,5.62345084993,0.177826752058,9039,0.989166119501
57,"[1100,2000)","[4.25,4.5)",9,9.1,9.05,1,5.686282703,0.175861815571,9040,0.989275552637
57,"[1100,2000)","[4.25,4.5)",9.1,9.2,9.15,2,5.74911455607,0.347879657031,9042,0.98949441891
57,"[1100,2000)","[4.25,4.5)",9.2,9.3,9.25,2,5.81194640914,0.344118795874,9044,0.989713285183
57,"[1100,2000)","[4.25,4.5)",9.3,9.4,9.35,1,5.87477826221,0.170219190473,9045,0.989822718319
57,"[1100,2000)","[4.25,4.5)",9.4,9.5,9.45,1,5.93761011528,0.168417929198,9046,0.989932151455
57,"[1100,2000)","[4.25,4.5)",9.5,9.6,9.55,5,6.00044196836,0.833271953361,9051,0.990479317137
57,"[1100,2000)","[4.25,4.5)",9.6,9.7,9.65,4,6.06327382143,0.659709608671,9055,0.990917049683
57,"[1100,2000)","[4.25,4.5)",9.7,9.8,9.75,3,6.1261056745,0.489707517206,9058,0.991245349092
57,"[1100,2000)","[4.25,4.5)",9.8,9.9,9.85,6,6.18893752757,0.96947173457,9064,0.99190194791
57,"[1100,2000)","[4.25,4.5)",9.9,10,9.95,3,6.25176938064,0.479864150026,9067,0.992230247319
57,"[1100,2000)","[4.25,4.5)",10,10.1,10.05,5,6.31460123372,0.791815637273,9072,0.992777413001
57,"[1100,2000)","[4.25,4.5)",10.1,10.2,10.15,5,6.37743308679,0.78401449799,9077,0.993324578682
57,"[1100,2000)","[4.25,4.5)",10.2,10.3,10.25,3,6.44026493986,0.465819345635,9080,0.993652878091
57,"[1100,2000)","[4.25,4.5)",10.3,10.4,10.35,6,6.50309679293,0.922637351257,9086,0.99430947691
57,"[1100,2000)","[4.25,4.5)",10.4,10.5,10.45,2,6.565928646,0.304602761898,9088,0.994528343182
57,"[1100,2000)","[4.25,4.5)",10.5,10.6,10.55,3,6.62876049907,0.452573297892,9091,0.994856642591
57,"[1100,2000)","[4.25,4.5)",10.6,10.7,10.65,2,6.69159235215,0.298882522238,9093,0.995075508864
57,"[1100,2000)","[4.25,4.5)",10.7,10.8,10.75,2,6.75442420522,0.296102219706,9095,0.995294375137
57,"[1100,2000)","[4.25,4.5)",10.8,10.9,10.85,3,6.81725605829,0.440059750485,9098,0.995622674546
57,"[1100,2000)","[4.25,4.5)",10.9,11,10.95,4,6.88008791136,0.58138791997,9102,0.996060407091
57,"[1100,2000)","[4.25,4.5)",11,11.1,11.05,1,6.94291976443,0.144031622708,9103,0.996169840228
57,"[1100,2000)","[4.25,4.5)",11.1,11.2,11.15,6,7.00575161751,0.856439155651,9109,0.996826439046
57,"[1100,2000)","[4.25,4.5)",11.2,11.3,11.25,4,7.06858347058,0.565884242105,9113,0.997264171591
57,"[1100,2000)","[4.25,4.5)",11.3,11.4,11.35,1,7.13141532365,0.140224619464,9114,0.997373604728
57,"[1100,2000)","[4.25,4.5)",11.4,11.5,11.45,1,7.19424717672,0.138999950299,9115,0.997483037864
57,"[1100,2000)","[4.25,4.5)",11.5,11.6,11.55,5,7.25707902979,0.688982437627,9120,0.998030203546
57,"[1100,2000)","[4.25,4.5)",11.6,11.7,11.65,6,7.31991088286,0.819682110345,9126,0.998686802364
57,"[1100,2000)","[4.25,4.5)",11.7,11.8,11.75,1,7.38274273594,0.135451015397,9127,0.9987962355
57,"[1100,2000)","[4.25,4.5)",11.8,11.9,11.85,5,7.44557458901,0.67153984427,9132,0.999343401182
57,"[1100,2000)","[4.25,4.5)",11.9,12,11.95,6,7.50840644208,0.799104316779,9138,1
58,"[1100,2000)","[4.5,4.75)",0,0.1,0.05,3,0.0314159265359,95.4929658551,3,0.000878220140515
58,"[1100,2000)","[4.5,4.75)",0.1,0.2,0.15,16,0.0942477796077,169.765272631,19,0.00556206088993
58,"[1100,2000)","[4.5,4.75)",0.2,0.3,0.25,6,0.157079632679,38.1971863421,25,0.00731850117096
58,"[1100,2000)","[4.5,4.75)",0.3,0.4,0.35,5,0.219911485751,22.7364204417,30,0.00878220140515
58,"[1100,2000)","[4.5,4.75)",0.4,0.5,0.45,13,0.282743338823,45.978094671,43,0.0125878220141
58,"[1100,2000)","[4.5,4.75)",0.5,0.6,0.55,7,0.345575191895,20.2560836662,50,0.0146370023419
58,"[1100,2000)","[4.5,4.75)",0.6,0.7,0.65,10,0.408407044967,24.4853758603,60,0.0175644028103
58,"[1100,2000)","[4.5,4.75)",0.7,0.8,0.75,12,0.471238898038,25.4647908947,72,0.0210772833724
58,"[1100,2000)","[4.5,4.75)",0.8,0.9,0.85,12,0.53407075111,22.4689331424,84,0.0245901639344
58,"[1100,2000)","[4.5,4.75)",0.9,1,0.95,17,0.596902604182,28.4803582375,101,0.0295667447307
58,"[1100,2000)","[4.5,4.75)",1,1.1,1.05,10,0.659734457254,15.1576136278,111,0.0324941451991
58,"[1100,2000)","[4.5,4.75)",1.1,1.2,1.15,18,0.722566310326,24.9112084839,129,0.0377634660422
58,"[1100,2000)","[4.5,4.75)",1.2,1.3,1.25,16,0.785398163397,20.3718327158,145,0.0424473067916
58,"[1100,2000)","[4.5,4.75)",1.3,1.4,1.35,14,0.848230016469,16.5049570614,159,0.0465456674473
58,"[1100,2000)","[4.5,4.75)",1.4,1.5,1.45,12,0.911061869541,13.1714435662,171,0.0500585480094
58,"[1100,2000)","[4.5,4.75)",1.5,1.6,1.55,20,0.973893722613,20.5361216893,191,0.0559133489461
58,"[1100,2000)","[4.5,4.75)",1.6,1.7,1.65,15,1.03672557568,14.4686311902,206,0.0603044496487
58,"[1100,2000)","[4.5,4.75)",1.7,1.8,1.75,28,1.09955742876,25.4647908947,234,0.0685011709602
58,"[1100,2000)","[4.5,4.75)",1.8,1.9,1.85,30,1.16238928183,25.8089096906,264,0.0772833723653
58,"[1100,2000)","[4.5,4.75)",1.9,2,1.95,25,1.2252211349,20.4044798836,289,0.0846018735363
58,"[1100,2000)","[4.5,4.75)",2,2.1,2.05,25,1.28805298797,19.4091394015,314,0.0919203747073
58,"[1100,2000)","[4.5,4.75)",2.1,2.2,2.15,24,1.35088484104,17.7661331824,338,0.0989461358314
58,"[1100,2000)","[4.5,4.75)",2.2,2.3,2.25,36,1.41371669412,25.4647908947,374,0.109484777518
58,"[1100,2000)","[4.5,4.75)",2.3,2.4,2.35,38,1.47654854719,25.7356929255,412,0.120608899297
58,"[1100,2000)","[4.5,4.75)",2.4,2.5,2.45,34,1.53938040026,22.0868084291,446,0.13056206089
58,"[1100,2000)","[4.5,4.75)",2.5,2.6,2.55,40,1.60221225333,24.9654812693,486,0.142271662763
58,"[1100,2000)","[4.5,4.75)",2.6,2.7,2.65,26,1.6650441064,15.6152019637,512,0.149882903981
58,"[1100,2000)","[4.5,4.75)",2.7,2.8,2.75,46,1.72787595947,26.6222813899,558,0.163348946136
58,"[1100,2000)","[4.5,4.75)",2.8,2.9,2.85,36,1.79070781255,20.1037822853,594,0.173887587822
58,"[1100,2000)","[4.5,4.75)",2.9,3,2.95,31,1.85353966562,16.7247567317,625,0.182962529274
58,"[1100,2000)","[4.5,4.75)",3,3.1,3.05,36,1.91637151869,18.7855014797,661,0.19350117096
58,"[1100,2000)","[4.5,4.75)",3.1,3.2,3.15,46,1.97920337176,23.2416742293,707,0.206967213115
58,"[1100,2000)","[4.5,4.75)",3.2,3.3,3.25,55,2.04203522483,26.9339134463,762,0.223067915691
58,"[1100,2000)","[4.5,4.75)",3.3,3.4,3.35,53,2.10486707791,25.1797372653,815,0.238583138173
58,"[1100,2000)","[4.5,4.75)",3.4,3.5,3.45,43,2.16769893098,19.836703052,858,0.251170960187
58,"[1100,2000)","[4.5,4.75)",3.5,3.6,3.55,62,2.23053078405,27.7960745682,920,0.269320843091
58,"[1100,2000)","[4.5,4.75)",3.6,3.7,3.65,51,2.29336263712,22.2380879389,971,0.28425058548
58,"[1100,2000)","[4.5,4.75)",3.7,3.8,3.75,53,2.35619449019,22.4938986237,1024,0.299765807963
58,"[1100,2000)","[4.5,4.75)",3.8,3.9,3.85,59,2.41902634326,24.389978292,1083,0.317037470726
58,"[1100,2000)","[4.5,4.75)",3.9,4,3.95,52,2.48185819634,20.9520431412,1135,0.332259953162
58,"[1100,2000)","[4.5,4.75)",4,4.1,4.05,59,2.54469004941,23.1855349196,1194,0.349531615925
58,"[1100,2000)","[4.5,4.75)",4.1,4.2,4.15,74,2.60752190248,28.3794356357,1268,0.371194379391
58,"[1100,2000)","[4.5,4.75)",4.2,4.3,4.25,56,2.67035375555,20.9710042662,1324,0.387587822014
58,"[1100,2000)","[4.5,4.75)",4.3,4.4,4.35,64,2.73318560862,23.4158996733,1388,0.406323185012
58,"[1100,2000)","[4.5,4.75)",4.4,4.5,4.45,56,2.79601746169,20.0284872206,1444,0.422716627635
58,"[1100,2000)","[4.5,4.75)",4.5,4.6,4.55,60,2.85884931477,20.9874650231,1504,0.440281030445
58,"[1100,2000)","[4.5,4.75)",4.6,4.7,4.65,49,2.92168116784,16.7711660462,1553,0.45462529274
58,"[1100,2000)","[4.5,4.75)",4.7,4.8,4.75,64,2.98451302091,21.4440344376,1617,0.473360655738
58,"[1100,2000)","[4.5,4.75)",4.8,4.9,4.85,61,3.04734487398,20.0174258322,1678,0.491217798595
58,"[1100,2000)","[4.5,4.75)",4.9,5,4.95,64,3.11017672705,20.5776088038,1742,0.509953161593
58,"[1100,2000)","[4.5,4.75)",5,5.1,5.05,67,3.17300858013,21.1156063112,1809,0.529566744731
58,"[1100,2000)","[4.5,4.75)",5.1,5.2,5.15,75,3.2358404332,23.1779043338,1884,0.551522248244
58,"[1100,2000)","[4.5,4.75)",5.2,5.3,5.25,87,3.29867228627,26.3742477124,1971,0.576990632319
58,"[1100,2000)","[4.5,4.75)",5.3,5.4,5.35,63,3.36150413934,18.7416101211,2034,0.595433255269
58,"[1100,2000)","[4.5,4.75)",5.4,5.5,5.45,75,3.42433599241,21.9020563888,2109,0.617388758782
58,"[1100,2000)","[4.5,4.75)",5.5,5.6,5.55,77,3.48716784548,22.0809560686,2186,0.639929742389
58,"[1100,2000)","[4.5,4.75)",5.6,5.7,5.65,65,3.54999969856,18.3098607097,2251,0.658957845433
58,"[1100,2000)","[4.5,4.75)",5.7,5.8,5.75,74,3.61283155163,20.4825491979,2325,0.680620608899
58,"[1100,2000)","[4.5,4.75)",5.8,5.9,5.85,84,3.6756634047,22.8530174696,2409,0.705210772834
58,"[1100,2000)","[4.5,4.75)",5.9,6,5.95,82,3.73849525777,21.9339585438,2491,0.729215456674
58,"[1100,2000)","[4.5,4.75)",6,6.1,6.05,84,3.80132711084,22.0975458177,2575,0.753805620609
58,"[1100,2000)","[4.5,4.75)",6.1,6.2,6.15,69,3.86415896392,17.8564082493,2644,0.774004683841
58,"[1100,2000)","[4.5,4.75)",6.2,6.3,6.25,85,3.92699081699,21.6450722605,2729,0.798887587822
58,"[1100,2000)","[4.5,4.75)",6.3,6.4,6.35,76,3.98982267006,19.0484656299,2805,0.821135831382
58,"[1100,2000)","[4.5,4.75)",6.4,6.5,6.45,91,4.05265452313,22.4544183277,2896,0.847775175644
58,"[1100,2000)","[4.5,4.75)",6.5,6.6,6.55,87,4.1154863762,21.1396641969,2983,0.873243559719
58,"[1100,2000)","[4.5,4.75)",6.6,6.7,6.65,85,4.17831822927,20.3431130268,3068,0.8981264637
58,"[1100,2000)","[4.5,4.75)",6.7,6.8,6.75,66,4.24115008235,15.5618166579,3134,0.917447306792
58,"[1100,2000)","[4.5,4.75)",6.8,6.9,6.85,68,4.30398193542,15.7993228179,3202,0.937353629977
58,"[1100,2000)","[4.5,4.75)",6.9,7,6.95,59,4.36681378849,13.510995169,3261,0.95462529274
58,"[1100,2000)","[4.5,4.75)",7,7.1,7.05,49,4.42964564156,11.0618329241,3310,0.968969555035
58,"[1100,2000)","[4.5,4.75)",7.1,7.2,7.15,32,4.49247749463,7.12301843208,3342,0.978337236534
58,"[1100,2000)","[4.5,4.75)",7.2,7.3,7.25,11,4.55530934771,2.41476465381,3353,0.981557377049
58,"[1100,2000)","[4.5,4.75)",7.3,7.4,7.35,7,4.61814120078,1.51576136278,3360,0.983606557377
58,"[1100,2000)","[4.5,4.75)",7.4,7.5,7.45,4,4.68097305385,0.854523184386,3364,0.984777517564
58,"[1100,2000)","[4.5,4.75)",7.5,7.6,7.55,5,4.74380490692,1.05400624564,3369,0.986241217799
58,"[1100,2000)","[4.5,4.75)",7.6,7.7,7.65,1,4.80663675999,0.208045677244,3370,0.986533957845
58,"[1100,2000)","[4.5,4.75)",7.7,7.8,7.75,2,4.86946861306,0.410722433786,3372,0.987119437939
58,"[1100,2000)","[4.5,4.75)",7.8,7.9,7.85,1,4.93230046614,0.202745150436,3373,0.987412177986
58,"[1100,2000)","[4.5,4.75)",7.9,8,7.95,2,4.99513231921,0.400389793942,3375,0.98799765808
58,"[1100,2000)","[4.5,4.75)",8,8.1,8.05,1,5.05796417228,0.197708003841,3376,0.988290398126
58,"[1100,2000)","[4.5,4.75)",8.1,8.2,8.15,1,5.12079602535,0.195282138763,3377,0.988583138173
58,"[1100,2000)","[4.5,4.75)",8.2,8.3,8.25,2,5.18362787842,0.385830165071,3379,0.989168618267
58,"[1100,2000)","[4.5,4.75)",8.3,8.4,8.35,0,5.24645973149,0,3379,0.989168618267
58,"[1100,2000)","[4.5,4.75)",8.4,8.5,8.45,1,5.30929158457,0.188349045079,3380,0.989461358314
58,"[1100,2000)","[4.5,4.75)",8.5,8.6,8.55,1,5.37212343764,0.186146132271,3381,0.989754098361
58,"[1100,2000)","[4.5,4.75)",8.6,8.7,8.65,0,5.43495529071,0,3381,0.989754098361
58,"[1100,2000)","[4.5,4.75)",8.7,8.8,8.75,1,5.49778714378,0.181891363534,3382,0.990046838407
58,"[1100,2000)","[4.5,4.75)",8.8,8.9,8.85,1,5.56061899685,0.179836093889,3383,0.990339578454
58,"[1100,2000)","[4.5,4.75)",8.9,9,8.95,2,5.62345084993,0.355653504116,3385,0.990925058548
58,"[1100,2000)","[4.5,4.75)",9,9.1,9.05,1,5.686282703,0.175861815571,3386,0.991217798595
58,"[1100,2000)","[4.5,4.75)",9.1,9.2,9.15,1,5.74911455607,0.173939828516,3387,0.991510538642
58,"[1100,2000)","[4.5,4.75)",9.2,9.3,9.25,0,5.81194640914,0,3387,0.991510538642
58,"[1100,2000)","[4.5,4.75)",9.3,9.4,9.35,1,5.87477826221,0.170219190473,3388,0.991803278689
58,"[1100,2000)","[4.5,4.75)",9.4,9.5,9.45,1,5.93761011528,0.168417929198,3389,0.992096018735
58,"[1100,2000)","[4.5,4.75)",9.5,9.6,9.55,2,6.00044196836,0.333308781344,3391,0.992681498829
58,"[1100,2000)","[4.5,4.75)",9.6,9.7,9.65,0,6.06327382143,0,3391,0.992681498829
58,"[1100,2000)","[4.5,4.75)",9.7,9.8,9.75,0,6.1261056745,0,3391,0.992681498829
58,"[1100,2000)","[4.5,4.75)",9.8,9.9,9.85,0,6.18893752757,0,3391,0.992681498829
58,"[1100,2000)","[4.5,4.75)",9.9,10,9.95,0,6.25176938064,0,3391,0.992681498829
58,"[1100,2000)","[4.5,4.75)",10,10.1,10.05,0,6.31460123372,0,3391,0.992681498829
58,"[1100,2000)","[4.5,4.75)",10.1,10.2,10.15,0,6.37743308679,0,3391,0.992681498829
58,"[1100,2000)","[4.5,4.75)",10.2,10.3,10.25,1,6.44026493986,0.155273115212,3392,0.992974238876
58,"[1100,2000)","[4.5,4.75)",10.3,10.4,10.35,3,6.50309679293,0.461318675629,3395,0.993852459016
58,"[1100,2000)","[4.5,4.75)",10.4,10.5,10.45,1,6.565928646,0.152301380949,3396,0.994145199063
58,"[1100,2000)","[4.5,4.75)",10.5,10.6,10.55,0,6.62876049907,0,3396,0.994145199063
58,"[1100,2000)","[4.5,4.75)",10.6,10.7,10.65,1,6.69159235215,0.149441261119,3397,0.99443793911
58,"[1100,2000)","[4.5,4.75)",10.7,10.8,10.75,0,6.75442420522,0,3397,0.99443793911
58,"[1100,2000)","[4.5,4.75)",10.8,10.9,10.85,2,6.81725605829,0.29337316699,3399,0.995023419204
58,"[1100,2000)","[4.5,4.75)",10.9,11,10.95,1,6.88008791136,0.145346979993,3400,0.995316159251
58,"[1100,2000)","[4.5,4.75)",11,11.1,11.05,1,6.94291976443,0.144031622708,3401,0.995608899297
58,"[1100,2000)","[4.5,4.75)",11.1,11.2,11.15,3,7.00575161751,0.428219577826,3404,0.996487119438
58,"[1100,2000)","[4.5,4.75)",11.2,11.3,11.25,2,7.06858347058,0.282942121052,3406,0.997072599532
58,"[1100,2000)","[4.5,4.75)",11.3,11.4,11.35,0,7.13141532365,0,3406,0.997072599532
58,"[1100,2000)","[4.5,4.75)",11.4,11.5,11.45,0,7.19424717672,0,3406,0.997072599532
58,"[1100,2000)","[4.5,4.75)",11.5,11.6,11.55,4,7.25707902979,0.551185950102,3410,0.998243559719
58,"[1100,2000)","[4.5,4.75)",11.6,11.7,11.65,0,7.31991088286,0,3410,0.998243559719
58,"[1100,2000)","[4.5,4.75)",11.7,11.8,11.75,2,7.38274273594,0.270902030795,3412,0.998829039813
58,"[1100,2000)","[4.5,4.75)",11.8,11.9,11.85,3,7.44557458901,0.402923906562,3415,0.999707259953
58,"[1100,2000)","[4.5,4.75)",11.9,12,11.95,1,7.50840644208,0.133184052797,3416,1
59,"[1100,2000)","[4.75,5.0)",0,0.1,0.05,1,0.0314159265359,31.8309886184,1,0.00078125
59,"[1100,2000)","[4.75,5.0)",0.1,0.2,0.15,2,0.0942477796077,21.2206590789,3,0.00234375
59,"[1100,2000)","[4.75,5.0)",0.2,0.3,0.25,3,0.157079632679,19.098593171,6,0.0046875
59,"[1100,2000)","[4.75,5.0)",0.3,0.4,0.35,2,0.219911485751,9.09456817668,8,0.00625
59,"[1100,2000)","[4.75,5.0)",0.4,0.5,0.45,4,0.282743338823,14.1471060526,12,0.009375
59,"[1100,2000)","[4.75,5.0)",0.5,0.6,0.55,5,0.345575191895,14.4686311902,17,0.01328125
59,"[1100,2000)","[4.75,5.0)",0.6,0.7,0.65,7,0.408407044967,17.1397631022,24,0.01875
59,"[1100,2000)","[4.75,5.0)",0.7,0.8,0.75,1,0.471238898038,2.12206590789,25,0.01953125
59,"[1100,2000)","[4.75,5.0)",0.8,0.9,0.85,5,0.53407075111,9.36205547599,30,0.0234375
59,"[1100,2000)","[4.75,5.0)",0.9,1,0.95,3,0.596902604182,5.02594557132,33,0.02578125
59,"[1100,2000)","[4.75,5.0)",1,1.1,1.05,6,0.659734457254,9.09456817668,39,0.03046875
59,"[1100,2000)","[4.75,5.0)",1.1,1.2,1.15,5,0.722566310326,6.91978013443,44,0.034375
59,"[1100,2000)","[4.75,5.0)",1.2,1.3,1.25,8,0.785398163397,10.1859163579,52,0.040625
59,"[1100,2000)","[4.75,5.0)",1.3,1.4,1.35,3,0.848230016469,3.53677651315,55,0.04296875
59,"[1100,2000)","[4.75,5.0)",1.4,1.5,1.45,8,0.911061869541,8.78096237748,63,0.04921875
59,"[1100,2000)","[4.75,5.0)",1.5,1.6,1.55,10,0.973893722613,10.2680608446,73,0.05703125
59,"[1100,2000)","[4.75,5.0)",1.6,1.7,1.65,8,1.03672557568,7.71660330143,81,0.06328125
59,"[1100,2000)","[4.75,5.0)",1.7,1.8,1.75,11,1.09955742876,10.0040249943,92,0.071875
59,"[1100,2000)","[4.75,5.0)",1.8,1.9,1.85,4,1.16238928183,3.44118795874,96,0.075
59,"[1100,2000)","[4.75,5.0)",1.9,2,1.95,9,1.2252211349,7.34561275809,105,0.08203125
59,"[1100,2000)","[4.75,5.0)",2,2.1,2.05,12,1.28805298797,9.3163869127,117,0.09140625
59,"[1100,2000)","[4.75,5.0)",2.1,2.2,2.15,11,1.35088484104,8.14281104191,128,0.1
59,"[1100,2000)","[4.75,5.0)",2.2,2.3,2.25,10,1.41371669412,7.07355302631,138,0.1078125
59,"[1100,2000)","[4.75,5.0)",2.3,2.4,2.35,14,1.47654854719,9.48157107782,152,0.11875
59,"[1100,2000)","[4.75,5.0)",2.4,2.5,2.45,13,1.53938040026,8.44495616406,165,0.12890625
59,"[1100,2000)","[4.75,5.0)",2.5,2.6,2.55,10,1.60221225333,6.24137031733,175,0.13671875
59,"[1100,2000)","[4.75,5.0)",2.6,2.7,2.65,12,1.6650441064,7.20701629095,187,0.14609375
59,"[1100,2000)","[4.75,5.0)",2.7,2.8,2.75,14,1.72787595947,8.1024334665,201,0.15703125
59,"[1100,2000)","[4.75,5.0)",2.8,2.9,2.85,9,1.79070781255,5.02594557132,210,0.1640625
59,"[1100,2000)","[4.75,5.0)",2.9,3,2.95,23,1.85353966562,12.4086904784,233,0.18203125
59,"[1100,2000)","[4.75,5.0)",3,3.1,3.05,20,1.91637151869,10.4363897109,253,0.19765625
59,"[1100,2000)","[4.75,5.0)",3.1,3.2,3.15,11,1.97920337176,5.55779166353,264,0.20625
59,"[1100,2000)","[4.75,5.0)",3.2,3.3,3.25,19,2.04203522483,9.30444282691,283,0.22109375
59,"[1100,2000)","[4.75,5.0)",3.3,3.4,3.35,17,2.10486707791,8.07651950019,300,0.234375
59,"[1100,2000)","[4.75,5.0)",3.4,3.5,3.45,13,2.16769893098,5.99714278317,313,0.24453125
59,"[1100,2000)","[4.75,5.0)",3.5,3.6,3.55,16,2.23053078405,7.17318053372,329,0.25703125
59,"[1100,2000)","[4.75,5.0)",3.6,3.7,3.65,21,2.29336263712,9.15685973953,350,0.2734375
59,"[1100,2000)","[4.75,5.0)",3.7,3.8,3.75,20,2.35619449019,8.48826363157,370,0.2890625
59,"[1100,2000)","[4.75,5.0)",3.8,3.9,3.85,19,2.41902634326,7.85439978895,389,0.30390625
59,"[1100,2000)","[4.75,5.0)",3.9,4,3.95,22,2.48185819634,8.86432594436,411,0.32109375
59,"[1100,2000)","[4.75,5.0)",4,4.1,4.05,27,2.54469004941,10.6103295395,438,0.3421875
59,"[1100,2000)","[4.75,5.0)",4.1,4.2,4.15,28,2.60752190248,10.7381648351,466,0.3640625
59,"[1100,2000)","[4.75,5.0)",4.2,4.3,4.25,21,2.67035375555,7.86412659983,487,0.38046875
59,"[1100,2000)","[4.75,5.0)",4.3,4.4,4.35,22,2.73318560862,8.04921551269,509,0.39765625
59,"[1100,2000)","[4.75,5.0)",4.4,4.5,4.45,24,2.79601746169,8.58363738024,533,0.41640625
59,"[1100,2000)","[4.75,5.0)",4.5,4.6,4.55,27,2.85884931477,9.4443592604,560,0.4375
59,"[1100,2000)","[4.75,5.0)",4.6,4.7,4.65,18,2.92168116784,6.16083650678,578,0.4515625
59,"[1100,2000)","[4.75,5.0)",4.7,4.8,4.75,18,2.98451302091,6.03113468559,596,0.465625
59,"[1100,2000)","[4.75,5.0)",4.8,4.9,4.85,29,3.04734487398,9.51648113333,625,0.48828125
59,"[1100,2000)","[4.75,5.0)",4.9,5,4.95,31,3.11017672705,9.96727926434,656,0.5125
59,"[1100,2000)","[4.75,5.0)",5,5.1,5.05,20,3.17300858013,6.30316606305,676,0.528125
59,"[1100,2000)","[4.75,5.0)",5.1,5.2,5.15,26,3.2358404332,8.03500683571,702,0.5484375
59,"[1100,2000)","[4.75,5.0)",5.2,5.3,5.25,21,3.29867228627,6.36619772368,723,0.56484375
59,"[1100,2000)","[4.75,5.0)",5.3,5.4,5.35,32,3.36150413934,9.51954799802,755,0.58984375
59,"[1100,2000)","[4.75,5.0)",5.4,5.5,5.45,25,3.42433599241,7.30068546293,780,0.609375
59,"[1100,2000)","[4.75,5.0)",5.5,5.6,5.55,29,3.48716784548,8.31620423363,809,0.63203125
59,"[1100,2000)","[4.75,5.0)",5.6,5.7,5.65,44,3.54999969856,12.3943672496,853,0.66640625
59,"[1100,2000)","[4.75,5.0)",5.7,5.8,5.75,24,3.61283155163,6.64298892905,877,0.68515625
59,"[1100,2000)","[4.75,5.0)",5.8,5.9,5.85,32,3.6756634047,8.70591141699,909,0.71015625
59,"[1100,2000)","[4.75,5.0)",5.9,6,5.95,33,3.73849525777,8.82708087737,942,0.7359375
59,"[1100,2000)","[4.75,5.0)",6,6.1,6.05,20,3.80132711084,5.26132043279,962,0.7515625
59,"[1100,2000)","[4.75,5.0)",6.1,6.2,6.15,29,3.86415896392,7.50486723523,991,0.77421875
59,"[1100,2000)","[4.75,5.0)",6.2,6.3,6.25,40,3.92699081699,10.1859163579,1031,0.80546875
59,"[1100,2000)","[4.75,5.0)",6.3,6.4,6.35,27,3.98982267006,6.76721805273,1058,0.8265625
59,"[1100,2000)","[4.75,5.0)",6.4,6.5,6.45,27,4.05265452313,6.66229994338,1085,0.84765625
59,"[1100,2000)","[4.75,5.0)",6.5,6.6,6.55,37,4.1154863762,8.99043189985,1122,0.8765625
59,"[1100,2000)","[4.75,5.0)",6.6,6.7,6.65,28,4.17831822927,6.70126076176,1150,0.8984375
59,"[1100,2000)","[4.75,5.0)",6.7,6.8,6.75,28,4.24115008235,6.60198282455,1178,0.9203125
59,"[1100,2000)","[4.75,5.0)",6.8,6.9,6.85,28,4.30398193542,6.50560351325,1206,0.9421875
59,"[1100,2000)","[4.75,5.0)",6.9,7,6.95,24,4.36681378849,5.49599803483,1230,0.9609375
59,"[1100,2000)","[4.75,5.0)",7,7.1,7.05,11,4.42964564156,2.48326861562,1241,0.96953125
59,"[1100,2000)","[4.75,5.0)",7.1,7.2,7.15,11,4.49247749463,2.44853758603,1252,0.978125
59,"[1100,2000)","[4.75,5.0)",7.2,7.3,7.25,5,4.55530934771,1.09762029719,1257,0.98203125
59,"[1100,2000)","[4.75,5.0)",7.3,7.4,7.35,9,4.61814120078,1.94883603786,1266,0.9890625
59,"[1100,2000)","[4.75,5.0)",7.4,7.5,7.45,2,4.68097305385,0.427261592193,1268,0.990625
59,"[1100,2000)","[4.75,5.0)",7.5,7.6,7.55,0,4.74380490692,0,1268,0.990625
59,"[1100,2000)","[4.75,5.0)",7.6,7.7,7.65,2,4.80663675999,0.416091354489,1270,0.9921875
59,"[1100,2000)","[4.75,5.0)",7.7,7.8,7.75,1,4.86946861306,0.205361216893,1271,0.99296875
59,"[1100,2000)","[4.75,5.0)",7.8,7.9,7.85,1,4.93230046614,0.202745150436,1272,0.99375
59,"[1100,2000)","[4.75,5.0)",7.9,8,7.95,0,4.99513231921,0,1272,0.99375
59,"[1100,2000)","[4.75,5.0)",8,8.1,8.05,0,5.05796417228,0,1272,0.99375
59,"[1100,2000)","[4.75,5.0)",8.1,8.2,8.15,0,5.12079602535,0,1272,0.99375
59,"[1100,2000)","[4.75,5.0)",8.2,8.3,8.25,0,5.18362787842,0,1272,0.99375
59,"[1100,2000)","[4.75,5.0)",8.3,8.4,8.35,0,5.24645973149,0,1272,0.99375
59,"[1100,2000)","[4.75,5.0)",8.4,8.5,8.45,0,5.30929158457,0,1272,0.99375
59,"[1100,2000)","[4.75,5.0)",8.5,8.6,8.55,0,5.37212343764,0,1272,0.99375
59,"[1100,2000)","[4.75,5.0)",8.6,8.7,8.65,0,5.43495529071,0,1272,0.99375
59,"[1100,2000)","[4.75,5.0)",8.7,8.8,8.75,0,5.49778714378,0,1272,0.99375
59,"[1100,2000)","[4.75,5.0)",8.8,8.9,8.85,0,5.56061899685,0,1272,0.99375
59,"[1100,2000)","[4.75,5.0)",8.9,9,8.95,0,5.62345084993,0,1272,0.99375
59,"[1100,2000)","[4.75,5.0)",9,9.1,9.05,1,5.686282703,0.175861815571,1273,0.99453125
59,"[1100,2000)","[4.75,5.0)",9.1,9.2,9.15,2,5.74911455607,0.347879657031,1275,0.99609375
59,"[1100,2000)","[4.75,5.0)",9.2,9.3,9.25,0,5.81194640914,0,1275,0.99609375
59,"[1100,2000)","[4.75,5.0)",9.3,9.4,9.35,1,5.87477826221,0.170219190473,1276,0.996875
59,"[1100,2000)","[4.75,5.0)",9.4,9.5,9.45,0,5.93761011528,0,1276,0.996875
59,"[1100,2000)","[4.75,5.0)",9.5,9.6,9.55,0,6.00044196836,0,1276,0.996875
59,"[1100,2000)","[4.75,5.0)",9.6,9.7,9.65,0,6.06327382143,0,1276,0.996875
59,"[1100,2000)","[4.75,5.0)",9.7,9.8,9.75,1,6.1261056745,0.163235839069,1277,0.99765625
59,"[1100,2000)","[4.75,5.0)",9.8,9.9,9.85,0,6.18893752757,0,1277,0.99765625
59,"[1100,2000)","[4.75,5.0)",9.9,10,9.95,0,6.25176938064,0,1277,0.99765625
59,"[1100,2000)","[4.75,5.0)",10,10.1,10.05,1,6.31460123372,0.158363127455,1278,0.9984375
59,"[1100,2000)","[4.75,5.0)",10.1,10.2,10.15,0,6.37743308679,0,1278,0.9984375
59,"[1100,2000)","[4.75,5.0)",10.2,10.3,10.25,0,6.44026493986,0,1278,0.9984375
59,"[1100,2000)","[4.75,5.0)",10.3,10.4,10.35,0,6.50309679293,0,1278,0.9984375
59,"[1100,2000)","[4.75,5.0)",10.4,10.5,10.45,0,6.565928646,0,1278,0.9984375
59,"[1100,2000)","[4.75,5.0)",10.5,10.6,10.55,0,6.62876049907,0,1278,0.9984375
59,"[1100,2000)","[4.75,5.0)",10.6,10.7,10.65,0,6.69159235215,0,1278,0.9984375
59,"[1100,2000)","[4.75,5.0)",10.7,10.8,10.75,0,6.75442420522,0,1278,0.9984375
59,"[1100,2000)","[4.75,5.0)",10.8,10.9,10.85,0,6.81725605829,0,1278,0.9984375
59,"[1100,2000)","[4.75,5.0)",10.9,11,10.95,0,6.88008791136,0,1278,0.9984375
59,"[1100,2000)","[4.75,5.0)",11,11.1,11.05,0,6.94291976443,0,1278,0.9984375
59,"[1100,2000)","[4.75,5.0)",11.1,11.2,11.15,1,7.00575161751,0.142739859275,1279,0.99921875
59,"[1100,2000)","[4.75,5.0)",11.2,11.3,11.25,0,7.06858347058,0,1279,0.99921875
59,"[1100,2000)","[4.75,5.0)",11.3,11.4,11.35,0,7.13141532365,0,1279,0.99921875
59,"[1100,2000)","[4.75,5.0)",11.4,11.5,11.45,0,7.19424717672,0,1279,0.99921875
59,"[1100,2000)","[4.75,5.0)",11.5,11.6,11.55,0,7.25707902979,0,1279,0.99921875
59,"[1100,2000)","[4.75,5.0)",11.6,11.7,11.65,0,7.31991088286,0,1279,0.99921875
59,"[1100,2000)","[4.75,5.0)",11.7,11.8,11.75,0,7.38274273594,0,1279,0.99921875
59,"[1100,2000)","[4.75,5.0)",11.8,11.9,11.85,1,7.44557458901,0.134307968854,1280,1
59,"[1100,2000)","[4.75,5.0)",11.9,12,11.95,0,7.50840644208,0,1280,1
60,"[1100,2000)",>=5,0,0.1,0.05,0,0.0314159265359,0,0,0
60,"[1100,2000)",>=5,0.1,0.2,0.15,1,0.0942477796077,10.6103295395,1,0.0020964360587
60,"[1100,2000)",>=5,0.2,0.3,0.25,5,0.157079632679,31.8309886184,6,0.0125786163522
60,"[1100,2000)",>=5,0.3,0.4,0.35,1,0.219911485751,4.54728408834,7,0.0146750524109
60,"[1100,2000)",>=5,0.4,0.5,0.45,0,0.282743338823,0,7,0.0146750524109
60,"[1100,2000)",>=5,0.5,0.6,0.55,2,0.345575191895,5.78745247607,9,0.0188679245283
60,"[1100,2000)",>=5,0.6,0.7,0.65,1,0.408407044967,2.44853758603,10,0.020964360587
60,"[1100,2000)",>=5,0.7,0.8,0.75,2,0.471238898038,4.24413181578,12,0.0251572327044
60,"[1100,2000)",>=5,0.8,0.9,0.85,3,0.53407075111,5.6172332856,15,0.0314465408805
60,"[1100,2000)",>=5,0.9,1,0.95,2,0.596902604182,3.35063038088,17,0.0356394129979
60,"[1100,2000)",>=5,1,1.1,1.05,3,0.659734457254,4.54728408834,20,0.041928721174
60,"[1100,2000)",>=5,1.1,1.2,1.15,2,0.722566310326,2.76791205377,22,0.0461215932914
60,"[1100,2000)",>=5,1.2,1.3,1.25,0,0.785398163397,0,22,0.0461215932914
60,"[1100,2000)",>=5,1.3,1.4,1.35,2,0.848230016469,2.35785100877,24,0.0503144654088
60,"[1100,2000)",>=5,1.4,1.5,1.45,2,0.911061869541,2.19524059437,26,0.0545073375262
60,"[1100,2000)",>=5,1.5,1.6,1.55,5,0.973893722613,5.13403042232,31,0.0649895178197
60,"[1100,2000)",>=5,1.6,1.7,1.65,2,1.03672557568,1.92915082536,33,0.0691823899371
60,"[1100,2000)",>=5,1.7,1.8,1.75,2,1.09955742876,1.81891363534,35,0.0733752620545
60,"[1100,2000)",>=5,1.8,1.9,1.85,2,1.16238928183,1.72059397937,37,0.0775681341719
60,"[1100,2000)",>=5,1.9,2,1.95,6,1.2252211349,4.89707517206,43,0.0901467505241
60,"[1100,2000)",>=5,2,2.1,2.05,6,1.28805298797,4.65819345635,49,0.102725366876
60,"[1100,2000)",>=5,2.1,2.2,2.15,3,1.35088484104,2.22076664779,52,0.109014675052
60,"[1100,2000)",>=5,2.2,2.3,2.25,1,1.41371669412,0.707355302631,53,0.111111111111
60,"[1100,2000)",>=5,2.3,2.4,2.35,2,1.47654854719,1.35451015397,55,0.115303983229
60,"[1100,2000)",>=5,2.4,2.5,2.45,4,1.53938040026,2.59844805048,59,0.123689727463
60,"[1100,2000)",>=5,2.5,2.6,2.55,3,1.60221225333,1.8724110952,62,0.129979035639
60,"[1100,2000)",>=5,2.6,2.7,2.65,3,1.6650441064,1.80175407274,65,0.136268343816
60,"[1100,2000)",>=5,2.7,2.8,2.75,6,1.72787595947,3.47247148564,71,0.148846960168
60,"[1100,2000)",>=5,2.8,2.9,2.85,5,1.79070781255,2.79219198407,76,0.159329140461
60,"[1100,2000)",>=5,2.9,3,2.95,3,1.85353966562,1.618524845,79,0.165618448637
60,"[1100,2000)",>=5,3,3.1,3.05,7,1.91637151869,3.65273639883,86,0.180293501048
60,"[1100,2000)",>=5,3.1,3.2,3.15,6,1.97920337176,3.03152272556,92,0.1928721174
60,"[1100,2000)",>=5,3.2,3.3,3.25,7,2.04203522483,3.42795262044,99,0.207547169811
60,"[1100,2000)",>=5,3.3,3.4,3.35,9,2.10486707791,4.27580444127,108,0.22641509434
60,"[1100,2000)",>=5,3.4,3.5,3.45,7,2.16769893098,3.2292307294,115,0.241090146751
60,"[1100,2000)",>=5,3.5,3.6,3.55,4,2.23053078405,1.79329513343,119,0.249475890985
60,"[1100,2000)",>=5,3.6,3.7,3.65,6,2.29336263712,2.61624563987,125,0.262054507338
60,"[1100,2000)",>=5,3.7,3.8,3.75,11,2.35619449019,4.66854499736,136,0.285115303983
60,"[1100,2000)",>=5,3.8,3.9,3.85,9,2.41902634326,3.72050516319,145,0.303983228512
60,"[1100,2000)",>=5,3.9,4,3.95,9,2.48185819634,3.62631515906,154,0.32285115304
60,"[1100,2000)",>=5,4,4.1,4.05,8,2.54469004941,3.14380134503,162,0.339622641509
60,"[1100,2000)",>=5,4.1,4.2,4.15,8,2.60752190248,3.06804709575,170,0.356394129979
60,"[1100,2000)",>=5,4.2,4.3,4.25,14,2.67035375555,5.24275106656,184,0.385744234801
60,"[1100,2000)",>=5,4.3,4.4,4.35,10,2.73318560862,3.65873432395,194,0.406708595388
60,"[1100,2000)",>=5,4.4,4.5,4.45,9,2.79601746169,3.21886401759,203,0.425576519916
60,"[1100,2000)",>=5,4.5,4.6,4.55,9,2.85884931477,3.14811975347,212,0.444444444444
60,"[1100,2000)",>=5,4.6,4.7,4.65,7,2.92168116784,2.39588086375,219,0.459119496855
60,"[1100,2000)",>=5,4.7,4.8,4.75,9,2.98451302091,3.01556734279,228,0.477987421384
60,"[1100,2000)",>=5,4.8,4.9,4.85,13,3.04734487398,4.26600878391,241,0.505241090147
60,"[1100,2000)",>=5,4.9,5,4.95,8,3.11017672705,2.57220110048,249,0.522012578616
60,"[1100,2000)",>=5,5,5.1,5.05,3,3.17300858013,0.945474909457,252,0.528301886792
60,"[1100,2000)",>=5,5.1,5.2,5.15,7,3.2358404332,2.16327107115,259,0.542976939203
60,"[1100,2000)",>=5,5.2,5.3,5.25,7,3.29867228627,2.12206590789,266,0.557651991614
60,"[1100,2000)",>=5,5.3,5.4,5.35,12,3.36150413934,3.56983049926,278,0.582809224319
60,"[1100,2000)",>=5,5.4,5.5,5.45,8,3.42433599241,2.33621934814,286,0.599580712788
60,"[1100,2000)",>=5,5.5,5.6,5.55,12,3.48716784548,3.44118795874,298,0.624737945493
60,"[1100,2000)",>=5,5.6,5.7,5.65,14,3.54999969856,3.9436623067,312,0.654088050314
60,"[1100,2000)",>=5,5.7,5.8,5.75,3,3.61283155163,0.830373616132,315,0.660377358491
60,"[1100,2000)",>=5,5.8,5.9,5.85,8,3.6756634047,2.17647785425,323,0.67714884696
60,"[1100,2000)",>=5,5.9,6,5.95,7,3.73849525777,1.8724110952,330,0.691823899371
60,"[1100,2000)",>=5,6,6.1,6.05,12,3.80132711084,3.15679225967,342,0.716981132075
60,"[1100,2000)",>=5,6.1,6.2,6.15,12,3.86415896392,3.10546230423,354,0.74213836478
60,"[1100,2000)",>=5,6.2,6.3,6.25,13,3.92699081699,3.31042281631,367,0.769392033543
60,"[1100,2000)",>=5,6.3,6.4,6.35,12,3.98982267006,3.00765246788,379,0.794549266247
60,"[1100,2000)",>=5,6.4,6.5,6.45,19,4.05265452313,4.68828514534,398,0.834381551363
60,"[1100,2000)",>=5,6.5,6.6,6.55,13,4.1154863762,3.15880039724,411,0.861635220126
60,"[1100,2000)",>=5,6.6,6.7,6.65,11,4.17831822927,2.63263815641,422,0.884696016771
60,"[1100,2000)",>=5,6.7,6.8,6.75,14,4.24115008235,3.30099141228,436,0.914046121593
60,"[1100,2000)",>=5,6.8,6.9,6.85,6,4.30398193542,1.3940578957,442,0.926624737945
60,"[1100,2000)",>=5,6.9,7,6.95,10,4.36681378849,2.28999918118,452,0.947589098532
60,"[1100,2000)",>=5,7,7.1,7.05,6,4.42964564156,1.35451015397,458,0.960167714885
60,"[1100,2000)",>=5,7.1,7.2,7.15,4,4.49247749463,0.890377304011,462,0.968553459119
60,"[1100,2000)",>=5,7.2,7.3,7.25,2,4.55530934771,0.439048118874,464,0.972746331237
60,"[1100,2000)",>=5,7.3,7.4,7.35,4,4.61814120078,0.86614935016,468,0.981132075472
60,"[1100,2000)",>=5,7.4,7.5,7.45,2,4.68097305385,0.427261592193,470,0.985324947589
60,"[1100,2000)",>=5,7.5,7.6,7.55,1,4.74380490692,0.210801249128,471,0.987421383648
60,"[1100,2000)",>=5,7.6,7.7,7.65,0,4.80663675999,0,471,0.987421383648
60,"[1100,2000)",>=5,7.7,7.8,7.75,0,4.86946861306,0,471,0.987421383648
60,"[1100,2000)",>=5,7.8,7.9,7.85,0,4.93230046614,0,471,0.987421383648
60,"[1100,2000)",>=5,7.9,8,7.95,0,4.99513231921,0,471,0.987421383648
60,"[1100,2000)",>=5,8,8.1,8.05,0,5.05796417228,0,471,0.987421383648
60,"[1100,2000)",>=5,8.1,8.2,8.15,0,5.12079602535,0,471,0.987421383648
60,"[1100,2000)",>=5,8.2,8.3,8.25,0,5.18362787842,0,471,0.987421383648
60,"[1100,2000)",>=5,8.3,8.4,8.35,0,5.24645973149,0,471,0.987421383648
60,"[1100,2000)",>=5,8.4,8.5,8.45,0,5.30929158457,0,471,0.987421383648
60,"[1100,2000)",>=5,8.5,8.6,8.55,0,5.37212343764,0,471,0.987421383648
60,"[1100,2000)",>=5,8.6,8.7,8.65,0,5.43495529071,0,471,0.987421383648
60,"[1100,2000)",>=5,8.7,8.8,8.75,0,5.49778714378,0,471,0.987421383648
60,"[1100,2000)",>=5,8.8,8.9,8.85,0,5.56061899685,0,471,0.987421383648
60,"[1100,2000)",>=5,8.9,9,8.95,0,5.62345084993,0,471,0.987421383648
60,"[1100,2000)",>=5,9,9.1,9.05,1,5.686282703,0.175861815571,472,0.989517819706
60,"[1100,2000)",>=5,9.1,9.2,9.15,0,5.74911455607,0,472,0.989517819706
60,"[1100,2000)",>=5,9.2,9.3,9.25,0,5.81194640914,0,472,0.989517819706
60,"[1100,2000)",>=5,9.3,9.4,9.35,0,5.87477826221,0,472,0.989517819706
60,"[1100,2000)",>=5,9.4,9.5,9.45,0,5.93761011528,0,472,0.989517819706
60,"[1100,2000)",>=5,9.5,9.6,9.55,0,6.00044196836,0,472,0.989517819706
60,"[1100,2000)",>=5,9.6,9.7,9.65,2,6.06327382143,0.329854804336,474,0.993710691824
60,"[1100,2000)",>=5,9.7,9.8,9.75,0,6.1261056745,0,474,0.993710691824
60,"[1100,2000)",>=5,9.8,9.9,9.85,0,6.18893752757,0,474,0.993710691824
60,"[1100,2000)",>=5,9.9,10,9.95,1,6.25176938064,0.159954716675,475,0.995807127883
60,"[1100,2000)",>=5,10,10.1,10.05,0,6.31460123372,0,475,0.995807127883
60,"[1100,2000)",>=5,10.1,10.2,10.15,0,6.37743308679,0,475,0.995807127883
60,"[1100,2000)",>=5,10.2,10.3,10.25,0,6.44026493986,0,475,0.995807127883
60,"[1100,2000)",>=5,10.3,10.4,10.35,0,6.50309679293,0,475,0.995807127883
60,"[1100,2000)",>=5,10.4,10.5,10.45,0,6.565928646,0,475,0.995807127883
60,"[1100,2000)",>=5,10.5,10.6,10.55,0,6.62876049907,0,475,0.995807127883
60,"[1100,2000)",>=5,10.6,10.7,10.65,0,6.69159235215,0,475,0.995807127883
60,"[1100,2000)",>=5,10.7,10.8,10.75,0,6.75442420522,0,475,0.995807127883
60,"[1100,2000)",>=5,10.8,10.9,10.85,0,6.81725605829,0,475,0.995807127883
60,"[1100,2000)",>=5,10.9,11,10.95,0,6.88008791136,0,475,0.995807127883
60,"[1100,2000)",>=5,11,11.1,11.05,0,6.94291976443,0,475,0.995807127883
60,"[1100,2000)",>=5,11.1,11.2,11.15,1,7.00575161751,0.142739859275,476,0.997903563941
60,"[1100,2000)",>=5,11.2,11.3,11.25,0,7.06858347058,0,476,0.997903563941
60,"[1100,2000)",>=5,11.3,11.4,11.35,0,7.13141532365,0,476,0.997903563941
60,"[1100,2000)",>=5,11.4,11.5,11.45,0,7.19424717672,0,476,0.997903563941
60,"[1100,2000)",>=5,11.5,11.6,11.55,0,7.25707902979,0,476,0.997903563941
60,"[1100,2000)",>=5,11.6,11.7,11.65,0,7.31991088286,0,476,0.997903563941
60,"[1100,2000)",>=5,11.7,11.8,11.75,0,7.38274273594,0,476,0.997903563941
60,"[1100,2000)",>=5,11.8,11.9,11.85,1,7.44557458901,0.134307968854,477,1
60,"[1100,2000)",>=5,11.9,12,11.95,0,7.50840644208,0,477,1
61,"[2000,3000)","[4.0,4.25)",0,0.1,0.05,3,0.0314159265359,95.4929658551,3,0.021897810219
61,"[2000,3000)","[4.0,4.25)",0.1,0.2,0.15,1,0.0942477796077,10.6103295395,4,0.029197080292
61,"[2000,3000)","[4.0,4.25)",0.2,0.3,0.25,0,0.157079632679,0,4,0.029197080292
61,"[2000,3000)","[4.0,4.25)",0.3,0.4,0.35,0,0.219911485751,0,4,0.029197080292
61,"[2000,3000)","[4.0,4.25)",0.4,0.5,0.45,0,0.282743338823,0,4,0.029197080292
61,"[2000,3000)","[4.0,4.25)",0.5,0.6,0.55,0,0.345575191895,0,4,0.029197080292
61,"[2000,3000)","[4.0,4.25)",0.6,0.7,0.65,0,0.408407044967,0,4,0.029197080292
61,"[2000,3000)","[4.0,4.25)",0.7,0.8,0.75,0,0.471238898038,0,4,0.029197080292
61,"[2000,3000)","[4.0,4.25)",0.8,0.9,0.85,0,0.53407075111,0,4,0.029197080292
61,"[2000,3000)","[4.0,4.25)",0.9,1,0.95,1,0.596902604182,1.67531519044,5,0.036496350365
61,"[2000,3000)","[4.0,4.25)",1,1.1,1.05,0,0.659734457254,0,5,0.036496350365
61,"[2000,3000)","[4.0,4.25)",1.1,1.2,1.15,0,0.722566310326,0,5,0.036496350365
61,"[2000,3000)","[4.0,4.25)",1.2,1.3,1.25,0,0.785398163397,0,5,0.036496350365
61,"[2000,3000)","[4.0,4.25)",1.3,1.4,1.35,1,0.848230016469,1.17892550438,6,0.043795620438
61,"[2000,3000)","[4.0,4.25)",1.4,1.5,1.45,2,0.911061869541,2.19524059437,8,0.0583941605839
61,"[2000,3000)","[4.0,4.25)",1.5,1.6,1.55,0,0.973893722613,0,8,0.0583941605839
61,"[2000,3000)","[4.0,4.25)",1.6,1.7,1.65,1,1.03672557568,0.964575412678,9,0.0656934306569
61,"[2000,3000)","[4.0,4.25)",1.7,1.8,1.75,2,1.09955742876,1.81891363534,11,0.0802919708029
61,"[2000,3000)","[4.0,4.25)",1.8,1.9,1.85,0,1.16238928183,0,11,0.0802919708029
61,"[2000,3000)","[4.0,4.25)",1.9,2,1.95,3,1.2252211349,2.44853758603,14,0.102189781022
61,"[2000,3000)","[4.0,4.25)",2,2.1,2.05,1,1.28805298797,0.776365576058,15,0.109489051095
61,"[2000,3000)","[4.0,4.25)",2.1,2.2,2.15,1,1.35088484104,0.740255549265,16,0.116788321168
61,"[2000,3000)","[4.0,4.25)",2.2,2.3,2.25,1,1.41371669412,0.707355302631,17,0.124087591241
61,"[2000,3000)","[4.0,4.25)",2.3,2.4,2.35,1,1.47654854719,0.677255076987,18,0.131386861314
61,"[2000,3000)","[4.0,4.25)",2.4,2.5,2.45,0,1.53938040026,0,18,0.131386861314
61,"[2000,3000)","[4.0,4.25)",2.5,2.6,2.55,2,1.60221225333,1.24827406347,20,0.14598540146
61,"[2000,3000)","[4.0,4.25)",2.6,2.7,2.65,1,1.6650441064,0.600584690913,21,0.153284671533
61,"[2000,3000)","[4.0,4.25)",2.7,2.8,2.75,1,1.72787595947,0.578745247607,22,0.160583941606
61,"[2000,3000)","[4.0,4.25)",2.8,2.9,2.85,3,1.79070781255,1.67531519044,25,0.182481751825
61,"[2000,3000)","[4.0,4.25)",2.9,3,2.95,3,1.85353966562,1.618524845,28,0.204379562044
61,"[2000,3000)","[4.0,4.25)",3,3.1,3.05,1,1.91637151869,0.521819485547,29,0.211678832117
61,"[2000,3000)","[4.0,4.25)",3.1,3.2,3.15,5,1.97920337176,2.52626893797,34,0.248175182482
61,"[2000,3000)","[4.0,4.25)",3.2,3.3,3.25,0,2.04203522483,0,34,0.248175182482
61,"[2000,3000)","[4.0,4.25)",3.3,3.4,3.35,2,2.10486707791,0.950178764728,36,0.262773722628
61,"[2000,3000)","[4.0,4.25)",3.4,3.5,3.45,1,2.16769893098,0.461318675629,37,0.270072992701
61,"[2000,3000)","[4.0,4.25)",3.5,3.6,3.55,4,2.23053078405,1.79329513343,41,0.299270072993
61,"[2000,3000)","[4.0,4.25)",3.6,3.7,3.65,5,2.29336263712,2.18020469989,46,0.335766423358
61,"[2000,3000)","[4.0,4.25)",3.7,3.8,3.75,3,2.35619449019,1.27323954474,49,0.357664233577
61,"[2000,3000)","[4.0,4.25)",3.8,3.9,3.85,2,2.41902634326,0.826778925153,51,0.372262773723
61,"[2000,3000)","[4.0,4.25)",3.9,4,3.95,1,2.48185819634,0.402923906562,52,0.379562043796
61,"[2000,3000)","[4.0,4.25)",4,4.1,4.05,2,2.54469004941,0.785950336256,54,0.394160583942
61,"[2000,3000)","[4.0,4.25)",4.1,4.2,4.15,4,2.60752190248,1.53402354787,58,0.423357664234
61,"[2000,3000)","[4.0,4.25)",4.2,4.3,4.25,1,2.67035375555,0.37448221904,59,0.430656934307
61,"[2000,3000)","[4.0,4.25)",4.3,4.4,4.35,1,2.73318560862,0.365873432395,60,0.43795620438
61,"[2000,3000)","[4.0,4.25)",4.4,4.5,4.45,2,2.79601746169,0.71530311502,62,0.452554744526
61,"[2000,3000)","[4.0,4.25)",4.5,4.6,4.55,4,2.85884931477,1.39916433487,66,0.481751824818
61,"[2000,3000)","[4.0,4.25)",4.6,4.7,4.65,4,2.92168116784,1.36907477929,70,0.510948905109
61,"[2000,3000)","[4.0,4.25)",4.7,4.8,4.75,1,2.98451302091,0.335063038088,71,0.518248175182
61,"[2000,3000)","[4.0,4.25)",4.8,4.9,4.85,3,3.04734487398,0.984463565517,74,0.540145985401
61,"[2000,3000)","[4.0,4.25)",4.9,5,4.95,1,3.11017672705,0.321525137559,75,0.547445255474
61,"[2000,3000)","[4.0,4.25)",5,5.1,5.05,2,3.17300858013,0.630316606305,77,0.56204379562
61,"[2000,3000)","[4.0,4.25)",5.1,5.2,5.15,2,3.2358404332,0.618077448901,79,0.576642335766
61,"[2000,3000)","[4.0,4.25)",5.2,5.3,5.25,4,3.29867228627,1.21260909022,83,0.605839416058
61,"[2000,3000)","[4.0,4.25)",5.3,5.4,5.35,4,3.36150413934,1.18994349975,87,0.63503649635
61,"[2000,3000)","[4.0,4.25)",5.4,5.5,5.45,3,3.42433599241,0.876082255552,90,0.656934306569
61,"[2000,3000)","[4.0,4.25)",5.5,5.6,5.55,5,3.48716784548,1.43382831614,95,0.693430656934
61,"[2000,3000)","[4.0,4.25)",5.6,5.7,5.65,5,3.54999969856,1.40845082382,100,0.729927007299
61,"[2000,3000)","[4.0,4.25)",5.7,5.8,5.75,3,3.61283155163,0.830373616132,103,0.751824817518
61,"[2000,3000)","[4.0,4.25)",5.8,5.9,5.85,3,3.6756634047,0.816179195343,106,0.773722627737
61,"[2000,3000)","[4.0,4.25)",5.9,6,5.95,3,3.73849525777,0.802461897942,109,0.795620437956
61,"[2000,3000)","[4.0,4.25)",6,6.1,6.05,1,3.80132711084,0.263066021639,110,0.802919708029
61,"[2000,3000)","[4.0,4.25)",6.1,6.2,6.15,1,3.86415896392,0.258788525353,111,0.810218978102
61,"[2000,3000)","[4.0,4.25)",6.2,6.3,6.25,2,3.92699081699,0.509295817894,113,0.824817518248
61,"[2000,3000)","[4.0,4.25)",6.3,6.4,6.35,3,3.98982267006,0.75191311697,116,0.846715328467
61,"[2000,3000)","[4.0,4.25)",6.4,6.5,6.45,4,4.05265452313,0.98700739902,120,0.875912408759
61,"[2000,3000)","[4.0,4.25)",6.5,6.6,6.55,3,4.1154863762,0.728953937825,123,0.897810218978
61,"[2000,3000)","[4.0,4.25)",6.6,6.7,6.65,5,4.17831822927,1.19665370746,128,0.934306569343
61,"[2000,3000)","[4.0,4.25)",6.7,6.8,6.75,2,4.24115008235,0.471570201754,130,0.948905109489
61,"[2000,3000)","[4.0,4.25)",6.8,6.9,6.85,0,4.30398193542,0,130,0.948905109489
61,"[2000,3000)","[4.0,4.25)",6.9,7,6.95,2,4.36681378849,0.457999836236,132,0.963503649635
61,"[2000,3000)","[4.0,4.25)",7,7.1,7.05,1,4.42964564156,0.225751692329,133,0.970802919708
61,"[2000,3000)","[4.0,4.25)",7.1,7.2,7.15,2,4.49247749463,0.445188652005,135,0.985401459854
61,"[2000,3000)","[4.0,4.25)",7.2,7.3,7.25,0,4.55530934771,0,135,0.985401459854
61,"[2000,3000)","[4.0,4.25)",7.3,7.4,7.35,1,4.61814120078,0.21653733754,136,0.992700729927
61,"[2000,3000)","[4.0,4.25)",7.4,7.5,7.45,0,4.68097305385,0,136,0.992700729927
61,"[2000,3000)","[4.0,4.25)",7.5,7.6,7.55,0,4.74380490692,0,136,0.992700729927
61,"[2000,3000)","[4.0,4.25)",7.6,7.7,7.65,0,4.80663675999,0,136,0.992700729927
61,"[2000,3000)","[4.0,4.25)",7.7,7.8,7.75,0,4.86946861306,0,136,0.992700729927
61,"[2000,3000)","[4.0,4.25)",7.8,7.9,7.85,0,4.93230046614,0,136,0.992700729927
61,"[2000,3000)","[4.0,4.25)",7.9,8,7.95,0,4.99513231921,0,136,0.992700729927
61,"[2000,3000)","[4.0,4.25)",8,8.1,8.05,0,5.05796417228,0,136,0.992700729927
61,"[2000,3000)","[4.0,4.25)",8.1,8.2,8.15,0,5.12079602535,0,136,0.992700729927
61,"[2000,3000)","[4.0,4.25)",8.2,8.3,8.25,0,5.18362787842,0,136,0.992700729927
61,"[2000,3000)","[4.0,4.25)",8.3,8.4,8.35,0,5.24645973149,0,136,0.992700729927
61,"[2000,3000)","[4.0,4.25)",8.4,8.5,8.45,0,5.30929158457,0,136,0.992700729927
61,"[2000,3000)","[4.0,4.25)",8.5,8.6,8.55,0,5.37212343764,0,136,0.992700729927
61,"[2000,3000)","[4.0,4.25)",8.6,8.7,8.65,0,5.43495529071,0,136,0.992700729927
61,"[2000,3000)","[4.0,4.25)",8.7,8.8,8.75,0,5.49778714378,0,136,0.992700729927
61,"[2000,3000)","[4.0,4.25)",8.8,8.9,8.85,0,5.56061899685,0,136,0.992700729927
61,"[2000,3000)","[4.0,4.25)",8.9,9,8.95,0,5.62345084993,0,136,0.992700729927
61,"[2000,3000)","[4.0,4.25)",9,9.1,9.05,0,5.686282703,0,136,0.992700729927
61,"[2000,3000)","[4.0,4.25)",9.1,9.2,9.15,0,5.74911455607,0,136,0.992700729927
61,"[2000,3000)","[4.0,4.25)",9.2,9.3,9.25,0,5.81194640914,0,136,0.992700729927
61,"[2000,3000)","[4.0,4.25)",9.3,9.4,9.35,0,5.87477826221,0,136,0.992700729927
61,"[2000,3000)","[4.0,4.25)",9.4,9.5,9.45,0,5.93761011528,0,136,0.992700729927
61,"[2000,3000)","[4.0,4.25)",9.5,9.6,9.55,0,6.00044196836,0,136,0.992700729927
61,"[2000,3000)","[4.0,4.25)",9.6,9.7,9.65,0,6.06327382143,0,136,0.992700729927
61,"[2000,3000)","[4.0,4.25)",9.7,9.8,9.75,0,6.1261056745,0,136,0.992700729927
61,"[2000,3000)","[4.0,4.25)",9.8,9.9,9.85,0,6.18893752757,0,136,0.992700729927
61,"[2000,3000)","[4.0,4.25)",9.9,10,9.95,0,6.25176938064,0,136,0.992700729927
61,"[2000,3000)","[4.0,4.25)",10,10.1,10.05,0,6.31460123372,0,136,0.992700729927
61,"[2000,3000)","[4.0,4.25)",10.1,10.2,10.15,0,6.37743308679,0,136,0.992700729927
61,"[2000,3000)","[4.0,4.25)",10.2,10.3,10.25,0,6.44026493986,0,136,0.992700729927
61,"[2000,3000)","[4.0,4.25)",10.3,10.4,10.35,0,6.50309679293,0,136,0.992700729927
61,"[2000,3000)","[4.0,4.25)",10.4,10.5,10.45,0,6.565928646,0,136,0.992700729927
61,"[2000,3000)","[4.0,4.25)",10.5,10.6,10.55,0,6.62876049907,0,136,0.992700729927
61,"[2000,3000)","[4.0,4.25)",10.6,10.7,10.65,0,6.69159235215,0,136,0.992700729927
61,"[2000,3000)","[4.0,4.25)",10.7,10.8,10.75,0,6.75442420522,0,136,0.992700729927
61,"[2000,3000)","[4.0,4.25)",10.8,10.9,10.85,0,6.81725605829,0,136,0.992700729927
61,"[2000,3000)","[4.0,4.25)",10.9,11,10.95,0,6.88008791136,0,136,0.992700729927
61,"[2000,3000)","[4.0,4.25)",11,11.1,11.05,0,6.94291976443,0,136,0.992700729927
61,"[2000,3000)","[4.0,4.25)",11.1,11.2,11.15,1,7.00575161751,0.142739859275,137,1
61,"[2000,3000)","[4.0,4.25)",11.2,11.3,11.25,0,7.06858347058,0,137,1
61,"[2000,3000)","[4.0,4.25)",11.3,11.4,11.35,0,7.13141532365,0,137,1
61,"[2000,3000)","[4.0,4.25)",11.4,11.5,11.45,0,7.19424717672,0,137,1
61,"[2000,3000)","[4.0,4.25)",11.5,11.6,11.55,0,7.25707902979,0,137,1
61,"[2000,3000)","[4.0,4.25)",11.6,11.7,11.65,0,7.31991088286,0,137,1
61,"[2000,3000)","[4.0,4.25)",11.7,11.8,11.75,0,7.38274273594,0,137,1
61,"[2000,3000)","[4.0,4.25)",11.8,11.9,11.85,0,7.44557458901,0,137,1
61,"[2000,3000)","[4.0,4.25)",11.9,12,11.95,0,7.50840644208,0,137,1
62,"[2000,3000)","[4.25,4.5)",0,0.1,0.05,4,0.0314159265359,127.323954474,4,0.00701754385965
62,"[2000,3000)","[4.25,4.5)",0.1,0.2,0.15,5,0.0942477796077,53.0516476973,9,0.0157894736842
62,"[2000,3000)","[4.25,4.5)",0.2,0.3,0.25,0,0.157079632679,0,9,0.0157894736842
62,"[2000,3000)","[4.25,4.5)",0.3,0.4,0.35,0,0.219911485751,0,9,0.0157894736842
62,"[2000,3000)","[4.25,4.5)",0.4,0.5,0.45,3,0.282743338823,10.6103295395,12,0.0210526315789
62,"[2000,3000)","[4.25,4.5)",0.5,0.6,0.55,2,0.345575191895,5.78745247607,14,0.0245614035088
62,"[2000,3000)","[4.25,4.5)",0.6,0.7,0.65,4,0.408407044967,9.79415034412,18,0.0315789473684
62,"[2000,3000)","[4.25,4.5)",0.7,0.8,0.75,0,0.471238898038,0,18,0.0315789473684
62,"[2000,3000)","[4.25,4.5)",0.8,0.9,0.85,0,0.53407075111,0,18,0.0315789473684
62,"[2000,3000)","[4.25,4.5)",0.9,1,0.95,2,0.596902604182,3.35063038088,20,0.0350877192982
62,"[2000,3000)","[4.25,4.5)",1,1.1,1.05,1,0.659734457254,1.51576136278,21,0.0368421052632
62,"[2000,3000)","[4.25,4.5)",1.1,1.2,1.15,3,0.722566310326,4.15186808066,24,0.0421052631579
62,"[2000,3000)","[4.25,4.5)",1.2,1.3,1.25,3,0.785398163397,3.81971863421,27,0.0473684210526
62,"[2000,3000)","[4.25,4.5)",1.3,1.4,1.35,1,0.848230016469,1.17892550438,28,0.0491228070175
62,"[2000,3000)","[4.25,4.5)",1.4,1.5,1.45,2,0.911061869541,2.19524059437,30,0.0526315789474
62,"[2000,3000)","[4.25,4.5)",1.5,1.6,1.55,2,0.973893722613,2.05361216893,32,0.0561403508772
62,"[2000,3000)","[4.25,4.5)",1.6,1.7,1.65,4,1.03672557568,3.85830165071,36,0.0631578947368
62,"[2000,3000)","[4.25,4.5)",1.7,1.8,1.75,4,1.09955742876,3.63782727067,40,0.0701754385965
62,"[2000,3000)","[4.25,4.5)",1.8,1.9,1.85,5,1.16238928183,4.30148494843,45,0.0789473684211
62,"[2000,3000)","[4.25,4.5)",1.9,2,1.95,5,1.2252211349,4.08089597672,50,0.0877192982456
62,"[2000,3000)","[4.25,4.5)",2,2.1,2.05,6,1.28805298797,4.65819345635,56,0.0982456140351
62,"[2000,3000)","[4.25,4.5)",2.1,2.2,2.15,6,1.35088484104,4.44153329559,62,0.108771929825
62,"[2000,3000)","[4.25,4.5)",2.2,2.3,2.25,6,1.41371669412,4.24413181578,68,0.119298245614
62,"[2000,3000)","[4.25,4.5)",2.3,2.4,2.35,3,1.47654854719,2.03176523096,71,0.124561403509
62,"[2000,3000)","[4.25,4.5)",2.4,2.5,2.45,5,1.53938040026,3.2480600631,76,0.133333333333
62,"[2000,3000)","[4.25,4.5)",2.5,2.6,2.55,5,1.60221225333,3.12068515866,81,0.142105263158
62,"[2000,3000)","[4.25,4.5)",2.6,2.7,2.65,6,1.6650441064,3.60350814548,87,0.152631578947
62,"[2000,3000)","[4.25,4.5)",2.7,2.8,2.75,5,1.72787595947,2.89372623803,92,0.161403508772
62,"[2000,3000)","[4.25,4.5)",2.8,2.9,2.85,6,1.79070781255,3.35063038088,98,0.171929824561
62,"[2000,3000)","[4.25,4.5)",2.9,3,2.95,11,1.85353966562,5.93459109834,109,0.191228070175
62,"[2000,3000)","[4.25,4.5)",3,3.1,3.05,7,1.91637151869,3.65273639883,116,0.20350877193
62,"[2000,3000)","[4.25,4.5)",3.1,3.2,3.15,4,1.97920337176,2.02101515037,120,0.210526315789
62,"[2000,3000)","[4.25,4.5)",3.2,3.3,3.25,10,2.04203522483,4.89707517206,130,0.228070175439
62,"[2000,3000)","[4.25,4.5)",3.3,3.4,3.35,7,2.10486707791,3.32562567655,137,0.240350877193
62,"[2000,3000)","[4.25,4.5)",3.4,3.5,3.45,14,2.16769893098,6.4584614588,151,0.264912280702
62,"[2000,3000)","[4.25,4.5)",3.5,3.6,3.55,14,2.23053078405,6.276532967,165,0.289473684211
62,"[2000,3000)","[4.25,4.5)",3.6,3.7,3.65,8,2.29336263712,3.48832751982,173,0.30350877193
62,"[2000,3000)","[4.25,4.5)",3.7,3.8,3.75,4,2.35619449019,1.69765272631,177,0.310526315789
62,"[2000,3000)","[4.25,4.5)",3.8,3.9,3.85,10,2.41902634326,4.13389462576,187,0.328070175439
62,"[2000,3000)","[4.25,4.5)",3.9,4,3.95,11,2.48185819634,4.43216297218,198,0.347368421053
62,"[2000,3000)","[4.25,4.5)",4,4.1,4.05,10,2.54469004941,3.92975168128,208,0.364912280702
62,"[2000,3000)","[4.25,4.5)",4.1,4.2,4.15,7,2.60752190248,2.68454120878,215,0.377192982456
62,"[2000,3000)","[4.25,4.5)",4.2,4.3,4.25,11,2.67035375555,4.11930440944,226,0.39649122807
62,"[2000,3000)","[4.25,4.5)",4.3,4.4,4.35,8,2.73318560862,2.92698745916,234,0.410526315789
62,"[2000,3000)","[4.25,4.5)",4.4,4.5,4.45,7,2.79601746169,2.50356090257,241,0.422807017544
62,"[2000,3000)","[4.25,4.5)",4.5,4.6,4.55,5,2.85884931477,1.74895541859,246,0.431578947368
62,"[2000,3000)","[4.25,4.5)",4.6,4.7,4.65,17,2.92168116784,5.81856781196,263,0.461403508772
62,"[2000,3000)","[4.25,4.5)",4.7,4.8,4.75,5,2.98451302091,1.67531519044,268,0.470175438596
62,"[2000,3000)","[4.25,4.5)",4.8,4.9,4.85,9,3.04734487398,2.95339069655,277,0.485964912281
62,"[2000,3000)","[4.25,4.5)",4.9,5,4.95,8,3.11017672705,2.57220110048,285,0.5
62,"[2000,3000)","[4.25,4.5)",5,5.1,5.05,15,3.17300858013,4.72737454728,300,0.526315789474
62,"[2000,3000)","[4.25,4.5)",5.1,5.2,5.15,19,3.2358404332,5.87173576456,319,0.559649122807
62,"[2000,3000)","[4.25,4.5)",5.2,5.3,5.25,10,3.29867228627,3.03152272556,329,0.577192982456
62,"[2000,3000)","[4.25,4.5)",5.3,5.4,5.35,14,3.36150413934,4.16480224913,343,0.601754385965
62,"[2000,3000)","[4.25,4.5)",5.4,5.5,5.45,10,3.42433599241,2.92027418517,353,0.619298245614
62,"[2000,3000)","[4.25,4.5)",5.5,5.6,5.55,9,3.48716784548,2.58089096906,362,0.635087719298
62,"[2000,3000)","[4.25,4.5)",5.6,5.7,5.65,14,3.54999969856,3.9436623067,376,0.659649122807
62,"[2000,3000)","[4.25,4.5)",5.7,5.8,5.75,17,3.61283155163,4.70545049141,393,0.689473684211
62,"[2000,3000)","[4.25,4.5)",5.8,5.9,5.85,18,3.6756634047,4.89707517206,411,0.721052631579
62,"[2000,3000)","[4.25,4.5)",5.9,6,5.95,12,3.73849525777,3.20984759177,423,0.742105263158
62,"[2000,3000)","[4.25,4.5)",6,6.1,6.05,15,3.80132711084,3.94599032459,438,0.768421052632
62,"[2000,3000)","[4.25,4.5)",6.1,6.2,6.15,13,3.86415896392,3.36425082958,451,0.791228070175
62,"[2000,3000)","[4.25,4.5)",6.2,6.3,6.25,17,3.92699081699,4.3290144521,468,0.821052631579
62,"[2000,3000)","[4.25,4.5)",6.3,6.4,6.35,12,3.98982267006,3.00765246788,480,0.842105263158
62,"[2000,3000)","[4.25,4.5)",6.4,6.5,6.45,10,4.05265452313,2.46751849755,490,0.859649122807
62,"[2000,3000)","[4.25,4.5)",6.5,6.6,6.55,18,4.1154863762,4.37372362695,508,0.891228070175
62,"[2000,3000)","[4.25,4.5)",6.6,6.7,6.65,12,4.17831822927,2.8719688979,520,0.912280701754
62,"[2000,3000)","[4.25,4.5)",6.7,6.8,6.75,10,4.24115008235,2.35785100877,530,0.929824561404
62,"[2000,3000)","[4.25,4.5)",6.8,6.9,6.85,6,4.30398193542,1.3940578957,536,0.940350877193
62,"[2000,3000)","[4.25,4.5)",6.9,7,6.95,4,4.36681378849,0.915999672471,540,0.947368421053
62,"[2000,3000)","[4.25,4.5)",7,7.1,7.05,5,4.42964564156,1.12875846164,545,0.956140350877
62,"[2000,3000)","[4.25,4.5)",7.1,7.2,7.15,3,4.49247749463,0.667782978008,548,0.961403508772
62,"[2000,3000)","[4.25,4.5)",7.2,7.3,7.25,5,4.55530934771,1.09762029719,553,0.970175438596
62,"[2000,3000)","[4.25,4.5)",7.3,7.4,7.35,4,4.61814120078,0.86614935016,557,0.977192982456
62,"[2000,3000)","[4.25,4.5)",7.4,7.5,7.45,0,4.68097305385,0,557,0.977192982456
62,"[2000,3000)","[4.25,4.5)",7.5,7.6,7.55,1,4.74380490692,0.210801249128,558,0.978947368421
62,"[2000,3000)","[4.25,4.5)",7.6,7.7,7.65,1,4.80663675999,0.208045677244,559,0.980701754386
62,"[2000,3000)","[4.25,4.5)",7.7,7.8,7.75,2,4.86946861306,0.410722433786,561,0.984210526316
62,"[2000,3000)","[4.25,4.5)",7.8,7.9,7.85,0,4.93230046614,0,561,0.984210526316
62,"[2000,3000)","[4.25,4.5)",7.9,8,7.95,1,4.99513231921,0.200194896971,562,0.985964912281
62,"[2000,3000)","[4.25,4.5)",8,8.1,8.05,1,5.05796417228,0.197708003841,563,0.987719298246
62,"[2000,3000)","[4.25,4.5)",8.1,8.2,8.15,0,5.12079602535,0,563,0.987719298246
62,"[2000,3000)","[4.25,4.5)",8.2,8.3,8.25,0,5.18362787842,0,563,0.987719298246
62,"[2000,3000)","[4.25,4.5)",8.3,8.4,8.35,0,5.24645973149,0,563,0.987719298246
62,"[2000,3000)","[4.25,4.5)",8.4,8.5,8.45,0,5.30929158457,0,563,0.987719298246
62,"[2000,3000)","[4.25,4.5)",8.5,8.6,8.55,0,5.37212343764,0,563,0.987719298246
62,"[2000,3000)","[4.25,4.5)",8.6,8.7,8.65,0,5.43495529071,0,563,0.987719298246
62,"[2000,3000)","[4.25,4.5)",8.7,8.8,8.75,1,5.49778714378,0.181891363534,564,0.989473684211
62,"[2000,3000)","[4.25,4.5)",8.8,8.9,8.85,0,5.56061899685,0,564,0.989473684211
62,"[2000,3000)","[4.25,4.5)",8.9,9,8.95,0,5.62345084993,0,564,0.989473684211
62,"[2000,3000)","[4.25,4.5)",9,9.1,9.05,0,5.686282703,0,564,0.989473684211
62,"[2000,3000)","[4.25,4.5)",9.1,9.2,9.15,0,5.74911455607,0,564,0.989473684211
62,"[2000,3000)","[4.25,4.5)",9.2,9.3,9.25,1,5.81194640914,0.172059397937,565,0.991228070175
62,"[2000,3000)","[4.25,4.5)",9.3,9.4,9.35,0,5.87477826221,0,565,0.991228070175
62,"[2000,3000)","[4.25,4.5)",9.4,9.5,9.45,0,5.93761011528,0,565,0.991228070175
62,"[2000,3000)","[4.25,4.5)",9.5,9.6,9.55,0,6.00044196836,0,565,0.991228070175
62,"[2000,3000)","[4.25,4.5)",9.6,9.7,9.65,0,6.06327382143,0,565,0.991228070175
62,"[2000,3000)","[4.25,4.5)",9.7,9.8,9.75,1,6.1261056745,0.163235839069,566,0.99298245614
62,"[2000,3000)","[4.25,4.5)",9.8,9.9,9.85,0,6.18893752757,0,566,0.99298245614
62,"[2000,3000)","[4.25,4.5)",9.9,10,9.95,0,6.25176938064,0,566,0.99298245614
62,"[2000,3000)","[4.25,4.5)",10,10.1,10.05,0,6.31460123372,0,566,0.99298245614
62,"[2000,3000)","[4.25,4.5)",10.1,10.2,10.15,0,6.37743308679,0,566,0.99298245614
62,"[2000,3000)","[4.25,4.5)",10.2,10.3,10.25,0,6.44026493986,0,566,0.99298245614
62,"[2000,3000)","[4.25,4.5)",10.3,10.4,10.35,0,6.50309679293,0,566,0.99298245614
62,"[2000,3000)","[4.25,4.5)",10.4,10.5,10.45,0,6.565928646,0,566,0.99298245614
62,"[2000,3000)","[4.25,4.5)",10.5,10.6,10.55,0,6.62876049907,0,566,0.99298245614
62,"[2000,3000)","[4.25,4.5)",10.6,10.7,10.65,0,6.69159235215,0,566,0.99298245614
62,"[2000,3000)","[4.25,4.5)",10.7,10.8,10.75,0,6.75442420522,0,566,0.99298245614
62,"[2000,3000)","[4.25,4.5)",10.8,10.9,10.85,0,6.81725605829,0,566,0.99298245614
62,"[2000,3000)","[4.25,4.5)",10.9,11,10.95,1,6.88008791136,0.145346979993,567,0.994736842105
62,"[2000,3000)","[4.25,4.5)",11,11.1,11.05,1,6.94291976443,0.144031622708,568,0.99649122807
62,"[2000,3000)","[4.25,4.5)",11.1,11.2,11.15,0,7.00575161751,0,568,0.99649122807
62,"[2000,3000)","[4.25,4.5)",11.2,11.3,11.25,0,7.06858347058,0,568,0.99649122807
62,"[2000,3000)","[4.25,4.5)",11.3,11.4,11.35,0,7.13141532365,0,568,0.99649122807
62,"[2000,3000)","[4.25,4.5)",11.4,11.5,11.45,0,7.19424717672,0,568,0.99649122807
62,"[2000,3000)","[4.25,4.5)",11.5,11.6,11.55,1,7.25707902979,0.137796487525,569,0.998245614035
62,"[2000,3000)","[4.25,4.5)",11.6,11.7,11.65,1,7.31991088286,0.136613685057,570,1
62,"[2000,3000)","[4.25,4.5)",11.7,11.8,11.75,0,7.38274273594,0,570,1
62,"[2000,3000)","[4.25,4.5)",11.8,11.9,11.85,0,7.44557458901,0,570,1
62,"[2000,3000)","[4.25,4.5)",11.9,12,11.95,0,7.50840644208,0,570,1
63,"[2000,3000)","[4.5,4.75)",0,0.1,0.05,3,0.0314159265359,95.4929658551,3,0.00132860938884
63,"[2000,3000)","[4.5,4.75)",0.1,0.2,0.15,3,0.0942477796077,31.8309886184,6,0.00265721877768
63,"[2000,3000)","[4.5,4.75)",0.2,0.3,0.25,3,0.157079632679,19.098593171,9,0.00398582816652
63,"[2000,3000)","[4.5,4.75)",0.3,0.4,0.35,5,0.219911485751,22.7364204417,14,0.00620017714792
63,"[2000,3000)","[4.5,4.75)",0.4,0.5,0.45,5,0.282743338823,17.6838825658,19,0.00841452612932
63,"[2000,3000)","[4.5,4.75)",0.5,0.6,0.55,7,0.345575191895,20.2560836662,26,0.0115146147033
63,"[2000,3000)","[4.5,4.75)",0.6,0.7,0.65,7,0.408407044967,17.1397631022,33,0.0146147032772
63,"[2000,3000)","[4.5,4.75)",0.7,0.8,0.75,6,0.471238898038,12.7323954474,39,0.0172719220549
63,"[2000,3000)","[4.5,4.75)",0.8,0.9,0.85,11,0.53407075111,20.5965220472,50,0.022143489814
63,"[2000,3000)","[4.5,4.75)",0.9,1,0.95,9,0.596902604182,15.077836714,59,0.0261293179805
63,"[2000,3000)","[4.5,4.75)",1,1.1,1.05,8,0.659734457254,12.1260909022,67,0.0296722763508
63,"[2000,3000)","[4.5,4.75)",1.1,1.2,1.15,18,0.722566310326,24.9112084839,85,0.0376439326838
63,"[2000,3000)","[4.5,4.75)",1.2,1.3,1.25,19,0.785398163397,24.19155135,104,0.0460584588131
63,"[2000,3000)","[4.5,4.75)",1.3,1.4,1.35,12,0.848230016469,14.1471060526,116,0.0513728963685
63,"[2000,3000)","[4.5,4.75)",1.4,1.5,1.45,18,0.911061869541,19.7571653493,134,0.0593445527015
63,"[2000,3000)","[4.5,4.75)",1.5,1.6,1.55,10,0.973893722613,10.2680608446,144,0.0637732506643
63,"[2000,3000)","[4.5,4.75)",1.6,1.7,1.65,13,1.03672557568,12.5394803648,157,0.0695305580159
63,"[2000,3000)","[4.5,4.75)",1.7,1.8,1.75,20,1.09955742876,18.1891363534,177,0.0783879539415
63,"[2000,3000)","[4.5,4.75)",1.8,1.9,1.85,20,1.16238928183,17.2059397937,197,0.0872453498671
63,"[2000,3000)","[4.5,4.75)",1.9,2,1.95,21,1.2252211349,17.1397631022,218,0.096545615589
63,"[2000,3000)","[4.5,4.75)",2,2.1,2.05,22,1.28805298797,17.0800426733,240,0.106288751107
63,"[2000,3000)","[4.5,4.75)",2.1,2.2,2.15,13,1.35088484104,9.62332214044,253,0.112046058459
63,"[2000,3000)","[4.5,4.75)",2.2,2.3,2.25,20,1.41371669412,14.1471060526,273,0.120903454384
63,"[2000,3000)","[4.5,4.75)",2.3,2.4,2.35,21,1.47654854719,14.2223566167,294,0.130203720106
63,"[2000,3000)","[4.5,4.75)",2.4,2.5,2.45,27,1.53938040026,17.5395243407,321,0.142161204606
63,"[2000,3000)","[4.5,4.75)",2.5,2.6,2.55,33,1.60221225333,20.5965220472,354,0.156775907883
63,"[2000,3000)","[4.5,4.75)",2.6,2.7,2.65,26,1.6650441064,15.6152019637,380,0.168290522586
63,"[2000,3000)","[4.5,4.75)",2.7,2.8,2.75,22,1.72787595947,12.7323954474,402,0.178033658105
63,"[2000,3000)","[4.5,4.75)",2.8,2.9,2.85,33,1.79070781255,18.4284670949,435,0.192648361382
63,"[2000,3000)","[4.5,4.75)",2.9,3,2.95,22,1.85353966562,11.8691821967,457,0.2023914969
63,"[2000,3000)","[4.5,4.75)",3,3.1,3.05,27,1.91637151869,14.0891261098,484,0.214348981399
63,"[2000,3000)","[4.5,4.75)",3.1,3.2,3.15,31,1.97920337176,15.6628674154,515,0.228077945084
63,"[2000,3000)","[4.5,4.75)",3.2,3.3,3.25,39,2.04203522483,19.098593171,554,0.245349867139
63,"[2000,3000)","[4.5,4.75)",3.3,3.4,3.35,43,2.10486707791,20.4288434416,597,0.264393268379
63,"[2000,3000)","[4.5,4.75)",3.4,3.5,3.45,33,2.16769893098,15.2235162957,630,0.279007971656
63,"[2000,3000)","[4.5,4.75)",3.5,3.6,3.55,25,2.23053078405,11.2080945839,655,0.290079716563
63,"[2000,3000)","[4.5,4.75)",3.6,3.7,3.65,27,2.29336263712,11.7731053794,682,0.302037201063
63,"[2000,3000)","[4.5,4.75)",3.7,3.8,3.75,32,2.35619449019,13.5812218105,714,0.316209034544
63,"[2000,3000)","[4.5,4.75)",3.8,3.9,3.85,37,2.41902634326,15.2954101153,751,0.332595217006
63,"[2000,3000)","[4.5,4.75)",3.9,4,3.95,36,2.48185819634,14.5052606362,787,0.348538529672
63,"[2000,3000)","[4.5,4.75)",4,4.1,4.05,22,2.54469004941,8.64545369882,809,0.35828166519
63,"[2000,3000)","[4.5,4.75)",4.1,4.2,4.15,38,2.60752190248,14.5732237048,847,0.375110717449
63,"[2000,3000)","[4.5,4.75)",4.2,4.3,4.25,42,2.67035375555,15.7282531997,889,0.393711248893
63,"[2000,3000)","[4.5,4.75)",4.3,4.4,4.35,37,2.73318560862,13.5373169986,926,0.410097431355
63,"[2000,3000)","[4.5,4.75)",4.4,4.5,4.45,42,2.79601746169,15.0213654154,968,0.428697962799
63,"[2000,3000)","[4.5,4.75)",4.5,4.6,4.55,35,2.85884931477,12.2426879301,1003,0.444198405669
63,"[2000,3000)","[4.5,4.75)",4.6,4.7,4.65,42,2.92168116784,14.3752851825,1045,0.462798937112
63,"[2000,3000)","[4.5,4.75)",4.7,4.8,4.75,44,2.98451302091,14.7427736759,1089,0.482285208149
63,"[2000,3000)","[4.5,4.75)",4.8,4.9,4.85,37,3.04734487398,12.141717308,1126,0.498671390611
63,"[2000,3000)","[4.5,4.75)",4.9,5,4.95,49,3.11017672705,15.7547317404,1175,0.520372010629
63,"[2000,3000)","[4.5,4.75)",5,5.1,5.05,36,3.17300858013,11.3456989135,1211,0.536315323295
63,"[2000,3000)","[4.5,4.75)",5.1,5.2,5.15,44,3.2358404332,13.5977038758,1255,0.555801594331
63,"[2000,3000)","[4.5,4.75)",5.2,5.3,5.25,40,3.29867228627,12.1260909022,1295,0.573516386182
63,"[2000,3000)","[4.5,4.75)",5.3,5.4,5.35,46,3.36150413934,13.6843502472,1341,0.593888396811
63,"[2000,3000)","[4.5,4.75)",5.4,5.5,5.45,52,3.42433599241,15.1854257629,1393,0.616917626218
63,"[2000,3000)","[4.5,4.75)",5.5,5.6,5.55,64,3.48716784548,18.3530024466,1457,0.64526129318
63,"[2000,3000)","[4.5,4.75)",5.6,5.7,5.65,39,3.54999969856,10.9859164258,1496,0.662533215235
63,"[2000,3000)","[4.5,4.75)",5.7,5.8,5.75,58,3.61283155163,16.0538899119,1554,0.688219663419
63,"[2000,3000)","[4.5,4.75)",5.8,5.9,5.85,53,3.6756634047,14.4191657844,1607,0.711691762622
63,"[2000,3000)","[4.5,4.75)",5.9,6,5.95,46,3.73849525777,12.3044157684,1653,0.732063773251
63,"[2000,3000)","[4.5,4.75)",6,6.1,6.05,46,3.80132711084,12.1010369954,1699,0.75243578388
63,"[2000,3000)","[4.5,4.75)",6.1,6.2,6.15,53,3.86415896392,13.7157918437,1752,0.775907883082
63,"[2000,3000)","[4.5,4.75)",6.2,6.3,6.25,53,3.92699081699,13.4963391742,1805,0.799379982285
63,"[2000,3000)","[4.5,4.75)",6.3,6.4,6.35,46,3.98982267006,11.5293344602,1851,0.819751992914
63,"[2000,3000)","[4.5,4.75)",6.4,6.5,6.45,46,4.05265452313,11.3505850887,1897,0.840124003543
63,"[2000,3000)","[4.5,4.75)",6.5,6.6,6.55,54,4.1154863762,13.1211708809,1951,0.864038972542
63,"[2000,3000)","[4.5,4.75)",6.6,6.7,6.65,50,4.17831822927,11.9665370746,2001,0.886182462356
63,"[2000,3000)","[4.5,4.75)",6.7,6.8,6.75,54,4.24115008235,12.7323954474,2055,0.910097431355
63,"[2000,3000)","[4.5,4.75)",6.8,6.9,6.85,45,4.30398193542,10.4554342177,2100,0.930026572188
63,"[2000,3000)","[4.5,4.75)",6.9,7,6.95,34,4.36681378849,7.78599721601,2134,0.945084145261
63,"[2000,3000)","[4.5,4.75)",7,7.1,7.05,34,4.42964564156,7.67555753918,2168,0.960141718335
63,"[2000,3000)","[4.5,4.75)",7.1,7.2,7.15,15,4.49247749463,3.33891489004,2183,0.966784765279
63,"[2000,3000)","[4.5,4.75)",7.2,7.3,7.25,14,4.55530934771,3.07333683212,2197,0.972984942427
63,"[2000,3000)","[4.5,4.75)",7.3,7.4,7.35,11,4.61814120078,2.38191071294,2208,0.977856510186
63,"[2000,3000)","[4.5,4.75)",7.4,7.5,7.45,6,4.68097305385,1.28178477658,2214,0.980513728964
63,"[2000,3000)","[4.5,4.75)",7.5,7.6,7.55,5,4.74380490692,1.05400624564,2219,0.982728077945
63,"[2000,3000)","[4.5,4.75)",7.6,7.7,7.65,2,4.80663675999,0.416091354489,2221,0.983613817538
63,"[2000,3000)","[4.5,4.75)",7.7,7.8,7.75,6,4.86946861306,1.23216730136,2227,0.986271036315
63,"[2000,3000)","[4.5,4.75)",7.8,7.9,7.85,1,4.93230046614,0.202745150436,2228,0.986713906112
63,"[2000,3000)","[4.5,4.75)",7.9,8,7.95,6,4.99513231921,1.20116938183,2234,0.989371124889
63,"[2000,3000)","[4.5,4.75)",8,8.1,8.05,0,5.05796417228,0,2234,0.989371124889
63,"[2000,3000)","[4.5,4.75)",8.1,8.2,8.15,1,5.12079602535,0.195282138763,2235,0.989813994686
63,"[2000,3000)","[4.5,4.75)",8.2,8.3,8.25,1,5.18362787842,0.192915082536,2236,0.990256864482
63,"[2000,3000)","[4.5,4.75)",8.3,8.4,8.35,4,5.24645973149,0.762418889063,2240,0.992028343667
63,"[2000,3000)","[4.5,4.75)",8.4,8.5,8.45,0,5.30929158457,0,2240,0.992028343667
63,"[2000,3000)","[4.5,4.75)",8.5,8.6,8.55,0,5.37212343764,0,2240,0.992028343667
63,"[2000,3000)","[4.5,4.75)",8.6,8.7,8.65,0,5.43495529071,0,2240,0.992028343667
63,"[2000,3000)","[4.5,4.75)",8.7,8.8,8.75,1,5.49778714378,0.181891363534,2241,0.992471213463
63,"[2000,3000)","[4.5,4.75)",8.8,8.9,8.85,0,5.56061899685,0,2241,0.992471213463
63,"[2000,3000)","[4.5,4.75)",8.9,9,8.95,1,5.62345084993,0.177826752058,2242,0.99291408326
63,"[2000,3000)","[4.5,4.75)",9,9.1,9.05,0,5.686282703,0,2242,0.99291408326
63,"[2000,3000)","[4.5,4.75)",9.1,9.2,9.15,0,5.74911455607,0,2242,0.99291408326
63,"[2000,3000)","[4.5,4.75)",9.2,9.3,9.25,0,5.81194640914,0,2242,0.99291408326
63,"[2000,3000)","[4.5,4.75)",9.3,9.4,9.35,0,5.87477826221,0,2242,0.99291408326
63,"[2000,3000)","[4.5,4.75)",9.4,9.5,9.45,0,5.93761011528,0,2242,0.99291408326
63,"[2000,3000)","[4.5,4.75)",9.5,9.6,9.55,1,6.00044196836,0.166654390672,2243,0.993356953056
63,"[2000,3000)","[4.5,4.75)",9.6,9.7,9.65,1,6.06327382143,0.164927402168,2244,0.993799822852
63,"[2000,3000)","[4.5,4.75)",9.7,9.8,9.75,0,6.1261056745,0,2244,0.993799822852
63,"[2000,3000)","[4.5,4.75)",9.8,9.9,9.85,0,6.18893752757,0,2244,0.993799822852
63,"[2000,3000)","[4.5,4.75)",9.9,10,9.95,1,6.25176938064,0.159954716675,2245,0.994242692648
63,"[2000,3000)","[4.5,4.75)",10,10.1,10.05,0,6.31460123372,0,2245,0.994242692648
63,"[2000,3000)","[4.5,4.75)",10.1,10.2,10.15,2,6.37743308679,0.313605799196,2247,0.995128432241
63,"[2000,3000)","[4.5,4.75)",10.2,10.3,10.25,1,6.44026493986,0.155273115212,2248,0.995571302037
63,"[2000,3000)","[4.5,4.75)",10.3,10.4,10.35,0,6.50309679293,0,2248,0.995571302037
63,"[2000,3000)","[4.5,4.75)",10.4,10.5,10.45,1,6.565928646,0.152301380949,2249,0.996014171833
63,"[2000,3000)","[4.5,4.75)",10.5,10.6,10.55,2,6.62876049907,0.301715531928,2251,0.996899911426
63,"[2000,3000)","[4.5,4.75)",10.6,10.7,10.65,1,6.69159235215,0.149441261119,2252,0.997342781222
63,"[2000,3000)","[4.5,4.75)",10.7,10.8,10.75,0,6.75442420522,0,2252,0.997342781222
63,"[2000,3000)","[4.5,4.75)",10.8,10.9,10.85,0,6.81725605829,0,2252,0.997342781222
63,"[2000,3000)","[4.5,4.75)",10.9,11,10.95,1,6.88008791136,0.145346979993,2253,0.997785651019
63,"[2000,3000)","[4.5,4.75)",11,11.1,11.05,2,6.94291976443,0.288063245415,2255,0.998671390611
63,"[2000,3000)","[4.5,4.75)",11.1,11.2,11.15,0,7.00575161751,0,2255,0.998671390611
63,"[2000,3000)","[4.5,4.75)",11.2,11.3,11.25,1,7.06858347058,0.141471060526,2256,0.999114260407
63,"[2000,3000)","[4.5,4.75)",11.3,11.4,11.35,1,7.13141532365,0.140224619464,2257,0.999557130204
63,"[2000,3000)","[4.5,4.75)",11.4,11.5,11.45,1,7.19424717672,0.138999950299,2258,1
63,"[2000,3000)","[4.5,4.75)",11.5,11.6,11.55,0,7.25707902979,0,2258,1
63,"[2000,3000)","[4.5,4.75)",11.6,11.7,11.65,0,7.31991088286,0,2258,1
63,"[2000,3000)","[4.5,4.75)",11.7,11.8,11.75,0,7.38274273594,0,2258,1
63,"[2000,3000)","[4.5,4.75)",11.8,11.9,11.85,0,7.44557458901,0,2258,1
63,"[2000,3000)","[4.5,4.75)",11.9,12,11.95,0,7.50840644208,0,2258,1
64,"[2000,3000)","[4.75,5.0)",0,0.1,0.05,1,0.0314159265359,31.8309886184,1,0.000226500566251
64,"[2000,3000)","[4.75,5.0)",0.1,0.2,0.15,8,0.0942477796077,84.8826363157,9,0.00203850509626
64,"[2000,3000)","[4.75,5.0)",0.2,0.3,0.25,3,0.157079632679,19.098593171,12,0.00271800679502
64,"[2000,3000)","[4.75,5.0)",0.3,0.4,0.35,9,0.219911485751,40.9255567951,21,0.00475651189128
64,"[2000,3000)","[4.75,5.0)",0.4,0.5,0.45,7,0.282743338823,24.7574355921,28,0.00634201585504
64,"[2000,3000)","[4.75,5.0)",0.5,0.6,0.55,11,0.345575191895,31.8309886184,39,0.00883352208381
64,"[2000,3000)","[4.75,5.0)",0.6,0.7,0.65,11,0.408407044967,26.9339134463,50,0.0113250283126
64,"[2000,3000)","[4.75,5.0)",0.7,0.8,0.75,16,0.471238898038,33.9530545263,66,0.0149490373726
64,"[2000,3000)","[4.75,5.0)",0.8,0.9,0.85,15,0.53407075111,28.086166428,81,0.0183465458664
64,"[2000,3000)","[4.75,5.0)",0.9,1,0.95,16,0.596902604182,26.8050430471,97,0.0219705549264
64,"[2000,3000)","[4.75,5.0)",1,1.1,1.05,25,0.659734457254,37.8940340695,122,0.0276330690827
64,"[2000,3000)","[4.75,5.0)",1.1,1.2,1.15,19,0.722566310326,26.2951645108,141,0.0319365798414
64,"[2000,3000)","[4.75,5.0)",1.2,1.3,1.25,21,0.785398163397,26.7380304394,162,0.0366930917327
64,"[2000,3000)","[4.75,5.0)",1.3,1.4,1.35,21,0.848230016469,24.7574355921,183,0.041449603624
64,"[2000,3000)","[4.75,5.0)",1.4,1.5,1.45,23,0.911061869541,25.2452668353,206,0.0466591166478
64,"[2000,3000)","[4.75,5.0)",1.5,1.6,1.55,27,0.973893722613,27.7237642805,233,0.0527746319366
64,"[2000,3000)","[4.75,5.0)",1.6,1.7,1.65,23,1.03672557568,22.1852344916,256,0.0579841449604
64,"[2000,3000)","[4.75,5.0)",1.7,1.8,1.75,33,1.09955742876,30.012074983,289,0.0654586636467
64,"[2000,3000)","[4.75,5.0)",1.8,1.9,1.85,35,1.16238928183,30.110394639,324,0.0733861834655
64,"[2000,3000)","[4.75,5.0)",1.9,2,1.95,39,1.2252211349,31.8309886184,363,0.0822197055493
64,"[2000,3000)","[4.75,5.0)",2,2.1,2.05,34,1.28805298797,26.396429586,397,0.0899207248018
64,"[2000,3000)","[4.75,5.0)",2.1,2.2,2.15,35,1.35088484104,25.9089442243,432,0.0978482446206
64,"[2000,3000)","[4.75,5.0)",2.2,2.3,2.25,41,1.41371669412,29.0015674079,473,0.107134767837
64,"[2000,3000)","[4.75,5.0)",2.3,2.4,2.35,38,1.47654854719,25.7356929255,511,0.115741789354
64,"[2000,3000)","[4.75,5.0)",2.4,2.5,2.45,43,1.53938040026,27.9333165427,554,0.125481313703
64,"[2000,3000)","[4.75,5.0)",2.5,2.6,2.55,48,1.60221225333,29.9585775232,602,0.136353340883
64,"[2000,3000)","[4.75,5.0)",2.6,2.7,2.65,59,1.6650441064,35.4344967639,661,0.149716874292
64,"[2000,3000)","[4.75,5.0)",2.7,2.8,2.75,50,1.72787595947,28.9372623803,711,0.161041902605
64,"[2000,3000)","[4.75,5.0)",2.8,2.9,2.85,64,1.79070781255,35.7400573961,775,0.175537938845
64,"[2000,3000)","[4.75,5.0)",2.9,3,2.95,64,1.85353966562,34.5285300267,839,0.190033975085
64,"[2000,3000)","[4.75,5.0)",3,3.1,3.05,34,1.91637151869,17.7418625086,873,0.197734994337
64,"[2000,3000)","[4.75,5.0)",3.1,3.2,3.15,56,1.97920337176,28.2942121052,929,0.210419026048
64,"[2000,3000)","[4.75,5.0)",3.2,3.3,3.25,58,2.04203522483,28.4030359979,987,0.22355605889
64,"[2000,3000)","[4.75,5.0)",3.3,3.4,3.35,50,2.10486707791,23.7544691182,1037,0.234881087203
64,"[2000,3000)","[4.75,5.0)",3.4,3.5,3.45,63,2.16769893098,29.0630765646,1100,0.249150622877
64,"[2000,3000)","[4.75,5.0)",3.5,3.6,3.55,65,2.23053078405,29.1410459182,1165,0.263873159683
64,"[2000,3000)","[4.75,5.0)",3.6,3.7,3.65,54,2.29336263712,23.5462107588,1219,0.27610419026
64,"[2000,3000)","[4.75,5.0)",3.7,3.8,3.75,78,2.35619449019,33.1042281631,1297,0.293771234428
64,"[2000,3000)","[4.75,5.0)",3.8,3.9,3.85,60,2.41902634326,24.8033677546,1357,0.307361268403
64,"[2000,3000)","[4.75,5.0)",3.9,4,3.95,88,2.48185819634,35.4573037774,1445,0.327293318233
64,"[2000,3000)","[4.75,5.0)",4,4.1,4.05,86,2.54469004941,33.795864459,1531,0.346772366931
64,"[2000,3000)","[4.75,5.0)",4.1,4.2,4.15,68,2.60752190248,26.0784003139,1599,0.362174405436
64,"[2000,3000)","[4.75,5.0)",4.2,4.3,4.25,77,2.67035375555,28.8351308661,1676,0.379614949037
64,"[2000,3000)","[4.75,5.0)",4.3,4.4,4.35,71,2.73318560862,25.9770137001,1747,0.395696489241
64,"[2000,3000)","[4.75,5.0)",4.4,4.5,4.45,74,2.79601746169,26.4662152557,1821,0.412457531144
64,"[2000,3000)","[4.75,5.0)",4.5,4.6,4.55,75,2.85884931477,26.2343312789,1896,0.429445073613
64,"[2000,3000)","[4.75,5.0)",4.6,4.7,4.65,97,2.92168116784,33.2000633977,1993,0.451415628539
64,"[2000,3000)","[4.75,5.0)",4.7,4.8,4.75,86,2.98451302091,28.8154212756,2079,0.470894677237
64,"[2000,3000)","[4.75,5.0)",4.8,4.9,4.85,82,3.04734487398,26.9086707908,2161,0.489467723669
64,"[2000,3000)","[4.75,5.0)",4.9,5,4.95,82,3.11017672705,26.3650612799,2243,0.508040770102
64,"[2000,3000)","[4.75,5.0)",5,5.1,5.05,91,3.17300858013,28.6794055869,2334,0.528652321631
64,"[2000,3000)","[4.75,5.0)",5.1,5.2,5.15,73,3.2358404332,22.5598268849,2407,0.545186862967
64,"[2000,3000)","[4.75,5.0)",5.2,5.3,5.25,96,3.29867228627,29.1026181654,2503,0.566930917327
64,"[2000,3000)","[4.75,5.0)",5.3,5.4,5.35,107,3.36150413934,31.8309886184,2610,0.591166477916
64,"[2000,3000)","[4.75,5.0)",5.4,5.5,5.45,91,3.42433599241,26.5744950851,2701,0.611778029445
64,"[2000,3000)","[4.75,5.0)",5.5,5.6,5.55,96,3.48716784548,27.5295036699,2797,0.633522083805
64,"[2000,3000)","[4.75,5.0)",5.6,5.7,5.65,119,3.54999969856,33.521129607,2916,0.660475651189
64,"[2000,3000)","[4.75,5.0)",5.7,5.8,5.75,104,3.61283155163,28.7862853592,3020,0.684031710079
64,"[2000,3000)","[4.75,5.0)",5.8,5.9,5.85,100,3.6756634047,27.2059731781,3120,0.706681766704
64,"[2000,3000)","[4.75,5.0)",5.9,6,5.95,101,3.73849525777,27.0162172307,3221,0.729558323896
64,"[2000,3000)","[4.75,5.0)",6,6.1,6.05,106,3.80132711084,27.8849982938,3327,0.753567383918
64,"[2000,3000)","[4.75,5.0)",6.1,6.2,6.15,124,3.86415896392,32.0897771437,3451,0.781653454134
64,"[2000,3000)","[4.75,5.0)",6.2,6.3,6.25,90,3.92699081699,22.9183118052,3541,0.802038505096
64,"[2000,3000)","[4.75,5.0)",6.3,6.4,6.35,103,3.98982267006,25.8156836826,3644,0.82536806342
64,"[2000,3000)","[4.75,5.0)",6.4,6.5,6.45,101,4.05265452313,24.9219368252,3745,0.848244620612
64,"[2000,3000)","[4.75,5.0)",6.5,6.6,6.55,110,4.1154863762,26.7283110536,3855,0.873159682899
64,"[2000,3000)","[4.75,5.0)",6.6,6.7,6.65,101,4.17831822927,24.1724048906,3956,0.896036240091
64,"[2000,3000)","[4.75,5.0)",6.7,6.8,6.75,96,4.24115008235,22.6353696842,4052,0.917780294451
64,"[2000,3000)","[4.75,5.0)",6.8,6.9,6.85,82,4.30398193542,19.0521245745,4134,0.936353340883
64,"[2000,3000)","[4.75,5.0)",6.9,7,6.95,69,4.36681378849,15.8009943501,4203,0.951981879955
64,"[2000,3000)","[4.75,5.0)",7,7.1,7.05,46,4.42964564156,10.3845778471,4249,0.962400906002
64,"[2000,3000)","[4.75,5.0)",7.1,7.2,7.15,30,4.49247749463,6.67782978008,4279,0.96919592299
64,"[2000,3000)","[4.75,5.0)",7.2,7.3,7.25,19,4.55530934771,4.1709571293,4298,0.973499433749
64,"[2000,3000)","[4.75,5.0)",7.3,7.4,7.35,15,4.61814120078,3.2480600631,4313,0.976896942242
64,"[2000,3000)","[4.75,5.0)",7.4,7.5,7.45,14,4.68097305385,2.99083114535,4327,0.98006795017
64,"[2000,3000)","[4.75,5.0)",7.5,7.6,7.55,4,4.74380490692,0.843204996513,4331,0.980973952435
64,"[2000,3000)","[4.75,5.0)",7.6,7.7,7.65,10,4.80663675999,2.08045677244,4341,0.983238958097
64,"[2000,3000)","[4.75,5.0)",7.7,7.8,7.75,4,4.86946861306,0.821444867571,4345,0.984144960362
64,"[2000,3000)","[4.75,5.0)",7.8,7.9,7.85,4,4.93230046614,0.810980601742,4349,0.985050962627
64,"[2000,3000)","[4.75,5.0)",7.9,8,7.95,2,4.99513231921,0.400389793942,4351,0.98550396376
64,"[2000,3000)","[4.75,5.0)",8,8.1,8.05,4,5.05796417228,0.790832015363,4355,0.986409966025
64,"[2000,3000)","[4.75,5.0)",8.1,8.2,8.15,6,5.12079602535,1.17169283258,4361,0.987768969422
64,"[2000,3000)","[4.75,5.0)",8.2,8.3,8.25,1,5.18362787842,0.192915082536,4362,0.987995469989
64,"[2000,3000)","[4.75,5.0)",8.3,8.4,8.35,3,5.24645973149,0.571814166797,4365,0.988674971687
64,"[2000,3000)","[4.75,5.0)",8.4,8.5,8.45,0,5.30929158457,0,4365,0.988674971687
64,"[2000,3000)","[4.75,5.0)",8.5,8.6,8.55,1,5.37212343764,0.186146132271,4366,0.988901472254
64,"[2000,3000)","[4.75,5.0)",8.6,8.7,8.65,3,5.43495529071,0.55198246159,4369,0.989580973952
64,"[2000,3000)","[4.75,5.0)",8.7,8.8,8.75,2,5.49778714378,0.363782727067,4371,0.990033975085
64,"[2000,3000)","[4.75,5.0)",8.8,8.9,8.85,0,5.56061899685,0,4371,0.990033975085
64,"[2000,3000)","[4.75,5.0)",8.9,9,8.95,0,5.62345084993,0,4371,0.990033975085
64,"[2000,3000)","[4.75,5.0)",9,9.1,9.05,1,5.686282703,0.175861815571,4372,0.990260475651
64,"[2000,3000)","[4.75,5.0)",9.1,9.2,9.15,2,5.74911455607,0.347879657031,4374,0.990713476784
64,"[2000,3000)","[4.75,5.0)",9.2,9.3,9.25,2,5.81194640914,0.344118795874,4376,0.991166477916
64,"[2000,3000)","[4.75,5.0)",9.3,9.4,9.35,1,5.87477826221,0.170219190473,4377,0.991392978482
64,"[2000,3000)","[4.75,5.0)",9.4,9.5,9.45,0,5.93761011528,0,4377,0.991392978482
64,"[2000,3000)","[4.75,5.0)",9.5,9.6,9.55,0,6.00044196836,0,4377,0.991392978482
64,"[2000,3000)","[4.75,5.0)",9.6,9.7,9.65,1,6.06327382143,0.164927402168,4378,0.991619479049
64,"[2000,3000)","[4.75,5.0)",9.7,9.8,9.75,0,6.1261056745,0,4378,0.991619479049
64,"[2000,3000)","[4.75,5.0)",9.8,9.9,9.85,3,6.18893752757,0.484735867285,4381,0.992298980747
64,"[2000,3000)","[4.75,5.0)",9.9,10,9.95,0,6.25176938064,0,4381,0.992298980747
64,"[2000,3000)","[4.75,5.0)",10,10.1,10.05,2,6.31460123372,0.316726254909,4383,0.99275198188
64,"[2000,3000)","[4.75,5.0)",10.1,10.2,10.15,2,6.37743308679,0.313605799196,4385,0.993204983012
64,"[2000,3000)","[4.75,5.0)",10.2,10.3,10.25,0,6.44026493986,0,4385,0.993204983012
64,"[2000,3000)","[4.75,5.0)",10.3,10.4,10.35,2,6.50309679293,0.307545783752,4387,0.993657984145
64,"[2000,3000)","[4.75,5.0)",10.4,10.5,10.45,0,6.565928646,0,4387,0.993657984145
64,"[2000,3000)","[4.75,5.0)",10.5,10.6,10.55,1,6.62876049907,0.150857765964,4388,0.993884484711
64,"[2000,3000)","[4.75,5.0)",10.6,10.7,10.65,3,6.69159235215,0.448323783357,4391,0.99456398641
64,"[2000,3000)","[4.75,5.0)",10.7,10.8,10.75,3,6.75442420522,0.444153329559,4394,0.995243488109
64,"[2000,3000)","[4.75,5.0)",10.8,10.9,10.85,2,6.81725605829,0.29337316699,4396,0.995696489241
64,"[2000,3000)","[4.75,5.0)",10.9,11,10.95,4,6.88008791136,0.58138791997,4400,0.996602491506
64,"[2000,3000)","[4.75,5.0)",11,11.1,11.05,1,6.94291976443,0.144031622708,4401,0.996828992072
64,"[2000,3000)","[4.75,5.0)",11.1,11.2,11.15,1,7.00575161751,0.142739859275,4402,0.997055492639
64,"[2000,3000)","[4.75,5.0)",11.2,11.3,11.25,0,7.06858347058,0,4402,0.997055492639
64,"[2000,3000)","[4.75,5.0)",11.3,11.4,11.35,3,7.13141532365,0.420673858393,4405,0.997734994337
64,"[2000,3000)","[4.75,5.0)",11.4,11.5,11.45,3,7.19424717672,0.416999850896,4408,0.998414496036
64,"[2000,3000)","[4.75,5.0)",11.5,11.6,11.55,2,7.25707902979,0.275592975051,4410,0.998867497169
64,"[2000,3000)","[4.75,5.0)",11.6,11.7,11.65,1,7.31991088286,0.136613685057,4411,0.999093997735
64,"[2000,3000)","[4.75,5.0)",11.7,11.8,11.75,3,7.38274273594,0.406353046192,4414,0.999773499434
64,"[2000,3000)","[4.75,5.0)",11.8,11.9,11.85,1,7.44557458901,0.134307968854,4415,1
64,"[2000,3000)","[4.75,5.0)",11.9,12,11.95,0,7.50840644208,0,4415,1
65,"[2000,3000)",>=5,0,0.1,0.05,2,0.0314159265359,63.6619772368,2,0.000276281254317
65,"[2000,3000)",>=5,0.1,0.2,0.15,6,0.0942477796077,63.6619772368,8,0.00110512501727
65,"[2000,3000)",>=5,0.2,0.3,0.25,13,0.157079632679,82.7605704078,21,0.00290095317033
65,"[2000,3000)",>=5,0.3,0.4,0.35,13,0.219911485751,59.1146931484,34,0.00469678132339
65,"[2000,3000)",>=5,0.4,0.5,0.45,12,0.282743338823,42.4413181578,46,0.00635446884929
65,"[2000,3000)",>=5,0.5,0.6,0.55,15,0.345575191895,43.4058935705,61,0.00842657825667
65,"[2000,3000)",>=5,0.6,0.7,0.65,19,0.408407044967,46.5222141346,80,0.0110512501727
65,"[2000,3000)",>=5,0.7,0.8,0.75,19,0.471238898038,40.3192522499,99,0.0136759220887
65,"[2000,3000)",>=5,0.8,0.9,0.85,22,0.53407075111,41.1930440944,121,0.0167150158862
65,"[2000,3000)",>=5,0.9,1,0.95,28,0.596902604182,46.9088253323,149,0.0205829534466
65,"[2000,3000)",>=5,1,1.1,1.05,27,0.659734457254,40.9255567951,176,0.0243127503799
65,"[2000,3000)",>=5,1.1,1.2,1.15,34,0.722566310326,47.0545049141,210,0.0290095317033
65,"[2000,3000)",>=5,1.2,1.3,1.25,39,0.785398163397,49.6563422447,249,0.0343970161625
65,"[2000,3000)",>=5,1.3,1.4,1.35,27,0.848230016469,31.8309886184,276,0.0381268130957
65,"[2000,3000)",>=5,1.4,1.5,1.45,45,0.911061869541,49.3929133733,321,0.0443431413179
65,"[2000,3000)",>=5,1.5,1.6,1.55,50,0.973893722613,51.3403042232,371,0.0512501726758
65,"[2000,3000)",>=5,1.6,1.7,1.65,49,1.03672557568,47.2641952212,420,0.0580190634065
65,"[2000,3000)",>=5,1.7,1.8,1.75,44,1.09955742876,40.0160999774,464,0.0640972510015
65,"[2000,3000)",>=5,1.8,1.9,1.85,66,1.16238928183,56.7796013193,530,0.073214532394
65,"[2000,3000)",>=5,1.9,2,1.95,61,1.2252211349,49.7869309159,591,0.0816411106506
65,"[2000,3000)",>=5,2,2.1,2.05,53,1.28805298797,41.1473755311,644,0.08896256389
65,"[2000,3000)",>=5,2.1,2.2,2.15,70,1.35088484104,51.8178884485,714,0.0986324077911
65,"[2000,3000)",>=5,2.2,2.3,2.25,64,1.41371669412,45.2707393684,778,0.107473407929
65,"[2000,3000)",>=5,2.3,2.4,2.35,55,1.47654854719,37.2490292343,833,0.115071142423
65,"[2000,3000)",>=5,2.4,2.5,2.45,71,1.53938040026,46.122452896,904,0.124879126951
65,"[2000,3000)",>=5,2.5,2.6,2.55,67,1.60221225333,41.8171811261,971,0.134134548971
65,"[2000,3000)",>=5,2.6,2.7,2.65,73,1.6650441064,43.8426824366,1044,0.144218814753
65,"[2000,3000)",>=5,2.7,2.8,2.75,86,1.72787595947,49.7720912942,1130,0.156098908689
65,"[2000,3000)",>=5,2.8,2.9,2.85,80,1.79070781255,44.6750717451,1210,0.167150158862
65,"[2000,3000)",>=5,2.9,3,2.95,95,1.85353966562,51.2532867584,1305,0.180273518442
65,"[2000,3000)",>=5,3,3.1,3.05,90,1.91637151869,46.9637536992,1395,0.192706174886
65,"[2000,3000)",>=5,3.1,3.2,3.15,79,1.97920337176,39.9150492199,1474,0.203619284432
65,"[2000,3000)",>=5,3.2,3.3,3.25,103,2.04203522483,50.4398742722,1577,0.217847769029
65,"[2000,3000)",>=5,3.3,3.4,3.35,102,2.10486707791,48.4591170011,1679,0.231938112999
65,"[2000,3000)",>=5,3.4,3.5,3.45,96,2.16769893098,44.2865928604,1775,0.245199613206
65,"[2000,3000)",>=5,3.5,3.6,3.55,108,2.23053078405,48.4189686026,1883,0.260118800939
65,"[2000,3000)",>=5,3.6,3.7,3.65,113,2.29336263712,49.2726262175,1996,0.275728691808
65,"[2000,3000)",>=5,3.7,3.8,3.75,109,2.35619449019,46.261036792,2105,0.290786020169
65,"[2000,3000)",>=5,3.8,3.9,3.85,118,2.41902634326,48.779956584,2223,0.307086614173
65,"[2000,3000)",>=5,3.9,4,3.95,121,2.48185819634,48.753792694,2344,0.323801630059
65,"[2000,3000)",>=5,4,4.1,4.05,88,2.54469004941,34.5818147953,2432,0.335958005249
65,"[2000,3000)",>=5,4.1,4.2,4.15,119,2.60752190248,45.6372005492,2551,0.352396739881
65,"[2000,3000)",>=5,4.2,4.3,4.25,139,2.67035375555,52.0530284465,2690,0.371598287056
65,"[2000,3000)",>=5,4.3,4.4,4.35,135,2.73318560862,49.3929133733,2825,0.390247271723
65,"[2000,3000)",>=5,4.4,4.5,4.45,122,2.79601746169,43.6334900162,2947,0.407100428236
65,"[2000,3000)",>=5,4.5,4.6,4.55,133,2.85884931477,46.5222141346,3080,0.425473131648
65,"[2000,3000)",>=5,4.6,4.7,4.65,137,2.92168116784,46.8908111905,3217,0.444398397569
65,"[2000,3000)",>=5,4.7,4.8,4.75,145,2.98451302091,48.5841405228,3362,0.464428788507
65,"[2000,3000)",>=5,4.8,4.9,4.85,171,3.04734487398,56.1144232345,3533,0.488050835751
65,"[2000,3000)",>=5,4.9,5,4.95,131,3.11017672705,42.1197930203,3664,0.506147257909
65,"[2000,3000)",>=5,5,5.1,5.05,153,3.17300858013,48.2192203823,3817,0.527282773864
65,"[2000,3000)",>=5,5.1,5.2,5.15,130,3.2358404332,40.1750341785,3947,0.545241055394
65,"[2000,3000)",>=5,5.2,5.3,5.25,138,3.29867228627,41.8350136127,4085,0.564304461942
65,"[2000,3000)",>=5,5.3,5.4,5.35,172,3.36150413934,51.1675704894,4257,0.588064649814
65,"[2000,3000)",>=5,5.4,5.5,5.45,144,3.42433599241,42.0519482665,4401,0.607956900124
65,"[2000,3000)",>=5,5.5,5.6,5.55,176,3.48716784548,50.4707567282,4577,0.632269650504
65,"[2000,3000)",>=5,5.6,5.7,5.65,165,3.54999969856,46.4788771861,4742,0.655062853985
65,"[2000,3000)",>=5,5.7,5.8,5.75,171,3.61283155163,47.3312961195,4913,0.678684901229
65,"[2000,3000)",>=5,5.8,5.9,5.85,164,3.6756634047,44.6177960121,5077,0.701339964083
65,"[2000,3000)",>=5,5.9,6,5.95,177,3.73849525777,47.3452519786,5254,0.72579085509
65,"[2000,3000)",>=5,6,6.1,6.05,172,3.80132711084,45.247355722,5426,0.749551042962
65,"[2000,3000)",>=5,6.1,6.2,6.15,150,3.86415896392,38.8182788029,5576,0.770272137036
65,"[2000,3000)",>=5,6.2,6.3,6.25,161,3.92699081699,40.9983133405,5737,0.792512778008
65,"[2000,3000)",>=5,6.3,6.4,6.35,163,3.98982267006,40.853946022,5900,0.815029700235
65,"[2000,3000)",>=5,6.4,6.5,6.45,163,4.05265452313,40.22055151,6063,0.837546622462
65,"[2000,3000)",>=5,6.5,6.6,6.55,188,4.1154863762,45.6811134371,6251,0.863517060367
65,"[2000,3000)",>=5,6.6,6.7,6.65,203,4.17831822927,48.5841405228,6454,0.891559607681
65,"[2000,3000)",>=5,6.7,6.8,6.75,158,4.24115008235,37.2540459385,6612,0.913385826772
65,"[2000,3000)",>=5,6.8,6.9,6.85,167,4.30398193542,38.8012780969,6779,0.936455311507
65,"[2000,3000)",>=5,6.9,7,6.95,123,4.36681378849,28.1669899285,6902,0.953446608648
65,"[2000,3000)",>=5,7,7.1,7.05,69,4.42964564156,15.5768667707,6971,0.962978311922
65,"[2000,3000)",>=5,7.1,7.2,7.15,42,4.49247749463,9.34896169211,7013,0.968780218262
65,"[2000,3000)",>=5,7.2,7.3,7.25,40,4.55530934771,8.78096237748,7053,0.974305843349
65,"[2000,3000)",>=5,7.3,7.4,7.35,18,4.61814120078,3.89767207572,7071,0.976792374637
65,"[2000,3000)",>=5,7.4,7.5,7.45,19,4.68097305385,4.05898512583,7090,0.979417046553
65,"[2000,3000)",>=5,7.5,7.6,7.55,9,4.74380490692,1.89721124216,7099,0.980660312198
65,"[2000,3000)",>=5,7.6,7.7,7.65,8,4.80663675999,1.66436541795,7107,0.981765437215
65,"[2000,3000)",>=5,7.7,7.8,7.75,6,4.86946861306,1.23216730136,7113,0.982594280978
65,"[2000,3000)",>=5,7.8,7.9,7.85,6,4.93230046614,1.21647090261,7119,0.983423124741
65,"[2000,3000)",>=5,7.9,8,7.95,5,4.99513231921,1.00097448485,7124,0.984113827877
65,"[2000,3000)",>=5,8,8.1,8.05,5,5.05796417228,0.988540019204,7129,0.984804531013
65,"[2000,3000)",>=5,8.1,8.2,8.15,4,5.12079602535,0.781128555052,7133,0.985357093521
65,"[2000,3000)",>=5,8.2,8.3,8.25,2,5.18362787842,0.385830165071,7135,0.985633374776
65,"[2000,3000)",>=5,8.3,8.4,8.35,2,5.24645973149,0.381209444531,7137,0.98590965603
65,"[2000,3000)",>=5,8.4,8.5,8.45,4,5.30929158457,0.753396180317,7141,0.986462218538
65,"[2000,3000)",>=5,8.5,8.6,8.55,0,5.37212343764,0,7141,0.986462218538
65,"[2000,3000)",>=5,8.6,8.7,8.65,5,5.43495529071,0.919970769317,7146,0.987152921674
65,"[2000,3000)",>=5,8.7,8.8,8.75,5,5.49778714378,0.909456817668,7151,0.98784362481
65,"[2000,3000)",>=5,8.8,8.9,8.85,2,5.56061899685,0.359672187778,7153,0.988119906064
65,"[2000,3000)",>=5,8.9,9,8.95,3,5.62345084993,0.533480256174,7156,0.988534327946
65,"[2000,3000)",>=5,9,9.1,9.05,3,5.686282703,0.527585446713,7159,0.988948749827
65,"[2000,3000)",>=5,9.1,9.2,9.15,2,5.74911455607,0.347879657031,7161,0.989225031082
65,"[2000,3000)",>=5,9.2,9.3,9.25,1,5.81194640914,0.172059397937,7162,0.989363171709
65,"[2000,3000)",>=5,9.3,9.4,9.35,5,5.87477826221,0.851095952363,7167,0.990053874845
65,"[2000,3000)",>=5,9.4,9.5,9.45,1,5.93761011528,0.168417929198,7168,0.990192015472
65,"[2000,3000)",>=5,9.5,9.6,9.55,3,6.00044196836,0.499963172016,7171,0.990606437353
65,"[2000,3000)",>=5,9.6,9.7,9.65,3,6.06327382143,0.494782206503,7174,0.991020859235
65,"[2000,3000)",>=5,9.7,9.8,9.75,4,6.1261056745,0.652943356274,7178,0.991573421743
65,"[2000,3000)",>=5,9.8,9.9,9.85,0,6.18893752757,0,7178,0.991573421743
65,"[2000,3000)",>=5,9.9,10,9.95,3,6.25176938064,0.479864150026,7181,0.991987843625
65,"[2000,3000)",>=5,10,10.1,10.05,0,6.31460123372,0,7181,0.991987843625
65,"[2000,3000)",>=5,10.1,10.2,10.15,2,6.37743308679,0.313605799196,7183,0.992264124879
65,"[2000,3000)",>=5,10.2,10.3,10.25,4,6.44026493986,0.621092460846,7187,0.992816687388
65,"[2000,3000)",>=5,10.3,10.4,10.35,2,6.50309679293,0.307545783752,7189,0.993092968642
65,"[2000,3000)",>=5,10.4,10.5,10.45,5,6.565928646,0.761506904746,7194,0.993783671778
65,"[2000,3000)",>=5,10.5,10.6,10.55,3,6.62876049907,0.452573297892,7197,0.994198093659
65,"[2000,3000)",>=5,10.6,10.7,10.65,1,6.69159235215,0.149441261119,7198,0.994336234287
65,"[2000,3000)",>=5,10.7,10.8,10.75,3,6.75442420522,0.444153329559,7201,0.994750656168
65,"[2000,3000)",>=5,10.8,10.9,10.85,2,6.81725605829,0.29337316699,7203,0.995026937422
65,"[2000,3000)",>=5,10.9,11,10.95,3,6.88008791136,0.436040939978,7206,0.995441359304
65,"[2000,3000)",>=5,11,11.1,11.05,5,6.94291976443,0.720158113538,7211,0.99613206244
65,"[2000,3000)",>=5,11.1,11.2,11.15,6,7.00575161751,0.856439155651,7217,0.996960906203
65,"[2000,3000)",>=5,11.2,11.3,11.25,2,7.06858347058,0.282942121052,7219,0.997237187457
65,"[2000,3000)",>=5,11.3,11.4,11.35,3,7.13141532365,0.420673858393,7222,0.997651609338
65,"[2000,3000)",>=5,11.4,11.5,11.45,3,7.19424717672,0.416999850896,7225,0.99806603122
65,"[2000,3000)",>=5,11.5,11.6,11.55,2,7.25707902979,0.275592975051,7227,0.998342312474
65,"[2000,3000)",>=5,11.6,11.7,11.65,5,7.31991088286,0.683068425287,7232,0.99903301561
65,"[2000,3000)",>=5,11.7,11.8,11.75,2,7.38274273594,0.270902030795,7234,0.999309296864
65,"[2000,3000)",>=5,11.8,11.9,11.85,2,7.44557458901,0.268615937708,7236,0.999585578119
65,"[2000,3000)",>=5,11.9,12,11.95,3,7.50840644208,0.39955215839,7239,1
