scope,yyyymm,source_file_id,step,count
global,,,input_entries,127692389
global,,,after_match_status,127691852
global,,,after_pincness,127691852
global,,,after_fitstat,127691852
global,,,after_theta,127691852
global,,,after_dcedge,90835802
global,,,after_finite,90835802
global,,,after_cell_selection,83905806
month,202201,,input_entries,66170123
month,202201,,after_match_status,66169586
month,202201,,after_pincness,66169586
month,202201,,after_fitstat,66169586
month,202201,,after_theta,66169586
month,202201,,after_dcedge,47139113
month,202201,,after_finite,47139113
month,202201,,after_cell_selection,43409052
month,202202,,input_entries,61522266
month,202202,,after_match_status,61522266
month,202202,,after_pincness,61522266
month,202202,,after_fitstat,61522266
month,202202,,after_theta,61522266
month,202202,,after_dcedge,43696689
month,202202,,after_finite,43696689
month,202202,,after_cell_selection,40496754
file,202201,0,input_entries,318133
file,202201,0,after_match_status,318133
file,202201,0,after_pincness,318133
file,202201,0,after_fitstat,318133
file,202201,0,after_theta,318133
file,202201,0,after_dcedge,228604
file,202201,0,after_finite,228604
file,202201,0,after_cell_selection,199913
file,202201,1,input_entries,155486
file,202201,1,after_match_status,155486
file,202201,1,after_pincness,155486
file,202201,1,after_fitstat,155486
file,202201,1,after_theta,155486
file,202201,1,after_dcedge,111074
file,202201,1,after_finite,111074
file,202201,1,after_cell_selection,104565
file,202201,2,input_entries,86920
file,202201,2,after_match_status,86920
file,202201,2,after_pincness,86920
file,202201,2,after_fitstat,86920
file,202201,2,after_theta,86920
file,202201,2,after_dcedge,62110
file,202201,2,after_finite,62110
file,202201,2,after_cell_selection,59822
file,202201,3,input_entries,89838
file,202201,3,after_match_status,89838
file,202201,3,after_pincness,89838
file,202201,3,after_fitstat,89838
file,202201,3,after_theta,89838
file,202201,3,after_dcedge,63935
file,202201,3,after_finite,63935
file,202201,3,after_cell_selection,61572
file,202201,4,input_entries,163844
file,202201,4,after_match_status,163844
file,202201,4,after_pincness,163844
file,202201,4,after_fitstat,163844
file,202201,4,after_theta,163844
file,202201,4,after_dcedge,116922
file,202201,4,after_finite,116922
file,202201,4,after_cell_selection,109698
file,202201,5,input_entries,284462
file,202201,5,after_match_status,284462
file,202201,5,after_pincness,284462
file,202201,5,after_fitstat,284462
file,202201,5,after_theta,284462
file,202201,5,after_dcedge,203521
file,202201,5,after_finite,203521
file,202201,5,after_cell_selection,180900
file,202201,6,input_entries,209176
file,202201,6,after_match_status,209176
file,202201,6,after_pincness,209176
file,202201,6,after_fitstat,209176
file,202201,6,after_theta,209176
file,202201,6,after_dcedge,149438
file,202201,6,after_finite,149438
file,202201,6,after_cell_selection,137229
file,202201,7,input_entries,104053
file,202201,7,after_match_status,104053
file,202201,7,after_pincness,104053
file,202201,7,after_fitstat,104053
file,202201,7,after_theta,104053
file,202201,7,after_dcedge,74017
file,202201,7,after_finite,74017
file,202201,7,after_cell_selection,71148
file,202201,8,input_entries,52471
file,202201,8,after_match_status,52471
file,202201,8,after_pincness,52471
file,202201,8,after_fitstat,52471
file,202201,8,after_theta,52471
file,202201,8,after_dcedge,37566
file,202201,8,after_finite,37566
file,202201,8,after_cell_selection,35970
file,202201,9,input_entries,28109
file,202201,9,after_match_status,28109
file,202201,9,after_pincness,28109
file,202201,9,after_fitstat,28109
file,202201,9,after_theta,28109
file,202201,9,after_dcedge,20129
file,202201,9,after_finite,20129
file,202201,9,after_cell_selection,18838
file,202201,10,input_entries,23341
file,202201,10,after_match_status,23341
file,202201,10,after_pincness,23341
file,202201,10,after_fitstat,23341
file,202201,10,after_theta,23341
file,202201,10,after_dcedge,16763
file,202201,10,after_finite,16763
file,202201,10,after_cell_selection,15643
file,202201,11,input_entries,22481
file,202201,11,after_match_status,22481
file,202201,11,after_pincness,22481
file,202201,11,after_fitstat,22481
file,202201,11,after_theta,22481
file,202201,11,after_dcedge,16095
file,202201,11,after_finite,16095
file,202201,11,after_cell_selection,14924
file,202201,12,input_entries,21758
file,202201,12,after_match_status,21758
file,202201,12,after_pincness,21758
file,202201,12,after_fitstat,21758
file,202201,12,after_theta,21758
file,202201,12,after_dcedge,15579
file,202201,12,after_finite,15579
file,202201,12,after_cell_selection,14476
file,202201,13,input_entries,22793
file,202201,13,after_match_status,22793
file,202201,13,after_pincness,22793
file,202201,13,after_fitstat,22793
file,202201,13,after_theta,22793
file,202201,13,after_dcedge,16221
file,202201,13,after_finite,16221
file,202201,13,after_cell_selection,15040
file,202201,14,input_entries,2749
file,202201,14,after_match_status,2749
file,202201,14,after_pincness,2749
file,202201,14,after_fitstat,2749
file,202201,14,after_theta,2749
file,202201,14,after_dcedge,1984
file,202201,14,after_finite,1984
file,202201,14,after_cell_selection,1845
file,202201,15,input_entries,4963
file,202201,15,after_match_status,4963
file,202201,15,after_pincness,4963
file,202201,15,after_fitstat,4963
file,202201,15,after_theta,4963
file,202201,15,after_dcedge,3516
file,202201,15,after_finite,3516
file,202201,15,after_cell_selection,3285
file,202201,16,input_entries,23137
file,202201,16,after_match_status,23137
file,202201,16,after_pincness,23137
file,202201,16,after_fitstat,23137
file,202201,16,after_theta,23137
file,202201,16,after_dcedge,16461
file,202201,16,after_finite,16461
file,202201,16,after_cell_selection,15289
file,202201,17,input_entries,23196
file,202201,17,after_match_status,23196
file,202201,17,after_pincness,23196
file,202201,17,after_fitstat,23196
file,202201,17,after_theta,23196
file,202201,17,after_dcedge,16569
file,202201,17,after_finite,16569
file,202201,17,after_cell_selection,15386
file,202201,18,input_entries,23261
file,202201,18,after_match_status,23261
file,202201,18,after_pincness,23261
file,202201,18,after_fitstat,23261
file,202201,18,after_theta,23261
file,202201,18,after_dcedge,16580
file,202201,18,after_finite,16580
file,202201,18,after_cell_selection,15434
file,202201,19,input_entries,27117
file,202201,19,after_match_status,27117
file,202201,19,after_pincness,27117
file,202201,19,after_fitstat,27117
file,202201,19,after_theta,27117
file,202201,19,after_dcedge,19286
file,202201,19,after_finite,19286
file,202201,19,after_cell_selection,18049
file,202201,20,input_entries,51036
file,202201,20,after_match_status,51036
file,202201,20,after_pincness,51036
file,202201,20,after_fitstat,51036
file,202201,20,after_theta,51036
file,202201,20,after_dcedge,36152
file,202201,20,after_finite,36152
file,202201,20,after_cell_selection,34431
file,202201,21,input_entries,115743
file,202201,21,after_match_status,115206
file,202201,21,after_pincness,115206
file,202201,21,after_fitstat,115206
file,202201,21,after_theta,115206
file,202201,21,after_dcedge,81701
file,202201,21,after_finite,81701
file,202201,21,after_cell_selection,77839
file,202201,22,input_entries,275581
file,202201,22,after_match_status,275581
file,202201,22,after_pincness,275581
file,202201,22,after_fitstat,275581
file,202201,22,after_theta,275581
file,202201,22,after_dcedge,197531
file,202201,22,after_finite,197531
file,202201,22,after_cell_selection,175541
file,202201,23,input_entries,316091
file,202201,23,after_match_status,316091
file,202201,23,after_pincness,316091
file,202201,23,after_fitstat,316091
file,202201,23,after_theta,316091
file,202201,23,after_dcedge,226873
file,202201,23,after_finite,226873
file,202201,23,after_cell_selection,198900
file,202201,24,input_entries,148283
file,202201,24,after_match_status,148283
file,202201,24,after_pincness,148283
file,202201,24,after_fitstat,148283
file,202201,24,after_theta,148283
file,202201,24,after_dcedge,106044
file,202201,24,after_finite,106044
file,202201,24,after_cell_selection,100119
file,202201,25,input_entries,83343
file,202201,25,after_match_status,83343
file,202201,25,after_pincness,83343
file,202201,25,after_fitstat,83343
file,202201,25,after_theta,83343
file,202201,25,after_dcedge,59379
file,202201,25,after_finite,59379
file,202201,25,after_cell_selection,57151
file,202201,26,input_entries,91737
file,202201,26,after_match_status,91737
file,202201,26,after_pincness,91737
file,202201,26,after_fitstat,91737
file,202201,26,after_theta,91737
file,202201,26,after_dcedge,65377
file,202201,26,after_finite,65377
file,202201,26,after_cell_selection,62859
file,202201,27,input_entries,177240
file,202201,27,after_match_status,177240
file,202201,27,after_pincness,177240
file,202201,27,after_fitstat,177240
file,202201,27,after_theta,177240
file,202201,27,after_dcedge,126121
file,202201,27,after_finite,126121
file,202201,27,after_cell_selection,117998
file,202201,28,input_entries,292138
file,202201,28,after_match_status,292138
file,202201,28,after_pincness,292138
file,202201,28,after_fitstat,292138
file,202201,28,after_theta,292138
file,202201,28,after_dcedge,208165
file,202201,28,after_finite,208165
file,202201,28,after_cell_selection,185126
file,202201,29,input_entries,211728
file,202201,29,after_match_status,211728
file,202201,29,after_pincness,211728
file,202201,29,after_fitstat,211728
file,202201,29,after_theta,211728
file,202201,29,after_dcedge,151150
file,202201,29,after_finite,151150
file,202201,29,after_cell_selection,139355
file,202201,30,input_entries,100778
file,202201,30,after_match_status,100778
file,202201,30,after_pincness,100778
file,202201,30,after_fitstat,100778
file,202201,30,after_theta,100778
file,202201,30,after_dcedge,71399
file,202201,30,after_finite,71399
file,202201,30,after_cell_selection,68587
file,202201,31,input_entries,51270
file,202201,31,after_match_status,51270
file,202201,31,after_pincness,51270
file,202201,31,after_fitstat,51270
file,202201,31,after_theta,51270
file,202201,31,after_dcedge,36630
file,202201,31,after_finite,36630
file,202201,31,after_cell_selection,34988
file,202201,32,input_entries,28677
file,202201,32,after_match_status,28677
file,202201,32,after_pincness,28677
file,202201,32,after_fitstat,28677
file,202201,32,after_theta,28677
file,202201,32,after_dcedge,20607
file,202201,32,after_finite,20607
file,202201,32,after_cell_selection,19329
file,202201,33,input_entries,22670
file,202201,33,after_match_status,22670
file,202201,33,after_pincness,22670
file,202201,33,after_fitstat,22670
file,202201,33,after_theta,22670
file,202201,33,after_dcedge,16087
file,202201,33,after_finite,16087
file,202201,33,after_cell_selection,14950
file,202201,34,input_entries,22455
file,202201,34,after_match_status,22455
file,202201,34,after_pincness,22455
file,202201,34,after_fitstat,22455
file,202201,34,after_theta,22455
file,202201,34,after_dcedge,15980
file,202201,34,after_finite,15980
file,202201,34,after_cell_selection,14870
file,202201,35,input_entries,22849
file,202201,35,after_match_status,22849
file,202201,35,after_pincness,22849
file,202201,35,after_fitstat,22849
file,202201,35,after_theta,22849
file,202201,35,after_dcedge,16417
file,202201,35,after_finite,16417
file,202201,35,after_cell_selection,15261
file,202201,36,input_entries,22546
file,202201,36,after_match_status,22546
file,202201,36,after_pincness,22546
file,202201,36,after_fitstat,22546
file,202201,36,after_theta,22546
file,202201,36,after_dcedge,16089
file,202201,36,after_finite,16089
file,202201,36,after_cell_selection,14950
file,202201,37,input_entries,747
file,202201,37,after_match_status,747
file,202201,37,after_pincness,747
file,202201,37,after_fitstat,747
file,202201,37,after_theta,747
file,202201,37,after_dcedge,542
file,202201,37,after_finite,542
file,202201,37,after_cell_selection,516
file,202201,38,input_entries,6628
file,202201,38,after_match_status,6628
file,202201,38,after_pincness,6628
file,202201,38,after_fitstat,6628
file,202201,38,after_theta,6628
file,202201,38,after_dcedge,4696
file,202201,38,after_finite,4696
file,202201,38,after_cell_selection,4369
file,202201,39,input_entries,23150
file,202201,39,after_match_status,23150
file,202201,39,after_pincness,23150
file,202201,39,after_fitstat,23150
file,202201,39,after_theta,23150
file,202201,39,after_dcedge,16401
file,202201,39,after_finite,16401
file,202201,39,after_cell_selection,15258
file,202201,40,input_entries,23639
file,202201,40,after_match_status,23639
file,202201,40,after_pincness,23639
file,202201,40,after_fitstat,23639
file,202201,40,after_theta,23639
file,202201,40,after_dcedge,16984
file,202201,40,after_finite,16984
file,202201,40,after_cell_selection,15763
file,202201,41,input_entries,22748
file,202201,41,after_match_status,22748
file,202201,41,after_pincness,22748
file,202201,41,after_fitstat,22748
file,202201,41,after_theta,22748
file,202201,41,after_dcedge,16246
file,202201,41,after_finite,16246
file,202201,41,after_cell_selection,15070
file,202201,42,input_entries,29277
file,202201,42,after_match_status,29277
file,202201,42,after_pincness,29277
file,202201,42,after_fitstat,29277
file,202201,42,after_theta,29277
file,202201,42,after_dcedge,20910
file,202201,42,after_finite,20910
file,202201,42,after_cell_selection,19515
file,202201,43,input_entries,55809
file,202201,43,after_match_status,55809
file,202201,43,after_pincness,55809
file,202201,43,after_fitstat,55809
file,202201,43,after_theta,55809
file,202201,43,after_dcedge,39645
file,202201,43,after_finite,39645
file,202201,43,after_cell_selection,37848
file,202201,44,input_entries,119756
file,202201,44,after_match_status,119756
file,202201,44,after_pincness,119756
file,202201,44,after_fitstat,119756
file,202201,44,after_theta,119756
file,202201,44,after_dcedge,85055
file,202201,44,after_finite,85055
file,202201,44,after_cell_selection,80854
file,202201,45,input_entries,286588
file,202201,45,after_match_status,286588
file,202201,45,after_pincness,286588
file,202201,45,after_fitstat,286588
file,202201,45,after_theta,286588
file,202201,45,after_dcedge,205622
file,202201,45,after_finite,205622
file,202201,45,after_cell_selection,182062
file,202201,46,input_entries,307580
file,202201,46,after_match_status,307580
file,202201,46,after_pincness,307580
file,202201,46,after_fitstat,307580
file,202201,46,after_theta,307580
file,202201,46,after_dcedge,221441
file,202201,46,after_finite,221441
file,202201,46,after_cell_selection,194887
file,202201,47,input_entries,143465
file,202201,47,after_match_status,143465
file,202201,47,after_pincness,143465
file,202201,47,after_fitstat,143465
file,202201,47,after_theta,143465
file,202201,47,after_dcedge,102654
file,202201,47,after_finite,102654
file,202201,47,after_cell_selection,97442
file,202201,48,input_entries,84970
file,202201,48,after_match_status,84970
file,202201,48,after_pincness,84970
file,202201,48,after_fitstat,84970
file,202201,48,after_theta,84970
file,202201,48,after_dcedge,60667
file,202201,48,after_finite,60667
file,202201,48,after_cell_selection,58504
file,202201,49,input_entries,95501
file,202201,49,after_match_status,95501
file,202201,49,after_pincness,95501
file,202201,49,after_fitstat,95501
file,202201,49,after_theta,95501
file,202201,49,after_dcedge,67875
file,202201,49,after_finite,67875
file,202201,49,after_cell_selection,65278
file,202201,50,input_entries,184713
file,202201,50,after_match_status,184713
file,202201,50,after_pincness,184713
file,202201,50,after_fitstat,184713
file,202201,50,after_theta,184713
file,202201,50,after_dcedge,131923
file,202201,50,after_finite,131923
file,202201,50,after_cell_selection,122809
file,202201,51,input_entries,289084
file,202201,51,after_match_status,289084
file,202201,51,after_pincness,289084
file,202201,51,after_fitstat,289084
file,202201,51,after_theta,289084
file,202201,51,after_dcedge,206286
file,202201,51,after_finite,206286
file,202201,51,after_cell_selection,183353
file,202201,52,input_entries,202118
file,202201,52,after_match_status,202118
file,202201,52,after_pincness,202118
file,202201,52,after_fitstat,202118
file,202201,52,after_theta,202118
file,202201,52,after_dcedge,144040
file,202201,52,after_finite,144040
file,202201,52,after_cell_selection,133471
file,202201,53,input_entries,97703
file,202201,53,after_match_status,97703
file,202201,53,after_pincness,97703
file,202201,53,after_fitstat,97703
file,202201,53,after_theta,97703
file,202201,53,after_dcedge,69234
file,202201,53,after_finite,69234
file,202201,53,after_cell_selection,66586
file,202201,54,input_entries,49808
file,202201,54,after_match_status,49808
file,202201,54,after_pincness,49808
file,202201,54,after_fitstat,49808
file,202201,54,after_theta,49808
file,202201,54,after_dcedge,35542
file,202201,54,after_finite,35542
file,202201,54,after_cell_selection,33915
file,202201,55,input_entries,27906
file,202201,55,after_match_status,27906
file,202201,55,after_pincness,27906
file,202201,55,after_fitstat,27906
file,202201,55,after_theta,27906
file,202201,55,after_dcedge,20036
file,202201,55,after_finite,20036
file,202201,55,after_cell_selection,18725
file,202201,56,input_entries,23550
file,202201,56,after_match_status,23550
file,202201,56,after_pincness,23550
file,202201,56,after_fitstat,23550
file,202201,56,after_theta,23550
file,202201,56,after_dcedge,16981
file,202201,56,after_finite,16981
file,202201,56,after_cell_selection,15735
file,202201,57,input_entries,23641
file,202201,57,after_match_status,23641
file,202201,57,after_pincness,23641
file,202201,57,after_fitstat,23641
file,202201,57,after_theta,23641
file,202201,57,after_dcedge,16918
file,202201,57,after_finite,16918
file,202201,57,after_cell_selection,15784
file,202201,58,input_entries,23071
file,202201,58,after_match_status,23071
file,202201,58,after_pincness,23071
file,202201,58,after_fitstat,23071
file,202201,58,after_theta,23071
file,202201,58,after_dcedge,16423
file,202201,58,after_finite,16423
file,202201,58,after_cell_selection,15313
file,202201,59,input_entries,22696
file,202201,59,after_match_status,22696
file,202201,59,after_pincness,22696
file,202201,59,after_fitstat,22696
file,202201,59,after_theta,22696
file,202201,59,after_dcedge,16262
file,202201,59,after_finite,16262
file,202201,59,after_cell_selection,15242
file,202201,60,input_entries,8203
file,202201,60,after_match_status,8203
file,202201,60,after_pincness,8203
file,202201,60,after_fitstat,8203
file,202201,60,after_theta,8203
file,202201,60,after_dcedge,5837
file,202201,60,after_finite,5837
file,202201,60,after_cell_selection,5402
file,202201,61,input_entries,23745
file,202201,61,after_match_status,23745
file,202201,61,after_pincness,23745
file,202201,61,after_fitstat,23745
file,202201,61,after_theta,23745
file,202201,61,after_dcedge,16910
file,202201,61,after_finite,16910
file,202201,61,after_cell_selection,15731
file,202201,62,input_entries,24328
file,202201,62,after_match_status,24328
file,202201,62,after_pincness,24328
file,202201,62,after_fitstat,24328
file,202201,62,after_theta,24328
file,202201,62,after_dcedge,17427
file,202201,62,after_finite,17427
file,202201,62,after_cell_selection,16246
file,202201,63,input_entries,24204
file,202201,63,after_match_status,24204
file,202201,63,after_pincness,24204
file,202201,63,after_fitstat,24204
file,202201,63,after_theta,24204
file,202201,63,after_dcedge,17257
file,202201,63,after_finite,17257
file,202201,63,after_cell_selection,16056
file,202201,64,input_entries,30170
file,202201,64,after_match_status,30170
file,202201,64,after_pincness,30170
file,202201,64,after_fitstat,30170
file,202201,64,after_theta,30170
file,202201,64,after_dcedge,21535
file,202201,64,after_finite,21535
file,202201,64,after_cell_selection,20223
file,202201,65,input_entries,58955
file,202201,65,after_match_status,58955
file,202201,65,after_pincness,58955
file,202201,65,after_fitstat,58955
file,202201,65,after_theta,58955
file,202201,65,after_dcedge,41676
file,202201,65,after_finite,41676
file,202201,65,after_cell_selection,39826
file,202201,66,input_entries,135033
file,202201,66,after_match_status,135033
file,202201,66,after_pincness,135033
file,202201,66,after_fitstat,135033
file,202201,66,after_theta,135033
file,202201,66,after_dcedge,96027
file,202201,66,after_finite,96027
file,202201,66,after_cell_selection,90927
file,202201,67,input_entries,306804
file,202201,67,after_match_status,306804
file,202201,67,after_pincness,306804
file,202201,67,after_fitstat,306804
file,202201,67,after_theta,306804
file,202201,67,after_dcedge,220225
file,202201,67,after_finite,220225
file,202201,67,after_cell_selection,194467
file,202201,68,input_entries,296297
file,202201,68,after_match_status,296297
file,202201,68,after_pincness,296297
file,202201,68,after_fitstat,296297
file,202201,68,after_theta,296297
file,202201,68,after_dcedge,213046
file,202201,68,after_finite,213046
file,202201,68,after_cell_selection,188377
file,202201,69,input_entries,139533
file,202201,69,after_match_status,139533
file,202201,69,after_pincness,139533
file,202201,69,after_fitstat,139533
file,202201,69,after_theta,139533
file,202201,69,after_dcedge,99588
file,202201,69,after_finite,99588
file,202201,69,after_cell_selection,94723
file,202201,70,input_entries,87740
file,202201,70,after_match_status,87740
file,202201,70,after_pincness,87740
file,202201,70,after_fitstat,87740
file,202201,70,after_theta,87740
file,202201,70,after_dcedge,62373
file,202201,70,after_finite,62373
file,202201,70,after_cell_selection,60013
file,202201,71,input_entries,103121
file,202201,71,after_match_status,103121
file,202201,71,after_pincness,103121
file,202201,71,after_fitstat,103121
file,202201,71,after_theta,103121
file,202201,71,after_dcedge,73467
file,202201,71,after_finite,73467
file,202201,71,after_cell_selection,70622
file,202201,72,input_entries,196570
file,202201,72,after_match_status,196570
file,202201,72,after_pincness,196570
file,202201,72,after_fitstat,196570
file,202201,72,after_theta,196570
file,202201,72,after_dcedge,139789
file,202201,72,after_finite,139789
file,202201,72,after_cell_selection,129912
file,202201,73,input_entries,297575
file,202201,73,after_match_status,297575
file,202201,73,after_pincness,297575
file,202201,73,after_fitstat,297575
file,202201,73,after_theta,297575
file,202201,73,after_dcedge,211998
file,202201,73,after_finite,211998
file,202201,73,after_cell_selection,189468
file,202201,74,input_entries,198859
file,202201,74,after_match_status,198859
file,202201,74,after_pincness,198859
file,202201,74,after_fitstat,198859
file,202201,74,after_theta,198859
file,202201,74,after_dcedge,141766
file,202201,74,after_finite,141766
file,202201,74,after_cell_selection,131767
file,202201,75,input_entries,95639
file,202201,75,after_match_status,95639
file,202201,75,after_pincness,95639
file,202201,75,after_fitstat,95639
file,202201,75,after_theta,95639
file,202201,75,after_dcedge,67905
file,202201,75,after_finite,67905
file,202201,75,after_cell_selection,65018
file,202201,76,input_entries,49736
file,202201,76,after_match_status,49736
file,202201,76,after_pincness,49736
file,202201,76,after_fitstat,49736
file,202201,76,after_theta,49736
file,202201,76,after_dcedge,35491
file,202201,76,after_finite,35491
file,202201,76,after_cell_selection,33805
file,202201,77,input_entries,28847
file,202201,77,after_match_status,28847
file,202201,77,after_pincness,28847
file,202201,77,after_fitstat,28847
file,202201,77,after_theta,28847
file,202201,77,after_dcedge,20701
file,202201,77,after_finite,20701
file,202201,77,after_cell_selection,19354
file,202201,78,input_entries,24479
file,202201,78,after_match_status,24479
file,202201,78,after_pincness,24479
file,202201,78,after_fitstat,24479
file,202201,78,after_theta,24479
file,202201,78,after_dcedge,17484
file,202201,78,after_finite,17484
file,202201,78,after_cell_selection,16244
file,202201,79,input_entries,25151
file,202201,79,after_match_status,25151
file,202201,79,after_pincness,25151
file,202201,79,after_fitstat,25151
file,202201,79,after_theta,25151
file,202201,79,after_dcedge,17957
file,202201,79,after_finite,17957
file,202201,79,after_cell_selection,16678
file,202201,80,input_entries,24669
file,202201,80,after_match_status,24669
file,202201,80,after_pincness,24669
file,202201,80,after_fitstat,24669
file,202201,80,after_theta,24669
file,202201,80,after_dcedge,17523
file,202201,80,after_finite,17523
file,202201,80,after_cell_selection,16309
file,202201,81,input_entries,22638
file,202201,81,after_match_status,22638
file,202201,81,after_pincness,22638
file,202201,81,after_fitstat,22638
file,202201,81,after_theta,22638
file,202201,81,after_dcedge,16131
file,202201,81,after_finite,16131
file,202201,81,after_cell_selection,15013
file,202201,82,input_entries,10234
file,202201,82,after_match_status,10234
file,202201,82,after_pincness,10234
file,202201,82,after_fitstat,10234
file,202201,82,after_theta,10234
file,202201,82,after_dcedge,7276
file,202201,82,after_finite,7276
file,202201,82,after_cell_selection,6787
file,202201,83,input_entries,24891
file,202201,83,after_match_status,24891
file,202201,83,after_pincness,24891
file,202201,83,after_fitstat,24891
file,202201,83,after_theta,24891
file,202201,83,after_dcedge,17804
file,202201,83,after_finite,17804
file,202201,83,after_cell_selection,16544
file,202201,84,input_entries,25078
file,202201,84,after_match_status,25078
file,202201,84,after_pincness,25078
file,202201,84,after_fitstat,25078
file,202201,84,after_theta,25078
file,202201,84,after_dcedge,17862
file,202201,84,after_finite,17862
file,202201,84,after_cell_selection,16602
file,202201,85,input_entries,24595
file,202201,85,after_match_status,24595
file,202201,85,after_pincness,24595
file,202201,85,after_fitstat,24595
file,202201,85,after_theta,24595
file,202201,85,after_dcedge,17587
file,202201,85,after_finite,17587
file,202201,85,after_cell_selection,16320
file,202201,86,input_entries,32450
file,202201,86,after_match_status,32450
file,202201,86,after_pincness,32450
file,202201,86,after_fitstat,32450
file,202201,86,after_theta,32450
file,202201,86,after_dcedge,23208
file,202201,86,after_finite,23208
file,202201,86,after_cell_selection,21735
file,202201,87,input_entries,64045
file,202201,87,after_match_status,64045
file,202201,87,after_pincness,64045
file,202201,87,after_fitstat,64045
file,202201,87,after_theta,64045
file,202201,87,after_dcedge,45561
file,202201,87,after_finite,45561
file,202201,87,after_cell_selection,43499
file,202201,88,input_entries,140994
file,202201,88,after_match_status,140994
file,202201,88,after_pincness,140994
file,202201,88,after_fitstat,140994
file,202201,88,after_theta,140994
file,202201,88,after_dcedge,100479
file,202201,88,after_finite,100479
file,202201,88,after_cell_selection,94803
file,202201,89,input_entries,311730
file,202201,89,after_match_status,311730
file,202201,89,after_pincness,311730
file,202201,89,after_fitstat,311730
file,202201,89,after_theta,311730
file,202201,89,after_dcedge,223050
file,202201,89,after_finite,223050
file,202201,89,after_cell_selection,197441
file,202201,90,input_entries,288170
file,202201,90,after_match_status,288170
file,202201,90,after_pincness,288170
file,202201,90,after_fitstat,288170
file,202201,90,after_theta,288170
file,202201,90,after_dcedge,207267
file,202201,90,after_finite,207267
file,202201,90,after_cell_selection,184825
file,202201,91,input_entries,131826
file,202201,91,after_match_status,131826
file,202201,91,after_pincness,131826
file,202201,91,after_fitstat,131826
file,202201,91,after_theta,131826
file,202201,91,after_dcedge,94444
file,202201,91,after_finite,94444
file,202201,91,after_cell_selection,89886
file,202201,92,input_entries,84432
file,202201,92,after_match_status,84432
file,202201,92,after_pincness,84432
file,202201,92,after_fitstat,84432
file,202201,92,after_theta,84432
file,202201,92,after_dcedge,60476
file,202201,92,after_finite,60476
file,202201,92,after_cell_selection,58014
file,202201,93,input_entries,103752
file,202201,93,after_match_status,103752
file,202201,93,after_pincness,103752
file,202201,93,after_fitstat,103752
file,202201,93,after_theta,103752
file,202201,93,after_dcedge,73786
file,202201,93,after_finite,73786
file,202201,93,after_cell_selection,70688
file,202201,94,input_entries,208365
file,202201,94,after_match_status,208365
file,202201,94,after_pincness,208365
file,202201,94,after_fitstat,208365
file,202201,94,after_theta,208365
file,202201,94,after_dcedge,148428
file,202201,94,after_finite,148428
file,202201,94,after_cell_selection,136977
file,202201,95,input_entries,295117
file,202201,95,after_match_status,295117
file,202201,95,after_pincness,295117
file,202201,95,after_fitstat,295117
file,202201,95,after_theta,295117
file,202201,95,after_dcedge,210456
file,202201,95,after_finite,210456
file,202201,95,after_cell_selection,187938
file,202201,96,input_entries,193266
file,202201,96,after_match_status,193266
file,202201,96,after_pincness,193266
file,202201,96,after_fitstat,193266
file,202201,96,after_theta,193266
file,202201,96,after_dcedge,137880
file,202201,96,after_finite,137880
file,202201,96,after_cell_selection,128634
file,202201,97,input_entries,93970
file,202201,97,after_match_status,93970
file,202201,97,after_pincness,93970
file,202201,97,after_fitstat,93970
file,202201,97,after_theta,93970
file,202201,97,after_dcedge,67140
file,202201,97,after_finite,67140
file,202201,97,after_cell_selection,64366
file,202201,98,input_entries,48035
file,202201,98,after_match_status,48035
file,202201,98,after_pincness,48035
file,202201,98,after_fitstat,48035
file,202201,98,after_theta,48035
file,202201,98,after_dcedge,34355
file,202201,98,after_finite,34355
file,202201,98,after_cell_selection,32705
file,202201,99,input_entries,28152
file,202201,99,after_match_status,28152
file,202201,99,after_pincness,28152
file,202201,99,after_fitstat,28152
file,202201,99,after_theta,28152
file,202201,99,after_dcedge,20282
file,202201,99,after_finite,20282
file,202201,99,after_cell_selection,19014
file,202201,100,input_entries,24692
file,202201,100,after_match_status,24692
file,202201,100,after_pincness,24692
file,202201,100,after_fitstat,24692
file,202201,100,after_theta,24692
file,202201,100,after_dcedge,17738
file,202201,100,after_finite,17738
file,202201,100,after_cell_selection,16485
file,202201,101,input_entries,24298
file,202201,101,after_match_status,24298
file,202201,101,after_pincness,24298
file,202201,101,after_fitstat,24298
file,202201,101,after_theta,24298
file,202201,101,after_dcedge,17353
file,202201,101,after_finite,17353
file,202201,101,after_cell_selection,16110
file,202201,102,input_entries,24254
file,202201,102,after_match_status,24254
file,202201,102,after_pincness,24254
file,202201,102,after_fitstat,24254
file,202201,102,after_theta,24254
file,202201,102,after_dcedge,17455
file,202201,102,after_finite,17455
file,202201,102,after_cell_selection,16218
file,202201,103,input_entries,21400
file,202201,103,after_match_status,21400
file,202201,103,after_pincness,21400
file,202201,103,after_fitstat,21400
file,202201,103,after_theta,21400
file,202201,103,after_dcedge,15304
file,202201,103,after_finite,15304
file,202201,103,after_cell_selection,14216
file,202201,104,input_entries,24784
file,202201,104,after_match_status,24784
file,202201,104,after_pincness,24784
file,202201,104,after_fitstat,24784
file,202201,104,after_theta,24784
file,202201,104,after_dcedge,17634
file,202201,104,after_finite,17634
file,202201,104,after_cell_selection,16341
file,202201,105,input_entries,24951
file,202201,105,after_match_status,24951
file,202201,105,after_pincness,24951
file,202201,105,after_fitstat,24951
file,202201,105,after_theta,24951
file,202201,105,after_dcedge,17948
file,202201,105,after_finite,17948
file,202201,105,after_cell_selection,16628
file,202201,106,input_entries,34241
file,202201,106,after_match_status,34241
file,202201,106,after_pincness,34241
file,202201,106,after_fitstat,34241
file,202201,106,after_theta,34241
file,202201,106,after_dcedge,24563
file,202201,106,after_finite,24563
file,202201,106,after_cell_selection,23094
file,202201,107,input_entries,68311
file,202201,107,after_match_status,68311
file,202201,107,after_pincness,68311
file,202201,107,after_fitstat,68311
file,202201,107,after_theta,68311
file,202201,107,after_dcedge,48301
file,202201,107,after_finite,48301
file,202201,107,after_cell_selection,46062
file,202201,108,input_entries,157030
file,202201,108,after_match_status,157030
file,202201,108,after_pincness,157030
file,202201,108,after_fitstat,157030
file,202201,108,after_theta,157030
file,202201,108,after_dcedge,111684
file,202201,108,after_finite,111684
file,202201,108,after_cell_selection,104898
file,202201,109,input_entries,284360
file,202201,109,after_match_status,284360
file,202201,109,after_pincness,284360
file,202201,109,after_fitstat,284360
file,202201,109,after_theta,284360
file,202201,109,after_dcedge,204028
file,202201,109,after_finite,204028
file,202201,109,after_cell_selection,182644
file,202201,110,input_entries,125244
file,202201,110,after_match_status,125244
file,202201,110,after_pincness,125244
file,202201,110,after_fitstat,125244
file,202201,110,after_theta,125244
file,202201,110,after_dcedge,89403
file,202201,110,after_finite,89403
file,202201,110,after_cell_selection,85227
file,202201,111,input_entries,87723
file,202201,111,after_match_status,87723
file,202201,111,after_pincness,87723
file,202201,111,after_fitstat,87723
file,202201,111,after_theta,87723
file,202201,111,after_dcedge,62614
file,202201,111,after_finite,62614
file,202201,111,after_cell_selection,60105
file,202201,112,input_entries,108308
file,202201,112,after_match_status,108308
file,202201,112,after_pincness,108308
file,202201,112,after_fitstat,108308
file,202201,112,after_theta,108308
file,202201,112,after_dcedge,77186
file,202201,112,after_finite,77186
file,202201,112,after_cell_selection,73871
file,202201,113,input_entries,212683
file,202201,113,after_match_status,212683
file,202201,113,after_pincness,212683
file,202201,113,after_fitstat,212683
file,202201,113,after_theta,212683
file,202201,113,after_dcedge,151627
file,202201,113,after_finite,151627
file,202201,113,after_cell_selection,139354
file,202201,114,input_entries,289391
file,202201,114,after_match_status,289391
file,202201,114,after_pincness,289391
file,202201,114,after_fitstat,289391
file,202201,114,after_theta,289391
file,202201,114,after_dcedge,206464
file,202201,114,after_finite,206464
file,202201,114,after_cell_selection,184229
file,202201,115,input_entries,178968
file,202201,115,after_match_status,178968
file,202201,115,after_pincness,178968
file,202201,115,after_fitstat,178968
file,202201,115,after_theta,178968
file,202201,115,after_dcedge,127585
file,202201,115,after_finite,127585
file,202201,115,after_cell_selection,119455
file,202201,116,input_entries,86514
file,202201,116,after_match_status,86514
file,202201,116,after_pincness,86514
file,202201,116,after_fitstat,86514
file,202201,116,after_theta,86514
file,202201,116,after_dcedge,61529
file,202201,116,after_finite,61529
file,202201,116,after_cell_selection,58988
file,202201,117,input_entries,45217
file,202201,117,after_match_status,45217
file,202201,117,after_pincness,45217
file,202201,117,after_fitstat,45217
file,202201,117,after_theta,45217
file,202201,117,after_dcedge,32389
file,202201,117,after_finite,32389
file,202201,117,after_cell_selection,30651
file,202201,118,input_entries,27624
file,202201,118,after_match_status,27624
file,202201,118,after_pincness,27624
file,202201,118,after_fitstat,27624
file,202201,118,after_theta,27624
file,202201,118,after_dcedge,19810
file,202201,118,after_finite,19810
file,202201,118,after_cell_selection,18411
file,202201,119,input_entries,23568
file,202201,119,after_match_status,23568
file,202201,119,after_pincness,23568
file,202201,119,after_fitstat,23568
file,202201,119,after_theta,23568
file,202201,119,after_dcedge,16716
file,202201,119,after_finite,16716
file,202201,119,after_cell_selection,15528
file,202201,120,input_entries,24093
file,202201,120,after_match_status,24093
file,202201,120,after_pincness,24093
file,202201,120,after_fitstat,24093
file,202201,120,after_theta,24093
file,202201,120,after_dcedge,17223
file,202201,120,after_finite,17223
file,202201,120,after_cell_selection,15917
file,202201,121,input_entries,24722
file,202201,121,after_match_status,24722
file,202201,121,after_pincness,24722
file,202201,121,after_fitstat,24722
file,202201,121,after_theta,24722
file,202201,121,after_dcedge,17700
file,202201,121,after_finite,17700
file,202201,121,after_cell_selection,16411
file,202201,122,input_entries,19059
file,202201,122,after_match_status,19059
file,202201,122,after_pincness,19059
file,202201,122,after_fitstat,19059
file,202201,122,after_theta,19059
file,202201,122,after_dcedge,13728
file,202201,122,after_finite,13728
file,202201,122,after_cell_selection,12761
file,202201,123,input_entries,13169
file,202201,123,after_match_status,13169
file,202201,123,after_pincness,13169
file,202201,123,after_fitstat,13169
file,202201,123,after_theta,13169
file,202201,123,after_dcedge,9444
file,202201,123,after_finite,9444
file,202201,123,after_cell_selection,8793
file,202201,124,input_entries,24520
file,202201,124,after_match_status,24520
file,202201,124,after_pincness,24520
file,202201,124,after_fitstat,24520
file,202201,124,after_theta,24520
file,202201,124,after_dcedge,17591
file,202201,124,after_finite,17591
file,202201,124,after_cell_selection,16378
file,202201,125,input_entries,24041
file,202201,125,after_match_status,24041
file,202201,125,after_pincness,24041
file,202201,125,after_fitstat,24041
file,202201,125,after_theta,24041
file,202201,125,after_dcedge,17195
file,202201,125,after_finite,17195
file,202201,125,after_cell_selection,16011
file,202201,126,input_entries,24852
file,202201,126,after_match_status,24852
file,202201,126,after_pincness,24852
file,202201,126,after_fitstat,24852
file,202201,126,after_theta,24852
file,202201,126,after_dcedge,17769
file,202201,126,after_finite,17769
file,202201,126,after_cell_selection,16490
file,202201,127,input_entries,34911
file,202201,127,after_match_status,34911
file,202201,127,after_pincness,34911
file,202201,127,after_fitstat,34911
file,202201,127,after_theta,34911
file,202201,127,after_dcedge,25044
file,202201,127,after_finite,25044
file,202201,127,after_cell_selection,23519
file,202201,128,input_entries,73514
file,202201,128,after_match_status,73514
file,202201,128,after_pincness,73514
file,202201,128,after_fitstat,73514
file,202201,128,after_theta,73514
file,202201,128,after_dcedge,52142
file,202201,128,after_finite,52142
file,202201,128,after_cell_selection,49837
file,202201,129,input_entries,157625
file,202201,129,after_match_status,157625
file,202201,129,after_pincness,157625
file,202201,129,after_fitstat,157625
file,202201,129,after_theta,157625
file,202201,129,after_dcedge,112430
file,202201,129,after_finite,112430
file,202201,129,after_cell_selection,105201
file,202201,130,input_entries,326890
file,202201,130,after_match_status,326890
file,202201,130,after_pincness,326890
file,202201,130,after_fitstat,326890
file,202201,130,after_theta,326890
file,202201,130,after_dcedge,234587
file,202201,130,after_finite,234587
file,202201,130,after_cell_selection,206211
file,202201,131,input_entries,261850
file,202201,131,after_match_status,261850
file,202201,131,after_pincness,261850
file,202201,131,after_fitstat,261850
file,202201,131,after_theta,261850
file,202201,131,after_dcedge,187854
file,202201,131,after_finite,187854
file,202201,131,after_cell_selection,169069
file,202201,132,input_entries,126060
file,202201,132,after_match_status,126060
file,202201,132,after_pincness,126060
file,202201,132,after_fitstat,126060
file,202201,132,after_theta,126060
file,202201,132,after_dcedge,90302
file,202201,132,after_finite,90302
file,202201,132,after_cell_selection,86259
file,202201,133,input_entries,84208
file,202201,133,after_match_status,84208
file,202201,133,after_pincness,84208
file,202201,133,after_fitstat,84208
file,202201,133,after_theta,84208
file,202201,133,after_dcedge,60126
file,202201,133,after_finite,60126
file,202201,133,after_cell_selection,57758
file,202201,134,input_entries,111737
file,202201,134,after_match_status,111737
file,202201,134,after_pincness,111737
file,202201,134,after_fitstat,111737
file,202201,134,after_theta,111737
file,202201,134,after_dcedge,79420
file,202201,134,after_finite,79420
file,202201,134,after_cell_selection,75940
file,202201,135,input_entries,225765
file,202201,135,after_match_status,225765
file,202201,135,after_pincness,225765
file,202201,135,after_fitstat,225765
file,202201,135,after_theta,225765
file,202201,135,after_dcedge,161187
file,202201,135,after_finite,161187
file,202201,135,after_cell_selection,147781
file,202201,136,input_entries,281929
file,202201,136,after_match_status,281929
file,202201,136,after_pincness,281929
file,202201,136,after_fitstat,281929
file,202201,136,after_theta,281929
file,202201,136,after_dcedge,201419
file,202201,136,after_finite,201419
file,202201,136,after_cell_selection,180139
file,202201,137,input_entries,175638
file,202201,137,after_match_status,175638
file,202201,137,after_pincness,175638
file,202201,137,after_fitstat,175638
file,202201,137,after_theta,175638
file,202201,137,after_dcedge,125214
file,202201,137,after_finite,125214
file,202201,137,after_cell_selection,117563
file,202201,138,input_entries,83272
file,202201,138,after_match_status,83272
file,202201,138,after_pincness,83272
file,202201,138,after_fitstat,83272
file,202201,138,after_theta,83272
file,202201,138,after_dcedge,59281
file,202201,138,after_finite,59281
file,202201,138,after_cell_selection,56874
file,202201,139,input_entries,43884
file,202201,139,after_match_status,43884
file,202201,139,after_pincness,43884
file,202201,139,after_fitstat,43884
file,202201,139,after_theta,43884
file,202201,139,after_dcedge,31535
file,202201,139,after_finite,31535
file,202201,139,after_cell_selection,29951
file,202201,140,input_entries,27206
file,202201,140,after_match_status,27206
file,202201,140,after_pincness,27206
file,202201,140,after_fitstat,27206
file,202201,140,after_theta,27206
file,202201,140,after_dcedge,19608
file,202201,140,after_finite,19608
file,202201,140,after_cell_selection,18271
file,202201,141,input_entries,25071
file,202201,141,after_match_status,25071
file,202201,141,after_pincness,25071
file,202201,141,after_fitstat,25071
file,202201,141,after_theta,25071
file,202201,141,after_dcedge,17953
file,202201,141,after_finite,17953
file,202201,141,after_cell_selection,16667
file,202201,142,input_entries,24496
file,202201,142,after_match_status,24496
file,202201,142,after_pincness,24496
file,202201,142,after_fitstat,24496
file,202201,142,after_theta,24496
file,202201,142,after_dcedge,17482
file,202201,142,after_finite,17482
file,202201,142,after_cell_selection,16254
file,202201,143,input_entries,24584
file,202201,143,after_match_status,24584
file,202201,143,after_pincness,24584
file,202201,143,after_fitstat,24584
file,202201,143,after_theta,24584
file,202201,143,after_dcedge,17567
file,202201,143,after_finite,17567
file,202201,143,after_cell_selection,16383
file,202201,144,input_entries,17162
file,202201,144,after_match_status,17162
file,202201,144,after_pincness,17162
file,202201,144,after_fitstat,17162
file,202201,144,after_theta,17162
file,202201,144,after_dcedge,12350
file,202201,144,after_finite,12350
file,202201,144,after_cell_selection,11526
file,202201,145,input_entries,14650
file,202201,145,after_match_status,14650
file,202201,145,after_pincness,14650
file,202201,145,after_fitstat,14650
file,202201,145,after_theta,14650
file,202201,145,after_dcedge,10373
file,202201,145,after_finite,10373
file,202201,145,after_cell_selection,9669
file,202201,146,input_entries,24778
file,202201,146,after_match_status,24778
file,202201,146,after_pincness,24778
file,202201,146,after_fitstat,24778
file,202201,146,after_theta,24778
file,202201,146,after_dcedge,17737
file,202201,146,after_finite,17737
file,202201,146,after_cell_selection,16545
file,202201,147,input_entries,24649
file,202201,147,after_match_status,24649
file,202201,147,after_pincness,24649
file,202201,147,after_fitstat,24649
file,202201,147,after_theta,24649
file,202201,147,after_dcedge,17611
file,202201,147,after_finite,17611
file,202201,147,after_cell_selection,16393
file,202201,148,input_entries,24678
file,202201,148,after_match_status,24678
file,202201,148,after_pincness,24678
file,202201,148,after_fitstat,24678
file,202201,148,after_theta,24678
file,202201,148,after_dcedge,17754
file,202201,148,after_finite,17754
file,202201,148,after_cell_selection,16542
file,202201,149,input_entries,36153
file,202201,149,after_match_status,36153
file,202201,149,after_pincness,36153
file,202201,149,after_fitstat,36153
file,202201,149,after_theta,36153
file,202201,149,after_dcedge,25778
file,202201,149,after_finite,25778
file,202201,149,after_cell_selection,24275
file,202201,150,input_entries,76210
file,202201,150,after_match_status,76210
file,202201,150,after_pincness,76210
file,202201,150,after_fitstat,76210
file,202201,150,after_theta,76210
file,202201,150,after_dcedge,54130
file,202201,150,after_finite,54130
file,202201,150,after_cell_selection,51851
file,202201,151,input_entries,171953
file,202201,151,after_match_status,171953
file,202201,151,after_pincness,171953
file,202201,151,after_fitstat,171953
file,202201,151,after_theta,171953
file,202201,151,after_dcedge,122520
file,202201,151,after_finite,122520
file,202201,151,after_cell_selection,114285
file,202201,152,input_entries,318967
file,202201,152,after_match_status,318967
file,202201,152,after_pincness,318967
file,202201,152,after_fitstat,318967
file,202201,152,after_theta,318967
file,202201,152,after_dcedge,228849
file,202201,152,after_finite,228849
file,202201,152,after_cell_selection,200772
file,202201,153,input_entries,244903
file,202201,153,after_match_status,244903
file,202201,153,after_pincness,244903
file,202201,153,after_fitstat,244903
file,202201,153,after_theta,244903
file,202201,153,after_dcedge,176081
file,202201,153,after_finite,176081
file,202201,153,after_cell_selection,159195
file,202201,154,input_entries,113625
file,202201,154,after_match_status,113625
file,202201,154,after_pincness,113625
file,202201,154,after_fitstat,113625
file,202201,154,after_theta,113625
file,202201,154,after_dcedge,81128
file,202201,154,after_finite,81128
file,202201,154,after_cell_selection,77714
file,202201,155,input_entries,85498
file,202201,155,after_match_status,85498
file,202201,155,after_pincness,85498
file,202201,155,after_fitstat,85498
file,202201,155,after_theta,85498
file,202201,155,after_dcedge,61135
file,202201,155,after_finite,61135
file,202201,155,after_cell_selection,58690
file,202201,156,input_entries,117269
file,202201,156,after_match_status,117269
file,202201,156,after_pincness,117269
file,202201,156,after_fitstat,117269
file,202201,156,after_theta,117269
file,202201,156,after_dcedge,83549
file,202201,156,after_finite,83549
file,202201,156,after_cell_selection,79818
file,202201,157,input_entries,225337
file,202201,157,after_match_status,225337
file,202201,157,after_pincness,225337
file,202201,157,after_fitstat,225337
file,202201,157,after_theta,225337
file,202201,157,after_dcedge,160717
file,202201,157,after_finite,160717
file,202201,157,after_cell_selection,146797
file,202201,158,input_entries,270937
file,202201,158,after_match_status,270937
file,202201,158,after_pincness,270937
file,202201,158,after_fitstat,270937
file,202201,158,after_theta,270937
file,202201,158,after_dcedge,193610
file,202201,158,after_finite,193610
file,202201,158,after_cell_selection,173741
file,202201,159,input_entries,1031
file,202201,159,after_match_status,1031
file,202201,159,after_pincness,1031
file,202201,159,after_fitstat,1031
file,202201,159,after_theta,1031
file,202201,159,after_dcedge,722
file,202201,159,after_finite,722
file,202201,159,after_cell_selection,682
file,202201,160,input_entries,2804
file,202201,160,after_match_status,2804
file,202201,160,after_pincness,2804
file,202201,160,after_fitstat,2804
file,202201,160,after_theta,2804
file,202201,160,after_dcedge,1975
file,202201,160,after_finite,1975
file,202201,160,after_cell_selection,1900
file,202201,161,input_entries,41959
file,202201,161,after_match_status,41959
file,202201,161,after_pincness,41959
file,202201,161,after_fitstat,41959
file,202201,161,after_theta,41959
file,202201,161,after_dcedge,30019
file,202201,161,after_finite,30019
file,202201,161,after_cell_selection,28331
file,202201,162,input_entries,24988
file,202201,162,after_match_status,24988
file,202201,162,after_pincness,24988
file,202201,162,after_fitstat,24988
file,202201,162,after_theta,24988
file,202201,162,after_dcedge,18039
file,202201,162,after_finite,18039
file,202201,162,after_cell_selection,16772
file,202201,163,input_entries,24749
file,202201,163,after_match_status,24749
file,202201,163,after_pincness,24749
file,202201,163,after_fitstat,24749
file,202201,163,after_theta,24749
file,202201,163,after_dcedge,17622
file,202201,163,after_finite,17622
file,202201,163,after_cell_selection,16383
file,202201,164,input_entries,23838
file,202201,164,after_match_status,23838
file,202201,164,after_pincness,23838
file,202201,164,after_fitstat,23838
file,202201,164,after_theta,23838
file,202201,164,after_dcedge,17020
file,202201,164,after_finite,17020
file,202201,164,after_cell_selection,15793
file,202201,165,input_entries,24088
file,202201,165,after_match_status,24088
file,202201,165,after_pincness,24088
file,202201,165,after_fitstat,24088
file,202201,165,after_theta,24088
file,202201,165,after_dcedge,17183
file,202201,165,after_finite,17183
file,202201,165,after_cell_selection,16015
file,202201,166,input_entries,15807
file,202201,166,after_match_status,15807
file,202201,166,after_pincness,15807
file,202201,166,after_fitstat,15807
file,202201,166,after_theta,15807
file,202201,166,after_dcedge,11315
file,202201,166,after_finite,11315
file,202201,166,after_cell_selection,10524
file,202201,167,input_entries,16327
file,202201,167,after_match_status,16327
file,202201,167,after_pincness,16327
file,202201,167,after_fitstat,16327
file,202201,167,after_theta,16327
file,202201,167,after_dcedge,11639
file,202201,167,after_finite,11639
file,202201,167,after_cell_selection,10835
file,202201,168,input_entries,25042
file,202201,168,after_match_status,25042
file,202201,168,after_pincness,25042
file,202201,168,after_fitstat,25042
file,202201,168,after_theta,25042
file,202201,168,after_dcedge,17859
file,202201,168,after_finite,17859
file,202201,168,after_cell_selection,16636
file,202201,169,input_entries,24736
file,202201,169,after_match_status,24736
file,202201,169,after_pincness,24736
file,202201,169,after_fitstat,24736
file,202201,169,after_theta,24736
file,202201,169,after_dcedge,17622
file,202201,169,after_finite,17622
file,202201,169,after_cell_selection,16359
file,202201,170,input_entries,25727
file,202201,170,after_match_status,25727
file,202201,170,after_pincness,25727
file,202201,170,after_fitstat,25727
file,202201,170,after_theta,25727
file,202201,170,after_dcedge,18597
file,202201,170,after_finite,18597
file,202201,170,after_cell_selection,17257
file,202201,171,input_entries,37139
file,202201,171,after_match_status,37139
file,202201,171,after_pincness,37139
file,202201,171,after_fitstat,37139
file,202201,171,after_theta,37139
file,202201,171,after_dcedge,26518
file,202201,171,after_finite,26518
file,202201,171,after_cell_selection,24988
file,202201,172,input_entries,79653
file,202201,172,after_match_status,79653
file,202201,172,after_pincness,79653
file,202201,172,after_fitstat,79653
file,202201,172,after_theta,79653
file,202201,172,after_dcedge,56467
file,202201,172,after_finite,56467
file,202201,172,after_cell_selection,54026
file,202201,173,input_entries,173173
file,202201,173,after_match_status,173173
file,202201,173,after_pincness,173173
file,202201,173,after_fitstat,173173
file,202201,173,after_theta,173173
file,202201,173,after_dcedge,123808
file,202201,173,after_finite,123808
file,202201,173,after_cell_selection,115048
file,202201,174,input_entries,340659
file,202201,174,after_match_status,340659
file,202201,174,after_pincness,340659
file,202201,174,after_fitstat,340659
file,202201,174,after_theta,340659
file,202201,174,after_dcedge,244798
file,202201,174,after_finite,244798
file,202201,174,after_cell_selection,214221
file,202201,175,input_entries,233929
file,202201,175,after_match_status,233929
file,202201,175,after_pincness,233929
file,202201,175,after_fitstat,233929
file,202201,175,after_theta,233929
file,202201,175,after_dcedge,167665
file,202201,175,after_finite,167665
file,202201,175,after_cell_selection,152242
file,202201,176,input_entries,112650
file,202201,176,after_match_status,112650
file,202201,176,after_pincness,112650
file,202201,176,after_fitstat,112650
file,202201,176,after_theta,112650
file,202201,176,after_dcedge,80393
file,202201,176,after_finite,80393
file,202201,176,after_cell_selection,77024
file,202201,177,input_entries,85293
file,202201,177,after_match_status,85293
file,202201,177,after_pincness,85293
file,202201,177,after_fitstat,85293
file,202201,177,after_theta,85293
file,202201,177,after_dcedge,60770
file,202201,177,after_finite,60770
file,202201,177,after_cell_selection,58323
file,202201,178,input_entries,117773
file,202201,178,after_match_status,117773
file,202201,178,after_pincness,117773
file,202201,178,after_fitstat,117773
file,202201,178,after_theta,117773
file,202201,178,after_dcedge,83828
file,202201,178,after_finite,83828
file,202201,178,after_cell_selection,80003
file,202201,179,input_entries,242073
file,202201,179,after_match_status,242073
file,202201,179,after_pincness,242073
file,202201,179,after_fitstat,242073
file,202201,179,after_theta,242073
file,202201,179,after_dcedge,172653
file,202201,179,after_finite,172653
file,202201,179,after_cell_selection,156824
file,202201,180,input_entries,274905
file,202201,180,after_match_status,274905
file,202201,180,after_pincness,274905
file,202201,180,after_fitstat,274905
file,202201,180,after_theta,274905
file,202201,180,after_dcedge,196166
file,202201,180,after_finite,196166
file,202201,180,after_cell_selection,176033
file,202201,181,input_entries,159335
file,202201,181,after_match_status,159335
file,202201,181,after_pincness,159335
file,202201,181,after_fitstat,159335
file,202201,181,after_theta,159335
file,202201,181,after_dcedge,113314
file,202201,181,after_finite,113314
file,202201,181,after_cell_selection,106926
file,202201,182,input_entries,76744
file,202201,182,after_match_status,76744
file,202201,182,after_pincness,76744
file,202201,182,after_fitstat,76744
file,202201,182,after_theta,76744
file,202201,182,after_dcedge,54603
file,202201,182,after_finite,54603
file,202201,182,after_cell_selection,52407
file,202201,183,input_entries,39482
file,202201,183,after_match_status,39482
file,202201,183,after_pincness,39482
file,202201,183,after_fitstat,39482
file,202201,183,after_theta,39482
file,202201,183,after_dcedge,28372
file,202201,183,after_finite,28372
file,202201,183,after_cell_selection,26805
file,202201,184,input_entries,26728
file,202201,184,after_match_status,26728
file,202201,184,after_pincness,26728
file,202201,184,after_fitstat,26728
file,202201,184,after_theta,26728
file,202201,184,after_dcedge,19093
file,202201,184,after_finite,19093
file,202201,184,after_cell_selection,17812
file,202201,185,input_entries,25016
file,202201,185,after_match_status,25016
file,202201,185,after_pincness,25016
file,202201,185,after_fitstat,25016
file,202201,185,after_theta,25016
file,202201,185,after_dcedge,17882
file,202201,185,after_finite,17882
file,202201,185,after_cell_selection,16622
file,202201,186,input_entries,24344
file,202201,186,after_match_status,24344
file,202201,186,after_pincness,24344
file,202201,186,after_fitstat,24344
file,202201,186,after_theta,24344
file,202201,186,after_dcedge,17443
file,202201,186,after_finite,17443
file,202201,186,after_cell_selection,16235
file,202201,187,input_entries,24522
file,202201,187,after_match_status,24522
file,202201,187,after_pincness,24522
file,202201,187,after_fitstat,24522
file,202201,187,after_theta,24522
file,202201,187,after_dcedge,17506
file,202201,187,after_finite,17506
file,202201,187,after_cell_selection,16256
file,202201,188,input_entries,14366
file,202201,188,after_match_status,14366
file,202201,188,after_pincness,14366
file,202201,188,after_fitstat,14366
file,202201,188,after_theta,14366
file,202201,188,after_dcedge,10240
file,202201,188,after_finite,10240
file,202201,188,after_cell_selection,9584
file,202201,189,input_entries,17749
file,202201,189,after_match_status,17749
file,202201,189,after_pincness,17749
file,202201,189,after_fitstat,17749
file,202201,189,after_theta,17749
file,202201,189,after_dcedge,12656
file,202201,189,after_finite,12656
file,202201,189,after_cell_selection,11789
file,202201,190,input_entries,25396
file,202201,190,after_match_status,25396
file,202201,190,after_pincness,25396
file,202201,190,after_fitstat,25396
file,202201,190,after_theta,25396
file,202201,190,after_dcedge,18125
file,202201,190,after_finite,18125
file,202201,190,after_cell_selection,16863
file,202201,191,input_entries,24894
file,202201,191,after_match_status,24894
file,202201,191,after_pincness,24894
file,202201,191,after_fitstat,24894
file,202201,191,after_theta,24894
file,202201,191,after_dcedge,17754
file,202201,191,after_finite,17754
file,202201,191,after_cell_selection,16549
file,202201,192,input_entries,26414
file,202201,192,after_match_status,26414
file,202201,192,after_pincness,26414
file,202201,192,after_fitstat,26414
file,202201,192,after_theta,26414
file,202201,192,after_dcedge,18794
file,202201,192,after_finite,18794
file,202201,192,after_cell_selection,17390
file,202201,193,input_entries,41016
file,202201,193,after_match_status,41016
file,202201,193,after_pincness,41016
file,202201,193,after_fitstat,41016
file,202201,193,after_theta,41016
file,202201,193,after_dcedge,29339
file,202201,193,after_finite,29339
file,202201,193,after_cell_selection,27663
file,202201,194,input_entries,84316
file,202201,194,after_match_status,84316
file,202201,194,after_pincness,84316
file,202201,194,after_fitstat,84316
file,202201,194,after_theta,84316
file,202201,194,after_dcedge,59605
file,202201,194,after_finite,59605
file,202201,194,after_cell_selection,57026
file,202201,195,input_entries,193185
file,202201,195,after_match_status,193185
file,202201,195,after_pincness,193185
file,202201,195,after_fitstat,193185
file,202201,195,after_theta,193185
file,202201,195,after_dcedge,138060
file,202201,195,after_finite,138060
file,202201,195,after_cell_selection,127500
file,202201,196,input_entries,339774
file,202201,196,after_match_status,339774
file,202201,196,after_pincness,339774
file,202201,196,after_fitstat,339774
file,202201,196,after_theta,339774
file,202201,196,after_dcedge,243754
file,202201,196,after_finite,243754
file,202201,196,after_cell_selection,213109
file,202201,197,input_entries,230690
file,202201,197,after_match_status,230690
file,202201,197,after_pincness,230690
file,202201,197,after_fitstat,230690
file,202201,197,after_theta,230690
file,202201,197,after_dcedge,165636
file,202201,197,after_finite,165636
file,202201,197,after_cell_selection,151230
file,202201,198,input_entries,107937
file,202201,198,after_match_status,107937
file,202201,198,after_pincness,107937
file,202201,198,after_fitstat,107937
file,202201,198,after_theta,107937
file,202201,198,after_dcedge,76941
file,202201,198,after_finite,76941
file,202201,198,after_cell_selection,73893
file,202201,199,input_entries,87045
file,202201,199,after_match_status,87045
file,202201,199,after_pincness,87045
file,202201,199,after_fitstat,87045
file,202201,199,after_theta,87045
file,202201,199,after_dcedge,62228
file,202201,199,after_finite,62228
file,202201,199,after_cell_selection,59677
file,202201,200,input_entries,125687
file,202201,200,after_match_status,125687
file,202201,200,after_pincness,125687
file,202201,200,after_fitstat,125687
file,202201,200,after_theta,125687
file,202201,200,after_dcedge,89522
file,202201,200,after_finite,89522
file,202201,200,after_cell_selection,85302
file,202201,201,input_entries,253177
file,202201,201,after_match_status,253177
file,202201,201,after_pincness,253177
file,202201,201,after_fitstat,253177
file,202201,201,after_theta,253177
file,202201,201,after_dcedge,180308
file,202201,201,after_finite,180308
file,202201,201,after_cell_selection,163292
file,202201,202,input_entries,270592
file,202201,202,after_match_status,270592
file,202201,202,after_pincness,270592
file,202201,202,after_fitstat,270592
file,202201,202,after_theta,270592
file,202201,202,after_dcedge,193408
file,202201,202,after_finite,193408
file,202201,202,after_cell_selection,174092
file,202201,203,input_entries,150440
file,202201,203,after_match_status,150440
file,202201,203,after_pincness,150440
file,202201,203,after_fitstat,150440
file,202201,203,after_theta,150440
file,202201,203,after_dcedge,107311
file,202201,203,after_finite,107311
file,202201,203,after_cell_selection,101681
file,202201,204,input_entries,74247
file,202201,204,after_match_status,74247
file,202201,204,after_pincness,74247
file,202201,204,after_fitstat,74247
file,202201,204,after_theta,74247
file,202201,204,after_dcedge,52764
file,202201,204,after_finite,52764
file,202201,204,after_cell_selection,50550
file,202201,205,input_entries,38932
file,202201,205,after_match_status,38932
file,202201,205,after_pincness,38932
file,202201,205,after_fitstat,38932
file,202201,205,after_theta,38932
file,202201,205,after_dcedge,27985
file,202201,205,after_finite,27985
file,202201,205,after_cell_selection,26422
file,202201,206,input_entries,25865
file,202201,206,after_match_status,25865
file,202201,206,after_pincness,25865
file,202201,206,after_fitstat,25865
file,202201,206,after_theta,25865
file,202201,206,after_dcedge,18468
file,202201,206,after_finite,18468
file,202201,206,after_cell_selection,17154
file,202201,207,input_entries,24652
file,202201,207,after_match_status,24652
file,202201,207,after_pincness,24652
file,202201,207,after_fitstat,24652
file,202201,207,after_theta,24652
file,202201,207,after_dcedge,17501
file,202201,207,after_finite,17501
file,202201,207,after_cell_selection,16254
file,202201,208,input_entries,24795
file,202201,208,after_match_status,24795
file,202201,208,after_pincness,24795
file,202201,208,after_fitstat,24795
file,202201,208,after_theta,24795
file,202201,208,after_dcedge,17636
file,202201,208,after_finite,17636
file,202201,208,after_cell_selection,16375
file,202201,209,input_entries,24770
file,202201,209,after_match_status,24770
file,202201,209,after_pincness,24770
file,202201,209,after_fitstat,24770
file,202201,209,after_theta,24770
file,202201,209,after_dcedge,17618
file,202201,209,after_finite,17618
file,202201,209,after_cell_selection,16374
file,202201,210,input_entries,12792
file,202201,210,after_match_status,12792
file,202201,210,after_pincness,12792
file,202201,210,after_fitstat,12792
file,202201,210,after_theta,12792
file,202201,210,after_dcedge,9203
file,202201,210,after_finite,9203
file,202201,210,after_cell_selection,8554
file,202201,211,input_entries,19447
file,202201,211,after_match_status,19447
file,202201,211,after_pincness,19447
file,202201,211,after_fitstat,19447
file,202201,211,after_theta,19447
file,202201,211,after_dcedge,13953
file,202201,211,after_finite,13953
file,202201,211,after_cell_selection,13018
file,202201,212,input_entries,24635
file,202201,212,after_match_status,24635
file,202201,212,after_pincness,24635
file,202201,212,after_fitstat,24635
file,202201,212,after_theta,24635
file,202201,212,after_dcedge,17600
file,202201,212,after_finite,17600
file,202201,212,after_cell_selection,16396
file,202201,213,input_entries,24781
file,202201,213,after_match_status,24781
file,202201,213,after_pincness,24781
file,202201,213,after_fitstat,24781
file,202201,213,after_theta,24781
file,202201,213,after_dcedge,17663
file,202201,213,after_finite,17663
file,202201,213,after_cell_selection,16441
file,202201,214,input_entries,25682
file,202201,214,after_match_status,25682
file,202201,214,after_pincness,25682
file,202201,214,after_fitstat,25682
file,202201,214,after_theta,25682
file,202201,214,after_dcedge,18536
file,202201,214,after_finite,18536
file,202201,214,after_cell_selection,17230
file,202201,215,input_entries,40564
file,202201,215,after_match_status,40564
file,202201,215,after_pincness,40564
file,202201,215,after_fitstat,40564
file,202201,215,after_theta,40564
file,202201,215,after_dcedge,28915
file,202201,215,after_finite,28915
file,202201,215,after_cell_selection,27364
file,202201,216,input_entries,86915
file,202201,216,after_match_status,86915
file,202201,216,after_pincness,86915
file,202201,216,after_fitstat,86915
file,202201,216,after_theta,86915
file,202201,216,after_dcedge,61761
file,202201,216,after_finite,61761
file,202201,216,after_cell_selection,59102
file,202201,217,input_entries,202705
file,202201,217,after_match_status,202705
file,202201,217,after_pincness,202705
file,202201,217,after_fitstat,202705
file,202201,217,after_theta,202705
file,202201,217,after_dcedge,144986
file,202201,217,after_finite,144986
file,202201,217,after_cell_selection,133349
file,202201,218,input_entries,326491
file,202201,218,after_match_status,326491
file,202201,218,after_pincness,326491
file,202201,218,after_fitstat,326491
file,202201,218,after_theta,326491
file,202201,218,after_dcedge,234204
file,202201,218,after_finite,234204
file,202201,218,after_cell_selection,204698
file,202201,219,input_entries,211815
file,202201,219,after_match_status,211815
file,202201,219,after_pincness,211815
file,202201,219,after_fitstat,211815
file,202201,219,after_theta,211815
file,202201,219,after_dcedge,151961
file,202201,219,after_finite,151961
file,202201,219,after_cell_selection,139447
file,202201,220,input_entries,105259
file,202201,220,after_match_status,105259
file,202201,220,after_pincness,105259
file,202201,220,after_fitstat,105259
file,202201,220,after_theta,105259
file,202201,220,after_dcedge,75158
file,202201,220,after_finite,75158
file,202201,220,after_cell_selection,72176
file,202201,221,input_entries,87008
file,202201,221,after_match_status,87008
file,202201,221,after_pincness,87008
file,202201,221,after_fitstat,87008
file,202201,221,after_theta,87008
file,202201,221,after_dcedge,62025
file,202201,221,after_finite,62025
file,202201,221,after_cell_selection,59630
file,202201,222,input_entries,133904
file,202201,222,after_match_status,133904
file,202201,222,after_pincness,133904
file,202201,222,after_fitstat,133904
file,202201,222,after_theta,133904
file,202201,222,after_dcedge,95370
file,202201,222,after_finite,95370
file,202201,222,after_cell_selection,90662
file,202201,223,input_entries,267033
file,202201,223,after_match_status,267033
file,202201,223,after_pincness,267033
file,202201,223,after_fitstat,267033
file,202201,223,after_theta,267033
file,202201,223,after_dcedge,190546
file,202201,223,after_finite,190546
file,202201,223,after_cell_selection,172272
file,202201,224,input_entries,261375
file,202201,224,after_match_status,261375
file,202201,224,after_pincness,261375
file,202201,224,after_fitstat,261375
file,202201,224,after_theta,261375
file,202201,224,after_dcedge,186348
file,202201,224,after_finite,186348
file,202201,224,after_cell_selection,168357
file,202201,225,input_entries,140251
file,202201,225,after_match_status,140251
file,202201,225,after_pincness,140251
file,202201,225,after_fitstat,140251
file,202201,225,after_theta,140251
file,202201,225,after_dcedge,100043
file,202201,225,after_finite,100043
file,202201,225,after_cell_selection,95075
file,202201,226,input_entries,70277
file,202201,226,after_match_status,70277
file,202201,226,after_pincness,70277
file,202201,226,after_fitstat,70277
file,202201,226,after_theta,70277
file,202201,226,after_dcedge,50214
file,202201,226,after_finite,50214
file,202201,226,after_cell_selection,48107
file,202201,227,input_entries,38036
file,202201,227,after_match_status,38036
file,202201,227,after_pincness,38036
file,202201,227,after_fitstat,38036
file,202201,227,after_theta,38036
file,202201,227,after_dcedge,27404
file,202201,227,after_finite,27404
file,202201,227,after_cell_selection,25802
file,202201,228,input_entries,25491
file,202201,228,after_match_status,25491
file,202201,228,after_pincness,25491
file,202201,228,after_fitstat,25491
file,202201,228,after_theta,25491
file,202201,228,after_dcedge,18338
file,202201,228,after_finite,18338
file,202201,228,after_cell_selection,17080
file,202201,229,input_entries,24123
file,202201,229,after_match_status,24123
file,202201,229,after_pincness,24123
file,202201,229,after_fitstat,24123
file,202201,229,after_theta,24123
file,202201,229,after_dcedge,17120
file,202201,229,after_finite,17120
file,202201,229,after_cell_selection,15932
file,202201,230,input_entries,24479
file,202201,230,after_match_status,24479
file,202201,230,after_pincness,24479
file,202201,230,after_fitstat,24479
file,202201,230,after_theta,24479
file,202201,230,after_dcedge,17393
file,202201,230,after_finite,17393
file,202201,230,after_cell_selection,16227
file,202201,231,input_entries,25338
file,202201,231,after_match_status,25338
file,202201,231,after_pincness,25338
file,202201,231,after_fitstat,25338
file,202201,231,after_theta,25338
file,202201,231,after_dcedge,18051
file,202201,231,after_finite,18051
file,202201,231,after_cell_selection,16780
file,202201,232,input_entries,11155
file,202201,232,after_match_status,11155
file,202201,232,after_pincness,11155
file,202201,232,after_fitstat,11155
file,202201,232,after_theta,11155
file,202201,232,after_dcedge,7946
file,202201,232,after_finite,7946
file,202201,232,after_cell_selection,7367
file,202201,233,input_entries,21684
file,202201,233,after_match_status,21684
file,202201,233,after_pincness,21684
file,202201,233,after_fitstat,21684
file,202201,233,after_theta,21684
file,202201,233,after_dcedge,15415
file,202201,233,after_finite,15415
file,202201,233,after_cell_selection,14403
file,202201,234,input_entries,25849
file,202201,234,after_match_status,25849
file,202201,234,after_pincness,25849
file,202201,234,after_fitstat,25849
file,202201,234,after_theta,25849
file,202201,234,after_dcedge,18409
file,202201,234,after_finite,18409
file,202201,234,after_cell_selection,17150
file,202201,235,input_entries,24618
file,202201,235,after_match_status,24618
file,202201,235,after_pincness,24618
file,202201,235,after_fitstat,24618
file,202201,235,after_theta,24618
file,202201,235,after_dcedge,17469
file,202201,235,after_finite,17469
file,202201,235,after_cell_selection,16285
file,202201,236,input_entries,26985
file,202201,236,after_match_status,26985
file,202201,236,after_pincness,26985
file,202201,236,after_fitstat,26985
file,202201,236,after_theta,26985
file,202201,236,after_dcedge,19297
file,202201,236,after_finite,19297
file,202201,236,after_cell_selection,17891
file,202201,237,input_entries,43787
file,202201,237,after_match_status,43787
file,202201,237,after_pincness,43787
file,202201,237,after_fitstat,43787
file,202201,237,after_theta,43787
file,202201,237,after_dcedge,31243
file,202201,237,after_finite,31243
file,202201,237,after_cell_selection,29589
file,202201,238,input_entries,93730
file,202201,238,after_match_status,93730
file,202201,238,after_pincness,93730
file,202201,238,after_fitstat,93730
file,202201,238,after_theta,93730
file,202201,238,after_dcedge,66579
file,202201,238,after_finite,66579
file,202201,238,after_cell_selection,63727
file,202201,239,input_entries,216103
file,202201,239,after_match_status,216103
file,202201,239,after_pincness,216103
file,202201,239,after_fitstat,216103
file,202201,239,after_theta,216103
file,202201,239,after_dcedge,155208
file,202201,239,after_finite,155208
file,202201,239,after_cell_selection,142060
file,202201,240,input_entries,346203
file,202201,240,after_match_status,346203
file,202201,240,after_pincness,346203
file,202201,240,after_fitstat,346203
file,202201,240,after_theta,346203
file,202201,240,after_dcedge,248550
file,202201,240,after_finite,248550
file,202201,240,after_cell_selection,217322
file,202201,241,input_entries,207305
file,202201,241,after_match_status,207305
file,202201,241,after_pincness,207305
file,202201,241,after_fitstat,207305
file,202201,241,after_theta,207305
file,202201,241,after_dcedge,148706
file,202201,241,after_finite,148706
file,202201,241,after_cell_selection,137211
file,202201,242,input_entries,103284
file,202201,242,after_match_status,103284
file,202201,242,after_pincness,103284
file,202201,242,after_fitstat,103284
file,202201,242,after_theta,103284
file,202201,242,after_dcedge,73652
file,202201,242,after_finite,73652
file,202201,242,after_cell_selection,70758
file,202201,243,input_entries,86926
file,202201,243,after_match_status,86926
file,202201,243,after_pincness,86926
file,202201,243,after_fitstat,86926
file,202201,243,after_theta,86926
file,202201,243,after_dcedge,61872
file,202201,243,after_finite,61872
file,202201,243,after_cell_selection,59452
file,202201,244,input_entries,134241
file,202201,244,after_match_status,134241
file,202201,244,after_pincness,134241
file,202201,244,after_fitstat,134241
file,202201,244,after_theta,134241
file,202201,244,after_dcedge,95695
file,202201,244,after_finite,95695
file,202201,244,after_cell_selection,90874
file,202201,245,input_entries,275328
file,202201,245,after_match_status,275328
file,202201,245,after_pincness,275328
file,202201,245,after_fitstat,275328
file,202201,245,after_theta,275328
file,202201,245,after_dcedge,196746
file,202201,245,after_finite,196746
file,202201,245,after_cell_selection,177211
file,202201,246,input_entries,257487
file,202201,246,after_match_status,257487
file,202201,246,after_pincness,257487
file,202201,246,after_fitstat,257487
file,202201,246,after_theta,257487
file,202201,246,after_dcedge,183889
file,202201,246,after_finite,183889
file,202201,246,after_cell_selection,166790
file,202201,247,input_entries,133442
file,202201,247,after_match_status,133442
file,202201,247,after_pincness,133442
file,202201,247,after_fitstat,133442
file,202201,247,after_theta,133442
file,202201,247,after_dcedge,94830
file,202201,247,after_finite,94830
file,202201,247,after_cell_selection,90379
file,202201,248,input_entries,68802
file,202201,248,after_match_status,68802
file,202201,248,after_pincness,68802
file,202201,248,after_fitstat,68802
file,202201,248,after_theta,68802
file,202201,248,after_dcedge,49044
file,202201,248,after_finite,49044
file,202201,248,after_cell_selection,47070
file,202201,249,input_entries,36606
file,202201,249,after_match_status,36606
file,202201,249,after_pincness,36606
file,202201,249,after_fitstat,36606
file,202201,249,after_theta,36606
file,202201,249,after_dcedge,26342
file,202201,249,after_finite,26342
file,202201,249,after_cell_selection,24841
file,202201,250,input_entries,25271
file,202201,250,after_match_status,25271
file,202201,250,after_pincness,25271
file,202201,250,after_fitstat,25271
file,202201,250,after_theta,25271
file,202201,250,after_dcedge,18082
file,202201,250,after_finite,18082
file,202201,250,after_cell_selection,16773
file,202201,251,input_entries,25289
file,202201,251,after_match_status,25289
file,202201,251,after_pincness,25289
file,202201,251,after_fitstat,25289
file,202201,251,after_theta,25289
file,202201,251,after_dcedge,17960
file,202201,251,after_finite,17960
file,202201,251,after_cell_selection,16708
file,202201,252,input_entries,24893
file,202201,252,after_match_status,24893
file,202201,252,after_pincness,24893
file,202201,252,after_fitstat,24893
file,202201,252,after_theta,24893
file,202201,252,after_dcedge,17675
file,202201,252,after_finite,17675
file,202201,252,after_cell_selection,16440
file,202201,253,input_entries,25506
file,202201,253,after_match_status,25506
file,202201,253,after_pincness,25506
file,202201,253,after_fitstat,25506
file,202201,253,after_theta,25506
file,202201,253,after_dcedge,18385
file,202201,253,after_finite,18385
file,202201,253,after_cell_selection,17119
file,202201,254,input_entries,9362
file,202201,254,after_match_status,9362
file,202201,254,after_pincness,9362
file,202201,254,after_fitstat,9362
file,202201,254,after_theta,9362
file,202201,254,after_dcedge,6615
file,202201,254,after_finite,6615
file,202201,254,after_cell_selection,6186
file,202201,255,input_entries,23782
file,202201,255,after_match_status,23782
file,202201,255,after_pincness,23782
file,202201,255,after_fitstat,23782
file,202201,255,after_theta,23782
file,202201,255,after_dcedge,16925
file,202201,255,after_finite,16925
file,202201,255,after_cell_selection,15785
file,202201,256,input_entries,25469
file,202201,256,after_match_status,25469
file,202201,256,after_pincness,25469
file,202201,256,after_fitstat,25469
file,202201,256,after_theta,25469
file,202201,256,after_dcedge,18207
file,202201,256,after_finite,18207
file,202201,256,after_cell_selection,16891
file,202201,257,input_entries,25920
file,202201,257,after_match_status,25920
file,202201,257,after_pincness,25920
file,202201,257,after_fitstat,25920
file,202201,257,after_theta,25920
file,202201,257,after_dcedge,18541
file,202201,257,after_finite,18541
file,202201,257,after_cell_selection,17229
file,202201,258,input_entries,27770
file,202201,258,after_match_status,27770
file,202201,258,after_pincness,27770
file,202201,258,after_fitstat,27770
file,202201,258,after_theta,27770
file,202201,258,after_dcedge,19876
file,202201,258,after_finite,19876
file,202201,258,after_cell_selection,18415
file,202201,259,input_entries,46291
file,202201,259,after_match_status,46291
file,202201,259,after_pincness,46291
file,202201,259,after_fitstat,46291
file,202201,259,after_theta,46291
file,202201,259,after_dcedge,33070
file,202201,259,after_finite,33070
file,202201,259,after_cell_selection,31393
file,202201,260,input_entries,100165
file,202201,260,after_match_status,100165
file,202201,260,after_pincness,100165
file,202201,260,after_fitstat,100165
file,202201,260,after_theta,100165
file,202201,260,after_dcedge,71113
file,202201,260,after_finite,71113
file,202201,260,after_cell_selection,67925
file,202201,261,input_entries,229613
file,202201,261,after_match_status,229613
file,202201,261,after_pincness,229613
file,202201,261,after_fitstat,229613
file,202201,261,after_theta,229613
file,202201,261,after_dcedge,164413
file,202201,261,after_finite,164413
file,202201,261,after_cell_selection,149708
file,202201,262,input_entries,342861
file,202201,262,after_match_status,342861
file,202201,262,after_pincness,342861
file,202201,262,after_fitstat,342861
file,202201,262,after_theta,342861
file,202201,262,after_dcedge,246549
file,202201,262,after_finite,246549
file,202201,262,after_cell_selection,215920
file,202201,263,input_entries,192918
file,202201,263,after_match_status,192918
file,202201,263,after_pincness,192918
file,202201,263,after_fitstat,192918
file,202201,263,after_theta,192918
file,202201,263,after_dcedge,138744
file,202201,263,after_finite,138744
file,202201,263,after_cell_selection,128797
file,202201,264,input_entries,99121
file,202201,264,after_match_status,99121
file,202201,264,after_pincness,99121
file,202201,264,after_fitstat,99121
file,202201,264,after_theta,99121
file,202201,264,after_dcedge,70458
file,202201,264,after_finite,70458
file,202201,264,after_cell_selection,67722
file,202201,265,input_entries,88150
file,202201,265,after_match_status,88150
file,202201,265,after_pincness,88150
file,202201,265,after_fitstat,88150
file,202201,265,after_theta,88150
file,202201,265,after_dcedge,62931
file,202201,265,after_finite,62931
file,202201,265,after_cell_selection,60462
file,202201,266,input_entries,143943
file,202201,266,after_match_status,143943
file,202201,266,after_pincness,143943
file,202201,266,after_fitstat,143943
file,202201,266,after_theta,143943
file,202201,266,after_dcedge,102543
file,202201,266,after_finite,102543
file,202201,266,after_cell_selection,97209
file,202201,267,input_entries,283344
file,202201,267,after_match_status,283344
file,202201,267,after_pincness,283344
file,202201,267,after_fitstat,283344
file,202201,267,after_theta,283344
file,202201,267,after_dcedge,202393
file,202201,267,after_finite,202393
file,202201,267,after_cell_selection,181868
file,202201,268,input_entries,253593
file,202201,268,after_match_status,253593
file,202201,268,after_pincness,253593
file,202201,268,after_fitstat,253593
file,202201,268,after_theta,253593
file,202201,268,after_dcedge,180920
file,202201,268,after_finite,180920
file,202201,268,after_cell_selection,164517
file,202201,269,input_entries,134448
file,202201,269,after_match_status,134448
file,202201,269,after_pincness,134448
file,202201,269,after_fitstat,134448
file,202201,269,after_theta,134448
file,202201,269,after_dcedge,95772
file,202201,269,after_finite,95772
file,202201,269,after_cell_selection,91337
file,202201,270,input_entries,65787
file,202201,270,after_match_status,65787
file,202201,270,after_pincness,65787
file,202201,270,after_fitstat,65787
file,202201,270,after_theta,65787
file,202201,270,after_dcedge,46976
file,202201,270,after_finite,46976
file,202201,270,after_cell_selection,44924
file,202201,271,input_entries,36213
file,202201,271,after_match_status,36213
file,202201,271,after_pincness,36213
file,202201,271,after_fitstat,36213
file,202201,271,after_theta,36213
file,202201,271,after_dcedge,25955
file,202201,271,after_finite,25955
file,202201,271,after_cell_selection,24474
file,202201,272,input_entries,25783
file,202201,272,after_match_status,25783
file,202201,272,after_pincness,25783
file,202201,272,after_fitstat,25783
file,202201,272,after_theta,25783
file,202201,272,after_dcedge,18510
file,202201,272,after_finite,18510
file,202201,272,after_cell_selection,17270
file,202201,273,input_entries,25580
file,202201,273,after_match_status,25580
file,202201,273,after_pincness,25580
file,202201,273,after_fitstat,25580
file,202201,273,after_theta,25580
file,202201,273,after_dcedge,18296
file,202201,273,after_finite,18296
file,202201,273,after_cell_selection,16961
file,202201,274,input_entries,25398
file,202201,274,after_match_status,25398
file,202201,274,after_pincness,25398
file,202201,274,after_fitstat,25398
file,202201,274,after_theta,25398
file,202201,274,after_dcedge,18256
file,202201,274,after_finite,18256
file,202201,274,after_cell_selection,16920
file,202201,275,input_entries,26072
file,202201,275,after_match_status,26072
file,202201,275,after_pincness,26072
file,202201,275,after_fitstat,26072
file,202201,275,after_theta,26072
file,202201,275,after_dcedge,18686
file,202201,275,after_finite,18686
file,202201,275,after_cell_selection,17359
file,202201,276,input_entries,7807
file,202201,276,after_match_status,7807
file,202201,276,after_pincness,7807
file,202201,276,after_fitstat,7807
file,202201,276,after_theta,7807
file,202201,276,after_dcedge,5573
file,202201,276,after_finite,5573
file,202201,276,after_cell_selection,5199
file,202201,277,input_entries,143
file,202201,277,after_match_status,143
file,202201,277,after_pincness,143
file,202201,277,after_fitstat,143
file,202201,277,after_theta,143
file,202201,277,after_dcedge,105
file,202201,277,after_finite,105
file,202201,277,after_cell_selection,98
file,202201,278,input_entries,26798
file,202201,278,after_match_status,26798
file,202201,278,after_pincness,26798
file,202201,278,after_fitstat,26798
file,202201,278,after_theta,26798
file,202201,278,after_dcedge,19086
file,202201,278,after_finite,19086
file,202201,278,after_cell_selection,17748
file,202201,279,input_entries,26258
file,202201,279,after_match_status,26258
file,202201,279,after_pincness,26258
file,202201,279,after_fitstat,26258
file,202201,279,after_theta,26258
file,202201,279,after_dcedge,18724
file,202201,279,after_finite,18724
file,202201,279,after_cell_selection,17411
file,202201,280,input_entries,25724
file,202201,280,after_match_status,25724
file,202201,280,after_pincness,25724
file,202201,280,after_fitstat,25724
file,202201,280,after_theta,25724
file,202201,280,after_dcedge,18281
file,202201,280,after_finite,18281
file,202201,280,after_cell_selection,16993
file,202201,281,input_entries,27714
file,202201,281,after_match_status,27714
file,202201,281,after_pincness,27714
file,202201,281,after_fitstat,27714
file,202201,281,after_theta,27714
file,202201,281,after_dcedge,19849
file,202201,281,after_finite,19849
file,202201,281,after_cell_selection,18446
file,202201,282,input_entries,48799
file,202201,282,after_match_status,48799
file,202201,282,after_pincness,48799
file,202201,282,after_fitstat,48799
file,202201,282,after_theta,48799
file,202201,282,after_dcedge,35009
file,202201,282,after_finite,35009
file,202201,282,after_cell_selection,33142
file,202201,283,input_entries,107166
file,202201,283,after_match_status,107166
file,202201,283,after_pincness,107166
file,202201,283,after_fitstat,107166
file,202201,283,after_theta,107166
file,202201,283,after_dcedge,76172
file,202201,283,after_finite,76172
file,202201,283,after_cell_selection,72828
file,202201,284,input_entries,248105
file,202201,284,after_match_status,248105
file,202201,284,after_pincness,248105
file,202201,284,after_fitstat,248105
file,202201,284,after_theta,248105
file,202201,284,after_dcedge,177809
file,202201,284,after_finite,177809
file,202201,284,after_cell_selection,161534
file,202201,285,input_entries,349171
file,202201,285,after_match_status,349171
file,202201,285,after_pincness,349171
file,202201,285,after_fitstat,349171
file,202201,285,after_theta,349171
file,202201,285,after_dcedge,251101
file,202201,285,after_finite,251101
file,202201,285,after_cell_selection,220328
file,202201,286,input_entries,188531
file,202201,286,after_match_status,188531
file,202201,286,after_pincness,188531
file,202201,286,after_fitstat,188531
file,202201,286,after_theta,188531
file,202201,286,after_dcedge,135107
file,202201,286,after_finite,135107
file,202201,286,after_cell_selection,126060
file,202201,287,input_entries,93683
file,202201,287,after_match_status,93683
file,202201,287,after_pincness,93683
file,202201,287,after_fitstat,93683
file,202201,287,after_theta,93683
file,202201,287,after_dcedge,66738
file,202201,287,after_finite,66738
file,202201,287,after_cell_selection,64139
file,202201,288,input_entries,90788
file,202201,288,after_match_status,90788
file,202201,288,after_pincness,90788
file,202201,288,after_fitstat,90788
file,202201,288,after_theta,90788
file,202201,288,after_dcedge,64744
file,202201,288,after_finite,64744
file,202201,288,after_cell_selection,62191
file,202201,289,input_entries,149537
file,202201,289,after_match_status,149537
file,202201,289,after_pincness,149537
file,202201,289,after_fitstat,149537
file,202201,289,after_theta,149537
file,202201,289,after_dcedge,106572
file,202201,289,after_finite,106572
file,202201,289,after_cell_selection,100781
file,202201,290,input_entries,281077
file,202201,290,after_match_status,281077
file,202201,290,after_pincness,281077
file,202201,290,after_fitstat,281077
file,202201,290,after_theta,281077
file,202201,290,after_dcedge,200783
file,202201,290,after_finite,200783
file,202201,290,after_cell_selection,179967
file,202201,291,input_entries,241221
file,202201,291,after_match_status,241221
file,202201,291,after_pincness,241221
file,202201,291,after_fitstat,241221
file,202201,291,after_theta,241221
file,202201,291,after_dcedge,172576
file,202201,291,after_finite,172576
file,202201,291,after_cell_selection,157526
file,202201,292,input_entries,128470
file,202201,292,after_match_status,128470
file,202201,292,after_pincness,128470
file,202201,292,after_fitstat,128470
file,202201,292,after_theta,128470
file,202201,292,after_dcedge,91422
file,202201,292,after_finite,91422
file,202201,292,after_cell_selection,87366
file,202201,293,input_entries,63211
file,202201,293,after_match_status,63211
file,202201,293,after_pincness,63211
file,202201,293,after_fitstat,63211
file,202201,293,after_theta,63211
file,202201,293,after_dcedge,45097
file,202201,293,after_finite,45097
file,202201,293,after_cell_selection,43133
file,202201,294,input_entries,34138
file,202201,294,after_match_status,34138
file,202201,294,after_pincness,34138
file,202201,294,after_fitstat,34138
file,202201,294,after_theta,34138
file,202201,294,after_dcedge,24483
file,202201,294,after_finite,24483
file,202201,294,after_cell_selection,23000
file,202201,295,input_entries,25086
file,202201,295,after_match_status,25086
file,202201,295,after_pincness,25086
file,202201,295,after_fitstat,25086
file,202201,295,after_theta,25086
file,202201,295,after_dcedge,17943
file,202201,295,after_finite,17943
file,202201,295,after_cell_selection,16664
file,202201,296,input_entries,24228
file,202201,296,after_match_status,24228
file,202201,296,after_pincness,24228
file,202201,296,after_fitstat,24228
file,202201,296,after_theta,24228
file,202201,296,after_dcedge,17317
file,202201,296,after_finite,17317
file,202201,296,after_cell_selection,16129
file,202201,297,input_entries,24727
file,202201,297,after_match_status,24727
file,202201,297,after_pincness,24727
file,202201,297,after_fitstat,24727
file,202201,297,after_theta,24727
file,202201,297,after_dcedge,17648
file,202201,297,after_finite,17648
file,202201,297,after_cell_selection,16445
file,202201,298,input_entries,24893
file,202201,298,after_match_status,24893
file,202201,298,after_pincness,24893
file,202201,298,after_fitstat,24893
file,202201,298,after_theta,24893
file,202201,298,after_dcedge,17687
file,202201,298,after_finite,17687
file,202201,298,after_cell_selection,16433
file,202201,299,input_entries,6018
file,202201,299,after_match_status,6018
file,202201,299,after_pincness,6018
file,202201,299,after_fitstat,6018
file,202201,299,after_theta,6018
file,202201,299,after_dcedge,4245
file,202201,299,after_finite,4245
file,202201,299,after_cell_selection,3962
file,202201,300,input_entries,1461
file,202201,300,after_match_status,1461
file,202201,300,after_pincness,1461
file,202201,300,after_fitstat,1461
file,202201,300,after_theta,1461
file,202201,300,after_dcedge,1065
file,202201,300,after_finite,1065
file,202201,300,after_cell_selection,999
file,202201,301,input_entries,24339
file,202201,301,after_match_status,24339
file,202201,301,after_pincness,24339
file,202201,301,after_fitstat,24339
file,202201,301,after_theta,24339
file,202201,301,after_dcedge,17301
file,202201,301,after_finite,17301
file,202201,301,after_cell_selection,16076
file,202201,302,input_entries,25595
file,202201,302,after_match_status,25595
file,202201,302,after_pincness,25595
file,202201,302,after_fitstat,25595
file,202201,302,after_theta,25595
file,202201,302,after_dcedge,18355
file,202201,302,after_finite,18355
file,202201,302,after_cell_selection,17082
file,202201,303,input_entries,24916
file,202201,303,after_match_status,24916
file,202201,303,after_pincness,24916
file,202201,303,after_fitstat,24916
file,202201,303,after_theta,24916
file,202201,303,after_dcedge,17816
file,202201,303,after_finite,17816
file,202201,303,after_cell_selection,16555
file,202201,304,input_entries,28270
file,202201,304,after_match_status,28270
file,202201,304,after_pincness,28270
file,202201,304,after_fitstat,28270
file,202201,304,after_theta,28270
file,202201,304,after_dcedge,20192
file,202201,304,after_finite,20192
file,202201,304,after_cell_selection,18843
file,202201,305,input_entries,50100
file,202201,305,after_match_status,50100
file,202201,305,after_pincness,50100
file,202201,305,after_fitstat,50100
file,202201,305,after_theta,50100
file,202201,305,after_dcedge,35736
file,202201,305,after_finite,35736
file,202201,305,after_cell_selection,33901
file,202201,306,input_entries,108879
file,202201,306,after_match_status,108879
file,202201,306,after_pincness,108879
file,202201,306,after_fitstat,108879
file,202201,306,after_theta,108879
file,202201,306,after_dcedge,77468
file,202201,306,after_finite,77468
file,202201,306,after_cell_selection,73956
file,202201,307,input_entries,255130
file,202201,307,after_match_status,255130
file,202201,307,after_pincness,255130
file,202201,307,after_fitstat,255130
file,202201,307,after_theta,255130
file,202201,307,after_dcedge,182617
file,202201,307,after_finite,182617
file,202201,307,after_cell_selection,164790
file,202201,308,input_entries,339727
file,202201,308,after_match_status,339727
file,202201,308,after_pincness,339727
file,202201,308,after_fitstat,339727
file,202201,308,after_theta,339727
file,202201,308,after_dcedge,243693
file,202201,308,after_finite,243693
file,202201,308,after_cell_selection,214235
file,202201,309,input_entries,174460
file,202201,309,after_match_status,174460
file,202201,309,after_pincness,174460
file,202201,309,after_fitstat,174460
file,202201,309,after_theta,174460
file,202201,309,after_dcedge,124800
file,202201,309,after_finite,124800
file,202201,309,after_cell_selection,117086
file,202201,310,input_entries,92643
file,202201,310,after_match_status,92643
file,202201,310,after_pincness,92643
file,202201,310,after_fitstat,92643
file,202201,310,after_theta,92643
file,202201,310,after_dcedge,66174
file,202201,310,after_finite,66174
file,202201,310,after_cell_selection,63646
file,202201,311,input_entries,90780
file,202201,311,after_match_status,90780
file,202201,311,after_pincness,90780
file,202201,311,after_fitstat,90780
file,202201,311,after_theta,90780
file,202201,311,after_dcedge,64599
file,202201,311,after_finite,64599
file,202201,311,after_cell_selection,62030
file,202201,312,input_entries,160592
file,202201,312,after_match_status,160592
file,202201,312,after_pincness,160592
file,202201,312,after_fitstat,160592
file,202201,312,after_theta,160592
file,202201,312,after_dcedge,114230
file,202201,312,after_finite,114230
file,202201,312,after_cell_selection,107607
file,202201,313,input_entries,298052
file,202201,313,after_match_status,298052
file,202201,313,after_pincness,298052
file,202201,313,after_fitstat,298052
file,202201,313,after_theta,298052
file,202201,313,after_dcedge,212834
file,202201,313,after_finite,212834
file,202201,313,after_cell_selection,190580
file,202201,314,input_entries,233168
file,202201,314,after_match_status,233168
file,202201,314,after_pincness,233168
file,202201,314,after_fitstat,233168
file,202201,314,after_theta,233168
file,202201,314,after_dcedge,166479
file,202201,314,after_finite,166479
file,202201,314,after_cell_selection,152546
file,202201,315,input_entries,122258
file,202201,315,after_match_status,122258
file,202201,315,after_pincness,122258
file,202201,315,after_fitstat,122258
file,202201,315,after_theta,122258
file,202201,315,after_dcedge,87230
file,202201,315,after_finite,87230
file,202201,315,after_cell_selection,83312
file,202201,316,input_entries,60947
file,202201,316,after_match_status,60947
file,202201,316,after_pincness,60947
file,202201,316,after_fitstat,60947
file,202201,316,after_theta,60947
file,202201,316,after_dcedge,43567
file,202201,316,after_finite,43567
file,202201,316,after_cell_selection,41627
file,202201,317,input_entries,33563
file,202201,317,after_match_status,33563
file,202201,317,after_pincness,33563
file,202201,317,after_fitstat,33563
file,202201,317,after_theta,33563
file,202201,317,after_dcedge,24118
file,202201,317,after_finite,24118
file,202201,317,after_cell_selection,22652
file,202201,318,input_entries,24535
file,202201,318,after_match_status,24535
file,202201,318,after_pincness,24535
file,202201,318,after_fitstat,24535
file,202201,318,after_theta,24535
file,202201,318,after_dcedge,17527
file,202201,318,after_finite,17527
file,202201,318,after_cell_selection,16249
file,202201,319,input_entries,25139
file,202201,319,after_match_status,25139
file,202201,319,after_pincness,25139
file,202201,319,after_fitstat,25139
file,202201,319,after_theta,25139
file,202201,319,after_dcedge,17996
file,202201,319,after_finite,17996
file,202201,319,after_cell_selection,16773
file,202201,320,input_entries,25371
file,202201,320,after_match_status,25371
file,202201,320,after_pincness,25371
file,202201,320,after_fitstat,25371
file,202201,320,after_theta,25371
file,202201,320,after_dcedge,18178
file,202201,320,after_finite,18178
file,202201,320,after_cell_selection,16938
file,202201,321,input_entries,25138
file,202201,321,after_match_status,25138
file,202201,321,after_pincness,25138
file,202201,321,after_fitstat,25138
file,202201,321,after_theta,25138
file,202201,321,after_dcedge,17873
file,202201,321,after_finite,17873
file,202201,321,after_cell_selection,16639
file,202201,322,input_entries,4709
file,202201,322,after_match_status,4709
file,202201,322,after_pincness,4709
file,202201,322,after_fitstat,4709
file,202201,322,after_theta,4709
file,202201,322,after_dcedge,3368
file,202201,322,after_finite,3368
file,202201,322,after_cell_selection,3116
file,202201,323,input_entries,3285
file,202201,323,after_match_status,3285
file,202201,323,after_pincness,3285
file,202201,323,after_fitstat,3285
file,202201,323,after_theta,3285
file,202201,323,after_dcedge,2355
file,202201,323,after_finite,2355
file,202201,323,after_cell_selection,2179
file,202201,324,input_entries,25774
file,202201,324,after_match_status,25774
file,202201,324,after_pincness,25774
file,202201,324,after_fitstat,25774
file,202201,324,after_theta,25774
file,202201,324,after_dcedge,18350
file,202201,324,after_finite,18350
file,202201,324,after_cell_selection,17073
file,202201,325,input_entries,25577
file,202201,325,after_match_status,25577
file,202201,325,after_pincness,25577
file,202201,325,after_fitstat,25577
file,202201,325,after_theta,25577
file,202201,325,after_dcedge,18315
file,202201,325,after_finite,18315
file,202201,325,after_cell_selection,17119
file,202201,326,input_entries,25536
file,202201,326,after_match_status,25536
file,202201,326,after_pincness,25536
file,202201,326,after_fitstat,25536
file,202201,326,after_theta,25536
file,202201,326,after_dcedge,18267
file,202201,326,after_finite,18267
file,202201,326,after_cell_selection,16978
file,202201,327,input_entries,28214
file,202201,327,after_match_status,28214
file,202201,327,after_pincness,28214
file,202201,327,after_fitstat,28214
file,202201,327,after_theta,28214
file,202201,327,after_dcedge,20241
file,202201,327,after_finite,20241
file,202201,327,after_cell_selection,18840
file,202201,328,input_entries,53599
file,202201,328,after_match_status,53599
file,202201,328,after_pincness,53599
file,202201,328,after_fitstat,53599
file,202201,328,after_theta,53599
file,202201,328,after_dcedge,38120
file,202201,328,after_finite,38120
file,202201,328,after_cell_selection,36260
file,202201,329,input_entries,118169
file,202201,329,after_match_status,118169
file,202201,329,after_pincness,118169
file,202201,329,after_fitstat,118169
file,202201,329,after_theta,118169
file,202201,329,after_dcedge,83953
file,202201,329,after_finite,83953
file,202201,329,after_cell_selection,80010
file,202201,330,input_entries,266585
file,202201,330,after_match_status,266585
file,202201,330,after_pincness,266585
file,202201,330,after_fitstat,266585
file,202201,330,after_theta,266585
file,202201,330,after_dcedge,190703
file,202201,330,after_finite,190703
file,202201,330,after_cell_selection,171390
file,202201,331,input_entries,329472
file,202201,331,after_match_status,329472
file,202201,331,after_pincness,329472
file,202201,331,after_fitstat,329472
file,202201,331,after_theta,329472
file,202201,331,after_dcedge,236389
file,202201,331,after_finite,236389
file,202201,331,after_cell_selection,207804
file,202201,332,input_entries,163294
file,202201,332,after_match_status,163294
file,202201,332,after_pincness,163294
file,202201,332,after_fitstat,163294
file,202201,332,after_theta,163294
file,202201,332,after_dcedge,116611
file,202201,332,after_finite,116611
file,202201,332,after_cell_selection,109592
file,202201,333,input_entries,94307
file,202201,333,after_match_status,94307
file,202201,333,after_pincness,94307
file,202201,333,after_fitstat,94307
file,202201,333,after_theta,94307
file,202201,333,after_dcedge,67222
file,202201,333,after_finite,67222
file,202201,333,after_cell_selection,64675
file,202201,334,input_entries,94189
file,202201,334,after_match_status,94189
file,202201,334,after_pincness,94189
file,202201,334,after_fitstat,94189
file,202201,334,after_theta,94189
file,202201,334,after_dcedge,66937
file,202201,334,after_finite,66937
file,202201,334,after_cell_selection,64127
file,202201,335,input_entries,167483
file,202201,335,after_match_status,167483
file,202201,335,after_pincness,167483
file,202201,335,after_fitstat,167483
file,202201,335,after_theta,167483
file,202201,335,after_dcedge,119519
file,202201,335,after_finite,119519
file,202201,335,after_cell_selection,112158
file,202201,336,input_entries,293901
file,202201,336,after_match_status,293901
file,202201,336,after_pincness,293901
file,202201,336,after_fitstat,293901
file,202201,336,after_theta,293901
file,202201,336,after_dcedge,209546
file,202201,336,after_finite,209546
file,202201,336,after_cell_selection,187263
file,202201,337,input_entries,228345
file,202201,337,after_match_status,228345
file,202201,337,after_pincness,228345
file,202201,337,after_fitstat,228345
file,202201,337,after_theta,228345
file,202201,337,after_dcedge,162792
file,202201,337,after_finite,162792
file,202201,337,after_cell_selection,149760
file,202201,338,input_entries,116194
file,202201,338,after_match_status,116194
file,202201,338,after_pincness,116194
file,202201,338,after_fitstat,116194
file,202201,338,after_theta,116194
file,202201,338,after_dcedge,82585
file,202201,338,after_finite,82585
file,202201,338,after_cell_selection,79171
file,202201,339,input_entries,58619
file,202201,339,after_match_status,58619
file,202201,339,after_pincness,58619
file,202201,339,after_fitstat,58619
file,202201,339,after_theta,58619
file,202201,339,after_dcedge,41887
file,202201,339,after_finite,41887
file,202201,339,after_cell_selection,39986
file,202201,340,input_entries,31262
file,202201,340,after_match_status,31262
file,202201,340,after_pincness,31262
file,202201,340,after_fitstat,31262
file,202201,340,after_theta,31262
file,202201,340,after_dcedge,22590
file,202201,340,after_finite,22590
file,202201,340,after_cell_selection,21144
file,202201,341,input_entries,24570
file,202201,341,after_match_status,24570
file,202201,341,after_pincness,24570
file,202201,341,after_fitstat,24570
file,202201,341,after_theta,24570
file,202201,341,after_dcedge,17573
file,202201,341,after_finite,17573
file,202201,341,after_cell_selection,16290
file,202201,342,input_entries,24779
file,202201,342,after_match_status,24779
file,202201,342,after_pincness,24779
file,202201,342,after_fitstat,24779
file,202201,342,after_theta,24779
file,202201,342,after_dcedge,17709
file,202201,342,after_finite,17709
file,202201,342,after_cell_selection,16485
file,202201,343,input_entries,24779
file,202201,343,after_match_status,24779
file,202201,343,after_pincness,24779
file,202201,343,after_fitstat,24779
file,202201,343,after_theta,24779
file,202201,343,after_dcedge,17661
file,202201,343,after_finite,17661
file,202201,343,after_cell_selection,16441
file,202201,344,input_entries,25042
file,202201,344,after_match_status,25042
file,202201,344,after_pincness,25042
file,202201,344,after_fitstat,25042
file,202201,344,after_theta,25042
file,202201,344,after_dcedge,17836
file,202201,344,after_finite,17836
file,202201,344,after_cell_selection,16617
file,202201,345,input_entries,3059
file,202201,345,after_match_status,3059
file,202201,345,after_pincness,3059
file,202201,345,after_fitstat,3059
file,202201,345,after_theta,3059
file,202201,345,after_dcedge,2170
file,202201,345,after_finite,2170
file,202201,345,after_cell_selection,2017
file,202201,346,input_entries,4610
file,202201,346,after_match_status,4610
file,202201,346,after_pincness,4610
file,202201,346,after_fitstat,4610
file,202201,346,after_theta,4610
file,202201,346,after_dcedge,3287
file,202201,346,after_finite,3287
file,202201,346,after_cell_selection,3068
file,202201,347,input_entries,25617
file,202201,347,after_match_status,25617
file,202201,347,after_pincness,25617
file,202201,347,after_fitstat,25617
file,202201,347,after_theta,25617
file,202201,347,after_dcedge,18258
file,202201,347,after_finite,18258
file,202201,347,after_cell_selection,16952
file,202201,348,input_entries,24427
file,202201,348,after_match_status,24427
file,202201,348,after_pincness,24427
file,202201,348,after_fitstat,24427
file,202201,348,after_theta,24427
file,202201,348,after_dcedge,17423
file,202201,348,after_finite,17423
file,202201,348,after_cell_selection,16118
file,202201,349,input_entries,29389
file,202201,349,after_match_status,29389
file,202201,349,after_pincness,29389
file,202201,349,after_fitstat,29389
file,202201,349,after_theta,29389
file,202201,349,after_dcedge,21115
file,202201,349,after_finite,21115
file,202201,349,after_cell_selection,19688
file,202201,350,input_entries,56074
file,202201,350,after_match_status,56074
file,202201,350,after_pincness,56074
file,202201,350,after_fitstat,56074
file,202201,350,after_theta,56074
file,202201,350,after_dcedge,39881
file,202201,350,after_finite,39881
file,202201,350,after_cell_selection,37884
file,202201,351,input_entries,124382
file,202201,351,after_match_status,124382
file,202201,351,after_pincness,124382
file,202201,351,after_fitstat,124382
file,202201,351,after_theta,124382
file,202201,351,after_dcedge,88392
file,202201,351,after_finite,88392
file,202201,351,after_cell_selection,84190
file,202201,352,input_entries,278044
file,202201,352,after_match_status,278044
file,202201,352,after_pincness,278044
file,202201,352,after_fitstat,278044
file,202201,352,after_theta,278044
file,202201,352,after_dcedge,198862
file,202201,352,after_finite,198862
file,202201,352,after_cell_selection,177826
file,202201,353,input_entries,320619
file,202201,353,after_match_status,320619
file,202201,353,after_pincness,320619
file,202201,353,after_fitstat,320619
file,202201,353,after_theta,320619
file,202201,353,after_dcedge,230259
file,202201,353,after_finite,230259
file,202201,353,after_cell_selection,203267
file,202201,354,input_entries,154148
file,202201,354,after_match_status,154148
file,202201,354,after_pincness,154148
file,202201,354,after_fitstat,154148
file,202201,354,after_theta,154148
file,202201,354,after_dcedge,110542
file,202201,354,after_finite,110542
file,202201,354,after_cell_selection,104317
file,202201,355,input_entries,90131
file,202201,355,after_match_status,90131
file,202201,355,after_pincness,90131
file,202201,355,after_fitstat,90131
file,202201,355,after_theta,90131
file,202201,355,after_dcedge,64425
file,202201,355,after_finite,64425
file,202201,355,after_cell_selection,61863
file,202201,356,input_entries,96512
file,202201,356,after_match_status,96512
file,202201,356,after_pincness,96512
file,202201,356,after_fitstat,96512
file,202201,356,after_theta,96512
file,202201,356,after_dcedge,68647
file,202201,356,after_finite,68647
file,202201,356,after_cell_selection,65758
file,202201,357,input_entries,178754
file,202201,357,after_match_status,178754
file,202201,357,after_pincness,178754
file,202201,357,after_fitstat,178754
file,202201,357,after_theta,178754
file,202201,357,after_dcedge,127467
file,202201,357,after_finite,127467
file,202201,357,after_cell_selection,119123
file,202201,358,input_entries,293138
file,202201,358,after_match_status,293138
file,202201,358,after_pincness,293138
file,202201,358,after_fitstat,293138
file,202201,358,after_theta,293138
file,202201,358,after_dcedge,209540
file,202201,358,after_finite,209540
file,202201,358,after_cell_selection,187239
file,202201,359,input_entries,219233
file,202201,359,after_match_status,219233
file,202201,359,after_pincness,219233
file,202201,359,after_fitstat,219233
file,202201,359,after_theta,219233
file,202201,359,after_dcedge,156863
file,202201,359,after_finite,156863
file,202201,359,after_cell_selection,144712
file,202201,360,input_entries,97329
file,202201,360,after_match_status,97329
file,202201,360,after_pincness,97329
file,202201,360,after_fitstat,97329
file,202201,360,after_theta,97329
file,202201,360,after_dcedge,69308
file,202201,360,after_finite,69308
file,202201,360,after_cell_selection,66408
file,202201,361,input_entries,56208
file,202201,361,after_match_status,56208
file,202201,361,after_pincness,56208
file,202201,361,after_fitstat,56208
file,202201,361,after_theta,56208
file,202201,361,after_dcedge,39929
file,202201,361,after_finite,39929
file,202201,361,after_cell_selection,38092
file,202201,362,input_entries,31645
file,202201,362,after_match_status,31645
file,202201,362,after_pincness,31645
file,202201,362,after_fitstat,31645
file,202201,362,after_theta,31645
file,202201,362,after_dcedge,22853
file,202201,362,after_finite,22853
file,202201,362,after_cell_selection,21437
file,202201,363,input_entries,13986
file,202201,363,after_match_status,13986
file,202201,363,after_pincness,13986
file,202201,363,after_fitstat,13986
file,202201,363,after_theta,13986
file,202201,363,after_dcedge,9998
file,202201,363,after_finite,9998
file,202201,363,after_cell_selection,9294
file,202201,364,input_entries,1584
file,202201,364,after_match_status,1584
file,202201,364,after_pincness,1584
file,202201,364,after_fitstat,1584
file,202201,364,after_theta,1584
file,202201,364,after_dcedge,1140
file,202201,364,after_finite,1140
file,202201,364,after_cell_selection,1048
file,202201,365,input_entries,15189
file,202201,365,after_match_status,15189
file,202201,365,after_pincness,15189
file,202201,365,after_fitstat,15189
file,202201,365,after_theta,15189
file,202201,365,after_dcedge,10990
file,202201,365,after_finite,10990
file,202201,365,after_cell_selection,10198
file,202201,366,input_entries,22761
file,202201,366,after_match_status,22761
file,202201,366,after_pincness,22761
file,202201,366,after_fitstat,22761
file,202201,366,after_theta,22761
file,202201,366,after_dcedge,16373
file,202201,366,after_finite,16373
file,202201,366,after_cell_selection,15151
file,202201,367,input_entries,23619
file,202201,367,after_match_status,23619
file,202201,367,after_pincness,23619
file,202201,367,after_fitstat,23619
file,202201,367,after_theta,23619
file,202201,367,after_dcedge,16977
file,202201,367,after_finite,16977
file,202201,367,after_cell_selection,15909
file,202201,368,input_entries,57788
file,202201,368,after_match_status,57788
file,202201,368,after_pincness,57788
file,202201,368,after_fitstat,57788
file,202201,368,after_theta,57788
file,202201,368,after_dcedge,41171
file,202201,368,after_finite,41171
file,202201,368,after_cell_selection,39282
file,202201,369,input_entries,129721
file,202201,369,after_match_status,129721
file,202201,369,after_pincness,129721
file,202201,369,after_fitstat,129721
file,202201,369,after_theta,129721
file,202201,369,after_dcedge,92517
file,202201,369,after_finite,92517
file,202201,369,after_cell_selection,87938
file,202201,370,input_entries,281333
file,202201,370,after_match_status,281333
file,202201,370,after_pincness,281333
file,202201,370,after_fitstat,281333
file,202201,370,after_theta,281333
file,202201,370,after_dcedge,202093
file,202201,370,after_finite,202093
file,202201,370,after_cell_selection,180258
file,202201,371,input_entries,313726
file,202201,371,after_match_status,313726
file,202201,371,after_pincness,313726
file,202201,371,after_fitstat,313726
file,202201,371,after_theta,313726
file,202201,371,after_dcedge,225418
file,202201,371,after_finite,225418
file,202201,371,after_cell_selection,199820
file,202201,372,input_entries,146301
file,202201,372,after_match_status,146301
file,202201,372,after_pincness,146301
file,202201,372,after_fitstat,146301
file,202201,372,after_theta,146301
file,202201,372,after_dcedge,104683
file,202201,372,after_finite,104683
file,202201,372,after_cell_selection,99143
file,202201,373,input_entries,89886
file,202201,373,after_match_status,89886
file,202201,373,after_pincness,89886
file,202201,373,after_fitstat,89886
file,202201,373,after_theta,89886
file,202201,373,after_dcedge,64302
file,202201,373,after_finite,64302
file,202201,373,after_cell_selection,61753
file,202201,374,input_entries,97336
file,202201,374,after_match_status,97336
file,202201,374,after_pincness,97336
file,202201,374,after_fitstat,97336
file,202201,374,after_theta,97336
file,202201,374,after_dcedge,69575
file,202201,374,after_finite,69575
file,202201,374,after_cell_selection,66783
file,202201,375,input_entries,184788
file,202201,375,after_match_status,184788
file,202201,375,after_pincness,184788
file,202201,375,after_fitstat,184788
file,202201,375,after_theta,184788
file,202201,375,after_dcedge,131867
file,202201,375,after_finite,131867
file,202201,375,after_cell_selection,123187
file,202201,376,input_entries,296802
file,202201,376,after_match_status,296802
file,202201,376,after_pincness,296802
file,202201,376,after_fitstat,296802
file,202201,376,after_theta,296802
file,202201,376,after_dcedge,211565
file,202201,376,after_finite,211565
file,202201,376,after_cell_selection,188786
file,202201,377,input_entries,209386
file,202201,377,after_match_status,209386
file,202201,377,after_pincness,209386
file,202201,377,after_fitstat,209386
file,202201,377,after_theta,209386
file,202201,377,after_dcedge,149445
file,202201,377,after_finite,149445
file,202201,377,after_cell_selection,138545
file,202201,378,input_entries,101316
file,202201,378,after_match_status,101316
file,202201,378,after_pincness,101316
file,202201,378,after_fitstat,101316
file,202201,378,after_theta,101316
file,202201,378,after_dcedge,72061
file,202201,378,after_finite,72061
file,202201,378,after_cell_selection,69145
file,202201,379,input_entries,53303
file,202201,379,after_match_status,53303
file,202201,379,after_pincness,53303
file,202201,379,after_fitstat,53303
file,202201,379,after_theta,53303
file,202201,379,after_dcedge,38091
file,202201,379,after_finite,38091
file,202201,379,after_cell_selection,36275
file,202201,380,input_entries,30495
file,202201,380,after_match_status,30495
file,202201,380,after_pincness,30495
file,202201,380,after_fitstat,30495
file,202201,380,after_theta,30495
file,202201,380,after_dcedge,21991
file,202201,380,after_finite,21991
file,202201,380,after_cell_selection,20544
file,202201,381,input_entries,24754
file,202201,381,after_match_status,24754
file,202201,381,after_pincness,24754
file,202201,381,after_fitstat,24754
file,202201,381,after_theta,24754
file,202201,381,after_dcedge,17711
file,202201,381,after_finite,17711
file,202201,381,after_cell_selection,16488
file,202201,382,input_entries,24646
file,202201,382,after_match_status,24646
file,202201,382,after_pincness,24646
file,202201,382,after_fitstat,24646
file,202201,382,after_theta,24646
file,202201,382,after_dcedge,17711
file,202201,382,after_finite,17711
file,202201,382,after_cell_selection,16450
file,202201,383,input_entries,25706
file,202201,383,after_match_status,25706
file,202201,383,after_pincness,25706
file,202201,383,after_fitstat,25706
file,202201,383,after_theta,25706
file,202201,383,after_dcedge,18271
file,202201,383,after_finite,18271
file,202201,383,after_cell_selection,16957
file,202201,384,input_entries,24655
file,202201,384,after_match_status,24655
file,202201,384,after_pincness,24655
file,202201,384,after_fitstat,24655
file,202201,384,after_theta,24655
file,202201,384,after_dcedge,17506
file,202201,384,after_finite,17506
file,202201,384,after_cell_selection,16273
file,202201,385,input_entries,144
file,202201,385,after_match_status,144
file,202201,385,after_pincness,144
file,202201,385,after_fitstat,144
file,202201,385,after_theta,144
file,202201,385,after_dcedge,94
file,202201,385,after_finite,94
file,202201,385,after_cell_selection,88
file,202201,386,input_entries,8044
file,202201,386,after_match_status,8044
file,202201,386,after_pincness,8044
file,202201,386,after_fitstat,8044
file,202201,386,after_theta,8044
file,202201,386,after_dcedge,5724
file,202201,386,after_finite,5724
file,202201,386,after_cell_selection,5343
file,202201,387,input_entries,24600
file,202201,387,after_match_status,24600
file,202201,387,after_pincness,24600
file,202201,387,after_fitstat,24600
file,202201,387,after_theta,24600
file,202201,387,after_dcedge,17532
file,202201,387,after_finite,17532
file,202201,387,after_cell_selection,16332
file,202201,388,input_entries,25384
file,202201,388,after_match_status,25384
file,202201,388,after_pincness,25384
file,202201,388,after_fitstat,25384
file,202201,388,after_theta,25384
file,202201,388,after_dcedge,18156
file,202201,388,after_finite,18156
file,202201,388,after_cell_selection,16875
file,202201,389,input_entries,25102
file,202201,389,after_match_status,25102
file,202201,389,after_pincness,25102
file,202201,389,after_fitstat,25102
file,202201,389,after_theta,25102
file,202201,389,after_dcedge,18005
file,202201,389,after_finite,18005
file,202201,389,after_cell_selection,16722
file,202201,390,input_entries,31323
file,202201,390,after_match_status,31323
file,202201,390,after_pincness,31323
file,202201,390,after_fitstat,31323
file,202201,390,after_theta,31323
file,202201,390,after_dcedge,22345
file,202201,390,after_finite,22345
file,202201,390,after_cell_selection,20942
file,202201,391,input_entries,61512
file,202201,391,after_match_status,61512
file,202201,391,after_pincness,61512
file,202201,391,after_fitstat,61512
file,202201,391,after_theta,61512
file,202201,391,after_dcedge,43741
file,202201,391,after_finite,43741
file,202201,391,after_cell_selection,41687
file,202201,392,input_entries,138177
file,202201,392,after_match_status,138177
file,202201,392,after_pincness,138177
file,202201,392,after_fitstat,138177
file,202201,392,after_theta,138177
file,202201,392,after_dcedge,98641
file,202201,392,after_finite,98641
file,202201,392,after_cell_selection,93351
file,202201,393,input_entries,291246
file,202201,393,after_match_status,291246
file,202201,393,after_pincness,291246
file,202201,393,after_fitstat,291246
file,202201,393,after_theta,291246
file,202201,393,after_dcedge,208534
file,202201,393,after_finite,208534
file,202201,393,after_cell_selection,185257
file,202201,394,input_entries,305544
file,202201,394,after_match_status,305544
file,202201,394,after_pincness,305544
file,202201,394,after_fitstat,305544
file,202201,394,after_theta,305544
file,202201,394,after_dcedge,219392
file,202201,394,after_finite,219392
file,202201,394,after_cell_selection,194834
file,202201,395,input_entries,143484
file,202201,395,after_match_status,143484
file,202201,395,after_pincness,143484
file,202201,395,after_fitstat,143484
file,202201,395,after_theta,143484
file,202201,395,after_dcedge,102531
file,202201,395,after_finite,102531
file,202201,395,after_cell_selection,97242
file,202201,396,input_entries,87427
file,202201,396,after_match_status,87427
file,202201,396,after_pincness,87427
file,202201,396,after_fitstat,87427
file,202201,396,after_theta,87427
file,202201,396,after_dcedge,62529
file,202201,396,after_finite,62529
file,202201,396,after_cell_selection,60095
file,202201,397,input_entries,103472
file,202201,397,after_match_status,103472
file,202201,397,after_pincness,103472
file,202201,397,after_fitstat,103472
file,202201,397,after_theta,103472
file,202201,397,after_dcedge,73623
file,202201,397,after_finite,73623
file,202201,397,after_cell_selection,70519
file,202201,398,input_entries,195916
file,202201,398,after_match_status,195916
file,202201,398,after_pincness,195916
file,202201,398,after_fitstat,195916
file,202201,398,after_theta,195916
file,202201,398,after_dcedge,139523
file,202201,398,after_finite,139523
file,202201,398,after_cell_selection,129561
file,202201,399,input_entries,300756
file,202201,399,after_match_status,300756
file,202201,399,after_pincness,300756
file,202201,399,after_fitstat,300756
file,202201,399,after_theta,300756
file,202201,399,after_dcedge,214953
file,202201,399,after_finite,214953
file,202201,399,after_cell_selection,192060
file,202201,400,input_entries,205739
file,202201,400,after_match_status,205739
file,202201,400,after_pincness,205739
file,202201,400,after_fitstat,205739
file,202201,400,after_theta,205739
file,202201,400,after_dcedge,146876
file,202201,400,after_finite,146876
file,202201,400,after_cell_selection,136534
file,202201,401,input_entries,101251
file,202201,401,after_match_status,101251
file,202201,401,after_pincness,101251
file,202201,401,after_fitstat,101251
file,202201,401,after_theta,101251
file,202201,401,after_dcedge,71984
file,202201,401,after_finite,71984
file,202201,401,after_cell_selection,68981
file,202201,402,input_entries,51398
file,202201,402,after_match_status,51398
file,202201,402,after_pincness,51398
file,202201,402,after_fitstat,51398
file,202201,402,after_theta,51398
file,202201,402,after_dcedge,36803
file,202201,402,after_finite,36803
file,202201,402,after_cell_selection,35056
file,202201,403,input_entries,29617
file,202201,403,after_match_status,29617
file,202201,403,after_pincness,29617
file,202201,403,after_fitstat,29617
file,202201,403,after_theta,29617
file,202201,403,after_dcedge,21443
file,202201,403,after_finite,21443
file,202201,403,after_cell_selection,20073
file,202201,404,input_entries,25389
file,202201,404,after_match_status,25389
file,202201,404,after_pincness,25389
file,202201,404,after_fitstat,25389
file,202201,404,after_theta,25389
file,202201,404,after_dcedge,18141
file,202201,404,after_finite,18141
file,202201,404,after_cell_selection,16793
file,202201,405,input_entries,24421
file,202201,405,after_match_status,24421
file,202201,405,after_pincness,24421
file,202201,405,after_fitstat,24421
file,202201,405,after_theta,24421
file,202201,405,after_dcedge,17566
file,202201,405,after_finite,17566
file,202201,405,after_cell_selection,16363
file,202201,406,input_entries,24547
file,202201,406,after_match_status,24547
file,202201,406,after_pincness,24547
file,202201,406,after_fitstat,24547
file,202201,406,after_theta,24547
file,202201,406,after_dcedge,17498
file,202201,406,after_finite,17498
file,202201,406,after_cell_selection,16278
file,202201,407,input_entries,24033
file,202201,407,after_match_status,24033
file,202201,407,after_pincness,24033
file,202201,407,after_fitstat,24033
file,202201,407,after_theta,24033
file,202201,407,after_dcedge,17189
file,202201,407,after_finite,17189
file,202201,407,after_cell_selection,15994
file,202201,408,input_entries,10153
file,202201,408,after_match_status,10153
file,202201,408,after_pincness,10153
file,202201,408,after_fitstat,10153
file,202201,408,after_theta,10153
file,202201,408,after_dcedge,7269
file,202201,408,after_finite,7269
file,202201,408,after_cell_selection,6761
file,202201,409,input_entries,25641
file,202201,409,after_match_status,25641
file,202201,409,after_pincness,25641
file,202201,409,after_fitstat,25641
file,202201,409,after_theta,25641
file,202201,409,after_dcedge,18239
file,202201,409,after_finite,18239
file,202201,409,after_cell_selection,16963
file,202201,410,input_entries,25487
file,202201,410,after_match_status,25487
file,202201,410,after_pincness,25487
file,202201,410,after_fitstat,25487
file,202201,410,after_theta,25487
file,202201,410,after_dcedge,18090
file,202201,410,after_finite,18090
file,202201,410,after_cell_selection,16837
file,202201,411,input_entries,26015
file,202201,411,after_match_status,26015
file,202201,411,after_pincness,26015
file,202201,411,after_fitstat,26015
file,202201,411,after_theta,26015
file,202201,411,after_dcedge,18551
file,202201,411,after_finite,18551
file,202201,411,after_cell_selection,17191
file,202201,412,input_entries,33991
file,202201,412,after_match_status,33991
file,202201,412,after_pincness,33991
file,202201,412,after_fitstat,33991
file,202201,412,after_theta,33991
file,202201,412,after_dcedge,24343
file,202201,412,after_finite,24343
file,202201,412,after_cell_selection,22783
file,202201,413,input_entries,65787
file,202201,413,after_match_status,65787
file,202201,413,after_pincness,65787
file,202201,413,after_fitstat,65787
file,202201,413,after_theta,65787
file,202201,413,after_dcedge,46872
file,202201,413,after_finite,46872
file,202201,413,after_cell_selection,44724
file,202201,414,input_entries,146691
file,202201,414,after_match_status,146691
file,202201,414,after_pincness,146691
file,202201,414,after_fitstat,146691
file,202201,414,after_theta,146691
file,202201,414,after_dcedge,104282
file,202201,414,after_finite,104282
file,202201,414,after_cell_selection,98470
file,202201,415,input_entries,318476
file,202201,415,after_match_status,318476
file,202201,415,after_pincness,318476
file,202201,415,after_fitstat,318476
file,202201,415,after_theta,318476
file,202201,415,after_dcedge,228304
file,202201,415,after_finite,228304
file,202201,415,after_cell_selection,202256
file,202201,416,input_entries,305716
file,202201,416,after_match_status,305716
file,202201,416,after_pincness,305716
file,202201,416,after_fitstat,305716
file,202201,416,after_theta,305716
file,202201,416,after_dcedge,219074
file,202201,416,after_finite,219074
file,202201,416,after_cell_selection,195322
file,202201,417,input_entries,141224
file,202201,417,after_match_status,141224
file,202201,417,after_pincness,141224
file,202201,417,after_fitstat,141224
file,202201,417,after_theta,141224
file,202201,417,after_dcedge,100141
file,202201,417,after_finite,100141
file,202201,417,after_cell_selection,95271
file,202201,418,input_entries,88678
file,202201,418,after_match_status,88678
file,202201,418,after_pincness,88678
file,202201,418,after_fitstat,88678
file,202201,418,after_theta,88678
file,202201,418,after_dcedge,63055
file,202201,418,after_finite,63055
file,202201,418,after_cell_selection,60499
file,202201,419,input_entries,108375
file,202201,419,after_match_status,108375
file,202201,419,after_pincness,108375
file,202201,419,after_fitstat,108375
file,202201,419,after_theta,108375
file,202201,419,after_dcedge,76506
file,202201,419,after_finite,76506
file,202201,419,after_cell_selection,73298
file,202201,420,input_entries,210687
file,202201,420,after_match_status,210687
file,202201,420,after_pincness,210687
file,202201,420,after_fitstat,210687
file,202201,420,after_theta,210687
file,202201,420,after_dcedge,149096
file,202201,420,after_finite,149096
file,202201,420,after_cell_selection,138068
file,202201,421,input_entries,305092
file,202201,421,after_match_status,305092
file,202201,421,after_pincness,305092
file,202201,421,after_fitstat,305092
file,202201,421,after_theta,305092
file,202201,421,after_dcedge,215869
file,202201,421,after_finite,215869
file,202201,421,after_cell_selection,193082
file,202201,422,input_entries,201362
file,202201,422,after_match_status,201362
file,202201,422,after_pincness,201362
file,202201,422,after_fitstat,201362
file,202201,422,after_theta,201362
file,202201,422,after_dcedge,142394
file,202201,422,after_finite,142394
file,202201,422,after_cell_selection,132698
file,202201,423,input_entries,100648
file,202201,423,after_match_status,100648
file,202201,423,after_pincness,100648
file,202201,423,after_fitstat,100648
file,202201,423,after_theta,100648
file,202201,423,after_dcedge,71079
file,202201,423,after_finite,71079
file,202201,423,after_cell_selection,68221
file,202201,424,input_entries,51556
file,202201,424,after_match_status,51556
file,202201,424,after_pincness,51556
file,202201,424,after_fitstat,51556
file,202201,424,after_theta,51556
file,202201,424,after_dcedge,36546
file,202201,424,after_finite,36546
file,202201,424,after_cell_selection,34757
file,202201,425,input_entries,30075
file,202201,425,after_match_status,30075
file,202201,425,after_pincness,30075
file,202201,425,after_fitstat,30075
file,202201,425,after_theta,30075
file,202201,425,after_dcedge,21471
file,202201,425,after_finite,21471
file,202201,425,after_cell_selection,20007
file,202201,426,input_entries,26230
file,202201,426,after_match_status,26230
file,202201,426,after_pincness,26230
file,202201,426,after_fitstat,26230
file,202201,426,after_theta,26230
file,202201,426,after_dcedge,18662
file,202201,426,after_finite,18662
file,202201,426,after_cell_selection,17346
file,202201,427,input_entries,22138
file,202201,427,after_match_status,22138
file,202201,427,after_pincness,22138
file,202201,427,after_fitstat,22138
file,202201,427,after_theta,22138
file,202201,427,after_dcedge,15664
file,202201,427,after_finite,15664
file,202201,427,after_cell_selection,14616
file,202201,428,input_entries,11584
file,202201,428,after_match_status,11584
file,202201,428,after_pincness,11584
file,202201,428,after_fitstat,11584
file,202201,428,after_theta,11584
file,202201,428,after_dcedge,8178
file,202201,428,after_finite,8178
file,202201,428,after_cell_selection,7646
file,202201,429,input_entries,26471
file,202201,429,after_match_status,26471
file,202201,429,after_pincness,26471
file,202201,429,after_fitstat,26471
file,202201,429,after_theta,26471
file,202201,429,after_dcedge,18800
file,202201,429,after_finite,18800
file,202201,429,after_cell_selection,17463
file,202201,430,input_entries,25579
file,202201,430,after_match_status,25579
file,202201,430,after_pincness,25579
file,202201,430,after_fitstat,25579
file,202201,430,after_theta,25579
file,202201,430,after_dcedge,18209
file,202201,430,after_finite,18209
file,202201,430,after_cell_selection,17014
file,202201,431,input_entries,26556
file,202201,431,after_match_status,26556
file,202201,431,after_pincness,26556
file,202201,431,after_fitstat,26556
file,202201,431,after_theta,26556
file,202201,431,after_dcedge,18936
file,202201,431,after_finite,18936
file,202201,431,after_cell_selection,17582
file,202201,432,input_entries,35446
file,202201,432,after_match_status,35446
file,202201,432,after_pincness,35446
file,202201,432,after_fitstat,35446
file,202201,432,after_theta,35446
file,202201,432,after_dcedge,25357
file,202201,432,after_finite,25357
file,202201,432,after_cell_selection,23766
file,202201,433,input_entries,70486
file,202201,433,after_match_status,70486
file,202201,433,after_pincness,70486
file,202201,433,after_fitstat,70486
file,202201,433,after_theta,70486
file,202201,433,after_dcedge,49651
file,202201,433,after_finite,49651
file,202201,433,after_cell_selection,47400
file,202201,434,input_entries,156798
file,202201,434,after_match_status,156798
file,202201,434,after_pincness,156798
file,202201,434,after_fitstat,156798
file,202201,434,after_theta,156798
file,202201,434,after_dcedge,110823
file,202201,434,after_finite,110823
file,202201,434,after_cell_selection,104537
file,202201,435,input_entries,335554
file,202201,435,after_match_status,335554
file,202201,435,after_pincness,335554
file,202201,435,after_fitstat,335554
file,202201,435,after_theta,335554
file,202201,435,after_dcedge,238619
file,202201,435,after_finite,238619
file,202201,435,after_cell_selection,210523
file,202201,436,input_entries,133730
file,202201,436,after_match_status,133730
file,202201,436,after_pincness,133730
file,202201,436,after_fitstat,133730
file,202201,436,after_theta,133730
file,202201,436,after_dcedge,95046
file,202201,436,after_finite,95046
file,202201,436,after_cell_selection,90768
file,202201,437,input_entries,89797
file,202201,437,after_match_status,89797
file,202201,437,after_pincness,89797
file,202201,437,after_fitstat,89797
file,202201,437,after_theta,89797
file,202201,437,after_dcedge,63455
file,202201,437,after_finite,63455
file,202201,437,after_cell_selection,60878
file,202201,438,input_entries,109356
file,202201,438,after_match_status,109356
file,202201,438,after_pincness,109356
file,202201,438,after_fitstat,109356
file,202201,438,after_theta,109356
file,202201,438,after_dcedge,77560
file,202201,438,after_finite,77560
file,202201,438,after_cell_selection,74267
file,202201,439,input_entries,219188
file,202201,439,after_match_status,219188
file,202201,439,after_pincness,219188
file,202201,439,after_fitstat,219188
file,202201,439,after_theta,219188
file,202201,439,after_dcedge,155179
file,202201,439,after_finite,155179
file,202201,439,after_cell_selection,142973
file,202201,440,input_entries,297608
file,202201,440,after_match_status,297608
file,202201,440,after_pincness,297608
file,202201,440,after_fitstat,297608
file,202201,440,after_theta,297608
file,202201,440,after_dcedge,210828
file,202201,440,after_finite,210828
file,202201,440,after_cell_selection,188562
file,202201,441,input_entries,187293
file,202201,441,after_match_status,187293
file,202201,441,after_pincness,187293
file,202201,441,after_fitstat,187293
file,202201,441,after_theta,187293
file,202201,441,after_dcedge,132685
file,202201,441,after_finite,132685
file,202201,441,after_cell_selection,124239
file,202201,442,input_entries,94802
file,202201,442,after_match_status,94802
file,202201,442,after_pincness,94802
file,202201,442,after_fitstat,94802
file,202201,442,after_theta,94802
file,202201,442,after_dcedge,66743
file,202201,442,after_finite,66743
file,202201,442,after_cell_selection,64115
file,202201,443,input_entries,48623
file,202201,443,after_match_status,48623
file,202201,443,after_pincness,48623
file,202201,443,after_fitstat,48623
file,202201,443,after_theta,48623
file,202201,443,after_dcedge,34498
file,202201,443,after_finite,34498
file,202201,443,after_cell_selection,32821
file,202201,444,input_entries,27724
file,202201,444,after_match_status,27724
file,202201,444,after_pincness,27724
file,202201,444,after_fitstat,27724
file,202201,444,after_theta,27724
file,202201,444,after_dcedge,19698
file,202201,444,after_finite,19698
file,202201,444,after_cell_selection,18395
file,202201,445,input_entries,25791
file,202201,445,after_match_status,25791
file,202201,445,after_pincness,25791
file,202201,445,after_fitstat,25791
file,202201,445,after_theta,25791
file,202201,445,after_dcedge,18358
file,202201,445,after_finite,18358
file,202201,445,after_cell_selection,17056
file,202201,446,input_entries,25379
file,202201,446,after_match_status,25379
file,202201,446,after_pincness,25379
file,202201,446,after_fitstat,25379
file,202201,446,after_theta,25379
file,202201,446,after_dcedge,18020
file,202201,446,after_finite,18020
file,202201,446,after_cell_selection,16742
file,202201,447,input_entries,24600
file,202201,447,after_match_status,24600
file,202201,447,after_pincness,24600
file,202201,447,after_fitstat,24600
file,202201,447,after_theta,24600
file,202201,447,after_dcedge,17414
file,202201,447,after_finite,17414
file,202201,447,after_cell_selection,16247
file,202201,448,input_entries,20658
file,202201,448,after_match_status,20658
file,202201,448,after_pincness,20658
file,202201,448,after_fitstat,20658
file,202201,448,after_theta,20658
file,202201,448,after_dcedge,14695
file,202201,448,after_finite,14695
file,202201,448,after_cell_selection,13629
file,202201,449,input_entries,12965
file,202201,449,after_match_status,12965
file,202201,449,after_pincness,12965
file,202201,449,after_fitstat,12965
file,202201,449,after_theta,12965
file,202201,449,after_dcedge,9214
file,202201,449,after_finite,9214
file,202201,449,after_cell_selection,8586
file,202201,450,input_entries,25876
file,202201,450,after_match_status,25876
file,202201,450,after_pincness,25876
file,202201,450,after_fitstat,25876
file,202201,450,after_theta,25876
file,202201,450,after_dcedge,18414
file,202201,450,after_finite,18414
file,202201,450,after_cell_selection,17122
file,202201,451,input_entries,26383
file,202201,451,after_match_status,26383
file,202201,451,after_pincness,26383
file,202201,451,after_fitstat,26383
file,202201,451,after_theta,26383
file,202201,451,after_dcedge,18721
file,202201,451,after_finite,18721
file,202201,451,after_cell_selection,17433
file,202201,452,input_entries,26310
file,202201,452,after_match_status,26310
file,202201,452,after_pincness,26310
file,202201,452,after_fitstat,26310
file,202201,452,after_theta,26310
file,202201,452,after_dcedge,18729
file,202201,452,after_finite,18729
file,202201,452,after_cell_selection,17419
file,202201,453,input_entries,36510
file,202201,453,after_match_status,36510
file,202201,453,after_pincness,36510
file,202201,453,after_fitstat,36510
file,202201,453,after_theta,36510
file,202201,453,after_dcedge,25818
file,202201,453,after_finite,25818
file,202201,453,after_cell_selection,24197
file,202201,454,input_entries,72990
file,202201,454,after_match_status,72990
file,202201,454,after_pincness,72990
file,202201,454,after_fitstat,72990
file,202201,454,after_theta,72990
file,202201,454,after_dcedge,51688
file,202201,454,after_finite,51688
file,202201,454,after_cell_selection,49458
file,202201,455,input_entries,168574
file,202201,455,after_match_status,168574
file,202201,455,after_pincness,168574
file,202201,455,after_fitstat,168574
file,202201,455,after_theta,168574
file,202201,455,after_dcedge,119494
file,202201,455,after_finite,119494
file,202201,455,after_cell_selection,112163
file,202201,456,input_entries,336850
file,202201,456,after_match_status,336850
file,202201,456,after_pincness,336850
file,202201,456,after_fitstat,336850
file,202201,456,after_theta,336850
file,202201,456,after_dcedge,239763
file,202201,456,after_finite,239763
file,202201,456,after_cell_selection,211110
file,202201,457,input_entries,280535
file,202201,457,after_match_status,280535
file,202201,457,after_pincness,280535
file,202201,457,after_fitstat,280535
file,202201,457,after_theta,280535
file,202201,457,after_dcedge,199727
file,202201,457,after_finite,199727
file,202201,457,after_cell_selection,179693
file,202201,458,input_entries,131865
file,202201,458,after_match_status,131865
file,202201,458,after_pincness,131865
file,202201,458,after_fitstat,131865
file,202201,458,after_theta,131865
file,202201,458,after_dcedge,93408
file,202201,458,after_finite,93408
file,202201,458,after_cell_selection,89251
file,202201,459,input_entries,89103
file,202201,459,after_match_status,89103
file,202201,459,after_pincness,89103
file,202201,459,after_fitstat,89103
file,202201,459,after_theta,89103
file,202201,459,after_dcedge,63238
file,202201,459,after_finite,63238
file,202201,459,after_cell_selection,60734
file,202201,460,input_entries,116399
file,202201,460,after_match_status,116399
file,202201,460,after_pincness,116399
file,202201,460,after_fitstat,116399
file,202201,460,after_theta,116399
file,202201,460,after_dcedge,82355
file,202201,460,after_finite,82355
file,202201,460,after_cell_selection,78831
file,202201,461,input_entries,234720
file,202201,461,after_match_status,234720
file,202201,461,after_pincness,234720
file,202201,461,after_fitstat,234720
file,202201,461,after_theta,234720
file,202201,461,after_dcedge,166019
file,202201,461,after_finite,166019
file,202201,461,after_cell_selection,152380
file,202201,462,input_entries,301035
file,202201,462,after_match_status,301035
file,202201,462,after_pincness,301035
file,202201,462,after_fitstat,301035
file,202201,462,after_theta,301035
file,202201,462,after_dcedge,213001
file,202201,462,after_finite,213001
file,202201,462,after_cell_selection,190490
file,202201,463,input_entries,187560
file,202201,463,after_match_status,187560
file,202201,463,after_pincness,187560
file,202201,463,after_fitstat,187560
file,202201,463,after_theta,187560
file,202201,463,after_dcedge,132307
file,202201,463,after_finite,132307
file,202201,463,after_cell_selection,124276
file,202201,464,input_entries,88504
file,202201,464,after_match_status,88504
file,202201,464,after_pincness,88504
file,202201,464,after_fitstat,88504
file,202201,464,after_theta,88504
file,202201,464,after_dcedge,62490
file,202201,464,after_finite,62490
file,202201,464,after_cell_selection,59930
file,202201,465,input_entries,48429
file,202201,465,after_match_status,48429
file,202201,465,after_pincness,48429
file,202201,465,after_fitstat,48429
file,202201,465,after_theta,48429
file,202201,465,after_dcedge,34458
file,202201,465,after_finite,34458
file,202201,465,after_cell_selection,32715
file,202201,466,input_entries,28726
file,202201,466,after_match_status,28726
file,202201,466,after_pincness,28726
file,202201,466,after_fitstat,28726
file,202201,466,after_theta,28726
file,202201,466,after_dcedge,20294
file,202201,466,after_finite,20294
file,202201,466,after_cell_selection,18890
file,202201,467,input_entries,25490
file,202201,467,after_match_status,25490
file,202201,467,after_pincness,25490
file,202201,467,after_fitstat,25490
file,202201,467,after_theta,25490
file,202201,467,after_dcedge,18205
file,202201,467,after_finite,18205
file,202201,467,after_cell_selection,16917
file,202201,468,input_entries,26330
file,202201,468,after_match_status,26330
file,202201,468,after_pincness,26330
file,202201,468,after_fitstat,26330
file,202201,468,after_theta,26330
file,202201,468,after_dcedge,18793
file,202201,468,after_finite,18793
file,202201,468,after_cell_selection,17496
file,202201,469,input_entries,25794
file,202201,469,after_match_status,25794
file,202201,469,after_pincness,25794
file,202201,469,after_fitstat,25794
file,202201,469,after_theta,25794
file,202201,469,after_dcedge,18284
file,202201,469,after_finite,18284
file,202201,469,after_cell_selection,17072
file,202201,470,input_entries,19220
file,202201,470,after_match_status,19220
file,202201,470,after_pincness,19220
file,202201,470,after_fitstat,19220
file,202201,470,after_theta,19220
file,202201,470,after_dcedge,13520
file,202201,470,after_finite,13520
file,202201,470,after_cell_selection,12594
file,202201,471,input_entries,15565
file,202201,471,after_match_status,15565
file,202201,471,after_pincness,15565
file,202201,471,after_fitstat,15565
file,202201,471,after_theta,15565
file,202201,471,after_dcedge,11093
file,202201,471,after_finite,11093
file,202201,471,after_cell_selection,10307
file,202201,472,input_entries,24978
file,202201,472,after_match_status,24978
file,202201,472,after_pincness,24978
file,202201,472,after_fitstat,24978
file,202201,472,after_theta,24978
file,202201,472,after_dcedge,17643
file,202201,472,after_finite,17643
file,202201,472,after_cell_selection,16484
file,202201,473,input_entries,26414
file,202201,473,after_match_status,26414
file,202201,473,after_pincness,26414
file,202201,473,after_fitstat,26414
file,202201,473,after_theta,26414
file,202201,473,after_dcedge,18747
file,202201,473,after_finite,18747
file,202201,473,after_cell_selection,17411
file,202201,474,input_entries,26569
file,202201,474,after_match_status,26569
file,202201,474,after_pincness,26569
file,202201,474,after_fitstat,26569
file,202201,474,after_theta,26569
file,202201,474,after_dcedge,18820
file,202201,474,after_finite,18820
file,202201,474,after_cell_selection,17472
file,202201,475,input_entries,39197
file,202201,475,after_match_status,39197
file,202201,475,after_pincness,39197
file,202201,475,after_fitstat,39197
file,202201,475,after_theta,39197
file,202201,475,after_dcedge,27794
file,202201,475,after_finite,27794
file,202201,475,after_cell_selection,26145
file,202201,476,input_entries,77004
file,202201,476,after_match_status,77004
file,202201,476,after_pincness,77004
file,202201,476,after_fitstat,77004
file,202201,476,after_theta,77004
file,202201,476,after_dcedge,54335
file,202201,476,after_finite,54335
file,202201,476,after_cell_selection,51981
file,202201,477,input_entries,180915
file,202201,477,after_match_status,180915
file,202201,477,after_pincness,180915
file,202201,477,after_fitstat,180915
file,202201,477,after_theta,180915
file,202201,477,after_dcedge,128481
file,202201,477,after_finite,128481
file,202201,477,after_cell_selection,120156
file,202201,478,input_entries,339604
file,202201,478,after_match_status,339604
file,202201,478,after_pincness,339604
file,202201,478,after_fitstat,339604
file,202201,478,after_theta,339604
file,202201,478,after_dcedge,241690
file,202201,478,after_finite,241690
file,202201,478,after_cell_selection,212362
file,202201,479,input_entries,263560
file,202201,479,after_match_status,263560
file,202201,479,after_pincness,263560
file,202201,479,after_fitstat,263560
file,202201,479,after_theta,263560
file,202201,479,after_dcedge,187732
file,202201,479,after_finite,187732
file,202201,479,after_cell_selection,169655
file,202201,480,input_entries,122620
file,202201,480,after_match_status,122620
file,202201,480,after_pincness,122620
file,202201,480,after_fitstat,122620
file,202201,480,after_theta,122620
file,202201,480,after_dcedge,86611
file,202201,480,after_finite,86611
file,202201,480,after_cell_selection,82890
file,202201,481,input_entries,90146
file,202201,481,after_match_status,90146
file,202201,481,after_pincness,90146
file,202201,481,after_fitstat,90146
file,202201,481,after_theta,90146
file,202201,481,after_dcedge,64027
file,202201,481,after_finite,64027
file,202201,481,after_cell_selection,61522
file,202201,482,input_entries,119722
file,202201,482,after_match_status,119722
file,202201,482,after_pincness,119722
file,202201,482,after_fitstat,119722
file,202201,482,after_theta,119722
file,202201,482,after_dcedge,84537
file,202201,482,after_finite,84537
file,202201,482,after_cell_selection,80991
file,202201,483,input_entries,241275
file,202201,483,after_match_status,241275
file,202201,483,after_pincness,241275
file,202201,483,after_fitstat,241275
file,202201,483,after_theta,241275
file,202201,483,after_dcedge,170820
file,202201,483,after_finite,170820
file,202201,483,after_cell_selection,156331
file,202201,484,input_entries,291623
file,202201,484,after_match_status,291623
file,202201,484,after_pincness,291623
file,202201,484,after_fitstat,291623
file,202201,484,after_theta,291623
file,202201,484,after_dcedge,206052
file,202201,484,after_finite,206052
file,202201,484,after_cell_selection,185001
file,202201,485,input_entries,176027
file,202201,485,after_match_status,176027
file,202201,485,after_pincness,176027
file,202201,485,after_fitstat,176027
file,202201,485,after_theta,176027
file,202201,485,after_dcedge,124304
file,202201,485,after_finite,124304
file,202201,485,after_cell_selection,117112
file,202201,486,input_entries,88443
file,202201,486,after_match_status,88443
file,202201,486,after_pincness,88443
file,202201,486,after_fitstat,88443
file,202201,486,after_theta,88443
file,202201,486,after_dcedge,62669
file,202201,486,after_finite,62669
file,202201,486,after_cell_selection,60187
file,202201,487,input_entries,45448
file,202201,487,after_match_status,45448
file,202201,487,after_pincness,45448
file,202201,487,after_fitstat,45448
file,202201,487,after_theta,45448
file,202201,487,after_dcedge,32236
file,202201,487,after_finite,32236
file,202201,487,after_cell_selection,30530
file,202201,488,input_entries,28502
file,202201,488,after_match_status,28502
file,202201,488,after_pincness,28502
file,202201,488,after_fitstat,28502
file,202201,488,after_theta,28502
file,202201,488,after_dcedge,20393
file,202201,488,after_finite,20393
file,202201,488,after_cell_selection,18986
file,202201,489,input_entries,25232
file,202201,489,after_match_status,25232
file,202201,489,after_pincness,25232
file,202201,489,after_fitstat,25232
file,202201,489,after_theta,25232
file,202201,489,after_dcedge,17924
file,202201,489,after_finite,17924
file,202201,489,after_cell_selection,16674
file,202201,490,input_entries,25460
file,202201,490,after_match_status,25460
file,202201,490,after_pincness,25460
file,202201,490,after_fitstat,25460
file,202201,490,after_theta,25460
file,202201,490,after_dcedge,18038
file,202201,490,after_finite,18038
file,202201,490,after_cell_selection,16757
file,202201,491,input_entries,25917
file,202201,491,after_match_status,25917
file,202201,491,after_pincness,25917
file,202201,491,after_fitstat,25917
file,202201,491,after_theta,25917
file,202201,491,after_dcedge,18546
file,202201,491,after_finite,18546
file,202201,491,after_cell_selection,17267
file,202201,492,input_entries,17642
file,202201,492,after_match_status,17642
file,202201,492,after_pincness,17642
file,202201,492,after_fitstat,17642
file,202201,492,after_theta,17642
file,202201,492,after_dcedge,12533
file,202201,492,after_finite,12533
file,202201,492,after_cell_selection,11644
file,202201,493,input_entries,17547
file,202201,493,after_match_status,17547
file,202201,493,after_pincness,17547
file,202201,493,after_fitstat,17547
file,202201,493,after_theta,17547
file,202201,493,after_dcedge,12338
file,202201,493,after_finite,12338
file,202201,493,after_cell_selection,11458
file,202201,494,input_entries,26257
file,202201,494,after_match_status,26257
file,202201,494,after_pincness,26257
file,202201,494,after_fitstat,26257
file,202201,494,after_theta,26257
file,202201,494,after_dcedge,18678
file,202201,494,after_finite,18678
file,202201,494,after_cell_selection,17415
file,202201,495,input_entries,26637
file,202201,495,after_match_status,26637
file,202201,495,after_pincness,26637
file,202201,495,after_fitstat,26637
file,202201,495,after_theta,26637
file,202201,495,after_dcedge,18800
file,202201,495,after_finite,18800
file,202201,495,after_cell_selection,17503
file,202201,496,input_entries,26656
file,202201,496,after_match_status,26656
file,202201,496,after_pincness,26656
file,202201,496,after_fitstat,26656
file,202201,496,after_theta,26656
file,202201,496,after_dcedge,18928
file,202201,496,after_finite,18928
file,202201,496,after_cell_selection,17584
file,202201,497,input_entries,39502
file,202201,497,after_match_status,39502
file,202201,497,after_pincness,39502
file,202201,497,after_fitstat,39502
file,202201,497,after_theta,39502
file,202201,497,after_dcedge,27922
file,202201,497,after_finite,27922
file,202201,497,after_cell_selection,26352
file,202201,498,input_entries,82429
file,202201,498,after_match_status,82429
file,202201,498,after_pincness,82429
file,202201,498,after_fitstat,82429
file,202201,498,after_theta,82429
file,202201,498,after_dcedge,58024
file,202201,498,after_finite,58024
file,202201,498,after_cell_selection,55617
file,202201,499,input_entries,183950
file,202201,499,after_match_status,183950
file,202201,499,after_pincness,183950
file,202201,499,after_fitstat,183950
file,202201,499,after_theta,183950
file,202201,499,after_dcedge,130458
file,202201,499,after_finite,130458
file,202201,499,after_cell_selection,121437
file,202201,500,input_entries,344311
file,202201,500,after_match_status,344311
file,202201,500,after_pincness,344311
file,202201,500,after_fitstat,344311
file,202201,500,after_theta,344311
file,202201,500,after_dcedge,245066
file,202201,500,after_finite,245066
file,202201,500,after_cell_selection,214792
file,202201,501,input_entries,254084
file,202201,501,after_match_status,254084
file,202201,501,after_pincness,254084
file,202201,501,after_fitstat,254084
file,202201,501,after_theta,254084
file,202201,501,after_dcedge,180694
file,202201,501,after_finite,180694
file,202201,501,after_cell_selection,164028
file,202201,502,input_entries,120023
file,202201,502,after_match_status,120023
file,202201,502,after_pincness,120023
file,202201,502,after_fitstat,120023
file,202201,502,after_theta,120023
file,202201,502,after_dcedge,85112
file,202201,502,after_finite,85112
file,202201,502,after_cell_selection,81720
file,202201,503,input_entries,90762
file,202201,503,after_match_status,90762
file,202201,503,after_pincness,90762
file,202201,503,after_fitstat,90762
file,202201,503,after_theta,90762
file,202201,503,after_dcedge,64339
file,202201,503,after_finite,64339
file,202201,503,after_cell_selection,61898
file,202201,504,input_entries,125851
file,202201,504,after_match_status,125851
file,202201,504,after_pincness,125851
file,202201,504,after_fitstat,125851
file,202201,504,after_theta,125851
file,202201,504,after_dcedge,89241
file,202201,504,after_finite,89241
file,202201,504,after_cell_selection,85190
file,202201,505,input_entries,247254
file,202201,505,after_match_status,247254
file,202201,505,after_pincness,247254
file,202201,505,after_fitstat,247254
file,202201,505,after_theta,247254
file,202201,505,after_dcedge,174554
file,202201,505,after_finite,174554
file,202201,505,after_cell_selection,159166
file,202201,506,input_entries,287890
file,202201,506,after_match_status,287890
file,202201,506,after_pincness,287890
file,202201,506,after_fitstat,287890
file,202201,506,after_theta,287890
file,202201,506,after_dcedge,203726
file,202201,506,after_finite,203726
file,202201,506,after_cell_selection,182965
file,202201,507,input_entries,160364
file,202201,507,after_match_status,160364
file,202201,507,after_pincness,160364
file,202201,507,after_fitstat,160364
file,202201,507,after_theta,160364
file,202201,507,after_dcedge,113564
file,202201,507,after_finite,113564
file,202201,507,after_cell_selection,107315
file,202201,508,input_entries,83882
file,202201,508,after_match_status,83882
file,202201,508,after_pincness,83882
file,202201,508,after_fitstat,83882
file,202201,508,after_theta,83882
file,202201,508,after_dcedge,59394
file,202201,508,after_finite,59394
file,202201,508,after_cell_selection,56950
file,202201,509,input_entries,42892
file,202201,509,after_match_status,42892
file,202201,509,after_pincness,42892
file,202201,509,after_fitstat,42892
file,202201,509,after_theta,42892
file,202201,509,after_dcedge,30369
file,202201,509,after_finite,30369
file,202201,509,after_cell_selection,28745
file,202201,510,input_entries,27694
file,202201,510,after_match_status,27694
file,202201,510,after_pincness,27694
file,202201,510,after_fitstat,27694
file,202201,510,after_theta,27694
file,202201,510,after_dcedge,19700
file,202201,510,after_finite,19700
file,202201,510,after_cell_selection,18418
file,202201,511,input_entries,25673
file,202201,511,after_match_status,25673
file,202201,511,after_pincness,25673
file,202201,511,after_fitstat,25673
file,202201,511,after_theta,25673
file,202201,511,after_dcedge,18270
file,202201,511,after_finite,18270
file,202201,511,after_cell_selection,16964
file,202201,512,input_entries,25443
file,202201,512,after_match_status,25443
file,202201,512,after_pincness,25443
file,202201,512,after_fitstat,25443
file,202201,512,after_theta,25443
file,202201,512,after_dcedge,17895
file,202201,512,after_finite,17895
file,202201,512,after_cell_selection,16650
file,202201,513,input_entries,25318
file,202201,513,after_match_status,25318
file,202201,513,after_pincness,25318
file,202201,513,after_fitstat,25318
file,202201,513,after_theta,25318
file,202201,513,after_dcedge,17963
file,202201,513,after_finite,17963
file,202201,513,after_cell_selection,16642
file,202201,514,input_entries,15652
file,202201,514,after_match_status,15652
file,202201,514,after_pincness,15652
file,202201,514,after_fitstat,15652
file,202201,514,after_theta,15652
file,202201,514,after_dcedge,11120
file,202201,514,after_finite,11120
file,202201,514,after_cell_selection,10364
file,202201,515,input_entries,9036
file,202201,515,after_match_status,9036
file,202201,515,after_pincness,9036
file,202201,515,after_fitstat,9036
file,202201,515,after_theta,9036
file,202201,515,after_dcedge,6472
file,202201,515,after_finite,6472
file,202201,515,after_cell_selection,6011
file,202201,516,input_entries,25999
file,202201,516,after_match_status,25999
file,202201,516,after_pincness,25999
file,202201,516,after_fitstat,25999
file,202201,516,after_theta,25999
file,202201,516,after_dcedge,18351
file,202201,516,after_finite,18351
file,202201,516,after_cell_selection,17146
file,202201,517,input_entries,25629
file,202201,517,after_match_status,25629
file,202201,517,after_pincness,25629
file,202201,517,after_fitstat,25629
file,202201,517,after_theta,25629
file,202201,517,after_dcedge,17931
file,202201,517,after_finite,17931
file,202201,517,after_cell_selection,16713
file,202201,518,input_entries,26919
file,202201,518,after_match_status,26919
file,202201,518,after_pincness,26919
file,202201,518,after_fitstat,26919
file,202201,518,after_theta,26919
file,202201,518,after_dcedge,19244
file,202201,518,after_finite,19244
file,202201,518,after_cell_selection,18019
file,202201,519,input_entries,41092
file,202201,519,after_match_status,41092
file,202201,519,after_pincness,41092
file,202201,519,after_fitstat,41092
file,202201,519,after_theta,41092
file,202201,519,after_dcedge,29023
file,202201,519,after_finite,29023
file,202201,519,after_cell_selection,27426
file,202201,520,input_entries,86777
file,202201,520,after_match_status,86777
file,202201,520,after_pincness,86777
file,202201,520,after_fitstat,86777
file,202201,520,after_theta,86777
file,202201,520,after_dcedge,61053
file,202201,520,after_finite,61053
file,202201,520,after_cell_selection,58538
file,202201,521,input_entries,197001
file,202201,521,after_match_status,197001
file,202201,521,after_pincness,197001
file,202201,521,after_fitstat,197001
file,202201,521,after_theta,197001
file,202201,521,after_dcedge,139621
file,202201,521,after_finite,139621
file,202201,521,after_cell_selection,129289
file,202201,522,input_entries,348201
file,202201,522,after_match_status,348201
file,202201,522,after_pincness,348201
file,202201,522,after_fitstat,348201
file,202201,522,after_theta,348201
file,202201,522,after_dcedge,247817
file,202201,522,after_finite,247817
file,202201,522,after_cell_selection,217122
file,202201,523,input_entries,238590
file,202201,523,after_match_status,238590
file,202201,523,after_pincness,238590
file,202201,523,after_fitstat,238590
file,202201,523,after_theta,238590
file,202201,523,after_dcedge,169519
file,202201,523,after_finite,169519
file,202201,523,after_cell_selection,154610
file,202201,524,input_entries,113877
file,202201,524,after_match_status,113877
file,202201,524,after_pincness,113877
file,202201,524,after_fitstat,113877
file,202201,524,after_theta,113877
file,202201,524,after_dcedge,80659
file,202201,524,after_finite,80659
file,202201,524,after_cell_selection,77448
file,202201,525,input_entries,89675
file,202201,525,after_match_status,89675
file,202201,525,after_pincness,89675
file,202201,525,after_fitstat,89675
file,202201,525,after_theta,89675
file,202201,525,after_dcedge,63348
file,202201,525,after_finite,63348
file,202201,525,after_cell_selection,60792
file,202201,526,input_entries,128794
file,202201,526,after_match_status,128794
file,202201,526,after_pincness,128794
file,202201,526,after_fitstat,128794
file,202201,526,after_theta,128794
file,202201,526,after_dcedge,90856
file,202201,526,after_finite,90856
file,202201,526,after_cell_selection,86627
file,202201,527,input_entries,251650
file,202201,527,after_match_status,251650
file,202201,527,after_pincness,251650
file,202201,527,after_fitstat,251650
file,202201,527,after_theta,251650
file,202201,527,after_dcedge,178134
file,202201,527,after_finite,178134
file,202201,527,after_cell_selection,161831
file,202201,528,input_entries,281756
file,202201,528,after_match_status,281756
file,202201,528,after_pincness,281756
file,202201,528,after_fitstat,281756
file,202201,528,after_theta,281756
file,202201,528,after_dcedge,198944
file,202201,528,after_finite,198944
file,202201,528,after_cell_selection,179269
file,202201,529,input_entries,158862
file,202201,529,after_match_status,158862
file,202201,529,after_pincness,158862
file,202201,529,after_fitstat,158862
file,202201,529,after_theta,158862
file,202201,529,after_dcedge,112225
file,202201,529,after_finite,112225
file,202201,529,after_cell_selection,106296
file,202201,530,input_entries,79658
file,202201,530,after_match_status,79658
file,202201,530,after_pincness,79658
file,202201,530,after_fitstat,79658
file,202201,530,after_theta,79658
file,202201,530,after_dcedge,56395
file,202201,530,after_finite,56395
file,202201,530,after_cell_selection,54113
file,202201,531,input_entries,40377
file,202201,531,after_match_status,40377
file,202201,531,after_pincness,40377
file,202201,531,after_fitstat,40377
file,202201,531,after_theta,40377
file,202201,531,after_dcedge,28912
file,202201,531,after_finite,28912
file,202201,531,after_cell_selection,27353
file,202201,532,input_entries,26830
file,202201,532,after_match_status,26830
file,202201,532,after_pincness,26830
file,202201,532,after_fitstat,26830
file,202201,532,after_theta,26830
file,202201,532,after_dcedge,19094
file,202201,532,after_finite,19094
file,202201,532,after_cell_selection,17778
file,202201,533,input_entries,25994
file,202201,533,after_match_status,25994
file,202201,533,after_pincness,25994
file,202201,533,after_fitstat,25994
file,202201,533,after_theta,25994
file,202201,533,after_dcedge,18438
file,202201,533,after_finite,18438
file,202201,533,after_cell_selection,17127
file,202201,534,input_entries,26292
file,202201,534,after_match_status,26292
file,202201,534,after_pincness,26292
file,202201,534,after_fitstat,26292
file,202201,534,after_theta,26292
file,202201,534,after_dcedge,18645
file,202201,534,after_finite,18645
file,202201,534,after_cell_selection,17383
file,202201,535,input_entries,25891
file,202201,535,after_match_status,25891
file,202201,535,after_pincness,25891
file,202201,535,after_fitstat,25891
file,202201,535,after_theta,25891
file,202201,535,after_dcedge,18368
file,202201,535,after_finite,18368
file,202201,535,after_cell_selection,17063
file,202201,536,input_entries,13696
file,202201,536,after_match_status,13696
file,202201,536,after_pincness,13696
file,202201,536,after_fitstat,13696
file,202201,536,after_theta,13696
file,202201,536,after_dcedge,9642
file,202201,536,after_finite,9642
file,202201,536,after_cell_selection,8999
file,202201,537,input_entries,21226
file,202201,537,after_match_status,21226
file,202201,537,after_pincness,21226
file,202201,537,after_fitstat,21226
file,202201,537,after_theta,21226
file,202201,537,after_dcedge,14954
file,202201,537,after_finite,14954
file,202201,537,after_cell_selection,13912
file,202201,538,input_entries,26406
file,202201,538,after_match_status,26406
file,202201,538,after_pincness,26406
file,202201,538,after_fitstat,26406
file,202201,538,after_theta,26406
file,202201,538,after_dcedge,18770
file,202201,538,after_finite,18770
file,202201,538,after_cell_selection,17487
file,202201,539,input_entries,25945
file,202201,539,after_match_status,25945
file,202201,539,after_pincness,25945
file,202201,539,after_fitstat,25945
file,202201,539,after_theta,25945
file,202201,539,after_dcedge,18467
file,202201,539,after_finite,18467
file,202201,539,after_cell_selection,17166
file,202201,540,input_entries,26426
file,202201,540,after_match_status,26426
file,202201,540,after_pincness,26426
file,202201,540,after_fitstat,26426
file,202201,540,after_theta,26426
file,202201,540,after_dcedge,19002
file,202201,540,after_finite,19002
file,202201,540,after_cell_selection,17736
file,202201,541,input_entries,42506
file,202201,541,after_match_status,42506
file,202201,541,after_pincness,42506
file,202201,541,after_fitstat,42506
file,202201,541,after_theta,42506
file,202201,541,after_dcedge,30122
file,202201,541,after_finite,30122
file,202201,541,after_cell_selection,28496
file,202201,542,input_entries,88035
file,202201,542,after_match_status,88035
file,202201,542,after_pincness,88035
file,202201,542,after_fitstat,88035
file,202201,542,after_theta,88035
file,202201,542,after_dcedge,62086
file,202201,542,after_finite,62086
file,202201,542,after_cell_selection,59354
file,202201,543,input_entries,209998
file,202201,543,after_match_status,209998
file,202201,543,after_pincness,209998
file,202201,543,after_fitstat,209998
file,202201,543,after_theta,209998
file,202201,543,after_dcedge,149055
file,202201,543,after_finite,149055
file,202201,543,after_cell_selection,137578
file,202201,544,input_entries,347185
file,202201,544,after_match_status,347185
file,202201,544,after_pincness,347185
file,202201,544,after_fitstat,347185
file,202201,544,after_theta,347185
file,202201,544,after_dcedge,247096
file,202201,544,after_finite,247096
file,202201,544,after_cell_selection,216789
file,202201,545,input_entries,223039
file,202201,545,after_match_status,223039
file,202201,545,after_pincness,223039
file,202201,545,after_fitstat,223039
file,202201,545,after_theta,223039
file,202201,545,after_dcedge,158419
file,202201,545,after_finite,158419
file,202201,545,after_cell_selection,145493
file,202201,546,input_entries,112274
file,202201,546,after_match_status,112274
file,202201,546,after_pincness,112274
file,202201,546,after_fitstat,112274
file,202201,546,after_theta,112274
file,202201,546,after_dcedge,79350
file,202201,546,after_finite,79350
file,202201,546,after_cell_selection,76136
file,202201,547,input_entries,88437
file,202201,547,after_match_status,88437
file,202201,547,after_pincness,88437
file,202201,547,after_fitstat,88437
file,202201,547,after_theta,88437
file,202201,547,after_dcedge,62617
file,202201,547,after_finite,62617
file,202201,547,after_cell_selection,60254
file,202201,548,input_entries,134188
file,202201,548,after_match_status,134188
file,202201,548,after_pincness,134188
file,202201,548,after_fitstat,134188
file,202201,548,after_theta,134188
file,202201,548,after_dcedge,94584
file,202201,548,after_finite,94584
file,202201,548,after_cell_selection,90147
file,202201,549,input_entries,264642
file,202201,549,after_match_status,264642
file,202201,549,after_pincness,264642
file,202201,549,after_fitstat,264642
file,202201,549,after_theta,264642
file,202201,549,after_dcedge,187370
file,202201,549,after_finite,187370
file,202201,549,after_cell_selection,169735
file,202201,550,input_entries,278127
file,202201,550,after_match_status,278127
file,202201,550,after_pincness,278127
file,202201,550,after_fitstat,278127
file,202201,550,after_theta,278127
file,202201,550,after_dcedge,196617
file,202201,550,after_finite,196617
file,202201,550,after_cell_selection,177940
file,202201,551,input_entries,154310
file,202201,551,after_match_status,154310
file,202201,551,after_pincness,154310
file,202201,551,after_fitstat,154310
file,202201,551,after_theta,154310
file,202201,551,after_dcedge,109314
file,202201,551,after_finite,109314
file,202201,551,after_cell_selection,103915
file,202201,552,input_entries,77158
file,202201,552,after_match_status,77158
file,202201,552,after_pincness,77158
file,202201,552,after_fitstat,77158
file,202201,552,after_theta,77158
file,202201,552,after_dcedge,54565
file,202201,552,after_finite,54565
file,202201,552,after_cell_selection,52325
file,202201,553,input_entries,39959
file,202201,553,after_match_status,39959
file,202201,553,after_pincness,39959
file,202201,553,after_fitstat,39959
file,202201,553,after_theta,39959
file,202201,553,after_dcedge,28515
file,202201,553,after_finite,28515
file,202201,553,after_cell_selection,27023
file,202201,554,input_entries,27489
file,202201,554,after_match_status,27489
file,202201,554,after_pincness,27489
file,202201,554,after_fitstat,27489
file,202201,554,after_theta,27489
file,202201,554,after_dcedge,19522
file,202201,554,after_finite,19522
file,202201,554,after_cell_selection,18216
file,202201,555,input_entries,25729
file,202201,555,after_match_status,25729
file,202201,555,after_pincness,25729
file,202201,555,after_fitstat,25729
file,202201,555,after_theta,25729
file,202201,555,after_dcedge,18298
file,202201,555,after_finite,18298
file,202201,555,after_cell_selection,17082
file,202201,556,input_entries,26211
file,202201,556,after_match_status,26211
file,202201,556,after_pincness,26211
file,202201,556,after_fitstat,26211
file,202201,556,after_theta,26211
file,202201,556,after_dcedge,18645
file,202201,556,after_finite,18645
file,202201,556,after_cell_selection,17379
file,202201,557,input_entries,25987
file,202201,557,after_match_status,25987
file,202201,557,after_pincness,25987
file,202201,557,after_fitstat,25987
file,202201,557,after_theta,25987
file,202201,557,after_dcedge,18599
file,202201,557,after_finite,18599
file,202201,557,after_cell_selection,17309
file,202201,558,input_entries,12156
file,202201,558,after_match_status,12156
file,202201,558,after_pincness,12156
file,202201,558,after_fitstat,12156
file,202201,558,after_theta,12156
file,202201,558,after_dcedge,8673
file,202201,558,after_finite,8673
file,202201,558,after_cell_selection,8051
file,202201,559,input_entries,22513
file,202201,559,after_match_status,22513
file,202201,559,after_pincness,22513
file,202201,559,after_fitstat,22513
file,202201,559,after_theta,22513
file,202201,559,after_dcedge,15988
file,202201,559,after_finite,15988
file,202201,559,after_cell_selection,14875
file,202201,560,input_entries,27089
file,202201,560,after_match_status,27089
file,202201,560,after_pincness,27089
file,202201,560,after_fitstat,27089
file,202201,560,after_theta,27089
file,202201,560,after_dcedge,19210
file,202201,560,after_finite,19210
file,202201,560,after_cell_selection,17913
file,202201,561,input_entries,27297
file,202201,561,after_match_status,27297
file,202201,561,after_pincness,27297
file,202201,561,after_fitstat,27297
file,202201,561,after_theta,27297
file,202201,561,after_dcedge,19412
file,202201,561,after_finite,19412
file,202201,561,after_cell_selection,18055
file,202201,562,input_entries,28434
file,202201,562,after_match_status,28434
file,202201,562,after_pincness,28434
file,202201,562,after_fitstat,28434
file,202201,562,after_theta,28434
file,202201,562,after_dcedge,19910
file,202201,562,after_finite,19910
file,202201,562,after_cell_selection,18549
file,202201,563,input_entries,45436
file,202201,563,after_match_status,45436
file,202201,563,after_pincness,45436
file,202201,563,after_fitstat,45436
file,202201,563,after_theta,45436
file,202201,563,after_dcedge,32041
file,202201,563,after_finite,32041
file,202201,563,after_cell_selection,30371
file,202201,564,input_entries,95714
file,202201,564,after_match_status,95714
file,202201,564,after_pincness,95714
file,202201,564,after_fitstat,95714
file,202201,564,after_theta,95714
file,202201,564,after_dcedge,67309
file,202201,564,after_finite,67309
file,202201,564,after_cell_selection,64346
file,202201,565,input_entries,223072
file,202201,565,after_match_status,223072
file,202201,565,after_pincness,223072
file,202201,565,after_fitstat,223072
file,202201,565,after_theta,223072
file,202201,565,after_dcedge,158013
file,202201,565,after_finite,158013
file,202201,565,after_cell_selection,145116
file,202201,566,input_entries,361587
file,202201,566,after_match_status,361587
file,202201,566,after_pincness,361587
file,202201,566,after_fitstat,361587
file,202201,566,after_theta,361587
file,202201,566,after_dcedge,257007
file,202201,566,after_finite,257007
file,202201,566,after_cell_selection,225329
file,202201,567,input_entries,215987
file,202201,567,after_match_status,215987
file,202201,567,after_pincness,215987
file,202201,567,after_fitstat,215987
file,202201,567,after_theta,215987
file,202201,567,after_dcedge,153346
file,202201,567,after_finite,153346
file,202201,567,after_cell_selection,141528
file,202201,568,input_entries,109370
file,202201,568,after_match_status,109370
file,202201,568,after_pincness,109370
file,202201,568,after_fitstat,109370
file,202201,568,after_theta,109370
file,202201,568,after_dcedge,77641
file,202201,568,after_finite,77641
file,202201,568,after_cell_selection,74570
file,202201,569,input_entries,91550
file,202201,569,after_match_status,91550
file,202201,569,after_pincness,91550
file,202201,569,after_fitstat,91550
file,202201,569,after_theta,91550
file,202201,569,after_dcedge,65002
file,202201,569,after_finite,65002
file,202201,569,after_cell_selection,62472
file,202201,570,input_entries,146575
file,202201,570,after_match_status,146575
file,202201,570,after_pincness,146575
file,202201,570,after_fitstat,146575
file,202201,570,after_theta,146575
file,202201,570,after_dcedge,103461
file,202201,570,after_finite,103461
file,202201,570,after_cell_selection,98449
file,202201,571,input_entries,276055
file,202201,571,after_match_status,276055
file,202201,571,after_pincness,276055
file,202201,571,after_fitstat,276055
file,202201,571,after_theta,276055
file,202201,571,after_dcedge,195243
file,202201,571,after_finite,195243
file,202201,571,after_cell_selection,176387
file,202201,572,input_entries,267886
file,202201,572,after_match_status,267886
file,202201,572,after_pincness,267886
file,202201,572,after_fitstat,267886
file,202201,572,after_theta,267886
file,202201,572,after_dcedge,189356
file,202201,572,after_finite,189356
file,202201,572,after_cell_selection,171992
file,202201,573,input_entries,148128
file,202201,573,after_match_status,148128
file,202201,573,after_pincness,148128
file,202201,573,after_fitstat,148128
file,202201,573,after_theta,148128
file,202201,573,after_dcedge,104620
file,202201,573,after_finite,104620
file,202201,573,after_cell_selection,99611
file,202201,574,input_entries,72434
file,202201,574,after_match_status,72434
file,202201,574,after_pincness,72434
file,202201,574,after_fitstat,72434
file,202201,574,after_theta,72434
file,202201,574,after_dcedge,51173
file,202201,574,after_finite,51173
file,202201,574,after_cell_selection,49124
file,202201,575,input_entries,38638
file,202201,575,after_match_status,38638
file,202201,575,after_pincness,38638
file,202201,575,after_fitstat,38638
file,202201,575,after_theta,38638
file,202201,575,after_dcedge,27475
file,202201,575,after_finite,27475
file,202201,575,after_cell_selection,25944
file,202201,576,input_entries,26825
file,202201,576,after_match_status,26825
file,202201,576,after_pincness,26825
file,202201,576,after_fitstat,26825
file,202201,576,after_theta,26825
file,202201,576,after_dcedge,19044
file,202201,576,after_finite,19044
file,202201,576,after_cell_selection,17695
file,202201,577,input_entries,25696
file,202201,577,after_match_status,25696
file,202201,577,after_pincness,25696
file,202201,577,after_fitstat,25696
file,202201,577,after_theta,25696
file,202201,577,after_dcedge,18184
file,202201,577,after_finite,18184
file,202201,577,after_cell_selection,16880
file,202201,578,input_entries,25692
file,202201,578,after_match_status,25692
file,202201,578,after_pincness,25692
file,202201,578,after_fitstat,25692
file,202201,578,after_theta,25692
file,202201,578,after_dcedge,18234
file,202201,578,after_finite,18234
file,202201,578,after_cell_selection,16923
file,202201,579,input_entries,25049
file,202201,579,after_match_status,25049
file,202201,579,after_pincness,25049
file,202201,579,after_fitstat,25049
file,202201,579,after_theta,25049
file,202201,579,after_dcedge,17662
file,202201,579,after_finite,17662
file,202201,579,after_cell_selection,16469
file,202201,580,input_entries,10599
file,202201,580,after_match_status,10599
file,202201,580,after_pincness,10599
file,202201,580,after_fitstat,10599
file,202201,580,after_theta,10599
file,202201,580,after_dcedge,7506
file,202201,580,after_finite,7506
file,202201,580,after_cell_selection,6972
file,202201,581,input_entries,23640
file,202201,581,after_match_status,23640
file,202201,581,after_pincness,23640
file,202201,581,after_fitstat,23640
file,202201,581,after_theta,23640
file,202201,581,after_dcedge,16681
file,202201,581,after_finite,16681
file,202201,581,after_cell_selection,15581
file,202201,582,input_entries,26533
file,202201,582,after_match_status,26533
file,202201,582,after_pincness,26533
file,202201,582,after_fitstat,26533
file,202201,582,after_theta,26533
file,202201,582,after_dcedge,18693
file,202201,582,after_finite,18693
file,202201,582,after_cell_selection,17418
file,202201,583,input_entries,26576
file,202201,583,after_match_status,26576
file,202201,583,after_pincness,26576
file,202201,583,after_fitstat,26576
file,202201,583,after_theta,26576
file,202201,583,after_dcedge,18912
file,202201,583,after_finite,18912
file,202201,583,after_cell_selection,17660
file,202201,584,input_entries,26914
file,202201,584,after_match_status,26914
file,202201,584,after_pincness,26914
file,202201,584,after_fitstat,26914
file,202201,584,after_theta,26914
file,202201,584,after_dcedge,19041
file,202201,584,after_finite,19041
file,202201,584,after_cell_selection,17709
file,202201,585,input_entries,45702
file,202201,585,after_match_status,45702
file,202201,585,after_pincness,45702
file,202201,585,after_fitstat,45702
file,202201,585,after_theta,45702
file,202201,585,after_dcedge,32453
file,202201,585,after_finite,32453
file,202201,585,after_cell_selection,30746
file,202201,586,input_entries,98939
file,202201,586,after_match_status,98939
file,202201,586,after_pincness,98939
file,202201,586,after_fitstat,98939
file,202201,586,after_theta,98939
file,202201,586,after_dcedge,69659
file,202201,586,after_finite,69659
file,202201,586,after_cell_selection,66655
file,202201,587,input_entries,232935
file,202201,587,after_match_status,232935
file,202201,587,after_pincness,232935
file,202201,587,after_fitstat,232935
file,202201,587,after_theta,232935
file,202201,587,after_dcedge,165424
file,202201,587,after_finite,165424
file,202201,587,after_cell_selection,151248
file,202201,588,input_entries,347529
file,202201,588,after_match_status,347529
file,202201,588,after_pincness,347529
file,202201,588,after_fitstat,347529
file,202201,588,after_theta,347529
file,202201,588,after_dcedge,247508
file,202201,588,after_finite,247508
file,202201,588,after_cell_selection,217351
file,202201,589,input_entries,205089
file,202201,589,after_match_status,205089
file,202201,589,after_pincness,205089
file,202201,589,after_fitstat,205089
file,202201,589,after_theta,205089
file,202201,589,after_dcedge,145765
file,202201,589,after_finite,145765
file,202201,589,after_cell_selection,135414
file,202201,590,input_entries,104235
file,202201,590,after_match_status,104235
file,202201,590,after_pincness,104235
file,202201,590,after_fitstat,104235
file,202201,590,after_theta,104235
file,202201,590,after_dcedge,73689
file,202201,590,after_finite,73689
file,202201,590,after_cell_selection,70729
file,202201,591,input_entries,93369
file,202201,591,after_match_status,93369
file,202201,591,after_pincness,93369
file,202201,591,after_fitstat,93369
file,202201,591,after_theta,93369
file,202201,591,after_dcedge,65835
file,202201,591,after_finite,65835
file,202201,591,after_cell_selection,63187
file,202201,592,input_entries,148373
file,202201,592,after_match_status,148373
file,202201,592,after_pincness,148373
file,202201,592,after_fitstat,148373
file,202201,592,after_theta,148373
file,202201,592,after_dcedge,105043
file,202201,592,after_finite,105043
file,202201,592,after_cell_selection,99646
file,202201,593,input_entries,277796
file,202201,593,after_match_status,277796
file,202201,593,after_pincness,277796
file,202201,593,after_fitstat,277796
file,202201,593,after_theta,277796
file,202201,593,after_dcedge,196297
file,202201,593,after_finite,196297
file,202201,593,after_cell_selection,176638
file,202201,594,input_entries,266507
file,202201,594,after_match_status,266507
file,202201,594,after_pincness,266507
file,202201,594,after_fitstat,266507
file,202201,594,after_theta,266507
file,202201,594,after_dcedge,188335
file,202201,594,after_finite,188335
file,202201,594,after_cell_selection,171409
file,202201,595,input_entries,135290
file,202201,595,after_match_status,135290
file,202201,595,after_pincness,135290
file,202201,595,after_fitstat,135290
file,202201,595,after_theta,135290
file,202201,595,after_dcedge,95595
file,202201,595,after_finite,95595
file,202201,595,after_cell_selection,91160
file,202201,596,input_entries,69220
file,202201,596,after_match_status,69220
file,202201,596,after_pincness,69220
file,202201,596,after_fitstat,69220
file,202201,596,after_theta,69220
file,202201,596,after_dcedge,48876
file,202201,596,after_finite,48876
file,202201,596,after_cell_selection,46821
file,202201,597,input_entries,37924
file,202201,597,after_match_status,37924
file,202201,597,after_pincness,37924
file,202201,597,after_fitstat,37924
file,202201,597,after_theta,37924
file,202201,597,after_dcedge,26962
file,202201,597,after_finite,26962
file,202201,597,after_cell_selection,25419
file,202201,598,input_entries,26489
file,202201,598,after_match_status,26489
file,202201,598,after_pincness,26489
file,202201,598,after_fitstat,26489
file,202201,598,after_theta,26489
file,202201,598,after_dcedge,18735
file,202201,598,after_finite,18735
file,202201,598,after_cell_selection,17485
file,202201,599,input_entries,25435
file,202201,599,after_match_status,25435
file,202201,599,after_pincness,25435
file,202201,599,after_fitstat,25435
file,202201,599,after_theta,25435
file,202201,599,after_dcedge,17919
file,202201,599,after_finite,17919
file,202201,599,after_cell_selection,16691
file,202201,600,input_entries,24907
file,202201,600,after_match_status,24907
file,202201,600,after_pincness,24907
file,202201,600,after_fitstat,24907
file,202201,600,after_theta,24907
file,202201,600,after_dcedge,17675
file,202201,600,after_finite,17675
file,202201,600,after_cell_selection,16472
file,202201,601,input_entries,8146
file,202201,601,after_match_status,8146
file,202201,601,after_pincness,8146
file,202201,601,after_fitstat,8146
file,202201,601,after_theta,8146
file,202201,601,after_dcedge,5827
file,202201,601,after_finite,5827
file,202201,601,after_cell_selection,5430
file,202201,602,input_entries,317
file,202201,602,after_match_status,317
file,202201,602,after_pincness,317
file,202201,602,after_fitstat,317
file,202201,602,after_theta,317
file,202201,602,after_dcedge,197
file,202201,602,after_finite,197
file,202201,602,after_cell_selection,186
file,202201,603,input_entries,25010
file,202201,603,after_match_status,25010
file,202201,603,after_pincness,25010
file,202201,603,after_fitstat,25010
file,202201,603,after_theta,25010
file,202201,603,after_dcedge,17720
file,202201,603,after_finite,17720
file,202201,603,after_cell_selection,16534
file,202201,604,input_entries,25955
file,202201,604,after_match_status,25955
file,202201,604,after_pincness,25955
file,202201,604,after_fitstat,25955
file,202201,604,after_theta,25955
file,202201,604,after_dcedge,18414
file,202201,604,after_finite,18414
file,202201,604,after_cell_selection,17105
file,202201,605,input_entries,25616
file,202201,605,after_match_status,25616
file,202201,605,after_pincness,25616
file,202201,605,after_fitstat,25616
file,202201,605,after_theta,25616
file,202201,605,after_dcedge,18047
file,202201,605,after_finite,18047
file,202201,605,after_cell_selection,16787
file,202201,606,input_entries,28387
file,202201,606,after_match_status,28387
file,202201,606,after_pincness,28387
file,202201,606,after_fitstat,28387
file,202201,606,after_theta,28387
file,202201,606,after_dcedge,20180
file,202201,606,after_finite,20180
file,202201,606,after_cell_selection,18762
file,202201,607,input_entries,48330
file,202201,607,after_match_status,48330
file,202201,607,after_pincness,48330
file,202201,607,after_fitstat,48330
file,202201,607,after_theta,48330
file,202201,607,after_dcedge,34249
file,202201,607,after_finite,34249
file,202201,607,after_cell_selection,32484
file,202201,608,input_entries,103863
file,202201,608,after_match_status,103863
file,202201,608,after_pincness,103863
file,202201,608,after_fitstat,103863
file,202201,608,after_theta,103863
file,202201,608,after_dcedge,73140
file,202201,608,after_finite,73140
file,202201,608,after_cell_selection,69912
file,202201,609,input_entries,239294
file,202201,609,after_match_status,239294
file,202201,609,after_pincness,239294
file,202201,609,after_fitstat,239294
file,202201,609,after_theta,239294
file,202201,609,after_dcedge,169863
file,202201,609,after_finite,169863
file,202201,609,after_cell_selection,154274
file,202201,610,input_entries,345603
file,202201,610,after_match_status,345603
file,202201,610,after_pincness,345603
file,202201,610,after_fitstat,345603
file,202201,610,after_theta,345603
file,202201,610,after_dcedge,245143
file,202201,610,after_finite,245143
file,202201,610,after_cell_selection,215130
file,202201,611,input_entries,192747
file,202201,611,after_match_status,192747
file,202201,611,after_pincness,192747
file,202201,611,after_fitstat,192747
file,202201,611,after_theta,192747
file,202201,611,after_dcedge,137342
file,202201,611,after_finite,137342
file,202201,611,after_cell_selection,128083
file,202201,612,input_entries,101168
file,202201,612,after_match_status,101168
file,202201,612,after_pincness,101168
file,202201,612,after_fitstat,101168
file,202201,612,after_theta,101168
file,202201,612,after_dcedge,71709
file,202201,612,after_finite,71709
file,202201,612,after_cell_selection,69039
file,202201,613,input_entries,93203
file,202201,613,after_match_status,93203
file,202201,613,after_pincness,93203
file,202201,613,after_fitstat,93203
file,202201,613,after_theta,93203
file,202201,613,after_dcedge,66102
file,202201,613,after_finite,66102
file,202201,613,after_cell_selection,63486
file,202201,614,input_entries,156914
file,202201,614,after_match_status,156914
file,202201,614,after_pincness,156914
file,202201,614,after_fitstat,156914
file,202201,614,after_theta,156914
file,202201,614,after_dcedge,110760
file,202201,614,after_finite,110760
file,202201,614,after_cell_selection,104875
file,202201,615,input_entries,282419
file,202201,615,after_match_status,282419
file,202201,615,after_pincness,282419
file,202201,615,after_fitstat,282419
file,202201,615,after_theta,282419
file,202201,615,after_dcedge,199593
file,202201,615,after_finite,199593
file,202201,615,after_cell_selection,179416
file,202201,616,input_entries,259608
file,202201,616,after_match_status,259608
file,202201,616,after_pincness,259608
file,202201,616,after_fitstat,259608
file,202201,616,after_theta,259608
file,202201,616,after_dcedge,183520
file,202201,616,after_finite,183520
file,202201,616,after_cell_selection,167467
file,202201,617,input_entries,134693
file,202201,617,after_match_status,134693
file,202201,617,after_pincness,134693
file,202201,617,after_fitstat,134693
file,202201,617,after_theta,134693
file,202201,617,after_dcedge,95461
file,202201,617,after_finite,95461
file,202201,617,after_cell_selection,91201
file,202201,618,input_entries,66207
file,202201,618,after_match_status,66207
file,202201,618,after_pincness,66207
file,202201,618,after_fitstat,66207
file,202201,618,after_theta,66207
file,202201,618,after_dcedge,47113
file,202201,618,after_finite,47113
file,202201,618,after_cell_selection,45003
file,202201,619,input_entries,35996
file,202201,619,after_match_status,35996
file,202201,619,after_pincness,35996
file,202201,619,after_fitstat,35996
file,202201,619,after_theta,35996
file,202201,619,after_dcedge,25739
file,202201,619,after_finite,25739
file,202201,619,after_cell_selection,24301
file,202201,620,input_entries,25879
file,202201,620,after_match_status,25879
file,202201,620,after_pincness,25879
file,202201,620,after_fitstat,25879
file,202201,620,after_theta,25879
file,202201,620,after_dcedge,18533
file,202201,620,after_finite,18533
file,202201,620,after_cell_selection,17201
file,202201,621,input_entries,25795
file,202201,621,after_match_status,25795
file,202201,621,after_pincness,25795
file,202201,621,after_fitstat,25795
file,202201,621,after_theta,25795
file,202201,621,after_dcedge,18254
file,202201,621,after_finite,18254
file,202201,621,after_cell_selection,16974
file,202201,622,input_entries,25805
file,202201,622,after_match_status,25805
file,202201,622,after_pincness,25805
file,202201,622,after_fitstat,25805
file,202201,622,after_theta,25805
file,202201,622,after_dcedge,18394
file,202201,622,after_finite,18394
file,202201,622,after_cell_selection,17147
file,202201,623,input_entries,25641
file,202201,623,after_match_status,25641
file,202201,623,after_pincness,25641
file,202201,623,after_fitstat,25641
file,202201,623,after_theta,25641
file,202201,623,after_dcedge,18108
file,202201,623,after_finite,18108
file,202201,623,after_cell_selection,16842
file,202201,624,input_entries,6904
file,202201,624,after_match_status,6904
file,202201,624,after_pincness,6904
file,202201,624,after_fitstat,6904
file,202201,624,after_theta,6904
file,202201,624,after_dcedge,4926
file,202201,624,after_finite,4926
file,202201,624,after_cell_selection,4596
file,202201,625,input_entries,858
file,202201,625,after_match_status,858
file,202201,625,after_pincness,858
file,202201,625,after_fitstat,858
file,202201,625,after_theta,858
file,202201,625,after_dcedge,608
file,202201,625,after_finite,608
file,202201,625,after_cell_selection,564
file,202201,626,input_entries,26190
file,202201,626,after_match_status,26190
file,202201,626,after_pincness,26190
file,202201,626,after_fitstat,26190
file,202201,626,after_theta,26190
file,202201,626,after_dcedge,18613
file,202201,626,after_finite,18613
file,202201,626,after_cell_selection,17379
file,202201,627,input_entries,25645
file,202201,627,after_match_status,25645
file,202201,627,after_pincness,25645
file,202201,627,after_fitstat,25645
file,202201,627,after_theta,25645
file,202201,627,after_dcedge,18318
file,202201,627,after_finite,18318
file,202201,627,after_cell_selection,17039
file,202201,628,input_entries,24513
file,202201,628,after_match_status,24513
file,202201,628,after_pincness,24513
file,202201,628,after_fitstat,24513
file,202201,628,after_theta,24513
file,202201,628,after_dcedge,17358
file,202201,628,after_finite,17358
file,202201,628,after_cell_selection,16197
file,202201,629,input_entries,11323
file,202201,629,after_match_status,11323
file,202201,629,after_pincness,11323
file,202201,629,after_fitstat,11323
file,202201,629,after_theta,11323
file,202201,629,after_dcedge,8043
file,202201,629,after_finite,8043
file,202201,629,after_cell_selection,7513
file,202201,630,input_entries,48992
file,202201,630,after_match_status,48992
file,202201,630,after_pincness,48992
file,202201,630,after_fitstat,48992
file,202201,630,after_theta,48992
file,202201,630,after_dcedge,34523
file,202201,630,after_finite,34523
file,202201,630,after_cell_selection,32820
file,202201,631,input_entries,111055
file,202201,631,after_match_status,111055
file,202201,631,after_pincness,111055
file,202201,631,after_fitstat,111055
file,202201,631,after_theta,111055
file,202201,631,after_dcedge,78266
file,202201,631,after_finite,78266
file,202201,631,after_cell_selection,74698
file,202201,632,input_entries,246488
file,202201,632,after_match_status,246488
file,202201,632,after_pincness,246488
file,202201,632,after_fitstat,246488
file,202201,632,after_theta,246488
file,202201,632,after_dcedge,174868
file,202201,632,after_finite,174868
file,202201,632,after_cell_selection,158410
file,202201,633,input_entries,326248
file,202201,633,after_match_status,326248
file,202201,633,after_pincness,326248
file,202201,633,after_fitstat,326248
file,202201,633,after_theta,326248
file,202201,633,after_dcedge,231871
file,202201,633,after_finite,231871
file,202201,633,after_cell_selection,203907
file,202201,634,input_entries,172844
file,202201,634,after_match_status,172844
file,202201,634,after_pincness,172844
file,202201,634,after_fitstat,172844
file,202201,634,after_theta,172844
file,202201,634,after_dcedge,122621
file,202201,634,after_finite,122621
file,202201,634,after_cell_selection,114689
file,202201,635,input_entries,96811
file,202201,635,after_match_status,96811
file,202201,635,after_pincness,96811
file,202201,635,after_fitstat,96811
file,202201,635,after_theta,96811
file,202201,635,after_dcedge,68654
file,202201,635,after_finite,68654
file,202201,635,after_cell_selection,65938
file,202201,636,input_entries,90541
file,202201,636,after_match_status,90541
file,202201,636,after_pincness,90541
file,202201,636,after_fitstat,90541
file,202201,636,after_theta,90541
file,202201,636,after_dcedge,63894
file,202201,636,after_finite,63894
file,202201,636,after_cell_selection,61405
file,202201,637,input_entries,158094
file,202201,637,after_match_status,158094
file,202201,637,after_pincness,158094
file,202201,637,after_fitstat,158094
file,202201,637,after_theta,158094
file,202201,637,after_dcedge,112048
file,202201,637,after_finite,112048
file,202201,637,after_cell_selection,105694
file,202201,638,input_entries,298109
file,202201,638,after_match_status,298109
file,202201,638,after_pincness,298109
file,202201,638,after_fitstat,298109
file,202201,638,after_theta,298109
file,202201,638,after_dcedge,210573
file,202201,638,after_finite,210573
file,202201,638,after_cell_selection,188723
file,202201,639,input_entries,245219
file,202201,639,after_match_status,245219
file,202201,639,after_pincness,245219
file,202201,639,after_fitstat,245219
file,202201,639,after_theta,245219
file,202201,639,after_dcedge,173619
file,202201,639,after_finite,173619
file,202201,639,after_cell_selection,159069
file,202201,640,input_entries,123797
file,202201,640,after_match_status,123797
file,202201,640,after_pincness,123797
file,202201,640,after_fitstat,123797
file,202201,640,after_theta,123797
file,202201,640,after_dcedge,87500
file,202201,640,after_finite,87500
file,202201,640,after_cell_selection,83590
file,202201,641,input_entries,63810
file,202201,641,after_match_status,63810
file,202201,641,after_pincness,63810
file,202201,641,after_fitstat,63810
file,202201,641,after_theta,63810
file,202201,641,after_dcedge,45141
file,202201,641,after_finite,45141
file,202201,641,after_cell_selection,43208
file,202201,642,input_entries,34847
file,202201,642,after_match_status,34847
file,202201,642,after_pincness,34847
file,202201,642,after_fitstat,34847
file,202201,642,after_theta,34847
file,202201,642,after_dcedge,24844
file,202201,642,after_finite,24844
file,202201,642,after_cell_selection,23281
file,202201,643,input_entries,25803
file,202201,643,after_match_status,25803
file,202201,643,after_pincness,25803
file,202201,643,after_fitstat,25803
file,202201,643,after_theta,25803
file,202201,643,after_dcedge,18329
file,202201,643,after_finite,18329
file,202201,643,after_cell_selection,17031
file,202201,644,input_entries,25286
file,202201,644,after_match_status,25286
file,202201,644,after_pincness,25286
file,202201,644,after_fitstat,25286
file,202201,644,after_theta,25286
file,202201,644,after_dcedge,18088
file,202201,644,after_finite,18088
file,202201,644,after_cell_selection,16813
file,202201,645,input_entries,25338
file,202201,645,after_match_status,25338
file,202201,645,after_pincness,25338
file,202201,645,after_fitstat,25338
file,202201,645,after_theta,25338
file,202201,645,after_dcedge,18050
file,202201,645,after_finite,18050
file,202201,645,after_cell_selection,16784
file,202201,646,input_entries,25353
file,202201,646,after_match_status,25353
file,202201,646,after_pincness,25353
file,202201,646,after_fitstat,25353
file,202201,646,after_theta,25353
file,202201,646,after_dcedge,17999
file,202201,646,after_finite,17999
file,202201,646,after_cell_selection,16735
file,202201,647,input_entries,5538
file,202201,647,after_match_status,5538
file,202201,647,after_pincness,5538
file,202201,647,after_fitstat,5538
file,202201,647,after_theta,5538
file,202201,647,after_dcedge,3907
file,202201,647,after_finite,3907
file,202201,647,after_cell_selection,3661
file,202201,648,input_entries,3245
file,202201,648,after_match_status,3245
file,202201,648,after_pincness,3245
file,202201,648,after_fitstat,3245
file,202201,648,after_theta,3245
file,202201,648,after_dcedge,2308
file,202201,648,after_finite,2308
file,202201,648,after_cell_selection,2153
file,202201,649,input_entries,25998
file,202201,649,after_match_status,25998
file,202201,649,after_pincness,25998
file,202201,649,after_fitstat,25998
file,202201,649,after_theta,25998
file,202201,649,after_dcedge,18465
file,202201,649,after_finite,18465
file,202201,649,after_cell_selection,17173
file,202201,650,input_entries,26430
file,202201,650,after_match_status,26430
file,202201,650,after_pincness,26430
file,202201,650,after_fitstat,26430
file,202201,650,after_theta,26430
file,202201,650,after_dcedge,18780
file,202201,650,after_finite,18780
file,202201,650,after_cell_selection,17495
file,202201,651,input_entries,26395
file,202201,651,after_match_status,26395
file,202201,651,after_pincness,26395
file,202201,651,after_fitstat,26395
file,202201,651,after_theta,26395
file,202201,651,after_dcedge,18738
file,202201,651,after_finite,18738
file,202201,651,after_cell_selection,17457
file,202201,652,input_entries,30713
file,202201,652,after_match_status,30713
file,202201,652,after_pincness,30713
file,202201,652,after_fitstat,30713
file,202201,652,after_theta,30713
file,202201,652,after_dcedge,21644
file,202201,652,after_finite,21644
file,202201,652,after_cell_selection,20228
file,202201,653,input_entries,54951
file,202201,653,after_match_status,54951
file,202201,653,after_pincness,54951
file,202201,653,after_fitstat,54951
file,202201,653,after_theta,54951
file,202201,653,after_dcedge,38925
file,202201,653,after_finite,38925
file,202201,653,after_cell_selection,37021
file,202201,654,input_entries,118834
file,202201,654,after_match_status,118834
file,202201,654,after_pincness,118834
file,202201,654,after_fitstat,118834
file,202201,654,after_theta,118834
file,202201,654,after_dcedge,84016
file,202201,654,after_finite,84016
file,202201,654,after_cell_selection,80147
file,202201,655,input_entries,270193
file,202201,655,after_match_status,270193
file,202201,655,after_pincness,270193
file,202201,655,after_fitstat,270193
file,202201,655,after_theta,270193
file,202201,655,after_dcedge,191980
file,202201,655,after_finite,191980
file,202201,655,after_cell_selection,172790
file,202201,656,input_entries,340179
file,202201,656,after_match_status,340179
file,202201,656,after_pincness,340179
file,202201,656,after_fitstat,340179
file,202201,656,after_theta,340179
file,202201,656,after_dcedge,242178
file,202201,656,after_finite,242178
file,202201,656,after_cell_selection,213402
file,202201,657,input_entries,170457
file,202201,657,after_match_status,170457
file,202201,657,after_pincness,170457
file,202201,657,after_fitstat,170457
file,202201,657,after_theta,170457
file,202201,657,after_dcedge,120976
file,202201,657,after_finite,120976
file,202201,657,after_cell_selection,113695
file,202202,658,input_entries,93601
file,202202,658,after_match_status,93601
file,202202,658,after_pincness,93601
file,202202,658,after_fitstat,93601
file,202202,658,after_theta,93601
file,202202,658,after_dcedge,66410
file,202202,658,after_finite,66410
file,202202,658,after_cell_selection,63766
file,202202,659,input_entries,100246
file,202202,659,after_match_status,100246
file,202202,659,after_pincness,100246
file,202202,659,after_fitstat,100246
file,202202,659,after_theta,100246
file,202202,659,after_dcedge,70970
file,202202,659,after_finite,70970
file,202202,659,after_cell_selection,68201
file,202202,660,input_entries,176488
file,202202,660,after_match_status,176488
file,202202,660,after_pincness,176488
file,202202,660,after_fitstat,176488
file,202202,660,after_theta,176488
file,202202,660,after_dcedge,124847
file,202202,660,after_finite,124847
file,202202,660,after_cell_selection,117115
file,202202,661,input_entries,302090
file,202202,661,after_match_status,302090
file,202202,661,after_pincness,302090
file,202202,661,after_fitstat,302090
file,202202,661,after_theta,302090
file,202202,661,after_dcedge,213408
file,202202,661,after_finite,213408
file,202202,661,after_cell_selection,191408
file,202202,662,input_entries,228209
file,202202,662,after_match_status,228209
file,202202,662,after_pincness,228209
file,202202,662,after_fitstat,228209
file,202202,662,after_theta,228209
file,202202,662,after_dcedge,161583
file,202202,662,after_finite,161583
file,202202,662,after_cell_selection,149206
file,202202,663,input_entries,117060
file,202202,663,after_match_status,117060
file,202202,663,after_pincness,117060
file,202202,663,after_fitstat,117060
file,202202,663,after_theta,117060
file,202202,663,after_dcedge,82485
file,202202,663,after_finite,82485
file,202202,663,after_cell_selection,79016
file,202202,664,input_entries,60326
file,202202,664,after_match_status,60326
file,202202,664,after_pincness,60326
file,202202,664,after_fitstat,60326
file,202202,664,after_theta,60326
file,202202,664,after_dcedge,42660
file,202202,664,after_finite,42660
file,202202,664,after_cell_selection,40727
file,202202,665,input_entries,33407
file,202202,665,after_match_status,33407
file,202202,665,after_pincness,33407
file,202202,665,after_fitstat,33407
file,202202,665,after_theta,33407
file,202202,665,after_dcedge,23831
file,202202,665,after_finite,23831
file,202202,665,after_cell_selection,22431
file,202202,666,input_entries,26612
file,202202,666,after_match_status,26612
file,202202,666,after_pincness,26612
file,202202,666,after_fitstat,26612
file,202202,666,after_theta,26612
file,202202,666,after_dcedge,18886
file,202202,666,after_finite,18886
file,202202,666,after_cell_selection,17629
file,202202,667,input_entries,25550
file,202202,667,after_match_status,25550
file,202202,667,after_pincness,25550
file,202202,667,after_fitstat,25550
file,202202,667,after_theta,25550
file,202202,667,after_dcedge,18143
file,202202,667,after_finite,18143
file,202202,667,after_cell_selection,16955
file,202202,668,input_entries,25633
file,202202,668,after_match_status,25633
file,202202,668,after_pincness,25633
file,202202,668,after_fitstat,25633
file,202202,668,after_theta,25633
file,202202,668,after_dcedge,18077
file,202202,668,after_finite,18077
file,202202,668,after_cell_selection,16859
file,202202,669,input_entries,26195
file,202202,669,after_match_status,26195
file,202202,669,after_pincness,26195
file,202202,669,after_fitstat,26195
file,202202,669,after_theta,26195
file,202202,669,after_dcedge,18687
file,202202,669,after_finite,18687
file,202202,669,after_cell_selection,17421
file,202202,670,input_entries,2084
file,202202,670,after_match_status,2084
file,202202,670,after_pincness,2084
file,202202,670,after_fitstat,2084
file,202202,670,after_theta,2084
file,202202,670,after_dcedge,1473
file,202202,670,after_finite,1473
file,202202,670,after_cell_selection,1361
file,202202,671,input_entries,6608
file,202202,671,after_match_status,6608
file,202202,671,after_pincness,6608
file,202202,671,after_fitstat,6608
file,202202,671,after_theta,6608
file,202202,671,after_dcedge,4729
file,202202,671,after_finite,4729
file,202202,671,after_cell_selection,4408
file,202202,672,input_entries,26107
file,202202,672,after_match_status,26107
file,202202,672,after_pincness,26107
file,202202,672,after_fitstat,26107
file,202202,672,after_theta,26107
file,202202,672,after_dcedge,18540
file,202202,672,after_finite,18540
file,202202,672,after_cell_selection,17306
file,202202,673,input_entries,26997
file,202202,673,after_match_status,26997
file,202202,673,after_pincness,26997
file,202202,673,after_fitstat,26997
file,202202,673,after_theta,26997
file,202202,673,after_dcedge,19151
file,202202,673,after_finite,19151
file,202202,673,after_cell_selection,17822
file,202202,674,input_entries,26941
file,202202,674,after_match_status,26941
file,202202,674,after_pincness,26941
file,202202,674,after_fitstat,26941
file,202202,674,after_theta,26941
file,202202,674,after_dcedge,18951
file,202202,674,after_finite,18951
file,202202,674,after_cell_selection,17643
file,202202,675,input_entries,31902
file,202202,675,after_match_status,31902
file,202202,675,after_pincness,31902
file,202202,675,after_fitstat,31902
file,202202,675,after_theta,31902
file,202202,675,after_dcedge,22503
file,202202,675,after_finite,22503
file,202202,675,after_cell_selection,21078
file,202202,676,input_entries,60740
file,202202,676,after_match_status,60740
file,202202,676,after_pincness,60740
file,202202,676,after_fitstat,60740
file,202202,676,after_theta,60740
file,202202,676,after_dcedge,42964
file,202202,676,after_finite,42964
file,202202,676,after_cell_selection,40920
file,202202,677,input_entries,134622
file,202202,677,after_match_status,134622
file,202202,677,after_pincness,134622
file,202202,677,after_fitstat,134622
file,202202,677,after_theta,134622
file,202202,677,after_dcedge,95161
file,202202,677,after_finite,95161
file,202202,677,after_cell_selection,90642
file,202202,678,input_entries,301712
file,202202,678,after_match_status,301712
file,202202,678,after_pincness,301712
file,202202,678,after_fitstat,301712
file,202202,678,after_theta,301712
file,202202,678,after_dcedge,214375
file,202202,678,after_finite,214375
file,202202,678,after_cell_selection,192285
file,202202,679,input_entries,330487
file,202202,679,after_match_status,330487
file,202202,679,after_pincness,330487
file,202202,679,after_fitstat,330487
file,202202,679,after_theta,330487
file,202202,679,after_dcedge,234895
file,202202,679,after_finite,234895
file,202202,679,after_cell_selection,208148
file,202202,680,input_entries,157887
file,202202,680,after_match_status,157887
file,202202,680,after_pincness,157887
file,202202,680,after_fitstat,157887
file,202202,680,after_theta,157887
file,202202,680,after_dcedge,112000
file,202202,680,after_finite,112000
file,202202,680,after_cell_selection,106104
file,202202,681,input_entries,93607
file,202202,681,after_match_status,93607
file,202202,681,after_pincness,93607
file,202202,681,after_fitstat,93607
file,202202,681,after_theta,93607
file,202202,681,after_dcedge,66262
file,202202,681,after_finite,66262
file,202202,681,after_cell_selection,63707
file,202202,682,input_entries,102813
file,202202,682,after_match_status,102813
file,202202,682,after_pincness,102813
file,202202,682,after_fitstat,102813
file,202202,682,after_theta,102813
file,202202,682,after_dcedge,72648
file,202202,682,after_finite,72648
file,202202,682,after_cell_selection,69735
file,202202,683,input_entries,189979
file,202202,683,after_match_status,189979
file,202202,683,after_pincness,189979
file,202202,683,after_fitstat,189979
file,202202,683,after_theta,189979
file,202202,683,after_dcedge,134513
file,202202,683,after_finite,134513
file,202202,683,after_cell_selection,125666
file,202202,684,input_entries,310412
file,202202,684,after_match_status,310412
file,202202,684,after_pincness,310412
file,202202,684,after_fitstat,310412
file,202202,684,after_theta,310412
file,202202,684,after_dcedge,219041
file,202202,684,after_finite,219041
file,202202,684,after_cell_selection,195847
file,202202,685,input_entries,222190
file,202202,685,after_match_status,222190
file,202202,685,after_pincness,222190
file,202202,685,after_fitstat,222190
file,202202,685,after_theta,222190
file,202202,685,after_dcedge,157216
file,202202,685,after_finite,157216
file,202202,685,after_cell_selection,145648
file,202202,686,input_entries,113158
file,202202,686,after_match_status,113158
file,202202,686,after_pincness,113158
file,202202,686,after_fitstat,113158
file,202202,686,after_theta,113158
file,202202,686,after_dcedge,80027
file,202202,686,after_finite,80027
file,202202,686,after_cell_selection,76641
file,202202,687,input_entries,57536
file,202202,687,after_match_status,57536
file,202202,687,after_pincness,57536
file,202202,687,after_fitstat,57536
file,202202,687,after_theta,57536
file,202202,687,after_dcedge,40655
file,202202,687,after_finite,40655
file,202202,687,after_cell_selection,38875
file,202202,688,input_entries,31581
file,202202,688,after_match_status,31581
file,202202,688,after_pincness,31581
file,202202,688,after_fitstat,31581
file,202202,688,after_theta,31581
file,202202,688,after_dcedge,22530
file,202202,688,after_finite,22530
file,202202,688,after_cell_selection,21157
file,202202,689,input_entries,26264
file,202202,689,after_match_status,26264
file,202202,689,after_pincness,26264
file,202202,689,after_fitstat,26264
file,202202,689,after_theta,26264
file,202202,689,after_dcedge,18536
file,202202,689,after_finite,18536
file,202202,689,after_cell_selection,17273
file,202202,690,input_entries,24593
file,202202,690,after_match_status,24593
file,202202,690,after_pincness,24593
file,202202,690,after_fitstat,24593
file,202202,690,after_theta,24593
file,202202,690,after_dcedge,17404
file,202202,690,after_finite,17404
file,202202,690,after_cell_selection,16195
file,202202,691,input_entries,25889
file,202202,691,after_match_status,25889
file,202202,691,after_pincness,25889
file,202202,691,after_fitstat,25889
file,202202,691,after_theta,25889
file,202202,691,after_dcedge,18319
file,202202,691,after_finite,18319
file,202202,691,after_cell_selection,17121
file,202202,692,input_entries,25633
file,202202,692,after_match_status,25633
file,202202,692,after_pincness,25633
file,202202,692,after_fitstat,25633
file,202202,692,after_theta,25633
file,202202,692,after_dcedge,18318
file,202202,692,after_finite,18318
file,202202,692,after_cell_selection,17096
file,202202,693,input_entries,148
file,202202,693,after_match_status,148
file,202202,693,after_pincness,148
file,202202,693,after_fitstat,148
file,202202,693,after_theta,148
file,202202,693,after_dcedge,106
file,202202,693,after_finite,106
file,202202,693,after_cell_selection,98
file,202202,694,input_entries,7833
file,202202,694,after_match_status,7833
file,202202,694,after_pincness,7833
file,202202,694,after_fitstat,7833
file,202202,694,after_theta,7833
file,202202,694,after_dcedge,5561
file,202202,694,after_finite,5561
file,202202,694,after_cell_selection,5179
file,202202,695,input_entries,25923
file,202202,695,after_match_status,25923
file,202202,695,after_pincness,25923
file,202202,695,after_fitstat,25923
file,202202,695,after_theta,25923
file,202202,695,after_dcedge,18399
file,202202,695,after_finite,18399
file,202202,695,after_cell_selection,17104
file,202202,696,input_entries,26953
file,202202,696,after_match_status,26953
file,202202,696,after_pincness,26953
file,202202,696,after_fitstat,26953
file,202202,696,after_theta,26953
file,202202,696,after_dcedge,19176
file,202202,696,after_finite,19176
file,202202,696,after_cell_selection,17854
file,202202,697,input_entries,25748
file,202202,697,after_match_status,25748
file,202202,697,after_pincness,25748
file,202202,697,after_fitstat,25748
file,202202,697,after_theta,25748
file,202202,697,after_dcedge,18260
file,202202,697,after_finite,18260
file,202202,697,after_cell_selection,16983
file,202202,698,input_entries,33250
file,202202,698,after_match_status,33250
file,202202,698,after_pincness,33250
file,202202,698,after_fitstat,33250
file,202202,698,after_theta,33250
file,202202,698,after_dcedge,23640
file,202202,698,after_finite,23640
file,202202,698,after_cell_selection,22165
file,202202,699,input_entries,62183
file,202202,699,after_match_status,62183
file,202202,699,after_pincness,62183
file,202202,699,after_fitstat,62183
file,202202,699,after_theta,62183
file,202202,699,after_dcedge,44044
file,202202,699,after_finite,44044
file,202202,699,after_cell_selection,42020
file,202202,700,input_entries,134832
file,202202,700,after_match_status,134832
file,202202,700,after_pincness,134832
file,202202,700,after_fitstat,134832
file,202202,700,after_theta,134832
file,202202,700,after_dcedge,95303
file,202202,700,after_finite,95303
file,202202,700,after_cell_selection,90430
file,202202,701,input_entries,304071
file,202202,701,after_match_status,304071
file,202202,701,after_pincness,304071
file,202202,701,after_fitstat,304071
file,202202,701,after_theta,304071
file,202202,701,after_dcedge,215824
file,202202,701,after_finite,215824
file,202202,701,after_cell_selection,192367
file,202202,702,input_entries,310193
file,202202,702,after_match_status,310193
file,202202,702,after_pincness,310193
file,202202,702,after_fitstat,310193
file,202202,702,after_theta,310193
file,202202,702,after_dcedge,220586
file,202202,702,after_finite,220586
file,202202,702,after_cell_selection,196360
file,202202,703,input_entries,138293
file,202202,703,after_match_status,138293
file,202202,703,after_pincness,138293
file,202202,703,after_fitstat,138293
file,202202,703,after_theta,138293
file,202202,703,after_dcedge,98181
file,202202,703,after_finite,98181
file,202202,703,after_cell_selection,93276
file,202202,704,input_entries,90948
file,202202,704,after_match_status,90948
file,202202,704,after_pincness,90948
file,202202,704,after_fitstat,90948
file,202202,704,after_theta,90948
file,202202,704,after_dcedge,64476
file,202202,704,after_finite,64476
file,202202,704,after_cell_selection,61979
file,202202,705,input_entries,103025
file,202202,705,after_match_status,103025
file,202202,705,after_pincness,103025
file,202202,705,after_fitstat,103025
file,202202,705,after_theta,103025
file,202202,705,after_dcedge,72994
file,202202,705,after_finite,72994
file,202202,705,after_cell_selection,70001
file,202202,706,input_entries,193276
file,202202,706,after_match_status,193276
file,202202,706,after_pincness,193276
file,202202,706,after_fitstat,193276
file,202202,706,after_theta,193276
file,202202,706,after_dcedge,136404
file,202202,706,after_finite,136404
file,202202,706,after_cell_selection,126887
file,202202,707,input_entries,295043
file,202202,707,after_match_status,295043
file,202202,707,after_pincness,295043
file,202202,707,after_fitstat,295043
file,202202,707,after_theta,295043
file,202202,707,after_dcedge,208311
file,202202,707,after_finite,208311
file,202202,707,after_cell_selection,186144
file,202202,708,input_entries,203473
file,202202,708,after_match_status,203473
file,202202,708,after_pincness,203473
file,202202,708,after_fitstat,203473
file,202202,708,after_theta,203473
file,202202,708,after_dcedge,143839
file,202202,708,after_finite,143839
file,202202,708,after_cell_selection,133726
file,202202,709,input_entries,101770
file,202202,709,after_match_status,101770
file,202202,709,after_pincness,101770
file,202202,709,after_fitstat,101770
file,202202,709,after_theta,101770
file,202202,709,after_dcedge,71850
file,202202,709,after_finite,71850
file,202202,709,after_cell_selection,68974
file,202202,710,input_entries,50872
file,202202,710,after_match_status,50872
file,202202,710,after_pincness,50872
file,202202,710,after_fitstat,50872
file,202202,710,after_theta,50872
file,202202,710,after_dcedge,36141
file,202202,710,after_finite,36141
file,202202,710,after_cell_selection,34406
file,202202,711,input_entries,29754
file,202202,711,after_match_status,29754
file,202202,711,after_pincness,29754
file,202202,711,after_fitstat,29754
file,202202,711,after_theta,29754
file,202202,711,after_dcedge,21209
file,202202,711,after_finite,21209
file,202202,711,after_cell_selection,19890
file,202202,712,input_entries,24649
file,202202,712,after_match_status,24649
file,202202,712,after_pincness,24649
file,202202,712,after_fitstat,24649
file,202202,712,after_theta,24649
file,202202,712,after_dcedge,17388
file,202202,712,after_finite,17388
file,202202,712,after_cell_selection,16140
file,202202,713,input_entries,23662
file,202202,713,after_match_status,23662
file,202202,713,after_pincness,23662
file,202202,713,after_fitstat,23662
file,202202,713,after_theta,23662
file,202202,713,after_dcedge,16772
file,202202,713,after_finite,16772
file,202202,713,after_cell_selection,15653
file,202202,714,input_entries,25266
file,202202,714,after_match_status,25266
file,202202,714,after_pincness,25266
file,202202,714,after_fitstat,25266
file,202202,714,after_theta,25266
file,202202,714,after_dcedge,17873
file,202202,714,after_finite,17873
file,202202,714,after_cell_selection,16559
file,202202,715,input_entries,23091
file,202202,715,after_match_status,23091
file,202202,715,after_pincness,23091
file,202202,715,after_fitstat,23091
file,202202,715,after_theta,23091
file,202202,715,after_dcedge,16414
file,202202,715,after_finite,16414
file,202202,715,after_cell_selection,15282
file,202202,716,input_entries,8936
file,202202,716,after_match_status,8936
file,202202,716,after_pincness,8936
file,202202,716,after_fitstat,8936
file,202202,716,after_theta,8936
file,202202,716,after_dcedge,6332
file,202202,716,after_finite,6332
file,202202,716,after_cell_selection,5911
file,202202,717,input_entries,25672
file,202202,717,after_match_status,25672
file,202202,717,after_pincness,25672
file,202202,717,after_fitstat,25672
file,202202,717,after_theta,25672
file,202202,717,after_dcedge,18257
file,202202,717,after_finite,18257
file,202202,717,after_cell_selection,17003
file,202202,718,input_entries,25435
file,202202,718,after_match_status,25435
file,202202,718,after_pincness,25435
file,202202,718,after_fitstat,25435
file,202202,718,after_theta,25435
file,202202,718,after_dcedge,18070
file,202202,718,after_finite,18070
file,202202,718,after_cell_selection,16880
file,202202,719,input_entries,25767
file,202202,719,after_match_status,25767
file,202202,719,after_pincness,25767
file,202202,719,after_fitstat,25767
file,202202,719,after_theta,25767
file,202202,719,after_dcedge,18262
file,202202,719,after_finite,18262
file,202202,719,after_cell_selection,16977
file,202202,720,input_entries,33248
file,202202,720,after_match_status,33248
file,202202,720,after_pincness,33248
file,202202,720,after_fitstat,33248
file,202202,720,after_theta,33248
file,202202,720,after_dcedge,23689
file,202202,720,after_finite,23689
file,202202,720,after_cell_selection,22214
file,202202,721,input_entries,64064
file,202202,721,after_match_status,64064
file,202202,721,after_pincness,64064
file,202202,721,after_fitstat,64064
file,202202,721,after_theta,64064
file,202202,721,after_dcedge,45480
file,202202,721,after_finite,45480
file,202202,721,after_cell_selection,43479
file,202202,722,input_entries,145306
file,202202,722,after_match_status,145306
file,202202,722,after_pincness,145306
file,202202,722,after_fitstat,145306
file,202202,722,after_theta,145306
file,202202,722,after_dcedge,102811
file,202202,722,after_finite,102811
file,202202,722,after_cell_selection,97374
file,202202,723,input_entries,303033
file,202202,723,after_match_status,303033
file,202202,723,after_pincness,303033
file,202202,723,after_fitstat,303033
file,202202,723,after_theta,303033
file,202202,723,after_dcedge,215165
file,202202,723,after_finite,215165
file,202202,723,after_cell_selection,191151
file,202202,724,input_entries,294712
file,202202,724,after_match_status,294712
file,202202,724,after_pincness,294712
file,202202,724,after_fitstat,294712
file,202202,724,after_theta,294712
file,202202,724,after_dcedge,209513
file,202202,724,after_finite,209513
file,202202,724,after_cell_selection,187272
file,202202,725,input_entries,139443
file,202202,725,after_match_status,139443
file,202202,725,after_pincness,139443
file,202202,725,after_fitstat,139443
file,202202,725,after_theta,139443
file,202202,725,after_dcedge,98811
file,202202,725,after_finite,98811
file,202202,725,after_cell_selection,94066
file,202202,726,input_entries,87077
file,202202,726,after_match_status,87077
file,202202,726,after_pincness,87077
file,202202,726,after_fitstat,87077
file,202202,726,after_theta,87077
file,202202,726,after_dcedge,61574
file,202202,726,after_finite,61574
file,202202,726,after_cell_selection,59170
file,202202,727,input_entries,105185
file,202202,727,after_match_status,105185
file,202202,727,after_pincness,105185
file,202202,727,after_fitstat,105185
file,202202,727,after_theta,105185
file,202202,727,after_dcedge,74300
file,202202,727,after_finite,74300
file,202202,727,after_cell_selection,71245
file,202202,728,input_entries,199883
file,202202,728,after_match_status,199883
file,202202,728,after_pincness,199883
file,202202,728,after_fitstat,199883
file,202202,728,after_theta,199883
file,202202,728,after_dcedge,141186
file,202202,728,after_finite,141186
file,202202,728,after_cell_selection,130960
file,202202,729,input_entries,286400
file,202202,729,after_match_status,286400
file,202202,729,after_pincness,286400
file,202202,729,after_fitstat,286400
file,202202,729,after_theta,286400
file,202202,729,after_dcedge,202246
file,202202,729,after_finite,202246
file,202202,729,after_cell_selection,181354
file,202202,730,input_entries,193733
file,202202,730,after_match_status,193733
file,202202,730,after_pincness,193733
file,202202,730,after_fitstat,193733
file,202202,730,after_theta,193733
file,202202,730,after_dcedge,136862
file,202202,730,after_finite,136862
file,202202,730,after_cell_selection,127895
file,202202,731,input_entries,97745
file,202202,731,after_match_status,97745
file,202202,731,after_pincness,97745
file,202202,731,after_fitstat,97745
file,202202,731,after_theta,97745
file,202202,731,after_dcedge,68947
file,202202,731,after_finite,68947
file,202202,731,after_cell_selection,66249
file,202202,732,input_entries,50617
file,202202,732,after_match_status,50617
file,202202,732,after_pincness,50617
file,202202,732,after_fitstat,50617
file,202202,732,after_theta,50617
file,202202,732,after_dcedge,35913
file,202202,732,after_finite,35913
file,202202,732,after_cell_selection,34227
file,202202,733,input_entries,29774
file,202202,733,after_match_status,29774
file,202202,733,after_pincness,29774
file,202202,733,after_fitstat,29774
file,202202,733,after_theta,29774
file,202202,733,after_dcedge,21257
file,202202,733,after_finite,21257
file,202202,733,after_cell_selection,19896
file,202202,734,input_entries,24723
file,202202,734,after_match_status,24723
file,202202,734,after_pincness,24723
file,202202,734,after_fitstat,24723
file,202202,734,after_theta,24723
file,202202,734,after_dcedge,17717
file,202202,734,after_finite,17717
file,202202,734,after_cell_selection,16454
file,202202,735,input_entries,24315
file,202202,735,after_match_status,24315
file,202202,735,after_pincness,24315
file,202202,735,after_fitstat,24315
file,202202,735,after_theta,24315
file,202202,735,after_dcedge,17195
file,202202,735,after_finite,17195
file,202202,735,after_cell_selection,16034
file,202202,736,input_entries,24218
file,202202,736,after_match_status,24218
file,202202,736,after_pincness,24218
file,202202,736,after_fitstat,24218
file,202202,736,after_theta,24218
file,202202,736,after_dcedge,17168
file,202202,736,after_finite,17168
file,202202,736,after_cell_selection,16023
file,202202,737,input_entries,21170
file,202202,737,after_match_status,21170
file,202202,737,after_pincness,21170
file,202202,737,after_fitstat,21170
file,202202,737,after_theta,21170
file,202202,737,after_dcedge,15068
file,202202,737,after_finite,15068
file,202202,737,after_cell_selection,14009
file,202202,738,input_entries,10876
file,202202,738,after_match_status,10876
file,202202,738,after_pincness,10876
file,202202,738,after_fitstat,10876
file,202202,738,after_theta,10876
file,202202,738,after_dcedge,7691
file,202202,738,after_finite,7691
file,202202,738,after_cell_selection,7159
file,202202,739,input_entries,25047
file,202202,739,after_match_status,25047
file,202202,739,after_pincness,25047
file,202202,739,after_fitstat,25047
file,202202,739,after_theta,25047
file,202202,739,after_dcedge,17707
file,202202,739,after_finite,17707
file,202202,739,after_cell_selection,16488
file,202202,740,input_entries,25262
file,202202,740,after_match_status,25262
file,202202,740,after_pincness,25262
file,202202,740,after_fitstat,25262
file,202202,740,after_theta,25262
file,202202,740,after_dcedge,17881
file,202202,740,after_finite,17881
file,202202,740,after_cell_selection,16630
file,202202,741,input_entries,24848
file,202202,741,after_match_status,24848
file,202202,741,after_pincness,24848
file,202202,741,after_fitstat,24848
file,202202,741,after_theta,24848
file,202202,741,after_dcedge,17607
file,202202,741,after_finite,17607
file,202202,741,after_cell_selection,16355
file,202202,742,input_entries,33873
file,202202,742,after_match_status,33873
file,202202,742,after_pincness,33873
file,202202,742,after_fitstat,33873
file,202202,742,after_theta,33873
file,202202,742,after_dcedge,24013
file,202202,742,after_finite,24013
file,202202,742,after_cell_selection,22511
file,202202,743,input_entries,67058
file,202202,743,after_match_status,67058
file,202202,743,after_pincness,67058
file,202202,743,after_fitstat,67058
file,202202,743,after_theta,67058
file,202202,743,after_dcedge,47145
file,202202,743,after_finite,47145
file,202202,743,after_cell_selection,45108
file,202202,744,input_entries,153573
file,202202,744,after_match_status,153573
file,202202,744,after_pincness,153573
file,202202,744,after_fitstat,153573
file,202202,744,after_theta,153573
file,202202,744,after_dcedge,108654
file,202202,744,after_finite,108654
file,202202,744,after_cell_selection,102502
file,202202,745,input_entries,308927
file,202202,745,after_match_status,308927
file,202202,745,after_pincness,308927
file,202202,745,after_fitstat,308927
file,202202,745,after_theta,308927
file,202202,745,after_dcedge,219618
file,202202,745,after_finite,219618
file,202202,745,after_cell_selection,194128
file,202202,746,input_entries,279249
file,202202,746,after_match_status,279249
file,202202,746,after_pincness,279249
file,202202,746,after_fitstat,279249
file,202202,746,after_theta,279249
file,202202,746,after_dcedge,198253
file,202202,746,after_finite,198253
file,202202,746,after_cell_selection,177959
file,202202,747,input_entries,130537
file,202202,747,after_match_status,130537
file,202202,747,after_pincness,130537
file,202202,747,after_fitstat,130537
file,202202,747,after_theta,130537
file,202202,747,after_dcedge,92437
file,202202,747,after_finite,92437
file,202202,747,after_cell_selection,88252
file,202202,748,input_entries,84550
file,202202,748,after_match_status,84550
file,202202,748,after_pincness,84550
file,202202,748,after_fitstat,84550
file,202202,748,after_theta,84550
file,202202,748,after_dcedge,59830
file,202202,748,after_finite,59830
file,202202,748,after_cell_selection,57494
file,202202,749,input_entries,106303
file,202202,749,after_match_status,106303
file,202202,749,after_pincness,106303
file,202202,749,after_fitstat,106303
file,202202,749,after_theta,106303
file,202202,749,after_dcedge,75088
file,202202,749,after_finite,75088
file,202202,749,after_cell_selection,71947
file,202202,750,input_entries,210215
file,202202,750,after_match_status,210215
file,202202,750,after_pincness,210215
file,202202,750,after_fitstat,210215
file,202202,750,after_theta,210215
file,202202,750,after_dcedge,147931
file,202202,750,after_finite,147931
file,202202,750,after_cell_selection,136717
file,202202,751,input_entries,288881
file,202202,751,after_match_status,288881
file,202202,751,after_pincness,288881
file,202202,751,after_fitstat,288881
file,202202,751,after_theta,288881
file,202202,751,after_dcedge,203933
file,202202,751,after_finite,203933
file,202202,751,after_cell_selection,183191
file,202202,752,input_entries,178916
file,202202,752,after_match_status,178916
file,202202,752,after_pincness,178916
file,202202,752,after_fitstat,178916
file,202202,752,after_theta,178916
file,202202,752,after_dcedge,126341
file,202202,752,after_finite,126341
file,202202,752,after_cell_selection,118240
file,202202,753,input_entries,92056
file,202202,753,after_match_status,92056
file,202202,753,after_pincness,92056
file,202202,753,after_fitstat,92056
file,202202,753,after_theta,92056
file,202202,753,after_dcedge,64938
file,202202,753,after_finite,64938
file,202202,753,after_cell_selection,62342
file,202202,754,input_entries,45904
file,202202,754,after_match_status,45904
file,202202,754,after_pincness,45904
file,202202,754,after_fitstat,45904
file,202202,754,after_theta,45904
file,202202,754,after_dcedge,32664
file,202202,754,after_finite,32664
file,202202,754,after_cell_selection,31124
file,202202,755,input_entries,28315
file,202202,755,after_match_status,28315
file,202202,755,after_pincness,28315
file,202202,755,after_fitstat,28315
file,202202,755,after_theta,28315
file,202202,755,after_dcedge,20201
file,202202,755,after_finite,20201
file,202202,755,after_cell_selection,18886
file,202202,756,input_entries,24487
file,202202,756,after_match_status,24487
file,202202,756,after_pincness,24487
file,202202,756,after_fitstat,24487
file,202202,756,after_theta,24487
file,202202,756,after_dcedge,17389
file,202202,756,after_finite,17389
file,202202,756,after_cell_selection,16180
file,202202,757,input_entries,24761
file,202202,757,after_match_status,24761
file,202202,757,after_pincness,24761
file,202202,757,after_fitstat,24761
file,202202,757,after_theta,24761
file,202202,757,after_dcedge,17529
file,202202,757,after_finite,17529
file,202202,757,after_cell_selection,16390
file,202202,758,input_entries,24960
file,202202,758,after_match_status,24960
file,202202,758,after_pincness,24960
file,202202,758,after_fitstat,24960
file,202202,758,after_theta,24960
file,202202,758,after_dcedge,17665
file,202202,758,after_finite,17665
file,202202,758,after_cell_selection,16470
file,202202,759,input_entries,20319
file,202202,759,after_match_status,20319
file,202202,759,after_pincness,20319
file,202202,759,after_fitstat,20319
file,202202,759,after_theta,20319
file,202202,759,after_dcedge,14304
file,202202,759,after_finite,14304
file,202202,759,after_cell_selection,13359
file,202202,760,input_entries,13047
file,202202,760,after_match_status,13047
file,202202,760,after_pincness,13047
file,202202,760,after_fitstat,13047
file,202202,760,after_theta,13047
file,202202,760,after_dcedge,9213
file,202202,760,after_finite,9213
file,202202,760,after_cell_selection,8567
file,202202,761,input_entries,26006
file,202202,761,after_match_status,26006
file,202202,761,after_pincness,26006
file,202202,761,after_fitstat,26006
file,202202,761,after_theta,26006
file,202202,761,after_dcedge,18422
file,202202,761,after_finite,18422
file,202202,761,after_cell_selection,17227
file,202202,762,input_entries,25618
file,202202,762,after_match_status,25618
file,202202,762,after_pincness,25618
file,202202,762,after_fitstat,25618
file,202202,762,after_theta,25618
file,202202,762,after_dcedge,18241
file,202202,762,after_finite,18241
file,202202,762,after_cell_selection,17057
file,202202,763,input_entries,25615
file,202202,763,after_match_status,25615
file,202202,763,after_pincness,25615
file,202202,763,after_fitstat,25615
file,202202,763,after_theta,25615
file,202202,763,after_dcedge,18153
file,202202,763,after_finite,18153
file,202202,763,after_cell_selection,16865
file,202202,764,input_entries,35942
file,202202,764,after_match_status,35942
file,202202,764,after_pincness,35942
file,202202,764,after_fitstat,35942
file,202202,764,after_theta,35942
file,202202,764,after_dcedge,25533
file,202202,764,after_finite,25533
file,202202,764,after_cell_selection,24076
file,202202,765,input_entries,70489
file,202202,765,after_match_status,70489
file,202202,765,after_pincness,70489
file,202202,765,after_fitstat,70489
file,202202,765,after_theta,70489
file,202202,765,after_dcedge,49724
file,202202,765,after_finite,49724
file,202202,765,after_cell_selection,47665
file,202202,766,input_entries,160145
file,202202,766,after_match_status,160145
file,202202,766,after_pincness,160145
file,202202,766,after_fitstat,160145
file,202202,766,after_theta,160145
file,202202,766,after_dcedge,113447
file,202202,766,after_finite,113447
file,202202,766,after_cell_selection,106806
file,202202,767,input_entries,320949
file,202202,767,after_match_status,320949
file,202202,767,after_pincness,320949
file,202202,767,after_fitstat,320949
file,202202,767,after_theta,320949
file,202202,767,after_dcedge,227350
file,202202,767,after_finite,227350
file,202202,767,after_cell_selection,201165
file,202202,768,input_entries,271659
file,202202,768,after_match_status,271659
file,202202,768,after_pincness,271659
file,202202,768,after_fitstat,271659
file,202202,768,after_theta,271659
file,202202,768,after_dcedge,192718
file,202202,768,after_finite,192718
file,202202,768,after_cell_selection,173704
file,202202,769,input_entries,128057
file,202202,769,after_match_status,128057
file,202202,769,after_pincness,128057
file,202202,769,after_fitstat,128057
file,202202,769,after_theta,128057
file,202202,769,after_dcedge,90911
file,202202,769,after_finite,90911
file,202202,769,after_cell_selection,87009
file,202202,770,input_entries,87552
file,202202,770,after_match_status,87552
file,202202,770,after_pincness,87552
file,202202,770,after_fitstat,87552
file,202202,770,after_theta,87552
file,202202,770,after_dcedge,61770
file,202202,770,after_finite,61770
file,202202,770,after_cell_selection,59378
file,202202,771,input_entries,113856
file,202202,771,after_match_status,113856
file,202202,771,after_pincness,113856
file,202202,771,after_fitstat,113856
file,202202,771,after_theta,113856
file,202202,771,after_dcedge,80598
file,202202,771,after_finite,80598
file,202202,771,after_cell_selection,77152
file,202202,772,input_entries,222012
file,202202,772,after_match_status,222012
file,202202,772,after_pincness,222012
file,202202,772,after_fitstat,222012
file,202202,772,after_theta,222012
file,202202,772,after_dcedge,157013
file,202202,772,after_finite,157013
file,202202,772,after_cell_selection,144698
file,202202,773,input_entries,284761
file,202202,773,after_match_status,284761
file,202202,773,after_pincness,284761
file,202202,773,after_fitstat,284761
file,202202,773,after_theta,284761
file,202202,773,after_dcedge,200671
file,202202,773,after_finite,200671
file,202202,773,after_cell_selection,180108
file,202202,774,input_entries,181163
file,202202,774,after_match_status,181163
file,202202,774,after_pincness,181163
file,202202,774,after_fitstat,181163
file,202202,774,after_theta,181163
file,202202,774,after_dcedge,127746
file,202202,774,after_finite,127746
file,202202,774,after_cell_selection,120137
file,202202,775,input_entries,91160
file,202202,775,after_match_status,91160
file,202202,775,after_pincness,91160
file,202202,775,after_fitstat,91160
file,202202,775,after_theta,91160
file,202202,775,after_dcedge,64146
file,202202,775,after_finite,64146
file,202202,775,after_cell_selection,61629
file,202202,776,input_entries,46574
file,202202,776,after_match_status,46574
file,202202,776,after_pincness,46574
file,202202,776,after_fitstat,46574
file,202202,776,after_theta,46574
file,202202,776,after_dcedge,33065
file,202202,776,after_finite,33065
file,202202,776,after_cell_selection,31366
file,202202,777,input_entries,27827
file,202202,777,after_match_status,27827
file,202202,777,after_pincness,27827
file,202202,777,after_fitstat,27827
file,202202,777,after_theta,27827
file,202202,777,after_dcedge,19871
file,202202,777,after_finite,19871
file,202202,777,after_cell_selection,18637
file,202202,778,input_entries,24558
file,202202,778,after_match_status,24558
file,202202,778,after_pincness,24558
file,202202,778,after_fitstat,24558
file,202202,778,after_theta,24558
file,202202,778,after_dcedge,17337
file,202202,778,after_finite,17337
file,202202,778,after_cell_selection,16126
file,202202,779,input_entries,25249
file,202202,779,after_match_status,25249
file,202202,779,after_pincness,25249
file,202202,779,after_fitstat,25249
file,202202,779,after_theta,25249
file,202202,779,after_dcedge,17873
file,202202,779,after_finite,17873
file,202202,779,after_cell_selection,16669
file,202202,780,input_entries,25231
file,202202,780,after_match_status,25231
file,202202,780,after_pincness,25231
file,202202,780,after_fitstat,25231
file,202202,780,after_theta,25231
file,202202,780,after_dcedge,17956
file,202202,780,after_finite,17956
file,202202,780,after_cell_selection,16766
file,202202,781,input_entries,18265
file,202202,781,after_match_status,18265
file,202202,781,after_pincness,18265
file,202202,781,after_fitstat,18265
file,202202,781,after_theta,18265
file,202202,781,after_dcedge,13040
file,202202,781,after_finite,13040
file,202202,781,after_cell_selection,12193
file,202202,782,input_entries,14517
file,202202,782,after_match_status,14517
file,202202,782,after_pincness,14517
file,202202,782,after_fitstat,14517
file,202202,782,after_theta,14517
file,202202,782,after_dcedge,10348
file,202202,782,after_finite,10348
file,202202,782,after_cell_selection,9683
file,202202,783,input_entries,25835
file,202202,783,after_match_status,25835
file,202202,783,after_pincness,25835
file,202202,783,after_fitstat,25835
file,202202,783,after_theta,25835
file,202202,783,after_dcedge,18345
file,202202,783,after_finite,18345
file,202202,783,after_cell_selection,17133
file,202202,784,input_entries,25633
file,202202,784,after_match_status,25633
file,202202,784,after_pincness,25633
file,202202,784,after_fitstat,25633
file,202202,784,after_theta,25633
file,202202,784,after_dcedge,18187
file,202202,784,after_finite,18187
file,202202,784,after_cell_selection,16964
file,202202,785,input_entries,26504
file,202202,785,after_match_status,26504
file,202202,785,after_pincness,26504
file,202202,785,after_fitstat,26504
file,202202,785,after_theta,26504
file,202202,785,after_dcedge,18689
file,202202,785,after_finite,18689
file,202202,785,after_cell_selection,17437
file,202202,786,input_entries,37157
file,202202,786,after_match_status,37157
file,202202,786,after_pincness,37157
file,202202,786,after_fitstat,37157
file,202202,786,after_theta,37157
file,202202,786,after_dcedge,26263
file,202202,786,after_finite,26263
file,202202,786,after_cell_selection,24761
file,202202,787,input_entries,76449
file,202202,787,after_match_status,76449
file,202202,787,after_pincness,76449
file,202202,787,after_fitstat,76449
file,202202,787,after_theta,76449
file,202202,787,after_dcedge,53613
file,202202,787,after_finite,53613
file,202202,787,after_cell_selection,51331
file,202202,788,input_entries,173154
file,202202,788,after_match_status,173154
file,202202,788,after_pincness,173154
file,202202,788,after_fitstat,173154
file,202202,788,after_theta,173154
file,202202,788,after_dcedge,122376
file,202202,788,after_finite,122376
file,202202,788,after_cell_selection,114661
file,202202,789,input_entries,333259
file,202202,789,after_match_status,333259
file,202202,789,after_pincness,333259
file,202202,789,after_fitstat,333259
file,202202,789,after_theta,333259
file,202202,789,after_dcedge,236030
file,202202,789,after_finite,236030
file,202202,789,after_cell_selection,208292
file,202202,790,input_entries,258160
file,202202,790,after_match_status,258160
file,202202,790,after_pincness,258160
file,202202,790,after_fitstat,258160
file,202202,790,after_theta,258160
file,202202,790,after_dcedge,183108
file,202202,790,after_finite,183108
file,202202,790,after_cell_selection,165874
file,202202,791,input_entries,119504
file,202202,791,after_match_status,119504
file,202202,791,after_pincness,119504
file,202202,791,after_fitstat,119504
file,202202,791,after_theta,119504
file,202202,791,after_dcedge,84723
file,202202,791,after_finite,84723
file,202202,791,after_cell_selection,81147
file,202202,792,input_entries,86267
file,202202,792,after_match_status,86267
file,202202,792,after_pincness,86267
file,202202,792,after_fitstat,86267
file,202202,792,after_theta,86267
file,202202,792,after_dcedge,61527
file,202202,792,after_finite,61527
file,202202,792,after_cell_selection,59037
file,202202,793,input_entries,115061
file,202202,793,after_match_status,115061
file,202202,793,after_pincness,115061
file,202202,793,after_fitstat,115061
file,202202,793,after_theta,115061
file,202202,793,after_dcedge,81676
file,202202,793,after_finite,81676
file,202202,793,after_cell_selection,78047
file,202202,794,input_entries,228268
file,202202,794,after_match_status,228268
file,202202,794,after_pincness,228268
file,202202,794,after_fitstat,228268
file,202202,794,after_theta,228268
file,202202,794,after_dcedge,162106
file,202202,794,after_finite,162106
file,202202,794,after_cell_selection,148404
file,202202,795,input_entries,287089
file,202202,795,after_match_status,287089
file,202202,795,after_pincness,287089
file,202202,795,after_fitstat,287089
file,202202,795,after_theta,287089
file,202202,795,after_dcedge,203906
file,202202,795,after_finite,203906
file,202202,795,after_cell_selection,182996
file,202202,796,input_entries,170360
file,202202,796,after_match_status,170360
file,202202,796,after_pincness,170360
file,202202,796,after_fitstat,170360
file,202202,796,after_theta,170360
file,202202,796,after_dcedge,120811
file,202202,796,after_finite,120811
file,202202,796,after_cell_selection,113753
file,202202,797,input_entries,86317
file,202202,797,after_match_status,86317
file,202202,797,after_pincness,86317
file,202202,797,after_fitstat,86317
file,202202,797,after_theta,86317
file,202202,797,after_dcedge,61153
file,202202,797,after_finite,61153
file,202202,797,after_cell_selection,58598
file,202202,798,input_entries,44530
file,202202,798,after_match_status,44530
file,202202,798,after_pincness,44530
file,202202,798,after_fitstat,44530
file,202202,798,after_theta,44530
file,202202,798,after_dcedge,31985
file,202202,798,after_finite,31985
file,202202,798,after_cell_selection,30309
file,202202,799,input_entries,26999
file,202202,799,after_match_status,26999
file,202202,799,after_pincness,26999
file,202202,799,after_fitstat,26999
file,202202,799,after_theta,26999
file,202202,799,after_dcedge,19239
file,202202,799,after_finite,19239
file,202202,799,after_cell_selection,17925
file,202202,800,input_entries,24370
file,202202,800,after_match_status,24370
file,202202,800,after_pincness,24370
file,202202,800,after_fitstat,24370
file,202202,800,after_theta,24370
file,202202,800,after_dcedge,17434
file,202202,800,after_finite,17434
file,202202,800,after_cell_selection,16173
file,202202,801,input_entries,913
file,202202,801,after_match_status,913
file,202202,801,after_pincness,913
file,202202,801,after_fitstat,913
file,202202,801,after_theta,913
file,202202,801,after_dcedge,665
file,202202,801,after_finite,665
file,202202,801,after_cell_selection,620
file,202202,802,input_entries,6747
file,202202,802,after_match_status,6747
file,202202,802,after_pincness,6747
file,202202,802,after_fitstat,6747
file,202202,802,after_theta,6747
file,202202,802,after_dcedge,4846
file,202202,802,after_finite,4846
file,202202,802,after_cell_selection,4525
file,202202,803,input_entries,16818
file,202202,803,after_match_status,16818
file,202202,803,after_pincness,16818
file,202202,803,after_fitstat,16818
file,202202,803,after_theta,16818
file,202202,803,after_dcedge,12004
file,202202,803,after_finite,12004
file,202202,803,after_cell_selection,11172
file,202202,804,input_entries,25721
file,202202,804,after_match_status,25721
file,202202,804,after_pincness,25721
file,202202,804,after_fitstat,25721
file,202202,804,after_theta,25721
file,202202,804,after_dcedge,18302
file,202202,804,after_finite,18302
file,202202,804,after_cell_selection,17046
file,202202,805,input_entries,25873
file,202202,805,after_match_status,25873
file,202202,805,after_pincness,25873
file,202202,805,after_fitstat,25873
file,202202,805,after_theta,25873
file,202202,805,after_dcedge,18288
file,202202,805,after_finite,18288
file,202202,805,after_cell_selection,17060
file,202202,806,input_entries,26862
file,202202,806,after_match_status,26862
file,202202,806,after_pincness,26862
file,202202,806,after_fitstat,26862
file,202202,806,after_theta,26862
file,202202,806,after_dcedge,18992
file,202202,806,after_finite,18992
file,202202,806,after_cell_selection,17738
file,202202,807,input_entries,38552
file,202202,807,after_match_status,38552
file,202202,807,after_pincness,38552
file,202202,807,after_fitstat,38552
file,202202,807,after_theta,38552
file,202202,807,after_dcedge,27353
file,202202,807,after_finite,27353
file,202202,807,after_cell_selection,25887
file,202202,808,input_entries,80442
file,202202,808,after_match_status,80442
file,202202,808,after_pincness,80442
file,202202,808,after_fitstat,80442
file,202202,808,after_theta,80442
file,202202,808,after_dcedge,57068
file,202202,808,after_finite,57068
file,202202,808,after_cell_selection,54596
file,202202,809,input_entries,180873
file,202202,809,after_match_status,180873
file,202202,809,after_pincness,180873
file,202202,809,after_fitstat,180873
file,202202,809,after_theta,180873
file,202202,809,after_dcedge,128228
file,202202,809,after_finite,128228
file,202202,809,after_cell_selection,119777
file,202202,810,input_entries,341491
file,202202,810,after_match_status,341491
file,202202,810,after_pincness,341491
file,202202,810,after_fitstat,341491
file,202202,810,after_theta,341491
file,202202,810,after_dcedge,243376
file,202202,810,after_finite,243376
file,202202,810,after_cell_selection,215251
file,202202,811,input_entries,250733
file,202202,811,after_match_status,250733
file,202202,811,after_pincness,250733
file,202202,811,after_fitstat,250733
file,202202,811,after_theta,250733
file,202202,811,after_dcedge,178748
file,202202,811,after_finite,178748
file,202202,811,after_cell_selection,162702
file,202202,812,input_entries,115371
file,202202,812,after_match_status,115371
file,202202,812,after_pincness,115371
file,202202,812,after_fitstat,115371
file,202202,812,after_theta,115371
file,202202,812,after_dcedge,81831
file,202202,812,after_finite,81831
file,202202,812,after_cell_selection,78587
file,202202,813,input_entries,87065
file,202202,813,after_match_status,87065
file,202202,813,after_pincness,87065
file,202202,813,after_fitstat,87065
file,202202,813,after_theta,87065
file,202202,813,after_dcedge,61564
file,202202,813,after_finite,61564
file,202202,813,after_cell_selection,59149
file,202202,814,input_entries,121431
file,202202,814,after_match_status,121431
file,202202,814,after_pincness,121431
file,202202,814,after_fitstat,121431
file,202202,814,after_theta,121431
file,202202,814,after_dcedge,85908
file,202202,814,after_finite,85908
file,202202,814,after_cell_selection,82180
file,202202,815,input_entries,238211
file,202202,815,after_match_status,238211
file,202202,815,after_pincness,238211
file,202202,815,after_fitstat,238211
file,202202,815,after_theta,238211
file,202202,815,after_dcedge,168664
file,202202,815,after_finite,168664
file,202202,815,after_cell_selection,154571
file,202202,816,input_entries,296206
file,202202,816,after_match_status,296206
file,202202,816,after_pincness,296206
file,202202,816,after_fitstat,296206
file,202202,816,after_theta,296206
file,202202,816,after_dcedge,210144
file,202202,816,after_finite,210144
file,202202,816,after_cell_selection,189664
file,202202,817,input_entries,166762
file,202202,817,after_match_status,166762
file,202202,817,after_pincness,166762
file,202202,817,after_fitstat,166762
file,202202,817,after_theta,166762
file,202202,817,after_dcedge,118047
file,202202,817,after_finite,118047
file,202202,817,after_cell_selection,111605
file,202202,818,input_entries,85202
file,202202,818,after_match_status,85202
file,202202,818,after_pincness,85202
file,202202,818,after_fitstat,85202
file,202202,818,after_theta,85202
file,202202,818,after_dcedge,59836
file,202202,818,after_finite,59836
file,202202,818,after_cell_selection,57460
file,202202,819,input_entries,44403
file,202202,819,after_match_status,44403
file,202202,819,after_pincness,44403
file,202202,819,after_fitstat,44403
file,202202,819,after_theta,44403
file,202202,819,after_dcedge,31779
file,202202,819,after_finite,31779
file,202202,819,after_cell_selection,30053
file,202202,820,input_entries,17199
file,202202,820,after_match_status,17199
file,202202,820,after_pincness,17199
file,202202,820,after_fitstat,17199
file,202202,820,after_theta,17199
file,202202,820,after_dcedge,12313
file,202202,820,after_finite,12313
file,202202,820,after_cell_selection,11527
file,202202,821,input_entries,25004
file,202202,821,after_match_status,25004
file,202202,821,after_pincness,25004
file,202202,821,after_fitstat,25004
file,202202,821,after_theta,25004
file,202202,821,after_dcedge,17675
file,202202,821,after_finite,17675
file,202202,821,after_cell_selection,16471
file,202202,822,input_entries,26090
file,202202,822,after_match_status,26090
file,202202,822,after_pincness,26090
file,202202,822,after_fitstat,26090
file,202202,822,after_theta,26090
file,202202,822,after_dcedge,18471
file,202202,822,after_finite,18471
file,202202,822,after_cell_selection,17260
file,202202,823,input_entries,26163
file,202202,823,after_match_status,26163
file,202202,823,after_pincness,26163
file,202202,823,after_fitstat,26163
file,202202,823,after_theta,26163
file,202202,823,after_dcedge,18505
file,202202,823,after_finite,18505
file,202202,823,after_cell_selection,17205
file,202202,824,input_entries,16289
file,202202,824,after_match_status,16289
file,202202,824,after_pincness,16289
file,202202,824,after_fitstat,16289
file,202202,824,after_theta,16289
file,202202,824,after_dcedge,11574
file,202202,824,after_finite,11574
file,202202,824,after_cell_selection,10717
file,202202,825,input_entries,18348
file,202202,825,after_match_status,18348
file,202202,825,after_pincness,18348
file,202202,825,after_fitstat,18348
file,202202,825,after_theta,18348
file,202202,825,after_dcedge,12993
file,202202,825,after_finite,12993
file,202202,825,after_cell_selection,12117
file,202202,826,input_entries,26975
file,202202,826,after_match_status,26975
file,202202,826,after_pincness,26975
file,202202,826,after_fitstat,26975
file,202202,826,after_theta,26975
file,202202,826,after_dcedge,19013
file,202202,826,after_finite,19013
file,202202,826,after_cell_selection,17784
file,202202,827,input_entries,26535
file,202202,827,after_match_status,26535
file,202202,827,after_pincness,26535
file,202202,827,after_fitstat,26535
file,202202,827,after_theta,26535
file,202202,827,after_dcedge,18773
file,202202,827,after_finite,18773
file,202202,827,after_cell_selection,17539
file,202202,828,input_entries,27355
file,202202,828,after_match_status,27355
file,202202,828,after_pincness,27355
file,202202,828,after_fitstat,27355
file,202202,828,after_theta,27355
file,202202,828,after_dcedge,19492
file,202202,828,after_finite,19492
file,202202,828,after_cell_selection,18141
file,202202,829,input_entries,41208
file,202202,829,after_match_status,41208
file,202202,829,after_pincness,41208
file,202202,829,after_fitstat,41208
file,202202,829,after_theta,41208
file,202202,829,after_dcedge,29295
file,202202,829,after_finite,29295
file,202202,829,after_cell_selection,27672
file,202202,830,input_entries,84381
file,202202,830,after_match_status,84381
file,202202,830,after_pincness,84381
file,202202,830,after_fitstat,84381
file,202202,830,after_theta,84381
file,202202,830,after_dcedge,59339
file,202202,830,after_finite,59339
file,202202,830,after_cell_selection,56873
file,202202,831,input_entries,191465
file,202202,831,after_match_status,191465
file,202202,831,after_pincness,191465
file,202202,831,after_fitstat,191465
file,202202,831,after_theta,191465
file,202202,831,after_dcedge,136278
file,202202,831,after_finite,136278
file,202202,831,after_cell_selection,126867
file,202202,832,input_entries,352983
file,202202,832,after_match_status,352983
file,202202,832,after_pincness,352983
file,202202,832,after_fitstat,352983
file,202202,832,after_theta,352983
file,202202,832,after_dcedge,251966
file,202202,832,after_finite,251966
file,202202,832,after_cell_selection,222264
file,202202,833,input_entries,242400
file,202202,833,after_match_status,242400
file,202202,833,after_pincness,242400
file,202202,833,after_fitstat,242400
file,202202,833,after_theta,242400
file,202202,833,after_dcedge,172578
file,202202,833,after_finite,172578
file,202202,833,after_cell_selection,158142
file,202202,834,input_entries,114439
file,202202,834,after_match_status,114439
file,202202,834,after_pincness,114439
file,202202,834,after_fitstat,114439
file,202202,834,after_theta,114439
file,202202,834,after_dcedge,80880
file,202202,834,after_finite,80880
file,202202,834,after_cell_selection,77727
file,202202,835,input_entries,88758
file,202202,835,after_match_status,88758
file,202202,835,after_pincness,88758
file,202202,835,after_fitstat,88758
file,202202,835,after_theta,88758
file,202202,835,after_dcedge,62851
file,202202,835,after_finite,62851
file,202202,835,after_cell_selection,60453
file,202202,836,input_entries,128352
file,202202,836,after_match_status,128352
file,202202,836,after_pincness,128352
file,202202,836,after_fitstat,128352
file,202202,836,after_theta,128352
file,202202,836,after_dcedge,90863
file,202202,836,after_finite,90863
file,202202,836,after_cell_selection,86879
file,202202,837,input_entries,254231
file,202202,837,after_match_status,254231
file,202202,837,after_pincness,254231
file,202202,837,after_fitstat,254231
file,202202,837,after_theta,254231
file,202202,837,after_dcedge,179708
file,202202,837,after_finite,179708
file,202202,837,after_cell_selection,164016
file,202202,838,input_entries,281134
file,202202,838,after_match_status,281134
file,202202,838,after_pincness,281134
file,202202,838,after_fitstat,281134
file,202202,838,after_theta,281134
file,202202,838,after_dcedge,199603
file,202202,838,after_finite,199603
file,202202,838,after_cell_selection,180647
file,202202,839,input_entries,157231
file,202202,839,after_match_status,157231
file,202202,839,after_pincness,157231
file,202202,839,after_fitstat,157231
file,202202,839,after_theta,157231
file,202202,839,after_dcedge,111317
file,202202,839,after_finite,111317
file,202202,839,after_cell_selection,105556
file,202202,840,input_entries,79476
file,202202,840,after_match_status,79476
file,202202,840,after_pincness,79476
file,202202,840,after_fitstat,79476
file,202202,840,after_theta,79476
file,202202,840,after_dcedge,56168
file,202202,840,after_finite,56168
file,202202,840,after_cell_selection,53887
file,202202,841,input_entries,41467
file,202202,841,after_match_status,41467
file,202202,841,after_pincness,41467
file,202202,841,after_fitstat,41467
file,202202,841,after_theta,41467
file,202202,841,after_dcedge,29615
file,202202,841,after_finite,29615
file,202202,841,after_cell_selection,28013
file,202202,842,input_entries,26806
file,202202,842,after_match_status,26806
file,202202,842,after_pincness,26806
file,202202,842,after_fitstat,26806
file,202202,842,after_theta,26806
file,202202,842,after_dcedge,19214
file,202202,842,after_finite,19214
file,202202,842,after_cell_selection,17920
file,202202,843,input_entries,24950
file,202202,843,after_match_status,24950
file,202202,843,after_pincness,24950
file,202202,843,after_fitstat,24950
file,202202,843,after_theta,24950
file,202202,843,after_dcedge,17661
file,202202,843,after_finite,17661
file,202202,843,after_cell_selection,16436
file,202202,844,input_entries,25780
file,202202,844,after_match_status,25780
file,202202,844,after_pincness,25780
file,202202,844,after_fitstat,25780
file,202202,844,after_theta,25780
file,202202,844,after_dcedge,18371
file,202202,844,after_finite,18371
file,202202,844,after_cell_selection,17158
file,202202,845,input_entries,25687
file,202202,845,after_match_status,25687
file,202202,845,after_pincness,25687
file,202202,845,after_fitstat,25687
file,202202,845,after_theta,25687
file,202202,845,after_dcedge,18289
file,202202,845,after_finite,18289
file,202202,845,after_cell_selection,17112
file,202202,846,input_entries,14073
file,202202,846,after_match_status,14073
file,202202,846,after_pincness,14073
file,202202,846,after_fitstat,14073
file,202202,846,after_theta,14073
file,202202,846,after_dcedge,10002
file,202202,846,after_finite,10002
file,202202,846,after_cell_selection,9354
file,202202,847,input_entries,20539
file,202202,847,after_match_status,20539
file,202202,847,after_pincness,20539
file,202202,847,after_fitstat,20539
file,202202,847,after_theta,20539
file,202202,847,after_dcedge,14613
file,202202,847,after_finite,14613
file,202202,847,after_cell_selection,13648
file,202202,848,input_entries,26230
file,202202,848,after_match_status,26230
file,202202,848,after_pincness,26230
file,202202,848,after_fitstat,26230
file,202202,848,after_theta,26230
file,202202,848,after_dcedge,18648
file,202202,848,after_finite,18648
file,202202,848,after_cell_selection,17407
file,202202,849,input_entries,26129
file,202202,849,after_match_status,26129
file,202202,849,after_pincness,26129
file,202202,849,after_fitstat,26129
file,202202,849,after_theta,26129
file,202202,849,after_dcedge,18593
file,202202,849,after_finite,18593
file,202202,849,after_cell_selection,17344
file,202202,850,input_entries,27766
file,202202,850,after_match_status,27766
file,202202,850,after_pincness,27766
file,202202,850,after_fitstat,27766
file,202202,850,after_theta,27766
file,202202,850,after_dcedge,19892
file,202202,850,after_finite,19892
file,202202,850,after_cell_selection,18566
file,202202,851,input_entries,42709
file,202202,851,after_match_status,42709
file,202202,851,after_pincness,42709
file,202202,851,after_fitstat,42709
file,202202,851,after_theta,42709
file,202202,851,after_dcedge,30202
file,202202,851,after_finite,30202
file,202202,851,after_cell_selection,28662
file,202202,852,input_entries,91312
file,202202,852,after_match_status,91312
file,202202,852,after_pincness,91312
file,202202,852,after_fitstat,91312
file,202202,852,after_theta,91312
file,202202,852,after_dcedge,64532
file,202202,852,after_finite,64532
file,202202,852,after_cell_selection,61984
file,202202,853,input_entries,208900
file,202202,853,after_match_status,208900
file,202202,853,after_pincness,208900
file,202202,853,after_fitstat,208900
file,202202,853,after_theta,208900
file,202202,853,after_dcedge,148483
file,202202,853,after_finite,148483
file,202202,853,after_cell_selection,137740
file,202202,854,input_entries,359580
file,202202,854,after_match_status,359580
file,202202,854,after_pincness,359580
file,202202,854,after_fitstat,359580
file,202202,854,after_theta,359580
file,202202,854,after_dcedge,256172
file,202202,854,after_finite,256172
file,202202,854,after_cell_selection,226255
file,202202,855,input_entries,227998
file,202202,855,after_match_status,227998
file,202202,855,after_pincness,227998
file,202202,855,after_fitstat,227998
file,202202,855,after_theta,227998
file,202202,855,after_dcedge,162420
file,202202,855,after_finite,162420
file,202202,855,after_cell_selection,149926
file,202202,856,input_entries,112585
file,202202,856,after_match_status,112585
file,202202,856,after_pincness,112585
file,202202,856,after_fitstat,112585
file,202202,856,after_theta,112585
file,202202,856,after_dcedge,79623
file,202202,856,after_finite,79623
file,202202,856,after_cell_selection,76574
file,202202,857,input_entries,90320
file,202202,857,after_match_status,90320
file,202202,857,after_pincness,90320
file,202202,857,after_fitstat,90320
file,202202,857,after_theta,90320
file,202202,857,after_dcedge,64080
file,202202,857,after_finite,64080
file,202202,857,after_cell_selection,61684
file,202202,858,input_entries,134120
file,202202,858,after_match_status,134120
file,202202,858,after_pincness,134120
file,202202,858,after_fitstat,134120
file,202202,858,after_theta,134120
file,202202,858,after_dcedge,94638
file,202202,858,after_finite,94638
file,202202,858,after_cell_selection,90296
file,202202,859,input_entries,261842
file,202202,859,after_match_status,261842
file,202202,859,after_pincness,261842
file,202202,859,after_fitstat,261842
file,202202,859,after_theta,261842
file,202202,859,after_dcedge,185147
file,202202,859,after_finite,185147
file,202202,859,after_cell_selection,168734
file,202202,860,input_entries,271427
file,202202,860,after_match_status,271427
file,202202,860,after_pincness,271427
file,202202,860,after_fitstat,271427
file,202202,860,after_theta,271427
file,202202,860,after_dcedge,192278
file,202202,860,after_finite,192278
file,202202,860,after_cell_selection,174716
file,202202,861,input_entries,145158
file,202202,861,after_match_status,145158
file,202202,861,after_pincness,145158
file,202202,861,after_fitstat,145158
file,202202,861,after_theta,145158
file,202202,861,after_dcedge,102805
file,202202,861,after_finite,102805
file,202202,861,after_cell_selection,97917
file,202202,862,input_entries,75623
file,202202,862,after_match_status,75623
file,202202,862,after_pincness,75623
file,202202,862,after_fitstat,75623
file,202202,862,after_theta,75623
file,202202,862,after_dcedge,53284
file,202202,862,after_finite,53284
file,202202,862,after_cell_selection,51138
file,202202,863,input_entries,41217
file,202202,863,after_match_status,41217
file,202202,863,after_pincness,41217
file,202202,863,after_fitstat,41217
file,202202,863,after_theta,41217
file,202202,863,after_dcedge,29362
file,202202,863,after_finite,29362
file,202202,863,after_cell_selection,27847
file,202202,864,input_entries,27251
file,202202,864,after_match_status,27251
file,202202,864,after_pincness,27251
file,202202,864,after_fitstat,27251
file,202202,864,after_theta,27251
file,202202,864,after_dcedge,19534
file,202202,864,after_finite,19534
file,202202,864,after_cell_selection,18282
file,202202,865,input_entries,25895
file,202202,865,after_match_status,25895
file,202202,865,after_pincness,25895
file,202202,865,after_fitstat,25895
file,202202,865,after_theta,25895
file,202202,865,after_dcedge,18445
file,202202,865,after_finite,18445
file,202202,865,after_cell_selection,17206
file,202202,866,input_entries,25944
file,202202,866,after_match_status,25944
file,202202,866,after_pincness,25944
file,202202,866,after_fitstat,25944
file,202202,866,after_theta,25944
file,202202,866,after_dcedge,18340
file,202202,866,after_finite,18340
file,202202,866,after_cell_selection,17146
file,202202,867,input_entries,25514
file,202202,867,after_match_status,25514
file,202202,867,after_pincness,25514
file,202202,867,after_fitstat,25514
file,202202,867,after_theta,25514
file,202202,867,after_dcedge,18034
file,202202,867,after_finite,18034
file,202202,867,after_cell_selection,16893
file,202202,868,input_entries,12543
file,202202,868,after_match_status,12543
file,202202,868,after_pincness,12543
file,202202,868,after_fitstat,12543
file,202202,868,after_theta,12543
file,202202,868,after_dcedge,8995
file,202202,868,after_finite,8995
file,202202,868,after_cell_selection,8407
file,202202,869,input_entries,22244
file,202202,869,after_match_status,22244
file,202202,869,after_pincness,22244
file,202202,869,after_fitstat,22244
file,202202,869,after_theta,22244
file,202202,869,after_dcedge,15866
file,202202,869,after_finite,15866
file,202202,869,after_cell_selection,14788
file,202202,870,input_entries,27290
file,202202,870,after_match_status,27290
file,202202,870,after_pincness,27290
file,202202,870,after_fitstat,27290
file,202202,870,after_theta,27290
file,202202,870,after_dcedge,19409
file,202202,870,after_finite,19409
file,202202,870,after_cell_selection,18179
file,202202,871,input_entries,26631
file,202202,871,after_match_status,26631
file,202202,871,after_pincness,26631
file,202202,871,after_fitstat,26631
file,202202,871,after_theta,26631
file,202202,871,after_dcedge,18775
file,202202,871,after_finite,18775
file,202202,871,after_cell_selection,17549
file,202202,872,input_entries,28057
file,202202,872,after_match_status,28057
file,202202,872,after_pincness,28057
file,202202,872,after_fitstat,28057
file,202202,872,after_theta,28057
file,202202,872,after_dcedge,20144
file,202202,872,after_finite,20144
file,202202,872,after_cell_selection,18774
file,202202,873,input_entries,45032
file,202202,873,after_match_status,45032
file,202202,873,after_pincness,45032
file,202202,873,after_fitstat,45032
file,202202,873,after_theta,45032
file,202202,873,after_dcedge,31830
file,202202,873,after_finite,31830
file,202202,873,after_cell_selection,30168
file,202202,874,input_entries,94515
file,202202,874,after_match_status,94515
file,202202,874,after_pincness,94515
file,202202,874,after_fitstat,94515
file,202202,874,after_theta,94515
file,202202,874,after_dcedge,66747
file,202202,874,after_finite,66747
file,202202,874,after_cell_selection,63888
file,202202,875,input_entries,217568
file,202202,875,after_match_status,217568
file,202202,875,after_pincness,217568
file,202202,875,after_fitstat,217568
file,202202,875,after_theta,217568
file,202202,875,after_dcedge,154428
file,202202,875,after_finite,154428
file,202202,875,after_cell_selection,142630
file,202202,876,input_entries,362289
file,202202,876,after_match_status,362289
file,202202,876,after_pincness,362289
file,202202,876,after_fitstat,362289
file,202202,876,after_theta,362289
file,202202,876,after_dcedge,258158
file,202202,876,after_finite,258158
file,202202,876,after_cell_selection,228071
file,202202,877,input_entries,217828
file,202202,877,after_match_status,217828
file,202202,877,after_pincness,217828
file,202202,877,after_fitstat,217828
file,202202,877,after_theta,217828
file,202202,877,after_dcedge,154759
file,202202,877,after_finite,154759
file,202202,877,after_cell_selection,143298
file,202202,878,input_entries,106548
file,202202,878,after_match_status,106548
file,202202,878,after_pincness,106548
file,202202,878,after_fitstat,106548
file,202202,878,after_theta,106548
file,202202,878,after_dcedge,75552
file,202202,878,after_finite,75552
file,202202,878,after_cell_selection,72758
file,202202,879,input_entries,92583
file,202202,879,after_match_status,92583
file,202202,879,after_pincness,92583
file,202202,879,after_fitstat,92583
file,202202,879,after_theta,92583
file,202202,879,after_dcedge,65442
file,202202,879,after_finite,65442
file,202202,879,after_cell_selection,62946
file,202202,880,input_entries,135882
file,202202,880,after_match_status,135882
file,202202,880,after_pincness,135882
file,202202,880,after_fitstat,135882
file,202202,880,after_theta,135882
file,202202,880,after_dcedge,95929
file,202202,880,after_finite,95929
file,202202,880,after_cell_selection,91523
file,202202,881,input_entries,276158
file,202202,881,after_match_status,276158
file,202202,881,after_pincness,276158
file,202202,881,after_fitstat,276158
file,202202,881,after_theta,276158
file,202202,881,after_dcedge,195349
file,202202,881,after_finite,195349
file,202202,881,after_cell_selection,177414
file,202202,882,input_entries,266906
file,202202,882,after_match_status,266906
file,202202,882,after_pincness,266906
file,202202,882,after_fitstat,266906
file,202202,882,after_theta,266906
file,202202,882,after_dcedge,188559
file,202202,882,after_finite,188559
file,202202,882,after_cell_selection,171686
file,202202,883,input_entries,141760
file,202202,883,after_match_status,141760
file,202202,883,after_pincness,141760
file,202202,883,after_fitstat,141760
file,202202,883,after_theta,141760
file,202202,883,after_dcedge,99978
file,202202,883,after_finite,99978
file,202202,883,after_cell_selection,95492
file,202202,884,input_entries,72161
file,202202,884,after_match_status,72161
file,202202,884,after_pincness,72161
file,202202,884,after_fitstat,72161
file,202202,884,after_theta,72161
file,202202,884,after_dcedge,51037
file,202202,884,after_finite,51037
file,202202,884,after_cell_selection,48970
file,202202,885,input_entries,38617
file,202202,885,after_match_status,38617
file,202202,885,after_pincness,38617
file,202202,885,after_fitstat,38617
file,202202,885,after_theta,38617
file,202202,885,after_dcedge,27445
file,202202,885,after_finite,27445
file,202202,885,after_cell_selection,26015
file,202202,886,input_entries,26417
file,202202,886,after_match_status,26417
file,202202,886,after_pincness,26417
file,202202,886,after_fitstat,26417
file,202202,886,after_theta,26417
file,202202,886,after_dcedge,18779
file,202202,886,after_finite,18779
file,202202,886,after_cell_selection,17476
file,202202,887,input_entries,25269
file,202202,887,after_match_status,25269
file,202202,887,after_pincness,25269
file,202202,887,after_fitstat,25269
file,202202,887,after_theta,25269
file,202202,887,after_dcedge,17964
file,202202,887,after_finite,17964
file,202202,887,after_cell_selection,16748
file,202202,888,input_entries,25745
file,202202,888,after_match_status,25745
file,202202,888,after_pincness,25745
file,202202,888,after_fitstat,25745
file,202202,888,after_theta,25745
file,202202,888,after_dcedge,18348
file,202202,888,after_finite,18348
file,202202,888,after_cell_selection,17148
file,202202,889,input_entries,25516
file,202202,889,after_match_status,25516
file,202202,889,after_pincness,25516
file,202202,889,after_fitstat,25516
file,202202,889,after_theta,25516
file,202202,889,after_dcedge,18102
file,202202,889,after_finite,18102
file,202202,889,after_cell_selection,16995
file,202202,890,input_entries,10786
file,202202,890,after_match_status,10786
file,202202,890,after_pincness,10786
file,202202,890,after_fitstat,10786
file,202202,890,after_theta,10786
file,202202,890,after_dcedge,7641
file,202202,890,after_finite,7641
file,202202,890,after_cell_selection,7159
file,202202,891,input_entries,23495
file,202202,891,after_match_status,23495
file,202202,891,after_pincness,23495
file,202202,891,after_fitstat,23495
file,202202,891,after_theta,23495
file,202202,891,after_dcedge,16691
file,202202,891,after_finite,16691
file,202202,891,after_cell_selection,15629
file,202202,892,input_entries,26926
file,202202,892,after_match_status,26926
file,202202,892,after_pincness,26926
file,202202,892,after_fitstat,26926
file,202202,892,after_theta,26926
file,202202,892,after_dcedge,19030
file,202202,892,after_finite,19030
file,202202,892,after_cell_selection,17834
file,202202,893,input_entries,27196
file,202202,893,after_match_status,27196
file,202202,893,after_pincness,27196
file,202202,893,after_fitstat,27196
file,202202,893,after_theta,27196
file,202202,893,after_dcedge,19280
file,202202,893,after_finite,19280
file,202202,893,after_cell_selection,18021
file,202202,894,input_entries,29215
file,202202,894,after_match_status,29215
file,202202,894,after_pincness,29215
file,202202,894,after_fitstat,29215
file,202202,894,after_theta,29215
file,202202,894,after_dcedge,20722
file,202202,894,after_finite,20722
file,202202,894,after_cell_selection,19351
file,202202,895,input_entries,47905
file,202202,895,after_match_status,47905
file,202202,895,after_pincness,47905
file,202202,895,after_fitstat,47905
file,202202,895,after_theta,47905
file,202202,895,after_dcedge,33970
file,202202,895,after_finite,33970
file,202202,895,after_cell_selection,32261
file,202202,896,input_entries,101581
file,202202,896,after_match_status,101581
file,202202,896,after_pincness,101581
file,202202,896,after_fitstat,101581
file,202202,896,after_theta,101581
file,202202,896,after_dcedge,71425
file,202202,896,after_finite,71425
file,202202,896,after_cell_selection,68519
file,202202,897,input_entries,232980
file,202202,897,after_match_status,232980
file,202202,897,after_pincness,232980
file,202202,897,after_fitstat,232980
file,202202,897,after_theta,232980
file,202202,897,after_dcedge,165380
file,202202,897,after_finite,165380
file,202202,897,after_cell_selection,152118
file,202202,898,input_entries,350482
file,202202,898,after_match_status,350482
file,202202,898,after_pincness,350482
file,202202,898,after_fitstat,350482
file,202202,898,after_theta,350482
file,202202,898,after_dcedge,249402
file,202202,898,after_finite,249402
file,202202,898,after_cell_selection,220559
file,202202,899,input_entries,205320
file,202202,899,after_match_status,205320
file,202202,899,after_pincness,205320
file,202202,899,after_fitstat,205320
file,202202,899,after_theta,205320
file,202202,899,after_dcedge,145645
file,202202,899,after_finite,145645
file,202202,899,after_cell_selection,135488
file,202202,900,input_entries,105553
file,202202,900,after_match_status,105553
file,202202,900,after_pincness,105553
file,202202,900,after_fitstat,105553
file,202202,900,after_theta,105553
file,202202,900,after_dcedge,74442
file,202202,900,after_finite,74442
file,202202,900,after_cell_selection,71706
file,202202,901,input_entries,88790
file,202202,901,after_match_status,88790
file,202202,901,after_pincness,88790
file,202202,901,after_fitstat,88790
file,202202,901,after_theta,88790
file,202202,901,after_dcedge,62769
file,202202,901,after_finite,62769
file,202202,901,after_cell_selection,60313
file,202202,902,input_entries,147360
file,202202,902,after_match_status,147360
file,202202,902,after_pincness,147360
file,202202,902,after_fitstat,147360
file,202202,902,after_theta,147360
file,202202,902,after_dcedge,104089
file,202202,902,after_finite,104089
file,202202,902,after_cell_selection,99161
file,202202,903,input_entries,284383
file,202202,903,after_match_status,284383
file,202202,903,after_pincness,284383
file,202202,903,after_fitstat,284383
file,202202,903,after_theta,284383
file,202202,903,after_dcedge,200846
file,202202,903,after_finite,200846
file,202202,903,after_cell_selection,182185
file,202202,904,input_entries,253615
file,202202,904,after_match_status,253615
file,202202,904,after_pincness,253615
file,202202,904,after_fitstat,253615
file,202202,904,after_theta,253615
file,202202,904,after_dcedge,179334
file,202202,904,after_finite,179334
file,202202,904,after_cell_selection,164006
file,202202,905,input_entries,139610
file,202202,905,after_match_status,139610
file,202202,905,after_pincness,139610
file,202202,905,after_fitstat,139610
file,202202,905,after_theta,139610
file,202202,905,after_dcedge,98537
file,202202,905,after_finite,98537
file,202202,905,after_cell_selection,94178
file,202202,906,input_entries,71486
file,202202,906,after_match_status,71486
file,202202,906,after_pincness,71486
file,202202,906,after_fitstat,71486
file,202202,906,after_theta,71486
file,202202,906,after_dcedge,50388
file,202202,906,after_finite,50388
file,202202,906,after_cell_selection,48382
file,202202,907,input_entries,37456
file,202202,907,after_match_status,37456
file,202202,907,after_pincness,37456
file,202202,907,after_fitstat,37456
file,202202,907,after_theta,37456
file,202202,907,after_dcedge,26863
file,202202,907,after_finite,26863
file,202202,907,after_cell_selection,25383
file,202202,908,input_entries,26464
file,202202,908,after_match_status,26464
file,202202,908,after_pincness,26464
file,202202,908,after_fitstat,26464
file,202202,908,after_theta,26464
file,202202,908,after_dcedge,18887
file,202202,908,after_finite,18887
file,202202,908,after_cell_selection,17628
file,202202,909,input_entries,25461
file,202202,909,after_match_status,25461
file,202202,909,after_pincness,25461
file,202202,909,after_fitstat,25461
file,202202,909,after_theta,25461
file,202202,909,after_dcedge,18026
file,202202,909,after_finite,18026
file,202202,909,after_cell_selection,16832
file,202202,910,input_entries,25365
file,202202,910,after_match_status,25365
file,202202,910,after_pincness,25365
file,202202,910,after_fitstat,25365
file,202202,910,after_theta,25365
file,202202,910,after_dcedge,17974
file,202202,910,after_finite,17974
file,202202,910,after_cell_selection,16784
file,202202,911,input_entries,25800
file,202202,911,after_match_status,25800
file,202202,911,after_pincness,25800
file,202202,911,after_fitstat,25800
file,202202,911,after_theta,25800
file,202202,911,after_dcedge,18318
file,202202,911,after_finite,18318
file,202202,911,after_cell_selection,17146
file,202202,912,input_entries,9518
file,202202,912,after_match_status,9518
file,202202,912,after_pincness,9518
file,202202,912,after_fitstat,9518
file,202202,912,after_theta,9518
file,202202,912,after_dcedge,6796
file,202202,912,after_finite,6796
file,202202,912,after_cell_selection,6343
file,202202,913,input_entries,25543
file,202202,913,after_match_status,25543
file,202202,913,after_pincness,25543
file,202202,913,after_fitstat,25543
file,202202,913,after_theta,25543
file,202202,913,after_dcedge,18257
file,202202,913,after_finite,18257
file,202202,913,after_cell_selection,17012
file,202202,914,input_entries,26863
file,202202,914,after_match_status,26863
file,202202,914,after_pincness,26863
file,202202,914,after_fitstat,26863
file,202202,914,after_theta,26863
file,202202,914,after_dcedge,19191
file,202202,914,after_finite,19191
file,202202,914,after_cell_selection,17928
file,202202,915,input_entries,27215
file,202202,915,after_match_status,27215
file,202202,915,after_pincness,27215
file,202202,915,after_fitstat,27215
file,202202,915,after_theta,27215
file,202202,915,after_dcedge,19230
file,202202,915,after_finite,19230
file,202202,915,after_cell_selection,17969
file,202202,916,input_entries,28645
file,202202,916,after_match_status,28645
file,202202,916,after_pincness,28645
file,202202,916,after_fitstat,28645
file,202202,916,after_theta,28645
file,202202,916,after_dcedge,20255
file,202202,916,after_finite,20255
file,202202,916,after_cell_selection,19012
file,202202,917,input_entries,48897
file,202202,917,after_match_status,48897
file,202202,917,after_pincness,48897
file,202202,917,after_fitstat,48897
file,202202,917,after_theta,48897
file,202202,917,after_dcedge,34559
file,202202,917,after_finite,34559
file,202202,917,after_cell_selection,32834
file,202202,918,input_entries,101819
file,202202,918,after_match_status,101819
file,202202,918,after_pincness,101819
file,202202,918,after_fitstat,101819
file,202202,918,after_theta,101819
file,202202,918,after_dcedge,71769
file,202202,918,after_finite,71769
file,202202,918,after_cell_selection,68743
file,202202,919,input_entries,337313
file,202202,919,after_match_status,337313
file,202202,919,after_pincness,337313
file,202202,919,after_fitstat,337313
file,202202,919,after_theta,337313
file,202202,919,after_dcedge,239891
file,202202,919,after_finite,239891
file,202202,919,after_cell_selection,212582
file,202202,920,input_entries,194408
file,202202,920,after_match_status,194408
file,202202,920,after_pincness,194408
file,202202,920,after_fitstat,194408
file,202202,920,after_theta,194408
file,202202,920,after_dcedge,138343
file,202202,920,after_finite,138343
file,202202,920,after_cell_selection,129177
file,202202,921,input_entries,88756
file,202202,921,after_match_status,88756
file,202202,921,after_pincness,88756
file,202202,921,after_fitstat,88756
file,202202,921,after_theta,88756
file,202202,921,after_dcedge,63158
file,202202,921,after_finite,63158
file,202202,921,after_cell_selection,60776
file,202202,922,input_entries,152367
file,202202,922,after_match_status,152367
file,202202,922,after_pincness,152367
file,202202,922,after_fitstat,152367
file,202202,922,after_theta,152367
file,202202,922,after_dcedge,107878
file,202202,922,after_finite,107878
file,202202,922,after_cell_selection,102608
file,202202,923,input_entries,284019
file,202202,923,after_match_status,284019
file,202202,923,after_pincness,284019
file,202202,923,after_fitstat,284019
file,202202,923,after_theta,284019
file,202202,923,after_dcedge,200760
file,202202,923,after_finite,200760
file,202202,923,after_cell_selection,181585
file,202202,924,input_entries,248923
file,202202,924,after_match_status,248923
file,202202,924,after_pincness,248923
file,202202,924,after_fitstat,248923
file,202202,924,after_theta,248923
file,202202,924,after_dcedge,176144
file,202202,924,after_finite,176144
file,202202,924,after_cell_selection,161534
file,202202,925,input_entries,132373
file,202202,925,after_match_status,132373
file,202202,925,after_pincness,132373
file,202202,925,after_fitstat,132373
file,202202,925,after_theta,132373
file,202202,925,after_dcedge,93920
file,202202,925,after_finite,93920
file,202202,925,after_cell_selection,89863
file,202202,926,input_entries,64513
file,202202,926,after_match_status,64513
file,202202,926,after_pincness,64513
file,202202,926,after_fitstat,64513
file,202202,926,after_theta,64513
file,202202,926,after_dcedge,45682
file,202202,926,after_finite,45682
file,202202,926,after_cell_selection,43836
file,202202,927,input_entries,35552
file,202202,927,after_match_status,35552
file,202202,927,after_pincness,35552
file,202202,927,after_fitstat,35552
file,202202,927,after_theta,35552
file,202202,927,after_dcedge,25332
file,202202,927,after_finite,25332
file,202202,927,after_cell_selection,23906
file,202202,928,input_entries,26115
file,202202,928,after_match_status,26115
file,202202,928,after_pincness,26115
file,202202,928,after_fitstat,26115
file,202202,928,after_theta,26115
file,202202,928,after_dcedge,18471
file,202202,928,after_finite,18471
file,202202,928,after_cell_selection,17269
file,202202,929,input_entries,25026
file,202202,929,after_match_status,25026
file,202202,929,after_pincness,25026
file,202202,929,after_fitstat,25026
file,202202,929,after_theta,25026
file,202202,929,after_dcedge,17784
file,202202,929,after_finite,17784
file,202202,929,after_cell_selection,16582
file,202202,930,input_entries,25264
file,202202,930,after_match_status,25264
file,202202,930,after_pincness,25264
file,202202,930,after_fitstat,25264
file,202202,930,after_theta,25264
file,202202,930,after_dcedge,17961
file,202202,930,after_finite,17961
file,202202,930,after_cell_selection,16842
file,202202,931,input_entries,25850
file,202202,931,after_match_status,25850
file,202202,931,after_pincness,25850
file,202202,931,after_fitstat,25850
file,202202,931,after_theta,25850
file,202202,931,after_dcedge,18333
file,202202,931,after_finite,18333
file,202202,931,after_cell_selection,17067
file,202202,932,input_entries,7760
file,202202,932,after_match_status,7760
file,202202,932,after_pincness,7760
file,202202,932,after_fitstat,7760
file,202202,932,after_theta,7760
file,202202,932,after_dcedge,5506
file,202202,932,after_finite,5506
file,202202,932,after_cell_selection,5147
file,202202,933,input_entries,472
file,202202,933,after_match_status,472
file,202202,933,after_pincness,472
file,202202,933,after_fitstat,472
file,202202,933,after_theta,472
file,202202,933,after_dcedge,332
file,202202,933,after_finite,332
file,202202,933,after_cell_selection,318
file,202202,934,input_entries,25834
file,202202,934,after_match_status,25834
file,202202,934,after_pincness,25834
file,202202,934,after_fitstat,25834
file,202202,934,after_theta,25834
file,202202,934,after_dcedge,18407
file,202202,934,after_finite,18407
file,202202,934,after_cell_selection,17246
file,202202,935,input_entries,25679
file,202202,935,after_match_status,25679
file,202202,935,after_pincness,25679
file,202202,935,after_fitstat,25679
file,202202,935,after_theta,25679
file,202202,935,after_dcedge,18197
file,202202,935,after_finite,18197
file,202202,935,after_cell_selection,17049
file,202202,936,input_entries,26223
file,202202,936,after_match_status,26223
file,202202,936,after_pincness,26223
file,202202,936,after_fitstat,26223
file,202202,936,after_theta,26223
file,202202,936,after_dcedge,18595
file,202202,936,after_finite,18595
file,202202,936,after_cell_selection,17432
file,202202,937,input_entries,29272
file,202202,937,after_match_status,29272
file,202202,937,after_pincness,29272
file,202202,937,after_fitstat,29272
file,202202,937,after_theta,29272
file,202202,937,after_dcedge,20815
file,202202,937,after_finite,20815
file,202202,937,after_cell_selection,19411
file,202202,938,input_entries,49377
file,202202,938,after_match_status,49377
file,202202,938,after_pincness,49377
file,202202,938,after_fitstat,49377
file,202202,938,after_theta,49377
file,202202,938,after_dcedge,35007
file,202202,938,after_finite,35007
file,202202,938,after_cell_selection,33361
file,202202,939,input_entries,112135
file,202202,939,after_match_status,112135
file,202202,939,after_pincness,112135
file,202202,939,after_fitstat,112135
file,202202,939,after_theta,112135
file,202202,939,after_dcedge,78916
file,202202,939,after_finite,78916
file,202202,939,after_cell_selection,75618
file,202202,940,input_entries,249499
file,202202,940,after_match_status,249499
file,202202,940,after_pincness,249499
file,202202,940,after_fitstat,249499
file,202202,940,after_theta,249499
file,202202,940,after_dcedge,176954
file,202202,940,after_finite,176954
file,202202,940,after_cell_selection,161617
file,202202,941,input_entries,341049
file,202202,941,after_match_status,341049
file,202202,941,after_pincness,341049
file,202202,941,after_fitstat,341049
file,202202,941,after_theta,341049
file,202202,941,after_dcedge,242403
file,202202,941,after_finite,242403
file,202202,941,after_cell_selection,215218
file,202202,942,input_entries,181179
file,202202,942,after_match_status,181179
file,202202,942,after_pincness,181179
file,202202,942,after_fitstat,181179
file,202202,942,after_theta,181179
file,202202,942,after_dcedge,128575
file,202202,942,after_finite,128575
file,202202,942,after_cell_selection,120939
file,202202,943,input_entries,96609
file,202202,943,after_match_status,96609
file,202202,943,after_pincness,96609
file,202202,943,after_fitstat,96609
file,202202,943,after_theta,96609
file,202202,943,after_dcedge,68508
file,202202,943,after_finite,68508
file,202202,943,after_cell_selection,66002
file,202202,944,input_entries,90247
file,202202,944,after_match_status,90247
file,202202,944,after_pincness,90247
file,202202,944,after_fitstat,90247
file,202202,944,after_theta,90247
file,202202,944,after_dcedge,64034
file,202202,944,after_finite,64034
file,202202,944,after_cell_selection,61672
file,202202,945,input_entries,155767
file,202202,945,after_match_status,155767
file,202202,945,after_pincness,155767
file,202202,945,after_fitstat,155767
file,202202,945,after_theta,155767
file,202202,945,after_dcedge,110806
file,202202,945,after_finite,110806
file,202202,945,after_cell_selection,105034
file,202202,946,input_entries,287141
file,202202,946,after_match_status,287141
file,202202,946,after_pincness,287141
file,202202,946,after_fitstat,287141
file,202202,946,after_theta,287141
file,202202,946,after_dcedge,203781
file,202202,946,after_finite,203781
file,202202,946,after_cell_selection,184021
file,202202,947,input_entries,235720
file,202202,947,after_match_status,235720
file,202202,947,after_pincness,235720
file,202202,947,after_fitstat,235720
file,202202,947,after_theta,235720
file,202202,947,after_dcedge,167500
file,202202,947,after_finite,167500
file,202202,947,after_cell_selection,154385
file,202202,948,input_entries,121482
file,202202,948,after_match_status,121482
file,202202,948,after_pincness,121482
file,202202,948,after_fitstat,121482
file,202202,948,after_theta,121482
file,202202,948,after_dcedge,86042
file,202202,948,after_finite,86042
file,202202,948,after_cell_selection,82560
file,202202,949,input_entries,64132
file,202202,949,after_match_status,64132
file,202202,949,after_pincness,64132
file,202202,949,after_fitstat,64132
file,202202,949,after_theta,64132
file,202202,949,after_dcedge,45382
file,202202,949,after_finite,45382
file,202202,949,after_cell_selection,43502
file,202202,950,input_entries,32858
file,202202,950,after_match_status,32858
file,202202,950,after_pincness,32858
file,202202,950,after_fitstat,32858
file,202202,950,after_theta,32858
file,202202,950,after_dcedge,23611
file,202202,950,after_finite,23611
file,202202,950,after_cell_selection,22299
file,202202,951,input_entries,25818
file,202202,951,after_match_status,25818
file,202202,951,after_pincness,25818
file,202202,951,after_fitstat,25818
file,202202,951,after_theta,25818
file,202202,951,after_dcedge,18350
file,202202,951,after_finite,18350
file,202202,951,after_cell_selection,17200
file,202202,952,input_entries,25316
file,202202,952,after_match_status,25316
file,202202,952,after_pincness,25316
file,202202,952,after_fitstat,25316
file,202202,952,after_theta,25316
file,202202,952,after_dcedge,17939
file,202202,952,after_finite,17939
file,202202,952,after_cell_selection,16777
file,202202,953,input_entries,311
file,202202,953,after_match_status,311
file,202202,953,after_pincness,311
file,202202,953,after_fitstat,311
file,202202,953,after_theta,311
file,202202,953,after_dcedge,210
file,202202,953,after_finite,210
file,202202,953,after_cell_selection,196
file,202202,954,input_entries,1304
file,202202,954,after_match_status,1304
file,202202,954,after_pincness,1304
file,202202,954,after_fitstat,1304
file,202202,954,after_theta,1304
file,202202,954,after_dcedge,962
file,202202,954,after_finite,962
file,202202,954,after_cell_selection,902
file,202202,955,input_entries,3096
file,202202,955,after_match_status,3096
file,202202,955,after_pincness,3096
file,202202,955,after_fitstat,3096
file,202202,955,after_theta,3096
file,202202,955,after_dcedge,2170
file,202202,955,after_finite,2170
file,202202,955,after_cell_selection,2031
file,202202,956,input_entries,26100
file,202202,956,after_match_status,26100
file,202202,956,after_pincness,26100
file,202202,956,after_fitstat,26100
file,202202,956,after_theta,26100
file,202202,956,after_dcedge,18641
file,202202,956,after_finite,18641
file,202202,956,after_cell_selection,17436
file,202202,957,input_entries,26443
file,202202,957,after_match_status,26443
file,202202,957,after_pincness,26443
file,202202,957,after_fitstat,26443
file,202202,957,after_theta,26443
file,202202,957,after_dcedge,18757
file,202202,957,after_finite,18757
file,202202,957,after_cell_selection,17530
file,202202,958,input_entries,28716
file,202202,958,after_match_status,28716
file,202202,958,after_pincness,28716
file,202202,958,after_fitstat,28716
file,202202,958,after_theta,28716
file,202202,958,after_dcedge,20434
file,202202,958,after_finite,20434
file,202202,958,after_cell_selection,19168
file,202202,959,input_entries,51003
file,202202,959,after_match_status,51003
file,202202,959,after_pincness,51003
file,202202,959,after_fitstat,51003
file,202202,959,after_theta,51003
file,202202,959,after_dcedge,36022
file,202202,959,after_finite,36022
file,202202,959,after_cell_selection,34309
file,202202,960,input_entries,114751
file,202202,960,after_match_status,114751
file,202202,960,after_pincness,114751
file,202202,960,after_fitstat,114751
file,202202,960,after_theta,114751
file,202202,960,after_dcedge,81142
file,202202,960,after_finite,81142
file,202202,960,after_cell_selection,77740
file,202202,961,input_entries,257067
file,202202,961,after_match_status,257067
file,202202,961,after_pincness,257067
file,202202,961,after_fitstat,257067
file,202202,961,after_theta,257067
file,202202,961,after_dcedge,183363
file,202202,961,after_finite,183363
file,202202,961,after_cell_selection,166613
file,202202,962,input_entries,330672
file,202202,962,after_match_status,330672
file,202202,962,after_pincness,330672
file,202202,962,after_fitstat,330672
file,202202,962,after_theta,330672
file,202202,962,after_dcedge,235752
file,202202,962,after_finite,235752
file,202202,962,after_cell_selection,209795
file,202202,963,input_entries,170105
file,202202,963,after_match_status,170105
file,202202,963,after_pincness,170105
file,202202,963,after_fitstat,170105
file,202202,963,after_theta,170105
file,202202,963,after_dcedge,120585
file,202202,963,after_finite,120585
file,202202,963,after_cell_selection,113944
file,202202,964,input_entries,94247
file,202202,964,after_match_status,94247
file,202202,964,after_pincness,94247
file,202202,964,after_fitstat,94247
file,202202,964,after_theta,94247
file,202202,964,after_dcedge,66566
file,202202,964,after_finite,66566
file,202202,964,after_cell_selection,64176
file,202202,965,input_entries,94044
file,202202,965,after_match_status,94044
file,202202,965,after_pincness,94044
file,202202,965,after_fitstat,94044
file,202202,965,after_theta,94044
file,202202,965,after_dcedge,66789
file,202202,965,after_finite,66789
file,202202,965,after_cell_selection,64188
file,202202,966,input_entries,163905
file,202202,966,after_match_status,163905
file,202202,966,after_pincness,163905
file,202202,966,after_fitstat,163905
file,202202,966,after_theta,163905
file,202202,966,after_dcedge,116072
file,202202,966,after_finite,116072
file,202202,966,after_cell_selection,109606
file,202202,967,input_entries,289237
file,202202,967,after_match_status,289237
file,202202,967,after_pincness,289237
file,202202,967,after_fitstat,289237
file,202202,967,after_theta,289237
file,202202,967,after_dcedge,205451
file,202202,967,after_finite,205451
file,202202,967,after_cell_selection,185658
file,202202,968,input_entries,227004
file,202202,968,after_match_status,227004
file,202202,968,after_pincness,227004
file,202202,968,after_fitstat,227004
file,202202,968,after_theta,227004
file,202202,968,after_dcedge,161011
file,202202,968,after_finite,161011
file,202202,968,after_cell_selection,149098
file,202202,969,input_entries,117470
file,202202,969,after_match_status,117470
file,202202,969,after_pincness,117470
file,202202,969,after_fitstat,117470
file,202202,969,after_theta,117470
file,202202,969,after_dcedge,83184
file,202202,969,after_finite,83184
file,202202,969,after_cell_selection,79815
file,202202,970,input_entries,59509
file,202202,970,after_match_status,59509
file,202202,970,after_pincness,59509
file,202202,970,after_fitstat,59509
file,202202,970,after_theta,59509
file,202202,970,after_dcedge,42053
file,202202,970,after_finite,42053
file,202202,970,after_cell_selection,40252
file,202202,971,input_entries,33689
file,202202,971,after_match_status,33689
file,202202,971,after_pincness,33689
file,202202,971,after_fitstat,33689
file,202202,971,after_theta,33689
file,202202,971,after_dcedge,23994
file,202202,971,after_finite,23994
file,202202,971,after_cell_selection,22604
file,202202,972,input_entries,24993
file,202202,972,after_match_status,24993
file,202202,972,after_pincness,24993
file,202202,972,after_fitstat,24993
file,202202,972,after_theta,24993
file,202202,972,after_dcedge,17895
file,202202,972,after_finite,17895
file,202202,972,after_cell_selection,16761
file,202202,973,input_entries,25069
file,202202,973,after_match_status,25069
file,202202,973,after_pincness,25069
file,202202,973,after_fitstat,25069
file,202202,973,after_theta,25069
file,202202,973,after_dcedge,17734
file,202202,973,after_finite,17734
file,202202,973,after_cell_selection,16558
file,202202,974,input_entries,25013
file,202202,974,after_match_status,25013
file,202202,974,after_pincness,25013
file,202202,974,after_fitstat,25013
file,202202,974,after_theta,25013
file,202202,974,after_dcedge,17765
file,202202,974,after_finite,17765
file,202202,974,after_cell_selection,16604
file,202202,975,input_entries,25052
file,202202,975,after_match_status,25052
file,202202,975,after_pincness,25052
file,202202,975,after_fitstat,25052
file,202202,975,after_theta,25052
file,202202,975,after_dcedge,17881
file,202202,975,after_finite,17881
file,202202,975,after_cell_selection,16763
file,202202,976,input_entries,3973
file,202202,976,after_match_status,3973
file,202202,976,after_pincness,3973
file,202202,976,after_fitstat,3973
file,202202,976,after_theta,3973
file,202202,976,after_dcedge,2839
file,202202,976,after_finite,2839
file,202202,976,after_cell_selection,2663
file,202202,977,input_entries,5420
file,202202,977,after_match_status,5420
file,202202,977,after_pincness,5420
file,202202,977,after_fitstat,5420
file,202202,977,after_theta,5420
file,202202,977,after_dcedge,4156
file,202202,977,after_finite,4156
file,202202,977,after_cell_selection,2848
file,202202,978,input_entries,22241
file,202202,978,after_match_status,22241
file,202202,978,after_pincness,22241
file,202202,978,after_fitstat,22241
file,202202,978,after_theta,22241
file,202202,978,after_dcedge,15893
file,202202,978,after_finite,15893
file,202202,978,after_cell_selection,14280
file,202202,979,input_entries,56095
file,202202,979,after_match_status,56095
file,202202,979,after_pincness,56095
file,202202,979,after_fitstat,56095
file,202202,979,after_theta,56095
file,202202,979,after_dcedge,39664
file,202202,979,after_finite,39664
file,202202,979,after_cell_selection,37922
file,202202,980,input_entries,122750
file,202202,980,after_match_status,122750
file,202202,980,after_pincness,122750
file,202202,980,after_fitstat,122750
file,202202,980,after_theta,122750
file,202202,980,after_dcedge,87040
file,202202,980,after_finite,87040
file,202202,980,after_cell_selection,83233
file,202202,981,input_entries,272227
file,202202,981,after_match_status,272227
file,202202,981,after_pincness,272227
file,202202,981,after_fitstat,272227
file,202202,981,after_theta,272227
file,202202,981,after_dcedge,194123
file,202202,981,after_finite,194123
file,202202,981,after_cell_selection,176036
file,202202,982,input_entries,334557
file,202202,982,after_match_status,334557
file,202202,982,after_pincness,334557
file,202202,982,after_fitstat,334557
file,202202,982,after_theta,334557
file,202202,982,after_dcedge,239041
file,202202,982,after_finite,239041
file,202202,982,after_cell_selection,213368
file,202202,983,input_entries,164406
file,202202,983,after_match_status,164406
file,202202,983,after_pincness,164406
file,202202,983,after_fitstat,164406
file,202202,983,after_theta,164406
file,202202,983,after_dcedge,117000
file,202202,983,after_finite,117000
file,202202,983,after_cell_selection,110926
file,202202,984,input_entries,95297
file,202202,984,after_match_status,95297
file,202202,984,after_pincness,95297
file,202202,984,after_fitstat,95297
file,202202,984,after_theta,95297
file,202202,984,after_dcedge,67636
file,202202,984,after_finite,67636
file,202202,984,after_cell_selection,65324
file,202202,985,input_entries,95677
file,202202,985,after_match_status,95677
file,202202,985,after_pincness,95677
file,202202,985,after_fitstat,95677
file,202202,985,after_theta,95677
file,202202,985,after_dcedge,67655
file,202202,985,after_finite,67655
file,202202,985,after_cell_selection,65209
file,202202,986,input_entries,170683
file,202202,986,after_match_status,170683
file,202202,986,after_pincness,170683
file,202202,986,after_fitstat,170683
file,202202,986,after_theta,170683
file,202202,986,after_dcedge,121058
file,202202,986,after_finite,121058
file,202202,986,after_cell_selection,114449
file,202202,987,input_entries,291255
file,202202,987,after_match_status,291255
file,202202,987,after_pincness,291255
file,202202,987,after_fitstat,291255
file,202202,987,after_theta,291255
file,202202,987,after_dcedge,206184
file,202202,987,after_finite,206184
file,202202,987,after_cell_selection,186277
file,202202,988,input_entries,226302
file,202202,988,after_match_status,226302
file,202202,988,after_pincness,226302
file,202202,988,after_fitstat,226302
file,202202,988,after_theta,226302
file,202202,988,after_dcedge,160268
file,202202,988,after_finite,160268
file,202202,988,after_cell_selection,149166
file,202202,989,input_entries,115602
file,202202,989,after_match_status,115602
file,202202,989,after_pincness,115602
file,202202,989,after_fitstat,115602
file,202202,989,after_theta,115602
file,202202,989,after_dcedge,81342
file,202202,989,after_finite,81342
file,202202,989,after_cell_selection,78159
file,202202,990,input_entries,59881
file,202202,990,after_match_status,59881
file,202202,990,after_pincness,59881
file,202202,990,after_fitstat,59881
file,202202,990,after_theta,59881
file,202202,990,after_dcedge,42538
file,202202,990,after_finite,42538
file,202202,990,after_cell_selection,40786
file,202202,991,input_entries,33573
file,202202,991,after_match_status,33573
file,202202,991,after_pincness,33573
file,202202,991,after_fitstat,33573
file,202202,991,after_theta,33573
file,202202,991,after_dcedge,23994
file,202202,991,after_finite,23994
file,202202,991,after_cell_selection,22599
file,202202,992,input_entries,26055
file,202202,992,after_match_status,26055
file,202202,992,after_pincness,26055
file,202202,992,after_fitstat,26055
file,202202,992,after_theta,26055
file,202202,992,after_dcedge,18425
file,202202,992,after_finite,18425
file,202202,992,after_cell_selection,17287
file,202202,993,input_entries,26044
file,202202,993,after_match_status,26044
file,202202,993,after_pincness,26044
file,202202,993,after_fitstat,26044
file,202202,993,after_theta,26044
file,202202,993,after_dcedge,18509
file,202202,993,after_finite,18509
file,202202,993,after_cell_selection,17369
file,202202,994,input_entries,12421
file,202202,994,after_match_status,12421
file,202202,994,after_pincness,12421
file,202202,994,after_fitstat,12421
file,202202,994,after_theta,12421
file,202202,994,after_dcedge,8931
file,202202,994,after_finite,8931
file,202202,994,after_cell_selection,8342
file,202202,995,input_entries,7746
file,202202,995,after_match_status,7746
file,202202,995,after_pincness,7746
file,202202,995,after_fitstat,7746
file,202202,995,after_theta,7746
file,202202,995,after_dcedge,5455
file,202202,995,after_finite,5455
file,202202,995,after_cell_selection,5114
file,202202,996,input_entries,20567
file,202202,996,after_match_status,20567
file,202202,996,after_pincness,20567
file,202202,996,after_fitstat,20567
file,202202,996,after_theta,20567
file,202202,996,after_dcedge,14589
file,202202,996,after_finite,14589
file,202202,996,after_cell_selection,13696
file,202202,997,input_entries,32268
file,202202,997,after_match_status,32268
file,202202,997,after_pincness,32268
file,202202,997,after_fitstat,32268
file,202202,997,after_theta,32268
file,202202,997,after_dcedge,23064
file,202202,997,after_finite,23064
file,202202,997,after_cell_selection,21761
file,202202,998,input_entries,60821
file,202202,998,after_match_status,60821
file,202202,998,after_pincness,60821
file,202202,998,after_fitstat,60821
file,202202,998,after_theta,60821
file,202202,998,after_dcedge,43240
file,202202,998,after_finite,43240
file,202202,998,after_cell_selection,41422
file,202202,999,input_entries,133332
file,202202,999,after_match_status,133332
file,202202,999,after_pincness,133332
file,202202,999,after_fitstat,133332
file,202202,999,after_theta,133332
file,202202,999,after_dcedge,94202
file,202202,999,after_finite,94202
file,202202,999,after_cell_selection,90040
file,202202,1000,input_entries,287455
file,202202,1000,after_match_status,287455
file,202202,1000,after_pincness,287455
file,202202,1000,after_fitstat,287455
file,202202,1000,after_theta,287455
file,202202,1000,after_dcedge,204742
file,202202,1000,after_finite,204742
file,202202,1000,after_cell_selection,185277
file,202202,1001,input_entries,326845
file,202202,1001,after_match_status,326845
file,202202,1001,after_pincness,326845
file,202202,1001,after_fitstat,326845
file,202202,1001,after_theta,326845
file,202202,1001,after_dcedge,233099
file,202202,1001,after_finite,233099
file,202202,1001,after_cell_selection,209162
file,202202,1002,input_entries,161330
file,202202,1002,after_match_status,161330
file,202202,1002,after_pincness,161330
file,202202,1002,after_fitstat,161330
file,202202,1002,after_theta,161330
file,202202,1002,after_dcedge,114727
file,202202,1002,after_finite,114727
file,202202,1002,after_cell_selection,109274
file,202202,1003,input_entries,96879
file,202202,1003,after_match_status,96879
file,202202,1003,after_pincness,96879
file,202202,1003,after_fitstat,96879
file,202202,1003,after_theta,96879
file,202202,1003,after_dcedge,68855
file,202202,1003,after_finite,68855
file,202202,1003,after_cell_selection,66444
file,202202,1004,input_entries,102583
file,202202,1004,after_match_status,102583
file,202202,1004,after_pincness,102583
file,202202,1004,after_fitstat,102583
file,202202,1004,after_theta,102583
file,202202,1004,after_dcedge,72916
file,202202,1004,after_finite,72916
file,202202,1004,after_cell_selection,70255
file,202202,1005,input_entries,183649
file,202202,1005,after_match_status,183649
file,202202,1005,after_pincness,183649
file,202202,1005,after_fitstat,183649
file,202202,1005,after_theta,183649
file,202202,1005,after_dcedge,130133
file,202202,1005,after_finite,130133
file,202202,1005,after_cell_selection,122370
file,202202,1006,input_entries,303937
file,202202,1006,after_match_status,303937
file,202202,1006,after_pincness,303937
file,202202,1006,after_fitstat,303937
file,202202,1006,after_theta,303937
file,202202,1006,after_dcedge,215696
file,202202,1006,after_finite,215696
file,202202,1006,after_cell_selection,195086
file,202202,1007,input_entries,222131
file,202202,1007,after_match_status,222131
file,202202,1007,after_pincness,222131
file,202202,1007,after_fitstat,222131
file,202202,1007,after_theta,222131
file,202202,1007,after_dcedge,157725
file,202202,1007,after_finite,157725
file,202202,1007,after_cell_selection,146824
file,202202,1008,input_entries,110039
file,202202,1008,after_match_status,110039
file,202202,1008,after_pincness,110039
file,202202,1008,after_fitstat,110039
file,202202,1008,after_theta,110039
file,202202,1008,after_dcedge,77807
file,202202,1008,after_finite,77807
file,202202,1008,after_cell_selection,74820
file,202202,1009,input_entries,58363
file,202202,1009,after_match_status,58363
file,202202,1009,after_pincness,58363
file,202202,1009,after_fitstat,58363
file,202202,1009,after_theta,58363
file,202202,1009,after_dcedge,41543
file,202202,1009,after_finite,41543
file,202202,1009,after_cell_selection,39778
file,202202,1010,input_entries,32306
file,202202,1010,after_match_status,32306
file,202202,1010,after_pincness,32306
file,202202,1010,after_fitstat,32306
file,202202,1010,after_theta,32306
file,202202,1010,after_dcedge,23144
file,202202,1010,after_finite,23144
file,202202,1010,after_cell_selection,21806
file,202202,1011,input_entries,25900
file,202202,1011,after_match_status,25900
file,202202,1011,after_pincness,25900
file,202202,1011,after_fitstat,25900
file,202202,1011,after_theta,25900
file,202202,1011,after_dcedge,18438
file,202202,1011,after_finite,18438
file,202202,1011,after_cell_selection,17185
file,202202,1012,input_entries,26372
file,202202,1012,after_match_status,26372
file,202202,1012,after_pincness,26372
file,202202,1012,after_fitstat,26372
file,202202,1012,after_theta,26372
file,202202,1012,after_dcedge,18840
file,202202,1012,after_finite,18840
file,202202,1012,after_cell_selection,17611
file,202202,1013,input_entries,23861
file,202202,1013,after_match_status,23861
file,202202,1013,after_pincness,23861
file,202202,1013,after_fitstat,23861
file,202202,1013,after_theta,23861
file,202202,1013,after_dcedge,16942
file,202202,1013,after_finite,16942
file,202202,1013,after_cell_selection,15902
file,202202,1014,input_entries,9249
file,202202,1014,after_match_status,9249
file,202202,1014,after_pincness,9249
file,202202,1014,after_fitstat,9249
file,202202,1014,after_theta,9249
file,202202,1014,after_dcedge,6558
file,202202,1014,after_finite,6558
file,202202,1014,after_cell_selection,6141
file,202202,1015,input_entries,12868
file,202202,1015,after_match_status,12868
file,202202,1015,after_pincness,12868
file,202202,1015,after_fitstat,12868
file,202202,1015,after_theta,12868
file,202202,1015,after_dcedge,9089
file,202202,1015,after_finite,9089
file,202202,1015,after_cell_selection,8510
file,202202,1016,input_entries,31921
file,202202,1016,after_match_status,31921
file,202202,1016,after_pincness,31921
file,202202,1016,after_fitstat,31921
file,202202,1016,after_theta,31921
file,202202,1016,after_dcedge,22594
file,202202,1016,after_finite,22594
file,202202,1016,after_cell_selection,21234
file,202202,1017,input_entries,63844
file,202202,1017,after_match_status,63844
file,202202,1017,after_pincness,63844
file,202202,1017,after_fitstat,63844
file,202202,1017,after_theta,63844
file,202202,1017,after_dcedge,45092
file,202202,1017,after_finite,45092
file,202202,1017,after_cell_selection,43154
file,202202,1018,input_entries,137080
file,202202,1018,after_match_status,137080
file,202202,1018,after_pincness,137080
file,202202,1018,after_fitstat,137080
file,202202,1018,after_theta,137080
file,202202,1018,after_dcedge,97249
file,202202,1018,after_finite,97249
file,202202,1018,after_cell_selection,92735
file,202202,1019,input_entries,303244
file,202202,1019,after_match_status,303244
file,202202,1019,after_pincness,303244
file,202202,1019,after_fitstat,303244
file,202202,1019,after_theta,303244
file,202202,1019,after_dcedge,215998
file,202202,1019,after_finite,215998
file,202202,1019,after_cell_selection,194466
file,202202,1020,input_entries,317165
file,202202,1020,after_match_status,317165
file,202202,1020,after_pincness,317165
file,202202,1020,after_fitstat,317165
file,202202,1020,after_theta,317165
file,202202,1020,after_dcedge,226005
file,202202,1020,after_finite,226005
file,202202,1020,after_cell_selection,203233
file,202202,1021,input_entries,146925
file,202202,1021,after_match_status,146925
file,202202,1021,after_pincness,146925
file,202202,1021,after_fitstat,146925
file,202202,1021,after_theta,146925
file,202202,1021,after_dcedge,104424
file,202202,1021,after_finite,104424
file,202202,1021,after_cell_selection,99684
file,202202,1022,input_entries,90807
file,202202,1022,after_match_status,90807
file,202202,1022,after_pincness,90807
file,202202,1022,after_fitstat,90807
file,202202,1022,after_theta,90807
file,202202,1022,after_dcedge,64371
file,202202,1022,after_finite,64371
file,202202,1022,after_cell_selection,61950
file,202202,1023,input_entries,104203
file,202202,1023,after_match_status,104203
file,202202,1023,after_pincness,104203
file,202202,1023,after_fitstat,104203
file,202202,1023,after_theta,104203
file,202202,1023,after_dcedge,73749
file,202202,1023,after_finite,73749
file,202202,1023,after_cell_selection,70881
file,202202,1024,input_entries,195632
file,202202,1024,after_match_status,195632
file,202202,1024,after_pincness,195632
file,202202,1024,after_fitstat,195632
file,202202,1024,after_theta,195632
file,202202,1024,after_dcedge,138532
file,202202,1024,after_finite,138532
file,202202,1024,after_cell_selection,129697
file,202202,1025,input_entries,305306
file,202202,1025,after_match_status,305306
file,202202,1025,after_pincness,305306
file,202202,1025,after_fitstat,305306
file,202202,1025,after_theta,305306
file,202202,1025,after_dcedge,216426
file,202202,1025,after_finite,216426
file,202202,1025,after_cell_selection,195339
file,202202,1026,input_entries,208609
file,202202,1026,after_match_status,208609
file,202202,1026,after_pincness,208609
file,202202,1026,after_fitstat,208609
file,202202,1026,after_theta,208609
file,202202,1026,after_dcedge,147683
file,202202,1026,after_finite,147683
file,202202,1026,after_cell_selection,137846
file,202202,1027,input_entries,104113
file,202202,1027,after_match_status,104113
file,202202,1027,after_pincness,104113
file,202202,1027,after_fitstat,104113
file,202202,1027,after_theta,104113
file,202202,1027,after_dcedge,73560
file,202202,1027,after_finite,73560
file,202202,1027,after_cell_selection,70684
file,202202,1028,input_entries,53106
file,202202,1028,after_match_status,53106
file,202202,1028,after_pincness,53106
file,202202,1028,after_fitstat,53106
file,202202,1028,after_theta,53106
file,202202,1028,after_dcedge,37932
file,202202,1028,after_finite,37932
file,202202,1028,after_cell_selection,36227
file,202202,1029,input_entries,31343
file,202202,1029,after_match_status,31343
file,202202,1029,after_pincness,31343
file,202202,1029,after_fitstat,31343
file,202202,1029,after_theta,31343
file,202202,1029,after_dcedge,22422
file,202202,1029,after_finite,22422
file,202202,1029,after_cell_selection,21011
file,202202,1030,input_entries,25592
file,202202,1030,after_match_status,25592
file,202202,1030,after_pincness,25592
file,202202,1030,after_fitstat,25592
file,202202,1030,after_theta,25592
file,202202,1030,after_dcedge,18200
file,202202,1030,after_finite,18200
file,202202,1030,after_cell_selection,16976
file,202202,1031,input_entries,24834
file,202202,1031,after_match_status,24834
file,202202,1031,after_pincness,24834
file,202202,1031,after_fitstat,24834
file,202202,1031,after_theta,24834
file,202202,1031,after_dcedge,17632
file,202202,1031,after_finite,17632
file,202202,1031,after_cell_selection,16566
file,202202,1032,input_entries,25583
file,202202,1032,after_match_status,25583
file,202202,1032,after_pincness,25583
file,202202,1032,after_fitstat,25583
file,202202,1032,after_theta,25583
file,202202,1032,after_dcedge,18152
file,202202,1032,after_finite,18152
file,202202,1032,after_cell_selection,16974
file,202202,1033,input_entries,25258
file,202202,1033,after_match_status,25258
file,202202,1033,after_pincness,25258
file,202202,1033,after_fitstat,25258
file,202202,1033,after_theta,25258
file,202202,1033,after_dcedge,17921
file,202202,1033,after_finite,17921
file,202202,1033,after_cell_selection,16799
file,202202,1034,input_entries,8998
file,202202,1034,after_match_status,8998
file,202202,1034,after_pincness,8998
file,202202,1034,after_fitstat,8998
file,202202,1034,after_theta,8998
file,202202,1034,after_dcedge,6462
file,202202,1034,after_finite,6462
file,202202,1034,after_cell_selection,6042
file,202202,1035,input_entries,25884
file,202202,1035,after_match_status,25884
file,202202,1035,after_pincness,25884
file,202202,1035,after_fitstat,25884
file,202202,1035,after_theta,25884
file,202202,1035,after_dcedge,18530
file,202202,1035,after_finite,18530
file,202202,1035,after_cell_selection,17397
file,202202,1036,input_entries,26413
file,202202,1036,after_match_status,26413
file,202202,1036,after_pincness,26413
file,202202,1036,after_fitstat,26413
file,202202,1036,after_theta,26413
file,202202,1036,after_dcedge,18801
file,202202,1036,after_finite,18801
file,202202,1036,after_cell_selection,17634
file,202202,1037,input_entries,19066
file,202202,1037,after_match_status,19066
file,202202,1037,after_pincness,19066
file,202202,1037,after_fitstat,19066
file,202202,1037,after_theta,19066
file,202202,1037,after_dcedge,13646
file,202202,1037,after_finite,13646
file,202202,1037,after_cell_selection,12757
file,202202,1038,input_entries,23335
file,202202,1038,after_match_status,23335
file,202202,1038,after_pincness,23335
file,202202,1038,after_fitstat,23335
file,202202,1038,after_theta,23335
file,202202,1038,after_dcedge,16633
file,202202,1038,after_finite,16633
file,202202,1038,after_cell_selection,15648
file,202202,1039,input_entries,64764
file,202202,1039,after_match_status,64764
file,202202,1039,after_pincness,64764
file,202202,1039,after_fitstat,64764
file,202202,1039,after_theta,64764
file,202202,1039,after_dcedge,45812
file,202202,1039,after_finite,45812
file,202202,1039,after_cell_selection,43873
file,202202,1040,input_entries,136385
file,202202,1040,after_match_status,136385
file,202202,1040,after_pincness,136385
file,202202,1040,after_fitstat,136385
file,202202,1040,after_theta,136385
file,202202,1040,after_dcedge,96658
file,202202,1040,after_finite,96658
file,202202,1040,after_cell_selection,91984
file,202202,1041,input_entries,292605
file,202202,1041,after_match_status,292605
file,202202,1041,after_pincness,292605
file,202202,1041,after_fitstat,292605
file,202202,1041,after_theta,292605
file,202202,1041,after_dcedge,208983
file,202202,1041,after_finite,208983
file,202202,1041,after_cell_selection,187468
file,202202,1042,input_entries,295872
file,202202,1042,after_match_status,295872
file,202202,1042,after_pincness,295872
file,202202,1042,after_fitstat,295872
file,202202,1042,after_theta,295872
file,202202,1042,after_dcedge,211909
file,202202,1042,after_finite,211909
file,202202,1042,after_cell_selection,190880
file,202202,1043,input_entries,139631
file,202202,1043,after_match_status,139631
file,202202,1043,after_pincness,139631
file,202202,1043,after_fitstat,139631
file,202202,1043,after_theta,139631
file,202202,1043,after_dcedge,99599
file,202202,1043,after_finite,99599
file,202202,1043,after_cell_selection,95172
file,202202,1044,input_entries,89392
file,202202,1044,after_match_status,89392
file,202202,1044,after_pincness,89392
file,202202,1044,after_fitstat,89392
file,202202,1044,after_theta,89392
file,202202,1044,after_dcedge,63419
file,202202,1044,after_finite,63419
file,202202,1044,after_cell_selection,61162
file,202202,1045,input_entries,102641
file,202202,1045,after_match_status,102641
file,202202,1045,after_pincness,102641
file,202202,1045,after_fitstat,102641
file,202202,1045,after_theta,102641
file,202202,1045,after_dcedge,72801
file,202202,1045,after_finite,72801
file,202202,1045,after_cell_selection,70030
file,202202,1046,input_entries,197005
file,202202,1046,after_match_status,197005
file,202202,1046,after_pincness,197005
file,202202,1046,after_fitstat,197005
file,202202,1046,after_theta,197005
file,202202,1046,after_dcedge,139616
file,202202,1046,after_finite,139616
file,202202,1046,after_cell_selection,130171
file,202202,1047,input_entries,298216
file,202202,1047,after_match_status,298216
file,202202,1047,after_pincness,298216
file,202202,1047,after_fitstat,298216
file,202202,1047,after_theta,298216
file,202202,1047,after_dcedge,211526
file,202202,1047,after_finite,211526
file,202202,1047,after_cell_selection,191299
file,202202,1048,input_entries,197371
file,202202,1048,after_match_status,197371
file,202202,1048,after_pincness,197371
file,202202,1048,after_fitstat,197371
file,202202,1048,after_theta,197371
file,202202,1048,after_dcedge,140194
file,202202,1048,after_finite,140194
file,202202,1048,after_cell_selection,131392
file,202202,1049,input_entries,102234
file,202202,1049,after_match_status,102234
file,202202,1049,after_pincness,102234
file,202202,1049,after_fitstat,102234
file,202202,1049,after_theta,102234
file,202202,1049,after_dcedge,72476
file,202202,1049,after_finite,72476
file,202202,1049,after_cell_selection,69876
file,202202,1050,input_entries,51014
file,202202,1050,after_match_status,51014
file,202202,1050,after_pincness,51014
file,202202,1050,after_fitstat,51014
file,202202,1050,after_theta,51014
file,202202,1050,after_dcedge,36545
file,202202,1050,after_finite,36545
file,202202,1050,after_cell_selection,34944
file,202202,1051,input_entries,30070
file,202202,1051,after_match_status,30070
file,202202,1051,after_pincness,30070
file,202202,1051,after_fitstat,30070
file,202202,1051,after_theta,30070
file,202202,1051,after_dcedge,21477
file,202202,1051,after_finite,21477
file,202202,1051,after_cell_selection,20097
file,202202,1052,input_entries,25155
file,202202,1052,after_match_status,25155
file,202202,1052,after_pincness,25155
file,202202,1052,after_fitstat,25155
file,202202,1052,after_theta,25155
file,202202,1052,after_dcedge,17868
file,202202,1052,after_finite,17868
file,202202,1052,after_cell_selection,16744
file,202202,1053,input_entries,25333
file,202202,1053,after_match_status,25333
file,202202,1053,after_pincness,25333
file,202202,1053,after_fitstat,25333
file,202202,1053,after_theta,25333
file,202202,1053,after_dcedge,18028
file,202202,1053,after_finite,18028
file,202202,1053,after_cell_selection,16806
file,202202,1054,input_entries,25684
file,202202,1054,after_match_status,25684
file,202202,1054,after_pincness,25684
file,202202,1054,after_fitstat,25684
file,202202,1054,after_theta,25684
file,202202,1054,after_dcedge,18380
file,202202,1054,after_finite,18380
file,202202,1054,after_cell_selection,17291
file,202202,1055,input_entries,1725
file,202202,1055,after_match_status,1725
file,202202,1055,after_pincness,1725
file,202202,1055,after_fitstat,1725
file,202202,1055,after_theta,1725
file,202202,1055,after_dcedge,1225
file,202202,1055,after_finite,1225
file,202202,1055,after_cell_selection,1143
file,202202,1056,input_entries,31280
file,202202,1056,after_match_status,31280
file,202202,1056,after_pincness,31280
file,202202,1056,after_fitstat,31280
file,202202,1056,after_theta,31280
file,202202,1056,after_dcedge,22257
file,202202,1056,after_finite,22257
file,202202,1056,after_cell_selection,20991
file,202202,1057,input_entries,66770
file,202202,1057,after_match_status,66770
file,202202,1057,after_pincness,66770
file,202202,1057,after_fitstat,66770
file,202202,1057,after_theta,66770
file,202202,1057,after_dcedge,47243
file,202202,1057,after_finite,47243
file,202202,1057,after_cell_selection,45264
file,202202,1058,input_entries,151657
file,202202,1058,after_match_status,151657
file,202202,1058,after_pincness,151657
file,202202,1058,after_fitstat,151657
file,202202,1058,after_theta,151657
file,202202,1058,after_dcedge,107390
file,202202,1058,after_finite,107390
file,202202,1058,after_cell_selection,101917
file,202202,1059,input_entries,316147
file,202202,1059,after_match_status,316147
file,202202,1059,after_pincness,316147
file,202202,1059,after_fitstat,316147
file,202202,1059,after_theta,316147
file,202202,1059,after_dcedge,225501
file,202202,1059,after_finite,225501
file,202202,1059,after_cell_selection,202017
file,202202,1060,input_entries,282813
file,202202,1060,after_match_status,282813
file,202202,1060,after_pincness,282813
file,202202,1060,after_fitstat,282813
file,202202,1060,after_theta,282813
file,202202,1060,after_dcedge,201887
file,202202,1060,after_finite,201887
file,202202,1060,after_cell_selection,182925
file,202202,1061,input_entries,133112
file,202202,1061,after_match_status,133112
file,202202,1061,after_pincness,133112
file,202202,1061,after_fitstat,133112
file,202202,1061,after_theta,133112
file,202202,1061,after_dcedge,94669
file,202202,1061,after_finite,94669
file,202202,1061,after_cell_selection,90639
file,202202,1062,input_entries,90752
file,202202,1062,after_match_status,90752
file,202202,1062,after_pincness,90752
file,202202,1062,after_fitstat,90752
file,202202,1062,after_theta,90752
file,202202,1062,after_dcedge,64538
file,202202,1062,after_finite,64538
file,202202,1062,after_cell_selection,62196
file,202202,1063,input_entries,109493
file,202202,1063,after_match_status,109493
file,202202,1063,after_pincness,109493
file,202202,1063,after_fitstat,109493
file,202202,1063,after_theta,109493
file,202202,1063,after_dcedge,77839
file,202202,1063,after_finite,77839
file,202202,1063,after_cell_selection,74886
file,202202,1064,input_entries,216158
file,202202,1064,after_match_status,216158
file,202202,1064,after_pincness,216158
file,202202,1064,after_fitstat,216158
file,202202,1064,after_theta,216158
file,202202,1064,after_dcedge,153077
file,202202,1064,after_finite,153077
file,202202,1064,after_cell_selection,142457
file,202202,1065,input_entries,301793
file,202202,1065,after_match_status,301793
file,202202,1065,after_pincness,301793
file,202202,1065,after_fitstat,301793
file,202202,1065,after_theta,301793
file,202202,1065,after_dcedge,214268
file,202202,1065,after_finite,214268
file,202202,1065,after_cell_selection,193575
file,202202,1066,input_entries,189919
file,202202,1066,after_match_status,189919
file,202202,1066,after_pincness,189919
file,202202,1066,after_fitstat,189919
file,202202,1066,after_theta,189919
file,202202,1066,after_dcedge,134704
file,202202,1066,after_finite,134704
file,202202,1066,after_cell_selection,126690
file,202202,1067,input_entries,98568
file,202202,1067,after_match_status,98568
file,202202,1067,after_pincness,98568
file,202202,1067,after_fitstat,98568
file,202202,1067,after_theta,98568
file,202202,1067,after_dcedge,69809
file,202202,1067,after_finite,69809
file,202202,1067,after_cell_selection,67239
file,202202,1068,input_entries,48999
file,202202,1068,after_match_status,48999
file,202202,1068,after_pincness,48999
file,202202,1068,after_fitstat,48999
file,202202,1068,after_theta,48999
file,202202,1068,after_dcedge,34898
file,202202,1068,after_finite,34898
file,202202,1068,after_cell_selection,33349
file,202202,1069,input_entries,30766
file,202202,1069,after_match_status,30766
file,202202,1069,after_pincness,30766
file,202202,1069,after_fitstat,30766
file,202202,1069,after_theta,30766
file,202202,1069,after_dcedge,22052
file,202202,1069,after_finite,22052
file,202202,1069,after_cell_selection,20734
file,202202,1070,input_entries,26252
file,202202,1070,after_match_status,26252
file,202202,1070,after_pincness,26252
file,202202,1070,after_fitstat,26252
file,202202,1070,after_theta,26252
file,202202,1070,after_dcedge,18654
file,202202,1070,after_finite,18654
file,202202,1070,after_cell_selection,17482
file,202202,1071,input_entries,25856
file,202202,1071,after_match_status,25856
file,202202,1071,after_pincness,25856
file,202202,1071,after_fitstat,25856
file,202202,1071,after_theta,25856
file,202202,1071,after_dcedge,18462
file,202202,1071,after_finite,18462
file,202202,1071,after_cell_selection,17302
file,202202,1072,input_entries,25265
file,202202,1072,after_match_status,25265
file,202202,1072,after_pincness,25265
file,202202,1072,after_fitstat,25265
file,202202,1072,after_theta,25265
file,202202,1072,after_dcedge,17998
file,202202,1072,after_finite,17998
file,202202,1072,after_cell_selection,16886
file,202202,1073,input_entries,21632
file,202202,1073,after_match_status,21632
file,202202,1073,after_pincness,21632
file,202202,1073,after_fitstat,21632
file,202202,1073,after_theta,21632
file,202202,1073,after_dcedge,15344
file,202202,1073,after_finite,15344
file,202202,1073,after_cell_selection,14390
file,202202,1074,input_entries,12294
file,202202,1074,after_match_status,12294
file,202202,1074,after_pincness,12294
file,202202,1074,after_fitstat,12294
file,202202,1074,after_theta,12294
file,202202,1074,after_dcedge,8775
file,202202,1074,after_finite,8775
file,202202,1074,after_cell_selection,8209
file,202202,1075,input_entries,27325
file,202202,1075,after_match_status,27325
file,202202,1075,after_pincness,27325
file,202202,1075,after_fitstat,27325
file,202202,1075,after_theta,27325
file,202202,1075,after_dcedge,19505
file,202202,1075,after_finite,19505
file,202202,1075,after_cell_selection,18282
file,202202,1076,input_entries,26788
file,202202,1076,after_match_status,26788
file,202202,1076,after_pincness,26788
file,202202,1076,after_fitstat,26788
file,202202,1076,after_theta,26788
file,202202,1076,after_dcedge,18979
file,202202,1076,after_finite,18979
file,202202,1076,after_cell_selection,17680
file,202202,1077,input_entries,26543
file,202202,1077,after_match_status,26543
file,202202,1077,after_pincness,26543
file,202202,1077,after_fitstat,26543
file,202202,1077,after_theta,26543
file,202202,1077,after_dcedge,18916
file,202202,1077,after_finite,18916
file,202202,1077,after_cell_selection,17682
file,202202,1078,input_entries,35250
file,202202,1078,after_match_status,35250
file,202202,1078,after_pincness,35250
file,202202,1078,after_fitstat,35250
file,202202,1078,after_theta,35250
file,202202,1078,after_dcedge,25058
file,202202,1078,after_finite,25058
file,202202,1078,after_cell_selection,23641
file,202202,1079,input_entries,73205
file,202202,1079,after_match_status,73205
file,202202,1079,after_pincness,73205
file,202202,1079,after_fitstat,73205
file,202202,1079,after_theta,73205
file,202202,1079,after_dcedge,52122
file,202202,1079,after_finite,52122
file,202202,1079,after_cell_selection,50008
file,202202,1080,input_entries,164857
file,202202,1080,after_match_status,164857
file,202202,1080,after_pincness,164857
file,202202,1080,after_fitstat,164857
file,202202,1080,after_theta,164857
file,202202,1080,after_dcedge,117212
file,202202,1080,after_finite,117212
file,202202,1080,after_cell_selection,110833
file,202202,1081,input_entries,338335
file,202202,1081,after_match_status,338335
file,202202,1081,after_pincness,338335
file,202202,1081,after_fitstat,338335
file,202202,1081,after_theta,338335
file,202202,1081,after_dcedge,241690
file,202202,1081,after_finite,241690
file,202202,1081,after_cell_selection,215884
file,202202,1082,input_entries,283961
file,202202,1082,after_match_status,283961
file,202202,1082,after_pincness,283961
file,202202,1082,after_fitstat,283961
file,202202,1082,after_theta,283961
file,202202,1082,after_dcedge,202648
file,202202,1082,after_finite,202648
file,202202,1082,after_cell_selection,184109
file,202202,1083,input_entries,130771
file,202202,1083,after_match_status,130771
file,202202,1083,after_pincness,130771
file,202202,1083,after_fitstat,130771
file,202202,1083,after_theta,130771
file,202202,1083,after_dcedge,93175
file,202202,1083,after_finite,93175
file,202202,1083,after_cell_selection,89362
file,202202,1084,input_entries,88127
file,202202,1084,after_match_status,88127
file,202202,1084,after_pincness,88127
file,202202,1084,after_fitstat,88127
file,202202,1084,after_theta,88127
file,202202,1084,after_dcedge,62548
file,202202,1084,after_finite,62548
file,202202,1084,after_cell_selection,60312
file,202202,1085,input_entries,115014
file,202202,1085,after_match_status,115014
file,202202,1085,after_pincness,115014
file,202202,1085,after_fitstat,115014
file,202202,1085,after_theta,115014
file,202202,1085,after_dcedge,81646
file,202202,1085,after_finite,81646
file,202202,1085,after_cell_selection,78446
file,202202,1086,input_entries,215825
file,202202,1086,after_match_status,215825
file,202202,1086,after_pincness,215825
file,202202,1086,after_fitstat,215825
file,202202,1086,after_theta,215825
file,202202,1086,after_dcedge,152678
file,202202,1086,after_finite,152678
file,202202,1086,after_cell_selection,141448
file,202202,1087,input_entries,300961
file,202202,1087,after_match_status,300961
file,202202,1087,after_pincness,300961
file,202202,1087,after_fitstat,300961
file,202202,1087,after_theta,300961
file,202202,1087,after_dcedge,213373
file,202202,1087,after_finite,213373
file,202202,1087,after_cell_selection,192808
file,202202,1088,input_entries,183770
file,202202,1088,after_match_status,183770
file,202202,1088,after_pincness,183770
file,202202,1088,after_fitstat,183770
file,202202,1088,after_theta,183770
file,202202,1088,after_dcedge,130402
file,202202,1088,after_finite,130402
file,202202,1088,after_cell_selection,123091
file,202202,1089,input_entries,91077
file,202202,1089,after_match_status,91077
file,202202,1089,after_pincness,91077
file,202202,1089,after_fitstat,91077
file,202202,1089,after_theta,91077
file,202202,1089,after_dcedge,64311
file,202202,1089,after_finite,64311
file,202202,1089,after_cell_selection,61849
file,202202,1090,input_entries,47047
file,202202,1090,after_match_status,47047
file,202202,1090,after_pincness,47047
file,202202,1090,after_fitstat,47047
file,202202,1090,after_theta,47047
file,202202,1090,after_dcedge,33643
file,202202,1090,after_finite,33643
file,202202,1090,after_cell_selection,32125
file,202202,1091,input_entries,28893
file,202202,1091,after_match_status,28893
file,202202,1091,after_pincness,28893
file,202202,1091,after_fitstat,28893
file,202202,1091,after_theta,28893
file,202202,1091,after_dcedge,20557
file,202202,1091,after_finite,20557
file,202202,1091,after_cell_selection,19264
file,202202,1092,input_entries,25664
file,202202,1092,after_match_status,25664
file,202202,1092,after_pincness,25664
file,202202,1092,after_fitstat,25664
file,202202,1092,after_theta,25664
file,202202,1092,after_dcedge,18201
file,202202,1092,after_finite,18201
file,202202,1092,after_cell_selection,17071
file,202202,1093,input_entries,26494
file,202202,1093,after_match_status,26494
file,202202,1093,after_pincness,26494
file,202202,1093,after_fitstat,26494
file,202202,1093,after_theta,26494
file,202202,1093,after_dcedge,18904
file,202202,1093,after_finite,18904
file,202202,1093,after_cell_selection,17725
file,202202,1094,input_entries,929
file,202202,1094,after_match_status,929
file,202202,1094,after_pincness,929
file,202202,1094,after_fitstat,929
file,202202,1094,after_theta,929
file,202202,1094,after_dcedge,675
file,202202,1094,after_finite,675
file,202202,1094,after_cell_selection,648
file,202202,1095,input_entries,1444
file,202202,1095,after_match_status,1444
file,202202,1095,after_pincness,1444
file,202202,1095,after_fitstat,1444
file,202202,1095,after_theta,1444
file,202202,1095,after_dcedge,1029
file,202202,1095,after_finite,1029
file,202202,1095,after_cell_selection,969
file,202202,1096,input_entries,14510
file,202202,1096,after_match_status,14510
file,202202,1096,after_pincness,14510
file,202202,1096,after_fitstat,14510
file,202202,1096,after_theta,14510
file,202202,1096,after_dcedge,10394
file,202202,1096,after_finite,10394
file,202202,1096,after_cell_selection,9766
file,202202,1097,input_entries,26997
file,202202,1097,after_match_status,26997
file,202202,1097,after_pincness,26997
file,202202,1097,after_fitstat,26997
file,202202,1097,after_theta,26997
file,202202,1097,after_dcedge,19244
file,202202,1097,after_finite,19244
file,202202,1097,after_cell_selection,18073
file,202202,1098,input_entries,27391
file,202202,1098,after_match_status,27391
file,202202,1098,after_pincness,27391
file,202202,1098,after_fitstat,27391
file,202202,1098,after_theta,27391
file,202202,1098,after_dcedge,19519
file,202202,1098,after_finite,19519
file,202202,1098,after_cell_selection,18258
file,202202,1099,input_entries,27265
file,202202,1099,after_match_status,27265
file,202202,1099,after_pincness,27265
file,202202,1099,after_fitstat,27265
file,202202,1099,after_theta,27265
file,202202,1099,after_dcedge,19333
file,202202,1099,after_finite,19333
file,202202,1099,after_cell_selection,18033
file,202202,1100,input_entries,36934
file,202202,1100,after_match_status,36934
file,202202,1100,after_pincness,36934
file,202202,1100,after_fitstat,36934
file,202202,1100,after_theta,36934
file,202202,1100,after_dcedge,26271
file,202202,1100,after_finite,26271
file,202202,1100,after_cell_selection,24857
file,202202,1101,input_entries,76504
file,202202,1101,after_match_status,76504
file,202202,1101,after_pincness,76504
file,202202,1101,after_fitstat,76504
file,202202,1101,after_theta,76504
file,202202,1101,after_dcedge,54034
file,202202,1101,after_finite,54034
file,202202,1101,after_cell_selection,51819
file,202202,1102,input_entries,171994
file,202202,1102,after_match_status,171994
file,202202,1102,after_pincness,171994
file,202202,1102,after_fitstat,171994
file,202202,1102,after_theta,171994
file,202202,1102,after_dcedge,122552
file,202202,1102,after_finite,122552
file,202202,1102,after_cell_selection,115512
file,202202,1103,input_entries,332875
file,202202,1103,after_match_status,332875
file,202202,1103,after_pincness,332875
file,202202,1103,after_fitstat,332875
file,202202,1103,after_theta,332875
file,202202,1103,after_dcedge,237935
file,202202,1103,after_finite,237935
file,202202,1103,after_cell_selection,211669
file,202202,1104,input_entries,274331
file,202202,1104,after_match_status,274331
file,202202,1104,after_pincness,274331
file,202202,1104,after_fitstat,274331
file,202202,1104,after_theta,274331
file,202202,1104,after_dcedge,195921
file,202202,1104,after_finite,195921
file,202202,1104,after_cell_selection,178657
file,202202,1105,input_entries,121492
file,202202,1105,after_match_status,121492
file,202202,1105,after_pincness,121492
file,202202,1105,after_fitstat,121492
file,202202,1105,after_theta,121492
file,202202,1105,after_dcedge,86530
file,202202,1105,after_finite,86530
file,202202,1105,after_cell_selection,83127
file,202202,1106,input_entries,83791
file,202202,1106,after_match_status,83791
file,202202,1106,after_pincness,83791
file,202202,1106,after_fitstat,83791
file,202202,1106,after_theta,83791
file,202202,1106,after_dcedge,59496
file,202202,1106,after_finite,59496
file,202202,1106,after_cell_selection,57253
file,202202,1107,input_entries,115058
file,202202,1107,after_match_status,115058
file,202202,1107,after_pincness,115058
file,202202,1107,after_fitstat,115058
file,202202,1107,after_theta,115058
file,202202,1107,after_dcedge,81844
file,202202,1107,after_finite,81844
file,202202,1107,after_cell_selection,78499
file,202202,1108,input_entries,224816
file,202202,1108,after_match_status,224816
file,202202,1108,after_pincness,224816
file,202202,1108,after_fitstat,224816
file,202202,1108,after_theta,224816
file,202202,1108,after_dcedge,159994
file,202202,1108,after_finite,159994
file,202202,1108,after_cell_selection,147824
file,202202,1109,input_entries,288876
file,202202,1109,after_match_status,288876
file,202202,1109,after_pincness,288876
file,202202,1109,after_fitstat,288876
file,202202,1109,after_theta,288876
file,202202,1109,after_dcedge,205339
file,202202,1109,after_finite,205339
file,202202,1109,after_cell_selection,185500
file,202202,1110,input_entries,171481
file,202202,1110,after_match_status,171481
file,202202,1110,after_pincness,171481
file,202202,1110,after_fitstat,171481
file,202202,1110,after_theta,171481
file,202202,1110,after_dcedge,121855
file,202202,1110,after_finite,121855
file,202202,1110,after_cell_selection,114880
file,202202,1111,input_entries,85515
file,202202,1111,after_match_status,85515
file,202202,1111,after_pincness,85515
file,202202,1111,after_fitstat,85515
file,202202,1111,after_theta,85515
file,202202,1111,after_dcedge,60788
file,202202,1111,after_finite,60788
file,202202,1111,after_cell_selection,58452
file,202202,1112,input_entries,44353
file,202202,1112,after_match_status,44353
file,202202,1112,after_pincness,44353
file,202202,1112,after_fitstat,44353
file,202202,1112,after_theta,44353
file,202202,1112,after_dcedge,31745
file,202202,1112,after_finite,31745
file,202202,1112,after_cell_selection,30198
file,202202,1113,input_entries,27852
file,202202,1113,after_match_status,27852
file,202202,1113,after_pincness,27852
file,202202,1113,after_fitstat,27852
file,202202,1113,after_theta,27852
file,202202,1113,after_dcedge,19977
file,202202,1113,after_finite,19977
file,202202,1113,after_cell_selection,18756
file,202202,1114,input_entries,24759
file,202202,1114,after_match_status,24759
file,202202,1114,after_pincness,24759
file,202202,1114,after_fitstat,24759
file,202202,1114,after_theta,24759
file,202202,1114,after_dcedge,17661
file,202202,1114,after_finite,17661
file,202202,1114,after_cell_selection,16455
file,202202,1115,input_entries,25428
file,202202,1115,after_match_status,25428
file,202202,1115,after_pincness,25428
file,202202,1115,after_fitstat,25428
file,202202,1115,after_theta,25428
file,202202,1115,after_dcedge,18159
file,202202,1115,after_finite,18159
file,202202,1115,after_cell_selection,16974
file,202202,1116,input_entries,24568
file,202202,1116,after_match_status,24568
file,202202,1116,after_pincness,24568
file,202202,1116,after_fitstat,24568
file,202202,1116,after_theta,24568
file,202202,1116,after_dcedge,17500
file,202202,1116,after_finite,17500
file,202202,1116,after_cell_selection,16365
file,202202,1117,input_entries,18006
file,202202,1117,after_match_status,18006
file,202202,1117,after_pincness,18006
file,202202,1117,after_fitstat,18006
file,202202,1117,after_theta,18006
file,202202,1117,after_dcedge,12882
file,202202,1117,after_finite,12882
file,202202,1117,after_cell_selection,12046
file,202202,1118,input_entries,10429
file,202202,1118,after_match_status,10429
file,202202,1118,after_pincness,10429
file,202202,1118,after_fitstat,10429
file,202202,1118,after_theta,10429
file,202202,1118,after_dcedge,7558
file,202202,1118,after_finite,7558
file,202202,1118,after_cell_selection,7072
file,202202,1119,input_entries,26194
file,202202,1119,after_match_status,26194
file,202202,1119,after_pincness,26194
file,202202,1119,after_fitstat,26194
file,202202,1119,after_theta,26194
file,202202,1119,after_dcedge,18681
file,202202,1119,after_finite,18681
file,202202,1119,after_cell_selection,17433
file,202202,1120,input_entries,36676
file,202202,1120,after_match_status,36676
file,202202,1120,after_pincness,36676
file,202202,1120,after_fitstat,36676
file,202202,1120,after_theta,36676
file,202202,1120,after_dcedge,26156
file,202202,1120,after_finite,26156
file,202202,1120,after_cell_selection,24739
file,202202,1121,input_entries,77792
file,202202,1121,after_match_status,77792
file,202202,1121,after_pincness,77792
file,202202,1121,after_fitstat,77792
file,202202,1121,after_theta,77792
file,202202,1121,after_dcedge,54988
file,202202,1121,after_finite,54988
file,202202,1121,after_cell_selection,52691
file,202202,1122,input_entries,177374
file,202202,1122,after_match_status,177374
file,202202,1122,after_pincness,177374
file,202202,1122,after_fitstat,177374
file,202202,1122,after_theta,177374
file,202202,1122,after_dcedge,126623
file,202202,1122,after_finite,126623
file,202202,1122,after_cell_selection,118832
file,202202,1123,input_entries,327219
file,202202,1123,after_match_status,327219
file,202202,1123,after_pincness,327219
file,202202,1123,after_fitstat,327219
file,202202,1123,after_theta,327219
file,202202,1123,after_dcedge,234285
file,202202,1123,after_finite,234285
file,202202,1123,after_cell_selection,207914
file,202202,1124,input_entries,251439
file,202202,1124,after_match_status,251439
file,202202,1124,after_pincness,251439
file,202202,1124,after_fitstat,251439
file,202202,1124,after_theta,251439
file,202202,1124,after_dcedge,180131
file,202202,1124,after_finite,180131
file,202202,1124,after_cell_selection,164597
file,202202,1125,input_entries,113140
file,202202,1125,after_match_status,113140
file,202202,1125,after_pincness,113140
file,202202,1125,after_fitstat,113140
file,202202,1125,after_theta,113140
file,202202,1125,after_dcedge,80512
file,202202,1125,after_finite,80512
file,202202,1125,after_cell_selection,77433
file,202202,1126,input_entries,82689
file,202202,1126,after_match_status,82689
file,202202,1126,after_pincness,82689
file,202202,1126,after_fitstat,82689
file,202202,1126,after_theta,82689
file,202202,1126,after_dcedge,59009
file,202202,1126,after_finite,59009
file,202202,1126,after_cell_selection,56824
file,202202,1127,input_entries,111360
file,202202,1127,after_match_status,111360
file,202202,1127,after_pincness,111360
file,202202,1127,after_fitstat,111360
file,202202,1127,after_theta,111360
file,202202,1127,after_dcedge,79151
file,202202,1127,after_finite,79151
file,202202,1127,after_cell_selection,75818
file,202202,1128,input_entries,234083
file,202202,1128,after_match_status,234083
file,202202,1128,after_pincness,234083
file,202202,1128,after_fitstat,234083
file,202202,1128,after_theta,234083
file,202202,1128,after_dcedge,166618
file,202202,1128,after_finite,166618
file,202202,1128,after_cell_selection,153317
file,202202,1129,input_entries,266820
file,202202,1129,after_match_status,266820
file,202202,1129,after_pincness,266820
file,202202,1129,after_fitstat,266820
file,202202,1129,after_theta,266820
file,202202,1129,after_dcedge,189715
file,202202,1129,after_finite,189715
file,202202,1129,after_cell_selection,171866
file,202202,1130,input_entries,152601
file,202202,1130,after_match_status,152601
file,202202,1130,after_pincness,152601
file,202202,1130,after_fitstat,152601
file,202202,1130,after_theta,152601
file,202202,1130,after_dcedge,108673
file,202202,1130,after_finite,108673
file,202202,1130,after_cell_selection,103086
file,202202,1131,input_entries,80161
file,202202,1131,after_match_status,80161
file,202202,1131,after_pincness,80161
file,202202,1131,after_fitstat,80161
file,202202,1131,after_theta,80161
file,202202,1131,after_dcedge,57155
file,202202,1131,after_finite,57155
file,202202,1131,after_cell_selection,54874
file,202202,1132,input_entries,40915
file,202202,1132,after_match_status,40915
file,202202,1132,after_pincness,40915
file,202202,1132,after_fitstat,40915
file,202202,1132,after_theta,40915
file,202202,1132,after_dcedge,29270
file,202202,1132,after_finite,29270
file,202202,1132,after_cell_selection,27813
file,202202,1133,input_entries,27242
file,202202,1133,after_match_status,27242
file,202202,1133,after_pincness,27242
file,202202,1133,after_fitstat,27242
file,202202,1133,after_theta,27242
file,202202,1133,after_dcedge,19407
file,202202,1133,after_finite,19407
file,202202,1133,after_cell_selection,18183
file,202202,1134,input_entries,23910
file,202202,1134,after_match_status,23910
file,202202,1134,after_pincness,23910
file,202202,1134,after_fitstat,23910
file,202202,1134,after_theta,23910
file,202202,1134,after_dcedge,17033
file,202202,1134,after_finite,17033
file,202202,1134,after_cell_selection,15897
file,202202,1135,input_entries,25170
file,202202,1135,after_match_status,25170
file,202202,1135,after_pincness,25170
file,202202,1135,after_fitstat,25170
file,202202,1135,after_theta,25170
file,202202,1135,after_dcedge,17894
file,202202,1135,after_finite,17894
file,202202,1135,after_cell_selection,16791
file,202202,1136,input_entries,24392
file,202202,1136,after_match_status,24392
file,202202,1136,after_pincness,24392
file,202202,1136,after_fitstat,24392
file,202202,1136,after_theta,24392
file,202202,1136,after_dcedge,17422
file,202202,1136,after_finite,17422
file,202202,1136,after_cell_selection,16306
file,202202,1137,input_entries,15630
file,202202,1137,after_match_status,15630
file,202202,1137,after_pincness,15630
file,202202,1137,after_fitstat,15630
file,202202,1137,after_theta,15630
file,202202,1137,after_dcedge,11116
file,202202,1137,after_finite,11116
file,202202,1137,after_cell_selection,10386
file,202202,1138,input_entries,17661
file,202202,1138,after_match_status,17661
file,202202,1138,after_pincness,17661
file,202202,1138,after_fitstat,17661
file,202202,1138,after_theta,17661
file,202202,1138,after_dcedge,12519
file,202202,1138,after_finite,12519
file,202202,1138,after_cell_selection,11765
file,202202,1139,input_entries,24838
file,202202,1139,after_match_status,24838
file,202202,1139,after_pincness,24838
file,202202,1139,after_fitstat,24838
file,202202,1139,after_theta,24838
file,202202,1139,after_dcedge,17725
file,202202,1139,after_finite,17725
file,202202,1139,after_cell_selection,16600
file,202202,1140,input_entries,24864
file,202202,1140,after_match_status,24864
file,202202,1140,after_pincness,24864
file,202202,1140,after_fitstat,24864
file,202202,1140,after_theta,24864
file,202202,1140,after_dcedge,17870
file,202202,1140,after_finite,17870
file,202202,1140,after_cell_selection,16759
file,202202,1141,input_entries,26201
file,202202,1141,after_match_status,26201
file,202202,1141,after_pincness,26201
file,202202,1141,after_fitstat,26201
file,202202,1141,after_theta,26201
file,202202,1141,after_dcedge,18715
file,202202,1141,after_finite,18715
file,202202,1141,after_cell_selection,17494
file,202202,1142,input_entries,38761
file,202202,1142,after_match_status,38761
file,202202,1142,after_pincness,38761
file,202202,1142,after_fitstat,38761
file,202202,1142,after_theta,38761
file,202202,1142,after_dcedge,27615
file,202202,1142,after_finite,27615
file,202202,1142,after_cell_selection,26219
file,202202,1143,input_entries,81543
file,202202,1143,after_match_status,81543
file,202202,1143,after_pincness,81543
file,202202,1143,after_fitstat,81543
file,202202,1143,after_theta,81543
file,202202,1143,after_dcedge,57723
file,202202,1143,after_finite,57723
file,202202,1143,after_cell_selection,55333
file,202202,1144,input_entries,178043
file,202202,1144,after_match_status,178043
file,202202,1144,after_pincness,178043
file,202202,1144,after_fitstat,178043
file,202202,1144,after_theta,178043
file,202202,1144,after_dcedge,126835
file,202202,1144,after_finite,126835
file,202202,1144,after_cell_selection,118631
file,202202,1145,input_entries,326433
file,202202,1145,after_match_status,326433
file,202202,1145,after_pincness,326433
file,202202,1145,after_fitstat,326433
file,202202,1145,after_theta,326433
file,202202,1145,after_dcedge,234466
file,202202,1145,after_finite,234466
file,202202,1145,after_cell_selection,207963
file,202202,1146,input_entries,227008
file,202202,1146,after_match_status,227008
file,202202,1146,after_pincness,227008
file,202202,1146,after_fitstat,227008
file,202202,1146,after_theta,227008
file,202202,1146,after_dcedge,162652
file,202202,1146,after_finite,162652
file,202202,1146,after_cell_selection,149688
file,202202,1147,input_entries,111398
file,202202,1147,after_match_status,111398
file,202202,1147,after_pincness,111398
file,202202,1147,after_fitstat,111398
file,202202,1147,after_theta,111398
file,202202,1147,after_dcedge,79363
file,202202,1147,after_finite,79363
file,202202,1147,after_cell_selection,76270
file,202202,1148,input_entries,81509
file,202202,1148,after_match_status,81509
file,202202,1148,after_pincness,81509
file,202202,1148,after_fitstat,81509
file,202202,1148,after_theta,81509
file,202202,1148,after_dcedge,57940
file,202202,1148,after_finite,57940
file,202202,1148,after_cell_selection,55773
file,202202,1149,input_entries,120274
file,202202,1149,after_match_status,120274
file,202202,1149,after_pincness,120274
file,202202,1149,after_fitstat,120274
file,202202,1149,after_theta,120274
file,202202,1149,after_dcedge,85626
file,202202,1149,after_finite,85626
file,202202,1149,after_cell_selection,82060
file,202202,1150,input_entries,233937
file,202202,1150,after_match_status,233937
file,202202,1150,after_pincness,233937
file,202202,1150,after_fitstat,233937
file,202202,1150,after_theta,233937
file,202202,1150,after_dcedge,166251
file,202202,1150,after_finite,166251
file,202202,1150,after_cell_selection,152716
file,202202,1151,input_entries,267379
file,202202,1151,after_match_status,267379
file,202202,1151,after_pincness,267379
file,202202,1151,after_fitstat,267379
file,202202,1151,after_theta,267379
file,202202,1151,after_dcedge,190445
file,202202,1151,after_finite,190445
file,202202,1151,after_cell_selection,173420
file,202202,1152,input_entries,147537
file,202202,1152,after_match_status,147537
file,202202,1152,after_pincness,147537
file,202202,1152,after_fitstat,147537
file,202202,1152,after_theta,147537
file,202202,1152,after_dcedge,104961
file,202202,1152,after_finite,104961
file,202202,1152,after_cell_selection,99962
file,202202,1153,input_entries,77393
file,202202,1153,after_match_status,77393
file,202202,1153,after_pincness,77393
file,202202,1153,after_fitstat,77393
file,202202,1153,after_theta,77393
file,202202,1153,after_dcedge,55142
file,202202,1153,after_finite,55142
file,202202,1153,after_cell_selection,53086
file,202202,1154,input_entries,39261
file,202202,1154,after_match_status,39261
file,202202,1154,after_pincness,39261
file,202202,1154,after_fitstat,39261
file,202202,1154,after_theta,39261
file,202202,1154,after_dcedge,28154
file,202202,1154,after_finite,28154
file,202202,1154,after_cell_selection,26714
file,202202,1155,input_entries,25330
file,202202,1155,after_match_status,25330
file,202202,1155,after_pincness,25330
file,202202,1155,after_fitstat,25330
file,202202,1155,after_theta,25330
file,202202,1155,after_dcedge,18133
file,202202,1155,after_finite,18133
file,202202,1155,after_cell_selection,16996
file,202202,1156,input_entries,23758
file,202202,1156,after_match_status,23758
file,202202,1156,after_pincness,23758
file,202202,1156,after_fitstat,23758
file,202202,1156,after_theta,23758
file,202202,1156,after_dcedge,17005
file,202202,1156,after_finite,17005
file,202202,1156,after_cell_selection,15912
file,202202,1157,input_entries,24856
file,202202,1157,after_match_status,24856
file,202202,1157,after_pincness,24856
file,202202,1157,after_fitstat,24856
file,202202,1157,after_theta,24856
file,202202,1157,after_dcedge,17795
file,202202,1157,after_finite,17795
file,202202,1157,after_cell_selection,16678
file,202202,1158,input_entries,24630
file,202202,1158,after_match_status,24630
file,202202,1158,after_pincness,24630
file,202202,1158,after_fitstat,24630
file,202202,1158,after_theta,24630
file,202202,1158,after_dcedge,17446
file,202202,1158,after_finite,17446
file,202202,1158,after_cell_selection,16356
file,202202,1159,input_entries,13724
file,202202,1159,after_match_status,13724
file,202202,1159,after_pincness,13724
file,202202,1159,after_fitstat,13724
file,202202,1159,after_theta,13724
file,202202,1159,after_dcedge,9813
file,202202,1159,after_finite,9813
file,202202,1159,after_cell_selection,9218
file,202202,1160,input_entries,18558
file,202202,1160,after_match_status,18558
file,202202,1160,after_pincness,18558
file,202202,1160,after_fitstat,18558
file,202202,1160,after_theta,18558
file,202202,1160,after_dcedge,13224
file,202202,1160,after_finite,13224
file,202202,1160,after_cell_selection,12379
file,202202,1161,input_entries,25698
file,202202,1161,after_match_status,25698
file,202202,1161,after_pincness,25698
file,202202,1161,after_fitstat,25698
file,202202,1161,after_theta,25698
file,202202,1161,after_dcedge,18283
file,202202,1161,after_finite,18283
file,202202,1161,after_cell_selection,17158
file,202202,1162,input_entries,24502
file,202202,1162,after_match_status,24502
file,202202,1162,after_pincness,24502
file,202202,1162,after_fitstat,24502
file,202202,1162,after_theta,24502
file,202202,1162,after_dcedge,17441
file,202202,1162,after_finite,17441
file,202202,1162,after_cell_selection,16353
file,202202,1163,input_entries,26671
file,202202,1163,after_match_status,26671
file,202202,1163,after_pincness,26671
file,202202,1163,after_fitstat,26671
file,202202,1163,after_theta,26671
file,202202,1163,after_dcedge,19112
file,202202,1163,after_finite,19112
file,202202,1163,after_cell_selection,17866
file,202202,1164,input_entries,41096
file,202202,1164,after_match_status,41096
file,202202,1164,after_pincness,41096
file,202202,1164,after_fitstat,41096
file,202202,1164,after_theta,41096
file,202202,1164,after_dcedge,29194
file,202202,1164,after_finite,29194
file,202202,1164,after_cell_selection,27748
file,202202,1165,input_entries,87774
file,202202,1165,after_match_status,87774
file,202202,1165,after_pincness,87774
file,202202,1165,after_fitstat,87774
file,202202,1165,after_theta,87774
file,202202,1165,after_dcedge,62460
file,202202,1165,after_finite,62460
file,202202,1165,after_cell_selection,60051
file,202202,1166,input_entries,187816
file,202202,1166,after_match_status,187816
file,202202,1166,after_pincness,187816
file,202202,1166,after_fitstat,187816
file,202202,1166,after_theta,187816
file,202202,1166,after_dcedge,133742
file,202202,1166,after_finite,133742
file,202202,1166,after_cell_selection,124763
file,202202,1167,input_entries,341007
file,202202,1167,after_match_status,341007
file,202202,1167,after_pincness,341007
file,202202,1167,after_fitstat,341007
file,202202,1167,after_theta,341007
file,202202,1167,after_dcedge,244038
file,202202,1167,after_finite,244038
file,202202,1167,after_cell_selection,217289
file,202202,1168,input_entries,229179
file,202202,1168,after_match_status,229179
file,202202,1168,after_pincness,229179
file,202202,1168,after_fitstat,229179
file,202202,1168,after_theta,229179
file,202202,1168,after_dcedge,163442
file,202202,1168,after_finite,163442
file,202202,1168,after_cell_selection,151085
file,202202,1169,input_entries,107890
file,202202,1169,after_match_status,107890
file,202202,1169,after_pincness,107890
file,202202,1169,after_fitstat,107890
file,202202,1169,after_theta,107890
file,202202,1169,after_dcedge,76918
file,202202,1169,after_finite,76918
file,202202,1169,after_cell_selection,74151
file,202202,1170,input_entries,83579
file,202202,1170,after_match_status,83579
file,202202,1170,after_pincness,83579
file,202202,1170,after_fitstat,83579
file,202202,1170,after_theta,83579
file,202202,1170,after_dcedge,59585
file,202202,1170,after_finite,59585
file,202202,1170,after_cell_selection,57432
file,202202,1171,input_entries,125973
file,202202,1171,after_match_status,125973
file,202202,1171,after_pincness,125973
file,202202,1171,after_fitstat,125973
file,202202,1171,after_theta,125973
file,202202,1171,after_dcedge,89634
file,202202,1171,after_finite,89634
file,202202,1171,after_cell_selection,85926
file,202202,1172,input_entries,246527
file,202202,1172,after_match_status,246527
file,202202,1172,after_pincness,246527
file,202202,1172,after_fitstat,246527
file,202202,1172,after_theta,246527
file,202202,1172,after_dcedge,175071
file,202202,1172,after_finite,175071
file,202202,1172,after_cell_selection,160697
file,202202,1173,input_entries,260740
file,202202,1173,after_match_status,260740
file,202202,1173,after_pincness,260740
file,202202,1173,after_fitstat,260740
file,202202,1173,after_theta,260740
file,202202,1173,after_dcedge,185683
file,202202,1173,after_finite,185683
file,202202,1173,after_cell_selection,169611
file,202202,1174,input_entries,142552
file,202202,1174,after_match_status,142552
file,202202,1174,after_pincness,142552
file,202202,1174,after_fitstat,142552
file,202202,1174,after_theta,142552
file,202202,1174,after_dcedge,101010
file,202202,1174,after_finite,101010
file,202202,1174,after_cell_selection,96404
file,202202,1175,input_entries,70933
file,202202,1175,after_match_status,70933
file,202202,1175,after_pincness,70933
file,202202,1175,after_fitstat,70933
file,202202,1175,after_theta,70933
file,202202,1175,after_dcedge,50387
file,202202,1175,after_finite,50387
file,202202,1175,after_cell_selection,48621
file,202202,1176,input_entries,38178
file,202202,1176,after_match_status,38178
file,202202,1176,after_pincness,38178
file,202202,1176,after_fitstat,38178
file,202202,1176,after_theta,38178
file,202202,1176,after_dcedge,27356
file,202202,1176,after_finite,27356
file,202202,1176,after_cell_selection,26042
file,202202,1177,input_entries,25839
file,202202,1177,after_match_status,25839
file,202202,1177,after_pincness,25839
file,202202,1177,after_fitstat,25839
file,202202,1177,after_theta,25839
file,202202,1177,after_dcedge,18623
file,202202,1177,after_finite,18623
file,202202,1177,after_cell_selection,17473
file,202202,1178,input_entries,24423
file,202202,1178,after_match_status,24423
file,202202,1178,after_pincness,24423
file,202202,1178,after_fitstat,24423
file,202202,1178,after_theta,24423
file,202202,1178,after_dcedge,17498
file,202202,1178,after_finite,17498
file,202202,1178,after_cell_selection,16445
file,202202,1179,input_entries,24536
file,202202,1179,after_match_status,24536
file,202202,1179,after_pincness,24536
file,202202,1179,after_fitstat,24536
file,202202,1179,after_theta,24536
file,202202,1179,after_dcedge,17422
file,202202,1179,after_finite,17422
file,202202,1179,after_cell_selection,16383
file,202202,1180,input_entries,24392
file,202202,1180,after_match_status,24392
file,202202,1180,after_pincness,24392
file,202202,1180,after_fitstat,24392
file,202202,1180,after_theta,24392
file,202202,1180,after_dcedge,17412
file,202202,1180,after_finite,17412
file,202202,1180,after_cell_selection,16327
file,202202,1181,input_entries,12572
file,202202,1181,after_match_status,12572
file,202202,1181,after_pincness,12572
file,202202,1181,after_fitstat,12572
file,202202,1181,after_theta,12572
file,202202,1181,after_dcedge,8981
file,202202,1181,after_finite,8981
file,202202,1181,after_cell_selection,8426
file,202202,1182,input_entries,19589
file,202202,1182,after_match_status,19589
file,202202,1182,after_pincness,19589
file,202202,1182,after_fitstat,19589
file,202202,1182,after_theta,19589
file,202202,1182,after_dcedge,13853
file,202202,1182,after_finite,13853
file,202202,1182,after_cell_selection,13031
file,202202,1183,input_entries,25430
file,202202,1183,after_match_status,25430
file,202202,1183,after_pincness,25430
file,202202,1183,after_fitstat,25430
file,202202,1183,after_theta,25430
file,202202,1183,after_dcedge,18001
file,202202,1183,after_finite,18001
file,202202,1183,after_cell_selection,16877
file,202202,1184,input_entries,25088
file,202202,1184,after_match_status,25088
file,202202,1184,after_pincness,25088
file,202202,1184,after_fitstat,25088
file,202202,1184,after_theta,25088
file,202202,1184,after_dcedge,17923
file,202202,1184,after_finite,17923
file,202202,1184,after_cell_selection,16801
file,202202,1185,input_entries,25777
file,202202,1185,after_match_status,25777
file,202202,1185,after_pincness,25777
file,202202,1185,after_fitstat,25777
file,202202,1185,after_theta,25777
file,202202,1185,after_dcedge,18293
file,202202,1185,after_finite,18293
file,202202,1185,after_cell_selection,17180
file,202202,1186,input_entries,41068
file,202202,1186,after_match_status,41068
file,202202,1186,after_pincness,41068
file,202202,1186,after_fitstat,41068
file,202202,1186,after_theta,41068
file,202202,1186,after_dcedge,29124
file,202202,1186,after_finite,29124
file,202202,1186,after_cell_selection,27666
file,202202,1187,input_entries,86929
file,202202,1187,after_match_status,86929
file,202202,1187,after_pincness,86929
file,202202,1187,after_fitstat,86929
file,202202,1187,after_theta,86929
file,202202,1187,after_dcedge,61732
file,202202,1187,after_finite,61732
file,202202,1187,after_cell_selection,59375
file,202202,1188,input_entries,194732
file,202202,1188,after_match_status,194732
file,202202,1188,after_pincness,194732
file,202202,1188,after_fitstat,194732
file,202202,1188,after_theta,194732
file,202202,1188,after_dcedge,138987
file,202202,1188,after_finite,138987
file,202202,1188,after_cell_selection,129271
file,202202,1189,input_entries,316221
file,202202,1189,after_match_status,316221
file,202202,1189,after_pincness,316221
file,202202,1189,after_fitstat,316221
file,202202,1189,after_theta,316221
file,202202,1189,after_dcedge,226498
file,202202,1189,after_finite,226498
file,202202,1189,after_cell_selection,201727
file,202202,1190,input_entries,203591
file,202202,1190,after_match_status,203591
file,202202,1190,after_pincness,203591
file,202202,1190,after_fitstat,203591
file,202202,1190,after_theta,203591
file,202202,1190,after_dcedge,145861
file,202202,1190,after_finite,145861
file,202202,1190,after_cell_selection,135623
file,202202,1191,input_entries,101986
file,202202,1191,after_match_status,101986
file,202202,1191,after_pincness,101986
file,202202,1191,after_fitstat,101986
file,202202,1191,after_theta,101986
file,202202,1191,after_dcedge,72586
file,202202,1191,after_finite,72586
file,202202,1191,after_cell_selection,70034
file,202202,1192,input_entries,83236
file,202202,1192,after_match_status,83236
file,202202,1192,after_pincness,83236
file,202202,1192,after_fitstat,83236
file,202202,1192,after_theta,83236
file,202202,1192,after_dcedge,59181
file,202202,1192,after_finite,59181
file,202202,1192,after_cell_selection,57057
file,202202,1193,input_entries,130188
file,202202,1193,after_match_status,130188
file,202202,1193,after_pincness,130188
file,202202,1193,after_fitstat,130188
file,202202,1193,after_theta,130188
file,202202,1193,after_dcedge,92434
file,202202,1193,after_finite,92434
file,202202,1193,after_cell_selection,88321
file,202202,1194,input_entries,248543
file,202202,1194,after_match_status,248543
file,202202,1194,after_pincness,248543
file,202202,1194,after_fitstat,248543
file,202202,1194,after_theta,248543
file,202202,1194,after_dcedge,176863
file,202202,1194,after_finite,176863
file,202202,1194,after_cell_selection,161701
file,202202,1195,input_entries,245997
file,202202,1195,after_match_status,245997
file,202202,1195,after_pincness,245997
file,202202,1195,after_fitstat,245997
file,202202,1195,after_theta,245997
file,202202,1195,after_dcedge,174640
file,202202,1195,after_finite,174640
file,202202,1195,after_cell_selection,160132
file,202202,1196,input_entries,134503
file,202202,1196,after_match_status,134503
file,202202,1196,after_pincness,134503
file,202202,1196,after_fitstat,134503
file,202202,1196,after_theta,134503
file,202202,1196,after_dcedge,95640
file,202202,1196,after_finite,95640
file,202202,1196,after_cell_selection,91409
file,202202,1197,input_entries,71433
file,202202,1197,after_match_status,71433
file,202202,1197,after_pincness,71433
file,202202,1197,after_fitstat,71433
file,202202,1197,after_theta,71433
file,202202,1197,after_dcedge,50862
file,202202,1197,after_finite,50862
file,202202,1197,after_cell_selection,48923
file,202202,1198,input_entries,36315
file,202202,1198,after_match_status,36315
file,202202,1198,after_pincness,36315
file,202202,1198,after_fitstat,36315
file,202202,1198,after_theta,36315
file,202202,1198,after_dcedge,26018
file,202202,1198,after_finite,26018
file,202202,1198,after_cell_selection,24652
file,202202,1199,input_entries,24839
file,202202,1199,after_match_status,24839
file,202202,1199,after_pincness,24839
file,202202,1199,after_fitstat,24839
file,202202,1199,after_theta,24839
file,202202,1199,after_dcedge,17814
file,202202,1199,after_finite,17814
file,202202,1199,after_cell_selection,16697
file,202202,1200,input_entries,24203
file,202202,1200,after_match_status,24203
file,202202,1200,after_pincness,24203
file,202202,1200,after_fitstat,24203
file,202202,1200,after_theta,24203
file,202202,1200,after_dcedge,17173
file,202202,1200,after_finite,17173
file,202202,1200,after_cell_selection,16138
file,202202,1201,input_entries,24566
file,202202,1201,after_match_status,24566
file,202202,1201,after_pincness,24566
file,202202,1201,after_fitstat,24566
file,202202,1201,after_theta,24566
file,202202,1201,after_dcedge,17438
file,202202,1201,after_finite,17438
file,202202,1201,after_cell_selection,16329
file,202202,1202,input_entries,23557
file,202202,1202,after_match_status,23557
file,202202,1202,after_pincness,23557
file,202202,1202,after_fitstat,23557
file,202202,1202,after_theta,23557
file,202202,1202,after_dcedge,16842
file,202202,1202,after_finite,16842
file,202202,1202,after_cell_selection,15806
file,202202,1203,input_entries,10948
file,202202,1203,after_match_status,10948
file,202202,1203,after_pincness,10948
file,202202,1203,after_fitstat,10948
file,202202,1203,after_theta,10948
file,202202,1203,after_dcedge,7856
file,202202,1203,after_finite,7856
file,202202,1203,after_cell_selection,7416
file,202202,1204,input_entries,13637
file,202202,1204,after_match_status,13637
file,202202,1204,after_pincness,13637
file,202202,1204,after_fitstat,13637
file,202202,1204,after_theta,13637
file,202202,1204,after_dcedge,9661
file,202202,1204,after_finite,9661
file,202202,1204,after_cell_selection,9013
file,202202,1205,input_entries,26109
file,202202,1205,after_match_status,26109
file,202202,1205,after_pincness,26109
file,202202,1205,after_fitstat,26109
file,202202,1205,after_theta,26109
file,202202,1205,after_dcedge,18712
file,202202,1205,after_finite,18712
file,202202,1205,after_cell_selection,17576
file,202202,1206,input_entries,43823
file,202202,1206,after_match_status,43823
file,202202,1206,after_pincness,43823
file,202202,1206,after_fitstat,43823
file,202202,1206,after_theta,43823
file,202202,1206,after_dcedge,31151
file,202202,1206,after_finite,31151
file,202202,1206,after_cell_selection,29687
file,202202,1207,input_entries,92235
file,202202,1207,after_match_status,92235
file,202202,1207,after_pincness,92235
file,202202,1207,after_fitstat,92235
file,202202,1207,after_theta,92235
file,202202,1207,after_dcedge,65460
file,202202,1207,after_finite,65460
file,202202,1207,after_cell_selection,62943
file,202202,1208,input_entries,208117
file,202202,1208,after_match_status,208117
file,202202,1208,after_pincness,208117
file,202202,1208,after_fitstat,208117
file,202202,1208,after_theta,208117
file,202202,1208,after_dcedge,148419
file,202202,1208,after_finite,148419
file,202202,1208,after_cell_selection,137279
file,202202,1209,input_entries,330783
file,202202,1209,after_match_status,330783
file,202202,1209,after_pincness,330783
file,202202,1209,after_fitstat,330783
file,202202,1209,after_theta,330783
file,202202,1209,after_dcedge,236892
file,202202,1209,after_finite,236892
file,202202,1209,after_cell_selection,210983
file,202202,1210,input_entries,195707
file,202202,1210,after_match_status,195707
file,202202,1210,after_pincness,195707
file,202202,1210,after_fitstat,195707
file,202202,1210,after_theta,195707
file,202202,1210,after_dcedge,139688
file,202202,1210,after_finite,139688
file,202202,1210,after_cell_selection,130565
file,202202,1211,input_entries,97988
file,202202,1211,after_match_status,97988
file,202202,1211,after_pincness,97988
file,202202,1211,after_fitstat,97988
file,202202,1211,after_theta,97988
file,202202,1211,after_dcedge,69623
file,202202,1211,after_finite,69623
file,202202,1211,after_cell_selection,67219
file,202202,1212,input_entries,83766
file,202202,1212,after_match_status,83766
file,202202,1212,after_pincness,83766
file,202202,1212,after_fitstat,83766
file,202202,1212,after_theta,83766
file,202202,1212,after_dcedge,59522
file,202202,1212,after_finite,59522
file,202202,1212,after_cell_selection,57302
file,202202,1213,input_entries,136727
file,202202,1213,after_match_status,136727
file,202202,1213,after_pincness,136727
file,202202,1213,after_fitstat,136727
file,202202,1213,after_theta,136727
file,202202,1213,after_dcedge,97087
file,202202,1213,after_finite,97087
file,202202,1213,after_cell_selection,92753
file,202202,1214,input_entries,253786
file,202202,1214,after_match_status,253786
file,202202,1214,after_pincness,253786
file,202202,1214,after_fitstat,253786
file,202202,1214,after_theta,253786
file,202202,1214,after_dcedge,180428
file,202202,1214,after_finite,180428
file,202202,1214,after_cell_selection,164716
file,202202,1215,input_entries,241226
file,202202,1215,after_match_status,241226
file,202202,1215,after_pincness,241226
file,202202,1215,after_fitstat,241226
file,202202,1215,after_theta,241226
file,202202,1215,after_dcedge,171657
file,202202,1215,after_finite,171657
file,202202,1215,after_cell_selection,157670
file,202202,1216,input_entries,131669
file,202202,1216,after_match_status,131669
file,202202,1216,after_pincness,131669
file,202202,1216,after_fitstat,131669
file,202202,1216,after_theta,131669
file,202202,1216,after_dcedge,93157
file,202202,1216,after_finite,93157
file,202202,1216,after_cell_selection,89223
file,202202,1217,input_entries,64812
file,202202,1217,after_match_status,64812
file,202202,1217,after_pincness,64812
file,202202,1217,after_fitstat,64812
file,202202,1217,after_theta,64812
file,202202,1217,after_dcedge,45941
file,202202,1217,after_finite,45941
file,202202,1217,after_cell_selection,44161
file,202202,1218,input_entries,34726
file,202202,1218,after_match_status,34726
file,202202,1218,after_pincness,34726
file,202202,1218,after_fitstat,34726
file,202202,1218,after_theta,34726
file,202202,1218,after_dcedge,24892
file,202202,1218,after_finite,24892
file,202202,1218,after_cell_selection,23676
file,202202,1219,input_entries,24520
file,202202,1219,after_match_status,24520
file,202202,1219,after_pincness,24520
file,202202,1219,after_fitstat,24520
file,202202,1219,after_theta,24520
file,202202,1219,after_dcedge,17530
file,202202,1219,after_finite,17530
file,202202,1219,after_cell_selection,16420
file,202202,1220,input_entries,23823
file,202202,1220,after_match_status,23823
file,202202,1220,after_pincness,23823
file,202202,1220,after_fitstat,23823
file,202202,1220,after_theta,23823
file,202202,1220,after_dcedge,17012
file,202202,1220,after_finite,17012
file,202202,1220,after_cell_selection,15946
file,202202,1221,input_entries,24431
file,202202,1221,after_match_status,24431
file,202202,1221,after_pincness,24431
file,202202,1221,after_fitstat,24431
file,202202,1221,after_theta,24431
file,202202,1221,after_dcedge,17401
file,202202,1221,after_finite,17401
file,202202,1221,after_cell_selection,16356
file,202202,1222,input_entries,24724
file,202202,1222,after_match_status,24724
file,202202,1222,after_pincness,24724
file,202202,1222,after_fitstat,24724
file,202202,1222,after_theta,24724
file,202202,1222,after_dcedge,17682
file,202202,1222,after_finite,17682
file,202202,1222,after_cell_selection,16562
file,202202,1223,input_entries,3990
file,202202,1223,after_match_status,3990
file,202202,1223,after_pincness,3990
file,202202,1223,after_fitstat,3990
file,202202,1223,after_theta,3990
file,202202,1223,after_dcedge,2856
file,202202,1223,after_finite,2856
file,202202,1223,after_cell_selection,2687
file,202202,1224,input_entries,23797
file,202202,1224,after_match_status,23797
file,202202,1224,after_pincness,23797
file,202202,1224,after_fitstat,23797
file,202202,1224,after_theta,23797
file,202202,1224,after_dcedge,16993
file,202202,1224,after_finite,16993
file,202202,1224,after_cell_selection,15952
file,202202,1225,input_entries,25725
file,202202,1225,after_match_status,25725
file,202202,1225,after_pincness,25725
file,202202,1225,after_fitstat,25725
file,202202,1225,after_theta,25725
file,202202,1225,after_dcedge,18322
file,202202,1225,after_finite,18322
file,202202,1225,after_cell_selection,17235
file,202202,1226,input_entries,25509
file,202202,1226,after_match_status,25509
file,202202,1226,after_pincness,25509
file,202202,1226,after_fitstat,25509
file,202202,1226,after_theta,25509
file,202202,1226,after_dcedge,18235
file,202202,1226,after_finite,18235
file,202202,1226,after_cell_selection,17055
file,202202,1227,input_entries,27813
file,202202,1227,after_match_status,27813
file,202202,1227,after_pincness,27813
file,202202,1227,after_fitstat,27813
file,202202,1227,after_theta,27813
file,202202,1227,after_dcedge,19728
file,202202,1227,after_finite,19728
file,202202,1227,after_cell_selection,18454
file,202202,1228,input_entries,46423
file,202202,1228,after_match_status,46423
file,202202,1228,after_pincness,46423
file,202202,1228,after_fitstat,46423
file,202202,1228,after_theta,46423
file,202202,1228,after_dcedge,32820
file,202202,1228,after_finite,32820
file,202202,1228,after_cell_selection,31346
file,202202,1229,input_entries,98864
file,202202,1229,after_match_status,98864
file,202202,1229,after_pincness,98864
file,202202,1229,after_fitstat,98864
file,202202,1229,after_theta,98864
file,202202,1229,after_dcedge,69949
file,202202,1229,after_finite,69949
file,202202,1229,after_cell_selection,67182
file,202202,1230,input_entries,228247
file,202202,1230,after_match_status,228247
file,202202,1230,after_pincness,228247
file,202202,1230,after_fitstat,228247
file,202202,1230,after_theta,228247
file,202202,1230,after_dcedge,163095
file,202202,1230,after_finite,163095
file,202202,1230,after_cell_selection,150352
file,202202,1231,input_entries,332776
file,202202,1231,after_match_status,332776
file,202202,1231,after_pincness,332776
file,202202,1231,after_fitstat,332776
file,202202,1231,after_theta,332776
file,202202,1231,after_dcedge,238501
file,202202,1231,after_finite,238501
file,202202,1231,after_cell_selection,212578
file,202202,1232,input_entries,183551
file,202202,1232,after_match_status,183551
file,202202,1232,after_pincness,183551
file,202202,1232,after_fitstat,183551
file,202202,1232,after_theta,183551
file,202202,1232,after_dcedge,131024
file,202202,1232,after_finite,131024
file,202202,1232,after_cell_selection,122961
file,202202,1233,input_entries,98091
file,202202,1233,after_match_status,98091
file,202202,1233,after_pincness,98091
file,202202,1233,after_fitstat,98091
file,202202,1233,after_theta,98091
file,202202,1233,after_dcedge,69612
file,202202,1233,after_finite,69612
file,202202,1233,after_cell_selection,67124
file,202202,1234,input_entries,88221
file,202202,1234,after_match_status,88221
file,202202,1234,after_pincness,88221
file,202202,1234,after_fitstat,88221
file,202202,1234,after_theta,88221
file,202202,1234,after_dcedge,62689
file,202202,1234,after_finite,62689
file,202202,1234,after_cell_selection,60471
file,202202,1235,input_entries,142395
file,202202,1235,after_match_status,142395
file,202202,1235,after_pincness,142395
file,202202,1235,after_fitstat,142395
file,202202,1235,after_theta,142395
file,202202,1235,after_dcedge,100631
file,202202,1235,after_finite,100631
file,202202,1235,after_cell_selection,95905
file,202202,1236,input_entries,268453
file,202202,1236,after_match_status,268453
file,202202,1236,after_pincness,268453
file,202202,1236,after_fitstat,268453
file,202202,1236,after_theta,268453
file,202202,1236,after_dcedge,191161
file,202202,1236,after_finite,191161
file,202202,1236,after_cell_selection,173994
file,202202,1237,input_entries,245811
file,202202,1237,after_match_status,245811
file,202202,1237,after_pincness,245811
file,202202,1237,after_fitstat,245811
file,202202,1237,after_theta,245811
file,202202,1237,after_dcedge,174902
file,202202,1237,after_finite,174902
file,202202,1237,after_cell_selection,161055
file,202202,1238,input_entries,128513
file,202202,1238,after_match_status,128513
file,202202,1238,after_pincness,128513
file,202202,1238,after_fitstat,128513
file,202202,1238,after_theta,128513
file,202202,1238,after_dcedge,91118
file,202202,1238,after_finite,91118
file,202202,1238,after_cell_selection,87430
file,202202,1239,input_entries,65961
file,202202,1239,after_match_status,65961
file,202202,1239,after_pincness,65961
file,202202,1239,after_fitstat,65961
file,202202,1239,after_theta,65961
file,202202,1239,after_dcedge,46955
file,202202,1239,after_finite,46955
file,202202,1239,after_cell_selection,45159
file,202202,1240,input_entries,35325
file,202202,1240,after_match_status,35325
file,202202,1240,after_pincness,35325
file,202202,1240,after_fitstat,35325
file,202202,1240,after_theta,35325
file,202202,1240,after_dcedge,25402
file,202202,1240,after_finite,25402
file,202202,1240,after_cell_selection,24007
file,202202,1241,input_entries,25122
file,202202,1241,after_match_status,25122
file,202202,1241,after_pincness,25122
file,202202,1241,after_fitstat,25122
file,202202,1241,after_theta,25122
file,202202,1241,after_dcedge,17994
file,202202,1241,after_finite,17994
file,202202,1241,after_cell_selection,16832
file,202202,1242,input_entries,24676
file,202202,1242,after_match_status,24676
file,202202,1242,after_pincness,24676
file,202202,1242,after_fitstat,24676
file,202202,1242,after_theta,24676
file,202202,1242,after_dcedge,17398
file,202202,1242,after_finite,17398
file,202202,1242,after_cell_selection,16331
file,202202,1243,input_entries,25340
file,202202,1243,after_match_status,25340
file,202202,1243,after_pincness,25340
file,202202,1243,after_fitstat,25340
file,202202,1243,after_theta,25340
file,202202,1243,after_dcedge,18035
file,202202,1243,after_finite,18035
file,202202,1243,after_cell_selection,16950
file,202202,1244,input_entries,303
file,202202,1244,after_match_status,303
file,202202,1244,after_pincness,303
file,202202,1244,after_fitstat,303
file,202202,1244,after_theta,303
file,202202,1244,after_dcedge,213
file,202202,1244,after_finite,213
file,202202,1244,after_cell_selection,197
file,202202,1245,input_entries,3945
file,202202,1245,after_match_status,3945
file,202202,1245,after_pincness,3945
file,202202,1245,after_fitstat,3945
file,202202,1245,after_theta,3945
file,202202,1245,after_dcedge,2726
file,202202,1245,after_finite,2726
file,202202,1245,after_cell_selection,2550
file,202202,1246,input_entries,276
file,202202,1246,after_match_status,276
file,202202,1246,after_pincness,276
file,202202,1246,after_fitstat,276
file,202202,1246,after_theta,276
file,202202,1246,after_dcedge,202
file,202202,1246,after_finite,202
file,202202,1246,after_cell_selection,190
file,202202,1247,input_entries,25046
file,202202,1247,after_match_status,25046
file,202202,1247,after_pincness,25046
file,202202,1247,after_fitstat,25046
file,202202,1247,after_theta,25046
file,202202,1247,after_dcedge,17747
file,202202,1247,after_finite,17747
file,202202,1247,after_cell_selection,16702
file,202202,1248,input_entries,24904
file,202202,1248,after_match_status,24904
file,202202,1248,after_pincness,24904
file,202202,1248,after_fitstat,24904
file,202202,1248,after_theta,24904
file,202202,1248,after_dcedge,17851
file,202202,1248,after_finite,17851
file,202202,1248,after_cell_selection,16729
file,202202,1249,input_entries,24667
file,202202,1249,after_match_status,24667
file,202202,1249,after_pincness,24667
file,202202,1249,after_fitstat,24667
file,202202,1249,after_theta,24667
file,202202,1249,after_dcedge,17573
file,202202,1249,after_finite,17573
file,202202,1249,after_cell_selection,16540
file,202202,1250,input_entries,27452
file,202202,1250,after_match_status,27452
file,202202,1250,after_pincness,27452
file,202202,1250,after_fitstat,27452
file,202202,1250,after_theta,27452
file,202202,1250,after_dcedge,19569
file,202202,1250,after_finite,19569
file,202202,1250,after_cell_selection,18350
file,202202,1251,input_entries,48759
file,202202,1251,after_match_status,48759
file,202202,1251,after_pincness,48759
file,202202,1251,after_fitstat,48759
file,202202,1251,after_theta,48759
file,202202,1251,after_dcedge,34797
file,202202,1251,after_finite,34797
file,202202,1251,after_cell_selection,33195
file,202202,1252,input_entries,105106
file,202202,1252,after_match_status,105106
file,202202,1252,after_pincness,105106
file,202202,1252,after_fitstat,105106
file,202202,1252,after_theta,105106
file,202202,1252,after_dcedge,74546
file,202202,1252,after_finite,74546
file,202202,1252,after_cell_selection,71531
file,202202,1253,input_entries,238406
file,202202,1253,after_match_status,238406
file,202202,1253,after_pincness,238406
file,202202,1253,after_fitstat,238406
file,202202,1253,after_theta,238406
file,202202,1253,after_dcedge,170420
file,202202,1253,after_finite,170420
file,202202,1253,after_cell_selection,156389
file,202202,1254,input_entries,327218
file,202202,1254,after_match_status,327218
file,202202,1254,after_pincness,327218
file,202202,1254,after_fitstat,327218
file,202202,1254,after_theta,327218
file,202202,1254,after_dcedge,234306
file,202202,1254,after_finite,234306
file,202202,1254,after_cell_selection,209138
file,202202,1255,input_entries,177638
file,202202,1255,after_match_status,177638
file,202202,1255,after_pincness,177638
file,202202,1255,after_fitstat,177638
file,202202,1255,after_theta,177638
file,202202,1255,after_dcedge,126515
file,202202,1255,after_finite,126515
file,202202,1255,after_cell_selection,119162
file,202202,1256,input_entries,97221
file,202202,1256,after_match_status,97221
file,202202,1256,after_pincness,97221
file,202202,1256,after_fitstat,97221
file,202202,1256,after_theta,97221
file,202202,1256,after_dcedge,68957
file,202202,1256,after_finite,68957
file,202202,1256,after_cell_selection,66607
file,202202,1257,input_entries,87839
file,202202,1257,after_match_status,87839
file,202202,1257,after_pincness,87839
file,202202,1257,after_fitstat,87839
file,202202,1257,after_theta,87839
file,202202,1257,after_dcedge,62422
file,202202,1257,after_finite,62422
file,202202,1257,after_cell_selection,60115
