source_file_id,status,yyyymm,relative_path,obs_path,time_path,event_entries,time_entries,common_entries,entry_mismatch,selected_rows,parquet_relative_path,matched_mjd_min,matched_mjd_max,matched_mjd_start_utc_yyyymm,matched_mjd_end_utc_yyyymm,matched_span_seconds,matched_gap_count,matched_gap_seconds,rough_live_time_seconds,selected_mjd_min,selected_mjd_max
0,processed,202201,0101/Esg20220101_00.root,/mnt/mydisk/WCDA_observation_eval/0101/Esg20220101_00.root,/mnt/mydisk/WCDA_observation_eval/recovered_time/0101/Esg20220101_00.time.root,318133,318133,318133,False,199913,obs_events/yyyymm=202201/part-000000.parquet,59579.6669078,59579.7080534,202112,202112,3554.9835905,6,495.673131198,3059.3104593,59579.6669078,59579.7080534
1,processed,202201,0101/Esg20220101_01.root,/mnt/mydisk/WCDA_observation_eval/0101/Esg20220101_01.root,/mnt/mydisk/WCDA_observation_eval/recovered_time/0101/Esg20220101_01.time.root,155486,155486,155486,False,104565,obs_events/yyyymm=202201/part-000001.parquet,59579.7085167,59579.7495953,202112,202112,3549.19261218,5,422.142864671,3127.04974751,59579.7085167,59579.7495953
2,processed,202201,0101/Esg20220101_02.root,/mnt/mydisk/WCDA_observation_eval/0101/Esg20220101_02.root,/mnt/mydisk/WCDA_observation_eval/recovered_time/0101/Esg20220101_02.time.root,86920,86920,86920,False,59822,obs_events/yyyymm=202201/part-000002.parquet,59579.7500637,59579.7916164,202112,202112,3590.15430536,6,511.951802205,3078.20250315,59579.7500637,59579.7916164
3,processed,202201,0101/Esg20220101_03.root,/mnt/mydisk/WCDA_observation_eval/0101/Esg20220101_03.root,/mnt/mydisk/WCDA_observation_eval/recovered_time/0101/Esg20220101_03.time.root,89838,89838,89838,False,61572,obs_events/yyyymm=202201/part-000003.parquet,59579.7920873,59579.83305,202112,202112,3539.18375855,3,298.531596526,3240.65216202,59579.7920873,59579.83305
4,processed,202201,0101/Esg20220101_04.root,/mnt/mydisk/WCDA_observation_eval/0101/Esg20220101_04.root,/mnt/mydisk/WCDA_observation_eval/recovered_time/0101/Esg20220101_04.time.root,163844,163844,163844,False,109698,obs_events/yyyymm=202201/part-000004.parquet,59579.833532,59579.8745126,202112,202112,3540.72800183,5,420.903238398,3119.82476343,59579.833532,59579.8745125
5,processed,202201,0101/Esg20220101_05.root,/mnt/mydisk/WCDA_observation_eval/0101/Esg20220101_05.root,/mnt/mydisk/WCDA_observation_eval/recovered_time/0101/Esg20220101_05.time.root,284462,284462,284462,False,180900,obs_events/yyyymm=202201/part-000005.parquet,59579.8749576,59579.916358,202112,202112,3576.99036298,5,413.504111487,3163.48625149,59579.8749577,59579.9163578
6,processed,202201,0101/Esg20220101_06.root,/mnt/mydisk/WCDA_observation_eval/0101/Esg20220101_06.root,/mnt/mydisk/WCDA_observation_eval/recovered_time/0101/Esg20220101_06.time.root,209176,209176,209176,False,137229,obs_events/yyyymm=202201/part-000006.parquet,59579.916794,59579.9582573,202112,202112,3582.43337937,10,834.485277068,2747.9481023,59579.916794,59579.9582573
7,processed,202201,0101/Esg20220101_07.root,/mnt/mydisk/WCDA_observation_eval/0101/Esg20220101_07.root,/mnt/mydisk/WCDA_observation_eval/recovered_time/0101/Esg20220101_07.time.root,104053,104053,104053,False,71148,obs_events/yyyymm=202201/part-000007.parquet,59579.9586982,59579.9998184,202112,202112,3552.79066712,6,511.491641379,3041.29902574,59579.9586982,59579.9998184
8,processed,202201,0101/Esg20220101_08.root,/mnt/mydisk/WCDA_observation_eval/0101/Esg20220101_08.root,/mnt/mydisk/WCDA_observation_eval/recovered_time/0101/Esg20220101_08.time.root,52471,52471,52471,False,35970,obs_events/yyyymm=202201/part-000008.parquet,59580.0002753,59580.0414344,202201,202201,3556.14701395,6,516.17594508,3039.97106887,59580.0002753,59580.0414344
9,processed,202201,0101/Esg20220101_09.root,/mnt/mydisk/WCDA_observation_eval/0101/Esg20220101_09.root,/mnt/mydisk/WCDA_observation_eval/recovered_time/0101/Esg20220101_09.time.root,28109,28109,28109,False,18838,obs_events/yyyymm=202201/part-000009.parquet,59580.0419291,59580.0830678,202201,202201,3554.38573051,8,733.822747855,2820.56298265,59580.0419291,59580.0830677
10,processed,202201,0101/Esg20220101_10.root,/mnt/mydisk/WCDA_observation_eval/0101/Esg20220101_10.root,/mnt/mydisk/WCDA_observation_eval/recovered_time/0101/Esg20220101_10.time.root,23341,23341,23341,False,15643,obs_events/yyyymm=202201/part-000010.parquet,59580.0835377,59580.124792,202201,202201,3564.37225475,3,259.806155926,3304.56609882,59580.0835377,59580.124792
11,processed,202201,0101/Esg20220101_11.root,/mnt/mydisk/WCDA_observation_eval/0101/Esg20220101_11.root,/mnt/mydisk/WCDA_observation_eval/recovered_time/0101/Esg20220101_11.time.root,22481,22481,22481,False,14924,obs_events/yyyymm=202201/part-000011.parquet,59580.1252704,59580.166461,202201,202201,3558.87050552,5,432.231420767,3126.63908475,59580.1252704,59580.166461
12,processed,202201,0101/Esg20220101_12.root,/mnt/mydisk/WCDA_observation_eval/0101/Esg20220101_12.root,/mnt/mydisk/WCDA_observation_eval/recovered_time/0101/Esg20220101_12.time.root,21758,21758,21758,False,14476,obs_events/yyyymm=202201/part-000012.parquet,59580.16694,59580.2079164,202201,202201,3540.35792111,9,817.453713343,2722.90420777,59580.16694,59580.2079163
13,processed,202201,0101/Esg20220101_13.root,/mnt/mydisk/WCDA_observation_eval/0101/Esg20220101_13.root,/mnt/mydisk/WCDA_observation_eval/recovered_time/0101/Esg20220101_13.time.root,22793,22793,22793,False,15040,obs_events/yyyymm=202201/part-000013.parquet,59580.2083951,59580.2495141,202201,202201,3552.67761766,8,682.554949215,2870.12266845,59580.2083951,59580.2495141
14,processed,202201,0101/Esg20220101_14.root,/mnt/mydisk/WCDA_observation_eval/0101/Esg20220101_14.root,/mnt/mydisk/WCDA_observation_eval/recovered_time/0101/Esg20220101_14.time.root,2749,2749,2749,False,1845,obs_events/yyyymm=202201/part-000014.parquet,59580.2499942,59580.2544403,202201,202201,384.137324989,1,84.7708569607,299.366468028,59580.2499942,59580.2544403
15,processed,202201,0101/Esg20220101_16.root,/mnt/mydisk/WCDA_observation_eval/0101/Esg20220101_16.root,/mnt/mydisk/WCDA_observation_eval/recovered_time/0101/Esg20220101_16.time.root,4963,4963,4963,False,3285,obs_events/yyyymm=202201/part-000015.parquet,59580.3664416,59580.3747984,202201,202201,722.030220414,0,0,722.030220414,59580.3664416,59580.3747984
16,processed,202201,0101/Esg20220101_17.root,/mnt/mydisk/WCDA_observation_eval/0101/Esg20220101_17.root,/mnt/mydisk/WCDA_observation_eval/recovered_time/0101/Esg20220101_17.time.root,23137,23137,23137,False,15289,obs_events/yyyymm=202201/part-000016.parquet,59580.3752842,59580.4161429,202201,202201,3530.19834096,4,339.370458573,3190.82788238,59580.3752842,59580.4161429
17,processed,202201,0101/Esg20220101_18.root,/mnt/mydisk/WCDA_observation_eval/0101/Esg20220101_18.root,/mnt/mydisk/WCDA_observation_eval/recovered_time/0101/Esg20220101_18.time.root,23196,23196,23196,False,15386,obs_events/yyyymm=202201/part-000017.parquet,59580.4166256,59580.4581305,202201,202201,3586.02306268,3,298.402888211,3287.62017447,59580.4166256,59580.4581305
18,processed,202201,0101/Esg20220101_19.root,/mnt/mydisk/WCDA_observation_eval/0101/Esg20220101_19.root,/mnt/mydisk/WCDA_observation_eval/recovered_time/0101/Esg20220101_19.time.root,23261,23261,23261,False,15434,obs_events/yyyymm=202201/part-000018.parquet,59580.4586192,59580.4997869,202201,202201,3556.88747338,5,426.881351089,3130.00612229,59580.4586192,59580.4997869
19,processed,202201,0101/Esg20220101_20.root,/mnt/mydisk/WCDA_observation_eval/0101/Esg20220101_20.root,/mnt/mydisk/WCDA_observation_eval/recovered_time/0101/Esg20220101_20.time.root,27117,27117,27117,False,18049,obs_events/yyyymm=202201/part-000019.parquet,59580.5002698,59580.5415775,202201,202201,3568.98506228,6,513.5300186,3055.45504368,59580.5002698,59580.5415775
20,processed,202201,0101/Esg20220101_21.root,/mnt/mydisk/WCDA_observation_eval/0101/Esg20220101_21.root,/mnt/mydisk/WCDA_observation_eval/recovered_time/0101/Esg20220101_21.time.root,51036,51036,51036,False,34431,obs_events/yyyymm=202201/part-000020.parquet,59580.54207,59580.582897,202201,202201,3527.45236473,7,597.051502182,2930.40086254,59580.54207,59580.582897
21,processed,202201,0101/Esg20220101_22.root,/mnt/mydisk/WCDA_observation_eval/0101/Esg20220101_22.root,/mnt/mydisk/WCDA_observation_eval/recovered_time/0101/Esg20220101_22.time.root,115743,115743,115743,False,77839,obs_events/yyyymm=202201/part-000021.parquet,59580.5833791,59580.6247417,202201,202201,3573.7360084,8,720.736087044,2852.99992135,59580.5833791,59580.6247417
22,processed,202201,0101/Esg20220101_23.root,/mnt/mydisk/WCDA_observation_eval/0101/Esg20220101_23.root,/mnt/mydisk/WCDA_observation_eval/recovered_time/0101/Esg20220101_23.time.root,275581,275581,275581,False,175541,obs_events/yyyymm=202201/part-000022.parquet,59580.6252122,59580.6661695,202201,202201,3538.71415362,4,331.434009341,3207.28014428,59580.6252122,59580.6661695
23,processed,202201,0102/Esg20220102_00.root,/mnt/mydisk/WCDA_observation_eval/0102/Esg20220102_00.root,/mnt/mydisk/WCDA_observation_eval/recovered_time/0102/Esg20220102_00.time.root,316091,316091,316091,False,198900,obs_events/yyyymm=202201/part-000023.parquet,59580.6666101,59580.7080661,202201,202201,3581.79542203,4,329.347530263,3252.44789177,59580.6666101,59580.708066
24,processed,202201,0102/Esg20220102_01.root,/mnt/mydisk/WCDA_observation_eval/0102/Esg20220102_01.root,/mnt/mydisk/WCDA_observation_eval/recovered_time/0102/Esg20220102_01.time.root,148283,148283,148283,False,100119,obs_events/yyyymm=202201/part-000024.parquet,59580.7085089,59580.7499066,202201,202201,3576.75553788,4,337.397183594,3239.35835429,59580.708509,59580.7499066
25,processed,202201,0102/Esg20220102_02.root,/mnt/mydisk/WCDA_observation_eval/0102/Esg20220102_02.root,/mnt/mydisk/WCDA_observation_eval/recovered_time/0102/Esg20220102_02.time.root,83343,83343,83343,False,57151,obs_events/yyyymm=202201/part-000025.parquet,59580.7503603,59580.7912256,202201,202201,3530.75689317,8,678.940066136,2851.81682704,59580.7503603,59580.7912256
26,processed,202201,0102/Esg20220102_03.root,/mnt/mydisk/WCDA_observation_eval/0102/Esg20220102_03.root,/mnt/mydisk/WCDA_observation_eval/recovered_time/0102/Esg20220102_03.time.root,91737,91737,91737,False,62859,obs_events/yyyymm=202201/part-000026.parquet,59580.7916742,59580.8330179,202201,202201,3572.09551425,6,508.238050598,3063.85746365,59580.7916742,59580.8330179
27,processed,202201,0102/Esg20220102_04.root,/mnt/mydisk/WCDA_observation_eval/0102/Esg20220102_04.root,/mnt/mydisk/WCDA_observation_eval/recovered_time/0102/Esg20220102_04.time.root,177240,177240,177240,False,117998,obs_events/yyyymm=202201/part-000027.parquet,59580.8334543,59580.8748223,202201,202201,3574.19567385,3,252.492709877,3321.70296398,59580.8334543,59580.8748223
28,processed,202201,0102/Esg20220102_05.root,/mnt/mydisk/WCDA_observation_eval/0102/Esg20220102_05.root,/mnt/mydisk/WCDA_observation_eval/recovered_time/0102/Esg20220102_05.time.root,292138,292138,292138,False,185126,obs_events/yyyymm=202201/part-000028.parquet,59580.875246,59580.9166031,202201,202201,3573.25427507,1,82.2185070952,3491.03576797,59580.875246,59580.9166031
29,processed,202201,0102/Esg20220102_06.root,/mnt/mydisk/WCDA_observation_eval/0102/Esg20220102_06.root,/mnt/mydisk/WCDA_observation_eval/recovered_time/0102/Esg20220102_06.time.root,211728,211728,211728,False,139355,obs_events/yyyymm=202201/part-000029.parquet,59580.917021,59580.9578573,202201,202201,3528.25837147,1,82.5765291927,3445.68184228,59580.917021,59580.9578573
30,processed,202201,0102/Esg20220102_07.root,/mnt/mydisk/WCDA_observation_eval/0102/Esg20220102_07.root,/mnt/mydisk/WCDA_observation_eval/recovered_time/0102/Esg20220102_07.time.root,100778,100778,100778,False,68587,obs_events/yyyymm=202201/part-000030.parquet,59580.9582835,59580.9997417,202201,202201,3581.9913662,7,637.91039153,2944.08097467,59580.9582835,59580.9997417
31,processed,202201,0102/Esg20220102_08.root,/mnt/mydisk/WCDA_observation_eval/0102/Esg20220102_08.root,/mnt/mydisk/WCDA_observation_eval/recovered_time/0102/Esg20220102_08.time.root,51270,51270,51270,False,34988,obs_events/yyyymm=202201/part-000031.parquet,59581.0001828,59581.0412107,202201,202201,3544.81199384,2,170.896315807,3373.91567803,59581.0001828,59581.0412105
32,processed,202201,0102/Esg20220102_09.root,/mnt/mydisk/WCDA_observation_eval/0102/Esg20220102_09.root,/mnt/mydisk/WCDA_observation_eval/recovered_time/0102/Esg20220102_09.time.root,28677,28677,28677,False,19329,obs_events/yyyymm=202201/part-000032.parquet,59581.0416513,59581.0832529,202201,202201,3594.37588085,6,516.253612004,3078.12226885,59581.0416513,59581.0832523
33,processed,202201,0102/Esg20220102_10.root,/mnt/mydisk/WCDA_observation_eval/0102/Esg20220102_10.root,/mnt/mydisk/WCDA_observation_eval/recovered_time/0102/Esg20220102_10.time.root,22670,22670,22670,False,14950,obs_events/yyyymm=202201/part-000033.parquet,59581.0836811,59581.1248582,202201,202201,3557.69381393,6,517.465290078,3040.22852385,59581.0836811,59581.1248582
34,processed,202201,0102/Esg20220102_11.root,/mnt/mydisk/WCDA_observation_eval/0102/Esg20220102_11.root,/mnt/mydisk/WCDA_observation_eval/recovered_time/0102/Esg20220102_11.time.root,22455,22455,22455,False,14870,obs_events/yyyymm=202201/part-000034.parquet,59581.1252934,59581.1663504,202201,202201,3547.32685962,5,431.445734273,3115.88112535,59581.1252934,59581.1663504
35,processed,202201,0102/Esg20220102_12.root,/mnt/mydisk/WCDA_observation_eval/0102/Esg20220102_12.root,/mnt/mydisk/WCDA_observation_eval/recovered_time/0102/Esg20220102_12.time.root,22849,22849,22849,False,15261,obs_events/yyyymm=202201/part-000035.parquet,59581.1668471,59581.208212,202201,202201,3573.92872889,5,427.717494965,3146.21123392,59581.1668471,59581.208212
36,processed,202201,0102/Esg20220102_13.root,/mnt/mydisk/WCDA_observation_eval/0102/Esg20220102_13.root,/mnt/mydisk/WCDA_observation_eval/recovered_time/0102/Esg20220102_13.time.root,22546,22546,22546,False,14950,obs_events/yyyymm=202201/part-000036.parquet,59581.2086485,59581.2496866,202201,202201,3545.69350246,9,764.643669873,2781.04983259,59581.2086485,59581.2496866
37,processed,202201,0102/Esg20220102_14.root,/mnt/mydisk/WCDA_observation_eval/0102/Esg20220102_14.root,/mnt/mydisk/WCDA_observation_eval/recovered_time/0102/Esg20220102_14.time.root,747,747,747,False,516,obs_events/yyyymm=202201/part-000037.parquet,59581.2501179,59581.2516501,202201,202201,132.374968473,2,211.567412596,0,59581.2501179,59581.2516501
38,processed,202201,0102/Esg20220102_16.root,/mnt/mydisk/WCDA_observation_eval/0102/Esg20220102_16.root,/mnt/mydisk/WCDA_observation_eval/recovered_time/0102/Esg20220102_16.time.root,6628,6628,6628,False,4369,obs_events/yyyymm=202201/part-000038.parquet,59581.360092,59581.3747767,202201,202201,1268.75836537,3,504.546476877,764.211888495,59581.360092,59581.3747767
39,processed,202201,0102/Esg20220102_17.root,/mnt/mydisk/WCDA_observation_eval/0102/Esg20220102_17.root,/mnt/mydisk/WCDA_observation_eval/recovered_time/0102/Esg20220102_17.time.root,23150,23150,23150,False,15258,obs_events/yyyymm=202201/part-000039.parquet,59581.3751983,59581.4163026,202201,202201,3551.41460462,5,463.012338476,3088.40226615,59581.3751983,59581.4163026
40,processed,202201,0102/Esg20220102_18.root,/mnt/mydisk/WCDA_observation_eval/0102/Esg20220102_18.root,/mnt/mydisk/WCDA_observation_eval/recovered_time/0102/Esg20220102_18.time.root,23639,23639,23639,False,15763,obs_events/yyyymm=202201/part-000040.parquet,59581.416788,59581.45827,202201,202201,3584.04414123,5,418.192039942,3165.85210129,59581.416788,59581.45827
41,processed,202201,0102/Esg20220102_19.root,/mnt/mydisk/WCDA_observation_eval/0102/Esg20220102_19.root,/mnt/mydisk/WCDA_observation_eval/recovered_time/0102/Esg20220102_19.time.root,22748,22748,22748,False,15070,obs_events/yyyymm=202201/part-000041.parquet,59581.4586957,59581.4996235,202201,202201,3536.1546674,7,593.382081203,2942.7725862,59581.4586957,59581.4996235
42,processed,202201,0102/Esg20220102_20.root,/mnt/mydisk/WCDA_observation_eval/0102/Esg20220102_20.root,/mnt/mydisk/WCDA_observation_eval/recovered_time/0102/Esg20220102_20.time.root,29277,29277,29277,False,19515,obs_events/yyyymm=202201/part-000042.parquet,59581.5000478,59581.5415537,202201,202201,3586.11138384,3,254.329849756,3331.78153408,59581.5000478,59581.5415536
43,processed,202201,0102/Esg20220102_21.root,/mnt/mydisk/WCDA_observation_eval/0102/Esg20220102_21.root,/mnt/mydisk/WCDA_observation_eval/recovered_time/0102/Esg20220102_21.time.root,55809,55809,55809,False,37848,obs_events/yyyymm=202201/part-000043.parquet,59581.5419909,59581.5832346,202201,202201,3563.45403024,3,255.048827827,3308.40520242,59581.5419909,59581.5832345
44,processed,202201,0102/Esg20220102_22.root,/mnt/mydisk/WCDA_observation_eval/0102/Esg20220102_22.root,/mnt/mydisk/WCDA_observation_eval/recovered_time/0102/Esg20220102_22.time.root,119756,119756,119756,False,80854,obs_events/yyyymm=202201/part-000044.parquet,59581.5836652,59581.6248766,202201,202201,3560.67122624,11,1011.18424195,2549.48698429,59581.5836652,59581.6248766
45,processed,202201,0102/Esg20220102_23.root,/mnt/mydisk/WCDA_observation_eval/0102/Esg20220102_23.root,/mnt/mydisk/WCDA_observation_eval/recovered_time/0102/Esg20220102_23.time.root,286588,286588,286588,False,182062,obs_events/yyyymm=202201/part-000045.parquet,59581.6252888,59581.6664744,202201,202201,3558.43724494,6,491.359637445,3067.0776075,59581.6252888,59581.6664744
46,processed,202201,0103/Esg20220103_00.root,/mnt/mydisk/WCDA_observation_eval/0103/Esg20220103_00.root,/mnt/mydisk/WCDA_observation_eval/recovered_time/0103/Esg20220103_00.time.root,307580,307580,307580,False,194887,obs_events/yyyymm=202201/part-000046.parquet,59581.6668538,59581.7078952,202201,202201,3545.97457303,4,326.397368987,3219.57720404,59581.6668538,59581.7078952
47,processed,202201,0103/Esg20220103_01.root,/mnt/mydisk/WCDA_observation_eval/0103/Esg20220103_01.root,/mnt/mydisk/WCDA_observation_eval/recovered_time/0103/Esg20220103_01.time.root,143465,143465,143465,False,97442,obs_events/yyyymm=202201/part-000047.parquet,59581.708301,59581.7498186,202201,202201,3587.11625542,4,333.068059897,3254.04819553,59581.708301,59581.7498186
48,processed,202201,0103/Esg20220103_02.root,/mnt/mydisk/WCDA_observation_eval/0103/Esg20220103_02.root,/mnt/mydisk/WCDA_observation_eval/recovered_time/0103/Esg20220103_02.time.root,84970,84970,84970,False,58504,obs_events/yyyymm=202201/part-000048.parquet,59581.7502487,59581.7912375,202201,202201,3541.43268142,5,420.376833715,3121.05584771,59581.7502487,59581.7912375
49,processed,202201,0103/Esg20220103_03.root,/mnt/mydisk/WCDA_observation_eval/0103/Esg20220103_03.root,/mnt/mydisk/WCDA_observation_eval/recovered_time/0103/Esg20220103_03.time.root,95501,95501,95501,False,65278,obs_events/yyyymm=202201/part-000049.parquet,59581.7916909,59581.8331015,202201,202201,3577.87883068,6,546.123459167,3031.75537151,59581.7916909,59581.8331015
50,processed,202201,0103/Esg20220103_04.root,/mnt/mydisk/WCDA_observation_eval/0103/Esg20220103_04.root,/mnt/mydisk/WCDA_observation_eval/recovered_time/0103/Esg20220103_04.time.root,184713,184713,184713,False,122809,obs_events/yyyymm=202201/part-000050.parquet,59581.8335557,59581.8748655,202201,202201,3569.17053766,6,495.457803458,3073.7127342,59581.8335557,59581.8748655
51,processed,202201,0103/Esg20220103_05.root,/mnt/mydisk/WCDA_observation_eval/0103/Esg20220103_05.root,/mnt/mydisk/WCDA_observation_eval/recovered_time/0103/Esg20220103_05.time.root,289084,289084,289084,False,183353,obs_events/yyyymm=202201/part-000051.parquet,59581.8752999,59581.916519,202201,202201,3561.3310924,6,487.403517659,3073.92757474,59581.8752999,59581.916519
52,processed,202201,0103/Esg20220103_06.root,/mnt/mydisk/WCDA_observation_eval/0103/Esg20220103_06.root,/mnt/mydisk/WCDA_observation_eval/recovered_time/0103/Esg20220103_06.time.root,202118,202118,202118,False,133471,obs_events/yyyymm=202201/part-000052.parquet,59581.9169596,59581.9580884,202201,202201,3553.52929467,5,409.693345847,3143.83594883,59581.9169597,59581.9580883
53,processed,202201,0103/Esg20220103_07.root,/mnt/mydisk/WCDA_observation_eval/0103/Esg20220103_07.root,/mnt/mydisk/WCDA_observation_eval/recovered_time/0103/Esg20220103_07.time.root,97703,97703,97703,False,66586,obs_events/yyyymm=202201/part-000053.parquet,59581.9585515,59581.9997059,202201,202201,3555.73931462,5,416.115597147,3139.62371747,59581.9585515,59581.9997059
54,processed,202201,0103/Esg20220103_08.root,/mnt/mydisk/WCDA_observation_eval/0103/Esg20220103_08.root,/mnt/mydisk/WCDA_observation_eval/recovered_time/0103/Esg20220103_08.time.root,49808,49808,49808,False,33915,obs_events/yyyymm=202201/part-000054.parquet,59582.0001682,59582.0413279,202201,202201,3556.19797362,5,462.129783793,3094.06818983,59582.0001682,59582.0413279
55,processed,202201,0103/Esg20220103_09.root,/mnt/mydisk/WCDA_observation_eval/0103/Esg20220103_09.root,/mnt/mydisk/WCDA_observation_eval/recovered_time/0103/Esg20220103_09.time.root,27906,27906,27906,False,18725,obs_events/yyyymm=202201/part-000055.parquet,59582.0418022,59582.0829751,202201,202201,3557.33620171,8,673.938842886,2883.39735882,59582.0418022,59582.0829751
56,processed,202201,0103/Esg20220103_10.root,/mnt/mydisk/WCDA_observation_eval/0103/Esg20220103_10.root,/mnt/mydisk/WCDA_observation_eval/recovered_time/0103/Esg20220103_10.time.root,23550,23550,23550,False,15735,obs_events/yyyymm=202201/part-000056.parquet,59582.0834432,59582.124701,202201,202201,3564.67902486,5,422.477902961,3142.2011219,59582.0834432,59582.124701
57,processed,202201,0103/Esg20220103_11.root,/mnt/mydisk/WCDA_observation_eval/0103/Esg20220103_11.root,/mnt/mydisk/WCDA_observation_eval/recovered_time/0103/Esg20220103_11.time.root,23641,23641,23641,False,15784,obs_events/yyyymm=202201/part-000057.parquet,59582.1251557,59582.1662945,202201,202201,3554.39495898,2,168.125482416,3386.26947657,59582.1251557,59582.1662945
58,processed,202201,0103/Esg20220103_12.root,/mnt/mydisk/WCDA_observation_eval/0103/Esg20220103_12.root,/mnt/mydisk/WCDA_observation_eval/recovered_time/0103/Esg20220103_12.time.root,23071,23071,23071,False,15313,obs_events/yyyymm=202201/part-000058.parquet,59582.1667596,59582.2078968,202201,202201,3554.2517856,7,632.209697622,2922.04208798,59582.1667596,59582.2078968
59,processed,202201,0103/Esg20220103_13.root,/mnt/mydisk/WCDA_observation_eval/0103/Esg20220103_13.root,/mnt/mydisk/WCDA_observation_eval/recovered_time/0103/Esg20220103_13.time.root,22696,22696,22696,False,15242,obs_events/yyyymm=202201/part-000059.parquet,59582.2083786,59582.2487621,202201,202201,3489.13320587,8,670.212323545,2818.92088233,59582.2083786,59582.2487621
60,processed,202201,0103/Esg20220103_16.root,/mnt/mydisk/WCDA_observation_eval/0103/Esg20220103_16.root,/mnt/mydisk/WCDA_observation_eval/recovered_time/0103/Esg20220103_16.time.root,8203,8203,8203,False,5402,obs_events/yyyymm=202201/part-000060.parquet,59582.3610338,59582.3745426,202201,202201,1167.1612242,0,0,1167.1612242,59582.3610338,59582.3745426
61,processed,202201,0103/Esg20220103_17.root,/mnt/mydisk/WCDA_observation_eval/0103/Esg20220103_17.root,/mnt/mydisk/WCDA_observation_eval/recovered_time/0103/Esg20220103_17.time.root,23745,23745,23745,False,15731,obs_events/yyyymm=202201/part-000061.parquet,59582.3750161,59582.4165795,202201,202201,3591.07503123,5,416.218169639,3174.85686159,59582.3750161,59582.4165795
62,processed,202201,0103/Esg20220103_18.root,/mnt/mydisk/WCDA_observation_eval/0103/Esg20220103_18.root,/mnt/mydisk/WCDA_observation_eval/recovered_time/0103/Esg20220103_18.time.root,24328,24328,24328,False,16246,obs_events/yyyymm=202201/part-000062.parquet,59582.4170457,59582.4581746,202201,202201,3553.53393846,1,83.5363509832,3469.99758747,59582.4170457,59582.4581746
63,processed,202201,0103/Esg20220103_19.root,/mnt/mydisk/WCDA_observation_eval/0103/Esg20220103_19.root,/mnt/mydisk/WCDA_observation_eval/recovered_time/0103/Esg20220103_19.time.root,24204,24204,24204,False,16056,obs_events/yyyymm=202201/part-000063.parquet,59582.4586237,59582.4999138,202201,202201,3567.4590182,3,250.996907288,3316.46211091,59582.4586238,59582.4999138
64,processed,202201,0103/Esg20220103_20.root,/mnt/mydisk/WCDA_observation_eval/0103/Esg20220103_20.root,/mnt/mydisk/WCDA_observation_eval/recovered_time/0103/Esg20220103_20.time.root,30170,30170,30170,False,20223,obs_events/yyyymm=202201/part-000064.parquet,59582.5003774,59582.5411558,202201,202201,3523.25365108,4,333.46608819,3189.78756289,59582.5003774,59582.5411558
65,processed,202201,0103/Esg20220103_21.root,/mnt/mydisk/WCDA_observation_eval/0103/Esg20220103_21.root,/mnt/mydisk/WCDA_observation_eval/recovered_time/0103/Esg20220103_21.time.root,58955,58955,58955,False,39826,obs_events/yyyymm=202201/part-000065.parquet,59582.5416332,59582.5828545,202201,202201,3561.51601961,5,415.326210461,3146.18980915,59582.5416332,59582.5828545
66,processed,202201,0103/Esg20220103_22.root,/mnt/mydisk/WCDA_observation_eval/0103/Esg20220103_22.root,/mnt/mydisk/WCDA_observation_eval/recovered_time/0103/Esg20220103_22.time.root,135033,135033,135033,False,90927,obs_events/yyyymm=202201/part-000066.parquet,59582.58332,59582.6245832,202201,202201,3565.14197057,6,494.789680699,3070.35228987,59582.58332,59582.6245832
67,processed,202201,0103/Esg20220103_23.root,/mnt/mydisk/WCDA_observation_eval/0103/Esg20220103_23.root,/mnt/mydisk/WCDA_observation_eval/recovered_time/0103/Esg20220103_23.time.root,306804,306804,306804,False,194467,obs_events/yyyymm=202201/part-000067.parquet,59582.6250389,59582.6662719,202201,202201,3562.53404743,5,402.818348561,3159.71569887,59582.6250389,59582.6662719
68,processed,202201,0104/Esg20220104_00.root,/mnt/mydisk/WCDA_observation_eval/0104/Esg20220104_00.root,/mnt/mydisk/WCDA_observation_eval/recovered_time/0104/Esg20220104_00.time.root,296297,296297,296297,False,188377,obs_events/yyyymm=202201/part-000068.parquet,59582.6666998,59582.7079155,202201,202201,3561.03736914,8,642.162735318,2918.87463382,59582.6666998,59582.7079155
69,processed,202201,0104/Esg20220104_01.root,/mnt/mydisk/WCDA_observation_eval/0104/Esg20220104_01.root,/mnt/mydisk/WCDA_observation_eval/recovered_time/0104/Esg20220104_01.time.root,139533,139533,139533,False,94723,obs_events/yyyymm=202201/part-000069.parquet,59582.7083613,59582.7495617,202201,202201,3559.7111203,2,164.258041489,3395.45307881,59582.7083613,59582.7495617
70,processed,202201,0104/Esg20220104_02.root,/mnt/mydisk/WCDA_observation_eval/0104/Esg20220104_02.root,/mnt/mydisk/WCDA_observation_eval/recovered_time/0104/Esg20220104_02.time.root,87740,87740,87740,False,60013,obs_events/yyyymm=202201/part-000070.parquet,59582.7500302,59582.7913553,202201,202201,3570.48625611,1,81.796682789,3488.68957332,59582.7500302,59582.7913553
71,processed,202201,0104/Esg20220104_03.root,/mnt/mydisk/WCDA_observation_eval/0104/Esg20220104_03.root,/mnt/mydisk/WCDA_observation_eval/recovered_time/0104/Esg20220104_03.time.root,103121,103121,103121,False,70622,obs_events/yyyymm=202201/part-000071.parquet,59582.7918012,59582.8331449,202201,202201,3572.099073,3,245.4662845,3326.6327885,59582.7918012,59582.8331449
72,processed,202201,0104/Esg20220104_04.root,/mnt/mydisk/WCDA_observation_eval/0104/Esg20220104_04.root,/mnt/mydisk/WCDA_observation_eval/recovered_time/0104/Esg20220104_04.time.root,196570,196570,196570,False,129912,obs_events/yyyymm=202201/part-000072.parquet,59582.8335868,59582.8748442,202201,202201,3564.63834664,6,480.100470618,3084.53787602,59582.8335868,59582.8748442
73,processed,202201,0104/Esg20220104_05.root,/mnt/mydisk/WCDA_observation_eval/0104/Esg20220104_05.root,/mnt/mydisk/WCDA_observation_eval/recovered_time/0104/Esg20220104_05.time.root,297575,297575,297575,False,189468,obs_events/yyyymm=202201/part-000073.parquet,59582.8752528,59582.9162971,202201,202201,3546.23146034,5,393.988487357,3152.24297298,59582.8752528,59582.9162971
74,processed,202201,0104/Esg20220104_06.root,/mnt/mydisk/WCDA_observation_eval/0104/Esg20220104_06.root,/mnt/mydisk/WCDA_observation_eval/recovered_time/0104/Esg20220104_06.time.root,198859,198859,198859,False,131767,obs_events/yyyymm=202201/part-000074.parquet,59582.916694,59582.9578675,202201,202201,3557.39561787,6,482.253069081,3075.14254879,59582.916694,59582.9578675
75,processed,202201,0104/Esg20220104_07.root,/mnt/mydisk/WCDA_observation_eval/0104/Esg20220104_07.root,/mnt/mydisk/WCDA_observation_eval/recovered_time/0104/Esg20220104_07.time.root,95639,95639,95639,False,65018,obs_events/yyyymm=202201/part-000075.parquet,59582.958287,59582.9995631,202201,202201,3566.25400688,12,980.997547531,2585.25645935,59582.9582871,59582.9995631
76,processed,202201,0104/Esg20220104_08.root,/mnt/mydisk/WCDA_observation_eval/0104/Esg20220104_08.root,/mnt/mydisk/WCDA_observation_eval/recovered_time/0104/Esg20220104_08.time.root,49736,49736,49736,False,33805,obs_events/yyyymm=202201/part-000076.parquet,59583.0000009,59583.0414317,202201,202201,3579.61566872,7,577.772351447,3001.84331727,59583.0000009,59583.0414317
77,processed,202201,0104/Esg20220104_09.root,/mnt/mydisk/WCDA_observation_eval/0104/Esg20220104_09.root,/mnt/mydisk/WCDA_observation_eval/recovered_time/0104/Esg20220104_09.time.root,28847,28847,28847,False,19354,obs_events/yyyymm=202201/part-000077.parquet,59583.041861,59583.0828561,202201,202201,3541.98362203,6,538.650426501,3003.33319553,59583.041861,59583.0828561
78,processed,202201,0104/Esg20220104_10.root,/mnt/mydisk/WCDA_observation_eval/0104/Esg20220104_10.root,/mnt/mydisk/WCDA_observation_eval/recovered_time/0104/Esg20220104_10.time.root,24479,24479,24479,False,16244,obs_events/yyyymm=202201/part-000078.parquet,59583.0833332,59583.1248597,202201,202201,3587.88721471,8,665.846438077,2922.04077663,59583.0833332,59583.1248597
79,processed,202201,0104/Esg20220104_11.root,/mnt/mydisk/WCDA_observation_eval/0104/Esg20220104_11.root,/mnt/mydisk/WCDA_observation_eval/recovered_time/0104/Esg20220104_11.time.root,25151,25151,25151,False,16678,obs_events/yyyymm=202201/part-000079.parquet,59583.125325,59583.1663226,202201,202201,3542.19464986,3,248.670954932,3293.52369492,59583.125325,59583.1663226
80,processed,202201,0104/Esg20220104_12.root,/mnt/mydisk/WCDA_observation_eval/0104/Esg20220104_12.root,/mnt/mydisk/WCDA_observation_eval/recovered_time/0104/Esg20220104_12.time.root,24669,24669,24669,False,16309,obs_events/yyyymm=202201/part-000080.parquet,59583.1667993,59583.2081886,202201,202201,3576.03566903,5,456.165801105,3119.86986792,59583.1667993,59583.2081886
81,processed,202201,0104/Esg20220104_13.root,/mnt/mydisk/WCDA_observation_eval/0104/Esg20220104_13.root,/mnt/mydisk/WCDA_observation_eval/recovered_time/0104/Esg20220104_13.time.root,22638,22638,22638,False,15013,obs_events/yyyymm=202201/part-000081.parquet,59583.2086604,59583.246516,202201,202201,3270.71786535,6,494.646907761,2776.07095758,59583.2086604,59583.246516
82,processed,202201,0104/Esg20220104_16.root,/mnt/mydisk/WCDA_observation_eval/0104/Esg20220104_16.root,/mnt/mydisk/WCDA_observation_eval/recovered_time/0104/Esg20220104_16.time.root,10234,10234,10234,False,6787,obs_events/yyyymm=202201/part-000082.parquet,59583.3550377,59583.3747715,202201,202201,1704.99918277,3,497.147583822,1207.85159895,59583.3550377,59583.3747715
83,processed,202201,0104/Esg20220104_17.root,/mnt/mydisk/WCDA_observation_eval/0104/Esg20220104_17.root,/mnt/mydisk/WCDA_observation_eval/recovered_time/0104/Esg20220104_17.time.root,24891,24891,24891,False,16544,obs_events/yyyymm=202201/part-000083.parquet,59583.3752257,59583.4163035,202201,202201,3549.11830786,4,332.372439676,3216.74586819,59583.3752257,59583.4163035
84,processed,202201,0104/Esg20220104_18.root,/mnt/mydisk/WCDA_observation_eval/0104/Esg20220104_18.root,/mnt/mydisk/WCDA_observation_eval/recovered_time/0104/Esg20220104_18.time.root,25078,25078,25078,False,16602,obs_events/yyyymm=202201/part-000084.parquet,59583.4167641,59583.4580059,202201,202201,3563.29059822,4,333.907316183,3229.38328204,59583.4167641,59583.4580058
85,processed,202201,0104/Esg20220104_19.root,/mnt/mydisk/WCDA_observation_eval/0104/Esg20220104_19.root,/mnt/mydisk/WCDA_observation_eval/recovered_time/0104/Esg20220104_19.time.root,24595,24595,24595,False,16320,obs_events/yyyymm=202201/part-000085.parquet,59583.4584412,59583.4995361,202201,202201,3550.59811841,6,504.765802156,3045.83231625,59583.4584412,59583.4995361
86,processed,202201,0104/Esg20220104_20.root,/mnt/mydisk/WCDA_observation_eval/0104/Esg20220104_20.root,/mnt/mydisk/WCDA_observation_eval/recovered_time/0104/Esg20220104_20.time.root,32450,32450,32450,False,21735,obs_events/yyyymm=202201/part-000086.parquet,59583.4999792,59583.5413106,202201,202201,3571.03472489,4,338.041038858,3232.99368604,59583.4999792,59583.5413106
87,processed,202201,0104/Esg20220104_21.root,/mnt/mydisk/WCDA_observation_eval/0104/Esg20220104_21.root,/mnt/mydisk/WCDA_observation_eval/recovered_time/0104/Esg20220104_21.time.root,64045,64045,64045,False,43499,obs_events/yyyymm=202201/part-000087.parquet,59583.5417569,59583.5831603,202201,202201,3577.25246551,6,505.822423613,3071.4300419,59583.5417569,59583.5831603
88,processed,202201,0104/Esg20220104_22.root,/mnt/mydisk/WCDA_observation_eval/0104/Esg20220104_22.root,/mnt/mydisk/WCDA_observation_eval/recovered_time/0104/Esg20220104_22.time.root,140994,140994,140994,False,94803,obs_events/yyyymm=202201/part-000088.parquet,59583.5836003,59583.624602,202201,202201,3542.54404635,8,669.577509421,2872.96653693,59583.5836003,59583.624602
89,processed,202201,0104/Esg20220104_23.root,/mnt/mydisk/WCDA_observation_eval/0104/Esg20220104_23.root,/mnt/mydisk/WCDA_observation_eval/recovered_time/0104/Esg20220104_23.time.root,311730,311730,311730,False,197441,obs_events/yyyymm=202201/part-000089.parquet,59583.6250285,59583.6665157,202201,202201,3584.49028081,4,326.620625169,3257.86965564,59583.6250285,59583.6665157
90,processed,202201,0105/Esg20220105_00.root,/mnt/mydisk/WCDA_observation_eval/0105/Esg20220105_00.root,/mnt/mydisk/WCDA_observation_eval/recovered_time/0105/Esg20220105_00.time.root,288170,288170,288170,False,184825,obs_events/yyyymm=202201/part-000090.parquet,59583.6669251,59583.7082922,202201,202201,3574.12229616,4,327.08277062,3247.03952554,59583.6669251,59583.7082921
91,processed,202201,0105/Esg20220105_01.root,/mnt/mydisk/WCDA_observation_eval/0105/Esg20220105_01.root,/mnt/mydisk/WCDA_observation_eval/recovered_time/0105/Esg20220105_01.time.root,131826,131826,131826,False,89886,obs_events/yyyymm=202201/part-000091.parquet,59583.7082967,59583.7495423,202201,202201,3563.62553467,6,499.54486764,3064.08066703,59583.7082967,59583.7495423
92,processed,202201,0105/Esg20220105_02.root,/mnt/mydisk/WCDA_observation_eval/0105/Esg20220105_02.root,/mnt/mydisk/WCDA_observation_eval/recovered_time/0105/Esg20220105_02.time.root,84432,84432,84432,False,58014,obs_events/yyyymm=202201/part-000092.parquet,59583.7499838,59583.7912384,202201,202201,3564.39346327,8,668.676830339,2895.71663293,59583.7499838,59583.7912384
93,processed,202201,0105/Esg20220105_03.root,/mnt/mydisk/WCDA_observation_eval/0105/Esg20220105_03.root,/mnt/mydisk/WCDA_observation_eval/recovered_time/0105/Esg20220105_03.time.root,103752,103752,103752,False,70688,obs_events/yyyymm=202201/part-000093.parquet,59583.7916794,59583.833286,202201,202201,3594.80624779,6,542.095535807,3052.71071198,59583.7916794,59583.833286
94,processed,202201,0105/Esg20220105_04.root,/mnt/mydisk/WCDA_observation_eval/0105/Esg20220105_04.root,/mnt/mydisk/WCDA_observation_eval/recovered_time/0105/Esg20220105_04.time.root,208365,208365,208365,False,136977,obs_events/yyyymm=202201/part-000094.parquet,59583.8333031,59583.8749282,202201,202201,3596.40498434,4,330.024467222,3266.38051711,59583.8333031,59583.8749282
95,processed,202201,0105/Esg20220105_05.root,/mnt/mydisk/WCDA_observation_eval/0105/Esg20220105_05.root,/mnt/mydisk/WCDA_observation_eval/recovered_time/0105/Esg20220105_05.time.root,295117,295117,295117,False,187938,obs_events/yyyymm=202201/part-000095.parquet,59583.8753426,59583.9165164,202201,202201,3557.41523216,3,243.00540844,3314.40982372,59583.8753426,59583.9165164
96,processed,202201,0105/Esg20220105_06.root,/mnt/mydisk/WCDA_observation_eval/0105/Esg20220105_06.root,/mnt/mydisk/WCDA_observation_eval/recovered_time/0105/Esg20220105_06.time.root,193266,193266,193266,False,128634,obs_events/yyyymm=202201/part-000096.parquet,59583.9169391,59583.9581342,202201,202201,3559.25137061,1,83.1338838441,3476.11748676,59583.9169391,59583.9581342
97,processed,202201,0105/Esg20220105_07.root,/mnt/mydisk/WCDA_observation_eval/0105/Esg20220105_07.root,/mnt/mydisk/WCDA_observation_eval/recovered_time/0105/Esg20220105_07.time.root,93970,93970,93970,False,64366,obs_events/yyyymm=202201/part-000097.parquet,59583.9585799,59583.9998571,202201,202201,3566.34813985,3,292.73863798,3273.60950187,59583.9585799,59583.9998571
98,processed,202201,0105/Esg20220105_08.root,/mnt/mydisk/WCDA_observation_eval/0105/Esg20220105_08.root,/mnt/mydisk/WCDA_observation_eval/recovered_time/0105/Esg20220105_08.time.root,48035,48035,48035,False,32705,obs_events/yyyymm=202201/part-000098.parquet,59584.0003211,59584.0416202,202201,202201,3568.24596324,3,252.950147423,3315.29581582,59584.0003211,59584.0416202
99,processed,202201,0105/Esg20220105_09.root,/mnt/mydisk/WCDA_observation_eval/0105/Esg20220105_09.root,/mnt/mydisk/WCDA_observation_eval/recovered_time/0105/Esg20220105_09.time.root,28152,28152,28152,False,19014,obs_events/yyyymm=202201/part-000099.parquet,59584.0416383,59584.0828655,202201,202201,3562.02592368,5,421.747003309,3140.27892037,59584.0416384,59584.0828655
100,processed,202201,0105/Esg20220105_10.root,/mnt/mydisk/WCDA_observation_eval/0105/Esg20220105_10.root,/mnt/mydisk/WCDA_observation_eval/recovered_time/0105/Esg20220105_10.time.root,24692,24692,24692,False,16485,obs_events/yyyymm=202201/part-000100.parquet,59584.0833269,59584.1246805,202201,202201,3572.95351415,3,254.647509847,3318.3060043,59584.0833269,59584.1246805
101,processed,202201,0105/Esg20220105_11.root,/mnt/mydisk/WCDA_observation_eval/0105/Esg20220105_11.root,/mnt/mydisk/WCDA_observation_eval/recovered_time/0105/Esg20220105_11.time.root,24298,24298,24298,False,16110,obs_events/yyyymm=202201/part-000101.parquet,59584.1251516,59584.1664786,202201,202201,3570.65307777,7,592.599675595,2978.05340218,59584.1251516,59584.1664786
102,processed,202201,0105/Esg20220105_12.root,/mnt/mydisk/WCDA_observation_eval/0105/Esg20220105_12.root,/mnt/mydisk/WCDA_observation_eval/recovered_time/0105/Esg20220105_12.time.root,24254,24254,24254,False,16218,obs_events/yyyymm=202201/part-000102.parquet,59584.1669414,59584.2080155,202201,202201,3548.79558594,5,419.975365489,3128.82022045,59584.1669415,59584.2080155
103,processed,202201,0105/Esg20220105_13.root,/mnt/mydisk/WCDA_observation_eval/0105/Esg20220105_13.root,/mnt/mydisk/WCDA_observation_eval/recovered_time/0105/Esg20220105_13.time.root,21400,21400,21400,False,14216,obs_events/yyyymm=202201/part-000103.parquet,59584.2084727,59584.243477,202201,202201,3024.3701112,2,167.631458491,2856.73865271,59584.2084727,59584.243477
104,processed,202201,0105/Esg20220105_18.root,/mnt/mydisk/WCDA_observation_eval/0105/Esg20220105_18.root,/mnt/mydisk/WCDA_observation_eval/recovered_time/0105/Esg20220105_18.time.root,24784,24784,24784,False,16341,obs_events/yyyymm=202201/part-000104.parquet,59584.4170226,59584.4578715,202201,202201,3529.34620441,6,496.49967507,3032.84652934,59584.4170226,59584.4578715
105,processed,202201,0105/Esg20220105_19.root,/mnt/mydisk/WCDA_observation_eval/0105/Esg20220105_19.root,/mnt/mydisk/WCDA_observation_eval/recovered_time/0105/Esg20220105_19.time.root,24951,24951,24951,False,16628,obs_events/yyyymm=202201/part-000105.parquet,59584.4583019,59584.4999396,202201,202201,3597.50241037,7,625.415746216,2972.08666415,59584.4583019,59584.4999396
106,processed,202201,0105/Esg20220105_20.root,/mnt/mydisk/WCDA_observation_eval/0105/Esg20220105_20.root,/mnt/mydisk/WCDA_observation_eval/recovered_time/0105/Esg20220105_20.time.root,34241,34241,34241,False,23094,obs_events/yyyymm=202201/part-000106.parquet,59584.4999883,59584.5412233,202201,202201,3562.70091499,4,333.425896545,3229.27501844,59584.4999883,59584.5412233
107,processed,202201,0105/Esg20220105_21.root,/mnt/mydisk/WCDA_observation_eval/0105/Esg20220105_21.root,/mnt/mydisk/WCDA_observation_eval/recovered_time/0105/Esg20220105_21.time.root,68311,68311,68311,False,46062,obs_events/yyyymm=202201/part-000107.parquet,59584.5416563,59584.5831747,202201,202201,3587.19073765,6,500.863745017,3086.32699263,59584.5416563,59584.5831747
108,processed,202201,0105/Esg20220105_22.root,/mnt/mydisk/WCDA_observation_eval/0105/Esg20220105_22.root,/mnt/mydisk/WCDA_observation_eval/recovered_time/0105/Esg20220105_22.time.root,157030,157030,157030,False,104898,obs_events/yyyymm=202201/part-000108.parquet,59584.5835922,59584.6248601,202201,202201,3565.55471665,3,248.361487314,3317.19322933,59584.5835922,59584.6248601
109,processed,202201,0106/Esg20220106_00.root,/mnt/mydisk/WCDA_observation_eval/0106/Esg20220106_00.root,/mnt/mydisk/WCDA_observation_eval/recovered_time/0106/Esg20220106_00.time.root,284360,284360,284360,False,182644,obs_events/yyyymm=202201/part-000109.parquet,59584.6666674,59584.708139,202201,202201,3583.15090276,1,82.058678451,3501.09222431,59584.6666674,59584.7081389
110,processed,202201,0106/Esg20220106_01.root,/mnt/mydisk/WCDA_observation_eval/0106/Esg20220106_01.root,/mnt/mydisk/WCDA_observation_eval/recovered_time/0106/Esg20220106_01.time.root,125244,125244,125244,False,85227,obs_events/yyyymm=202201/part-000110.parquet,59584.7085641,59584.7495678,202201,202201,3542.71878011,5,418.756355555,3123.96242456,59584.7085641,59584.7495678
111,processed,202201,0106/Esg20220106_02.root,/mnt/mydisk/WCDA_observation_eval/0106/Esg20220106_02.root,/mnt/mydisk/WCDA_observation_eval/recovered_time/0106/Esg20220106_02.time.root,87723,87723,87723,False,60105,obs_events/yyyymm=202201/part-000111.parquet,59584.7500016,59584.7916249,202201,202201,3596.25318283,2,168.851698679,3427.40148415,59584.7500016,59584.7916249
112,processed,202201,0106/Esg20220106_03.root,/mnt/mydisk/WCDA_observation_eval/0106/Esg20220106_03.root,/mnt/mydisk/WCDA_observation_eval/recovered_time/0106/Esg20220106_03.time.root,108308,108308,108308,False,73871,obs_events/yyyymm=202201/part-000112.parquet,59584.7920581,59584.8331499,202201,202201,3550.33198313,4,335.642627254,3214.68935588,59584.7920581,59584.8331499
113,processed,202201,0106/Esg20220106_04.root,/mnt/mydisk/WCDA_observation_eval/0106/Esg20220106_04.root,/mnt/mydisk/WCDA_observation_eval/recovered_time/0106/Esg20220106_04.time.root,212683,212683,212683,False,139354,obs_events/yyyymm=202201/part-000113.parquet,59584.8335799,59584.8746948,202201,202201,3552.33166425,4,374.020679877,3178.31098437,59584.8335799,59584.8746948
114,processed,202201,0106/Esg20220106_05.root,/mnt/mydisk/WCDA_observation_eval/0106/Esg20220106_05.root,/mnt/mydisk/WCDA_observation_eval/recovered_time/0106/Esg20220106_05.time.root,289391,289391,289391,False,184229,obs_events/yyyymm=202201/part-000114.parquet,59584.8751097,59584.9166221,202201,202201,3586.6682909,4,327.887623175,3258.78066772,59584.8751097,59584.9166221
115,processed,202201,0106/Esg20220106_06.root,/mnt/mydisk/WCDA_observation_eval/0106/Esg20220106_06.root,/mnt/mydisk/WCDA_observation_eval/recovered_time/0106/Esg20220106_06.time.root,178968,178968,178968,False,119455,obs_events/yyyymm=202201/part-000115.parquet,59584.9166173,59584.9581814,202201,202201,3591.14430766,5,459.094900335,3132.04940732,59584.9166173,59584.9581814
116,processed,202201,0106/Esg20220106_07.root,/mnt/mydisk/WCDA_observation_eval/0106/Esg20220106_07.root,/mnt/mydisk/WCDA_observation_eval/recovered_time/0106/Esg20220106_07.time.root,86514,86514,86514,False,58988,obs_events/yyyymm=202201/part-000116.parquet,59584.9586167,59584.9998858,202201,202201,3565.65008489,8,676.791888289,2888.8581966,59584.9586167,59584.9998858
117,processed,202201,0106/Esg20220106_08.root,/mnt/mydisk/WCDA_observation_eval/0106/Esg20220106_08.root,/mnt/mydisk/WCDA_observation_eval/recovered_time/0106/Esg20220106_08.time.root,45217,45217,45217,False,30651,obs_events/yyyymm=202201/part-000117.parquet,59585.0003373,59585.0411858,202201,202201,3529.31641303,3,256.293226127,3273.0231869,59585.0003373,59585.0411856
118,processed,202201,0106/Esg20220106_09.root,/mnt/mydisk/WCDA_observation_eval/0106/Esg20220106_09.root,/mnt/mydisk/WCDA_observation_eval/recovered_time/0106/Esg20220106_09.time.root,27624,27624,27624,False,18411,obs_events/yyyymm=202201/part-000118.parquet,59585.041647,59585.0830612,202201,202201,3578.18958701,4,343.157721148,3235.03186586,59585.041647,59585.0830609
119,processed,202201,0106/Esg20220106_10.root,/mnt/mydisk/WCDA_observation_eval/0106/Esg20220106_10.root,/mnt/mydisk/WCDA_observation_eval/recovered_time/0106/Esg20220106_10.time.root,23568,23568,23568,False,15528,obs_events/yyyymm=202201/part-000119.parquet,59585.0835403,59585.1244872,202201,202201,3537.81258124,6,515.694865538,3022.1177157,59585.0835403,59585.1244872
120,processed,202201,0106/Esg20220106_11.root,/mnt/mydisk/WCDA_observation_eval/0106/Esg20220106_11.root,/mnt/mydisk/WCDA_observation_eval/recovered_time/0106/Esg20220106_11.time.root,24093,24093,24093,False,15917,obs_events/yyyymm=202201/part-000120.parquet,59585.1249632,59585.1663867,202201,202201,3578.98958833,5,429.66111498,3149.32847335,59585.1249632,59585.1663866
121,processed,202201,0106/Esg20220106_12.root,/mnt/mydisk/WCDA_observation_eval/0106/Esg20220106_12.root,/mnt/mydisk/WCDA_observation_eval/recovered_time/0106/Esg20220106_12.time.root,24722,24722,24722,False,16411,obs_events/yyyymm=202201/part-000121.parquet,59585.1668732,59585.2081059,202201,202201,3562.5116558,2,171.134253941,3391.37740186,59585.1668732,59585.2081059
122,processed,202201,0106/Esg20220106_13.root,/mnt/mydisk/WCDA_observation_eval/0106/Esg20220106_13.root,/mnt/mydisk/WCDA_observation_eval/recovered_time/0106/Esg20220106_13.time.root,19059,19059,19059,False,12761,obs_events/yyyymm=202201/part-000122.parquet,59585.2085953,59585.2406396,202201,202201,2768.62948718,3,296.515182825,2472.11430436,59585.2085953,59585.2406396
123,processed,202201,0106/Esg20220106_16.root,/mnt/mydisk/WCDA_observation_eval/0106/Esg20220106_16.root,/mnt/mydisk/WCDA_observation_eval/recovered_time/0106/Esg20220106_16.time.root,13169,13169,13169,False,8793,obs_events/yyyymm=202201/part-000123.parquet,59585.3528851,59585.3747516,202201,202201,1889.26986214,2,167.072509602,1722.19735254,59585.3528851,59585.3747516
124,processed,202201,0106/Esg20220106_17.root,/mnt/mydisk/WCDA_observation_eval/0106/Esg20220106_17.root,/mnt/mydisk/WCDA_observation_eval/recovered_time/0106/Esg20220106_17.time.root,24520,24520,24520,False,16378,obs_events/yyyymm=202201/part-000124.parquet,59585.3752281,59585.4165437,202201,202201,3569.66752564,6,502.209870913,3067.45765472,59585.3752281,59585.4165437
125,processed,202201,0106/Esg20220106_18.root,/mnt/mydisk/WCDA_observation_eval/0106/Esg20220106_18.root,/mnt/mydisk/WCDA_observation_eval/recovered_time/0106/Esg20220106_18.time.root,24041,24041,24041,False,16011,obs_events/yyyymm=202201/part-000125.parquet,59585.4170183,59585.4579581,202201,202201,3537.19592546,9,755.148905818,2782.04701964,59585.4170183,59585.4579581
126,processed,202201,0106/Esg20220106_19.root,/mnt/mydisk/WCDA_observation_eval/0106/Esg20220106_19.root,/mnt/mydisk/WCDA_observation_eval/recovered_time/0106/Esg20220106_19.time.root,24852,24852,24852,False,16490,obs_events/yyyymm=202201/part-000126.parquet,59585.458435,59585.4995917,202201,202201,3555.94574329,7,590.047435113,2965.89830818,59585.458435,59585.4995917
127,processed,202201,0106/Esg20220106_20.root,/mnt/mydisk/WCDA_observation_eval/0106/Esg20220106_20.root,/mnt/mydisk/WCDA_observation_eval/recovered_time/0106/Esg20220106_20.time.root,34911,34911,34911,False,23519,obs_events/yyyymm=202201/part-000127.parquet,59585.5000778,59585.5413496,202201,202201,3565.88875351,4,337.490038527,3228.39871498,59585.5000778,59585.5413496
128,processed,202201,0106/Esg20220106_21.root,/mnt/mydisk/WCDA_observation_eval/0106/Esg20220106_21.root,/mnt/mydisk/WCDA_observation_eval/recovered_time/0106/Esg20220106_21.time.root,73514,73514,73514,False,49837,obs_events/yyyymm=202201/part-000128.parquet,59585.5418274,59585.5831474,202201,202201,3570.04535815,2,168.321121065,3401.72423709,59585.5418274,59585.5831474
129,processed,202201,0106/Esg20220106_22.root,/mnt/mydisk/WCDA_observation_eval/0106/Esg20220106_22.root,/mnt/mydisk/WCDA_observation_eval/recovered_time/0106/Esg20220106_22.time.root,157625,157625,157625,False,105201,obs_events/yyyymm=202201/part-000129.parquet,59585.5836234,59585.624563,202201,202201,3537.17851457,7,667.806935264,2869.37157931,59585.5836234,59585.624563
130,processed,202201,0106/Esg20220106_23.root,/mnt/mydisk/WCDA_observation_eval/0106/Esg20220106_23.root,/mnt/mydisk/WCDA_observation_eval/recovered_time/0106/Esg20220106_23.time.root,326890,326890,326890,False,206211,obs_events/yyyymm=202201/part-000130.parquet,59585.6250023,59585.6664777,202201,202201,3583.47054685,6,488.341463939,3095.12908291,59585.6250023,59585.6664777
131,processed,202201,0107/Esg20220107_00.root,/mnt/mydisk/WCDA_observation_eval/0107/Esg20220107_00.root,/mnt/mydisk/WCDA_observation_eval/recovered_time/0107/Esg20220107_00.time.root,261850,261850,261850,False,169069,obs_events/yyyymm=202201/part-000131.parquet,59585.6668914,59585.7078754,202201,202201,3541.01573539,6,490.858964995,3050.15677039,59585.6668914,59585.7078754
132,processed,202201,0107/Esg20220107_01.root,/mnt/mydisk/WCDA_observation_eval/0107/Esg20220107_01.root,/mnt/mydisk/WCDA_observation_eval/recovered_time/0107/Esg20220107_01.time.root,126060,126060,126060,False,86259,obs_events/yyyymm=202201/part-000132.parquet,59585.7083095,59585.7498078,202201,202201,3585.45322632,2,167.793395603,3417.65983072,59585.7083095,59585.7498078
133,processed,202201,0107/Esg20220107_02.root,/mnt/mydisk/WCDA_observation_eval/0107/Esg20220107_02.root,/mnt/mydisk/WCDA_observation_eval/recovered_time/0107/Esg20220107_02.time.root,84208,84208,84208,False,57758,obs_events/yyyymm=202201/part-000133.parquet,59585.7502396,59585.7912157,202201,202201,3540.33407606,6,503.86823297,3036.46584309,59585.7502396,59585.7912157
134,processed,202201,0107/Esg20220107_03.root,/mnt/mydisk/WCDA_observation_eval/0107/Esg20220107_03.root,/mnt/mydisk/WCDA_observation_eval/recovered_time/0107/Esg20220107_03.time.root,111737,111737,111737,False,75940,obs_events/yyyymm=202201/part-000134.parquet,59585.791641,59585.833106,202201,202201,3582.57632079,7,586.33107401,2996.24524678,59585.791641,59585.833106
135,processed,202201,0107/Esg20220107_04.root,/mnt/mydisk/WCDA_observation_eval/0107/Esg20220107_04.root,/mnt/mydisk/WCDA_observation_eval/recovered_time/0107/Esg20220107_04.time.root,225765,225765,225765,False,147781,obs_events/yyyymm=202201/part-000135.parquet,59585.8335042,59585.8748507,202201,202201,3572.3359393,6,495.281245373,3077.05469392,59585.8335042,59585.8748507
136,processed,202201,0107/Esg20220107_05.root,/mnt/mydisk/WCDA_observation_eval/0107/Esg20220107_05.root,/mnt/mydisk/WCDA_observation_eval/recovered_time/0107/Esg20220107_05.time.root,281929,281929,281929,False,180139,obs_events/yyyymm=202201/part-000136.parquet,59585.8752403,59585.9165205,202201,202201,3566.610673,8,650.595649495,2916.01502351,59585.8752403,59585.9165205
137,processed,202201,0107/Esg20220107_06.root,/mnt/mydisk/WCDA_observation_eval/0107/Esg20220107_06.root,/mnt/mydisk/WCDA_observation_eval/recovered_time/0107/Esg20220107_06.time.root,175638,175638,175638,False,117563,obs_events/yyyymm=202201/part-000137.parquet,59585.9169241,59585.9582398,202201,202201,3569.6764335,2,165.778370574,3403.89806293,59585.9169241,59585.9582398
138,processed,202201,0107/Esg20220107_07.root,/mnt/mydisk/WCDA_observation_eval/0107/Esg20220107_07.root,/mnt/mydisk/WCDA_observation_eval/recovered_time/0107/Esg20220107_07.time.root,83272,83272,83272,False,56874,obs_events/yyyymm=202201/part-000138.parquet,59585.9586551,59585.999619,202201,202201,3539.2753782,8,672.930815513,2866.34456269,59585.9586551,59585.999619
139,processed,202201,0107/Esg20220107_08.root,/mnt/mydisk/WCDA_observation_eval/0107/Esg20220107_08.root,/mnt/mydisk/WCDA_observation_eval/recovered_time/0107/Esg20220107_08.time.root,43884,43884,43884,False,29951,obs_events/yyyymm=202201/part-000139.parquet,59586.0000486,59586.041571,202201,202201,3587.53547338,6,507.68462182,3079.85085156,59586.0000486,59586.041571
140,processed,202201,0107/Esg20220107_09.root,/mnt/mydisk/WCDA_observation_eval/0107/Esg20220107_09.root,/mnt/mydisk/WCDA_observation_eval/recovered_time/0107/Esg20220107_09.time.root,27206,27206,27206,False,18271,obs_events/yyyymm=202201/part-000140.parquet,59586.0420039,59586.0830154,202201,202201,3543.39207786,3,254.206124693,3289.18595316,59586.0420039,59586.0830154
141,processed,202201,0107/Esg20220107_10.root,/mnt/mydisk/WCDA_observation_eval/0107/Esg20220107_10.root,/mnt/mydisk/WCDA_observation_eval/recovered_time/0107/Esg20220107_10.time.root,25071,25071,25071,False,16667,obs_events/yyyymm=202201/part-000141.parquet,59586.0834537,59586.1249314,202201,202201,3583.67128756,3,254.185998067,3329.4852895,59586.0834537,59586.1249314
142,processed,202201,0107/Esg20220107_11.root,/mnt/mydisk/WCDA_observation_eval/0107/Esg20220107_11.root,/mnt/mydisk/WCDA_observation_eval/recovered_time/0107/Esg20220107_11.time.root,24496,24496,24496,False,16254,obs_events/yyyymm=202201/part-000142.parquet,59586.1254233,59586.1664393,202201,202201,3543.78035779,3,255.567932082,3288.2124257,59586.1254233,59586.1664393
143,processed,202201,0107/Esg20220107_12.root,/mnt/mydisk/WCDA_observation_eval/0107/Esg20220107_12.root,/mnt/mydisk/WCDA_observation_eval/recovered_time/0107/Esg20220107_12.time.root,24584,24584,24584,False,16383,obs_events/yyyymm=202201/part-000143.parquet,59586.1668813,59586.2082221,202201,202201,3571.84825523,7,592.144880234,2979.703375,59586.1668813,59586.2082221
144,processed,202201,0107/Esg20220107_13.root,/mnt/mydisk/WCDA_observation_eval/0107/Esg20220107_13.root,/mnt/mydisk/WCDA_observation_eval/recovered_time/0107/Esg20220107_13.time.root,17162,17162,17162,False,11526,obs_events/yyyymm=202201/part-000144.parquet,59586.2086683,59586.237976,202201,202201,2532.18563288,6,547.236571717,1984.94906116,59586.2086683,59586.237976
145,processed,202201,0107/Esg20220107_16.root,/mnt/mydisk/WCDA_observation_eval/0107/Esg20220107_16.root,/mnt/mydisk/WCDA_observation_eval/recovered_time/0107/Esg20220107_16.time.root,14650,14650,14650,False,9669,obs_events/yyyymm=202201/part-000145.parquet,59586.3466542,59586.3749422,202201,202201,2444.08281287,6,714.047869574,1730.0349433,59586.3466542,59586.3749422
146,processed,202201,0107/Esg20220107_17.root,/mnt/mydisk/WCDA_observation_eval/0107/Esg20220107_17.root,/mnt/mydisk/WCDA_observation_eval/recovered_time/0107/Esg20220107_17.time.root,24778,24778,24778,False,16545,obs_events/yyyymm=202201/part-000146.parquet,59586.3749969,59586.4166115,202201,202201,3595.50285183,8,675.183760445,2920.31909139,59586.3749969,59586.4166115
147,processed,202201,0107/Esg20220107_18.root,/mnt/mydisk/WCDA_observation_eval/0107/Esg20220107_18.root,/mnt/mydisk/WCDA_observation_eval/recovered_time/0107/Esg20220107_18.time.root,24649,24649,24649,False,16393,obs_events/yyyymm=202201/part-000147.parquet,59586.4170359,59586.4579488,202201,202201,3534.87353814,4,339.260947122,3195.61259102,59586.4170359,59586.4579488
148,processed,202201,0107/Esg20220107_19.root,/mnt/mydisk/WCDA_observation_eval/0107/Esg20220107_19.root,/mnt/mydisk/WCDA_observation_eval/recovered_time/0107/Esg20220107_19.time.root,24678,24678,24678,False,16542,obs_events/yyyymm=202201/part-000148.parquet,59586.4583651,59586.4995339,202201,202201,3556.98920474,6,511.268866737,3045.72033801,59586.4583651,59586.4995339
149,processed,202201,0107/Esg20220107_20.root,/mnt/mydisk/WCDA_observation_eval/0107/Esg20220107_20.root,/mnt/mydisk/WCDA_observation_eval/recovered_time/0107/Esg20220107_20.time.root,36153,36153,36153,False,24275,obs_events/yyyymm=202201/part-000149.parquet,59586.4999551,59586.5412201,202201,202201,3565.2974905,4,340.761368349,3224.53612215,59586.4999551,59586.5412201
150,processed,202201,0107/Esg20220107_21.root,/mnt/mydisk/WCDA_observation_eval/0107/Esg20220107_21.root,/mnt/mydisk/WCDA_observation_eval/recovered_time/0107/Esg20220107_21.time.root,76210,76210,76210,False,51851,obs_events/yyyymm=202201/part-000150.parquet,59586.541637,59586.5830224,202201,202201,3575.69616549,3,255.580479163,3320.11568632,59586.541637,59586.5830224
151,processed,202201,0107/Esg20220107_22.root,/mnt/mydisk/WCDA_observation_eval/0107/Esg20220107_22.root,/mnt/mydisk/WCDA_observation_eval/recovered_time/0107/Esg20220107_22.time.root,171953,171953,171953,False,114285,obs_events/yyyymm=202201/part-000151.parquet,59586.5834306,59586.6249115,202201,202201,3583.95248638,5,419.650667114,3164.30181926,59586.5834306,59586.6249115
152,processed,202201,0107/Esg20220107_23.root,/mnt/mydisk/WCDA_observation_eval/0107/Esg20220107_23.root,/mnt/mydisk/WCDA_observation_eval/recovered_time/0107/Esg20220107_23.time.root,318967,318967,318967,False,200772,obs_events/yyyymm=202201/part-000152.parquet,59586.6253007,59586.6663601,202201,202201,3547.53042797,7,618.875777163,2928.65465081,59586.6253007,59586.6663601
153,processed,202201,0108/Esg20220108_00.root,/mnt/mydisk/WCDA_observation_eval/0108/Esg20220108_00.root,/mnt/mydisk/WCDA_observation_eval/recovered_time/0108/Esg20220108_00.time.root,244903,244903,244903,False,159195,obs_events/yyyymm=202201/part-000153.parquet,59586.6667489,59586.7082523,202201,202201,3585.89296506,6,584.655838553,3001.23712651,59586.6667489,59586.7082523
154,processed,202201,0108/Esg20220108_01.root,/mnt/mydisk/WCDA_observation_eval/0108/Esg20220108_01.root,/mnt/mydisk/WCDA_observation_eval/recovered_time/0108/Esg20220108_01.time.root,113625,113625,113625,False,77714,obs_events/yyyymm=202201/part-000154.parquet,59586.708662,59586.7496082,202201,202201,3537.75081458,5,465.588122886,3072.16269169,59586.7086621,59586.7496082
155,processed,202201,0108/Esg20220108_02.root,/mnt/mydisk/WCDA_observation_eval/0108/Esg20220108_02.root,/mnt/mydisk/WCDA_observation_eval/recovered_time/0108/Esg20220108_02.time.root,85498,85498,85498,False,58690,obs_events/yyyymm=202201/part-000155.parquet,59586.7500303,59586.79145,202201,202201,3578.65547917,3,254.790936573,3323.8645426,59586.7500303,59586.7914499
156,processed,202201,0108/Esg20220108_03.root,/mnt/mydisk/WCDA_observation_eval/0108/Esg20220108_03.root,/mnt/mydisk/WCDA_observation_eval/recovered_time/0108/Esg20220108_03.time.root,117269,117269,117269,False,79818,obs_events/yyyymm=202201/part-000156.parquet,59586.7918829,59586.8331784,202201,202201,3567.93688601,2,211.392096081,3356.54478993,59586.7918829,59586.8331784
157,processed,202201,0108/Esg20220108_04.root,/mnt/mydisk/WCDA_observation_eval/0108/Esg20220108_04.root,/mnt/mydisk/WCDA_observation_eval/recovered_time/0108/Esg20220108_04.time.root,225337,225337,225337,False,146797,obs_events/yyyymm=202201/part-000157.parquet,59586.8335972,59586.8748798,202201,202201,3566.81310413,10,828.454902791,2738.35820134,59586.8335972,59586.8748798
158,processed,202201,0108/Esg20220108_05.root,/mnt/mydisk/WCDA_observation_eval/0108/Esg20220108_05.root,/mnt/mydisk/WCDA_observation_eval/recovered_time/0108/Esg20220108_05.time.root,270937,270937,270937,False,173741,obs_events/yyyymm=202201/part-000158.parquet,59586.8752815,59586.9164734,202201,202201,3558.97792673,8,700.242902082,2858.73502465,59586.8752815,59586.9164734
159,processed,202201,0108/Esg20220108_06.root,/mnt/mydisk/WCDA_observation_eval/0108/Esg20220108_06.root,/mnt/mydisk/WCDA_observation_eval/recovered_time/0108/Esg20220108_06.time.root,1031,1031,1031,False,682,obs_events/yyyymm=202201/part-000159.parquet,59586.9169005,59586.916946,202201,202201,3.93808716908,0,0,3.93808716908,59586.9169005,59586.916946
160,processed,202201,0108/Esg20220108_07.root,/mnt/mydisk/WCDA_observation_eval/0108/Esg20220108_07.root,/mnt/mydisk/WCDA_observation_eval/recovered_time/0108/Esg20220108_07.time.root,2804,2804,2804,False,1900,obs_events/yyyymm=202201/part-000160.parquet,59586.9978395,59586.9993477,202201,202201,130.310569215,0,0,130.310569215,59586.9978395,59586.9993477
161,processed,202201,0108/Esg20220108_08.root,/mnt/mydisk/WCDA_observation_eval/0108/Esg20220108_08.root,/mnt/mydisk/WCDA_observation_eval/recovered_time/0108/Esg20220108_08.time.root,41959,41959,41959,False,28331,obs_events/yyyymm=202201/part-000161.parquet,59586.9998375,59587.0413044,202201,202201,3582.7379134,5,428.902429948,3153.83548345,59586.9998375,59587.0413044
162,processed,202201,0108/Esg20220108_09.root,/mnt/mydisk/WCDA_observation_eval/0108/Esg20220108_09.root,/mnt/mydisk/WCDA_observation_eval/recovered_time/0108/Esg20220108_09.time.root,24988,24988,24988,False,16772,obs_events/yyyymm=202201/part-000162.parquet,59587.0417925,59587.0831616,202201,202201,3574.28544844,9,858.81624925,2715.46919919,59587.0417925,59587.0831615
163,processed,202201,0108/Esg20220108_10.root,/mnt/mydisk/WCDA_observation_eval/0108/Esg20220108_10.root,/mnt/mydisk/WCDA_observation_eval/recovered_time/0108/Esg20220108_10.time.root,24749,24749,24749,False,16383,obs_events/yyyymm=202201/part-000163.parquet,59587.0836517,59587.1244981,202201,202201,3529.12995508,1,85.6787654338,3443.45118965,59587.0836517,59587.1244981
164,processed,202201,0108/Esg20220108_11.root,/mnt/mydisk/WCDA_observation_eval/0108/Esg20220108_11.root,/mnt/mydisk/WCDA_observation_eval/recovered_time/0108/Esg20220108_11.time.root,23838,23838,23838,False,15793,obs_events/yyyymm=202201/part-000164.parquet,59587.1249817,59587.1663777,202201,202201,3576.61203949,6,515.340188448,3061.27185104,59587.1249818,59587.1663775
165,processed,202201,0108/Esg20220108_12.root,/mnt/mydisk/WCDA_observation_eval/0108/Esg20220108_12.root,/mnt/mydisk/WCDA_observation_eval/recovered_time/0108/Esg20220108_12.time.root,24088,24088,24088,False,16015,obs_events/yyyymm=202201/part-000165.parquet,59587.1668567,59587.2081535,202201,202201,3568.04143998,6,513.679624884,3054.3618151,59587.1668567,59587.2081535
166,processed,202201,0108/Esg20220108_13.root,/mnt/mydisk/WCDA_observation_eval/0108/Esg20220108_13.root,/mnt/mydisk/WCDA_observation_eval/recovered_time/0108/Esg20220108_13.time.root,15807,15807,15807,False,10524,obs_events/yyyymm=202201/part-000166.parquet,59587.2086397,59587.237283,202201,202201,2474.77911464,4,424.77118161,2050.00793303,59587.2086397,59587.237283
167,processed,202201,0108/Esg20220108_16.root,/mnt/mydisk/WCDA_observation_eval/0108/Esg20220108_16.root,/mnt/mydisk/WCDA_observation_eval/recovered_time/0108/Esg20220108_16.time.root,16327,16327,16327,False,10835,obs_events/yyyymm=202201/part-000167.parquet,59587.3448835,59587.3749246,202201,202201,2595.55311631,6,635.586284241,1959.96683207,59587.3448835,59587.3749246
168,processed,202201,0108/Esg20220108_17.root,/mnt/mydisk/WCDA_observation_eval/0108/Esg20220108_17.root,/mnt/mydisk/WCDA_observation_eval/recovered_time/0108/Esg20220108_17.time.root,25042,25042,25042,False,16636,obs_events/yyyymm=202201/part-000168.parquet,59587.3753851,59587.4162623,202201,202201,3531.78919181,3,254.114850168,3277.67434164,59587.3753851,59587.4162623
169,processed,202201,0108/Esg20220108_18.root,/mnt/mydisk/WCDA_observation_eval/0108/Esg20220108_18.root,/mnt/mydisk/WCDA_observation_eval/recovered_time/0108/Esg20220108_18.time.root,24736,24736,24736,False,16359,obs_events/yyyymm=202201/part-000169.parquet,59587.4167279,59587.4578373,202201,202201,3551.85176593,5,427.070151991,3124.78161394,59587.4167279,59587.4578373
170,processed,202201,0108/Esg20220108_19.root,/mnt/mydisk/WCDA_observation_eval/0108/Esg20220108_19.root,/mnt/mydisk/WCDA_observation_eval/recovered_time/0108/Esg20220108_19.time.root,25727,25727,25727,False,17257,obs_events/yyyymm=202201/part-000170.parquet,59587.4583306,59587.4996883,202201,202201,3573.30611483,1,85.8122394886,3487.49387534,59587.4583306,59587.4996883
171,processed,202201,0108/Esg20220108_20.root,/mnt/mydisk/WCDA_observation_eval/0108/Esg20220108_20.root,/mnt/mydisk/WCDA_observation_eval/recovered_time/0108/Esg20220108_20.time.root,37139,37139,37139,False,24988,obs_events/yyyymm=202201/part-000171.parquet,59587.5001506,59587.5416064,202201,202201,3581.7755695,7,599.97399312,2981.80157638,59587.5001506,59587.5416064
172,processed,202201,0108/Esg20220108_21.root,/mnt/mydisk/WCDA_observation_eval/0108/Esg20220108_21.root,/mnt/mydisk/WCDA_observation_eval/recovered_time/0108/Esg20220108_21.time.root,79653,79653,79653,False,54026,obs_events/yyyymm=202201/part-000172.parquet,59587.5420765,59587.5830966,202201,202201,3544.13522473,2,170.331714791,3373.80350993,59587.5420766,59587.5830966
173,processed,202201,0108/Esg20220108_22.root,/mnt/mydisk/WCDA_observation_eval/0108/Esg20220108_22.root,/mnt/mydisk/WCDA_observation_eval/recovered_time/0108/Esg20220108_22.time.root,173173,173173,173173,False,115048,obs_events/yyyymm=202201/part-000173.parquet,59587.5835582,59587.6245711,202201,202201,3543.51167965,10,841.661795927,2701.84988372,59587.5835582,59587.6245711
174,processed,202201,0108/Esg20220108_23.root,/mnt/mydisk/WCDA_observation_eval/0108/Esg20220108_23.root,/mnt/mydisk/WCDA_observation_eval/recovered_time/0108/Esg20220108_23.time.root,340659,340659,340659,False,214221,obs_events/yyyymm=202201/part-000174.parquet,59587.6250184,59587.6665905,202201,202201,3591.83069312,2,165.013096738,3426.81759638,59587.6250184,59587.6665905
175,processed,202201,0109/Esg20220109_00.root,/mnt/mydisk/WCDA_observation_eval/0109/Esg20220109_00.root,/mnt/mydisk/WCDA_observation_eval/recovered_time/0109/Esg20220109_00.time.root,233929,233929,233929,False,152242,obs_events/yyyymm=202201/part-000175.parquet,59587.6670265,59587.7079081,202201,202201,3532.17063714,5,416.55736703,3115.61327011,59587.6670265,59587.707908
176,processed,202201,0109/Esg20220109_01.root,/mnt/mydisk/WCDA_observation_eval/0109/Esg20220109_01.root,/mnt/mydisk/WCDA_observation_eval/recovered_time/0109/Esg20220109_01.time.root,112650,112650,112650,False,77024,obs_events/yyyymm=202201/part-000176.parquet,59587.7083598,59587.7496702,202201,202201,3569.21259889,3,253.443183121,3315.76941577,59587.7083599,59587.7496702
177,processed,202201,0109/Esg20220109_02.root,/mnt/mydisk/WCDA_observation_eval/0109/Esg20220109_02.root,/mnt/mydisk/WCDA_observation_eval/recovered_time/0109/Esg20220109_02.time.root,85293,85293,85293,False,58323,obs_events/yyyymm=202201/part-000177.parquet,59587.7501229,59587.7913567,202201,202201,3562.60365515,3,253.792031435,3308.81162372,59587.7501229,59587.7913567
178,processed,202201,0109/Esg20220109_03.root,/mnt/mydisk/WCDA_observation_eval/0109/Esg20220109_03.root,/mnt/mydisk/WCDA_observation_eval/recovered_time/0109/Esg20220109_03.time.root,117773,117773,117773,False,80003,obs_events/yyyymm=202201/part-000178.parquet,59587.7917978,59587.8328515,202201,202201,3547.03797565,7,586.048702151,2960.9892735,59587.7917978,59587.8328515
179,processed,202201,0109/Esg20220109_04.root,/mnt/mydisk/WCDA_observation_eval/0109/Esg20220109_04.root,/mnt/mydisk/WCDA_observation_eval/recovered_time/0109/Esg20220109_04.time.root,242073,242073,242073,False,156824,obs_events/yyyymm=202201/part-000179.parquet,59587.833292,59587.8747156,202201,202201,3578.9937072,6,493.149674381,3085.84403282,59587.833292,59587.8747156
180,processed,202201,0109/Esg20220109_05.root,/mnt/mydisk/WCDA_observation_eval/0109/Esg20220109_05.root,/mnt/mydisk/WCDA_observation_eval/recovered_time/0109/Esg20220109_05.time.root,274905,274905,274905,False,176033,obs_events/yyyymm=202201/part-000180.parquet,59587.8751191,59587.9162968,202201,202201,3557.75434342,5,406.695365603,3151.05897782,59587.8751191,59587.9162968
181,processed,202201,0109/Esg20220109_06.root,/mnt/mydisk/WCDA_observation_eval/0109/Esg20220109_06.root,/mnt/mydisk/WCDA_observation_eval/recovered_time/0109/Esg20220109_06.time.root,159335,159335,159335,False,106926,obs_events/yyyymm=202201/part-000181.parquet,59587.916702,59587.9582942,202201,202201,3593.5666454,3,248.540038825,3345.02660658,59587.916702,59587.9582942
182,processed,202201,0109/Esg20220109_07.root,/mnt/mydisk/WCDA_observation_eval/0109/Esg20220109_07.root,/mnt/mydisk/WCDA_observation_eval/recovered_time/0109/Esg20220109_07.time.root,76744,76744,76744,False,52407,obs_events/yyyymm=202201/part-000182.parquet,59587.9583396,59587.9999446,202201,202201,3594.66888935,8,670.00547871,2924.66341064,59587.9583396,59587.9999446
183,processed,202201,0109/Esg20220109_08.root,/mnt/mydisk/WCDA_observation_eval/0109/Esg20220109_08.root,/mnt/mydisk/WCDA_observation_eval/recovered_time/0109/Esg20220109_08.time.root,39482,39482,39482,False,26805,obs_events/yyyymm=202201/part-000183.parquet,59587.9999887,59588.0411364,202201,202201,3555.16568127,7,631.295216689,2923.87046458,59587.9999887,59588.0411364
184,processed,202201,0109/Esg20220109_09.root,/mnt/mydisk/WCDA_observation_eval/0109/Esg20220109_09.root,/mnt/mydisk/WCDA_observation_eval/recovered_time/0109/Esg20220109_09.time.root,26728,26728,26728,False,17812,obs_events/yyyymm=202201/part-000184.parquet,59588.0416211,59588.0831742,202201,202201,3590.18793146,4,336.181836133,3254.00609532,59588.0416211,59588.0831742
185,processed,202201,0109/Esg20220109_10.root,/mnt/mydisk/WCDA_observation_eval/0109/Esg20220109_10.root,/mnt/mydisk/WCDA_observation_eval/recovered_time/0109/Esg20220109_10.time.root,25016,25016,25016,False,16622,obs_events/yyyymm=202201/part-000185.parquet,59588.0836006,59588.1246091,202201,202201,3543.13820614,1,83.8208897738,3459.31731637,59588.0836006,59588.1246091
186,processed,202201,0109/Esg20220109_11.root,/mnt/mydisk/WCDA_observation_eval/0109/Esg20220109_11.root,/mnt/mydisk/WCDA_observation_eval/recovered_time/0109/Esg20220109_11.time.root,24344,24344,24344,False,16235,obs_events/yyyymm=202201/part-000186.parquet,59588.1250274,59588.1664248,202201,202201,3576.73199836,8,712.077295245,2864.65470311,59588.1250274,59588.1664248
187,processed,202201,0109/Esg20220109_12.root,/mnt/mydisk/WCDA_observation_eval/0109/Esg20220109_12.root,/mnt/mydisk/WCDA_observation_eval/recovered_time/0109/Esg20220109_12.time.root,24522,24522,24522,False,16256,obs_events/yyyymm=202201/part-000187.parquet,59588.1668365,59588.207945,202201,202201,3551.77567438,9,747.904339526,2803.87133486,59588.1668365,59588.207945
188,processed,202201,0109/Esg20220109_13.root,/mnt/mydisk/WCDA_observation_eval/0109/Esg20220109_13.root,/mnt/mydisk/WCDA_observation_eval/recovered_time/0109/Esg20220109_13.time.root,14366,14366,14366,False,9584,obs_events/yyyymm=202201/part-000188.parquet,59588.2083656,59588.2328624,202201,202201,2116.52135784,5,454.616522393,1661.90483544,59588.2083656,59588.2328624
189,processed,202201,0109/Esg20220109_16.root,/mnt/mydisk/WCDA_observation_eval/0109/Esg20220109_16.root,/mnt/mydisk/WCDA_observation_eval/recovered_time/0109/Esg20220109_16.time.root,17749,17749,17749,False,11789,obs_events/yyyymm=202201/part-000189.parquet,59588.3447041,59588.3748411,202201,202201,2603.8389853,8,699.539961317,1904.29902398,59588.3447041,59588.3748411
190,processed,202201,0109/Esg20220109_17.root,/mnt/mydisk/WCDA_observation_eval/0109/Esg20220109_17.root,/mnt/mydisk/WCDA_observation_eval/recovered_time/0109/Esg20220109_17.time.root,25396,25396,25396,False,16863,obs_events/yyyymm=202201/part-000190.parquet,59588.3752774,59588.4165162,202201,202201,3563.03040299,6,494.267359679,3068.76304331,59588.3752774,59588.4165162
191,processed,202201,0109/Esg20220109_18.root,/mnt/mydisk/WCDA_observation_eval/0109/Esg20220109_18.root,/mnt/mydisk/WCDA_observation_eval/recovered_time/0109/Esg20220109_18.time.root,24894,24894,24894,False,16549,obs_events/yyyymm=202201/part-000191.parquet,59588.4169467,59588.4579986,202201,202201,3546.88913631,5,415.344578144,3131.54455817,59588.4169467,59588.4579985
192,processed,202201,0109/Esg20220109_19.root,/mnt/mydisk/WCDA_observation_eval/0109/Esg20220109_19.root,/mnt/mydisk/WCDA_observation_eval/recovered_time/0109/Esg20220109_19.time.root,26414,26414,26414,False,17390,obs_events/yyyymm=202201/part-000192.parquet,59588.4584573,59588.4997242,202201,202201,3565.45858209,4,333.825509646,3231.63307244,59588.4584573,59588.4997242
193,processed,202201,0109/Esg20220109_20.root,/mnt/mydisk/WCDA_observation_eval/0109/Esg20220109_20.root,/mnt/mydisk/WCDA_observation_eval/recovered_time/0109/Esg20220109_20.time.root,41016,41016,41016,False,27663,obs_events/yyyymm=202201/part-000193.parquet,59588.5002029,59588.5415974,202201,202201,3576.48691067,2,166.948414268,3409.5384964,59588.5002029,59588.5415974
194,processed,202201,0109/Esg20220109_21.root,/mnt/mydisk/WCDA_observation_eval/0109/Esg20220109_21.root,/mnt/mydisk/WCDA_observation_eval/recovered_time/0109/Esg20220109_21.time.root,84316,84316,84316,False,57026,obs_events/yyyymm=202201/part-000194.parquet,59588.5420669,59588.583105,202201,202201,3545.69130661,3,292.300099949,3253.39120666,59588.5420669,59588.583105
195,processed,202201,0109/Esg20220109_22.root,/mnt/mydisk/WCDA_observation_eval/0109/Esg20220109_22.root,/mnt/mydisk/WCDA_observation_eval/recovered_time/0109/Esg20220109_22.time.root,193185,193185,193185,False,127500,obs_events/yyyymm=202201/part-000195.parquet,59588.5835692,59588.6247439,202201,202201,3557.49120489,8,661.506389827,2895.98481506,59588.5835693,59588.6247439
196,processed,202201,0109/Esg20220109_23.root,/mnt/mydisk/WCDA_observation_eval/0109/Esg20220109_23.root,/mnt/mydisk/WCDA_observation_eval/recovered_time/0109/Esg20220109_23.time.root,339774,339774,339774,False,213109,obs_events/yyyymm=202201/part-000196.parquet,59588.6251836,59588.6663053,202201,202201,3552.91707963,5,487.337249913,3065.57982971,59588.6251836,59588.6663053
197,processed,202201,0110/Esg20220110_00.root,/mnt/mydisk/WCDA_observation_eval/0110/Esg20220110_00.root,/mnt/mydisk/WCDA_observation_eval/recovered_time/0110/Esg20220110_00.time.root,230690,230690,230690,False,151230,obs_events/yyyymm=202201/part-000197.parquet,59588.6667299,59588.7082937,202201,202201,3591.11254863,5,452.840574598,3138.27197403,59588.6667299,59588.7082937
198,processed,202201,0110/Esg20220110_01.root,/mnt/mydisk/WCDA_observation_eval/0110/Esg20220110_01.root,/mnt/mydisk/WCDA_observation_eval/recovered_time/0110/Esg20220110_01.time.root,107937,107937,107937,False,73893,obs_events/yyyymm=202201/part-000198.parquet,59588.7087377,59588.7498213,202201,202201,3549.6191601,7,581.987850484,2967.63130962,59588.7087377,59588.7498213
199,processed,202201,0110/Esg20220110_02.root,/mnt/mydisk/WCDA_observation_eval/0110/Esg20220110_02.root,/mnt/mydisk/WCDA_observation_eval/recovered_time/0110/Esg20220110_02.time.root,87045,87045,87045,False,59677,obs_events/yyyymm=202201/part-000199.parquet,59588.7502678,59588.7913958,202201,202201,3553.45857551,3,250.368502806,3303.0900727,59588.7502678,59588.7913958
200,processed,202201,0110/Esg20220110_03.root,/mnt/mydisk/WCDA_observation_eval/0110/Esg20220110_03.root,/mnt/mydisk/WCDA_observation_eval/recovered_time/0110/Esg20220110_03.time.root,125687,125687,125687,False,85302,obs_events/yyyymm=202201/part-000200.parquet,59588.7918438,59588.8329965,202201,202201,3555.59345442,7,580.877709528,2974.71574489,59588.7918438,59588.8329965
201,processed,202201,0110/Esg20220110_04.root,/mnt/mydisk/WCDA_observation_eval/0110/Esg20220110_04.root,/mnt/mydisk/WCDA_observation_eval/recovered_time/0110/Esg20220110_04.time.root,253177,253177,253177,False,163292,obs_events/yyyymm=202201/part-000201.parquet,59588.8334382,59588.8745807,202201,202201,3554.71205707,5,408.527492685,3146.18456438,59588.8334382,59588.8745807
202,processed,202201,0110/Esg20220110_05.root,/mnt/mydisk/WCDA_observation_eval/0110/Esg20220110_05.root,/mnt/mydisk/WCDA_observation_eval/recovered_time/0110/Esg20220110_05.time.root,270592,270592,270592,False,174092,obs_events/yyyymm=202201/part-000202.parquet,59588.8750083,59588.916577,202201,202201,3591.53563273,6,488.02685088,3103.50878185,59588.8750084,59588.916577
203,processed,202201,0110/Esg20220110_06.root,/mnt/mydisk/WCDA_observation_eval/0110/Esg20220110_06.root,/mnt/mydisk/WCDA_observation_eval/recovered_time/0110/Esg20220110_06.time.root,150440,150440,150440,False,101681,obs_events/yyyymm=202201/part-000203.parquet,59588.9170336,59588.958088,202201,202201,3547.10382032,4,331.370984763,3215.73283556,59588.9170336,59588.958088
204,processed,202201,0110/Esg20220110_07.root,/mnt/mydisk/WCDA_observation_eval/0110/Esg20220110_07.root,/mnt/mydisk/WCDA_observation_eval/recovered_time/0110/Esg20220110_07.time.root,74247,74247,74247,False,50550,obs_events/yyyymm=202201/part-000204.parquet,59588.9585513,59588.999686,202201,202201,3554.04154295,6,545.430792309,3008.61075064,59588.9585513,59588.999686
205,processed,202201,0110/Esg20220110_08.root,/mnt/mydisk/WCDA_observation_eval/0110/Esg20220110_08.root,/mnt/mydisk/WCDA_observation_eval/recovered_time/0110/Esg20220110_08.time.root,38932,38932,38932,False,26422,obs_events/yyyymm=202201/part-000205.parquet,59589.0001637,59589.0413405,202201,202201,3557.67806203,7,588.928604429,2968.7494576,59589.0001637,59589.0413405
206,processed,202201,0110/Esg20220110_09.root,/mnt/mydisk/WCDA_observation_eval/0110/Esg20220110_09.root,/mnt/mydisk/WCDA_observation_eval/recovered_time/0110/Esg20220110_09.time.root,25865,25865,25865,False,17154,obs_events/yyyymm=202201/part-000206.parquet,59589.0418093,59589.082974,202201,202201,3556.63230917,5,421.278628008,3135.35368117,59589.0418093,59589.0829738
207,processed,202201,0110/Esg20220110_10.root,/mnt/mydisk/WCDA_observation_eval/0110/Esg20220110_10.root,/mnt/mydisk/WCDA_observation_eval/recovered_time/0110/Esg20220110_10.time.root,24652,24652,24652,False,16254,obs_events/yyyymm=202201/part-000207.parquet,59589.0834599,59589.1246405,202201,202201,3558.00326709,5,421.506704623,3136.49656246,59589.0834599,59589.1246405
208,processed,202201,0110/Esg20220110_11.root,/mnt/mydisk/WCDA_observation_eval/0110/Esg20220110_11.root,/mnt/mydisk/WCDA_observation_eval/recovered_time/0110/Esg20220110_11.time.root,24795,24795,24795,False,16375,obs_events/yyyymm=202201/part-000208.parquet,59589.1251272,59589.1663404,202201,202201,3560.81881332,2,169.045577757,3391.77323557,59589.1251272,59589.1663404
209,processed,202201,0110/Esg20220110_12.root,/mnt/mydisk/WCDA_observation_eval/0110/Esg20220110_12.root,/mnt/mydisk/WCDA_observation_eval/recovered_time/0110/Esg20220110_12.time.root,24770,24770,24770,False,16374,obs_events/yyyymm=202201/part-000209.parquet,59589.1667935,59589.2082438,202201,202201,3581.30092914,5,419.732614467,3161.56831468,59589.1667935,59589.2082438
210,processed,202201,0110/Esg20220110_13.root,/mnt/mydisk/WCDA_observation_eval/0110/Esg20220110_13.root,/mnt/mydisk/WCDA_observation_eval/recovered_time/0110/Esg20220110_13.time.root,12792,12792,12792,False,8554,obs_events/yyyymm=202201/part-000210.parquet,59589.2087266,59589.2296249,202201,202201,1805.61184175,3,250.403802353,1555.2080394,59589.2087266,59589.2296249
211,processed,202201,0110/Esg20220110_16.root,/mnt/mydisk/WCDA_observation_eval/0110/Esg20220110_16.root,/mnt/mydisk/WCDA_observation_eval/recovered_time/0110/Esg20220110_16.time.root,19447,19447,19447,False,13018,obs_events/yyyymm=202201/part-000211.parquet,59589.3422248,59589.3745734,202201,202201,2794.9227991,6,499.019887461,2295.90291164,59589.3422248,59589.3745732
212,processed,202201,0110/Esg20220110_17.root,/mnt/mydisk/WCDA_observation_eval/0110/Esg20220110_17.root,/mnt/mydisk/WCDA_observation_eval/recovered_time/0110/Esg20220110_17.time.root,24635,24635,24635,False,16396,obs_events/yyyymm=202201/part-000212.parquet,59589.3750531,59589.416346,202201,202201,3567.70706365,9,751.142643602,2816.56442005,59589.3750531,59589.416346
213,processed,202201,0110/Esg20220110_18.root,/mnt/mydisk/WCDA_observation_eval/0110/Esg20220110_18.root,/mnt/mydisk/WCDA_observation_eval/recovered_time/0110/Esg20220110_18.time.root,24781,24781,24781,False,16441,obs_events/yyyymm=202201/part-000213.parquet,59589.4167516,59589.458267,202201,202201,3586.92889034,5,461.767083337,3125.16180701,59589.4167516,59589.458267
214,processed,202201,0110/Esg20220110_19.root,/mnt/mydisk/WCDA_observation_eval/0110/Esg20220110_19.root,/mnt/mydisk/WCDA_observation_eval/recovered_time/0110/Esg20220110_19.time.root,25682,25682,25682,False,17230,obs_events/yyyymm=202201/part-000214.parquet,59589.4587531,59589.4998417,202201,202201,3550.04840742,5,420.845876634,3129.20253079,59589.4587532,59589.4998417
215,processed,202201,0110/Esg20220110_20.root,/mnt/mydisk/WCDA_observation_eval/0110/Esg20220110_20.root,/mnt/mydisk/WCDA_observation_eval/recovered_time/0110/Esg20220110_20.time.root,40564,40564,40564,False,27364,obs_events/yyyymm=202201/part-000215.parquet,59589.5002359,59589.5415275,202201,202201,3567.59391865,9,757.457647822,2810.13627083,59589.5002359,59589.5415275
216,processed,202201,0110/Esg20220110_21.root,/mnt/mydisk/WCDA_observation_eval/0110/Esg20220110_21.root,/mnt/mydisk/WCDA_observation_eval/recovered_time/0110/Esg20220110_21.time.root,86915,86915,86915,False,59102,obs_events/yyyymm=202201/part-000216.parquet,59589.5418977,59589.5832299,202201,202201,3571.1023153,7,587.114033452,2983.98828185,59589.5418977,59589.5832299
217,processed,202201,0110/Esg20220110_22.root,/mnt/mydisk/WCDA_observation_eval/0110/Esg20220110_22.root,/mnt/mydisk/WCDA_observation_eval/recovered_time/0110/Esg20220110_22.time.root,202705,202705,202705,False,133349,obs_events/yyyymm=202201/part-000217.parquet,59589.5833173,59589.6247671,202201,202201,3581.2657899,8,663.411501702,2917.8542882,59589.5833173,59589.6247671
218,processed,202201,0110/Esg20220110_23.root,/mnt/mydisk/WCDA_observation_eval/0110/Esg20220110_23.root,/mnt/mydisk/WCDA_observation_eval/recovered_time/0110/Esg20220110_23.time.root,326491,326491,326491,False,204698,obs_events/yyyymm=202201/part-000218.parquet,59589.6251255,59589.6662814,202201,202201,3555.87023639,12,1019.25294064,2536.61729575,59589.6251255,59589.6662814
219,processed,202201,0111/Esg20220111_00.root,/mnt/mydisk/WCDA_observation_eval/0111/Esg20220111_00.root,/mnt/mydisk/WCDA_observation_eval/recovered_time/0111/Esg20220111_00.time.root,211815,211815,211815,False,139447,obs_events/yyyymm=202201/part-000219.parquet,59589.6666451,59589.7081525,202201,202201,3586.23631778,9,740.640341886,2845.5959759,59589.6666451,59589.7081525
220,processed,202201,0111/Esg20220111_01.root,/mnt/mydisk/WCDA_observation_eval/0111/Esg20220111_01.root,/mnt/mydisk/WCDA_observation_eval/recovered_time/0111/Esg20220111_01.time.root,105259,105259,105259,False,72176,obs_events/yyyymm=202201/part-000220.parquet,59589.7085406,59589.7499431,202201,202201,3577.17756524,6,503.094852157,3074.08271309,59589.7085406,59589.7499431
221,processed,202201,0111/Esg20220111_02.root,/mnt/mydisk/WCDA_observation_eval/0111/Esg20220111_02.root,/mnt/mydisk/WCDA_observation_eval/recovered_time/0111/Esg20220111_02.time.root,87008,87008,87008,False,59630,obs_events/yyyymm=202201/part-000221.parquet,59589.7500071,59589.7913247,202201,202201,3569.84576094,5,419.501145068,3150.34461587,59589.7500071,59589.7913247
222,processed,202201,0111/Esg20220111_03.root,/mnt/mydisk/WCDA_observation_eval/0111/Esg20220111_03.root,/mnt/mydisk/WCDA_observation_eval/recovered_time/0111/Esg20220111_03.time.root,133904,133904,133904,False,90662,obs_events/yyyymm=202201/part-000222.parquet,59589.7917269,59589.8329828,202201,202201,3564.51092768,3,248.131719651,3316.37920802,59589.7917269,59589.8329826
223,processed,202201,0111/Esg20220111_04.root,/mnt/mydisk/WCDA_observation_eval/0111/Esg20220111_04.root,/mnt/mydisk/WCDA_observation_eval/recovered_time/0111/Esg20220111_04.time.root,267033,267033,267033,False,172272,obs_events/yyyymm=202201/part-000223.parquet,59589.8333678,59589.8749734,202201,202201,3594.72405841,3,244.489661604,3350.2343968,59589.8333678,59589.8749734
224,processed,202201,0111/Esg20220111_05.root,/mnt/mydisk/WCDA_observation_eval/0111/Esg20220111_05.root,/mnt/mydisk/WCDA_observation_eval/recovered_time/0111/Esg20220111_05.time.root,261375,261375,261375,False,168357,obs_events/yyyymm=202201/part-000224.parquet,59589.8750022,59589.9165641,202201,202201,3590.94880165,7,609.931195574,2981.01760608,59589.8750022,59589.9165641
225,processed,202201,0111/Esg20220111_06.root,/mnt/mydisk/WCDA_observation_eval/0111/Esg20220111_06.root,/mnt/mydisk/WCDA_observation_eval/recovered_time/0111/Esg20220111_06.time.root,140251,140251,140251,False,95075,obs_events/yyyymm=202201/part-000225.parquet,59589.9169521,59589.9581305,202201,202201,3557.8127085,9,745.734622492,2812.07808601,59589.9169521,59589.9581305
226,processed,202201,0111/Esg20220111_07.root,/mnt/mydisk/WCDA_observation_eval/0111/Esg20220111_07.root,/mnt/mydisk/WCDA_observation_eval/recovered_time/0111/Esg20220111_07.time.root,70277,70277,70277,False,48107,obs_events/yyyymm=202201/part-000226.parquet,59589.9586075,59589.9997957,202201,202201,3558.66201804,6,502.595383557,3056.06663448,59589.9586075,59589.9997957
227,processed,202201,0111/Esg20220111_08.root,/mnt/mydisk/WCDA_observation_eval/0111/Esg20220111_08.root,/mnt/mydisk/WCDA_observation_eval/recovered_time/0111/Esg20220111_08.time.root,38036,38036,38036,False,25802,obs_events/yyyymm=202201/part-000227.parquet,59590.0002051,59590.0414788,202201,202201,3566.05171028,4,336.850842764,3229.20086752,59590.0002051,59590.0414788
228,processed,202201,0111/Esg20220111_09.root,/mnt/mydisk/WCDA_observation_eval/0111/Esg20220111_09.root,/mnt/mydisk/WCDA_observation_eval/recovered_time/0111/Esg20220111_09.time.root,25491,25491,25491,False,17080,obs_events/yyyymm=202201/part-000228.parquet,59590.0418887,59590.0831578,202201,202201,3565.65698802,5,464.468391356,3101.18859666,59590.0418887,59590.0831578
229,processed,202201,0111/Esg20220111_10.root,/mnt/mydisk/WCDA_observation_eval/0111/Esg20220111_10.root,/mnt/mydisk/WCDA_observation_eval/recovered_time/0111/Esg20220111_10.time.root,24123,24123,24123,False,15932,obs_events/yyyymm=202201/part-000229.parquet,59590.0835755,59590.1249328,202201,202201,3573.26763561,8,677.198569849,2896.06906576,59590.0835755,59590.1249328
230,processed,202201,0111/Esg20220111_11.root,/mnt/mydisk/WCDA_observation_eval/0111/Esg20220111_11.root,/mnt/mydisk/WCDA_observation_eval/recovered_time/0111/Esg20220111_11.time.root,24479,24479,24479,False,16227,obs_events/yyyymm=202201/part-000230.parquet,59590.1253509,59590.1665922,202201,202201,3563.24289618,5,422.397806332,3140.84508985,59590.1253509,59590.1665922
231,processed,202201,0111/Esg20220111_12.root,/mnt/mydisk/WCDA_observation_eval/0111/Esg20220111_12.root,/mnt/mydisk/WCDA_observation_eval/recovered_time/0111/Esg20220111_12.time.root,25338,25338,25338,False,16780,obs_events/yyyymm=202201/part-000231.parquet,59590.1666562,59590.2082275,202201,202201,3591.76241497,3,252.289901557,3339.47251341,59590.1666562,59590.2082275
232,processed,202201,0111/Esg20220111_13.root,/mnt/mydisk/WCDA_observation_eval/0111/Esg20220111_13.root,/mnt/mydisk/WCDA_observation_eval/recovered_time/0111/Esg20220111_13.time.root,11155,11155,11155,False,7367,obs_events/yyyymm=202201/part-000232.parquet,59590.208631,59590.2271903,202201,202201,1603.51809848,3,292.615055619,1310.90304286,59590.2086311,59590.2271903
233,processed,202201,0111/Esg20220111_16.root,/mnt/mydisk/WCDA_observation_eval/0111/Esg20220111_16.root,/mnt/mydisk/WCDA_observation_eval/recovered_time/0111/Esg20220111_16.time.root,21684,21684,21684,False,14403,obs_events/yyyymm=202201/part-000233.parquet,59590.3335616,59590.3749144,202201,202201,3572.88378384,8,1077.725989,2495.15779484,59590.3335616,59590.3749144
234,processed,202201,0111/Esg20220111_17.root,/mnt/mydisk/WCDA_observation_eval/0111/Esg20220111_17.root,/mnt/mydisk/WCDA_observation_eval/recovered_time/0111/Esg20220111_17.time.root,25849,25849,25849,False,17150,obs_events/yyyymm=202201/part-000234.parquet,59590.3750068,59590.4164703,202201,202201,3582.44140965,2,207.264115429,3375.17729423,59590.3750068,59590.4164703
235,processed,202201,0111/Esg20220111_18.root,/mnt/mydisk/WCDA_observation_eval/0111/Esg20220111_18.root,/mnt/mydisk/WCDA_observation_eval/recovered_time/0111/Esg20220111_18.time.root,24618,24618,24618,False,16285,obs_events/yyyymm=202201/part-000235.parquet,59590.4168433,59590.4581312,202201,202201,3567.27591217,7,626.277160272,2940.9987519,59590.4168433,59590.4581312
236,processed,202201,0111/Esg20220111_19.root,/mnt/mydisk/WCDA_observation_eval/0111/Esg20220111_19.root,/mnt/mydisk/WCDA_observation_eval/recovered_time/0111/Esg20220111_19.time.root,26985,26985,26985,False,17891,obs_events/yyyymm=202201/part-000236.parquet,59590.4584993,59590.499875,202201,202201,3574.86091994,3,251.391891693,3323.46902825,59590.4584993,59590.499875
237,processed,202201,0111/Esg20220111_20.root,/mnt/mydisk/WCDA_observation_eval/0111/Esg20220111_20.root,/mnt/mydisk/WCDA_observation_eval/recovered_time/0111/Esg20220111_20.time.root,43787,43787,43787,False,29589,obs_events/yyyymm=202201/part-000237.parquet,59590.4999957,59590.5414631,202201,202201,3582.78074472,5,419.422345329,3163.35839939,59590.4999957,59590.5414631
238,processed,202201,0111/Esg20220111_21.root,/mnt/mydisk/WCDA_observation_eval/0111/Esg20220111_21.root,/mnt/mydisk/WCDA_observation_eval/recovered_time/0111/Esg20220111_21.time.root,93730,93730,93730,False,63727,obs_events/yyyymm=202201/part-000238.parquet,59590.5418146,59590.5831643,202201,202201,3572.6160449,4,334.030323965,3238.58572093,59590.5418146,59590.5831643
239,processed,202201,0111/Esg20220111_22.root,/mnt/mydisk/WCDA_observation_eval/0111/Esg20220111_22.root,/mnt/mydisk/WCDA_observation_eval/recovered_time/0111/Esg20220111_22.time.root,216103,216103,216103,False,142060,obs_events/yyyymm=202201/part-000239.parquet,59590.5834942,59590.6249518,202201,202201,3581.93159422,6,495.626057801,3086.30553642,59590.5834942,59590.6249518
240,processed,202201,0111/Esg20220111_23.root,/mnt/mydisk/WCDA_observation_eval/0111/Esg20220111_23.root,/mnt/mydisk/WCDA_observation_eval/recovered_time/0111/Esg20220111_23.time.root,346203,346203,346203,False,217322,obs_events/yyyymm=202201/part-000240.parquet,59590.6252468,59590.6665947,202201,202201,3572.45862898,4,324.159561144,3248.29906784,59590.6252468,59590.6665947
241,processed,202201,0112/Esg20220112_00.root,/mnt/mydisk/WCDA_observation_eval/0112/Esg20220112_00.root,/mnt/mydisk/WCDA_observation_eval/recovered_time/0112/Esg20220112_00.time.root,207305,207305,207305,False,137211,obs_events/yyyymm=202201/part-000241.parquet,59590.6667061,59590.7081218,202201,202201,3578.3082295,3,249.803745886,3328.50448361,59590.6667061,59590.7081217
242,processed,202201,0112/Esg20220112_01.root,/mnt/mydisk/WCDA_observation_eval/0112/Esg20220112_01.root,/mnt/mydisk/WCDA_observation_eval/recovered_time/0112/Esg20220112_01.time.root,103284,103284,103284,False,70758,obs_events/yyyymm=202201/part-000242.parquet,59590.7084442,59590.7498801,202201,202201,3580.05760394,4,334.691972961,3245.36563097,59590.7084443,59590.7498801
243,processed,202201,0112/Esg20220112_02.root,/mnt/mydisk/WCDA_observation_eval/0112/Esg20220112_02.root,/mnt/mydisk/WCDA_observation_eval/recovered_time/0112/Esg20220112_02.time.root,86926,86926,86926,False,59452,obs_events/yyyymm=202201/part-000243.parquet,59590.7502051,59590.7915963,202201,202201,3576.19872449,5,461.128020217,3115.07070428,59590.7502051,59590.7915963
244,processed,202201,0112/Esg20220112_03.root,/mnt/mydisk/WCDA_observation_eval/0112/Esg20220112_03.root,/mnt/mydisk/WCDA_observation_eval/recovered_time/0112/Esg20220112_03.time.root,134241,134241,134241,False,90874,obs_events/yyyymm=202201/part-000244.parquet,59590.7919222,59590.8330424,202201,202201,3552.7839991,10,830.117735127,2722.66626398,59590.7919222,59590.8330424
245,processed,202201,0112/Esg20220112_04.root,/mnt/mydisk/WCDA_observation_eval/0112/Esg20220112_04.root,/mnt/mydisk/WCDA_observation_eval/recovered_time/0112/Esg20220112_04.time.root,275328,275328,275328,False,177211,obs_events/yyyymm=202201/part-000245.parquet,59590.8335049,59590.8749487,202201,202201,3580.74737967,2,161.225886969,3419.5214927,59590.8335049,59590.8749487
246,processed,202201,0112/Esg20220112_05.root,/mnt/mydisk/WCDA_observation_eval/0112/Esg20220112_05.root,/mnt/mydisk/WCDA_observation_eval/recovered_time/0112/Esg20220112_05.time.root,257487,257487,257487,False,166790,obs_events/yyyymm=202201/part-000246.parquet,59590.8750418,59590.9163972,202201,202201,3573.10271056,5,406.293373718,3166.80933684,59590.8750418,59590.9163971
247,processed,202201,0112/Esg20220112_06.root,/mnt/mydisk/WCDA_observation_eval/0112/Esg20220112_06.root,/mnt/mydisk/WCDA_observation_eval/recovered_time/0112/Esg20220112_06.time.root,133442,133442,133442,False,90379,obs_events/yyyymm=202201/part-000247.parquet,59590.9167317,59590.9581344,202201,202201,3577.19391875,10,864.176014485,2713.01790427,59590.9167317,59590.9581344
248,processed,202201,0112/Esg20220112_07.root,/mnt/mydisk/WCDA_observation_eval/0112/Esg20220112_07.root,/mnt/mydisk/WCDA_observation_eval/recovered_time/0112/Esg20220112_07.time.root,68802,68802,68802,False,47070,obs_events/yyyymm=202201/part-000248.parquet,59590.9584711,59590.999949,202201,202201,3583.68822886,6,499.359704694,3084.32852416,59590.9584711,59590.999949
249,processed,202201,0112/Esg20220112_08.root,/mnt/mydisk/WCDA_observation_eval/0112/Esg20220112_08.root,/mnt/mydisk/WCDA_observation_eval/recovered_time/0112/Esg20220112_08.time.root,36606,36606,36606,False,24841,obs_events/yyyymm=202201/part-000249.parquet,59591.0002928,59591.0415989,202201,202201,3568.84476305,5,417.722397298,3151.12236575,59591.0002928,59591.0415989
250,processed,202201,0112/Esg20220112_09.root,/mnt/mydisk/WCDA_observation_eval/0112/Esg20220112_09.root,/mnt/mydisk/WCDA_observation_eval/recovered_time/0112/Esg20220112_09.time.root,25271,25271,25271,False,16773,obs_events/yyyymm=202201/part-000250.parquet,59591.0417367,59591.0831534,202201,202201,3578.40367004,6,502.843704354,3075.55996568,59591.0417367,59591.0831534
251,processed,202201,0112/Esg20220112_10.root,/mnt/mydisk/WCDA_observation_eval/0112/Esg20220112_10.root,/mnt/mydisk/WCDA_observation_eval/recovered_time/0112/Esg20220112_10.time.root,25289,25289,25289,False,16708,obs_events/yyyymm=202201/part-000251.parquet,59591.0834843,59591.124923,202201,202201,3580.31121916,4,334.96327945,3245.34793971,59591.0834843,59591.1249229
252,processed,202201,0112/Esg20220112_11.root,/mnt/mydisk/WCDA_observation_eval/0112/Esg20220112_11.root,/mnt/mydisk/WCDA_observation_eval/recovered_time/0112/Esg20220112_11.time.root,24893,24893,24893,False,16440,obs_events/yyyymm=202201/part-000252.parquet,59591.1252637,59591.1665751,202201,202201,3569.30845433,5,417.997002276,3151.31145206,59591.1252637,59591.1665751
253,processed,202201,0112/Esg20220112_12.root,/mnt/mydisk/WCDA_observation_eval/0112/Esg20220112_12.root,/mnt/mydisk/WCDA_observation_eval/recovered_time/0112/Esg20220112_12.time.root,25506,25506,25506,False,17119,obs_events/yyyymm=202201/part-000253.parquet,59591.1667212,59591.2081582,202201,202201,3580.15818866,3,249.630078929,3330.52810973,59591.1667212,59591.2081582
254,processed,202201,0112/Esg20220112_13.root,/mnt/mydisk/WCDA_observation_eval/0112/Esg20220112_13.root,/mnt/mydisk/WCDA_observation_eval/recovered_time/0112/Esg20220112_13.time.root,9362,9362,9362,False,6186,obs_events/yyyymm=202201/part-000254.parquet,59591.2083147,59591.2242141,202201,202201,1373.70903769,3,249.062571698,1124.64646599,59591.2083147,59591.2242141
255,processed,202201,0112/Esg20220112_16.root,/mnt/mydisk/WCDA_observation_eval/0112/Esg20220112_16.root,/mnt/mydisk/WCDA_observation_eval/recovered_time/0112/Esg20220112_16.time.root,23782,23782,23782,False,15785,obs_events/yyyymm=202201/part-000255.parquet,59591.3362026,59591.3748749,202201,202201,3341.29062553,6,531.909277313,2809.38134822,59591.3362026,59591.3748749
256,processed,202201,0112/Esg20220112_17.root,/mnt/mydisk/WCDA_observation_eval/0112/Esg20220112_17.root,/mnt/mydisk/WCDA_observation_eval/recovered_time/0112/Esg20220112_17.time.root,25469,25469,25469,False,16891,obs_events/yyyymm=202201/part-000256.parquet,59591.3751942,59591.4164041,202201,202201,3560.53729453,4,329.0510108,3231.48628373,59591.3751942,59591.4164041
257,processed,202201,0112/Esg20220112_18.root,/mnt/mydisk/WCDA_observation_eval/0112/Esg20220112_18.root,/mnt/mydisk/WCDA_observation_eval/recovered_time/0112/Esg20220112_18.time.root,25920,25920,25920,False,17229,obs_events/yyyymm=202201/part-000257.parquet,59591.4167058,59591.4580816,202201,202201,3574.87345068,2,165.166620095,3409.70683058,59591.4167058,59591.4580815
258,processed,202201,0112/Esg20220112_19.root,/mnt/mydisk/WCDA_observation_eval/0112/Esg20220112_19.root,/mnt/mydisk/WCDA_observation_eval/recovered_time/0112/Esg20220112_19.time.root,27770,27770,27770,False,18415,obs_events/yyyymm=202201/part-000258.parquet,59591.4583801,59591.4997919,202201,202201,3577.98030053,3,247.913707606,3330.06659292,59591.4583801,59591.4997919
259,processed,202201,0112/Esg20220112_20.root,/mnt/mydisk/WCDA_observation_eval/0112/Esg20220112_20.root,/mnt/mydisk/WCDA_observation_eval/recovered_time/0112/Esg20220112_20.time.root,46291,46291,46291,False,31393,obs_events/yyyymm=202201/part-000259.parquet,59591.4999629,59591.5415696,202201,202201,3594.82702883,5,414.468265884,3180.35876295,59591.4999629,59591.5415696
260,processed,202201,0112/Esg20220112_21.root,/mnt/mydisk/WCDA_observation_eval/0112/Esg20220112_21.root,/mnt/mydisk/WCDA_observation_eval/recovered_time/0112/Esg20220112_21.time.root,100165,100165,100165,False,67925,obs_events/yyyymm=202201/part-000260.parquet,59591.5418502,59591.5831138,202201,202201,3565.16801084,3,247.865699418,3317.30231142,59591.5418502,59591.5831138
261,processed,202201,0112/Esg20220112_22.root,/mnt/mydisk/WCDA_observation_eval/0112/Esg20220112_22.root,/mnt/mydisk/WCDA_observation_eval/recovered_time/0112/Esg20220112_22.time.root,229613,229613,229613,False,149708,obs_events/yyyymm=202201/part-000261.parquet,59591.5832879,59591.6249327,202201,202201,3598.11641201,5,448.971973825,3149.14443819,59591.5832879,59591.6249327
262,processed,202201,0112/Esg20220112_23.root,/mnt/mydisk/WCDA_observation_eval/0112/Esg20220112_23.root,/mnt/mydisk/WCDA_observation_eval/recovered_time/0112/Esg20220112_23.time.root,342861,342861,342861,False,215920,obs_events/yyyymm=202201/part-000262.parquet,59591.6250749,59591.6664597,202201,202201,3575.64818936,6,522.887959192,3052.76023017,59591.6250749,59591.6664597
263,processed,202201,0113/Esg20220113_00.root,/mnt/mydisk/WCDA_observation_eval/0113/Esg20220113_00.root,/mnt/mydisk/WCDA_observation_eval/recovered_time/0113/Esg20220113_00.time.root,192918,192918,192918,False,128797,obs_events/yyyymm=202201/part-000263.parquet,59591.6667199,59591.7082064,202201,202201,3584.43061318,9,735.510617145,2848.91999604,59591.6667199,59591.7082062
264,processed,202201,0113/Esg20220113_01.root,/mnt/mydisk/WCDA_observation_eval/0113/Esg20220113_01.root,/mnt/mydisk/WCDA_observation_eval/recovered_time/0113/Esg20220113_01.time.root,99121,99121,99121,False,67722,obs_events/yyyymm=202201/part-000264.parquet,59591.7084882,59591.7498201,202201,202201,3571.07244597,7,576.613568002,2994.45887797,59591.7084882,59591.7498201
265,processed,202201,0113/Esg20220113_02.root,/mnt/mydisk/WCDA_observation_eval/0113/Esg20220113_02.root,/mnt/mydisk/WCDA_observation_eval/recovered_time/0113/Esg20220113_02.time.root,88150,88150,88150,False,60462,obs_events/yyyymm=202201/part-000265.parquet,59591.7501179,59591.7912934,202201,202201,3557.57019888,7,575.564727886,2982.00547099,59591.7501179,59591.7912934
266,processed,202201,0113/Esg20220113_03.root,/mnt/mydisk/WCDA_observation_eval/0113/Esg20220113_03.root,/mnt/mydisk/WCDA_observation_eval/recovered_time/0113/Esg20220113_03.time.root,143943,143943,143943,False,97209,obs_events/yyyymm=202201/part-000266.parquet,59591.7917601,59591.8331509,202201,202201,3576.1651424,8,648.375122412,2927.79001999,59591.7917601,59591.8331509
267,processed,202201,0113/Esg20220113_04.root,/mnt/mydisk/WCDA_observation_eval/0113/Esg20220113_04.root,/mnt/mydisk/WCDA_observation_eval/recovered_time/0113/Esg20220113_04.time.root,283344,283344,283344,False,181868,obs_events/yyyymm=202201/part-000267.parquet,59591.8334428,59591.8748854,202201,202201,3580.63760293,4,320.906123123,3259.7314798,59591.8334428,59591.8748854
268,processed,202201,0113/Esg20220113_05.root,/mnt/mydisk/WCDA_observation_eval/0113/Esg20220113_05.root,/mnt/mydisk/WCDA_observation_eval/recovered_time/0113/Esg20220113_05.time.root,253593,253593,253593,False,164517,obs_events/yyyymm=202201/part-000268.parquet,59591.875169,59591.9163963,202201,202201,3562.03651694,4,359.460793552,3202.57572338,59591.875169,59591.9163963
269,processed,202201,0113/Esg20220113_06.root,/mnt/mydisk/WCDA_observation_eval/0113/Esg20220113_06.root,/mnt/mydisk/WCDA_observation_eval/recovered_time/0113/Esg20220113_06.time.root,134448,134448,134448,False,91337,obs_events/yyyymm=202201/part-000269.parquet,59591.9166961,59591.9582111,202201,202201,3586.89992751,5,404.697483662,3182.20244385,59591.9166961,59591.958211
270,processed,202201,0113/Esg20220113_07.root,/mnt/mydisk/WCDA_observation_eval/0113/Esg20220113_07.root,/mnt/mydisk/WCDA_observation_eval/recovered_time/0113/Esg20220113_07.time.root,65787,65787,65787,False,44924,obs_events/yyyymm=202201/part-000270.parquet,59591.9583635,59591.9998209,202201,202201,3581.91191331,8,655.164466496,2926.74744681,59591.9583635,59591.9998209
271,processed,202201,0113/Esg20220113_08.root,/mnt/mydisk/WCDA_observation_eval/0113/Esg20220113_08.root,/mnt/mydisk/WCDA_observation_eval/recovered_time/0113/Esg20220113_08.time.root,36213,36213,36213,False,24474,obs_events/yyyymm=202201/part-000271.parquet,59591.9999872,59592.0415205,202201,202201,3588.47482656,4,329.424425215,3259.05040135,59591.9999872,59592.0415205
272,processed,202201,0113/Esg20220113_09.root,/mnt/mydisk/WCDA_observation_eval/0113/Esg20220113_09.root,/mnt/mydisk/WCDA_observation_eval/recovered_time/0113/Esg20220113_09.time.root,25783,25783,25783,False,17270,obs_events/yyyymm=202201/part-000272.parquet,59592.0416878,59592.0832688,202201,202201,3592.59242078,7,578.499917407,3014.09250337,59592.0416878,59592.0832688
273,processed,202201,0113/Esg20220113_10.root,/mnt/mydisk/WCDA_observation_eval/0113/Esg20220113_10.root,/mnt/mydisk/WCDA_observation_eval/recovered_time/0113/Esg20220113_10.time.root,25580,25580,25580,False,16961,obs_events/yyyymm=202201/part-000273.parquet,59592.0834293,59592.1249313,202201,202201,3585.77122211,4,329.189072689,3256.58214942,59592.0834293,59592.1249313
274,processed,202201,0113/Esg20220113_11.root,/mnt/mydisk/WCDA_observation_eval/0113/Esg20220113_11.root,/mnt/mydisk/WCDA_observation_eval/recovered_time/0113/Esg20220113_11.time.root,25398,25398,25398,False,16920,obs_events/yyyymm=202201/part-000274.parquet,59592.1250886,59592.1664739,202201,202201,3575.69427956,5,410.874369415,3164.81991014,59592.1250886,59592.1664739
275,processed,202201,0113/Esg20220113_12.root,/mnt/mydisk/WCDA_observation_eval/0113/Esg20220113_12.root,/mnt/mydisk/WCDA_observation_eval/recovered_time/0113/Esg20220113_12.time.root,26072,26072,26072,False,17359,obs_events/yyyymm=202201/part-000275.parquet,59592.1666249,59592.2082681,202201,202201,3597.97570291,3,246.073724376,3351.90197853,59592.1666249,59592.2082681
276,processed,202201,0113/Esg20220113_13.root,/mnt/mydisk/WCDA_observation_eval/0113/Esg20220113_13.root,/mnt/mydisk/WCDA_observation_eval/recovered_time/0113/Esg20220113_13.time.root,7807,7807,7807,False,5199,obs_events/yyyymm=202201/part-000276.parquet,59592.208405,59592.2211492,202201,202201,1101.09938867,3,243.461759062,857.637629611,59592.208405,59592.2211491
277,processed,202201,0113/Esg20220113_15.root,/mnt/mydisk/WCDA_observation_eval/0113/Esg20220113_15.root,/mnt/mydisk/WCDA_observation_eval/recovered_time/0113/Esg20220113_15.time.root,143,143,143,False,98,obs_events/yyyymm=202201/part-000277.parquet,59592.3326519,59592.3326552,202201,202201,0.287535530515,0,0,0.287535530515,59592.3326519,59592.3326552
278,processed,202201,0113/Esg20220113_16.root,/mnt/mydisk/WCDA_observation_eval/0113/Esg20220113_16.root,/mnt/mydisk/WCDA_observation_eval/recovered_time/0113/Esg20220113_16.time.root,26798,26798,26798,False,17748,obs_events/yyyymm=202201/part-000278.parquet,59592.3335831,59592.3749253,202201,202201,3571.96246642,4,320.344186923,3251.61827949,59592.3335832,59592.3749253
279,processed,202201,0113/Esg20220113_17.root,/mnt/mydisk/WCDA_observation_eval/0113/Esg20220113_17.root,/mnt/mydisk/WCDA_observation_eval/recovered_time/0113/Esg20220113_17.time.root,26258,26258,26258,False,17411,obs_events/yyyymm=202201/part-000279.parquet,59592.3750591,59592.4164215,202201,202201,3573.70956705,6,479.87469295,3093.8348741,59592.3750591,59592.4164215
280,processed,202201,0113/Esg20220113_18.root,/mnt/mydisk/WCDA_observation_eval/0113/Esg20220113_18.root,/mnt/mydisk/WCDA_observation_eval/recovered_time/0113/Esg20220113_18.time.root,25724,25724,25724,False,16993,obs_events/yyyymm=202201/part-000280.parquet,59592.4167718,59592.4580185,202201,202201,3563.71590458,9,723.800589633,2839.91531495,59592.4167718,59592.4580182
281,processed,202201,0113/Esg20220113_19.root,/mnt/mydisk/WCDA_observation_eval/0113/Esg20220113_19.root,/mnt/mydisk/WCDA_observation_eval/recovered_time/0113/Esg20220113_19.time.root,27714,27714,27714,False,18446,obs_events/yyyymm=202201/part-000281.parquet,59592.45836,59592.4997717,202201,202201,3577.97050565,7,645.929416758,2932.04108889,59592.45836,59592.4997717
282,processed,202201,0113/Esg20220113_20.root,/mnt/mydisk/WCDA_observation_eval/0113/Esg20220113_20.root,/mnt/mydisk/WCDA_observation_eval/recovered_time/0113/Esg20220113_20.time.root,48799,48799,48799,False,33142,obs_events/yyyymm=202201/part-000282.parquet,59592.500109,59592.541584,202201,202201,3583.43907259,8,687.031489005,2896.40758359,59592.5001091,59592.541584
283,processed,202201,0113/Esg20220113_21.root,/mnt/mydisk/WCDA_observation_eval/0113/Esg20220113_21.root,/mnt/mydisk/WCDA_observation_eval/recovered_time/0113/Esg20220113_21.time.root,107166,107166,107166,False,72828,obs_events/yyyymm=202201/part-000283.parquet,59592.5416841,59592.5832434,202201,202201,3590.71735488,4,321.974602039,3268.74275284,59592.5416842,59592.5832434
284,processed,202201,0113/Esg20220113_22.root,/mnt/mydisk/WCDA_observation_eval/0113/Esg20220113_22.root,/mnt/mydisk/WCDA_observation_eval/recovered_time/0113/Esg20220113_22.time.root,248105,248105,248105,False,161534,obs_events/yyyymm=202201/part-000284.parquet,59592.5833318,59592.6247816,202201,202201,3581.25943244,4,318.602781789,3262.65665065,59592.5833319,59592.6247816
285,processed,202201,0113/Esg20220113_23.root,/mnt/mydisk/WCDA_observation_eval/0113/Esg20220113_23.root,/mnt/mydisk/WCDA_observation_eval/recovered_time/0113/Esg20220113_23.time.root,349171,349171,349171,False,220328,obs_events/yyyymm=202201/part-000285.parquet,59592.6251107,59592.6664025,202201,202201,3567.61119878,5,393.531151023,3174.08004776,59592.6251107,59592.6664025
286,processed,202201,0114/Esg20220114_00.root,/mnt/mydisk/WCDA_observation_eval/0114/Esg20220114_00.root,/mnt/mydisk/WCDA_observation_eval/recovered_time/0114/Esg20220114_00.time.root,188531,188531,188531,False,126060,obs_events/yyyymm=202201/part-000286.parquet,59592.6667405,59592.7082264,202201,202201,3584.3774036,3,243.046387145,3341.33101646,59592.6667405,59592.7082264
287,processed,202201,0114/Esg20220114_01.root,/mnt/mydisk/WCDA_observation_eval/0114/Esg20220114_01.root,/mnt/mydisk/WCDA_observation_eval/recovered_time/0114/Esg20220114_01.time.root,93683,93683,93683,False,64139,obs_events/yyyymm=202201/part-000287.parquet,59592.708584,59592.7496495,202201,202201,3548.05201725,10,820.062565617,2727.98945163,59592.708584,59592.7496494
288,processed,202201,0114/Esg20220114_02.root,/mnt/mydisk/WCDA_observation_eval/0114/Esg20220114_02.root,/mnt/mydisk/WCDA_observation_eval/recovered_time/0114/Esg20220114_02.time.root,90788,90788,90788,False,62191,obs_events/yyyymm=202201/part-000288.parquet,59592.7500005,59592.7915388,202201,202201,3588.91572766,6,492.086763354,3096.82896431,59592.7500005,59592.7915388
289,processed,202201,0114/Esg20220114_03.root,/mnt/mydisk/WCDA_observation_eval/0114/Esg20220114_03.root,/mnt/mydisk/WCDA_observation_eval/recovered_time/0114/Esg20220114_03.time.root,149537,149537,149537,False,100781,obs_events/yyyymm=202201/part-000289.parquet,59592.7918938,59592.8330375,202201,202201,3554.81735535,8,695.182453142,2859.63490221,59592.7918938,59592.8330375
290,processed,202201,0114/Esg20220114_04.root,/mnt/mydisk/WCDA_observation_eval/0114/Esg20220114_04.root,/mnt/mydisk/WCDA_observation_eval/recovered_time/0114/Esg20220114_04.time.root,281077,281077,281077,False,179967,obs_events/yyyymm=202201/part-000290.parquet,59592.8333977,59592.8749135,202201,202201,3586.96903987,7,560.250936099,3026.71810377,59592.8333977,59592.8749135
291,processed,202201,0114/Esg20220114_05.root,/mnt/mydisk/WCDA_observation_eval/0114/Esg20220114_05.root,/mnt/mydisk/WCDA_observation_eval/recovered_time/0114/Esg20220114_05.time.root,241221,241221,241221,False,157526,obs_events/yyyymm=202201/part-000291.parquet,59592.8749686,59592.9163541,202201,202201,3575.70452141,8,642.397105275,2933.30741613,59592.8749686,59592.9163541
292,processed,202201,0114/Esg20220114_06.root,/mnt/mydisk/WCDA_observation_eval/0114/Esg20220114_06.root,/mnt/mydisk/WCDA_observation_eval/recovered_time/0114/Esg20220114_06.time.root,128470,128470,128470,False,87366,obs_events/yyyymm=202201/part-000292.parquet,59592.9167329,59592.9581773,202201,202201,3580.79769434,4,327.086287877,3253.71140647,59592.9167329,59592.9581773
293,processed,202201,0114/Esg20220114_07.root,/mnt/mydisk/WCDA_observation_eval/0114/Esg20220114_07.root,/mnt/mydisk/WCDA_observation_eval/recovered_time/0114/Esg20220114_07.time.root,63211,63211,63211,False,43133,obs_events/yyyymm=202201/part-000293.parquet,59592.9585667,59592.9995904,202201,202201,3544.45064245,5,411.963428836,3132.48721361,59592.9585667,59592.9995903
294,processed,202201,0114/Esg20220114_08.root,/mnt/mydisk/WCDA_observation_eval/0114/Esg20220114_08.root,/mnt/mydisk/WCDA_observation_eval/recovered_time/0114/Esg20220114_08.time.root,34138,34138,34138,False,23000,obs_events/yyyymm=202201/part-000294.parquet,59592.9999868,59593.0414854,202201,202201,3585.47450651,7,579.733954417,3005.74055209,59592.9999868,59593.0414854
295,processed,202201,0114/Esg20220114_09.root,/mnt/mydisk/WCDA_observation_eval/0114/Esg20220114_09.root,/mnt/mydisk/WCDA_observation_eval/recovered_time/0114/Esg20220114_09.time.root,25086,25086,25086,False,16664,obs_events/yyyymm=202201/part-000295.parquet,59593.0418623,59593.0829213,202201,202201,3547.49830873,7,580.511951982,2966.98635675,59593.0418623,59593.0829213
296,processed,202201,0114/Esg20220114_10.root,/mnt/mydisk/WCDA_observation_eval/0114/Esg20220114_10.root,/mnt/mydisk/WCDA_observation_eval/recovered_time/0114/Esg20220114_10.time.root,24228,24228,24228,False,16129,obs_events/yyyymm=202201/part-000296.parquet,59593.0832993,59593.1249202,202201,202201,3596.04773736,10,874.752743728,2721.29499363,59593.0832993,59593.1249202
297,processed,202201,0114/Esg20220114_11.root,/mnt/mydisk/WCDA_observation_eval/0114/Esg20220114_11.root,/mnt/mydisk/WCDA_observation_eval/recovered_time/0114/Esg20220114_11.time.root,24727,24727,24727,False,16445,obs_events/yyyymm=202201/part-000297.parquet,59593.1250094,59593.1663816,202201,202201,3574.56074995,4,335.326174158,3239.23457579,59593.1250094,59593.1663816
298,processed,202201,0114/Esg20220114_12.root,/mnt/mydisk/WCDA_observation_eval/0114/Esg20220114_12.root,/mnt/mydisk/WCDA_observation_eval/recovered_time/0114/Esg20220114_12.time.root,24893,24893,24893,False,16433,obs_events/yyyymm=202201/part-000298.parquet,59593.1667669,59593.2079001,202201,202201,3553.90787842,4,331.774998992,3222.13287943,59593.1667669,59593.2079
299,processed,202201,0114/Esg20220114_13.root,/mnt/mydisk/WCDA_observation_eval/0114/Esg20220114_13.root,/mnt/mydisk/WCDA_observation_eval/recovered_time/0114/Esg20220114_13.time.root,6018,6018,6018,False,3962,obs_events/yyyymm=202201/part-000299.parquet,59593.208285,59593.2188479,202201,202201,912.639588746,5,412.895464618,499.744124128,59593.208285,59593.2188479
300,processed,202201,0114/Esg20220114_15.root,/mnt/mydisk/WCDA_observation_eval/0114/Esg20220114_15.root,/mnt/mydisk/WCDA_observation_eval/recovered_time/0114/Esg20220114_15.time.root,1461,1461,1461,False,999,obs_events/yyyymm=202201/part-000300.parquet,59593.3310343,59593.3330535,202201,202201,174.458900839,0,0,174.458900839,59593.3310343,59593.3330535
301,processed,202201,0114/Esg20220114_16.root,/mnt/mydisk/WCDA_observation_eval/0114/Esg20220114_16.root,/mnt/mydisk/WCDA_observation_eval/recovered_time/0114/Esg20220114_16.time.root,24339,24339,24339,False,16076,obs_events/yyyymm=202201/part-000301.parquet,59593.3334278,59593.3746423,202201,202201,3560.93584145,8,743.19643029,2817.73941116,59593.3334278,59593.3746423
302,processed,202201,0114/Esg20220114_17.root,/mnt/mydisk/WCDA_observation_eval/0114/Esg20220114_17.root,/mnt/mydisk/WCDA_observation_eval/recovered_time/0114/Esg20220114_17.time.root,25595,25595,25595,False,17082,obs_events/yyyymm=202201/part-000302.parquet,59593.3750044,59593.416408,202201,202201,3577.27059117,4,331.344726356,3245.92586481,59593.3750044,59593.4164078
303,processed,202201,0114/Esg20220114_18.root,/mnt/mydisk/WCDA_observation_eval/0114/Esg20220114_18.root,/mnt/mydisk/WCDA_observation_eval/recovered_time/0114/Esg20220114_18.time.root,24916,24916,24916,False,16555,obs_events/yyyymm=202201/part-000303.parquet,59593.4167755,59593.4581868,202201,202201,3577.94249333,6,497.932607727,3080.0098856,59593.4167755,59593.4581868
304,processed,202201,0114/Esg20220114_19.root,/mnt/mydisk/WCDA_observation_eval/0114/Esg20220114_19.root,/mnt/mydisk/WCDA_observation_eval/recovered_time/0114/Esg20220114_19.time.root,28270,28270,28270,False,18843,obs_events/yyyymm=202201/part-000304.parquet,59593.4582895,59593.4998256,202201,202201,3588.7238967,4,332.50830383,3256.21559287,59593.4582895,59593.4998256
305,processed,202201,0114/Esg20220114_20.root,/mnt/mydisk/WCDA_observation_eval/0114/Esg20220114_20.root,/mnt/mydisk/WCDA_observation_eval/recovered_time/0114/Esg20220114_20.time.root,50100,50100,50100,False,33901,obs_events/yyyymm=202201/part-000305.parquet,59593.5001991,59593.5415668,202201,202201,3574.17081606,5,416.079736222,3158.09107984,59593.5001991,59593.5415668
306,processed,202201,0114/Esg20220114_21.root,/mnt/mydisk/WCDA_observation_eval/0114/Esg20220114_21.root,/mnt/mydisk/WCDA_observation_eval/recovered_time/0114/Esg20220114_21.time.root,108879,108879,108879,False,73956,obs_events/yyyymm=202201/part-000306.parquet,59593.541944,59593.5829981,202201,202201,3547.07663152,4,373.338298872,3173.73833265,59593.541944,59593.5829981
307,processed,202201,0114/Esg20220114_22.root,/mnt/mydisk/WCDA_observation_eval/0114/Esg20220114_22.root,/mnt/mydisk/WCDA_observation_eval/recovered_time/0114/Esg20220114_22.time.root,255130,255130,255130,False,164790,obs_events/yyyymm=202201/part-000307.parquet,59593.5833507,59593.6248944,202201,202201,3589.374833,4,368.113677367,3221.26115563,59593.5833507,59593.6248944
308,processed,202201,0114/Esg20220114_23.root,/mnt/mydisk/WCDA_observation_eval/0114/Esg20220114_23.root,/mnt/mydisk/WCDA_observation_eval/recovered_time/0114/Esg20220114_23.time.root,339727,339727,339727,False,214235,obs_events/yyyymm=202201/part-000308.parquet,59593.6252035,59593.6662962,202201,202201,3550.41310508,3,240.298655746,3310.11444933,59593.6252035,59593.6662962
309,processed,202201,0115/Esg20220115_00.root,/mnt/mydisk/WCDA_observation_eval/0115/Esg20220115_00.root,/mnt/mydisk/WCDA_observation_eval/recovered_time/0115/Esg20220115_00.time.root,174460,174460,174460,False,117086,obs_events/yyyymm=202201/part-000309.parquet,59593.6666181,59593.70815,202201,202201,3588.3586383,6,492.458887794,3095.8997505,59593.6666181,59593.70815
310,processed,202201,0115/Esg20220115_01.root,/mnt/mydisk/WCDA_observation_eval/0115/Esg20220115_01.root,/mnt/mydisk/WCDA_observation_eval/recovered_time/0115/Esg20220115_01.time.root,92643,92643,92643,False,63646,obs_events/yyyymm=202201/part-000310.parquet,59593.7084796,59593.7498502,202201,202201,3574.41240347,8,660.814948194,2913.59745527,59593.7084796,59593.7498502
311,processed,202201,0115/Esg20220115_02.root,/mnt/mydisk/WCDA_observation_eval/0115/Esg20220115_02.root,/mnt/mydisk/WCDA_observation_eval/recovered_time/0115/Esg20220115_02.time.root,90780,90780,90780,False,62030,obs_events/yyyymm=202201/part-000311.parquet,59593.750175,59593.791471,202201,202201,3567.97017704,7,619.082781672,2948.88739537,59593.750175,59593.791471
312,processed,202201,0115/Esg20220115_03.root,/mnt/mydisk/WCDA_observation_eval/0115/Esg20220115_03.root,/mnt/mydisk/WCDA_observation_eval/recovered_time/0115/Esg20220115_03.time.root,160592,160592,160592,False,107607,obs_events/yyyymm=202201/part-000312.parquet,59593.7918005,59593.8331036,202201,202201,3568.59051918,5,408.933860552,3159.65665863,59593.7918005,59593.8331036
313,processed,202201,0115/Esg20220115_04.root,/mnt/mydisk/WCDA_observation_eval/0115/Esg20220115_04.root,/mnt/mydisk/WCDA_observation_eval/recovered_time/0115/Esg20220115_04.time.root,298052,298052,298052,False,190580,obs_events/yyyymm=202201/part-000313.parquet,59593.8334069,59593.8749573,202201,202201,3589.95331696,2,159.236189956,3430.717127,59593.8334069,59593.8749573
314,processed,202201,0115/Esg20220115_05.root,/mnt/mydisk/WCDA_observation_eval/0115/Esg20220115_05.root,/mnt/mydisk/WCDA_observation_eval/recovered_time/0115/Esg20220115_05.time.root,233168,233168,233168,False,152546,obs_events/yyyymm=202201/part-000314.parquet,59593.8752609,59593.9165251,202201,202201,3565.22706994,8,641.984500014,2923.24256992,59593.8752609,59593.9165251
315,processed,202201,0115/Esg20220115_06.root,/mnt/mydisk/WCDA_observation_eval/0115/Esg20220115_06.root,/mnt/mydisk/WCDA_observation_eval/recovered_time/0115/Esg20220115_06.time.root,122258,122258,122258,False,83312,obs_events/yyyymm=202201/part-000315.parquet,59593.9166448,59593.9582429,202201,202201,3594.07498164,3,244.643804175,3349.43117746,59593.9166448,59593.9582429
316,processed,202201,0115/Esg20220115_07.root,/mnt/mydisk/WCDA_observation_eval/0115/Esg20220115_07.root,/mnt/mydisk/WCDA_observation_eval/recovered_time/0115/Esg20220115_07.time.root,60947,60947,60947,False,41627,obs_events/yyyymm=202201/part-000316.parquet,59593.958389,59593.9998474,202201,202201,3582.00515548,4,330.165429041,3251.83972644,59593.958389,59593.9998474
317,processed,202201,0115/Esg20220115_08.root,/mnt/mydisk/WCDA_observation_eval/0115/Esg20220115_08.root,/mnt/mydisk/WCDA_observation_eval/recovered_time/0115/Esg20220115_08.time.root,33563,33563,33563,False,22652,obs_events/yyyymm=202201/part-000317.parquet,59594.0001558,59594.0414285,202201,202201,3565.95819904,3,249.770726427,3316.18747262,59594.0001558,59594.0414279
318,processed,202201,0115/Esg20220115_09.root,/mnt/mydisk/WCDA_observation_eval/0115/Esg20220115_09.root,/mnt/mydisk/WCDA_observation_eval/recovered_time/0115/Esg20220115_09.time.root,24535,24535,24535,False,16249,obs_events/yyyymm=202201/part-000318.parquet,59594.0417417,59594.0831298,202201,202201,3575.93005453,6,584.862606064,2991.06744847,59594.0417417,59594.0831298
319,processed,202201,0115/Esg20220115_10.root,/mnt/mydisk/WCDA_observation_eval/0115/Esg20220115_10.root,/mnt/mydisk/WCDA_observation_eval/recovered_time/0115/Esg20220115_10.time.root,25139,25139,25139,False,16773,obs_events/yyyymm=202201/part-000319.parquet,59594.0834396,59594.1248764,202201,202201,3580.13910684,4,334.187122551,3245.95198429,59594.0834396,59594.1248764
320,processed,202201,0115/Esg20220115_11.root,/mnt/mydisk/WCDA_observation_eval/0115/Esg20220115_11.root,/mnt/mydisk/WCDA_observation_eval/recovered_time/0115/Esg20220115_11.time.root,25371,25371,25371,False,16938,obs_events/yyyymm=202201/part-000320.parquet,59594.1251815,59594.1664588,202201,202201,3566.36062784,2,167.24216016,3399.11846768,59594.1251815,59594.1664588
321,processed,202201,0115/Esg20220115_12.root,/mnt/mydisk/WCDA_observation_eval/0115/Esg20220115_12.root,/mnt/mydisk/WCDA_observation_eval/recovered_time/0115/Esg20220115_12.time.root,25138,25138,25138,False,16639,obs_events/yyyymm=202201/part-000321.parquet,59594.1666263,59594.2081505,202201,202201,3587.69076637,4,333.807381475,3253.88338489,59594.1666263,59594.2081505
322,processed,202201,0115/Esg20220115_13.root,/mnt/mydisk/WCDA_observation_eval/0115/Esg20220115_13.root,/mnt/mydisk/WCDA_observation_eval/recovered_time/0115/Esg20220115_13.time.root,4709,4709,4709,False,3116,obs_events/yyyymm=202201/part-000322.parquet,59594.2083258,59594.2163408,202201,202201,692.49876095,2,207.306466461,485.192294489,59594.2083258,59594.2163408
323,processed,202201,0115/Esg20220115_15.root,/mnt/mydisk/WCDA_observation_eval/0115/Esg20220115_15.root,/mnt/mydisk/WCDA_observation_eval/recovered_time/0115/Esg20220115_15.time.root,3285,3285,3285,False,2179,obs_events/yyyymm=202201/part-000323.parquet,59594.3242337,59594.3331336,202201,202201,768.953709863,2,412.735711411,356.217998452,59594.3242337,59594.3331336
324,processed,202201,0115/Esg20220115_16.root,/mnt/mydisk/WCDA_observation_eval/0115/Esg20220115_16.root,/mnt/mydisk/WCDA_observation_eval/recovered_time/0115/Esg20220115_16.time.root,25774,25774,25774,False,17073,obs_events/yyyymm=202201/part-000324.parquet,59594.3333293,59594.3747489,202201,202201,3578.65678612,2,164.375819592,3414.28096653,59594.3333293,59594.3747489
325,processed,202201,0115/Esg20220115_17.root,/mnt/mydisk/WCDA_observation_eval/0115/Esg20220115_17.root,/mnt/mydisk/WCDA_observation_eval/recovered_time/0115/Esg20220115_17.time.root,25577,25577,25577,False,17119,obs_events/yyyymm=202201/part-000325.parquet,59594.3749464,59594.416457,202201,202201,3586.51870976,4,330.240470124,3256.27823963,59594.3749464,59594.416457
326,processed,202201,0115/Esg20220115_18.root,/mnt/mydisk/WCDA_observation_eval/0115/Esg20220115_18.root,/mnt/mydisk/WCDA_observation_eval/recovered_time/0115/Esg20220115_18.time.root,25536,25536,25536,False,16978,obs_events/yyyymm=202201/part-000326.parquet,59594.4166585,59594.4582399,202201,202201,3592.63980787,2,166.006588633,3426.63321923,59594.4166585,59594.4582399
327,processed,202201,0115/Esg20220115_19.root,/mnt/mydisk/WCDA_observation_eval/0115/Esg20220115_19.root,/mnt/mydisk/WCDA_observation_eval/recovered_time/0115/Esg20220115_19.time.root,28214,28214,28214,False,18840,obs_events/yyyymm=202201/part-000327.parquet,59594.4585241,59594.4998855,202201,202201,3573.62138231,8,669.138710503,2904.4826718,59594.4585241,59594.4998855
328,processed,202201,0115/Esg20220115_20.root,/mnt/mydisk/WCDA_observation_eval/0115/Esg20220115_20.root,/mnt/mydisk/WCDA_observation_eval/recovered_time/0115/Esg20220115_20.time.root,53599,53599,53599,False,36260,obs_events/yyyymm=202201/part-000328.parquet,59594.5000654,59594.5415499,202201,202201,3584.25985118,3,251.053815172,3333.20603601,59594.5000654,59594.5415499
329,processed,202201,0115/Esg20220115_21.root,/mnt/mydisk/WCDA_observation_eval/0115/Esg20220115_21.root,/mnt/mydisk/WCDA_observation_eval/recovered_time/0115/Esg20220115_21.time.root,118169,118169,118169,False,80010,obs_events/yyyymm=202201/part-000329.parquet,59594.5418394,59594.5831663,202201,202201,3570.65003577,2,166.291190917,3404.35884485,59594.5418394,59594.5831663
330,processed,202201,0115/Esg20220115_22.root,/mnt/mydisk/WCDA_observation_eval/0115/Esg20220115_22.root,/mnt/mydisk/WCDA_observation_eval/recovered_time/0115/Esg20220115_22.time.root,266585,266585,266585,False,171390,obs_events/yyyymm=202201/part-000330.parquet,59594.5834465,59594.6249609,202201,202201,3586.83944957,4,325.452481862,3261.38696771,59594.5834465,59594.6249608
331,processed,202201,0115/Esg20220115_23.root,/mnt/mydisk/WCDA_observation_eval/0115/Esg20220115_23.root,/mnt/mydisk/WCDA_observation_eval/recovered_time/0115/Esg20220115_23.time.root,329472,329472,329472,False,207804,obs_events/yyyymm=202201/part-000331.parquet,59594.6251068,59594.666488,202201,202201,3575.33471289,5,401.795307314,3173.53940557,59594.6251068,59594.666488
332,processed,202201,0116/Esg20220116_00.root,/mnt/mydisk/WCDA_observation_eval/0116/Esg20220116_00.root,/mnt/mydisk/WCDA_observation_eval/recovered_time/0116/Esg20220116_00.time.root,163294,163294,163294,False,109592,obs_events/yyyymm=202201/part-000332.parquet,59594.6666545,59594.7081177,202201,202201,3582.41636453,6,496.638331027,3085.7780335,59594.6666545,59594.7081177
333,processed,202201,0116/Esg20220116_01.root,/mnt/mydisk/WCDA_observation_eval/0116/Esg20220116_01.root,/mnt/mydisk/WCDA_observation_eval/recovered_time/0116/Esg20220116_01.time.root,94307,94307,94307,False,64675,obs_events/yyyymm=202201/part-000333.parquet,59594.7083161,59594.7499411,202201,202201,3596.40431609,3,250.063831103,3346.34048499,59594.7083161,59594.7499411
334,processed,202201,0116/Esg20220116_02.root,/mnt/mydisk/WCDA_observation_eval/0116/Esg20220116_02.root,/mnt/mydisk/WCDA_observation_eval/recovered_time/0116/Esg20220116_02.time.root,94189,94189,94189,False,64127,obs_events/yyyymm=202201/part-000334.parquet,59594.7502308,59594.7915136,202201,202201,3566.83292273,3,292.752630939,3274.08029179,59594.7502308,59594.7915136
335,processed,202201,0116/Esg20220116_03.root,/mnt/mydisk/WCDA_observation_eval/0116/Esg20220116_03.root,/mnt/mydisk/WCDA_observation_eval/recovered_time/0116/Esg20220116_03.time.root,167483,167483,167483,False,112158,obs_events/yyyymm=202201/part-000335.parquet,59594.7917931,59594.8333024,202201,202201,3586.40089205,6,494.641143735,3091.75974831,59594.7917931,59594.8333024
336,processed,202201,0116/Esg20220116_04.root,/mnt/mydisk/WCDA_observation_eval/0116/Esg20220116_04.root,/mnt/mydisk/WCDA_observation_eval/recovered_time/0116/Esg20220116_04.time.root,293901,293901,293901,False,187263,obs_events/yyyymm=202201/part-000336.parquet,59594.833471,59594.8748684,202201,202201,3576.74289902,3,241.846013325,3334.8968857,59594.833471,59594.8748684
337,processed,202201,0116/Esg20220116_05.root,/mnt/mydisk/WCDA_observation_eval/0116/Esg20220116_05.root,/mnt/mydisk/WCDA_observation_eval/recovered_time/0116/Esg20220116_05.time.root,228345,228345,228345,False,149760,obs_events/yyyymm=202201/part-000337.parquet,59594.8753152,59594.9166143,202201,202201,3568.24860417,3,244.648913783,3323.59969039,59594.8753152,59594.9166143
338,processed,202201,0116/Esg20220116_06.root,/mnt/mydisk/WCDA_observation_eval/0116/Esg20220116_06.root,/mnt/mydisk/WCDA_observation_eval/recovered_time/0116/Esg20220116_06.time.root,116194,116194,116194,False,79171,obs_events/yyyymm=202201/part-000338.parquet,59594.916897,59594.9581035,202201,202201,3560.24443062,2,164.247658197,3395.99677243,59594.916897,59594.9581035
339,processed,202201,0116/Esg20220116_07.root,/mnt/mydisk/WCDA_observation_eval/0116/Esg20220116_07.root,/mnt/mydisk/WCDA_observation_eval/recovered_time/0116/Esg20220116_07.time.root,58619,58619,58619,False,39986,obs_events/yyyymm=202201/part-000339.parquet,59594.9582842,59594.9998725,202201,202201,3593.22681371,3,249.491629796,3343.73518392,59594.9582842,59594.9998723
340,processed,202201,0116/Esg20220116_08.root,/mnt/mydisk/WCDA_observation_eval/0116/Esg20220116_08.root,/mnt/mydisk/WCDA_observation_eval/recovered_time/0116/Esg20220116_08.time.root,31262,31262,31262,False,21144,obs_events/yyyymm=202201/part-000340.parquet,59595.0000478,59595.0413389,202201,202201,3567.5437165,7,626.324622799,2941.2190937,59595.0000478,59595.0413389
341,processed,202201,0116/Esg20220116_09.root,/mnt/mydisk/WCDA_observation_eval/0116/Esg20220116_09.root,/mnt/mydisk/WCDA_observation_eval/recovered_time/0116/Esg20220116_09.time.root,24570,24570,24570,False,16290,obs_events/yyyymm=202201/part-000341.parquet,59595.0416362,59595.0830858,202201,202201,3581.25357726,7,626.633807528,2954.61976973,59595.0416362,59595.0830858
342,processed,202201,0116/Esg20220116_10.root,/mnt/mydisk/WCDA_observation_eval/0116/Esg20220116_10.root,/mnt/mydisk/WCDA_observation_eval/recovered_time/0116/Esg20220116_10.time.root,24779,24779,24779,False,16485,obs_events/yyyymm=202201/part-000342.parquet,59595.0833713,59595.124763,202201,202201,3576.24264902,4,335.827980051,3240.41466897,59595.0833713,59595.124763
343,processed,202201,0116/Esg20220116_11.root,/mnt/mydisk/WCDA_observation_eval/0116/Esg20220116_11.root,/mnt/mydisk/WCDA_observation_eval/recovered_time/0116/Esg20220116_11.time.root,24779,24779,24779,False,16441,obs_events/yyyymm=202201/part-000343.parquet,59595.1249504,59595.1664164,202201,202201,3582.66666869,4,335.99115496,3246.67551373,59595.1249504,59595.1664164
344,processed,202201,0116/Esg20220116_12.root,/mnt/mydisk/WCDA_observation_eval/0116/Esg20220116_12.root,/mnt/mydisk/WCDA_observation_eval/recovered_time/0116/Esg20220116_12.time.root,25042,25042,25042,False,16617,obs_events/yyyymm=202201/part-000344.parquet,59595.1666956,59595.2081967,202201,202201,3585.69723777,4,334.50671446,3251.19052331,59595.1666956,59595.2081967
345,processed,202201,0116/Esg20220116_13.root,/mnt/mydisk/WCDA_observation_eval/0116/Esg20220116_13.root,/mnt/mydisk/WCDA_observation_eval/recovered_time/0116/Esg20220116_13.time.root,3059,3059,3059,False,2017,obs_events/yyyymm=202201/part-000345.parquet,59595.2084565,59595.2132771,202201,202201,416.499026469,0,0,416.499026469,59595.2084565,59595.213277
346,processed,202201,0116/Esg20220116_15.root,/mnt/mydisk/WCDA_observation_eval/0116/Esg20220116_15.root,/mnt/mydisk/WCDA_observation_eval/recovered_time/0116/Esg20220116_15.time.root,4610,4610,4610,False,3068,obs_events/yyyymm=202201/part-000346.parquet,59595.3210626,59595.3330774,202201,202201,1038.08051907,3,580.024631904,458.055887162,59595.3210626,59595.3330774
347,processed,202201,0116/Esg20220116_16.root,/mnt/mydisk/WCDA_observation_eval/0116/Esg20220116_16.root,/mnt/mydisk/WCDA_observation_eval/recovered_time/0116/Esg20220116_16.time.root,25617,25617,25617,False,16952,obs_events/yyyymm=202201/part-000347.parquet,59595.3333391,59595.3748068,202201,202201,3582.80835282,4,331.986716436,3250.82163638,59595.3333391,59595.3748068
348,processed,202201,0116/Esg20220116_18.root,/mnt/mydisk/WCDA_observation_eval/0116/Esg20220116_18.root,/mnt/mydisk/WCDA_observation_eval/recovered_time/0116/Esg20220116_18.time.root,24427,24427,24427,False,16118,obs_events/yyyymm=202201/part-000348.parquet,59595.4168069,59595.4582187,202201,202201,3577.97361806,8,709.334034752,2868.6395833,59595.4168069,59595.4582183
349,processed,202201,0116/Esg20220116_19.root,/mnt/mydisk/WCDA_observation_eval/0116/Esg20220116_19.root,/mnt/mydisk/WCDA_observation_eval/recovered_time/0116/Esg20220116_19.time.root,29389,29389,29389,False,19688,obs_events/yyyymm=202201/part-000349.parquet,59595.458447,59595.49992,202201,202201,3583.26405091,4,335.407032073,3247.85701884,59595.458447,59595.49992
350,processed,202201,0116/Esg20220116_20.root,/mnt/mydisk/WCDA_observation_eval/0116/Esg20220116_20.root,/mnt/mydisk/WCDA_observation_eval/recovered_time/0116/Esg20220116_20.time.root,56074,56074,56074,False,37884,obs_events/yyyymm=202201/part-000350.parquet,59595.5001661,59595.5414641,202201,202201,3568.14757877,2,167.324747471,3400.82283129,59595.5001661,59595.5414641
351,processed,202201,0116/Esg20220116_21.root,/mnt/mydisk/WCDA_observation_eval/0116/Esg20220116_21.root,/mnt/mydisk/WCDA_observation_eval/recovered_time/0116/Esg20220116_21.time.root,124382,124382,124382,False,84190,obs_events/yyyymm=202201/part-000351.parquet,59595.541721,59595.5832266,202201,202201,3586.08996032,1,125.993979396,3460.09598093,59595.541721,59595.5832266
352,processed,202201,0116/Esg20220116_22.root,/mnt/mydisk/WCDA_observation_eval/0116/Esg20220116_22.root,/mnt/mydisk/WCDA_observation_eval/recovered_time/0116/Esg20220116_22.time.root,278044,278044,278044,False,177826,obs_events/yyyymm=202201/part-000352.parquet,59595.5834805,59595.6249458,202201,202201,3582.60716326,3,246.819896274,3335.78726698,59595.5834805,59595.6249458
353,processed,202201,0116/Esg20220116_23.root,/mnt/mydisk/WCDA_observation_eval/0116/Esg20220116_23.root,/mnt/mydisk/WCDA_observation_eval/recovered_time/0116/Esg20220116_23.time.root,320619,320619,320619,False,203267,obs_events/yyyymm=202201/part-000353.parquet,59595.6251019,59595.6666065,202201,202201,3586.00360116,5,409.564103186,3176.43949797,59595.6251019,59595.6666065
354,processed,202201,0117/Esg20220117_00.root,/mnt/mydisk/WCDA_observation_eval/0117/Esg20220117_00.root,/mnt/mydisk/WCDA_observation_eval/recovered_time/0117/Esg20220117_00.time.root,154148,154148,154148,False,104317,obs_events/yyyymm=202201/part-000354.parquet,59595.6668543,59595.7081424,202201,202201,3567.2920859,5,418.714202545,3148.57788335,59595.6668543,59595.7081424
355,processed,202201,0117/Esg20220117_01.root,/mnt/mydisk/WCDA_observation_eval/0117/Esg20220117_01.root,/mnt/mydisk/WCDA_observation_eval/recovered_time/0117/Esg20220117_01.time.root,90131,90131,90131,False,61863,obs_events/yyyymm=202201/part-000355.parquet,59595.7084147,59595.7496739,202201,202201,3564.79017895,2,168.468623282,3396.32155567,59595.7084147,59595.7496739
356,processed,202201,0117/Esg20220117_02.root,/mnt/mydisk/WCDA_observation_eval/0117/Esg20220117_02.root,/mnt/mydisk/WCDA_observation_eval/recovered_time/0117/Esg20220117_02.time.root,96512,96512,96512,False,65758,obs_events/yyyymm=202201/part-000356.parquet,59595.749951,59595.7914342,202201,202201,3584.14693815,2,168.029408203,3416.11752994,59595.749951,59595.7914342
357,processed,202201,0117/Esg20220117_03.root,/mnt/mydisk/WCDA_observation_eval/0117/Esg20220117_03.root,/mnt/mydisk/WCDA_observation_eval/recovered_time/0117/Esg20220117_03.time.root,178754,178754,178754,False,119123,obs_events/yyyymm=202201/part-000357.parquet,59595.7916225,59595.833126,202201,202201,3585.90212124,1,83.8316647103,3502.07045653,59595.7916225,59595.833126
358,processed,202201,0117/Esg20220117_04.root,/mnt/mydisk/WCDA_observation_eval/0117/Esg20220117_04.root,/mnt/mydisk/WCDA_observation_eval/recovered_time/0117/Esg20220117_04.time.root,293138,293138,293138,False,187239,obs_events/yyyymm=202201/part-000358.parquet,59595.8333897,59595.8748856,202201,202201,3585.24507077,3,246.070278157,3339.17479261,59595.8333897,59595.8748856
359,processed,202201,0117/Esg20220117_05.root,/mnt/mydisk/WCDA_observation_eval/0117/Esg20220117_05.root,/mnt/mydisk/WCDA_observation_eval/recovered_time/0117/Esg20220117_05.time.root,219233,219233,219233,False,144712,obs_events/yyyymm=202201/part-000359.parquet,59595.8750394,59595.9164708,202201,202201,3579.67967964,2,164.15251249,3415.52716715,59595.8750394,59595.9164708
360,processed,202201,0117/Esg20220117_06.root,/mnt/mydisk/WCDA_observation_eval/0117/Esg20220117_06.root,/mnt/mydisk/WCDA_observation_eval/recovered_time/0117/Esg20220117_06.time.root,97329,97329,97329,False,66408,obs_events/yyyymm=202201/part-000360.parquet,59595.9167332,59595.9582374,202201,202201,3585.95888014,4,628.990291804,2956.96858834,59595.9167332,59595.9582374
361,processed,202201,0117/Esg20220117_07.root,/mnt/mydisk/WCDA_observation_eval/0117/Esg20220117_07.root,/mnt/mydisk/WCDA_observation_eval/recovered_time/0117/Esg20220117_07.time.root,56208,56208,56208,False,38092,obs_events/yyyymm=202201/part-000361.parquet,59595.9586887,59595.9995735,202201,202201,3532.44941819,1,80.4374930682,3452.01192512,59595.9586887,59595.9995734
362,processed,202201,0117/Esg20220117_08.root,/mnt/mydisk/WCDA_observation_eval/0117/Esg20220117_08.root,/mnt/mydisk/WCDA_observation_eval/recovered_time/0117/Esg20220117_08.time.root,31645,31645,31645,False,21437,obs_events/yyyymm=202201/part-000362.parquet,59596.000026,59596.0413641,202201,202201,3571.61194906,4,323.031451693,3248.58049736,59596.000026,59596.0413641
363,processed,202201,0117/Esg20220117_09.root,/mnt/mydisk/WCDA_observation_eval/0117/Esg20220117_09.root,/mnt/mydisk/WCDA_observation_eval/recovered_time/0117/Esg20220117_09.time.root,13986,13986,13986,False,9294,obs_events/yyyymm=202201/part-000363.parquet,59596.0418285,59596.0643539,202201,202201,1946.19645628,3,242.294407217,1703.90204906,59596.0418285,59596.0643539
364,processed,202201,0117/Esg20220117_16.root,/mnt/mydisk/WCDA_observation_eval/0117/Esg20220117_16.root,/mnt/mydisk/WCDA_observation_eval/recovered_time/0117/Esg20220117_16.time.root,1584,1584,1584,False,1048,obs_events/yyyymm=202201/part-000364.parquet,59596.3705954,59596.3734545,202201,202201,247.030507307,1,98.2510500122,148.779457295,59596.3705954,59596.3734545
365,processed,202201,0117/Esg20220117_17.root,/mnt/mydisk/WCDA_observation_eval/0117/Esg20220117_17.root,/mnt/mydisk/WCDA_observation_eval/recovered_time/0117/Esg20220117_17.time.root,15189,15189,15189,False,10198,obs_events/yyyymm=202201/part-000365.parquet,59596.3778053,59596.4162445,202201,202201,3321.14398365,8,1553.95003853,1767.19394512,59596.3778053,59596.4162445
366,processed,202201,0117/Esg20220117_18.root,/mnt/mydisk/WCDA_observation_eval/0117/Esg20220117_18.root,/mnt/mydisk/WCDA_observation_eval/recovered_time/0117/Esg20220117_18.time.root,22761,22761,22761,False,15151,obs_events/yyyymm=202201/part-000366.parquet,59596.4167117,59596.4581614,202201,202201,3581.25156309,7,836.234672251,2745.01689083,59596.4167117,59596.4581614
367,processed,202201,0117/Esg20220117_19.root,/mnt/mydisk/WCDA_observation_eval/0117/Esg20220117_19.root,/mnt/mydisk/WCDA_observation_eval/recovered_time/0117/Esg20220117_19.time.root,23619,23619,23619,False,15909,obs_events/yyyymm=202201/part-000367.parquet,59596.4586298,59596.4996832,202201,202201,3547.01727508,5,1166.28019649,2380.73707859,59596.4586298,59596.4996832
368,processed,202201,0117/Esg20220117_20.root,/mnt/mydisk/WCDA_observation_eval/0117/Esg20220117_20.root,/mnt/mydisk/WCDA_observation_eval/recovered_time/0117/Esg20220117_20.time.root,57788,57788,57788,False,39282,obs_events/yyyymm=202201/part-000368.parquet,59596.5001483,59596.5416008,202201,202201,3581.49831353,6,489.62772293,3091.8705906,59596.5001483,59596.5416008
369,processed,202201,0117/Esg20220117_21.root,/mnt/mydisk/WCDA_observation_eval/0117/Esg20220117_21.root,/mnt/mydisk/WCDA_observation_eval/recovered_time/0117/Esg20220117_21.time.root,129721,129721,129721,False,87938,obs_events/yyyymm=202201/part-000369.parquet,59596.542067,59596.5832603,202201,202201,3559.10134439,4,326.14525496,3232.95608943,59596.542067,59596.5832603
370,processed,202201,0117/Esg20220117_22.root,/mnt/mydisk/WCDA_observation_eval/0117/Esg20220117_22.root,/mnt/mydisk/WCDA_observation_eval/recovered_time/0117/Esg20220117_22.time.root,281333,281333,281333,False,180258,obs_events/yyyymm=202201/part-000370.parquet,59596.5837046,59596.6249938,202201,202201,3567.38295117,6,519.137020851,3048.24593032,59596.5837046,59596.6249938
371,processed,202201,0117/Esg20220117_23.root,/mnt/mydisk/WCDA_observation_eval/0117/Esg20220117_23.root,/mnt/mydisk/WCDA_observation_eval/recovered_time/0117/Esg20220117_23.time.root,313726,313726,313726,False,199820,obs_events/yyyymm=202201/part-000371.parquet,59596.6249628,59596.6661837,202201,202201,3561.48559204,3,238.18345964,3323.3021324,59596.6249629,59596.6661837
372,processed,202201,0118/Esg20220118_00.root,/mnt/mydisk/WCDA_observation_eval/0118/Esg20220118_00.root,/mnt/mydisk/WCDA_observation_eval/recovered_time/0118/Esg20220118_00.time.root,146301,146301,146301,False,99143,obs_events/yyyymm=202201/part-000372.parquet,59596.666619,59596.7082385,202201,202201,3595.9250483,7,566.220890894,3029.7041574,59596.666619,59596.7082385
373,processed,202201,0118/Esg20220118_01.root,/mnt/mydisk/WCDA_observation_eval/0118/Esg20220118_01.root,/mnt/mydisk/WCDA_observation_eval/recovered_time/0118/Esg20220118_01.time.root,89886,89886,89886,False,61753,obs_events/yyyymm=202201/part-000373.parquet,59596.708696,59596.7497483,202201,202201,3546.91755348,0,0,3546.91755348,59596.708696,59596.7497483
374,processed,202201,0118/Esg20220118_02.root,/mnt/mydisk/WCDA_observation_eval/0118/Esg20220118_02.root,/mnt/mydisk/WCDA_observation_eval/recovered_time/0118/Esg20220118_02.time.root,97336,97336,97336,False,66783,obs_events/yyyymm=202201/part-000374.parquet,59596.7502049,59596.7916116,202201,202201,3577.54385965,6,486.011437979,3091.53242167,59596.7502049,59596.7916116
375,processed,202201,0118/Esg20220118_03.root,/mnt/mydisk/WCDA_observation_eval/0118/Esg20220118_03.root,/mnt/mydisk/WCDA_observation_eval/recovered_time/0118/Esg20220118_03.time.root,184788,184788,184788,False,123187,obs_events/yyyymm=202201/part-000375.parquet,59596.7920692,59596.832921,202201,202201,3529.59161082,3,239.735645195,3289.85596562,59596.7920692,59596.832921
376,processed,202201,0118/Esg20220118_04.root,/mnt/mydisk/WCDA_observation_eval/0118/Esg20220118_04.root,/mnt/mydisk/WCDA_observation_eval/recovered_time/0118/Esg20220118_04.time.root,296802,296802,296802,False,188786,obs_events/yyyymm=202201/part-000376.parquet,59596.8333424,59596.874546,202201,202201,3559.99496884,4,314.005066082,3245.98990276,59596.8333424,59596.874546
377,processed,202201,0118/Esg20220118_05.root,/mnt/mydisk/WCDA_observation_eval/0118/Esg20220118_05.root,/mnt/mydisk/WCDA_observation_eval/recovered_time/0118/Esg20220118_05.time.root,209386,209386,209386,False,138545,obs_events/yyyymm=202201/part-000377.parquet,59596.8749713,59596.9165249,202201,202201,3590.23495205,3,359.231982683,3231.00296936,59596.8749713,59596.9165249
378,processed,202201,0118/Esg20220118_06.root,/mnt/mydisk/WCDA_observation_eval/0118/Esg20220118_06.root,/mnt/mydisk/WCDA_observation_eval/recovered_time/0118/Esg20220118_06.time.root,101316,101316,101316,False,69145,obs_events/yyyymm=202201/part-000378.parquet,59596.9169709,59596.9579944,202201,202201,3544.43467681,9,721.930323425,2822.50435338,59596.9169709,59596.9579944
379,processed,202201,0118/Esg20220118_07.root,/mnt/mydisk/WCDA_observation_eval/0118/Esg20220118_07.root,/mnt/mydisk/WCDA_observation_eval/recovered_time/0118/Esg20220118_07.time.root,53303,53303,53303,False,36275,obs_events/yyyymm=202201/part-000379.parquet,59596.9584563,59596.9995378,202201,202201,3549.44009562,4,323.852904816,3225.5871908,59596.9584563,59596.9995378
380,processed,202201,0118/Esg20220118_08.root,/mnt/mydisk/WCDA_observation_eval/0118/Esg20220118_08.root,/mnt/mydisk/WCDA_observation_eval/recovered_time/0118/Esg20220118_08.time.root,30495,30495,30495,False,20544,obs_events/yyyymm=202201/part-000380.parquet,59596.9999946,59597.0415032,202201,202201,3586.34771579,5,446.493125497,3139.85459029,59596.9999946,59597.0415032
381,processed,202201,0118/Esg20220118_09.root,/mnt/mydisk/WCDA_observation_eval/0118/Esg20220118_09.root,/mnt/mydisk/WCDA_observation_eval/recovered_time/0118/Esg20220118_09.time.root,24754,24754,24754,False,16488,obs_events/yyyymm=202201/part-000381.parquet,59597.0419605,59597.0832367,202201,202201,3566.25692756,7,645.860471623,2920.39645594,59597.0419605,59597.0832367
382,processed,202201,0118/Esg20220118_10.root,/mnt/mydisk/WCDA_observation_eval/0118/Esg20220118_10.root,/mnt/mydisk/WCDA_observation_eval/recovered_time/0118/Esg20220118_10.time.root,24646,24646,24646,False,16450,obs_events/yyyymm=202201/part-000382.parquet,59597.0836969,59597.1245529,202201,202201,3529.95848421,6,484.592319117,3045.36616509,59597.0836969,59597.1245528
383,processed,202201,0118/Esg20220118_11.root,/mnt/mydisk/WCDA_observation_eval/0118/Esg20220118_11.root,/mnt/mydisk/WCDA_observation_eval/recovered_time/0118/Esg20220118_11.time.root,25706,25706,25706,False,16957,obs_events/yyyymm=202201/part-000383.parquet,59597.125011,59597.1663892,202201,202201,3575.07809086,4,323.719630041,3251.35846082,59597.125011,59597.1663892
384,processed,202201,0118/Esg20220118_12.root,/mnt/mydisk/WCDA_observation_eval/0118/Esg20220118_12.root,/mnt/mydisk/WCDA_observation_eval/recovered_time/0118/Esg20220118_12.time.root,24655,24655,24655,False,16273,obs_events/yyyymm=202201/part-000384.parquet,59597.1668543,59597.2075612,202201,202201,3517.07694386,8,645.099465642,2871.97747822,59597.1668543,59597.2075612
385,processed,202201,0118/Esg20220118_13.root,/mnt/mydisk/WCDA_observation_eval/0118/Esg20220118_13.root,/mnt/mydisk/WCDA_observation_eval/recovered_time/0118/Esg20220118_13.time.root,144,144,144,False,88,obs_events/yyyymm=202201/part-000385.parquet,59597.2089583,59597.2089617,202201,202201,0.286631542258,0,0,0.286631542258,59597.2089584,59597.2089617
386,processed,202201,0118/Esg20220118_15.root,/mnt/mydisk/WCDA_observation_eval/0118/Esg20220118_15.root,/mnt/mydisk/WCDA_observation_eval/recovered_time/0118/Esg20220118_15.time.root,8044,8044,8044,False,5343,obs_events/yyyymm=202201/part-000386.parquet,59597.3198063,59597.3332729,202201,202201,1163.51971307,3,248.544247588,914.975465485,59597.3198063,59597.3332729
387,processed,202201,0118/Esg20220118_16.root,/mnt/mydisk/WCDA_observation_eval/0118/Esg20220118_16.root,/mnt/mydisk/WCDA_observation_eval/recovered_time/0118/Esg20220118_16.time.root,24600,24600,24600,False,16332,obs_events/yyyymm=202201/part-000387.parquet,59597.3332893,59597.374503,202201,202201,3560.86624002,7,618.740236131,2942.12600389,59597.3332893,59597.374503
388,processed,202201,0118/Esg20220118_17.root,/mnt/mydisk/WCDA_observation_eval/0118/Esg20220118_17.root,/mnt/mydisk/WCDA_observation_eval/recovered_time/0118/Esg20220118_17.time.root,25384,25384,25384,False,16875,obs_events/yyyymm=202201/part-000388.parquet,59597.3749574,59597.4163325,202201,202201,3574.80948942,3,247.843744699,3326.96574472,59597.3749574,59597.4163325
389,processed,202201,0118/Esg20220118_18.root,/mnt/mydisk/WCDA_observation_eval/0118/Esg20220118_18.root,/mnt/mydisk/WCDA_observation_eval/recovered_time/0118/Esg20220118_18.time.root,25102,25102,25102,False,16722,obs_events/yyyymm=202201/part-000389.parquet,59597.4168056,59597.4580077,202201,202201,3559.86332288,6,500.748829124,3059.11449376,59597.4168056,59597.4580077
390,processed,202201,0118/Esg20220118_19.root,/mnt/mydisk/WCDA_observation_eval/0118/Esg20220118_19.root,/mnt/mydisk/WCDA_observation_eval/recovered_time/0118/Esg20220118_19.time.root,31323,31323,31323,False,20942,obs_events/yyyymm=202201/part-000390.parquet,59597.4584894,59597.4997966,202201,202201,3568.94513404,6,501.527789142,3067.41734489,59597.4584894,59597.4997966
391,processed,202201,0118/Esg20220118_20.root,/mnt/mydisk/WCDA_observation_eval/0118/Esg20220118_20.root,/mnt/mydisk/WCDA_observation_eval/recovered_time/0118/Esg20220118_20.time.root,61512,61512,61512,False,41687,obs_events/yyyymm=202201/part-000391.parquet,59597.5002649,59597.5412122,202201,202201,3537.8415579,2,166.793407314,3371.04815058,59597.500265,59597.5412122
392,processed,202201,0118/Esg20220118_21.root,/mnt/mydisk/WCDA_observation_eval/0118/Esg20220118_21.root,/mnt/mydisk/WCDA_observation_eval/recovered_time/0118/Esg20220118_21.time.root,138177,138177,138177,False,93351,obs_events/yyyymm=202201/part-000392.parquet,59597.5416863,59597.583238,202201,202201,3590.06589304,5,414.577324083,3175.48856896,59597.5416863,59597.583238
393,processed,202201,0118/Esg20220118_22.root,/mnt/mydisk/WCDA_observation_eval/0118/Esg20220118_22.root,/mnt/mydisk/WCDA_observation_eval/recovered_time/0118/Esg20220118_22.time.root,291246,291246,291246,False,185257,obs_events/yyyymm=202201/part-000393.parquet,59597.5836906,59597.6249362,202201,202201,3563.61837946,10,813.910555257,2749.7078242,59597.5836906,59597.6249362
394,processed,202201,0118/Esg20220118_23.root,/mnt/mydisk/WCDA_observation_eval/0118/Esg20220118_23.root,/mnt/mydisk/WCDA_observation_eval/recovered_time/0118/Esg20220118_23.time.root,305544,305544,305544,False,194834,obs_events/yyyymm=202201/part-000394.parquet,59597.6253714,59597.6666266,202201,202201,3564.44674011,3,244.774212339,3319.67252777,59597.6253715,59597.6666266
395,processed,202201,0119/Esg20220119_00.root,/mnt/mydisk/WCDA_observation_eval/0119/Esg20220119_00.root,/mnt/mydisk/WCDA_observation_eval/recovered_time/0119/Esg20220119_00.time.root,143484,143484,143484,False,97242,obs_events/yyyymm=202201/part-000395.parquet,59597.6666264,59597.7081121,202201,202201,3584.36724222,3,247.727097524,3336.6401447,59597.6666264,59597.7081121
396,processed,202201,0119/Esg20220119_01.root,/mnt/mydisk/WCDA_observation_eval/0119/Esg20220119_01.root,/mnt/mydisk/WCDA_observation_eval/recovered_time/0119/Esg20220119_01.time.root,87427,87427,87427,False,60095,obs_events/yyyymm=202201/part-000396.parquet,59597.7085756,59597.7495212,202201,202201,3537.69918603,5,415.212588315,3122.48659772,59597.7085757,59597.7495212
397,processed,202201,0119/Esg20220119_02.root,/mnt/mydisk/WCDA_observation_eval/0119/Esg20220119_02.root,/mnt/mydisk/WCDA_observation_eval/recovered_time/0119/Esg20220119_02.time.root,103472,103472,103472,False,70519,obs_events/yyyymm=202201/part-000397.parquet,59597.7499877,59597.7913976,202201,202201,3577.81194937,3,248.222730774,3329.5892186,59597.7499877,59597.7913976
398,processed,202201,0119/Esg20220119_03.root,/mnt/mydisk/WCDA_observation_eval/0119/Esg20220119_03.root,/mnt/mydisk/WCDA_observation_eval/recovered_time/0119/Esg20220119_03.time.root,195916,195916,195916,False,129561,obs_events/yyyymm=202201/part-000398.parquet,59597.7918503,59597.8331246,202201,202201,3566.09425305,5,408.900924074,3157.19332898,59597.7918503,59597.8331244
399,processed,202201,0119/Esg20220119_04.root,/mnt/mydisk/WCDA_observation_eval/0119/Esg20220119_04.root,/mnt/mydisk/WCDA_observation_eval/recovered_time/0119/Esg20220119_04.time.root,300756,300756,300756,False,192060,obs_events/yyyymm=202201/part-000399.parquet,59597.833552,59597.874632,202201,202201,3549.31561744,3,239.887430985,3309.42818646,59597.833552,59597.874632
400,processed,202201,0119/Esg20220119_05.root,/mnt/mydisk/WCDA_observation_eval/0119/Esg20220119_05.root,/mnt/mydisk/WCDA_observation_eval/recovered_time/0119/Esg20220119_05.time.root,205739,205739,205739,False,136534,obs_events/yyyymm=202201/part-000400.parquet,59597.8750608,59597.916413,202201,202201,3572.83437252,4,323.818084924,3249.0162876,59597.8750608,59597.916413
401,processed,202201,0119/Esg20220119_06.root,/mnt/mydisk/WCDA_observation_eval/0119/Esg20220119_06.root,/mnt/mydisk/WCDA_observation_eval/recovered_time/0119/Esg20220119_06.time.root,101251,101251,101251,False,68981,obs_events/yyyymm=202201/part-000401.parquet,59597.916848,59597.9582355,202201,202201,3575.87768985,6,492.646619375,3083.23107047,59597.916848,59597.9582355
402,processed,202201,0119/Esg20220119_07.root,/mnt/mydisk/WCDA_observation_eval/0119/Esg20220119_07.root,/mnt/mydisk/WCDA_observation_eval/recovered_time/0119/Esg20220119_07.time.root,51398,51398,51398,False,35056,obs_events/yyyymm=202201/part-000402.parquet,59597.9586631,59597.9997304,202201,202201,3548.21436738,5,413.89094051,3134.32342687,59597.9586631,59597.9997304
403,processed,202201,0119/Esg20220119_08.root,/mnt/mydisk/WCDA_observation_eval/0119/Esg20220119_08.root,/mnt/mydisk/WCDA_observation_eval/recovered_time/0119/Esg20220119_08.time.root,29617,29617,29617,False,20073,obs_events/yyyymm=202201/part-000403.parquet,59598.0001524,59598.0415754,202201,202201,3578.94758682,6,497.054095217,3081.89349161,59598.0001524,59598.0415754
404,processed,202201,0119/Esg20220119_09.root,/mnt/mydisk/WCDA_observation_eval/0119/Esg20220119_09.root,/mnt/mydisk/WCDA_observation_eval/recovered_time/0119/Esg20220119_09.time.root,25389,25389,25389,False,16793,obs_events/yyyymm=202201/part-000404.parquet,59598.0416185,59598.0829727,202201,202201,3572.99984072,4,330.979107739,3242.02073298,59598.0416185,59598.0829727
405,processed,202201,0119/Esg20220119_10.root,/mnt/mydisk/WCDA_observation_eval/0119/Esg20220119_10.root,/mnt/mydisk/WCDA_observation_eval/recovered_time/0119/Esg20220119_10.time.root,24421,24421,24421,False,16363,obs_events/yyyymm=202201/part-000405.parquet,59598.0834212,59598.1247864,202201,202201,3573.95623201,8,661.994579947,2911.96165206,59598.0834213,59598.1247864
406,processed,202201,0119/Esg20220119_11.root,/mnt/mydisk/WCDA_observation_eval/0119/Esg20220119_11.root,/mnt/mydisk/WCDA_observation_eval/recovered_time/0119/Esg20220119_11.time.root,24547,24547,24547,False,16278,obs_events/yyyymm=202201/part-000406.parquet,59598.1252152,59598.1665679,202201,202201,3572.87552096,10,826.742964657,2746.1325563,59598.1252152,59598.1665679
407,processed,202201,0119/Esg20220119_12.root,/mnt/mydisk/WCDA_observation_eval/0119/Esg20220119_12.root,/mnt/mydisk/WCDA_observation_eval/recovered_time/0119/Esg20220119_12.time.root,24033,24033,24033,False,15994,obs_events/yyyymm=202201/part-000407.parquet,59598.1669846,59598.2052654,202201,202201,3307.46169139,2,164.648084133,3142.81360726,59598.1669846,59598.2052654
408,processed,202201,0119/Esg20220119_15.root,/mnt/mydisk/WCDA_observation_eval/0119/Esg20220119_15.root,/mnt/mydisk/WCDA_observation_eval/recovered_time/0119/Esg20220119_15.time.root,10153,10153,10153,False,6761,obs_events/yyyymm=202201/part-000408.parquet,59598.317296,59598.3329473,202201,202201,1352.27294771,0,0,1352.27294771,59598.317296,59598.3329473
409,processed,202201,0119/Esg20220119_16.root,/mnt/mydisk/WCDA_observation_eval/0119/Esg20220119_16.root,/mnt/mydisk/WCDA_observation_eval/recovered_time/0119/Esg20220119_16.time.root,25641,25641,25641,False,16963,obs_events/yyyymm=202201/part-000409.parquet,59598.333392,59598.3745705,202201,202201,3557.81836817,4,325.917918887,3231.90044928,59598.3333921,59598.3745704
410,processed,202201,0119/Esg20220119_17.root,/mnt/mydisk/WCDA_observation_eval/0119/Esg20220119_17.root,/mnt/mydisk/WCDA_observation_eval/recovered_time/0119/Esg20220119_17.time.root,25487,25487,25487,False,16837,obs_events/yyyymm=202201/part-000410.parquet,59598.3750048,59598.4162404,202201,202201,3562.75744254,5,448.287191405,3114.47025114,59598.3750048,59598.4162404
411,processed,202201,0119/Esg20220119_18.root,/mnt/mydisk/WCDA_observation_eval/0119/Esg20220119_18.root,/mnt/mydisk/WCDA_observation_eval/recovered_time/0119/Esg20220119_18.time.root,26015,26015,26015,False,17191,obs_events/yyyymm=202201/part-000411.parquet,59598.4166728,59598.4580286,202201,202201,3573.13581111,5,408.942354773,3164.19345634,59598.4166728,59598.4580286
412,processed,202201,0119/Esg20220119_19.root,/mnt/mydisk/WCDA_observation_eval/0119/Esg20220119_19.root,/mnt/mydisk/WCDA_observation_eval/recovered_time/0119/Esg20220119_19.time.root,33991,33991,33991,False,22783,obs_events/yyyymm=202201/part-000412.parquet,59598.4584872,59598.4999112,202201,202201,3579.03481729,3,245.619988907,3333.41482838,59598.4584872,59598.4999112
413,processed,202201,0119/Esg20220119_20.root,/mnt/mydisk/WCDA_observation_eval/0119/Esg20220119_20.root,/mnt/mydisk/WCDA_observation_eval/recovered_time/0119/Esg20220119_20.time.root,65787,65787,65787,False,44724,obs_events/yyyymm=202201/part-000413.parquet,59598.5003751,59598.541419,202201,202201,3546.18566623,6,490.26930565,3055.91636058,59598.5003751,59598.541419
414,processed,202201,0119/Esg20220119_21.root,/mnt/mydisk/WCDA_observation_eval/0119/Esg20220119_21.root,/mnt/mydisk/WCDA_observation_eval/recovered_time/0119/Esg20220119_21.time.root,146691,146691,146691,False,98470,obs_events/yyyymm=202201/part-000414.parquet,59598.5418842,59598.5829837,202201,202201,3551.00120413,7,568.008804903,2982.99239923,59598.5418842,59598.5829837
415,processed,202201,0119/Esg20220119_22.root,/mnt/mydisk/WCDA_observation_eval/0119/Esg20220119_22.root,/mnt/mydisk/WCDA_observation_eval/recovered_time/0119/Esg20220119_22.time.root,318476,318476,318476,False,202256,obs_events/yyyymm=202201/part-000415.parquet,59598.5834252,59598.624624,202201,202201,3559.57392971,5,397.672206815,3161.90172289,59598.5834252,59598.624624
416,processed,202201,0119/Esg20220119_23.root,/mnt/mydisk/WCDA_observation_eval/0119/Esg20220119_23.root,/mnt/mydisk/WCDA_observation_eval/recovered_time/0119/Esg20220119_23.time.root,305716,305716,305716,False,195322,obs_events/yyyymm=202201/part-000416.parquet,59598.6250454,59598.6661803,202201,202201,3554.05821393,3,237.612478528,3316.4457354,59598.6250454,59598.6661803
417,processed,202201,0120/Esg20220120_00.root,/mnt/mydisk/WCDA_observation_eval/0120/Esg20220120_00.root,/mnt/mydisk/WCDA_observation_eval/recovered_time/0120/Esg20220120_00.time.root,141224,141224,141224,False,95271,obs_events/yyyymm=202201/part-000417.parquet,59598.6666185,59598.7081293,202201,202201,3586.53213191,2,162.056547194,3424.47558471,59598.6666185,59598.7081293
418,processed,202201,0120/Esg20220120_01.root,/mnt/mydisk/WCDA_observation_eval/0120/Esg20220120_01.root,/mnt/mydisk/WCDA_observation_eval/recovered_time/0120/Esg20220120_01.time.root,88678,88678,88678,False,60499,obs_events/yyyymm=202201/part-000418.parquet,59598.7085813,59598.7499101,202201,202201,3570.81567433,7,566.47545537,3004.34021896,59598.7085813,59598.7499101
419,processed,202201,0120/Esg20220120_02.root,/mnt/mydisk/WCDA_observation_eval/0120/Esg20220120_02.root,/mnt/mydisk/WCDA_observation_eval/recovered_time/0120/Esg20220120_02.time.root,108375,108375,108375,False,73298,obs_events/yyyymm=202201/part-000419.parquet,59598.7503581,59598.7915756,202201,202201,3561.19034872,5,402.637379291,3158.55296943,59598.7503581,59598.7915756
420,processed,202201,0120/Esg20220120_03.root,/mnt/mydisk/WCDA_observation_eval/0120/Esg20220120_03.root,/mnt/mydisk/WCDA_observation_eval/recovered_time/0120/Esg20220120_03.time.root,210687,210687,210687,False,138068,obs_events/yyyymm=202201/part-000420.parquet,59598.7920146,59598.8331754,202201,202201,3556.29672334,4,316.516730818,3239.77999252,59598.7920146,59598.8331754
421,processed,202201,0120/Esg20220120_04.root,/mnt/mydisk/WCDA_observation_eval/0120/Esg20220120_04.root,/mnt/mydisk/WCDA_observation_eval/recovered_time/0120/Esg20220120_04.time.root,305092,305092,305092,False,193082,obs_events/yyyymm=202201/part-000421.parquet,59598.8335782,59598.8745694,202201,202201,3541.6369746,3,233.85558757,3307.78138703,59598.8335782,59598.8745694
422,processed,202201,0120/Esg20220120_05.root,/mnt/mydisk/WCDA_observation_eval/0120/Esg20220120_05.root,/mnt/mydisk/WCDA_observation_eval/recovered_time/0120/Esg20220120_05.time.root,201362,201362,201362,False,132698,obs_events/yyyymm=202201/part-000422.parquet,59598.8749614,59598.9163919,202201,202201,3579.59714953,4,316.936897393,3262.66025214,59598.8749614,59598.9163919
423,processed,202201,0120/Esg20220120_06.root,/mnt/mydisk/WCDA_observation_eval/0120/Esg20220120_06.root,/mnt/mydisk/WCDA_observation_eval/recovered_time/0120/Esg20220120_06.time.root,100648,100648,100648,False,68221,obs_events/yyyymm=202201/part-000423.parquet,59598.9168067,59598.9581127,202201,202201,3568.8361739,3,239.936388424,3328.89978548,59598.9168067,59598.9581127
424,processed,202201,0120/Esg20220120_07.root,/mnt/mydisk/WCDA_observation_eval/0120/Esg20220120_07.root,/mnt/mydisk/WCDA_observation_eval/recovered_time/0120/Esg20220120_07.time.root,51556,51556,51556,False,34757,obs_events/yyyymm=202201/part-000424.parquet,59598.9585299,59598.9999299,202201,202201,3576.958807,3,242.305531679,3334.65327532,59598.9585299,59598.9999299
425,processed,202201,0120/Esg20220120_08.root,/mnt/mydisk/WCDA_observation_eval/0120/Esg20220120_08.root,/mnt/mydisk/WCDA_observation_eval/recovered_time/0120/Esg20220120_08.time.root,30075,30075,30075,False,20007,obs_events/yyyymm=202201/part-000425.parquet,59599.0003581,59599.041381,202201,202201,3544.3750205,3,243.030125415,3301.34489508,59599.0003581,59599.0413809
426,processed,202201,0120/Esg20220120_09.root,/mnt/mydisk/WCDA_observation_eval/0120/Esg20220120_09.root,/mnt/mydisk/WCDA_observation_eval/recovered_time/0120/Esg20220120_09.time.root,26230,26230,26230,False,17346,obs_events/yyyymm=202201/part-000426.parquet,59599.0418218,59599.0832062,202201,202201,3575.61337387,1,80.7509531965,3494.86242067,59599.0418218,59599.0832062
427,processed,202201,0120/Esg20220120_12.root,/mnt/mydisk/WCDA_observation_eval/0120/Esg20220120_12.root,/mnt/mydisk/WCDA_observation_eval/recovered_time/0120/Esg20220120_12.time.root,22138,22138,22138,False,14616,obs_events/yyyymm=202201/part-000427.parquet,59599.1666748,59599.2023237,202201,202201,3080.06585555,4,322.542849812,2757.52300574,59599.1666748,59599.2023237
428,processed,202201,0120/Esg20220120_15.root,/mnt/mydisk/WCDA_observation_eval/0120/Esg20220120_15.root,/mnt/mydisk/WCDA_observation_eval/recovered_time/0120/Esg20220120_15.time.root,11584,11584,11584,False,7646,obs_events/yyyymm=202201/part-000428.parquet,59599.3143492,59599.3332787,202201,202201,1635.50826707,5,437.378568342,1198.12969873,59599.3143492,59599.3332787
429,processed,202201,0120/Esg20220120_16.root,/mnt/mydisk/WCDA_observation_eval/0120/Esg20220120_16.root,/mnt/mydisk/WCDA_observation_eval/recovered_time/0120/Esg20220120_16.time.root,26471,26471,26471,False,17463,obs_events/yyyymm=202201/part-000429.parquet,59599.3336908,59599.3748435,202201,202201,3555.59379011,4,318.172263983,3237.42152613,59599.3336908,59599.3748434
430,processed,202201,0120/Esg20220120_17.root,/mnt/mydisk/WCDA_observation_eval/0120/Esg20220120_17.root,/mnt/mydisk/WCDA_observation_eval/recovered_time/0120/Esg20220120_17.time.root,25579,25579,25579,False,17014,obs_events/yyyymm=202201/part-000430.parquet,59599.3752618,59599.4164033,202201,202201,3554.61944982,8,676.870979089,2877.74847073,59599.3752618,59599.4164033
431,processed,202201,0120/Esg20220120_18.root,/mnt/mydisk/WCDA_observation_eval/0120/Esg20220120_18.root,/mnt/mydisk/WCDA_observation_eval/recovered_time/0120/Esg20220120_18.time.root,26556,26556,26556,False,17582,obs_events/yyyymm=202201/part-000431.parquet,59599.4168623,59599.4582767,202201,202201,3578.20926164,3,240.413156105,3337.79610554,59599.4168623,59599.4582767
432,processed,202201,0120/Esg20220120_19.root,/mnt/mydisk/WCDA_observation_eval/0120/Esg20220120_19.root,/mnt/mydisk/WCDA_observation_eval/recovered_time/0120/Esg20220120_19.time.root,35446,35446,35446,False,23766,obs_events/yyyymm=202201/part-000432.parquet,59599.4583275,59599.4999161,202201,202201,3593.26356605,4,321.554705151,3271.7088609,59599.4583275,59599.4999161
433,processed,202201,0120/Esg20220120_20.root,/mnt/mydisk/WCDA_observation_eval/0120/Esg20220120_20.root,/mnt/mydisk/WCDA_observation_eval/recovered_time/0120/Esg20220120_20.time.root,70486,70486,70486,False,47400,obs_events/yyyymm=202201/part-000433.parquet,59599.5003269,59599.5415625,202201,202201,3562.76159033,4,320.710883033,3242.05070729,59599.5003269,59599.5415625
434,processed,202201,0120/Esg20220120_21.root,/mnt/mydisk/WCDA_observation_eval/0120/Esg20220120_21.root,/mnt/mydisk/WCDA_observation_eval/recovered_time/0120/Esg20220120_21.time.root,156798,156798,156798,False,104537,obs_events/yyyymm=202201/part-000434.parquet,59599.5416249,59599.5829328,202201,202201,3569.00364307,5,396.105446178,3172.89819689,59599.5416249,59599.5829328
435,processed,202201,0120/Esg20220120_22.root,/mnt/mydisk/WCDA_observation_eval/0120/Esg20220120_22.root,/mnt/mydisk/WCDA_observation_eval/recovered_time/0120/Esg20220120_22.time.root,335554,335554,335554,False,210523,obs_events/yyyymm=202201/part-000435.parquet,59599.5833005,59599.6248236,202201,202201,3587.5952617,2,155.251934635,3432.34332707,59599.5833005,59599.6248236
436,processed,202201,0121/Esg20220121_00.root,/mnt/mydisk/WCDA_observation_eval/0121/Esg20220121_00.root,/mnt/mydisk/WCDA_observation_eval/recovered_time/0121/Esg20220121_00.time.root,133730,133730,133730,False,90768,obs_events/yyyymm=202201/part-000436.parquet,59599.6666386,59599.7080224,202201,202201,3575.56157811,3,238.920178008,3336.6414001,59599.6666386,59599.7080224
437,processed,202201,0121/Esg20220121_01.root,/mnt/mydisk/WCDA_observation_eval/0121/Esg20220121_01.root,/mnt/mydisk/WCDA_observation_eval/recovered_time/0121/Esg20220121_01.time.root,89797,89797,89797,False,60878,obs_events/yyyymm=202201/part-000437.parquet,59599.7084044,59599.7499493,202201,202201,3589.47584645,6,482.39555473,3107.08029172,59599.7084044,59599.7499493
438,processed,202201,0121/Esg20220121_02.root,/mnt/mydisk/WCDA_observation_eval/0121/Esg20220121_02.root,/mnt/mydisk/WCDA_observation_eval/recovered_time/0121/Esg20220121_02.time.root,109356,109356,109356,False,74267,obs_events/yyyymm=202201/part-000438.parquet,59599.7503315,59599.7914852,202201,202201,3555.67965768,5,483.079066034,3072.60059165,59599.7503315,59599.7914852
439,processed,202201,0121/Esg20220121_03.root,/mnt/mydisk/WCDA_observation_eval/0121/Esg20220121_03.root,/mnt/mydisk/WCDA_observation_eval/recovered_time/0121/Esg20220121_03.time.root,219188,219188,219188,False,142973,obs_events/yyyymm=202201/part-000439.parquet,59599.7918577,59599.8330349,202201,202201,3557.7102039,4,316.508863983,3241.20133992,59599.7918577,59599.8330349
440,processed,202201,0121/Esg20220121_04.root,/mnt/mydisk/WCDA_observation_eval/0121/Esg20220121_04.root,/mnt/mydisk/WCDA_observation_eval/recovered_time/0121/Esg20220121_04.time.root,297608,297608,297608,False,188562,obs_events/yyyymm=202201/part-000440.parquet,59599.8333894,59599.8749184,202201,202201,3588.10545621,5,391.359522915,3196.74593329,59599.8333894,59599.8749184
441,processed,202201,0121/Esg20220121_05.root,/mnt/mydisk/WCDA_observation_eval/0121/Esg20220121_05.root,/mnt/mydisk/WCDA_observation_eval/recovered_time/0121/Esg20220121_05.time.root,187293,187293,187293,False,124239,obs_events/yyyymm=202201/part-000441.parquet,59599.87497,59599.916422,202201,202201,3581.44968676,7,556.054703076,3025.39498368,59599.87497,59599.916422
442,processed,202201,0121/Esg20220121_06.root,/mnt/mydisk/WCDA_observation_eval/0121/Esg20220121_06.root,/mnt/mydisk/WCDA_observation_eval/recovered_time/0121/Esg20220121_06.time.root,94802,94802,94802,False,64115,obs_events/yyyymm=202201/part-000442.parquet,59599.9167771,59599.958246,202201,202201,3582.910225,6,480.810747645,3102.09947736,59599.9167771,59599.958246
443,processed,202201,0121/Esg20220121_07.root,/mnt/mydisk/WCDA_observation_eval/0121/Esg20220121_07.root,/mnt/mydisk/WCDA_observation_eval/recovered_time/0121/Esg20220121_07.time.root,48623,48623,48623,False,32821,obs_events/yyyymm=202201/part-000443.parquet,59599.9586199,59599.999678,202201,202201,3547.41541275,3,242.065996793,3305.34941596,59599.9586199,59599.999678
444,processed,202201,0121/Esg20220121_08.root,/mnt/mydisk/WCDA_observation_eval/0121/Esg20220121_08.root,/mnt/mydisk/WCDA_observation_eval/recovered_time/0121/Esg20220121_08.time.root,27724,27724,27724,False,18395,obs_events/yyyymm=202201/part-000444.parquet,59600.0000514,59600.0412433,202201,202201,3558.97896776,11,893.733369629,2665.24559814,59600.0000514,59600.0412433
445,processed,202201,0121/Esg20220121_09.root,/mnt/mydisk/WCDA_observation_eval/0121/Esg20220121_09.root,/mnt/mydisk/WCDA_observation_eval/recovered_time/0121/Esg20220121_09.time.root,25791,25791,25791,False,17056,obs_events/yyyymm=202201/part-000445.parquet,59600.0416167,59600.0832362,202201,202201,3595.92681793,4,325.4825379,3270.44428003,59600.0416167,59600.0832362
446,processed,202201,0121/Esg20220121_10.root,/mnt/mydisk/WCDA_observation_eval/0121/Esg20220121_10.root,/mnt/mydisk/WCDA_observation_eval/recovered_time/0121/Esg20220121_10.time.root,25379,25379,25379,False,16742,obs_events/yyyymm=202201/part-000446.parquet,59600.083324,59600.1249391,202201,202201,3595.54610874,5,447.81028165,3147.73582709,59600.083324,59600.1249391
447,processed,202201,0121/Esg20220121_11.root,/mnt/mydisk/WCDA_observation_eval/0121/Esg20220121_11.root,/mnt/mydisk/WCDA_observation_eval/recovered_time/0121/Esg20220121_11.time.root,24600,24600,24600,False,16247,obs_events/yyyymm=202201/part-000447.parquet,59600.1253255,59600.1665313,202201,202201,3560.18740581,8,651.804560283,2908.38284553,59600.1253255,59600.1665313
448,processed,202201,0121/Esg20220121_12.root,/mnt/mydisk/WCDA_observation_eval/0121/Esg20220121_12.root,/mnt/mydisk/WCDA_observation_eval/recovered_time/0121/Esg20220121_12.time.root,20658,20658,20658,False,13629,obs_events/yyyymm=202201/part-000448.parquet,59600.1666265,59600.2001911,202201,202201,2899.98315135,3,284.884591238,2615.09856011,59600.1666265,59600.2001911
449,processed,202201,0121/Esg20220121_15.root,/mnt/mydisk/WCDA_observation_eval/0121/Esg20220121_15.root,/mnt/mydisk/WCDA_observation_eval/recovered_time/0121/Esg20220121_15.time.root,12965,12965,12965,False,8586,obs_events/yyyymm=202201/part-000449.parquet,59600.3116812,59600.3331553,202201,202201,1855.36446869,5,401.644830359,1453.71963833,59600.3116812,59600.3331553
450,processed,202201,0121/Esg20220121_16.root,/mnt/mydisk/WCDA_observation_eval/0121/Esg20220121_16.root,/mnt/mydisk/WCDA_observation_eval/recovered_time/0121/Esg20220121_16.time.root,25876,25876,25876,False,17122,obs_events/yyyymm=202201/part-000450.parquet,59600.3335053,59600.3746812,202201,202201,3557.59171983,6,482.226768555,3075.36495128,59600.3335054,59600.3746812
451,processed,202201,0121/Esg20220121_17.root,/mnt/mydisk/WCDA_observation_eval/0121/Esg20220121_17.root,/mnt/mydisk/WCDA_observation_eval/recovered_time/0121/Esg20220121_17.time.root,26383,26383,26383,False,17433,obs_events/yyyymm=202201/part-000451.parquet,59600.3750345,59600.4166129,202201,202201,3592.37170431,3,240.668343566,3351.70336075,59600.3750345,59600.4166129
452,processed,202201,0121/Esg20220121_18.root,/mnt/mydisk/WCDA_observation_eval/0121/Esg20220121_18.root,/mnt/mydisk/WCDA_observation_eval/recovered_time/0121/Esg20220121_18.time.root,26310,26310,26310,False,17419,obs_events/yyyymm=202201/part-000452.parquet,59600.4169597,59600.4582587,202201,202201,3568.23412213,5,402.634108462,3165.60001366,59600.4169598,59600.4582587
453,processed,202201,0121/Esg20220121_19.root,/mnt/mydisk/WCDA_observation_eval/0121/Esg20220121_19.root,/mnt/mydisk/WCDA_observation_eval/recovered_time/0121/Esg20220121_19.time.root,36510,36510,36510,False,24197,obs_events/yyyymm=202201/part-000453.parquet,59600.4586016,59600.4998561,202201,202201,3564.38782497,3,241.445669741,3322.94215523,59600.4586016,59600.4998561
454,processed,202201,0121/Esg20220121_20.root,/mnt/mydisk/WCDA_observation_eval/0121/Esg20220121_20.root,/mnt/mydisk/WCDA_observation_eval/recovered_time/0121/Esg20220121_20.time.root,72990,72990,72990,False,49458,obs_events/yyyymm=202201/part-000454.parquet,59600.4999747,59600.5413002,202201,202201,3570.52304239,6,481.506054173,3089.01698822,59600.4999747,59600.5413
455,processed,202201,0121/Esg20220121_21.root,/mnt/mydisk/WCDA_observation_eval/0121/Esg20220121_21.root,/mnt/mydisk/WCDA_observation_eval/recovered_time/0121/Esg20220121_21.time.root,168574,168574,168574,False,112163,obs_events/yyyymm=202201/part-000455.parquet,59600.5416198,59600.583063,202201,202201,3580.69642377,3,238.264653878,3342.43176989,59600.5416198,59600.583063
456,processed,202201,0121/Esg20220121_22.root,/mnt/mydisk/WCDA_observation_eval/0121/Esg20220121_22.root,/mnt/mydisk/WCDA_observation_eval/recovered_time/0121/Esg20220121_22.time.root,336850,336850,336850,False,211110,obs_events/yyyymm=202201/part-000456.parquet,59600.5835035,59600.624796,202201,202201,3567.67038424,5,390.615621046,3177.05476319,59600.5835035,59600.624796
457,processed,202201,0121/Esg20220121_23.root,/mnt/mydisk/WCDA_observation_eval/0121/Esg20220121_23.root,/mnt/mydisk/WCDA_observation_eval/recovered_time/0121/Esg20220121_23.time.root,280535,280535,280535,False,179693,obs_events/yyyymm=202201/part-000457.parquet,59600.6250741,59600.6664261,202201,202201,3572.80798021,4,315.642263624,3257.16571659,59600.6250741,59600.6664261
458,processed,202201,0122/Esg20220122_00.root,/mnt/mydisk/WCDA_observation_eval/0122/Esg20220122_00.root,/mnt/mydisk/WCDA_observation_eval/recovered_time/0122/Esg20220122_00.time.root,131865,131865,131865,False,89251,obs_events/yyyymm=202201/part-000458.parquet,59600.6667269,59600.7082739,202201,202201,3589.65725075,2,160.454383283,3429.20286746,59600.6667269,59600.7082739
459,processed,202201,0122/Esg20220122_01.root,/mnt/mydisk/WCDA_observation_eval/0122/Esg20220122_01.root,/mnt/mydisk/WCDA_observation_eval/recovered_time/0122/Esg20220122_01.time.root,89103,89103,89103,False,60734,obs_events/yyyymm=202201/part-000459.parquet,59600.7084119,59600.7498135,202201,202201,3577.09468121,5,402.365838946,3174.72884227,59600.7084119,59600.7498135
460,processed,202201,0122/Esg20220122_02.root,/mnt/mydisk/WCDA_observation_eval/0122/Esg20220122_02.root,/mnt/mydisk/WCDA_observation_eval/recovered_time/0122/Esg20220122_02.time.root,116399,116399,116399,False,78831,obs_events/yyyymm=202201/part-000460.parquet,59600.7502729,59600.7915553,202201,202201,3566.79855923,6,481.566341012,3085.23221822,59600.7502729,59600.7915553
461,processed,202201,0122/Esg20220122_03.root,/mnt/mydisk/WCDA_observation_eval/0122/Esg20220122_03.root,/mnt/mydisk/WCDA_observation_eval/recovered_time/0122/Esg20220122_03.time.root,234720,234720,234720,False,152380,obs_events/yyyymm=202201/part-000461.parquet,59600.7918759,59600.8332339,202201,202201,3573.33281455,2,157.735399716,3415.59741483,59600.7918759,59600.8332339
462,processed,202201,0122/Esg20220122_04.root,/mnt/mydisk/WCDA_observation_eval/0122/Esg20220122_04.root,/mnt/mydisk/WCDA_observation_eval/recovered_time/0122/Esg20220122_04.time.root,301035,301035,301035,False,190490,obs_events/yyyymm=202201/part-000462.parquet,59600.833512,59600.8747553,202201,202201,3563.41688312,3,234.598916117,3328.817967,59600.833512,59600.8747553
463,processed,202201,0122/Esg20220122_05.root,/mnt/mydisk/WCDA_observation_eval/0122/Esg20220122_05.root,/mnt/mydisk/WCDA_observation_eval/recovered_time/0122/Esg20220122_05.time.root,187560,187560,187560,False,124276,obs_events/yyyymm=202201/part-000463.parquet,59600.8750274,59600.9165967,202201,202201,3591.59354456,2,159.161057719,3432.43248684,59600.8750274,59600.9165967
464,processed,202201,0122/Esg20220122_06.root,/mnt/mydisk/WCDA_observation_eval/0122/Esg20220122_06.root,/mnt/mydisk/WCDA_observation_eval/recovered_time/0122/Esg20220122_06.time.root,88504,88504,88504,False,59930,obs_events/yyyymm=202201/part-000464.parquet,59600.9168905,59600.9582851,202201,202201,3576.49116658,11,879.592942656,2696.89822393,59600.9168905,59600.9582851
465,processed,202201,0122/Esg20220122_07.root,/mnt/mydisk/WCDA_observation_eval/0122/Esg20220122_07.root,/mnt/mydisk/WCDA_observation_eval/recovered_time/0122/Esg20220122_07.time.root,48429,48429,48429,False,32715,obs_events/yyyymm=202201/part-000465.parquet,59600.9585898,59600.999911,202201,202201,3570.15395116,3,241.128020338,3329.02593082,59600.9585898,59600.999911
466,processed,202201,0122/Esg20220122_08.root,/mnt/mydisk/WCDA_observation_eval/0122/Esg20220122_08.root,/mnt/mydisk/WCDA_observation_eval/recovered_time/0122/Esg20220122_08.time.root,28726,28726,28726,False,18890,obs_events/yyyymm=202201/part-000466.parquet,59601.000234,59601.0415343,202201,202201,3568.34638263,5,403.719447576,3164.62693505,59601.000234,59601.0415343
467,processed,202201,0122/Esg20220122_09.root,/mnt/mydisk/WCDA_observation_eval/0122/Esg20220122_09.root,/mnt/mydisk/WCDA_observation_eval/recovered_time/0122/Esg20220122_09.time.root,25490,25490,25490,False,16917,obs_events/yyyymm=202201/part-000467.parquet,59601.0416881,59601.0830162,202201,202201,3570.74715982,7,566.878900677,3003.86825914,59601.0416881,59601.0830162
468,processed,202201,0122/Esg20220122_10.root,/mnt/mydisk/WCDA_observation_eval/0122/Esg20220122_10.root,/mnt/mydisk/WCDA_observation_eval/recovered_time/0122/Esg20220122_10.time.root,26330,26330,26330,False,17496,obs_events/yyyymm=202201/part-000468.parquet,59601.0833319,59601.1248275,202201,202201,3585.21295781,4,323.588543572,3261.62441424,59601.083332,59601.1248275
469,processed,202201,0122/Esg20220122_11.root,/mnt/mydisk/WCDA_observation_eval/0122/Esg20220122_11.root,/mnt/mydisk/WCDA_observation_eval/recovered_time/0122/Esg20220122_11.time.root,25794,25794,25794,False,17072,obs_events/yyyymm=202201/part-000469.parquet,59601.1251391,59601.1665449,202201,202201,3577.45457352,7,565.512298001,3011.94227552,59601.1251391,59601.1665448
470,processed,202201,0122/Esg20220122_12.root,/mnt/mydisk/WCDA_observation_eval/0122/Esg20220122_12.root,/mnt/mydisk/WCDA_observation_eval/recovered_time/0122/Esg20220122_12.time.root,19220,19220,19220,False,12594,obs_events/yyyymm=202201/part-000470.parquet,59601.1668525,59601.1973469,202201,202201,2634.70829332,2,161.28679805,2473.42149527,59601.1668525,59601.1973469
471,processed,202201,0122/Esg20220122_15.root,/mnt/mydisk/WCDA_observation_eval/0122/Esg20220122_15.root,/mnt/mydisk/WCDA_observation_eval/recovered_time/0122/Esg20220122_15.time.root,15565,15565,15565,False,10307,obs_events/yyyymm=202201/part-000471.parquet,59601.3090132,59601.3332254,202201,202201,2091.93510767,3,239.224949665,1852.71015801,59601.3090132,59601.3332254
472,processed,202201,0122/Esg20220122_16.root,/mnt/mydisk/WCDA_observation_eval/0122/Esg20220122_16.root,/mnt/mydisk/WCDA_observation_eval/recovered_time/0122/Esg20220122_16.time.root,24978,24978,24978,False,16484,obs_events/yyyymm=202201/part-000472.parquet,59601.3335451,59601.3745722,202201,202201,3544.73470284,13,1080.11690467,2464.61779817,59601.3335451,59601.3745722
473,processed,202201,0122/Esg20220122_17.root,/mnt/mydisk/WCDA_observation_eval/0122/Esg20220122_17.root,/mnt/mydisk/WCDA_observation_eval/recovered_time/0122/Esg20220122_17.time.root,26414,26414,26414,False,17411,obs_events/yyyymm=202201/part-000473.parquet,59601.3750339,59601.4164162,202201,202201,3575.42954804,4,320.040563797,3255.38898425,59601.3750339,59601.4164161
474,processed,202201,0122/Esg20220122_18.root,/mnt/mydisk/WCDA_observation_eval/0122/Esg20220122_18.root,/mnt/mydisk/WCDA_observation_eval/recovered_time/0122/Esg20220122_18.time.root,26569,26569,26569,False,17472,obs_events/yyyymm=202201/part-000474.parquet,59601.4167447,59601.4582447,202201,202201,3585.60421751,10,802.398399962,2783.20581755,59601.4167447,59601.4582447
475,processed,202201,0122/Esg20220122_19.root,/mnt/mydisk/WCDA_observation_eval/0122/Esg20220122_19.root,/mnt/mydisk/WCDA_observation_eval/recovered_time/0122/Esg20220122_19.time.root,39197,39197,39197,False,26145,obs_events/yyyymm=202201/part-000475.parquet,59601.4583628,59601.4999003,202201,202201,3588.83350433,2,161.213650438,3427.6198539,59601.4583628,59601.4999003
476,processed,202201,0122/Esg20220122_20.root,/mnt/mydisk/WCDA_observation_eval/0122/Esg20220122_20.root,/mnt/mydisk/WCDA_observation_eval/recovered_time/0122/Esg20220122_20.time.root,77004,77004,77004,False,51981,obs_events/yyyymm=202201/part-000476.parquet,59601.5000168,59601.5413467,202201,202201,3570.90442297,9,721.913437452,2848.99098552,59601.5000168,59601.5413467
477,processed,202201,0122/Esg20220122_21.root,/mnt/mydisk/WCDA_observation_eval/0122/Esg20220122_21.root,/mnt/mydisk/WCDA_observation_eval/recovered_time/0122/Esg20220122_21.time.root,180915,180915,180915,False,120156,obs_events/yyyymm=202201/part-000477.parquet,59601.5416829,59601.5832573,202201,202201,3592.03067631,5,397.097691474,3194.93298484,59601.5416829,59601.5832572
478,processed,202201,0122/Esg20220122_22.root,/mnt/mydisk/WCDA_observation_eval/0122/Esg20220122_22.root,/mnt/mydisk/WCDA_observation_eval/recovered_time/0122/Esg20220122_22.time.root,339604,339604,339604,False,212362,obs_events/yyyymm=202201/part-000478.parquet,59601.5835803,59601.6248967,202201,202201,3569.73525812,8,624.054635363,2945.68062276,59601.5835803,59601.6248967
479,processed,202201,0122/Esg20220122_23.root,/mnt/mydisk/WCDA_observation_eval/0122/Esg20220122_23.root,/mnt/mydisk/WCDA_observation_eval/recovered_time/0122/Esg20220122_23.time.root,263560,263560,263560,False,169655,obs_events/yyyymm=202201/part-000479.parquet,59601.6252134,59601.6665918,202201,202201,3575.08964657,6,516.631306219,3058.45834035,59601.6252135,59601.6665918
480,processed,202201,0123/Esg20220123_00.root,/mnt/mydisk/WCDA_observation_eval/0123/Esg20220123_00.root,/mnt/mydisk/WCDA_observation_eval/recovered_time/0123/Esg20220123_00.time.root,122620,122620,122620,False,82890,obs_events/yyyymm=202201/part-000480.parquet,59601.6669236,59601.7082699,202201,202201,3572.3198913,5,402.979090624,3169.34080068,59601.6669236,59601.7082699
481,processed,202201,0123/Esg20220123_01.root,/mnt/mydisk/WCDA_observation_eval/0123/Esg20220123_01.root,/mnt/mydisk/WCDA_observation_eval/recovered_time/0123/Esg20220123_01.time.root,90146,90146,90146,False,61522,obs_events/yyyymm=202201/part-000481.parquet,59601.7083763,59601.7496432,202201,202201,3565.46599504,5,404.18906759,3161.27692745,59601.7083763,59601.7496432
482,processed,202201,0123/Esg20220123_02.root,/mnt/mydisk/WCDA_observation_eval/0123/Esg20220123_02.root,/mnt/mydisk/WCDA_observation_eval/recovered_time/0123/Esg20220123_02.time.root,119722,119722,119722,False,80991,obs_events/yyyymm=202201/part-000482.parquet,59601.7499722,59601.7913159,202201,202201,3572.09280166,6,523.768509133,3048.32429253,59601.7499722,59601.7913159
483,processed,202201,0123/Esg20220123_03.root,/mnt/mydisk/WCDA_observation_eval/0123/Esg20220123_03.root,/mnt/mydisk/WCDA_observation_eval/recovered_time/0123/Esg20220123_03.time.root,241275,241275,241275,False,156331,obs_events/yyyymm=202201/part-000483.parquet,59601.7916292,59601.8330296,202201,202201,3576.99386389,6,476.909910073,3100.08395382,59601.7916292,59601.8330296
484,processed,202201,0123/Esg20220123_04.root,/mnt/mydisk/WCDA_observation_eval/0123/Esg20220123_04.root,/mnt/mydisk/WCDA_observation_eval/recovered_time/0123/Esg20220123_04.time.root,291623,291623,291623,False,185001,obs_events/yyyymm=202201/part-000484.parquet,59601.8333162,59601.8748869,202201,202201,3591.70123672,6,510.337045952,3081.36419076,59601.8333162,59601.8748869
485,processed,202201,0123/Esg20220123_05.root,/mnt/mydisk/WCDA_observation_eval/0123/Esg20220123_05.root,/mnt/mydisk/WCDA_observation_eval/recovered_time/0123/Esg20220123_05.time.root,176027,176027,176027,False,117112,obs_events/yyyymm=202201/part-000485.parquet,59601.8750094,59601.9163455,202201,202201,3571.44237645,3,278.530851309,3292.91152514,59601.8750094,59601.9163455
486,processed,202201,0123/Esg20220123_06.root,/mnt/mydisk/WCDA_observation_eval/0123/Esg20220123_06.root,/mnt/mydisk/WCDA_observation_eval/recovered_time/0123/Esg20220123_06.time.root,88443,88443,88443,False,60187,obs_events/yyyymm=202201/part-000486.parquet,59601.9166621,59601.9582157,202201,202201,3590.23637341,3,241.245199973,3348.99117344,59601.9166621,59601.9582157
487,processed,202201,0123/Esg20220123_07.root,/mnt/mydisk/WCDA_observation_eval/0123/Esg20220123_07.root,/mnt/mydisk/WCDA_observation_eval/recovered_time/0123/Esg20220123_07.time.root,45448,45448,45448,False,30530,obs_events/yyyymm=202201/part-000487.parquet,59601.9585438,59601.9997712,202201,202201,3562.05013208,4,323.783630901,3238.26650118,59601.9585438,59601.9997712
488,processed,202201,0123/Esg20220123_08.root,/mnt/mydisk/WCDA_observation_eval/0123/Esg20220123_08.root,/mnt/mydisk/WCDA_observation_eval/recovered_time/0123/Esg20220123_08.time.root,28502,28502,28502,False,18986,obs_events/yyyymm=202201/part-000488.parquet,59602.000097,59602.041383,202201,202201,3567.10891575,4,325.723127648,3241.3857881,59602.000097,59602.041383
489,processed,202201,0123/Esg20220123_09.root,/mnt/mydisk/WCDA_observation_eval/0123/Esg20220123_09.root,/mnt/mydisk/WCDA_observation_eval/recovered_time/0123/Esg20220123_09.time.root,25232,25232,25232,False,16674,obs_events/yyyymm=202201/part-000489.parquet,59602.0417021,59602.0830742,202201,202201,3574.55097393,7,571.026402572,3003.52457135,59602.0417021,59602.0830741
490,processed,202201,0123/Esg20220123_10.root,/mnt/mydisk/WCDA_observation_eval/0123/Esg20220123_10.root,/mnt/mydisk/WCDA_observation_eval/recovered_time/0123/Esg20220123_10.time.root,25460,25460,25460,False,16757,obs_events/yyyymm=202201/part-000490.parquet,59602.0833857,59602.1248548,202201,202201,3582.93720447,8,654.480410158,2928.45679431,59602.0833857,59602.1248548
491,processed,202201,0123/Esg20220123_11.root,/mnt/mydisk/WCDA_observation_eval/0123/Esg20220123_11.root,/mnt/mydisk/WCDA_observation_eval/recovered_time/0123/Esg20220123_11.time.root,25917,25917,25917,False,17267,obs_events/yyyymm=202201/part-000491.parquet,59602.1251664,59602.1665179,202201,202201,3572.76667147,4,327.039440162,3245.72723131,59602.1251664,59602.1665179
492,processed,202201,0123/Esg20220123_12.root,/mnt/mydisk/WCDA_observation_eval/0123/Esg20220123_12.root,/mnt/mydisk/WCDA_observation_eval/recovered_time/0123/Esg20220123_12.time.root,17642,17642,17642,False,11644,obs_events/yyyymm=202201/part-000492.parquet,59602.1666635,59602.1941687,202201,202201,2376.44740662,1,81.6944547929,2294.75295183,59602.1666635,59602.1941687
493,processed,202201,0123/Esg20220123_15.root,/mnt/mydisk/WCDA_observation_eval/0123/Esg20220123_15.root,/mnt/mydisk/WCDA_observation_eval/recovered_time/0123/Esg20220123_15.time.root,17547,17547,17547,False,11458,obs_events/yyyymm=202201/part-000493.parquet,59602.3061075,59602.3331558,202201,202201,2336.96609731,1,120.574415149,2216.39168216,59602.3061076,59602.3331558
494,processed,202201,0123/Esg20220123_16.root,/mnt/mydisk/WCDA_observation_eval/0123/Esg20220123_16.root,/mnt/mydisk/WCDA_observation_eval/recovered_time/0123/Esg20220123_16.time.root,26257,26257,26257,False,17415,obs_events/yyyymm=202201/part-000494.parquet,59602.3334954,59602.3746405,202201,202201,3554.93789949,5,401.598659065,3153.33924042,59602.3334954,59602.3746404
495,processed,202201,0123/Esg20220123_17.root,/mnt/mydisk/WCDA_observation_eval/0123/Esg20220123_17.root,/mnt/mydisk/WCDA_observation_eval/recovered_time/0123/Esg20220123_17.time.root,26637,26637,26637,False,17503,obs_events/yyyymm=202201/part-000495.parquet,59602.3749993,59602.4163646,202201,202201,3573.95730447,5,403.567127441,3170.39017703,59602.3749993,59602.4163646
496,processed,202201,0123/Esg20220123_18.root,/mnt/mydisk/WCDA_observation_eval/0123/Esg20220123_18.root,/mnt/mydisk/WCDA_observation_eval/recovered_time/0123/Esg20220123_18.time.root,26656,26656,26656,False,17584,obs_events/yyyymm=202201/part-000496.parquet,59602.4167093,59602.4581915,202201,202201,3584.06654606,5,446.877414174,3137.18913188,59602.4167093,59602.4581915
497,processed,202201,0123/Esg20220123_19.root,/mnt/mydisk/WCDA_observation_eval/0123/Esg20220123_19.root,/mnt/mydisk/WCDA_observation_eval/recovered_time/0123/Esg20220123_19.time.root,39502,39502,39502,False,26352,obs_events/yyyymm=202201/part-000497.parquet,59602.4583161,59602.4999005,202201,202201,3592.89470804,6,488.797321706,3104.09738633,59602.4583161,59602.4999005
498,processed,202201,0123/Esg20220123_20.root,/mnt/mydisk/WCDA_observation_eval/0123/Esg20220123_20.root,/mnt/mydisk/WCDA_observation_eval/recovered_time/0123/Esg20220123_20.time.root,82429,82429,82429,False,55617,obs_events/yyyymm=202201/part-000498.parquet,59602.5000538,59602.5415958,202201,202201,3589.2228957,5,407.431694213,3181.79120149,59602.5000538,59602.5415958
499,processed,202201,0123/Esg20220123_21.root,/mnt/mydisk/WCDA_observation_eval/0123/Esg20220123_21.root,/mnt/mydisk/WCDA_observation_eval/recovered_time/0123/Esg20220123_21.time.root,183950,183950,183950,False,121437,obs_events/yyyymm=202201/part-000499.parquet,59602.5418924,59602.5832383,202201,202201,3572.28716228,7,567.693921528,3004.59324075,59602.5418924,59602.5832383
500,processed,202201,0123/Esg20220123_22.root,/mnt/mydisk/WCDA_observation_eval/0123/Esg20220123_22.root,/mnt/mydisk/WCDA_observation_eval/recovered_time/0123/Esg20220123_22.time.root,344311,344311,344311,False,214792,obs_events/yyyymm=202201/part-000500.parquet,59602.5833846,59602.6247088,202201,202201,3570.4055893,6,475.209531421,3095.19605788,59602.5833846,59602.6247088
501,processed,202201,0123/Esg20220123_23.root,/mnt/mydisk/WCDA_observation_eval/0123/Esg20220123_23.root,/mnt/mydisk/WCDA_observation_eval/recovered_time/0123/Esg20220123_23.time.root,254084,254084,254084,False,164028,obs_events/yyyymm=202201/part-000501.parquet,59602.6249738,59602.6664872,202201,202201,3586.75486192,4,322.629449121,3264.1254128,59602.6249738,59602.6664872
502,processed,202201,0124/Esg20220124_00.root,/mnt/mydisk/WCDA_observation_eval/0124/Esg20220124_00.root,/mnt/mydisk/WCDA_observation_eval/recovered_time/0124/Esg20220124_00.time.root,120023,120023,120023,False,81720,obs_events/yyyymm=202201/part-000502.parquet,59602.6667859,59602.7081834,202201,202201,3576.74188879,2,164.025097922,3412.71679087,59602.6667859,59602.7081834
503,processed,202201,0124/Esg20220124_01.root,/mnt/mydisk/WCDA_observation_eval/0124/Esg20220124_01.root,/mnt/mydisk/WCDA_observation_eval/recovered_time/0124/Esg20220124_01.time.root,90762,90762,90762,False,61898,obs_events/yyyymm=202201/part-000503.parquet,59602.7083466,59602.7497052,202201,202201,3573.37981691,2,164.10599167,3409.27382524,59602.7083466,59602.7497052
504,processed,202201,0124/Esg20220124_02.root,/mnt/mydisk/WCDA_observation_eval/0124/Esg20220124_02.root,/mnt/mydisk/WCDA_observation_eval/recovered_time/0124/Esg20220124_02.time.root,125851,125851,125851,False,85190,obs_events/yyyymm=202201/part-000504.parquet,59602.7499979,59602.7914487,202201,202201,3581.34966593,4,325.508507132,3255.8411588,59602.7499979,59602.7914487
505,processed,202201,0124/Esg20220124_03.root,/mnt/mydisk/WCDA_observation_eval/0124/Esg20220124_03.root,/mnt/mydisk/WCDA_observation_eval/recovered_time/0124/Esg20220124_03.time.root,247254,247254,247254,False,159166,obs_events/yyyymm=202201/part-000505.parquet,59602.791738,59602.8330791,202201,202201,3571.87238757,6,478.569479752,3093.30290782,59602.791738,59602.8330791
506,processed,202201,0124/Esg20220124_04.root,/mnt/mydisk/WCDA_observation_eval/0124/Esg20220124_04.root,/mnt/mydisk/WCDA_observation_eval/recovered_time/0124/Esg20220124_04.time.root,287890,287890,287890,False,182965,obs_events/yyyymm=202201/part-000506.parquet,59602.8333482,59602.8748789,202201,202201,3588.25877085,4,317.015011911,3271.24375894,59602.8333482,59602.8748789
507,processed,202201,0124/Esg20220124_05.root,/mnt/mydisk/WCDA_observation_eval/0124/Esg20220124_05.root,/mnt/mydisk/WCDA_observation_eval/recovered_time/0124/Esg20220124_05.time.root,160364,160364,160364,False,107315,obs_events/yyyymm=202201/part-000507.parquet,59602.8750254,59602.9165106,202201,202201,3584.32141165,11,888.65363393,2695.66777772,59602.8750254,59602.9165105
508,processed,202201,0124/Esg20220124_06.root,/mnt/mydisk/WCDA_observation_eval/0124/Esg20220124_06.root,/mnt/mydisk/WCDA_observation_eval/recovered_time/0124/Esg20220124_06.time.root,83882,83882,83882,False,56950,obs_events/yyyymm=202201/part-000508.parquet,59602.9168037,59602.9582688,202201,202201,3582.57982673,4,325.438209157,3257.14161757,59602.9168037,59602.9582686
509,processed,202201,0124/Esg20220124_07.root,/mnt/mydisk/WCDA_observation_eval/0124/Esg20220124_07.root,/mnt/mydisk/WCDA_observation_eval/recovered_time/0124/Esg20220124_07.time.root,42892,42892,42892,False,28745,obs_events/yyyymm=202201/part-000509.parquet,59602.9584242,59602.999919,202201,202201,3585.14836414,7,573.045263579,3012.10310056,59602.9584243,59602.999919
510,processed,202201,0124/Esg20220124_08.root,/mnt/mydisk/WCDA_observation_eval/0124/Esg20220124_08.root,/mnt/mydisk/WCDA_observation_eval/recovered_time/0124/Esg20220124_08.time.root,27694,27694,27694,False,18418,obs_events/yyyymm=202201/part-000510.parquet,59603.0002225,59603.0414136,202201,202201,3558.91617641,4,328.439012007,3230.47716441,59603.0002225,59603.0414136
511,processed,202201,0124/Esg20220124_09.root,/mnt/mydisk/WCDA_observation_eval/0124/Esg20220124_09.root,/mnt/mydisk/WCDA_observation_eval/recovered_time/0124/Esg20220124_09.time.root,25673,25673,25673,False,16964,obs_events/yyyymm=202201/part-000511.parquet,59603.0417225,59603.0832452,202201,202201,3587.56092398,7,575.288473978,3012.27245,59603.0417225,59603.083245
512,processed,202201,0124/Esg20220124_10.root,/mnt/mydisk/WCDA_observation_eval/0124/Esg20220124_10.root,/mnt/mydisk/WCDA_observation_eval/recovered_time/0124/Esg20220124_10.time.root,25443,25443,25443,False,16650,obs_events/yyyymm=202201/part-000512.parquet,59603.0834106,59603.1248392,202201,202201,3579.43846565,6,492.403098266,3087.03536738,59603.0834106,59603.1248392
513,processed,202201,0124/Esg20220124_11.root,/mnt/mydisk/WCDA_observation_eval/0124/Esg20220124_11.root,/mnt/mydisk/WCDA_observation_eval/recovered_time/0124/Esg20220124_11.time.root,25318,25318,25318,False,16642,obs_events/yyyymm=202201/part-000513.parquet,59603.1251345,59603.1664551,202201,202201,3570.09419678,6,495.079311496,3075.01488528,59603.1251345,59603.1664551
514,processed,202201,0124/Esg20220124_12.root,/mnt/mydisk/WCDA_observation_eval/0124/Esg20220124_12.root,/mnt/mydisk/WCDA_observation_eval/recovered_time/0124/Esg20220124_12.time.root,15652,15652,15652,False,10364,obs_events/yyyymm=202201/part-000514.parquet,59603.1667634,59603.1928097,202201,202201,2250.39928537,3,247.164843231,2003.23444214,59603.1667634,59603.1928097
515,processed,202201,0124/Esg20220124_15.root,/mnt/mydisk/WCDA_observation_eval/0124/Esg20220124_15.root,/mnt/mydisk/WCDA_observation_eval/recovered_time/0124/Esg20220124_15.time.root,9036,9036,9036,False,6011,obs_events/yyyymm=202201/part-000515.parquet,59603.3194942,59603.3331208,202201,202201,1177.33377954,1,80.4145054892,1096.91927405,59603.3194942,59603.3331208
516,processed,202201,0124/Esg20220124_16.root,/mnt/mydisk/WCDA_observation_eval/0124/Esg20220124_16.root,/mnt/mydisk/WCDA_observation_eval/recovered_time/0124/Esg20220124_16.time.root,25999,25999,25999,False,17146,obs_events/yyyymm=202201/part-000516.parquet,59603.3335884,59603.3745359,202201,202201,3537.85783849,5,405.311807175,3132.54603131,59603.3335885,59603.3745359
517,processed,202201,0124/Esg20220124_17.root,/mnt/mydisk/WCDA_observation_eval/0124/Esg20220124_17.root,/mnt/mydisk/WCDA_observation_eval/recovered_time/0124/Esg20220124_17.time.root,25629,25629,25629,False,16713,obs_events/yyyymm=202201/part-000517.parquet,59603.375,59603.4165893,202201,202201,3593.31043514,8,691.16529969,2902.14513545,59603.375,59603.4165891
518,processed,202201,0124/Esg20220124_18.root,/mnt/mydisk/WCDA_observation_eval/0124/Esg20220124_18.root,/mnt/mydisk/WCDA_observation_eval/recovered_time/0124/Esg20220124_18.time.root,26919,26919,26919,False,18019,obs_events/yyyymm=202201/part-000518.parquet,59603.4170516,59603.457846,202201,202201,3524.63616407,4,326.923769899,3197.71239418,59603.4170517,59603.457846
519,processed,202201,0124/Esg20220124_19.root,/mnt/mydisk/WCDA_observation_eval/0124/Esg20220124_19.root,/mnt/mydisk/WCDA_observation_eval/recovered_time/0124/Esg20220124_19.time.root,41092,41092,41092,False,27426,obs_events/yyyymm=202201/part-000519.parquet,59603.4583142,59603.4997631,202201,202201,3581.18803811,6,490.751255234,3090.43678287,59603.4583142,59603.4997631
520,processed,202201,0124/Esg20220124_20.root,/mnt/mydisk/WCDA_observation_eval/0124/Esg20220124_20.root,/mnt/mydisk/WCDA_observation_eval/recovered_time/0124/Esg20220124_20.time.root,86777,86777,86777,False,58538,obs_events/yyyymm=202201/part-000520.parquet,59603.5002324,59603.5413049,202201,202201,3548.66111926,3,243.893750408,3304.76736885,59603.5002324,59603.5413049
521,processed,202201,0124/Esg20220124_21.root,/mnt/mydisk/WCDA_observation_eval/0124/Esg20220124_21.root,/mnt/mydisk/WCDA_observation_eval/recovered_time/0124/Esg20220124_21.time.root,197001,197001,197001,False,129289,obs_events/yyyymm=202201/part-000521.parquet,59603.5417548,59603.582981,202201,202201,3561.95099764,4,321.607008227,3240.34398941,59603.5417548,59603.582981
522,processed,202201,0124/Esg20220124_22.root,/mnt/mydisk/WCDA_observation_eval/0124/Esg20220124_22.root,/mnt/mydisk/WCDA_observation_eval/recovered_time/0124/Esg20220124_22.time.root,348201,348201,348201,False,217122,obs_events/yyyymm=202201/part-000522.parquet,59603.5834103,59603.624788,202201,202201,3575.03117211,5,395.673898025,3179.35727409,59603.5834103,59603.624788
523,processed,202201,0124/Esg20220124_23.root,/mnt/mydisk/WCDA_observation_eval/0124/Esg20220124_23.root,/mnt/mydisk/WCDA_observation_eval/recovered_time/0124/Esg20220124_23.time.root,238590,238590,238590,False,154610,obs_events/yyyymm=202201/part-000523.parquet,59603.6251987,59603.6666114,202201,202201,3578.05240271,5,404.059149767,3173.99325294,59603.6251987,59603.6666114
524,processed,202201,0125/Esg20220125_00.root,/mnt/mydisk/WCDA_observation_eval/0125/Esg20220125_00.root,/mnt/mydisk/WCDA_observation_eval/recovered_time/0125/Esg20220125_00.time.root,113877,113877,113877,False,77448,obs_events/yyyymm=202201/part-000524.parquet,59603.667049,59603.7079214,202201,202201,3531.37421971,3,245.245516486,3286.12870323,59603.667049,59603.7079214
525,processed,202201,0125/Esg20220125_01.root,/mnt/mydisk/WCDA_observation_eval/0125/Esg20220125_01.root,/mnt/mydisk/WCDA_observation_eval/recovered_time/0125/Esg20220125_01.time.root,89675,89675,89675,False,60792,obs_events/yyyymm=202201/part-000525.parquet,59603.7083561,59603.7498334,202201,202201,3583.63136183,5,410.335898562,3173.29546327,59603.7083561,59603.7498334
526,processed,202201,0125/Esg20220125_02.root,/mnt/mydisk/WCDA_observation_eval/0125/Esg20220125_02.root,/mnt/mydisk/WCDA_observation_eval/recovered_time/0125/Esg20220125_02.time.root,128794,128794,128794,False,86627,obs_events/yyyymm=202201/part-000526.parquet,59603.7502585,59603.7912632,202201,202201,3542.81422568,5,409.115668433,3133.69855725,59603.7502585,59603.7912632
527,processed,202201,0125/Esg20220125_03.root,/mnt/mydisk/WCDA_observation_eval/0125/Esg20220125_03.root,/mnt/mydisk/WCDA_observation_eval/recovered_time/0125/Esg20220125_03.time.root,251650,251650,251650,False,161831,obs_events/yyyymm=202201/part-000527.parquet,59603.7916603,59603.8330765,202201,202201,3578.35592777,8,638.906506123,2939.44942164,59603.7916603,59603.8330765
528,processed,202201,0125/Esg20220125_04.root,/mnt/mydisk/WCDA_observation_eval/0125/Esg20220125_04.root,/mnt/mydisk/WCDA_observation_eval/recovered_time/0125/Esg20220125_04.time.root,281756,281756,281756,False,179269,obs_events/yyyymm=202201/part-000528.parquet,59603.8334626,59603.8748737,202201,202201,3577.91343997,4,321.286206809,3256.62723316,59603.8334626,59603.8748736
529,processed,202201,0125/Esg20220125_05.root,/mnt/mydisk/WCDA_observation_eval/0125/Esg20220125_05.root,/mnt/mydisk/WCDA_observation_eval/recovered_time/0125/Esg20220125_05.time.root,158862,158862,158862,False,106296,obs_events/yyyymm=202201/part-000529.parquet,59603.87527,59603.9165175,202201,202201,3563.77779634,4,325.069273822,3238.70852252,59603.87527,59603.9165175
530,processed,202201,0125/Esg20220125_06.root,/mnt/mydisk/WCDA_observation_eval/0125/Esg20220125_06.root,/mnt/mydisk/WCDA_observation_eval/recovered_time/0125/Esg20220125_06.time.root,79658,79658,79658,False,54113,obs_events/yyyymm=202201/part-000530.parquet,59603.9169274,59603.9581794,202201,202201,3564.16899632,3,245.730227069,3318.43876925,59603.9169275,59603.9581794
531,processed,202201,0125/Esg20220125_07.root,/mnt/mydisk/WCDA_observation_eval/0125/Esg20220125_07.root,/mnt/mydisk/WCDA_observation_eval/recovered_time/0125/Esg20220125_07.time.root,40377,40377,40377,False,27353,obs_events/yyyymm=202201/part-000531.parquet,59603.9585911,59603.9999283,202201,202201,3571.5391384,7,576.470964798,2995.0681736,59603.9585911,59603.9999283
532,processed,202201,0125/Esg20220125_08.root,/mnt/mydisk/WCDA_observation_eval/0125/Esg20220125_08.root,/mnt/mydisk/WCDA_observation_eval/recovered_time/0125/Esg20220125_08.time.root,26830,26830,26830,False,17778,obs_events/yyyymm=202201/part-000532.parquet,59604.0003497,59604.0412417,202201,202201,3533.0709755,3,248.001063801,3285.06991169,59604.0003497,59604.0412415
533,processed,202201,0125/Esg20220125_09.root,/mnt/mydisk/WCDA_observation_eval/0125/Esg20220125_09.root,/mnt/mydisk/WCDA_observation_eval/recovered_time/0125/Esg20220125_09.time.root,25994,25994,25994,False,17127,obs_events/yyyymm=202201/part-000533.parquet,59604.0416603,59604.0829273,202201,202201,3565.46887297,3,247.4457843,3318.02308867,59604.0416603,59604.0829273
534,processed,202201,0125/Esg20220125_10.root,/mnt/mydisk/WCDA_observation_eval/0125/Esg20220125_10.root,/mnt/mydisk/WCDA_observation_eval/recovered_time/0125/Esg20220125_10.time.root,26292,26292,26292,False,17383,obs_events/yyyymm=202201/part-000534.parquet,59604.0833462,59604.12461,202201,202201,3565.18951734,1,82.4198003858,3482.76971695,59604.0833462,59604.1246098
535,processed,202201,0125/Esg20220125_11.root,/mnt/mydisk/WCDA_observation_eval/0125/Esg20220125_11.root,/mnt/mydisk/WCDA_observation_eval/recovered_time/0125/Esg20220125_11.time.root,25891,25891,25891,False,17063,obs_events/yyyymm=202201/part-000535.parquet,59604.125023,59604.1662899,202201,202201,3565.45727262,4,371.053448436,3194.40382419,59604.125023,59604.1662899
536,processed,202201,0125/Esg20220125_12.root,/mnt/mydisk/WCDA_observation_eval/0125/Esg20220125_12.root,/mnt/mydisk/WCDA_observation_eval/recovered_time/0125/Esg20220125_12.time.root,13696,13696,13696,False,8999,obs_events/yyyymm=202201/part-000536.parquet,59604.1667094,59604.1882302,202201,202201,1859.39840502,2,164.302762505,1695.09564252,59604.1667094,59604.1882302
537,processed,202201,0125/Esg20220125_15.root,/mnt/mydisk/WCDA_observation_eval/0125/Esg20220125_15.root,/mnt/mydisk/WCDA_observation_eval/recovered_time/0125/Esg20220125_15.time.root,21226,21226,21226,False,13912,obs_events/yyyymm=202201/part-000537.parquet,59604.2976352,59604.333067,202201,202201,3061.30544131,2,401.892897184,2659.41254413,59604.2976352,59604.3330669
538,processed,202201,0125/Esg20220125_16.root,/mnt/mydisk/WCDA_observation_eval/0125/Esg20220125_16.root,/mnt/mydisk/WCDA_observation_eval/recovered_time/0125/Esg20220125_16.time.root,26406,26406,26406,False,17487,obs_events/yyyymm=202201/part-000538.parquet,59604.3334853,59604.3747133,202201,202201,3562.09485184,4,321.814166126,3240.28068571,59604.3334853,59604.3747132
539,processed,202201,0125/Esg20220125_17.root,/mnt/mydisk/WCDA_observation_eval/0125/Esg20220125_17.root,/mnt/mydisk/WCDA_observation_eval/recovered_time/0125/Esg20220125_17.time.root,25945,25945,25945,False,17166,obs_events/yyyymm=202201/part-000539.parquet,59604.3751388,59604.4164439,202201,202201,3568.75893006,8,645.963244652,2922.7956854,59604.3751388,59604.4164439
540,processed,202201,0125/Esg20220125_18.root,/mnt/mydisk/WCDA_observation_eval/0125/Esg20220125_18.root,/mnt/mydisk/WCDA_observation_eval/recovered_time/0125/Esg20220125_18.time.root,26426,26426,26426,False,17736,obs_events/yyyymm=202201/part-000540.parquet,59604.4168636,59604.4578978,202201,202201,3545.35798326,9,731.680389354,2813.6775939,59604.4168636,59604.4578977
541,processed,202201,0125/Esg20220125_19.root,/mnt/mydisk/WCDA_observation_eval/0125/Esg20220125_19.root,/mnt/mydisk/WCDA_observation_eval/recovered_time/0125/Esg20220125_19.time.root,42506,42506,42506,False,28496,obs_events/yyyymm=202201/part-000541.parquet,59604.4583334,59604.4996408,202201,202201,3568.95702733,7,570.011248905,2998.94577842,59604.4583334,59604.4996408
542,processed,202201,0125/Esg20220125_20.root,/mnt/mydisk/WCDA_observation_eval/0125/Esg20220125_20.root,/mnt/mydisk/WCDA_observation_eval/recovered_time/0125/Esg20220125_20.time.root,88035,88035,88035,False,59354,obs_events/yyyymm=202201/part-000542.parquet,59604.5000798,59604.540707,202201,202201,3510.18918764,7,570.76727415,2939.42191349,59604.5000798,59604.5407068
543,processed,202201,0125/Esg20220125_21.root,/mnt/mydisk/WCDA_observation_eval/0125/Esg20220125_21.root,/mnt/mydisk/WCDA_observation_eval/recovered_time/0125/Esg20220125_21.time.root,209998,209998,209998,False,137578,obs_events/yyyymm=202201/part-000543.parquet,59604.5416274,59604.5830303,202201,202201,3577.20944057,3,242.294018716,3334.91542186,59604.5416274,59604.5830303
544,processed,202201,0125/Esg20220125_22.root,/mnt/mydisk/WCDA_observation_eval/0125/Esg20220125_22.root,/mnt/mydisk/WCDA_observation_eval/recovered_time/0125/Esg20220125_22.time.root,347185,347185,347185,False,216789,obs_events/yyyymm=202201/part-000544.parquet,59604.5834353,59604.6249816,202201,202201,3589.60140652,6,477.199520753,3112.40188577,59604.5834353,59604.6249816
545,processed,202201,0125/Esg20220125_23.root,/mnt/mydisk/WCDA_observation_eval/0125/Esg20220125_23.root,/mnt/mydisk/WCDA_observation_eval/recovered_time/0125/Esg20220125_23.time.root,223039,223039,223039,False,145493,obs_events/yyyymm=202201/part-000545.parquet,59604.6249824,59604.6664957,202201,202201,3586.74477597,6,483.483426017,3103.26134996,59604.6249825,59604.6664957
546,processed,202201,0126/Esg20220126_00.root,/mnt/mydisk/WCDA_observation_eval/0126/Esg20220126_00.root,/mnt/mydisk/WCDA_observation_eval/recovered_time/0126/Esg20220126_00.time.root,112274,112274,112274,False,76136,obs_events/yyyymm=202201/part-000546.parquet,59604.6669242,59604.7080623,202201,202201,3554.33632548,1,82.3606149293,3471.97571055,59604.6669242,59604.7080623
547,processed,202201,0126/Esg20220126_01.root,/mnt/mydisk/WCDA_observation_eval/0126/Esg20220126_01.root,/mnt/mydisk/WCDA_observation_eval/recovered_time/0126/Esg20220126_01.time.root,88437,88437,88437,False,60254,obs_events/yyyymm=202201/part-000547.parquet,59604.7085101,59604.7495848,202201,202201,3548.86009474,5,411.585637182,3137.27445756,59604.7085101,59604.7495848
548,processed,202201,0126/Esg20220126_02.root,/mnt/mydisk/WCDA_observation_eval/0126/Esg20220126_02.root,/mnt/mydisk/WCDA_observation_eval/recovered_time/0126/Esg20220126_02.time.root,134188,134188,134188,False,90147,obs_events/yyyymm=202201/part-000548.parquet,59604.7500522,59604.7914797,202201,202201,3579.33511741,6,489.581619529,3089.75349788,59604.7500523,59604.7914797
549,processed,202201,0126/Esg20220126_03.root,/mnt/mydisk/WCDA_observation_eval/0126/Esg20220126_03.root,/mnt/mydisk/WCDA_observation_eval/recovered_time/0126/Esg20220126_03.time.root,264642,264642,264642,False,169735,obs_events/yyyymm=202201/part-000549.parquet,59604.7919353,59604.8329218,202201,202201,3541.22851084,5,402.559750713,3138.66876012,59604.7919353,59604.8329218
550,processed,202201,0126/Esg20220126_04.root,/mnt/mydisk/WCDA_observation_eval/0126/Esg20220126_04.root,/mnt/mydisk/WCDA_observation_eval/recovered_time/0126/Esg20220126_04.time.root,278127,278127,278127,False,177940,obs_events/yyyymm=202201/part-000550.parquet,59604.8333625,59604.8746943,202201,202201,3571.0672339,3,240.231927205,3330.83530669,59604.8333625,59604.8746943
551,processed,202201,0126/Esg20220126_05.root,/mnt/mydisk/WCDA_observation_eval/0126/Esg20220126_05.root,/mnt/mydisk/WCDA_observation_eval/recovered_time/0126/Esg20220126_05.time.root,154310,154310,154310,False,103915,obs_events/yyyymm=202201/part-000551.parquet,59604.8751443,59604.9164615,202201,202201,3569.80517765,0,0,3569.80517765,59604.8751444,59604.9164615
552,processed,202201,0126/Esg20220126_06.root,/mnt/mydisk/WCDA_observation_eval/0126/Esg20220126_06.root,/mnt/mydisk/WCDA_observation_eval/recovered_time/0126/Esg20220126_06.time.root,77158,77158,77158,False,52325,obs_events/yyyymm=202201/part-000552.parquet,59604.9169169,59604.9582252,202201,202201,3569.03639536,2,164.17037663,3404.86601873,59604.9169169,59604.9582252
553,processed,202201,0126/Esg20220126_07.root,/mnt/mydisk/WCDA_observation_eval/0126/Esg20220126_07.root,/mnt/mydisk/WCDA_observation_eval/recovered_time/0126/Esg20220126_07.time.root,39959,39959,39959,False,27023,obs_events/yyyymm=202201/part-000553.parquet,59604.9586773,59604.9995152,202201,202201,3528.39271934,3,247.152475314,3281.24024402,59604.9586773,59604.9995152
554,processed,202201,0126/Esg20220126_08.root,/mnt/mydisk/WCDA_observation_eval/0126/Esg20220126_08.root,/mnt/mydisk/WCDA_observation_eval/recovered_time/0126/Esg20220126_08.time.root,27489,27489,27489,False,18216,obs_events/yyyymm=202201/part-000554.parquet,59604.9999813,59605.0413238,202201,202201,3571.99642193,2,165.368366637,3406.62805529,59604.9999813,59605.0413238
555,processed,202201,0126/Esg20220126_09.root,/mnt/mydisk/WCDA_observation_eval/0126/Esg20220126_09.root,/mnt/mydisk/WCDA_observation_eval/recovered_time/0126/Esg20220126_09.time.root,25729,25729,25729,False,17082,obs_events/yyyymm=202201/part-000555.parquet,59605.0417803,59605.0831284,202201,202201,3572.47015389,3,248.218390625,3324.25176327,59605.0417803,59605.0831284
556,processed,202201,0126/Esg20220126_10.root,/mnt/mydisk/WCDA_observation_eval/0126/Esg20220126_10.root,/mnt/mydisk/WCDA_observation_eval/recovered_time/0126/Esg20220126_10.time.root,26211,26211,26211,False,17379,obs_events/yyyymm=202201/part-000556.parquet,59605.08356,59605.124913,202201,202201,3572.90142984,0,0,3572.90142984,59605.08356,59605.124913
557,processed,202201,0126/Esg20220126_11.root,/mnt/mydisk/WCDA_observation_eval/0126/Esg20220126_11.root,/mnt/mydisk/WCDA_observation_eval/recovered_time/0126/Esg20220126_11.time.root,25987,25987,25987,False,17309,obs_events/yyyymm=202201/part-000557.parquet,59605.124958,59605.1664184,202201,202201,3582.18189713,1,83.1311919959,3499.05070513,59605.124958,59605.1664184
558,processed,202201,0126/Esg20220126_12.root,/mnt/mydisk/WCDA_observation_eval/0126/Esg20220126_12.root,/mnt/mydisk/WCDA_observation_eval/recovered_time/0126/Esg20220126_12.time.root,12156,12156,12156,False,8051,obs_events/yyyymm=202201/part-000558.parquet,59605.1668384,59605.1861136,202201,202201,1665.37752645,1,82.7394199558,1582.6381065,59605.1668384,59605.1861136
559,processed,202201,0126/Esg20220126_15.root,/mnt/mydisk/WCDA_observation_eval/0126/Esg20220126_15.root,/mnt/mydisk/WCDA_observation_eval/recovered_time/0126/Esg20220126_15.time.root,22513,22513,22513,False,14875,obs_events/yyyymm=202201/part-000559.parquet,59605.2979295,59605.3332053,202201,202201,3047.82757424,3,242.741840542,2805.0857337,59605.2979295,59605.3332053
560,processed,202201,0126/Esg20220126_16.root,/mnt/mydisk/WCDA_observation_eval/0126/Esg20220126_16.root,/mnt/mydisk/WCDA_observation_eval/recovered_time/0126/Esg20220126_16.time.root,27089,27089,27089,False,17913,obs_events/yyyymm=202201/part-000560.parquet,59605.3336114,59605.3746089,202201,202201,3542.19093898,1,81.3542081974,3460.83673078,59605.3336114,59605.3746088
561,processed,202201,0126/Esg20220126_17.root,/mnt/mydisk/WCDA_observation_eval/0126/Esg20220126_17.root,/mnt/mydisk/WCDA_observation_eval/recovered_time/0126/Esg20220126_17.time.root,27297,27297,27297,False,18055,obs_events/yyyymm=202201/part-000561.parquet,59605.3750102,59605.4164926,202201,202201,3584.07802256,0,0,3584.07802256,59605.3750102,59605.4164926
562,processed,202201,0126/Esg20220126_18.root,/mnt/mydisk/WCDA_observation_eval/0126/Esg20220126_18.root,/mnt/mydisk/WCDA_observation_eval/recovered_time/0126/Esg20220126_18.time.root,28434,28434,28434,False,18549,obs_events/yyyymm=202201/part-000562.parquet,59605.4168988,59605.4582638,202201,202201,3573.9298221,0,0,3573.9298221,59605.4168988,59605.4582636
563,processed,202201,0126/Esg20220126_19.root,/mnt/mydisk/WCDA_observation_eval/0126/Esg20220126_19.root,/mnt/mydisk/WCDA_observation_eval/recovered_time/0126/Esg20220126_19.time.root,45436,45436,45436,False,30371,obs_events/yyyymm=202201/part-000563.parquet,59605.4586681,59605.4999365,202201,202201,3565.59614358,4,328.487182385,3237.10896119,59605.4586681,59605.4999365
564,processed,202201,0126/Esg20220126_20.root,/mnt/mydisk/WCDA_observation_eval/0126/Esg20220126_20.root,/mnt/mydisk/WCDA_observation_eval/recovered_time/0126/Esg20220126_20.time.root,95714,95714,95714,False,64346,obs_events/yyyymm=202201/part-000564.parquet,59605.5003384,59605.5413469,202201,202201,3543.13088309,4,328.481501341,3214.64938174,59605.5003384,59605.5413469
565,processed,202201,0126/Esg20220126_21.root,/mnt/mydisk/WCDA_observation_eval/0126/Esg20220126_21.root,/mnt/mydisk/WCDA_observation_eval/recovered_time/0126/Esg20220126_21.time.root,223072,223072,223072,False,145116,obs_events/yyyymm=202201/part-000565.parquet,59605.5417382,59605.5832468,202201,202201,3586.34587764,1,81.2378099654,3505.10806767,59605.5417382,59605.5832468
566,processed,202201,0126/Esg20220126_22.root,/mnt/mydisk/WCDA_observation_eval/0126/Esg20220126_22.root,/mnt/mydisk/WCDA_observation_eval/recovered_time/0126/Esg20220126_22.time.root,361587,361587,361587,False,225329,obs_events/yyyymm=202201/part-000566.parquet,59605.5832835,59605.6248587,202201,202201,3592.10009922,1,80.0345883938,3512.06551082,59605.5832835,59605.6248587
567,processed,202201,0126/Esg20220126_23.root,/mnt/mydisk/WCDA_observation_eval/0126/Esg20220126_23.root,/mnt/mydisk/WCDA_observation_eval/recovered_time/0126/Esg20220126_23.time.root,215987,215987,215987,False,141528,obs_events/yyyymm=202201/part-000567.parquet,59605.6252303,59605.6664461,202201,202201,3561.03769415,3,244.548710017,3316.48898413,59605.6252303,59605.6664461
568,processed,202201,0127/Esg20220127_00.root,/mnt/mydisk/WCDA_observation_eval/0127/Esg20220127_00.root,/mnt/mydisk/WCDA_observation_eval/recovered_time/0127/Esg20220127_00.time.root,109370,109370,109370,False,74570,obs_events/yyyymm=202201/part-000568.parquet,59605.6668352,59605.7080321,202201,202201,3559.41598574,0,0,3559.41598574,59605.6668352,59605.7080321
569,processed,202201,0127/Esg20220127_01.root,/mnt/mydisk/WCDA_observation_eval/0127/Esg20220127_01.root,/mnt/mydisk/WCDA_observation_eval/recovered_time/0127/Esg20220127_01.time.root,91550,91550,91550,False,62472,obs_events/yyyymm=202201/part-000569.parquet,59605.7084132,59605.7495763,202201,202201,3556.49503497,2,164.66724705,3391.82778792,59605.7084132,59605.7495763
570,processed,202201,0127/Esg20220127_02.root,/mnt/mydisk/WCDA_observation_eval/0127/Esg20220127_02.root,/mnt/mydisk/WCDA_observation_eval/recovered_time/0127/Esg20220127_02.time.root,146575,146575,146575,False,98449,obs_events/yyyymm=202201/part-000570.parquet,59605.7499655,59605.7915705,202201,202201,3594.67298873,0,0,3594.67298873,59605.7499655,59605.7915705
571,processed,202201,0127/Esg20220127_03.root,/mnt/mydisk/WCDA_observation_eval/0127/Esg20220127_03.root,/mnt/mydisk/WCDA_observation_eval/recovered_time/0127/Esg20220127_03.time.root,276055,276055,276055,False,176387,obs_events/yyyymm=202201/part-000571.parquet,59605.7919368,59605.8329224,202201,202201,3541.14959165,3,241.567852115,3299.58173954,59605.7919368,59605.8329224
572,processed,202201,0127/Esg20220127_04.root,/mnt/mydisk/WCDA_observation_eval/0127/Esg20220127_04.root,/mnt/mydisk/WCDA_observation_eval/recovered_time/0127/Esg20220127_04.time.root,267886,267886,267886,False,171992,obs_events/yyyymm=202201/part-000572.parquet,59605.8332859,59605.8745941,202201,202201,3569.02969214,4,319.621064211,3249.40862793,59605.8332859,59605.8745941
573,processed,202201,0127/Esg20220127_05.root,/mnt/mydisk/WCDA_observation_eval/0127/Esg20220127_05.root,/mnt/mydisk/WCDA_observation_eval/recovered_time/0127/Esg20220127_05.time.root,148128,148128,148128,False,99611,obs_events/yyyymm=202201/part-000573.parquet,59605.8749625,59605.9164967,202201,202201,3588.55779797,2,161.648260709,3426.90953726,59605.8749625,59605.9164967
574,processed,202201,0127/Esg20220127_06.root,/mnt/mydisk/WCDA_observation_eval/0127/Esg20220127_06.root,/mnt/mydisk/WCDA_observation_eval/recovered_time/0127/Esg20220127_06.time.root,72434,72434,72434,False,49124,obs_events/yyyymm=202201/part-000574.parquet,59605.9168766,59605.9580173,202201,202201,3554.55064864,6,490.229603089,3064.32104555,59605.9168766,59605.9580173
575,processed,202201,0127/Esg20220127_07.root,/mnt/mydisk/WCDA_observation_eval/0127/Esg20220127_07.root,/mnt/mydisk/WCDA_observation_eval/recovered_time/0127/Esg20220127_07.time.root,38638,38638,38638,False,25944,obs_events/yyyymm=202201/part-000575.parquet,59605.9583914,59605.9995737,202201,202201,3558.15131937,6,533.574441285,3024.57687808,59605.9583914,59605.9995737
576,processed,202201,0127/Esg20220127_08.root,/mnt/mydisk/WCDA_observation_eval/0127/Esg20220127_08.root,/mnt/mydisk/WCDA_observation_eval/recovered_time/0127/Esg20220127_08.time.root,26825,26825,26825,False,17695,obs_events/yyyymm=202201/part-000576.parquet,59605.9999586,59606.0415672,202201,202201,3594.98629987,4,329.655663902,3265.33063597,59605.9999586,59606.0415672
577,processed,202201,0127/Esg20220127_09.root,/mnt/mydisk/WCDA_observation_eval/0127/Esg20220127_09.root,/mnt/mydisk/WCDA_observation_eval/recovered_time/0127/Esg20220127_09.time.root,25696,25696,25696,False,16880,obs_events/yyyymm=202201/part-000577.parquet,59606.0416622,59606.0832389,202201,202201,3592.2298668,5,411.347626126,3180.88224067,59606.0416622,59606.0832389
578,processed,202201,0127/Esg20220127_10.root,/mnt/mydisk/WCDA_observation_eval/0127/Esg20220127_10.root,/mnt/mydisk/WCDA_observation_eval/recovered_time/0127/Esg20220127_10.time.root,25692,25692,25692,False,16923,obs_events/yyyymm=202201/part-000578.parquet,59606.0836116,59606.1247525,202201,202201,3554.57628407,4,328.594500502,3225.98178356,59606.0836116,59606.1247525
579,processed,202201,0127/Esg20220127_11.root,/mnt/mydisk/WCDA_observation_eval/0127/Esg20220127_11.root,/mnt/mydisk/WCDA_observation_eval/recovered_time/0127/Esg20220127_11.time.root,25049,25049,25049,False,16469,obs_events/yyyymm=202201/part-000579.parquet,59606.1251475,59606.1662414,202201,202201,3550.51543743,8,656.888072868,2893.62736456,59606.1251475,59606.1662414
580,processed,202201,0127/Esg20220127_12.root,/mnt/mydisk/WCDA_observation_eval/0127/Esg20220127_12.root,/mnt/mydisk/WCDA_observation_eval/recovered_time/0127/Esg20220127_12.time.root,10599,10599,10599,False,6972,obs_events/yyyymm=202201/part-000580.parquet,59606.1666238,59606.1833243,202201,202201,1442.91768149,3,244.984829659,1197.93285183,59606.1666239,59606.1833243
581,processed,202201,0127/Esg20220127_15.root,/mnt/mydisk/WCDA_observation_eval/0127/Esg20220127_15.root,/mnt/mydisk/WCDA_observation_eval/recovered_time/0127/Esg20220127_15.time.root,23640,23640,23640,False,15581,obs_events/yyyymm=202201/part-000581.parquet,59606.2957947,59606.3332231,202201,202201,3233.81195634,6,482.809000486,2751.00295586,59606.2957947,59606.3332231
582,processed,202201,0127/Esg20220127_16.root,/mnt/mydisk/WCDA_observation_eval/0127/Esg20220127_16.root,/mnt/mydisk/WCDA_observation_eval/recovered_time/0127/Esg20220127_16.time.root,26533,26533,26533,False,17418,obs_events/yyyymm=202201/part-000582.parquet,59606.3336093,59606.3747136,202201,202201,3551.41038895,4,321.198575268,3230.21181368,59606.3336093,59606.3747136
583,processed,202201,0127/Esg20220127_17.root,/mnt/mydisk/WCDA_observation_eval/0127/Esg20220127_17.root,/mnt/mydisk/WCDA_observation_eval/recovered_time/0127/Esg20220127_17.time.root,26576,26576,26576,False,17660,obs_events/yyyymm=202201/part-000583.parquet,59606.3750963,59606.4165615,202201,202201,3582.59615446,3,242.688332987,3339.90782148,59606.3750963,59606.4165615
584,processed,202201,0127/Esg20220127_18.root,/mnt/mydisk/WCDA_observation_eval/0127/Esg20220127_18.root,/mnt/mydisk/WCDA_observation_eval/recovered_time/0127/Esg20220127_18.time.root,26914,26914,26914,False,17709,obs_events/yyyymm=202201/part-000584.parquet,59606.4169387,59606.4580724,202201,202201,3553.95416475,10,811.61445023,2742.33971452,59606.4169387,59606.4580724
585,processed,202201,0127/Esg20220127_19.root,/mnt/mydisk/WCDA_observation_eval/0127/Esg20220127_19.root,/mnt/mydisk/WCDA_observation_eval/recovered_time/0127/Esg20220127_19.time.root,45702,45702,45702,False,30746,obs_events/yyyymm=202201/part-000585.parquet,59606.4584533,59606.4996692,202201,202201,3561.05608824,11,891.823129915,2669.23295832,59606.4584533,59606.4996692
586,processed,202201,0127/Esg20220127_20.root,/mnt/mydisk/WCDA_observation_eval/0127/Esg20220127_20.root,/mnt/mydisk/WCDA_observation_eval/recovered_time/0127/Esg20220127_20.time.root,98939,98939,98939,False,66655,obs_events/yyyymm=202201/part-000586.parquet,59606.5000625,59606.5416208,202201,202201,3590.64052971,9,732.106929738,2858.53359997,59606.5000625,59606.5416208
587,processed,202201,0127/Esg20220127_21.root,/mnt/mydisk/WCDA_observation_eval/0127/Esg20220127_21.root,/mnt/mydisk/WCDA_observation_eval/recovered_time/0127/Esg20220127_21.time.root,232935,232935,232935,False,151248,obs_events/yyyymm=202201/part-000587.parquet,59606.5416703,59606.5832618,202201,202201,3593.5092126,6,481.765616988,3111.74359561,59606.5416703,59606.5832618
588,processed,202201,0127/Esg20220127_22.root,/mnt/mydisk/WCDA_observation_eval/0127/Esg20220127_22.root,/mnt/mydisk/WCDA_observation_eval/recovered_time/0127/Esg20220127_22.time.root,347529,347529,347529,False,217351,obs_events/yyyymm=202201/part-000588.parquet,59606.5836438,59606.6248555,202201,202201,3560.69137612,7,551.594694704,3009.09668142,59606.5836438,59606.6248554
589,processed,202201,0127/Esg20220127_23.root,/mnt/mydisk/WCDA_observation_eval/0127/Esg20220127_23.root,/mnt/mydisk/WCDA_observation_eval/recovered_time/0127/Esg20220127_23.time.root,205089,205089,205089,False,135414,obs_events/yyyymm=202201/part-000589.parquet,59606.6252324,59606.6665686,202201,202201,3571.45098445,3,241.912666429,3329.53831803,59606.6252324,59606.6665686
590,processed,202201,0128/Esg20220128_00.root,/mnt/mydisk/WCDA_observation_eval/0128/Esg20220128_00.root,/mnt/mydisk/WCDA_observation_eval/recovered_time/0128/Esg20220128_00.time.root,104235,104235,104235,False,70729,obs_events/yyyymm=202201/part-000590.parquet,59606.6669514,59606.7082295,202201,202201,3566.43194736,4,326.168847922,3240.26309943,59606.6669514,59606.7082294
591,processed,202201,0128/Esg20220128_01.root,/mnt/mydisk/WCDA_observation_eval/0128/Esg20220128_01.root,/mnt/mydisk/WCDA_observation_eval/recovered_time/0128/Esg20220128_01.time.root,93369,93369,93369,False,63187,obs_events/yyyymm=202201/part-000591.parquet,59606.7086039,59606.7499025,202201,202201,3568.19468359,4,326.954819821,3241.23986377,59606.7086039,59606.7499025
592,processed,202201,0128/Esg20220128_02.root,/mnt/mydisk/WCDA_observation_eval/0128/Esg20220128_02.root,/mnt/mydisk/WCDA_observation_eval/recovered_time/0128/Esg20220128_02.time.root,148373,148373,148373,False,99646,obs_events/yyyymm=202201/part-000592.parquet,59606.7502727,59606.7915006,202201,202201,3562.09125349,5,404.496429255,3157.59482423,59606.7502727,59606.7915006
593,processed,202201,0128/Esg20220128_03.root,/mnt/mydisk/WCDA_observation_eval/0128/Esg20220128_03.root,/mnt/mydisk/WCDA_observation_eval/recovered_time/0128/Esg20220128_03.time.root,277796,277796,277796,False,176638,obs_events/yyyymm=202201/part-000593.parquet,59606.7918576,59606.8329786,202201,202201,3552.85316992,7,556.567823282,2996.28534664,59606.7918576,59606.8329786
594,processed,202201,0128/Esg20220128_04.root,/mnt/mydisk/WCDA_observation_eval/0128/Esg20220128_04.root,/mnt/mydisk/WCDA_observation_eval/recovered_time/0128/Esg20220128_04.time.root,266507,266507,266507,False,171409,obs_events/yyyymm=202201/part-000594.parquet,59606.8333278,59606.8747875,202201,202201,3582.11850165,2,157.833535247,3424.28496641,59606.8333278,59606.8747875
595,processed,202201,0128/Esg20220128_05.root,/mnt/mydisk/WCDA_observation_eval/0128/Esg20220128_05.root,/mnt/mydisk/WCDA_observation_eval/recovered_time/0128/Esg20220128_05.time.root,135290,135290,135290,False,91160,obs_events/yyyymm=202201/part-000595.parquet,59606.875135,59606.916412,202201,202201,3566.3328896,7,601.748816902,2964.5840727,59606.875135,59606.916412
596,processed,202201,0128/Esg20220128_06.root,/mnt/mydisk/WCDA_observation_eval/0128/Esg20220128_06.root,/mnt/mydisk/WCDA_observation_eval/recovered_time/0128/Esg20220128_06.time.root,69220,69220,69220,False,46821,obs_events/yyyymm=202201/part-000596.parquet,59606.9167662,59606.9580298,202201,202201,3565.17075927,7,566.398413316,2998.77234595,59606.9167662,59606.9580298
597,processed,202201,0128/Esg20220128_07.root,/mnt/mydisk/WCDA_observation_eval/0128/Esg20220128_07.root,/mnt/mydisk/WCDA_observation_eval/recovered_time/0128/Esg20220128_07.time.root,37924,37924,37924,False,25419,obs_events/yyyymm=202201/part-000597.parquet,59606.9583901,59606.9996814,202201,202201,3567.57573013,4,325.76198657,3241.81374356,59606.9583901,59606.9996814
598,processed,202201,0128/Esg20220128_08.root,/mnt/mydisk/WCDA_observation_eval/0128/Esg20220128_08.root,/mnt/mydisk/WCDA_observation_eval/recovered_time/0128/Esg20220128_08.time.root,26489,26489,26489,False,17485,obs_events/yyyymm=202201/part-000598.parquet,59607.0000577,59607.0414349,202201,202201,3574.99014814,4,327.0841046,3247.90604354,59607.0000577,59607.0414348
599,processed,202201,0128/Esg20220128_09.root,/mnt/mydisk/WCDA_observation_eval/0128/Esg20220128_09.root,/mnt/mydisk/WCDA_observation_eval/recovered_time/0128/Esg20220128_09.time.root,25435,25435,25435,False,16691,obs_events/yyyymm=202201/part-000599.parquet,59607.0418153,59607.0831736,202201,202201,3573.35702358,6,489.725255594,3083.63176798,59607.0418153,59607.0831736
600,processed,202201,0128/Esg20220128_11.root,/mnt/mydisk/WCDA_observation_eval/0128/Esg20220128_11.root,/mnt/mydisk/WCDA_observation_eval/recovered_time/0128/Esg20220128_11.time.root,24907,24907,24907,False,16472,obs_events/yyyymm=202201/part-000600.parquet,59607.1249823,59607.1663231,202201,202201,3571.84072912,8,654.49252096,2917.34820816,59607.1249823,59607.1663229
601,processed,202201,0128/Esg20220128_12.root,/mnt/mydisk/WCDA_observation_eval/0128/Esg20220128_12.root,/mnt/mydisk/WCDA_observation_eval/recovered_time/0128/Esg20220128_12.time.root,8146,8146,8146,False,5430,obs_events/yyyymm=202201/part-000601.parquet,59607.1667357,59607.1805427,202201,202201,1192.93121241,2,204.190137307,988.741075108,59607.1667357,59607.1805427
602,processed,202201,0128/Esg20220128_14.root,/mnt/mydisk/WCDA_observation_eval/0128/Esg20220128_14.root,/mnt/mydisk/WCDA_observation_eval/recovered_time/0128/Esg20220128_14.time.root,317,317,317,False,186,obs_events/yyyymm=202201/part-000602.parquet,59607.2902563,59607.2911998,202201,202201,81.5247985767,1,80.9405763634,0.584222213365,59607.2902563,59607.2911998
603,processed,202201,0128/Esg20220128_15.root,/mnt/mydisk/WCDA_observation_eval/0128/Esg20220128_15.root,/mnt/mydisk/WCDA_observation_eval/recovered_time/0128/Esg20220128_15.time.root,25010,25010,25010,False,16534,obs_events/yyyymm=202201/part-000603.parquet,59607.2930736,59607.3331111,202201,202201,3459.23513013,7,567.440347164,2891.79478297,59607.2930736,59607.3331111
604,processed,202201,0128/Esg20220128_16.root,/mnt/mydisk/WCDA_observation_eval/0128/Esg20220128_16.root,/mnt/mydisk/WCDA_observation_eval/recovered_time/0128/Esg20220128_16.time.root,25955,25955,25955,False,17105,obs_events/yyyymm=202201/part-000604.parquet,59607.3334984,59607.374908,202201,202201,3577.78752409,4,323.993916926,3253.79360716,59607.3334984,59607.374908
605,processed,202201,0128/Esg20220128_17.root,/mnt/mydisk/WCDA_observation_eval/0128/Esg20220128_17.root,/mnt/mydisk/WCDA_observation_eval/recovered_time/0128/Esg20220128_17.time.root,25616,25616,25616,False,16787,obs_events/yyyymm=202201/part-000605.parquet,59607.3749844,59607.416559,202201,202201,3592.04480883,7,569.608276966,3022.43653187,59607.3749844,59607.416559
606,processed,202201,0128/Esg20220128_18.root,/mnt/mydisk/WCDA_observation_eval/0128/Esg20220128_18.root,/mnt/mydisk/WCDA_observation_eval/recovered_time/0128/Esg20220128_18.time.root,28387,28387,28387,False,18762,obs_events/yyyymm=202201/part-000606.parquet,59607.4169512,59607.457962,202201,202201,3543.33842634,2,163.775182888,3379.56324345,59607.4169512,59607.457962
607,processed,202201,0128/Esg20220128_19.root,/mnt/mydisk/WCDA_observation_eval/0128/Esg20220128_19.root,/mnt/mydisk/WCDA_observation_eval/recovered_time/0128/Esg20220128_19.time.root,48330,48330,48330,False,32484,obs_events/yyyymm=202201/part-000607.parquet,59607.4583542,59607.4995812,202201,202201,3562.01807884,5,410.378220049,3151.6398588,59607.4583542,59607.4995812
608,processed,202201,0128/Esg20220128_20.root,/mnt/mydisk/WCDA_observation_eval/0128/Esg20220128_20.root,/mnt/mydisk/WCDA_observation_eval/recovered_time/0128/Esg20220128_20.time.root,103863,103863,103863,False,69912,obs_events/yyyymm=202201/part-000608.parquet,59607.4999988,59607.5414548,202201,202201,3581.7959721,7,573.593993881,3008.20197822,59607.4999988,59607.5414548
609,processed,202201,0128/Esg20220128_21.root,/mnt/mydisk/WCDA_observation_eval/0128/Esg20220128_21.root,/mnt/mydisk/WCDA_observation_eval/recovered_time/0128/Esg20220128_21.time.root,239294,239294,239294,False,154274,obs_events/yyyymm=202201/part-000609.parquet,59607.541863,59607.5831724,202201,202201,3569.13331258,6,488.216600404,3080.91671218,59607.541863,59607.5831724
610,processed,202201,0128/Esg20220128_22.root,/mnt/mydisk/WCDA_observation_eval/0128/Esg20220128_22.root,/mnt/mydisk/WCDA_observation_eval/recovered_time/0128/Esg20220128_22.time.root,345603,345603,345603,False,215130,obs_events/yyyymm=202201/part-000610.parquet,59607.5835507,59607.6248093,202201,202201,3564.73619489,4,320.025090384,3244.7111045,59607.5835507,59607.6248093
611,processed,202201,0128/Esg20220128_23.root,/mnt/mydisk/WCDA_observation_eval/0128/Esg20220128_23.root,/mnt/mydisk/WCDA_observation_eval/recovered_time/0128/Esg20220128_23.time.root,192747,192747,192747,False,128083,obs_events/yyyymm=202201/part-000611.parquet,59607.6251956,59607.6666141,202201,202201,3578.55488565,3,243.065438792,3335.48944686,59607.6251956,59607.6666141
612,processed,202201,0129/Esg20220129_00.root,/mnt/mydisk/WCDA_observation_eval/0129/Esg20220129_00.root,/mnt/mydisk/WCDA_observation_eval/recovered_time/0129/Esg20220129_00.time.root,101168,101168,101168,False,69039,obs_events/yyyymm=202201/part-000612.parquet,59607.6670222,59607.7082802,202201,202201,3564.68575888,3,245.150509081,3319.5352498,59607.6670222,59607.7082802
613,processed,202201,0129/Esg20220129_01.root,/mnt/mydisk/WCDA_observation_eval/0129/Esg20220129_01.root,/mnt/mydisk/WCDA_observation_eval/recovered_time/0129/Esg20220129_01.time.root,93203,93203,93203,False,63486,obs_events/yyyymm=202201/part-000613.parquet,59607.7083226,59607.7495382,202201,202201,3561.02577006,3,245.013524056,3316.012246,59607.7083226,59607.7495381
614,processed,202201,0129/Esg20220129_02.root,/mnt/mydisk/WCDA_observation_eval/0129/Esg20220129_02.root,/mnt/mydisk/WCDA_observation_eval/recovered_time/0129/Esg20220129_02.time.root,156914,156914,156914,False,104875,obs_events/yyyymm=202201/part-000614.parquet,59607.749966,59607.7916165,202201,202201,3598.60289097,1,80.3982374724,3518.2046535,59607.749966,59607.7916165
615,processed,202201,0129/Esg20220129_03.root,/mnt/mydisk/WCDA_observation_eval/0129/Esg20220129_03.root,/mnt/mydisk/WCDA_observation_eval/recovered_time/0129/Esg20220129_03.time.root,282419,282419,282419,False,179416,obs_events/yyyymm=202201/part-000615.parquet,59607.7916191,59607.8330852,202201,202201,3582.66884882,7,554.199894564,3028.46895426,59607.7916191,59607.8330852
616,processed,202201,0129/Esg20220129_04.root,/mnt/mydisk/WCDA_observation_eval/0129/Esg20220129_04.root,/mnt/mydisk/WCDA_observation_eval/recovered_time/0129/Esg20220129_04.time.root,259608,259608,259608,False,167467,obs_events/yyyymm=202201/part-000616.parquet,59607.8334871,59607.8748902,202201,202201,3577.23126768,0,0,3577.23126768,59607.8334871,59607.8748902
617,processed,202201,0129/Esg20220129_05.root,/mnt/mydisk/WCDA_observation_eval/0129/Esg20220129_05.root,/mnt/mydisk/WCDA_observation_eval/recovered_time/0129/Esg20220129_05.time.root,134693,134693,134693,False,91201,obs_events/yyyymm=202201/part-000617.parquet,59607.8753238,59607.9165997,202201,202201,3566.23274744,0,0,3566.23274744,59607.8753239,59607.9165997
618,processed,202201,0129/Esg20220129_06.root,/mnt/mydisk/WCDA_observation_eval/0129/Esg20220129_06.root,/mnt/mydisk/WCDA_observation_eval/recovered_time/0129/Esg20220129_06.time.root,66207,66207,66207,False,45003,obs_events/yyyymm=202201/part-000618.parquet,59607.9170396,59607.958052,202201,202201,3543.47423078,4,326.418982982,3217.05524779,59607.9170396,59607.958052
619,processed,202201,0129/Esg20220129_07.root,/mnt/mydisk/WCDA_observation_eval/0129/Esg20220129_07.root,/mnt/mydisk/WCDA_observation_eval/recovered_time/0129/Esg20220129_07.time.root,35996,35996,35996,False,24301,obs_events/yyyymm=202201/part-000619.parquet,59607.9585086,59607.9994919,202201,202201,3540.95754507,2,164.308057562,3376.64948751,59607.9585086,59607.9994919
620,processed,202201,0129/Esg20220129_08.root,/mnt/mydisk/WCDA_observation_eval/0129/Esg20220129_08.root,/mnt/mydisk/WCDA_observation_eval/recovered_time/0129/Esg20220129_08.time.root,25879,25879,25879,False,17201,obs_events/yyyymm=202201/part-000620.parquet,59607.9999644,59608.0416065,202201,202201,3597.8791723,5,411.829537991,3186.04963431,59607.9999644,59608.0416065
621,processed,202201,0129/Esg20220129_09.root,/mnt/mydisk/WCDA_observation_eval/0129/Esg20220129_09.root,/mnt/mydisk/WCDA_observation_eval/recovered_time/0129/Esg20220129_09.time.root,25795,25795,25795,False,16974,obs_events/yyyymm=202201/part-000621.parquet,59608.0420635,59608.0831686,202201,202201,3551.4758162,2,164.350853674,3387.12496252,59608.0420635,59608.0831686
622,processed,202201,0129/Esg20220129_10.root,/mnt/mydisk/WCDA_observation_eval/0129/Esg20220129_10.root,/mnt/mydisk/WCDA_observation_eval/recovered_time/0129/Esg20220129_10.time.root,25805,25805,25805,False,17147,obs_events/yyyymm=202201/part-000622.parquet,59608.0836205,59608.1247272,202201,202201,3551.61784922,1,82.4930680683,3469.12478115,59608.0836205,59608.1247272
623,processed,202201,0129/Esg20220129_11.root,/mnt/mydisk/WCDA_observation_eval/0129/Esg20220129_11.root,/mnt/mydisk/WCDA_observation_eval/recovered_time/0129/Esg20220129_11.time.root,25641,25641,25641,False,16842,obs_events/yyyymm=202201/part-000623.parquet,59608.1251744,59608.1663784,202201,202201,3560.01936458,1,82.4104078347,3477.60895675,59608.1251744,59608.1663784
624,processed,202201,0129/Esg20220129_12.root,/mnt/mydisk/WCDA_observation_eval/0129/Esg20220129_12.root,/mnt/mydisk/WCDA_observation_eval/recovered_time/0129/Esg20220129_12.time.root,6904,6904,6904,False,4596,obs_events/yyyymm=202201/part-000624.parquet,59608.1668182,59608.1778112,202201,202201,949.7961835,0,0,949.7961835,59608.1668182,59608.1778112
625,processed,202201,0129/Esg20220129_14.root,/mnt/mydisk/WCDA_observation_eval/0129/Esg20220129_14.root,/mnt/mydisk/WCDA_observation_eval/recovered_time/0129/Esg20220129_14.time.root,858,858,858,False,564,obs_events/yyyymm=202201/part-000625.parquet,59608.2901768,59608.2915976,202201,202201,122.762459633,1,81.2531815376,41.5092780953,59608.2901768,59608.2915976
626,processed,202201,0129/Esg20220129_15.root,/mnt/mydisk/WCDA_observation_eval/0129/Esg20220129_15.root,/mnt/mydisk/WCDA_observation_eval/recovered_time/0129/Esg20220129_15.time.root,26190,26190,26190,False,17379,obs_events/yyyymm=202201/part-000626.parquet,59608.2916433,59608.3331604,202201,202201,3587.08157069,4,325.187715772,3261.89385492,59608.2916433,59608.3331603
627,processed,202201,0129/Esg20220129_16.root,/mnt/mydisk/WCDA_observation_eval/0129/Esg20220129_16.root,/mnt/mydisk/WCDA_observation_eval/recovered_time/0129/Esg20220129_16.time.root,25645,25645,25645,False,17039,obs_events/yyyymm=202201/part-000627.parquet,59608.3335987,59608.3745258,202201,202201,3536.09550018,3,242.713603796,3293.38189638,59608.3335987,59608.3745258
628,processed,202201,0129/Esg20220129_17.root,/mnt/mydisk/WCDA_observation_eval/0129/Esg20220129_17.root,/mnt/mydisk/WCDA_observation_eval/recovered_time/0129/Esg20220129_17.time.root,24513,24513,24513,False,16197,obs_events/yyyymm=202201/part-000628.parquet,59608.3749628,59608.4146258,202201,202201,3426.88020039,4,325.42101955,3101.45918084,59608.3749629,59608.4146258
629,processed,202201,0129/Esg20220129_18.root,/mnt/mydisk/WCDA_observation_eval/0129/Esg20220129_18.root,/mnt/mydisk/WCDA_observation_eval/recovered_time/0129/Esg20220129_18.time.root,11323,11323,11323,False,7513,obs_events/yyyymm=202201/part-000629.parquet,59608.4233173,59608.457986,202201,202201,2995.37539445,4,1883.11671582,1112.25867863,59608.4233173,59608.457986
630,processed,202201,0129/Esg20220129_19.root,/mnt/mydisk/WCDA_observation_eval/0129/Esg20220129_19.root,/mnt/mydisk/WCDA_observation_eval/recovered_time/0129/Esg20220129_19.time.root,48992,48992,48992,False,32820,obs_events/yyyymm=202201/part-000630.parquet,59608.4584552,59608.4996724,202201,202201,3561.16247911,6,578.723961278,2982.43851783,59608.4584553,59608.4996724
631,processed,202201,0129/Esg20220129_20.root,/mnt/mydisk/WCDA_observation_eval/0129/Esg20220129_20.root,/mnt/mydisk/WCDA_observation_eval/recovered_time/0129/Esg20220129_20.time.root,111055,111055,111055,False,74698,obs_events/yyyymm=202201/part-000631.parquet,59608.500137,59608.5415974,202201,202201,3582.17221289,5,452.05618185,3130.11603104,59608.500137,59608.5415974
632,processed,202201,0129/Esg20220129_21.root,/mnt/mydisk/WCDA_observation_eval/0129/Esg20220129_21.root,/mnt/mydisk/WCDA_observation_eval/recovered_time/0129/Esg20220129_21.time.root,246488,246488,246488,False,158410,obs_events/yyyymm=202201/part-000632.parquet,59608.5420542,59608.5832466,202201,202201,3559.02611346,7,564.9514877,2994.07462575,59608.5420542,59608.5832466
633,processed,202201,0129/Esg20220129_22.root,/mnt/mydisk/WCDA_observation_eval/0129/Esg20220129_22.root,/mnt/mydisk/WCDA_observation_eval/recovered_time/0129/Esg20220129_22.time.root,326248,326248,326248,False,203907,obs_events/yyyymm=202201/part-000633.parquet,59608.5836791,59608.6245502,202201,202201,3531.27145485,9,722.127502249,2809.14395261,59608.5836791,59608.6245502
634,processed,202201,0129/Esg20220129_23.root,/mnt/mydisk/WCDA_observation_eval/0129/Esg20220129_23.root,/mnt/mydisk/WCDA_observation_eval/recovered_time/0129/Esg20220129_23.time.root,172844,172844,172844,False,114689,obs_events/yyyymm=202201/part-000634.parquet,59608.625001,59608.6663306,202201,202201,3570.87203467,9,738.499756157,2832.37227851,59608.625001,59608.6663306
635,processed,202201,0130/Esg20220130_00.root,/mnt/mydisk/WCDA_observation_eval/0130/Esg20220130_00.root,/mnt/mydisk/WCDA_observation_eval/recovered_time/0130/Esg20220130_00.time.root,96811,96811,96811,False,65938,obs_events/yyyymm=202201/part-000635.parquet,59608.6667985,59608.7079958,202201,202201,3559.44437524,3,247.452730173,3311.99164507,59608.6667985,59608.7079958
636,processed,202201,0130/Esg20220130_01.root,/mnt/mydisk/WCDA_observation_eval/0130/Esg20220130_01.root,/mnt/mydisk/WCDA_observation_eval/recovered_time/0130/Esg20220130_01.time.root,90541,90541,90541,False,61405,obs_events/yyyymm=202201/part-000636.parquet,59608.7084673,59608.749503,202201,202201,3545.48494583,8,657.558305981,2887.92663985,59608.7084673,59608.7495029
637,processed,202201,0130/Esg20220130_02.root,/mnt/mydisk/WCDA_observation_eval/0130/Esg20220130_02.root,/mnt/mydisk/WCDA_observation_eval/recovered_time/0130/Esg20220130_02.time.root,158094,158094,158094,False,105694,obs_events/yyyymm=202201/part-000637.parquet,59608.7499542,59608.7913784,202201,202201,3579.05096712,8,651.000304311,2928.05066281,59608.7499542,59608.7913784
638,processed,202201,0130/Esg20220130_03.root,/mnt/mydisk/WCDA_observation_eval/0130/Esg20220130_03.root,/mnt/mydisk/WCDA_observation_eval/recovered_time/0130/Esg20220130_03.time.root,298109,298109,298109,False,188723,obs_events/yyyymm=202201/part-000638.parquet,59608.7918153,59608.8331527,202201,202201,3571.55588418,0,0,3571.55588418,59608.7918153,59608.8331527
639,processed,202201,0130/Esg20220130_04.root,/mnt/mydisk/WCDA_observation_eval/0130/Esg20220130_04.root,/mnt/mydisk/WCDA_observation_eval/recovered_time/0130/Esg20220130_04.time.root,245219,245219,245219,False,159069,obs_events/yyyymm=202201/part-000639.parquet,59608.8335762,59608.8747243,202201,202201,3555.19312969,1,79.3141933624,3475.87893633,59608.8335762,59608.8747243
640,processed,202201,0130/Esg20220130_05.root,/mnt/mydisk/WCDA_observation_eval/0130/Esg20220130_05.root,/mnt/mydisk/WCDA_observation_eval/recovered_time/0130/Esg20220130_05.time.root,123797,123797,123797,False,83590,obs_events/yyyymm=202201/part-000640.parquet,59608.8751528,59608.9165738,202201,202201,3578.77225208,5,403.985282988,3174.78696909,59608.8751528,59608.9165738
641,processed,202201,0130/Esg20220130_06.root,/mnt/mydisk/WCDA_observation_eval/0130/Esg20220130_06.root,/mnt/mydisk/WCDA_observation_eval/recovered_time/0130/Esg20220130_06.time.root,63810,63810,63810,False,43208,obs_events/yyyymm=202201/part-000641.parquet,59608.9169984,59608.9579386,202201,202201,3537.23144629,1,81.7190359812,3455.51241031,59608.9169984,59608.9579386
642,processed,202201,0130/Esg20220130_07.root,/mnt/mydisk/WCDA_observation_eval/0130/Esg20220130_07.root,/mnt/mydisk/WCDA_observation_eval/recovered_time/0130/Esg20220130_07.time.root,34847,34847,34847,False,23281,obs_events/yyyymm=202201/part-000642.parquet,59608.9583648,59608.9998625,202201,202201,3585.39877643,4,327.502038237,3257.8967382,59608.9583648,59608.9998625
643,processed,202201,0130/Esg20220130_08.root,/mnt/mydisk/WCDA_observation_eval/0130/Esg20220130_08.root,/mnt/mydisk/WCDA_observation_eval/recovered_time/0130/Esg20220130_08.time.root,25803,25803,25803,False,17031,obs_events/yyyymm=202201/part-000643.parquet,59609.000291,59609.0413823,202201,202201,3550.29193042,2,164.505842398,3385.78608802,59609.000291,59609.0413823
644,processed,202201,0130/Esg20220130_09.root,/mnt/mydisk/WCDA_observation_eval/0130/Esg20220130_09.root,/mnt/mydisk/WCDA_observation_eval/recovered_time/0130/Esg20220130_09.time.root,25286,25286,25286,False,16813,obs_events/yyyymm=202201/part-000644.parquet,59609.0418072,59609.083003,202201,202201,3559.31749691,4,329.49114684,3229.82635007,59609.0418072,59609.083003
645,processed,202201,0130/Esg20220130_10.root,/mnt/mydisk/WCDA_observation_eval/0130/Esg20220130_10.root,/mnt/mydisk/WCDA_observation_eval/recovered_time/0130/Esg20220130_10.time.root,25338,25338,25338,False,16784,obs_events/yyyymm=202201/part-000645.parquet,59609.0834361,59609.1247298,202201,202201,3567.77396067,3,247.482320387,3320.29164028,59609.0834362,59609.1247298
646,processed,202201,0130/Esg20220130_11.root,/mnt/mydisk/WCDA_observation_eval/0130/Esg20220130_11.root,/mnt/mydisk/WCDA_observation_eval/recovered_time/0130/Esg20220130_11.time.root,25353,25353,25353,False,16735,obs_events/yyyymm=202201/part-000646.parquet,59609.1251683,59609.1664057,202201,202201,3562.91370175,5,412.213518005,3150.70018375,59609.1251683,59609.1664057
647,processed,202201,0130/Esg20220130_12.root,/mnt/mydisk/WCDA_observation_eval/0130/Esg20220130_12.root,/mnt/mydisk/WCDA_observation_eval/recovered_time/0130/Esg20220130_12.time.root,5538,5538,5538,False,3661,obs_events/yyyymm=202201/part-000647.parquet,59609.1668336,59609.1778019,202201,202201,947.660765215,2,328.891379549,618.769385666,59609.1668336,59609.1778019
648,processed,202201,0130/Esg20220130_14.root,/mnt/mydisk/WCDA_observation_eval/0130/Esg20220130_14.root,/mnt/mydisk/WCDA_observation_eval/recovered_time/0130/Esg20220130_14.time.root,3245,3245,3245,False,2153,obs_events/yyyymm=202201/part-000648.parquet,59609.2850487,59609.2915668,202201,202201,563.164749881,1,201.078849239,362.085900642,59609.2850487,59609.2915668
649,processed,202201,0130/Esg20220130_15.root,/mnt/mydisk/WCDA_observation_eval/0130/Esg20220130_15.root,/mnt/mydisk/WCDA_observation_eval/recovered_time/0130/Esg20220130_15.time.root,25998,25998,25998,False,17173,obs_events/yyyymm=202201/part-000649.parquet,59609.2920116,59609.3330715,202201,202201,3547.57829283,5,401.420914731,3146.1573781,59609.2920116,59609.3330715
650,processed,202201,0130/Esg20220130_16.root,/mnt/mydisk/WCDA_observation_eval/0130/Esg20220130_16.root,/mnt/mydisk/WCDA_observation_eval/recovered_time/0130/Esg20220130_16.time.root,26430,26430,26430,False,17495,obs_events/yyyymm=202201/part-000650.parquet,59609.3335167,59609.3746171,202201,202201,3551.07621944,1,80.4336841218,3470.64253532,59609.3335167,59609.3746171
651,processed,202201,0130/Esg20220130_17.root,/mnt/mydisk/WCDA_observation_eval/0130/Esg20220130_17.root,/mnt/mydisk/WCDA_observation_eval/recovered_time/0130/Esg20220130_17.time.root,26395,26395,26395,False,17457,obs_events/yyyymm=202201/part-000651.parquet,59609.3750764,59609.4162478,202201,202201,3557.20268176,3,241.666036053,3315.53664571,59609.3750764,59609.4162477
652,processed,202201,0130/Esg20220130_18.root,/mnt/mydisk/WCDA_observation_eval/0130/Esg20220130_18.root,/mnt/mydisk/WCDA_observation_eval/recovered_time/0130/Esg20220130_18.time.root,30713,30713,30713,False,20228,obs_events/yyyymm=202201/part-000652.parquet,59609.4167089,59609.4580528,202201,202201,3572.10764517,2,161.197302584,3410.91034259,59609.4167089,59609.4580528
653,processed,202201,0130/Esg20220130_19.root,/mnt/mydisk/WCDA_observation_eval/0130/Esg20220130_19.root,/mnt/mydisk/WCDA_observation_eval/recovered_time/0130/Esg20220130_19.time.root,54951,54951,54951,False,37021,obs_events/yyyymm=202201/part-000653.parquet,59609.4585088,59609.4996639,202201,202201,3555.79678577,2,161.958141346,3393.83864442,59609.4585088,59609.4996639
654,processed,202201,0130/Esg20220130_20.root,/mnt/mydisk/WCDA_observation_eval/0130/Esg20220130_20.root,/mnt/mydisk/WCDA_observation_eval/recovered_time/0130/Esg20220130_20.time.root,118834,118834,118834,False,80147,obs_events/yyyymm=202201/part-000654.parquet,59609.5001211,59609.5415448,202201,202201,3579.01142298,3,242.797969538,3336.21345344,59609.5001211,59609.5415448
655,processed,202201,0130/Esg20220130_21.root,/mnt/mydisk/WCDA_observation_eval/0130/Esg20220130_21.root,/mnt/mydisk/WCDA_observation_eval/recovered_time/0130/Esg20220130_21.time.root,270193,270193,270193,False,172790,obs_events/yyyymm=202201/part-000655.parquet,59609.5419944,59609.5832268,202201,202201,3562.47279437,3,240.04577226,3322.42702211,59609.5419944,59609.5832268
656,processed,202201,0130/Esg20220130_22.root,/mnt/mydisk/WCDA_observation_eval/0130/Esg20220130_22.root,/mnt/mydisk/WCDA_observation_eval/recovered_time/0130/Esg20220130_22.time.root,340179,340179,340179,False,213402,obs_events/yyyymm=202201/part-000656.parquet,59609.5836327,59609.6249718,202201,202201,3571.70087309,2,158.533311426,3413.16756166,59609.5836327,59609.6249718
657,processed,202201,0130/Esg20220130_23.root,/mnt/mydisk/WCDA_observation_eval/0130/Esg20220130_23.root,/mnt/mydisk/WCDA_observation_eval/recovered_time/0130/Esg20220130_23.time.root,170457,170457,170457,False,113695,obs_events/yyyymm=202201/part-000657.parquet,59609.6249635,59609.6664638,202201,202201,3585.62073007,3,243.413831969,3342.2068981,59609.6249635,59609.6664638
658,processed,202202,0201/Esg20220201_00.root,/mnt/mydisk/WCDA_observation_eval/0201/Esg20220201_00.root,/mnt/mydisk/WCDA_observation_eval/recovered_time/0201/Esg20220201_00.time.root,93601,93601,93601,False,63766,obs_events/yyyymm=202202/part-000658.parquet,59610.6667438,59610.7079131,202201,202201,3557.03347691,6,488.974225544,3068.05925136,59610.6667438,59610.7079131
659,processed,202202,0201/Esg20220201_01.root,/mnt/mydisk/WCDA_observation_eval/0201/Esg20220201_01.root,/mnt/mydisk/WCDA_observation_eval/recovered_time/0201/Esg20220201_01.time.root,100246,100246,100246,False,68201,obs_events/yyyymm=202202/part-000659.parquet,59610.7083264,59610.7499049,202201,202201,3592.38183363,3,243.967862986,3348.41397065,59610.7083264,59610.7499049
660,processed,202202,0201/Esg20220201_02.root,/mnt/mydisk/WCDA_observation_eval/0201/Esg20220201_02.root,/mnt/mydisk/WCDA_observation_eval/recovered_time/0201/Esg20220201_02.time.root,176488,176488,176488,False,117115,obs_events/yyyymm=202202/part-000660.parquet,59610.749961,59610.7914534,202201,202201,3584.94190027,5,441.706471215,3143.23542905,59610.749961,59610.7914534
661,processed,202202,0201/Esg20220201_03.root,/mnt/mydisk/WCDA_observation_eval/0201/Esg20220201_03.root,/mnt/mydisk/WCDA_observation_eval/recovered_time/0201/Esg20220201_03.time.root,302090,302090,302090,False,191408,obs_events/yyyymm=202202/part-000661.parquet,59610.7918185,59610.8332962,202201,202201,3583.66763263,3,236.565370951,3347.10226168,59610.7918185,59610.8332962
662,processed,202202,0201/Esg20220201_04.root,/mnt/mydisk/WCDA_observation_eval/0201/Esg20220201_04.root,/mnt/mydisk/WCDA_observation_eval/recovered_time/0201/Esg20220201_04.time.root,228209,228209,228209,False,149206,obs_events/yyyymm=202202/part-000662.parquet,59610.8333386,59610.8746886,202201,202201,3572.64216186,4,317.865370656,3254.7767912,59610.8333386,59610.8746886
663,processed,202202,0201/Esg20220201_05.root,/mnt/mydisk/WCDA_observation_eval/0201/Esg20220201_05.root,/mnt/mydisk/WCDA_observation_eval/recovered_time/0201/Esg20220201_05.time.root,117060,117060,117060,False,79016,obs_events/yyyymm=202202/part-000663.parquet,59610.8750623,59610.916361,202201,202201,3568.20985526,3,242.040763074,3326.16909218,59610.8750623,59610.916361
664,processed,202202,0201/Esg20220201_06.root,/mnt/mydisk/WCDA_observation_eval/0201/Esg20220201_06.root,/mnt/mydisk/WCDA_observation_eval/recovered_time/0201/Esg20220201_06.time.root,60326,60326,60326,False,40727,obs_events/yyyymm=202202/part-000664.parquet,59610.9167648,59610.9579051,202201,202201,3554.51853946,1,80.9566765325,3473.56186293,59610.9167648,59610.9579051
665,processed,202202,0201/Esg20220201_07.root,/mnt/mydisk/WCDA_observation_eval/0201/Esg20220201_07.root,/mnt/mydisk/WCDA_observation_eval/recovered_time/0201/Esg20220201_07.time.root,33407,33407,33407,False,22431,obs_events/yyyymm=202202/part-000665.parquet,59610.9582991,59610.9998013,202201,202201,3585.79559459,4,323.79980085,3261.99579374,59610.9582991,59610.9998013
666,processed,202202,0201/Esg20220201_08.root,/mnt/mydisk/WCDA_observation_eval/0201/Esg20220201_08.root,/mnt/mydisk/WCDA_observation_eval/recovered_time/0201/Esg20220201_08.time.root,26612,26612,26612,False,17629,obs_events/yyyymm=202202/part-000666.parquet,59611.0001993,59611.0416081,202202,202202,3577.72081126,3,243.250427605,3334.47038366,59611.0001993,59611.0416081
667,processed,202202,0201/Esg20220201_09.root,/mnt/mydisk/WCDA_observation_eval/0201/Esg20220201_09.root,/mnt/mydisk/WCDA_observation_eval/recovered_time/0201/Esg20220201_09.time.root,25550,25550,25550,False,16955,obs_events/yyyymm=202202/part-000667.parquet,59611.0416765,59611.0831111,202202,202202,3579.94643978,6,527.269032667,3052.67740712,59611.0416765,59611.0831111
668,processed,202202,0201/Esg20220201_10.root,/mnt/mydisk/WCDA_observation_eval/0201/Esg20220201_10.root,/mnt/mydisk/WCDA_observation_eval/recovered_time/0201/Esg20220201_10.time.root,25633,25633,25633,False,16859,obs_events/yyyymm=202202/part-000668.parquet,59611.0835042,59611.1249433,202202,202202,3580.34142042,5,405.529938033,3174.81148238,59611.0835042,59611.1249433
669,processed,202202,0201/Esg20220201_11.root,/mnt/mydisk/WCDA_observation_eval/0201/Esg20220201_11.root,/mnt/mydisk/WCDA_observation_eval/recovered_time/0201/Esg20220201_11.time.root,26195,26195,26195,False,17421,obs_events/yyyymm=202202/part-000669.parquet,59611.1250172,59611.166311,202202,202202,3567.78350724,3,242.901715706,3324.88179153,59611.1250172,59611.166311
670,processed,202202,0201/Esg20220201_12.root,/mnt/mydisk/WCDA_observation_eval/0201/Esg20220201_12.root,/mnt/mydisk/WCDA_observation_eval/recovered_time/0201/Esg20220201_12.time.root,2084,2084,2084,False,1361,obs_events/yyyymm=202202/part-000670.parquet,59611.1667074,59611.1696032,202202,202202,250.194808189,1,81.1314756749,169.063332514,59611.1667075,59611.1696032
671,processed,202202,0201/Esg20220201_14.root,/mnt/mydisk/WCDA_observation_eval/0201/Esg20220201_14.root,/mnt/mydisk/WCDA_observation_eval/recovered_time/0201/Esg20220201_14.time.root,6608,6608,6608,False,4408,obs_events/yyyymm=202202/part-000671.parquet,59611.2816785,59611.2914643,202202,202202,845.493665105,0,0,845.493665105,59611.2816785,59611.2914641
672,processed,202202,0201/Esg20220201_15.root,/mnt/mydisk/WCDA_observation_eval/0201/Esg20220201_15.root,/mnt/mydisk/WCDA_observation_eval/recovered_time/0201/Esg20220201_15.time.root,26107,26107,26107,False,17306,obs_events/yyyymm=202202/part-000672.parquet,59611.2918403,59611.3330638,202202,202202,3561.71339331,8,637.222201237,2924.49119207,59611.2918403,59611.3330638
673,processed,202202,0201/Esg20220201_16.root,/mnt/mydisk/WCDA_observation_eval/0201/Esg20220201_16.root,/mnt/mydisk/WCDA_observation_eval/recovered_time/0201/Esg20220201_16.time.root,26997,26997,26997,False,17822,obs_events/yyyymm=202202/part-000673.parquet,59611.3334523,59611.3746492,202202,202202,3559.41149597,3,238.645676756,3320.76581921,59611.3334523,59611.3746492
674,processed,202202,0201/Esg20220201_17.root,/mnt/mydisk/WCDA_observation_eval/0201/Esg20220201_17.root,/mnt/mydisk/WCDA_observation_eval/recovered_time/0201/Esg20220201_17.time.root,26941,26941,26941,False,17643,obs_events/yyyymm=202202/part-000674.parquet,59611.3750472,59611.4163712,202202,202202,3570.3932767,2,159.555766778,3410.83750993,59611.3750472,59611.4163712
675,processed,202202,0201/Esg20220201_18.root,/mnt/mydisk/WCDA_observation_eval/0201/Esg20220201_18.root,/mnt/mydisk/WCDA_observation_eval/recovered_time/0201/Esg20220201_18.time.root,31902,31902,31902,False,21078,obs_events/yyyymm=202202/part-000675.parquet,59611.4167713,59611.4579565,202202,202202,3558.39681253,5,442.919488298,3115.47732423,59611.4167713,59611.4579565
676,processed,202202,0201/Esg20220201_19.root,/mnt/mydisk/WCDA_observation_eval/0201/Esg20220201_19.root,/mnt/mydisk/WCDA_observation_eval/recovered_time/0201/Esg20220201_19.time.root,60740,60740,60740,False,40920,obs_events/yyyymm=202202/part-000676.parquet,59611.4583528,59611.4997161,202202,202202,3573.79258813,5,401.81288165,3171.97970648,59611.4583528,59611.4997161
677,processed,202202,0201/Esg20220201_20.root,/mnt/mydisk/WCDA_observation_eval/0201/Esg20220201_20.root,/mnt/mydisk/WCDA_observation_eval/recovered_time/0201/Esg20220201_20.time.root,134622,134622,134622,False,90642,obs_events/yyyymm=202202/part-000677.parquet,59611.5001012,59611.5415716,202202,202202,3583.04156985,4,319.494865439,3263.54670441,59611.5001012,59611.5415716
678,processed,202202,0201/Esg20220201_21.root,/mnt/mydisk/WCDA_observation_eval/0201/Esg20220201_21.root,/mnt/mydisk/WCDA_observation_eval/recovered_time/0201/Esg20220201_21.time.root,301712,301712,301712,False,192285,obs_events/yyyymm=202202/part-000678.parquet,59611.5416274,59611.5832286,202202,202202,3594.34202656,1,78.0583292479,3516.28369731,59611.5416274,59611.5832286
679,processed,202202,0201/Esg20220201_22.root,/mnt/mydisk/WCDA_observation_eval/0201/Esg20220201_22.root,/mnt/mydisk/WCDA_observation_eval/recovered_time/0201/Esg20220201_22.time.root,330487,330487,330487,False,208148,obs_events/yyyymm=202202/part-000679.parquet,59611.5836571,59611.62495,202202,202202,3567.71220721,1,79.6767970081,3488.0354102,59611.5836571,59611.62495
680,processed,202202,0201/Esg20220201_23.root,/mnt/mydisk/WCDA_observation_eval/0201/Esg20220201_23.root,/mnt/mydisk/WCDA_observation_eval/recovered_time/0201/Esg20220201_23.time.root,157887,157887,157887,False,106104,obs_events/yyyymm=202202/part-000680.parquet,59611.6250173,59611.6664916,202202,202202,3583.3838281,3,241.554478998,3341.8293491,59611.6250173,59611.6664916
681,processed,202202,0202/Esg20220202_00.root,/mnt/mydisk/WCDA_observation_eval/0202/Esg20220202_00.root,/mnt/mydisk/WCDA_observation_eval/recovered_time/0202/Esg20220202_00.time.root,93607,93607,93607,False,63707,obs_events/yyyymm=202202/part-000681.parquet,59611.6668632,59611.7079381,202202,202202,3548.8697991,4,324.601662322,3224.26813678,59611.6668632,59611.707938
682,processed,202202,0202/Esg20220202_01.root,/mnt/mydisk/WCDA_observation_eval/0202/Esg20220202_01.root,/mnt/mydisk/WCDA_observation_eval/recovered_time/0202/Esg20220202_01.time.root,102813,102813,102813,False,69735,obs_events/yyyymm=202202/part-000682.parquet,59611.7083019,59611.7497592,202202,202202,3581.91216288,3,242.557824869,3339.35433801,59611.7083019,59611.7497592
683,processed,202202,0202/Esg20220202_02.root,/mnt/mydisk/WCDA_observation_eval/0202/Esg20220202_02.root,/mnt/mydisk/WCDA_observation_eval/recovered_time/0202/Esg20220202_02.time.root,189979,189979,189979,False,125666,obs_events/yyyymm=202202/part-000683.parquet,59611.7501313,59611.7914756,202202,202202,3572.15547231,5,399.996876111,3172.1585962,59611.7501313,59611.7914756
684,processed,202202,0202/Esg20220202_03.root,/mnt/mydisk/WCDA_observation_eval/0202/Esg20220202_03.root,/mnt/mydisk/WCDA_observation_eval/recovered_time/0202/Esg20220202_03.time.root,310412,310412,310412,False,195847,obs_events/yyyymm=202202/part-000684.parquet,59611.7918354,59611.8331444,202202,202202,3569.09168072,1,78.7986208219,3490.29305989,59611.7918354,59611.8331443
685,processed,202202,0202/Esg20220202_04.root,/mnt/mydisk/WCDA_observation_eval/0202/Esg20220202_04.root,/mnt/mydisk/WCDA_observation_eval/recovered_time/0202/Esg20220202_04.time.root,222190,222190,222190,False,145648,obs_events/yyyymm=202202/part-000685.parquet,59611.8334887,59611.8747667,202202,202202,3566.41866665,2,158.941169805,3407.47749684,59611.8334887,59611.8747667
686,processed,202202,0202/Esg20220202_05.root,/mnt/mydisk/WCDA_observation_eval/0202/Esg20220202_05.root,/mnt/mydisk/WCDA_observation_eval/recovered_time/0202/Esg20220202_05.time.root,113158,113158,113158,False,76641,obs_events/yyyymm=202202/part-000686.parquet,59611.8751153,59611.9163694,202202,202202,3564.35357903,1,80.7122746948,3483.64130433,59611.8751153,59611.9163694
687,processed,202202,0202/Esg20220202_06.root,/mnt/mydisk/WCDA_observation_eval/0202/Esg20220202_06.root,/mnt/mydisk/WCDA_observation_eval/recovered_time/0202/Esg20220202_06.time.root,57536,57536,57536,False,38875,obs_events/yyyymm=202202/part-000687.parquet,59611.9167227,59611.9580166,202202,202202,3567.79251066,1,81.0752530117,3486.71725765,59611.9167227,59611.9580166
688,processed,202202,0202/Esg20220202_07.root,/mnt/mydisk/WCDA_observation_eval/0202/Esg20220202_07.root,/mnt/mydisk/WCDA_observation_eval/recovered_time/0202/Esg20220202_07.time.root,31581,31581,31581,False,21157,obs_events/yyyymm=202202/part-000688.parquet,59611.9583671,59611.9997506,202202,202202,3575.52936331,5,407.847327017,3167.68203629,59611.9583671,59611.9997504
689,processed,202202,0202/Esg20220202_08.root,/mnt/mydisk/WCDA_observation_eval/0202/Esg20220202_08.root,/mnt/mydisk/WCDA_observation_eval/recovered_time/0202/Esg20220202_08.time.root,26264,26264,26264,False,17273,obs_events/yyyymm=202202/part-000689.parquet,59612.0001069,59612.0415448,202202,202202,3580.23015505,2,163.626188273,3416.60396678,59612.0001069,59612.0415448
690,processed,202202,0202/Esg20220202_09.root,/mnt/mydisk/WCDA_observation_eval/0202/Esg20220202_09.root,/mnt/mydisk/WCDA_observation_eval/recovered_time/0202/Esg20220202_09.time.root,24593,24593,24593,False,16195,obs_events/yyyymm=202202/part-000690.parquet,59612.0418993,59612.0830053,202202,202202,3551.55745551,10,820.976903848,2730.58055167,59612.0418993,59612.0830052
691,processed,202202,0202/Esg20220202_10.root,/mnt/mydisk/WCDA_observation_eval/0202/Esg20220202_10.root,/mnt/mydisk/WCDA_observation_eval/recovered_time/0202/Esg20220202_10.time.root,25889,25889,25889,False,17121,obs_events/yyyymm=202202/part-000691.parquet,59612.0833829,59612.1249359,202202,202202,3590.18000239,3,246.629292425,3343.55070996,59612.0833829,59612.1249359
692,processed,202202,0202/Esg20220202_11.root,/mnt/mydisk/WCDA_observation_eval/0202/Esg20220202_11.root,/mnt/mydisk/WCDA_observation_eval/recovered_time/0202/Esg20220202_11.time.root,25633,25633,25633,False,17096,obs_events/yyyymm=202202/part-000692.parquet,59612.1250316,59612.1664321,202202,202202,3577.00373107,3,245.509281778,3331.49444929,59612.1250316,59612.1664321
693,processed,202202,0202/Esg20220202_12.root,/mnt/mydisk/WCDA_observation_eval/0202/Esg20220202_12.root,/mnt/mydisk/WCDA_observation_eval/recovered_time/0202/Esg20220202_12.time.root,148,148,148,False,98,obs_events/yyyymm=202202/part-000693.parquet,59612.1668118,59612.1668152,202202,202202,0.289100850932,0,0,0.289100850932,59612.1668118,59612.1668152
694,processed,202202,0202/Esg20220202_14.root,/mnt/mydisk/WCDA_observation_eval/0202/Esg20220202_14.root,/mnt/mydisk/WCDA_observation_eval/recovered_time/0202/Esg20220202_14.time.root,7833,7833,7833,False,5179,obs_events/yyyymm=202202/part-000694.parquet,59612.278856,59612.2915692,202202,202202,1098.4132586,2,160.970980511,937.442278094,59612.278856,59612.2915692
695,processed,202202,0202/Esg20220202_15.root,/mnt/mydisk/WCDA_observation_eval/0202/Esg20220202_15.root,/mnt/mydisk/WCDA_observation_eval/recovered_time/0202/Esg20220202_15.time.root,25923,25923,25923,False,17104,obs_events/yyyymm=202202/part-000695.parquet,59612.2919412,59612.3330872,202202,202202,3555.01178764,6,481.269717822,3073.74206982,59612.2919412,59612.3330872
696,processed,202202,0202/Esg20220202_16.root,/mnt/mydisk/WCDA_observation_eval/0202/Esg20220202_16.root,/mnt/mydisk/WCDA_observation_eval/recovered_time/0202/Esg20220202_16.time.root,26953,26953,26953,False,17854,obs_events/yyyymm=202202/part-000696.parquet,59612.3334354,59612.3749077,202202,202202,3583.2090673,2,159.769604006,3423.4394633,59612.3334354,59612.3749077
697,processed,202202,0202/Esg20220202_17.root,/mnt/mydisk/WCDA_observation_eval/0202/Esg20220202_17.root,/mnt/mydisk/WCDA_observation_eval/recovered_time/0202/Esg20220202_17.time.root,25748,25748,25748,False,16983,obs_events/yyyymm=202202/part-000697.parquet,59612.3750091,59612.416303,202202,202202,3567.78551009,7,565.217822883,3002.56768721,59612.3750092,59612.4163029
698,processed,202202,0202/Esg20220202_18.root,/mnt/mydisk/WCDA_observation_eval/0202/Esg20220202_18.root,/mnt/mydisk/WCDA_observation_eval/recovered_time/0202/Esg20220202_18.time.root,33250,33250,33250,False,22165,obs_events/yyyymm=202202/part-000698.parquet,59612.4166632,59612.4582491,202202,202202,3593.01965581,3,242.460796377,3350.55885944,59612.4166632,59612.4582491
699,processed,202202,0202/Esg20220202_19.root,/mnt/mydisk/WCDA_observation_eval/0202/Esg20220202_19.root,/mnt/mydisk/WCDA_observation_eval/recovered_time/0202/Esg20220202_19.time.root,62183,62183,62183,False,42020,obs_events/yyyymm=202202/part-000699.parquet,59612.4586264,59612.4996057,202202,202202,3540.61180162,6,528.769359598,3011.84244202,59612.4586264,59612.4996057
700,processed,202202,0202/Esg20220202_20.root,/mnt/mydisk/WCDA_observation_eval/0202/Esg20220202_20.root,/mnt/mydisk/WCDA_observation_eval/recovered_time/0202/Esg20220202_20.time.root,134832,134832,134832,False,90430,obs_events/yyyymm=202202/part-000700.parquet,59612.499994,59612.5416213,202202,202202,3596.599245,9,726.722138864,2869.87710614,59612.499994,59612.5416212
701,processed,202202,0202/Esg20220202_21.root,/mnt/mydisk/WCDA_observation_eval/0202/Esg20220202_21.root,/mnt/mydisk/WCDA_observation_eval/recovered_time/0202/Esg20220202_21.time.root,304071,304071,304071,False,192367,obs_events/yyyymm=202202/part-000701.parquet,59612.5416693,59612.5832556,202202,202202,3593.05134632,1,80.4564510472,3512.59489527,59612.5416693,59612.5832556
702,processed,202202,0202/Esg20220202_22.root,/mnt/mydisk/WCDA_observation_eval/0202/Esg20220202_22.root,/mnt/mydisk/WCDA_observation_eval/recovered_time/0202/Esg20220202_22.time.root,310193,310193,310193,False,196360,obs_events/yyyymm=202202/part-000702.parquet,59612.5832793,59612.6246447,202202,202202,3573.96597408,3,242.64795715,3331.31801693,59612.5832793,59612.6246447
703,processed,202202,0202/Esg20220202_23.root,/mnt/mydisk/WCDA_observation_eval/0202/Esg20220202_23.root,/mnt/mydisk/WCDA_observation_eval/recovered_time/0202/Esg20220202_23.time.root,138293,138293,138293,False,93276,obs_events/yyyymm=202202/part-000703.parquet,59612.625044,59612.6662628,202202,202202,3561.30797847,7,579.275823478,2982.03215499,59612.625044,59612.6662628
704,processed,202202,0203/Esg20220203_00.root,/mnt/mydisk/WCDA_observation_eval/0203/Esg20220203_00.root,/mnt/mydisk/WCDA_observation_eval/recovered_time/0203/Esg20220203_00.time.root,90948,90948,90948,False,61979,obs_events/yyyymm=202202/part-000704.parquet,59612.66674,59612.7079741,202202,202202,3562.61908771,1,83.4801157471,3479.13897196,59612.6667401,59612.7079741
705,processed,202202,0203/Esg20220203_01.root,/mnt/mydisk/WCDA_observation_eval/0203/Esg20220203_01.root,/mnt/mydisk/WCDA_observation_eval/recovered_time/0203/Esg20220203_01.time.root,103025,103025,103025,False,70001,obs_events/yyyymm=202202/part-000705.parquet,59612.708372,59612.7499619,202202,202202,3593.36725501,3,249.811101006,3343.55615401,59612.708372,59612.7499619
706,processed,202202,0203/Esg20220203_02.root,/mnt/mydisk/WCDA_observation_eval/0203/Esg20220203_02.root,/mnt/mydisk/WCDA_observation_eval/recovered_time/0203/Esg20220203_02.time.root,193276,193276,193276,False,126887,obs_events/yyyymm=202202/part-000706.parquet,59612.7500335,59612.7916289,202202,202202,3593.84483364,4,372.561310907,3221.28352274,59612.7500335,59612.7916289
707,processed,202202,0203/Esg20220203_03.root,/mnt/mydisk/WCDA_observation_eval/0203/Esg20220203_03.root,/mnt/mydisk/WCDA_observation_eval/recovered_time/0203/Esg20220203_03.time.root,295043,295043,295043,False,186144,obs_events/yyyymm=202202/part-000707.parquet,59612.7919852,59612.833214,202202,202202,3562.17019467,3,243.128131446,3319.04206323,59612.7919852,59612.833214
708,processed,202202,0203/Esg20220203_04.root,/mnt/mydisk/WCDA_observation_eval/0203/Esg20220203_04.root,/mnt/mydisk/WCDA_observation_eval/recovered_time/0203/Esg20220203_04.time.root,203473,203473,203473,False,133726,obs_events/yyyymm=202202/part-000708.parquet,59612.8335694,59612.8747583,202202,202202,3558.71605931,4,329.32095502,3229.39510429,59612.8335694,59612.8747583
709,processed,202202,0203/Esg20220203_05.root,/mnt/mydisk/WCDA_observation_eval/0203/Esg20220203_05.root,/mnt/mydisk/WCDA_observation_eval/recovered_time/0203/Esg20220203_05.time.root,101770,101770,101770,False,68974,obs_events/yyyymm=202202/part-000709.parquet,59612.8751304,59612.9166077,202202,202202,3583.64255922,5,415.761823417,3167.8807358,59612.8751304,59612.9166077
710,processed,202202,0203/Esg20220203_06.root,/mnt/mydisk/WCDA_observation_eval/0203/Esg20220203_06.root,/mnt/mydisk/WCDA_observation_eval/recovered_time/0203/Esg20220203_06.time.root,50872,50872,50872,False,34406,obs_events/yyyymm=202202/part-000710.parquet,59612.9167103,59612.9581323,202202,202202,3578.85891614,5,417.037499836,3161.8214163,59612.9167104,59612.9581323
711,processed,202202,0203/Esg20220203_07.root,/mnt/mydisk/WCDA_observation_eval/0203/Esg20220203_07.root,/mnt/mydisk/WCDA_observation_eval/recovered_time/0203/Esg20220203_07.time.root,29754,29754,29754,False,19890,obs_events/yyyymm=202202/part-000711.parquet,59612.9585086,59612.9999218,202202,202202,3578.10275636,4,334.973079991,3243.12967637,59612.9585086,59612.9999216
712,processed,202202,0203/Esg20220203_08.root,/mnt/mydisk/WCDA_observation_eval/0203/Esg20220203_08.root,/mnt/mydisk/WCDA_observation_eval/recovered_time/0203/Esg20220203_08.time.root,24649,24649,24649,False,16140,obs_events/yyyymm=202202/part-000712.parquet,59613.0000152,59613.0415678,202202,202202,3590.14429988,4,337.089877878,3253.054422,59613.0000152,59613.0415678
713,processed,202202,0203/Esg20220203_09.root,/mnt/mydisk/WCDA_observation_eval/0203/Esg20220203_09.root,/mnt/mydisk/WCDA_observation_eval/recovered_time/0203/Esg20220203_09.time.root,23662,23662,23662,False,15653,obs_events/yyyymm=202202/part-000713.parquet,59613.0419664,59613.0830745,202202,202202,3551.73428769,10,883.08505998,2668.64922771,59613.0419664,59613.0830745
714,processed,202202,0203/Esg20220203_10.root,/mnt/mydisk/WCDA_observation_eval/0203/Esg20220203_10.root,/mnt/mydisk/WCDA_observation_eval/recovered_time/0203/Esg20220203_10.time.root,25266,25266,25266,False,16559,obs_events/yyyymm=202202/part-000714.parquet,59613.0834718,59613.1246131,202202,202202,3554.61260579,1,84.0829520719,3470.52965371,59613.0834718,59613.1246131
715,processed,202202,0203/Esg20220203_11.root,/mnt/mydisk/WCDA_observation_eval/0203/Esg20220203_11.root,/mnt/mydisk/WCDA_observation_eval/recovered_time/0203/Esg20220203_11.time.root,23091,23091,23091,False,15282,obs_events/yyyymm=202202/part-000715.parquet,59613.1249977,59613.1641142,202202,202202,3379.66832423,6,504.774377472,2874.89394676,59613.1249977,59613.1641142
716,processed,202202,0203/Esg20220203_14.root,/mnt/mydisk/WCDA_observation_eval/0203/Esg20220203_14.root,/mnt/mydisk/WCDA_observation_eval/recovered_time/0203/Esg20220203_14.time.root,8936,8936,8936,False,5911,obs_events/yyyymm=202202/part-000716.parquet,59613.2762969,59613.2915059,202202,202202,1314.05570505,4,330.304186209,983.751518838,59613.2762969,59613.2915059
717,processed,202202,0203/Esg20220203_15.root,/mnt/mydisk/WCDA_observation_eval/0203/Esg20220203_15.root,/mnt/mydisk/WCDA_observation_eval/recovered_time/0203/Esg20220203_15.time.root,25672,25672,25672,False,17003,obs_events/yyyymm=202202/part-000717.parquet,59613.2916462,59613.3331529,202202,202202,3586.17499871,0,0,3586.17499871,59613.2916462,59613.3331529
718,processed,202202,0203/Esg20220203_16.root,/mnt/mydisk/WCDA_observation_eval/0203/Esg20220203_16.root,/mnt/mydisk/WCDA_observation_eval/recovered_time/0203/Esg20220203_16.time.root,25435,25435,25435,False,16880,obs_events/yyyymm=202202/part-000718.parquet,59613.3332814,59613.3746374,202202,202202,3573.15938585,4,330.811542389,3242.34784346,59613.3332814,59613.3746372
719,processed,202202,0203/Esg20220203_17.root,/mnt/mydisk/WCDA_observation_eval/0203/Esg20220203_17.root,/mnt/mydisk/WCDA_observation_eval/recovered_time/0203/Esg20220203_17.time.root,25767,25767,25767,False,16977,obs_events/yyyymm=202202/part-000719.parquet,59613.374984,59613.4165263,202202,202202,3589.25136442,3,248.405249021,3340.8461154,59613.374984,59613.4165263
720,processed,202202,0203/Esg20220203_18.root,/mnt/mydisk/WCDA_observation_eval/0203/Esg20220203_18.root,/mnt/mydisk/WCDA_observation_eval/recovered_time/0203/Esg20220203_18.time.root,33248,33248,33248,False,22214,obs_events/yyyymm=202202/part-000720.parquet,59613.4170045,59613.4580393,202202,202202,3545.404858,1,82.9737767112,3462.43108129,59613.4170045,59613.4580393
721,processed,202202,0203/Esg20220203_19.root,/mnt/mydisk/WCDA_observation_eval/0203/Esg20220203_19.root,/mnt/mydisk/WCDA_observation_eval/recovered_time/0203/Esg20220203_19.time.root,64064,64064,64064,False,43479,obs_events/yyyymm=202202/part-000721.parquet,59613.4583732,59613.4998066,202202,202202,3579.85209371,5,414.993411396,3164.85868231,59613.4583732,59613.4998066
722,processed,202202,0203/Esg20220203_20.root,/mnt/mydisk/WCDA_observation_eval/0203/Esg20220203_20.root,/mnt/mydisk/WCDA_observation_eval/recovered_time/0203/Esg20220203_20.time.root,145306,145306,145306,False,97374,obs_events/yyyymm=202202/part-000722.parquet,59613.5001352,59613.5416202,202202,202202,3584.30240087,2,164.964862866,3419.337538,59613.5001352,59613.5416202
723,processed,202202,0203/Esg20220203_21.root,/mnt/mydisk/WCDA_observation_eval/0203/Esg20220203_21.root,/mnt/mydisk/WCDA_observation_eval/recovered_time/0203/Esg20220203_21.time.root,303033,303033,303033,False,191151,obs_events/yyyymm=202202/part-000723.parquet,59613.5417254,59613.5832771,202202,202202,3590.07020993,5,405.807981687,3184.26222824,59613.5417254,59613.5832771
724,processed,202202,0203/Esg20220203_22.root,/mnt/mydisk/WCDA_observation_eval/0203/Esg20220203_22.root,/mnt/mydisk/WCDA_observation_eval/recovered_time/0203/Esg20220203_22.time.root,294712,294712,294712,False,187272,obs_events/yyyymm=202202/part-000724.parquet,59613.5833617,59613.6246747,202202,202202,3569.43987336,2,162.733083707,3406.70678965,59613.5833617,59613.6246745
725,processed,202202,0203/Esg20220203_23.root,/mnt/mydisk/WCDA_observation_eval/0203/Esg20220203_23.root,/mnt/mydisk/WCDA_observation_eval/recovered_time/0203/Esg20220203_23.time.root,139443,139443,139443,False,94066,obs_events/yyyymm=202202/part-000725.parquet,59613.6250148,59613.66659,202202,202202,3592.09173324,2,167.451370577,3424.64036266,59613.6250148,59613.66659
726,processed,202202,0204/Esg20220204_00.root,/mnt/mydisk/WCDA_observation_eval/0204/Esg20220204_00.root,/mnt/mydisk/WCDA_observation_eval/recovered_time/0204/Esg20220204_00.time.root,87077,87077,87077,False,59170,obs_events/yyyymm=202202/part-000726.parquet,59613.6669611,59613.7080865,202202,202202,3553.23503329,3,252.940243157,3300.29479014,59613.6669611,59613.7080865
727,processed,202202,0204/Esg20220204_01.root,/mnt/mydisk/WCDA_observation_eval/0204/Esg20220204_01.root,/mnt/mydisk/WCDA_observation_eval/recovered_time/0204/Esg20220204_01.time.root,105185,105185,105185,False,71245,obs_events/yyyymm=202202/part-000727.parquet,59613.7084692,59613.7495676,202202,202202,3550.89557078,3,252.487275889,3298.40829489,59613.7084692,59613.7495676
728,processed,202202,0204/Esg20220204_02.root,/mnt/mydisk/WCDA_observation_eval/0204/Esg20220204_02.root,/mnt/mydisk/WCDA_observation_eval/recovered_time/0204/Esg20220204_02.time.root,199883,199883,199883,False,130960,obs_events/yyyymm=202202/part-000728.parquet,59613.7499486,59613.7914793,202202,202202,3588.24966999,5,412.900459184,3175.34921081,59613.7499486,59613.7914793
729,processed,202202,0204/Esg20220204_03.root,/mnt/mydisk/WCDA_observation_eval/0204/Esg20220204_03.root,/mnt/mydisk/WCDA_observation_eval/recovered_time/0204/Esg20220204_03.time.root,286400,286400,286400,False,181354,obs_events/yyyymm=202202/part-000729.parquet,59613.7918458,59613.8332597,202202,202202,3578.15586221,7,570.338940877,3007.81692134,59613.7918458,59613.8332597
730,processed,202202,0204/Esg20220204_04.root,/mnt/mydisk/WCDA_observation_eval/0204/Esg20220204_04.root,/mnt/mydisk/WCDA_observation_eval/recovered_time/0204/Esg20220204_04.time.root,193733,193733,193733,False,127895,obs_events/yyyymm=202202/part-000730.parquet,59613.8336056,59613.8748569,202202,202202,3564.11455083,3,246.520197135,3317.59435369,59613.8336056,59613.8748569
731,processed,202202,0204/Esg20220204_05.root,/mnt/mydisk/WCDA_observation_eval/0204/Esg20220204_05.root,/mnt/mydisk/WCDA_observation_eval/recovered_time/0204/Esg20220204_05.time.root,97745,97745,97745,False,66249,obs_events/yyyymm=202202/part-000731.parquet,59613.8752197,59613.9163603,202202,202202,3554.55194113,2,166.110958415,3388.44098272,59613.8752197,59613.9163603
732,processed,202202,0204/Esg20220204_06.root,/mnt/mydisk/WCDA_observation_eval/0204/Esg20220204_06.root,/mnt/mydisk/WCDA_observation_eval/recovered_time/0204/Esg20220204_06.time.root,50617,50617,50617,False,34227,obs_events/yyyymm=202202/part-000732.parquet,59613.9167158,59613.9580172,202202,202202,3568.44807754,0,0,3568.44807754,59613.9167158,59613.9580172
733,processed,202202,0204/Esg20220204_07.root,/mnt/mydisk/WCDA_observation_eval/0204/Esg20220204_07.root,/mnt/mydisk/WCDA_observation_eval/recovered_time/0204/Esg20220204_07.time.root,29774,29774,29774,False,19896,obs_events/yyyymm=202202/part-000733.parquet,59613.9583857,59613.9998595,202202,202202,3583.33957794,2,169.692602637,3413.6469753,59613.9583857,59613.9998595
734,processed,202202,0204/Esg20220204_08.root,/mnt/mydisk/WCDA_observation_eval/0204/Esg20220204_08.root,/mnt/mydisk/WCDA_observation_eval/recovered_time/0204/Esg20220204_08.time.root,24723,24723,24723,False,16454,obs_events/yyyymm=202202/part-000734.parquet,59614.0002514,59614.0414541,202202,202202,3559.91495771,2,170.25700123,3389.65795648,59614.0002514,59614.0414541
735,processed,202202,0204/Esg20220204_09.root,/mnt/mydisk/WCDA_observation_eval/0204/Esg20220204_09.root,/mnt/mydisk/WCDA_observation_eval/recovered_time/0204/Esg20220204_09.time.root,24315,24315,24315,False,16034,obs_events/yyyymm=202202/part-000735.parquet,59614.041856,59614.0832126,202202,202202,3573.21097667,4,342.254113848,3230.95686282,59614.041856,59614.0832126
736,processed,202202,0204/Esg20220204_10.root,/mnt/mydisk/WCDA_observation_eval/0204/Esg20220204_10.root,/mnt/mydisk/WCDA_observation_eval/recovered_time/0204/Esg20220204_10.time.root,24218,24218,24218,False,16023,obs_events/yyyymm=202202/part-000736.parquet,59614.0836155,59614.1249224,202202,202202,3568.91308771,4,341.914684488,3226.99840323,59614.0836155,59614.1249224
737,processed,202202,0204/Esg20220204_11.root,/mnt/mydisk/WCDA_observation_eval/0204/Esg20220204_11.root,/mnt/mydisk/WCDA_observation_eval/recovered_time/0204/Esg20220204_11.time.root,21170,21170,21170,False,14009,obs_events/yyyymm=202202/part-000737.parquet,59614.1253144,59614.1616483,202202,202202,3139.2511291,6,512.705481355,2626.54564774,59614.1253144,59614.1616481
738,processed,202202,0204/Esg20220204_14.root,/mnt/mydisk/WCDA_observation_eval/0204/Esg20220204_14.root,/mnt/mydisk/WCDA_observation_eval/recovered_time/0204/Esg20220204_14.time.root,10876,10876,10876,False,7159,obs_events/yyyymm=202202/part-000738.parquet,59614.2727324,59614.2915138,202202,202202,1622.71635483,3,296.386862383,1326.32949245,59614.2727324,59614.2915138
739,processed,202202,0204/Esg20220204_15.root,/mnt/mydisk/WCDA_observation_eval/0204/Esg20220204_15.root,/mnt/mydisk/WCDA_observation_eval/recovered_time/0204/Esg20220204_15.time.root,25047,25047,25047,False,16488,obs_events/yyyymm=202202/part-000739.parquet,59614.291916,59614.3331851,202202,202202,3565.65225623,3,253.033498535,3312.61875769,59614.291916,59614.3331851
740,processed,202202,0204/Esg20220204_16.root,/mnt/mydisk/WCDA_observation_eval/0204/Esg20220204_16.root,/mnt/mydisk/WCDA_observation_eval/recovered_time/0204/Esg20220204_16.time.root,25262,25262,25262,False,16630,obs_events/yyyymm=202202/part-000740.parquet,59614.333594,59614.3749228,202202,202202,3570.81083441,3,253.869644925,3316.94118949,59614.333594,59614.3749226
741,processed,202202,0204/Esg20220204_17.root,/mnt/mydisk/WCDA_observation_eval/0204/Esg20220204_17.root,/mnt/mydisk/WCDA_observation_eval/recovered_time/0204/Esg20220204_17.time.root,24848,24848,24848,False,16355,obs_events/yyyymm=202202/part-000741.parquet,59614.3753405,59614.4162115,202202,202202,3531.25469272,3,253.849422117,3277.40527061,59614.3753405,59614.4162112
742,processed,202202,0204/Esg20220204_18.root,/mnt/mydisk/WCDA_observation_eval/0204/Esg20220204_18.root,/mnt/mydisk/WCDA_observation_eval/recovered_time/0204/Esg20220204_18.time.root,33873,33873,33873,False,22511,obs_events/yyyymm=202202/part-000742.parquet,59614.4166278,59614.4581407,202202,202202,3586.71223177,2,169.557357696,3417.15487407,59614.4166278,59614.4581407
743,processed,202202,0204/Esg20220204_19.root,/mnt/mydisk/WCDA_observation_eval/0204/Esg20220204_19.root,/mnt/mydisk/WCDA_observation_eval/recovered_time/0204/Esg20220204_19.time.root,67058,67058,67058,False,45108,obs_events/yyyymm=202202/part-000743.parquet,59614.4585468,59614.4997643,202202,202202,3561.19297331,4,339.39569355,3221.79727976,59614.4585468,59614.4997643
744,processed,202202,0204/Esg20220204_20.root,/mnt/mydisk/WCDA_observation_eval/0204/Esg20220204_20.root,/mnt/mydisk/WCDA_observation_eval/recovered_time/0204/Esg20220204_20.time.root,153573,153573,153573,False,102502,obs_events/yyyymm=202202/part-000744.parquet,59614.5001671,59614.541587,202202,202202,3578.67629353,2,169.072215236,3409.6040783,59614.5001671,59614.541587
745,processed,202202,0204/Esg20220204_21.root,/mnt/mydisk/WCDA_observation_eval/0204/Esg20220204_21.root,/mnt/mydisk/WCDA_observation_eval/recovered_time/0204/Esg20220204_21.time.root,308927,308927,308927,False,194128,obs_events/yyyymm=202202/part-000745.parquet,59614.5419859,59614.5831379,202202,202202,3555.53507237,5,416.34379949,3139.19127288,59614.5419859,59614.5831379
746,processed,202202,0204/Esg20220204_22.root,/mnt/mydisk/WCDA_observation_eval/0204/Esg20220204_22.root,/mnt/mydisk/WCDA_observation_eval/recovered_time/0204/Esg20220204_22.time.root,279249,279249,279249,False,177959,obs_events/yyyymm=202202/part-000746.parquet,59614.5835123,59614.6246879,202202,202202,3557.57712212,3,293.390483921,3264.1866382,59614.5835123,59614.6246879
747,processed,202202,0204/Esg20220204_23.root,/mnt/mydisk/WCDA_observation_eval/0204/Esg20220204_23.root,/mnt/mydisk/WCDA_observation_eval/recovered_time/0204/Esg20220204_23.time.root,130537,130537,130537,False,88252,obs_events/yyyymm=202202/part-000747.parquet,59614.625088,59614.666584,202202,202202,3585.25236303,5,422.698615026,3162.553748,59614.625088,59614.666584
748,processed,202202,0205/Esg20220205_00.root,/mnt/mydisk/WCDA_observation_eval/0205/Esg20220205_00.root,/mnt/mydisk/WCDA_observation_eval/recovered_time/0205/Esg20220205_00.time.root,84550,84550,84550,False,57494,obs_events/yyyymm=202202/part-000748.parquet,59614.6669819,59614.7082297,202202,202202,3563.80956669,8,677.537371824,2886.27219487,59614.6669819,59614.7082297
749,processed,202202,0205/Esg20220205_01.root,/mnt/mydisk/WCDA_observation_eval/0205/Esg20220205_01.root,/mnt/mydisk/WCDA_observation_eval/recovered_time/0205/Esg20220205_01.time.root,106303,106303,106303,False,71947,obs_events/yyyymm=202202/part-000749.parquet,59614.7083008,59614.7496053,202202,202202,3568.70555452,4,338.184659835,3230.52089468,59614.7083008,59614.7496053
750,processed,202202,0205/Esg20220205_02.root,/mnt/mydisk/WCDA_observation_eval/0205/Esg20220205_02.root,/mnt/mydisk/WCDA_observation_eval/recovered_time/0205/Esg20220205_02.time.root,210215,210215,210215,False,136717,obs_events/yyyymm=202202/part-000750.parquet,59614.7500026,59614.7915414,202202,202202,3588.95273586,3,250.291218096,3338.66151776,59614.7500026,59614.7915414
751,processed,202202,0205/Esg20220205_03.root,/mnt/mydisk/WCDA_observation_eval/0205/Esg20220205_03.root,/mnt/mydisk/WCDA_observation_eval/recovered_time/0205/Esg20220205_03.time.root,288881,288881,288881,False,183191,obs_events/yyyymm=202202/part-000751.parquet,59614.7918972,59614.8332029,202202,202202,3568.80493665,3,247.716927971,3321.08800868,59614.7918972,59614.8332028
752,processed,202202,0205/Esg20220205_04.root,/mnt/mydisk/WCDA_observation_eval/0205/Esg20220205_04.root,/mnt/mydisk/WCDA_observation_eval/recovered_time/0205/Esg20220205_04.time.root,178916,178916,178916,False,118240,obs_events/yyyymm=202202/part-000752.parquet,59614.8332765,59614.8749421,202202,202202,3599.90530042,4,426.703973254,3173.20132717,59614.8332765,59614.8749421
753,processed,202202,0205/Esg20220205_05.root,/mnt/mydisk/WCDA_observation_eval/0205/Esg20220205_05.root,/mnt/mydisk/WCDA_observation_eval/recovered_time/0205/Esg20220205_05.time.root,92056,92056,92056,False,62342,obs_events/yyyymm=202202/part-000753.parquet,59614.8754149,59614.9163164,202202,202202,3533.88775655,5,419.443628658,3114.44412789,59614.8754149,59614.9163164
754,processed,202202,0205/Esg20220205_06.root,/mnt/mydisk/WCDA_observation_eval/0205/Esg20220205_06.root,/mnt/mydisk/WCDA_observation_eval/recovered_time/0205/Esg20220205_06.time.root,45904,45904,45904,False,31124,obs_events/yyyymm=202202/part-000754.parquet,59614.9167889,59614.9579896,202202,202202,3559.73857439,9,757.15327221,2802.58530218,59614.9167889,59614.9579896
755,processed,202202,0205/Esg20220205_07.root,/mnt/mydisk/WCDA_observation_eval/0205/Esg20220205_07.root,/mnt/mydisk/WCDA_observation_eval/recovered_time/0205/Esg20220205_07.time.root,28315,28315,28315,False,18886,obs_events/yyyymm=202202/part-000755.parquet,59614.958463,59614.9997092,202202,202202,3563.67509309,4,337.727315328,3225.94777776,59614.958463,59614.9997092
756,processed,202202,0205/Esg20220205_08.root,/mnt/mydisk/WCDA_observation_eval/0205/Esg20220205_08.root,/mnt/mydisk/WCDA_observation_eval/recovered_time/0205/Esg20220205_08.time.root,24487,24487,24487,False,16180,obs_events/yyyymm=202202/part-000756.parquet,59615.0001949,59615.041365,202202,202202,3557.0960344,5,421.740255458,3135.35577895,59615.000195,59615.041365
757,processed,202202,0205/Esg20220205_09.root,/mnt/mydisk/WCDA_observation_eval/0205/Esg20220205_09.root,/mnt/mydisk/WCDA_observation_eval/recovered_time/0205/Esg20220205_09.time.root,24761,24761,24761,False,16390,obs_events/yyyymm=202202/part-000757.parquet,59615.0418472,59615.0828593,202202,202202,3543.43740048,5,420.099179191,3123.33822129,59615.0418472,59615.0828592
758,processed,202202,0205/Esg20220205_10.root,/mnt/mydisk/WCDA_observation_eval/0205/Esg20220205_10.root,/mnt/mydisk/WCDA_observation_eval/recovered_time/0205/Esg20220205_10.time.root,24960,24960,24960,False,16470,obs_events/yyyymm=202202/part-000758.parquet,59615.0833373,59615.1247669,202202,202202,3579.52219017,4,336.06998676,3243.45220341,59615.0833373,59615.1247669
759,processed,202202,0205/Esg20220205_11.root,/mnt/mydisk/WCDA_observation_eval/0205/Esg20220205_11.root,/mnt/mydisk/WCDA_observation_eval/recovered_time/0205/Esg20220205_11.time.root,20319,20319,20319,False,13359,obs_events/yyyymm=202202/part-000759.parquet,59615.1252505,59615.1587884,202202,202202,2897.67739666,2,167.433143081,2730.24425358,59615.1252505,59615.1587884
760,processed,202202,0205/Esg20220205_14.root,/mnt/mydisk/WCDA_observation_eval/0205/Esg20220205_14.root,/mnt/mydisk/WCDA_observation_eval/recovered_time/0205/Esg20220205_14.time.root,13047,13047,13047,False,8567,obs_events/yyyymm=202202/part-000760.parquet,59615.2695046,59615.2914238,202202,202202,1893.8108705,2,246.313975286,1647.49689521,59615.2695046,59615.2914237
761,processed,202202,0205/Esg20220205_15.root,/mnt/mydisk/WCDA_observation_eval/0205/Esg20220205_15.root,/mnt/mydisk/WCDA_observation_eval/recovered_time/0205/Esg20220205_15.time.root,26006,26006,26006,False,17227,obs_events/yyyymm=202202/part-000761.parquet,59615.2918759,59615.3331909,202202,202202,3569.61705694,3,244.883128465,3324.73392847,59615.2918759,59615.3331909
762,processed,202202,0205/Esg20220205_16.root,/mnt/mydisk/WCDA_observation_eval/0205/Esg20220205_16.root,/mnt/mydisk/WCDA_observation_eval/recovered_time/0205/Esg20220205_16.time.root,25618,25618,25618,False,17057,obs_events/yyyymm=202202/part-000762.parquet,59615.3336563,59615.3745889,202202,202202,3536.5790308,4,327.637532121,3208.94149868,59615.3336563,59615.3745889
763,processed,202202,0205/Esg20220205_17.root,/mnt/mydisk/WCDA_observation_eval/0205/Esg20220205_17.root,/mnt/mydisk/WCDA_observation_eval/recovered_time/0205/Esg20220205_17.time.root,25615,25615,25615,False,16865,obs_events/yyyymm=202202/part-000763.parquet,59615.3750616,59615.416151,202202,202202,3550.12724174,5,411.370121478,3138.75712026,59615.3750616,59615.416151
764,processed,202202,0205/Esg20220205_18.root,/mnt/mydisk/WCDA_observation_eval/0205/Esg20220205_18.root,/mnt/mydisk/WCDA_observation_eval/recovered_time/0205/Esg20220205_18.time.root,35942,35942,35942,False,24076,obs_events/yyyymm=202202/part-000764.parquet,59615.4166142,59615.4579794,202202,202202,3573.95304856,3,247.987001692,3325.96604687,59615.4166142,59615.4579794
765,processed,202202,0205/Esg20220205_19.root,/mnt/mydisk/WCDA_observation_eval/0205/Esg20220205_19.root,/mnt/mydisk/WCDA_observation_eval/recovered_time/0205/Esg20220205_19.time.root,70489,70489,70489,False,47665,obs_events/yyyymm=202202/part-000765.parquet,59615.4584522,59615.4995947,202202,202202,3554.71363685,7,578.993621352,2975.72001549,59615.4584522,59615.4995947
766,processed,202202,0205/Esg20220205_20.root,/mnt/mydisk/WCDA_observation_eval/0205/Esg20220205_20.root,/mnt/mydisk/WCDA_observation_eval/recovered_time/0205/Esg20220205_20.time.root,160145,160145,160145,False,106806,obs_events/yyyymm=202202/part-000766.parquet,59615.5000594,59615.5414693,202202,202202,3577.81747892,7,577.234451403,3000.58302751,59615.5000594,59615.5414693
767,processed,202202,0205/Esg20220205_21.root,/mnt/mydisk/WCDA_observation_eval/0205/Esg20220205_21.root,/mnt/mydisk/WCDA_observation_eval/recovered_time/0205/Esg20220205_21.time.root,320949,320949,320949,False,201165,obs_events/yyyymm=202202/part-000767.parquet,59615.5419184,59615.5829813,202202,202202,3547.82936017,4,364.495112328,3183.33424784,59615.5419184,59615.5829813
768,processed,202202,0205/Esg20220205_22.root,/mnt/mydisk/WCDA_observation_eval/0205/Esg20220205_22.root,/mnt/mydisk/WCDA_observation_eval/recovered_time/0205/Esg20220205_22.time.root,271659,271659,271659,False,173704,obs_events/yyyymm=202202/part-000768.parquet,59615.5834124,59615.6245295,202202,202202,3552.51919592,5,451.827823604,3100.69137232,59615.5834124,59615.6245295
769,processed,202202,0205/Esg20220205_23.root,/mnt/mydisk/WCDA_observation_eval/0205/Esg20220205_23.root,/mnt/mydisk/WCDA_observation_eval/recovered_time/0205/Esg20220205_23.time.root,128057,128057,128057,False,87009,obs_events/yyyymm=202202/part-000769.parquet,59615.6249835,59615.6665501,202202,202202,3591.3557705,4,331.765895616,3259.58987488,59615.6249835,59615.6665501
770,processed,202202,0206/Esg20220206_00.root,/mnt/mydisk/WCDA_observation_eval/0206/Esg20220206_00.root,/mnt/mydisk/WCDA_observation_eval/recovered_time/0206/Esg20220206_00.time.root,87552,87552,87552,False,59378,obs_events/yyyymm=202202/part-000770.parquet,59615.6670203,59615.7079817,202202,202202,3539.06980951,4,332.467299979,3206.60250953,59615.6670203,59615.7079817
771,processed,202202,0206/Esg20220206_01.root,/mnt/mydisk/WCDA_observation_eval/0206/Esg20220206_01.root,/mnt/mydisk/WCDA_observation_eval/recovered_time/0206/Esg20220206_01.time.root,113856,113856,113856,False,77152,obs_events/yyyymm=202202/part-000771.parquet,59615.7084485,59615.7497933,202202,202202,3572.19315378,4,330.735552055,3241.45760173,59615.7084485,59615.7497933
772,processed,202202,0206/Esg20220206_02.root,/mnt/mydisk/WCDA_observation_eval/0206/Esg20220206_02.root,/mnt/mydisk/WCDA_observation_eval/recovered_time/0206/Esg20220206_02.time.root,222012,222012,222012,False,144698,obs_events/yyyymm=202202/part-000772.parquet,59615.7502441,59615.7915006,202202,202202,3564.55737369,5,449.186357344,3115.37101634,59615.7502441,59615.7915005
773,processed,202202,0206/Esg20220206_03.root,/mnt/mydisk/WCDA_observation_eval/0206/Esg20220206_03.root,/mnt/mydisk/WCDA_observation_eval/recovered_time/0206/Esg20220206_03.time.root,284761,284761,284761,False,180108,obs_events/yyyymm=202202/part-000773.parquet,59615.7919274,59615.8331227,202202,202202,3559.26943717,8,642.946903012,2916.32253416,59615.7919274,59615.8331226
774,processed,202202,0206/Esg20220206_04.root,/mnt/mydisk/WCDA_observation_eval/0206/Esg20220206_04.root,/mnt/mydisk/WCDA_observation_eval/recovered_time/0206/Esg20220206_04.time.root,181163,181163,181163,False,120137,obs_events/yyyymm=202202/part-000774.parquet,59615.8335564,59615.8746155,202202,202202,3547.50684318,3,243.441724218,3304.06511896,59615.8335564,59615.8746155
775,processed,202202,0206/Esg20220206_05.root,/mnt/mydisk/WCDA_observation_eval/0206/Esg20220206_05.root,/mnt/mydisk/WCDA_observation_eval/recovered_time/0206/Esg20220206_05.time.root,91160,91160,91160,False,61629,obs_events/yyyymm=202202/part-000775.parquet,59615.8750741,59615.9163536,202202,202202,3566.5473209,4,327.817347832,3238.72997307,59615.8750741,59615.9163536
776,processed,202202,0206/Esg20220206_06.root,/mnt/mydisk/WCDA_observation_eval/0206/Esg20220206_06.root,/mnt/mydisk/WCDA_observation_eval/recovered_time/0206/Esg20220206_06.time.root,46574,46574,46574,False,31366,obs_events/yyyymm=202202/part-000776.parquet,59615.9168229,59615.9580217,202202,202202,3559.57351355,6,492.734502372,3066.83901118,59615.9168229,59615.9580217
777,processed,202202,0206/Esg20220206_07.root,/mnt/mydisk/WCDA_observation_eval/0206/Esg20220206_07.root,/mnt/mydisk/WCDA_observation_eval/recovered_time/0206/Esg20220206_07.time.root,27827,27827,27827,False,18637,obs_events/yyyymm=202202/part-000777.parquet,59615.9584875,59615.9998306,202202,202202,3572.03996109,7,578.125759936,2993.91420116,59615.9584875,59615.9998306
778,processed,202202,0206/Esg20220206_08.root,/mnt/mydisk/WCDA_observation_eval/0206/Esg20220206_08.root,/mnt/mydisk/WCDA_observation_eval/recovered_time/0206/Esg20220206_08.time.root,24558,24558,24558,False,16126,obs_events/yyyymm=202202/part-000778.parquet,59616.000301,59616.041267,202202,202202,3539.45957178,7,581.559538585,2957.90003319,59616.000301,59616.041267
779,processed,202202,0206/Esg20220206_09.root,/mnt/mydisk/WCDA_observation_eval/0206/Esg20220206_09.root,/mnt/mydisk/WCDA_observation_eval/recovered_time/0206/Esg20220206_09.time.root,25249,25249,25249,False,16669,obs_events/yyyymm=202202/part-000779.parquet,59616.0417439,59616.0828088,202202,202202,3548.00706112,2,166.580576543,3381.42648458,59616.0417439,59616.0828088
780,processed,202202,0206/Esg20220206_10.root,/mnt/mydisk/WCDA_observation_eval/0206/Esg20220206_10.root,/mnt/mydisk/WCDA_observation_eval/recovered_time/0206/Esg20220206_10.time.root,25231,25231,25231,False,16766,obs_events/yyyymm=202202/part-000780.parquet,59616.0832905,59616.1248433,202202,202202,3590.16033718,4,332.667825068,3257.49251212,59616.0832905,59616.1248433
781,processed,202202,0206/Esg20220206_11.root,/mnt/mydisk/WCDA_observation_eval/0206/Esg20220206_11.root,/mnt/mydisk/WCDA_observation_eval/recovered_time/0206/Esg20220206_11.time.root,18265,18265,18265,False,12193,obs_events/yyyymm=202202/part-000781.parquet,59616.1253168,59616.1580542,202202,202202,2828.50725094,8,829.541307455,1998.96594349,59616.1253168,59616.1580542
782,processed,202202,0206/Esg20220206_14.root,/mnt/mydisk/WCDA_observation_eval/0206/Esg20220206_14.root,/mnt/mydisk/WCDA_observation_eval/recovered_time/0206/Esg20220206_14.time.root,14517,14517,14517,False,9683,obs_events/yyyymm=202202/part-000782.parquet,59616.2680507,59616.2912587,202202,202202,2005.17047443,3,244.262305414,1760.90816902,59616.2680507,59616.2912587
783,processed,202202,0206/Esg20220206_15.root,/mnt/mydisk/WCDA_observation_eval/0206/Esg20220206_15.root,/mnt/mydisk/WCDA_observation_eval/recovered_time/0206/Esg20220206_15.time.root,25835,25835,25835,False,17133,obs_events/yyyymm=202202/part-000783.parquet,59616.2916954,59616.3332744,202202,202202,3592.42579148,5,406.898976071,3185.52681541,59616.2916954,59616.3332744
784,processed,202202,0206/Esg20220206_16.root,/mnt/mydisk/WCDA_observation_eval/0206/Esg20220206_16.root,/mnt/mydisk/WCDA_observation_eval/recovered_time/0206/Esg20220206_16.time.root,25633,25633,25633,False,16964,obs_events/yyyymm=202202/part-000784.parquet,59616.3332941,59616.3748734,202202,202202,3592.44706475,7,569.408152951,3023.0389118,59616.3332941,59616.3748734
785,processed,202202,0206/Esg20220206_17.root,/mnt/mydisk/WCDA_observation_eval/0206/Esg20220206_17.root,/mnt/mydisk/WCDA_observation_eval/recovered_time/0206/Esg20220206_17.time.root,26504,26504,26504,False,17437,obs_events/yyyymm=202202/part-000785.parquet,59616.3753134,59616.4165388,202202,202202,3561.87162269,3,244.401034294,3317.4705884,59616.3753134,59616.4165388
786,processed,202202,0206/Esg20220206_18.root,/mnt/mydisk/WCDA_observation_eval/0206/Esg20220206_18.root,/mnt/mydisk/WCDA_observation_eval/recovered_time/0206/Esg20220206_18.time.root,37157,37157,37157,False,24761,obs_events/yyyymm=202202/part-000786.parquet,59616.4169803,59616.4579856,202202,202202,3542.85155637,3,245.388211473,3297.4633449,59616.4169803,59616.4579856
787,processed,202202,0206/Esg20220206_19.root,/mnt/mydisk/WCDA_observation_eval/0206/Esg20220206_19.root,/mnt/mydisk/WCDA_observation_eval/recovered_time/0206/Esg20220206_19.time.root,76449,76449,76449,False,51331,obs_events/yyyymm=202202/part-000787.parquet,59616.4584313,59616.4998742,202202,202202,3580.67273588,4,330.084359273,3250.58837661,59616.4584313,59616.4998742
788,processed,202202,0206/Esg20220206_20.root,/mnt/mydisk/WCDA_observation_eval/0206/Esg20220206_20.root,/mnt/mydisk/WCDA_observation_eval/recovered_time/0206/Esg20220206_20.time.root,173154,173154,173154,False,114661,obs_events/yyyymm=202202/part-000788.parquet,59616.500315,59616.5416407,202202,202202,3570.53893134,2,164.49508192,3406.04384942,59616.5003151,59616.5416407
789,processed,202202,0206/Esg20220206_21.root,/mnt/mydisk/WCDA_observation_eval/0206/Esg20220206_21.root,/mnt/mydisk/WCDA_observation_eval/recovered_time/0206/Esg20220206_21.time.root,333259,333259,333259,False,208292,obs_events/yyyymm=202202/part-000789.parquet,59616.5420729,59616.583251,202202,202202,3557.7884058,2,161.552187754,3396.23621805,59616.5420729,59616.583251
790,processed,202202,0206/Esg20220206_22.root,/mnt/mydisk/WCDA_observation_eval/0206/Esg20220206_22.root,/mnt/mydisk/WCDA_observation_eval/recovered_time/0206/Esg20220206_22.time.root,258160,258160,258160,False,165874,obs_events/yyyymm=202202/part-000790.parquet,59616.5836683,59616.6245189,202202,202202,3529.49008187,2,163.628336345,3365.86174553,59616.5836683,59616.6245187
791,processed,202202,0206/Esg20220206_23.root,/mnt/mydisk/WCDA_observation_eval/0206/Esg20220206_23.root,/mnt/mydisk/WCDA_observation_eval/recovered_time/0206/Esg20220206_23.time.root,119504,119504,119504,False,81147,obs_events/yyyymm=202202/part-000791.parquet,59616.6249542,59616.6664978,202202,202202,3589.3729609,4,334.682097612,3254.69086329,59616.6249542,59616.6664978
792,processed,202202,0207/Esg20220207_00.root,/mnt/mydisk/WCDA_observation_eval/0207/Esg20220207_00.root,/mnt/mydisk/WCDA_observation_eval/recovered_time/0207/Esg20220207_00.time.root,86267,86267,86267,False,59037,obs_events/yyyymm=202202/part-000792.parquet,59616.6669481,59616.7082021,202202,202202,3564.33764419,3,297.130954731,3267.20668946,59616.6669482,59616.7082021
793,processed,202202,0207/Esg20220207_01.root,/mnt/mydisk/WCDA_observation_eval/0207/Esg20220207_01.root,/mnt/mydisk/WCDA_observation_eval/recovered_time/0207/Esg20220207_01.time.root,115061,115061,115061,False,78047,obs_events/yyyymm=202202/part-000793.parquet,59616.7086627,59616.7499686,202202,202202,3568.82800029,3,253.579653287,3315.248347,59616.7086628,59616.7499686
794,processed,202202,0207/Esg20220207_02.root,/mnt/mydisk/WCDA_observation_eval/0207/Esg20220207_02.root,/mnt/mydisk/WCDA_observation_eval/recovered_time/0207/Esg20220207_02.time.root,228268,228268,228268,False,148404,obs_events/yyyymm=202202/part-000794.parquet,59616.7499953,59616.7912985,202202,202202,3568.60111244,5,417.027742672,3151.57336977,59616.7499953,59616.7912984
795,processed,202202,0207/Esg20220207_03.root,/mnt/mydisk/WCDA_observation_eval/0207/Esg20220207_03.root,/mnt/mydisk/WCDA_observation_eval/recovered_time/0207/Esg20220207_03.time.root,287089,287089,287089,False,182996,obs_events/yyyymm=202202/part-000795.parquet,59616.791704,59616.8330735,202202,202202,3574.32774541,3,247.741628601,3326.5861168,59616.791704,59616.8330735
796,processed,202202,0207/Esg20220207_04.root,/mnt/mydisk/WCDA_observation_eval/0207/Esg20220207_04.root,/mnt/mydisk/WCDA_observation_eval/recovered_time/0207/Esg20220207_04.time.root,170360,170360,170360,False,113753,obs_events/yyyymm=202202/part-000796.parquet,59616.8334757,59616.8746764,202202,202202,3559.73540414,3,250.273051579,3309.46235256,59616.8334757,59616.8746764
797,processed,202202,0207/Esg20220207_05.root,/mnt/mydisk/WCDA_observation_eval/0207/Esg20220207_05.root,/mnt/mydisk/WCDA_observation_eval/recovered_time/0207/Esg20220207_05.time.root,86317,86317,86317,False,58598,obs_events/yyyymm=202202/part-000797.parquet,59616.8751026,59616.9162693,202202,202202,3556.8094739,1,84.1346868547,3472.67478704,59616.8751026,59616.9162693
798,processed,202202,0207/Esg20220207_06.root,/mnt/mydisk/WCDA_observation_eval/0207/Esg20220207_06.root,/mnt/mydisk/WCDA_observation_eval/recovered_time/0207/Esg20220207_06.time.root,44530,44530,44530,False,30309,obs_events/yyyymm=202202/part-000798.parquet,59616.9167014,59616.9578831,202202,202202,3558.09352761,2,169.955032691,3388.13849492,59616.9167014,59616.9578831
799,processed,202202,0207/Esg20220207_07.root,/mnt/mydisk/WCDA_observation_eval/0207/Esg20220207_07.root,/mnt/mydisk/WCDA_observation_eval/recovered_time/0207/Esg20220207_07.time.root,26999,26999,26999,False,17925,obs_events/yyyymm=202202/part-000799.parquet,59616.9583185,59616.9995627,202202,202202,3563.4961644,5,427.584517538,3135.91164686,59616.9583185,59616.9995624
800,processed,202202,0207/Esg20220207_08.root,/mnt/mydisk/WCDA_observation_eval/0207/Esg20220207_08.root,/mnt/mydisk/WCDA_observation_eval/recovered_time/0207/Esg20220207_08.time.root,24370,24370,24370,False,16173,obs_events/yyyymm=202202/part-000800.parquet,59616.9999935,59617.0414664,202202,202202,3583.25306601,4,343.384827138,3239.86823887,59616.9999935,59617.0414662
801,processed,202202,0207/Esg20220207_09.root,/mnt/mydisk/WCDA_observation_eval/0207/Esg20220207_09.root,/mnt/mydisk/WCDA_observation_eval/recovered_time/0207/Esg20220207_09.time.root,913,913,913,False,620,obs_events/yyyymm=202202/part-000801.parquet,59617.0419083,59617.0647483,202202,202202,1973.37075127,1,1924.94529225,48.4254590236,59617.0419084,59617.0647483
802,processed,202202,0207/Esg20220207_10.root,/mnt/mydisk/WCDA_observation_eval/0207/Esg20220207_10.root,/mnt/mydisk/WCDA_observation_eval/recovered_time/0207/Esg20220207_10.time.root,6747,6747,6747,False,4525,obs_events/yyyymm=202202/part-000802.parquet,59617.1101773,59617.1208603,202202,202202,923.008277477,3,240.630702954,682.377574523,59617.1101773,59617.1208603
803,processed,202202,0207/Esg20220207_14.root,/mnt/mydisk/WCDA_observation_eval/0207/Esg20220207_14.root,/mnt/mydisk/WCDA_observation_eval/recovered_time/0207/Esg20220207_14.time.root,16818,16818,16818,False,11172,obs_events/yyyymm=202202/part-000803.parquet,59617.2656917,59617.291266,202202,202202,2209.62384457,0,0,2209.62384457,59617.2656917,59617.291266
804,processed,202202,0207/Esg20220207_15.root,/mnt/mydisk/WCDA_observation_eval/0207/Esg20220207_15.root,/mnt/mydisk/WCDA_observation_eval/recovered_time/0207/Esg20220207_15.time.root,25721,25721,25721,False,17046,obs_events/yyyymm=202202/part-000804.parquet,59617.2917154,59617.3332226,202202,202202,3586.22303205,8,628.449139791,2957.77389226,59617.2917154,59617.3332226
805,processed,202202,0207/Esg20220207_16.root,/mnt/mydisk/WCDA_observation_eval/0207/Esg20220207_16.root,/mnt/mydisk/WCDA_observation_eval/recovered_time/0207/Esg20220207_16.time.root,25873,25873,25873,False,17060,obs_events/yyyymm=202202/part-000805.parquet,59617.3336706,59617.374793,202202,202202,3552.97619468,6,510.70210319,3042.27409149,59617.3336706,59617.374793
806,processed,202202,0207/Esg20220207_17.root,/mnt/mydisk/WCDA_observation_eval/0207/Esg20220207_17.root,/mnt/mydisk/WCDA_observation_eval/recovered_time/0207/Esg20220207_17.time.root,26862,26862,26862,False,17738,obs_events/yyyymm=202202/part-000806.parquet,59617.3752301,59617.4165175,202202,202202,3567.23502462,5,394.877324067,3172.35770056,59617.3752301,59617.4165175
807,processed,202202,0207/Esg20220207_18.root,/mnt/mydisk/WCDA_observation_eval/0207/Esg20220207_18.root,/mnt/mydisk/WCDA_observation_eval/recovered_time/0207/Esg20220207_18.time.root,38552,38552,38552,False,25887,obs_events/yyyymm=202202/part-000807.parquet,59617.4169604,59617.4581458,202202,202202,3558.42052619,6,476.266418793,3082.1541074,59617.4169604,59617.4581458
808,processed,202202,0207/Esg20220207_19.root,/mnt/mydisk/WCDA_observation_eval/0207/Esg20220207_19.root,/mnt/mydisk/WCDA_observation_eval/recovered_time/0207/Esg20220207_19.time.root,80442,80442,80442,False,54596,obs_events/yyyymm=202202/part-000808.parquet,59617.4585999,59617.499642,202202,202202,3546.03609829,2,159.118084959,3386.91801333,59617.4585999,59617.499642
809,processed,202202,0207/Esg20220207_20.root,/mnt/mydisk/WCDA_observation_eval/0207/Esg20220207_20.root,/mnt/mydisk/WCDA_observation_eval/recovered_time/0207/Esg20220207_20.time.root,180873,180873,180873,False,119777,obs_events/yyyymm=202202/part-000809.parquet,59617.5000888,59617.541259,202202,202202,3557.10738203,6,473.408091534,3083.6992905,59617.5000888,59617.541259
810,processed,202202,0207/Esg20220207_21.root,/mnt/mydisk/WCDA_observation_eval/0207/Esg20220207_21.root,/mnt/mydisk/WCDA_observation_eval/recovered_time/0207/Esg20220207_21.time.root,341491,341491,341491,False,215251,obs_events/yyyymm=202202/part-000810.parquet,59617.5416864,59617.5830862,202202,202202,3576.94919945,6,464.415095653,3112.5341038,59617.5416864,59617.5830862
811,processed,202202,0207/Esg20220207_22.root,/mnt/mydisk/WCDA_observation_eval/0207/Esg20220207_22.root,/mnt/mydisk/WCDA_observation_eval/recovered_time/0207/Esg20220207_22.time.root,250733,250733,250733,False,162702,obs_events/yyyymm=202202/part-000811.parquet,59617.5834912,59617.6245318,202202,202202,3545.91029556,6,473.714916338,3072.19537923,59617.5834912,59617.6245318
812,processed,202202,0207/Esg20220207_23.root,/mnt/mydisk/WCDA_observation_eval/0207/Esg20220207_23.root,/mnt/mydisk/WCDA_observation_eval/recovered_time/0207/Esg20220207_23.time.root,115371,115371,115371,False,78587,obs_events/yyyymm=202202/part-000812.parquet,59617.6249491,59617.6665439,202202,202202,3593.79709011,8,642.315116432,2951.48197368,59617.6249491,59617.6665439
813,processed,202202,0208/Esg20220208_00.root,/mnt/mydisk/WCDA_observation_eval/0208/Esg20220208_00.root,/mnt/mydisk/WCDA_observation_eval/recovered_time/0208/Esg20220208_00.time.root,87065,87065,87065,False,59149,obs_events/yyyymm=202202/part-000813.parquet,59617.6669616,59617.7080855,202202,202202,3553.10947008,4,322.142967652,3230.96650243,59617.6669616,59617.7080855
814,processed,202202,0208/Esg20220208_01.root,/mnt/mydisk/WCDA_observation_eval/0208/Esg20220208_01.root,/mnt/mydisk/WCDA_observation_eval/recovered_time/0208/Esg20220208_01.time.root,121431,121431,121431,False,82180,obs_events/yyyymm=202202/part-000814.parquet,59617.7085118,59617.749947,202202,202202,3580.00166165,4,320.481688064,3259.51997358,59617.7085118,59617.749947
815,processed,202202,0208/Esg20220208_02.root,/mnt/mydisk/WCDA_observation_eval/0208/Esg20220208_02.root,/mnt/mydisk/WCDA_observation_eval/recovered_time/0208/Esg20220208_02.time.root,238211,238211,238211,False,154571,obs_events/yyyymm=202202/part-000815.parquet,59617.749965,59617.7912821,202202,202202,3569.79766411,9,704.718889296,2865.07877482,59617.749965,59617.7912821
816,processed,202202,0208/Esg20220208_03.root,/mnt/mydisk/WCDA_observation_eval/0208/Esg20220208_03.root,/mnt/mydisk/WCDA_observation_eval/recovered_time/0208/Esg20220208_03.time.root,296206,296206,296206,False,189664,obs_events/yyyymm=202202/part-000816.parquet,59617.7916694,59617.8332774,202202,202202,3594.92954034,1,77.4793059099,3517.45023443,59617.7916694,59617.8332774
817,processed,202202,0208/Esg20220208_04.root,/mnt/mydisk/WCDA_observation_eval/0208/Esg20220208_04.root,/mnt/mydisk/WCDA_observation_eval/recovered_time/0208/Esg20220208_04.time.root,166762,166762,166762,False,111605,obs_events/yyyymm=202202/part-000817.parquet,59617.8332888,59617.8747671,202202,202202,3583.72925534,2,157.233616454,3426.49563889,59617.8332888,59617.8747671
818,processed,202202,0208/Esg20220208_05.root,/mnt/mydisk/WCDA_observation_eval/0208/Esg20220208_05.root,/mnt/mydisk/WCDA_observation_eval/recovered_time/0208/Esg20220208_05.time.root,85202,85202,85202,False,57460,obs_events/yyyymm=202202/part-000818.parquet,59617.8751839,59617.9165348,202202,202202,3572.72537593,1,79.2137727141,3493.51160321,59617.8751839,59617.9165348
819,processed,202202,0208/Esg20220208_06.root,/mnt/mydisk/WCDA_observation_eval/0208/Esg20220208_06.root,/mnt/mydisk/WCDA_observation_eval/recovered_time/0208/Esg20220208_06.time.root,44403,44403,44403,False,30053,obs_events/yyyymm=202202/part-000819.parquet,59617.916956,59617.9582666,202202,202202,3569.23764716,2,159.109434835,3410.12821232,59617.916956,59617.9582666
820,processed,202202,0208/Esg20220208_07.root,/mnt/mydisk/WCDA_observation_eval/0208/Esg20220208_07.root,/mnt/mydisk/WCDA_observation_eval/recovered_time/0208/Esg20220208_07.time.root,17199,17199,17199,False,11527,obs_events/yyyymm=202202/part-000820.parquet,59617.9586836,59617.9996214,202202,202202,3537.03040509,5,1766.35825513,1770.67214996,59617.9586836,59617.9996214
821,processed,202202,0208/Esg20220208_08.root,/mnt/mydisk/WCDA_observation_eval/0208/Esg20220208_08.root,/mnt/mydisk/WCDA_observation_eval/recovered_time/0208/Esg20220208_08.time.root,25004,25004,25004,False,16471,obs_events/yyyymm=202202/part-000821.parquet,59618.0000813,59618.0412567,202202,202202,3557.55729724,5,505.006770347,3052.55052689,59618.0000813,59618.0412567
822,processed,202202,0208/Esg20220208_09.root,/mnt/mydisk/WCDA_observation_eval/0208/Esg20220208_09.root,/mnt/mydisk/WCDA_observation_eval/recovered_time/0208/Esg20220208_09.time.root,26090,26090,26090,False,17260,obs_events/yyyymm=202202/part-000822.parquet,59618.0417118,59618.0829447,202202,202202,3562.51797618,3,278.844847041,3283.67312914,59618.0417118,59618.0829446
823,processed,202202,0208/Esg20220208_10.root,/mnt/mydisk/WCDA_observation_eval/0208/Esg20220208_10.root,/mnt/mydisk/WCDA_observation_eval/recovered_time/0208/Esg20220208_10.time.root,26163,26163,26163,False,17205,obs_events/yyyymm=202202/part-000823.parquet,59618.0833963,59618.1245539,202202,202202,3556.01498389,3,239.112507482,3316.90247641,59618.0833963,59618.1245539
824,processed,202202,0208/Esg20220208_11.root,/mnt/mydisk/WCDA_observation_eval/0208/Esg20220208_11.root,/mnt/mydisk/WCDA_observation_eval/recovered_time/0208/Esg20220208_11.time.root,16289,16289,16289,False,10717,obs_events/yyyymm=202202/part-000824.parquet,59618.1249996,59618.1509052,202202,202202,2238.24493506,1,79.673629906,2158.57130515,59618.1249996,59618.1509052
825,processed,202202,0208/Esg20220208_14.root,/mnt/mydisk/WCDA_observation_eval/0208/Esg20220208_14.root,/mnt/mydisk/WCDA_observation_eval/recovered_time/0208/Esg20220208_14.time.root,18348,18348,18348,False,12117,obs_events/yyyymm=202202/part-000825.parquet,59618.2623648,59618.2911769,202202,202202,2489.36194642,4,314.602773939,2174.75917249,59618.2623648,59618.2911769
826,processed,202202,0208/Esg20220208_15.root,/mnt/mydisk/WCDA_observation_eval/0208/Esg20220208_15.root,/mnt/mydisk/WCDA_observation_eval/recovered_time/0208/Esg20220208_15.time.root,26975,26975,26975,False,17784,obs_events/yyyymm=202202/part-000826.parquet,59618.2916259,59618.333172,202202,202202,3589.59071897,3,275.270405808,3314.32031316,59618.2916259,59618.333172
827,processed,202202,0208/Esg20220208_16.root,/mnt/mydisk/WCDA_observation_eval/0208/Esg20220208_16.root,/mnt/mydisk/WCDA_observation_eval/recovered_time/0208/Esg20220208_16.time.root,26535,26535,26535,False,17539,obs_events/yyyymm=202202/part-000827.parquet,59618.3336228,59618.3748593,202202,202202,3562.82891294,4,315.582524962,3247.24638797,59618.3336228,59618.3748592
828,processed,202202,0208/Esg20220208_17.root,/mnt/mydisk/WCDA_observation_eval/0208/Esg20220208_17.root,/mnt/mydisk/WCDA_observation_eval/recovered_time/0208/Esg20220208_17.time.root,27355,27355,27355,False,18141,obs_events/yyyymm=202202/part-000828.parquet,59618.3752977,59618.4163839,202202,202202,3549.8523897,2,158.755127387,3391.09726232,59618.3752977,59618.4163839
829,processed,202202,0208/Esg20220208_18.root,/mnt/mydisk/WCDA_observation_eval/0208/Esg20220208_18.root,/mnt/mydisk/WCDA_observation_eval/recovered_time/0208/Esg20220208_18.time.root,41208,41208,41208,False,27672,obs_events/yyyymm=202202/part-000829.parquet,59618.416825,59618.4581406,202202,202202,3569.67019548,3,239.045425644,3330.62476984,59618.416825,59618.4581406
830,processed,202202,0208/Esg20220208_19.root,/mnt/mydisk/WCDA_observation_eval/0208/Esg20220208_19.root,/mnt/mydisk/WCDA_observation_eval/recovered_time/0208/Esg20220208_19.time.root,84381,84381,84381,False,56873,obs_events/yyyymm=202202/part-000830.parquet,59618.4585951,59618.4997911,202202,202202,3559.33481979,6,479.766911524,3079.56790826,59618.4585951,59618.4997911
831,processed,202202,0208/Esg20220208_20.root,/mnt/mydisk/WCDA_observation_eval/0208/Esg20220208_20.root,/mnt/mydisk/WCDA_observation_eval/recovered_time/0208/Esg20220208_20.time.root,191465,191465,191465,False,126867,obs_events/yyyymm=202202/part-000831.parquet,59618.5002294,59618.5416394,202202,202202,3577.82062464,7,554.737098073,3023.08352657,59618.5002294,59618.5416394
832,processed,202202,0208/Esg20220208_21.root,/mnt/mydisk/WCDA_observation_eval/0208/Esg20220208_21.root,/mnt/mydisk/WCDA_observation_eval/recovered_time/0208/Esg20220208_21.time.root,352983,352983,352983,False,222264,obs_events/yyyymm=202202/part-000832.parquet,59618.5416189,59618.5829009,202202,202202,3566.7644761,2,156.288585998,3410.47589011,59618.5416189,59618.5829009
833,processed,202202,0208/Esg20220208_22.root,/mnt/mydisk/WCDA_observation_eval/0208/Esg20220208_22.root,/mnt/mydisk/WCDA_observation_eval/recovered_time/0208/Esg20220208_22.time.root,242400,242400,242400,False,158142,obs_events/yyyymm=202202/part-000833.parquet,59618.5833262,59618.6245904,202202,202202,3565.23220092,4,317.552469391,3247.67973153,59618.5833262,59618.6245904
834,processed,202202,0208/Esg20220208_23.root,/mnt/mydisk/WCDA_observation_eval/0208/Esg20220208_23.root,/mnt/mydisk/WCDA_observation_eval/recovered_time/0208/Esg20220208_23.time.root,114439,114439,114439,False,77727,obs_events/yyyymm=202202/part-000834.parquet,59618.6250438,59618.6664064,202202,202202,3573.72976157,4,322.743567894,3250.98619368,59618.6250438,59618.6664064
835,processed,202202,0209/Esg20220209_00.root,/mnt/mydisk/WCDA_observation_eval/0209/Esg20220209_00.root,/mnt/mydisk/WCDA_observation_eval/recovered_time/0209/Esg20220209_00.time.root,88758,88758,88758,False,60453,obs_events/yyyymm=202202/part-000835.parquet,59618.6668567,59618.7078932,202202,202202,3545.55614025,1,81.2313481467,3464.3247921,59618.6668567,59618.7078932
836,processed,202202,0209/Esg20220209_01.root,/mnt/mydisk/WCDA_observation_eval/0209/Esg20220209_01.root,/mnt/mydisk/WCDA_observation_eval/recovered_time/0209/Esg20220209_01.time.root,128352,128352,128352,False,86879,obs_events/yyyymm=202202/part-000836.parquet,59618.7083479,59618.7498262,202202,202202,3583.72070077,3,242.45045206,3341.27024871,59618.7083479,59618.7498262
837,processed,202202,0209/Esg20220209_02.root,/mnt/mydisk/WCDA_observation_eval/0209/Esg20220209_02.root,/mnt/mydisk/WCDA_observation_eval/recovered_time/0209/Esg20220209_02.time.root,254231,254231,254231,False,164016,obs_events/yyyymm=202202/part-000837.parquet,59618.7502633,59618.7913308,202202,202202,3548.22915872,2,159.586600447,3388.64255827,59618.7502633,59618.7913308
838,processed,202202,0209/Esg20220209_03.root,/mnt/mydisk/WCDA_observation_eval/0209/Esg20220209_03.root,/mnt/mydisk/WCDA_observation_eval/recovered_time/0209/Esg20220209_03.time.root,281134,281134,281134,False,180647,obs_events/yyyymm=202202/part-000838.parquet,59618.7917309,59618.8333032,202202,202202,3591.84400777,4,316.944579408,3274.89942836,59618.7917309,59618.8333032
839,processed,202202,0209/Esg20220209_04.root,/mnt/mydisk/WCDA_observation_eval/0209/Esg20220209_04.root,/mnt/mydisk/WCDA_observation_eval/recovered_time/0209/Esg20220209_04.time.root,157231,157231,157231,False,105556,obs_events/yyyymm=202202/part-000839.parquet,59618.8333097,59618.8748348,202202,202202,3587.76117435,5,404.438568349,3183.322606,59618.8333097,59618.8748348
840,processed,202202,0209/Esg20220209_05.root,/mnt/mydisk/WCDA_observation_eval/0209/Esg20220209_05.root,/mnt/mydisk/WCDA_observation_eval/recovered_time/0209/Esg20220209_05.time.root,79476,79476,79476,False,53887,obs_events/yyyymm=202202/part-000840.parquet,59618.8752589,59618.9163225,202202,202202,3547.89338303,2,162.506441027,3385.386942,59618.8752589,59618.9163225
841,processed,202202,0209/Esg20220209_06.root,/mnt/mydisk/WCDA_observation_eval/0209/Esg20220209_06.root,/mnt/mydisk/WCDA_observation_eval/recovered_time/0209/Esg20220209_06.time.root,41467,41467,41467,False,28013,obs_events/yyyymm=202202/part-000841.parquet,59618.9167633,59618.9582608,202202,202202,3585.38364689,4,327.867670683,3257.51597621,59618.9167633,59618.9582608
842,processed,202202,0209/Esg20220209_07.root,/mnt/mydisk/WCDA_observation_eval/0209/Esg20220209_07.root,/mnt/mydisk/WCDA_observation_eval/recovered_time/0209/Esg20220209_07.time.root,26806,26806,26806,False,17920,obs_events/yyyymm=202202/part-000842.parquet,59618.9582921,59618.9998153,202202,202202,3587.60055865,4,328.362433892,3259.23812476,59618.9582921,59618.9998152
843,processed,202202,0209/Esg20220209_08.root,/mnt/mydisk/WCDA_observation_eval/0209/Esg20220209_08.root,/mnt/mydisk/WCDA_observation_eval/recovered_time/0209/Esg20220209_08.time.root,24950,24950,24950,False,16436,obs_events/yyyymm=202202/part-000843.parquet,59619.0002541,59619.0414609,202202,202202,3560.27235116,5,412.176556326,3148.09579484,59619.0002541,59619.0414609
844,processed,202202,0209/Esg20220209_09.root,/mnt/mydisk/WCDA_observation_eval/0209/Esg20220209_09.root,/mnt/mydisk/WCDA_observation_eval/recovered_time/0209/Esg20220209_09.time.root,25780,25780,25780,False,17158,obs_events/yyyymm=202202/part-000844.parquet,59619.0419082,59619.0830574,202202,202202,3555.29004566,1,82.5387100456,3472.75133561,59619.0419082,59619.0830574
845,processed,202202,0209/Esg20220209_10.root,/mnt/mydisk/WCDA_observation_eval/0209/Esg20220209_10.root,/mnt/mydisk/WCDA_observation_eval/recovered_time/0209/Esg20220209_10.time.root,25687,25687,25687,False,17112,obs_events/yyyymm=202202/part-000845.parquet,59619.0834943,59619.1248965,202202,202202,3577.14934044,3,286.590641504,3290.55869894,59619.0834943,59619.1248965
846,processed,202202,0209/Esg20220209_11.root,/mnt/mydisk/WCDA_observation_eval/0209/Esg20220209_11.root,/mnt/mydisk/WCDA_observation_eval/recovered_time/0209/Esg20220209_11.time.root,14073,14073,14073,False,9354,obs_events/yyyymm=202202/part-000846.parquet,59619.1253309,59619.1518453,202202,202202,2290.8479759,2,490.243229549,1800.60474635,59619.1253309,59619.1518453
847,processed,202202,0209/Esg20220209_14.root,/mnt/mydisk/WCDA_observation_eval/0209/Esg20220209_14.root,/mnt/mydisk/WCDA_observation_eval/recovered_time/0209/Esg20220209_14.time.root,20539,20539,20539,False,13648,obs_events/yyyymm=202202/part-000847.parquet,59619.2558385,59619.2914403,202202,202202,3075.99182627,3,483.988713962,2592.00311231,59619.2558385,59619.2914403
848,processed,202202,0209/Esg20220209_15.root,/mnt/mydisk/WCDA_observation_eval/0209/Esg20220209_15.root,/mnt/mydisk/WCDA_observation_eval/recovered_time/0209/Esg20220209_15.time.root,26230,26230,26230,False,17407,obs_events/yyyymm=202202/part-000848.parquet,59619.2918413,59619.3328982,202202,202202,3547.31792849,3,280.56436535,3266.75356315,59619.2918413,59619.3328982
849,processed,202202,0209/Esg20220209_16.root,/mnt/mydisk/WCDA_observation_eval/0209/Esg20220209_16.root,/mnt/mydisk/WCDA_observation_eval/recovered_time/0209/Esg20220209_16.time.root,26129,26129,26129,False,17344,obs_events/yyyymm=202202/part-000849.parquet,59619.333296,59619.3747764,202202,202202,3583.91377958,7,560.829172377,3023.08460721,59619.333296,59619.3747764
850,processed,202202,0209/Esg20220209_17.root,/mnt/mydisk/WCDA_observation_eval/0209/Esg20220209_17.root,/mnt/mydisk/WCDA_observation_eval/recovered_time/0209/Esg20220209_17.time.root,27766,27766,27766,False,18566,obs_events/yyyymm=202202/part-000850.parquet,59619.3751774,59619.4162871,202202,202202,3551.87802434,2,160.48550487,3391.39251946,59619.3751774,59619.4162871
851,processed,202202,0209/Esg20220209_18.root,/mnt/mydisk/WCDA_observation_eval/0209/Esg20220209_18.root,/mnt/mydisk/WCDA_observation_eval/recovered_time/0209/Esg20220209_18.time.root,42709,42709,42709,False,28662,obs_events/yyyymm=202202/part-000851.parquet,59619.416686,59619.4581463,202202,202202,3582.17060105,4,322.807586985,3259.36301406,59619.416686,59619.4581463
852,processed,202202,0209/Esg20220209_19.root,/mnt/mydisk/WCDA_observation_eval/0209/Esg20220209_19.root,/mnt/mydisk/WCDA_observation_eval/recovered_time/0209/Esg20220209_19.time.root,91312,91312,91312,False,61984,obs_events/yyyymm=202202/part-000852.parquet,59619.4585177,59619.4996815,202202,202202,3556.55527969,1,80.6812656345,3475.87401406,59619.4585177,59619.4996815
853,processed,202202,0209/Esg20220209_20.root,/mnt/mydisk/WCDA_observation_eval/0209/Esg20220209_20.root,/mnt/mydisk/WCDA_observation_eval/recovered_time/0209/Esg20220209_20.time.root,208900,208900,208900,False,137740,obs_events/yyyymm=202202/part-000853.parquet,59619.5000508,59619.5414523,202202,202202,3577.08726889,2,160.130630387,3416.9566385,59619.5000508,59619.5414522
854,processed,202202,0209/Esg20220209_21.root,/mnt/mydisk/WCDA_observation_eval/0209/Esg20220209_21.root,/mnt/mydisk/WCDA_observation_eval/recovered_time/0209/Esg20220209_21.time.root,359580,359580,359580,False,226255,obs_events/yyyymm=202202/part-000854.parquet,59619.5418082,59619.5833057,202202,202202,3585.38529959,2,157.310697483,3428.07460211,59619.5418082,59619.5833057
855,processed,202202,0209/Esg20220209_22.root,/mnt/mydisk/WCDA_observation_eval/0209/Esg20220209_22.root,/mnt/mydisk/WCDA_observation_eval/recovered_time/0209/Esg20220209_22.time.root,227998,227998,227998,False,149926,obs_events/yyyymm=202202/part-000855.parquet,59619.5833368,59619.6247554,202202,202202,3578.56744279,5,398.245355487,3180.3220873,59619.5833368,59619.6247554
856,processed,202202,0209/Esg20220209_23.root,/mnt/mydisk/WCDA_observation_eval/0209/Esg20220209_23.root,/mnt/mydisk/WCDA_observation_eval/recovered_time/0209/Esg20220209_23.time.root,112585,112585,112585,False,76574,obs_events/yyyymm=202202/part-000856.parquet,59619.6251721,59619.6663151,202202,202202,3554.75464698,1,80.6600766024,3474.09457038,59619.6251721,59619.6663151
857,processed,202202,0210/Esg20220210_00.root,/mnt/mydisk/WCDA_observation_eval/0210/Esg20220210_00.root,/mnt/mydisk/WCDA_observation_eval/recovered_time/0210/Esg20220210_00.time.root,90320,90320,90320,False,61684,obs_events/yyyymm=202202/part-000857.parquet,59619.6667513,59619.7080367,202202,202202,3567.05891727,2,163.532567024,3403.52635025,59619.6667513,59619.7080366
858,processed,202202,0210/Esg20220210_01.root,/mnt/mydisk/WCDA_observation_eval/0210/Esg20220210_01.root,/mnt/mydisk/WCDA_observation_eval/recovered_time/0210/Esg20220210_01.time.root,134120,134120,134120,False,90296,obs_events/yyyymm=202202/part-000858.parquet,59619.7084703,59619.7495295,202202,202202,3547.51394873,4,323.817756772,3223.69619196,59619.7084703,59619.7495295
859,processed,202202,0210/Esg20220210_02.root,/mnt/mydisk/WCDA_observation_eval/0210/Esg20220210_02.root,/mnt/mydisk/WCDA_observation_eval/recovered_time/0210/Esg20220210_02.time.root,261842,261842,261842,False,168734,obs_events/yyyymm=202202/part-000859.parquet,59619.7499631,59619.7914663,202202,202202,3585.87354063,7,554.719904694,3031.15363594,59619.7499631,59619.7914663
860,processed,202202,0210/Esg20220210_03.root,/mnt/mydisk/WCDA_observation_eval/0210/Esg20220210_03.root,/mnt/mydisk/WCDA_observation_eval/recovered_time/0210/Esg20220210_03.time.root,271427,271427,271427,False,174716,obs_events/yyyymm=202202/part-000860.parquet,59619.7918842,59619.8331985,202202,202202,3569.55763889,8,630.711699184,2938.8459397,59619.7918842,59619.8331985
861,processed,202202,0210/Esg20220210_04.root,/mnt/mydisk/WCDA_observation_eval/0210/Esg20220210_04.root,/mnt/mydisk/WCDA_observation_eval/recovered_time/0210/Esg20220210_04.time.root,145158,145158,145158,False,97917,obs_events/yyyymm=202202/part-000861.parquet,59619.8336251,59619.8748485,202202,202202,3561.69823045,9,802.943768911,2758.75446154,59619.8336251,59619.8748485
862,processed,202202,0210/Esg20220210_05.root,/mnt/mydisk/WCDA_observation_eval/0210/Esg20220210_05.root,/mnt/mydisk/WCDA_observation_eval/recovered_time/0210/Esg20220210_05.time.root,75623,75623,75623,False,51138,obs_events/yyyymm=202202/part-000862.parquet,59619.875289,59619.9164774,202202,202202,3558.67403015,5,444.759982615,3113.91404753,59619.875289,59619.9164774
863,processed,202202,0210/Esg20220210_06.root,/mnt/mydisk/WCDA_observation_eval/0210/Esg20220210_06.root,/mnt/mydisk/WCDA_observation_eval/recovered_time/0210/Esg20220210_06.time.root,41217,41217,41217,False,27847,obs_events/yyyymm=202202/part-000863.parquet,59619.9169212,59619.9579816,202202,202202,3547.61684875,1,81.0348432278,3466.58200552,59619.9169212,59619.9579816
864,processed,202202,0210/Esg20220210_07.root,/mnt/mydisk/WCDA_observation_eval/0210/Esg20220210_07.root,/mnt/mydisk/WCDA_observation_eval/recovered_time/0210/Esg20220210_07.time.root,27251,27251,27251,False,18282,obs_events/yyyymm=202202/part-000864.parquet,59619.9584369,59619.999532,202202,202202,3550.61622772,4,324.898784026,3225.71744369,59619.9584369,59619.999532
865,processed,202202,0210/Esg20220210_08.root,/mnt/mydisk/WCDA_observation_eval/0210/Esg20220210_08.root,/mnt/mydisk/WCDA_observation_eval/recovered_time/0210/Esg20220210_08.time.root,25895,25895,25895,False,17206,obs_events/yyyymm=202202/part-000865.parquet,59619.9999744,59620.0415565,202202,202202,3592.69222536,6,528.530411865,3064.16181349,59619.9999744,59620.0415565
866,processed,202202,0210/Esg20220210_09.root,/mnt/mydisk/WCDA_observation_eval/0210/Esg20220210_09.root,/mnt/mydisk/WCDA_observation_eval/recovered_time/0210/Esg20220210_09.time.root,25944,25944,25944,False,17146,obs_events/yyyymm=202202/part-000866.parquet,59620.0420092,59620.0829961,202202,202202,3541.2741635,4,364.608198241,3176.66596526,59620.0420092,59620.0829961
867,processed,202202,0210/Esg20220210_10.root,/mnt/mydisk/WCDA_observation_eval/0210/Esg20220210_10.root,/mnt/mydisk/WCDA_observation_eval/recovered_time/0210/Esg20220210_10.time.root,25514,25514,25514,False,16893,obs_events/yyyymm=202202/part-000867.parquet,59620.0834376,59620.1248084,202202,202202,3574.43906798,8,647.000374412,2927.43869356,59620.0834376,59620.1248084
868,processed,202202,0210/Esg20220210_11.root,/mnt/mydisk/WCDA_observation_eval/0210/Esg20220210_11.root,/mnt/mydisk/WCDA_observation_eval/recovered_time/0210/Esg20220210_11.time.root,12543,12543,12543,False,8407,obs_events/yyyymm=202202/part-000868.parquet,59620.125248,59620.1506936,202202,202202,2198.49796006,5,811.135718669,1387.3622414,59620.1252481,59620.1506936
869,processed,202202,0210/Esg20220210_14.root,/mnt/mydisk/WCDA_observation_eval/0210/Esg20220210_14.root,/mnt/mydisk/WCDA_observation_eval/recovered_time/0210/Esg20220210_14.time.root,22244,22244,22244,False,14788,obs_events/yyyymm=202202/part-000869.parquet,59620.2575328,59620.2913353,202202,202202,2920.53677402,2,158.951350674,2761.58542335,59620.2575328,59620.2913353
870,processed,202202,0210/Esg20220210_15.root,/mnt/mydisk/WCDA_observation_eval/0210/Esg20220210_15.root,/mnt/mydisk/WCDA_observation_eval/recovered_time/0210/Esg20220210_15.time.root,27290,27290,27290,False,18179,obs_events/yyyymm=202202/part-000870.parquet,59620.2917497,59620.3331778,202202,202202,3579.39171977,4,317.023334512,3262.36838526,59620.2917497,59620.3331776
871,processed,202202,0210/Esg20220210_16.root,/mnt/mydisk/WCDA_observation_eval/0210/Esg20220210_16.root,/mnt/mydisk/WCDA_observation_eval/recovered_time/0210/Esg20220210_16.time.root,26631,26631,26631,False,17549,obs_events/yyyymm=202202/part-000871.parquet,59620.3335916,59620.3747498,202202,202202,3556.07379216,4,317.926188069,3238.14760409,59620.3335916,59620.3747498
872,processed,202202,0210/Esg20220210_17.root,/mnt/mydisk/WCDA_observation_eval/0210/Esg20220210_17.root,/mnt/mydisk/WCDA_observation_eval/recovered_time/0210/Esg20220210_17.time.root,28057,28057,28057,False,18774,obs_events/yyyymm=202202/part-000872.parquet,59620.375164,59620.4163382,202202,202202,3557.44677368,4,318.249395303,3239.19737837,59620.375164,59620.4163382
873,processed,202202,0210/Esg20220210_18.root,/mnt/mydisk/WCDA_observation_eval/0210/Esg20220210_18.root,/mnt/mydisk/WCDA_observation_eval/recovered_time/0210/Esg20220210_18.time.root,45032,45032,45032,False,30168,obs_events/yyyymm=202202/part-000873.parquet,59620.416742,59620.4581519,202202,202202,3577.81356121,5,439.037533896,3138.77602732,59620.416742,59620.4581519
874,processed,202202,0210/Esg20220210_19.root,/mnt/mydisk/WCDA_observation_eval/0210/Esg20220210_19.root,/mnt/mydisk/WCDA_observation_eval/recovered_time/0210/Esg20220210_19.time.root,94515,94515,94515,False,63888,obs_events/yyyymm=202202/part-000874.parquet,59620.4585525,59620.4997838,202202,202202,3562.3910004,7,558.747200668,3003.64379974,59620.4585525,59620.4997838
875,processed,202202,0210/Esg20220210_20.root,/mnt/mydisk/WCDA_observation_eval/0210/Esg20220210_20.root,/mnt/mydisk/WCDA_observation_eval/recovered_time/0210/Esg20220210_20.time.root,217568,217568,217568,False,142630,obs_events/yyyymm=202202/part-000875.parquet,59620.5001911,59620.5412908,202202,202202,3551.01133094,6,475.577569683,3075.43376125,59620.5001911,59620.5412908
876,processed,202202,0210/Esg20220210_21.root,/mnt/mydisk/WCDA_observation_eval/0210/Esg20220210_21.root,/mnt/mydisk/WCDA_observation_eval/recovered_time/0210/Esg20220210_21.time.root,362289,362289,362289,False,228071,obs_events/yyyymm=202202/part-000876.parquet,59620.5416814,59620.5833067,202202,202202,3596.42883693,4,310.868631047,3285.56020588,59620.5416814,59620.5833067
877,processed,202202,0210/Esg20220210_22.root,/mnt/mydisk/WCDA_observation_eval/0210/Esg20220210_22.root,/mnt/mydisk/WCDA_observation_eval/recovered_time/0210/Esg20220210_22.time.root,217828,217828,217828,False,143298,obs_events/yyyymm=202202/part-000877.parquet,59620.5832988,59620.6248665,202202,202202,3591.44435129,6,517.174377479,3074.26997381,59620.5832988,59620.6248665
878,processed,202202,0210/Esg20220210_23.root,/mnt/mydisk/WCDA_observation_eval/0210/Esg20220210_23.root,/mnt/mydisk/WCDA_observation_eval/recovered_time/0210/Esg20220210_23.time.root,106548,106548,106548,False,72758,obs_events/yyyymm=202202/part-000878.parquet,59620.6253013,59620.6664827,202202,202202,3558.07855648,8,643.657180667,2914.42137582,59620.6253013,59620.6664827
879,processed,202202,0211/Esg20220211_00.root,/mnt/mydisk/WCDA_observation_eval/0211/Esg20220211_00.root,/mnt/mydisk/WCDA_observation_eval/recovered_time/0211/Esg20220211_00.time.root,92583,92583,92583,False,62946,obs_events/yyyymm=202202/part-000879.parquet,59620.6669251,59620.7080693,202202,202202,3554.85917456,1,80.3389728069,3474.52020175,59620.6669251,59620.7080693
880,processed,202202,0211/Esg20220211_01.root,/mnt/mydisk/WCDA_observation_eval/0211/Esg20220211_01.root,/mnt/mydisk/WCDA_observation_eval/recovered_time/0211/Esg20220211_01.time.root,135882,135882,135882,False,91523,obs_events/yyyymm=202202/part-000880.parquet,59620.708508,59620.7498246,202202,202202,3569.75633965,8,684.590565437,2885.16577422,59620.708508,59620.7498246
881,processed,202202,0211/Esg20220211_02.root,/mnt/mydisk/WCDA_observation_eval/0211/Esg20220211_02.root,/mnt/mydisk/WCDA_observation_eval/recovered_time/0211/Esg20220211_02.time.root,276158,276158,276158,False,177414,obs_events/yyyymm=202202/part-000881.parquet,59620.7502397,59620.7916462,202202,202202,3577.52526063,3,239.088676893,3338.43658373,59620.7502397,59620.7916462
882,processed,202202,0211/Esg20220211_03.root,/mnt/mydisk/WCDA_observation_eval/0211/Esg20220211_03.root,/mnt/mydisk/WCDA_observation_eval/recovered_time/0211/Esg20220211_03.time.root,266906,266906,266906,False,171686,obs_events/yyyymm=202202/part-000882.parquet,59620.7916588,59620.8329669,202202,202202,3569.02084337,6,474.907716899,3094.11312647,59620.7916588,59620.8329669
883,processed,202202,0211/Esg20220211_04.root,/mnt/mydisk/WCDA_observation_eval/0211/Esg20220211_04.root,/mnt/mydisk/WCDA_observation_eval/recovered_time/0211/Esg20220211_04.time.root,141760,141760,141760,False,95492,obs_events/yyyymm=202202/part-000883.parquet,59620.8333626,59620.8746374,202202,202202,3566.13781862,8,642.108480935,2924.02933768,59620.8333626,59620.8746374
884,processed,202202,0211/Esg20220211_05.root,/mnt/mydisk/WCDA_observation_eval/0211/Esg20220211_05.root,/mnt/mydisk/WCDA_observation_eval/recovered_time/0211/Esg20220211_05.time.root,72161,72161,72161,False,48970,obs_events/yyyymm=202202/part-000884.parquet,59620.8750596,59620.9162135,202202,202202,3555.69842393,7,565.235238173,2990.46318575,59620.8750596,59620.9162135
885,processed,202202,0211/Esg20220211_06.root,/mnt/mydisk/WCDA_observation_eval/0211/Esg20220211_06.root,/mnt/mydisk/WCDA_observation_eval/recovered_time/0211/Esg20220211_06.time.root,38617,38617,38617,False,26015,obs_events/yyyymm=202202/part-000885.parquet,59620.9166422,59620.9579225,202202,202202,3566.61150155,6,488.912304863,3077.69919669,59620.9166422,59620.9579225
886,processed,202202,0211/Esg20220211_07.root,/mnt/mydisk/WCDA_observation_eval/0211/Esg20220211_07.root,/mnt/mydisk/WCDA_observation_eval/recovered_time/0211/Esg20220211_07.time.root,26417,26417,26417,False,17476,obs_events/yyyymm=202202/part-000886.parquet,59620.9583367,59620.9997235,202202,202202,3575.8189105,8,653.704727255,2922.11418324,59620.9583367,59620.9997234
887,processed,202202,0211/Esg20220211_08.root,/mnt/mydisk/WCDA_observation_eval/0211/Esg20220211_08.root,/mnt/mydisk/WCDA_observation_eval/recovered_time/0211/Esg20220211_08.time.root,25269,25269,25269,False,16748,obs_events/yyyymm=202202/part-000887.parquet,59621.0001291,59621.0413881,202202,202202,3564.77724211,8,651.88662142,2912.89062069,59621.0001291,59621.0413881
888,processed,202202,0211/Esg20220211_09.root,/mnt/mydisk/WCDA_observation_eval/0211/Esg20220211_09.root,/mnt/mydisk/WCDA_observation_eval/recovered_time/0211/Esg20220211_09.time.root,25745,25745,25745,False,17148,obs_events/yyyymm=202202/part-000888.parquet,59621.041768,59621.0832759,202202,202202,3586.28674939,6,487.187524186,3099.0992252,59621.041768,59621.0832759
889,processed,202202,0211/Esg20220211_10.root,/mnt/mydisk/WCDA_observation_eval/0211/Esg20220211_10.root,/mnt/mydisk/WCDA_observation_eval/recovered_time/0211/Esg20220211_10.time.root,25516,25516,25516,False,16995,obs_events/yyyymm=202202/part-000889.parquet,59621.0833502,59621.1247422,202202,202202,3576.26784502,8,648.083319655,2928.18452537,59621.0833502,59621.1247422
890,processed,202202,0211/Esg20220211_11.root,/mnt/mydisk/WCDA_observation_eval/0211/Esg20220211_11.root,/mnt/mydisk/WCDA_observation_eval/recovered_time/0211/Esg20220211_11.time.root,10786,10786,10786,False,7159,obs_events/yyyymm=202202/part-000890.parquet,59621.1251346,59621.1425287,202202,202202,1502.84542234,3,242.885895283,1259.95952706,59621.1251346,59621.1425287
891,processed,202202,0211/Esg20220211_14.root,/mnt/mydisk/WCDA_observation_eval/0211/Esg20220211_14.root,/mnt/mydisk/WCDA_observation_eval/recovered_time/0211/Esg20220211_14.time.root,23495,23495,23495,False,15629,obs_events/yyyymm=202202/part-000891.parquet,59621.2546159,59621.2915752,202202,202202,3193.28738549,6,477.488028794,2715.79935669,59621.2546159,59621.2915752
892,processed,202202,0211/Esg20220211_15.root,/mnt/mydisk/WCDA_observation_eval/0211/Esg20220211_15.root,/mnt/mydisk/WCDA_observation_eval/recovered_time/0211/Esg20220211_15.time.root,26926,26926,26926,False,17834,obs_events/yyyymm=202202/part-000892.parquet,59621.2916306,59621.3331422,202202,202202,3586.60782489,4,357.239889284,3229.36793561,59621.2916306,59621.3331422
893,processed,202202,0211/Esg20220211_16.root,/mnt/mydisk/WCDA_observation_eval/0211/Esg20220211_16.root,/mnt/mydisk/WCDA_observation_eval/recovered_time/0211/Esg20220211_16.time.root,27196,27196,27196,False,18021,obs_events/yyyymm=202202/part-000893.parquet,59621.3335566,59621.3745952,202202,202202,3545.73460564,2,157.969340938,3387.7652647,59621.3335566,59621.3745952
894,processed,202202,0211/Esg20220211_17.root,/mnt/mydisk/WCDA_observation_eval/0211/Esg20220211_17.root,/mnt/mydisk/WCDA_observation_eval/recovered_time/0211/Esg20220211_17.time.root,29215,29215,29215,False,19351,obs_events/yyyymm=202202/part-000894.parquet,59621.3750055,59621.4166145,202202,202202,3595.02119834,3,238.251837739,3356.7693606,59621.3750055,59621.4166145
895,processed,202202,0211/Esg20220211_18.root,/mnt/mydisk/WCDA_observation_eval/0211/Esg20220211_18.root,/mnt/mydisk/WCDA_observation_eval/recovered_time/0211/Esg20220211_18.time.root,47905,47905,47905,False,32261,obs_events/yyyymm=202202/part-000895.parquet,59621.4166477,59621.4580324,202202,202202,3575.64051615,2,159.413076821,3416.22743933,59621.4166477,59621.4580324
896,processed,202202,0211/Esg20220211_19.root,/mnt/mydisk/WCDA_observation_eval/0211/Esg20220211_19.root,/mnt/mydisk/WCDA_observation_eval/recovered_time/0211/Esg20220211_19.time.root,101581,101581,101581,False,68519,obs_events/yyyymm=202202/part-000896.parquet,59621.4584601,59621.4997878,202202,202202,3570.71394045,3,240.04141388,3330.67252657,59621.4584601,59621.4997878
897,processed,202202,0211/Esg20220211_20.root,/mnt/mydisk/WCDA_observation_eval/0211/Esg20220211_20.root,/mnt/mydisk/WCDA_observation_eval/recovered_time/0211/Esg20220211_20.time.root,232980,232980,232980,False,152118,obs_events/yyyymm=202202/part-000897.parquet,59621.5001971,59621.5412343,202202,202202,3545.61680616,2,158.114675595,3387.50213056,59621.5001971,59621.5412343
898,processed,202202,0211/Esg20220211_21.root,/mnt/mydisk/WCDA_observation_eval/0211/Esg20220211_21.root,/mnt/mydisk/WCDA_observation_eval/recovered_time/0211/Esg20220211_21.time.root,350482,350482,350482,False,220559,obs_events/yyyymm=202202/part-000898.parquet,59621.5416275,59621.5829158,202202,202202,3567.31693866,7,546.958843642,3020.35809502,59621.5416275,59621.5829158
899,processed,202202,0211/Esg20220211_22.root,/mnt/mydisk/WCDA_observation_eval/0211/Esg20220211_22.root,/mnt/mydisk/WCDA_observation_eval/recovered_time/0211/Esg20220211_22.time.root,205320,205320,205320,False,135488,obs_events/yyyymm=202202/part-000899.parquet,59621.5833149,59621.6249422,202202,202202,3596.59498783,7,564.735034062,3031.85995377,59621.5833149,59621.6249422
900,processed,202202,0211/Esg20220211_23.root,/mnt/mydisk/WCDA_observation_eval/0211/Esg20220211_23.root,/mnt/mydisk/WCDA_observation_eval/recovered_time/0211/Esg20220211_23.time.root,105553,105553,105553,False,71706,obs_events/yyyymm=202202/part-000900.parquet,59621.6253626,59621.6665457,202202,202202,3558.21829056,1,81.1581056099,3477.06018495,59621.6253626,59621.6665457
901,processed,202202,0212/Esg20220212_00.root,/mnt/mydisk/WCDA_observation_eval/0212/Esg20220212_00.root,/mnt/mydisk/WCDA_observation_eval/recovered_time/0212/Esg20220212_00.time.root,88790,88790,88790,False,60313,obs_events/yyyymm=202202/part-000901.parquet,59621.6669587,59621.7080846,202202,202202,3553.27887672,7,610.611816379,2942.66706035,59621.6669587,59621.7080846
902,processed,202202,0212/Esg20220212_01.root,/mnt/mydisk/WCDA_observation_eval/0212/Esg20220212_01.root,/mnt/mydisk/WCDA_observation_eval/recovered_time/0212/Esg20220212_01.time.root,147360,147360,147360,False,99161,obs_events/yyyymm=202202/part-000902.parquet,59621.708492,59621.7499631,202202,202202,3583.10466546,4,323.72462838,3259.38003708,59621.708492,59621.7499631
903,processed,202202,0212/Esg20220212_02.root,/mnt/mydisk/WCDA_observation_eval/0212/Esg20220212_02.root,/mnt/mydisk/WCDA_observation_eval/recovered_time/0212/Esg20220212_02.time.root,284383,284383,284383,False,182185,obs_events/yyyymm=202202/part-000903.parquet,59621.7499801,59621.7913054,202202,202202,3570.50475518,2,158.307000669,3412.19775451,59621.7499801,59621.7913054
904,processed,202202,0212/Esg20220212_03.root,/mnt/mydisk/WCDA_observation_eval/0212/Esg20220212_03.root,/mnt/mydisk/WCDA_observation_eval/recovered_time/0212/Esg20220212_03.time.root,253615,253615,253615,False,164006,obs_events/yyyymm=202202/part-000904.parquet,59621.7917043,59621.832973,202202,202202,3565.61303206,10,790.164199448,2775.44883261,59621.7917043,59621.832973
905,processed,202202,0212/Esg20220212_04.root,/mnt/mydisk/WCDA_observation_eval/0212/Esg20220212_04.root,/mnt/mydisk/WCDA_observation_eval/recovered_time/0212/Esg20220212_04.time.root,139610,139610,139610,False,94178,obs_events/yyyymm=202202/part-000905.parquet,59621.8334011,59621.8745309,202202,202202,3553.61586444,3,280.580928829,3273.03493561,59621.8334011,59621.8745309
906,processed,202202,0212/Esg20220212_05.root,/mnt/mydisk/WCDA_observation_eval/0212/Esg20220212_05.root,/mnt/mydisk/WCDA_observation_eval/recovered_time/0212/Esg20220212_05.time.root,71486,71486,71486,False,48382,obs_events/yyyymm=202202/part-000906.parquet,59621.8749659,59621.9164202,202202,202202,3581.6506695,3,241.390534001,3340.2601355,59621.8749659,59621.9164202
907,processed,202202,0212/Esg20220212_06.root,/mnt/mydisk/WCDA_observation_eval/0212/Esg20220212_06.root,/mnt/mydisk/WCDA_observation_eval/recovered_time/0212/Esg20220212_06.time.root,37456,37456,37456,False,25383,obs_events/yyyymm=202202/part-000907.parquet,59621.916842,59621.9581908,202202,202202,3572.5355956,6,484.141757665,3088.39383794,59621.916842,59621.9581908
908,processed,202202,0212/Esg20220212_07.root,/mnt/mydisk/WCDA_observation_eval/0212/Esg20220212_07.root,/mnt/mydisk/WCDA_observation_eval/recovered_time/0212/Esg20220212_07.time.root,26464,26464,26464,False,17628,obs_events/yyyymm=202202/part-000908.parquet,59621.9586154,59621.9995489,202202,202202,3536.65342249,4,323.820436047,3212.83298645,59621.9586154,59621.9995487
909,processed,202202,0212/Esg20220212_08.root,/mnt/mydisk/WCDA_observation_eval/0212/Esg20220212_08.root,/mnt/mydisk/WCDA_observation_eval/recovered_time/0212/Esg20220212_08.time.root,25461,25461,25461,False,16832,obs_events/yyyymm=202202/part-000909.parquet,59621.9999816,59622.0413288,202202,202202,3572.39466773,8,646.998553234,2925.39611449,59621.9999816,59622.0413288
910,processed,202202,0212/Esg20220212_09.root,/mnt/mydisk/WCDA_observation_eval/0212/Esg20220212_09.root,/mnt/mydisk/WCDA_observation_eval/recovered_time/0212/Esg20220212_09.time.root,25365,25365,25365,False,16784,obs_events/yyyymm=202202/part-000910.parquet,59622.0417487,59622.0829755,202202,202202,3561.99452612,7,564.234570949,2997.75995517,59622.0417487,59622.0829755
911,processed,202202,0212/Esg20220212_10.root,/mnt/mydisk/WCDA_observation_eval/0212/Esg20220212_10.root,/mnt/mydisk/WCDA_observation_eval/recovered_time/0212/Esg20220212_10.time.root,25800,25800,25800,False,17146,obs_events/yyyymm=202202/part-000911.parquet,59622.0833888,59622.1245836,202202,202202,3559.23702812,5,401.858089864,3157.37893826,59622.0833888,59622.1245836
912,processed,202202,0212/Esg20220212_11.root,/mnt/mydisk/WCDA_observation_eval/0212/Esg20220212_11.root,/mnt/mydisk/WCDA_observation_eval/recovered_time/0212/Esg20220212_11.time.root,9518,9518,9518,False,6343,obs_events/yyyymm=202202/part-000912.parquet,59622.1249971,59622.141872,202202,202202,1457.98925282,3,361.664603767,1096.32464906,59622.1249971,59622.1418719
913,processed,202202,0212/Esg20220212_14.root,/mnt/mydisk/WCDA_observation_eval/0212/Esg20220212_14.root,/mnt/mydisk/WCDA_observation_eval/recovered_time/0212/Esg20220212_14.time.root,25543,25543,25543,False,17012,obs_events/yyyymm=202202/part-000913.parquet,59622.2517725,59622.2915258,202202,202202,3434.68529095,6,471.632476291,2963.05281466,59622.2517725,59622.2915258
914,processed,202202,0212/Esg20220212_15.root,/mnt/mydisk/WCDA_observation_eval/0212/Esg20220212_15.root,/mnt/mydisk/WCDA_observation_eval/recovered_time/0212/Esg20220212_15.time.root,26863,26863,26863,False,17928,obs_events/yyyymm=202202/part-000914.parquet,59622.2919108,59622.3332676,202202,202202,3573.22787521,3,237.425076985,3335.80279823,59622.2919108,59622.3332676
915,processed,202202,0212/Esg20220212_16.root,/mnt/mydisk/WCDA_observation_eval/0212/Esg20220212_16.root,/mnt/mydisk/WCDA_observation_eval/recovered_time/0212/Esg20220212_16.time.root,27215,27215,27215,False,17969,obs_events/yyyymm=202202/part-000915.parquet,59622.3333294,59622.3747024,202202,202202,3574.62689511,2,158.256322634,3416.37057248,59622.3333294,59622.3747024
916,processed,202202,0212/Esg20220212_17.root,/mnt/mydisk/WCDA_observation_eval/0212/Esg20220212_17.root,/mnt/mydisk/WCDA_observation_eval/recovered_time/0212/Esg20220212_17.time.root,28645,28645,28645,False,19012,obs_events/yyyymm=202202/part-000916.parquet,59622.3750786,59622.4162683,202202,202202,3558.79240672,5,397.601119895,3161.19128682,59622.3750786,59622.4162683
917,processed,202202,0212/Esg20220212_18.root,/mnt/mydisk/WCDA_observation_eval/0212/Esg20220212_18.root,/mnt/mydisk/WCDA_observation_eval/recovered_time/0212/Esg20220212_18.time.root,48897,48897,48897,False,32834,obs_events/yyyymm=202202/part-000917.parquet,59622.4166487,59622.458228,202202,202202,3592.44696416,4,320.609196927,3271.83776724,59622.4166487,59622.458228
918,processed,202202,0212/Esg20220212_19.root,/mnt/mydisk/WCDA_observation_eval/0212/Esg20220212_19.root,/mnt/mydisk/WCDA_observation_eval/recovered_time/0212/Esg20220212_19.time.root,101819,101819,101819,False,68743,obs_events/yyyymm=202202/part-000918.parquet,59622.4583028,59622.4998438,202202,202202,3589.14589451,9,723.333186843,2865.81270767,59622.4583028,59622.4998438
919,processed,202202,0212/Esg20220212_21.root,/mnt/mydisk/WCDA_observation_eval/0212/Esg20220212_21.root,/mnt/mydisk/WCDA_observation_eval/recovered_time/0212/Esg20220212_21.time.root,337313,337313,337313,False,212582,obs_events/yyyymm=202202/part-000919.parquet,59622.5419689,59622.5831484,202202,202202,3557.91291101,9,706.891061808,2851.0218492,59622.5419689,59622.5831484
920,processed,202202,0212/Esg20220212_22.root,/mnt/mydisk/WCDA_observation_eval/0212/Esg20220212_22.root,/mnt/mydisk/WCDA_observation_eval/recovered_time/0212/Esg20220212_22.time.root,194408,194408,194408,False,129177,obs_events/yyyymm=202202/part-000920.parquet,59622.5834897,59622.6247371,202202,202202,3563.77491276,2,162.029444519,3401.74546824,59622.5834897,59622.6247371
921,processed,202202,0213/Esg20220213_00.root,/mnt/mydisk/WCDA_observation_eval/0213/Esg20220213_00.root,/mnt/mydisk/WCDA_observation_eval/recovered_time/0213/Esg20220213_00.time.root,88756,88756,88756,False,60776,obs_events/yyyymm=202202/part-000921.parquet,59622.666721,59622.7080262,202202,202202,3568.77040216,7,571.6298952,2997.14050696,59622.666721,59622.7080262
922,processed,202202,0213/Esg20220213_01.root,/mnt/mydisk/WCDA_observation_eval/0213/Esg20220213_01.root,/mnt/mydisk/WCDA_observation_eval/recovered_time/0213/Esg20220213_01.time.root,152367,152367,152367,False,102608,obs_events/yyyymm=202202/part-000922.parquet,59622.7083735,59622.7496584,202202,202202,3567.01857853,2,162.450694246,3404.56788428,59622.7083735,59622.7496584
923,processed,202202,0213/Esg20220213_02.root,/mnt/mydisk/WCDA_observation_eval/0213/Esg20220213_02.root,/mnt/mydisk/WCDA_observation_eval/recovered_time/0213/Esg20220213_02.time.root,284019,284019,284019,False,181585,obs_events/yyyymm=202202/part-000923.parquet,59622.7499805,59622.791541,202202,202202,3590.82244446,4,317.459318996,3273.36312546,59622.7499805,59622.791541
924,processed,202202,0213/Esg20220213_03.root,/mnt/mydisk/WCDA_observation_eval/0213/Esg20220213_03.root,/mnt/mydisk/WCDA_observation_eval/recovered_time/0213/Esg20220213_03.time.root,248923,248923,248923,False,161534,obs_events/yyyymm=202202/part-000924.parquet,59622.7916294,59622.8331183,202202,202202,3584.63961489,6,477.050538082,3107.58907681,59622.7916294,59622.8331181
925,processed,202202,0213/Esg20220213_04.root,/mnt/mydisk/WCDA_observation_eval/0213/Esg20220213_04.root,/mnt/mydisk/WCDA_observation_eval/recovered_time/0213/Esg20220213_04.time.root,132373,132373,132373,False,89863,obs_events/yyyymm=202202/part-000925.parquet,59622.8334571,59622.8748969,202202,202202,3580.40291173,2,162.295851368,3418.10706037,59622.8334571,59622.8748969
926,processed,202202,0213/Esg20220213_05.root,/mnt/mydisk/WCDA_observation_eval/0213/Esg20220213_05.root,/mnt/mydisk/WCDA_observation_eval/recovered_time/0213/Esg20220213_05.time.root,64513,64513,64513,False,43836,obs_events/yyyymm=202202/part-000926.parquet,59622.8750113,59622.9164524,202202,202202,3580.50940633,8,652.22995088,2928.27945545,59622.8750114,59622.9164524
927,processed,202202,0213/Esg20220213_06.root,/mnt/mydisk/WCDA_observation_eval/0213/Esg20220213_06.root,/mnt/mydisk/WCDA_observation_eval/recovered_time/0213/Esg20220213_06.time.root,35552,35552,35552,False,23906,obs_events/yyyymm=202202/part-000927.parquet,59622.9167969,59622.9582127,202202,202202,3578.3278639,5,409.23276823,3169.09509567,59622.9167969,59622.9582127
928,processed,202202,0213/Esg20220213_07.root,/mnt/mydisk/WCDA_observation_eval/0213/Esg20220213_07.root,/mnt/mydisk/WCDA_observation_eval/recovered_time/0213/Esg20220213_07.time.root,26115,26115,26115,False,17269,obs_events/yyyymm=202202/part-000928.parquet,59622.9583303,59622.9998611,202202,202202,3588.25986406,3,246.923177247,3341.33668682,59622.9583303,59622.9998611
929,processed,202202,0213/Esg20220213_08.root,/mnt/mydisk/WCDA_observation_eval/0213/Esg20220213_08.root,/mnt/mydisk/WCDA_observation_eval/recovered_time/0213/Esg20220213_08.time.root,25026,25026,25026,False,16582,obs_events/yyyymm=202202/part-000929.parquet,59623.0002182,59623.0413313,202202,202202,3552.17683017,4,369.165617321,3183.01121285,59623.0002182,59623.0413313
930,processed,202202,0213/Esg20220213_09.root,/mnt/mydisk/WCDA_observation_eval/0213/Esg20220213_09.root,/mnt/mydisk/WCDA_observation_eval/recovered_time/0213/Esg20220213_09.time.root,25264,25264,25264,False,16842,obs_events/yyyymm=202202/part-000930.parquet,59623.0416795,59623.0830628,202202,202202,3575.51460718,6,490.214469773,3085.30013741,59623.0416795,59623.0830628
931,processed,202202,0213/Esg20220213_10.root,/mnt/mydisk/WCDA_observation_eval/0213/Esg20220213_10.root,/mnt/mydisk/WCDA_observation_eval/recovered_time/0213/Esg20220213_10.time.root,25850,25850,25850,False,17067,obs_events/yyyymm=202202/part-000931.parquet,59623.0834145,59623.1247086,202202,202202,3567.81574781,3,285.301563051,3282.51418476,59623.0834145,59623.1247086
932,processed,202202,0213/Esg20220213_11.root,/mnt/mydisk/WCDA_observation_eval/0213/Esg20220213_11.root,/mnt/mydisk/WCDA_observation_eval/recovered_time/0213/Esg20220213_11.time.root,7760,7760,7760,False,5147,obs_events/yyyymm=202202/part-000932.parquet,59623.1250552,59623.1392668,202202,202202,1227.88295529,3,285.285577294,942.597377999,59623.1250552,59623.1392668
933,processed,202202,0213/Esg20220213_13.root,/mnt/mydisk/WCDA_observation_eval/0213/Esg20220213_13.root,/mnt/mydisk/WCDA_observation_eval/recovered_time/0213/Esg20220213_13.time.root,472,472,472,False,318,obs_events/yyyymm=202202/part-000933.parquet,59623.2492465,59623.2497202,202202,202202,40.9273554571,0,0,40.9273554571,59623.2492466,59623.2497202
934,processed,202202,0213/Esg20220213_14.root,/mnt/mydisk/WCDA_observation_eval/0213/Esg20220213_14.root,/mnt/mydisk/WCDA_observation_eval/recovered_time/0213/Esg20220213_14.time.root,25834,25834,25834,False,17246,obs_events/yyyymm=202202/part-000934.parquet,59623.2500721,59623.2914626,202202,202202,3576.13779204,7,605.481833895,2970.65595814,59623.2500721,59623.2914626
935,processed,202202,0213/Esg20220213_15.root,/mnt/mydisk/WCDA_observation_eval/0213/Esg20220213_15.root,/mnt/mydisk/WCDA_observation_eval/recovered_time/0213/Esg20220213_15.time.root,25679,25679,25679,False,17049,obs_events/yyyymm=202202/part-000935.parquet,59623.2918341,59623.3331107,202202,202202,3566.29415704,5,402.949540643,3163.3446164,59623.2918341,59623.3331107
936,processed,202202,0213/Esg20220213_16.root,/mnt/mydisk/WCDA_observation_eval/0213/Esg20220213_16.root,/mnt/mydisk/WCDA_observation_eval/recovered_time/0213/Esg20220213_16.time.root,26223,26223,26223,False,17432,obs_events/yyyymm=202202/part-000936.parquet,59623.333486,59623.3748491,202202,202202,3573.77263186,5,403.427928966,3170.3447029,59623.333486,59623.3748489
937,processed,202202,0213/Esg20220213_17.root,/mnt/mydisk/WCDA_observation_eval/0213/Esg20220213_17.root,/mnt/mydisk/WCDA_observation_eval/recovered_time/0213/Esg20220213_17.time.root,29272,29272,29272,False,19411,obs_events/yyyymm=202202/part-000937.parquet,59623.3752233,59623.4163625,202202,202202,3554.43055273,2,162.714873813,3391.71567892,59623.3752233,59623.4163625
938,processed,202202,0213/Esg20220213_18.root,/mnt/mydisk/WCDA_observation_eval/0213/Esg20220213_18.root,/mnt/mydisk/WCDA_observation_eval/recovered_time/0213/Esg20220213_18.time.root,49377,49377,49377,False,33361,obs_events/yyyymm=202202/part-000938.parquet,59623.416742,59623.4582864,202202,202202,3589.43140456,9,735.391159938,2854.04024462,59623.416742,59623.4582864
939,processed,202202,0213/Esg20220213_19.root,/mnt/mydisk/WCDA_observation_eval/0213/Esg20220213_19.root,/mnt/mydisk/WCDA_observation_eval/recovered_time/0213/Esg20220213_19.time.root,112135,112135,112135,False,75618,obs_events/yyyymm=202202/part-000939.parquet,59623.4586547,59623.4999547,202202,202202,3568.31862428,2,163.193863118,3405.12476116,59623.4586548,59623.4999547
940,processed,202202,0213/Esg20220213_20.root,/mnt/mydisk/WCDA_observation_eval/0213/Esg20220213_20.root,/mnt/mydisk/WCDA_observation_eval/recovered_time/0213/Esg20220213_20.time.root,249499,249499,249499,False,161617,obs_events/yyyymm=202202/part-000940.parquet,59623.5002999,59623.5413044,202202,202202,3542.7929807,3,240.177257918,3302.61572278,59623.5002999,59623.5413044
941,processed,202202,0213/Esg20220213_21.root,/mnt/mydisk/WCDA_observation_eval/0213/Esg20220213_21.root,/mnt/mydisk/WCDA_observation_eval/recovered_time/0213/Esg20220213_21.time.root,341049,341049,341049,False,215218,obs_events/yyyymm=202202/part-000941.parquet,59623.5416247,59623.5832673,202202,202202,3597.92546618,5,400.3108687,3197.61459748,59623.5416247,59623.5832673
942,processed,202202,0213/Esg20220213_22.root,/mnt/mydisk/WCDA_observation_eval/0213/Esg20220213_22.root,/mnt/mydisk/WCDA_observation_eval/recovered_time/0213/Esg20220213_22.time.root,181179,181179,181179,False,120939,obs_events/yyyymm=202202/part-000942.parquet,59623.5833491,59623.6248618,202202,202202,3586.70157124,3,245.963848312,3340.73772293,59623.5833491,59623.6248618
943,processed,202202,0213/Esg20220213_23.root,/mnt/mydisk/WCDA_observation_eval/0213/Esg20220213_23.root,/mnt/mydisk/WCDA_observation_eval/recovered_time/0213/Esg20220213_23.time.root,96609,96609,96609,False,66002,obs_events/yyyymm=202202/part-000943.parquet,59623.6252186,59623.6664088,202202,202202,3558.83098023,4,333.134745061,3225.69623517,59623.6252186,59623.6664088
944,processed,202202,0214/Esg20220214_00.root,/mnt/mydisk/WCDA_observation_eval/0214/Esg20220214_00.root,/mnt/mydisk/WCDA_observation_eval/recovered_time/0214/Esg20220214_00.time.root,90247,90247,90247,False,61672,obs_events/yyyymm=202202/part-000944.parquet,59623.6667918,59623.7082509,202202,202202,3582.06696175,8,664.875309519,2917.19165223,59623.6667918,59623.7082509
945,processed,202202,0214/Esg20220214_01.root,/mnt/mydisk/WCDA_observation_eval/0214/Esg20220214_01.root,/mnt/mydisk/WCDA_observation_eval/recovered_time/0214/Esg20220214_01.time.root,155767,155767,155767,False,105034,obs_events/yyyymm=202202/part-000945.parquet,59623.7083304,59623.7497604,202202,202202,3579.55971449,6,495.137784071,3084.42193042,59623.7083304,59623.7497604
946,processed,202202,0214/Esg20220214_02.root,/mnt/mydisk/WCDA_observation_eval/0214/Esg20220214_02.root,/mnt/mydisk/WCDA_observation_eval/recovered_time/0214/Esg20220214_02.time.root,287141,287141,287141,False,184021,obs_events/yyyymm=202202/part-000946.parquet,59623.7501332,59623.7916076,202202,202202,3583.3828185,2,161.768372334,3421.61444617,59623.7501332,59623.7916076
947,processed,202202,0214/Esg20220214_03.root,/mnt/mydisk/WCDA_observation_eval/0214/Esg20220214_03.root,/mnt/mydisk/WCDA_observation_eval/recovered_time/0214/Esg20220214_03.time.root,235720,235720,235720,False,154385,obs_events/yyyymm=202202/part-000947.parquet,59623.7916558,59623.8330202,202202,202202,3573.88563857,6,530.049714376,3043.83592419,59623.7916558,59623.8330202
948,processed,202202,0214/Esg20220214_04.root,/mnt/mydisk/WCDA_observation_eval/0214/Esg20220214_04.root,/mnt/mydisk/WCDA_observation_eval/recovered_time/0214/Esg20220214_04.time.root,121482,121482,121482,False,82560,obs_events/yyyymm=202202/part-000948.parquet,59623.8333795,59623.8746246,202202,202202,3563.57709335,8,699.429776589,2864.14731676,59623.8333795,59623.8746246
949,processed,202202,0214/Esg20220214_05.root,/mnt/mydisk/WCDA_observation_eval/0214/Esg20220214_05.root,/mnt/mydisk/WCDA_observation_eval/recovered_time/0214/Esg20220214_05.time.root,64132,64132,64132,False,43502,obs_events/yyyymm=202202/part-000949.parquet,59623.8750022,59623.9165982,202202,202202,3593.8889367,2,207.014262001,3386.8746747,59623.8750022,59623.9165982
950,processed,202202,0214/Esg20220214_06.root,/mnt/mydisk/WCDA_observation_eval/0214/Esg20220214_06.root,/mnt/mydisk/WCDA_observation_eval/recovered_time/0214/Esg20220214_06.time.root,32858,32858,32858,False,22299,obs_events/yyyymm=202202/part-000950.parquet,59623.9170739,59623.9580184,202202,202202,3537.60743688,8,745.736628491,2791.87080839,59623.9170739,59623.9580184
951,processed,202202,0214/Esg20220214_07.root,/mnt/mydisk/WCDA_observation_eval/0214/Esg20220214_07.root,/mnt/mydisk/WCDA_observation_eval/recovered_time/0214/Esg20220214_07.time.root,25818,25818,25818,False,17200,obs_events/yyyymm=202202/part-000951.parquet,59623.958374,59623.999875,202202,202202,3585.68577196,3,249.345047912,3336.34072405,59623.958374,59623.999875
952,processed,202202,0214/Esg20220214_08.root,/mnt/mydisk/WCDA_observation_eval/0214/Esg20220214_08.root,/mnt/mydisk/WCDA_observation_eval/recovered_time/0214/Esg20220214_08.time.root,25316,25316,25316,False,16777,obs_events/yyyymm=202202/part-000952.parquet,59624.0000079,59624.0415988,202202,202202,3593.45997605,4,333.458896517,3260.00107953,59624.0000079,59624.0415988
953,processed,202202,0214/Esg20220214_09.root,/mnt/mydisk/WCDA_observation_eval/0214/Esg20220214_09.root,/mnt/mydisk/WCDA_observation_eval/recovered_time/0214/Esg20220214_09.time.root,311,311,311,False,196,obs_events/yyyymm=202202/part-000953.parquet,59624.0419436,59624.0420836,202202,202202,12.0939176297,0,0,12.0939176297,59624.0419437,59624.0420836
954,processed,202202,0214/Esg20220214_10.root,/mnt/mydisk/WCDA_observation_eval/0214/Esg20220214_10.root,/mnt/mydisk/WCDA_observation_eval/recovered_time/0214/Esg20220214_10.time.root,1304,1304,1304,False,902,obs_events/yyyymm=202202/part-000954.parquet,59624.1150211,59624.1169431,202202,202202,166.060301126,0,0,166.060301126,59624.1150211,59624.1169431
955,processed,202202,0214/Esg20220214_14.root,/mnt/mydisk/WCDA_observation_eval/0214/Esg20220214_14.root,/mnt/mydisk/WCDA_observation_eval/recovered_time/0214/Esg20220214_14.time.root,3096,3096,3096,False,2031,obs_events/yyyymm=202202/part-000955.parquet,59624.286523,59624.2912119,202202,202202,405.119995703,2,161.153013445,243.966982258,59624.286523,59624.2912119
956,processed,202202,0214/Esg20220214_15.root,/mnt/mydisk/WCDA_observation_eval/0214/Esg20220214_15.root,/mnt/mydisk/WCDA_observation_eval/recovered_time/0214/Esg20220214_15.time.root,26100,26100,26100,False,17436,obs_events/yyyymm=202202/part-000956.parquet,59624.2916722,59624.333019,202202,202202,3572.36214678,3,242.86966247,3329.49248431,59624.2916722,59624.333019
957,processed,202202,0214/Esg20220214_16.root,/mnt/mydisk/WCDA_observation_eval/0214/Esg20220214_16.root,/mnt/mydisk/WCDA_observation_eval/recovered_time/0214/Esg20220214_16.time.root,26443,26443,26443,False,17530,obs_events/yyyymm=202202/part-000957.parquet,59624.3334705,59624.3745661,202202,202202,3550.65684118,0,0,3550.65684118,59624.3334705,59624.3745661
958,processed,202202,0214/Esg20220214_17.root,/mnt/mydisk/WCDA_observation_eval/0214/Esg20220214_17.root,/mnt/mydisk/WCDA_observation_eval/recovered_time/0214/Esg20220214_17.time.root,28716,28716,28716,False,19168,obs_events/yyyymm=202202/part-000958.parquet,59624.3750122,59624.4163327,202202,202202,3570.09520135,6,530.766076036,3039.32912531,59624.3750122,59624.4163327
959,processed,202202,0214/Esg20220214_18.root,/mnt/mydisk/WCDA_observation_eval/0214/Esg20220214_18.root,/mnt/mydisk/WCDA_observation_eval/recovered_time/0214/Esg20220214_18.time.root,51003,51003,51003,False,34309,obs_events/yyyymm=202202/part-000959.parquet,59624.4167737,59624.4579051,202202,202202,3553.75177385,7,614.828448859,2938.92332499,59624.4167737,59624.4579051
960,processed,202202,0214/Esg20220214_19.root,/mnt/mydisk/WCDA_observation_eval/0214/Esg20220214_19.root,/mnt/mydisk/WCDA_observation_eval/recovered_time/0214/Esg20220214_19.time.root,114751,114751,114751,False,77740,obs_events/yyyymm=202202/part-000960.parquet,59624.4583585,59624.4998131,202202,202202,3581.67832915,6,492.192864418,3089.48546473,59624.4583585,59624.4998131
961,processed,202202,0214/Esg20220214_20.root,/mnt/mydisk/WCDA_observation_eval/0214/Esg20220214_20.root,/mnt/mydisk/WCDA_observation_eval/recovered_time/0214/Esg20220214_20.time.root,257067,257067,257067,False,166613,obs_events/yyyymm=202202/part-000961.parquet,59624.5002723,59624.5415023,202202,202202,3562.26992633,6,486.031431332,3076.238495,59624.5002724,59624.5415023
962,processed,202202,0214/Esg20220214_21.root,/mnt/mydisk/WCDA_observation_eval/0214/Esg20220214_21.root,/mnt/mydisk/WCDA_observation_eval/recovered_time/0214/Esg20220214_21.time.root,330672,330672,330672,False,209795,obs_events/yyyymm=202202/part-000962.parquet,59624.5419395,59624.582891,202202,202202,3538.21129224,4,321.995100193,3216.21619205,59624.5419395,59624.582891
963,processed,202202,0214/Esg20220214_22.root,/mnt/mydisk/WCDA_observation_eval/0214/Esg20220214_22.root,/mnt/mydisk/WCDA_observation_eval/recovered_time/0214/Esg20220214_22.time.root,170105,170105,170105,False,113944,obs_events/yyyymm=202202/part-000963.parquet,59624.5833432,59624.6249621,202202,202202,3595.87736009,5,455.230424716,3140.64693537,59624.5833432,59624.6249621
964,processed,202202,0214/Esg20220214_23.root,/mnt/mydisk/WCDA_observation_eval/0214/Esg20220214_23.root,/mnt/mydisk/WCDA_observation_eval/recovered_time/0214/Esg20220214_23.time.root,94247,94247,94247,False,64176,obs_events/yyyymm=202202/part-000964.parquet,59624.6254328,59624.6661821,202202,202202,3520.74393136,2,167.274619499,3353.46931187,59624.6254328,59624.6661821
965,processed,202202,0215/Esg20220215_00.root,/mnt/mydisk/WCDA_observation_eval/0215/Esg20220215_00.root,/mnt/mydisk/WCDA_observation_eval/recovered_time/0215/Esg20220215_00.time.root,94044,94044,94044,False,64188,obs_events/yyyymm=202202/part-000965.parquet,59624.66666,59624.7080538,202202,202202,3576.42385592,4,335.561550572,3240.86230535,59624.66666,59624.7080538
966,processed,202202,0215/Esg20220215_01.root,/mnt/mydisk/WCDA_observation_eval/0215/Esg20220215_01.root,/mnt/mydisk/WCDA_observation_eval/recovered_time/0215/Esg20220215_01.time.root,163905,163905,163905,False,109606,obs_events/yyyymm=202202/part-000966.parquet,59624.7085156,59624.7498697,202202,202202,3572.99012316,6,499.790382804,3073.19974035,59624.7085156,59624.7498697
967,processed,202202,0215/Esg20220215_02.root,/mnt/mydisk/WCDA_observation_eval/0215/Esg20220215_02.root,/mnt/mydisk/WCDA_observation_eval/recovered_time/0215/Esg20220215_02.time.root,289237,289237,289237,False,185658,obs_events/yyyymm=202202/part-000967.parquet,59624.7503138,59624.7915528,202202,202202,3563.05476227,3,244.851264451,3318.20349782,59624.7503138,59624.7915528
968,processed,202202,0215/Esg20220215_03.root,/mnt/mydisk/WCDA_observation_eval/0215/Esg20220215_03.root,/mnt/mydisk/WCDA_observation_eval/recovered_time/0215/Esg20220215_03.time.root,227004,227004,227004,False,149098,obs_events/yyyymm=202202/part-000968.parquet,59624.7920037,59624.8331072,202202,202202,3551.3409365,5,409.302001912,3142.03893458,59624.7920037,59624.8331072
969,processed,202202,0215/Esg20220215_04.root,/mnt/mydisk/WCDA_observation_eval/0215/Esg20220215_04.root,/mnt/mydisk/WCDA_observation_eval/recovered_time/0215/Esg20220215_04.time.root,117470,117470,117470,False,79815,obs_events/yyyymm=202202/part-000969.parquet,59624.8335714,59624.8745273,202202,202202,3538.59115716,5,413.576234411,3125.01492274,59624.8335714,59624.8745272
970,processed,202202,0215/Esg20220215_05.root,/mnt/mydisk/WCDA_observation_eval/0215/Esg20220215_05.root,/mnt/mydisk/WCDA_observation_eval/recovered_time/0215/Esg20220215_05.time.root,59509,59509,59509,False,40252,obs_events/yyyymm=202202/part-000970.parquet,59624.874989,59624.9163806,202202,202202,3576.22924321,5,458.456313098,3117.77293012,59624.874989,59624.9163806
971,processed,202202,0215/Esg20220215_06.root,/mnt/mydisk/WCDA_observation_eval/0215/Esg20220215_06.root,/mnt/mydisk/WCDA_observation_eval/recovered_time/0215/Esg20220215_06.time.root,33689,33689,33689,False,22604,obs_events/yyyymm=202202/part-000971.parquet,59624.9168522,59624.9582764,202202,202202,3579.04694318,4,335.461526597,3243.58541658,59624.9168522,59624.9582764
972,processed,202202,0215/Esg20220215_07.root,/mnt/mydisk/WCDA_observation_eval/0215/Esg20220215_07.root,/mnt/mydisk/WCDA_observation_eval/recovered_time/0215/Esg20220215_07.time.root,24993,24993,24993,False,16761,obs_events/yyyymm=202202/part-000972.parquet,59624.9587565,59624.999696,202202,202202,3537.17079107,5,419.105204497,3118.06558657,59624.9587565,59624.999696
973,processed,202202,0215/Esg20220215_08.root,/mnt/mydisk/WCDA_observation_eval/0215/Esg20220215_08.root,/mnt/mydisk/WCDA_observation_eval/recovered_time/0215/Esg20220215_08.time.root,25069,25069,25069,False,16558,obs_events/yyyymm=202202/part-000973.parquet,59625.0001729,59625.0415196,202202,202202,3572.35315908,7,585.236992361,2987.11616672,59625.0001729,59625.0415196
974,processed,202202,0215/Esg20220215_09.root,/mnt/mydisk/WCDA_observation_eval/0215/Esg20220215_09.root,/mnt/mydisk/WCDA_observation_eval/recovered_time/0215/Esg20220215_09.time.root,25013,25013,25013,False,16604,obs_events/yyyymm=202202/part-000974.parquet,59625.0419975,59625.0831967,202202,202202,3559.61200346,4,375.591685111,3184.02031835,59625.0419975,59625.0831967
975,processed,202202,0215/Esg20220215_10.root,/mnt/mydisk/WCDA_observation_eval/0215/Esg20220215_10.root,/mnt/mydisk/WCDA_observation_eval/recovered_time/0215/Esg20220215_10.time.root,25052,25052,25052,False,16763,obs_events/yyyymm=202202/part-000975.parquet,59625.083669,59625.1245353,202202,202202,3530.85292652,4,331.11093475,3199.74199177,59625.083669,59625.1245353
976,processed,202202,0215/Esg20220215_11.root,/mnt/mydisk/WCDA_observation_eval/0215/Esg20220215_11.root,/mnt/mydisk/WCDA_observation_eval/recovered_time/0215/Esg20220215_11.time.root,3973,3973,3973,False,2663,obs_events/yyyymm=202202/part-000976.parquet,59625.1249986,59625.1317153,202202,202202,580.321674398,1,82.6551661128,497.666508285,59625.1249986,59625.1317153
977,processed,202202,0215/Esg20220215_16.root,/mnt/mydisk/WCDA_observation_eval/0215/Esg20220215_16.root,/mnt/mydisk/WCDA_observation_eval/recovered_time/0215/Esg20220215_16.time.root,5420,5420,5420,False,2848,obs_events/yyyymm=202202/part-000977.parquet,59625.349327,59625.3743594,202202,202202,2162.80273085,3,1505.42430407,657.378426776,59625.349327,59625.3743594
978,processed,202202,0215/Esg20220215_17.root,/mnt/mydisk/WCDA_observation_eval/0215/Esg20220215_17.root,/mnt/mydisk/WCDA_observation_eval/recovered_time/0215/Esg20220215_17.time.root,22241,22241,22241,False,14280,obs_events/yyyymm=202202/part-000978.parquet,59625.3746361,59625.4164281,202202,202202,3610.83172602,5,1461.798687,2149.03303902,59625.3746361,59625.4164281
979,processed,202202,0215/Esg20220215_18.root,/mnt/mydisk/WCDA_observation_eval/0215/Esg20220215_18.root,/mnt/mydisk/WCDA_observation_eval/recovered_time/0215/Esg20220215_18.time.root,56095,56095,56095,False,37922,obs_events/yyyymm=202202/part-000979.parquet,59625.4168833,59625.4578175,202202,202202,3536.70997834,4,325.908166752,3210.80181159,59625.4168833,59625.4578175
980,processed,202202,0215/Esg20220215_19.root,/mnt/mydisk/WCDA_observation_eval/0215/Esg20220215_19.root,/mnt/mydisk/WCDA_observation_eval/recovered_time/0215/Esg20220215_19.time.root,122750,122750,122750,False,83233,obs_events/yyyymm=202202/part-000980.parquet,59625.458278,59625.499918,202202,202202,3597.6963806,8,693.035966973,2904.66041362,59625.458278,59625.499918
981,processed,202202,0215/Esg20220215_20.root,/mnt/mydisk/WCDA_observation_eval/0215/Esg20220215_20.root,/mnt/mydisk/WCDA_observation_eval/recovered_time/0215/Esg20220215_20.time.root,272227,272227,272227,False,176036,obs_events/yyyymm=202202/part-000981.parquet,59625.5003607,59625.541231,202202,202202,3531.19889377,4,362.401508214,3168.79738555,59625.5003607,59625.541231
982,processed,202202,0215/Esg20220215_21.root,/mnt/mydisk/WCDA_observation_eval/0215/Esg20220215_21.root,/mnt/mydisk/WCDA_observation_eval/recovered_time/0215/Esg20220215_21.time.root,334557,334557,334557,False,213368,obs_events/yyyymm=202202/part-000982.parquet,59625.5416611,59625.5832644,202202,202202,3594.52262744,3,239.672819898,3354.84980755,59625.5416611,59625.5832644
983,processed,202202,0215/Esg20220215_22.root,/mnt/mydisk/WCDA_observation_eval/0215/Esg20220215_22.root,/mnt/mydisk/WCDA_observation_eval/recovered_time/0215/Esg20220215_22.time.root,164406,164406,164406,False,110926,obs_events/yyyymm=202202/part-000983.parquet,59625.5837152,59625.6249545,202202,202202,3563.07516675,4,328.423384577,3234.65178218,59625.5837152,59625.6249545
984,processed,202202,0215/Esg20220215_23.root,/mnt/mydisk/WCDA_observation_eval/0215/Esg20220215_23.root,/mnt/mydisk/WCDA_observation_eval/recovered_time/0215/Esg20220215_23.time.root,95297,95297,95297,False,65324,obs_events/yyyymm=202202/part-000984.parquet,59625.625417,59625.6665844,202202,202202,3556.86420794,3,247.466466646,3309.39774129,59625.625417,59625.6665844
985,processed,202202,0216/Esg20220216_00.root,/mnt/mydisk/WCDA_observation_eval/0216/Esg20220216_00.root,/mnt/mydisk/WCDA_observation_eval/recovered_time/0216/Esg20220216_00.time.root,95677,95677,95677,False,65209,obs_events/yyyymm=202202/part-000985.parquet,59625.6670445,59625.7078191,202202,202202,3522.93070536,6,495.558246109,3027.37245925,59625.6670445,59625.7078191
986,processed,202202,0216/Esg20220216_01.root,/mnt/mydisk/WCDA_observation_eval/0216/Esg20220216_01.root,/mnt/mydisk/WCDA_observation_eval/recovered_time/0216/Esg20220216_01.time.root,170683,170683,170683,False,114449,obs_events/yyyymm=202202/part-000986.parquet,59625.7082853,59625.7499316,202202,202202,3598.23847432,9,775.761279557,2822.47719476,59625.7082853,59625.7499316
987,processed,202202,0216/Esg20220216_02.root,/mnt/mydisk/WCDA_observation_eval/0216/Esg20220216_02.root,/mnt/mydisk/WCDA_observation_eval/recovered_time/0216/Esg20220216_02.time.root,291255,291255,291255,False,186277,obs_events/yyyymm=202202/part-000987.parquet,59625.7503721,59625.7915155,202202,202202,3554.79267358,6,480.604710616,3074.18796297,59625.7503721,59625.7915155
988,processed,202202,0216/Esg20220216_03.root,/mnt/mydisk/WCDA_observation_eval/0216/Esg20220216_03.root,/mnt/mydisk/WCDA_observation_eval/recovered_time/0216/Esg20220216_03.time.root,226302,226302,226302,False,149166,obs_events/yyyymm=202202/part-000988.parquet,59625.791945,59625.8328862,202202,202202,3537.31322894,4,322.355455183,3214.95777376,59625.791945,59625.8328862
989,processed,202202,0216/Esg20220216_04.root,/mnt/mydisk/WCDA_observation_eval/0216/Esg20220216_04.root,/mnt/mydisk/WCDA_observation_eval/recovered_time/0216/Esg20220216_04.time.root,115602,115602,115602,False,78159,obs_events/yyyymm=202202/part-000989.parquet,59625.8333291,59625.8745324,202202,202202,3559.96994069,5,448.736967053,3111.23297364,59625.8333291,59625.8745324
990,processed,202202,0216/Esg20220216_05.root,/mnt/mydisk/WCDA_observation_eval/0216/Esg20220216_05.root,/mnt/mydisk/WCDA_observation_eval/recovered_time/0216/Esg20220216_05.time.root,59881,59881,59881,False,40786,obs_events/yyyymm=202202/part-000990.parquet,59625.8749909,59625.9165017,202202,202202,3586.5345987,5,408.67603845,3177.85856025,59625.8749909,59625.9165017
991,processed,202202,0216/Esg20220216_06.root,/mnt/mydisk/WCDA_observation_eval/0216/Esg20220216_06.root,/mnt/mydisk/WCDA_observation_eval/recovered_time/0216/Esg20220216_06.time.root,33573,33573,33573,False,22599,obs_events/yyyymm=202202/part-000991.parquet,59625.9169645,59625.957909,202202,202202,3537.6074658,3,245.32211409,3292.28535171,59625.9169645,59625.9579089
992,processed,202202,0216/Esg20220216_07.root,/mnt/mydisk/WCDA_observation_eval/0216/Esg20220216_07.root,/mnt/mydisk/WCDA_observation_eval/recovered_time/0216/Esg20220216_07.time.root,26055,26055,26055,False,17287,obs_events/yyyymm=202202/part-000992.parquet,59625.9583675,59625.9997635,202202,202202,3576.61922802,5,409.46013825,3167.15908977,59625.9583675,59625.9997635
993,processed,202202,0216/Esg20220216_08.root,/mnt/mydisk/WCDA_observation_eval/0216/Esg20220216_08.root,/mnt/mydisk/WCDA_observation_eval/recovered_time/0216/Esg20220216_08.time.root,26044,26044,26044,False,17369,obs_events/yyyymm=202202/part-000993.parquet,59626.0002138,59626.0414872,202202,202202,3566.01973877,4,326.472750795,3239.54698797,59626.0002138,59626.0414872
994,processed,202202,0216/Esg20220216_09.root,/mnt/mydisk/WCDA_observation_eval/0216/Esg20220216_09.root,/mnt/mydisk/WCDA_observation_eval/recovered_time/0216/Esg20220216_09.time.root,12421,12421,12421,False,8342,obs_events/yyyymm=202202/part-000994.parquet,59626.0419395,59626.0832525,202202,202202,3569.44902011,2,2065.7656434,1503.68337671,59626.0419395,59626.0832525
995,processed,202202,0216/Esg20220216_10.root,/mnt/mydisk/WCDA_observation_eval/0216/Esg20220216_10.root,/mnt/mydisk/WCDA_observation_eval/recovered_time/0216/Esg20220216_10.time.root,7746,7746,7746,False,5114,obs_events/yyyymm=202202/part-000995.parquet,59626.0837171,59626.0953695,202202,202202,1006.76025103,2,160.585905402,846.174345631,59626.0837171,59626.0953694
996,processed,202202,0216/Esg20220216_16.root,/mnt/mydisk/WCDA_observation_eval/0216/Esg20220216_16.root,/mnt/mydisk/WCDA_observation_eval/recovered_time/0216/Esg20220216_16.time.root,20567,20567,20567,False,13696,obs_events/yyyymm=202202/part-000996.parquet,59626.3427462,59626.3745397,202202,202202,2746.95983569,3,324.290130869,2422.66970482,59626.3427462,59626.3745397
997,processed,202202,0216/Esg20220216_17.root,/mnt/mydisk/WCDA_observation_eval/0216/Esg20220216_17.root,/mnt/mydisk/WCDA_observation_eval/recovered_time/0216/Esg20220216_17.time.root,32268,32268,32268,False,21761,obs_events/yyyymm=202202/part-000997.parquet,59626.3749887,59626.4164321,202202,202202,3580.71077254,8,632.750415872,2947.96035667,59626.3749887,59626.4164321
998,processed,202202,0216/Esg20220216_18.root,/mnt/mydisk/WCDA_observation_eval/0216/Esg20220216_18.root,/mnt/mydisk/WCDA_observation_eval/recovered_time/0216/Esg20220216_18.time.root,60821,60821,60821,False,41422,obs_events/yyyymm=202202/part-000998.parquet,59626.4168598,59626.4582025,202202,202202,3572.0151932,6,477.464798559,3094.55039464,59626.4168598,59626.4582025
999,processed,202202,0216/Esg20220216_19.root,/mnt/mydisk/WCDA_observation_eval/0216/Esg20220216_19.root,/mnt/mydisk/WCDA_observation_eval/recovered_time/0216/Esg20220216_19.time.root,133332,133332,133332,False,90040,obs_events/yyyymm=202202/part-000999.parquet,59626.4586378,59626.4999053,202202,202202,3565.51460987,5,397.980946465,3167.5336634,59626.4586378,59626.4999053
1000,processed,202202,0216/Esg20220216_20.root,/mnt/mydisk/WCDA_observation_eval/0216/Esg20220216_20.root,/mnt/mydisk/WCDA_observation_eval/recovered_time/0216/Esg20220216_20.time.root,287455,287455,287455,False,185277,obs_events/yyyymm=202202/part-001000.parquet,59626.5003164,59626.5413095,202202,202202,3541.79946617,6,469.847275503,3071.95219067,59626.5003164,59626.5413095
1001,processed,202202,0216/Esg20220216_21.root,/mnt/mydisk/WCDA_observation_eval/0216/Esg20220216_21.root,/mnt/mydisk/WCDA_observation_eval/recovered_time/0216/Esg20220216_21.time.root,326845,326845,326845,False,209162,obs_events/yyyymm=202202/part-001001.parquet,59626.5416912,59626.5828956,202202,202202,3560.05538895,4,312.669247412,3247.38614154,59626.5416912,59626.5828955
1002,processed,202202,0216/Esg20220216_22.root,/mnt/mydisk/WCDA_observation_eval/0216/Esg20220216_22.root,/mnt/mydisk/WCDA_observation_eval/recovered_time/0216/Esg20220216_22.time.root,161330,161330,161330,False,109274,obs_events/yyyymm=202202/part-001002.parquet,59626.5832859,59626.6248796,202202,202202,3593.70058402,3,238.879705989,3354.82087804,59626.5832859,59626.6248795
1003,processed,202202,0216/Esg20220216_23.root,/mnt/mydisk/WCDA_observation_eval/0216/Esg20220216_23.root,/mnt/mydisk/WCDA_observation_eval/recovered_time/0216/Esg20220216_23.time.root,96879,96879,96879,False,66444,obs_events/yyyymm=202202/part-001003.parquet,59626.6249166,59626.6666137,202202,202202,3602.63353384,2,161.739368644,3440.89416519,59626.6249166,59626.6666137
1004,processed,202202,0217/Esg20220217_00.root,/mnt/mydisk/WCDA_observation_eval/0217/Esg20220217_00.root,/mnt/mydisk/WCDA_observation_eval/recovered_time/0217/Esg20220217_00.time.root,102583,102583,102583,False,70255,obs_events/yyyymm=202202/part-001004.parquet,59626.6666645,59626.7081125,202202,202202,3581.10889387,4,324.440929689,3256.66796418,59626.6666645,59626.7081125
1005,processed,202202,0217/Esg20220217_01.root,/mnt/mydisk/WCDA_observation_eval/0217/Esg20220217_01.root,/mnt/mydisk/WCDA_observation_eval/recovered_time/0217/Esg20220217_01.time.root,183649,183649,183649,False,122370,obs_events/yyyymm=202202/part-001005.parquet,59626.7084935,59626.7495963,202202,202202,3551.27678413,5,484.458747623,3066.81803651,59626.7084935,59626.7495963
1006,processed,202202,0217/Esg20220217_02.root,/mnt/mydisk/WCDA_observation_eval/0217/Esg20220217_02.root,/mnt/mydisk/WCDA_observation_eval/recovered_time/0217/Esg20220217_02.time.root,303937,303937,303937,False,195086,obs_events/yyyymm=202202/part-001006.parquet,59626.749966,59626.7914638,202202,202202,3585.4115404,5,394.432307244,3190.97923315,59626.749966,59626.7914638
1007,processed,202202,0217/Esg20220217_03.root,/mnt/mydisk/WCDA_observation_eval/0217/Esg20220217_03.root,/mnt/mydisk/WCDA_observation_eval/recovered_time/0217/Esg20220217_03.time.root,222131,222131,222131,False,146824,obs_events/yyyymm=202202/part-001007.parquet,59626.7918315,59626.8332775,202202,202202,3580.93189637,4,319.429541286,3261.50235508,59626.7918315,59626.8332775
1008,processed,202202,0217/Esg20220217_04.root,/mnt/mydisk/WCDA_observation_eval/0217/Esg20220217_04.root,/mnt/mydisk/WCDA_observation_eval/recovered_time/0217/Esg20220217_04.time.root,110039,110039,110039,False,74820,obs_events/yyyymm=202202/part-001008.parquet,59626.833666,59626.8749232,202202,202202,3564.61886815,7,565.142780542,2999.47608761,59626.833666,59626.8749232
1009,processed,202202,0217/Esg20220217_05.root,/mnt/mydisk/WCDA_observation_eval/0217/Esg20220217_05.root,/mnt/mydisk/WCDA_observation_eval/recovered_time/0217/Esg20220217_05.time.root,58363,58363,58363,False,39778,obs_events/yyyymm=202202/part-001009.parquet,59626.8749941,59626.9166009,202202,202202,3594.82996145,3,243.107224046,3351.7227374,59626.8749941,59626.9166009
1010,processed,202202,0217/Esg20220217_06.root,/mnt/mydisk/WCDA_observation_eval/0217/Esg20220217_06.root,/mnt/mydisk/WCDA_observation_eval/recovered_time/0217/Esg20220217_06.time.root,32306,32306,32306,False,21806,obs_events/yyyymm=202202/part-001010.parquet,59626.9166786,59626.9579338,202202,202202,3564.4450082,6,488.923390349,3075.52161785,59626.9166786,59626.9579338
1011,processed,202202,0217/Esg20220217_07.root,/mnt/mydisk/WCDA_observation_eval/0217/Esg20220217_07.root,/mnt/mydisk/WCDA_observation_eval/recovered_time/0217/Esg20220217_07.time.root,25900,25900,25900,False,17185,obs_events/yyyymm=202202/part-001011.parquet,59626.9583049,59626.9997589,202202,202202,3581.63238543,7,573.195924098,3008.43646133,59626.9583049,59626.9997589
1012,processed,202202,0217/Esg20220217_08.root,/mnt/mydisk/WCDA_observation_eval/0217/Esg20220217_08.root,/mnt/mydisk/WCDA_observation_eval/recovered_time/0217/Esg20220217_08.time.root,26372,26372,26372,False,17611,obs_events/yyyymm=202202/part-001012.parquet,59627.0001389,59627.0415513,202202,202202,3578.03363269,3,237.42603818,3340.60759451,59627.0001389,59627.0415513
1013,processed,202202,0217/Esg20220217_09.root,/mnt/mydisk/WCDA_observation_eval/0217/Esg20220217_09.root,/mnt/mydisk/WCDA_observation_eval/recovered_time/0217/Esg20220217_09.time.root,23861,23861,23861,False,15902,obs_events/yyyymm=202202/part-001013.parquet,59627.0419241,59627.07933,202202,202202,3231.87086473,4,324.9660576,2906.90480713,59627.0419241,59627.07933
1014,processed,202202,0217/Esg20220217_15.root,/mnt/mydisk/WCDA_observation_eval/0217/Esg20220217_15.root,/mnt/mydisk/WCDA_observation_eval/recovered_time/0217/Esg20220217_15.time.root,9249,9249,9249,False,6141,obs_events/yyyymm=202202/part-001014.parquet,59627.3192935,59627.3329028,202202,202202,1175.84510953,2,155.993346451,1019.85176308,59627.3192935,59627.3329028
1015,processed,202202,0217/Esg20220217_16.root,/mnt/mydisk/WCDA_observation_eval/0217/Esg20220217_16.root,/mnt/mydisk/WCDA_observation_eval/recovered_time/0217/Esg20220217_16.time.root,12868,12868,12868,False,8510,obs_events/yyyymm=202202/part-001015.parquet,59627.3333436,59627.3743137,202202,202202,3539.81301673,3,2113.23283589,1426.58018083,59627.3333436,59627.3743135
1016,processed,202202,0217/Esg20220217_17.root,/mnt/mydisk/WCDA_observation_eval/0217/Esg20220217_17.root,/mnt/mydisk/WCDA_observation_eval/recovered_time/0217/Esg20220217_17.time.root,31921,31921,31921,False,21234,obs_events/yyyymm=202202/part-001016.parquet,59627.3747594,59627.4163606,202202,202202,3594.34475738,7,643.342147674,2951.00260971,59627.3747594,59627.4163606
1017,processed,202202,0217/Esg20220217_18.root,/mnt/mydisk/WCDA_observation_eval/0217/Esg20220217_18.root,/mnt/mydisk/WCDA_observation_eval/recovered_time/0217/Esg20220217_18.time.root,63844,63844,63844,False,43154,obs_events/yyyymm=202202/part-001017.parquet,59627.4168032,59627.4581704,202202,202202,3574.11806351,2,159.408506588,3414.70955692,59627.4168032,59627.4581704
1018,processed,202202,0217/Esg20220217_19.root,/mnt/mydisk/WCDA_observation_eval/0217/Esg20220217_19.root,/mnt/mydisk/WCDA_observation_eval/recovered_time/0217/Esg20220217_19.time.root,137080,137080,137080,False,92735,obs_events/yyyymm=202202/part-001018.parquet,59627.4586072,59627.4999346,202202,202202,3570.68903488,5,398.139599548,3172.54943533,59627.4586072,59627.4999346
1019,processed,202202,0217/Esg20220217_20.root,/mnt/mydisk/WCDA_observation_eval/0217/Esg20220217_20.root,/mnt/mydisk/WCDA_observation_eval/recovered_time/0217/Esg20220217_20.time.root,303244,303244,303244,False,194466,obs_events/yyyymm=202202/part-001019.parquet,59627.5003611,59627.5415664,202202,202202,3560.13647444,3,234.893869003,3325.24260543,59627.5003611,59627.5415664
1020,processed,202202,0217/Esg20220217_21.root,/mnt/mydisk/WCDA_observation_eval/0217/Esg20220217_21.root,/mnt/mydisk/WCDA_observation_eval/recovered_time/0217/Esg20220217_21.time.root,317165,317165,317165,False,203233,obs_events/yyyymm=202202/part-001020.parquet,59627.5419637,59627.5832968,202202,202202,3571.18517167,3,237.115048617,3334.07012306,59627.5419637,59627.5832968
1021,processed,202202,0217/Esg20220217_22.root,/mnt/mydisk/WCDA_observation_eval/0217/Esg20220217_22.root,/mnt/mydisk/WCDA_observation_eval/recovered_time/0217/Esg20220217_22.time.root,146925,146925,146925,False,99684,obs_events/yyyymm=202202/part-001021.parquet,59627.583295,59627.6247231,202202,202202,3579.38707536,7,604.610569635,2974.77650573,59627.583295,59627.6247231
1022,processed,202202,0217/Esg20220217_23.root,/mnt/mydisk/WCDA_observation_eval/0217/Esg20220217_23.root,/mnt/mydisk/WCDA_observation_eval/recovered_time/0217/Esg20220217_23.time.root,90807,90807,90807,False,61950,obs_events/yyyymm=202202/part-001022.parquet,59627.6251565,59627.6663795,202202,202202,3561.67156028,8,652.544747503,2909.12681278,59627.6251565,59627.6663795
1023,processed,202202,0218/Esg20220218_00.root,/mnt/mydisk/WCDA_observation_eval/0218/Esg20220218_00.root,/mnt/mydisk/WCDA_observation_eval/recovered_time/0218/Esg20220218_00.time.root,104203,104203,104203,False,70881,obs_events/yyyymm=202202/part-001023.parquet,59627.6668105,59627.7081286,202202,202202,3569.88723879,4,326.478456985,3243.4087818,59627.6668105,59627.7081286
1024,processed,202202,0218/Esg20220218_01.root,/mnt/mydisk/WCDA_observation_eval/0218/Esg20220218_01.root,/mnt/mydisk/WCDA_observation_eval/recovered_time/0218/Esg20220218_01.time.root,195632,195632,195632,False,129697,obs_events/yyyymm=202202/part-001024.parquet,59627.7085475,59627.7499679,202202,202202,3578.72475309,3,243.443556712,3335.28119638,59627.7085475,59627.7499679
1025,processed,202202,0218/Esg20220218_02.root,/mnt/mydisk/WCDA_observation_eval/0218/Esg20220218_02.root,/mnt/mydisk/WCDA_observation_eval/recovered_time/0218/Esg20220218_02.time.root,305306,305306,305306,False,195339,obs_events/yyyymm=202202/part-001025.parquet,59627.74997,59627.7913858,202202,202202,3578.32468548,2,159.99245597,3418.33222951,59627.74997,59627.7913858
1026,processed,202202,0218/Esg20220218_03.root,/mnt/mydisk/WCDA_observation_eval/0218/Esg20220218_03.root,/mnt/mydisk/WCDA_observation_eval/recovered_time/0218/Esg20220218_03.time.root,208609,208609,208609,False,137846,obs_events/yyyymm=202202/part-001026.parquet,59627.7917958,59627.8332029,202202,202202,3577.5702727,5,402.903885464,3174.66638724,59627.7917958,59627.8332027
1027,processed,202202,0218/Esg20220218_04.root,/mnt/mydisk/WCDA_observation_eval/0218/Esg20220218_04.root,/mnt/mydisk/WCDA_observation_eval/recovered_time/0218/Esg20220218_04.time.root,104113,104113,104113,False,70684,obs_events/yyyymm=202202/part-001027.parquet,59627.8336338,59627.8745615,202202,202202,3536.15072141,5,408.852240094,3127.29848132,59627.8336338,59627.8745615
1028,processed,202202,0218/Esg20220218_05.root,/mnt/mydisk/WCDA_observation_eval/0218/Esg20220218_05.root,/mnt/mydisk/WCDA_observation_eval/recovered_time/0218/Esg20220218_05.time.root,53106,53106,53106,False,36227,obs_events/yyyymm=202202/part-001028.parquet,59627.8749954,59627.9164192,202202,202202,3579.01453727,8,660.736888996,2918.27764828,59627.8749954,59627.9164191
1029,processed,202202,0218/Esg20220218_06.root,/mnt/mydisk/WCDA_observation_eval/0218/Esg20220218_06.root,/mnt/mydisk/WCDA_observation_eval/recovered_time/0218/Esg20220218_06.time.root,31343,31343,31343,False,21011,obs_events/yyyymm=202202/part-001029.parquet,59627.9168579,59627.9582811,202202,202202,3578.96657183,3,248.62675569,3330.33981614,59627.9168579,59627.9582811
1030,processed,202202,0218/Esg20220218_07.root,/mnt/mydisk/WCDA_observation_eval/0218/Esg20220218_07.root,/mnt/mydisk/WCDA_observation_eval/recovered_time/0218/Esg20220218_07.time.root,25592,25592,25592,False,16976,obs_events/yyyymm=202202/part-001030.parquet,59627.9583129,59627.9998066,202202,202202,3585.05978209,5,415.321042389,3169.73873971,59627.9583129,59627.9998065
1031,processed,202202,0218/Esg20220218_08.root,/mnt/mydisk/WCDA_observation_eval/0218/Esg20220218_08.root,/mnt/mydisk/WCDA_observation_eval/recovered_time/0218/Esg20220218_08.time.root,24834,24834,24834,False,16566,obs_events/yyyymm=202202/part-001031.parquet,59628.000266,59628.0413381,202202,202202,3548.63279639,8,748.372422508,2800.26037388,59628.000266,59628.0413381
1032,processed,202202,0218/Esg20220218_09.root,/mnt/mydisk/WCDA_observation_eval/0218/Esg20220218_09.root,/mnt/mydisk/WCDA_observation_eval/recovered_time/0218/Esg20220218_09.time.root,25583,25583,25583,False,16974,obs_events/yyyymm=202202/part-001032.parquet,59628.0417829,59628.0830242,202202,202202,3563.24942023,7,575.939366268,2987.31005397,59628.0417829,59628.0830242
1033,processed,202202,0218/Esg20220218_10.root,/mnt/mydisk/WCDA_observation_eval/0218/Esg20220218_10.root,/mnt/mydisk/WCDA_observation_eval/recovered_time/0218/Esg20220218_10.time.root,25258,25258,25258,False,16799,obs_events/yyyymm=202202/part-001033.parquet,59628.0834725,59628.1234807,202202,202202,3456.71000176,3,245.936626825,3210.77337493,59628.0834725,59628.1234807
1034,processed,202202,0218/Esg20220218_13.root,/mnt/mydisk/WCDA_observation_eval/0218/Esg20220218_13.root,/mnt/mydisk/WCDA_observation_eval/recovered_time/0218/Esg20220218_13.time.root,8998,8998,8998,False,6042,obs_events/yyyymm=202202/part-001034.parquet,59628.2350909,59628.2498636,202202,202202,1276.36315401,2,164.298104891,1112.06504912,59628.2350909,59628.2498636
1035,processed,202202,0218/Esg20220218_14.root,/mnt/mydisk/WCDA_observation_eval/0218/Esg20220218_14.root,/mnt/mydisk/WCDA_observation_eval/recovered_time/0218/Esg20220218_14.time.root,25884,25884,25884,False,17397,obs_events/yyyymm=202202/part-001035.parquet,59628.2502968,59628.2915939,202202,202202,3568.075806,9,777.132388973,2790.94341702,59628.2502968,59628.2915939
1036,processed,202202,0218/Esg20220218_15.root,/mnt/mydisk/WCDA_observation_eval/0218/Esg20220218_15.root,/mnt/mydisk/WCDA_observation_eval/recovered_time/0218/Esg20220218_15.time.root,26413,26413,26413,False,17634,obs_events/yyyymm=202202/part-001036.parquet,59628.2920197,59628.3331513,202202,202202,3553.76880504,6,487.544585718,3066.22421932,59628.2920197,59628.3331513
1037,processed,202202,0218/Esg20220218_16.root,/mnt/mydisk/WCDA_observation_eval/0218/Esg20220218_16.root,/mnt/mydisk/WCDA_observation_eval/recovered_time/0218/Esg20220218_16.time.root,19066,19066,19066,False,12757,obs_events/yyyymm=202202/part-001037.parquet,59628.3335945,59628.3745087,202202,202202,3534.99103712,9,1600.74939996,1934.24163717,59628.3335945,59628.3745087
1038,processed,202202,0218/Esg20220218_17.root,/mnt/mydisk/WCDA_observation_eval/0218/Esg20220218_17.root,/mnt/mydisk/WCDA_observation_eval/recovered_time/0218/Esg20220218_17.time.root,23335,23335,23335,False,15648,obs_events/yyyymm=202202/part-001038.parquet,59628.3749787,59628.4161473,202202,202202,3556.96564887,4,1451.40733884,2105.55831003,59628.3749787,59628.4161473
1039,processed,202202,0218/Esg20220218_18.root,/mnt/mydisk/WCDA_observation_eval/0218/Esg20220218_18.root,/mnt/mydisk/WCDA_observation_eval/recovered_time/0218/Esg20220218_18.time.root,64764,64764,64764,False,43873,obs_events/yyyymm=202202/part-001039.parquet,59628.4166187,59628.4575789,202202,202202,3538.9610914,4,330.38254464,3208.57854676,59628.4166187,59628.4575789
1040,processed,202202,0218/Esg20220218_19.root,/mnt/mydisk/WCDA_observation_eval/0218/Esg20220218_19.root,/mnt/mydisk/WCDA_observation_eval/recovered_time/0218/Esg20220218_19.time.root,136385,136385,136385,False,91984,obs_events/yyyymm=202202/part-001040.parquet,59628.4580492,59628.4994295,202202,202202,3575.26076501,6,586.472708476,2988.78805654,59628.4580492,59628.4994293
1041,processed,202202,0218/Esg20220218_20.root,/mnt/mydisk/WCDA_observation_eval/0218/Esg20220218_20.root,/mnt/mydisk/WCDA_observation_eval/recovered_time/0218/Esg20220218_20.time.root,292605,292605,292605,False,187468,obs_events/yyyymm=202202/part-001041.parquet,59628.499885,59628.5414582,202202,202202,3591.92542958,9,818.343198183,2773.58223139,59628.499885,59628.5414582
1042,processed,202202,0218/Esg20220218_21.root,/mnt/mydisk/WCDA_observation_eval/0218/Esg20220218_21.root,/mnt/mydisk/WCDA_observation_eval/recovered_time/0218/Esg20220218_21.time.root,295872,295872,295872,False,190880,obs_events/yyyymm=202202/part-001042.parquet,59628.5418997,59628.5830583,202202,202202,3556.10284174,7,567.664651293,2988.43819045,59628.5418997,59628.5830583
1043,processed,202202,0218/Esg20220218_22.root,/mnt/mydisk/WCDA_observation_eval/0218/Esg20220218_22.root,/mnt/mydisk/WCDA_observation_eval/recovered_time/0218/Esg20220218_22.time.root,139631,139631,139631,False,95172,obs_events/yyyymm=202202/part-001043.parquet,59628.583519,59628.6247275,202202,202202,3560.41328846,6,497.611213499,3062.80207497,59628.583519,59628.6247275
1044,processed,202202,0218/Esg20220218_23.root,/mnt/mydisk/WCDA_observation_eval/0218/Esg20220218_23.root,/mnt/mydisk/WCDA_observation_eval/recovered_time/0218/Esg20220218_23.time.root,89392,89392,89392,False,61162,obs_events/yyyymm=202202/part-001044.parquet,59628.6251984,59628.6664548,202202,202202,3564.55023419,5,418.475953233,3146.07428096,59628.6251984,59628.6664547
1045,processed,202202,0219/Esg20220219_00.root,/mnt/mydisk/WCDA_observation_eval/0219/Esg20220219_00.root,/mnt/mydisk/WCDA_observation_eval/recovered_time/0219/Esg20220219_00.time.root,102641,102641,102641,False,70030,obs_events/yyyymm=202202/part-001045.parquet,59628.6669169,59628.708192,202202,202202,3566.17095752,8,668.196587521,2897.97437,59628.6669169,59628.708192
1046,processed,202202,0219/Esg20220219_01.root,/mnt/mydisk/WCDA_observation_eval/0219/Esg20220219_01.root,/mnt/mydisk/WCDA_observation_eval/recovered_time/0219/Esg20220219_01.time.root,197005,197005,197005,False,130171,obs_events/yyyymm=202202/part-001046.parquet,59628.7086447,59628.7497687,202202,202202,3553.11514484,9,740.051875077,2813.06326976,59628.7086447,59628.7497687
1047,processed,202202,0219/Esg20220219_02.root,/mnt/mydisk/WCDA_observation_eval/0219/Esg20220219_02.root,/mnt/mydisk/WCDA_observation_eval/recovered_time/0219/Esg20220219_02.time.root,298216,298216,298216,False,191299,obs_events/yyyymm=202202/part-001047.parquet,59628.7501924,59628.7916451,202202,202202,3581.51587907,5,403.812660207,3177.70321886,59628.7501924,59628.7916451
1048,processed,202202,0219/Esg20220219_03.root,/mnt/mydisk/WCDA_observation_eval/0219/Esg20220219_03.root,/mnt/mydisk/WCDA_observation_eval/recovered_time/0219/Esg20220219_03.time.root,197371,197371,197371,False,131392,obs_events/yyyymm=202202/part-001048.parquet,59628.7920595,59628.8328847,202202,202202,3527.2949243,6,490.608767071,3036.68615723,59628.7920595,59628.8328847
1049,processed,202202,0219/Esg20220219_04.root,/mnt/mydisk/WCDA_observation_eval/0219/Esg20220219_04.root,/mnt/mydisk/WCDA_observation_eval/recovered_time/0219/Esg20220219_04.time.root,102234,102234,102234,False,69876,obs_events/yyyymm=202202/part-001049.parquet,59628.8333171,59628.8749099,202202,202202,3593.61668599,4,329.142146395,3264.4745396,59628.8333172,59628.8749099
1050,processed,202202,0219/Esg20220219_05.root,/mnt/mydisk/WCDA_observation_eval/0219/Esg20220219_05.root,/mnt/mydisk/WCDA_observation_eval/recovered_time/0219/Esg20220219_05.time.root,51014,51014,51014,False,34944,obs_events/yyyymm=202202/part-001050.parquet,59628.8753706,59628.9164003,202202,202202,3544.96229729,6,496.307857311,3048.65443998,59628.8753706,59628.9164003
1051,processed,202202,0219/Esg20220219_06.root,/mnt/mydisk/WCDA_observation_eval/0219/Esg20220219_06.root,/mnt/mydisk/WCDA_observation_eval/recovered_time/0219/Esg20220219_06.time.root,30070,30070,30070,False,20097,obs_events/yyyymm=202202/part-001051.parquet,59628.9168777,59628.958038,202202,202202,3556.25597471,6,499.418939813,3056.8370349,59628.9168777,59628.9580378
1052,processed,202202,0219/Esg20220219_07.root,/mnt/mydisk/WCDA_observation_eval/0219/Esg20220219_07.root,/mnt/mydisk/WCDA_observation_eval/recovered_time/0219/Esg20220219_07.time.root,25155,25155,25155,False,16744,obs_events/yyyymm=202202/part-001052.parquet,59628.9584953,59628.9997416,202202,202202,3563.68570835,8,668.142103683,2895.54360467,59628.9584953,59628.9997416
1053,processed,202202,0219/Esg20220219_08.root,/mnt/mydisk/WCDA_observation_eval/0219/Esg20220219_08.root,/mnt/mydisk/WCDA_observation_eval/recovered_time/0219/Esg20220219_08.time.root,25333,25333,25333,False,16806,obs_events/yyyymm=202202/part-001053.parquet,59629.0002212,59629.0413396,202202,202202,3552.62939134,7,583.248341409,2969.38104993,59629.0002212,59629.0413396
1054,processed,202202,0219/Esg20220219_09.root,/mnt/mydisk/WCDA_observation_eval/0219/Esg20220219_09.root,/mnt/mydisk/WCDA_observation_eval/recovered_time/0219/Esg20220219_09.time.root,25684,25684,25684,False,17291,obs_events/yyyymm=202202/part-001054.parquet,59629.0417779,59629.0831052,202202,202202,3570.68091282,5,413.754887762,3156.92602505,59629.0417779,59629.0831052
1055,processed,202202,0219/Esg20220219_16.root,/mnt/mydisk/WCDA_observation_eval/0219/Esg20220219_16.root,/mnt/mydisk/WCDA_observation_eval/recovered_time/0219/Esg20220219_16.time.root,1725,1725,1725,False,1143,obs_events/yyyymm=202202/part-001055.parquet,59629.3430822,59629.3453881,202202,202202,199.225638737,0,0,199.225638737,59629.3430822,59629.3453881
1056,processed,202202,0219/Esg20220219_17.root,/mnt/mydisk/WCDA_observation_eval/0219/Esg20220219_17.root,/mnt/mydisk/WCDA_observation_eval/recovered_time/0219/Esg20220219_17.time.root,31280,31280,31280,False,20991,obs_events/yyyymm=202202/part-001056.parquet,59629.3791259,59629.4162424,202202,202202,3206.86044102,9,716.504256497,2490.35618452,59629.3791259,59629.4162424
1057,processed,202202,0219/Esg20220219_18.root,/mnt/mydisk/WCDA_observation_eval/0219/Esg20220219_18.root,/mnt/mydisk/WCDA_observation_eval/recovered_time/0219/Esg20220219_18.time.root,66770,66770,66770,False,45264,obs_events/yyyymm=202202/part-001057.parquet,59629.416701,59629.4579807,202202,202202,3566.56132203,10,801.498815347,2765.06250668,59629.4167011,59629.4579807
1058,processed,202202,0219/Esg20220219_19.root,/mnt/mydisk/WCDA_observation_eval/0219/Esg20220219_19.root,/mnt/mydisk/WCDA_observation_eval/recovered_time/0219/Esg20220219_19.time.root,151657,151657,151657,False,101917,obs_events/yyyymm=202202/part-001058.parquet,59629.4584366,59629.499551,202202,202202,3552.28511514,5,400.000857306,3152.28425784,59629.4584367,59629.499551
1059,processed,202202,0219/Esg20220219_20.root,/mnt/mydisk/WCDA_observation_eval/0219/Esg20220219_20.root,/mnt/mydisk/WCDA_observation_eval/recovered_time/0219/Esg20220219_20.time.root,316147,316147,316147,False,202017,obs_events/yyyymm=202202/part-001059.parquet,59629.499989,59629.5413146,202202,202202,3570.53072504,7,549.40842425,3021.12230079,59629.4999891,59629.5413146
1060,processed,202202,0219/Esg20220219_21.root,/mnt/mydisk/WCDA_observation_eval/0219/Esg20220219_21.root,/mnt/mydisk/WCDA_observation_eval/recovered_time/0219/Esg20220219_21.time.root,282813,282813,282813,False,182925,obs_events/yyyymm=202202/part-001060.parquet,59629.5417413,59629.583208,202202,202202,3582.7185072,12,950.158574036,2632.55993316,59629.5417413,59629.583208
1061,processed,202202,0219/Esg20220219_22.root,/mnt/mydisk/WCDA_observation_eval/0219/Esg20220219_22.root,/mnt/mydisk/WCDA_observation_eval/recovered_time/0219/Esg20220219_22.time.root,133112,133112,133112,False,90639,obs_events/yyyymm=202202/part-001061.parquet,59629.5836453,59629.6246392,202202,202202,3541.87921642,7,564.968303265,2976.91091315,59629.5836453,59629.6246392
1062,processed,202202,0219/Esg20220219_23.root,/mnt/mydisk/WCDA_observation_eval/0219/Esg20220219_23.root,/mnt/mydisk/WCDA_observation_eval/recovered_time/0219/Esg20220219_23.time.root,90752,90752,90752,False,62196,obs_events/yyyymm=202202/part-001062.parquet,59629.6250939,59629.6664508,202202,202202,3573.23568107,5,404.769259575,3168.4664215,59629.6250939,59629.6664508
1063,processed,202202,0220/Esg20220220_00.root,/mnt/mydisk/WCDA_observation_eval/0220/Esg20220220_00.root,/mnt/mydisk/WCDA_observation_eval/recovered_time/0220/Esg20220220_00.time.root,109493,109493,109493,False,74886,obs_events/yyyymm=202202/part-001063.parquet,59629.6669119,59629.7082446,202202,202202,3571.14090265,5,403.762084641,3167.37881801,59629.6669119,59629.7082446
1064,processed,202202,0220/Esg20220220_01.root,/mnt/mydisk/WCDA_observation_eval/0220/Esg20220220_01.root,/mnt/mydisk/WCDA_observation_eval/recovered_time/0220/Esg20220220_01.time.root,216158,216158,216158,False,142457,obs_events/yyyymm=202202/part-001064.parquet,59629.708691,59629.7499226,202202,202202,3562.41116538,3,237.728365674,3324.6827997,59629.708691,59629.7499226
1065,processed,202202,0220/Esg20220220_02.root,/mnt/mydisk/WCDA_observation_eval/0220/Esg20220220_02.root,/mnt/mydisk/WCDA_observation_eval/recovered_time/0220/Esg20220220_02.time.root,301793,301793,301793,False,193575,obs_events/yyyymm=202202/part-001065.parquet,59629.7503528,59629.7914609,202202,202202,3551.74336969,4,313.238009415,3238.50536027,59629.7503528,59629.7914609
1066,processed,202202,0220/Esg20220220_03.root,/mnt/mydisk/WCDA_observation_eval/0220/Esg20220220_03.root,/mnt/mydisk/WCDA_observation_eval/recovered_time/0220/Esg20220220_03.time.root,189919,189919,189919,False,126690,obs_events/yyyymm=202202/part-001066.parquet,59629.7918962,59629.8330017,202202,202202,3551.51700927,7,597.816933808,2953.70007546,59629.7918962,59629.8330017
1067,processed,202202,0220/Esg20220220_04.root,/mnt/mydisk/WCDA_observation_eval/0220/Esg20220220_04.root,/mnt/mydisk/WCDA_observation_eval/recovered_time/0220/Esg20220220_04.time.root,98568,98568,98568,False,67239,obs_events/yyyymm=202202/part-001067.parquet,59629.8334409,59629.8748777,202202,202202,3580.13788664,3,240.577295353,3339.56059129,59629.8334409,59629.8748777
1068,processed,202202,0220/Esg20220220_05.root,/mnt/mydisk/WCDA_observation_eval/0220/Esg20220220_05.root,/mnt/mydisk/WCDA_observation_eval/recovered_time/0220/Esg20220220_05.time.root,48999,48999,48999,False,33349,obs_events/yyyymm=202202/part-001068.parquet,59629.875324,59629.9161853,202202,202202,3530.41281123,6,523.578258581,3006.83455265,59629.875324,59629.9161853
1069,processed,202202,0220/Esg20220220_06.root,/mnt/mydisk/WCDA_observation_eval/0220/Esg20220220_06.root,/mnt/mydisk/WCDA_observation_eval/recovered_time/0220/Esg20220220_06.time.root,30766,30766,30766,False,20734,obs_events/yyyymm=202202/part-001069.parquet,59629.9166385,59629.9580311,202202,202202,3576.31335247,2,161.778079206,3414.53527326,59629.9166385,59629.9580311
1070,processed,202202,0220/Esg20220220_07.root,/mnt/mydisk/WCDA_observation_eval/0220/Esg20220220_07.root,/mnt/mydisk/WCDA_observation_eval/recovered_time/0220/Esg20220220_07.time.root,26252,26252,26252,False,17482,obs_events/yyyymm=202202/part-001070.parquet,59629.9584781,59629.9995777,202202,202202,3550.99840541,5,406.058034394,3144.94037102,59629.9584781,59629.9995777
1071,processed,202202,0220/Esg20220220_08.root,/mnt/mydisk/WCDA_observation_eval/0220/Esg20220220_08.root,/mnt/mydisk/WCDA_observation_eval/recovered_time/0220/Esg20220220_08.time.root,25856,25856,25856,False,17302,obs_events/yyyymm=202202/part-001071.parquet,59630.0000416,59630.0415339,202202,202202,3584.93669573,7,567.88767362,3017.04902211,59630.0000416,59630.0415339
1072,processed,202202,0220/Esg20220220_09.root,/mnt/mydisk/WCDA_observation_eval/0220/Esg20220220_09.root,/mnt/mydisk/WCDA_observation_eval/recovered_time/0220/Esg20220220_09.time.root,25265,25265,25265,False,16886,obs_events/yyyymm=202202/part-001072.parquet,59630.0419818,59630.0832415,202202,202202,3564.83142106,10,806.784836389,2758.04658467,59630.0419818,59630.0832415
1073,processed,202202,0220/Esg20220220_10.root,/mnt/mydisk/WCDA_observation_eval/0220/Esg20220220_10.root,/mnt/mydisk/WCDA_observation_eval/recovered_time/0220/Esg20220220_10.time.root,21632,21632,21632,False,14390,obs_events/yyyymm=202202/part-001073.parquet,59630.0836869,59630.1179102,202202,202202,2956.89101508,4,404.859010899,2552.03200418,59630.083687,59630.1179102
1074,processed,202202,0220/Esg20220220_13.root,/mnt/mydisk/WCDA_observation_eval/0220/Esg20220220_13.root,/mnt/mydisk/WCDA_observation_eval/recovered_time/0220/Esg20220220_13.time.root,12294,12294,12294,False,8209,obs_events/yyyymm=202202/part-001074.parquet,59630.2299522,59630.2495096,202202,202202,1689.7589403,4,320.627260348,1369.13167995,59630.2299522,59630.2495096
1075,processed,202202,0220/Esg20220220_14.root,/mnt/mydisk/WCDA_observation_eval/0220/Esg20220220_14.root,/mnt/mydisk/WCDA_observation_eval/recovered_time/0220/Esg20220220_14.time.root,27325,27325,27325,False,18282,obs_events/yyyymm=202202/part-001075.parquet,59630.2499631,59630.2914221,202202,202202,3582.053004,5,395.686499798,3186.3665042,59630.2499631,59630.2914221
1076,processed,202202,0220/Esg20220220_15.root,/mnt/mydisk/WCDA_observation_eval/0220/Esg20220220_15.root,/mnt/mydisk/WCDA_observation_eval/recovered_time/0220/Esg20220220_15.time.root,26788,26788,26788,False,17680,obs_events/yyyymm=202202/part-001076.parquet,59630.2918787,59630.3331647,202202,202202,3567.10508983,6,473.263136577,3093.84195325,59630.2918787,59630.3331647
1077,processed,202202,0220/Esg20220220_16.root,/mnt/mydisk/WCDA_observation_eval/0220/Esg20220220_16.root,/mnt/mydisk/WCDA_observation_eval/recovered_time/0220/Esg20220220_16.time.root,26543,26543,26543,False,17682,obs_events/yyyymm=202202/part-001077.parquet,59630.3336029,59630.3745096,202202,202202,3534.33604985,10,830.423396314,2703.91265354,59630.3336029,59630.3745095
1078,processed,202202,0220/Esg20220220_17.root,/mnt/mydisk/WCDA_observation_eval/0220/Esg20220220_17.root,/mnt/mydisk/WCDA_observation_eval/recovered_time/0220/Esg20220220_17.time.root,35250,35250,35250,False,23641,obs_events/yyyymm=202202/part-001078.parquet,59630.3749538,59630.4165072,202202,202202,3590.21512968,13,1030.63151753,2559.58361216,59630.3749538,59630.4165072
1079,processed,202202,0220/Esg20220220_18.root,/mnt/mydisk/WCDA_observation_eval/0220/Esg20220220_18.root,/mnt/mydisk/WCDA_observation_eval/recovered_time/0220/Esg20220220_18.time.root,73205,73205,73205,False,50008,obs_events/yyyymm=202202/part-001079.parquet,59630.4169559,59630.4578848,202202,202202,3536.25762714,6,476.678841119,3059.57878602,59630.4169559,59630.4578848
1080,processed,202202,0220/Esg20220220_19.root,/mnt/mydisk/WCDA_observation_eval/0220/Esg20220220_19.root,/mnt/mydisk/WCDA_observation_eval/recovered_time/0220/Esg20220220_19.time.root,164857,164857,164857,False,110833,obs_events/yyyymm=202202/part-001080.parquet,59630.4583372,59630.4995952,202202,202202,3564.69791494,5,397.733082063,3166.96483288,59630.4583372,59630.4995952
1081,processed,202202,0220/Esg20220220_20.root,/mnt/mydisk/WCDA_observation_eval/0220/Esg20220220_20.root,/mnt/mydisk/WCDA_observation_eval/recovered_time/0220/Esg20220220_20.time.root,338335,338335,338335,False,215884,obs_events/yyyymm=202202/part-001081.parquet,59630.5000242,59630.5415112,202202,202202,3584.47906079,3,233.17322291,3351.30583788,59630.5000242,59630.5415112
1082,processed,202202,0220/Esg20220220_21.root,/mnt/mydisk/WCDA_observation_eval/0220/Esg20220220_21.root,/mnt/mydisk/WCDA_observation_eval/recovered_time/0220/Esg20220220_21.time.root,283961,283961,283961,False,184109,obs_events/yyyymm=202202/part-001082.parquet,59630.5419344,59630.5830408,202202,202202,3551.59294051,6,471.775098983,3079.81784153,59630.5419344,59630.5830408
1083,processed,202202,0220/Esg20220220_22.root,/mnt/mydisk/WCDA_observation_eval/0220/Esg20220220_22.root,/mnt/mydisk/WCDA_observation_eval/recovered_time/0220/Esg20220220_22.time.root,130771,130771,130771,False,89362,obs_events/yyyymm=202202/part-001083.parquet,59630.5834689,59630.6247246,202202,202202,3564.49598547,5,402.023495198,3162.47249027,59630.5834689,59630.6247246
1084,processed,202202,0220/Esg20220220_23.root,/mnt/mydisk/WCDA_observation_eval/0220/Esg20220220_23.root,/mnt/mydisk/WCDA_observation_eval/recovered_time/0220/Esg20220220_23.time.root,88127,88127,88127,False,60312,obs_events/yyyymm=202202/part-001084.parquet,59630.6251478,59630.6664932,202202,202202,3572.23773147,7,607.229993795,2965.00773767,59630.6251478,59630.6664932
1085,processed,202202,0221/Esg20220221_00.root,/mnt/mydisk/WCDA_observation_eval/0221/Esg20220221_00.root,/mnt/mydisk/WCDA_observation_eval/recovered_time/0221/Esg20220221_00.time.root,115014,115014,115014,False,78446,obs_events/yyyymm=202202/part-001085.parquet,59630.6669249,59630.7081845,202202,202202,3564.83128464,4,321.62488997,3243.20639467,59630.6669249,59630.7081845
1086,processed,202202,0221/Esg20220221_01.root,/mnt/mydisk/WCDA_observation_eval/0221/Esg20220221_01.root,/mnt/mydisk/WCDA_observation_eval/recovered_time/0221/Esg20220221_01.time.root,215825,215825,215825,False,141448,obs_events/yyyymm=202202/part-001086.parquet,59630.7086375,59630.7498047,202202,202202,3556.84095193,11,913.257248467,2643.58370346,59630.7086375,59630.7498045
1087,processed,202202,0221/Esg20220221_02.root,/mnt/mydisk/WCDA_observation_eval/0221/Esg20220221_02.root,/mnt/mydisk/WCDA_observation_eval/recovered_time/0221/Esg20220221_02.time.root,300961,300961,300961,False,192808,obs_events/yyyymm=202202/part-001087.parquet,59630.7501911,59630.7913267,202202,202202,3554.11441333,3,275.591109158,3278.52330417,59630.7501911,59630.7913267
1088,processed,202202,0221/Esg20220221_03.root,/mnt/mydisk/WCDA_observation_eval/0221/Esg20220221_03.root,/mnt/mydisk/WCDA_observation_eval/recovered_time/0221/Esg20220221_03.time.root,183770,183770,183770,False,123091,obs_events/yyyymm=202202/part-001088.parquet,59630.7917678,59630.8332262,202202,202202,3582.00137923,7,555.049624038,3026.95175519,59630.7917679,59630.8332262
1089,processed,202202,0221/Esg20220221_04.root,/mnt/mydisk/WCDA_observation_eval/0221/Esg20220221_04.root,/mnt/mydisk/WCDA_observation_eval/recovered_time/0221/Esg20220221_04.time.root,91077,91077,91077,False,61849,obs_events/yyyymm=202202/part-001089.parquet,59630.8336659,59630.8746091,202202,202202,3537.49451945,8,682.512899931,2854.98161952,59630.8336659,59630.8746091
1090,processed,202202,0221/Esg20220221_05.root,/mnt/mydisk/WCDA_observation_eval/0221/Esg20220221_05.root,/mnt/mydisk/WCDA_observation_eval/recovered_time/0221/Esg20220221_05.time.root,47047,47047,47047,False,32125,obs_events/yyyymm=202202/part-001090.parquet,59630.8750543,59630.9164979,202202,202202,3580.73151461,10,806.217370019,2774.51414459,59630.8750543,59630.9164979
1091,processed,202202,0221/Esg20220221_06.root,/mnt/mydisk/WCDA_observation_eval/0221/Esg20220221_06.root,/mnt/mydisk/WCDA_observation_eval/recovered_time/0221/Esg20220221_06.time.root,28893,28893,28893,False,19264,obs_events/yyyymm=202202/part-001091.parquet,59630.9169362,59630.9580343,202202,202202,3550.87707674,7,567.771934834,2983.1051419,59630.9169363,59630.9580341
1092,processed,202202,0221/Esg20220221_07.root,/mnt/mydisk/WCDA_observation_eval/0221/Esg20220221_07.root,/mnt/mydisk/WCDA_observation_eval/recovered_time/0221/Esg20220221_07.time.root,25664,25664,25664,False,17071,obs_events/yyyymm=202202/part-001092.parquet,59630.9584802,59630.9997234,202202,202202,3563.40942679,8,653.79820643,2909.61122036,59630.9584802,59630.9997234
1093,processed,202202,0221/Esg20220221_08.root,/mnt/mydisk/WCDA_observation_eval/0221/Esg20220221_08.root,/mnt/mydisk/WCDA_observation_eval/recovered_time/0221/Esg20220221_08.time.root,26494,26494,26494,False,17725,obs_events/yyyymm=202202/part-001093.parquet,59631.0001947,59631.0415911,202202,202202,3576.65191367,5,409.502060548,3167.14985312,59631.0001947,59631.0415911
1094,processed,202202,0221/Esg20220221_09.root,/mnt/mydisk/WCDA_observation_eval/0221/Esg20220221_09.root,/mnt/mydisk/WCDA_observation_eval/recovered_time/0221/Esg20220221_09.time.root,929,929,929,False,648,obs_events/yyyymm=202202/part-001094.parquet,59631.0420461,59631.0649198,202202,202202,1976.28354037,1,1933.2486331,43.0349072674,59631.0420461,59631.0649198
1095,processed,202202,0221/Esg20220221_10.root,/mnt/mydisk/WCDA_observation_eval/0221/Esg20220221_10.root,/mnt/mydisk/WCDA_observation_eval/recovered_time/0221/Esg20220221_10.time.root,1444,1444,1444,False,969,obs_events/yyyymm=202202/part-001095.parquet,59631.1129093,59631.1152763,202202,202202,204.508757335,1,81.4152456354,123.0935117,59631.1129093,59631.1152762
1096,processed,202202,0221/Esg20220221_13.root,/mnt/mydisk/WCDA_observation_eval/0221/Esg20220221_13.root,/mnt/mydisk/WCDA_observation_eval/recovered_time/0221/Esg20220221_13.time.root,14510,14510,14510,False,9766,obs_events/yyyymm=202202/part-001096.parquet,59631.2227265,59631.2497032,202202,202202,2330.78714835,6,763.559505693,1567.22764266,59631.2227265,59631.2497032
1097,processed,202202,0221/Esg20220221_14.root,/mnt/mydisk/WCDA_observation_eval/0221/Esg20220221_14.root,/mnt/mydisk/WCDA_observation_eval/recovered_time/0221/Esg20220221_14.time.root,26997,26997,26997,False,18073,obs_events/yyyymm=202202/part-001097.parquet,59631.2501528,59631.2912856,202202,202202,3553.87075141,4,317.833538703,3236.0372127,59631.2501528,59631.2912856
1098,processed,202202,0221/Esg20220221_15.root,/mnt/mydisk/WCDA_observation_eval/0221/Esg20220221_15.root,/mnt/mydisk/WCDA_observation_eval/recovered_time/0221/Esg20220221_15.time.root,27391,27391,27391,False,18258,obs_events/yyyymm=202202/part-001098.parquet,59631.2917408,59631.333203,202202,202202,3582.33500873,4,317.308855243,3265.02615348,59631.2917408,59631.333203
1099,processed,202202,0221/Esg20220221_16.root,/mnt/mydisk/WCDA_observation_eval/0221/Esg20220221_16.root,/mnt/mydisk/WCDA_observation_eval/recovered_time/0221/Esg20220221_16.time.root,27265,27265,27265,False,18033,obs_events/yyyymm=202202/part-001099.parquet,59631.3336605,59631.3748638,202202,202202,3559.96442561,4,318.765370804,3241.1990548,59631.3336605,59631.3748638
1100,processed,202202,0221/Esg20220221_17.root,/mnt/mydisk/WCDA_observation_eval/0221/Esg20220221_17.root,/mnt/mydisk/WCDA_observation_eval/recovered_time/0221/Esg20220221_17.time.root,36934,36934,36934,False,24857,obs_events/yyyymm=202202/part-001100.parquet,59631.375775,59631.4165676,202202,202202,3524.47606197,8,636.597632733,2887.87842924,59631.3757753,59631.4165676
1101,processed,202202,0221/Esg20220221_18.root,/mnt/mydisk/WCDA_observation_eval/0221/Esg20220221_18.root,/mnt/mydisk/WCDA_observation_eval/recovered_time/0221/Esg20220221_18.time.root,76504,76504,76504,False,51819,obs_events/yyyymm=202202/part-001101.parquet,59631.417022,59631.457675,202202,202202,3512.4232318,3,239.484031568,3272.93920023,59631.417022,59631.457675
1102,processed,202202,0221/Esg20220221_19.root,/mnt/mydisk/WCDA_observation_eval/0221/Esg20220221_19.root,/mnt/mydisk/WCDA_observation_eval/recovered_time/0221/Esg20220221_19.time.root,171994,171994,171994,False,115512,obs_events/yyyymm=202202/part-001102.parquet,59631.4585869,59631.4999411,202202,202202,3572.99786489,6,475.743699842,3097.25416505,59631.4585869,59631.4999411
1103,processed,202202,0221/Esg20220221_20.root,/mnt/mydisk/WCDA_observation_eval/0221/Esg20220221_20.root,/mnt/mydisk/WCDA_observation_eval/recovered_time/0221/Esg20220221_20.time.root,332875,332875,332875,False,211669,obs_events/yyyymm=202202/part-001103.parquet,59631.500381,59631.5414677,202202,202202,3549.88743465,7,545.792615809,3004.09481884,59631.500381,59631.5414677
1104,processed,202202,0221/Esg20220221_21.root,/mnt/mydisk/WCDA_observation_eval/0221/Esg20220221_21.root,/mnt/mydisk/WCDA_observation_eval/recovered_time/0221/Esg20220221_21.time.root,274331,274331,274331,False,178657,obs_events/yyyymm=202202/part-001104.parquet,59631.541883,59631.5832262,202202,202202,3572.05207315,3,236.381333275,3335.67073988,59631.541883,59631.5832262
1105,processed,202202,0221/Esg20220221_22.root,/mnt/mydisk/WCDA_observation_eval/0221/Esg20220221_22.root,/mnt/mydisk/WCDA_observation_eval/recovered_time/0221/Esg20220221_22.time.root,121492,121492,121492,False,83127,obs_events/yyyymm=202202/part-001105.parquet,59631.583668,59631.6246855,202202,202202,3543.91811101,9,728.223775257,2815.69433575,59631.583668,59631.6246855
1106,processed,202202,0221/Esg20220221_23.root,/mnt/mydisk/WCDA_observation_eval/0221/Esg20220221_23.root,/mnt/mydisk/WCDA_observation_eval/recovered_time/0221/Esg20220221_23.time.root,83791,83791,83791,False,57253,obs_events/yyyymm=202202/part-001106.parquet,59631.6251479,59631.6662003,202202,202202,3546.92686996,12,976.069559273,2570.85731069,59631.6251479,59631.6662003
1107,processed,202202,0222/Esg20220222_00.root,/mnt/mydisk/WCDA_observation_eval/0222/Esg20220222_00.root,/mnt/mydisk/WCDA_observation_eval/recovered_time/0222/Esg20220222_00.time.root,115058,115058,115058,False,78499,obs_events/yyyymm=202202/part-001107.parquet,59631.6666342,59631.7082454,202202,202202,3595.21162868,8,649.060161947,2946.15146674,59631.6666342,59631.7082454
1108,processed,202202,0222/Esg20220222_01.root,/mnt/mydisk/WCDA_observation_eval/0222/Esg20220222_01.root,/mnt/mydisk/WCDA_observation_eval/recovered_time/0222/Esg20220222_01.time.root,224816,224816,224816,False,147824,obs_events/yyyymm=202202/part-001108.parquet,59631.7086786,59631.7498852,202202,202202,3560.2502418,9,720.027821045,2840.22242075,59631.7086786,59631.7498852
1109,processed,202202,0222/Esg20220222_02.root,/mnt/mydisk/WCDA_observation_eval/0222/Esg20220222_02.root,/mnt/mydisk/WCDA_observation_eval/recovered_time/0222/Esg20220222_02.time.root,288876,288876,288876,False,185500,obs_events/yyyymm=202202/part-001109.parquet,59631.750314,59631.791616,202202,202202,3568.48912791,5,398.326752149,3170.16237576,59631.750314,59631.7916158
1110,processed,202202,0222/Esg20220222_03.root,/mnt/mydisk/WCDA_observation_eval/0222/Esg20220222_03.root,/mnt/mydisk/WCDA_observation_eval/recovered_time/0222/Esg20220222_03.time.root,171481,171481,171481,False,114880,obs_events/yyyymm=202202/part-001110.parquet,59631.7920536,59631.8329456,202202,202202,3533.07098304,6,488.448178559,3044.62280448,59631.7920536,59631.8329456
1111,processed,202202,0222/Esg20220222_04.root,/mnt/mydisk/WCDA_observation_eval/0222/Esg20220222_04.root,/mnt/mydisk/WCDA_observation_eval/recovered_time/0222/Esg20220222_04.time.root,85515,85515,85515,False,58452,obs_events/yyyymm=202202/part-001111.parquet,59631.8334001,59631.8747197,202202,202202,3570.01181943,7,573.836267134,2996.1755523,59631.8334001,59631.8747197
1112,processed,202202,0222/Esg20220222_05.root,/mnt/mydisk/WCDA_observation_eval/0222/Esg20220222_05.root,/mnt/mydisk/WCDA_observation_eval/recovered_time/0222/Esg20220222_05.time.root,44353,44353,44353,False,30198,obs_events/yyyymm=202202/part-001112.parquet,59631.8751777,59631.9163665,202202,202202,3558.71829791,8,656.934621977,2901.78367593,59631.8751777,59631.9163665
1113,processed,202202,0222/Esg20220222_06.root,/mnt/mydisk/WCDA_observation_eval/0222/Esg20220222_06.root,/mnt/mydisk/WCDA_observation_eval/recovered_time/0222/Esg20220222_06.time.root,27852,27852,27852,False,18756,obs_events/yyyymm=202202/part-001113.parquet,59631.9168235,59631.9580487,202202,202202,3561.85557093,5,412.340217805,3149.51535312,59631.9168235,59631.9580487
1114,processed,202202,0222/Esg20220222_07.root,/mnt/mydisk/WCDA_observation_eval/0222/Esg20220222_07.root,/mnt/mydisk/WCDA_observation_eval/recovered_time/0222/Esg20220222_07.time.root,24759,24759,24759,False,16455,obs_events/yyyymm=202202/part-001114.parquet,59631.958511,59631.999573,202202,202202,3547.75691601,6,499.550778768,3048.20613724,59631.958511,59631.999573
1115,processed,202202,0222/Esg20220222_08.root,/mnt/mydisk/WCDA_observation_eval/0222/Esg20220222_08.root,/mnt/mydisk/WCDA_observation_eval/recovered_time/0222/Esg20220222_08.time.root,25428,25428,25428,False,16974,obs_events/yyyymm=202202/part-001115.parquet,59632.0000263,59632.0416108,202202,202202,3592.90386233,2,166.47530843,3426.4285539,59632.0000263,59632.0416108
1116,processed,202202,0222/Esg20220222_09.root,/mnt/mydisk/WCDA_observation_eval/0222/Esg20220222_09.root,/mnt/mydisk/WCDA_observation_eval/recovered_time/0222/Esg20220222_09.time.root,24568,24568,24568,False,16365,obs_events/yyyymm=202202/part-001116.parquet,59632.0416227,59632.0830177,202202,202202,3576.52492281,7,621.506681596,2955.01824121,59632.0416227,59632.0830177
1117,processed,202202,0222/Esg20220222_10.root,/mnt/mydisk/WCDA_observation_eval/0222/Esg20220222_10.root,/mnt/mydisk/WCDA_observation_eval/recovered_time/0222/Esg20220222_10.time.root,18006,18006,18006,False,12046,obs_events/yyyymm=202202/part-001117.parquet,59632.0834956,59632.1127766,202202,202202,2529.87381492,3,248.025173508,2281.84864142,59632.0834956,59632.1127766
1118,processed,202202,0222/Esg20220222_15.root,/mnt/mydisk/WCDA_observation_eval/0222/Esg20220222_15.root,/mnt/mydisk/WCDA_observation_eval/recovered_time/0222/Esg20220222_15.time.root,10429,10429,10429,False,7072,obs_events/yyyymm=202202/part-001118.parquet,59632.30389,59632.332988,202202,202202,2514.05999819,5,1362.22453513,1151.83546306,59632.3038901,59632.332988
1119,processed,202202,0222/Esg20220222_16.root,/mnt/mydisk/WCDA_observation_eval/0222/Esg20220222_16.root,/mnt/mydisk/WCDA_observation_eval/recovered_time/0222/Esg20220222_16.time.root,26194,26194,26194,False,17433,obs_events/yyyymm=202202/part-001119.parquet,59632.3334515,59632.3749495,202202,202202,3585.4298119,8,648.061285727,2937.36852617,59632.3334516,59632.3749495
1120,processed,202202,0222/Esg20220222_17.root,/mnt/mydisk/WCDA_observation_eval/0222/Esg20220222_17.root,/mnt/mydisk/WCDA_observation_eval/recovered_time/0222/Esg20220222_17.time.root,36676,36676,36676,False,24739,obs_events/yyyymm=202202/part-001120.parquet,59632.3754052,59632.4165905,202202,202202,3558.40483715,9,772.323923302,2786.08091385,59632.3754052,59632.4165905
1121,processed,202202,0222/Esg20220222_18.root,/mnt/mydisk/WCDA_observation_eval/0222/Esg20220222_18.root,/mnt/mydisk/WCDA_observation_eval/recovered_time/0222/Esg20220222_18.time.root,77792,77792,77792,False,52691,obs_events/yyyymm=202202/part-001121.parquet,59632.4166164,59632.4582776,202202,202202,3599.52626468,4,327.580003138,3271.94626154,59632.4166164,59632.4582776
1122,processed,202202,0222/Esg20220222_19.root,/mnt/mydisk/WCDA_observation_eval/0222/Esg20220222_19.root,/mnt/mydisk/WCDA_observation_eval/recovered_time/0222/Esg20220222_19.time.root,177374,177374,177374,False,118832,obs_events/yyyymm=202202/part-001122.parquet,59632.4587152,59632.4998248,202202,202202,3551.86976711,3,243.662458914,3308.2073082,59632.4587152,59632.4998248
1123,processed,202202,0222/Esg20220222_20.root,/mnt/mydisk/WCDA_observation_eval/0222/Esg20220222_20.root,/mnt/mydisk/WCDA_observation_eval/recovered_time/0222/Esg20220222_20.time.root,327219,327219,327219,False,207914,obs_events/yyyymm=202202/part-001123.parquet,59632.500275,59632.5416555,202202,202202,3575.27704434,6,524.890523264,3050.38652108,59632.500275,59632.5416555
1124,processed,202202,0222/Esg20220222_21.root,/mnt/mydisk/WCDA_observation_eval/0222/Esg20220222_21.root,/mnt/mydisk/WCDA_observation_eval/recovered_time/0222/Esg20220222_21.time.root,251439,251439,251439,False,164597,obs_events/yyyymm=202202/part-001124.parquet,59632.5416301,59632.5829087,202202,202202,3566.46931765,2,163.713521208,3402.75579644,59632.5416301,59632.5829087
1125,processed,202202,0222/Esg20220222_22.root,/mnt/mydisk/WCDA_observation_eval/0222/Esg20220222_22.root,/mnt/mydisk/WCDA_observation_eval/recovered_time/0222/Esg20220222_22.time.root,113140,113140,113140,False,77433,obs_events/yyyymm=202202/part-001125.parquet,59632.583355,59632.6245246,202202,202202,3557.05329173,6,505.110064521,3051.94322721,59632.583355,59632.6245246
1126,processed,202202,0222/Esg20220222_23.root,/mnt/mydisk/WCDA_observation_eval/0222/Esg20220222_23.root,/mnt/mydisk/WCDA_observation_eval/recovered_time/0222/Esg20220222_23.time.root,82689,82689,82689,False,56824,obs_events/yyyymm=202202/part-001126.parquet,59632.6249779,59632.6664111,202202,202202,3579.82889554,6,509.653191408,3070.17570413,59632.6249779,59632.666411
1127,processed,202202,0223/Esg20220223_00.root,/mnt/mydisk/WCDA_observation_eval/0223/Esg20220223_00.root,/mnt/mydisk/WCDA_observation_eval/recovered_time/0223/Esg20220223_00.time.root,111360,111360,111360,False,75818,obs_events/yyyymm=202202/part-001127.parquet,59632.6668682,59632.7079065,202202,202202,3545.71330282,8,678.607377713,2867.10592511,59632.6668682,59632.7079065
1128,processed,202202,0223/Esg20220223_01.root,/mnt/mydisk/WCDA_observation_eval/0223/Esg20220223_01.root,/mnt/mydisk/WCDA_observation_eval/recovered_time/0223/Esg20220223_01.time.root,234083,234083,234083,False,153317,obs_events/yyyymm=202202/part-001128.parquet,59632.7083559,59632.7499299,202202,202202,3591.99020115,3,251.069402369,3340.92079878,59632.7083559,59632.7499297
1129,processed,202202,0223/Esg20220223_02.root,/mnt/mydisk/WCDA_observation_eval/0223/Esg20220223_02.root,/mnt/mydisk/WCDA_observation_eval/recovered_time/0223/Esg20220223_02.time.root,266820,266820,266820,False,171866,obs_events/yyyymm=202202/part-001129.parquet,59632.7503716,59632.7915058,202202,202202,3553.99257357,6,543.529669801,3010.46290377,59632.7503716,59632.7915058
1130,processed,202202,0223/Esg20220223_03.root,/mnt/mydisk/WCDA_observation_eval/0223/Esg20220223_03.root,/mnt/mydisk/WCDA_observation_eval/recovered_time/0223/Esg20220223_03.time.root,152601,152601,152601,False,103086,obs_events/yyyymm=202202/part-001130.parquet,59632.7919686,59632.8329342,202202,202202,3539.42817799,10,886.823222414,2652.60495557,59632.7919686,59632.8329342
1131,processed,202202,0223/Esg20220223_04.root,/mnt/mydisk/WCDA_observation_eval/0223/Esg20220223_04.root,/mnt/mydisk/WCDA_observation_eval/recovered_time/0223/Esg20220223_04.time.root,80161,80161,80161,False,54874,obs_events/yyyymm=202202/part-001131.parquet,59632.8334039,59632.8746152,202202,202202,3560.657012,5,423.154144641,3137.50286736,59632.833404,59632.8746152
1132,processed,202202,0223/Esg20220223_05.root,/mnt/mydisk/WCDA_observation_eval/0223/Esg20220223_05.root,/mnt/mydisk/WCDA_observation_eval/recovered_time/0223/Esg20220223_05.time.root,40915,40915,40915,False,27813,obs_events/yyyymm=202202/part-001132.parquet,59632.8750674,59632.9162172,202202,202202,3555.35005275,7,594.383931533,2960.96612122,59632.8750674,59632.916217
1133,processed,202202,0223/Esg20220223_06.root,/mnt/mydisk/WCDA_observation_eval/0223/Esg20220223_06.root,/mnt/mydisk/WCDA_observation_eval/recovered_time/0223/Esg20220223_06.time.root,27242,27242,27242,False,18183,obs_events/yyyymm=202202/part-001133.parquet,59632.9166697,59632.9582814,202202,202202,3595.252151,3,255.625874712,3339.62627628,59632.9166697,59632.9582814
1134,processed,202202,0223/Esg20220223_07.root,/mnt/mydisk/WCDA_observation_eval/0223/Esg20220223_07.root,/mnt/mydisk/WCDA_observation_eval/recovered_time/0223/Esg20220223_07.time.root,23910,23910,23910,False,15897,obs_events/yyyymm=202202/part-001134.parquet,59632.9587528,59632.9999322,202202,202202,3557.90413138,7,597.955982666,2959.94814872,59632.9587528,59632.9999322
1135,processed,202202,0223/Esg20220223_08.root,/mnt/mydisk/WCDA_observation_eval/0223/Esg20220223_08.root,/mnt/mydisk/WCDA_observation_eval/recovered_time/0223/Esg20220223_08.time.root,25170,25170,25170,False,16791,obs_events/yyyymm=202202/part-001135.parquet,59632.9999513,59633.0415812,202202,202202,3596.8222359,3,255.700317957,3341.12191794,59632.9999513,59633.0415812
1136,processed,202202,0223/Esg20220223_09.root,/mnt/mydisk/WCDA_observation_eval/0223/Esg20220223_09.root,/mnt/mydisk/WCDA_observation_eval/recovered_time/0223/Esg20220223_09.time.root,24392,24392,24392,False,16306,obs_events/yyyymm=202202/part-001136.parquet,59633.0420588,59633.0830745,202202,202202,3543.7556515,7,595.260690129,2948.49496137,59633.0420588,59633.0830745
1137,processed,202202,0223/Esg20220223_10.root,/mnt/mydisk/WCDA_observation_eval/0223/Esg20220223_10.root,/mnt/mydisk/WCDA_observation_eval/recovered_time/0223/Esg20220223_10.time.root,15630,15630,15630,False,10386,obs_events/yyyymm=202202/part-001137.parquet,59633.0835494,59633.1097164,202202,202202,2260.83467184,2,169.968973473,2090.86569836,59633.0835494,59633.1097164
1138,processed,202202,0223/Esg20220223_13.root,/mnt/mydisk/WCDA_observation_eval/0223/Esg20220223_13.root,/mnt/mydisk/WCDA_observation_eval/recovered_time/0223/Esg20220223_13.time.root,17661,17661,17661,False,11765,obs_events/yyyymm=202202/part-001138.parquet,59633.2210473,59633.2499505,202202,202202,2497.23414648,1,84.5625461312,2412.67160035,59633.2210473,59633.2499505
1139,processed,202202,0223/Esg20220223_14.root,/mnt/mydisk/WCDA_observation_eval/0223/Esg20220223_14.root,/mnt/mydisk/WCDA_observation_eval/recovered_time/0223/Esg20220223_14.time.root,24838,24838,24838,False,16600,obs_events/yyyymm=202202/part-001139.parquet,59633.2499821,59633.2914782,202202,202202,3585.26618122,6,546.422649105,3038.84353212,59633.2499821,59633.2914781
1140,processed,202202,0223/Esg20220223_15.root,/mnt/mydisk/WCDA_observation_eval/0223/Esg20220223_15.root,/mnt/mydisk/WCDA_observation_eval/recovered_time/0223/Esg20220223_15.time.root,24864,24864,24864,False,16759,obs_events/yyyymm=202202/part-001140.parquet,59633.2919195,59633.333258,202202,202202,3571.64624718,8,669.513556967,2902.13269021,59633.2919195,59633.3332579
1141,processed,202202,0223/Esg20220223_16.root,/mnt/mydisk/WCDA_observation_eval/0223/Esg20220223_16.root,/mnt/mydisk/WCDA_observation_eval/recovered_time/0223/Esg20220223_16.time.root,26201,26201,26201,False,17494,obs_events/yyyymm=202202/part-001141.parquet,59633.3333027,59633.3747655,202202,202202,3582.38594891,3,251.726909867,3330.65903904,59633.3333027,59633.3747655
1142,processed,202202,0223/Esg20220223_17.root,/mnt/mydisk/WCDA_observation_eval/0223/Esg20220223_17.root,/mnt/mydisk/WCDA_observation_eval/recovered_time/0223/Esg20220223_17.time.root,38761,38761,38761,False,26219,obs_events/yyyymm=202202/part-001142.parquet,59633.3752116,59633.4163682,202202,202202,3555.93176794,5,420.69781241,3135.23395553,59633.3752116,59633.4163682
1143,processed,202202,0223/Esg20220223_18.root,/mnt/mydisk/WCDA_observation_eval/0223/Esg20220223_18.root,/mnt/mydisk/WCDA_observation_eval/recovered_time/0223/Esg20220223_18.time.root,81543,81543,81543,False,55333,obs_events/yyyymm=202202/part-001143.parquet,59633.4168079,59633.4582611,202202,202202,3581.55768192,4,336.34654053,3245.21114139,59633.4168079,59633.4582611
1144,processed,202202,0223/Esg20220223_19.root,/mnt/mydisk/WCDA_observation_eval/0223/Esg20220223_19.root,/mnt/mydisk/WCDA_observation_eval/recovered_time/0223/Esg20220223_19.time.root,178043,178043,178043,False,118631,obs_events/yyyymm=202202/part-001144.parquet,59633.4587,59633.499602,202202,202202,3533.93169616,8,670.563736092,2863.36796007,59633.4587,59633.499602
1145,processed,202202,0223/Esg20220223_20.root,/mnt/mydisk/WCDA_observation_eval/0223/Esg20220223_20.root,/mnt/mydisk/WCDA_observation_eval/recovered_time/0223/Esg20220223_20.time.root,326433,326433,326433,False,207963,obs_events/yyyymm=202202/part-001145.parquet,59633.5000079,59633.5416359,202202,202202,3596.66247515,7,578.926034714,3017.73644043,59633.5000079,59633.5416359
1146,processed,202202,0223/Esg20220223_21.root,/mnt/mydisk/WCDA_observation_eval/0223/Esg20220223_21.root,/mnt/mydisk/WCDA_observation_eval/recovered_time/0223/Esg20220223_21.time.root,227008,227008,227008,False,149688,obs_events/yyyymm=202202/part-001146.parquet,59633.5416659,59633.5829391,202202,202202,3566.00459602,7,587.708367384,2978.29622864,59633.5416659,59633.5829391
1147,processed,202202,0223/Esg20220223_22.root,/mnt/mydisk/WCDA_observation_eval/0223/Esg20220223_22.root,/mnt/mydisk/WCDA_observation_eval/recovered_time/0223/Esg20220223_22.time.root,111398,111398,111398,False,76270,obs_events/yyyymm=202202/part-001147.parquet,59633.5833525,59633.6248289,202202,202202,3583.55690979,3,257.811518409,3325.74539138,59633.5833525,59633.6248289
1148,processed,202202,0223/Esg20220223_23.root,/mnt/mydisk/WCDA_observation_eval/0223/Esg20220223_23.root,/mnt/mydisk/WCDA_observation_eval/recovered_time/0223/Esg20220223_23.time.root,81509,81509,81509,False,55773,obs_events/yyyymm=202202/part-001148.parquet,59633.6252595,59633.6662998,202202,202202,3545.87858871,8,689.331758791,2856.54682992,59633.6252595,59633.6662997
1149,processed,202202,0224/Esg20220224_00.root,/mnt/mydisk/WCDA_observation_eval/0224/Esg20220224_00.root,/mnt/mydisk/WCDA_observation_eval/recovered_time/0224/Esg20220224_00.time.root,120274,120274,120274,False,82060,obs_events/yyyymm=202202/part-001149.parquet,59633.6667317,59633.7082788,202202,202202,3589.67066975,6,515.107300831,3074.56336892,59633.6667317,59633.7082788
1150,processed,202202,0224/Esg20220224_01.root,/mnt/mydisk/WCDA_observation_eval/0224/Esg20220224_01.root,/mnt/mydisk/WCDA_observation_eval/recovered_time/0224/Esg20220224_01.time.root,233937,233937,233937,False,152716,obs_events/yyyymm=202202/part-001150.parquet,59633.7086926,59633.7496852,202202,202202,3541.76142197,7,593.020828511,2948.74059346,59633.7086926,59633.7496852
1151,processed,202202,0224/Esg20220224_02.root,/mnt/mydisk/WCDA_observation_eval/0224/Esg20220224_02.root,/mnt/mydisk/WCDA_observation_eval/recovered_time/0224/Esg20220224_02.time.root,267379,267379,267379,False,173420,obs_events/yyyymm=202202/part-001151.parquet,59633.7501482,59633.7915704,202202,202202,3578.87980719,4,335.809269128,3243.07053806,59633.7501482,59633.7915704
1152,processed,202202,0224/Esg20220224_03.root,/mnt/mydisk/WCDA_observation_eval/0224/Esg20220224_03.root,/mnt/mydisk/WCDA_observation_eval/recovered_time/0224/Esg20220224_03.time.root,147537,147537,147537,False,99962,obs_events/yyyymm=202202/part-001152.parquet,59633.7916119,59633.8330085,202202,202202,3576.66167084,5,513.026466966,3063.63520387,59633.7916119,59633.8330085
1153,processed,202202,0224/Esg20220224_04.root,/mnt/mydisk/WCDA_observation_eval/0224/Esg20220224_04.root,/mnt/mydisk/WCDA_observation_eval/recovered_time/0224/Esg20220224_04.time.root,77393,77393,77393,False,53086,obs_events/yyyymm=202202/part-001153.parquet,59633.8334139,59633.8747985,202202,202202,3575.63118709,4,344.273909018,3231.35727807,59633.8334139,59633.8747985
1154,processed,202202,0224/Esg20220224_05.root,/mnt/mydisk/WCDA_observation_eval/0224/Esg20220224_05.root,/mnt/mydisk/WCDA_observation_eval/recovered_time/0224/Esg20220224_05.time.root,39261,39261,39261,False,26714,obs_events/yyyymm=202202/part-001154.parquet,59633.8752023,59633.9165071,202202,202202,3568.73462044,7,647.454231838,2921.2803886,59633.8752024,59633.9165071
1155,processed,202202,0224/Esg20220224_06.root,/mnt/mydisk/WCDA_observation_eval/0224/Esg20220224_06.root,/mnt/mydisk/WCDA_observation_eval/recovered_time/0224/Esg20220224_06.time.root,25330,25330,25330,False,16996,obs_events/yyyymm=202202/part-001155.parquet,59633.9169241,59633.9582511,202202,202202,3570.65235735,8,735.654110508,2834.99824684,59633.9169241,59633.9582509
1156,processed,202202,0224/Esg20220224_07.root,/mnt/mydisk/WCDA_observation_eval/0224/Esg20220224_07.root,/mnt/mydisk/WCDA_observation_eval/recovered_time/0224/Esg20220224_07.time.root,23758,23758,23758,False,15912,obs_events/yyyymm=202202/part-001156.parquet,59633.9586611,59633.9996235,202202,202202,3539.14949941,7,608.36841173,2930.78108768,59633.9586611,59633.9996235
1157,processed,202202,0224/Esg20220224_08.root,/mnt/mydisk/WCDA_observation_eval/0224/Esg20220224_08.root,/mnt/mydisk/WCDA_observation_eval/recovered_time/0224/Esg20220224_08.time.root,24856,24856,24856,False,16678,obs_events/yyyymm=202202/part-001157.parquet,59634.0000243,59634.041484,202202,202202,3582.11800754,3,260.446309741,3321.6716978,59634.0000243,59634.041484
1158,processed,202202,0224/Esg20220224_09.root,/mnt/mydisk/WCDA_observation_eval/0224/Esg20220224_09.root,/mnt/mydisk/WCDA_observation_eval/recovered_time/0224/Esg20220224_09.time.root,24630,24630,24630,False,16356,obs_events/yyyymm=202202/part-001158.parquet,59634.0419849,59634.0832004,202202,202202,3561.02056175,1,86.6384985857,3474.38206316,59634.0419849,59634.0832004
1159,processed,202202,0224/Esg20220224_10.root,/mnt/mydisk/WCDA_observation_eval/0224/Esg20220224_10.root,/mnt/mydisk/WCDA_observation_eval/recovered_time/0224/Esg20220224_10.time.root,13724,13724,13724,False,9218,obs_events/yyyymm=202202/part-001159.parquet,59634.0836081,59634.1072372,202202,202202,2041.54943184,4,345.082522114,1696.46690972,59634.0836081,59634.107237
1160,processed,202202,0224/Esg20220224_13.root,/mnt/mydisk/WCDA_observation_eval/0224/Esg20220224_13.root,/mnt/mydisk/WCDA_observation_eval/recovered_time/0224/Esg20220224_13.time.root,18558,18558,18558,False,12379,obs_events/yyyymm=202202/part-001160.parquet,59634.2185642,59634.2492645,202202,202202,2652.50154133,4,340.786612127,2311.7149292,59634.2185642,59634.2492645
1161,processed,202202,0224/Esg20220224_14.root,/mnt/mydisk/WCDA_observation_eval/0224/Esg20220224_14.root,/mnt/mydisk/WCDA_observation_eval/recovered_time/0224/Esg20220224_14.time.root,25698,25698,25698,False,17158,obs_events/yyyymm=202202/part-001161.parquet,59634.2497435,59634.2911239,202202,202202,3575.26643851,1,85.0182706257,3490.24816789,59634.2497435,59634.2911239
1162,processed,202202,0224/Esg20220224_15.root,/mnt/mydisk/WCDA_observation_eval/0224/Esg20220224_15.root,/mnt/mydisk/WCDA_observation_eval/recovered_time/0224/Esg20220224_15.time.root,24502,24502,24502,False,16353,obs_events/yyyymm=202202/part-001162.parquet,59634.291611,59634.3328047,202202,202202,3559.13443237,9,802.692624251,2756.44180812,59634.291611,59634.3328045
1163,processed,202202,0224/Esg20220224_16.root,/mnt/mydisk/WCDA_observation_eval/0224/Esg20220224_16.root,/mnt/mydisk/WCDA_observation_eval/recovered_time/0224/Esg20220224_16.time.root,26671,26671,26671,False,17866,obs_events/yyyymm=202202/part-001163.parquet,59634.3332851,59634.3744039,202202,202202,3552.66708538,1,84.2160036787,3468.45108171,59634.3332851,59634.3744039
1164,processed,202202,0224/Esg20220224_17.root,/mnt/mydisk/WCDA_observation_eval/0224/Esg20220224_17.root,/mnt/mydisk/WCDA_observation_eval/recovered_time/0224/Esg20220224_17.time.root,41096,41096,41096,False,27748,obs_events/yyyymm=202202/part-001164.parquet,59634.3748836,59634.4161669,202202,202202,3566.87435217,4,337.595590157,3229.27876201,59634.3748836,59634.4161669
1165,processed,202202,0224/Esg20220224_18.root,/mnt/mydisk/WCDA_observation_eval/0224/Esg20220224_18.root,/mnt/mydisk/WCDA_observation_eval/recovered_time/0224/Esg20220224_18.time.root,87774,87774,87774,False,60051,obs_events/yyyymm=202202/part-001165.parquet,59634.4166506,59634.4578435,202202,202202,3559.06764662,1,84.4773920719,3474.59025455,59634.4166506,59634.4578435
1166,processed,202202,0224/Esg20220224_19.root,/mnt/mydisk/WCDA_observation_eval/0224/Esg20220224_19.root,/mnt/mydisk/WCDA_observation_eval/recovered_time/0224/Esg20220224_19.time.root,187816,187816,187816,False,124763,obs_events/yyyymm=202202/part-001166.parquet,59634.4583202,59634.4992839,202202,202202,3539.26607491,7,588.033798127,2951.23227679,59634.4583202,59634.4992839
1167,processed,202202,0224/Esg20220224_20.root,/mnt/mydisk/WCDA_observation_eval/0224/Esg20220224_20.root,/mnt/mydisk/WCDA_observation_eval/recovered_time/0224/Esg20220224_20.time.root,341007,341007,341007,False,217289,obs_events/yyyymm=202202/part-001167.parquet,59634.4997475,59634.5409592,202202,202202,3560.69103226,2,165.587761067,3395.10327119,59634.4997475,59634.5409592
1168,processed,202202,0224/Esg20220224_21.root,/mnt/mydisk/WCDA_observation_eval/0224/Esg20220224_21.root,/mnt/mydisk/WCDA_observation_eval/recovered_time/0224/Esg20220224_21.time.root,229179,229179,229179,False,151085,obs_events/yyyymm=202202/part-001168.parquet,59634.5413949,59634.582799,202202,202202,3577.31202438,2,170.64825464,3406.66376974,59634.5413949,59634.582799
1169,processed,202202,0224/Esg20220224_22.root,/mnt/mydisk/WCDA_observation_eval/0224/Esg20220224_22.root,/mnt/mydisk/WCDA_observation_eval/recovered_time/0224/Esg20220224_22.time.root,107890,107890,107890,False,74151,obs_events/yyyymm=202202/part-001169.parquet,59634.5832588,59634.6243155,202202,202202,3547.29827084,4,344.620597316,3202.67767352,59634.5832588,59634.6243155
1170,processed,202202,0224/Esg20220224_23.root,/mnt/mydisk/WCDA_observation_eval/0224/Esg20220224_23.root,/mnt/mydisk/WCDA_observation_eval/recovered_time/0224/Esg20220224_23.time.root,83579,83579,83579,False,57432,obs_events/yyyymm=202202/part-001170.parquet,59634.6247827,59634.6659296,202202,202202,3555.09600942,6,518.984006066,3036.11200335,59634.6247827,59634.6659296
1171,processed,202202,0225/Esg20220225_00.root,/mnt/mydisk/WCDA_observation_eval/0225/Esg20220225_00.root,/mnt/mydisk/WCDA_observation_eval/recovered_time/0225/Esg20220225_00.time.root,125973,125973,125973,False,85926,obs_events/yyyymm=202202/part-001171.parquet,59634.6663794,59634.7080496,202202,202202,3600.30624121,4,344.686584058,3255.61965716,59634.6663794,59634.7080496
1172,processed,202202,0225/Esg20220225_01.root,/mnt/mydisk/WCDA_observation_eval/0225/Esg20220225_01.root,/mnt/mydisk/WCDA_observation_eval/recovered_time/0225/Esg20220225_01.time.root,246527,246527,246527,False,160697,obs_events/yyyymm=202202/part-001172.parquet,59634.7081011,59634.749695,202202,202202,3593.71561047,5,423.982607131,3169.73300334,59634.7081011,59634.749695
1173,processed,202202,0225/Esg20220225_02.root,/mnt/mydisk/WCDA_observation_eval/0225/Esg20220225_02.root,/mnt/mydisk/WCDA_observation_eval/recovered_time/0225/Esg20220225_02.time.root,260740,260740,260740,False,169611,obs_events/yyyymm=202202/part-001173.parquet,59634.7497277,59634.7913394,202202,202202,3595.25386656,5,423.620412103,3171.63345446,59634.7497277,59634.7913394
1174,processed,202202,0225/Esg20220225_03.root,/mnt/mydisk/WCDA_observation_eval/0225/Esg20220225_03.root,/mnt/mydisk/WCDA_observation_eval/recovered_time/0225/Esg20220225_03.time.root,142552,142552,142552,False,96404,obs_events/yyyymm=202202/part-001174.parquet,59634.7913846,59634.8329474,202202,202202,3591.02736062,8,729.073025705,2861.95433491,59634.7913846,59634.8329474
1175,processed,202202,0225/Esg20220225_04.root,/mnt/mydisk/WCDA_observation_eval/0225/Esg20220225_04.root,/mnt/mydisk/WCDA_observation_eval/recovered_time/0225/Esg20220225_04.time.root,70933,70933,70933,False,48621,obs_events/yyyymm=202202/part-001175.parquet,59634.833366,59634.8746612,202202,202202,3567.90991472,8,739.610156743,2828.29975798,59634.833366,59634.8746612
1176,processed,202202,0225/Esg20220225_05.root,/mnt/mydisk/WCDA_observation_eval/0225/Esg20220225_05.root,/mnt/mydisk/WCDA_observation_eval/recovered_time/0225/Esg20220225_05.time.root,38178,38178,38178,False,26042,obs_events/yyyymm=202202/part-001176.parquet,59634.8750868,59634.9162557,202202,202202,3556.99403523,6,523.00763391,3033.98640133,59634.8750868,59634.9162557
1177,processed,202202,0225/Esg20220225_06.root,/mnt/mydisk/WCDA_observation_eval/0225/Esg20220225_06.root,/mnt/mydisk/WCDA_observation_eval/recovered_time/0225/Esg20220225_06.time.root,25839,25839,25839,False,17473,obs_events/yyyymm=202202/part-001177.parquet,59634.9166995,59634.9579874,202202,202202,3567.27448327,3,262.177819409,3305.09666386,59634.9166995,59634.9579874
1178,processed,202202,0225/Esg20220225_07.root,/mnt/mydisk/WCDA_observation_eval/0225/Esg20220225_07.root,/mnt/mydisk/WCDA_observation_eval/recovered_time/0225/Esg20220225_07.time.root,24423,24423,24423,False,16445,obs_events/yyyymm=202202/part-001178.parquet,59634.9584176,59634.9993013,202202,202202,3532.35372494,2,175.509479153,3356.84424578,59634.9584176,59634.9993013
1179,processed,202202,0225/Esg20220225_08.root,/mnt/mydisk/WCDA_observation_eval/0225/Esg20220225_08.root,/mnt/mydisk/WCDA_observation_eval/recovered_time/0225/Esg20220225_08.time.root,24536,24536,24536,False,16383,obs_events/yyyymm=202202/part-001179.parquet,59634.9997278,59635.0410312,202202,202202,3568.61183143,3,263.08740573,3305.5244257,59634.9997278,59635.0410312
1180,processed,202202,0225/Esg20220225_09.root,/mnt/mydisk/WCDA_observation_eval/0225/Esg20220225_09.root,/mnt/mydisk/WCDA_observation_eval/recovered_time/0225/Esg20220225_09.time.root,24392,24392,24392,False,16327,obs_events/yyyymm=202202/part-001180.parquet,59635.0414507,59635.0828638,202202,202202,3578.0928785,4,351.346540893,3226.7463376,59635.0414507,59635.0828638
1181,processed,202202,0225/Esg20220225_10.root,/mnt/mydisk/WCDA_observation_eval/0225/Esg20220225_10.root,/mnt/mydisk/WCDA_observation_eval/recovered_time/0225/Esg20220225_10.time.root,12572,12572,12572,False,8426,obs_events/yyyymm=202202/part-001181.parquet,59635.0832914,59635.1041961,202202,202202,1806.16613743,0,0,1806.16613743,59635.0832915,59635.1041961
1182,processed,202202,0225/Esg20220225_13.root,/mnt/mydisk/WCDA_observation_eval/0225/Esg20220225_13.root,/mnt/mydisk/WCDA_observation_eval/recovered_time/0225/Esg20220225_13.time.root,19589,19589,19589,False,13031,obs_events/yyyymm=202202/part-001182.parquet,59635.2154058,59635.2495403,202202,202202,2949.2173272,6,561.727626692,2387.4897005,59635.2154058,59635.2495403
1183,processed,202202,0225/Esg20220225_14.root,/mnt/mydisk/WCDA_observation_eval/0225/Esg20220225_14.root,/mnt/mydisk/WCDA_observation_eval/recovered_time/0225/Esg20220225_14.time.root,25430,25430,25430,False,16877,obs_events/yyyymm=202202/part-001183.parquet,59635.2500356,59635.2909805,202202,202202,3537.63790154,1,86.0584662762,3451.57943526,59635.2500357,59635.2909805
1184,processed,202202,0225/Esg20220225_15.root,/mnt/mydisk/WCDA_observation_eval/0225/Esg20220225_15.root,/mnt/mydisk/WCDA_observation_eval/recovered_time/0225/Esg20220225_15.time.root,25088,25088,25088,False,16801,obs_events/yyyymm=202202/part-001184.parquet,59635.291469,59635.3329953,202202,202202,3587.87392394,5,429.123889469,3158.75003447,59635.291469,59635.3329953
1185,processed,202202,0225/Esg20220225_16.root,/mnt/mydisk/WCDA_observation_eval/0225/Esg20220225_16.root,/mnt/mydisk/WCDA_observation_eval/recovered_time/0225/Esg20220225_16.time.root,25777,25777,25777,False,17180,obs_events/yyyymm=202202/part-001185.parquet,59635.3334806,59635.3745911,202202,202202,3551.95361548,7,604.018967785,2947.9346477,59635.3334806,59635.3745911
1186,processed,202202,0225/Esg20220225_17.root,/mnt/mydisk/WCDA_observation_eval/0225/Esg20220225_17.root,/mnt/mydisk/WCDA_observation_eval/recovered_time/0225/Esg20220225_17.time.root,41068,41068,41068,False,27666,obs_events/yyyymm=202202/part-001186.parquet,59635.3750702,59635.4159206,202202,202202,3529.47447582,5,432.609752426,3096.86472339,59635.3750702,59635.4159206
1187,processed,202202,0225/Esg20220225_18.root,/mnt/mydisk/WCDA_observation_eval/0225/Esg20220225_18.root,/mnt/mydisk/WCDA_observation_eval/recovered_time/0225/Esg20220225_18.time.root,86929,86929,86929,False,59375,obs_events/yyyymm=202202/part-001187.parquet,59635.4164053,59635.4579549,202202,202202,3589.87809671,6,518.136028619,3071.74206809,59635.4164053,59635.4579549
1188,processed,202202,0225/Esg20220225_19.root,/mnt/mydisk/WCDA_observation_eval/0225/Esg20220225_19.root,/mnt/mydisk/WCDA_observation_eval/recovered_time/0225/Esg20220225_19.time.root,194732,194732,194732,False,129271,obs_events/yyyymm=202202/part-001188.parquet,59635.4584164,59635.4992914,202202,202202,3531.59548372,6,513.687117677,3017.90836605,59635.4584164,59635.4992914
1189,processed,202202,0225/Esg20220225_20.root,/mnt/mydisk/WCDA_observation_eval/0225/Esg20220225_20.root,/mnt/mydisk/WCDA_observation_eval/recovered_time/0225/Esg20220225_20.time.root,316221,316221,316221,False,201727,obs_events/yyyymm=202202/part-001189.parquet,59635.4997301,59635.5413844,202202,202202,3598.93075142,10,892.468872364,2706.46187905,59635.4997301,59635.5413844
1190,processed,202202,0225/Esg20220225_21.root,/mnt/mydisk/WCDA_observation_eval/0225/Esg20220225_21.root,/mnt/mydisk/WCDA_observation_eval/recovered_time/0225/Esg20220225_21.time.root,203591,203591,203591,False,135623,obs_events/yyyymm=202202/part-001190.parquet,59635.5418347,59635.5830475,202202,202202,3560.78581775,6,518.949254067,3041.83656368,59635.5418348,59635.5830475
1191,processed,202202,0225/Esg20220225_22.root,/mnt/mydisk/WCDA_observation_eval/0225/Esg20220225_22.root,/mnt/mydisk/WCDA_observation_eval/recovered_time/0225/Esg20220225_22.time.root,101986,101986,101986,False,70034,obs_events/yyyymm=202202/part-001191.parquet,59635.5830404,59635.6242353,202202,202202,3559.23917054,5,437.901888276,3121.33728226,59635.5830404,59635.6242353
1192,processed,202202,0225/Esg20220225_23.root,/mnt/mydisk/WCDA_observation_eval/0225/Esg20220225_23.root,/mnt/mydisk/WCDA_observation_eval/recovered_time/0225/Esg20220225_23.time.root,83236,83236,83236,False,57057,obs_events/yyyymm=202202/part-001192.parquet,59635.6247236,59635.6663771,202202,202202,3598.85908111,8,745.773992501,2853.08508861,59635.6247236,59635.6663771
1193,processed,202202,0226/Esg20220226_00.root,/mnt/mydisk/WCDA_observation_eval/0226/Esg20220226_00.root,/mnt/mydisk/WCDA_observation_eval/recovered_time/0226/Esg20220226_00.time.root,130188,130188,130188,False,88321,obs_events/yyyymm=202202/part-001193.parquet,59635.6668597,59635.70806,202202,202202,3559.70613013,3,261.603972944,3298.10215719,59635.6668597,59635.70806
1194,processed,202202,0226/Esg20220226_01.root,/mnt/mydisk/WCDA_observation_eval/0226/Esg20220226_01.root,/mnt/mydisk/WCDA_observation_eval/recovered_time/0226/Esg20220226_01.time.root,248543,248543,248543,False,161701,obs_events/yyyymm=202202/part-001194.parquet,59635.7080473,59635.7496826,202202,202202,3597.28929356,7,598.567335843,2998.72195772,59635.7080473,59635.7496826
1195,processed,202202,0226/Esg20220226_02.root,/mnt/mydisk/WCDA_observation_eval/0226/Esg20220226_02.root,/mnt/mydisk/WCDA_observation_eval/recovered_time/0226/Esg20220226_02.time.root,245997,245997,245997,False,160132,obs_events/yyyymm=202202/part-001195.parquet,59635.7501435,59635.7912481,202202,202202,3551.4337556,8,686.136958678,2865.29679692,59635.7501435,59635.7912481
1196,processed,202202,0226/Esg20220226_03.root,/mnt/mydisk/WCDA_observation_eval/0226/Esg20220226_03.root,/mnt/mydisk/WCDA_observation_eval/recovered_time/0226/Esg20220226_03.time.root,134503,134503,134503,False,91409,obs_events/yyyymm=202202/part-001196.parquet,59635.791716,59635.8326565,202202,202202,3537.25903176,8,692.072602781,2845.18642898,59635.791716,59635.8326565
1197,processed,202202,0226/Esg20220226_04.root,/mnt/mydisk/WCDA_observation_eval/0226/Esg20220226_04.root,/mnt/mydisk/WCDA_observation_eval/recovered_time/0226/Esg20220226_04.time.root,71433,71433,71433,False,48923,obs_events/yyyymm=202202/part-001197.parquet,59635.8331315,59635.8745613,202202,202202,3579.53386344,2,174.372671801,3405.16119164,59635.8331315,59635.8745613
1198,processed,202202,0226/Esg20220226_05.root,/mnt/mydisk/WCDA_observation_eval/0226/Esg20220226_05.root,/mnt/mydisk/WCDA_observation_eval/recovered_time/0226/Esg20220226_05.time.root,36315,36315,36315,False,24652,obs_events/yyyymm=202202/part-001198.parquet,59635.8750296,59635.9159763,202202,202202,3537.79564057,6,527.028168202,3010.76747237,59635.8750296,59635.9159763
1199,processed,202202,0226/Esg20220226_06.root,/mnt/mydisk/WCDA_observation_eval/0226/Esg20220226_06.root,/mnt/mydisk/WCDA_observation_eval/recovered_time/0226/Esg20220226_06.time.root,24839,24839,24839,False,16697,obs_events/yyyymm=202202/part-001199.parquet,59635.916437,59635.9580025,202202,202202,3591.25463006,6,528.943418199,3062.31121186,59635.916437,59635.9580025
1200,processed,202202,0226/Esg20220226_07.root,/mnt/mydisk/WCDA_observation_eval/0226/Esg20220226_07.root,/mnt/mydisk/WCDA_observation_eval/recovered_time/0226/Esg20220226_07.time.root,24203,24203,24203,False,16138,obs_events/yyyymm=202202/part-001200.parquet,59635.9584667,59635.9995895,202202,202202,3553.01621533,4,353.859855188,3199.15636014,59635.9584667,59635.9995895
1201,processed,202202,0226/Esg20220226_08.root,/mnt/mydisk/WCDA_observation_eval/0226/Esg20220226_08.root,/mnt/mydisk/WCDA_observation_eval/recovered_time/0226/Esg20220226_08.time.root,24566,24566,24566,False,16329,obs_events/yyyymm=202202/part-001201.parquet,59636.0000671,59636.0411182,202202,202202,3546.80985755,0,0,3546.80985755,59636.0000671,59636.0411182
1202,processed,202202,0226/Esg20220226_09.root,/mnt/mydisk/WCDA_observation_eval/0226/Esg20220226_09.root,/mnt/mydisk/WCDA_observation_eval/recovered_time/0226/Esg20220226_09.time.root,23557,23557,23557,False,15806,obs_events/yyyymm=202202/part-001202.parquet,59636.041597,59636.0826161,202202,202202,3544.05496591,6,528.854051605,3015.2009143,59636.041597,59636.0826161
1203,processed,202202,0226/Esg20220226_10.root,/mnt/mydisk/WCDA_observation_eval/0226/Esg20220226_10.root,/mnt/mydisk/WCDA_observation_eval/recovered_time/0226/Esg20220226_10.time.root,10948,10948,10948,False,7416,obs_events/yyyymm=202202/part-001203.parquet,59636.0830915,59636.1030798,202202,202202,1726.99566877,5,485.191138415,1241.80453036,59636.0830915,59636.1030798
1204,processed,202202,0226/Esg20220226_15.root,/mnt/mydisk/WCDA_observation_eval/0226/Esg20220226_15.root,/mnt/mydisk/WCDA_observation_eval/recovered_time/0226/Esg20220226_15.time.root,13637,13637,13637,False,9013,obs_events/yyyymm=202202/part-001204.parquet,59636.3090197,59636.3328587,202202,202202,2059.6952535,4,460.329427058,1599.36582644,59636.3090197,59636.3328587
1205,processed,202202,0226/Esg20220226_16.root,/mnt/mydisk/WCDA_observation_eval/0226/Esg20220226_16.root,/mnt/mydisk/WCDA_observation_eval/recovered_time/0226/Esg20220226_16.time.root,26109,26109,26109,False,17576,obs_events/yyyymm=202202/part-001205.parquet,59636.3333477,59636.3744339,202202,202202,3549.84961487,6,517.514275806,3032.33533907,59636.3333477,59636.3744339
1206,processed,202202,0226/Esg20220226_17.root,/mnt/mydisk/WCDA_observation_eval/0226/Esg20220226_17.root,/mnt/mydisk/WCDA_observation_eval/recovered_time/0226/Esg20220226_17.time.root,43823,43823,43823,False,29687,obs_events/yyyymm=202202/part-001206.parquet,59636.3749185,59636.4161148,202202,202202,3559.35615404,4,344.411834492,3214.94431954,59636.3749185,59636.4161148
1207,processed,202202,0226/Esg20220226_18.root,/mnt/mydisk/WCDA_observation_eval/0226/Esg20220226_18.root,/mnt/mydisk/WCDA_observation_eval/recovered_time/0226/Esg20220226_18.time.root,92235,92235,92235,False,62943,obs_events/yyyymm=202202/part-001207.parquet,59636.4165933,59636.4576055,202202,202202,3543.45478874,5,431.133509427,3112.32127931,59636.4165933,59636.4576055
1208,processed,202202,0226/Esg20220226_19.root,/mnt/mydisk/WCDA_observation_eval/0226/Esg20220226_19.root,/mnt/mydisk/WCDA_observation_eval/recovered_time/0226/Esg20220226_19.time.root,208117,208117,208117,False,137279,obs_events/yyyymm=202202/part-001208.parquet,59636.4580803,59636.4994067,202202,202202,3570.59850781,6,513.121756632,3057.47675118,59636.4580803,59636.4994066
1209,processed,202202,0226/Esg20220226_20.root,/mnt/mydisk/WCDA_observation_eval/0226/Esg20220226_20.root,/mnt/mydisk/WCDA_observation_eval/recovered_time/0226/Esg20220226_20.time.root,330783,330783,330783,False,210983,obs_events/yyyymm=202202/part-001209.parquet,59636.4998774,59636.541361,202202,202202,3584.19073757,5,422.698835679,3161.49190189,59636.4998774,59636.541361
1210,processed,202202,0226/Esg20220226_21.root,/mnt/mydisk/WCDA_observation_eval/0226/Esg20220226_21.root,/mnt/mydisk/WCDA_observation_eval/recovered_time/0226/Esg20220226_21.time.root,195707,195707,195707,False,130565,obs_events/yyyymm=202202/part-001210.parquet,59636.5418162,59636.5828733,202202,202202,3547.33108724,4,344.145515654,3203.18557159,59636.5418162,59636.5828731
1211,processed,202202,0226/Esg20220226_22.root,/mnt/mydisk/WCDA_observation_eval/0226/Esg20220226_22.root,/mnt/mydisk/WCDA_observation_eval/recovered_time/0226/Esg20220226_22.time.root,97988,97988,97988,False,67219,obs_events/yyyymm=202202/part-001211.parquet,59636.5833641,59636.6246119,202202,202202,3563.80823271,4,439.326473814,3124.48175889,59636.5833641,59636.6246119
1212,processed,202202,0226/Esg20220226_23.root,/mnt/mydisk/WCDA_observation_eval/0226/Esg20220226_23.root,/mnt/mydisk/WCDA_observation_eval/recovered_time/0226/Esg20220226_23.time.root,83766,83766,83766,False,57302,obs_events/yyyymm=202202/part-001212.parquet,59636.6251075,59636.6658889,202202,202202,3523.50996255,6,527.982153674,2995.52780888,59636.6251075,59636.6658888
1213,processed,202202,0227/Esg20220227_00.root,/mnt/mydisk/WCDA_observation_eval/0227/Esg20220227_00.root,/mnt/mydisk/WCDA_observation_eval/recovered_time/0227/Esg20220227_00.time.root,136727,136727,136727,False,92753,obs_events/yyyymm=202202/part-001213.parquet,59636.6663839,59636.707657,202202,202202,3565.99073885,3,262.903229753,3303.0875091,59636.6663839,59636.707657
1214,processed,202202,0227/Esg20220227_01.root,/mnt/mydisk/WCDA_observation_eval/0227/Esg20220227_01.root,/mnt/mydisk/WCDA_observation_eval/recovered_time/0227/Esg20220227_01.time.root,253786,253786,253786,False,164716,obs_events/yyyymm=202202/part-001214.parquet,59636.7081328,59636.7497531,202202,202202,3595.99683364,8,681.827542302,2914.16929134,59636.7081328,59636.7497531
1215,processed,202202,0227/Esg20220227_02.root,/mnt/mydisk/WCDA_observation_eval/0227/Esg20220227_02.root,/mnt/mydisk/WCDA_observation_eval/recovered_time/0227/Esg20220227_02.time.root,241226,241226,241226,False,157670,obs_events/yyyymm=202202/part-001215.parquet,59636.750214,59636.7911113,202202,202202,3533.52370765,6,509.415697725,3024.10800993,59636.750214,59636.7911113
1216,processed,202202,0227/Esg20220227_03.root,/mnt/mydisk/WCDA_observation_eval/0227/Esg20220227_03.root,/mnt/mydisk/WCDA_observation_eval/recovered_time/0227/Esg20220227_03.time.root,131669,131669,131669,False,89223,obs_events/yyyymm=202202/part-001216.parquet,59636.7915933,59636.8328646,202202,202202,3565.8430493,6,517.878073244,3047.96497605,59636.7915933,59636.8328646
1217,processed,202202,0227/Esg20220227_04.root,/mnt/mydisk/WCDA_observation_eval/0227/Esg20220227_04.root,/mnt/mydisk/WCDA_observation_eval/recovered_time/0227/Esg20220227_04.time.root,64812,64812,64812,False,44161,obs_events/yyyymm=202202/part-001217.parquet,59636.8333575,59636.8744204,202202,202202,3547.83544983,9,779.436130752,2768.39931908,59636.8333575,59636.8744204
1218,processed,202202,0227/Esg20220227_05.root,/mnt/mydisk/WCDA_observation_eval/0227/Esg20220227_05.root,/mnt/mydisk/WCDA_observation_eval/recovered_time/0227/Esg20220227_05.time.root,34726,34726,34726,False,23676,obs_events/yyyymm=202202/part-001218.parquet,59636.8748943,59636.9163155,202202,202202,3578.78535111,9,780.801284406,2797.9840667,59636.8748943,59636.9163155
1219,processed,202202,0227/Esg20220227_06.root,/mnt/mydisk/WCDA_observation_eval/0227/Esg20220227_06.root,/mnt/mydisk/WCDA_observation_eval/recovered_time/0227/Esg20220227_06.time.root,24520,24520,24520,False,16420,obs_events/yyyymm=202202/part-001219.parquet,59636.9168373,59636.9577915,202202,202202,3538.44874694,8,696.189024579,2842.25972237,59636.9168373,59636.9577915
1220,processed,202202,0227/Esg20220227_07.root,/mnt/mydisk/WCDA_observation_eval/0227/Esg20220227_07.root,/mnt/mydisk/WCDA_observation_eval/recovered_time/0227/Esg20220227_07.time.root,23823,23823,23823,False,15946,obs_events/yyyymm=202202/part-001220.parquet,59636.958274,59636.9993797,202202,202202,3551.53545239,7,610.51703277,2941.01841962,59636.958274,59636.9993797
1221,processed,202202,0227/Esg20220227_08.root,/mnt/mydisk/WCDA_observation_eval/0227/Esg20220227_08.root,/mnt/mydisk/WCDA_observation_eval/recovered_time/0227/Esg20220227_08.time.root,24431,24431,24431,False,16356,obs_events/yyyymm=202202/part-001221.parquet,59636.9998592,59637.0409818,202202,202202,3552.99411477,4,349.508633441,3203.48548132,59636.9998592,59637.0409817
1222,processed,202202,0227/Esg20220227_09.root,/mnt/mydisk/WCDA_observation_eval/0227/Esg20220227_09.root,/mnt/mydisk/WCDA_observation_eval/recovered_time/0227/Esg20220227_09.time.root,24724,24724,24724,False,16562,obs_events/yyyymm=202202/part-001222.parquet,59637.0414561,59637.083022,202202,202202,3591.28962031,4,348.844088917,3242.44553139,59637.0414561,59637.083022
1223,processed,202202,0227/Esg20220227_10.root,/mnt/mydisk/WCDA_observation_eval/0227/Esg20220227_10.root,/mnt/mydisk/WCDA_observation_eval/recovered_time/0227/Esg20220227_10.time.root,3990,3990,3990,False,2687,obs_events/yyyymm=202202/part-001223.parquet,59637.0834784,59637.0900984,202202,202202,571.971213631,1,87.0173438452,484.953869786,59637.0834784,59637.0900984
1224,processed,202202,0227/Esg20220227_13.root,/mnt/mydisk/WCDA_observation_eval/0227/Esg20220227_13.root,/mnt/mydisk/WCDA_observation_eval/recovered_time/0227/Esg20220227_13.time.root,23797,23797,23797,False,15952,obs_events/yyyymm=202202/part-001224.parquet,59637.210417,59637.2495471,202202,202202,3380.83764059,4,340.885007288,3039.9526333,59637.210417,59637.2495471
1225,processed,202202,0227/Esg20220227_14.root,/mnt/mydisk/WCDA_observation_eval/0227/Esg20220227_14.root,/mnt/mydisk/WCDA_observation_eval/recovered_time/0227/Esg20220227_14.time.root,25725,25725,25725,False,17235,obs_events/yyyymm=202202/part-001225.parquet,59637.2500045,59637.2912202,202202,202202,3561.03390469,2,168.432910088,3392.6009946,59637.2500045,59637.2912202
1226,processed,202202,0227/Esg20220227_15.root,/mnt/mydisk/WCDA_observation_eval/0227/Esg20220227_15.root,/mnt/mydisk/WCDA_observation_eval/recovered_time/0227/Esg20220227_15.time.root,25509,25509,25509,False,17055,obs_events/yyyymm=202202/part-001226.parquet,59637.2916705,59637.3328996,202202,202202,3562.19911287,5,423.657083348,3138.54202952,59637.2916705,59637.3328996
1227,processed,202202,0227/Esg20220227_16.root,/mnt/mydisk/WCDA_observation_eval/0227/Esg20220227_16.root,/mnt/mydisk/WCDA_observation_eval/recovered_time/0227/Esg20220227_16.time.root,27813,27813,27813,False,18454,obs_events/yyyymm=202202/part-001227.parquet,59637.3333596,59637.3746401,202202,202202,3566.63003708,4,337.529651192,3229.10038589,59637.3333596,59637.3746401
1228,processed,202202,0227/Esg20220227_17.root,/mnt/mydisk/WCDA_observation_eval/0227/Esg20220227_17.root,/mnt/mydisk/WCDA_observation_eval/recovered_time/0227/Esg20220227_17.time.root,46423,46423,46423,False,31346,obs_events/yyyymm=202202/part-001228.parquet,59637.375083,59637.4164204,202202,202202,3571.55209472,6,506.190013024,3065.3620817,59637.375083,59637.4164204
1229,processed,202202,0227/Esg20220227_18.root,/mnt/mydisk/WCDA_observation_eval/0227/Esg20220227_18.root,/mnt/mydisk/WCDA_observation_eval/recovered_time/0227/Esg20220227_18.time.root,98864,98864,98864,False,67182,obs_events/yyyymm=202202/part-001229.parquet,59637.4168573,59637.4580037,202202,202202,3555.05256895,5,421.276952047,3133.7756169,59637.4168573,59637.4580037
1230,processed,202202,0227/Esg20220227_19.root,/mnt/mydisk/WCDA_observation_eval/0227/Esg20220227_19.root,/mnt/mydisk/WCDA_observation_eval/recovered_time/0227/Esg20220227_19.time.root,228247,228247,228247,False,150352,obs_events/yyyymm=202202/part-001230.parquet,59637.4584411,59637.4999026,202202,202202,3582.27662416,7,587.069492228,2995.20713193,59637.4584411,59637.4999026
1231,processed,202202,0227/Esg20220227_20.root,/mnt/mydisk/WCDA_observation_eval/0227/Esg20220227_20.root,/mnt/mydisk/WCDA_observation_eval/recovered_time/0227/Esg20220227_20.time.root,332776,332776,332776,False,212578,obs_events/yyyymm=202202/part-001231.parquet,59637.500343,59637.5416232,202202,202202,3566.60886754,5,414.89029387,3151.71857367,59637.500343,59637.5416232
1232,processed,202202,0227/Esg20220227_21.root,/mnt/mydisk/WCDA_observation_eval/0227/Esg20220227_21.root,/mnt/mydisk/WCDA_observation_eval/recovered_time/0227/Esg20220227_21.time.root,183551,183551,183551,False,122961,obs_events/yyyymm=202202/part-001232.parquet,59637.5420733,59637.5830602,202202,202202,3541.27429803,8,681.706196023,2859.56810201,59637.5420733,59637.5830602
1233,processed,202202,0227/Esg20220227_22.root,/mnt/mydisk/WCDA_observation_eval/0227/Esg20220227_22.root,/mnt/mydisk/WCDA_observation_eval/recovered_time/0227/Esg20220227_22.time.root,98091,98091,98091,False,67124,obs_events/yyyymm=202202/part-001233.parquet,59637.58354,59637.6246111,202202,202202,3548.54806918,4,344.883507653,3203.66456152,59637.58354,59637.6246111
1234,processed,202202,0227/Esg20220227_23.root,/mnt/mydisk/WCDA_observation_eval/0227/Esg20220227_23.root,/mnt/mydisk/WCDA_observation_eval/recovered_time/0227/Esg20220227_23.time.root,88221,88221,88221,False,60471,obs_events/yyyymm=202202/part-001234.parquet,59637.625093,59637.666235,202202,202202,3554.66834754,4,345.950231398,3208.71811614,59637.625093,59637.666235
1235,processed,202202,0228/Esg20220228_00.root,/mnt/mydisk/WCDA_observation_eval/0228/Esg20220228_00.root,/mnt/mydisk/WCDA_observation_eval/recovered_time/0228/Esg20220228_00.time.root,142395,142395,142395,False,95905,obs_events/yyyymm=202202/part-001235.parquet,59637.6667259,59637.707833,202202,202202,3551.64714397,6,515.273187077,3036.3739569,59637.6667259,59637.7078329
1236,processed,202202,0228/Esg20220228_01.root,/mnt/mydisk/WCDA_observation_eval/0228/Esg20220228_01.root,/mnt/mydisk/WCDA_observation_eval/recovered_time/0228/Esg20220228_01.time.root,268453,268453,268453,False,173994,obs_events/yyyymm=202202/part-001236.parquet,59637.7083104,59637.7498188,202202,202202,3586.32695738,4,380.258072494,3206.06888488,59637.7083105,59637.7498188
1237,processed,202202,0228/Esg20220228_02.root,/mnt/mydisk/WCDA_observation_eval/0228/Esg20220228_02.root,/mnt/mydisk/WCDA_observation_eval/recovered_time/0228/Esg20220228_02.time.root,245811,245811,245811,False,161055,obs_events/yyyymm=202202/part-001237.parquet,59637.7502652,59637.7911976,202202,202202,3536.55901984,2,168.351571891,3368.20744795,59637.7502652,59637.7911976
1238,processed,202202,0228/Esg20220228_03.root,/mnt/mydisk/WCDA_observation_eval/0228/Esg20220228_03.root,/mnt/mydisk/WCDA_observation_eval/recovered_time/0228/Esg20220228_03.time.root,128513,128513,128513,False,87430,obs_events/yyyymm=202202/part-001238.parquet,59637.7916684,59637.8330329,202202,202202,3573.88912062,5,427.608097927,3146.28102269,59637.7916684,59637.8330329
1239,processed,202202,0228/Esg20220228_04.root,/mnt/mydisk/WCDA_observation_eval/0228/Esg20220228_04.root,/mnt/mydisk/WCDA_observation_eval/recovered_time/0228/Esg20220228_04.time.root,65961,65961,65961,False,45159,obs_events/yyyymm=202202/part-001239.parquet,59637.8335061,59637.8746585,202202,202202,3555.56568224,2,171.654333849,3383.91134839,59637.8335061,59637.8746585
1240,processed,202202,0228/Esg20220228_05.root,/mnt/mydisk/WCDA_observation_eval/0228/Esg20220228_05.root,/mnt/mydisk/WCDA_observation_eval/recovered_time/0228/Esg20220228_05.time.root,35325,35325,35325,False,24007,obs_events/yyyymm=202202/part-001240.parquet,59637.8751477,59637.9163029,202202,202202,3555.80782725,4,344.937214488,3210.87061276,59637.8751477,59637.9163029
1241,processed,202202,0228/Esg20220228_06.root,/mnt/mydisk/WCDA_observation_eval/0228/Esg20220228_06.root,/mnt/mydisk/WCDA_observation_eval/recovered_time/0228/Esg20220228_06.time.root,25122,25122,25122,False,16832,obs_events/yyyymm=202202/part-001241.parquet,59637.916796,59637.9580932,202202,202202,3568.08127707,4,390.179557353,3177.90171972,59637.916796,59637.9580932
1242,processed,202202,0228/Esg20220228_07.root,/mnt/mydisk/WCDA_observation_eval/0228/Esg20220228_07.root,/mnt/mydisk/WCDA_observation_eval/recovered_time/0228/Esg20220228_07.time.root,24676,24676,24676,False,16331,obs_events/yyyymm=202202/part-001242.parquet,59637.9585894,59637.9999023,202202,202202,3569.44027003,5,433.323906921,3136.11636311,59637.9585894,59637.9999022
1243,processed,202202,0228/Esg20220228_08.root,/mnt/mydisk/WCDA_observation_eval/0228/Esg20220228_08.root,/mnt/mydisk/WCDA_observation_eval/recovered_time/0228/Esg20220228_08.time.root,25340,25340,25340,False,16950,obs_events/yyyymm=202202/part-001243.parquet,59638.000393,59638.0416077,202202,202202,3560.9555142,2,173.247815575,3387.70769862,59638.000393,59638.0416077
1244,processed,202202,0228/Esg20220228_09.root,/mnt/mydisk/WCDA_observation_eval/0228/Esg20220228_09.root,/mnt/mydisk/WCDA_observation_eval/recovered_time/0228/Esg20220228_09.time.root,303,303,303,False,197,obs_events/yyyymm=202202/part-001244.parquet,59638.042086,59638.0421109,202202,202202,2.15037746821,0,0,2.15037746821,59638.042086,59638.0421109
1245,processed,202202,0228/Esg20220228_10.root,/mnt/mydisk/WCDA_observation_eval/0228/Esg20220228_10.root,/mnt/mydisk/WCDA_observation_eval/recovered_time/0228/Esg20220228_10.time.root,3945,3945,3945,False,2550,obs_events/yyyymm=202202/part-001245.parquet,59638.0898872,59638.0961636,202202,202202,542.280945182,1,85.9339246061,456.347020576,59638.0898872,59638.0961636
1246,processed,202202,0228/Esg20220228_12.root,/mnt/mydisk/WCDA_observation_eval/0228/Esg20220228_12.root,/mnt/mydisk/WCDA_observation_eval/recovered_time/0228/Esg20220228_12.time.root,276,276,276,False,190,obs_events/yyyymm=202202/part-001246.parquet,59638.2080977,59638.2081073,202202,202202,0.829984433949,0,0,0.829984433949,59638.2080977,59638.2081073
1247,processed,202202,0228/Esg20220228_13.root,/mnt/mydisk/WCDA_observation_eval/0228/Esg20220228_13.root,/mnt/mydisk/WCDA_observation_eval/recovered_time/0228/Esg20220228_13.time.root,25046,25046,25046,False,16702,obs_events/yyyymm=202202/part-001247.parquet,59638.2085956,59638.2498314,202202,202202,3562.76877508,5,426.736510545,3136.03226454,59638.2085956,59638.2498312
1248,processed,202202,0228/Esg20220228_14.root,/mnt/mydisk/WCDA_observation_eval/0228/Esg20220228_14.root,/mnt/mydisk/WCDA_observation_eval/recovered_time/0228/Esg20220228_14.time.root,24904,24904,24904,False,16729,obs_events/yyyymm=202202/part-001248.parquet,59638.2503183,59638.2913014,202202,202202,3540.93811561,7,595.035631,2945.90248461,59638.2503183,59638.2913014
1249,processed,202202,0228/Esg20220228_15.root,/mnt/mydisk/WCDA_observation_eval/0228/Esg20220228_15.root,/mnt/mydisk/WCDA_observation_eval/recovered_time/0228/Esg20220228_15.time.root,24667,24667,24667,False,16540,obs_events/yyyymm=202202/part-001249.parquet,59638.2917762,59638.3328559,202202,202202,3549.29214015,9,767.490587896,2781.80155226,59638.2917762,59638.3328559
1250,processed,202202,0228/Esg20220228_16.root,/mnt/mydisk/WCDA_observation_eval/0228/Esg20220228_16.root,/mnt/mydisk/WCDA_observation_eval/recovered_time/0228/Esg20220228_16.time.root,27452,27452,27452,False,18350,obs_events/yyyymm=202202/part-001250.parquet,59638.3333426,59638.3745483,202202,202202,3560.16909408,7,641.125906049,2919.04318803,59638.3333426,59638.3745483
1251,processed,202202,0228/Esg20220228_17.root,/mnt/mydisk/WCDA_observation_eval/0228/Esg20220228_17.root,/mnt/mydisk/WCDA_observation_eval/recovered_time/0228/Esg20220228_17.time.root,48759,48759,48759,False,33195,obs_events/yyyymm=202202/part-001251.parquet,59638.3750171,59638.416405,202202,202202,3575.91402289,5,426.800030493,3149.11399239,59638.3750171,59638.416405
1252,processed,202202,0228/Esg20220228_18.root,/mnt/mydisk/WCDA_observation_eval/0228/Esg20220228_18.root,/mnt/mydisk/WCDA_observation_eval/recovered_time/0228/Esg20220228_18.time.root,105106,105106,105106,False,71531,obs_events/yyyymm=202202/part-001252.parquet,59638.4168669,59638.4581706,202202,202202,3568.63685958,4,386.313449149,3182.32341043,59638.4168669,59638.4581706
1253,processed,202202,0228/Esg20220228_19.root,/mnt/mydisk/WCDA_observation_eval/0228/Esg20220228_19.root,/mnt/mydisk/WCDA_observation_eval/recovered_time/0228/Esg20220228_19.time.root,238406,238406,238406,False,156389,obs_events/yyyymm=202202/part-001253.parquet,59638.4586292,59638.4996849,202202,202202,3547.21012884,3,253.431149013,3293.77897982,59638.4586292,59638.4996849
1254,processed,202202,0228/Esg20220228_20.root,/mnt/mydisk/WCDA_observation_eval/0228/Esg20220228_20.root,/mnt/mydisk/WCDA_observation_eval/recovered_time/0228/Esg20220228_20.time.root,327218,327218,327218,False,209138,obs_events/yyyymm=202202/part-001254.parquet,59638.500146,59638.5413936,202202,202202,3563.79775449,4,335.695529426,3228.10222507,59638.500146,59638.5413936
1255,processed,202202,0228/Esg20220228_21.root,/mnt/mydisk/WCDA_observation_eval/0228/Esg20220228_21.root,/mnt/mydisk/WCDA_observation_eval/recovered_time/0228/Esg20220228_21.time.root,177638,177638,177638,False,119162,obs_events/yyyymm=202202/part-001255.parquet,59638.5418642,59638.5828072,202202,202202,3537.47610964,3,258.587900992,3278.88820865,59638.5418642,59638.5828072
1256,processed,202202,0228/Esg20220228_22.root,/mnt/mydisk/WCDA_observation_eval/0228/Esg20220228_22.root,/mnt/mydisk/WCDA_observation_eval/recovered_time/0228/Esg20220228_22.time.root,97221,97221,97221,False,66607,obs_events/yyyymm=202202/part-001256.parquet,59638.5832978,59638.6249333,202202,202202,3597.30330161,2,174.512519664,3422.79078194,59638.5832978,59638.6249332
1257,processed,202202,0228/Esg20220228_23.root,/mnt/mydisk/WCDA_observation_eval/0228/Esg20220228_23.root,/mnt/mydisk/WCDA_observation_eval/recovered_time/0228/Esg20220228_23.time.root,87839,87839,87839,False,60115,obs_events/yyyymm=202202/part-001257.parquet,59638.6254331,59638.6661835,202202,202202,3520.83312885,5,439.188323915,3081.64480494,59638.6254331,59638.6661835
