source_file_id	hour	interval_index	start_mjd	stop_mjd	duration_seconds
0	20220101_00	0	59579.666907754974090	59579.708053377806209	3554.981812695041
1	20220101_01	0	59579.708516691069235	59579.749595284309180	3549.190455931239
2	20220101_02	0	59579.750063667845097	59579.791616351423727	3590.151861193590
3	20220101_03	0	59579.792087302237633	59579.833050038454530	3539.180409139954
4	20220101_04	0	59579.833531974742073	59579.874512468268222	3540.714640659280
5	20220101_05	0	59579.874957639840432	59579.916357842012076	3576.977467630059
6	20220101_06	0	59579.916794033480983	59579.958257327511092	3582.428604201414
7	20220101_07	0	59579.958698184389505	59579.999818423588295	3552.788666775450
8	20220101_08	0	59580.000275266313110	59580.041434375270910	3556.147013953887
9	20220101_09	0	59580.041929062710551	59580.083067743325955	3554.382005170919
10	20220101_10	0	59580.083537733815319	59580.124792042319314	3564.372254745103
11	20220101_11	0	59580.125270407552307	59580.166461028653430	3558.869663137011
12	20220101_12	0	59580.166940049261029	59580.192446829743858	2203.785833716393
12	20220101_12	1	59580.193441678420641	59580.207916349892912	1250.611615204252
13	20220101_13	0	59580.208395142974041	59580.249514092647587	3552.677251794375
14	20220101_14	0	59580.249994242250978	59580.254440276105015	384.137324988842
15	20220101_16	0	59580.366441556114296	59580.374798385426402	722.030052565970
16	20220101_17	0	59580.375284169094812	59580.416142901682178	3530.194495548494
17	20220101_18	0	59580.416625583646237	59580.458130480205000	3586.023062677123
18	20220101_19	0	59580.458619231409102	59580.499786910499097	3556.887473375537
19	20220101_20	0	59580.500269796910288	59580.541577494390367	3568.985062278807
20	20220101_21	0	59580.542070031333424	59580.582897020307428	3527.451847353950
21	20220101_22	0	59580.583379062300082	59580.624741747582448	3573.736008396372
22	20220101_23	0	59580.625212154205656	59580.666169493946654	3538.714153622277
23	20220102_00	0	59580.666610096486693	59580.689123868214665	1945.189877296798
23	20220102_00	1	59580.690059146450949	59580.708066050683556	1555.796525697224
24	20220102_01	0	59580.708508991308918	59580.749906580524112	3576.751708192751
25	20220102_02	0	59580.750360325342626	59580.771340083869291	1812.651136703789
25	20220102_02	1	59580.772275581861322	59580.791225555149140	1637.277692067437
26	20220102_03	0	59580.791674190390040	59580.833017878583632	3572.094659926370
27	20220102_04	0	59580.833454295192496	59580.874822300676897	3574.195673852228
28	20220102_05	0	59580.875245966344664	59580.916603068930272	3573.253663396463
29	20220102_06	0	59580.917020962537208	59580.957857277244329	3528.257590695284
30	20220102_07	0	59580.958283502950508	59580.987708701017254	2542.337112966925
30	20220102_07	1	59580.988695041480241	59580.999741687737696	954.430236644112
31	20220102_08	0	59581.000182776726433	59581.041210516799765	3544.796742335893
32	20220102_09	0	59581.041651292638562	59581.083252865333634	3594.375880854204
33	20220102_10	0	59581.083681144758884	59581.100775094229903	1476.917234295979
33	20220102_10	1	59581.101707292022184	59581.124858156494156	2000.234690378420
34	20220102_11	0	59581.125293421595416	59581.166350445433636	3547.326859622262
35	20220102_12	0	59581.166847122061881	59581.208212037905469	3573.928728885949
36	20220102_13	0	59581.208648504485609	59581.247225334918767	3333.038149424829
36	20220102_13	1	59581.248151978070382	59581.249686623727030	132.593384734355
37	20220102_14	0	59581.250117948096886	59581.250178082605998	5.195621587336
37	20220102_14	1	59581.251101287554775	59581.251650065787544	47.414439311251
38	20220102_16	0	59581.360092039052688	59581.360095346266462	0.285743270069
38	20220102_16	1	59581.363561347236100	59581.374776735283376	969.009527284652
39	20220102_17	0	59581.375198268266104	59581.416302603967779	3551.414604624733
40	20220102_18	0	59581.416788049325987	59581.458269962946360	3584.037336800247
41	20220102_19	0	59581.458695736037043	59581.476463072838669	1535.097899660468
41	20220102_19	1	59581.477375663649582	59581.499623451818479	1922.208897792734
42	20220102_20	0	59581.500047811787226	59581.541553567418305	3586.097286525182
43	20220102_21	0	59581.541990870318841	59581.583234536265081	3563.452737755142
44	20220102_22	0	59581.583665164675040	59581.624876637200941	3560.671226237901
45	20220102_23	0	59581.625288796793029	59581.666474413053948	3558.437244943343
46	20220103_00	0	59581.666853830596665	59581.707895202926011	3545.974569255486
47	20220103_01	0	59581.708301045910048	59581.749818577744009	3587.114750454202
48	20220103_02	0	59581.750248733085755	59581.791237513803935	3541.430654050782
49	20220103_03	0	59581.791690863254189	59581.833101495067240	3577.878588647582
50	20220103_04	0	59581.833555713390524	59581.874865516707359	3569.167006574571
51	20220103_05	0	59581.875299914972857	59581.916519024300214	3561.331045883708
52	20220103_06	0	59581.916959715177654	59581.958088307197613	3553.510350524448
53	20220103_07	0	59581.958551510084362	59581.999705896021624	3555.738944979385
54	20220103_08	0	59582.000168183163623	59582.041327881932375	3556.197973620147
55	20220103_09	0	59582.041802229789027	59582.082975081160839	3557.334358524531
56	20220103_10	0	59582.083443188312231	59582.124701028806157	3564.677418675274
57	20220103_11	0	59582.125155702597112	59582.166294529393781	3554.394635232165
58	20220103_12	0	59582.166759621701203	59582.179990576194541	1143.154468224384
58	20220103_12	1	59582.180949199959286	59582.207896795145643	2328.272224101238
59	20220103_13	0	59582.208378641786112	59582.248762127965165	3489.133205870166
60	20220103_16	0	59582.361033831883105	59582.374542642348388	1167.161224200390
61	20220103_17	0	59582.375016093617887	59582.416579462034861	3591.075031226501
62	20220103_18	0	59582.417045731090184	59582.458174596118624	3553.533938457258
63	20220103_19	0	59582.458623751837877	59582.499913764797384	3567.457119701430
64	20220103_20	0	59582.500377435266273	59582.541155817300023	3523.252207715996
65	20220103_21	0	59582.541633229433501	59582.582854471540486	3561.515318043530
66	20220103_22	0	59582.583320031801122	59582.624583249053103	3565.141970571131
67	20220103_23	0	59582.625038905964175	59582.666271938920545	3562.534047430381
68	20220104_00	0	59582.666699771019921	59582.707915481310920	3561.037369142286
69	20220104_01	0	59582.708361348333710	59582.749561708522378	3559.711120300926
70	20220104_02	0	59582.750030215160223	59582.791355287568877	3570.486256107688
71	20220104_03	0	59582.791801164341450	59582.833144884039939	3572.097381949425
72	20220104_04	0	59582.833586811888381	59582.874844200159714	3564.638346643187
73	20220104_05	0	59582.875252797079156	59582.916297131290776	3546.230475883931
74	20220104_06	0	59582.916693982457218	59582.957867538942082	3557.395280292258
75	20220104_07	0	59582.958287063847820	59582.999563133715128	3566.252436535433
76	20220104_08	0	59583.000000929023372	59583.004844843489991	418.514209915884
76	20220104_08	1	59583.005767607137386	59583.041431665929849	3081.374679668806
77	20220104_09	0	59583.041860955832817	59583.082856136643386	3541.983622033149
78	20220104_10	0	59583.083333219175984	59583.124859680567170	3587.886264198460
79	20220104_11	0	59583.125325021224853	59583.166322644487082	3542.194649856538
80	20220104_12	0	59583.166799312653893	59583.208188614378741	3576.035669026896
81	20220104_13	0	59583.208660421703826	59583.246515952552727	3270.717865345068
82	20220104_16	0	59583.355037735826045	59583.355041080874798	0.289012212306
82	20220104_16	1	59583.357942254253430	59583.374771522663650	1454.048790642992
83	20220104_17	0	59583.375225702926400	59583.416303454614535	3549.117745854892
84	20220104_18	0	59583.416764122259337	59583.458005775057245	3563.278801739216
85	20220104_19	0	59583.458441223032423	59583.475074009875243	1437.072783219628
85	20220104_19	1	59583.476000939008372	59583.499536108662141	2033.438658085652
86	20220104_20	0	59583.499979192107276	59583.541310612534289	3571.034724893980
87	20220104_21	0	59583.541756944607187	59583.583160316891735	3577.251365385018
88	20220104_22	0	59583.583600305864820	59583.608316789010132	2135.504143754952
88	20220104_22	1	59583.609250936817261	59583.624601970906951	1326.329345349222
89	20220104_23	0	59583.625028513415600	59583.666515669443470	3584.490280807950
90	20220105_00	0	59583.666925061857910	59583.708292144139705	3574.115909147076
91	20220105_01	0	59583.708296662989596	59583.749542318459135	3563.624632568099
92	20220105_02	0	59583.749983804416843	59583.791238358389819	3564.393463265151
93	20220105_03	0	59583.791679404246679	59583.833285954075109	3594.805905176327
94	20220105_04	0	59583.833303147672268	59583.874928205361357	3596.404984337278
95	20220105_05	0	59583.875342607199855	59583.916516394405335	3557.415214553475
96	20220105_06	0	59583.916939132119296	59583.958134165462980	3559.250880894251
97	20220105_07	0	59583.958579894650029	59583.999857072194573	3566.348139848560
98	20220105_08	0	59584.000321066501783	59584.041620161988249	3568.241850030608
99	20220105_09	0	59584.041638352529844	59584.082865472926642	3562.023202283308
100	20220105_10	0	59584.083326855092309	59584.124680483728298	3572.953514149413
101	20220105_11	0	59584.125151622705744	59584.166478625920718	3570.653077773750
102	20220105_12	0	59584.166941438044887	59584.208015461030300	3548.795585939661
103	20220105_13	0	59584.208472693651856	59584.243476977346290	3024.370111199096
104	20220105_18	0	59584.417022612527944	59584.457871520986373	3529.345690808259
105	20220105_19	0	59584.458301867693081	59584.499939585308312	3597.498801955953
106	20220105_20	0	59584.499988335512171	59584.541223292100767	3562.700249254704
107	20220105_21	0	59584.541656303015770	59584.583174714331108	3587.190737645142
108	20220105_22	0	59584.583592153096106	59584.624860147501749	3565.554716647603
109	20220106_00	0	59584.666667363220768	59584.708138871428673	3583.138309163041
110	20220106_01	0	59584.708564121632662	59584.749567811217275	3542.718780110590
111	20220106_02	0	59584.750001649546903	59584.791624939374742	3596.252241125330
112	20220106_03	0	59584.792058121107402	59584.833149912810768	3550.330803170800
113	20220106_04	0	59584.833579865706270	59584.874694815523981	3552.331664250232
114	20220106_05	0	59584.875109731430712	59584.916622090880992	3586.667856504209
115	20220106_06	0	59584.916617267714173	59584.958181437941676	3591.144307656214
116	20220106_07	0	59584.958616704752785	59584.999885796452872	3565.649522887543
117	20220106_08	0	59585.000337278223014	59585.041185646798112	3529.299044888467
118	20220106_09	0	59585.041646996891359	59585.083061228222505	3578.189587011002
119	20220106_10	0	59585.083540282430477	59585.124487187305931	3537.812581239268
120	20220106_11	0	59585.124963201415085	59585.166386573138880	3578.979316935875
121	20220106_12	0	59585.166873159410898	59585.208105933204934	3562.511655804701
122	20220106_13	0	59585.208595318865264	59585.234253115631873	2216.833640635014
122	20220106_13	1	59585.235223036608659	59585.240639616509725	467.992503452115
127	20220106_20	0	59585.500077788143244	59585.541349639723194	3565.887976507656
128	20220106_21	0	59585.541827449043922	59585.583147408033255	3570.044456678443
129	20220106_22	0	59585.583623387203261	59585.617643360732473	2939.325712923892
129	20220106_22	1	59585.618597487875377	59585.624562953344139	515.416216501035
130	20220106_23	0	59585.625002326873073	59585.666477680424578	3583.470546850003
131	20220107_00	0	59585.666891439264873	59585.707875417683681	3541.015735385008
132	20220107_01	0	59585.708309526038647	59585.749807827269251	3585.453226324171
133	20220107_02	0	59585.750239593660808	59585.750301139974908	5.317601538263
133	20220107_02	1	59585.751226168613357	59585.791215680037567	3455.093787051737
134	20220107_03	0	59585.791640972493042	59585.833105976205843	3582.576320786029
135	20220107_04	0	59585.833504191425163	59585.874850656990020	3572.334624803625
136	20220107_05	0	59585.875240283254243	59585.916520499376929	3566.610673000105
137	20220107_06	0	59585.916924103723431	59585.958239780833537	3569.674502313137
138	20220107_07	0	59585.958655133770662	59585.999618959118379	3539.274510042742
139	20220107_08	0	59586.000048621099268	59586.041571022411517	3587.535473378375
140	20220107_09	0	59586.042003942900919	59586.083015419870208	3543.391610146500
141	20220107_10	0	59586.083453707571607	59586.124931384511001	3583.671287563629
142	20220107_11	0	59586.125423274876084	59586.166439251239353	3543.780357786454
143	20220107_12	0	59586.166881281438691	59586.208222117726109	3571.848255232908
144	20220107_13	0	59586.208668309976929	59586.237976014061132	2532.185632875189
149	20220107_20	0	59586.499955099570798	59586.541220116821933	3565.297490498051
150	20220107_21	0	59586.541637044138042	59586.583022416423773	3575.696165487170
151	20220107_22	0	59586.583430597042025	59586.624911500031885	3583.950018323958
152	20220107_23	0	59586.625300746411085	59586.652871258629602	2382.092255679891
152	20220107_23	1	59586.653751389298122	59586.666360118520970	1089.394204854034
153	20220108_00	0	59586.666748903408006	59586.708252263095346	3585.890276986174
154	20220108_01	0	59586.708662051802094	59586.714231876416306	481.232846667990
154	20220108_01	1	59586.715207789864508	59586.749608230085869	2972.198035125621
155	20220108_02	0	59586.750030330818845	59586.791449946795183	3578.654820355587
156	20220108_03	0	59586.791882876161253	59586.833178441971540	3567.936886008829
157	20220108_04	0	59586.833597222568642	59586.874879781644267	3566.813104134053
158	20220108_05	0	59586.875281495988020	59586.916473370140011	3558.977926732041
159	20220108_06	0	59586.916900465839717	59586.916946045552322	3.938087169081
160	20220108_07	0	59586.997839500560076	59586.999347704906540	130.308855534531
161	20220108_08	0	59586.999837537216081	59587.041304399557703	3582.736906316131
162	20220108_09	0	59587.041792514384724	59587.056253075534187	1249.392483313568
162	20220108_09	1	59587.058241790167813	59587.083161558926804	2153.068020776846
163	20220108_10	0	59587.083651660985197	59587.124498063822102	3529.129205108620
164	20220108_11	0	59587.124981756751367	59587.136979099719611	1036.570432456210
164	20220108_11	1	59587.137954406156496	59587.166377680820005	2455.770930927247
165	20220108_12	0	59587.166856725889375	59587.208153501815104	3568.041439983062
166	20220108_13	0	59587.208639699601918	59587.235312732118473	2304.550009430386
166	20220108_13	1	59587.237279645843955	59587.237282976391725	0.287759327330
171	20220108_20	0	59587.500150616207975	59587.541606351966038	3581.775569496676
172	20220108_21	0	59587.542076575482497	59587.583096624701284	3544.132252503186
173	20220108_22	0	59587.583558242571598	59587.609578770607186	2248.173622274771
173	20220108_22	1	59587.610530694379122	59587.624571109234239	1213.091843482107
174	20220108_23	0	59587.625018410108169	59587.666590517590521	3591.830086475238
175	20220109_00	0	59587.667026506780530	59587.707907980489836	3532.159328483976
176	20220109_01	0	59587.708359856515017	59587.749670178949600	3569.211858347990
177	20220109_02	0	59587.750122888850456	59587.791356718371389	3562.602870608680
178	20220109_03	0	59587.791797822290391	59587.832851498424134	3547.037617955357
179	20220109_04	0	59587.833292025054106	59587.874715563331847	3578.993707196787
180	20220109_05	0	59587.875119109528896	59587.916296821837022	3557.754343422130
181	20220109_06	0	59587.916701974863827	59587.958294181407837	3593.566645402461
182	20220109_07	0	59587.958339601682383	59587.999944565679471	3594.668889348395
183	20220109_08	0	59587.999988660514646	59588.041136411455227	3555.165681266226
184	20220109_09	0	59588.041621065756772	59588.083174166815297	3590.187931456603
185	20220109_10	0	59588.083600588819536	59588.124609132872138	3543.138206144795
186	20220109_11	0	59588.125027435642551	59588.166424781244132	3576.730659976602
187	20220109_12	0	59588.166836470154522	59588.207944984904316	3551.775674382225
188	20220109_13	0	59588.208365630081971	59588.232862405056949	2116.521357838064
193	20220109_20	0	59588.500202896415431	59588.541597420844482	3576.486910670064
194	20220109_21	0	59588.542066901034559	59588.583104994861060	3545.691306609660
195	20220109_22	0	59588.583569248214189	59588.587993283821561	382.236676476896
195	20220109_22	1	59588.588948889861058	59588.624743914937426	3092.690166598186
196	20220109_23	0	59588.625183593525435	59588.666305311926408	3552.916469844058
197	20220110_00	0	59588.666729864511581	59588.708293667157704	3591.112548625097
198	20220110_01	0	59588.708737745408143	59588.749821288940439	3549.618161190301
199	20220110_02	0	59588.750267835399427	59588.791395825530344	3553.458347311243
200	20220110_03	0	59588.791843752034765	59588.832996454053500	3555.593454418704
201	20220110_04	0	59588.833438208508596	59588.874580709169095	3554.712057067081
202	20220110_05	0	59588.875008375653124	59588.916577043179132	3591.532874247059
203	20220110_06	0	59588.917033591329528	59588.958088021987351	3547.102808835916
204	20220110_07	0	59588.958551304400316	59588.999686013317842	3554.038850474171
205	20220110_08	0	59589.000163672055351	59589.041340493931784	3557.677410123870
206	20220110_09	0	59589.041809289701632	59589.082973780678003	3556.612020358443
207	20220110_10	0	59589.083459863686585	59589.103553636305151	1736.101954244077
207	20220110_10	1	59589.104526174902276	59589.124640457055648	1737.873978051357
208	20220110_11	0	59589.125127229148347	59589.166340397197928	3560.817719483748
209	20220110_12	0	59589.166793529911956	59589.208243762353959	3581.300082989037
210	20220110_13	0	59589.208726632379694	59589.229624914616579	1805.611585266888
215	20220110_20	0	59589.500235901083215	59589.541527461253281	3567.590798693709
216	20220110_21	0	59589.541897686154698	59589.583229881383886	3571.101667801850
217	20220110_22	0	59589.583317270058615	59589.624767094326671	3581.264816760086
218	20220110_23	0	59589.625125475919049	59589.638511161952920	1156.523273326457
218	20220110_23	1	59589.639452088391408	59589.666281381432782	2318.050918774679
219	20220111_00	0	59589.666645142271591	59589.708152507060731	3586.236317781731
220	20220111_01	0	59589.708540554274805	59589.749943072391034	3577.177565242164
221	20220111_02	0	59589.750007070113497	59589.791324721089040	3569.845044286922
222	20220111_03	0	59589.791726852934517	59589.832982627034653	3564.498882251792
223	20220111_04	0	59589.833367831997748	59589.874973434525600	3594.724058406428
224	20220111_05	0	59589.875002202548785	59589.916564101578842	3590.948076196946
225	20220111_06	0	59589.916952107152611	59589.958130485931179	3557.811926468275
226	20220111_07	0	59589.958607525528350	59589.999795729738253	3558.660843735561
227	20220111_08	0	59590.000205102209293	59590.041478848856059	3566.051710280590
228	20220111_09	0	59590.041888666310115	59590.083157829147240	3565.655669127591
229	20220111_10	0	59590.083575508811919	59590.124932756574708	3573.266206705011
230	20220111_11	0	59590.125350936243194	59590.166592173467507	3563.242896180600
231	20220111_12	0	59590.166656150351628	59590.208227474598971	3591.762414970435
232	20220111_13	0	59590.208631029963726	59590.225248974820715	1435.790435643867
232	20220111_13	1	59590.226216344402928	59590.227190267214610	84.146930929273
237	20220111_20	0	59590.499995737518475	59590.541463107249001	3582.780744717456
238	20220111_21	0	59590.541814602322120	59590.583164321760705	3572.615759493783
239	20220111_22	0	59590.583494236547267	59590.624951778147079	3581.931594223715
240	20220111_23	0	59590.625246787749347	59590.666594684327720	3572.458264371380
241	20220112_00	0	59590.666706146410434	59590.708121738185582	3578.307129372843
242	20220112_01	0	59590.708444265997969	59590.749880088675127	3580.055079306476
243	20220112_02	0	59590.750205123629712	59590.791596283255785	3576.196191692725
244	20220112_03	0	59590.791922234682715	59590.833042419857520	3552.783999103121
245	20220112_04	0	59590.833504861810070	59590.874948697222862	3580.747379665263
246	20220112_05	0	59590.875041826329834	59590.916397143635550	3573.099415213801
247	20220112_06	0	59590.916731713026820	59590.958134416985558	3577.193622034974
248	20220112_07	0	59590.958471086261852	59590.999948959281028	3583.688228856772
249	20220112_08	0	59591.000292839853500	59591.041598913499911	3568.844763049856
250	20220112_09	0	59591.041736692794075	59591.083153401938034	3578.403670038097
251	20220112_10	0	59591.083484259965189	59591.124923047224001	3580.311219161376
252	20220112_11	0	59591.125263674701273	59591.166575115144951	3569.308454333805
253	20220112_12	0	59591.166721195666469	59591.208158211738919	3580.158188659698
254	20220112_13	0	59591.208314700175833	59591.208318230135774	0.304988538846
254	20220112_13	1	59591.209120849198371	59591.224214110334287	1304.057762143202
259	20220112_20	0	59591.499962853238685	59591.541569642962713	3594.826632156037
260	20220112_21	0	59591.541850237241306	59591.583113753331418	3565.167790185660
261	20220112_22	0	59591.583287853740330	59591.624932719620119	3598.116412013769
262	20220112_23	0	59591.625074900250183	59591.666459717256657	3575.648189359345
263	20220113_00	0	59591.666719919689058	59591.708206248484203	3584.418807900511
264	20220113_01	0	59591.708488194541133	59591.749820051554707	3571.072445972823
265	20220113_02	0	59591.750117853996926	59591.791293435002444	3557.570198876783
266	20220113_03	0	59591.791760081941902	59591.833150882201153	3576.165142399259
267	20220113_04	0	59591.833442824172380	59591.874885389021074	3580.637602927163
268	20220113_05	0	59591.875168999096786	59591.916396263099159	3562.035609805025
269	20220113_06	0	59591.916696071028127	59591.958210982476885	3586.888349172659
270	20220113_07	0	59591.958363544537860	59591.961241192031594	248.628743458539
270	20220113_07	1	59591.962018296188035	59591.999820852201083	3266.140839527361
271	20220113_08	0	59591.999987202827469	59592.041520465056237	3588.473856565543
272	20220113_09	0	59592.041687848795846	59592.083268779591890	3592.592420778237
273	20220113_10	0	59592.083429315054673	59592.124931292251858	3585.770829836838
274	20220113_11	0	59592.125088556320406	59592.166473899902485	3575.693685491569
275	20220113_12	0	59592.166624896432040	59592.208268120470166	3597.974556894042
276	20220113_13	0	59592.208405004974338	59592.221149056153081	1101.086021843366
277	20220113_15	0	59592.332651856078883	59592.332655184036412	0.287535530515
282	20220113_20	0	59592.500109054504719	59592.541584035054257	3583.438319480047
283	20220113_21	0	59592.541684148338391	59592.583243376982864	3590.717354882509
284	20220113_22	0	59592.583331860987528	59592.624781600534334	3581.257496844046
285	20220113_23	0	59592.625110696120828	59592.627641199564096	218.635497498326
285	20220113_23	1	59592.628448161864071	59592.666402492402995	3279.254158562981
286	20220114_00	0	59592.666740515473066	59592.708226365051814	3584.377403603867
287	20220114_01	0	59592.708584033243824	59592.744836036879860	3132.173114153557
287	20220114_01	1	59592.745667593459075	59592.749649433768354	344.031002721749
288	20220114_02	0	59592.750000466723577	59592.791538843201124	3588.915727660060
289	20220114_03	0	59592.791893780369719	59592.833037495562166	3554.816992627457
290	20220114_04	0	59592.833397691574646	59592.874913536514214	3586.969002778642
291	20220114_05	0	59592.874968647091009	59592.916354070439411	3575.700577301905
292	20220114_06	0	59592.916732874298759	59592.958177290209278	3580.797534668818
293	20220114_07	0	59592.958566669614811	59592.999590276638628	3544.439646857791
294	20220114_08	0	59592.999986807619280	59593.041485355148325	3585.474506509490
295	20220114_09	0	59593.041862276142638	59593.082921284345502	3547.498308727518
296	20220114_10	0	59593.083299307443667	59593.113376384295407	2598.659439990297
296	20220114_10	1	59593.114341094194970	59593.124920230329735	914.037362043746
297	20220114_11	0	59593.125009394338122	59593.166381625240319	3574.560749949887
298	20220114_12	0	59593.166766930975427	59593.207899989676662	3553.896271786653
299	20220114_13	0	59593.208284975800780	59593.218847934003861	912.639588746242
300	20220114_15	0	59593.331034267583163	59593.333053466827550	174.458814715035
305	20220114_20	0	59593.500199078880541	59593.541566791303921	3574.170353380032
306	20220114_21	0	59593.541944002288801	59593.582998122699792	3547.076003509574
307	20220114_22	0	59593.583350695000263	59593.624894385196967	3589.374832995236
308	20220114_23	0	59593.625203472765861	59593.666296217037598	3550.413105078042
309	20220115_00	0	59593.666618059003667	59593.708149987687648	3588.358638295904
310	20220115_01	0	59593.708479643464671	59593.749850157393666	3574.412403465249
311	20220115_02	0	59593.750175007684447	59593.791470958807622	3567.970177042298
312	20220115_03	0	59593.791800477920333	59593.833103608929378	3568.590519181453
313	20220115_04	0	59593.833406944730086	59593.874957330343022	3589.953316957690
314	20220115_05	0	59593.875260927328782	59593.916525101987645	3565.224690525793
315	20220115_06	0	59593.916644791948784	59593.958242863634950	3594.073393684812
316	20220115_07	0	59593.958389010025712	59593.999847402083105	3582.005073758774
317	20220115_08	0	59594.000155804445967	59594.041427931908402	3565.911812754348
318	20220115_09	0	59594.041741677232494	59594.083129756567359	3575.930054532364
319	20220115_10	0	59594.083439595466189	59594.124876388152188	3580.138888070360
320	20220115_11	0	59594.125181484043424	59594.166458806124865	3566.360627836548
321	20220115_12	0	59594.166626285405073	59594.208150484089856	3587.690766365267
322	20220115_13	0	59594.208325818966841	59594.216340843566286	692.498125392012
323	20220115_15	0	59594.324233696184820	59594.324237197419279	0.302506657317
323	20220115_15	1	59594.328059606981697	59594.333133604079194	438.393349223770
328	20220115_20	0	59594.500065398009610	59594.541549887027941	3584.259851183742
329	20220115_21	0	59594.541839357967547	59594.583166322430770	3570.649729622528
330	20220115_22	0	59594.583446534510585	59594.624960762623232	3586.829308932647
331	20220115_23	0	59594.625106832703750	59594.666488021510304	3575.334712886252
332	20220116_00	0	59594.666654531007225	59594.708117676287657	3582.415752229281
333	20220116_01	0	59594.708316092699533	59594.749941142654279	3596.404316090047
334	20220116_02	0	59594.750230790450587	59594.791513575502904	3566.832628520206
335	20220116_03	0	59594.791793097778282	59594.833302367362194	3586.400892050005
336	20220116_04	0	59594.833471034449758	59594.874868449165660	3576.736631453969
337	20220116_05	0	59594.875315166449582	59594.916614340108936	3568.248604168184
338	20220116_06	0	59594.916897002171027	59594.958103528864740	3560.243906336837
339	20220116_07	0	59594.958284193169675	59594.999872315085668	3593.213733541779
340	20220116_08	0	59595.000047843415814	59595.001510647656687	126.386286411434
340	20220116_08	1	59595.002297456783708	59595.041338858653035	3373.177121509798
341	20220116_09	0	59595.041636151217972	59595.083085845399182	3581.253577256575
342	20220116_10	0	59595.083371313732641	59595.124763011059258	3576.242649019696
343	20220116_11	0	59595.124950371471641	59595.166416417014261	3582.666334882379
344	20220116_12	0	59595.166695630541653	59595.208196742576547	3585.696079814807
345	20220116_13	0	59595.208456537977327	59595.213276961687370	416.484608547762
346	20220116_15	0	59595.321062621129386	59595.321066088203224	0.299555179663
346	20220116_15	1	59595.325650247898011	59595.325869190775848	18.916664645076
346	20220116_15	2	59595.326610440861259	59595.333077439667250	558.748696837574
350	20220116_20	0	59595.500166120706126	59595.541464122194157	3568.147328565829
351	20220116_21	0	59595.541720955807250	59595.583226626644318	3586.089960322715
352	20220116_22	0	59595.583480465014873	59595.624945825125906	3582.607113593258
353	20220116_23	0	59595.625101869416540	59595.666606528764532	3586.002567666583
354	20220117_00	0	59595.666854282993881	59595.708142385839892	3567.292085895315
355	20220117_01	0	59595.708414705608448	59595.749673851198168	3564.790178951807
356	20220117_02	0	59595.749951045771013	59595.791434227925492	3584.146938147023
357	20220117_03	0	59595.791622475138865	59595.833125967481465	3585.901738400571
358	20220117_04	0	59595.833389702085697	59595.874885590703343	3585.244776564650
359	20220117_05	0	59595.875039387341531	59595.916470845084405	3579.677948984317
360	20220117_06	0	59595.916733235200809	59595.928040464139485	976.944580301642
360	20220117_06	1	59595.932464036013698	59595.958237384562381	2226.817314606160
361	20220117_07	0	59595.958688675520534	59595.999573376291664	3532.438146625645
362	20220117_08	0	59596.000025965411623	59596.041364063035871	3571.611634735018
363	20220117_09	0	59596.041828473877104	59596.064353895824752	1946.196456276812
368	20220117_20	0	59596.500148342951434	59596.541600827775255	3581.494688778184
369	20220117_21	0	59596.542067034300999	59596.583260333136423	3559.101019380614
370	20220117_22	0	59596.583704634620517	59596.624993789147993	3567.382951173931
371	20220117_23	0	59596.624962850692100	59596.666183745946910	3561.485350015573
372	20220118_00	0	59596.666619015937613	59596.708238493803947	3595.922887651250
373	20220118_01	0	59596.708695982015342	59596.749748268513940	3546.917553478852
374	20220118_02	0	59596.750204884599952	59596.791611615932197	3577.541587105952
375	20220118_03	0	59596.792069213108334	59596.832920967863174	3529.591610818170
376	20220118_04	0	59596.833342376412475	59596.874545980441326	3559.991388092749
377	20220118_05	0	59596.874971308257955	59596.916524930777086	3590.232985652983
378	20220118_06	0	59596.916970855963882	59596.957994404314377	3544.434577482753
379	20220118_07	0	59596.958456289328751	59596.999537771720497	3549.440078646876
380	20220118_08	0	59596.999994590463757	59597.041503244581691	3586.347715789452
381	20220118_09	0	59597.041960534123064	59597.065444451451185	2029.010457149707
381	20220118_09	1	59597.066367246829032	59597.083236651269544	1457.516543660313
382	20220118_10	0	59597.083696882502409	59597.124552821900579	3529.953164001927
383	20220118_11	0	59597.125011017247743	59597.166389235891984	3575.078090862371
384	20220118_12	0	59597.166854293471260	59597.207561202543729	3517.076943861321
385	20220118_13	0	59597.208958334216732	59597.208961651711434	0.286631542258
386	20220118_15	0	59597.319806265288207	59597.333272928633960	1163.519713073038
391	20220118_20	0	59597.500264955277089	59597.541212172349333	3537.839555041865
392	20220118_21	0	59597.541686348420626	59597.583238031802466	3590.065444190986
393	20220118_22	0	59597.583690639679844	59597.624936222775432	3563.618379458785
394	20220118_23	0	59597.625371489964891	59597.666626584679761	3564.440183364786
395	20220119_00	0	59597.666626416568761	59597.708112127067579	3584.365387097932
396	20220119_01	0	59597.708575651733554	59597.749521157602430	3537.691707070917
397	20220119_02	0	59597.749987691960996	59597.791397552486160	3577.811949374154
398	20220119_03	0	59597.791850349392917	59597.833124412361940	3566.079040523618
399	20220119_04	0	59597.833551971401903	59597.874631994061929	3549.313957826234
400	20220119_05	0	59597.875060783248045	59597.916413032929995	3572.834372520447
401	20220119_06	0	59597.916848042987112	59597.958235505808261	3575.876787747256
402	20220119_07	0	59597.958663079931284	59597.999730375850049	3548.214367381297
403	20220119_08	0	59598.000152444939886	59598.041575421440939	3578.945169690996
404	20220119_09	0	59598.041618531286076	59598.082972696109209	3572.999840718694
405	20220119_10	0	59598.083421296134475	59598.124786431653774	3573.947708867490
406	20220119_11	0	59598.125215197986108	59598.166567911022867	3572.874406375922
407	20220119_12	0	59598.166984611765656	59598.205265418378985	3307.461691391654
408	20220119_15	0	59598.317295957953320	59598.332947258080821	1352.272331016138
413	20220119_20	0	59598.500375139032258	59598.541418951062951	3546.185359451920
414	20220119_21	0	59598.541884179292538	59598.582983707165113	3550.999208190478
415	20220119_22	0	59598.583425240285578	59598.624624012620188	3559.573929710314
416	20220119_23	0	59598.625045384702389	59598.666180317733961	3554.058213927783
417	20220120_00	0	59598.666618533752626	59598.708129318190913	3586.531775468029
418	20220120_01	0	59598.708581261365907	59598.749910143931629	3570.815453678370
419	20220120_02	0	59598.750358108125511	59598.791575589013519	3561.190348723903
420	20220120_03	0	59598.792014584068966	59598.833175422565546	3556.296446104534
421	20220120_04	0	59598.833578246572870	59598.874569415260339	3541.636974597350
422	20220120_05	0	59598.874961352856189	59598.916391875420231	3579.597149533220
423	20220120_06	0	59598.916806713183178	59598.958112687418179	3568.836173904128
424	20220120_07	0	59598.958529873969383	59598.999929860161501	3576.958806999028
425	20220120_08	0	59599.000358103498002	59599.041380919145013	3544.371271901764
426	20220120_09	0	59599.041821791033726	59599.083206205083115	3575.613373867236
427	20220120_12	0	59599.166674771084217	59599.202323681449343	3080.065855546854
428	20220120_15	0	59599.314349204607424	59599.333278687765414	1635.507344850339
433	20220120_20	0	59599.500326871697325	59599.541562538252037	3562.761590327136
434	20220120_21	0	59599.541624894678534	59599.581990446531563	3487.583680101670
434	20220120_21	1	59599.582828715414507	59599.582932807214092	8.993531484157
435	20220120_22	0	59599.583300483405765	59599.624823576712515	3587.595261703245
436	20220121_00	0	59599.666638551942015	59599.708022366503428	3575.561578106135
437	20220121_01	0	59599.708404430537485	59599.749949285942421	3589.475506986491
438	20220121_02	0	59599.750331484887283	59599.791485184367048	3555.679635051638
439	20220121_03	0	59599.791857667289150	59599.833034868723189	3557.710203900933
440	20220121_04	0	59599.833389357918350	59599.874918356254057	3588.105456205085
441	20220121_05	0	59599.874970026161463	59599.916421988782531	3581.449570460245
442	20220121_06	0	59599.916777089965763	59599.958245957786858	3582.910179742612
443	20220121_07	0	59599.958619944387465	59599.999677993146179	3547.415412752889
444	20220121_08	0	59600.000051397772040	59600.010525459831115	904.958961904049
444	20220121_08	1	59600.011373169247236	59600.032733236308559	1845.509794098325
444	20220121_08	2	59600.033580789488042	59600.041243283973017	662.039523501880
445	20220121_09	0	59600.041616668902861	59600.083236192258482	3595.926817925647
446	20220121_10	0	59600.083323982384172	59600.124939099383482	3595.546108740382
447	20220121_11	0	59600.125325492423144	59600.166531342118105	3560.185413644649
448	20220121_12	0	59600.166626525387983	59600.200191145195276	2899.983151350170
449	20220121_15	0	59600.311681151433731	59600.333155262502260	1855.363196320832
454	20220121_20	0	59600.499974654594553	59600.541299995915324	3570.509490114637
455	20220121_21	0	59600.541619754854764	59600.583063000500260	3580.696423770860
456	20220121_22	0	59600.583503478228522	59600.624795954405272	3567.669941671193
457	20220121_23	0	59600.625074115640018	59600.666426051335293	3572.807244071737
458	20220122_00	0	59600.666726909927092	59600.708273868556716	3589.657225599512
459	20220122_01	0	59600.708411926738336	59600.749813477195858	3577.093959529884
460	20220122_02	0	59600.750272919314739	59600.791555310046533	3566.798559227027
461	20220122_03	0	59600.791875932431140	59600.833233943892992	3573.332190304063
462	20220122_04	0	59600.833512037788751	59600.874755288750748	3563.416883116588
463	20220122_05	0	59600.875027377733204	59600.916596747461881	3591.593544557691
464	20220122_06	0	59600.916890517379215	59600.958285091066500	3576.491166581400
465	20220122_07	0	59600.958589818779728	59600.999911045066256	3570.153951155953
466	20220122_08	0	59601.000234040220676	59601.041534345575201	3568.346382630989
467	20220122_09	0	59601.041688111174153	59601.083016179109109	3570.745069580153
468	20220122_10	0	59601.083331955247559	59601.124827470172022	3585.212489473633
469	20220122_11	0	59601.125139126314025	59601.166544839164999	3577.453590324149
470	20220122_12	0	59601.166852549242321	59601.196408658513974	2553.647841070779
470	20220122_12	1	59601.197343554478721	59601.197346858192759	0.285440892912
471	20220122_15	0	59601.309013200880145	59601.333225412774482	2091.935107670724
476	20220122_20	0	59601.500016796890122	59601.541346697602421	3570.903421542607
477	20220122_21	0	59601.541682872208185	59601.583257300124387	3592.030571959913
478	20220122_22	0	59601.583580324688228	59601.624896704990533	3569.735258119181
479	20220122_23	0	59601.625213477607758	59601.666591792949475	3575.086445524357
480	20220123_00	0	59601.666923627984943	59601.708269922535692	3572.319849184714
481	20220123_01	0	59601.708376275768387	59601.749643241091690	3565.465803933330
482	20220123_02	0	59601.749972238874761	59601.791315890353872	3572.091487795115
483	20220123_03	0	59601.791629172606918	59601.833029564550088	3576.993863889948
484	20220123_04	0	59601.833316248426854	59601.874886864592554	3591.701236716472
485	20220123_05	0	59601.875009399154806	59601.916345537771122	3571.442376449704
486	20220123_06	0	59601.916662071715109	59601.958215715050756	3590.234784199856
487	20220123_07	0	59601.958543764150818	59601.999771196235088	3562.050132080913
488	20220123_08	0	59602.000097006603028	59602.041382989424164	3567.108915746212
489	20220123_09	0	59602.041702103757416	59602.083074066264089	3574.537560576573
490	20220123_10	0	59602.083385656136670	59602.113928415725240	2638.894428452477
490	20220123_10	1	59602.114722002377675	59602.124854836743907	875.476889242418
491	20220123_11	0	59602.125166443605849	59602.166517909710819	3572.766671469435
492	20220123_12	0	59602.166663544878247	59602.194168723195617	2376.447406620719
493	20220123_15	0	59602.306107561140379	59602.333155750493461	2336.963560106233
498	20220123_20	0	59602.500053837677115	59602.541595769340347	3589.222895703278
499	20220123_21	0	59602.541892365246895	59602.583238273342431	3572.286459454335
500	20220123_22	0	59602.583384638404823	59602.624708760718931	3570.404167938977
501	20220123_23	0	59602.624973849007802	59602.666487215465168	3586.754861916415
502	20220124_00	0	59602.666785901477851	59602.708183377042587	3576.741888793185
503	20220124_01	0	59602.708346649807936	59602.749705212503613	3573.379816906527
504	20220124_02	0	59602.749997921586328	59602.791448727904935	3581.349665927701
505	20220124_03	0	59602.791737966355868	59602.833079081952746	3571.872387570329
506	20220124_04	0	59602.833348181600741	59602.874878940601775	3588.257577689365
507	20220124_05	0	59602.875025357905542	59602.915555998697528	3501.847364427522
507	20220124_05	1	59602.916327315302624	59602.916510543982440	15.830957936123
508	20220124_06	0	59602.916803721011092	59602.958268620350282	3582.567302905954
509	20220124_07	0	59602.958424205637129	59602.999918966721452	3585.147357685491
510	20220124_08	0	59603.000222480201046	59603.041413634375203	3558.915720647201
511	20220124_09	0	59603.041722468682565	59603.083245016270666	3587.548111611977
512	20220124_10	0	59603.083410550665576	59603.124839236610569	3579.438465647399
513	20220124_11	0	59603.125134515568789	59603.166455050253717	3570.094196777791
520	20220124_20	0	59603.500232414880884	59603.541304881538963	3548.661119258031
521	20220124_21	0	59603.541754759775358	59603.582981044470216	3561.950997635722
522	20220124_22	0	59603.583410309096507	59603.624787984699651	3575.031172111630
523	20220124_23	0	59603.625198732588615	59603.666611376138462	3578.052402706817
524	20220125_00	0	59603.667048977222294	59603.707921364024514	3531.374219711870
525	20220125_01	0	59603.708356137096416	59603.747424143773969	3375.475776940584
525	20220125_01	1	59603.748328373003460	59603.749833351932466	130.030179466121
526	20220125_02	0	59603.750258454325376	59603.760925750320894	921.654374012724
526	20220125_02	1	59603.761820973719296	59603.791263248604082	2543.812550045550
527	20220125_03	0	59603.791660304843390	59603.833076461414748	3578.355927765369
528	20220125_04	0	59603.833462640643120	59603.874873619708524	3577.908591250889
529	20220125_05	0	59603.875270036573056	59603.916517464771459	3563.777796342038
530	20220125_06	0	59603.916927461497835	59603.958179398352513	3564.167344244197
531	20220125_07	0	59603.958591120317578	59603.999928349425318	3571.536594908684
532	20220125_08	0	59604.000349675799953	59604.041241700157116	3533.070904458873
533	20220125_09	0	59604.041660322662210	59604.082927323506738	3565.468872967176
534	20220125_10	0	59604.083346189858275	59604.124609957420034	3565.189517335966
535	20220125_11	0	59604.125023045009584	59604.166289911590866	3565.457272622734
536	20220125_12	0	59604.166709398261446	59604.188230202009436	1859.397443826310
537	20220125_15	0	59604.297635190276196	59604.297638482297771	0.284430664033
537	20220125_15	1	59604.301315630305908	59604.333066966217302	2743.315422744490
542	20220125_20	0	59604.500079793790064	59604.540706953608606	3510.186608321965
543	20220125_21	0	59604.541627439335571	59604.583030326379230	3577.209440572187
544	20220125_22	0	59604.583435337517585	59604.624981613902492	3589.598279655911
545	20220125_23	0	59604.624982456327416	59604.633220657422498	711.780574615113
545	20220125_23	1	59604.634111033650697	59604.666495658937492	2798.031624779105
546	20220126_00	0	59604.666924195429601	59604.708062347344821	3554.336325475015
547	20220126_01	0	59604.708510076736275	59604.749584846351354	3548.860094742849
548	20220126_02	0	59604.750052252704336	59604.791479694882582	3579.331004200503
549	20220126_03	0	59604.791935317152820	59604.832921758250450	3541.228510835208
550	20220126_04	0	59604.833362508834398	59604.874694296617236	3571.066464437172
551	20220126_05	0	59604.875144399899000	59604.916461488130153	3569.796423171647
552	20220126_06	0	59604.916916907066479	59604.958225195448904	3569.036116241477
553	20220126_07	0	59604.958677320486458	59604.999515199182497	3528.392719337717
554	20220126_08	0	59604.999981251043209	59605.041323802222905	3571.996421925724
555	20220126_09	0	59605.041780324259889	59605.083128357407986	3572.470063995570
556	20220126_10	0	59605.083559966398752	59605.124912985455012	3572.900846460834
557	20220126_11	0	59605.124957988300594	59605.166418426924793	3582.181897130795
558	20220126_12	0	59605.166838438875857	59605.186113641728298	1665.377526450902
559	20220126_15	0	59605.297929526066582	59605.333205296439701	3047.826560237445
564	20220126_20	0	59605.500338436642778	59605.541346875274030	3543.129097740166
565	20220126_21	0	59605.541738202191482	59605.583246835034515	3586.345877638087
566	20220126_22	0	59605.583283458741789	59605.624858691371628	3592.100099218078
567	20220126_23	0	59605.625230338751862	59605.666446052804531	3561.037694150582
568	20220127_00	0	59605.666835191565042	59605.708032132679364	3559.415712277405
569	20220127_01	0	59605.708413204934914	59605.749576341913780	3556.495034974068
570	20220127_02	0	59605.749965518996760	59605.791570530440367	3594.672988727689
571	20220127_03	0	59605.791936838308175	59605.832922352485184	3541.148424893618
572	20220127_04	0	59605.833285888693354	59605.874594102722767	3569.029692141339
573	20220127_05	0	59605.874962504640280	59605.916496736499539	3588.557632640004
574	20220127_06	0	59605.916876632363710	59605.958017260432825	3554.550265171565
575	20220127_07	0	59605.958391439016850	59605.995752245420590	3227.973673283122
575	20220127_07	1	59605.996617595134012	59605.999573745953967	255.411430844106
576	20220127_08	0	59605.999958593965857	59606.041567220752768	3594.985354389064
577	20220127_09	0	59606.041662154202641	59606.083238888772030	3592.229866795242
578	20220127_10	0	59606.083611581241712	59606.124752495685243	3554.575007921085
579	20220127_11	0	59606.125147489670780	59606.166241418264690	3550.515430513769
580	20220127_12	0	59606.166623852848716	59606.183324281904788	1442.917070444673
581	20220127_15	0	59606.295794679412211	59606.296336054430867	46.774801611900
581	20220127_15	1	59606.297202103640302	59606.333223058536532	3112.210503034294
586	20220127_20	0	59606.500062503015215	59606.541620842479460	3590.640529710799
587	20220127_21	0	59606.541670255501231	59606.583261764200870	3593.506351648830
588	20220127_22	0	59606.583643761958228	59606.624855449299503	3560.689786286093
589	20220127_23	0	59606.625232410995523	59606.666568649241526	3571.450984454714
590	20220128_00	0	59606.666951396618970	59606.708229382762511	3566.418002801947
591	20220128_01	0	59606.708603936698637	59606.749902486277279	3568.194683594629
592	20220128_02	0	59606.750272727440461	59606.791500611398078	3562.089173938148
593	20220128_03	0	59606.791857647862344	59606.832978610109421	3552.851138147525
594	20220128_04	0	59606.833327832311625	59606.874787473156175	3582.112968969159
595	20220128_05	0	59606.875134980306029	59606.916411981343117	3566.332889604382
596	20220128_06	0	59606.916766205911699	59606.944322117895354	2380.830795387737
596	20220128_06	1	59606.945155346358661	59606.958029756366159	1112.349024647847
597	20220128_07	0	59606.958390063518891	59606.999681416134990	3567.572866030969
598	20220128_08	0	59607.000057667122746	59607.041434838516579	3574.987608427182
599	20220128_09	0	59607.041815311051323	59607.083173594030086	3573.355649365112
600	20220128_11	0	59607.124982311019266	59607.166322908473376	3571.827620035037
601	20220128_12	0	59607.166735651400813	59607.179535758739803	1105.929274088703
601	20220128_12	1	59607.180539248744026	59607.180542725618579	0.300401961431
602	20220128_14	0	59607.290256252417748	59607.290259587556648	0.288156000897
602	20220128_14	1	59607.291196541278623	59607.291199805775250	0.282052508555
603	20220128_15	0	59607.293073634653410	59607.333111067804566	3459.234224259853
608	20220128_20	0	59607.499998849183612	59607.530834146957204	2664.169727638364
608	20220128_20	1	59607.531725484237541	59607.541454821082880	840.614703437313
609	20220128_21	0	59607.541863039907184	59607.543874453731405	173.786154412664
609	20220128_21	1	59607.544766220060410	59607.583172381993791	3318.292391044088
610	20220128_22	0	59607.583550731891592	59607.624809252665727	3564.736194885336
611	20220128_23	0	59607.625195622989850	59607.666614082314481	3578.554885648191
612	20220129_00	0	59607.667022231376905	59607.708280154554814	3564.684562571347
613	20220129_01	0	59607.708322574668273	59607.749538132855378	3561.024227365851
614	20220129_02	0	59607.749965984789014	59607.791616481212259	3598.602890968323
615	20220129_03	0	59607.791619108931627	59607.807363346953935	1360.302165127359
615	20220129_03	1	59607.808247497079719	59607.833085176571331	2145.975508075207
616	20220129_04	0	59607.833487051029806	59607.874890190701990	3577.231267676689
617	20220129_05	0	59607.875323848420521	59607.916599690404837	3566.232747444883
618	20220129_06	0	59607.917039596264658	59607.958052028589009	3543.474152823910
619	20220129_07	0	59607.958508579329646	59607.999491884249437	3540.957545069978
620	20220129_08	0	59607.999964371010719	59608.041606491060520	3597.879172302783
621	20220129_09	0	59608.042063544562552	59608.083168588731496	3551.475816196762
622	20220129_10	0	59608.083620508456079	59608.124727167509263	3551.615342195146
623	20220129_11	0	59608.125174428132595	59608.166378355963388	3560.019364580512
631	20220129_20	0	59608.500137047281896	59608.541597373819968	3582.172212889418
632	20220129_21	0	59608.542054172001372	59608.548358498890593	544.693843228742
632	20220129_21	1	59608.549299330508802	59608.583246603870066	2933.044418413192
633	20220129_22	0	59608.583679052273510	59608.624550249667664	3531.271454854868
634	20220129_23	0	59608.625001042579242	59608.666330580017529	3570.872034667991
635	20220130_00	0	59608.666798508747888	59608.707995781609497	3559.444375243038
636	20220130_01	0	59608.708467281649064	59608.749502975646465	3545.483961375430
637	20220130_02	0	59608.749954171107674	59608.791378358066140	3579.049753211439
638	20220130_03	0	59608.791815294920525	59608.833152747283748	3571.555884182453
639	20220130_04	0	59608.833576203098346	59608.874724259432696	3555.192067287862
640	20220130_05	0	59608.875152783504745	59608.916573756592697	3578.772074799053
641	20220130_06	0	59608.916998386899650	59608.957938565676159	3537.231446290389
642	20220130_07	0	59608.958364823454758	59608.999862494478293	3585.398776433431
643	20220130_08	0	59609.000291015210678	59609.041382349016203	3550.291240797378
644	20220130_09	0	59609.041807188063103	59609.083002991916146	3559.317452902906
645	20220130_10	0	59609.083436173328664	59609.124729795090389	3567.768920212984
646	20220130_11	0	59609.125168287515407	59609.166405714619032	3562.913701753132
647	20220130_12	0	59609.166833571274765	59609.175462620711187	745.549871306866
647	20220130_12	1	59609.177798392571276	59609.177801867168455	0.300205196254
648	20220130_14	0	59609.285048733945587	59609.285052021601587	0.284053478390
648	20220130_14	1	59609.287358113491791	59609.291566844476620	363.634357089177
649	20220130_15	0	59609.292011579091195	59609.333071513035975	3547.578292828985
654	20220130_20	0	59609.500121078497614	59609.541544821819116	3579.011422977783
655	20220130_21	0	59609.541994449253252	59609.583226768445456	3562.472378206439
656	20220130_22	0	59609.583632695954293	59609.624971794313751	3571.698098257184
657	20220130_23	0	59609.624963544876664	59609.666463784808002	3585.620730067603
658	20220131_00	0	59609.666882215278747	59609.707985542605456	3551.327481027693
659	20220131_01	0	59609.708412039450195	59609.749858327188122	3580.959260556847
660	20220131_02	0	59609.750278556639387	59609.791500903578708	3561.610775557347
661	20220131_03	0	59609.791885674283549	59609.833050670436933	3556.655667652376
662	20220131_04	0	59609.833421125149471	59609.874933543826046	3586.672973656096
663	20220131_05	0	59609.875317365767842	59609.916617645161750	3568.344139633700
664	20220131_06	0	59609.916673050545796	59609.957976042482187	3568.578503304161
665	20220131_07	0	59609.958395381945593	59609.999881000207097	3584.357417793944
666	20220131_08	0	59610.000304190725728	59610.041333693981869	3544.949081330560
667	20220131_09	0	59610.041806384855590	59610.083235192061693	3579.448942607269
668	20220131_10	0	59610.083280679951713	59610.124795127732796	3586.848288285546
669	20220131_11	0	59610.125203957693884	59610.166282621765276	3549.196575768292
670	20220131_12	0	59610.166688706172863	59610.172462256989093	498.834790522233
671	20220131_14	0	59610.283340689536999	59610.283343930488627	0.280018220656
671	20220131_14	1	59610.284659496086533	59610.291262257080234	570.478549855761
672	20220131_15	0	59610.291644224605989	59610.333122642863600	3583.735337457620
677	20220131_20	0	59610.500186820274394	59610.541239096834033	3546.916694752872
678	20220131_21	0	59610.541646305915492	59610.583312153830775	3599.929259880446
679	20220131_22	0	59610.583707191093708	59610.624629106052453	3535.653452435508
680	20220131_23	0	59610.625020843224775	59610.666339521099871	3569.933768408373
681	20220201_00	0	59610.666743763489649	59610.707913132435351	3557.033476908691
682	20220201_01	0	59610.708326442087127	59610.749904935531958	3592.381833633408
683	20220201_02	0	59610.749960996632581	59610.791453369653027	3584.941028966568
684	20220201_03	0	59610.791818543839327	59610.833296158009034	3583.665864262730
685	20220201_04	0	59610.833338579490373	59610.874688601084927	3572.641865769401
686	20220201_05	0	59610.875062283826992	59610.916360997369338	3568.208850058727
687	20220201_06	0	59610.916764821238758	59610.957905075440067	3554.517962993123
688	20220201_07	0	59610.958299074205570	59610.999801338031830	3585.795594588853
689	20220201_08	0	59611.000199309331947	59611.041608115017880	3577.720811264589
690	20220201_09	0	59611.041676513239508	59611.083111078267393	3579.946418409236
691	20220201_10	0	59611.083504176560382	59611.124943313370750	3580.341420415789
692	20220201_11	0	59611.125017248145014	59611.166311038738058	3567.783507239074
693	20220201_12	0	59611.166707415919518	59611.169603189162444	250.194808188826
694	20220201_14	0	59611.281678473715147	59611.291464117617579	845.479633170180
695	20220201_15	0	59611.291840278820018	59611.333063813464832	3561.713393311948
700	20220201_20	0	59611.500101199955679	59611.541571581306926	3583.040948747657
701	20220201_21	0	59611.541627438404248	59611.583228619267175	3594.342026556842
702	20220201_22	0	59611.583657061157282	59611.624950026518491	3567.712207208388
703	20220201_23	0	59611.625017254547856	59611.666491594791296	3583.382997033186
704	20220202_00	0	59611.666863200080115	59611.707937950479391	3548.858434497379
705	20220202_01	0	59611.708301859856874	59611.749759176556836	3581.912162876688
706	20220202_02	0	59611.750131260567287	59611.791475647885818	3572.155064321123
707	20220202_03	0	59611.791835423508019	59611.833144348238420	3569.091096706688
708	20220202_04	0	59611.833488663287426	59611.874766657114378	3566.418666648678
709	20220202_05	0	59611.875115298695164	59611.916369386999577	3564.353229501285
710	20220202_06	0	59611.916722691501491	59611.958016574011708	3567.791448882781
711	20220202_07	0	59611.958367148923571	59611.999750433591544	3575.515795312822
712	20220202_08	0	59612.000106948413304	59612.041544795931259	3580.230025551282
713	20220202_09	0	59612.041899319185177	59612.083005222841166	3551.550075877458
714	20220202_10	0	59612.083382885102765	59612.124935894389637	3590.180002385750
715	20220202_11	0	59612.125031613664760	59612.166432085752604	3577.000788389705
716	20220202_12	0	59612.166811811723164	59612.166815157797828	0.289100850932
717	20220202_14	0	59612.278856049430033	59612.291569165849069	1098.413258604705
718	20220202_15	0	59612.291941230556404	59612.333087200320733	3555.011787638068
723	20220202_20	0	59612.499994008903741	59612.541621166514233	3596.586417546496
724	20220202_21	0	59612.541669344587717	59612.583255587021995	3593.051346321590
725	20220202_22	0	59612.583279323815077	59612.624644670737325	3573.965974082239
726	20220202_23	0	59612.625043984837248	59612.666262827180617	3561.307978467084
727	20220203_00	0	59612.666740070621017	59612.707974064549489	3562.617075419985
728	20220203_01	0	59612.708371992921457	59612.749961872672429	3593.365610484034
729	20220203_02	0	59612.750033471689676	59612.791628885192040	3593.843726604246
730	20220203_03	0	59612.791985198469774	59612.833214020167361	3562.170194671489
731	20220203_04	0	59612.833569447415357	59612.874758290694444	3558.716059313156
732	20220203_05	0	59612.875130393549625	59612.916607727209339	3583.641628199257
733	20220203_06	0	59612.916710361088917	59612.958132291794755	3578.854812984355
734	20220203_07	0	59612.958508569492551	59612.999921597729553	3578.085639677010
735	20220203_08	0	59613.000015167512174	59613.041567763575586	3590.144299878739
736	20220203_09	0	59613.041966442411649	59613.083074478148774	3551.734287687577
737	20220203_10	0	59613.083471784040739	59613.124613121508446	3554.611557209864
738	20220203_11	0	59613.124997696104401	59613.164114227634855	3379.668324231170
739	20220203_14	0	59613.276296887503122	59613.291505865570798	1314.055705047213
740	20220203_15	0	59613.291646209727332	59613.333152864805015	3586.174998711795
745	20220203_20	0	59613.500135217334901	59613.541620186326327	3584.301320859231
746	20220203_21	0	59613.541725351889909	59613.583277090430784	3590.070209931582
747	20220203_22	0	59613.583361692973995	59613.624674521117413	3569.428351591341
748	20220203_23	0	59613.625014817473129	59613.666589953274524	3592.091733240522
749	20220204_00	0	59613.666961116163293	59613.708086521641235	3553.235033294186
750	20220204_01	0	59613.708469227007299	59613.749567552767985	3550.895345723256
751	20220204_02	0	59613.749948632939777	59613.791479300416540	3588.249669992365
752	20220204_03	0	59613.791845848594676	59613.833259685467056	3578.155505773611
753	20220204_04	0	59613.833605565057951	59613.874856890877709	3564.114550827071
754	20220204_05	0	59613.875219677916903	59613.916360325383721	3554.551941133104
755	20220204_06	0	59613.916715804574778	59613.958017249264230	3568.444821168669
756	20220204_07	0	59613.958385650556011	59613.999859488263610	3583.339577936567
757	20220204_08	0	59614.000251395045780	59614.041454098725808	3559.913597954437
758	20220204_09	0	59614.041856019000988	59614.083212627527246	3573.210976668634
759	20220204_10	0	59614.083615520270541	59614.124922384711681	3568.913087714463
760	20220204_11	0	59614.125314356300805	59614.161648112742114	3139.236556529067
761	20220204_14	0	59614.272732409524906	59614.291513848816976	1622.716354834847
762	20220204_15	0	59614.291915981615603	59614.333185104951554	3565.652256226167
767	20220204_20	0	59614.500167140722624	59614.541587005231122	3578.676293534227
768	20220204_21	0	59614.541985880561697	59614.583137906862248	3555.535072367638
769	20220204_22	0	59614.583512278288254	59614.624687939423893	3557.577122119255
770	20220204_23	0	59614.625088032189524	59614.666583977952541	3585.249713924713
771	20220205_00	0	59614.666981949325418	59614.708229745236167	3563.809566688724
772	20220205_01	0	59614.708300847305509	59614.749605309742037	3568.705554516055
773	20220205_02	0	59614.750002556247637	59614.791541357517417	3588.952429709025
774	20220205_03	0	59614.791897241913830	59614.827347582373477	3062.909415713511
774	20220205_03	1	59614.828196312555519	59614.833202846406493	432.564524724148
775	20220205_04	0	59614.833276511562872	59614.858048758178484	2140.322107588872
775	20220205_04	1	59614.860087904264219	59614.874942082169582	1283.400971023366
776	20220205_05	0	59614.875414875721617	59614.916316354385344	3533.887756546028
777	20220205_06	0	59614.916788893424382	59614.957989571368671	3559.738574386574
778	20220205_07	0	59614.958462993417925	59614.999709232921305	3563.675093092024
779	20220205_08	0	59615.000194952714082	59615.041365041826793	3557.095699338242
780	20220205_09	0	59615.041847246189718	59615.064818440951058	1984.711227379739
780	20220205_09	1	59615.065780801814981	59615.082859209309390	1475.574407516979
781	20220205_10	0	59615.083337280302658	59615.124766935281514	3579.522190173157
782	20220205_11	0	59615.125250469674938	59615.158788402506616	2897.677396656945
783	20220205_14	0	59615.269504649128066	59615.269507974677254	0.287327449769
783	20220205_14	1	59615.271408568172774	59615.291423747403314	1729.311485518701
784	20220205_15	0	59615.291875936542056	59615.333190948775155	3569.617056939751
785	20220205_16	0	59615.333656255228561	59615.374588880556985	3536.578828375787
786	20220205_17	0	59615.375061591599660	59615.416151020814141	3550.126684131101
787	20220205_18	0	59615.416614246481913	59615.457979435392190	3573.952321847901
788	20220205_19	0	59615.458452207989467	59615.499594723449263	3554.713335726410
789	20220205_20	0	59615.500059376710851	59615.541469301235338	3577.817478915676
790	20220205_21	0	59615.541918432005332	59615.582981271822064	3547.829360165633
791	20220205_22	0	59615.583412391060847	59615.624529511384026	3552.519195922650
792	20220205_23	0	59615.624983456596965	59615.666550073910912	3591.355735925026
793	20220206_00	0	59615.667020263899758	59615.707981718791416	3539.069702639244
794	20220206_01	0	59615.708448495701305	59615.749793321621837	3572.192959534004
795	20220206_02	0	59615.750244100636337	59615.775479614756478	2180.348419980146
795	20220206_02	1	59615.776417971763294	59615.791500551720674	1303.134908317588
796	20220206_03	0	59615.791927437436243	59615.833122555857699	3559.258231613785
797	20220206_04	0	59615.833556377830973	59615.874615484812239	3547.506843181327
798	20220206_05	0	59615.875074077062891	59615.916353559943673	3566.547320899554
799	20220206_06	0	59615.916822942126601	59615.958021673832263	3559.570419369265
800	20220206_07	0	59615.958487512260035	59615.999830567365279	3572.039961093105
801	20220206_08	0	59616.000301044325170	59616.041267011591117	3539.459571777843
802	20220206_09	0	59616.041743892048544	59616.082808782790380	3548.006560094655
803	20220206_10	0	59616.083290525166376	59616.124843297919142	3590.159565838985
804	20220206_11	0	59616.125316802630550	59616.155636347262771	2619.608656223863
804	20220206_11	1	59616.156595159052813	59616.156598493980709	0.288137770258
804	20220206_11	2	59616.158050826474209	59616.158054155072023	0.287590851076
805	20220206_14	0	59616.268050699814921	59616.291258691417170	2005.170474434271
806	20220206_15	0	59616.291695415733557	59616.333274386124685	3592.423041793518
807	20220206_16	0	59616.333294130075956	59616.374873352477152	3592.444815463386
808	20220206_17	0	59616.375313438162266	59616.416538804165612	3561.871622689068
809	20220206_18	0	59616.416980334761320	59616.457985561108217	3542.851556371897
810	20220206_19	0	59616.458431264334649	59616.499874235814787	3580.672735883854
811	20220206_20	0	59616.500315052893711	59616.541640731462394	3570.538628334180
812	20220206_21	0	59616.542072940290382	59616.583251046838996	3557.788405800238
813	20220206_22	0	59616.583668295439566	59616.624518739015912	3529.478324996307
814	20220206_23	0	59616.624954174862069	59616.666497843390971	3589.372960897163
815	20220207_00	0	59616.666948210186092	59616.708202053399873	3564.332053670660
816	20220207_01	0	59616.708662764984183	59616.749968624390021	3568.826252664439
817	20220207_02	0	59616.749995257152477	59616.791298374657345	3568.589352420531
818	20220207_03	0	59616.791703962757310	59616.833073496847646	3574.327745405026
819	20220207_04	0	59616.833475746861950	59616.874676359846490	3559.732961864211
820	20220207_05	0	59616.875102554229670	59616.916269330547948	3556.809473899193
821	20220207_06	0	59616.916701432252012	59616.957883062787005	3558.092878223397
822	20220207_07	0	59616.958318526892981	59616.999562440229056	3563.474112236872
823	20220207_08	0	59616.999993545177858	59617.041466180642601	3583.235704153776
824	20220207_09	0	59617.041908350802260	59617.041965248834458	4.915989981964
824	20220207_09	1	59617.064244561319356	59617.064748272212455	43.520621163771
825	20220207_10	0	59617.110177317583293	59617.120860279253975	923.007888346910
828	20220207_16	0	59617.333670608226385	59617.374793017886986	3552.976194676012
829	20220207_17	0	59617.375230105324590	59617.416517542675138	3567.234587087296
830	20220207_18	0	59617.416960423623095	59617.458145846379921	3558.420526189730
831	20220207_19	0	59617.458599898600369	59617.499641983071342	3546.036098292097
832	20220207_20	0	59617.500088787302957	59617.541259007513872	3557.107026223093
833	20220207_21	0	59617.541686365759233	59617.583086240752891	3576.949199452065
834	20220207_22	0	59617.583491212077206	59617.624531837747782	3545.910057937726
835	20220207_23	0	59617.624949075281620	59617.666543949009792	3593.797090114094
836	20220208_00	0	59617.666961589668063	59617.708085541868058	3553.109470079653
837	20220208_01	0	59617.708511810451455	59617.749947014868667	3580.001661647111
838	20220208_02	0	59617.749964963142702	59617.791282065736596	3569.797664112411
839	20220208_03	0	59617.791669447877211	59617.833277427525900	3594.929441646673
840	20220208_04	0	59617.833288774534594	59617.874767121378682	3583.729167329147
841	20220208_05	0	59617.875183854463103	59617.916534842610417	3572.725375927985
842	20220208_06	0	59617.916956026492699	59617.958266625515535	3569.235755573027
843	20220208_07	0	59617.958683582626691	59617.979614784759178	1808.455864246935
843	20220208_07	1	59617.996362154794042	59617.999621434537403	281.601769826375
844	20220208_08	0	59618.000081271144154	59618.030290132592199	2610.045629111119
844	20220208_08	1	59618.031967021539458	59618.041256683893153	802.626827359200
845	20220208_09	0	59618.041711811478308	59618.082944644200325	3562.516747182235
846	20220208_10	0	59618.083396311776596	59618.124553852641839	3556.011530756950
847	20220208_11	0	59618.124999569132342	59618.150905181806593	2238.244935055263
848	20220208_14	0	59618.262364819092909	59618.291176856058883	2489.359993860126
849	20220208_15	0	59618.291625851969002	59618.333172040845966	3589.590718969703
850	20220208_16	0	59618.333622809856024	59618.374859175855818	3562.822022382170
851	20220208_17	0	59618.375297685444821	59618.416383921525266	3549.850797350518
852	20220208_18	0	59618.416825011794572	59618.458140639057092	3569.670195481740
853	20220208_19	0	59618.458595139461977	59618.499791144320625	3559.334819787182
854	20220208_20	0	59618.500229413839406	59618.541639374772785	3577.820624643937
855	20220208_21	0	59618.541618874514825	59618.582900870766025	3566.764476103708
856	20220208_22	0	59618.583326169042266	59618.624590430626995	3565.232200920582
857	20220208_23	0	59618.625043758518586	59618.666406371499761	3573.729761573486
858	20220209_00	0	59618.666856719646603	59618.707893249047629	3545.556140248664
859	20220209_01	0	59618.708347929263255	59618.749826170336746	3583.720028749667
860	20220209_02	0	59618.750263334732153	59618.791330801846925	3548.229158716276
861	20220209_03	0	59618.791730906159501	59618.833303174767934	3591.844007768668
862	20220209_04	0	59618.833309736575757	59618.874834750167793	3587.761174351908
863	20220209_05	0	59618.875258913110883	59618.916322472789034	3547.891556192189
864	20220209_06	0	59618.916763315915887	59618.933520646249235	1447.833340801299
864	20220209_06	1	59618.934426046711451	59618.958260805360624	2059.323147288524
865	20220209_07	0	59618.958292131770577	59618.999815158604179	3587.589518423192
866	20220209_08	0	59619.000254053637036	59619.041460908825684	3560.272288299166
867	20220209_09	0	59619.041908219471225	59619.083057409814501	3555.290045659058
868	20220209_10	0	59619.083494338789023	59619.124896530229307	3577.149340440519
869	20220209_11	0	59619.125330905408191	59619.147626171084994	1926.310954475775
869	20220209_11	1	59619.151842021266930	59619.151845349573705	0.287565705366
870	20220209_14	0	59619.255838546312589	59619.255841865669936	0.286792474799
870	20220209_14	1	59619.259581384234480	59619.291440303561103	2752.610629820265
871	20220209_15	0	59619.291841322403343	59619.332898242711963	3547.317914664745
872	20220209_16	0	59619.333295951611944	59619.374776421122078	3583.912565675564
873	20220209_17	0	59619.375177439564141	59619.416287138919870	3551.878024335019
874	20220209_18	0	59619.416686022785143	59619.458146330667660	3582.170601049438
875	20220209_19	0	59619.458517719533120	59619.499681546993088	3556.554692541249
876	20220209_20	0	59619.500050845374062	59619.541452318393567	3577.087268885225
877	20220209_21	0	59619.541808226713329	59619.583305741754884	3585.385299590416
878	20220209_22	0	59619.583336808827880	59619.624755413489765	3578.567442786880
879	20220209_23	0	59619.625172127096448	59619.666315114831377	3554.754140297882
880	20220210_00	0	59619.666751305143407	59619.708036633390293	3567.052360530943
881	20220210_01	0	59619.708470271303668	59619.749529460095800	3547.513911640272
882	20220210_02	0	59619.749963089314406	59619.791466254580882	3585.873479023576
883	20220210_03	0	59619.791884154059517	59619.833198478583654	3569.557638885453
884	20220210_04	0	59619.833625118131749	59619.855932431557449	1927.351879980415
884	20220210_04	1	59619.856835558450257	59619.874848467494303	1556.315341405571
885	20220210_05	0	59619.875289047944534	59619.916477404774923	3558.674030145630
886	20220210_06	0	59619.916921204770915	59619.957981571438722	3547.615680098534
887	20220210_07	0	59619.958436949120369	59619.999532044348598	3550.616227719001
888	20220210_08	0	59619.999974430349539	59620.041556516291166	3592.692225356586
889	20220210_09	0	59620.042009160817543	59620.082996130302490	3541.274163499475
890	20220210_10	0	59620.083437625267834	59620.124808442196809	3574.438582663424
891	20220210_11	0	59620.125248077776632	59620.145489248236117	1748.837127699517
891	20220210_11	1	59620.150690295893583	59620.150693621646496	0.287345051765
892	20220210_14	0	59620.257532793482824	59620.291335288413393	2920.535562001169
893	20220210_15	0	59620.291749692631129	59620.333177799569967	3579.388439515606
894	20220210_16	0	59620.333591552640428	59620.374749814123788	3556.073792162351
895	20220210_17	0	59620.375164047341968	59620.416338199815073	3557.446773676202
896	20220210_18	0	59620.416742027351575	59620.458151888917200	3577.812039270066
897	20220210_19	0	59620.458552457239421	59620.499783831437526	3562.390730716288
898	20220210_20	0	59620.500191102531971	59620.529459957295330	2528.829051554203
898	20220210_20	1	59620.530335093462782	59620.541290753448266	946.569022745825
899	20220210_21	0	59620.541681378519570	59620.583306700740650	3596.427839901298
900	20220210_22	0	59620.583298843790544	59620.624866486745304	3591.444351291284
901	20220210_23	0	59620.625301274383673	59620.666482739157800	3558.078556484543
902	20220211_00	0	59620.666925125253329	59620.708069319684000	3554.858398810029
903	20220211_01	0	59620.708508012314269	59620.744086709804833	3073.999463184737
903	20220211_01	1	59620.745015399836120	59620.749824636615813	415.518057765439
904	20220211_02	0	59620.750239700668317	59620.791646243036666	3577.525260625407
905	20220211_03	0	59620.791658809997898	59620.832966919493629	3569.020660431124
906	20220211_04	0	59620.833362626173766	59620.874637369444827	3566.137818619609
907	20220211_05	0	59620.875059611236793	59620.916213528180378	3555.698423925787
908	20220211_06	0	59620.916642245458206	59620.957922471170605	3566.611501551233
909	20220211_07	0	59620.958336692528974	59620.999723464869021	3575.817130180076
910	20220211_08	0	59621.000129068866954	59621.041388064724742	3564.777242112905
911	20220211_09	0	59621.041767966788029	59621.059779703973618	1556.214092834853
911	20220211_09	1	59621.060640163937933	59621.083275908524229	1955.728332255967
912	20220211_10	0	59621.083350241598964	59621.102149861922953	1624.287195992656
912	20220211_10	1	59621.103007548721507	59621.124742227795650	1877.876272005960
913	20220211_11	0	59621.125134614994749	59621.142528659234813	1502.845422341488
914	20220211_14	0	59621.254615862540959	59621.291575207280403	3193.287385487929
915	20220211_15	0	59621.291630555781012	59621.333142165953177	3586.603118875064
916	20220211_16	0	59621.333556626042991	59621.374595193767163	3545.732251368463
917	20220211_17	0	59621.375005456800864	59621.416614485795435	3595.020105130970
918	20220211_18	0	59621.416647697958979	59621.458032426155114	3575.640516146086
919	20220211_19	0	59621.458460084162652	59621.499787791806739	3570.713940449059
920	20220211_20	0	59621.500197117296921	59621.541234348849684	3545.616806158796
921	20220211_21	0	59621.541627450897067	59621.582915807179234	3567.313982779160
922	20220211_22	0	59621.583314935887756	59621.624942188325804	3596.594610647298
923	20220211_23	0	59621.625362633181794	59621.666545714557287	3558.218230842613
924	20220212_00	0	59621.666958689471358	59621.708084571771906	3553.276230767369
925	20220212_01	0	59621.708492014367948	59621.749963129674143	3583.104362455197
926	20220212_02	0	59621.749980103733833	59621.791305357932288	3570.501962746494
927	20220212_03	0	59621.791704283728905	59621.808838008197199	1480.353794060647
927	20220212_03	1	59621.809718890566728	59621.832972953081480	2009.151001274586
928	20220212_04	0	59621.833401054740534	59621.874530867986323	3553.615864436142
929	20220212_05	0	59621.874965860733937	59621.916420150890190	3581.650669500232
930	20220212_06	0	59621.916842032493150	59621.958190824108897	3572.535595600493
931	20220212_07	0	59621.958615394287335	59621.999548882973613	3536.653422494419
932	20220212_08	0	59621.999981601722538	59622.041328762228659	3572.394667728804
933	20220212_09	0	59622.041748737210582	59622.082975501580222	3561.992441536859
934	20220212_10	0	59622.083388775245112	59622.124583648255793	3559.237028122880
935	20220212_11	0	59622.124997117738531	59622.139541747463227	1256.656008213758
935	20220212_11	1	59622.141868544997124	59622.141871874002391	0.287626055069
936	20220212_14	0	59622.251772466472175	59622.291525768450811	3434.685290954076
937	20220212_15	0	59622.291910776148143	59622.333267573674675	3573.227306292392
938	20220212_16	0	59622.333329430635786	59622.374702427106968	3574.626895110123
939	20220212_17	0	59622.375078589844634	59622.416268316774222	3558.792406716384
940	20220212_18	0	59622.416648727354186	59622.458227974624606	3592.446964164265
941	20220212_19	0	59622.458302784136322	59622.473847491586639	1343.062723707408
941	20220212_19	1	59622.474693677002506	59622.497475780794048	1968.373767589219
941	20220212_19	2	59622.498323049527244	59622.499843824582058	131.394964735955
942	20220212_21	0	59622.541968875142629	59622.583148415127653	3557.912254706025
943	20220212_22	0	59622.583489699150959	59622.624737093974545	3563.774912757799
944	20220213_00	0	59622.666720982313564	59622.708026195301500	3568.770402157679
945	20220213_01	0	59622.708373503504845	59622.749658440574422	3567.018562811427
946	20220213_02	0	59622.749980506625434	59622.791540951584466	3590.822444460355
947	20220213_03	0	59622.791629405634012	59622.833118148169888	3584.627355099656
948	20220213_04	0	59622.833457079912478	59622.874896928427916	3580.402911733836
949	20220213_05	0	59622.875011361757061	59622.916452428406046	3580.508158472367
950	20220213_06	0	59622.916796881232585	59622.958212712990644	3578.327863896266
951	20220213_07	0	59622.958330337671214	59622.999861123134906	3588.259864063002
952	20220213_08	0	59623.000218186723941	59623.041331321423058	3552.174838003702
953	20220213_09	0	59623.041679523514176	59623.043231761716015	134.113380638883
953	20220213_09	1	59623.044057117040211	59623.083062794430589	3370.090526528656
954	20220213_10	0	59623.083414476852340	59623.124708621588070	3567.814105167054
955	20220213_11	0	59623.125055221469665	59623.136901064084668	1023.480801936239
955	20220213_11	1	59623.138317494485818	59623.138320782039955	0.284044677392
955	20220213_11	2	59623.139263565630245	59623.139266829748522	0.282019819133
956	20220213_13	0	59623.249246582388878	59623.249720244442869	40.924401464872
957	20220213_14	0	59623.250072116767114	59623.291462600471277	3576.137792039663
958	20220213_15	0	59623.291834148389171	59623.333110701132682	3566.294157039374
959	20220213_16	0	59623.333485999617551	59623.366875277351937	2884.833596250974
959	20220213_16	1	59623.367719334542926	59623.374849108782655	616.012494312599
960	20220213_17	0	59623.375223274037126	59623.416362511132320	3554.430085024796
961	20220213_18	0	59623.416742025066924	59623.458286370027054	3589.431404555216
962	20220213_19	0	59623.458654759851925	59623.499954730155878	3568.317434261553
963	20220213_20	0	59623.500299886756693	59623.541304435144411	3542.792980698869
964	20220213_21	0	59623.541624683050031	59623.583267338908627	3597.925466182642
965	20220213_22	0	59623.583349083281064	59623.624861832948227	3586.701571242884
966	20220213_23	0	59623.625218648310693	59623.666408821693039	3558.830980234779
967	20220214_00	0	59623.666791785421083	59623.708250893054355	3582.066899514757
968	20220214_01	0	59623.708330356741499	59623.749760446029541	3579.559714486822
969	20220214_02	0	59623.750133219829877	59623.791607558006945	3583.382818498649
970	20220214_03	0	59623.791655792985694	59623.833020210098766	3573.885638569482
971	20220214_04	0	59623.833379522227915	59623.861108112978400	2395.750240841880
971	20220214_04	1	59623.861957294597232	59623.874624627474986	1094.457560637966
972	20220214_05	0	59623.875002216060238	59623.916598152827646	3593.888936704025
973	20220214_06	0	59623.917073854543560	59623.956086919373774	3370.728801330552
973	20220214_06	1	59623.956929746986134	59623.958018380973954	94.057976547629
974	20220214_07	0	59623.958373979890894	59623.999874972621910	3585.685771959834
975	20220214_08	0	59624.000007872622518	59624.041598844567488	3593.459976045415
976	20220214_09	0	59624.041943638541852	59624.042083606123924	12.093199091032
977	20220214_10	0	59624.115021072670061	59624.116943066896056	166.060301125981
984	20220214_20	0	59624.500272371835308	59624.541502315820253	3562.267160299234
985	20220214_21	0	59624.541939487186028	59624.582891006772115	3538.211292237975
986	20220214_22	0	59624.583343175312621	59624.624962124573358	3595.877216127701
987	20220214_23	0	59624.625432764027209	59624.666182115084666	3520.743931364268
988	20220215_00	0	59624.666660017646791	59624.708053812275466	3576.423855917528
989	20220215_01	0	59624.708515641119448	59624.749869690887863	3572.989899991080
990	20220215_02	0	59624.750313781078148	59624.791552840826625	3563.054762268439
991	20220215_03	0	59624.792003741029475	59624.833107194252079	3551.338358432986
992	20220215_04	0	59624.833571414797916	59624.874527181862504	3538.578274380416
993	20220215_05	0	59624.874989017123880	59624.916380559290701	3576.229243213311
994	20220215_06	0	59624.916852222297166	59624.958276365257916	3579.045951808803
995	20220215_07	0	59624.958756483283651	59624.999695960032113	3537.170791067183
996	20220215_08	0	59625.000172935113369	59625.041519615195284	3572.353159077466
997	20220215_09	0	59625.041997463304142	59625.083196676307125	3559.612003457732
998	20220215_10	0	59625.083668986291741	59625.124535339607974	3530.852926522493
999	20220215_11	0	59625.124998615727236	59625.131715301773511	580.321674398147
1004	20220215_20	0	59625.500360666286724	59625.541231014380173	3531.198075274006
1005	20220215_21	0	59625.541661111878057	59625.583264371300174	3594.521614070982
1006	20220215_22	0	59625.583715174347162	59625.624954470258672	3563.075166754425
1007	20220215_23	0	59625.625417033596023	59625.666584443373722	3556.864204793237
1008	20220216_00	0	59625.667044453555718	59625.707819114497397	3522.930705361068
1009	20220216_01	0	59625.708285303953744	59625.749931582591671	3598.238474316895
1010	20220216_02	0	59625.750372115573555	59625.791515549295582	3554.792673583142
1011	20220216_03	0	59625.791945033219235	59625.832886158554174	3537.313228938729
1012	20220216_04	0	59625.833329055785725	59625.874532411580731	3559.969940688461
1013	20220216_05	0	59625.874990928037732	59625.916501735868223	3586.533796554431
1014	20220216_06	0	59625.916964503332565	59625.957908885873621	3537.594651547261
1015	20220216_07	0	59625.958367541192274	59625.999763495419757	3576.610445254482
1016	20220216_08	0	59626.000213776023884	59626.041487152629998	3566.019738768227
1017	20220216_09	0	59626.041939469068893	59626.041959283036704	1.711926818825
1017	20220216_09	1	59626.064913551315840	59626.083252536431246	1584.488313971087
1018	20220216_10	0	59626.083717137269559	59626.095369447451958	1006.759599759243
1023	20220216_20	0	59626.500316439814924	59626.541309489191917	3541.799466172233
1024	20220216_21	0	59626.541691216058098	59626.582895559105964	3560.055239335634
1025	20220216_22	0	59626.583285882836208	59626.624879475661146	3593.686420074664
1026	20220216_23	0	59626.624916560700512	59626.666613708082878	3602.633533836342
1027	20220217_00	0	59626.666664476957521	59626.708112496562535	3581.108893873170
1028	20220217_01	0	59626.708493529898988	59626.749596270456095	3551.276784134097
1029	20220217_02	0	59626.749965979310218	59626.791463798064797	3585.411540395580
1030	20220217_03	0	59626.791831493486825	59626.833277464509592	3580.931896367110
1031	20220217_04	0	59626.833666035185161	59626.874923198010947	3564.618868147954
1032	20220217_05	0	59626.874994108213286	59626.916600935233873	3594.829854578711
1033	20220217_06	0	59626.916678636604047	59626.957933750170923	3564.441812178120
1034	20220217_07	0	59626.958304884232348	59626.982161766398349	2061.234619142488
1034	20220217_07	1	59626.983018752536736	59626.999758912708785	1446.349838864990
1035	20220217_08	0	59627.000138907947985	59627.041551334252290	3578.033632691950
1036	20220217_09	0	59627.041924096287403	59627.079329988700920	3231.869104527868
1042	20220217_20	0	59627.500361134916602	59627.541566418185539	3560.136474436149
1043	20220217_21	0	59627.541963668314565	59627.583296830023755	3571.185171674006
1044	20220217_22	0	59627.583295048680156	59627.624723113876826	3579.384832992218
1045	20220217_23	0	59627.625156481910381	59627.666379532376595	3561.671560280956
1046	20220218_00	0	59627.666810472983343	59627.708128612321161	3569.887238787487
1047	20220218_01	0	59627.708547465132142	59627.749967890515109	3578.724753088318
1048	20220218_02	0	59627.749970041571942	59627.791385825199541	3578.323705424555
1049	20220218_03	0	59627.791795846489549	59627.833202734487713	3577.555123041384
1050	20220218_04	0	59627.833633808120794	59627.874561478507530	3536.150721414015
1051	20220218_05	0	59627.874995385522197	59627.916419142376981	3579.012592253275
1052	20220218_06	0	59627.916857872492983	59627.958281096704013	3578.966571833007
1053	20220218_07	0	59627.958312869290239	59627.999806470077601	3585.047108028084
1054	20220218_08	0	59628.000265989110630	59628.041338125847687	3548.632614081725
1055	20220218_09	0	59628.041782895772485	59628.080644375331758	3357.631833921187
1055	20220218_09	1	59628.081569025154749	59628.083024208506686	125.727841607295
1056	20220218_10	0	59628.083472467384127	59628.123480677109910	3456.709320307709
1057	20220218_13	0	59628.235090867747203	59628.249863589437155	1276.363154011779
1058	20220218_14	0	59628.250296780563076	59628.291593936846766	3568.074302910827
1059	20220218_15	0	59628.292019718450319	59628.333151301842008	3553.768805041909
1060	20220218_16	0	59628.333594453419209	59628.361157615079719	2381.457167468034
1060	20220218_16	1	59628.372124105080729	59628.374508701534069	206.029133568518
1061	20220218_17	0	59628.374978705214744	59628.381178723182529	535.681552416645
1061	20220218_17	1	59628.393621685965627	59628.396008480413002	206.219040253200
1061	20220218_17	2	59628.397987969954556	59628.416147289113724	1568.965175352059
1062	20220218_18	0	59628.416618658069638	59628.457578855886823	3538.961091404781
1063	20220218_19	0	59628.458049191700411	59628.482299317220168	2095.210844906978
1063	20220218_19	1	59628.484323647680867	59628.499429326875543	1305.130682419986
1064	20220218_20	0	59628.499884954653680	59628.508673553937115	759.334978088737
1064	20220218_20	1	59628.510671311625629	59628.541458165644144	2659.984187199734
1065	20220218_21	0	59628.541899654243025	59628.572778384783305	2667.922318680212
1065	20220218_21	1	59628.573717598359508	59628.583058251948387	807.032470079139
1066	20220218_22	0	59628.583518992432801	59628.624727469410573	3560.412410879508
1067	20220218_23	0	59628.625198388093850	59628.666454748185060	3564.549511880614
1068	20220219_00	0	59628.666916921909433	59628.708192047233752	3566.170828021131
1069	20220219_01	0	59628.708644677739358	59628.716530955913186	681.374434218742
1069	20220219_01	1	59628.717463006789330	59628.749768695619423	2791.211514919996
1070	20220219_02	0	59628.750192384250113	59628.791645114331914	3581.515879067592
1071	20220219_03	0	59628.792059516512381	59628.832884689247294	3527.294924296439
1072	20220219_04	0	59628.833317180797167	59628.874909924037638	3593.613015976734
1073	20220219_05	0	59628.875370612702682	59628.916400264955882	3544.961954676546
1074	20220219_06	0	59628.916877669413225	59628.958037799675367	3556.235254649073
1075	20220219_07	0	59628.958495259619667	59628.999741621984867	3563.685708353296
1076	20220219_08	0	59629.000221191716264	59629.041339587449329	3552.629391336814
1077	20220219_09	0	59629.041777894715779	59629.083105220095604	3570.680912816897
1082	20220219_20	0	59629.499989068419382	59629.541314595648146	3570.525552565232
1083	20220219_21	0	59629.541741336113773	59629.583207979827421	3582.718016859144
1084	20220219_22	0	59629.583645319173229	59629.624639228575688	3541.873772372492
1085	20220219_23	0	59629.625093876347819	59629.666450754441030	3573.234267253429
1086	20220220_00	0	59629.666911934378732	59629.708244583714986	3571.140902652405
1087	20220220_01	0	59629.708690974686760	59629.749922585397144	3562.411165377125
1088	20220220_02	0	59629.750352786322765	59629.791460927175649	3551.743369689211
1089	20220220_03	0	59629.791896195107256	59629.833001716047875	3551.517009269446
1090	20220220_04	0	59629.833440876464010	59629.874877657559409	3580.137886642478
1091	20220220_05	0	59629.875324002830894	59629.916185262220097	3530.412811227143
1092	20220220_06	0	59629.916638546637842	59629.958031059126370	3576.313079008833
1093	20220220_07	0	59629.958478133637982	59629.979729441918607	1836.113035446033
1093	20220220_07	1	59629.980656149426068	59629.999577652219159	1634.817841323093
1094	20220220_08	0	59630.000041568193410	59630.041533891060681	3584.936695732176
1095	20220220_09	0	59630.041981836657214	59630.083241457985423	3564.831282757223
1096	20220220_10	0	59630.083686931553530	59630.117910207191017	2956.891015078872
1097	20220220_13	0	59630.229952206347662	59630.249509601489990	1689.758940297179
1098	20220220_14	0	59630.249963122201734	59630.291422063695791	3582.052545086481
1099	20220220_15	0	59630.291878738702508	59630.333164651536208	3567.102868831716
1100	20220220_16	0	59630.333602898004756	59630.346013755472086	1072.298085177317
1100	20220220_16	1	59630.346912856359268	59630.374509527238843	2384.352363995276
1101	20220220_17	0	59630.374953826423734	59630.416507242276566	3590.215129684657
1102	20220220_18	0	59630.416955912915000	59630.457884819668834	3536.257543531246
1103	20220220_19	0	59630.458337158808718	59630.499595236527966	3564.697914943099
1104	20220220_20	0	59630.500024194487196	59630.541511220653774	3584.479060792364
1105	20220220_21	0	59630.541934385182685	59630.545281634731509	289.202361018397
1105	20220220_21	1	59630.546180905184883	59630.583040784957120	3184.693612321280
1106	20220220_22	0	59630.583468877062842	59630.624724587949459	3564.493420603685
1107	20220220_23	0	59630.625147810824274	59630.666493154938507	3572.237731469795
1108	20220221_00	0	59630.666924886209017	59630.708184507559054	3564.831284643151
1109	20220221_01	0	59630.708637516967428	59630.722373877368227	1186.821538629010
1109	20220221_01	1	59630.723294676994556	59630.749804509796377	2290.449554077350
1110	20220221_02	0	59630.750191119434021	59630.791326699960337	3554.114157473668
1111	20220221_03	0	59630.791767852337216	59630.833226180016936	3581.999511527829
1112	20220221_04	0	59630.833665860249312	59630.874609083854011	3537.494519446045
1113	20220221_05	0	59630.875054297699535	59630.876017217058688	83.196232630871
1113	20220221_05	1	59630.876932990708156	59630.916497949488985	3418.412438663654
1114	20220221_06	0	59630.916936265319237	59630.918382981682953	124.996293825097
1114	20220221_06	1	59630.919295492829406	59630.958034113020403	3347.016784502193
1115	20220221_07	0	59630.958480223351216	59630.999723388013081	3563.409426785074
1116	20220221_08	0	59631.000194704720343	59631.041591117056669	3576.650025858544
1117	20220221_09	0	59631.042046109425428	59631.042066799920576	1.787658780813
1117	20220221_09	1	59631.064442249058629	59631.064919761513011	41.257076058537
1118	20220221_10	0	59631.112909265822964	59631.115276245633140	204.507055599242
1122	20220221_16	0	59631.333660537377000	59631.374863829340029	3559.964425605722
1123	20220221_17	0	59631.375775012391387	59631.416567558597308	3524.475992191583
1124	20220221_18	0	59631.417022001915029	59631.457675048579404	3512.423231801949
1125	20220221_19	0	59631.458586922984978	59631.499941064939776	3572.997864894569
1126	20220221_20	0	59631.500381041107175	59631.541467699214991	3549.887260515243
1127	20220221_21	0	59631.541882987148711	59631.583226182439830	3572.052073152736
1128	20220221_22	0	59631.583667962659092	59631.624685522125219	3543.917137873359
1129	20220221_23	0	59631.625147923725308	59631.666200312458386	3546.926386537962
1130	20220222_00	0	59631.666634154818894	59631.708245400521264	3595.211628684774
1131	20220222_01	0	59631.708678627808695	59631.749885227829509	3560.250241798349
1132	20220222_02	0	59631.750314016775519	59631.791615830414230	3568.476698384620
1133	20220222_03	0	59631.792053624049004	59631.824763975113456	2826.174331968650
1133	20220222_03	1	59631.825697338070313	59631.832945649315661	626.254091598094
1134	20220222_04	0	59631.833400137729768	59631.874719713341619	3570.011332863942
1135	20220222_05	0	59631.875177667679964	59631.887641453569813	1076.871100883000
1135	20220222_05	1	59631.888573960859503	59631.916366536388523	2401.278525707312
1136	20220222_06	0	59631.916823506035144	59631.958048686254187	3561.855570925400
1137	20220222_07	0	59631.958511026663473	59631.999573028006125	3547.756916005164
1138	20220222_08	0	59632.000026292509574	59632.041610817243054	3592.902936972678
1139	20220222_09	0	59632.041622688171628	59632.083017652556009	3576.524922810495
1140	20220222_10	0	59632.083495604027121	59632.112776550959097	2529.873814922757
1146	20220222_20	0	59632.500275001555565	59632.541655522902147	3575.277044344693
1147	20220222_21	0	59632.541630094725406	59632.582908674114151	3566.469259187579
1148	20220222_22	0	59632.583354976879491	59632.624524575163377	3557.053291727789
1149	20220222_23	0	59632.624977918581862	59632.666410957019252	3579.814520990476
1150	20220223_00	0	59632.666868189837260	59632.679911815350351	1126.969244331121
1150	20220223_00	1	59632.680854082376754	59632.707906531235494	2337.331581395119
1151	20220223_01	0	59632.708355920898612	59632.749929744619294	3591.978369466960
1152	20220223_02	0	59632.750371648653527	59632.791505803448672	3553.990974300541
1153	20220223_03	0	59632.791968642071879	59632.817488799315470	2204.941585846245
1153	20220223_03	1	59632.818462044800981	59632.832934237667359	1250.397463655099
1154	20220223_04	0	59632.833403940225253	59632.874615248234477	3560.657011996955
1155	20220223_05	0	59632.875067362816480	59632.916217042729841	3555.332344514318
1156	20220223_06	0	59632.916669717880723	59632.958281432591320	3595.252150995657
1157	20220223_07	0	59632.958752780446957	59632.999932226412056	3557.904131384566
1158	20220223_08	0	59632.999951276775391	59633.041581163764931	3596.822235896252
1159	20220223_09	0	59633.042058801795065	59633.083074485133693	3543.755040457472
1160	20220223_10	0	59633.083549401708297	59633.109716427541571	2260.831031994894
1161	20220223_13	0	59633.221047342012753	59633.249950515004457	2497.234146483243
1162	20220223_14	0	59633.249982070403348	59633.291478206760075	3585.266181221232
1163	20220223_15	0	59633.291919464834791	59633.333257944112120	3571.644609561190
1164	20220223_16	0	59633.333302662562346	59633.374765462896903	3582.385948905721
1165	20220223_17	0	59633.375211592130654	59633.416368203179445	3555.931194615550
1166	20220223_18	0	59633.416807888897893	59633.458261102809047	3581.557681923732
1167	20220223_19	0	59633.458700022638368	59633.499602009862429	3533.931696158834
1168	20220223_20	0	59633.500007874543371	59633.541635912450147	3596.662475145422
1169	20220223_21	0	59633.541665884898975	59633.582939086241822	3566.004596021958
1170	20220223_22	0	59633.583352548346738	59633.624828901469300	3583.556909789331
1171	20220223_23	0	59633.625259495616774	59633.666299733929918	3545.876590255648
1172	20220224_00	0	59633.666731721008546	59633.708278835241799	3589.670669753104
1173	20220224_01	0	59633.708692608634010	59633.724459847355320	1362.289425521158
1173	20220224_01	1	59633.725369729807426	59633.749685217684601	2100.858152587898
1174	20220224_02	0	59633.750148164865095	59633.791570384855731	3578.879807190970
1175	20220224_03	0	59633.791611926215410	59633.796107706890325	388.435450312681
1175	20220224_03	1	59633.797090526932152	59633.833008473331574	3103.310568910092
1176	20220224_04	0	59633.833413907173963	59633.874798527394887	3575.631187087856
1177	20220224_05	0	59633.875202334907954	59633.916507133755658	3568.734620441683
1178	20220224_06	0	59633.916924075274437	59633.958250918316480	3570.639238832518
1179	20220224_07	0	59633.958661127762753	59633.999623504008923	3539.149307669140
1180	20220224_08	0	59634.000024347595172	59634.041484006207611	3582.114504114725
1181	20220224_09	0	59634.041984851377492	59634.083200367138488	3561.020561750047
1182	20220224_10	0	59634.083608118751727	59634.107237034120772	2041.538287885487
1183	20220224_13	0	59634.218564244722074	59634.249264494043018	2652.501541329548
1184	20220224_14	0	59634.249743524436781	59634.291123923030682	3575.266438513063
1185	20220224_15	0	59634.291611030734202	59634.332804716294049	3559.134432370774
1186	20220224_16	0	59634.333285111300938	59634.374403908783279	3552.664102474228
1187	20220224_17	0	59634.374883642878558	59634.416166910843458	3566.874352167360
1188	20220224_18	0	59634.416650589701021	59634.457843501812022	3559.067606390454
1189	20220224_19	0	59634.458320156940317	59634.499283869627106	3539.264776138589
1190	20220224_20	0	59634.499747485278931	59634.540959187041153	3560.691032256000
1191	20220224_21	0	59634.541394915730052	59634.582798990086303	3577.312024380080
1192	20220224_22	0	59634.583258801707416	59634.624315494656912	3547.298270836473
1193	20220224_23	0	59634.624782651102578	59634.646108052511408	1842.514681722969
1193	20220224_23	1	59634.647075976688939	59634.665929595656053	1628.952678758651
1194	20220225_00	0	59634.666379407979548	59634.708049619104713	3600.306241214275
1195	20220225_01	0	59634.708101057745807	59634.749694977064792	3593.714629160240
1196	20220225_02	0	59634.749727677073679	59634.791339411640365	3595.253866561688
1197	20220225_03	0	59634.791384610216483	59634.832947426890314	3591.027360619046
1198	20220225_04	0	59634.833366002007097	59634.874661247849872	3567.909240815789
1199	20220225_05	0	59634.875086818719865	59634.916255724652729	3556.993472599424
1200	20220225_06	0	59634.916699539273395	59634.957987438385317	3567.274483270012
1201	20220225_07	0	59634.958417603942507	59634.999301327610738	3532.353724935092
1202	20220225_08	0	59634.999727783506387	59635.041031161184947	3568.611831427552
1203	20220225_09	0	59635.041450695949607	59635.082863800678751	3578.092248598114
1204	20220225_10	0	59635.083291450166143	59635.104196149753989	1806.166044389829
1205	20220225_13	0	59635.215405804323382	59635.215409491582250	0.318579166196
1205	20220225_13	1	59635.216409540349559	59635.249540264128882	2862.494534533471
1206	20220225_14	0	59635.250035654411477	59635.290980532328831	3537.637452059425
1207	20220225_15	0	59635.291468986419204	59635.307959206838859	1424.755044258200
1207	20220225_15	1	59635.308941437491740	59635.332995304983342	2078.254151274450
1208	20220225_16	0	59635.333480578112358	59635.374591140382108	3551.952580106445
1209	20220225_17	0	59635.375070177266025	59635.415920576291683	3529.474475816824
1210	20220225_18	0	59635.416405344920349	59635.457954857934965	3589.877924462780
1211	20220225_19	0	59635.458416441309964	59635.499291389038262	3531.595483724959
1212	20220225_20	0	59635.499730113195255	59635.541384402378753	3598.930585454218
1213	20220225_21	0	59635.541834789779386	59635.583047544307192	3560.781991202384
1214	20220225_22	0	59635.583040431221889	59635.624235329029034	3559.239170537330
1215	20220225_23	0	59635.624723617271229	59635.666377078858204	3598.859081114642
1216	20220226_00	0	59635.666859748285788	59635.708060035867675	3559.704847075045
1217	20220226_01	0	59635.708047342581267	59635.749682632143958	3597.289018216543
1218	20220226_02	0	59635.750143540310091	59635.791248062152590	3551.430687191896
1219	20220226_03	0	59635.791715972249222	59635.832656463993771	3537.258486729115
1220	20220226_04	0	59635.833131501654861	59635.874561291740974	3579.533863440156
1221	20220226_05	0	59635.875029630609788	59635.915976339412737	3537.795640574768
1222	20220226_06	0	59635.916437042280450	59635.958002489387582	3591.254630056210
1223	20220226_07	0	59635.958466669151676	59635.999589542014292	3553.016215329990
1224	20220226_08	0	59636.000067141671025	59636.041118173336145	3546.809135866351
1225	20220226_09	0	59636.041596991970437	59636.082616128420341	3544.053389271721
1226	20220226_10	0	59636.083091455104295	59636.101542490185238	1594.169430993497
1226	20220226_10	1	59636.103076279243396	59636.103079830900242	0.306863151491
1232	20220226_20	0	59636.499877357338846	59636.541361046431120	3584.190737572499
1233	20220226_21	0	59636.541816206678050	59636.582873099199787	3547.315513878129
1234	20220226_22	0	59636.583364123056526	59636.624611887542414	3563.806851580739
1235	20220226_23	0	59636.625107530300738	59636.665888895608077	3523.509962554090
1236	20220227_00	0	59636.666383914322068	59636.707656955280981	3565.990738850087
1237	20220227_01	0	59636.708132760475564	59636.749753094198240	3595.996833639219
1238	20220227_02	0	59636.750214037012483	59636.791111302147328	3533.523707650602
1239	20220227_03	0	59636.791593292946345	59636.832864624535432	3565.843049297109
1240	20220227_04	0	59636.833357530522335	59636.849601455702214	1403.475135541521
1240	20220227_04	1	59636.850590168745839	59636.874420440821268	2058.935507317074
1241	20220227_05	0	59636.874894344939094	59636.879982658632798	439.630303136073
1241	20220227_05	1	59636.880958971516520	59636.916315463444334	3054.800902563147
1242	20220227_06	0	59636.916837271790428	59636.957791539694881	3538.448746944778
1243	20220227_07	0	59636.958273969074071	59636.970460716191155	1052.934950916097
1243	20220227_07	1	59636.971447348405491	59636.999379703476734	2413.355478155427
1244	20220227_08	0	59636.999859156712773	59637.040981735968671	3552.990847709589
1245	20220227_09	0	59637.041456142920651	59637.083021995007584	3591.289620310999
1246	20220227_10	0	59637.083478382977773	59637.090098408902122	571.970239863731
1247	20220227_13	0	59637.210417020447494	59637.249547085732047	3380.837640585378
1248	20220227_14	0	59637.250004518209607	59637.291220188402804	3561.033904692158
1249	20220227_15	0	59637.291670487400552	59637.332899643799465	3562.199112866074
1250	20220227_16	0	59637.333359636395471	59637.374640076639480	3566.630037082359
1251	20220227_17	0	59637.375083035680291	59637.416420396126341	3571.547942538746
1252	20220227_18	0	59637.416857292082568	59637.458003733852820	3555.052568949759
1253	20220227_19	0	59637.458441092596331	59637.499902627598203	3582.276624161750
1254	20220227_20	0	59637.500342995794199	59637.541623157405411	3566.605963208713
1255	20220227_21	0	59637.542073268552485	59637.583060239594488	3541.274298029020
1256	20220227_22	0	59637.583539969426056	59637.624611127634125	3548.548069177195
1257	20220227_23	0	59637.625092966176453	59637.666234960939619	3554.668347537518
1258	20220228_00	0	59637.666725949500687	59637.707832945496193	3551.644454011694
1259	20220228_01	0	59637.708310452297155	59637.749818805874384	3586.321749072522
1260	20220228_02	0	59637.750265173133812	59637.791197560698492	3536.558285588399
1261	20220228_03	0	59637.791668415506138	59637.833032872920739	3573.889120621607
1262	20220228_04	0	59637.833506134375057	59637.874658514956536	3555.565682239830
1263	20220228_05	0	59637.875147703096445	59637.916302879457362	3555.807237583213
1264	20220228_06	0	59637.916795969511440	59637.958093197150447	3568.080468010157
1265	20220228_07	0	59637.958589363784995	59637.999902194671449	3569.428588589653
1266	20220228_08	0	59638.000392952628317	59638.041607715524151	3560.955514200032
1267	20220228_09	0	59638.042086019908311	59638.042110886686714	2.148489654064
1268	20220228_10	0	59638.089887158297643	59638.096163558126136	542.280945181847
1273	20220228_16	0	59638.333342606369115	59638.374548267180216	3560.169094079174
1274	20220228_17	0	59638.375017143662262	59638.416405037445656	3575.914022885263
1275	20220228_18	0	59638.416866899715387	59638.458170566998888	3568.636853294447
1276	20220228_19	0	59638.458629178203410	59638.499684850990889	3547.210128838196
1277	20220228_20	0	59638.500145951409650	59638.541393578765565	3563.795003551058
1278	20220228_21	0	59638.541864238002745	59638.582807248531026	3537.476109643467
1279	20220228_22	0	59638.583297809520445	59638.624933225139102	3597.299909451976
1280	20220228_23	0	59638.625433118031651	59638.666183473033016	3520.830672117881
1281	20220301_00	0	59638.666664816228149	59638.678051332703035	983.795023430139
1281	20220301_00	1	59638.679038927592046	59638.707895100458700	2493.173335678875
1282	20220301_01	0	59638.708350470922596	59638.749510601315706	3556.235265964642
1283	20220301_02	0	59638.749955105951813	59638.791594107904530	3597.609768714756
1284	20220301_03	0	59638.792053980228957	59638.833226840499265	3557.335127354600
1285	20220301_04	0	59638.833690742882027	59638.874802236001415	3552.033005515113
1286	20220301_05	0	59638.875273169964203	59638.916403458839341	3553.656958811916
1287	20220301_06	0	59638.916871309687849	59638.958113557193428	3563.330184482038
1288	20220301_07	0	59638.958577341341879	59638.999943102986435	3574.001806089655
1289	20220301_08	0	59638.999999913852662	59639.041432070560404	3579.738339548931
1290	20220301_09	0	59639.041911861029803	59639.082843908290670	3536.528883338906
1291	20220301_10	0	59639.083332688926021	59639.092639246737235	804.086594888940
1292	20220301_12	0	59639.201256500447926	59639.201260232162895	0.322420173325
1292	20220301_12	1	59639.205356259750261	59639.207933263307496	222.653107345104
1293	20220301_13	0	59639.208430812264851	59639.249789941379277	3573.428755486384
1294	20220301_14	0	59639.250287740564090	59639.291138773820421	3529.529273346998
1295	20220301_15	0	59639.291624080040492	59639.332883969531395	3564.854452013969
1296	20220301_16	0	59639.333347491614404	59639.346639474148105	1148.427290911786
1296	20220301_16	1	59639.347613912235829	59639.374707801624027	2340.912043140270
1297	20220301_17	0	59639.375179168491741	59639.416166399001668	3541.296716057695
1298	20220301_18	0	59639.416642604708613	59639.457889338213135	3563.717774790712
1299	20220301_19	0	59639.458372499429970	59639.499493683710170	3552.870321809314
1300	20220301_20	0	59639.499969115284330	59639.541292026267911	3570.299508981407
1301	20220301_21	0	59639.541747466450033	59639.582837267807918	3550.158837321214
1302	20220301_22	0	59639.583322240505368	59639.624528445943724	3560.216149874032
1303	20220301_23	0	59639.625010882475181	59639.666240406375437	3562.230864982121
1304	20220302_00	0	59639.666734272097528	59639.707871481143229	3554.254861548543
1305	20220302_01	0	59639.708355370647041	59639.749924504438241	3591.573159559630
1306	20220302_02	0	59639.750401398312533	59639.791322620942083	3535.593635193072
1307	20220302_03	0	59639.791781770501984	59639.833062864774547	3566.686545149423
1308	20220302_04	0	59639.833535209872935	59639.874522607067775	3541.311117634177
1309	20220302_05	0	59639.875000699234079	59639.906526999780908	2723.872367246076
1309	20220302_05	1	59639.907518524581974	59639.916332118998980	761.494557629339
1310	20220302_06	0	59639.916804407082964	59639.958122366821044	3569.871721370146
1311	20220302_07	0	59639.958612507027283	59639.999549688967818	3536.972519662231
1312	20220302_08	0	59640.000052790695918	59640.041371454906766	3569.932587817311
1313	20220302_09	0	59640.041868782442180	59640.083047352352878	3557.828440284356
1314	20220302_10	0	59640.083522077868111	59640.090714615471370	621.435248921625
1315	20220302_12	0	59640.200545370811597	59640.201058843304054	44.364023348317
1315	20220302_12	1	59640.202074776701920	59640.208224711859657	531.354397628456
1316	20220302_13	0	59640.208731842176348	59640.224476324234274	1360.323249804787
1316	20220302_13	1	59640.225454408915539	59640.249870755920711	2109.572381246835
1317	20220302_14	0	59640.250335902404913	59640.291454286823864	3552.628413797356
1318	20220302_15	0	59640.291912992761354	59640.332818901559222	3534.270520135760
1319	20220302_16	0	59640.333296782955586	59640.374849867643206	3590.186517010443
1320	20220302_17	0	59640.375350025948137	59640.416589595195546	3563.098782976158
1321	20220302_18	0	59640.416613332403358	59640.458121659299650	3586.319443839602
1322	20220302_19	0	59640.458580561600684	59640.499535072332947	3538.469727267511
1323	20220302_20	0	59640.499969446573232	59640.540666179396794	3516.197715955786
1324	20220302_21	0	59640.541628248131019	59640.582936009952391	3568.990621366538
1325	20220302_22	0	59640.583384027944703	59640.624890269129537	3586.139238369651
1326	20220302_23	0	59640.625335898897902	59640.666536699311109	3559.749155701138
1327	20220303_00	0	59640.666975000734965	59640.708041850761219	3548.175842268392
1328	20220303_01	0	59640.708452123755706	59640.749848780054890	3576.671104249544
1329	20220303_02	0	59640.750251620389463	59640.772303604157059	1905.291397520341
1329	20220303_02	1	59640.773232663159433	59640.791588405096263	1585.936103342101
1330	20220303_03	0	59640.792013445854536	59640.833225040070829	3560.681740287691
1331	20220303_04	0	59640.833282525643881	59640.874802764614287	3587.348647043109
1332	20220303_05	0	59640.875250000179221	59640.916367291050847	3552.533931308426
1333	20220303_06	0	59640.916800943610724	59640.958019348196103	3561.270156176761
1334	20220303_07	0	59640.958464685427316	59640.999813843554875	3572.567262221128
1335	20220303_08	0	59641.000264646390860	59641.041531702991051	3565.473690256476
1336	20220303_09	0	59641.041973390863859	59641.073355504755455	2711.414640233852
1336	20220303_09	1	59641.074316911581263	59641.083248294242367	771.671461919323
1337	20220303_10	0	59641.083693763983320	59641.087933047412662	366.274088295177
1337	20220303_10	1	59641.092618173439405	59641.092621921583486	0.323839648627
1338	20220303_12	0	59641.199529746729240	59641.208243329550896	752.853555791080
1339	20220303_13	0	59641.208310075227928	59641.249881654497585	3591.784448898397
1340	20220303_14	0	59641.250314133882057	59641.291356846581039	3546.090377192013
1341	20220303_15	0	59641.291789126036747	59641.333186778188974	3576.757145952433
1342	20220303_16	0	59641.333624094935658	59641.374918515990430	3567.837979132310
1343	20220303_17	0	59641.375362086582754	59641.416348752856720	3541.247966070659
1344	20220303_18	0	59641.416766679598368	59641.436862665395893	1736.293172906153
1344	20220303_18	1	59641.437797467100609	59641.457984441876761	1744.154620659538
1345	20220303_19	0	59641.458389122934022	59641.499917204433586	3588.026241562329
1346	20220303_20	0	59641.499971190081851	59641.541243977655540	3565.968846366741
1347	20220303_21	0	59641.541637963673566	59641.583122827512852	3584.292235714383
1348	20220303_22	0	59641.583530109492131	59641.624811976595083	3566.753317695111
1349	20220303_23	0	59641.625204204639886	59641.666539043631929	3571.330088912509
1350	20220304_00	0	59641.666934063548979	59641.708269124712388	3571.349284518510
1351	20220304_01	0	59641.708652797118702	59641.749944629154925	3567.614287929609
1352	20220304_02	0	59641.750322933374264	59641.778350452477753	2421.577650541440
1352	20220304_02	1	59641.779260199582495	59641.791481696440314	1055.937328515574
1353	20220304_03	0	59641.791877568874042	59641.832870947226183	3541.827889624983
1354	20220304_04	0	59641.833384036079224	59641.874861483636778	3583.651468972676
1355	20220304_05	0	59641.875262992645730	59641.916526003085892	3565.124102029949
1356	20220304_06	0	59641.916638092559879	59641.958193981910881	3590.428839926608
1357	20220304_07	0	59641.958307061009691	59641.977031457150588	1617.787826573476
1357	20220304_07	1	59641.977943983401929	59641.990555526666867	1089.637338090688
1357	20220304_07	2	59641.991462047160894	59641.999902252529864	729.233743879013
1358	20220304_08	0	59642.000291680611554	59642.041351547937666	3547.572536976077
1359	20220304_09	0	59642.041754870006116	59642.083127492267522	3574.594563385472
1360	20220304_10	0	59642.083530789350334	59642.085183958268317	142.833794513717
1361	20220304_12	0	59642.197165858735389	59642.208261626852618	958.674365328625
1362	20220304_13	0	59642.208367722079856	59642.249853718669328	3584.390105330385
1363	20220304_14	0	59642.249954054845148	59642.279796738090226	2578.407832374796
1363	20220304_14	1	59642.280695866771566	59642.291400353984500	924.867695197463
1364	20220304_15	0	59642.291796766032348	59642.333142113093345	3572.237986070104
1365	20220304_16	0	59642.333556023782876	59642.343696665397147	876.151435473002
1365	20220304_16	1	59642.344606715632835	59642.374856414498936	2613.573982031085
1366	20220304_17	0	59642.375258570362348	59642.416547602450009	3567.372372373939
1367	20220304_18	0	59642.416936808316677	59642.458093012341124	3555.896027712151
1368	20220304_19	0	59642.458467827469576	59642.499583255157631	3552.372952247970
1369	20220304_21	0	59642.541750974822207	59642.583238766084833	3584.545165090822
1370	20220304_22	0	59642.583328369757510	59642.624873259606829	3589.478482981212
1371	20220304_23	0	59642.624980917003995	59642.666203646185750	3561.643801303580
1372	20220305_00	0	59642.666706383170094	59642.697514020350354	2661.779852374457
1372	20220305_00	1	59642.698405797134910	59642.707924929149158	822.453006030992
1373	20220305_01	0	59642.708290978029254	59642.749982147011906	3602.117000101134
1374	20220305_02	0	59642.750341451406712	59642.791491588825011	3555.371872941032
1375	20220305_03	0	59642.791878274307237	59642.833246160465933	3574.185364111327
1376	20220305_04	0	59642.833344793776632	59642.874950280682242	3594.714068644680
1377	20220305_05	0	59642.875042025625589	59642.913938491961744	3360.654691443779
1377	20220305_05	1	59642.914958618894161	59642.916604570651543	142.210231837817
1378	20220305_06	0	59642.917007907817606	59642.958242720036651	3562.687775725499
1379	20220305_07	0	59642.958650722030143	59642.999922665156191	3565.895886090584
1380	20220305_08	0	59643.000316909208777	59643.041473419158137	3555.922459624708
1381	20220305_09	0	59643.041617727569246	59643.082100277344580	3497.692300588824
1382	20220305_10	0	59643.086195388677879	59643.086199102108367	0.320840394124
1383	20220305_12	0	59643.194320835187682	59643.208143960473535	1194.318024697714
1384	20220305_13	0	59643.208518069011916	59643.249838724281290	3570.104615273885
1385	20220305_14	0	59643.249979324558808	59643.291585782106267	3594.797932100482
1386	20220305_15	0	59643.291934497865441	59643.333182300062617	3563.810109836049
1387	20220305_16	0	59643.333529631221609	59643.336691412478103	273.177900561132
1387	20220305_16	1	59643.337544217320101	59643.341224466639687	317.973541212268
1387	20220305_16	2	59643.342076851869933	59643.374933291721391	2838.796403165907
1388	20220305_17	0	59643.375267362986051	59643.392575876096089	1495.455532707274
1388	20220305_17	1	59643.393417143917759	59643.416360863615409	1982.337381877005
1389	20220305_18	0	59643.416699777575559	59643.458082093209669	3575.432070787065
1390	20220305_19	0	59643.458419215196045	59643.469850921312172	987.699408433400
1390	20220305_19	1	59643.470695611096744	59643.483671961759683	1121.156697277911
1390	20220305_19	2	59643.484509267305839	59643.499891308834776	1329.008388100192
1391	20220305_20	0	59643.499995959769876	59643.541571200534236	3592.100802040659
1392	20220305_21	0	59643.541901620497811	59643.583242329834320	3571.837286674418
1393	20220305_22	0	59643.583587965382321	59643.593049440125469	817.471417807974
1393	20220305_22	1	59643.593910037168826	59643.624898440473771	2677.398045547307
1394	20220305_23	0	59643.625047107518185	59643.666442731024290	3576.581870927475
1395	20220306_00	0	59643.666777570761042	59643.708026044878352	3563.868163735606
1396	20220306_01	0	59643.708508231800806	59643.749941747279081	3579.855737322941
1397	20220306_02	0	59643.750082547172497	59643.791526672015607	3580.772386444733
1398	20220306_03	0	59643.791688777593663	59643.833157738372392	3582.918211282231
1399	20220306_04	0	59643.833344792605203	59643.872858919312421	3414.020547503605
1399	20220306_04	1	59643.874214816860331	59643.874941619789752	62.795773101971
1400	20220306_05	0	59643.875256023224210	59643.916575810726499	3570.029640197754
1401	20220306_06	0	59643.916880799901264	59643.958079456453561	3559.563926118426
1402	20220306_07	0	59643.958287626854144	59643.969304565813218	951.863526063971
1402	20220306_07	1	59643.970143061626004	59643.987464133409958	1496.540602133609
1402	20220306_07	2	59643.988186691873125	59643.999687203759095	993.644226947799
1403	20220306_08	0	59644.000204058538657	59644.041486752787023	3566.824783058837
1404	20220306_09	0	59644.041799544029345	59644.078872770158341	3203.126737545244
1405	20220306_10	0	59644.083771886180330	59644.083775642931869	0.324583332986
1406	20220306_12	0	59644.191842486747191	59644.207897991967911	1387.195651070215
1407	20220306_13	0	59644.208616327421623	59644.249866502650548	3564.015139779076
1408	20220306_14	0	59644.250051754839660	59644.291488151822705	3580.104699335061
1409	20220306_15	0	59644.291843531587801	59644.333079335323418	3562.773442757316
1410	20220306_16	0	59644.333428967715008	59644.374833010246221	3577.309274696745
1411	20220306_17	0	59644.375167397622135	59644.416474679725070	3568.949173693545
1412	20220306_18	0	59644.416806713023107	59644.457846682504169	3545.853363163769
1413	20220306_19	0	59644.458355697708612	59644.499692245786719	3571.477753948420
1414	20220306_20	0	59644.499993771751178	59644.541287872110843	3567.810271074995
1415	20220306_21	0	59644.541617600298196	59644.583102712480468	3584.313692548312
1416	20220306_22	0	59644.583450710852048	59644.587528906522493	352.356105926447
1416	20220306_22	1	59644.588428014241799	59644.624680526692828	3132.217075768858
1417	20220306_23	0	59644.625039586630010	59644.666439486129093	3576.951316720806
1418	20220307_00	0	59644.666795835364610	59644.708109373917978	3569.489731010981
1419	20220307_01	0	59644.708625250808836	59644.742304612569569	2909.896856127307
1419	20220307_01	1	59644.743198175630823	59644.749919763504295	580.745192267932
1420	20220307_02	0	59644.750064475323597	59644.791624565441452	3590.791786182672
1421	20220307_03	0	59644.791785776287725	59644.833262074498634	3583.552165422589
1422	20220307_04	0	59644.833445987984305	59644.874779435682285	3571.209881105460
1423	20220307_05	0	59644.874970284618030	59644.916462673361821	3584.942387463525
1424	20220307_06	0	59644.916833801646135	59644.957970795323490	3554.236253723502
1425	20220307_07	0	59644.958331491456192	59644.999808880442288	3583.646408398636
1426	20220307_08	0	59644.999986008042470	59645.002018987921474	175.649461545981
1426	20220307_08	1	59645.002749896506430	59645.041311926841445	3331.759420945309
1427	20220307_09	0	59645.041858730379317	59645.077058062248398	3041.222273488529
1428	20220307_12	0	59645.188975819473853	59645.208103367294825	1652.620131731965
1429	20220307_13	0	59645.208447701697878	59645.249802780039317	3573.078768700361
1430	20220307_14	0	59645.249976780221914	59645.291604992846260	3596.677570743486
1431	20220307_15	0	59645.291955351793149	59645.333055935167067	3551.090403506532
1432	20220307_16	0	59645.333405103490804	59645.372468896624923	3375.111726787873
1432	20220307_16	1	59645.373369682543853	59645.374633069703123	109.156650560908
1433	20220307_17	0	59645.374990757882188	59645.397868693806231	1976.653663837351
1433	20220307_17	1	59645.398750731183100	59645.416293730588222	1515.715148602612
1434	20220307_18	0	59645.416628290178778	59645.458116136374883	3584.549911343493
1435	20220307_19	0	59645.458437510496879	59645.499891534396738	3581.627664947882
1436	20220307_20	0	59645.500031848016079	59645.517589287119335	1516.962738521397
1436	20220307_20	1	59645.518434492914821	59645.529959769752168	995.783918746747
1436	20220307_20	2	59645.530685821868246	59645.541456035098236	930.546423071064
1437	20220307_21	0	59645.541639712384494	59645.583114893772290	3583.455671905540
1438	20220307_22	0	59645.583303847408388	59645.624956817940983	3598.816654016264
1439	20220307_23	0	59645.625144566285599	59645.666486309790344	3571.926638809964
1440	20220308_00	0	59645.666802778512647	59645.692731716277194	2240.260222856887
1440	20220308_00	1	59645.693798407388385	59645.708173244122008	1241.985893785022
1441	20220308_01	0	59645.708339012096985	59645.749720751256973	3575.382263422944
1442	20220308_02	0	59645.750037510471884	59645.791415635387239	3575.069992686622
1443	20220308_03	0	59645.791739817635971	59645.833002529441728	3565.098300017416
1444	20220308_04	0	59645.833321774232900	59645.874761358609248	3580.380090116523
1445	20220308_05	0	59645.874980686254275	59645.916612100016209	3596.954149031080
1446	20220308_06	0	59645.916829518835584	59645.957876669235702	3546.473794570193
1447	20220308_07	0	59645.958415975779644	59645.999888605576416	3583.235214441083
1448	20220308_08	0	59646.000214147381485	59646.041509486960422	3567.917339620180
1449	20220308_09	0	59646.041840517144010	59646.073820260928187	2763.049862952903
1454	20220308_16	0	59646.333568771289720	59646.374926925695036	3573.344540619291
1455	20220308_17	0	59646.375102899779449	59646.390112054126803	1296.790935611352
1455	20220308_17	1	59646.390819342042960	59646.416575408264180	2225.324121513404
1456	20220308_18	0	59646.416901862896339	59646.458213571881060	3569.331656279974
1457	20220308_19	0	59646.458519677238655	59646.499928078010271	3577.685826667584
1458	20220308_20	0	59646.500078148215835	59646.541615678710514	3588.842634740286
1459	20220308_21	0	59646.541914630077372	59646.583102894976037	3558.666087244637
1460	20220308_22	0	59646.583408573227644	59646.624892556435952	3584.216149197891
1461	20220308_23	0	59646.625190525453945	59646.629776103203767	396.193917584606
1461	20220308_23	1	59646.630623623794236	59646.666512594318192	3100.807053269818
1462	20220309_00	0	59646.666719572727743	59646.679561212993576	1109.517718967982
1462	20220309_00	1	59646.680312171338301	59646.708032588416245	2395.044035534374
1463	20220309_01	0	59646.708315549803956	59646.749850601474463	3588.628464331850
1464	20220309_02	0	59646.750123628298752	59646.791581368197512	3581.948727252893
1465	20220309_03	0	59646.791864381462801	59646.833180553359853	3569.717251905240
1466	20220309_04	0	59646.833481488669349	59646.874766362088849	3567.013063444756
1467	20220309_05	0	59646.875301284468151	59646.916311476037663	3543.280551605858
1468	20220309_06	0	59646.916846481435641	59646.958190375611593	3572.112456802279
1469	20220309_07	0	59646.958436934757628	59646.999872971973673	3580.073615466245
1470	20220309_08	0	59647.000107571540866	59647.041526862631144	3578.626750200056
1471	20220309_09	0	59647.041773266442760	59647.071557842944458	2573.387409746647
1472	20220309_12	0	59647.183901176176732	59647.208144341173465	2094.609455717728
1473	20220309_13	0	59647.208675827532716	59647.215643155279395	601.977117313072
1473	20220309_13	1	59647.216704539030616	59647.249912096987828	2869.133007503115
1474	20220309_14	0	59647.250435533809650	59647.250439288502093	0.324405427091
1474	20220309_14	1	59647.290579770560726	59647.291115221320069	46.262945607305
1475	20220309_15	0	59647.291642838048574	59647.332926321796549	3566.892995825037
1476	20220309_16	0	59647.333451166254235	59647.359496476106870	2250.314771267585
1476	20220309_16	1	59647.363036599977931	59647.374591192878142	998.316826578230
1477	20220309_17	0	59647.375098414820968	59647.416308220104838	3560.527176526375
1478	20220309_18	0	59647.416803477957728	59647.428481864801142	1009.012623270974
1478	20220309_18	1	59647.429495858428709	59647.458194337916211	2479.548627720214
1479	20220309_19	0	59647.458675950838369	59647.499747214424133	3548.557173809968
1480	20220309_20	0	59647.500214153806155	59647.541447339746810	3562.547265272588
1481	20220309_21	0	59647.541947018842620	59647.582793208326621	3529.110771417618
1482	20220309_22	0	59647.583303710242035	59647.587625960411970	373.442414682359
1482	20220309_22	1	59647.588686590403086	59647.624813676637132	3121.380250621587
1483	20220309_23	0	59647.625336352153681	59647.666323584409838	3541.296866931953
1484	20220310_00	0	59647.666817138771876	59647.707896246167365	3549.234878970310
1485	20220310_01	0	59647.708375697635347	59647.749921046888630	3589.518175483681
1486	20220310_02	0	59647.750400714925490	59647.791246019129176	3529.034283198416
1487	20220310_03	0	59647.791716282314155	59647.832940271815460	3561.752692912705
1488	20220310_04	0	59647.833424074771756	59647.874590932318824	3556.816492066719
1489	20220310_05	0	59647.875054402466048	59647.916181182285072	3553.353776363656
1490	20220310_06	0	59647.916654885644675	59647.957896198655362	3563.249444123358
1491	20220310_07	0	59647.958380347256025	59647.999625436234055	3563.575687701814
1492	20220310_08	0	59648.000112733257993	59648.041348112063133	3562.736728764139
1493	20220310_09	0	59648.041832197945041	59648.042370434050099	46.503599477001
1498	20220310_16	0	59648.333385657082545	59648.374473344010767	3549.976150598377
1499	20220310_17	0	59648.374990875949152	59648.416613030865847	3596.154184802435
1500	20220310_18	0	59648.416637622220151	59648.457997420278843	3573.486552271061
1501	20220310_19	0	59648.458451925711415	59648.499741832427389	3567.447940260172
1502	20220310_20	0	59648.500202547198569	59648.541626767524576	3579.052636167035
1503	20220310_21	0	59648.542111346068850	59648.583108235674445	3542.131261923350
1504	20220310_22	0	59648.583604404047946	59648.624683099100366	3549.199252529070
1505	20220310_23	0	59648.625184264965355	59648.666341580326844	3555.992047232576
1506	20220311_00	0	59648.666844706851407	59648.707404626817151	3504.377085040323
1507	20220311_01	0	59648.717309158746502	59648.717313249027939	0.353400316089
1507	20220311_01	1	59648.719772238386213	59648.719775851757731	0.312195299193
1507	20220311_01	2	59648.725397629954387	59648.725401685696852	0.350416149013
1507	20220311_01	3	59648.727957524708472	59648.727959891562932	0.204496225342
1507	20220311_01	4	59648.730414016325085	59648.730418097882648	0.352646573447
1507	20220311_01	5	59648.733659619385435	59648.733663731574779	0.355293159373
1507	20220311_01	6	59648.736166329479602	59648.736170222822693	0.336384843104
1507	20220311_01	7	59648.738707078089647	59648.738709422745160	0.202578236349
1507	20220311_01	8	59648.741176856179663	59648.741180962024373	0.354744982906
1507	20220311_01	9	59648.746949224587297	59648.746952134104504	0.251382286660
1508	20220311_02	0	59648.751955556246685	59648.751959502682439	0.340972049162
1508	20220311_02	1	59648.755568418084295	59648.765284052577044	839.430820173584
1508	20220311_02	2	59648.767772808590962	59648.772105159958301	374.315158138052
1508	20220311_02	3	59648.773156162831583	59648.791468096533208	1582.151071820408
1509	20220311_03	0	59648.791978827292041	59648.830725522660941	3347.714479872957
1509	20220311_03	1	59648.831771891964308	59648.832871533668367	95.009043230675
1510	20220311_04	0	59648.833381400901999	59648.874676880230254	3567.929413961247
1511	20220311_05	0	59648.875184646596608	59648.916393131963559	3560.413135704584
1512	20220311_06	0	59648.916900116601028	59648.958148164390877	3563.831329043023
1513	20220311_07	0	59648.958659632960916	59648.999453799384355	3524.615978985094
1514	20220311_08	0	59648.999957532374538	59649.041204045708582	3563.698752061464
1515	20220311_09	0	59649.041690646750794	59649.065760660581873	2079.649195005186
1520	20220311_16	0	59649.333625955463503	59649.374947370401060	3570.170250604860
1521	20220311_17	0	59649.375460542229121	59649.416366512909008	3534.275866742246
1522	20220311_18	0	59649.416856842464767	59649.458042845326418	3558.470647246577
1523	20220311_19	0	59649.458502507368394	59649.499963709335134	3582.247849926353
1524	20220311_20	0	59649.500408255786169	59649.541512782991049	3551.431150501594
1525	20220311_21	0	59649.541984616706031	59649.553797020729689	1020.591707644053
1525	20220311_21	1	59649.554804989915283	59649.583267009154952	2459.118462307379
1526	20220311_22	0	59649.583755904568534	59649.624605150842399	3529.374878061935
1527	20220311_23	0	59649.625097126772744	59649.666426689160289	3570.874190283939
1528	20220312_00	0	59649.666900116644683	59649.708272293901246	3574.556114966981
1529	20220312_01	0	59649.708731397491647	59649.749616266468365	3532.452679588459
1530	20220312_02	0	59649.750091091322247	59649.791413941980863	3570.294296904467
1531	20220312_03	0	59649.791889012580214	59649.833151000828366	3565.035784640349
1532	20220312_04	0	59649.833645717604668	59649.874733603777713	3549.993365351111
1533	20220312_05	0	59649.875262280300376	59649.916196082129318	3536.680478020571
1534	20220312_06	0	59649.916705933312187	59649.958240137653775	3588.555255113170
1535	20220312_07	0	59649.958743643110211	59649.964626176588354	508.250892511569
1535	20220312_07	1	59649.965660072768515	59649.999783637482324	2948.275991273113
1536	20220312_08	0	59650.000288088056550	59650.041237115357944	3537.995958840474
1537	20220312_09	0	59650.041732292178494	59650.062938651069999	1832.229408225976
1538	20220312_12	0	59650.174781031753810	59650.175870495237177	94.129644962959
1538	20220312_12	1	59650.179606842430076	59650.180151890599518	47.092161839828
1539	20220312_13	0	59650.210340308578452	59650.217688145807188	634.853136562742
1539	20220312_13	1	59650.219525928871008	59650.223194273225090	316.944952192716
1539	20220312_13	2	59650.224962176485860	59650.230202323364210	452.748690289445
1539	20220312_13	3	59650.232232294991263	59650.234848841784697	226.069642952643
1539	20220312_13	4	59650.236671650287462	59650.249726005975390	1127.896331436932
1540	20220312_14	0	59650.250243897120527	59650.269575811515097	1670.277403690852
1540	20220312_14	1	59650.273163810110418	59650.290853332568076	1528.374740341678
1541	20220312_15	0	59650.291355910216225	59650.296061599430686	406.571548129432
1541	20220312_15	1	59650.300289380102186	59650.303430800231581	271.418699179776
1541	20220312_15	2	59650.306862346486014	59650.306866251041356	0.337353581563
1542	20220312_16	0	59650.336801319564984	59650.342055775268818	453.984972811304
1542	20220312_16	1	59650.343712639514706	59650.349464064383938	496.923108701594
1542	20220312_16	2	59650.353534267538635	59650.363517443482124	862.546401517466
1542	20220312_16	3	59650.367049431421037	59650.369689183578885	228.074586438015
1542	20220312_16	4	59650.373582081265340	59650.374645594623871	91.887554177083
1543	20220312_17	0	59650.375160649600730	59650.376742336840834	136.657777545042
1543	20220312_17	1	59650.380195841957175	59650.382833316449251	227.877796115354
1543	20220312_17	2	59650.386492022575112	59650.389140012543066	228.786333231255
1543	20220312_17	3	59650.392824705078965	59650.395478681144596	229.303532070480
1543	20220312_17	4	59650.399216678088123	59650.401877503245487	229.895293596201
1543	20220312_17	5	59650.408116088459792	59650.408131858646811	1.362544158474
1544	20220312_18	0	59650.423517422241275	59650.426701785181649	275.128958048299
1544	20220312_18	1	59650.428523162612692	59650.441266972607991	1101.065183593892
1544	20220312_18	2	59650.444987408416637	59650.447669860339374	231.763846124522
1544	20220312_18	3	59650.453546419252234	59650.456231465723249	231.988015095703
1545	20220312_19	0	59650.462244800764893	59650.464948268818262	233.579639811069
1545	20220312_19	1	59650.468672986411548	59650.471372909072670	233.273317920975
1545	20220312_19	2	59650.475022346443438	59650.477736925655336	234.539643907920
1545	20220312_19	3	59650.484020835421688	59650.486750256823143	235.822009085678
1545	20220312_19	4	59650.490629517858906	59650.493329361670476	233.266505319625
1545	20220312_19	5	59650.496976053684193	59650.499676642735722	233.330894052051
1546	20220312_20	0	59650.503295966707810	59650.506527857251058	279.235342936590
1546	20220312_20	1	59650.510010108031565	59650.511643519836070	141.126779909246
1546	20220312_20	2	59650.539297577422985	59650.541473721335933	188.018834078684
1547	20220312_21	0	59650.541991319601948	59650.543076970825496	93.800265714526
1547	20220312_21	1	59650.544742947633495	59650.549589733476751	418.762296857312
1547	20220312_21	2	59650.556220389618829	59650.565863569376233	833.170731039718
1547	20220312_21	3	59650.567856745903555	59650.582916197046870	1301.136578782462
1548	20220312_22	0	59650.583420147646393	59650.624910180536972	3584.738841746002
1549	20220312_23	0	59650.625422931829235	59650.666480921347102	3547.410294343717
1550	20220313_00	0	59650.666992477279564	59650.708113872518879	3552.888548676856
1551	20220313_01	0	59650.708596807729919	59650.749739567036158	3554.734404059127
1552	20220313_02	0	59650.750240767207288	59650.791391081060283	3555.387116898783
1553	20220313_03	0	59650.791914703164366	59650.832851699778985	3536.956507503055
1554	20220313_04	0	59650.833377668343019	59650.874703687484725	3570.568053843454
1555	20220313_05	0	59650.875233565275266	59650.916459945969109	3561.959291948006
1556	20220313_06	0	59650.916990986290330	59650.957777910829464	3523.990280181170
1557	20220313_07	0	59650.958307665634493	59650.999701590837503	3576.435137540102
1558	20220313_08	0	59651.000223155555432	59651.041451965225860	3562.169155525044
1559	20220313_09	0	59651.041979883499152	59651.060638136281341	1612.073040381074
1564	20220313_16	0	59651.333667249360587	59651.374573099768895	3534.265475277789
1565	20220313_17	0	59651.375091669935500	59651.416137645246636	3546.372266882099
1566	20220313_18	0	59651.416643796648714	59651.457914487546077	3565.787693532184
1567	20220313_19	0	59651.458387515609502	59651.499971408869897	3592.848377698101
1568	20220313_20	0	59651.499966104471241	59651.541201372230717	3562.727134418674
1569	20220313_21	0	59651.541671539351228	59651.583246463873365	3592.073478712700
1570	20220313_22	0	59651.583722479903372	59651.624940469002468	3561.234258161858
1571	20220313_23	0	59651.625403257843573	59651.662821888065082	3232.969651138410
1571	20220313_23	1	59651.663807195080153	59651.666579638724215	239.539130846970
1572	20220314_00	0	59651.666639054812549	59651.708000885846559	3573.662201338448
1573	20220314_01	0	59651.708405102632241	59651.749763395360787	3573.356491746381
1574	20220314_02	0	59651.750195614615222	59651.791478141625703	3566.810333705507
1575	20220314_03	0	59651.791926880199753	59651.833109143641195	3558.147561340593
1576	20220314_04	0	59651.833566449713544	59651.874746476831206	3557.954342965968
1577	20220314_05	0	59651.875290903437417	59651.910296606540214	3024.492748081684
1577	20220314_05	1	59651.911390993998793	59651.916412870385102	433.890119777061
1578	20220314_06	0	59651.916880338802002	59651.958140624752559	3564.888706128113
1579	20220314_07	0	59651.958686596626649	59651.976377897561179	1528.528400743380
1579	20220314_07	1	59651.977404199977173	59651.999502028687857	1909.252400603145
1580	20220314_08	0	59651.999975247294060	59652.041166942050040	3558.962426916696
1581	20220314_09	0	59652.041711343736097	59652.058166717157292	1421.744263591245
1586	20220314_16	0	59652.333405096243951	59652.344839100805984	987.897994159721
1586	20220314_16	1	59652.345852551625285	59652.374661472800653	2489.090789551847
1587	20220314_17	0	59652.375131252629217	59652.416607896680944	3583.582046069205
1588	20220314_18	0	59652.417133359667787	59652.458285633336345	3555.556444963440
1589	20220314_19	0	59652.458716666704277	59652.499563396821031	3529.157482087612
1590	20220314_20	0	59652.499994725578290	59652.541614972687967	3595.989350276068
1591	20220314_21	0	59652.542061579551955	59652.582859933012514	3524.977738992311
1592	20220314_22	0	59652.583311378068174	59652.624821287885425	3586.456208210438
1593	20220314_23	0	59652.625273155390460	59652.666219831888156	3537.792849401012
1594	20220315_00	0	59652.666748988252948	59652.708068465981341	3570.002875733189
1595	20220315_01	0	59652.708583006962726	59652.749798964803631	3561.058757454157
1596	20220315_02	0	59652.750251628305705	59652.765268338953319	1297.443799953908
1596	20220315_02	1	59652.766428593044111	59652.791328931656608	2151.389256119728
1597	20220315_03	0	59652.791805325716268	59652.833281620878552	3583.551902021281
1598	20220315_04	0	59652.833775471255649	59652.874950431672914	3557.516580051742
1599	20220315_05	0	59652.875452568572655	59652.894657847100461	1659.336064802483
1599	20220315_05	1	59652.895704868074972	59652.916495320714603	1796.295108064078
1600	20220315_06	0	59652.917037616520247	59652.957987195433816	3538.043618132360
1601	20220315_07	0	59652.958497223422455	59652.999442022344738	3537.630626885220
1602	20220315_08	0	59652.999982545559760	59653.041582312063838	3594.219825952314
1603	20220315_09	0	59653.042117483681068	59653.055003031913657	1113.311367295682
1603	20220315_09	1	59653.060431870544562	59653.060435786414018	0.338331121020
1608	20220315_16	0	59653.333359030344582	59653.374934925079287	3592.157305078581
1609	20220315_17	0	59653.375402799589210	59653.407383206344093	2763.107143621892
1609	20220315_17	1	59653.408432885058573	59653.416515899596561	698.372456082143
1610	20220315_18	0	59653.416959064954426	59653.458104987177649	3555.007680086419
1611	20220315_19	0	59653.458534263212641	59653.499775422475068	3563.236160273664
1612	20220315_20	0	59653.500216910390009	59653.541550440895662	3571.217035688460
1613	20220315_21	0	59653.542004862756585	59653.564059624099173	1905.531379999593
1613	20220315_21	1	59653.565067827519670	59653.567290701641468	192.056324123405
1613	20220315_21	2	59653.568299771097372	59653.582914067548700	1262.675213394687
1614	20220315_22	0	59653.583386126003461	59653.593680045421934	889.394637756050
1614	20220315_22	1	59653.594690523197642	59653.624923606141238	2612.138366326690
1615	20220315_23	0	59653.625383105892979	59653.666349886450917	3539.529840205796
1616	20220316_00	0	59653.666772698168643	59653.708308785026020	3588.717904477380
1617	20220316_01	0	59653.708736125568976	59653.749609690945363	3531.476048519835
1618	20220316_02	0	59653.750120031632832	59653.791258969526098	3554.404233978130
1619	20220316_03	0	59653.791690049387398	59653.833211522498459	3587.455276795663
1620	20220316_04	0	59653.833651190492674	59653.874911343453277	3564.877215796150
1621	20220316_05	0	59653.874977219449647	59653.877625685963721	228.827506816015
1621	20220316_05	1	59653.878611807151174	59653.916162952940795	3244.418996223249
1622	20220316_06	0	59653.916617391674663	59653.957869799320179	3564.208020572551
1623	20220316_07	0	59653.958347939289524	59653.999631545135344	3566.903545078821
1624	20220316_08	0	59654.000158571892825	59654.041458076666459	3568.277212441899
1625	20220316_09	0	59654.041928707731131	59654.052555294008926	918.137054401450
1626	20220316_11	0	59654.164321530610323	59654.166493260941934	187.637500651181
1631	20220316_16	0	59654.333747008968203	59654.374631683327607	3532.435864652507
1632	20220316_17	0	59654.375068057954195	59654.402110632669064	2336.478455364704
1632	20220316_17	1	59654.403072919289116	59654.416410324389290	1152.351800655015
1633	20220316_18	0	59654.416846773892757	59654.457919882355782	3548.716571205296
1634	20220316_19	0	59654.458332409936702	59654.499718699160439	3575.775388930924
1635	20220316_20	0	59654.500148620703840	59654.541606453713030	3581.956771994010
1636	20220316_21	0	59654.542077798454557	59654.583253905206220	3557.615623343736
1637	20220316_22	0	59654.583724823918601	59654.624614050728269	3532.829196355306
1638	20220316_23	0	59654.625084263680037	59654.654105711888405	2507.453125203028
1638	20220316_23	1	59654.655111834486888	59654.666609773463279	993.421927560121
1639	20220317_00	0	59654.666627201084339	59654.708202955778688	3592.145205591805
1640	20220317_01	0	59654.708669682717300	59654.749687624564103	3543.950175563805
1641	20220317_02	0	59654.750163657605299	59654.791617013601353	3581.569958059117
1642	20220317_03	0	59654.791649520368082	59654.832996989127423	3572.421300807036
1643	20220317_04	0	59654.833491901576053	59654.874712411910878	3561.452092928812
1644	20220317_05	0	59654.875204639865842	59654.916366158933670	3556.355247460306
1645	20220317_06	0	59654.916860219454975	59654.932088774869044	1315.747187775560
1645	20220317_06	1	59654.933128241122176	59654.958144427444495	2161.398498248309
1646	20220317_07	0	59654.958683003962506	59654.999946045762044	3565.126811480150
1647	20220317_08	0	59655.000455353532743	59655.041270136141975	3526.397217437625
1648	20220317_09	0	59655.041788450711465	59655.049326711785397	651.305756787769
1649	20220317_11	0	59655.165250363555970	59655.166399175548577	99.257356161252
1654	20220317_16	0	59655.333812216471415	59655.374646577314707	3528.088776860386
1655	20220317_17	0	59655.375192952742509	59655.416147514581098	3538.474142854102
1656	20220317_18	0	59655.416674894004245	59655.457774713984691	3551.024446310475
1657	20220317_19	0	59655.458297840021260	59655.499804687322467	3586.191606824286
1658	20220317_20	0	59655.500306607420498	59655.533944947725104	2906.352602317929
1658	20220317_20	1	59655.535039264199440	59655.541489403301966	557.292018458247
1659	20220317_21	0	59655.542010343226139	59655.547872230243229	506.467038276605
1659	20220317_21	1	59655.548974665405694	59655.582796544818848	2922.210381296463
1660	20220317_22	0	59655.583328126056585	59655.624868160557526	3589.058980881236
1661	20220317_23	0	59655.625390415829315	59655.666416658081289	3544.667330570519
1662	20220318_00	0	59655.666964705676946	59655.699241223963327	2788.691179943271
1662	20220318_00	1	59655.700326274578401	59655.708018820754660	664.635989628732
1663	20220318_01	0	59655.708518404790084	59655.749475040429388	3538.653319235891
1664	20220318_02	0	59655.749990451127815	59655.764611860977311	1263.289810996503
1664	20220318_02	1	59655.765718637900136	59655.791371311250259	2216.390977450646
1665	20220318_03	0	59655.791940051109123	59655.833225516158564	3567.064180271700
1666	20220318_04	0	59655.833738780587737	59655.874939019027806	3559.700601221994
1667	20220318_05	0	59655.875006039241271	59655.916188688082912	3558.180859917775
1668	20220318_06	0	59655.916695024352521	59655.957993578485912	3568.195077124983
1669	20220318_07	0	59655.958499660206144	59655.999717852770118	3561.251837527379
1670	20220318_08	0	59656.000242952773988	59656.041310033455375	3548.195770871826
1671	20220318_09	0	59656.041830903064692	59656.047099328141485	455.191926634870
1672	20220318_11	0	59656.159112954708689	59656.166597876821470	646.697270544246
1677	20220318_16	0	59656.333623038764927	59656.374836833711015	3560.871883342043
1678	20220318_17	0	59656.375335112876201	59656.416588933221647	3564.330077846535
1679	20220318_18	0	59656.417082075866347	59656.457830736006144	3520.684236078523
1680	20220318_19	0	59656.458913107315311	59656.487976900716603	2511.111749871634
1680	20220318_19	1	59656.489014930775738	59656.499918983165117	942.110126442276
1681	20220318_20	0	59656.500389937275031	59656.541485703259241	3550.674181035720
1682	20220318_21	0	59656.541967722361733	59656.583259340070072	3567.595770000480
1683	20220318_22	0	59656.583751990408928	59656.624606528625009	3529.832101869397
1684	20220318_23	0	59656.625084848463302	59656.666552399365173	3582.796397921629
1685	20220319_00	0	59656.667021424771519	59656.707925042064744	3534.072534134611
1686	20220319_01	0	59656.708377898612525	59656.749823945196113	3580.938424821943
1687	20220319_02	0	59656.750290162963211	59656.791130364290439	3528.593394672498
1688	20220319_03	0	59656.791692134873301	59656.832935067133803	3563.389347307384
1689	20220319_04	0	59656.833407072059345	59656.874584355908155	3557.717324537225
1690	20220319_05	0	59656.875045027540182	59656.916581416066037	3588.743968633935
1691	20220319_06	0	59656.916689354067785	59656.958229491479869	3589.067872404121
1692	20220319_07	0	59656.958683929457038	59656.999725790839875	3546.016823477112
1693	20220319_08	0	59657.000189496560779	59657.041605407393945	3578.334695985541
1694	20220319_09	0	59657.042052452423377	59657.044318665619357	195.800820132717
1695	20220319_11	0	59657.156218871044985	59657.166484112683975	886.916877608746
1700	20220319_16	0	59657.333485547227610	59657.374954174018058	3582.889354694635
1701	20220319_17	0	59657.375363322047633	59657.416252874150814	3532.857301714830
1702	20220319_18	0	59657.416657320485683	59657.458137534049456	3583.890451909974
1703	20220319_19	0	59657.458540633888333	59657.498533797086566	3455.409300327301
1703	20220319_19	1	59657.499514704555622	59657.499644076415279	11.177728674375
1704	20220319_20	0	59657.500070265276008	59657.541313732959679	3563.435607869178
1705	20220319_21	0	59657.541762200969970	59657.583265814224433	3585.912185185589
1706	20220319_22	0	59657.583716093773546	59657.624803036196681	3549.911825358868
1707	20220319_23	0	59657.625247586183832	59657.666408603960008	3556.311935861595
1708	20220320_00	0	59657.666848746499454	59657.685529209855304	1613.992033945397
1708	20220320_00	1	59657.686524896074843	59657.707987606896495	1854.378214990720
1709	20220320_01	0	59657.708424438649672	59657.733799840403663	2192.434711544774
1709	20220320_01	1	59657.734806402149843	59657.749514206014283	1270.754253887571
1710	20220320_02	0	59657.749957548170642	59657.791495676974591	3588.894328661263
1711	20220320_03	0	59657.791950348866521	59657.833259846316651	3569.140579691157
1712	20220320_04	0	59657.833334993214521	59657.874560046497209	3561.844603624195
1713	20220320_05	0	59657.875039700273192	59657.892939228593605	1546.519246883690
1713	20220320_05	1	59657.893976283943630	59657.916340378040331	1932.257729955018
1714	20220320_06	0	59657.916805672415649	59657.958152584658819	3572.373217809945
1715	20220320_07	0	59657.958624670594872	59657.999925834403257	3568.420553044416
1716	20220320_08	0	59658.000002784123353	59658.041598534873629	3593.872864823788
1717	20220320_11	0	59658.153270287642954	59658.166601619588619	1151.827080105431
1722	20220320_16	0	59658.333708451093116	59658.371442374416802	3260.210975166410
1722	20220320_16	1	59658.372420486521150	59658.374734269280452	199.910830403678
1723	20220320_17	0	59658.375161014802870	59658.416230242131860	3548.381241224706
1724	20220320_18	0	59658.416747111579753	59658.458038030097669	3567.535359947942
1725	20220320_19	0	59658.458403356642521	59658.499931006816041	3587.988974992186
1726	20220320_20	0	59658.500025000059395	59658.541237121396989	3560.727283568121
1727	20220320_21	0	59658.541656603010779	59658.583224252222863	3591.444891924039
1728	20220320_22	0	59658.583346530991548	59658.597431089343445	1216.905841603875
1728	20220320_22	1	59658.598404515774746	59658.624926255215541	2291.478287684731
1729	20220320_23	0	59658.625336703633366	59658.666319020238006	3540.872154640965
1730	20220321_00	0	59658.666839830832032	59658.708219879525132	3575.236207083799
1731	20220321_01	0	59658.708311115748074	59658.749856027308851	3589.480358851142
1732	20220321_02	0	59658.750286699898425	59658.755473238386912	448.116925405338
1732	20220321_02	1	59658.756467252896982	59658.791431594705500	3020.919132255949
1733	20220321_03	0	59658.791871651941619	59658.832854864056571	3540.949526731856
1734	20220321_04	0	59658.833298543606361	59658.861356513465580	2424.208595836535
1734	20220321_04	1	59658.862358680955367	59658.874639527100953	1061.065106978640
1735	20220321_05	0	59658.875194119071239	59658.916610710017267	3578.393457736820
1736	20220321_06	0	59658.917051537886437	59658.957933858604520	3532.232510042377
1737	20220321_07	0	59658.958381830147118	59658.999870401064982	3584.612527303398
1738	20220321_08	0	59659.000325866581989	59659.038833245489514	3327.037537610158
1739	20220321_11	0	59659.148109613437555	59659.148113569375710	0.341793056577
1739	20220321_11	1	59659.150474791349552	59659.166600394397392	1393.252103333361
1744	20220321_16	0	59659.333527964445238	59659.374903764393821	3574.869115557522
1745	20220321_17	0	59659.375316822559398	59659.416403353177884	3549.876245437190
1746	20220321_18	0	59659.416926400779630	59659.458241725209518	3569.644030742347
1747	20220321_19	0	59659.458613779024745	59659.499669056698622	3547.175991022959
1748	20220321_20	0	59659.500202096562134	59659.541407188648009	3560.119956219569
1749	20220321_21	0	59659.541794333963480	59659.583005814398348	3560.671909572557
1750	20220321_22	0	59659.583391321408271	59659.624615984153934	3561.810861225240
1751	20220321_23	0	59659.624986945273122	59659.666550002410077	3591.048136632890
1752	20220322_00	0	59659.667073383825482	59659.681278973155713	1227.362918131985
1752	20220322_00	1	59659.682204521202948	59659.707992454081250	2228.077400685288
1753	20220322_01	0	59659.708342940772127	59659.749958598004014	3595.592784835026
1754	20220322_02	0	59659.750342971041391	59659.791393316605536	3546.749856742099
1755	20220322_03	0	59659.791789471120865	59659.833245668523887	3581.815455621108
1756	20220322_04	0	59659.833663341036299	59659.874898264657531	3562.697400874458
1757	20220322_05	0	59659.875018069091311	59659.916221596096875	3559.984733280726
1758	20220322_06	0	59659.916668890087749	59659.958094275971234	3579.153340333141
1759	20220322_07	0	59659.958528359660704	59659.999933729552140	3577.423958620057
1760	20220322_08	0	59660.000052788178436	59660.035708970237465	3080.694129900075
1761	20220322_11	0	59660.148121213649574	59660.166239573227358	1565.426267520525
1766	20220322_16	0	59660.333393524990242	59660.347540114737058	1222.265354124829
1766	20220322_16	1	59660.348550596187124	59660.374706802176661	2259.896197495982
1767	20220322_17	0	59660.375148500235809	59660.416650623701571	3585.783467441797
1768	20220322_18	0	59660.416736187544302	59660.458322837781452	3593.086580489762
1769	20220322_19	0	59660.458387766419037	59660.499789445217175	3577.105048159137
1770	20220322_20	0	59660.500223301525693	59660.541440986788075	3561.208006669767
1771	20220322_21	0	59660.541888103638485	59660.583197139443655	3569.100693566725
1772	20220322_22	0	59660.583316444746742	59660.624568294297205	3564.159801159985
1773	20220322_23	0	59660.625020975385269	59660.641846040016389	1453.685584128834
1773	20220322_23	1	59660.651054775327793	59660.654444204417814	292.846673377790
1773	20220322_23	2	59660.656425580105861	59660.666560700774426	875.674425764009
1774	20220323_00	0	59660.667074460412550	59660.708133641011955	3547.513203788549
1775	20220323_01	0	59660.708650618194952	59660.749714684883656	3547.935361904092
1776	20220323_02	0	59660.750249661003181	59660.791178096260410	3536.216806224547
1777	20220323_03	0	59660.791715861596458	59660.833009070236585	3567.733226506971
1778	20220323_04	0	59660.833529285708209	59660.874720674131822	3558.935959800147
1779	20220323_05	0	59660.875235073748627	59660.916256763754063	3544.274016469717
1780	20220323_06	0	59660.916795744298724	59660.942903701892646	2255.727536114864
1786	20220323_16	0	59661.333752089711197	59661.374709481402533	3538.718642131425
1787	20220323_17	0	59661.375224079645704	59661.416215149700292	3541.628452716395
1788	20220323_18	0	59661.416707755073730	59661.457809274390456	3551.171268965118
1789	20220323_19	0	59661.458286239612789	59661.499597259637085	3569.272130099125
1790	20220323_20	0	59661.500106387160486	59661.541547045948391	3580.472919275053
1791	20220323_21	0	59661.542061502383149	59661.583184772302047	3553.050520992838
1792	20220323_22	0	59661.583694810360612	59661.624940137167869	3563.596236146986
1793	20220323_23	0	59661.625447401609563	59661.666131320278510	3515.090572996996
1794	20220324_00	0	59661.666630937659647	59661.673265775585605	573.249996802770
1794	20220324_00	1	59661.674302680716210	59661.691857711986813	1516.754701780155
1794	20220324_00	2	59661.692895288593718	59661.708238238512422	1325.630872976035
1795	20220324_01	0	59661.708731628612441	59661.749771315597172	3545.828955480829
1796	20220324_02	0	59661.750269583484624	59661.791351487874635	3549.476539297029
1797	20220324_03	0	59661.791873502486851	59661.833202632216853	3570.836808672175
1798	20220324_04	0	59661.833736575266812	59661.874718586259405	3540.845749760047
1799	20220324_05	0	59661.875227236261708	59661.916601487959269	3574.735346669331
1800	20220324_06	0	59661.917117954348214	59661.942358212574618	2180.758310761303
1800	20220324_06	1	59661.946942268870771	59661.958237249433296	975.886320602149
1801	20220324_07	0	59661.958760187364533	59661.999638326968125	3531.871261750348
1802	20220324_08	0	59662.000163206867001	59662.029626488001668	2545.627490035258
1803	20220324_11	0	59662.142860907319118	59662.166612789449573	2052.162616071291
1808	20220324_16	0	59662.333558921287477	59662.361758148595982	2436.413239454851
1808	20220324_16	1	59662.362739029638760	59662.374834260670468	1045.027961139567
1809	20220324_17	0	59662.375287422088149	59662.416198884013284	3534.750310331583
1810	20220324_18	0	59662.416643206954177	59662.458245834997797	3594.467062968761
1811	20220324_19	0	59662.458665627484152	59662.499773906354676	3551.755294413306
1812	20220324_20	0	59662.500235770712607	59662.541512547461025	3566.313511063345
1813	20220324_21	0	59662.541972821927629	59662.583070472646796	3550.837022135966
1814	20220324_22	0	59662.583556842706457	59662.618806752929231	3045.592243247665
1814	20220324_22	1	59662.623288079368649	59662.624954313519993	143.962630676106
1815	20220324_23	0	59662.625476396038721	59662.666471478070889	3541.975087579340
1816	20220325_00	0	59662.667506280602538	59662.707965721820074	3495.695721195079
1817	20220325_01	0	59662.708476628715289	59662.749460929786437	3541.043612547219
1818	20220325_02	0	59662.749981859204127	59662.791321110322315	3571.711296611466
1819	20220325_03	0	59662.791841363090498	59662.833072423491103	3562.363618612289
1820	20220325_04	0	59662.833608718661708	59662.874744530301541	3554.134125681594
1821	20220325_05	0	59662.875254988379311	59662.916380636932445	3553.256034990773
1822	20220325_06	0	59662.916907782266208	59662.958118790520530	3560.631113173440
1823	20220325_07	0	59662.958641114848433	59662.999797098484123	3555.876986123621
1824	20220325_08	0	59663.000333949159540	59663.007376834488241	608.505292399786
1824	20220325_08	1	59663.008453360365820	59663.027376788013498	1634.984148759395
1825	20220325_11	0	59663.139894102481776	59663.152347581344657	1075.980573752895
1825	20220325_11	1	59663.153412737512554	59663.166386755219719	1120.955129899085
1830	20220325_16	0	59663.333558812671981	59663.374736076533736	3557.715597655624
1831	20220325_17	0	59663.375203724724997	59663.416477965598460	3566.094411467202
1832	20220325_18	0	59663.416941899136873	59663.445512159574719	2468.470501829870
1832	20220325_18	1	59663.446506056403450	59663.457881752809044	982.860169443302
1833	20220325_19	0	59663.458376175200101	59663.499577239927021	3559.771992405877
1834	20220325_20	0	59663.500046111155825	59663.500664511855575	53.429820458405
1834	20220325_20	1	59663.501676891064562	59663.541617150971433	3450.838455953635
1835	20220325_21	0	59663.541656373767182	59663.582908553224115	3564.188305079006
1836	20220325_22	0	59663.583401656433125	59663.588975822924112	481.607984821312
1836	20220325_22	1	59663.590018304741534	59663.624896451692621	3013.471896573901
1837	20220325_23	0	59663.625363244871551	59663.666399473921047	3545.530189876445
1838	20220326_00	0	59663.666849311244732	59663.707857074718049	3543.070764094591
1839	20220326_01	0	59663.708316905933316	59663.717819114019221	820.990778622217
1839	20220326_01	1	59663.718836115906015	59663.749805587853189	2675.762376235798
1840	20220326_02	0	59663.750338463651133	59663.791565768828150	3562.039167294279
1841	20220326_03	0	59663.792106020933716	59663.833283080646652	3557.697959197685
1842	20220326_04	0	59663.833778026200889	59663.874765407272207	3541.309724561870
1843	20220326_05	0	59663.875262964313151	59663.916605269587308	3571.975175687112
1844	20220326_06	0	59663.917093058335013	59663.957864243246149	3522.630376322195
1845	20220326_07	0	59663.958360658798483	59663.999825216669706	3582.537800073624
1846	20220326_08	0	59664.000318086837069	59664.024887969862903	2122.837893432006
1847	20220326_11	0	59664.137161824823124	59664.142722823627992	480.470296740532
1847	20220326_11	1	59664.143748389753455	59664.166283241669589	1947.011205554008
1852	20220326_16	0	59664.333344691076491	59664.374633924737282	3567.389788292348
1853	20220326_17	0	59664.375037748497562	59664.416308724838018	3565.812355815433
1854	20220326_18	0	59664.416712506172189	59664.458236378995935	3587.662611971609
1855	20220326_19	0	59664.458287858957192	59664.499619355257892	3571.041280380450
1856	20220326_20	0	59664.500051623472245	59664.506804522061429	583.450438105501
1856	20220326_20	1	59664.507785011301166	59664.541209250914108	2887.854302558117
1857	20220326_21	0	59664.541644225377240	59664.583127703117498	3584.172476758249
1858	20220326_22	0	59664.583568801521324	59664.616317991101823	2829.529979755171
1858	20220326_22	1	59664.617312509602925	59664.624785390617035	645.656919619069
1859	20220326_23	0	59664.625207439145015	59664.666656011948362	3581.156690209173
1860	20220327_00	0	59664.667056944585056	59664.682519671914633	1335.979641275480
1860	20220327_00	1	59664.683504199034360	59664.708071182467393	2122.587368614040
1861	20220327_01	0	59664.708494706894271	59664.749589945990010	3550.628657871857
1862	20220327_02	0	59664.750015532954421	59664.791516030592902	3585.642995964736
1863	20220327_03	0	59664.791642268188298	59664.833061264151183	3578.601251193322
1864	20220327_04	0	59664.833503715017287	59664.874870457992074	3574.086593021639
1865	20220327_05	0	59664.874975363032718	59664.916247623434174	3565.923298685811
1866	20220327_06	0	59664.916714825354575	59664.958180703702965	3582.651889300905
1867	20220327_07	0	59664.958651877714146	59664.984765617671655	2256.227132328786
1867	20220327_07	1	59664.985894257166365	59664.999599200680677	1184.107119636610
1868	20220327_08	0	59665.000065047148382	59665.022180646796187	1910.787809570320
1869	20220327_11	0	59665.134506253933068	59665.166577839961974	2770.985032897443
1874	20220327_16	0	59665.333590527661727	59665.374634183986927	3546.171906497329
1875	20220327_17	0	59665.375169796876435	59665.416263666513260	3550.510336621664
1876	20220327_18	0	59665.416890652362781	59665.457771468092687	3532.102479063906
1877	20220327_19	0	59665.458285304113815	59665.499937140244583	3598.718641698360
1878	20220327_20	0	59665.500027907764888	59665.541370787839696	3572.024838463403
1879	20220327_21	0	59665.541803737367445	59665.582893680621055	3550.171097111888
1880	20220327_22	0	59665.583329667875660	59665.624652471269656	3570.290213241242
1881	20220327_23	0	59665.625073851435445	59665.666555322590284	3583.999107778072
1882	20220328_00	0	59665.666942593794374	59665.708299100857403	3573.202210245654
1883	20220328_01	0	59665.708840062601666	59665.749627986704581	3524.076642491855
1884	20220328_02	0	59665.750043580381316	59665.791581349752960	3588.863273710012
1885	20220328_03	0	59665.791699224828335	59665.833269307251612	3591.655121371150
1886	20220328_04	0	59665.833389238759992	59665.849107592417568	1358.065756014548
1886	20220328_04	1	59665.850091210915707	59665.874871436470130	2141.011487902142
1887	20220328_05	0	59665.875284032932541	59665.916273285285570	3541.471403301693
1888	20220328_06	0	59665.916828830784652	59665.958192985184724	3573.862940166146
1889	20220328_07	0	59665.958638911572052	59665.999943546274153	3568.720438261516
1890	20220328_08	0	59666.000038321188185	59666.019359308360436	1669.333291682415
1891	20220328_11	0	59666.131734635629982	59666.165300182583451	2900.063256779686
1891	20220328_11	1	59666.166347232901899	59666.166400640402571	4.614408058114
1896	20220328_16	0	59666.333296776494535	59666.374934548846795	3597.503531235270
1897	20220328_17	0	59666.375000587489922	59666.416440704102570	3580.426075332798
1898	20220328_18	0	59666.416938547517930	59666.457926341252460	3541.345378663391
1899	20220328_19	0	59666.458354679489275	59666.491559657813923	2868.910127249546
1899	20220328_19	1	59666.492580569632992	59666.499877977046708	630.496000545099
1900	20220328_20	0	59666.500341674283845	59666.541624626843259	3566.847101133317
1901	20220328_21	0	59666.541680674075906	59666.583168868397479	3584.579989383928
1902	20220328_22	0	59666.583643755308003	59666.624846003716812	3559.874262521043
1903	20220328_23	0	59666.625309037168336	59666.666553437564289	3563.516194210388
1904	20220329_00	0	59666.667006729825516	59666.708226103211928	3561.353860585950
1905	20220329_01	0	59666.708686816018599	59666.708788815674779	8.812770294026
1905	20220329_01	1	59666.709814365072816	59666.749873058419325	3461.071105138399
1906	20220329_02	0	59666.750335649434419	59666.773984253799426	2043.239417136647
1906	20220329_02	1	59666.775030791075551	59666.791324656202050	1407.789946929552
1907	20220329_03	0	59666.791812354873400	59666.833229578915052	3578.448157198727
1908	20220329_04	0	59666.833716672786977	59666.846624993835576	1115.278938598931
1908	20220329_04	1	59666.847655383906385	59666.874939353241643	2357.334950566292
1909	20220329_05	0	59666.875011010015442	59666.891158772312338	1395.166662451811
1909	20220329_05	1	59666.892192598876136	59666.895050825340149	246.950766490772
1909	20220329_05	2	59666.896085227570438	59666.916186285583535	1736.731412331574
1910	20220329_06	0	59666.916657422341814	59666.957905708659382	3563.851937837899
1911	20220329_07	0	59666.958392210515740	59666.999710817326559	3569.927628454752
1912	20220329_08	0	59667.000191929095308	59667.016400155494921	1400.390760926530
1913	20220329_11	0	59667.128996791594545	59667.166420549336181	3233.412668877281
1918	20220329_16	0	59667.333350238448475	59667.374742077081464	3576.254857890308
1919	20220329_17	0	59667.375204637493880	59667.416614755064074	3577.834158064798
1920	20220329_18	0	59667.417046083144669	59667.458186523545010	3554.534050589427
1921	20220329_19	0	59667.458604169078171	59667.499967825140629	3573.819883796386
1922	20220329_20	0	59667.500058449717471	59667.501746684007230	145.863442635164
1922	20220329_20	1	59667.502720166856307	59667.541467030627246	3347.729029809125
1923	20220329_21	0	59667.541885987637215	59667.568895963901014	2333.661949192174
1923	20220329_21	1	59667.569878489790426	59667.582915714170667	1126.416186452843
1924	20220329_22	0	59667.583338222655584	59667.624774971634906	3580.135111813433
1925	20220329_23	0	59667.625190080121683	59667.666628266648331	3580.259315902367
1926	20220330_00	0	59667.666702668597281	59667.694524040751276	2403.766554105096
1926	20220330_00	1	59667.695495375031896	59667.708101777214324	1089.193148561753
1927	20220330_01	0	59667.708520608881372	59667.749908017802227	3575.872130761854
1928	20220330_02	0	59667.750352783034032	59667.752168437320506	156.872530351393
1928	20220330_02	1	59667.753175237550749	59667.791541667946149	3314.859586162493
1929	20220330_03	0	59667.791651505787740	59667.833211900091555	3590.818067849614
1930	20220330_04	0	59667.833332296228036	59667.874930055921141	3594.046437484212
1931	20220330_05	0	59667.875347689012415	59667.916503007101710	3555.819482915103
1932	20220330_06	0	59667.916922462645744	59667.958082772245689	3556.250749435276
1933	20220330_07	0	59667.958495411439799	59667.979908613793668	1850.100683374330
1933	20220330_07	1	59667.980609164231282	59667.984414366663259	328.769490122795
1933	20220330_07	2	59667.985118405158573	59667.999767536472064	1265.684945485555
1934	20220330_08	0	59668.000176877190825	59668.014361692090461	1225.568007328548
1935	20220330_10	0	59668.122792132613540	59668.122796068535536	0.340063660406
1936	20220330_11	0	59668.126347589663055	59668.153840111335739	2375.353872519918
1936	20220330_11	1	59668.154962378423079	59668.166382549396076	986.702772066928
1941	20220330_16	0	59668.333453358165571	59668.374742590116512	3567.389640561305
1942	20220330_17	0	59668.375102548867289	59668.416576669114875	3583.363989391364
1943	20220330_18	0	59668.416706140495080	59668.426146905498172	815.682096267119
1943	20220330_18	1	59668.427021993680682	59668.458165346361056	2690.785671584308
1944	20220330_19	0	59668.458293887197215	59668.487830882564595	2551.996399741620
1944	20220330_19	1	59668.488548968889518	59668.499816579220351	973.521532583982
1945	20220330_20	0	59668.500175272543856	59668.541618037699664	3580.654909461737
1946	20220330_21	0	59668.542000474735687	59668.583110845451301	3551.936029829085
1947	20220330_22	0	59668.583660307376704	59668.600774949962215	1478.705119388178
1947	20220330_22	1	59668.604965865248232	59668.611115015679388	531.286597251892
1947	20220330_22	2	59668.613227090238070	59668.624960203458613	1013.740982254967
1948	20220330_23	0	59668.625480244088976	59668.653402305666532	2412.466120300815
1948	20220330_23	1	59668.654474078044586	59668.666281152785814	1020.131257642061
1949	20220331_00	0	59668.666795381883276	59668.707776192575693	3540.742043824866
1950	20220331_01	0	59668.708309651148738	59668.749756171237095	3580.979335634038
1951	20220331_02	0	59668.750301289212075	59668.791098175206571	3524.850949924439
1952	20220331_03	0	59668.791635319452325	59668.832886891963426	3564.135864959098
1953	20220331_04	0	59668.833401515657897	59668.874942380032735	3589.130681985989
1954	20220331_05	0	59668.875457758098491	59668.916507692461892	3546.714328997768
1955	20220331_06	0	59668.917028151867271	59668.958072690846166	3546.248167776503
1956	20220331_07	0	59668.958593657116580	59668.999788051100040	3559.195640170947
1963	20220331_16	0	59669.333228243092890	59669.374390453391243	3556.414969777688
1964	20220331_17	0	59669.374884055236180	59669.416136468731565	3564.208526001312
1965	20220331_18	0	59669.416602334698837	59669.457652009172307	3546.691874507815
1966	20220331_19	0	59669.458122687370633	59669.460987187929277	247.492848266847
1966	20220331_19	1	59669.468409270120901	59669.469552645772637	98.787656310014
1966	20220331_19	2	59669.473593742892263	59669.499274672918546	2218.832354270853
1967	20220331_20	0	59669.499803477163368	59669.500388322718209	50.530655938201
1967	20220331_20	1	59669.502595263169496	59669.512098245024390	821.057632262819
1967	20220331_20	2	59669.516922811235418	59669.521423054269690	388.820998161100
1967	20220331_20	3	59669.524862152975402	59669.541146716604999	1406.986297597177
1968	20220331_21	0	59669.541690053483762	59669.554108299475047	1072.936453646980
1968	20220331_21	1	59669.555215061060153	59669.582967197842663	2397.784618008882
1969	20220331_22	0	59669.583513658420998	59669.624368425342254	3529.851861996576
1970	20220331_23	0	59669.624894701570156	59669.666382610608707	3584.555340930820
1971	20220401_00	0	59669.666891210355971	59669.707873300445499	3540.852583735250
1972	20220401_01	0	59669.708397464688460	59669.729447190882638	1818.696343176998
1972	20220401_01	1	59669.730561932163255	59669.749226354833809	1612.606118735857
1973	20220401_02	0	59669.749752581825305	59669.790946134053229	3559.122912492603
1974	20220401_03	0	59669.791501859406708	59669.832634213540587	3553.835397167131
1975	20220401_04	0	59669.833179212844698	59669.874352545979491	3557.375982846133
1976	20220401_05	0	59669.874906945638941	59669.916212028641894	3568.759171455167
1977	20220401_06	0	59669.916765289279283	59669.957716984856233	3538.226497848518
1978	20220401_07	0	59669.958283027379366	59669.999454977587448	3557.256497978233
1979	20220401_08	0	59670.000023734253773	59670.008053289675445	693.753588432446
1980	20220401_10	0	59670.120347130839946	59670.124373459737399	347.874816739932
1981	20220401_11	0	59670.124935996987915	59670.166120222194877	3558.317057881504
1986	20220401_16	0	59670.333071532397298	59670.374429977186082	3573.369629750960
1987	20220401_17	0	59670.374965047012665	59670.416120125286398	3555.798762850463
1988	20220401_18	0	59670.416637731890660	59670.457615521387197	3540.481012500823
1989	20220401_19	0	59670.458162687580625	59670.499537380055699	3574.773429846391
1990	20220401_20	0	59670.500100122568256	59670.524431037898466	2102.191084530205
1990	20220401_20	1	59670.525585779556422	59670.541085049277171	1339.136903872713
1991	20220401_21	0	59670.541635344787210	59670.582811575928645	3557.626370619982
1992	20220401_22	0	59670.583366784310783	59670.584002094074094	54.890763550065
1992	20220401_22	1	59670.591045849920192	59670.595311771852721	368.575654970482
1992	20220401_22	2	59670.597504983139515	59670.624321602503187	2316.955913021229
1993	20220401_23	0	59670.625500599468069	59670.666343429409608	3528.820506948978
1994	20220402_00	0	59670.666894026173395	59670.707668446491880	3522.909915517084
1995	20220402_01	0	59670.708237271166581	59670.749585118064715	3572.453971998766
1996	20220402_02	0	59670.750155138164700	59670.791380650509382	3561.884266580455
1997	20220402_03	0	59670.791396194515983	59670.796849509126332	471.166382334195
1997	20220402_03	1	59670.798034562169050	59670.832558048590727	2982.829226832837
1998	20220402_04	0	59670.833148161545978	59670.874211493464827	3547.871877788566
1999	20220402_05	0	59670.874807000269357	59670.885053815472929	885.324833588675
1999	20220402_05	1	59670.886248959039222	59670.915835779203917	2556.301262229681
2000	20220402_06	0	59670.916434761114942	59670.957565033233550	3553.655511047691
2001	20220402_07	0	59670.958155558604631	59670.999311504470825	3555.873722839169
2002	20220402_08	0	59670.999895606502832	59671.005949272774160	523.036765842699
2002	20220402_08	1	59671.011369602703780	59671.011373812121747	0.363693712279
2003	20220402_10	0	59671.118173191796814	59671.124172174349951	518.312092591077
2004	20220402_11	0	59671.124743060456240	59671.166375651693670	3597.055882913992
2009	20220402_16	0	59671.333322837483138	59671.374309662227461	3541.261657909490
2010	20220402_17	0	59671.374863669530896	59671.416271801805124	3577.662628493272
2011	20220402_18	0	59671.416802729145274	59671.424028960762371	624.346411717124
2011	20220402_18	1	59671.426597112193122	59671.427855878260743	108.757388242520
2011	20220402_18	2	59671.431850472923543	59671.439068829131429	623.665976361372
2011	20220402_18	3	59671.440979284547211	59671.457858371242764	1458.353090495802
2012	20220402_19	0	59671.458417944813846	59671.499619492788042	3559.813744970597
2013	20220402_20	0	59671.500195728440303	59671.540947550784040	3520.957450498827
2014	20220402_21	0	59671.541528604531777	59671.583048141837935	3587.288023252040
2015	20220402_22	0	59671.583623669946974	59671.624155287405301	3501.931748399511
2016	20220402_23	0	59671.624729318682512	59671.666395994398044	3600.000781822018
2017	20220403_00	0	59671.666961721421103	59671.707919676009624	3538.767276448198
2018	20220403_01	0	59671.708489723925595	59671.749330368191295	3528.631664556451
2019	20220403_02	0	59671.749897819965554	59671.791238037323637	3571.794779738411
2020	20220403_03	0	59671.791819792939350	59671.832965527799388	3554.991491907276
2021	20220403_04	0	59671.833542717664386	59671.874556128750555	3543.558717845008
2022	20220403_05	0	59671.875129525047669	59671.915936877128843	3525.755219813436
2023	20220403_06	0	59671.916519827020238	59671.957872530612804	3572.873590397649
2024	20220403_07	0	59671.958453385450412	59671.999716423648351	3565.126500301994
2025	20220403_08	0	59671.999721789499745	59672.002699698721699	257.291356776841
2026	20220403_10	0	59672.115429644720280	59672.124251801942592	762.234384007752
2027	20220403_11	0	59672.124830337175808	59672.166309211941552	3583.774779760279
2032	20220403_16	0	59672.333086724072928	59672.374196638098510	3551.896571810357
2033	20220403_17	0	59672.374717308885010	59672.415940544247860	3561.687535350211
2034	20220403_18	0	59672.416444120783126	59672.457964173358050	3587.332542473450
2035	20220403_19	0	59672.458490865879867	59672.499614215354086	3553.057394572534
2036	20220403_20	0	59672.500163323224115	59672.540851428078895	3515.452259453014
2037	20220403_21	0	59672.541405457515793	59672.582853584746772	3581.118192756549
2038	20220403_22	0	59672.583408957594656	59672.624476218050404	3548.211303376593
2039	20220403_23	0	59672.625011494805221	59672.637565585784614	1084.673460619524
2039	20220403_23	1	59672.638689472194528	59672.648275015009858	828.190899244510
2039	20220403_23	2	59672.649393411200435	59672.666083371696004	1442.012586817145
2040	20220404_00	0	59672.666615398062277	59672.707695001066895	3549.277699599043
2041	20220404_01	0	59672.708254767167091	59672.749265817357809	3543.354736478068
2042	20220404_02	0	59672.749835102498764	59672.791266034997534	3579.632567893714
2043	20220404_03	0	59672.791842719874694	59672.832542889955221	3516.494694957510
2044	20220404_04	0	59672.833113792730728	59672.874275314046827	3556.355441710912
2045	20220404_05	0	59672.874852066226595	59672.916082250245381	3562.287899223156
2046	20220404_06	0	59672.916651042462036	59672.958023395251075	3574.571280973032
2047	20220404_07	0	59672.958590393580380	59672.999458665392012	3531.018684525043
2048	20220404_08	0	59673.000024895154638	59673.000053518764616	2.473079902120
2049	20220404_10	0	59673.112554519597325	59673.124410668860946	1024.371296376921
2050	20220404_11	0	59673.124977446663252	59673.166358084883541	3575.287142232992
2055	20220404_16	0	59673.333577895369672	59673.374355424581154	3523.178523872048
2056	20220404_17	0	59673.374915864231298	59673.415050535892078	3467.635631491430
2056	20220404_17	1	59673.416182063563610	59673.416253773248172	6.195716746151
2057	20220404_18	0	59673.416783696338825	59673.458007447785349	3561.732124979608
2058	20220404_19	0	59673.458563097316073	59673.499620020396833	3547.318154177628
2059	20220404_20	0	59673.500189024758583	59673.540815549065883	3510.131700150669
2060	20220404_21	0	59673.541389709032956	59673.581102428899612	3431.178996479139
2060	20220404_21	1	59673.582291119135334	59673.582968137372518	58.494375692680
2061	20220404_22	0	59673.583536697842646	59673.624726882982941	3558.831996121444
2062	20220404_23	0	59673.625284175854176	59673.665947236011561	3513.288397598080
2063	20220405_00	0	59673.666498319813400	59673.707806720027293	3569.045778480358
2064	20220405_01	0	59673.708395721638226	59673.749639917783497	3563.498546951450
2065	20220405_02	0	59673.750246653653448	59673.791364648037415	3552.594714774750
2066	20220405_03	0	59673.791977225693699	59673.809450999608089	1509.734066203237
2066	20220405_03	1	59673.810674694708723	59673.832454439369030	1881.769938650541
2067	20220405_04	0	59673.833054286704282	59673.874658638262190	3594.615974603221
2068	20220405_05	0	59673.875248735472269	59673.916224636101106	3540.317814331502
2069	20220405_06	0	59673.916811460556346	59673.957705899440043	3533.279519551434
2070	20220405_07	0	59673.958297398785362	59673.997422664935584	3380.422995379195
2071	20220405_10	0	59674.109850927008665	59674.124519769255130	1267.387970094569
2072	20220405_11	0	59674.125101592217106	59674.165943157990114	3528.711282787845
2077	20220405_16	0	59674.333124452612537	59674.341013007709989	681.571160419844
2077	20220405_16	1	59674.342181183499633	59674.374196819720964	2766.150969523005
2078	20220405_17	0	59674.374748729118437	59674.416129731565889	3575.318611459807
2079	20220405_18	0	59674.416663315125334	59674.457848190475488	3558.373230253346
2080	20220405_19	0	59674.458430689614033	59674.470230184480897	1019.476356497034
2080	20220405_19	1	59674.480737860016234	59674.480761630853522	2.053800341673
2080	20220405_19	2	59674.481984626698249	59674.499477525590919	1511.386464326642
2081	20220405_20	0	59674.500069923495175	59674.511950694701227	1026.498632202856
2081	20220405_20	1	59674.513183340706746	59674.541341791853483	2432.890179078095
2082	20220405_21	0	59674.541940981020161	59674.582832124768174	3532.994819828309
2083	20220405_22	0	59674.583424826108967	59674.620112175951363	3169.787026382983
2083	20220405_22	1	59674.621324549771089	59674.624539988464676	277.813903125934
2084	20220405_23	0	59674.625112292589620	59674.649175438033126	2079.055766318925
2084	20220405_23	1	59674.650382412357430	59674.666215246339561	1367.956856056117
2085	20220406_00	0	59674.666786349633185	59674.707784712765715	3542.258574650623
2086	20220406_01	0	59674.708377162933175	59674.749647629119863	3565.768278529868
2087	20220406_02	0	59674.750264009468083	59674.765412959728565	1308.869302505627
2087	20220406_02	1	59674.766649543387757	59674.772366869736288	493.976996513084
2087	20220406_02	2	59674.773606554066646	59674.791332404500281	1531.513477466069
2088	20220406_03	0	59674.791934274144296	59674.795754992715956	330.110084591433
2088	20220406_03	1	59674.796988195754238	59674.832427447363443	3061.951339035295
2089	20220406_04	0	59674.833028243447188	59674.874657295862562	3596.750128688291
2090	20220406_05	0	59674.875265290815150	59674.916142115594994	3531.757660978474
2091	20220406_06	0	59674.916740280845261	59674.957815712790762	3548.917320091277
2092	20220406_07	0	59674.958407886362693	59674.994449727848405	3114.015104365535
2092	20220406_07	1	59674.996970265769050	59674.996974655157828	0.379243190400
2097	20220406_17	0	59675.400347941438667	59675.414237386743480	1200.048074335791
2097	20220406_17	1	59675.416342592761794	59675.416400404872547	4.994966369122
2098	20220406_18	0	59675.416972056736995	59675.458034062605293	3547.757307020947
2099	20220406_19	0	59675.458030994195724	59675.499268004081387	3562.877654121257
2100	20220406_20	0	59675.499866902158828	59675.540871647302993	3542.809980455786
2101	20220406_21	0	59675.541490747935313	59675.582657296763500	3556.789818755351
2102	20220406_22	0	59675.583269214708707	59675.624668411612220	3576.890612463467
2103	20220406_23	0	59675.625255794846453	59675.666145259827317	3532.849774346687
2104	20220407_00	0	59675.666741929439013	59675.707647794966761	3534.266781597398
2105	20220407_01	0	59675.708265190864040	59675.749709567760874	3580.794163886458
2106	20220407_02	0	59675.749709865325713	59675.791007592881215	3568.123660795391
2107	20220407_03	0	59675.791629869076132	59675.832785398044507	3555.837702867575
2108	20220407_04	0	59675.833409264749207	59675.874452497766470	3546.135332691483
2109	20220407_05	0	59675.875067147157097	59675.915988396038301	3535.595903336070
2110	20220407_06	0	59675.916603711993957	59675.957526488040457	3535.727850417607
2111	20220407_07	0	59675.958160690301156	59675.992688832942804	2983.231524238363
2112	20220407_19	0	59676.461531034547079	59676.499146761823795	3249.998836708255
2113	20220407_20	0	59676.499755153323349	59676.541196047241101	3580.493234493770
2114	20220407_21	0	59676.541788430884480	59676.582753894610505	3539.416065928526
2115	20220407_22	0	59676.583344915248745	59676.605489043562557	1913.252686313353
2115	20220407_22	1	59676.606679636191984	59676.624429061565024	1533.550352230668
2116	20220407_23	0	59676.624976394465193	59676.647756930215110	1968.238288792782
2116	20220407_23	1	59676.648936837256770	59676.665985966319568	1473.044751025736
2117	20220408_00	0	59676.666572489382816	59676.707495777154691	3535.772063490003
2118	20220408_01	0	59676.708073870766384	59676.749463546017068	3576.067941659130
2119	20220408_02	0	59676.750056945253164	59676.791252702212660	3559.313401300460
2120	20220408_03	0	59676.791843996768876	59676.832862676281366	3544.013909879141
2121	20220408_04	0	59676.833468325130525	59676.874309477025236	3528.675523702987
2122	20220408_05	0	59676.874903713425738	59676.890992589309462	1390.078876353800
2122	20220408_05	1	59676.892198203189764	59676.916309145752166	2083.185437391512
2123	20220408_06	0	59676.916899541327439	59676.957697900987114	3524.978274595924
2124	20220408_07	0	59676.958292130242626	59676.973765928400098	1336.936160805635
2124	20220408_07	1	59676.976110072020674	59676.989701226761099	1174.275769572705
2125	20220408_16	0	59677.343462749086029	59677.347755063412478	370.855957805179
2125	20220408_16	1	59677.350144683077815	59677.361143200876541	950.271937809885
2125	20220408_16	2	59677.362329899122415	59677.374604753167660	1060.547389509156
2126	20220408_17	0	59677.375160197072546	59677.416351214676979	3558.903921023011
2127	20220408_18	0	59677.416911850530596	59677.457585023301363	3514.162127394229
2128	20220408_19	0	59677.458166798205639	59677.499630686201272	3582.479922822677
2129	20220408_20	0	59677.500226853473578	59677.526926857637591	2306.880359770730
2129	20220408_20	1	59677.528148535733635	59677.541247626337281	1131.761428155005
2130	20220408_21	0	59677.541847708205751	59677.577475342259277	3078.227582224645
2130	20220408_21	1	59677.578695718453673	59677.582479367491032	326.907276827842
2131	20220408_22	0	59677.583077354305715	59677.624540886856266	3582.449212367646
2132	20220408_23	0	59677.625100028461020	59677.666074653228861	3540.207579941489
2133	20220409_00	0	59677.666659068265290	59677.707712371360685	3547.005387442186
2134	20220409_01	0	59677.708318175267777	59677.749319325725082	3542.499399511144
2135	20220409_02	0	59677.749927443626802	59677.791337270515214	3577.809043158777
2136	20220409_03	0	59677.791940874536522	59677.832628945012402	3515.449289116077
2137	20220409_04	0	59677.833219811749586	59677.874427316775837	3560.328434268013
2138	20220409_05	0	59677.875008248753147	59677.916227815818274	3561.370594426990
2139	20220409_06	0	59677.916793174932536	59677.958036066476780	3563.385829422623
2140	20220409_07	0	59677.958076626200636	59677.986935474742495	2493.404514016584
2141	20220409_10	0	59678.098369213992555	59678.124508620247070	2258.444700390100
2142	20220409_11	0	59678.125095526862424	59678.166189595314790	3550.527514284477
2143	20220409_12	0	59678.166807908142800	59678.207708823414578	3533.839079481550
2144	20220409_13	0	59678.208313312752580	59678.249530419889197	3561.158056603745
2145	20220409_14	0	59678.250130912805616	59678.291100262686086	3539.751829672605
2146	20220409_15	0	59678.291681865193823	59678.332982690189965	3568.391279666685
2147	20220409_16	0	59678.333555693541712	59678.374392146557511	3528.269540565088
2148	20220409_17	0	59678.374948041848256	59678.416368263991899	3578.707193210721
2149	20220409_18	0	59678.416907875260222	59678.457979749611695	3548.609943967313
2150	20220409_19	0	59678.458547013731732	59678.494422684460005	3099.657950922847
2150	20220409_19	1	59678.495614372171985	59678.499381393776275	325.470666610636
2151	20220409_20	0	59678.499953724640363	59678.541069584796787	3552.410317515023
2152	20220409_21	0	59678.541651390049083	59678.583008283501840	3573.235594318248
2153	20220409_22	0	59678.583581491620862	59678.624496062599064	3535.018932516687
2154	20220409_23	0	59678.625055794400396	59678.665968522051116	3534.859669022262
2155	20220410_00	0	59678.666559050943761	59678.707481399746030	3535.690936516039
2156	20220410_01	0	59678.708040048375551	59678.735671727423323	2387.377069727518
2156	20220410_01	1	59678.736865983439202	59678.749424910245580	1085.091276071034
2157	20220410_02	0	59678.749998162900738	59678.780006624954694	2592.731121461838
2157	20220410_02	1	59678.781202115242195	59678.791234412768972	866.790506313555
2158	20220410_03	0	59678.791793766620685	59678.832908783966559	3552.337498683482
2159	20220410_04	0	59678.833450953643478	59678.874484386484255	3545.288597443141
2160	20220410_05	0	59678.875021762469260	59678.908564922865480	2898.129058233462
2160	20220410_05	1	59678.909263555964571	59678.916106934251729	591.267884010449
2161	20220410_06	0	59678.916645390658232	59678.957809645165980	3556.591589469463
2162	20220410_07	0	59678.958334307026234	59678.983991602632159	2216.790340351872
2163	20220410_10	0	59679.095100375132461	59679.124636871987605	2551.953328284435
2164	20220410_11	0	59679.125250974764640	59679.166191362717655	3537.249519140460
2165	20220410_12	0	59679.166681025883008	59679.207921307533979	3563.160334643908
2166	20220410_13	0	59679.208061708544847	59679.249606502766255	3589.470220729709
2167	20220410_14	0	59679.249736032586952	59679.291277675307356	3589.197931042872
2168	20220410_15	0	59679.291727579045983	59679.333005636668531	3566.424178588204
2169	20220410_16	0	59679.333133231550164	59679.374692126635637	3590.688535384834
2170	20220410_17	0	59679.375104877050035	59679.416332136868732	3562.035248335451
2171	20220410_18	0	59679.416730828052096	59679.457916668492544	3558.456614054739
2172	20220410_19	0	59679.458052204980049	59679.499457852529304	3577.447948255576
2173	20220410_20	0	59679.499898155889241	59679.529001456132391	2514.525141008198
2173	20220410_20	1	59679.529757992509985	59679.540940910112113	966.204080823809
2174	20220410_21	0	59679.541375015520316	59679.583030888876237	3599.067457951605
2175	20220410_22	0	59679.583158935376559	59679.624345815158449	3558.546413155273
2176	20220410_23	0	59679.624765056069009	59679.666016384442628	3564.114771480672
2177	20220411_00	0	59679.666438915424806	59679.707652285644144	3560.835186950862
2178	20220411_01	0	59679.708086816688592	59679.749289504878107	3559.912259574048
2179	20220411_02	0	59679.749721091175161	59679.762140316270234	1073.021048214287
2179	20220411_02	1	59679.762930450146087	59679.791226930494304	2444.815902085975
2180	20220411_03	0	59679.791411472047912	59679.832710124843288	3568.203601520509
2181	20220411_04	0	59679.833147925652156	59679.874394828104414	3563.732371875085
2182	20220411_05	0	59679.874818983786099	59679.916041871547350	3561.657502572052
2183	20220411_06	0	59679.916460420950898	59679.957699018123094	3563.014795677736
2184	20220411_07	0	59679.958128021738958	59679.981561043809052	2024.613106856123
2185	20220411_10	0	59680.090081726157223	59680.090085987772909	0.368203595281
2185	20220411_10	1	59680.093117134900240	59680.093727630228386	52.746796351857
2185	20220411_10	2	59680.094515188720834	59680.124669478042051	2605.330597353168
2186	20220411_11	0	59680.124845283389732	59680.166084680997301	3563.083953293972
2187	20220411_12	0	59680.166519463251461	59680.181056322246150	1255.984617141075
2187	20220411_12	1	59680.181820060111932	59680.198551209672587	1445.571322040632
2187	20220411_12	2	59680.199314241493994	59680.207704308719258	724.901808262803
2188	20220411_13	0	59680.208132438929169	59680.249603895135806	3583.133816253394
2189	20220411_14	0	59680.250029897986678	59680.291000226752658	3539.836405380629
2190	20220411_15	0	59680.291426853735175	59680.332840246657724	3578.117148508318
2191	20220411_16	0	59680.333283817730262	59680.374717572922236	3579.876448586583
2192	20220411_17	0	59680.375121077719086	59680.416138840140775	3543.934673233889
2193	20220411_18	0	59680.416565976709535	59680.457856637272926	3567.513072676957
2194	20220411_19	0	59680.458313198440010	59680.499356688764237	3546.157564013265
2195	20220411_20	0	59680.499825942417374	59680.541155735998473	3570.894165406935
2196	20220411_21	0	59680.541598851115850	59680.583032443311822	3579.862365731969
2197	20220411_22	0	59680.583177919208538	59680.624608364676533	3579.590488434769
2198	20220411_23	0	59680.624731849689852	59680.666281601494120	3589.898555888794
2199	20220412_00	0	59680.666702099726535	59680.707722448438290	3544.158128695562
2200	20220412_01	0	59680.708158591740357	59680.749634631829394	3583.529863692820
2201	20220412_02	0	59680.750068766414188	59680.791229740680137	3556.308176578023
2202	20220412_03	0	59680.791382318675460	59680.812632018911245	1835.974100371823
2202	20220412_03	1	59680.813399886894331	59680.832950879928831	1689.205798180774
2203	20220412_04	0	59680.833388442268188	59680.874565870391962	3557.729789894074
2204	20220412_05	0	59680.874994276484358	59680.916206183923350	3560.708802728914
2205	20220412_06	0	59680.916646538433270	59680.938734775525518	1908.423684770241
2205	20220412_06	1	59680.939502440043725	59680.957909466924320	1590.367122483440
2206	20220412_07	0	59680.958354181071627	59680.978177456257981	1712.730976101011
2207	20220412_10	0	59681.090853995796351	59681.107497203956882	1437.973185069859
2207	20220412_10	1	59681.108565990645729	59681.117747702388442	793.299894570373
2207	20220412_10	2	59681.122145972723956	59681.124613718595356	213.213243288919
2208	20220412_11	0	59681.125220985726628	59681.165793265528919	3505.444974917918
2209	20220412_12	0	59681.166401389564271	59681.207503128265671	3551.190223800950
2210	20220412_13	0	59681.208101408010407	59681.249528650769207	3579.313774360344
2211	20220412_14	0	59681.250127318868181	59681.290843205330020	3517.852590302937
2212	20220412_15	0	59681.291424544921028	59681.332926571703865	3585.775114037097
2213	20220412_16	0	59681.333503886402468	59681.374342761278967	3528.478789329529
2214	20220412_17	0	59681.374870613079111	59681.415961976912513	3550.293835205957
2215	20220412_18	0	59681.416490972515021	59681.427435858568060	945.638154982589
2215	20220412_18	1	59681.428578472346999	59681.457678669939924	2514.257072028704
2216	20220412_19	0	59681.458228013085318	59681.468608033967030	896.833804179914
2216	20220412_19	1	59681.469783634856867	59681.499698332052503	2584.629837702960
2217	20220412_20	0	59681.500286119284283	59681.541236656863475	3538.126446842216
2218	20220412_21	0	59681.541821917518973	59681.582475493538368	3512.468968075700
2219	20220412_22	0	59681.583051780144160	59681.624601666633680	3589.910192694515
2220	20220412_23	0	59681.625155905843712	59681.666080611197685	3535.894542583264
2221	20220413_00	0	59681.666651765212009	59681.707540773495566	3532.810315699317
2222	20220413_01	0	59681.708118896487576	59681.749587354497635	3582.874772069044
2223	20220413_02	0	59681.750176741443283	59681.790921323263319	3520.331869251095
2224	20220413_03	0	59681.791516102697642	59681.832729517976986	3560.839080135338
2225	20220413_04	0	59681.833339243057708	59681.874443597575009	3551.416230294853
2226	20220413_05	0	59681.875033922297007	59681.916020196251338	3541.214069654234
2227	20220413_06	0	59681.916606160084484	59681.957566676181159	3538.988590752706
2228	20220413_07	0	59681.958163572649937	59681.975889689609176	1531.536505278200
2229	20220413_10	0	59682.087867948946950	59682.124408271803986	3157.083894847892
2230	20220413_11	0	59682.125007223447028	59682.166359571543580	3572.842875542119
2231	20220413_12	0	59682.166361493174918	59682.207564478150744	3559.937901911326
2232	20220413_13	0	59682.208152798310039	59682.249625374483003	3583.230581344105
2233	20220413_14	0	59682.250208160301554	59682.290812968058162	3508.255390170962
2234	20220413_15	0	59682.291381853334315	59682.332670229639916	3567.315712803975
2235	20220413_16	0	59682.333225579815917	59682.374263343852363	3545.662812748924
2236	20220413_17	0	59682.374798633783939	59682.416394583153306	3593.890025513247
2237	20220413_18	0	59682.416366224242665	59682.457826497127826	3582.167577277869
2238	20220413_19	0	59682.458388789185847	59682.499435165176692	3546.406885609031
2239	20220413_20	0	59682.499996614780684	59682.541240243474022	3563.449519104324
2240	20220413_21	0	59682.541787735543039	59682.582796652881370	3543.170458031818
2241	20220413_22	0	59682.583337970791035	59682.624238415242871	3533.798400638625
2242	20220413_23	0	59682.624762270163046	59682.666095294349361	3571.173289697617
2243	20220414_00	0	59682.666634820190666	59682.707552766973095	3535.310602001846
2244	20220414_01	0	59682.708103068922355	59682.749490687914658	3575.890280934982
2245	20220414_02	0	59682.750047501933295	59682.791307087514724	3564.828194235452
2246	20220414_03	0	59682.791870379551256	59682.832471905472630	3507.971839606762
2247	20220414_04	0	59682.833047458261717	59682.833058694319334	0.970795378089
2247	20220414_04	1	59682.834221549055655	59682.874144523091672	3449.344956711866
2248	20220414_05	0	59682.874719793799159	59682.915806134253216	3549.859815230593
2249	20220414_06	0	59682.916368647594936	59682.957501857345051	3553.909322409891
2250	20220414_07	0	59682.958057084062602	59682.973398128109693	1325.466205668636
2250	20220414_07	1	59682.977516097962507	59682.977520281521720	0.361459515989
2251	20220414_10	0	59683.084997362893773	59683.124597766334773	3421.474857302383
2252	20220414_11	0	59683.125126988619741	59683.165834507999534	3517.129674414173
2253	20220414_12	0	59683.166361491712451	59683.207903046903084	3589.190368470736
2254	20220414_13	0	59683.208417949055729	59683.249609348051308	3558.936873218045
2255	20220414_14	0	59683.250101739198726	59683.291365760524059	3565.211442508735
2256	20220414_15	0	59683.291851050656987	59683.332645609290921	3524.649865971878
2257	20220414_16	0	59683.333126514684409	59683.374327816483856	3559.792475472204
2258	20220414_17	0	59683.374795742660353	59683.416377904941328	3592.698821076192
2259	20220414_18	0	59683.416409525394556	59683.418153791470104	150.704588927329
2259	20220414_18	1	59683.419177893752931	59683.458036673502647	3357.398570375517
2260	20220414_19	0	59683.458506147188018	59683.499300695380953	3524.648963869549
2261	20220414_20	0	59683.499781411490403	59683.541299592165160	3587.170810298994
2262	20220414_21	0	59683.541779519808188	59683.565018375156797	2007.837102119811
2262	20220414_21	1	59683.566064525315596	59683.583013484188996	1464.390046661720
2263	20220414_22	0	59683.583469099212380	59683.624267457904352	3524.978190986440
2264	20220414_23	0	59683.624734149823780	59683.666141931826132	3577.632365003228
2265	20220415_00	0	59683.666623964338214	59683.708010461719823	3575.793373771012
2266	20220415_01	0	59683.708508935626014	59683.749215380492387	3517.036836454645
2267	20220415_02	0	59683.749724654895545	59683.791338960923895	3595.476040849462
2268	20220415_03	0	59683.791845987856505	59683.832892595331941	3546.426885877736
2269	20220415_04	0	59683.833400377836369	59683.874436831043568	3545.549557101913
2270	20220415_05	0	59683.874938337394269	59683.916332724293170	3576.475028065033
2271	20220415_06	0	59683.916841791244224	59683.957616777217481	3522.958788089454
2272	20220415_07	0	59683.958120502044039	59683.970247336699686	1047.758514247835
2273	20220415_09	0	59684.075817709330295	59684.075818708508450	0.086328992620
2274	20220415_10	0	59684.084958802057372	59684.124251372981234	3394.878127821721
2275	20220415_11	0	59684.124822966201464	59684.165792245621560	3539.745741896331
2276	20220415_12	0	59684.166358575690538	59684.181290252774488	1290.096900053322
2276	20220415_12	1	59684.182418756150582	59684.207639302090683	2179.055169224739
2277	20220415_13	0	59684.208188208598585	59684.249217981174297	3544.972350541502
2278	20220415_14	0	59684.249778059951495	59684.291166177456034	3575.933352392167
2279	20220415_15	0	59684.291714133018104	59684.332903606744367	3558.770529949106
2280	20220415_16	0	59684.333430101542035	59684.362057855236344	2473.437919188291
2280	20220415_16	1	59684.363115510568605	59684.374393675148895	974.433419737034
2281	20220415_17	0	59684.374887307043537	59684.415949684989755	3547.789454553276
2282	20220415_18	0	59684.416437049432716	59684.457826098449004	3576.013835007325
2283	20220415_19	0	59684.458335951436311	59684.499418030696688	3549.491648096591
2284	20220415_20	0	59684.499934965031571	59684.541248588939197	3569.497105618939
2285	20220415_21	0	59684.541755803518754	59684.582776775117964	3544.211946171708
2286	20220415_22	0	59684.583262734333402	59684.624526761137531	3565.211915876716
2287	20220415_23	0	59684.625010727402696	59684.666142984540784	3553.827016730793
2288	20220416_00	0	59684.666649330094515	59684.707704962151183	3547.206609696150
2289	20220416_01	0	59684.708267403882928	59684.749187688925304	3535.512627661228
2290	20220416_02	0	59684.749723884451669	59684.791155441562296	3579.686534358189
2291	20220416_03	0	59684.791697265005496	59684.833020654667052	3570.340866758488
2292	20220416_04	0	59684.833055228729791	59684.874349529789470	3567.827611556277
2293	20220416_05	0	59684.874885191158683	59684.916168221665430	3566.853835782968
2294	20220416_06	0	59684.916702341957716	59684.958001657942077	3568.260901048779
2295	20220416_07	0	59684.958036955373245	59684.966649039248296	744.084046804346
2295	20220416_07	1	59684.967759501283581	59684.967763508691860	0.346240075305
2296	20220416_09	0	59685.078668317684787	59685.082728896944900	350.834048073739
2297	20220416_10	0	59685.083262269588886	59685.124175215496507	3534.878526418470
2298	20220416_11	0	59685.124716218146204	59685.166193197270331	3583.610996324569
2299	20220416_12	0	59685.166713435261045	59685.208020634003333	3568.941971333697
2300	20220416_13	0	59685.208067024133925	59685.249674715014407	3594.904492073692
2301	20220416_14	0	59685.250205559590540	59685.291032990986423	3527.490072604269
2302	20220416_15	0	59685.291523179468641	59685.332722345134243	3559.607913508080
2303	20220416_16	0	59685.333204417460365	59685.374492082846700	3567.254289379343
2304	20220416_17	0	59685.374953505044687	59685.411211030288541	3132.650181069039
2304	20220416_17	1	59685.412237292221107	59685.416283254417067	349.571133730933
2305	20220416_18	0	59685.416749306888960	59685.457576589833479	3527.477246406488
2306	20220416_19	0	59685.458060924516758	59685.499652423073712	3593.505475320853
2307	20220416_20	0	59685.499695968988817	59685.508848372293869	790.767645556480
2307	20220416_20	1	59685.509905100108881	59685.541375473600056	2719.040269637480
2308	20220416_21	0	59685.541444143884291	59685.582827734040620	3575.542189506814
2309	20220416_22	0	59685.583262037151144	59685.624400856315333	3554.393975785933
2310	20220416_23	0	59685.624827317515155	59685.666092279665463	3565.292729786597
2311	20220417_00	0	59685.666530095615599	59685.707793436951761	3565.152691444382
2312	20220417_01	0	59685.708241215121234	59685.749418439590954	3557.712194183841
2313	20220417_02	0	59685.749857215792872	59685.791304280704935	3581.026408402249
2314	20220417_03	0	59685.791434151025896	59685.832643486268353	3560.486564948224
2315	20220417_04	0	59685.833071105502313	59685.874350635385781	3566.551381931640
2316	20220417_05	0	59685.874790280344314	59685.892066642081772	1492.677654116414
2316	20220417_05	1	59685.893080325513438	59685.916099260437477	1988.835977436975
2317	20220417_06	0	59685.916546780652425	59685.957873605941131	3570.637704944238
2318	20220417_07	0	59685.958321808633627	59685.965201253478881	594.384034629911
2319	20220417_09	0	59686.074760070965567	59686.074761510062672	0.124337989837
2319	20220417_09	1	59686.077078361900931	59686.082887736469274	501.929962704889
2320	20220417_10	0	59686.083462395421520	59686.124676042680221	3560.859123151749
2321	20220417_11	0	59686.125238200133026	59686.147306701255729	1906.718497001566
2321	20220417_11	1	59686.148441449717211	59686.165922200932982	1510.336905042641
2322	20220417_12	0	59686.166482200860628	59686.207787716775783	3568.796575069427
2323	20220417_13	0	59686.208356509298028	59686.249589527193166	3562.532746139914
2324	20220417_14	0	59686.250159043447638	59686.291307077779493	3555.190166272223
2325	20220417_15	0	59686.291870160435792	59686.333034147857688	3556.568513251841
2326	20220417_16	0	59686.333583935193019	59686.374634083549608	3546.732818009332
2327	20220417_17	0	59686.375151569453010	59686.416281646983407	3553.638698626310
2328	20220417_18	0	59686.416824203632132	59686.458024755629594	3559.727692580782
2329	20220417_19	0	59686.458563659420179	59686.467336704787158	757.991119707003
2329	20220417_19	1	59686.468463212469942	59686.499459389844560	2678.069725167006
2330	20220417_20	0	59686.499998622442945	59686.541143225571432	3554.893710301258
2331	20220417_21	0	59686.541670140919450	59686.583014649411780	3572.165533737279
2332	20220417_22	0	59686.583029286892270	59686.624547623701801	3587.184300343506
2333	20220417_23	0	59686.625053966949054	59686.665996436902788	3537.429404002614
2334	20220418_00	0	59686.666516668716213	59686.707552504194609	3545.496185333468
2335	20220418_01	0	59686.708082410616043	59686.749601051516947	3587.210573838092
2336	20220418_02	0	59686.750127778359456	59686.790913405639003	3523.878196952865
2337	20220418_03	0	59686.791450306867773	59686.832686332563753	3562.792620132677
2338	20220418_04	0	59686.833269817958353	59686.874325883443817	3547.244057944044
2339	20220418_05	0	59686.874876415487961	59686.916066785648582	3558.847981877625
2340	20220418_06	0	59686.916621786585893	59686.957816403082688	3559.214865323156
2341	20220418_07	0	59686.958386415375571	59686.962531476645381	358.133293711580
2342	20220418_09	0	59687.074184840290400	59687.082505424339615	718.898461852223
2343	20220418_10	0	59687.083093999244738	59687.124576018017251	3584.046421945095
2344	20220418_11	0	59687.125141375763633	59687.165856526451535	3517.789019434713
2345	20220418_12	0	59687.166433941703872	59687.207696109704557	3565.051315259188
2346	20220418_13	0	59687.208275581528142	59687.249519918193982	3563.510687928647
2347	20220418_14	0	59687.250103013073385	59687.291140956949675	3545.678350911476
2348	20220418_15	0	59687.291697737338836	59687.332676787969831	3540.589974517934
2349	20220418_16	0	59687.333211398668936	59687.374646707772627	3580.010706558824
2350	20220418_17	0	59687.375147226717672	59687.416267048574809	3552.752608456649
2351	20220418_18	0	59687.416792698044446	59687.457526045785926	3519.361244863831
2352	20220418_19	0	59687.458065991086187	59687.499590500905470	3587.717648386024
2353	20220418_20	0	59687.500130855522002	59687.541328646031616	3559.489100030623
2354	20220418_21	0	59687.541860947640089	59687.582679287021165	3526.704522524960
2355	20220418_22	0	59687.583194918908703	59687.624237659205392	3546.092761633918
2356	20220418_23	0	59687.624746538778709	59687.665895735117374	3555.290563660674
2357	20220419_00	0	59687.666415810257604	59687.707540200084622	3553.147281054407
2358	20220419_01	0	59687.708075054273650	59687.749658556705981	3592.814610153437
2359	20220419_02	0	59687.750252898236795	59687.791097675195488	3528.988729231060
2360	20220419_03	0	59687.791618523398938	59687.832981602186919	3573.770007281564
2361	20220419_04	0	59687.833495641716581	59687.874657723637938	3556.403878005221
2362	20220419_05	0	59687.874727435766545	59687.916332044143928	3594.638163805939
2363	20220419_06	0	59687.916379299866094	59687.933003271529742	1436.311151739210
2363	20220419_06	1	59687.934192441382038	59687.957516358415887	2015.186431724578
2364	20220419_07	0	59687.958107533544535	59687.959827105471049	148.571014450863
2364	20220419_07	1	59687.965857149545627	59687.965861234661133	0.352953979746
2365	20220419_09	0	59688.071290747866442	59688.082697448648105	985.538947535679
2366	20220419_10	0	59688.083192371472251	59688.124319809292501	3553.410627669655
2367	20220419_11	0	59688.124824540405825	59688.162321293144487	3239.719436620362
2367	20220419_11	1	59688.163429419015301	59688.165881474931666	211.857631173916
2368	20220419_12	0	59688.166389589780010	59688.207867970289954	3583.732076059096
2369	20220419_13	0	59688.208368983447144	59688.249535358801950	3556.774830655195
2370	20220419_14	0	59688.250015743316908	59688.291189270690666	3557.392765092663
2371	20220419_15	0	59688.291697041509906	59688.332528484104841	3527.836640202440
2372	20220419_16	0	59688.333085185615346	59688.374542496123468	3581.911627901718
2373	20220419_17	0	59688.375002546468750	59688.415544620089349	3502.835160819814
2374	20220419_18	0	59688.416604181518778	59688.457910373559571	3568.854992324486
2375	20220419_19	0	59688.458384036435746	59688.499304705859686	3535.545838228427
2376	20220419_20	0	59688.499882699790760	59688.541180682426784	3568.145699752495
2377	20220419_21	0	59688.541685186602990	59688.582776323833968	3550.274256756529
2378	20220419_22	0	59688.583891222406237	59688.624591598774714	3516.512518236414
2379	20220419_23	0	59688.625126657207147	59688.665886465169024	3521.647407906130
2380	20220420_00	0	59688.666469562813290	59688.707745949141099	3566.279778722674
2381	20220420_01	0	59688.708325466715905	59688.749437945523823	3552.118169004098
2382	20220420_02	0	59688.750019693601644	59688.791005148130353	3541.143271280453
2383	20220420_03	0	59688.791601165277825	59688.832987637295446	3575.791182322428
2384	20220420_04	0	59688.833568998838018	59688.874192817565927	3509.897938091308
2385	20220420_05	0	59688.874775742107886	59688.915986733212776	3560.629631462507
2386	20220420_06	0	59688.916570613902877	59688.956627770159685	3460.938300588168
2387	20220420_09	0	59689.068794912011072	59689.082530773375765	1186.778421909548
2388	20220420_10	0	59689.083092828463123	59689.124299944065569	3560.294788051397
2389	20220420_11	0	59689.124851408181712	59689.166039730742341	3558.671069238335
2390	20220420_12	0	59689.166587271785829	59689.207565737779078	3540.539461816661
2391	20220420_13	0	59689.208099116898666	59689.249273984263709	3557.508540339768
2392	20220420_14	0	59689.249810745030118	59689.291310103835713	3585.544600803405
2393	20220420_15	0	59689.291839353849355	59689.332631193174166	3524.414917663671
2394	20220420_16	0	59689.333155790845922	59689.374530045635765	3574.735613842495
2395	20220420_17	0	59689.375048177105782	59689.415910382347647	3530.494532897137
2396	20220420_18	0	59689.416442370165896	59689.458019210978819	3592.239046236500
2397	20220420_19	0	59689.458562535925012	59689.499164730274060	3508.029591757804
2398	20220420_20	0	59689.499716230740887	59689.541073520653299	3573.269848432392
2399	20220420_21	0	59689.541605094236729	59689.582568678117241	3539.253647276200
2400	20220420_22	0	59689.583082416487741	59689.624700622087403	3595.812963810749
2401	20220420_23	0	59689.625231320678722	59689.666290970526461	3547.553746844642
2402	20220421_00	0	59689.666850008994516	59689.707862486058730	3543.478018348105
2403	20220421_01	0	59689.708414615903166	59689.749315032437153	3533.795988536440
2404	20220421_02	0	59689.749898541398579	59689.784165898410720	2960.699645848945
2404	20220421_02	1	59689.785302343007061	59689.791247356108215	513.649131939746
2405	20220421_03	0	59689.791789143862843	59689.832980898783717	3558.967625163496
2406	20220421_04	0	59689.833027228902210	59689.874684252856241	3599.166869628243
2407	20220421_05	0	59689.875225942087127	59689.916287951557024	3547.757618199103
2408	20220421_06	0	59689.916842836326396	59689.953757346622297	3189.413689565845
2409	20220421_09	0	59690.066115077723225	59690.082505992708320	1416.175054712221
2410	20220421_10	0	59690.083056945630233	59690.124496513555641	3580.378668755293
2411	20220421_11	0	59690.125073861207056	59690.165825242802384	3520.919369836338
2412	20220421_12	0	59690.166402001246752	59690.207482782861916	3549.379531550221
2413	20220421_13	0	59690.208047467327560	59690.249635182757629	3593.178613157943
2414	20220421_14	0	59690.250200472684810	59690.291053848173760	3529.731642245315
2415	20220421_15	0	59690.291600473632570	59690.332842206429632	3563.285713666119
2416	20220421_16	0	59690.333376753835182	59690.374525726496358	3555.271237925626
2417	20220421_17	0	59690.375042956897232	59690.416242802872148	3559.666692232713
2418	20220421_18	0	59690.416774798279221	59690.457572880695807	3524.954320793040
2419	20220421_19	0	59690.458122945528885	59690.499709065377829	3593.040754948743
2420	20220421_20	0	59690.499717746512033	59690.528736250678776	2507.198760006577
2420	20220421_20	1	59690.529859730850148	59690.540945527085569	957.812794740312
2421	20220421_21	0	59690.541471532829746	59690.582879304005473	3577.631429582834
2422	20220421_22	0	59690.583375940506812	59690.624327455232560	3538.210872304626
2423	20220421_23	0	59690.624833573470823	59690.654804797966790	2589.513796451502
2423	20220421_23	1	59690.655928517968277	59690.665941169434518	865.093086683191
2424	20220422_00	0	59690.666477793296508	59690.707606858239160	3553.551211045124
2425	20220422_01	0	59690.708183700771770	59690.708784669644956	51.923710643314
2425	20220422_01	1	59690.709931719429733	59690.725828702263243	1373.499316815287
2425	20220422_01	2	59690.726970617724874	59690.749277303213603	1927.297626226209
2426	20220422_02	0	59690.749849541803997	59690.760393694785307	911.014817585237
2426	20220422_02	1	59690.761554875389265	59690.790781552925182	2525.184939103201
2427	20220422_03	0	59690.791356380475918	59690.832721588129061	3573.953941231593
2428	20220422_04	0	59690.833299671226996	59690.874650521065632	3572.713426058181
2429	20220422_05	0	59690.875207524703001	59690.915962135775771	3521.198396687396
2430	20220422_06	0	59690.916517711171764	59690.951529421014129	3025.011730380356
2431	20220422_09	0	59691.074422830708500	59691.079702932132932	456.200763070956
2432	20220422_10	0	59691.102657898903999	59691.107932024096954	455.684416671284
2433	20220422_11	0	59691.132378477872408	59691.166283089289209	2929.358426411636
2438	20220422_16	0	59691.333316512784222	59691.374413823577925	3550.807652575895
2439	20220422_17	0	59691.374904445772700	59691.416103929332166	3559.635379537940
2440	20220422_18	0	59691.416633123350039	59691.457485985156382	3529.687260068022
2441	20220422_19	0	59691.458043252379866	59691.499196268712694	3555.620611156337
2442	20220422_20	0	59691.499755097465822	59691.541148413758492	3576.382527686656
2443	20220422_21	0	59691.541701547059347	59691.582765331673727	3547.910990682431
2444	20220422_22	0	59691.583297111785214	59691.624516933319683	3561.392580578104
2445	20220422_23	0	59691.625059434067225	59691.666306918603368	3563.782663922757
2446	20220423_00	0	59691.666872572612192	59691.707490510023490	3509.389792336151
2447	20220423_01	0	59691.708050150169584	59691.749185652617598	3554.107411508448
2448	20220423_02	0	59691.749753137177322	59691.791349853512656	3593.956291372888
2449	20220423_03	0	59691.791910538093362	59691.832814396904723	3534.093401301652
2450	20220423_04	0	59691.833368649655313	59691.874687872761569	3569.980876380578
2451	20220423_05	0	59691.874722937776824	59691.915975769799843	3564.244686788879
2452	20220423_06	0	59691.916517750847561	59691.948488902984536	2762.307544634677
2452	20220423_06	1	59691.954273732233560	59691.954277734490461	0.345794996247
2453	20220423_09	0	59692.060598503623623	59692.082681794308883	1907.996315206401
2454	20220423_10	0	59692.083209155367513	59692.124653402002878	3580.782909295522
2455	20220423_11	0	59692.124700500819017	59692.166107339187874	3577.550835069269
2456	20220423_12	0	59692.166676048771478	59692.207920630324224	3563.531846157275
2457	20220423_13	0	59692.208445260548615	59692.249648612800229	3559.969634539448
2458	20220423_14	0	59692.250170994440850	59692.291177805265761	3542.988455272280
2459	20220423_15	0	59692.291707298747497	59692.314001643571828	1926.231392822228
2459	20220423_15	1	59692.315096690690552	59692.332779461772589	1527.791421487927
2460	20220423_16	0	59692.333298036901397	59692.374358611639764	3547.633657394908
2461	20220423_17	0	59692.374857540999074	59692.415984820458107	3553.396945260465
2462	20220423_18	0	59692.416490865165542	59692.436487519138609	1727.710903272964
2462	20220423_18	1	59692.437564722597017	59692.457583388226340	1729.612710373476
2463	20220423_19	0	59692.458094331799657	59692.499394945269160	3568.373003765009
2464	20220423_20	0	59692.499953244565404	59692.541400965259527	3581.083067972213
2465	20220423_21	0	59692.541897157010681	59692.582959524421312	3547.788544278592
2466	20220423_22	0	59692.583445032614691	59692.624714913166827	3565.717679704539
2467	20220423_23	0	59692.625192047060409	59692.665875285267248	3515.031781070866
2468	20220424_00	0	59692.666392989602173	59692.707610436518735	3561.187413590960
2469	20220424_01	0	59692.708123974116461	59692.749275979331287	3555.533250560984
2470	20220424_02	0	59692.749792284019350	59692.790961630184029	3557.031508628279
2471	20220424_03	0	59692.791459623571427	59692.832570019811101	3551.938235107809
2472	20220424_04	0	59692.833080455682648	59692.865443125054298	2796.134633710608
2476	20220424_12	0	59693.166912770211638	59693.207739986464730	3527.471484267153
2477	20220424_13	0	59693.208289817361219	59693.249619199414155	3570.858609373681
2478	20220424_14	0	59693.250168998762092	59693.291270040892414	3551.130040059797
2479	20220424_15	0	59693.291790755880356	59693.332894436141942	3551.357974600978
2480	20220424_16	0	59693.333402088726871	59693.374518965043535	3552.498113759793
2481	20220424_17	0	59693.375016688194592	59693.416612878558226	3593.910847418010
2482	20220424_18	0	59693.417135651012359	59693.458186715011834	3546.811929554678
2483	20220424_19	0	59693.458716217835899	59693.463312713553023	397.137229959480
2483	20220424_19	1	59693.464413690438960	59693.499855671703699	3062.187181273475
2484	20220424_20	0	59693.500402779354772	59693.541169404168613	3522.236383915879
2485	20220424_21	0	59693.541693755068991	59693.583264351174876	3591.699503548443
2486	20220424_22	0	59693.583773159116390	59693.624846015722142	3548.694810736924
2487	20220424_23	0	59693.625372034941392	59693.666507547764922	3554.108307952993
2488	20220425_00	0	59693.667051626347529	59693.708063109719660	3543.392163352109
2489	20220425_01	0	59693.708626183150045	59693.749498226672586	3531.344560347497
2490	20220425_02	0	59693.750061237238697	59693.791443079760938	3575.391193921678
2491	20220425_03	0	59693.791996463689429	59693.833240111933264	3563.451208267361
2492	20220425_04	0	59693.833796718252415	59693.874906952434685	3551.924233348109
2493	20220425_05	0	59693.875461006333353	59693.893163910965086	1529.530960181728
2493	20220425_05	1	59693.894284389243694	59693.916596354742069	1927.753819059581
2494	20220425_06	0	59693.917140870515141	59693.941754231469531	2126.594386459328
2494	20220425_06	1	59693.942865933269786	59693.943441890522081	49.762706598267
2495	20220425_09	0	59694.055052932621038	59694.083105631842045	2423.753212695010
2496	20220425_10	0	59694.083642504134332	59694.124404125810543	3521.804112824611
2497	20220425_11	0	59694.124973499034240	59694.151761220760818	2314.459157176316
2497	20220425_11	1	59694.152848042605910	59694.166581401761505	1186.562231043354
2498	20220425_12	0	59694.166629200612078	59694.208239102088555	3595.095487567596
2499	20220425_13	0	59694.208289131929632	59694.249675926548662	3575.819055084139
2500	20220425_14	0	59694.250172115469468	59694.291615002788603	3580.665464373305
2501	20220425_15	0	59694.291667594909086	59694.333038481527183	3574.444603803568
2502	20220425_16	0	59694.333490867029468	59694.374787548258610	3568.033258197829
2503	20220425_17	0	59694.375231616373640	59694.416345139296027	3552.208380494267
2504	20220425_18	0	59694.416819102014415	59694.458152084982430	3571.169728436507
2505	20220425_19	0	59694.458633227470273	59694.499544729813351	3534.753802441992
2506	20220425_20	0	59694.500038318386942	59694.541213011449145	3557.493480574340
2507	20220425_21	0	59694.541715162304172	59694.583240057138028	3587.750913645141
2508	20220425_22	0	59694.583716783185082	59694.624744536034996	3544.797846232541
2509	20220425_23	0	59694.625254335318459	59694.666348253384058	3550.514520867728
2510	20220426_00	0	59694.666891097098414	59694.707963029388338	3548.614949849434
2511	20220426_01	0	59694.708511945325881	59694.749480837126612	3539.712251583114
2512	20220426_02	0	59694.750048731788411	59694.791443780210102	3576.532183634117
2513	20220426_03	0	59694.792017717642011	59694.832766344065021	3520.681322948076
2514	20220426_04	0	59694.833337966148974	59694.874553169975115	3560.993610578589
2515	20220426_05	0	59694.875116920295113	59694.916262216996984	3554.953635041602
2516	20220426_06	0	59694.916822722334473	59694.940546370642551	2049.723213817924
2517	20220426_09	0	59695.048840630908671	59695.048844615957933	0.344308256172
2517	20220426_09	1	59695.052890064551320	59695.083139551221393	2613.555648294277
2518	20220426_10	0	59695.083704200784268	59695.124505667663470	3525.246738363057
2519	20220426_11	0	59695.125084723164036	59695.166288380976766	3559.996035019867
2520	20220426_12	0	59695.166820854363323	59695.208011096474365	3558.836918394081
2521	20220426_13	0	59695.208540062325483	59695.249540484728641	3542.436495632865
2522	20220426_14	0	59695.250061578073655	59695.291419342349400	3573.310833424330
2523	20220426_15	0	59695.291914134577382	59695.333025922562229	3552.058481890708
2524	20220426_16	0	59695.333495839564421	59695.374638545945345	3554.729831311852
2525	20220426_17	0	59695.375095371928182	59695.416348111961270	3564.236738858745
2526	20220426_18	0	59695.416841915750410	59695.458263146036188	3578.794296691194
2527	20220426_19	0	59695.458776166931784	59695.499709657240601	3536.653562681749
2528	20220426_20	0	59695.500253485581197	59695.541475092300971	3561.546820588410
2529	20220426_21	0	59695.542021665525681	59695.582854929074529	3527.993970620446
2530	20220426_22	0	59695.583381834861939	59695.624927007367660	3589.502904494293
2531	20220426_23	0	59695.625477897046949	59695.666517647718138	3545.834457990713
2532	20220427_00	0	59695.667058466555318	59695.703959280348499	3188.230311730877
2532	20220427_00	1	59695.705094561693841	59695.708048862630676	255.251600942574
2533	20220427_01	0	59695.708598735975102	59695.749461631225131	3530.554149602540
2534	20220427_02	0	59695.750005912217603	59695.791248719309806	3563.378532766365
2535	20220427_03	0	59695.791798512240348	59695.832850969840365	3546.932336641476
2536	20220427_04	0	59695.833395032612316	59695.874951831872750	3590.507456101477
2537	20220427_05	0	59695.874996071819623	59695.916526916007570	3588.264937838539
2538	20220427_06	0	59695.917044794230605	59695.937292897455336	1749.436118616723
2539	20220427_09	0	59696.049623034057731	59696.059485509053047	852.117839595303
2539	20220427_09	1	59696.061614612219273	59696.061620560292795	0.513913552277
2539	20220427_09	2	59696.062456859850499	59696.062465336406603	0.732374447398
2539	20220427_09	3	59696.063297581065854	59696.063307697135315	0.874028401449
2539	20220427_09	4	59696.064140656897507	59696.064149366982747	0.752551364712
2539	20220427_09	5	59696.064982348485501	59696.064988231948519	0.508331204765
2539	20220427_09	6	59696.065823128010379	59696.065829401763040	0.542052229866
2539	20220427_09	7	59696.066664956138993	59696.066671856089670	0.596155738458
2539	20220427_09	8	59696.067506959319871	59696.067513140886149	0.534087326378
2539	20220427_09	9	59696.068347573054780	59696.068354713286681	0.616916036233
2539	20220427_09	10	59696.069188433808449	59696.069196029835439	0.656296731904
2539	20220427_09	11	59696.070028963891673	59696.070034815762483	0.505601637997
2539	20220427_09	12	59696.070872273499845	59696.070879579456232	0.631234631874
2539	20220427_09	13	59696.071711875687470	59696.071719880768796	0.691639026627
2539	20220427_09	14	59696.072553727368359	59696.072560807820992	0.611751107499
2539	20220427_09	15	59696.073395176324993	59696.073403234506259	0.696226861328
2539	20220427_09	16	59696.074238003202481	59696.074244111179723	0.527729233727
2540	20220427_10	0	59696.091086351087142	59696.091092289098015	0.513044139370
2540	20220427_10	1	59696.091928842288326	59696.091935523298162	0.577239249833
2540	20220427_10	2	59696.092770277973614	59696.092776885925559	0.570927048102
2540	20220427_10	3	59696.093610695119423	59696.093616826001380	0.529708201066
2540	20220427_10	4	59696.094450482931279	59696.094458789470082	0.717684952542
2540	20220427_10	5	59696.095291460020235	59696.095297579428006	0.528716831468
2540	20220427_10	6	59696.096131019243330	59696.096137666747381	0.574344350025
2540	20220427_10	7	59696.096971576858778	59696.096977737230191	0.532256090082
2540	20220427_10	8	59696.097813074986334	59696.097818869682669	0.500661763363
2540	20220427_10	9	59696.098654176450509	59696.098660600109724	0.555004156195
2540	20220427_10	10	59696.099495375558035	59696.099502523407864	0.617574225180
2540	20220427_10	11	59696.100334982853383	59696.100343905833142	0.770945451222
2540	20220427_10	12	59696.101178256423736	59696.101187890628353	0.832395278849
2540	20220427_10	13	59696.102023869440018	59696.102034453127999	0.914430641569
2540	20220427_10	14	59696.102870146030909	59696.102879793172178	0.833513005637
2540	20220427_10	15	59696.103716594683647	59696.103723682506825	0.612387922592
2540	20220427_10	16	59696.104558179402375	59696.104563950189913	0.498596043326
2540	20220427_10	17	59696.105399937609036	59696.105407967144856	0.693751894869
2540	20220427_10	18	59696.106238601860241	59696.106247748808528	0.790296331979
2540	20220427_10	19	59696.107078609733435	59696.107088203978492	0.828942772932
2540	20220427_10	20	59696.107922114264511	59696.107930155165377	0.694733834825
2540	20220427_10	21	59696.108764263823105	59696.108769863749330	0.483833625913
2540	20220427_10	22	59696.109610771905864	59696.109617839138082	0.610608863644
2540	20220427_10	23	59696.110455459987861	59696.110462534503313	0.611238135025
2540	20220427_10	24	59696.111296415350807	59696.111305832462676	0.813638465479
2540	20220427_10	25	59696.112140167220787	59696.112150262531941	0.872234883718
2540	20220427_10	26	59696.112984878418501	59696.112996349947935	0.991140143014
2540	20220427_10	27	59696.113829283618543	59696.113839873163670	0.914936698973
2540	20220427_10	28	59696.114670075941831	59696.114682454870490	1.069539436139
2540	20220427_10	29	59696.115512385345937	59696.115522984102427	0.915732560679
2540	20220427_10	30	59696.116354984369536	59696.116366066526098	0.957498326898
2540	20220427_10	31	59696.117197339954146	59696.117203996560420	0.575130782090
2540	20220427_10	32	59696.118038935703225	59696.118045075309055	0.530461943708
2540	20220427_10	33	59696.118878487941402	59696.118886761738395	0.714856060222
2540	20220427_10	34	59696.119720466544095	59696.119727031960792	0.567252002656
2540	20220427_10	35	59696.120561381649168	59696.120567517878953	0.530170253478
2540	20220427_10	36	59696.121401989221340	59696.121408877363137	0.595135451294
2540	20220427_10	37	59696.122241717785073	59696.122247641760623	0.511831487529
2540	20220427_10	38	59696.123081834106415	59696.123090994660743	0.791471893899
2540	20220427_10	39	59696.123921423823049	59696.123933655093424	1.056781760417
2540	20220427_10	40	59696.124765218824905	59696.124779166981170	1.205120701343
2541	20220427_11	0	59696.125608688409557	59696.125623724044999	1.299078902230
2541	20220427_11	1	59696.126451045842259	59696.126467882459110	1.454683695920
2541	20220427_11	2	59696.127296263919561	59696.127311645097507	1.328933774494
2541	20220427_11	3	59696.128140434848319	59696.128156348349876	1.374926534481
2541	20220427_11	4	59696.128984842376667	59696.129004169910331	1.669898908585
2541	20220427_11	5	59696.129825872529182	59696.129846376490605	1.771542266943
2541	20220427_11	6	59696.130667277400789	59696.130691293190466	2.074964228086
2541	20220427_11	7	59696.131511469146062	59696.131538713336340	2.353898040019
2541	20220427_11	8	59696.132359618059127	59696.132384322852886	2.134494180791
2541	20220427_11	9	59696.133207541090087	59696.133231310537667	2.053680270910
2541	20220427_11	10	59696.134052433044417	59696.134078743780265	2.273247577250
2541	20220427_11	11	59696.134895277107717	59696.134920701028022	2.196626714431
2541	20220427_11	12	59696.135739806006313	59696.135762516634713	1.962198293768
2541	20220427_11	13	59696.136585538974032	59696.136606978514465	1.852376293391
2541	20220427_11	14	59696.137432120762242	59696.137452619135729	1.771059469320
2541	20220427_11	15	59696.138279123639222	59696.138299082347658	1.724432408810
2541	20220427_11	16	59696.139138894985081	59696.139144491775369	0.483562680893
2541	20220427_11	17	59696.139971430835431	59696.139989662347944	1.575202681124
2541	20220427_11	18	59696.140812185869436	59696.140831990283914	1.711101410910
2541	20220427_11	19	59696.141655455299770	59696.141671554963978	1.391010987572
2541	20220427_11	20	59696.142496215521533	59696.142513239647087	1.470884447917
2541	20220427_11	21	59696.143340898510360	59696.143346759236010	0.506366696209
2541	20220427_11	22	59696.144185537996236	59696.144200283510145	1.274012401700
2541	20220427_11	23	59696.145030214058352	59696.145043797805556	1.173635758460
2541	20220427_11	24	59696.145874703870504	59696.145890153740766	1.334868790582
2541	20220427_11	25	59696.146717023977544	59696.146731764602009	1.273589953780
2541	20220427_11	26	59696.147558685035619	59696.147572477049835	1.191630028188
2541	20220427_11	27	59696.148405449130223	59696.148416732750775	0.974904815666
2541	20220427_11	28	59696.149255212112621	59696.149263492603495	0.715434411541
2541	20220427_11	29	59696.150103478496021	59696.150110801216215	0.632683024742
2541	20220427_11	30	59696.150950170180295	59696.150956116092857	0.513726845384
2541	20220427_11	31	59696.151794809040439	59696.151802351407241	0.651660491712
2541	20220427_11	32	59696.152640644657367	59696.152647075810819	0.555651658215
2541	20220427_11	33	59696.153483923888416	59696.153492185927462	0.713840173557
2541	20220427_11	34	59696.154327209573239	59696.154336225707084	0.778993964195
2541	20220427_11	35	59696.155170501879184	59696.155179455861798	0.773624097928
2541	20220427_11	36	59696.156015878819744	59696.156026002652652	0.874699163251
2541	20220427_11	37	59696.156859410999459	59696.156871406194114	1.036384818144
2541	20220427_11	38	59696.157707303857023	59696.157717688220146	0.897208973765
2541	20220427_11	39	59696.158553713816218	59696.158560153970029	0.556429289281
2541	20220427_11	40	59696.159396343260596	59696.159402494566166	0.531472801231
2541	20220427_11	41	59696.160236345109297	59696.160243686041213	0.634256517515
2541	20220427_11	42	59696.161079173565668	59696.161086974199861	0.673974794336
2541	20220427_11	43	59696.161920698257745	59696.161927076944266	0.551118515432
2541	20220427_11	44	59696.162763957028801	59696.162771527277073	0.654069450684
2541	20220427_11	45	59696.163605718611507	59696.163612307907897	0.569315208122
2541	20220427_11	46	59696.164447230061342	59696.164454551581002	0.632579298690
2541	20220427_11	47	59696.165291450619407	59696.165298594809428	0.617258017883
2541	20220427_11	48	59696.166131266443699	59696.166140012886899	0.755692692474
2550	20220427_20	0	59696.500088703418442	59696.541127140379103	3545.720953401178
2551	20220427_21	0	59696.541640863295470	59696.582993290641753	3572.849722718820
2552	20220427_22	0	59696.583500371561968	59696.624529959961365	3544.956437707879
2553	20220427_23	0	59696.625059844634961	59696.666088741119893	3544.896656298079
2554	20220428_00	0	59696.666634612352937	59696.708183837225079	3589.853028953075
2555	20220428_01	0	59696.708741590155114	59696.746229562275403	3238.960791192949
2555	20220428_01	1	59696.747375007696974	59696.749694668484153	200.418692012317
2556	20220428_02	0	59696.750264937771135	59696.791238200043153	3540.089860302396
2557	20220428_03	0	59696.791806376830209	59696.833122822506994	3569.740906474181
2558	20220428_04	0	59696.833684727367654	59696.874930509773549	3563.635599869303
2559	20220428_05	0	59696.875493304178235	59696.916292547386547	3525.054613198154
2560	20220428_06	0	59696.916846300933685	59696.934681916049158	1540.997145976871
2560	20220428_06	1	59696.940433471623692	59696.940437399120128	0.339335692115
2561	20220428_09	0	59697.047329207052826	59697.060580948433199	1144.950455264188
2561	20220428_09	1	59697.062334842295968	59697.062340907577891	0.524040358141
2561	20220428_09	2	59697.063191234912665	59697.063198060430295	0.589724723250
2561	20220428_09	3	59697.064046347200929	59697.064052398185595	0.522805075161
2561	20220428_09	4	59697.064902799735137	59697.064910774919554	0.689055933617
2561	20220428_09	5	59697.065759627686930	59697.065765220999310	0.483262189664
2561	20220428_09	6	59697.066612993839954	59697.066622374652070	0.810502166860
2561	20220428_09	7	59697.067467846427462	59697.067477893564501	0.868072640151
2561	20220428_09	8	59697.068327895380207	59697.068333733514010	0.504414760508
2561	20220428_09	9	59697.069177569705062	59697.069193212431855	1.351531594992
2561	20220428_09	10	59697.070031716764788	59697.070047361929028	1.351742190309
2561	20220428_09	11	59697.070886389883526	59697.070901997096371	1.348463189788
2561	20220428_09	12	59697.071739617436833	59697.071759376834962	1.707211998291
2561	20220428_09	13	59697.072607407360920	59697.072613194213773	0.499984086491
2561	20220428_09	14	59697.073449615993013	59697.073467264031933	1.524790562689
2561	20220428_09	15	59697.074304890978965	59697.074322864042188	1.552872662432
2561	20220428_09	16	59697.075159273103054	59697.075176977617957	1.529670087621
2561	20220428_09	17	59697.076013496247469	59697.076032834607759	1.670834328979
2561	20220428_09	18	59697.076867610565387	59697.076887412171345	1.710858754814
2561	20220428_09	19	59697.077723618102027	59697.077740022868966	1.417371863499
2561	20220428_09	20	59697.078577364613011	59697.078594616272312	1.490543363616
2561	20220428_09	21	59697.079433614839218	59697.079450224642642	1.435087015852
2561	20220428_09	22	59697.080290538578993	59697.080304112736485	1.172807207331
2561	20220428_09	23	59697.081146341617568	59697.081159208071767	1.111661642790
2561	20220428_09	24	59697.082000254704326	59697.082013636791089	1.156212296337
2561	20220428_09	25	59697.082854733271233	59697.082870769620058	1.385540538467
2562	20220428_10	0	59697.083713713043835	59697.083725135737041	0.986920692958
2562	20220428_10	1	59697.084567603211326	59697.084583224677772	1.349694700912
2562	20220428_10	2	59697.085425488039618	59697.085440162278246	1.267854217440
2562	20220428_10	3	59697.086281086187228	59697.086294563581760	1.164446887560
2562	20220428_10	4	59697.087138671209686	59697.087147664453369	0.777016254142
2562	20220428_10	5	59697.087994456720480	59697.088001568532491	0.614460557699
2562	20220428_10	6	59697.088848395920650	59697.088856463531556	0.697041582316
2562	20220428_10	7	59697.089706715880311	59697.089712786328164	0.524486694485
2562	20220428_10	8	59697.090564150414139	59697.090571255699615	0.613896665163
2562	20220428_10	9	59697.091420177617692	59697.091427973413374	0.673556746915
2562	20220428_10	10	59697.092275943105051	59697.092284198603011	0.713275023736
2562	20220428_10	11	59697.093131721048849	59697.093139802425867	0.698230974376
2562	20220428_10	12	59697.093985778978094	59697.093994057839154	0.715293595567
2562	20220428_10	13	59697.094841153571906	59697.094846930012864	0.499084498733
2562	20220428_10	14	59697.095695154770510	59697.095703602135472	0.729852332734
2562	20220428_10	15	59697.096552439732477	59697.096558866454870	0.555268814787
2562	20220428_10	16	59697.097409854199213	59697.097416233562399	0.551176979207
2562	20220428_10	17	59697.098263326370216	59697.098272494949924	0.792165286839
2562	20220428_10	18	59697.099122979372623	59697.099128808185924	0.503609469160
2562	20220428_10	19	59697.099974887132703	59697.099983437074115	0.738714938052
2562	20220428_10	20	59697.100829748655087	59697.100835632591043	0.508372066543
2562	20220428_10	21	59697.101685546862427	59697.101691963231133	0.554374256171
2562	20220428_10	22	59697.102541458945780	59697.102547656992101	0.535511202179
2562	20220428_10	23	59697.103396207436163	59697.103402010310674	0.501368357800
2562	20220428_10	24	59697.104251508928428	59697.104257642298762	0.529923196882
2562	20220428_10	25	59697.105106267772499	59697.105112482102413	0.536918104626
2562	20220428_10	26	59697.105961730027047	59697.105969005955558	0.628640223294
2562	20220428_10	27	59697.106817428866634	59697.106824279348075	0.591881596483
2562	20220428_10	28	59697.107672851896496	59697.107681033878180	0.706923217513
2562	20220428_10	29	59697.108529886412725	59697.108537180254643	0.630187941715
2562	20220428_10	30	59697.109386695265130	59697.109393146005459	0.557343964465
2562	20220428_10	31	59697.110242480775923	59697.110251925303601	0.816007191315
2562	20220428_10	32	59697.111097802022414	59697.111109761528496	1.033301325515
2562	20220428_10	33	59697.111951579347078	59697.111966936347017	1.326844794676
2562	20220428_10	34	59697.112809380480030	59697.112815231143031	0.505497283302
2562	20220428_10	35	59697.113666154822567	59697.113680098162149	1.204704539850
2562	20220428_10	36	59697.114520511400769	59697.114538287394680	1.535845873877
2562	20220428_10	37	59697.115375910128932	59697.115395602733770	1.701441057958
2562	20220428_10	38	59697.116232768348709	59697.116249856160721	1.476386957802
2562	20220428_10	39	59697.117089950937952	59697.117104662960628	1.271118759178
2562	20220428_10	40	59697.117944346311560	59697.117958905066189	1.257876399904
2562	20220428_10	41	59697.118798734663869	59697.118812979279028	1.230734749697
2562	20220428_10	42	59697.119655772403348	59697.119667863204086	1.044645183720
2562	20220428_10	43	59697.120512184141262	59697.120523009994940	0.935353757814
2562	20220428_10	44	59697.121366805215075	59697.121377115741780	0.890829507262
2562	20220428_10	45	59697.122220999975980	59697.122229897278885	0.768726971000
2562	20220428_10	46	59697.123076838775887	59697.123086124403926	0.802278262563
2562	20220428_10	47	59697.123931600945070	59697.123939885626896	0.715796509758
2562	20220428_10	48	59697.124786520245834	59697.124795688410813	0.792129454203
2563	20220428_11	0	59697.125639956044324	59697.125651214322716	0.972715253010
2563	20220428_11	1	59697.126497139506682	59697.126507898210548	0.929552013986
2563	20220428_11	2	59697.127354108837608	59697.127363441133639	0.806310377084
2563	20220428_11	3	59697.128209853646695	59697.128218562291295	0.752426893450
2563	20220428_11	4	59697.129064278517035	59697.129072520299815	0.712090032175
2563	20220428_11	5	59697.139866784287733	59697.139872941515932	0.531984516419
2563	20220428_11	6	59697.140722285563243	59697.140728596619738	0.545275281183
2563	20220428_11	7	59697.141576563240960	59697.141586344689131	0.845117121935
2563	20220428_11	8	59697.142426547041396	59697.142439197472413	1.092997239903
2563	20220428_11	9	59697.143279818985320	59697.143285616570211	0.500911334530
2563	20220428_11	10	59697.144135804148391	59697.144150741296471	1.290569594130
2563	20220428_11	11	59697.144989529413579	59697.145004402227642	1.285011135042
2563	20220428_11	12	59697.145843187856372	59697.145858338422840	1.309008942917
2563	20220428_11	13	59697.146697340729588	59697.146712529356591	1.312297373079
2563	20220428_11	14	59697.147551797876076	59697.147569559499971	1.534604304470
2563	20220428_11	15	59697.148406860498653	59697.148423919345078	1.473884331062
2563	20220428_11	16	59697.149260092264740	59697.149277138785692	1.472819410264
2563	20220428_11	17	59697.150115442243987	59697.150132184317044	1.446515112184
2563	20220428_11	18	59697.150972364004701	59697.150985529704485	1.137516461313
2563	20220428_11	19	59697.151825810258742	59697.151838485537155	1.095144054852
2563	20220428_11	20	59697.152681140985806	59697.152694264004822	1.133828843012
2563	20220428_11	21	59697.153543150663609	59697.153548914211569	0.497970543802
2563	20220428_11	22	59697.154390652765869	59697.154402824482531	1.051636319607
2563	20220428_11	23	59697.155243439730839	59697.155249283176090	0.504873669706
2563	20220428_11	24	59697.156096899707336	59697.156112594420847	1.356023247354
2563	20220428_11	25	59697.156952455428836	59697.156966442395060	1.208473881707
2563	20220428_11	26	59697.157804516500619	59697.157818818384840	1.235682796687
2563	20220428_11	27	59697.158658937754808	59697.158674101716315	1.310166274197
2563	20220428_11	28	59697.159511732155806	59697.159527392475866	1.353051653132
2563	20220428_11	29	59697.160365429386729	59697.160379506880417	1.216295454651
2563	20220428_11	30	59697.161216109037923	59697.161231958067219	1.369356131181
2563	20220428_11	31	59697.162068224090035	59697.162083167473611	1.291108340956
2563	20220428_11	32	59697.162918463378446	59697.162934973137453	1.426443178207
2563	20220428_11	33	59697.163770746272348	59697.163788731741079	1.553944498301
2563	20220428_11	34	59697.164635269138671	59697.164641247662075	0.516544422135
2563	20220428_11	35	59697.165474892492057	59697.165494733322703	1.714247767814
2563	20220428_11	36	59697.166327912418637	59697.166333711378684	0.501030148007
2575	20220429_00	0	59697.666932651009120	59697.707824769197032	3533.079011435620
2576	20220429_01	0	59697.708375140013231	59697.749699639505707	3570.436756149866
2577	20220429_02	0	59697.750245045404881	59697.783657525520539	2886.838281992823
2577	20220429_02	1	59697.784759054185997	59697.791426099363889	576.032703369856
2578	20220429_03	0	59697.791972688806709	59697.833057527721394	3549.730082228780
2579	20220429_04	0	59697.833592181777931	59697.874565245081612	3540.072669438086
2580	20220429_05	0	59697.875111112683953	59697.916549946246960	3580.315219843760
2581	20220429_06	0	59697.917087753688975	59697.931476139121514	1243.156501371413
2582	20220429_09	0	59698.044111580384197	59698.073284253332531	2520.518942736089
2582	20220429_09	1	59698.074998738353315	59698.075004822036135	0.525630195625
2582	20220429_09	2	59698.075834497300093	59698.075840861696634	0.549883861095
2582	20220429_09	3	59698.076669568145007	59698.076677805605868	0.711716618389
2582	20220429_09	4	59698.077506370238552	59698.077514644472103	0.714893778786
2582	20220429_09	5	59698.078342951448576	59698.078351245079830	0.716569740325
2582	20220429_09	6	59698.079179788372130	59698.079185368573235	0.482129375450
2582	20220429_09	7	59698.080016612548206	59698.080022995760373	0.551509531215
2582	20220429_09	8	59698.080854646090302	59698.080860568879871	0.511729018763
2582	20220429_09	9	59698.081692144420231	59698.081698000511096	0.505966250785
2582	20220429_09	10	59698.082528537452163	59698.082534309411130	0.498697254807
2583	20220429_10	0	59698.083364633799647	59698.083371751963568	0.615009362809
2583	20220429_10	1	59698.084199775708839	59698.084207605781558	0.676518282853
2583	20220429_10	2	59698.085035968098964	59698.085042269442056	0.544436043128
2583	20220429_10	3	59698.085869692964479	59698.085879618214676	0.857541617006
2583	20220429_10	4	59698.086704643508710	59698.086717126483563	1.078529027291
2583	20220429_10	5	59698.087541719447472	59698.087553896439204	1.052092085592
2583	20220429_10	6	59698.088375477040245	59698.088389475051372	1.209428161383
2583	20220429_10	7	59698.089210450125393	59698.089229518052889	1.647468935698
2583	20220429_10	8	59698.090045625322091	59698.090064263276872	1.610319293104
2583	20220429_10	9	59698.090880631883920	59698.090901043004123	1.763520785607
2583	20220429_10	10	59698.091717824259831	59698.091734692614409	1.457425835542
2583	20220429_10	11	59698.092551706482482	59698.092569343665673	1.523852627724
2583	20220429_10	12	59698.093387309811078	59698.093402731952665	1.332473033108
2583	20220429_10	13	59698.094225016167911	59698.094235579803353	0.912698102184
2583	20220429_10	14	59698.095062755572144	59698.095070521820162	0.671003828757
2583	20220429_10	15	59698.095897480961867	59698.095906677583116	0.794588075951
2583	20220429_10	16	59698.096729407916428	59698.096742511595949	1.132157910615
2583	20220429_10	17	59698.097567210068519	59698.097576551466773	0.807096809149
2583	20220429_10	18	59698.098402317657019	59698.098411305458285	0.776546029374
2583	20220429_10	19	59698.099239707036759	59698.099246119258169	0.554015929811
2583	20220429_10	20	59698.100076525202894	59698.100083163895761	0.573583063670
2583	20220429_10	21	59698.100909854394558	59698.100916004441387	0.531364046037
2583	20220429_10	22	59698.101746863045264	59698.101752808732272	0.513707357459
2583	20220429_10	23	59698.102581849096168	59698.102588245215884	0.552624743432
2583	20220429_10	24	59698.103415406440035	59698.103423871514678	0.731382449158
2583	20220429_10	25	59698.104247390539967	59698.104257417886402	0.866362731904
2583	20220429_10	26	59698.105083684327838	59698.105092614532623	0.771569693461
2583	20220429_10	27	59698.105916892862297	59698.105927599171991	0.925025157630
2583	20220429_10	28	59698.106751570077904	59698.106757151181228	0.482207327150
2583	20220429_10	29	59698.107584178367688	59698.107596401940100	1.056116656400
2583	20220429_10	30	59698.108417300827568	59698.108429966370750	1.094302930869
2583	20220429_10	31	59698.109247584070545	59698.109256998170167	0.813378207386
2583	20220429_10	32	59698.110076747776475	59698.110086226268322	0.818941695616
2583	20220429_10	33	59698.110903598797449	59698.110913955810247	0.894845905714
2583	20220429_10	34	59698.111731601849897	59698.111743382745772	1.017869403586
2583	20220429_10	35	59698.112559910063283	59698.112573907841579	1.209408044815
2583	20220429_10	36	59698.113388567457150	59698.113402574439533	1.210203277878
2583	20220429_10	37	59698.114217952555919	59698.114232411295234	1.249235076830
2583	20220429_10	38	59698.115047129685991	59698.115061814976798	1.268809125759
2583	20220429_10	39	59698.115876074931293	59698.115890390123241	1.236832584254
2583	20220429_10	40	59698.116704540305363	59698.116721322134254	1.449950016104
2583	20220429_10	41	59698.117535304481862	59698.117552321622497	1.470280950889
2583	20220429_10	42	59698.118362230714411	59698.118382484804897	1.749953418039
2583	20220429_10	43	59698.119193653772527	59698.119212976904237	1.669518579729
2583	20220429_10	44	59698.120022399903974	59698.120042845272110	1.766479806975
2583	20220429_10	45	59698.120853379798064	59698.120874828593514	1.853175926954
2583	20220429_10	46	59698.121683034587477	59698.121703740216617	1.788966357708
2583	20220429_10	47	59698.122508511027263	59698.122514488786692	0.516478414647
2583	20220429_10	48	59698.123337159697257	59698.123362818703754	2.216938161291
2583	20220429_10	49	59698.124164076449233	59698.124191757153312	2.391612832434
2584	20220429_11	0	59698.124992037839547	59698.124997881459421	0.504888757132
2584	20220429_11	1	59698.125821431123768	59698.125847718139994	2.271198201925
2584	20220429_11	2	59698.126651047517953	59698.126676922292972	2.235580561683
2584	20220429_11	3	59698.127479350798239	59698.127505133830709	2.227654005401
2584	20220429_11	4	59698.128306601560325	59698.128333875705721	2.356486162171
2584	20220429_11	5	59698.129136463037867	59698.129162843804806	2.279298263602
2584	20220429_11	6	59698.129964023253706	59698.129990804867703	2.313931449316
2584	20220429_11	7	59698.130794101809443	59698.130819758102007	2.216703677550
2584	20220429_11	8	59698.131622177417739	59698.131647559908743	2.193047222681
2584	20220429_11	9	59698.132453164340404	59698.132477862782252	2.133945375681
2584	20220429_11	10	59698.133281686379632	59698.133305575494887	2.064019558020
2584	20220429_11	11	59698.134110611412325	59698.134133807965554	2.004182199016
2584	20220429_11	12	59698.134938338240318	59698.134962074029318	2.050772169605
2584	20220429_11	13	59698.135786152619403	59698.135791947599500	0.500686280429
2584	20220429_11	14	59698.136595024327107	59698.136621994191955	2.330196322873
2584	20220429_11	15	59698.137424688393367	59698.137451882757887	2.349593094550
2584	20220429_11	16	59698.138254285215226	59698.138279507147672	2.179174963385
2584	20220429_11	17	59698.139082564128330	59698.139108105388004	2.206764835864
2584	20220429_11	18	59698.139912875340087	59698.139936856146960	2.071941713803
2584	20220429_11	19	59698.140745303440781	59698.140765534015372	1.747921644710
2584	20220429_11	20	59698.141576524663833	59698.141594075568719	1.516398182139
2584	20220429_11	21	59698.142405923448678	59698.142421597702196	1.354255503975
2584	20220429_11	22	59698.143237423646497	59698.143252413072332	1.295086392201
2584	20220429_11	23	59698.144069125039096	59698.144081503065536	1.069461484440
2584	20220429_11	24	59698.144900891282305	59698.144909815753635	0.771074322984
2584	20220429_11	25	59698.145730461998028	59698.145742682405398	1.055843196809
2584	20220429_11	26	59698.146560595669143	59698.146573882288067	1.147963874973
2584	20220429_11	27	59698.147389707541151	59698.147403710754588	1.209877640940
2584	20220429_11	28	59698.148219802293170	59698.148232943844050	1.135429996066
2584	20220429_11	29	59698.149049203108007	59698.149063729193585	1.255053794011
2584	20220429_11	30	59698.149888659820135	59698.149894708520151	0.522607681341
2584	20220429_11	31	59698.150709852277942	59698.150724829669343	1.294046617113
2584	20220429_11	32	59698.151539342768956	59698.151555116055533	1.362811960280
2584	20220429_11	33	59698.152367478214728	59698.152383630236727	1.395534700714
2584	20220429_11	34	59698.153196417581057	59698.153213035693625	1.435804925859
2584	20220429_11	35	59698.154026507036178	59698.154042187416053	1.354784821160
2584	20220429_11	36	59698.154856368841138	59698.154873658619181	1.493836822920
2584	20220429_11	37	59698.155688791346620	59698.155705791628861	1.468824385665
2584	20220429_11	38	59698.156517249954049	59698.156538272400212	1.816339348443
2584	20220429_11	39	59698.157346893240174	59698.157369550914154	1.957623031922
2584	20220429_11	40	59698.158176046817971	59698.158198471617652	1.937502692454
2584	20220429_11	41	59698.159007322450634	59698.159029234520858	1.893202867359
2584	20220429_11	42	59698.159837389524910	59698.159843507441110	0.528587959707
2584	20220429_11	43	59698.160667049531185	59698.160689842014108	1.969270524569
2584	20220429_11	44	59698.161497805114777	59698.161520436071442	1.955314655788
2584	20220429_11	45	59698.162329295781092	59698.162348950369051	1.698156399652
2584	20220429_11	46	59698.163160997522937	59698.163182740107004	1.878559263423
2584	20220429_11	47	59698.163989243628748	59698.164013431895000	2.089866204187
2584	20220429_11	48	59698.164818486198783	59698.164845246385084	2.312080096453
2584	20220429_11	49	59698.165648087291629	59698.165673924857401	2.232365682721
2584	20220429_11	50	59698.166498380298435	59698.166504647510010	0.541487080045
2597	20220430_00	0	59698.666870175853546	59698.686893242404039	1729.992949962616
2597	20220430_00	1	59698.687962986434286	59698.707981221174123	1729.575481521897
2598	20220430_01	0	59698.708510929813201	59698.724709538400930	1399.559781979769
2598	20220430_01	1	59698.725781367989839	59698.749488175977604	2048.268210142851
2599	20220430_02	0	59698.750018310252926	59698.791180746251484	3556.434470275417
2600	20220430_03	0	59698.791709379227541	59698.833266945614014	3590.573735791259
2601	20220430_04	0	59698.833789239353791	59698.874709501396865	3535.510640521534
2602	20220430_05	0	59698.875226296448091	59698.916158103806083	3536.508155730553
2603	20220430_06	0	59698.916683247749461	59698.928935279072903	1058.575506345369
2620	20220501_00	0	59699.666634995039203	59699.708000626655121	3573.990571615286
2621	20220501_01	0	59699.708506944494729	59699.749728911636339	3561.577961035073
2622	20220501_02	0	59699.750237276894040	59699.791354794477229	3552.553519187495
2623	20220501_03	0	59699.791844261206279	59699.832897433581820	3546.994093246758
2624	20220501_04	0	59699.833397015041555	59699.874785098807479	3575.930437375791
2625	20220501_05	0	59699.875269718540949	59699.916189335337549	3535.454891226254
2626	20220501_06	0	59699.916640539275249	59699.926686934857571	868.008578312583
2627	20220501_08	0	59700.038796530679974	59700.041476369413431	231.538066570647
2628	20220501_09	0	59700.041942845913582	59700.071306541976810	2537.023339862935
2628	20220501_09	1	59700.077377796274959	59700.083101137708582	494.496699864976
2629	20220501_10	0	59700.083614823226526	59700.124607916361128	3541.803246829659
2630	20220501_11	0	59700.125099421733466	59700.166321763623273	3561.610339279287
2631	20220501_12	0	59700.166818405137747	59700.207981560706685	3556.496641156264
2632	20220501_13	0	59700.208493297766836	59700.249347329001466	3529.788298672065
2633	20220501_14	0	59700.249810079469171	59700.291180892148986	3574.438215536065
2634	20220501_15	0	59700.291626968726632	59700.333062838821206	3580.059176171198
2635	20220501_16	0	59700.333483947688364	59700.374727625356172	3563.453750498593
2636	20220501_17	0	59700.375157758891874	59700.415914342796896	3521.368849393912
2637	20220501_18	0	59700.416413781669689	59700.457710527094605	3568.038804712705
2638	20220501_19	0	59700.458213428777526	59700.499275807189406	3547.789494786412
2639	20220501_20	0	59700.499780812111567	59700.541126730699034	3572.287365957163
2640	20220501_21	0	59700.541585547478462	59700.582639231593930	3547.038307576440
2641	20220501_22	0	59700.583109606537619	59700.624286167883838	3557.654900313355
2642	20220501_23	0	59700.624755000353616	59700.665948450419819	3559.114085719921
2643	20220502_00	0	59700.666439943270234	59700.707606488242163	3556.789485574700
2644	20220502_01	0	59700.708093186527549	59700.749687721996452	3593.767864513211
2645	20220502_02	0	59700.750207996345125	59700.791175052094331	3539.553616731428
2646	20220502_03	0	59700.791680674017698	59700.832607192962314	3536.051236814819
2647	20220502_04	0	59700.833127593105019	59700.874479706704733	3572.822615015320
2648	20220502_05	0	59700.874974887483404	59700.916326655140438	3572.792725567706
2649	20220502_06	0	59700.916824900778010	59700.923661874090612	590.714494208805
2650	20220502_08	0	59701.034974543203134	59701.034978091782250	0.306597235613
2650	20220502_08	1	59701.036028725662618	59701.041307965235319	456.126299081370
2651	20220502_09	0	59701.041827665809251	59701.082741990270733	3534.997633472085
2652	20220502_10	0	59701.083253194046847	59701.123160901064693	3448.025886341929
2652	20220502_10	1	59701.124191556526057	59701.124716173530032	45.326909143478
2653	20220502_11	0	59701.124725005218352	59701.125759949391067	89.419176522642
2653	20220502_11	1	59701.126799193953048	59701.166022797573532	3388.919352809899
2654	20220502_12	0	59701.166518418831402	59701.208012355280516	3585.076109203510
2655	20220502_13	0	59701.208495489176130	59701.234053269676224	2208.192235208116
2655	20220502_13	1	59701.235045255969453	59701.249594499757222	1257.054663263261
2656	20220502_14	0	59701.250065407926741	59701.291049412036955	3541.017955122516
2657	20220502_15	0	59701.291509838636557	59701.333013237926934	3585.893698688596
2658	20220502_16	0	59701.333437878041877	59701.374662135465769	3561.775841424242
2659	20220502_17	0	59701.375100354423921	59701.415963283157907	3530.557042616419
2660	20220502_18	0	59701.416423059788940	59701.457914817052369	3584.887827560306
2661	20220502_19	0	59701.458376974609564	59701.499519964258070	3554.754305630922
2662	20220502_20	0	59701.499991551405401	59701.541357649599377	3574.030883959495
2663	20220502_21	0	59701.541807090987277	59701.582859307185572	3546.911479532719
2664	20220502_22	0	59701.583298973462661	59701.624537068302743	3562.971394183114
2665	20220502_23	0	59701.624992268880305	59701.666315074253362	3570.290384232067
2666	20220503_00	0	59701.666778593644267	59701.707970625931921	3558.991589653306
2667	20220503_01	0	59701.708439241854649	59701.749468064321263	3544.890261115506
2668	20220503_02	0	59701.749931142694550	59701.791328850871651	3576.761986501515
2669	20220503_03	0	59701.791385677053768	59701.832712552488374	3570.642037549987
2670	20220503_04	0	59701.833183453483798	59701.846469271142269	1147.894645691849
2670	20220503_04	1	59701.847471192908415	59701.874511363726924	2336.270758719184
2671	20220503_05	0	59701.874988089519320	59701.916354210865393	3574.032884300686
2672	20220503_06	0	59701.916842941609502	59701.920565215492388	321.604463481344
2673	20220503_08	0	59702.031659155683883	59702.031662890418374	0.322681060061
2673	20220503_08	1	59702.033269574909355	59702.041324024590722	695.904452470131
2674	20220503_09	0	59702.041408110861084	59702.082804239784309	3576.625538966618
2675	20220503_10	0	59702.083252267184434	59702.124676064398955	3579.016079334542
2676	20220503_11	0	59702.124752349940536	59702.166220226703444	3582.824552315287
2677	20220503_12	0	59702.166685765681905	59702.207615975581575	3536.370135331526
2678	20220503_13	0	59702.208084839287039	59702.249289876905095	3560.115250200033
2679	20220503_14	0	59702.249753361073090	59702.291019910888281	3565.429904032499
2680	20220503_15	0	59702.291484404653602	59702.332667386268440	3558.209611522034
2681	20220503_16	0	59702.333105477104255	59702.374326663455577	3561.510500754230
2682	20220503_17	0	59702.374789961999340	59702.416001661033079	3560.690796514973
2683	20220503_18	0	59702.416504753877234	59702.457916507344635	3577.975499583408
2684	20220503_19	0	59702.458424886535795	59702.499504637838982	3549.290512595326
2685	20220503_20	0	59702.500027580957976	59702.541343578814121	3569.702214770950
2686	20220503_21	0	59702.541824202875432	59702.582861155271530	3545.592687022872
2687	20220503_22	0	59702.583345330574957	59702.624564457393717	3561.332557140850
2688	20220503_23	0	59702.625052204028179	59702.665892013479606	3528.559536603279
2689	20220504_00	0	59702.666394329295144	59702.707832040367066	3580.218236614019
2690	20220504_01	0	59702.708362650999334	59702.749697189312428	3571.304110251367
2691	20220504_02	0	59702.749718295002822	59702.778271212220716	2466.972047626041
2691	20220504_02	1	59702.779363774723606	59702.790912990625657	997.852253937162
2692	20220504_03	0	59702.791437642357778	59702.833040710895148	3594.505121628754
2693	20220504_04	0	59702.833049093445879	59702.874611612416629	3591.001639072783
2694	20220504_05	0	59702.875131382723339	59702.916249599576986	3552.613936155103
2695	20220504_06	0	59702.916775587516895	59702.918438919128675	143.711851257831
2696	20220504_08	0	59703.030193869308277	59703.041178304469213	949.055197904818
2697	20220504_09	0	59703.041710093406436	59703.082744555584213	3545.377532159910
2698	20220504_10	0	59703.083247823327838	59703.124351214690250	3551.333013712429
2699	20220504_11	0	59703.124847348917683	59703.154368599192821	2550.636023771949
2699	20220504_11	1	59703.155416599780438	59703.166357782945852	945.318225491792
2700	20220504_12	0	59703.166397701606911	59703.208005684122327	3594.929689331912
2701	20220504_13	0	59703.208050978370011	59703.249695725702622	3598.106169537641
2702	20220504_14	0	59703.249729410570581	59703.291235254437197	3586.104910075665
2703	20220504_15	0	59703.291690670637763	59703.327034122274199	3053.674221388064
2703	20220504_15	1	59703.328006150724832	59703.332918679829163	424.442514614202
2704	20220504_16	0	59703.333405909521389	59703.365964385251573	2813.052303087898
2704	20220504_16	1	59703.366941320360638	59703.374605138254992	662.153866072185
2705	20220504_17	0	59703.375040649945731	59703.416203529159247	3556.472764047794
2706	20220504_18	0	59703.416660069648060	59703.457885743104271	3561.898186616600
2707	20220504_19	0	59703.458358245065028	59703.474731556874758	1414.654140360653
2707	20220504_19	1	59703.475748509714322	59703.499222016202111	2028.110960545018
2708	20220504_20	0	59703.499695727499784	59703.541237365316192	3589.197507337667
2709	20220504_21	0	59703.541709383294801	59703.582826000274508	3552.475707046688
2710	20220504_22	0	59703.583312635266338	59703.624453553900821	3554.575370019302
2711	20220504_23	0	59703.624960601111525	59703.666124559487798	3556.566003710032
2712	20220505_00	0	59703.666621456141002	59703.669962037049117	288.626190461218
2712	20220505_00	1	59703.671006394644792	59703.707694319156872	3169.836677843705
2713	20220505_01	0	59703.708200136214145	59703.749592826890876	3576.328474469483
2714	20220505_02	0	59703.750644107050903	59703.791295891605841	3512.314185546711
2715	20220505_03	0	59703.791805936998571	59703.832890143195982	3549.675415456295
2716	20220505_04	0	59703.833400597424770	59703.874458213307662	3547.378012281843
2717	20220505_05	0	59703.874967060182826	59703.915479618081008	3500.285002402961
2718	20220505_08	0	59704.028062619814591	59704.041051174332097	1122.211110312492
2719	20220505_09	0	59704.041582293066313	59704.082644839530985	3547.804014547728
2720	20220505_10	0	59704.083177907246863	59704.124626448312483	3581.153948069550
2721	20220505_11	0	59704.125150128900714	59704.166177876824804	3544.797420641407
2722	20220505_12	0	59704.166707077332831	59704.207596116139030	3532.812952855602
2723	20220505_13	0	59704.208110533596482	59704.249331239610910	3561.468999646604
2724	20220505_14	0	59704.249852676817682	59704.291375505243195	3587.572375964373
2725	20220505_15	0	59704.291838864359306	59704.332596847700188	3521.489760652184
2726	20220505_16	0	59704.333039005381579	59704.374498666096770	3582.114685792476
2727	20220505_17	0	59704.374977458071953	59704.415903559594881	3536.015171580948
2728	20220505_18	0	59704.416407765544136	59704.457883889852383	3583.537140232511
2729	20220505_19	0	59704.458391090323857	59704.499627581179084	3562.832809891552
2730	20220505_20	0	59704.500129993757582	59704.540987213418703	3530.063778720796
2731	20220505_21	0	59704.541477894745185	59704.583004754902504	3587.920717592351
2732	20220505_22	0	59704.583483147325751	59704.624643227456545	3556.230923300609
2733	20220505_23	0	59704.625129631232994	59704.665877542363887	3520.619521709159
2734	20220506_00	0	59704.666371069986781	59704.707590669335332	3561.373383714817
2735	20220506_01	0	59704.708087513776263	59704.749229617213132	3554.677736945450
2736	20220506_02	0	59704.749737275917141	59704.787566418031929	3268.437878717668
2736	20220506_02	1	59704.788607899528870	59704.791286947212939	231.469719903544
2737	20220506_03	0	59704.791801625346125	59704.797135878201516	460.879446705803
2737	20220506_03	1	59704.799729298167222	59704.801329494526726	138.256965461187
2737	20220506_03	2	59704.807556831103284	59704.810221771615034	230.250860215165
2737	20220506_03	3	59704.814013784685812	59704.829412004546612	1330.406195973046
2738	20220506_04	0	59704.839825019771524	59704.839828825577570	0.328821642324
2738	20220506_04	1	59704.844294470640307	59704.874509497458348	2610.578317078762
2739	20220506_05	0	59704.875030211791454	59704.912176581143285	3209.446311998181
2740	20220506_08	0	59705.025062507767871	59705.041097982248175	1385.464995098300
2741	20220506_09	0	59705.041585775667045	59705.062492177850800	1806.313148676418
2741	20220506_09	1	59705.080196645911201	59705.082991539478826	241.478804242797
2742	20220506_11	0	59705.142053617499187	59705.165951609698823	2064.786526048556
2747	20220506_16	0	59705.333334379873122	59705.374328103760490	3541.857743868604
2748	20220506_17	0	59705.374815878014488	59705.416029987027287	3560.899018705823
2749	20220506_18	0	59705.416542067199771	59705.448818723234581	2788.703081407584
2749	20220506_18	1	59705.449861143992166	59705.457835573761258	688.990732049569
2750	20220506_19	0	59705.458343753351073	59705.467397358435846	782.231479324400
2750	20220506_19	1	59705.468432185567508	59705.499350598656747	2671.350890910253
2751	20220506_20	0	59705.499856282571272	59705.541169407028065	3569.453953066841
2752	20220506_21	0	59705.541658576941700	59705.582620199820667	3539.084216742776
2753	20220506_22	0	59705.583117962276447	59705.624209290144790	3550.290727824904
2754	20220506_23	0	59705.624731503376097	59705.665890989112086	3556.179567589425
2755	20220507_00	0	59705.666399683177588	59705.707534769600898	3554.071466973983
2756	20220507_01	0	59705.708058919502946	59705.749672319099773	3595.397725165822
2757	20220507_02	0	59705.750199897280254	59705.791147859708872	3537.903953832574
2758	20220507_03	0	59705.791675701395434	59705.832549683895195	3531.512087979354
2759	20220507_04	0	59705.833078487790772	59705.874448651811690	3574.382171407342
2760	20220507_05	0	59705.874972813042405	59705.910392630401475	3060.272219823673
2761	20220507_08	0	59706.022419105924200	59706.041250971771660	1627.073209220544
2762	20220507_09	0	59706.041749670410354	59706.070196858869167	2457.837082841434
2762	20220507_09	1	59706.071255242801271	59706.082503715064377	971.868003532290
2763	20220507_10	0	59706.083027453751129	59706.124244984173856	3561.194628523663
2764	20220507_11	0	59706.124761010731163	59706.165970665555506	3560.514176823199
2765	20220507_12	0	59706.166504871347570	59706.207629965647357	3553.208147501573
2766	20220507_13	0	59706.208145258970035	59706.249578995397314	3579.874827316962
2767	20220507_14	0	59706.250086465239292	59706.253817201119091	322.335580014624
2767	20220507_14	1	59706.254850367251493	59706.291359514565556	3154.390327935107
2768	20220507_15	0	59706.291836928074190	59706.332975810168136	3554.399412916973
2769	20220507_16	0	59706.333426057644829	59706.374488436616957	3547.789543191902
2770	20220507_17	0	59706.374969585682265	59706.416097567242105	3553.457606770098
2771	20220507_18	0	59706.416594565082050	59706.457823260265286	3562.159263831563
2772	20220507_19	0	59706.458324656538025	59706.499284816767613	3538.957843836397
2773	20220507_20	0	59706.499773728959553	59706.540921408770373	3555.159535654821
2774	20220507_21	0	59706.541400348512980	59706.565036890162446	2042.197198513895
2774	20220507_21	1	59706.566061243574950	59706.582762673424440	1443.003538995981
2775	20220507_22	0	59706.583263572843862	59706.609676275074889	2282.057472760789
2775	20220507_22	1	59706.610724789483356	59706.624207385859336	1164.896326884627
2776	20220507_23	0	59706.624721307336586	59706.666163059351675	3580.567374103703
2777	20220508_00	0	59706.666689497033076	59706.707569029604201	3531.991614145227
2778	20220508_01	0	59706.708092742905137	59706.749454890057677	3573.689513979480
2779	20220508_02	0	59706.749975592647388	59706.762845402139646	1111.951540131122
2779	20220508_02	1	59706.763894826515752	59706.789078111913113	2175.835858331993
2779	20220508_02	2	59706.790127438856871	59706.791218082689738	94.231627159752
2780	20220508_03	0	59706.791732541125384	59706.832925788607099	3559.096582420170
2781	20220508_04	0	59706.833432073362928	59706.835063923674170	140.991866891272
2781	20220508_04	1	59706.836107551120222	59706.874608849611832	3326.512189675122
2782	20220508_05	0	59706.875094569302746	59706.907720226212405	2818.856756994501
2783	20220508_08	0	59707.019924785803596	59707.041340333482367	1850.303319445811
2784	20220508_09	0	59707.041837878583465	59707.082856538203487	3544.012191169895
2785	20220508_10	0	59707.083365179758403	59707.124244007456582	3531.930713122711
2786	20220508_11	0	59707.124742027372122	59707.166195004341716	3581.537210172974
2787	20220508_12	0	59707.166670063706988	59707.208017706259852	3572.436316567473
2788	20220508_13	0	59707.208481618290534	59707.249234076465655	3521.012386330403
2789	20220508_14	0	59707.249686930226744	59707.291331720196467	3598.109853384085
2790	20220508_15	0	59707.291771181866352	59707.332721396291163	3538.098526303656
2791	20220508_16	0	59707.333128589561966	59707.374537039373536	3577.690063719638
2792	20220508_17	0	59707.374979774882377	59707.416344869867316	3573.944206698798
2793	20220508_18	0	59707.416374111460755	59707.457273443134909	3533.702256646939
2794	20220508_19	0	59707.458273036740138	59707.499390382872662	3552.538705850020
2795	20220508_20	0	59707.499854524299735	59707.525303778216767	2198.815538431518
2795	20220508_20	1	59707.526290397807315	59707.541203295921150	1288.474397035316
2796	20220508_21	0	59707.541656841603981	59707.582694683398586	3545.669531053863
2797	20220508_22	0	59707.583163328316004	59707.624312643456506	3555.300828139298
2798	20220509_00	0	59707.666547125263605	59707.707730092726706	3558.208388811909
2799	20220509_01	0	59707.708231895361678	59707.749361361551564	3553.585878806189
2800	20220509_02	0	59707.749889589584200	59707.791350116640388	3582.189537654631
2801	20220509_03	0	59707.791387047916942	59707.832813541652285	3579.249058733694
2802	20220509_04	0	59707.833299191603146	59707.874215523355815	3535.171063430607
2803	20220509_05	0	59707.874712854165409	59707.903978111011384	2528.518191492185
2803	20220509_05	1	59707.905037505166547	59707.905041070298466	0.308027397841
2808	20220509_12	0	59708.166481863816443	59708.207825102901552	3572.055856953375
2809	20220509_13	0	59708.208305209613172	59708.249562780671113	3564.654139406048
2810	20220509_14	0	59708.250045496293751	59708.291367197409272	3570.194976381026
2811	20220509_15	0	59708.291808920948824	59708.332904934686667	3550.695586949587
2812	20220509_16	0	59708.333314474184590	59708.374706673486799	3576.286019710824
2813	20220509_17	0	59708.374750013375888	59708.411525937015540	3177.439802465960
2813	20220509_17	1	59708.412484387830773	59708.416261682650656	326.358272437938
2814	20220509_18	0	59708.416695023428474	59708.457874352483486	3557.894030353054
2815	20220509_19	0	59708.458292038754735	59708.499609796635923	3569.854280934669
2816	20220509_20	0	59708.500036027369788	59708.541103031107923	3548.189122974873
2817	20220509_21	0	59708.541512229116051	59708.582830157531134	3569.869015063159
2818	20220509_22	0	59708.583251052361447	59708.624685060640331	3579.898315295577
2819	20220509_23	0	59708.625122348596051	59708.666076724650338	3538.458091090433
2820	20220510_00	0	59708.666529286871082	59708.669850958722236	286.992447939701
2820	20220510_00	1	59708.670836697237974	59708.707556981484231	3172.632558876649
2821	20220510_01	0	59708.708020747100818	59708.714018314683926	518.189839180559
2821	20220510_01	1	59708.715020258525328	59708.749500254467421	2979.071649396792
2822	20220510_02	0	59708.749971463847032	59708.791214351993403	3563.385535846464
2823	20220510_03	0	59708.791686467768159	59708.832813232140325	3553.352441755123
2824	20220510_04	0	59708.833279515689355	59708.874369544915680	3550.178525154479
2825	20220510_05	0	59708.874841101911443	59708.902043845919252	2350.317082274705
2830	20220510_12	0	59709.166738086278201	59709.207926665942068	3558.693282958120
2831	20220510_13	0	59709.208362617770035	59709.249702696877648	3571.782834897749
2832	20220510_14	0	59709.249779892903462	59709.258656521233206	766.940687689930
2832	20220510_14	1	59709.259576777185430	59709.290974860858114	2712.794429319911
2833	20220510_15	0	59709.291359375696629	59709.329899402291630	3329.858297808096
2833	20220510_15	1	59709.330789027866558	59709.332998238380242	190.875788382255
2834	20220510_16	0	59709.333367041384918	59709.374293989836588	3536.088346224278
2835	20220510_17	0	59709.374691100616474	59709.416044780504308	3572.957942308858
2836	20220510_18	0	59709.416449485550402	59709.457860265654745	3577.891401015222
2837	20220510_19	0	59709.458270037575858	59709.499338057634304	3548.276933049783
2838	20220510_20	0	59709.499739935774414	59709.541051187567064	3569.292154884897
2839	20220510_21	0	59709.541441124958510	59709.582869068879518	3579.374354775064
2840	20220510_22	0	59709.583283051455510	59709.624320382885344	3545.625435537659
2841	20220510_23	0	59709.624748961439764	59709.666329823849082	3592.586512165144
2842	20220511_00	0	59709.666390094149392	59709.707928792973689	3588.943578419276
2843	20220511_01	0	59709.708384143777948	59709.749334558131522	3538.115800148807
2844	20220511_02	0	59709.749854167181184	59709.791119448862446	3565.320337261073
2845	20220511_03	0	59709.791569413791876	59709.832875014057208	3568.803862924688
2846	20220511_04	0	59709.833331615191128	59709.874672066165658	3571.814964199439
2847	20220511_05	0	59709.875142737793794	59709.899214796198066	2079.825846129097
2852	20220511_12	0	59710.166605012702348	59710.208012314556981	3577.590880240314
2853	20220511_13	0	59710.208480220877391	59710.249707062801463	3561.999142239802
2854	20220511_14	0	59710.249750939889054	59710.290993100403284	3563.322668429464
2855	20220511_15	0	59710.291419591332669	59710.332960195752094	3589.108221838251
2856	20220511_16	0	59710.333375810703728	59710.362756725444342	2538.511033589020
2856	20220511_16	1	59710.363714047372923	59710.374191328613961	905.237099225633
2857	20220511_17	0	59710.374692047036660	59710.415988228778588	3567.990102502517
2858	20220511_18	0	59710.416433312384470	59710.457830163933977	3576.687973877415
2859	20220511_19	0	59710.458275137047167	59710.499688102790969	3578.080240264535
2860	20220511_20	0	59710.499728024216893	59710.541316697213915	3593.261346942745
2861	20220511_21	0	59710.541735329905350	59710.583037305106700	3568.490657396615
2862	20220511_22	0	59710.583489731929149	59710.624396149942186	3534.314516326413
2863	20220511_23	0	59710.624874222492508	59710.666354019405844	3583.854453312233
2864	20220512_00	0	59710.666846652027743	59710.707717227502144	3531.217720988207
2865	20220512_01	0	59710.708240973392094	59710.749447820911882	3560.271625709720
2866	20220512_02	0	59710.749969814518408	59710.791026922830497	3547.334158164449
2867	20220512_03	0	59710.791526750603225	59710.833003933781583	3583.628626610152
2868	20220512_04	0	59710.833522805711254	59710.860236441883899	2308.058165316470
2868	20220512_04	1	59710.861278130651044	59710.874347044409660	1129.154148744419
2869	20220512_05	0	59710.874863542128878	59710.896760984091088	1891.938985534944
2874	20220512_12	0	59711.166834727009700	59711.207709392503602	3531.571098673157
2875	20220512_13	0	59711.208179679575551	59711.249592258282064	3578.046800242737
2876	20220512_14	0	59711.250068077388278	59711.291148975076794	3549.389560287818
2877	20220512_15	0	59711.291603266749007	59711.332984152468271	3575.308526144363
2878	20220512_16	0	59711.333426853656420	59711.374585356206808	3556.094620353542
2879	20220512_17	0	59711.375049345842854	59711.416074296692386	3544.555753399618
2880	20220512_18	0	59711.416563659055100	59711.457896694781084	3571.174286725000
2881	20220512_19	0	59711.458392365646432	59711.499422342138132	3544.989968882874
2882	20220512_20	0	59711.499902819596173	59711.541217028832762	3569.547678041272
2883	20220512_21	0	59711.541692829559906	59711.582710781447531	3543.951043090783
2884	20220512_22	0	59711.583198619780887	59711.624376377571025	3557.758273067884
2885	20220512_23	0	59711.624876162735745	59711.666105698917818	3562.231926131062
2886	20220513_00	0	59711.666608576866565	59711.707837434412795	3562.173291994259
2887	20220513_01	0	59711.708356734816334	59711.749529626038566	3557.337801600806
2888	20220513_02	0	59711.750041670689825	59711.791015906826942	3540.174002246931
2889	20220513_03	0	59711.791529171998263	59711.832948327763006	3578.615058073774
2890	20220513_04	0	59711.833453472892870	59711.874239803284581	3523.938945843838
2891	20220513_05	0	59711.874724085573689	59711.894128913234454	1676.577109890059
2896	20220513_12	0	59712.166559263350791	59712.207929790551134	3574.413550109603
2897	20220513_13	0	59712.208415984110616	59712.214538136169722	528.953937906772
2897	20220513_13	1	59712.215529874381900	59712.249554804984655	2939.754004077986
2898	20220513_14	0	59712.250021079169528	59712.281457535769732	2716.109850257635
2898	20220513_14	1	59712.282422231248347	59712.291129578872642	752.314834739082
2899	20220513_15	0	59712.291579472803278	59712.332973584991123	3576.451293029822
2900	20220513_16	0	59712.333409726910759	59712.374683998175897	3566.097037307918
2901	20220513_17	0	59712.375134031986818	59712.416341905394802	3560.360262449831
2902	20220513_18	0	59712.416376763758308	59712.455070077630808	3343.102318583988
2902	20220513_18	1	59712.456027335036197	59712.457624238624703	137.972470046952
2903	20220513_19	0	59712.458072947199980	59712.499512190748646	3580.350642604753
2904	20220513_20	0	59712.499957200845529	59712.541178687155480	3561.536417179741
2905	20220513_21	0	59712.541595377610065	59712.582820486706623	3561.849425942637
2906	20220513_22	0	59712.583246552079800	59712.612597600869776	2535.930615453981
2906	20220513_22	1	59712.613542162987869	59712.624403427762445	938.413276523352
2907	20220513_23	0	59712.624903360600001	59712.666074942819250	3557.224703743123
2908	20220514_00	0	59712.666523176238115	59712.707661240950983	3554.328791191801
2909	20220514_01	0	59712.708115284389351	59712.749490478352527	3574.816758418456
2910	20220514_02	0	59712.749928245808405	59712.791215917350200	3567.254821211100
2911	20220514_03	0	59712.791659040318336	59712.832873101491714	3560.894885379821
2912	20220514_04	0	59712.833328732325754	59712.874439964449266	3552.010455471464
2913	20220514_05	0	59712.874889153747063	59712.890669621534471	1363.432416832075
2918	20220514_12	0	59713.166395733816898	59713.208020244572253	3596.357729262672
2919	20220514_13	0	59713.208051749323204	59713.249599964110530	3589.765757624991
2920	20220514_14	0	59713.250055794276705	59713.274259626756248	2091.211126232520
2920	20220514_14	1	59713.275201900520187	59713.291082333089435	1372.069373982958
2921	20220514_15	0	59713.291508120193612	59713.332651784250629	3554.812574526295
2922	20220514_16	0	59713.333090058527887	59713.374260616961692	3557.136248680763
2923	20220514_17	0	59713.374734957636974	59713.416037243274332	3568.517479067668
2924	20220514_18	0	59713.416510655210004	59713.458029134548269	3587.196614826098
2925	20220514_19	0	59713.458497917818022	59713.467389089608332	768.197242682800
2925	20220514_19	1	59713.468378935518558	59713.499700122090871	2706.150519847870
2926	20220514_20	0	59713.500176632449438	59713.541207559566828	3545.072102942504
2927	20220514_21	0	59713.541690512429341	59713.582810266125307	3552.746719331481
2928	20220514_22	0	59713.583305212705454	59713.601812863555097	1599.061033409089
2928	20220514_22	1	59713.602850012081035	59713.624544170495938	1874.375287047587
2929	20220514_23	0	59713.625045848304580	59713.666349997380166	3568.678480130620
2930	20220515_00	0	59713.666848621993267	59713.685901764096343	1646.191477705725
2930	20220515_00	1	59713.686925014510052	59713.708027624074020	1823.265466326848
2931	20220515_01	0	59713.708042478720017	59713.749455918579770	3578.121203882620
2932	20220515_02	0	59713.749946297131828	59713.791272447953816	3570.579431019723
2933	20220515_03	0	59713.791750049385882	59713.799599505422520	678.193001565523
2933	20220515_03	1	59713.800589838712767	59713.832858312634926	2787.996146874502
2934	20220515_04	0	59713.833337982476223	59713.874364792471169	3544.716383563355
2935	20220515_05	0	59713.874825231570867	59713.888362672470976	1169.634893769398
2936	20220515_07	0	59713.998776171138161	59713.998779698471481	0.304761598818
2941	20220515_12	0	59714.166761005879380	59714.207555141525518	3524.613319826312
2942	20220515_13	0	59714.208049191089231	59714.249690360244131	3597.797014983371
2943	20220515_14	0	59714.250153132743435	59714.290992837333761	3528.550476604141
2944	20220515_15	0	59714.291442985093454	59714.332857500521641	3578.214132995345
2945	20220515_16	0	59714.333312643248064	59714.374314858701837	3542.591415205970
2946	20220515_17	0	59714.374785996107676	59714.415886650531320	3551.096542202868
2947	20220515_18	0	59714.416367078410985	59714.457670457959466	3568.611992988735
2948	20220515_19	0	59714.458143419004045	59714.499719775987614	3592.197243380360
2949	20220515_20	0	59714.500178362221050	59714.541018788098881	3528.612795844674
2950	20220515_21	0	59714.541456141836534	59714.582859521411592	3577.251995285042
2951	20220515_22	0	59714.583324485320190	59714.624256362694723	3536.514205159619
2952	20220515_23	0	59714.624735308716481	59714.661569751857314	3182.495887367986
2952	20220515_23	1	59714.662582530472719	59714.666327071456180	323.528340971097
2953	20220516_00	0	59714.666366677207407	59714.703735046859947	3228.627137979493
2953	20220516_00	1	59714.704762871690036	59714.708002831008343	279.932485101745
2954	20220516_01	0	59714.708498287473049	59714.749447035974299	3537.971870508045
2955	20220516_02	0	59714.749949662014842	59714.791342451499077	3576.337011437863
2956	20220516_03	0	59714.791839705365419	59714.832627407799009	3524.057490262203
2957	20220516_04	0	59714.833131834791857	59714.843732024761266	915.856413356960
2957	20220516_04	1	59714.844768198832753	59714.874387148964161	2559.077291353606
2958	20220516_05	0	59714.874907989593339	59714.886016067168384	959.737902483903
2958	20220516_05	1	59714.891822342360683	59714.891826053790282	0.320667517371
2959	20220516_07	0	59714.998046192667971	59714.999642012451659	137.878829310648
2960	20220516_08	0	59715.000166320038261	59715.040979070596222	3526.221648207866
2961	20220516_09	0	59715.041492593882140	59715.056854612979805	1327.278450038284
2961	20220516_09	1	59715.061266793425602	59715.061272821447346	0.520821078680
2961	20220516_09	2	59715.062106286022754	59715.062114557054883	0.714617175981
2961	20220516_09	3	59715.062947930775408	59715.062953782740806	0.505609810352
2961	20220516_09	4	59715.063788375038712	59715.063794401088671	0.520650716498
2961	20220516_09	5	59715.064629540160240	59715.064635554073902	0.519602140412
2961	20220516_09	6	59715.065468825101561	59715.065476742347528	0.684050051495
2961	20220516_09	7	59715.066309037509200	59715.066316622622253	0.655353767797
2961	20220516_09	8	59715.067149175330997	59715.067157147990656	0.688837794587
2961	20220516_09	9	59715.067988941700605	59715.067995320787304	0.551153090782
2961	20220516_09	10	59715.068827837516437	59715.068836556522001	0.753322080709
2961	20220516_09	11	59715.069666236930061	59715.069677938990935	1.011058059521
2961	20220516_09	12	59715.070504868119315	59715.070518181011721	1.150233903900
2961	20220516_09	13	59715.071351323531417	59715.071357111861289	0.500111700967
2961	20220516_09	14	59715.072185200639069	59715.072198146684968	1.118538365699
2961	20220516_09	15	59715.073025963989494	59715.073037912363361	1.032339502126
2961	20220516_09	16	59715.073865313381248	59715.073878169729142	1.110788458027
2961	20220516_09	17	59715.074706948573294	59715.074720266638906	1.150680868886
2961	20220516_09	18	59715.075549132590822	59715.075561519872281	1.070261118002
2961	20220516_09	19	59715.076391754380893	59715.076397293378250	0.478569371626
2961	20220516_09	20	59715.077230788774614	59715.077239966849447	0.792985665612
2961	20220516_09	21	59715.078071128096781	59715.078080036539177	0.769689423032
2961	20220516_09	22	59715.078910942880611	59715.078920816871687	0.853112828918
2961	20220516_09	23	59715.079750239776331	59715.079761778673856	0.996960746124
2961	20220516_09	24	59715.080592833714036	59715.080601351626683	0.735947652720
2961	20220516_09	25	59715.081431775455712	59715.081440010893857	0.711541855708
2961	20220516_09	26	59715.082269698599703	59715.082279829490290	0.875308946706
2962	20220516_10	0	59715.083107871934772	59715.083113765052985	0.509165413678
2962	20220516_10	1	59715.083947734383401	59715.083956010370457	0.715045281686
2962	20220516_10	2	59715.084786424748017	59715.084792013461993	0.482864887454
2962	20220516_10	3	59715.085623844599468	59715.085632395886932	0.738831236959
2962	20220516_10	4	59715.086462046077941	59715.086470030786586	0.689878826961
2962	20220516_10	5	59715.087299591039482	59715.087305992747133	0.553107541054
2962	20220516_10	6	59715.088138666360464	59715.088146522983152	0.678812200204
2962	20220516_10	7	59715.088974552105356	59715.088986258626392	1.011443417519
2962	20220516_10	8	59715.089813214413880	59715.089826751915098	1.169640105218
2962	20220516_10	9	59715.090652800237876	59715.090665011557576	1.055058022030
2962	20220516_10	10	59715.091493589301535	59715.091504598814936	0.951221957803
2962	20220516_10	11	59715.092330575083906	59715.092343243813957	1.094578276388
2962	20220516_10	12	59715.093171306893055	59715.093182804528624	0.993395713158
2962	20220516_10	13	59715.094011123823293	59715.094022163779300	0.953852199018
2962	20220516_10	14	59715.094849573790270	59715.094860165394493	0.915114604868
2962	20220516_10	15	59715.095688684770721	59715.095696184769622	0.647999905050
2962	20220516_10	16	59715.096527327194053	59715.096534664364299	0.633931509219
2962	20220516_10	17	59715.097368938055297	59715.097374840202974	0.509945559315
2962	20220516_10	18	59715.098205791371583	59715.098211866963538	0.524931144901
2962	20220516_10	19	59715.099044913993566	59715.099054803380568	0.854443036951
2962	20220516_10	20	59715.099881489884865	59715.099895049068436	1.171513460577
2962	20220516_10	21	59715.100723167684919	59715.100732612489082	0.816031079739
2962	20220516_10	22	59715.101562514944817	59715.101571037892427	0.736382673495
2962	20220516_10	23	59715.102400987067085	59715.102409616578370	0.745589775033
2962	20220516_10	24	59715.103239827614743	59715.103250356602075	0.909704505466
2962	20220516_10	25	59715.104076944975532	59715.104088404783397	0.990127399564
2962	20220516_10	26	59715.104916740630870	59715.104922796810570	0.523253926076
2962	20220516_10	27	59715.105754631986201	59715.105764950385492	0.891509698704
2962	20220516_10	28	59715.106593565935327	59715.106601604442403	0.694527011365
2962	20220516_10	29	59715.107433810619114	59715.107439667532162	0.506037287414
2962	20220516_10	30	59715.108272822319122	59715.108278920270095	0.526862964034
2962	20220516_10	31	59715.109110768280516	59715.109118605898402	0.677170185372
2962	20220516_10	32	59715.109945525568037	59715.109955793595873	0.887157605030
2962	20220516_10	33	59715.110781366376614	59715.110793768304575	1.071526575834
2962	20220516_10	34	59715.111618177106720	59715.111631104795379	1.116952300072
2962	20220516_10	35	59715.112457097304286	59715.112468332728895	0.970740686171
2962	20220516_10	36	59715.113293878297554	59715.113304929007427	0.954781332985
2962	20220516_10	37	59715.114131146641739	59715.114142631340655	0.992277986370
2962	20220516_10	38	59715.114969637383183	59715.114979910518741	0.887598912232
2962	20220516_10	39	59715.115804380206100	59715.115816308381909	1.030594389886
2962	20220516_10	40	59715.116636959814059	59715.116651871801878	1.288395747542
2962	20220516_10	41	59715.117469578515738	59715.117487140552839	1.517360005528
2962	20220516_10	42	59715.118303385133913	59715.118321406982432	1.557087711990
2962	20220516_10	43	59715.119137176123331	59715.119152863051568	1.355350599624
2962	20220516_10	44	59715.119972913300444	59715.119987121717713	1.227607252076
2962	20220516_10	45	59715.120810127016739	59715.120822944081738	1.107394415885
2962	20220516_10	46	59715.121645033701498	59715.121656112743949	0.957229267806
2962	20220516_10	47	59715.122484269078996	59715.122490282301442	0.519542419352
2962	20220516_10	48	59715.123315163669758	59715.123325751461380	0.914785196073
2962	20220516_10	49	59715.124151078292925	59715.124161861152970	0.931639107876
2963	20220516_11	0	59715.124985114729498	59715.124996371720044	0.972603983246
2963	20220516_11	1	59715.125822393427370	59715.125832205507322	0.847763707861
2963	20220516_11	2	59715.126658501030761	59715.126669009579928	0.907938648015
2963	20220516_11	3	59715.127496419743693	59715.127505198288418	0.758466264233
2963	20220516_11	4	59715.128332597305416	59715.128343558710185	0.947065372020
2963	20220516_11	5	59715.129167558887275	59715.129180886440736	1.151500619017
2963	20220516_11	6	59715.130006204017263	59715.130012491186790	0.543211447075
2963	20220516_11	7	59715.130843652172189	59715.130855884883204	1.056906231679
2963	20220516_11	8	59715.132514018921938	59715.132527348345320	1.151662180200
2963	20220516_11	9	59715.133349680996616	59715.133361416257685	1.013926556334
2963	20220516_11	10	59715.134184639253363	59715.134196830054861	1.053285249509
2963	20220516_11	11	59715.135020794899901	59715.135031805533799	0.951318768784
2963	20220516_11	12	59715.135856379834877	59715.135865761585592	0.810583261773
2963	20220516_11	13	59715.136690495055518	59715.136698665701260	0.705943792127
2963	20220516_11	14	59715.137526361300843	59715.137533439206891	0.611531082541
2963	20220516_11	15	59715.138360212054977	59715.138368896499742	0.750336027704
2963	20220516_11	16	59715.139194726907590	59715.139204758779670	0.866753747687
2963	20220516_11	17	59715.140030806833238	59715.140042128557980	0.978197017685
2963	20220516_11	18	59715.140867130394327	59715.140874343422183	0.623205606826
2963	20220516_11	19	59715.141705093315977	59715.141712649798137	0.652880058624
2963	20220516_11	20	59715.142537743769935	59715.142549924370542	1.052403892390
2963	20220516_11	21	59715.143371759564616	59715.143384194350801	1.074365526438
2963	20220516_11	22	59715.144207877703593	59715.144220070840674	1.053487043828
2963	20220516_11	23	59715.145041246389155	59715.145052991414559	1.014770194888
2963	20220516_11	24	59715.145878030707536	59715.145887709200906	0.836221827194
2963	20220516_11	25	59715.146713218658988	59715.146723799487518	0.914183584973
2963	20220516_11	26	59715.147547007749381	59715.147557991120266	0.948963244446
2963	20220516_11	27	59715.148380843253108	59715.148391571601678	0.926929316483
2963	20220516_11	28	59715.149215544035542	59715.149227976187831	1.074137957767
2963	20220516_11	29	59715.150052098055312	59715.150062485226954	0.897451629862
2963	20220516_11	30	59715.150888272066368	59715.150900128588546	1.024403516203
2963	20220516_11	31	59715.151724318566266	59715.151733554157545	0.797955086455
2963	20220516_11	32	59715.152560792652366	59715.152570466212637	0.835795607418
2963	20220516_11	33	59715.153396427434927	59715.153405422955984	0.777213019319
2963	20220516_11	34	59715.154232061518996	59715.154243328004668	0.973424362019
2963	20220516_11	35	59715.155067254476307	59715.155079192249104	1.031423569657
2963	20220516_11	36	59715.155905936757335	59715.155916956238798	0.952083198354
2963	20220516_11	37	59715.156743971667311	59715.156751982816786	0.692163314670
2963	20220516_11	38	59715.157579585895292	59715.157589172835287	0.828311615624
2963	20220516_11	39	59715.158418322971556	59715.158427067617595	0.755537417717
2963	20220516_11	40	59715.159253371057275	59715.159263910296431	0.910590263084
2963	20220516_11	41	59715.160091912417556	59715.160100857450743	0.772850867361
2963	20220516_11	42	59715.160926438846218	59715.160938587527198	1.049646036699
2963	20220516_11	43	59715.161760006019904	59715.161776287553948	1.406724541448
2963	20220516_11	44	59715.162596366048092	59715.162613811822666	1.507314923219
2963	20220516_11	45	59715.163432874098362	59715.163449662933999	1.450555399060
2963	20220516_11	46	59715.164269681125006	59715.164284869482799	1.312274113297
2963	20220516_11	47	59715.165106286542141	59715.165122427155438	1.394548988901
2963	20220516_11	48	59715.165945240652945	59715.165958021250844	1.104243658483
2976	20220517_00	0	59715.666389715210244	59715.707968135968258	3592.375553492457
2977	20220517_01	0	59715.708448737736035	59715.749387070733064	3537.071970943362
2978	20220517_02	0	59715.749869577426580	59715.761941490942263	1043.013327755034
2978	20220517_02	1	59715.762982874868612	59715.791140293491480	2432.800969015807
2979	20220517_03	0	59715.791632988300989	59715.832639187348832	3542.935597733594
2980	20220517_04	0	59715.833141111121222	59715.874463910622580	3570.289876917377
2981	20220517_05	0	59715.874969824246364	59715.883210713822336	712.012859364040
2982	20220517_07	0	59715.995400008105207	59715.999527770720306	356.638689944521
2987	20220517_12	0	59716.166683342322358	59716.207756418931240	3548.713819007389
2988	20220517_13	0	59716.208228954754304	59716.249546018305409	3569.794290815480
2989	20220517_14	0	59716.250023380467610	59716.268405415496090	1588.207826460712
2989	20220517_14	1	59716.269387980377360	59716.291360544521012	1898.429542011581
2990	20220517_15	0	59716.291821081395028	59716.333049716246023	3562.154051125981
2991	20220517_16	0	59716.333023855557258	59716.374562375116511	3588.928089919500
2992	20220517_17	0	59716.375032305870263	59716.415976076546940	3537.541786464863
2993	20220517_18	0	59716.416462510052952	59716.457615383274970	3555.608246382326
2994	20220517_19	0	59716.458107178674254	59716.493798662180780	3083.744174963795
2994	20220517_19	1	59716.496301739294722	59716.497855519999575	134.246652899310
2995	20220517_20	0	59716.501467732814490	59716.504066505891387	224.533993843943
2995	20220517_20	1	59716.507931162705063	59716.510532039705140	224.715772806667
2995	20220517_20	2	59716.514300812785223	59716.514846181591565	47.119864868000
2995	20220517_20	3	59716.522468173141533	59716.535351903010451	1113.154260674492
2995	20220517_20	4	59716.539685187046416	59716.541263932165748	136.403578310274
2996	20220517_21	0	59716.541735118720680	59716.582835873487056	3551.105211814865
2997	20220517_22	0	59716.583322685495659	59716.624634242965840	3569.318565423600
2998	20220517_23	0	59716.625139931245940	59716.666098738736764	3538.840967207216
2999	20220518_00	0	59716.666593288369768	59716.708022580554825	3579.490844788961
3000	20220518_01	0	59716.708536484635260	59716.749292550506652	3521.324091288261
3001	20220518_02	0	59716.749802928650752	59716.779662184308108	2579.839688795619
3001	20220518_02	1	59716.780672921784571	59716.790972123475512	889.851026097313
3002	20220518_03	0	59716.791460902430117	59716.833042003694572	3592.607149248943
3003	20220518_04	0	59716.833074655471137	59716.874613418629451	3588.949136878364
3004	20220518_05	0	59716.875090973677288	59716.880254626325041	446.139588765800
3004	20220518_05	1	59716.882267144646903	59716.882270696158230	0.306850578636
3005	20220518_07	0	59716.992022106969671	59716.999281154145137	627.181675960310
3006	20220518_08	0	59716.999791673959407	59717.041283741586085	3584.914642944932
3007	20220518_09	0	59717.041790049057454	59717.082718485740770	3536.216929438524
3008	20220518_10	0	59717.083215295948321	59717.124490666785277	3566.192040313035
3009	20220518_11	0	59717.124978476742399	59717.166242742452596	3565.232557361014
3018	20220518_20	0	59717.499698148283642	59717.541653020605736	3624.900968628936
3019	20220518_21	0	59717.542114468895306	59717.583133462539990	3544.041050900705
3020	20220518_22	0	59717.583627337946382	59717.624859670868318	3562.473564455286
3021	20220518_23	0	59717.625353267052560	59717.664008228064631	3339.788631442934
3021	20220518_23	1	59717.665035190155322	59717.666622574412031	137.149999779649
3022	20220519_00	0	59717.667125463718548	59717.707839751543361	3517.714468063787
3023	20220519_01	0	59717.708343982878432	59717.749499615369132	3555.846647196449
3024	20220519_02	0	59717.750017147329345	59717.769282127206679	1664.494261401705
3024	20220519_02	1	59717.770317370494013	59717.791131525067613	1798.342955159023
3025	20220519_03	0	59717.791646656536614	59717.815044524380937	2021.575781749561
3025	20220519_03	1	59717.816070304965251	59717.833215103499242	1481.310593336821
3026	20220519_04	0	59717.833726767988992	59717.867988981182862	2960.255219950341
3026	20220519_04	1	59717.869022347374994	59717.874737763675512	493.811968364753
3027	20220519_05	0	59717.875250821496593	59717.877331844007131	179.800344910473
3028	20220519_07	0	59717.989557203065488	59717.997882371193555	719.294526265003
3028	20220519_07	1	59717.998884726242977	59717.999925286654616	89.904419565573
3033	20220519_12	0	59718.166792361575062	59718.208276861470949	3584.260791004635
3034	20220519_13	0	59718.208308693385334	59718.249602250507451	3567.763335350901
3035	20220519_14	0	59718.250090668603661	59718.291143200112856	3546.938722394407
3036	20220519_15	0	59718.291584741135011	59718.332567247904080	3540.888584847562
3037	20220519_16	0	59718.333058492673445	59718.374469138347195	3577.879786211997
3038	20220519_17	0	59718.374931057915092	59718.376018187722366	93.928015348502
3038	20220519_17	1	59718.376997702311201	59718.395657602603023	1612.215385213494
3038	20220519_17	2	59718.396642831103236	59718.416344579483848	1702.231060084887
3039	20220519_18	0	59718.416812065443082	59718.425653902828344	763.934750086628
3039	20220519_18	1	59718.426640752812091	59718.457844157310319	2695.974148646928
3040	20220519_19	0	59718.458296765289560	59718.499701055057812	3577.330635976978
3041	20220519_20	0	59718.500125481361465	59718.541176780876413	3546.832278091460
3042	20220519_21	0	59718.541597017931053	59718.583078902673151	3584.034841717221
3043	20220519_22	0	59718.583517606704845	59718.624553696237854	3545.518135651946
3044	20220519_23	0	59718.625000026178895	59718.666574874856451	3592.066925740801
3045	20220520_00	0	59718.666627693208284	59718.708099691277312	3583.180633164011
3046	20220520_01	0	59718.708575928743812	59718.749903536358033	3570.705297868699
3047	20220520_02	0	59718.749955213454086	59718.785989554198750	3113.367040338926
3047	20220520_02	1	59718.786958152610168	59718.791197663158528	366.293711378239
3048	20220520_03	0	59718.791642599098850	59718.812035381663009	1761.936413543299
3048	20220520_03	1	59718.813004194314999	59718.832861025599414	1715.630222973414
3049	20220520_04	0	59718.833300966784009	59718.874876399291679	3592.117368662730
3050	20220520_05	0	59718.879548164200969	59718.879551641883154	0.300471740775
3051	20220520_07	0	59718.986842513913871	59718.999735898039944	1113.988388492726
3056	20220520_12	0	59719.166824318024737	59719.207854304499051	3544.990831380710
3057	20220520_13	0	59719.208296311247977	59719.249668950280466	3574.596012406982
3058	20220520_14	0	59719.250107670493890	59719.269070523376286	1638.390489039011
3058	20220520_14	1	59719.270000041855383	59719.291170487798809	1829.126529511996
3059	20220520_15	0	59719.291580124168831	59719.296312945400132	408.915754384361
3059	20220520_15	1	59719.297233572120604	59719.332863852061564	3078.456186898984
3060	20220520_16	0	59719.333289639085706	59719.374538399213634	3563.892875052989
3061	20220520_17	0	59719.374973198428052	59719.397613623608777	1956.132735614665
3061	20220520_17	1	59719.398567132178869	59719.416136787272990	1518.018200132065
3062	20220520_18	0	59719.416577327749110	59719.457946948801691	3574.335258943029
3063	20220520_19	0	59719.458377780625597	59719.499397592044261	3544.111706572585
3064	20220520_20	0	59719.499878141599766	59719.541371372208232	3585.015124571510
3065	20220520_21	0	59719.541402437869692	59719.583070101863996	3600.086169107817
3066	20220520_22	0	59719.583510654105339	59719.624317772882932	3525.735062384047
3067	20220520_23	0	59719.624769450820168	59719.666101341921603	3571.075391164050
3068	20220521_00	0	59719.666557425596693	59719.707794669135183	3562.897841725498
3069	20220521_01	0	59719.708254166791448	59719.749366165699030	3552.076705615036
3070	20220521_02	0	59719.749822712677997	59719.791199981766113	3574.996049213223
3071	20220521_03	0	59719.791643305099569	59719.832864814547065	3561.538416263647
3072	20220521_04	0	59719.833304399449844	59719.872366749455978	3374.987040529959
3073	20220521_07	0	59719.984302095326711	59719.999318234018574	1297.394382976927
3086	20220521_20	0	59720.499967980351357	59720.540935959877970	3539.633431099355
3087	20220521_21	0	59720.541406843673030	59720.582987980604230	3592.610230855644
3088	20220521_22	0	59720.583484657028748	59720.624644862502464	3556.241752929054
3089	20220521_23	0	59720.625141205928230	59720.666285144041467	3554.836252983660
3090	20220522_00	0	59720.666788227681536	59720.707962080581638	3557.420890568756
3091	20220522_01	0	59720.708463084985851	59720.749474565323908	3543.391901208088
3092	20220522_02	0	59720.749971422650560	59720.790905154288339	3536.674413504079
3093	20220522_03	0	59720.791406134885619	59720.792948910471750	133.295810641721
3093	20220522_03	1	59720.793958932212263	59720.832829479768407	3358.415308850817
3094	20220522_04	0	59720.833338231328526	59720.869105810590554	3090.318848239258
3095	20220522_07	0	59720.981139247101964	59720.999643440918589	1598.762345756404
3100	20220522_12	0	59721.166625973477494	59721.207944439964194	3569.915504450910
3101	20220522_13	0	59721.208414132299367	59721.249415031692479	3542.477707564831
3102	20220522_14	0	59721.249855577960261	59721.291376968933037	3587.448180047795
3103	20220522_15	0	59721.291795852957875	59721.332702962223266	3534.374240529723
3104	20220522_16	0	59721.333124085394957	59721.374669076052669	3589.487192826346
3105	20220522_17	0	59721.375158146358444	59721.416130073295790	3539.974487386644
3106	20220522_18	0	59721.416562966238416	59721.457757389056496	3559.198131482117
3107	20220522_19	0	59721.458201399706013	59721.474563158793899	1413.655985193327
3107	20220522_19	1	59721.475516920050723	59721.499538498028414	2075.464337272570
3108	20220522_20	0	59721.500010192736227	59721.533907154873305	2928.697528643534
3108	20220522_20	1	59721.534883368061855	59721.541092492276221	536.468332121149
3109	20220522_21	0	59721.541556954551197	59721.582760097437131	3559.951545344666
3110	20220522_22	0	59721.583244000503328	59721.624538806798228	3567.871263879351
3111	20220522_23	0	59721.625048868947488	59721.664337614674878	3394.547630846500
3111	20220522_23	1	59721.665362160005316	59721.665884096510126	45.095314015634
3112	20220523_00	0	59721.666393178995349	59721.707702778519888	3569.149398920126
3113	20220523_01	0	59721.708211468576337	59721.749399500607979	3558.645967533812
3114	20220523_02	0	59721.749897924266406	59721.783259888594330	2882.473717932589
3114	20220523_02	1	59721.784281149288290	59721.790951561946713	576.323653687723
3115	20220523_03	0	59721.791443056448770	59721.832999245008978	3590.454691601917
3116	20220523_04	0	59721.833507788294810	59721.866851936974854	2880.934445955791
3117	20220523_07	0	59721.978855805711646	59721.999462215659150	1780.393819464371
3129	20220523_20	0	59722.500111806126370	59722.526525914698141	2282.178980601020
3129	20220523_20	1	59722.527508131766808	59722.541028879721125	1168.192623252980
3130	20220523_21	0	59722.541505107881676	59722.557102574442979	1347.621110896580
3130	20220523_21	1	59722.558112062608416	59722.582566783901711	2112.887919740751
3131	20220523_22	0	59722.583049113251036	59722.624320825067116	3565.875900909305
3132	20220523_23	0	59722.624826163657417	59722.638986110541737	1223.419410805218
3132	20220523_23	1	59722.640017602636362	59722.666257068165578	2267.089821724221
3133	20220524_00	0	59722.666766668495256	59722.707593241066206	3527.415870130062
3134	20220524_01	0	59722.708111117593944	59722.749436312762555	3570.496862567961
3135	20220524_02	0	59722.749942855596601	59722.791199935796612	3564.611729281023
3136	20220524_03	0	59722.791715313956956	59722.813149017638352	1851.871998072602
3136	20220524_03	1	59722.814184267524979	59722.832993971103861	1625.158389215358
3137	20220524_04	0	59722.833509045740357	59722.863813208299689	2618.279645126313
3137	20220524_04	1	59722.864855345593242	59722.864858911794727	0.308119808324
3138	20220524_07	0	59722.975909171014791	59722.999546517756244	2042.266758461483
3143	20220524_12	0	59723.166877926676534	59723.207981453728280	3551.344737270847
3144	20220524_13	0	59723.208483805850847	59723.216804481919098	718.906412296928
3144	20220524_13	1	59723.217821190817631	59723.249647044460289	2749.753754725680
3145	20220524_14	0	59723.250134034817165	59723.291417778855248	3566.915484890342
3146	20220524_15	0	59723.291875259790686	59723.332811737309385	3536.911657615565
3147	20220524_16	0	59723.333281500621524	59723.374578695620585	3568.077647918835
3148	20220524_17	0	59723.375064831307100	59723.415954053147289	3532.828766992316
3149	20220524_18	0	59723.416439834065386	59723.458030269524897	3593.413623701781
3150	20220524_19	0	59723.458480568115192	59723.499287222170096	3525.694910343736
3151	20220524_20	0	59723.499721991451224	59723.541267735061410	3589.552247920074
3152	20220524_21	0	59723.541760534695641	59723.582953677097976	3559.087503561750
3153	20220524_22	0	59723.583439365153026	59723.624239738746837	3525.152278505266
3154	20220524_23	0	59723.624727547299699	59723.634845566542936	874.196862615645
3154	20220524_23	1	59723.635862272669328	59723.666144712922687	2616.402837890200
3155	20220525_00	0	59723.666671072031022	59723.697066861015628	2626.196168269962
3155	20220525_00	1	59723.698084974625090	59723.707666902548226	827.878572558984
3156	20220525_01	0	59723.708196535037132	59723.749667718831915	3583.110279869288
3157	20220525_02	0	59723.750138904128107	59723.790997368392709	3530.171312461607
3158	20220525_03	0	59723.791477792692604	59723.832777724019252	3568.314066622406
3159	20220525_04	0	59723.833276853307325	59723.861250882669992	2416.956136934459
3159	20220525_04	1	59723.862295847640780	59723.862299414737208	0.308197131380
3160	20220525_07	0	59723.972873973652895	59723.999660472465621	2314.353497419506
3169	20220525_16	0	59724.333113543485524	59724.370001033857989	3187.079168180935
3169	20220525_16	1	59724.371013442250842	59724.374626599950716	312.176825269125
3170	20220525_17	0	59724.375127682535094	59724.416174557292834	3546.449979068711
3171	20220525_18	0	59724.416672689752886	59724.456250222647213	3419.498842069879
3171	20220525_18	1	59724.457254636166908	59724.457798119896324	46.956994221546
3172	20220525_19	0	59724.458286581211723	59724.489848005730892	2726.907078456134
3172	20220525_19	1	59724.490836736033089	59724.499693428108003	765.218195272610
3173	20220525_20	0	59724.500165741163073	59724.541288514286862	3553.007597895339
3174	20220525_21	0	59724.541758720421058	59724.567937997613626	2261.889549437910
3174	20220525_21	1	59724.568955440423451	59724.582586425887712	1177.717144112103
3175	20220525_22	0	59724.583089265368471	59724.624539122974966	3581.267697201110
3176	20220525_23	0	59724.625046423061576	59724.666073709937336	3544.757586065680
3177	20220526_00	0	59724.666571646899683	59724.708017434648355	3580.916061485186
3178	20220526_01	0	59724.708523268731369	59724.749242670397507	3518.156303954311
3179	20220526_02	0	59724.749750817041786	59724.790916017809650	3556.673346343450
3180	20220526_03	0	59724.791429053671891	59724.832534505454532	3551.511034020223
3181	20220526_04	0	59724.833043642138364	59724.842922794829065	853.558792476542
3181	20220526_04	1	59724.843956266427995	59724.857994620746467	1212.913813116029
3182	20220526_07	0	59724.970297339656099	59724.991638629740919	1843.887463328429
3182	20220526_07	1	59724.992674426677695	59724.999440592371684	584.596715960652
3187	20220526_12	0	59725.166766125723370	59725.207824419696408	3547.436599270441
3188	20220526_13	0	59725.208303690247703	59725.249478347119293	3557.490353705361
3189	20220526_14	0	59725.249952460639179	59725.291093641892076	3554.598060250282
3190	20220526_15	0	59725.291544447136403	59725.332915225233592	3574.435227597132
3191	20220526_16	0	59725.333371304979664	59725.374411249576951	3545.851213205606
3192	20220526_17	0	59725.374883800555835	59725.416439804568654	3590.438746707514
3193	20220526_18	0	59725.416906253740308	59725.457945590940653	3545.798734109849
3194	20220526_19	0	59725.458401880408928	59725.499642502763891	3563.189771468751
3195	20220526_20	0	59725.500110302869871	59725.541570129316824	3582.129005016759
3196	20220526_21	0	59725.542029716692923	59725.583128915073758	3550.970740104094
3197	20220526_22	0	59725.583601423320943	59725.624808005704836	3560.248717968352
3198	20220526_23	0	59725.625281019070826	59725.628415200437303	270.793270063587
3198	20220526_23	1	59725.629409742228745	59725.666580303848605	3211.536523955874
3199	20220527_00	0	59725.667061807973369	59725.708267870606505	3560.203811503015
3200	20220527_01	0	59725.708778247120790	59725.749924479860056	3555.034508672543
3201	20220527_02	0	59725.750417639108491	59725.791428802891460	3543.364550848491
3202	20220527_03	0	59725.791939606468077	59725.832902043628565	3539.154570666142
3203	20220527_04	0	59725.833371991218883	59725.855841450123989	1941.361249401234
3204	20220527_07	0	59725.968048853414075	59725.999624346339260	2728.122588736005
3209	20220527_12	0	59726.166991683130618	59726.207953471333894	3539.098500763066
3210	20220527_13	0	59726.208421309260302	59726.249642734343070	3561.531127151102
3211	20220527_14	0	59726.250080391015217	59726.291384404743440	3568.666786118411
3212	20220527_15	0	59726.291808568523265	59726.296857376946718	436.217047786340
3212	20220527_15	1	59726.298756052980025	59726.317823274737748	1647.407959867269
3212	20220527_15	2	59726.318765055919357	59726.332905503179063	1221.734643238597
3213	20220527_16	0	59726.333375592992525	59726.344629282240930	972.318751062267
3213	20220527_16	1	59726.345573504971981	59726.374785760919622	2523.938913876191
3214	20220527_17	0	59726.375252905134403	59726.382535984921560	629.258093610406
3214	20220527_17	1	59726.383485805177770	59726.416466336646408	2849.517918890342
3215	20220527_18	0	59726.416934974738979	59726.457953560253372	3544.005788443610
3216	20220527_19	0	59726.458415088469337	59726.499580251736916	3556.670106318779
3217	20220527_20	0	59726.500022237523808	59726.522254392686591	1920.858206064440
3217	20220527_20	1	59726.523190055449959	59726.541508993082971	1582.756211492233
3218	20220527_21	0	59726.541955557324400	59726.583297644319828	3571.956316404976
3219	20220527_22	0	59726.583741454494884	59726.597261299997626	1168.114651436917
3219	20220527_22	1	59726.598246189874772	59726.624645599316864	2280.908975796774
3220	20220527_23	0	59726.625089146182290	59726.666532169147104	3580.677184159867
3221	20220528_00	0	59726.666971540507802	59726.708270115086634	3568.196843611076
3222	20220528_01	0	59726.708704636810580	59726.749599767637847	3533.339303475805
3223	20220528_02	0	59726.750020844665414	59726.759550816932460	823.389603872783
3223	20220528_02	1	59726.760471769332071	59726.791437887754000	2675.472631654702
3224	20220528_03	0	59726.791866675186611	59726.833182598718849	3569.695793185383
3225	20220528_04	0	59726.833609494526172	59726.852567352907499	1637.958964146674
3226	20220528_07	0	59726.961494957606192	59726.961498381067940	0.295787095092
3226	20220528_07	1	59726.964981251352583	59726.999800864941790	3008.414614107460
3231	20220528_12	0	59727.166860692552291	59727.177259563570260	898.462455952540
3231	20220528_12	1	59727.178239816617861	59727.207930968565051	2565.315528237261
3232	20220528_13	0	59727.208366900144028	59727.249808755623235	3580.576313403435
3233	20220528_14	0	59727.250203960917133	59727.291621700154792	3578.492670133710
3234	20220528_15	0	59727.292072604250279	59727.331292338290950	3388.585021113977
3234	20220528_15	1	59727.332233572080440	59727.333263814456586	89.012941299006
3235	20220528_16	0	59727.333710185623204	59727.374863572338654	3555.652612214908
3236	20220528_17	0	59727.375313895354338	59727.416525213295245	3560.657870094292
3237	20220528_18	0	59727.416977793909609	59727.457947640592465	3539.794753398746
3238	20220528_19	0	59727.458393792170682	59727.499554289432126	3556.266963388771
3239	20220528_20	0	59727.499986592418281	59727.541436722145590	3581.291208439507
3240	20220528_21	0	59727.541889829095453	59727.583041195997794	3555.478100362234
3241	20220528_22	0	59727.583515528363932	59727.624835071408597	3570.008519059047
3242	20220528_23	0	59727.625287736256723	59727.666239005724492	3538.189682015218
3243	20220529_00	0	59727.666710670324392	59727.673276908280968	567.322959448211
3243	20220529_00	1	59727.674281945801340	59727.708022808568785	2915.210543107241
3244	20220529_01	0	59727.708504401300161	59727.725136492539605	1437.012683087960
3244	20220529_01	1	59727.726126408284472	59727.749794009847392	2044.880775036290
3245	20220529_02	0	59727.750291902586468	59727.791480961139314	3558.734658965841
3246	20220529_03	0	59727.791974769541412	59727.833030706089630	3547.232917766087
3247	20220529_04	0	59727.833528134433436	59727.850068029656541	1429.046947276220
3248	20220529_07	0	59727.962233729922445	59727.999797221847984	3245.485702366568
3253	20220529_12	0	59728.166884270023729	59728.208276145669515	3576.258055795915
3254	20220529_13	0	59728.208730110083707	59728.223713566083461	1294.570598378778
3254	20220529_13	1	59728.224649775336729	59728.249820039571205	2174.710829858668
3255	20220529_14	0	59728.250253491241892	59728.291546070380718	3567.678837594576
3256	20220529_15	0	59728.292006726704130	59728.333220670770970	3560.884767374955
3257	20220529_16	0	59728.333699198039540	59728.374620775888616	3535.624326160178
3258	20220529_17	0	59728.375097692813142	59728.416317174138385	3561.363186500967
3259	20220529_18	0	59728.416798845959420	59728.457964775065193	3556.736274738796
3260	20220529_19	0	59728.458422483075992	59728.499848965177080	3579.248053533956
3261	20220529_20	0	59728.500289610827167	59728.541445783390373	3555.893309460953
3262	20220529_21	0	59728.541909266670700	59728.583196713261714	3567.235385463573
3263	20220529_22	0	59728.583660216994758	59728.624581383155601	3535.588756296784
3264	20220529_23	0	59728.625054633244872	59728.666529567686666	3583.434335771017
3265	20220530_00	0	59728.667007899610326	59728.708012730632618	3542.817400326021
3266	20220530_01	0	59728.708488239943108	59728.749911305618298	3578.952874336392
3267	20220530_02	0	59728.750399775701226	59728.789723781213979	3397.594076301903
3267	20220530_02	1	59728.790704416795052	59728.791253868876083	47.472659801133
3268	20220530_03	0	59728.791722930989636	59728.832906718766026	3558.279263880104
3269	20220530_04	0	59728.833411584542773	59728.847622213244904	1227.798319864087
3269	20220530_04	1	59728.850147846394975	59728.850151298298442	0.298244459555
3270	20220530_07	0	59728.958593822339026	59728.958597234181070	0.294783152640
3270	20220530_07	1	59728.959610657140729	59728.999854854329897	3477.098637144081
3275	20220530_12	0	59729.166709996396094	59729.208228374591272	3587.187876063399
3276	20220530_13	0	59729.208713203224761	59729.249517767144425	3525.514322659001
3277	20220530_14	0	59729.249968981719576	59729.291569639834051	3594.296861090697
3278	20220530_15	0	59729.292021782879601	59729.300560145165946	737.714501540177
3278	20220530_15	1	59729.301520414330298	59729.332992490068136	2719.187343749218
3279	20220530_18	0	59729.416810880436969	59729.458256644269568	3580.913995136507
3280	20220530_19	0	59729.458714583473920	59729.467755451907578	781.131032668054
3280	20220530_19	1	59729.468718656396959	59729.476751333415450	694.023294397630
3280	20220530_19	2	59729.485444213096343	59729.485447853454389	0.314526935108
3280	20220530_19	3	59729.487884042639052	59729.487887622039125	0.309260166250
3280	20220530_19	4	59729.490457871048420	59729.499535449504037	784.302778565325
3281	20220530_20	0	59729.499995621627022	59729.541397386485187	3577.112483745441
3282	20220530_21	0	59729.541863672297040	59729.582959876868699	3550.712074991316
3283	20220530_22	0	59729.583443065923348	59729.617583520637709	2949.735287320800
3284	20220530_23	0	59729.626845501348726	59729.626847854196967	0.203286088072
3284	20220530_23	1	59729.629287984942493	59729.629291638048016	0.315628317185
3284	20220530_23	2	59729.634269470479921	59729.666485168665531	2783.436323236674
3285	20220531_00	0	59729.666968758829171	59729.707830454157374	3530.450476356782
3286	20220531_01	0	59729.708303057122976	59729.749644355491910	3571.888179075904
3287	20220531_02	0	59729.750120623059047	59729.791310163396702	3558.776285173371
3288	20220531_03	0	59729.791779629966186	59729.833285820968740	3586.134902620688
3289	20220531_04	0	59729.833759520253807	59729.844876838789787	960.536321508698
3290	20220531_06	0	59729.956729086028645	59729.958241573607665	130.678926827386
3291	20220531_07	0	59729.958719033420493	59729.969299894553842	914.186401921324
3291	20220531_07	1	59729.970275015592051	59729.999508049062570	2525.734091852792
3296	20220531_12	0	59730.166963918847614	59730.194022133509861	2337.829746818170
3296	20220531_12	1	59730.194990509735362	59730.208043890481349	1127.812096453272
3297	20220531_13	0	59730.208502561676141	59730.212028334535717	304.626775067300
3297	20220531_13	1	59730.213005396464723	59730.249540675540629	3156.648112158291
3298	20220531_14	0	59730.249983570902259	59730.291412709600991	3579.477583570406
3299	20220531_15	0	59730.291867373474815	59730.329587776999688	3259.042864548974
3299	20220531_15	1	59730.330557756700728	59730.333047225263726	215.090083843097
3300	20220531_16	0	59730.333521244785516	59730.374638808731106	3552.557524899021
3301	20220531_17	0	59730.375120862059703	59730.385035697356216	856.641769618727
3301	20220531_17	1	59730.386011574344593	59730.416573883019737	2640.583469532430
3302	20220531_19	0	59730.458573496485769	59730.499868599166803	3567.896871641278
3303	20220531_20	0	59730.500311459851218	59730.522324793215375	1901.952002663165
3303	20220531_20	1	59730.523280220913875	59730.541366996912984	1562.697446323000
3304	20220531_21	0	59730.541833449926344	59730.543378072863561	133.455421775579
3304	20220531_21	1	59730.544347810813633	59730.583129244936572	3350.715908221900
3305	20220531_22	0	59730.583606619642524	59730.604862535197753	1836.511103971861
3305	20220531_22	1	59730.605849658451916	59730.624605381919537	1620.494507602416
3306	20220531_23	0	59730.625086234635091	59730.645900957242702	1798.392033297569
3306	20220531_23	1	59730.646895272191614	59730.666201472042303	1668.055667099543
3307	20220601_00	0	59730.666682771399792	59730.667724630911835	90.016661840491
3307	20220601_00	1	59730.668710784499126	59730.708269138762262	3417.841808334924
3308	20220601_01	0	59730.708296536191483	59730.749805838284374	3586.403700825758
3309	20220601_02	0	59730.750287388415018	59730.776589696426527	2272.519412194379
3309	20220601_02	1	59730.777576736625633	59730.791231954768591	1179.810847551562
3310	20220601_03	0	59730.791709147953952	59730.833055125985993	3572.292501968332
3311	20220601_04	0	59730.833534854333266	59730.842120007728226	741.757253324613
3312	20220601_06	0	59730.954159376335156	59730.958216772953165	350.559067795984
3313	20220601_07	0	59730.958706371318840	59730.962253725032497	306.491360859945
3313	20220601_07	1	59730.963248069441761	59730.999550285851001	3136.511497758329
3318	20220601_12	0	59731.167006253286672	59731.208283647414646	3566.366852656938
3319	20220601_13	0	59731.208761239358864	59731.249807735934155	3546.417304105125
3320	20220601_14	0	59731.250259736567386	59731.291629846215073	3574.377473560162
3321	20220601_15	0	59731.292084961343789	59731.333196241423138	3552.014598855749
3322	20220601_16	0	59731.333664369783946	59731.342607134080026	772.654835181311
3322	20220601_16	1	59731.343575695151230	59731.374905135402514	2706.863637710921
3323	20220601_17	0	59731.375377209602448	59731.400754632137250	2192.609307006933
3323	20220601_17	1	59731.401710125093814	59731.416575564209779	1284.373939619400
3324	20220601_18	0	59731.417040635198646	59731.442787307998515	2224.512529908679
3324	20220601_18	1	59731.443749894307985	59731.458145432508900	1243.774500559084
3325	20220601_19	0	59731.458592481816595	59731.499946777417790	3573.011139943264
3326	20220601_20	0	59731.500387617146771	59731.541411673519178	3544.478470575996
3327	20220601_21	0	59731.541884838436090	59731.559981592836266	1563.559580175206
3327	20220601_21	1	59731.560958937683608	59731.583131996056181	1915.752243390307
3328	20220601_22	0	59731.583616325857292	59731.595717650307051	1045.554432459176
3328	20220601_22	1	59731.596706832293421	59731.624521697704040	2403.204371477477
3329	20220601_23	0	59731.625015973113477	59731.666522616142174	3586.173957679421
3330	20220602_00	0	59731.667023388494272	59731.707961581305426	3537.059858883731
3331	20220602_01	0	59731.708452664526703	59731.718039629748091	828.313795127906
3331	20220602_01	1	59731.719035536065348	59731.728121130945510	784.995397645980
3331	20220602_01	2	59731.729119574069045	59731.749818074502400	1788.350437441841
3332	20220602_02	0	59731.750305496520014	59731.791175596823450	3531.176666216925
3333	20220602_03	0	59731.791674543521367	59731.828337249658944	3167.657810286619
3333	20220602_03	1	59731.829328483770951	59731.832853170431918	304.532927507535
3334	20220602_04	0	59731.833341912577453	59731.836857296715607	303.729189536534
3334	20220602_04	1	59731.837852802476846	59731.838865872763563	87.529272772372
3335	20220602_06	0	59731.950386818309198	59731.950390317870188	0.302362069488
3335	20220602_06	1	59731.951372576339054	59731.956416489258118	435.794076207094
3335	20220602_06	2	59731.957393174154276	59731.957921532579348	45.650167926215
3336	20220602_07	0	59731.958396187888866	59731.977459976362297	1647.111324104480
3336	20220602_07	1	59731.978422582149506	59731.999948969467368	1859.879864263348
3341	20220602_12	0	59732.166829760819382	59732.199585187590856	2830.068873055279
3341	20220602_12	1	59732.200529760411882	59732.207995882665273	645.072962692939
3342	20220602_13	0	59732.208435317457770	59732.218922017804289	906.050909939222
3342	20220602_13	1	59732.219845046762202	59732.249566313701507	2567.917463555932
3343	20220602_14	0	59732.249989532450854	59732.291619005271059	3596.786451665685
3344	20220602_15	0	59732.292049425457662	59732.333235215839522	3558.452288992703
3345	20220602_16	0	59732.333679070572543	59732.333719546943030	3.497158410028
3346	20220602_17	0	59732.413182672411494	59732.416211795498384	261.716234707274
3347	20220602_18	0	59732.416694708517753	59732.458108256847481	3578.130575688556
3348	20220602_19	0	59732.458579636600916	59732.499682384492189	3551.277417805977
3349	20220602_20	0	59732.500142165707075	59732.541505288980261	3573.773850803263
3350	20220602_21	0	59732.541967827804910	59732.545066656515701	267.738800612278
3350	20220602_21	1	59732.546038686734391	59732.582880937174195	3183.170437999070
3351	20220602_22	0	59732.583358841715381	59732.624477249126357	3552.630400308408
3352	20220602_23	0	59732.624995270605723	59732.666174511134159	3557.886381656863
3353	20220603_00	0	59732.666671085702546	59732.708284953092516	3595.438142493367
3354	20220603_01	0	59732.708776636347466	59732.749696247396059	3535.454394598491
3355	20220603_02	0	59732.750187511468539	59732.791595548165787	3577.654370642267
3356	20220603_03	0	59732.792103376697924	59732.832908749172930	3525.584181840532
3357	20220603_04	0	59732.833365743761533	59732.836476999051229	268.812457029708
3358	20220603_06	0	59732.948910079809139	59732.958079789204930	792.262891796418
3359	20220603_07	0	59732.958507412273320	59732.999765585140267	3564.706135704182
3364	20220603_12	0	59733.166704053750436	59733.208092726825271	3575.981353665702
3365	20220603_13	0	59733.208482177164115	59733.249988660048984	3586.160121252760
3366	20220603_14	0	59733.250018404454750	59733.291390276819584	3574.529772321694
3367	20220603_15	0	59733.291784751956584	59733.333059682299790	3566.153981653042
3368	20220603_16	0	59733.333480562643672	59733.374711458782258	3562.349426373839
3369	20220603_17	0	59733.375152083368448	59733.416315200440295	3556.493315007538
3370	20220603_18	0	59733.416744023430510	59733.458012496499578	3565.596073167399
3371	20220603_19	0	59733.458426193057676	59733.499922448514553	3585.276471474208
3372	20220603_20	0	59733.500349083646142	59733.541505824628985	3555.942420917563
3373	20220603_21	0	59733.541995169187430	59733.544616858300287	226.513939350843
3373	20220603_21	1	59733.545562046645500	59733.582944593988941	3229.852090473287
3374	20220603_22	0	59733.583381719727186	59733.624488074456167	3551.589048583992
3375	20220603_23	0	59733.624997458566213	59733.666316633090901	3569.976678933017
3376	20220604_00	0	59733.666775475277973	59733.708048105174385	3565.955223049968
3377	20220604_01	0	59733.708504167923820	59733.749671242221666	3556.835219333880
3378	20220604_02	0	59733.750138892864925	59733.791267493244959	3553.511072834954
3379	20220604_03	0	59733.791723168389581	59733.798972647891787	626.355028990656
3379	20220604_03	1	59733.799996646514046	59733.833281729821465	2875.831197760999
3380	20220604_04	0	59733.833329521432461	59733.833845523207856	44.582553394139
3381	20220604_06	0	59733.946230335597647	59733.958123095282644	1027.534436783753
3382	20220604_07	0	59733.958572932897368	59733.999683747781091	3551.974405953661
3387	20220604_12	0	59734.166759732019273	59734.208157131914049	3576.735350908712
3388	20220604_13	0	59734.208563661348308	59734.249927766562905	3573.858690541238
3389	20220604_14	0	59734.250317598030961	59734.254515253494901	362.677432084456
3389	20220604_14	1	59734.255406253600086	59734.291514278353134	3119.733338663355
3390	20220604_15	0	59734.291907916027412	59734.332901146641234	3541.815125034191
3391	20220604_16	0	59734.333295382464712	59734.374723999586422	3579.432519315742
3392	20220604_17	0	59734.375106264677015	59734.407908716268139	2834.131817473099
3392	20220604_17	1	59734.408797256750404	59734.416483092900307	664.056243351661
3393	20220604_18	0	59734.416866217921779	59734.458281107261428	3578.246438945644
3394	20220604_19	0	59734.458341100667894	59734.463936536973051	483.445696765557
3394	20220604_19	1	59734.464804898743751	59734.499877897673286	3030.307107511908
3395	20220604_20	0	59734.500244918752287	59734.541623196659202	3575.083211157471
3396	20220604_21	0	59734.541717712818354	59734.583245711539348	3588.019089493901
3397	20220604_22	0	59734.583349427492067	59734.624684679380152	3571.365763130598
3398	20220604_23	0	59734.625080563870142	59734.666575028102670	3585.121709690429
3399	20220605_00	0	59734.666686474920425	59734.708120497525670	3579.899553093128
3400	20220605_01	0	59734.708524793248216	59734.749399917920528	3531.610771687701
3401	20220605_02	0	59734.750317600730341	59734.791561148944311	3563.442565687001
3402	20220605_03	0	59734.791670953811263	59734.830780500684341	3379.064849833958
3403	20220605_06	0	59734.942738900506811	59734.958166270174843	1332.924739317968
3404	20220605_07	0	59734.958295494550839	59734.999930053993012	3597.225935803726
3409	20220605_12	0	59735.166809957547230	59735.208217553961731	3577.616330212913
3410	20220605_13	0	59735.208697804446274	59735.249955499530188	3564.664855250157
3411	20220605_14	0	59735.250297233185847	59735.291489987590467	3559.053980559111
3412	20220605_15	0	59735.291873611378833	59735.333121004608984	3563.774775085039
3413	20220605_16	0	59735.333510880613176	59735.374886924284510	3574.890173203312
3414	20220605_17	0	59735.375379759214411	59735.416336299371324	3538.645069557242
3415	20220605_18	0	59735.416718993968971	59735.437675412089447	1810.634525609203
3415	20220605_18	1	59735.438554862033925	59735.458132832456613	1691.536644520238
3416	20220605_19	0	59735.458488681128074	59735.499686558279791	3559.496585908346
3417	20220605_20	0	59735.500053011783166	59735.503795813376200	323.378057638183
3417	20220605_20	1	59735.504680790290877	59735.541421197936870	3174.371220613830
3418	20220605_21	0	59735.541812328781816	59735.583233059594932	3578.751142253168
3419	20220605_22	0	59735.583656980292290	59735.624770545364299	3552.212022221647
3420	20220605_23	0	59735.625200712071091	59735.635172412279644	861.554898018949
3420	20220605_23	1	59735.636120143622975	59735.666362456948264	2612.935871304944
3421	20220606_00	0	59735.666787991955061	59735.687166551731934	1760.707564721815
3421	20220606_00	1	59735.688117145014985	59735.707861153714475	1705.882351635955
3422	20220606_01	0	59735.708465625699318	59735.749887097947067	3578.815202205442
3423	20220606_02	0	59735.749968635973346	59735.791304831451271	3571.447289292701
3424	20220606_03	0	59735.791717846230313	59735.828784325654851	3202.543822280131
3425	20220606_06	0	59735.936545148339064	59735.936548642021080	0.301854126155
3425	20220606_06	1	59735.940247578771960	59735.953150920344342	1114.848711853847
3425	20220606_06	2	59735.954097693240328	59735.958235717022035	357.525254739448
3426	20220606_07	0	59735.958308024280996	59735.999595287750708	3567.219563783146
3427	20220606_08	0	59736.000019928520487	59736.026436090505740	2282.356395525858
3427	20220606_08	1	59736.027379867213313	59736.041341271346027	1206.265317066573
3428	20220606_09	0	59736.041854874245473	59736.083185418086941	3570.958987902850
3429	20220606_10	0	59736.083288080430066	59736.099796035239706	1426.287295552902
3429	20220606_10	1	59736.100710882790736	59736.124922076502116	2091.847136663273
3430	20220606_11	0	59736.125019567400159	59736.166540597383573	3587.416990566999
3431	20220606_12	0	59736.166634619599790	59736.173308084500604	576.587367430329
3431	20220606_12	1	59736.174208796495805	59736.208071229099005	2925.714176916517
3432	20220606_13	0	59736.208441972768924	59736.249873755048611	3579.705988964997
3433	20220606_14	0	59736.250253009740845	59736.291586463878048	3571.210437454283
3434	20220606_15	0	59736.292070487805177	59736.302297832356999	883.642569277436
3434	20220606_15	1	59736.303296885816962	59736.332911965313542	2558.742868504487
3435	20220606_16	0	59736.333320153498789	59736.374737685880973	3578.474797820672
3436	20220606_17	0	59736.375162968564837	59736.416529395813996	3574.059314327314
3437	20220606_18	0	59736.416947222831368	59736.427285785190179	893.251787801273
3437	20220606_18	1	59736.428216213302221	59736.438212230445060	863.655881141312
3437	20220606_18	2	59736.441972119129787	59736.444660885776102	232.309438241646
3437	20220606_18	3	59736.448176422185497	59736.450959068082739	240.420605521649
3437	20220606_18	4	59736.454335548907693	59736.457017990745953	231.762974825688
3438	20220606_19	0	59736.460652326277341	59736.463325964759861	231.002364889719
3438	20220606_19	1	59736.469547491156845	59736.472214960529527	230.469353799708
3438	20220606_19	2	59736.483181968636927	59736.485846736381063	230.235933093354
3438	20220606_19	3	59736.489428152235632	59736.492098196846200	230.691854353063
3438	20220606_19	4	59736.495726162371284	59736.498398637646460	230.901863775216
3439	20220606_20	0	59736.504611241049133	59736.507283868282684	230.914992978796
3439	20220606_20	1	59736.510970516836096	59736.516745509667089	498.959380597807
3439	20220606_20	2	59736.518864825586206	59736.541615473295678	1965.655962098390
3440	20220606_21	0	59736.542106967695872	59736.578864811694075	3175.877721444704
3440	20220606_21	1	59736.579872015478031	59736.582999453210505	270.210620085709
3441	20220606_22	0	59736.583491908058932	59736.624466659355676	3540.218512038700
3442	20220606_23	0	59736.624961143010296	59736.633292718164739	719.848093343899
3442	20220606_23	1	59736.634326052713732	59736.666595548864279	2788.084467407316
3443	20220607_00	0	59736.667111352559004	59736.668158543892787	90.477331238799
3443	20220607_00	1	59736.669197223454830	59736.708257576690812	3374.814519588836
3444	20220607_01	0	59736.708769719087286	59736.749784947467560	3543.715732055716
3445	20220607_02	0	59736.750299308740068	59736.791347266822413	3546.543578314595
3446	20220607_03	0	59736.791838780030957	59736.824988944135839	2864.174178661779
3447	20220607_06	0	59736.937968179117888	59736.958120380455512	1741.150195570663
3448	20220607_07	0	59736.958630935499968	59736.997950420285633	3397.203485481441
3448	20220607_07	1	59736.998981269505748	59736.999502836646570	45.063400967047
3449	20220607_08	0	59737.000017144186131	59737.041366159966856	3572.554963454604
3450	20220607_09	0	59737.041876852636051	59737.058972821192583	1477.091683284380
3450	20220607_09	1	59737.059998401193297	59737.082789014035370	1969.108949555084
3451	20220607_10	0	59737.083286809021956	59737.124514350143727	3562.059552920982
3452	20220607_11	0	59737.125008798044291	59737.166626501362771	3595.769566716626
3453	20220607_12	0	59737.166632814733020	59737.187213135621278	1778.139724745415
3453	20220607_12	1	59737.188197245297488	59737.208256666344823	1733.133978489786
3454	20220607_13	0	59737.208705113924225	59737.249534149101237	3527.628639293835
3455	20220607_14	0	59737.249949540004309	59737.291282133432105	3571.136072161607
3456	20220607_15	0	59737.291728502888873	59737.333165632655437	3580.168011831120
3457	20220607_16	0	59737.333618307333381	59737.374915046086244	3568.038228247315
3458	20220607_17	0	59737.375360883881513	59737.416601980403357	3563.230739487335
3459	20220607_18	0	59737.417022920453746	59737.457967547365115	3537.615765142255
3460	20220607_19	0	59737.458387043807306	59737.478444395812403	1732.955213240348
3460	20220607_19	1	59737.479379876407620	59737.499952424528601	1777.468157652766
3461	20220607_20	0	59737.499971412900777	59737.506690953356156	580.568295344710
3461	20220607_20	1	59737.507633808192622	59737.541184865789546	2898.811376374215
3462	20220607_21	0	59737.541627786020399	59737.583125382814615	3585.392363020219
3463	20220607_22	0	59737.583587557346618	59737.624789008048538	3559.805340645835
3464	20220607_23	0	59737.625226634561841	59737.666467123293842	3563.178226444870
3465	20220608_00	0	59737.666985073577962	59737.708179324261437	3559.183259052224
3466	20220608_01	0	59737.708696918023634	59737.749634389445418	3536.997530842200
3467	20220608_02	0	59737.750053241754358	59737.791546036605723	3584.977475157939
3468	20220608_03	0	59737.791961345959862	59737.822637174060219	2650.391547870822
3469	20220608_06	0	59737.934924557186605	59737.936488245613873	135.102680115961
3469	20220608_06	1	59737.937524537868740	59737.945968207619444	729.533066460863
3469	20220608_06	2	59737.946883847034769	59737.957912425903487	952.869214257225
3470	20220608_07	0	59737.958304634106753	59737.999866261496209	3590.924606448971
3471	20220608_08	0	59737.999985083828506	59738.041289749620773	3568.723124451935
3472	20220608_09	0	59738.041673618492496	59738.083133047446609	3582.094661635347
3473	20220608_10	0	59738.083526629096013	59738.124802296246344	3566.217641788535
3474	20220608_11	0	59738.125307528775011	59738.145872371307632	1776.802394818515
3474	20220608_11	1	59738.146780100185424	59738.166462423185294	1700.552707188763
3475	20220608_12	0	59738.166853254660964	59738.168008230830310	99.789941031486
3475	20220608_12	1	59738.168911580491113	59738.207903720875038	3368.920929171145
3476	20220608_13	0	59738.208378721021290	59738.249649532626790	3565.798122715205
3477	20220608_14	0	59738.250017601400032	59738.291543498475221	3587.837507296354
3478	20220608_15	0	59738.291931018640753	59738.333244035151438	3569.444626523182
3479	20220608_16	0	59738.333331850721152	59738.374808485008543	3583.581202430651
3480	20220608_17	0	59738.375222463619139	59738.416276349322288	3547.055724752136
3481	20220608_18	0	59738.416705094125064	59738.457215927483048	3500.136002129875
3481	20220608_18	1	59738.458112041815184	59738.458154437008488	3.662944701500
3482	20220608_19	0	59738.458620400029758	59738.499558751653240	3537.073580268770
3483	20220608_20	0	59738.499952326899802	59738.541551452319254	3594.164436240681
3484	20220608_21	0	59738.541628823077190	59738.583276657089300	3598.372858646326
3485	20220608_22	0	59738.583367040264420	59738.624620358823449	3564.286723500118
3486	20220608_23	0	59738.625011372103472	59738.658662392830593	2907.448190823197
3486	20220608_23	1	59738.659576176280098	59738.666395823354833	589.217507257126
3487	20220609_00	0	59738.666794691918767	59738.708128142403439	3571.210121875629
3488	20220609_01	0	59738.708529181036283	59738.725592070004495	1474.233606853522
3488	20220609_01	1	59738.726505154729239	59738.749709940355388	2004.893478099257
3489	20220609_02	0	59738.750113658687042	59738.756890695403854	585.535972332582
3489	20220609_02	1	59738.757801628344168	59738.758428907611233	54.196928674355
3489	20220609_02	2	59738.759337740397314	59738.791599812662753	2787.443043733947
3490	20220609_03	0	59738.791703821196279	59738.820331408991478	2473.423585505225
3491	20220609_06	0	59738.932588552153902	59738.958132343119360	2206.983539415523
3492	20220609_07	0	59738.958492834499339	59738.965141967470117	574.485088675283
3492	20220609_07	1	59738.966159301045991	59738.999871813168284	2912.761047366075
3497	20220609_12	0	59739.166709512581292	59739.208096053982445	3575.797177059576
3498	20220609_13	0	59739.208425035707478	59739.249727922760940	3568.569441419095
3499	20220609_14	0	59739.250038265614421	59739.291514363932947	3583.534894720651
3500	20220609_15	0	59739.291631149018940	59739.332979991180764	3572.539962781593
3501	20220609_16	0	59739.333334956398176	59739.333978692069650	55.618762015365
3502	20220609_17	0	59739.376831025168940	59739.377235078834929	34.910236741416
3502	20220609_17	1	59739.415825259027770	59739.416363685995748	46.520090033300
3503	20220609_18	0	59739.416856254683807	59739.458033356604574	3557.701605954207
3504	20220609_19	0	59739.458481144101825	59739.499819690849108	3571.650438965298
3505	20220609_20	0	59739.500281642169284	59739.541326475584356	3546.273607062176
3506	20220609_21	0	59739.541805927205132	59739.583004429325229	3559.550583176315
3507	20220609_22	0	59739.583509956944908	59739.624827886225830	3569.869089871645
3508	20220609_23	0	59739.625314468314173	59739.666184319248714	3531.155120744370
3509	20220610_00	0	59739.666666102173622	59739.708005192514975	3571.697405492887
3510	20220610_01	0	59739.708494330923713	59739.737349404138513	2493.078325758688
3510	20220610_01	1	59739.738351510510256	59739.749675997729355	978.435695730150
3511	20220610_02	0	59739.750159878043632	59739.791607225830376	3581.050848774612
3512	20220610_03	0	59739.792092018302355	59739.817618124696310	2205.455592437647
3513	20220610_06	0	59739.929514943323738	59739.958000502891082	2461.152346618474
3514	20220610_07	0	59739.958467268559616	59739.999729682655015	3565.072577842511
3515	20220610_08	0	59740.000190643128008	59740.041437325191509	3563.713330286555
3516	20220610_09	0	59740.041897616232745	59740.083102180040441	3560.074312984943
3517	20220610_10	0	59740.083564255073725	59740.124670896948373	3551.613857969642
3518	20220610_11	0	59740.125111468201794	59740.166149391639919	3545.676585054025
3519	20220610_12	0	59740.166634045199316	59740.189755644852994	1997.706210077740
3519	20220610_12	1	59740.190674199751811	59740.207875952626637	1486.231448384933
3520	20220610_13	0	59740.208284146268852	59740.249927354336251	3597.973177023232
3521	20220610_14	0	59740.250325593675370	59740.291226368288335	3533.826926560141
3522	20220610_15	0	59740.291701312511577	59740.333000496670138	3568.249511299655
3523	20220610_16	0	59740.333452447877789	59740.374918596586213	3582.675248407759
3524	20220610_17	0	59740.375365162552043	59740.416460011510935	3550.594950048253
3525	20220610_18	0	59740.416904524601705	59740.458315560317715	3577.913485863246
3526	20220610_19	0	59740.458728632547718	59740.499674393162422	3537.713717110455
3527	20220610_20	0	59740.500087849308329	59740.541624916506407	3588.802605913952
3528	20220610_21	0	59740.541681714938022	59740.582978540682234	3568.045744299889
3529	20220610_22	0	59740.583407768477628	59740.624886523721216	3583.764453046024
3530	20220610_23	0	59740.624953956583340	59740.666454699683527	3585.664203856140
3531	20220611_00	0	59740.666900823503966	59740.707868484038045	3539.605870144442
3532	20220611_01	0	59740.708375118512777	59740.749839194133529	3582.496133632958
3533	20220611_02	0	59740.750283917135675	59740.791596664959798	3569.421412004158
3534	20220611_03	0	59740.791664377364214	59740.814447816163010	1968.489112216048
3534	20220611_03	1	59740.816554408949742	59740.816557915146404	0.302935391665
3535	20220611_06	0	59740.927132784927380	59740.958183342278062	2682.768155098893
3536	20220611_07	0	59740.958609385510499	59740.999737029676908	3553.428455977701
3537	20220611_08	0	59741.000241088266193	59741.041481088672299	3563.136035087518
3538	20220611_09	0	59741.041901057651557	59741.062807178517687	1806.288842833601
3538	20220611_09	1	59741.063734145616763	59741.083134372827772	1676.179631031118
3539	20220611_10	0	59741.083556430086901	59741.124890562488872	3571.269039530307
3540	20220611_11	0	59741.125295101664960	59741.138029008383455	1100.209540477954
3540	20220611_11	1	59741.138932094792835	59741.166320431671920	2366.352306352928
3541	20220611_12	0	59741.166720030720171	59741.208098936629540	3575.137470569462
3542	20220611_13	0	59741.208472123777028	59741.249691237891966	3561.331459530629
3543	20220611_14	0	59741.250043641608499	59741.291567297383153	3587.643858930096
3544	20220611_15	0	59741.291651169653051	59741.333214524747746	3591.073880181648
3545	20220611_16	0	59741.333283571533684	59741.347411374576041	1220.642182859592
3545	20220611_16	1	59741.348323283324135	59741.364602332549111	1406.509853038006
3545	20220611_16	2	59741.365506857691798	59741.374960122149787	816.762049170211
3546	20220611_17	0	59741.375018532118702	59741.416362575859239	3572.125379182398
3547	20220611_18	0	59741.416783940265304	59741.458084509074979	3568.369145155884
3548	20220611_19	0	59741.458495039878471	59741.499963092501275	3582.839746610261
3549	20220611_20	0	59741.499989123069099	59741.541612190383603	3596.233015973121
3550	20220611_21	0	59741.541660189082904	59741.583058896052535	3576.848282176070
3551	20220611_22	0	59741.583482785761589	59741.624606531171594	3553.091603424400
3552	20220611_23	0	59741.625038553778722	59741.643544329512224	1598.899023374543
3552	20220611_23	1	59741.644568405637983	59741.666272090718849	1875.198390986770
3553	20220612_00	0	59741.666726295756234	59741.708034508788842	3569.029606017284
3554	20220612_01	0	59741.708495720435167	59741.744073723151814	3073.939434718341
3554	20220612_01	1	59741.745049424222088	59741.749733647739049	404.716911865398
3555	20220612_02	0	59741.750192960018467	59741.791357737303770	3556.636757450178
3556	20220612_03	0	59741.791809623005975	59741.811868344084360	1733.073501172476
3556	20220612_03	1	59741.814879291821853	59741.814882616788964	0.287277158350
3557	20220612_06	0	59741.923913452359557	59741.958264385590155	2967.920631123707
3558	20220612_07	0	59741.958715627966740	59741.999800949473865	3549.771778215654
3559	20220612_08	0	59742.000267250950856	59742.041447562478425	3557.978915981948
3560	20220612_09	0	59742.041919578528905	59742.083037602707918	3552.597289066762
3561	20220612_10	0	59742.083495024802687	59742.112278541942942	2486.895880918019
3561	20220612_10	1	59742.113245276574162	59742.124552866785962	976.975794299506
3562	20220612_11	0	59742.125007536284102	59742.143031333987892	1557.256121607497
3562	20220612_11	1	59742.143996912935108	59742.166590950211685	1952.124820696190
3563	20220612_12	0	59742.166622236283729	59742.208226171213028	3594.579977891408
3564	20220612_13	0	59742.208693290747760	59742.249583625525702	3532.924924814142
3565	20220612_14	0	59742.249997851853550	59742.291318861956825	3570.135272922926
3566	20220612_15	0	59742.291808104135271	59742.332877385328175	3548.385895066895
3567	20220612_16	0	59742.333301526487048	59742.374861348580453	3590.768628870137
3568	20220612_17	0	59742.375282525332295	59742.416575044546335	3567.673660092987
3569	20220612_18	0	59742.416980448608228	59742.458298011610168	3569.837443367578
3570	20220612_19	0	59742.458710089347733	59742.499559550742561	3529.393464513123
3571	20220612_20	0	59742.499966784387652	59742.541408886965655	3580.597662739456
3572	20220612_21	0	59742.541832076014543	59742.583025995139906	3559.154612431303
3573	20220612_22	0	59742.583429751095537	59742.624777782213641	3572.469888604246
3574	20220612_23	0	59742.625181644638360	59742.644109520784696	1635.368499043398
3574	20220612_23	1	59742.645027900362038	59742.666566908665118	1860.970317386091
3575	20220613_00	0	59742.666959391346609	59742.708279852675332	3570.087858801708
3576	20220613_01	0	59742.708398862945614	59742.749695232741942	3568.006350402720
3577	20220613_02	0	59742.750093197777460	59742.791512314855936	3578.611715580337
3578	20220613_03	0	59742.791904978053935	59742.809055388621346	1481.795473024249
3579	20220613_06	0	59742.921094478435407	59742.958249177332618	3210.165984719060
3580	20220613_07	0	59742.958623046397406	59742.999917313907645	3567.824712884612
3585	20220613_12	0	59743.166815399257757	59743.208172563572589	3573.258996801451
3586	20220613_13	0	59743.208498965999752	59743.249868667451665	3574.342205445282
3587	20220613_14	0	59743.249958590677124	59743.254155872178671	362.645121733658
3587	20220613_14	1	59743.256463588601036	59743.256515486733406	4.483998636715
3587	20220613_14	2	59743.257299796860025	59743.257353374865488	4.629139672033
3587	20220613_14	3	59743.258137305158016	59743.258192494395189	4.768350091763
3587	20220613_14	4	59743.258974539421615	59743.259027447355038	4.571245447733
3587	20220613_14	5	59743.259808573056944	59743.259864712017588	4.850406199694
3587	20220613_14	6	59743.260646103117324	59743.260703627471230	4.970104177482
3587	20220613_14	7	59743.261494949103508	59743.261548830472748	4.655350302346
3587	20220613_14	8	59743.262340758265054	59743.262392282871588	4.451726004481
3587	20220613_14	9	59743.263179237073928	59743.263230297372502	4.411609796807
3587	20220613_14	10	59743.264016949171491	59743.264067309348320	4.351119277999
3587	20220613_14	11	59743.264853522407066	59743.264901145215845	4.114610678516
3587	20220613_14	12	59743.265683469180658	59743.265731364932435	4.138192953542
3587	20220613_14	13	59743.266515895847988	59743.266565083402384	4.249804699793
3587	20220613_14	14	59743.267346415457723	59743.267396365408786	4.315675771795
3587	20220613_14	15	59743.268181719198765	59743.268226022533781	3.827808145434
3587	20220613_14	16	59743.269001128152013	59743.269053772637562	4.548483551480
3587	20220613_14	17	59743.269827908334264	59743.269880803745764	4.570163553581
3587	20220613_14	18	59743.270653359628341	59743.270706042480015	4.551798384637
3587	20220613_14	19	59743.271480455128767	59743.271530556099606	4.328723880462
3587	20220613_14	20	59743.272307326282316	59743.272357462403306	4.331760853529
3587	20220613_14	21	59743.273132536785852	59743.273183164274087	4.374214983545
3587	20220613_14	22	59743.273954561409482	59743.274005648032471	4.413884226233
3587	20220613_14	23	59743.274789416434942	59743.274829873837007	3.495519538410
3587	20220613_14	24	59743.275603902839066	59743.275654214710812	4.346945718862
3587	20220613_14	25	59743.276426760647155	59743.276475079757802	4.174771159887
3587	20220613_14	26	59743.277249452927208	59743.277299176719680	4.296135669574
3587	20220613_14	27	59743.278071462635125	59743.278122510237154	4.410512815230
3587	20220613_14	28	59743.278894803457661	59743.278945630176167	4.391428478993
3587	20220613_14	29	59743.279718426783802	59743.279769709646644	4.430839349516
3587	20220613_14	30	59743.280542708438588	59743.280595885502407	4.594498313963
3587	20220613_14	31	59743.281367729316116	59743.281421632847923	4.657265148126
3587	20220613_14	32	59743.282190470978094	59743.282244948117295	4.706824827008
3587	20220613_14	33	59743.283015895023709	59743.283069522774895	4.633437702432
3587	20220613_14	34	59743.283841609634692	59743.283895647924510	4.668908240274
3587	20220613_14	35	59743.284666846942855	59743.284720653246040	4.648864595219
3587	20220613_14	36	59743.285489931025950	59743.285546839550079	4.916896484792
3587	20220613_14	37	59743.286338448720926	59743.286374146671733	3.084302949719
3587	20220613_14	38	59743.287138782565307	59743.287198951664323	5.198610154912
3587	20220613_14	39	59743.287966368508933	59743.288024652203603	5.035711219534
3587	20220613_14	40	59743.288790016791609	59743.288851866222103	5.343790794723
3587	20220613_14	41	59743.289615678782866	59743.289677093445789	5.306226876564
3587	20220613_14	42	59743.290439248616167	59743.290504021264496	5.596356815659
3587	20220613_14	43	59743.291265432904765	59743.291331575084769	5.714684352279
3588	20220613_15	0	59743.292092250470887	59743.292159304241068	5.793445743620
3588	20220613_15	1	59743.292920998988848	59743.292983841238311	5.429570353590
3588	20220613_15	2	59743.293747830313805	59743.293811381146952	5.490791983902
3588	20220613_15	3	59743.294606976203795	59743.294639604711847	2.819103095680
3588	20220613_15	4	59743.295404060452711	59743.295468150936358	5.537417787127
3588	20220613_15	5	59743.296232778782723	59743.296296805747261	5.531929736026
3588	20220613_15	6	59743.297092840381083	59743.297124776428973	2.759274537675
3588	20220613_15	7	59743.297891325033561	59743.297954249013856	5.436631897464
3588	20220613_15	8	59743.298724427848356	59743.298783840655233	5.133266514167
3588	20220613_15	9	59743.299559853883693	59743.299618066193943	5.029543605633
3588	20220613_15	10	59743.300397570972564	59743.300452831419534	4.774502618238
3588	20220613_15	11	59743.301236716142739	59743.301288048824063	4.435143666342
3588	20220613_15	12	59743.302076336301980	59743.302129250128928	4.571754648350
3588	20220613_15	13	59743.302918191460776	59743.302969983174989	4.474804108031
3588	20220613_15	14	59743.303757986584969	59743.303810916469956	4.573142062873
3588	20220613_15	15	59743.304594332941633	59743.304647052027576	4.554929025471
3588	20220613_15	16	59743.305428127459891	59743.305482451571152	4.693603212945
3588	20220613_15	17	59743.306261696285219	59743.306315998168429	4.691682709381
3588	20220613_15	18	59743.307095024800219	59743.307148664629494	4.634481249377
3588	20220613_15	19	59743.307925894223445	59743.307977826363640	4.486936912872
3588	20220613_15	20	59743.308755452562764	59743.308809286725591	4.651271668263
3588	20220613_15	21	59743.309585783848888	59743.309638466940669	4.551819129847
3588	20220613_15	22	59743.310409643054300	59743.310465280272183	4.807055625133
3588	20220613_15	23	59743.311233935681230	59743.311288986398722	4.756381991319
3588	20220613_15	24	59743.312057993200142	59743.312085620535072	2.387001737952
3588	20220613_15	25	59743.312885548395570	59743.312940047901066	4.708757274784
3588	20220613_15	26	59743.313709927446325	59743.313767151201318	4.944132431410
3588	20220613_15	27	59743.314566686851322	59743.314594692499668	2.419688017108
3588	20220613_15	28	59743.315367708833946	59743.315422242354543	4.711696179584
3588	20220613_15	29	59743.316199190121552	59743.316253808283363	4.719009180553
3588	20220613_15	30	59743.317031411832431	59743.317085667811625	4.687716602348
3588	20220613_15	31	59743.317857769019611	59743.317913920283900	4.851469234563
3588	20220613_15	32	59743.318682299861393	59743.318736589069886	4.690587613732
3588	20220613_15	33	59743.319504293205682	59743.319557941118546	4.635179671459
3588	20220613_15	34	59743.320326527733414	59743.320376259027398	4.296783800237
3588	20220613_15	35	59743.321143960376503	59743.321195857468410	4.483908740804
3588	20220613_15	36	59743.321958721659030	59743.322009979718132	4.428696306422
3588	20220613_15	37	59743.322772829604219	59743.322823667935154	4.392431792803
3588	20220613_15	38	59743.323582577926572	59743.323632230778458	4.290006402880
3588	20220613_15	39	59743.324392533766513	59743.324442833938519	4.345934861340
3588	20220613_15	40	59743.325202910324151	59743.325254457973642	4.453716916032
3588	20220613_15	41	59743.326015695769456	59743.326066982932389	4.431210877374
3588	20220613_15	42	59743.326828652352560	59743.326881812921783	4.593073180877
3588	20220613_15	43	59743.327640404357226	59743.327694696679828	4.690856672823
3588	20220613_15	44	59743.328455476963427	59743.328511624160456	4.851117823273
3588	20220613_15	45	59743.329272135517385	59743.329329726511787	4.975861916319
3588	20220613_15	46	59743.330095763718418	59743.330152841095696	4.931485396810
3588	20220613_15	47	59743.330925221504003	59743.330982001090888	4.905756306835
3588	20220613_15	48	59743.331757301042671	59743.331811903248308	4.717630567029
3588	20220613_15	49	59743.332590634592634	59743.332616126004723	2.202458004467
3597	20220614_00	0	59743.666938324073271	59743.708091747488652	3555.655783088878
3598	20220614_01	0	59743.708592479400977	59743.749674130012863	3549.454612866975
3599	20220614_02	0	59743.750167483885889	59743.791201723375707	3545.358291920274
3600	20220614_03	0	59743.791689974510518	59743.806414125720039	1272.166664502583
3600	20220614_03	1	59743.809555331907177	59743.809558814864431	0.300927506760
3601	20220614_06	0	59743.918895283473830	59743.924166735741892	455.453475960530
3601	20220614_06	1	59743.925173290415842	59743.958146552417020	2848.889836901799
3602	20220614_07	0	59743.958665548030694	59743.999936210551823	3565.785241825506
3603	20220614_08	0	59744.000424668905907	59744.041173646190146	3520.711637358181
3604	20220614_09	0	59744.041678194967972	59744.082953784985875	3566.210977546871
3605	20220614_10	0	59744.083454301166057	59744.124683636619011	3562.214583135210
3606	20220614_11	0	59744.125191561521206	59744.166148232186970	3538.656345522031
3607	20220614_12	0	59744.166641333460575	59744.208231570511998	3593.396481242962
3608	20220614_13	0	59744.208703939868428	59744.249657387925254	3538.377912109718
3609	20220614_14	0	59744.250133450506837	59744.291431781450228	3568.175793508999
3610	20220614_15	0	59744.291915628622519	59744.298113306213054	535.479343822226
3610	20220614_15	1	59744.299109853127447	59744.299656566945487	47.236073878594
3610	20220614_15	2	59744.300653821068408	59744.333121630552341	2805.218739411794
3611	20220614_16	0	59744.333620982339198	59744.374932019672997	3569.273625640199
3612	20220614_17	0	59744.375432409804489	59744.416172740391630	3519.964562729001
3613	20220614_18	0	59744.416655328765046	59744.421321761939907	403.179826308042
3613	20220614_18	1	59744.422293417941546	59744.457869536083308	3073.776607448235
3614	20220614_19	0	59744.458316361888137	59744.476423704960325	1564.474441437051
3614	20220614_19	1	59744.477380474025267	59744.499680649911170	1926.735196541995
3615	20220614_20	0	59744.500139008996484	59744.541164427246258	3544.596136780456
3616	20220614_21	0	59744.541634397974121	59744.582808644721808	3557.454919000156
3617	20220614_22	0	59744.583289773814613	59744.624661375935830	3574.506423273124
3618	20220614_23	0	59744.625144331024785	59744.666230410977732	3549.837307934649
3619	20220615_00	0	59744.666712390266184	59744.708263371627254	3590.004789596424
3620	20220615_01	0	59744.708309031608223	59744.749738287886430	3579.487742437050
3621	20220615_02	0	59744.750197813154955	59744.791519712685840	3570.212119468488
3622	20220615_03	0	59744.791987186879851	59744.804042853400460	1041.609587380663
3623	20220615_05	0	59744.912889503859333	59744.912893016691669	0.303508713841
3623	20220615_05	1	59744.915529411409807	59744.916570419598429	89.943107496947
3624	20220615_06	0	59744.917087503206858	59744.958137487374188	3546.718632057309
3625	20220615_07	0	59744.958654747730179	59744.963899189177027	453.119741007686
3625	20220615_07	1	59744.964890413328249	59744.999765577318612	3013.214168767445
3626	20220615_08	0	59745.000229819976084	59745.041292144967883	3547.784879291430
3627	20220615_09	0	59745.041761239212065	59745.083259253282449	3585.428415681235
3628	20220615_10	0	59745.083318522119953	59745.124781729500683	3582.421117695048
3629	20220615_11	0	59745.125236239378864	59745.166633564273070	3576.728870859370
3630	20220615_12	0	59745.166668323749036	59745.208079962641932	3577.965600346215
3631	20220615_13	0	59745.208482770445698	59745.225121642222803	1437.598521541804
3631	20220615_13	1	59745.226041560614249	59745.249730109295342	2046.690606046468
3632	20220615_14	0	59745.250140865267895	59745.291597943731176	3581.891579227522
3633	20220615_15	0	59745.292024654452689	59745.332983400447119	3538.835653918795
3634	20220615_16	0	59745.333424462987750	59745.374910104575974	3584.359433222562
3635	20220615_17	0	59745.375406135455705	59745.416560985293472	3555.779025983065
3636	20220615_18	0	59745.416991099191364	59745.458181803725893	3558.876871783286
3637	20220615_19	0	59745.458600585923705	59745.499949946060951	3572.584715858102
3638	20220615_20	0	59745.500477117580886	59745.541514461998304	3545.626557664946
3639	20220615_21	0	59745.541997634019936	59745.583191737889138	3559.170574299060
3640	20220615_22	0	59745.583669796971662	59745.624948007876810	3566.437422204763
3641	20220615_23	0	59745.625426509614044	59745.666186582449882	3521.670293016359
3642	20220616_00	0	59745.666651974839624	59745.682361196180864	1357.276723883115
3642	20220616_00	1	59745.683359157068480	59745.707902894122526	2120.578881469555
3643	20220616_01	0	59745.708421879498928	59745.749706792514189	3567.016484518535
3644	20220616_02	0	59745.750186465469596	59745.791333893059345	3555.137743754312
3645	20220616_03	0	59745.791813774987531	59745.801146474761481	806.345260469243
3646	20220616_05	0	59745.913163543467817	59745.916303291407530	271.274221991189
3647	20220616_06	0	59745.916767944632738	59745.958007221990556	3563.073563715443
3648	20220616_07	0	59745.958468690128939	59745.962131580105051	316.473693936132
3648	20220616_07	1	59745.963108269061195	59745.999824125501618	3172.249996452592
3649	20220616_08	0	59746.000270487049420	59746.041591840606998	3570.164947374724
3650	20220616_09	0	59746.041638916562079	59746.047328992208350	491.622535837814
3650	20220616_09	1	59746.048312633640307	59746.082992609379289	2996.349903848022
3651	20220616_10	0	59746.083472338614229	59746.124919034496997	3580.994524271227
3652	20220616_11	0	59746.125379982513550	59746.166583524165617	3559.985998738557
3653	20220616_12	0	59746.167073269920365	59746.208221324086480	3555.191879952326
3654	20220616_13	0	59746.208644349018869	59746.249585667253996	3537.329895514995
3655	20220616_14	0	59746.250017487465811	59746.278025474864990	2419.890111288987
3655	20220616_14	1	59746.278981372837734	59746.291222305910196	1057.616617460735
3656	20220616_15	0	59746.291677465771500	59746.333069909254846	3576.307116961107
3657	20220616_16	0	59746.333517963728809	59746.346316968090832	1105.833976878785
3657	20220616_16	1	59746.347273034705722	59746.374842214325326	2381.977119133808
3658	20220616_17	0	59746.375288111383270	59746.383847210003296	739.506120770238
3658	20220616_17	1	59746.387952095821674	59746.390347573906183	206.969306501560
3658	20220616_17	2	59746.396473856519151	59746.398843980467063	204.778709099628
3658	20220616_17	3	59746.402693214753526	59746.405066256054852	205.030768434517
3658	20220616_17	4	59746.408750467729988	59746.416611297318013	679.175676405430
3659	20220616_18	0	59746.417096563869563	59746.458140459253627	3546.192561183125
3660	20220616_19	0	59746.458602106948092	59746.499615165921568	3543.528295308352
3661	20220616_20	0	59746.500086806932813	59746.518593917986436	1599.014395033009
3661	20220616_20	1	59746.519568519230234	59746.541626866099250	1905.841169483028
3662	20220616_21	0	59746.541655483139039	59746.582850671453343	3559.264270355925
3663	20220616_22	0	59746.583323643215408	59746.624781016180350	3581.917024170980
3664	20220616_23	0	59746.625271313852863	59746.666260442747443	3541.460736491717
3665	20220617_00	0	59746.666775698788115	59746.676679346302990	855.675145285204
3665	20220617_00	1	59746.677675000857562	59746.708259295650350	2642.483070096932
3666	20220617_01	0	59746.708304075466003	59746.749617509150994	3569.480670383200
3667	20220617_02	0	59746.750078942925029	59746.791356412832101	3566.373399971053
3668	20220617_03	0	59746.791826623863017	59746.798515566224523	577.924620034173
3669	20220617_05	0	59746.910278383234981	59746.916446574054135	532.931686774828
3670	20220617_06	0	59746.916945288212446	59746.957877608787385	3536.552497674711
3671	20220617_07	0	59746.958378372321022	59746.999869457096793	3584.829724626616
3672	20220617_08	0	59747.000377088334062	59747.041340647272591	3539.251492288895
3673	20220617_09	0	59747.041841215621389	59747.082829693412350	3541.404481139034
3674	20220617_10	0	59747.083321886173508	59747.124698893356253	3574.973420589231
3675	20220617_11	0	59747.125186480465345	59747.166533335876011	3572.368307481520
3676	20220617_13	0	59747.208622131453012	59747.249817334290128	3559.265525126830
3677	20220617_14	0	59747.250289943185635	59747.291424095463299	3553.990756790154
3678	20220617_17	0	59747.375151289103087	59747.378260702818807	268.653345038183
3678	20220617_17	1	59747.379196183253953	59747.416237145327614	3200.339123164304
3679	20220617_18	0	59747.416670721919218	59747.458256490506756	3593.010405963287
3680	20220617_19	0	59747.458709840138908	59747.499906335033302	3559.377158875577
3681	20220617_20	0	59747.500377666961867	59747.541250502690673	3531.413006968796
3682	20220617_21	0	59747.541729760414455	59747.583285432381672	3590.410057967529
3683	20220617_22	0	59747.583769109158311	59747.624917018642009	3555.179379391484
3684	20220617_23	0	59747.625427459614002	59747.641891071325517	1422.456051874906
3684	20220617_23	1	59747.642914633455803	59747.666535482494510	2040.841356944293
3685	20220618_00	0	59747.667031833967485	59747.708053990711051	3544.314342644066
3686	20220618_01	0	59747.708556628946098	59747.749514287876082	3538.741731550545
3687	20220618_02	0	59747.750020142011635	59747.791421594651183	3577.085508056916
3688	20220618_03	0	59747.791919103947293	59747.794994781084824	265.738504682668
3688	20220618_03	1	59747.796013224331546	59747.796016733293072	0.303174275905
3689	20220618_05	0	59747.905260895960964	59747.905264412947872	0.303867668845
3689	20220618_05	1	59747.907779309432954	59747.910370657838939	223.892502277158
3689	20220618_05	2	59747.911353397423227	59747.916500095336232	444.674699683674
3690	20220618_06	0	59747.916964006217313	59747.957874593841552	3534.674770734273
3691	20220618_07	0	59747.958355460374150	59747.999589835591905	3562.650018814020
3692	20220618_08	0	59748.000061002159782	59748.041229740352719	3556.978979869746
3693	20220618_09	0	59748.041705696057761	59748.082946765927773	3563.228436768986
3694	20220618_10	0	59748.083414006687235	59748.124555121765297	3554.592342744581
3695	20220618_11	0	59748.125016580939700	59748.166521343351633	3586.011472390965
3696	20220618_12	0	59748.166961230963352	59748.188830196129857	1889.478590385988
3696	20220618_12	1	59748.189800022781128	59748.208049186054268	1576.727706799284
3697	20220618_13	0	59748.208460782734619	59748.249978175655997	3587.102748407051
3698	20220618_14	0	59748.249975697275659	59748.291396582862944	3578.764514741488
3699	20220618_15	0	59748.291849921290122	59748.333240304418723	3576.129102311097
3700	20220618_16	0	59748.333680903371715	59748.374532702066062	3529.595407191664
3701	20220618_17	0	59748.374962851943565	59748.416442174442636	3583.813463919796
3702	20220618_18	0	59748.416857293443172	59748.423546760284808	577.969935117289
3702	20220618_18	1	59748.424464946983790	59748.458154669577198	2910.792032070458
3703	20220618_19	0	59748.458575579112221	59748.499750550399767	3557.517519243993
3704	20220618_20	0	59748.500198277717573	59748.541566313389922	3574.198282090947
3705	20220618_21	0	59748.542067595226399	59748.554357287743187	1061.829433450475
3705	20220618_21	1	59748.555372698698193	59748.583050926550641	2391.398886451498
3706	20220618_22	0	59748.583514237863710	59748.624650003170245	3554.130122484639
3707	20220618_23	0	59748.625135342124850	59748.666391772218049	3564.555560052395
3708	20220619_00	0	59748.666857085576339	59748.708123669915949	3565.432886942290
3709	20220619_01	0	59748.708574888783915	59748.749840772354219	3565.372340474278
3710	20220619_02	0	59748.750299912513583	59748.760139410944248	850.132664409466
3710	20220619_02	1	59748.761106368830951	59748.791528486268362	2628.470946592279
3711	20220619_03	0	59748.792038198567752	59748.793069685540104	89.120474411175
3712	20220619_05	0	59748.900766572063731	59748.900770105872652	0.305321090855
3712	20220619_05	1	59748.904356368504523	59748.904359710177232	0.288720522076
3712	20220619_05	2	59748.905381185228180	59748.916235891563701	937.846627389081
3713	20220619_06	0	59748.916660770104500	59748.957862571216538	3559.835616080090
3714	20220619_07	0	59748.958296183220227	59748.999876210684306	3592.514372896403
3715	20220619_08	0	59749.000385455343348	59749.041394469277293	3543.178803892806
3716	20220619_09	0	59749.041823055267741	59749.083241923501191	3578.590215370059
3717	20220619_10	0	59749.083649224317924	59749.110273904509086	2300.372368516400
3717	20220619_10	1	59749.111171230884793	59749.124907349614659	1186.800658260472
3718	20220619_11	0	59749.125000961976184	59749.166599289630540	3594.095509336330
3719	20220619_12	0	59749.166683108080178	59749.166710452482221	2.362556336448
3719	20220619_12	1	59749.167585317118210	59749.208248695198563	3513.315866142511
3720	20220619_13	0	59749.208589046444104	59749.249820652294147	3562.410745443776
3721	20220619_14	0	59749.250161467360158	59749.291626473124779	3582.576498063281
3722	20220619_15	0	59749.291977439192124	59749.333038505516015	3547.676130384207
3723	20220619_16	0	59749.333383686927846	59749.374903504001850	3587.312195193954
3724	20220619_17	0	59749.375255465442024	59749.416533774092386	3566.445867391303
3725	20220619_18	0	59749.416639823430160	59749.458079470452503	3580.385502730496
3726	20220619_19	0	59749.458548148482805	59749.499655150102626	3551.644939952530
3727	20220619_20	0	59749.500015400022676	59749.541513262542139	3585.415321681648
3728	20220619_21	0	59749.541871183704643	59749.583036917691061	3556.719416426495
3729	20220619_22	0	59749.583413543805364	59749.624727374379290	3569.514961587265
3730	20220619_23	0	59749.625101975281723	59749.666553769791790	3581.435045669787
3731	20220620_00	0	59749.666935339409974	59749.670680356699449	323.569493810646
3731	20220620_00	1	59749.671575350497733	59749.708175612577179	3162.262643664144
3732	20220620_01	0	59749.708289852744201	59749.749948664808471	3599.321362352930
3733	20220620_02	0	59749.750358025521564	59749.790367585970671	3456.826022802852
3734	20220620_05	0	59749.901960081449943	59749.916405392556044	1248.074879567139
3735	20220620_06	0	59749.916810545524640	59749.924587803223403	671.955065173097
3735	20220620_06	1	59749.925510765089712	59749.958260163075465	2829.547985969111
3736	20220620_07	0	59749.958354864938883	59749.995714605705871	3227.881602267735
3736	20220620_07	1	59749.996643902326468	59749.999812966518220	273.807146167383
3737	20220620_08	0	59750.000229284676607	59750.041252639712184	3544.417875073850
3738	20220620_09	0	59750.041657067304186	59750.083012112532742	3573.075907747261
3739	20220620_10	0	59750.083409611164825	59750.124939764391456	3588.205238780938
3740	20220620_11	0	59750.125037038575101	59750.166554166309652	3587.079836265184
3741	20220620_12	0	59750.166649537328340	59750.190034089864639	2020.425339136273
3741	20220620_12	1	59750.190896882697416	59750.208292674557015	1502.996416669339
3742	20220620_13	0	59750.208643006350030	59750.249644732066372	3542.549101891927
3743	20220620_14	0	59750.250017941732949	59750.291245005464589	3562.018306413665
3744	20220620_15	0	59750.291636501511675	59750.333277457786608	3597.778622154146
3745	20220620_16	0	59750.333345393162745	59750.374960554370773	3595.549928373657
3746	20220620_17	0	59750.375037516911107	59750.416509136135573	3583.147900993936
3747	20220620_18	0	59750.416968056269980	59750.458069975335093	3551.205807225779
3748	20220620_19	0	59750.458454986190191	59750.499732244708866	3566.355136013590
3749	20220620_20	0	59750.500124892481836	59750.541518677142449	3576.422994676977
3750	20220620_21	0	59750.541621303062129	59750.548723396357673	613.620860734954
3750	20220620_21	1	59750.549611234666372	59750.583214228565339	2903.298672870733
3751	20220620_22	0	59750.583611007983563	59750.624913275139988	3568.515882315114
3752	20220620_23	0	59750.625324668384565	59750.666192619159119	3530.990946921520
3753	20220621_00	0	59750.666697691376612	59750.707989223141340	3567.588344472460
3754	20220621_01	0	59750.708405027166009	59750.749617202993250	3560.731991473585
3755	20220621_02	0	59750.750033219344914	59750.787617652058543	3247.294986457564
3755	20220621_02	1	59750.791577666786907	59750.791581195509934	0.304881669581
3756	20220621_05	0	59750.899762528693827	59750.916532492883562	1448.924905993044
3757	20220621_06	0	59750.916965394681029	59750.958229459305585	3565.215183561668
3758	20220621_07	0	59750.958683226541325	59750.977575075921777	1632.255786471069
3758	20220621_07	1	59750.978527458457393	59750.999903594398347	1846.898145298474
3759	20220621_08	0	59750.999965053510095	59751.041237822420953	3565.967233898118
3760	20220621_09	0	59751.041743069086806	59751.070705168291170	2502.325371257029
3760	20220621_09	1	59751.072662271573790	59751.072671110785450	0.763707887381
3760	20220621_09	2	59751.073581430209742	59751.073590124848124	0.751216756180
3760	20220621_09	3	59751.074497580470052	59751.074507977078611	0.898266979493
3760	20220621_09	4	59751.075417509382532	59751.075428988508065	0.991796446033
3760	20220621_09	5	59751.076339251274476	59751.076349578455847	0.892268470488
3760	20220621_09	6	59751.077262746919587	59751.077272303977225	0.825729779899
3760	20220621_09	7	59751.078183067111240	59751.078192515975388	0.816381862387
3760	20220621_09	8	59751.079103156771453	59751.079116469249129	1.150198071264
3760	20220621_09	9	59751.080023764043290	59751.080038050065923	1.234312355518
3760	20220621_09	10	59751.080945957655786	59751.080958162194293	1.054472126998
3760	20220621_09	11	59751.081867283748579	59751.081877589655051	0.890430319123
3760	20220621_09	12	59751.082783450328861	59751.082795616181102	1.051129633561
3761	20220621_10	0	59751.083703382872045	59751.083714067906840	0.923187006265
3761	20220621_10	1	59751.084623321759864	59751.084636857085570	1.169452141039
3761	20220621_10	2	59751.085541813357850	59751.085552717471728	0.942115439102
3761	20220621_10	3	59751.086461921709997	59751.086474641961104	1.099029695615
3761	20220621_10	4	59751.087382296303986	59751.087395254166040	1.119559281506
3761	20220621_10	5	59751.088300265175349	59751.088312898224103	1.091495412402
3761	20220621_10	6	59751.089218524844910	59751.089231837351690	1.150200585835
3761	20220621_10	7	59751.090136157079542	59751.090151094511384	1.290594111197
3761	20220621_10	8	59751.091055804659845	59751.091070760638104	1.292196521536
3761	20220621_10	9	59751.091977579453669	59751.091993966161681	1.415811572224
3761	20220621_10	10	59751.092899780931475	59751.092915727625950	1.377794402651
3761	20220621_10	11	59751.093819954257924	59751.093835177853180	1.315318630077
3761	20220621_10	12	59751.094740049389657	59751.094757809871226	1.534505607560
3761	20220621_10	13	59751.095660912716994	59751.095678231307829	1.496326248161
3761	20220621_10	14	59751.096588085420080	59751.096601814831956	1.186221186072
3761	20220621_10	15	59751.097505811056180	59751.097523531141633	1.531015383080
3761	20220621_10	16	59751.098428716148192	59751.098445113137132	1.416699844413
3761	20220621_10	17	59751.099349552183412	59751.099368488103210	1.636063470505
3761	20220621_10	18	59751.100271766386868	59751.100286947388668	1.311638555489
3761	20220621_10	19	59751.101194106595358	59751.101209982414730	1.371670793742
3761	20220621_10	20	59751.102115210487682	59751.102132467349293	1.490992843173
3761	20220621_10	21	59751.103035359148635	59751.103054021295975	1.612409530208
3761	20220621_10	22	59751.103954523336142	59751.103973209283140	1.614465820603
3761	20220621_10	23	59751.104875126948173	59751.104892931281938	1.538294437341
3761	20220621_10	24	59751.105797352502123	59751.105814892536728	1.515458989888
3761	20220621_10	25	59751.106718456445378	59751.106737611611607	1.655006362125
3761	20220621_10	26	59751.107642625138396	59751.107659326269641	1.442977739498
3761	20220621_10	27	59751.108563310641330	59751.108582944703812	1.696382998489
3761	20220621_10	28	59751.109485790890176	59751.109506112603412	1.755796023645
3761	20220621_10	29	59751.111333806766197	59751.111352435269509	1.609502686188
3761	20220621_10	30	59751.112256020445784	59751.112275689236412	1.699383510277
3761	20220621_10	31	59751.113180789303442	59751.113199924562650	1.653286395594
3761	20220621_10	32	59751.114103480838821	59751.114122454426251	1.639317953959
3761	20220621_10	33	59751.115023279664456	59751.115044685742760	1.849485165440
3761	20220621_10	34	59751.115944921555638	59751.115964667886146	1.706082955934
3761	20220621_10	35	59751.116865518088161	59751.116885577255744	1.733112079091
3761	20220621_10	36	59751.117783990994212	59751.117806713329628	1.963209779933
3761	20220621_10	37	59751.118709264213976	59751.118730094043713	1.799697289243
3761	20220621_10	38	59751.119630016510200	59751.119651668923325	1.870768493973
3761	20220621_10	39	59751.120552154490724	59751.120574194421351	1.904250006191
3761	20220621_10	40	59751.121473645085644	59751.121496414809371	1.967304130085
3761	20220621_10	41	59751.122396083148487	59751.122419795923634	2.048783772625
3761	20220621_10	42	59751.123316560340754	59751.123342625869554	2.252061688341
3761	20220621_10	43	59751.124240693243337	59751.124264603051415	2.065807417966
3762	20220621_11	0	59751.125163899247127	59751.125187501362234	2.039222745225
3762	20220621_11	1	59751.126085555522877	59751.126109750490286	2.090445184149
3762	20220621_11	2	59751.127006385293498	59751.127031250289292	2.148335636593
3762	20220621_11	3	59751.127927224100858	59751.127953043484013	2.230794704519
3762	20220621_11	4	59751.128846651008644	59751.128873888446833	2.353314659558
3762	20220621_11	5	59751.129764035264088	59751.129793387161044	2.536003896967
3762	20220621_11	6	59751.130682986564352	59751.130711404017347	2.455267938785
3762	20220621_11	7	59751.131601981127460	59751.131628993796767	2.333894628100
3762	20220621_11	8	59751.132518545367930	59751.132545988002676	2.371043642052
3762	20220621_11	9	59751.133438084230875	59751.133465632541629	2.380174049176
3762	20220621_11	10	59751.134355445581605	59751.134384361132106	2.498303563334
3762	20220621_11	11	59751.135276971086569	59751.135306359741662	2.539179800078
3762	20220621_11	12	59751.136198173968296	59751.136227336108277	2.519608894363
3762	20220621_11	13	59751.137119807732233	59751.137149834830780	2.594341314398
3762	20220621_11	14	59751.138042943981418	59751.138073256144708	2.618970908225
3762	20220621_11	15	59751.138965641926916	59751.138997315531014	2.736599394120
3762	20220621_11	16	59751.139887690020259	59751.139920445973985	2.830114401877
3762	20220621_11	17	59751.140809388234629	59751.140842436230741	2.855346864089
3762	20220621_11	18	59751.141729051887523	59751.141763460931543	2.972941403277
3762	20220621_11	19	59751.142649551169598	59751.142682273923128	2.827245905064
3762	20220621_11	20	59751.144479594331642	59751.144513780724083	2.953704306856
3762	20220621_11	21	59751.145400838002388	59751.145437824590772	3.195641236380
3762	20220621_11	22	59751.146320494153770	59751.146357282181270	3.178485576063
3762	20220621_11	23	59751.147243559316848	59751.147279528719082	3.107756352983
3762	20220621_11	24	59751.148162637662608	59751.148200721625471	3.290454391390
3762	20220621_11	25	59751.149080944385787	59751.149121535258018	3.507051360793
3762	20220621_11	26	59751.149992727609060	59751.150037569437700	3.874333994463
3762	20220621_11	27	59751.150904748763423	59751.150951493305911	4.038728470914
3762	20220621_11	28	59751.151818884573004	59751.151864376384765	3.930492536165
3762	20220621_11	29	59751.152731160138501	59751.152779715317592	4.195167473517
3762	20220621_11	30	59751.153645724407397	59751.153695144617814	4.269906179979
3762	20220621_11	31	59751.154560073780885	59751.154609271463414	4.250679770485
3762	20220621_11	32	59751.155473273312964	59751.155526029680914	4.558150190860
3762	20220621_11	33	59751.156388546238304	59751.156441315164557	4.559235228226
3762	20220621_11	34	59751.157305462569639	59751.157362308498705	4.911488271318
3762	20220621_11	35	59751.158223088677914	59751.158282474374573	5.130924191326
3762	20220621_11	36	59751.159143887758546	59751.159189089703432	3.905448038131
3762	20220621_11	37	59751.160062192786427	59751.160121088025335	5.088548641652
3762	20220621_11	38	59751.160984166308481	59751.161042389430804	5.030477768742
3762	20220621_11	39	59751.161907073226757	59751.161963686485251	4.891385533847
3762	20220621_11	40	59751.162827439831744	59751.162875621739659	4.162916843779
3762	20220621_11	41	59751.163746904407162	59751.163805412499642	5.055099190213
3762	20220621_11	42	59751.164664236435783	59751.164724572685373	5.213051964529
3762	20220621_11	43	59751.165582091009128	59751.165642938773090	5.257246806286
3762	20220621_11	44	59751.166497343387164	59751.166559979756130	5.411782278679
3775	20220622_00	0	59751.666701646405272	59751.708070409615175	3574.261141335592
3776	20220622_01	0	59751.708582525607198	59751.749832467256056	3563.994958461262
3777	20220622_02	0	59751.750338092278980	59751.784800737274054	2977.572527574375
3778	20220622_05	0	59751.896536837943131	59751.916157032406772	1695.184801658615
3779	20220622_06	0	59751.916660309638246	59751.958096821901563	3580.114659550600
3780	20220622_07	0	59751.958591554524901	59751.999637529304891	3546.372220991179
3788	20220622_17	0	59752.376559877477121	59752.376667969954724	9.339190064929
3788	20220622_17	1	59752.382757338520605	59752.382870980109146	9.818633249961
3788	20220622_17	2	59752.388874147225579	59752.388996541565575	10.574870975688
3788	20220622_17	3	59752.395064989461389	59752.395107327138248	3.657975280657
3788	20220622_17	4	59752.397653481617454	59752.401187619390839	305.349503620528
3788	20220622_17	5	59752.403074308640498	59752.406133928845520	264.351185713895
3788	20220622_17	6	59752.407104519421409	59752.416239024758397	789.221261115745
3789	20220622_18	0	59752.416698379645823	59752.458270296432602	3591.813610377721
3790	20220622_19	0	59752.458731961123704	59752.499599198119540	3530.929276440293
3791	20220622_20	0	59752.500094573137176	59752.541282098231022	3558.602168108337
3792	20220622_21	0	59752.541772693541134	59752.583196896819572	3579.051163257100
3793	20220622_22	0	59752.583675943504204	59752.606030079485208	1931.397348758765
3793	20220622_22	1	59752.617718066998350	59752.618241424977896	45.218129432760
3794	20220622_23	0	59752.630845720654179	59752.632412016348098	135.327947954647
3794	20220622_23	1	59752.636875467200298	59752.666547039196303	2563.623820454814
3795	20220623_00	0	59752.667058450948389	59752.708181722657173	3553.050675638951
3796	20220623_01	0	59752.708697343703534	59752.709742871084018	90.333565673791
3796	20220623_01	1	59752.710776281703147	59752.749675390477933	3360.882998141460
3797	20220623_02	0	59752.750189955942915	59752.782275330726407	2772.176381293684
3798	20220623_05	0	59752.893935499589134	59752.916151451056066	1919.458206743002
3799	20220623_06	0	59752.916646417368611	59752.958122741205443	3583.554379502311
3800	20220623_07	0	59752.958622576996277	59752.999642816816049	3544.148720428348
3801	20220623_08	0	59753.000149309358676	59753.041620914598752	3583.146692742594
3802	20220623_09	0	59753.041634851593699	59753.070747583551565	2515.340041159652
3802	20220623_09	1	59753.072644454558031	59753.072690879751462	4.011136712506
3802	20220623_09	2	59753.077832031325670	59753.077885795246402	4.645202751271
3802	20220623_09	3	59753.083019804609648	59753.083083832141710	5.531978770159
3803	20220623_10	0	59753.088201540762384	59753.088271616135899	6.054512271658
3803	20220623_10	1	59753.093364740394463	59753.093442381621571	6.708202022128
3803	20220623_10	2	59753.098496184240503	59753.098584103201574	7.596198236570
3803	20220623_10	3	59753.103622841692413	59753.103717175705242	8.150458708405
3803	20220623_10	4	59753.108759459399153	59753.108863573528652	8.995460788719
3803	20220623_10	5	59753.113883980520768	59753.114013241254725	11.168127413839
3803	20220623_10	6	59753.119012016344641	59753.119144708136446	11.464570811950
3803	20220623_10	7	59753.124144164183235	59753.124281805605278	11.892218864523
3804	20220623_11	0	59753.129265868141374	59753.129424134836881	13.674242491834
3804	20220623_11	1	59753.134397665482538	59753.134578031269484	15.583603992127
3804	20220623_11	2	59753.139547131650033	59753.139728756927070	15.692423935980
3804	20220623_11	3	59753.144688561413204	59753.144881584557879	16.677199699916
3804	20220623_11	4	59753.149828828391037	59753.150037044491910	17.989871115424
3804	20220623_11	5	59753.154958222992718	59753.155181803864252	19.317387300543
3804	20220623_11	6	59753.160071482838248	59753.160313472821144	20.907934522256
3804	20220623_11	7	59753.165163623649278	59753.165421595542284	22.288771555759
3813	20220623_20	0	59753.499912082465016	59753.541182544526237	3565.767922089435
3814	20220623_21	0	59753.541667593490274	59753.582674894736556	3543.030827678740
3815	20220623_22	0	59753.583171533806308	59753.624398496664071	3562.009590910748
3816	20220623_23	0	59753.624904643518676	59753.666227440582588	3570.289666322060
3817	20220624_00	0	59753.666726413161086	59753.708002980674792	3566.295433184132
3818	20220624_01	0	59753.708491900695662	59753.749638613109710	3555.075952573679
3819	20220624_02	0	59753.750128940919240	59753.779326748976018	2522.690616105683
3820	20220624_05	0	59753.890649429711630	59753.916195358964615	2207.168287457898
3821	20220624_06	0	59753.916655559907667	59753.957799047377193	3554.797317367047
3822	20220624_07	0	59753.958266900321178	59753.965583283054002	632.135468116030
3822	20220624_07	1	59753.966572245481075	59753.966619410559360	4.075062763877
3822	20220624_07	2	59753.967607875863905	59753.999311977604521	2739.234390389174
3823	20220624_08	0	59753.999780361009471	59754.041432296100538	3598.727191868238
3824	20220624_09	0	59754.041897934563167	59754.082992869633017	3550.602390035056
3825	20220624_10	0	59754.083505793627410	59754.124550331078353	3546.248035761528
3826	20220624_11	0	59754.125053065123211	59754.166561984791770	3586.370659363456
3827	20220624_12	0	59754.166980326204794	59754.208253436809173	3565.996756218374
3828	20220624_13	0	59754.208660888842132	59754.249834205307707	3557.374542625621
3829	20220624_14	0	59754.250286584559944	59754.291486977948807	3559.713988797739
3830	20220624_15	0	59754.291984610586951	59754.333282649095054	3568.150527100079
3831	20220624_16	0	59754.333311473441427	59754.374585557852697	3566.080893133767
3832	20220624_17	0	59754.375035656317777	59754.416562915233953	3587.955170357600
3833	20220624_18	0	59754.416981504786236	59754.458061484954669	3549.310286552645
3834	20220624_19	0	59754.458489352458855	59754.499805744766491	3569.736295379698
3835	20220624_20	0	59754.500257422987488	59754.541307095387310	3546.691695344634
3836	20220624_21	0	59754.541817025237833	59754.582962015432713	3554.927152837627
3837	20220624_22	0	59754.583440991380485	59754.624816598792677	3574.852480413392
3838	20220624_23	0	59754.625336929420882	59754.666268950895756	3536.526655429043
3839	20220625_00	0	59754.666759959422052	59754.708148826306569	3575.998098822311
3840	20220625_01	0	59754.708631527828402	59754.749882362550125	3564.072119956836
3841	20220625_02	0	59754.750372485490516	59754.776407584184199	2249.432527134195
3842	20220625_05	0	59754.888697228176170	59754.916164765039866	2373.195185023360
3843	20220625_06	0	59754.916639125745860	59754.957986523782893	3572.415190399624
3844	20220625_07	0	59754.958460699410352	59754.999773818555695	3569.453494157642
3845	20220625_08	0	59755.000246547730058	59755.041576390198315	3570.898389257491
3846	20220625_09	0	59755.041622382348578	59755.067952716810396	2274.940897501074
3846	20220625_09	1	59755.069791331137822	59755.069840040108829	4.208455095068
3846	20220625_09	2	59755.074912048527040	59755.074971225694753	5.112907290459
3846	20220625_09	3	59755.080046698516526	59755.080112590963836	5.693107447587
3847	20220625_10	0	59755.085185894029564	59755.085257833503420	6.215570541099
3847	20220625_10	1	59755.090309620551125	59755.090394972299691	7.374391076155
3847	20220625_10	2	59755.095424199695117	59755.095518566253304	8.153270627372
3847	20220625_10	3	59755.100524655223126	59755.100629255568492	9.037469839677
3847	20220625_10	4	59755.105617066787090	59755.105734499382379	10.146176232956
3847	20220625_10	5	59755.110731153356028	59755.110849749289628	10.246688663028
3847	20220625_10	6	59755.115844829066191	59755.116000023699598	13.408816326410
3847	20220625_10	7	59755.120939734690182	59755.121113448767574	15.008896286599
3848	20220625_11	0	59755.126026571844704	59755.126206089575135	15.510331909172
3848	20220625_11	1	59755.131115180731285	59755.131290810240898	15.174389630556
3848	20220625_11	2	59755.136175125691807	59755.136364362995664	16.350103053264
3848	20220625_11	3	59755.141253663758107	59755.141455854856758	17.469310923479
3848	20220625_11	4	59755.146342981352063	59755.146558611442742	18.630439834669
3848	20220625_11	5	59755.151450586279680	59755.151673183849198	19.232430006377
3848	20220625_11	6	59755.156548776678392	59755.156781263482117	20.086859841831
3848	20220625_11	7	59755.161637852819695	59755.161876865204249	20.650670025498
3857	20220625_20	0	59755.499967042414937	59755.512533959350549	1085.781623236835
3857	20220625_20	1	59755.513492607395165	59755.541263827537477	2399.433420295827
3858	20220625_21	0	59755.541724326729309	59755.582896906256792	3557.310871174559
3859	20220625_22	0	59755.583353713729593	59755.624621811279212	3565.563628287055
3860	20220625_23	0	59755.625128029838379	59755.666498999511532	3574.451779760420
3861	20220626_00	0	59755.666955557600886	59755.708279649108590	3570.401506265625
3862	20220626_01	0	59755.708331597517827	59755.712414489142247	352.761836349964
3862	20220626_01	1	59755.713378260501486	59755.749567117571132	3126.717250817455
3863	20220626_02	0	59755.750029168782930	59755.773928957954922	2064.941784460098
3864	20220626_05	0	59755.885664841676771	59755.916167313662299	2635.413579549640
3865	20220626_06	0	59755.916623160679592	59755.936494592766394	1716.891732299700
3865	20220626_06	1	59755.937454882820020	59755.957842642266769	1761.502416199073
3866	20220626_07	0	59755.958348648848187	59755.999626098913723	3566.371685662307
3867	20220626_08	0	59756.000097000425740	59756.041389497673663	3567.671762220562
3868	20220626_09	0	59756.041841700258374	59756.065845768280269	2073.951477091759
3868	20220626_09	1	59756.066858707781648	59756.083153395615227	1407.861028821208
3869	20220626_10	0	59756.083627626576344	59756.124878844399063	3564.105219882913
3870	20220626_11	0	59756.125373311209842	59756.166190485477273	3526.603856706060
3871	20220626_12	0	59756.166632185842900	59756.207955469806620	3570.331734465435
3872	20220626_13	0	59756.208374771100353	59756.249571195003227	3559.371025208384
3873	20220626_14	0	59756.250020615007088	59756.290124902858224	3465.010470338166
3873	20220626_14	1	59756.291081029354245	59756.291601948694733	45.007431018166
3874	20220626_15	0	59756.291631369196693	59756.333042523889162	3577.923765429296
3875	20220626_16	0	59756.333487280040572	59756.374654545936210	3556.851773383096
3876	20220626_17	0	59756.375110888970084	59756.416192106713424	3549.417213024572
3877	20220626_18	0	59756.416653712672996	59756.458027507571387	3574.695879220963
3878	20220626_19	0	59756.458493055615691	59756.499555551548838	3547.799648623914
3879	20220626_20	0	59756.500038475700421	59756.516534709233383	1425.274577247910
3879	20220626_20	1	59756.517537739913678	59756.535569661922636	1557.958061574027
3879	20220626_20	2	59756.536567373295838	59756.541235390533984	403.316689375788
3880	20220626_21	0	59756.541723402762727	59756.551049250956567	805.753283947706
3880	20220626_21	1	59756.552049327750865	59756.583091583379428	2682.050886307843
3881	20220626_22	0	59756.583574582480651	59756.622584462624218	3370.453644404188
3881	20220626_22	1	59756.623575950434315	59756.624668033422495	94.355970178731
3882	20220626_23	0	59756.625139589617902	59756.666452488520008	3569.434465141967
3883	20220627_00	0	59756.666923679447791	59756.708209453150630	3567.090847925283
3884	20220627_01	0	59756.708678939838137	59756.749851122687687	3557.276598201133
3885	20220627_02	0	59756.750318521852023	59756.771093797658978	1794.983829720877
3886	20220627_05	0	59756.883120613660139	59756.916384239077161	2873.977236030623
3887	20220627_06	0	59756.916852562339045	59756.958005710432190	3555.631995247677
3888	20220627_07	0	59756.958464128940250	59756.999573817367491	3551.877080113627
3889	20220627_08	0	59757.000043984582589	59757.041588512569433	3589.447218063287
3890	20220627_09	0	59757.041638561931904	59757.062860633268429	1833.586963475682
3891	20220627_10	0	59757.089027702204476	59757.089065997315629	3.308697603643
3891	20220627_10	1	59757.090888641287165	59757.090933592582587	3.883791924454
3891	20220627_10	2	59757.092746000598709	59757.092796330121928	4.348470806144
3891	20220627_10	3	59757.094606636710523	59757.094656787914573	4.333064029925
3891	20220627_10	4	59757.096471459568420	59757.096517643534753	3.990294691175
3891	20220627_10	5	59757.098332567838952	59757.098377723137673	3.901417809539
3891	20220627_10	6	59757.100188581389375	59757.100243167813460	4.716267040931
3891	20220627_10	7	59757.102047895910800	59757.102100781077752	4.569278424606
3891	20220627_10	8	59757.103901989896258	59757.103960037013167	5.015270900913
3891	20220627_10	9	59757.105760366539471	59757.105817405325070	4.928151075728
3891	20220627_10	10	59757.107616098590370	59757.107668676238973	4.542708839290
3891	20220627_10	11	59757.109469853348855	59757.109537785043358	5.869298405014
3891	20220627_10	12	59757.111326347534487	59757.111395902975346	6.009590090252
3891	20220627_10	13	59757.113187629365711	59757.113258896599291	6.157488981262
3891	20220627_10	14	59757.115046189719578	59757.115105017277529	5.082701006904
3891	20220627_10	15	59757.116901996312663	59757.116982430976350	6.949554942548
3891	20220627_10	16	59757.118766389132361	59757.118849574690103	7.187232188880
3891	20220627_10	17	59757.120626531701419	59757.120709326380165	7.153460243717
3891	20220627_10	18	59757.122485809712089	59757.122573904634919	7.611401332542
3891	20220627_10	19	59757.124345108277339	59757.124413092540635	5.873840348795
3892	20220627_11	0	59757.126207107314258	59757.126294738569413	7.571340445429
3892	20220627_11	1	59757.129398432276503	59757.129434542715899	3.119941963814
3892	20220627_11	2	59757.130341687770851	59757.130380088317906	3.317807265557
3892	20220627_11	3	59757.131286121002631	59757.131325174072117	3.374185203575
3892	20220627_11	4	59757.132232872492750	59757.132275357740582	3.670725412667
3892	20220627_11	5	59757.133179862576071	59757.133223829609051	3.798751649447
3892	20220627_11	6	59757.134130357349932	59757.134172854384815	3.671743813902
3892	20220627_11	7	59757.135075702164613	59757.135118748577952	3.719210112467
3892	20220627_11	8	59757.136016911426850	59757.136061561148381	3.857735940255
3892	20220627_11	9	59757.136959758623561	59757.137008012505248	4.169135377742
3892	20220627_11	10	59757.137914302154968	59757.137956933773239	3.683371818624
3892	20220627_11	11	59757.138863777036022	59757.138898594348575	3.008215804584
3900	20220627_20	0	59757.499755132048449	59757.541366590186954	3595.229983166791
3901	20220627_21	0	59757.541876420546032	59757.547108784099692	452.076211036183
3901	20220627_21	1	59757.549800484885054	59757.550934968807269	98.019410879351
3901	20220627_21	2	59757.556273842928931	59757.559419094366604	271.749724214897
3901	20220627_21	3	59757.563538464310113	59757.566160439389932	226.538646896370
3901	20220627_21	4	59757.568060418219829	59757.582719625890604	1266.555542754941
3902	20220627_22	0	59757.583237052698678	59757.584814754154650	136.313405795954
3902	20220627_22	1	59757.585856050587608	59757.624702376990172	3356.322601181455
3903	20220627_23	0	59757.625223644288781	59757.666237439225370	3543.591882521287
3904	20220628_00	0	59757.666740083455807	59757.707690913797705	3538.151741540059
3905	20220628_01	0	59757.708187044161605	59757.749555940514256	3574.272644869052
3906	20220628_02	0	59757.750040994556912	59757.768327964658965	1579.994216817431
3907	20220628_05	0	59757.880586231083726	59757.916311887762276	3086.696737026796
3908	20220628_06	0	59757.916827085864497	59757.957910147204529	3549.576499778777
3909	20220628_07	0	59757.958392372056551	59757.999527998399572	3554.118116036989
3910	20220628_08	0	59758.000013910874259	59758.041117267137452	3551.329981139861
3911	20220628_09	0	59758.041631390282419	59758.068620513615315	2331.860255962238
3911	20220628_09	1	59758.070927242697508	59758.070990140229696	5.434346781112
3911	20220628_09	2	59758.076078714402684	59758.076150868735567	6.234134361148
3911	20220628_09	3	59758.081220550513535	59758.081298554228852	6.739521003328
3912	20220628_10	0	59758.086341699905461	59758.086439562823216	8.455356094055
3912	20220628_10	1	59758.091487312005484	59758.091598071827320	9.569648606703
3912	20220628_10	2	59758.096619446529076	59758.096726862146170	9.280709316954
3912	20220628_10	3	59758.101786810373596	59758.101906899064488	10.375662893057
3912	20220628_10	4	59758.106911467941245	59758.107046576689754	11.673395871185
3912	20220628_10	5	59758.112078192229092	59758.112220840521331	12.324812449515
3912	20220628_10	6	59758.117256617864768	59758.117414663873205	13.655175128952
3912	20220628_10	7	59758.122448746107693	59758.122615082400443	14.371455693617
3913	20220628_11	0	59758.127647801782587	59758.127828718752426	15.631226194091
3913	20220628_11	1	59758.132842066894227	59758.133043632813497	17.415295424871
3913	20220628_11	2	59758.138038335309830	59758.138247513168608	18.072966998443
3913	20220628_11	3	59758.143217275406641	59758.143440767802531	19.309743004851
3913	20220628_11	4	59758.148404747982568	59758.148635463272512	19.933801051229
3913	20220628_11	5	59758.153583461833477	59758.153827791778895	21.110107284039
3913	20220628_11	6	59758.158769812944229	59758.159022313724563	21.816067420878
3913	20220628_11	7	59758.163957761709753	59758.164221545615874	22.790929488838
3922	20220628_20	0	59758.499819075019332	59758.503460163825366	314.590072841384
3922	20220628_20	1	59758.504442832367204	59758.541053595268750	3163.169914693572
3923	20220628_21	0	59758.541528949048370	59758.583027084263449	3585.438882582821
3924	20220628_22	0	59758.583057306845149	59758.624273999528668	3561.122247856110
3925	20220628_23	0	59758.624765055377793	59758.666111322614597	3572.317489259876
3926	20220629_00	0	59758.666615740956331	59758.707860123853607	3563.514682324603
3927	20220629_01	0	59758.708344256170676	59758.749414065881865	3548.431559046730
3928	20220629_02	0	59758.749930704580038	59758.765520065171586	1346.920755109750
3929	20220629_05	0	59758.877457874557876	59758.896121010235220	1612.494922522455
3929	20220629_05	1	59758.897087992714660	59758.916315196402138	1661.230398598127
3930	20220629_06	0	59758.916767157534196	59758.957755768948118	3541.416026162915
3931	20220629_07	0	59758.958191673387773	59758.999640809182893	3581.205332698300
3932	20220629_08	0	59758.999720505940786	59759.041194661993359	3583.367082942277
3933	20220629_09	0	59759.041629185638158	59759.082764987426344	3554.133274499327
3934	20220629_10	0	59759.083183107948571	59759.124612948762660	3579.538246337324
3935	20220629_11	0	59759.125023641245207	59759.128622567121056	310.947195673361
3935	20220629_11	1	59759.130444122805784	59759.130627142447338	15.812897030264
3935	20220629_11	2	59759.135582647861156	59759.135778923213365	16.958190430887
3935	20220629_11	3	59759.140716013149358	59759.140927686406940	18.288569455035
3935	20220629_11	4	59759.145859366202785	59759.146085571337608	19.544123648666
3935	20220629_11	5	59759.150976009746955	59759.151211266078462	20.326147042215
3935	20220629_11	6	59759.156096992221137	59759.156344358423667	21.372439898551
3935	20220629_11	7	59759.161236358049791	59759.161479727357801	21.027108212002
3935	20220629_11	8	59759.166356081303093	59759.166611008098698	22.025675140321
3944	20220629_21	0	59759.541891103894159	59759.582668326009298	3523.151990748011
3945	20220629_22	0	59759.583155675420130	59759.624598393551423	3580.650846543722
3946	20220629_23	0	59759.625113677422632	59759.666222496009141	3551.801925874315
3947	20220630_00	0	59759.666710082441568	59759.707800058560679	3550.173936691135
3948	20220630_01	0	59759.708276046992978	59759.740393498293997	2774.947792408057
3948	20220630_01	1	59759.741472264708136	59759.742510015013977	89.661626424640
3948	20220630_01	2	59759.743498058196565	59759.749708952047513	536.621228721924
3949	20220630_02	0	59759.749754189637315	59759.762687130918493	1117.406126693822
3950	20220630_05	0	59759.874944810988382	59759.916201203741366	3564.552333857864
3951	20220630_06	0	59759.916648286874988	59759.921860687580192	450.351420929655
3951	20220630_06	1	59759.922828363276494	59759.957919962464075	3031.914169806987
3952	20220630_07	0	59759.958368234561931	59759.999659245819203	3567.543372628279
3965	20220630_20	0	59760.500178943657374	59760.541273499460658	3550.569621403702
3966	20220630_21	0	59760.541757873063034	59760.577392514627718	3078.833031188697
3967	20220630_22	0	59760.577878493684693	59760.614204571298615	3138.573105842806
3968	20220630_23	0	59760.614687536137353	59760.652138586003275	3235.770708415657
