cell_id,nhit_bin,predE_bin,rho_bin_low_deg,rho_bin_high_deg,rho_bin_center_deg,count,annulus_area_sqdeg,density_per_sqdeg,cumulative_count_within_12deg,cumulative_fraction_within_12deg
1,"[125,200)","[2,2.5)",0,0.1,0.05,388,0.0314159265359,12350.4235839,388,0.000241989704211
1,"[125,200)","[2,2.5)",0.1,0.2,0.15,1072,0.0942477796077,11374.2732663,1460,0.000910579814816
1,"[125,200)","[2,2.5)",0.2,0.3,0.25,1833,0.157079632679,11669.2404275,3293,0.00205379406177
1,"[125,200)","[2,2.5)",0.3,0.4,0.35,2559,0.219911485751,11636.4999821,5852,0.00364980347692
1,"[125,200)","[2,2.5)",0.4,0.5,0.45,3154,0.282743338823,11154.9931225,9006,0.00561690535084
1,"[125,200)","[2,2.5)",0.5,0.6,0.55,3754,0.345575191895,10863.0482976,12760,0.00795821810757
1,"[125,200)","[2,2.5)",0.6,0.7,0.65,4463,0.408407044967,10927.8232464,17223,0.0107417233908
1,"[125,200)","[2,2.5)",0.7,0.8,0.75,4941,0.471238898038,10485.1276509,22164,0.0138233500107
1,"[125,200)","[2,2.5)",0.8,0.9,0.85,5640,0.53407075111,10560.3985769,27804,0.017340932309
1,"[125,200)","[2,2.5)",0.9,1,0.95,6303,0.596902604182,10559.5116453,34107,0.0212720176328
1,"[125,200)","[2,2.5)",1,1.1,1.05,7106,0.659734457254,10771.0002439,41213,0.0257039218548
1,"[125,200)","[2,2.5)",1.1,1.2,1.15,7615,0.722566310326,10538.8251447,48828,0.0304532816423
1,"[125,200)","[2,2.5)",1.2,1.3,1.25,8178,0.785398163397,10412.5529968,57006,0.0355537759749
1,"[125,200)","[2,2.5)",1.3,1.4,1.35,8779,0.848230016469,10349.787003,65785,0.0410291048751
1,"[125,200)","[2,2.5)",1.4,1.5,1.45,9423,0.911061869541,10342.8760604,75208,0.0469060867895
1,"[125,200)","[2,2.5)",1.5,1.6,1.55,10264,0.973893722613,10539.1376509,85472,0.0533075876246
1,"[125,200)","[2,2.5)",1.6,1.7,1.65,10610,1.03672557568,10234.1451285,96082,0.0599248834021
1,"[125,200)","[2,2.5)",1.7,1.8,1.75,11485,1.09955742876,10445.1115509,107567,0.0670879033837
1,"[125,200)","[2,2.5)",1.8,1.9,1.85,12124,1.16238928183,10430.240703,119691,0.0746494579555
1,"[125,200)","[2,2.5)",1.9,2,1.95,12664,1.2252211349,10336.0933298,132355,0.0825478023219
1,"[125,200)","[2,2.5)",2,2.1,2.05,13165,1.28805298797,10220.8528088,145520,0.0907586127753
1,"[125,200)","[2,2.5)",2.1,2.2,2.15,13934,1.35088484104,10314.7208235,159454,0.0994490368436
1,"[125,200)","[2,2.5)",2.2,2.3,2.25,14820,1.41371669412,10483.005585,174274,0.108692045649
1,"[125,200)","[2,2.5)",2.3,2.4,2.35,15416,1.47654854719,10440.5642668,189690,0.118306770598
1,"[125,200)","[2,2.5)",2.4,2.5,2.45,16038,1.53938040026,10418.4774584,205728,0.128309427495
1,"[125,200)","[2,2.5)",2.5,2.6,2.55,16473,1.60221225333,10281.4093237,222201,0.138583387282
1,"[125,200)","[2,2.5)",2.6,2.7,2.65,17308,1.6650441064,10394.9198303,239509,0.149378123881
1,"[125,200)","[2,2.5)",2.7,2.8,2.75,17994,1.72787595947,10413.9419854,257503,0.160600708256
1,"[125,200)","[2,2.5)",2.8,2.9,2.85,18420,1.79070781255,10286.4352693,275923,0.172088982358
1,"[125,200)","[2,2.5)",2.9,3,2.95,18937,1.85353966562,10216.6683299,294860,0.183899701504
1,"[125,200)","[2,2.5)",3,3.1,3.05,19750,1.91637151869,10305.9348396,314610,0.196217476397
1,"[125,200)","[2,2.5)",3.1,3.2,3.15,20058,1.97920337176,10134.3804715,334668,0.208727346209
1,"[125,200)","[2,2.5)",3.2,3.3,3.25,20821,2.04203522483,10196.2002157,355489,0.221713087527
1,"[125,200)","[2,2.5)",3.3,3.4,3.35,21408,2.10486707791,10170.7134976,376897,0.235064931825
1,"[125,200)","[2,2.5)",3.4,3.5,3.45,22217,2.16769893098,10249.1170164,399114,0.24892133713
1,"[125,200)","[2,2.5)",3.5,3.6,3.55,22523,2.23053078405,10097.5965726,421637,0.262968589986
1,"[125,200)","[2,2.5)",3.6,3.7,3.65,23187,2.29336263712,10110.4812753,444824,0.277429969552
1,"[125,200)","[2,2.5)",3.7,3.8,3.75,23974,2.35619449019,10174.8816152,468798,0.292382189059
1,"[125,200)","[2,2.5)",3.8,3.9,3.85,24436,2.41902634326,10101.5849075,493234,0.307622550946
1,"[125,200)","[2,2.5)",3.9,4,3.95,25044,2.48185819634,10090.8263159,518278,0.323242113194
1,"[125,200)","[2,2.5)",4,4.1,4.05,25604,2.54469004941,10061.7362048,543882,0.339210938933
1,"[125,200)","[2,2.5)",4.1,4.2,4.15,26196,2.60752190248,10046.320215,570078,0.355548986076
1,"[125,200)","[2,2.5)",4.2,4.3,4.25,26627,2.67035375555,9971.33804637,596705,0.37215584137
1,"[125,200)","[2,2.5)",4.3,4.4,4.35,27527,2.73318560862,10071.3979735,624232,0.389324012988
1,"[125,200)","[2,2.5)",4.4,4.5,4.45,27699,2.79601746169,9906.59049147,651931,0.406599458392
1,"[125,200)","[2,2.5)",4.5,4.6,4.55,28443,2.85884931477,9949.1077942,680374,0.424338925291
1,"[125,200)","[2,2.5)",4.6,4.7,4.65,28682,2.92168116784,9816.95070486,709056,0.442227452859
1,"[125,200)","[2,2.5)",4.7,4.8,4.75,29413,2.98451302091,9855.20913929,738469,0.460571894018
1,"[125,200)","[2,2.5)",4.8,4.9,4.85,29694,3.04734487398,9744.22037149,768163,0.479091590608
1,"[125,200)","[2,2.5)",4.9,5,4.95,30480,3.11017672705,9800.08619281,798643,0.498101503455
1,"[125,200)","[2,2.5)",5,5.1,5.05,30739,3.17300858013,9687.6510806,829382,0.517272950665
1,"[125,200)","[2,2.5)",5.1,5.2,5.15,30920,3.2358404332,9555.47736,860302,0.536557284826
1,"[125,200)","[2,2.5)",5.2,5.3,5.25,31179,3.29867228627,9451.98470602,891481,0.55600315335
1,"[125,200)","[2,2.5)",5.3,5.4,5.35,31828,3.36150413934,9468.38042753,923309,0.575853793313
1,"[125,200)","[2,2.5)",5.4,5.5,5.45,32031,3.42433599241,9353.93024253,955340,0.595831041292
1,"[125,200)","[2,2.5)",5.5,5.6,5.55,31737,3.48716784548,9101.08185389,987077,0.615624925937
1,"[125,200)","[2,2.5)",5.6,5.7,5.65,32029,3.54999969856,9022.25428724,1019106,0.635600926546
1,"[125,200)","[2,2.5)",5.7,5.8,5.75,32510,3.61283155163,8998.48208681,1051616,0.655876919546
1,"[125,200)","[2,2.5)",5.8,5.9,5.85,32262,3.6756634047,8777.19106672,1083878,0.675998238714
1,"[125,200)","[2,2.5)",5.9,6,5.95,32181,3.73849525777,8608.00877923,1116059,0.696069039413
1,"[125,200)","[2,2.5)",6,6.1,6.05,32025,3.80132711084,8424.689343,1148084,0.716042545283
1,"[125,200)","[2,2.5)",6.1,6.2,6.15,31957,3.86415896392,8270.1049047,1180041,0.735973640585
1,"[125,200)","[2,2.5)",6.2,6.3,6.25,31429,3.92699081699,8003.3291303,1211470,0.755575430311
1,"[125,200)","[2,2.5)",6.3,6.4,6.35,30850,3.98982267006,7732.1732195,1242320,0.774816106535
1,"[125,200)","[2,2.5)",6.4,6.5,6.45,29975,4.05265452313,7396.3866964,1272295,0.793511058555
1,"[125,200)","[2,2.5)",6.5,6.6,6.55,28836,4.1154863762,7006.70525038,1301131,0.811495633583
1,"[125,200)","[2,2.5)",6.6,6.7,6.65,27638,4.17831822927,6614.62303334,1328769,0.828733034214
1,"[125,200)","[2,2.5)",6.7,6.8,6.75,26076,4.24115008235,6148.33229047,1354845,0.844996239181
1,"[125,200)","[2,2.5)",6.8,6.9,6.85,24126,4.30398193542,5605.50679859,1378971,0.860043258778
1,"[125,200)","[2,2.5)",6.9,7,6.95,22026,4.36681378849,5043.95219646,1400997,0.873780540286
1,"[125,200)","[2,2.5)",7,7.1,7.05,20093,4.42964564156,4536.02875397,1421090,0.886312239066
1,"[125,200)","[2,2.5)",7.1,7.2,7.15,18150,4.49247749463,4040.08701695,1439240,0.897632118271
1,"[125,200)","[2,2.5)",7.2,7.3,7.25,15991,4.55530934771,3510.40923446,1455231,0.907605461982
1,"[125,200)","[2,2.5)",7.3,7.4,7.35,14058,4.61814120078,3044.08189114,1469289,0.916373222966
1,"[125,200)","[2,2.5)",7.4,7.5,7.45,12606,4.68097305385,2693.02981559,1481895,0.924235393614
1,"[125,200)","[2,2.5)",7.5,7.6,7.55,11030,4.74380490692,2325.13777789,1492925,0.931114637009
1,"[125,200)","[2,2.5)",7.6,7.7,7.65,9850,4.80663675999,2049.24992086,1502775,0.937257932335
1,"[125,200)","[2,2.5)",7.7,7.8,7.75,8508,4.86946861306,1747.21323332,1511283,0.942564242653
1,"[125,200)","[2,2.5)",7.8,7.9,7.85,7689,4.93230046614,1558.9074617,1518972,0.947359755116
1,"[125,200)","[2,2.5)",7.9,8,7.95,6860,4.99513231921,1373.33699322,1525832,0.951638232876
1,"[125,200)","[2,2.5)",8,8.1,8.05,6232,5.05796417228,1232.11627994,1532064,0.955525036579
1,"[125,200)","[2,2.5)",8.1,8.2,8.15,5452,5.12079602535,1064.67822054,1537516,0.958925366134
1,"[125,200)","[2,2.5)",8.2,8.3,8.25,5065,5.18362787842,977.114893043,1542581,0.96208432967
1,"[125,200)","[2,2.5)",8.3,8.4,8.35,4402,5.24645973149,839.041987414,1546983,0.96482979018
1,"[125,200)","[2,2.5)",8.4,8.5,8.45,4106,5.30929158457,773.361179095,1551089,0.967390639988
1,"[125,200)","[2,2.5)",8.5,8.6,8.55,3657,5.37212343764,680.736405716,1554746,0.969671455319
1,"[125,200)","[2,2.5)",8.6,8.7,8.65,3265,5.43495529071,600.740912364,1558011,0.971707786206
1,"[125,200)","[2,2.5)",8.7,8.8,8.75,3066,5.49778714378,557.678920594,1561077,0.973620003817
1,"[125,200)","[2,2.5)",8.8,8.9,8.85,2862,5.56061899685,514.690900711,1563939,0.975404989728
1,"[125,200)","[2,2.5)",8.9,9,8.95,2505,5.62345084993,445.456013905,1566444,0.976967320164
1,"[125,200)","[2,2.5)",9,9.1,9.05,2382,5.686282703,418.90284469,1568826,0.978452937368
1,"[125,200)","[2,2.5)",9.1,9.2,9.15,2146,5.74911455607,373.274871995,1570972,0.979791364959
1,"[125,200)","[2,2.5)",9.2,9.3,9.25,1927,5.81194640914,331.558459825,1572899,0.980993205578
1,"[125,200)","[2,2.5)",9.3,9.4,9.35,1939,5.87477826221,330.055010326,1574838,0.982202530414
1,"[125,200)","[2,2.5)",9.4,9.5,9.45,1745,5.93761011528,293.88928645,1576583,0.983290860398
1,"[125,200)","[2,2.5)",9.5,9.6,9.55,1681,6.00044196836,280.14603072,1578264,0.984339274555
1,"[125,200)","[2,2.5)",9.6,9.7,9.65,1527,6.06327382143,251.84414311,1579791,0.985291641252
1,"[125,200)","[2,2.5)",9.7,9.8,9.75,1386,6.1261056745,226.244872949,1581177,0.986156068391
1,"[125,200)","[2,2.5)",9.8,9.9,9.85,1415,6.18893752757,228.633750736,1582592,0.987038582389
1,"[125,200)","[2,2.5)",9.9,10,9.95,1395,6.25176938064,223.136829762,1583987,0.987908622692
1,"[125,200)","[2,2.5)",10,10.1,10.05,1247,6.31460123372,197.478819936,1585234,0.988686357643
1,"[125,200)","[2,2.5)",10.1,10.2,10.15,1226,6.37743308679,192.240354907,1586460,0.989450995214
1,"[125,200)","[2,2.5)",10.2,10.3,10.25,1222,6.44026493986,189.743746789,1587682,0.990213138045
1,"[125,200)","[2,2.5)",10.3,10.4,10.35,1119,6.50309679293,172.071866009,1588801,0.990911041342
1,"[125,200)","[2,2.5)",10.4,10.5,10.45,1115,6.565928646,169.816039758,1589916,0.991606449899
1,"[125,200)","[2,2.5)",10.5,10.6,10.55,1018,6.62876049907,153.573205751,1590934,0.99224136103
1,"[125,200)","[2,2.5)",10.6,10.7,10.65,1074,6.69159235215,160.499914442,1592008,0.99291119851
1,"[125,200)","[2,2.5)",10.7,10.8,10.75,1041,6.75442420522,154.121205357,1593049,0.993560454392
1,"[125,200)","[2,2.5)",10.8,10.9,10.85,959,6.81725605829,140.672433572,1594008,0.994158568119
1,"[125,200)","[2,2.5)",10.9,11,10.95,903,6.88008791136,131.248322933,1594911,0.994721755498
1,"[125,200)","[2,2.5)",11,11.1,11.05,908,6.94291976443,130.780713418,1595819,0.995288061301
1,"[125,200)","[2,2.5)",11.1,11.2,11.15,922,7.00575161751,131.606150252,1596741,0.995863098691
1,"[125,200)","[2,2.5)",11.2,11.3,11.25,910,7.06858347058,128.738665079,1597651,0.996430651863
1,"[125,200)","[2,2.5)",11.3,11.4,11.35,819,7.13141532365,114.843963341,1598470,0.996941449718
1,"[125,200)","[2,2.5)",11.4,11.5,11.45,857,7.19424717672,119.122957406,1599327,0.997475947596
1,"[125,200)","[2,2.5)",11.5,11.6,11.55,870,7.25707902979,119.882944147,1600197,0.998018553376
1,"[125,200)","[2,2.5)",11.6,11.7,11.65,825,7.31991088286,112.706290172,1601022,0.998533093339
1,"[125,200)","[2,2.5)",11.7,11.8,11.75,789,7.38274273594,106.870851149,1601811,0.99902518065
1,"[125,200)","[2,2.5)",11.8,11.9,11.85,801,7.44557458901,107.580683052,1602612,0.999524752179
1,"[125,200)","[2,2.5)",11.9,12,11.95,762,7.50840644208,101.486248231,1603374,1
2,"[125,200)","[2.5,3)",0,0.1,0.05,840,0.0314159265359,26738.0304394,840,0.000241923777882
2,"[125,200)","[2.5,3)",0.1,0.2,0.15,2582,0.0942477796077,27395.8708709,3422,0.000985551390371
2,"[125,200)","[2.5,3)",0.2,0.3,0.25,4135,0.157079632679,26324.2275874,7557,0.00217644998744
2,"[125,200)","[2.5,3)",0.3,0.4,0.35,5607,0.219911485751,25496.6218833,13164,0.0037912912048
2,"[125,200)","[2.5,3)",0.4,0.5,0.45,6854,0.282743338823,24241.0662212,20018,0.00576527403052
2,"[125,200)","[2.5,3)",0.5,0.6,0.55,8237,0.345575191895,23835.6230227,28255,0.00813756707625
2,"[125,200)","[2.5,3)",0.6,0.7,0.65,9794,0.408407044967,23980.9771176,38049,0.0109582831245
2,"[125,200)","[2.5,3)",0.7,0.8,0.75,11082,0.471238898038,23516.7343913,49131,0.0141499489656
2,"[125,200)","[2.5,3)",0.8,0.9,0.85,12096,0.53407075111,22648.6846075,61227,0.0176336513671
2,"[125,200)","[2.5,3)",0.9,1,0.95,13299,0.596902604182,22280.0167177,74526,0.0214638231791
2,"[125,200)","[2.5,3)",1,1.1,1.05,14909,0.659734457254,22598.4861577,89435,0.025757682232
2,"[125,200)","[2.5,3)",1.1,1.2,1.15,16192,0.722566310326,22409.0159873,105627,0.0304210510551
2,"[125,200)","[2.5,3)",1.2,1.3,1.25,17422,0.785398163397,22182.3793484,123049,0.0354386654102
2,"[125,200)","[2.5,3)",1.3,1.4,1.35,19031,0.848230016469,22436.1312739,142080,0.0409196790017
2,"[125,200)","[2.5,3)",1.4,1.5,1.45,20350,0.911061869541,22336.5730477,162430,0.0467805705254
2,"[125,200)","[2.5,3)",1.5,1.6,1.55,21548,0.973893722613,22125.617508,183978,0.0529864914371
2,"[125,200)","[2.5,3)",1.6,1.7,1.65,23163,1.03672557568,22342.4602839,207141,0.0596575396121
2,"[125,200)","[2.5,3)",1.7,1.8,1.75,24660,1.09955742876,22427.2051237,231801,0.06675973052
2,"[125,200)","[2.5,3)",1.8,1.9,1.85,25895,1.16238928183,22277.3905479,257696,0.0742176069822
2,"[125,200)","[2.5,3)",1.9,2,1.95,27248,1.2252211349,22239.2507147,284944,0.0820651535294
2,"[125,200)","[2.5,3)",2,2.1,2.05,28750,1.28805298797,22320.5103117,313694,0.0903452828319
2,"[125,200)","[2.5,3)",2.1,2.2,2.15,30276,1.35088484104,22411.9770095,343970,0.0990649069976
2,"[125,200)","[2.5,3)",2.2,2.3,2.25,31316,1.41371669412,22151.5386572,375286,0.108084055841
2,"[125,200)","[2.5,3)",2.3,2.4,2.35,32566,1.47654854719,22055.4888372,407852,0.117463210305
2,"[125,200)","[2.5,3)",2.4,2.5,2.45,33765,1.53938040026,21934.1496061,441617,0.127187682163
2,"[125,200)","[2.5,3)",2.5,2.6,2.55,35445,1.60221225333,22122.5370898,477062,0.137396001576
2,"[125,200)","[2.5,3)",2.6,2.7,2.65,36992,1.6650441064,22216.8288862,514054,0.148049863947
2,"[125,200)","[2.5,3)",2.7,2.8,2.75,38082,1.72787595947,22039.7765194,552136,0.15901765122
2,"[125,200)","[2.5,3)",2.8,2.9,2.85,39908,1.79070781255,22286.15954,592044,0.170511334705
2,"[125,200)","[2.5,3)",2.9,3,2.95,41134,1.85353966562,22192.1336581,633178,0.182358111704
2,"[125,200)","[2.5,3)",3,3.1,3.05,41845,1.91637151869,21835.5363727,675023,0.194409659901
2,"[125,200)","[2.5,3)",3.1,3.2,3.15,43652,1.97920337176,22055.338336,718675,0.206981632225
2,"[125,200)","[2.5,3)",3.2,3.3,3.25,44726,2.04203522483,21902.6584145,763401,0.219862921379
2,"[125,200)","[2.5,3)",3.3,3.4,3.35,46380,2.10486707791,22034.645554,809781,0.233220569972
2,"[125,200)","[2.5,3)",3.4,3.5,3.45,47500,2.16769893098,21912.6370924,857281,0.246900783603
2,"[125,200)","[2.5,3)",3.5,3.6,3.55,48852,2.23053078405,21901.5134646,906133,0.260970379313
2,"[125,200)","[2.5,3)",3.6,3.7,3.65,50258,2.29336263712,21914.5455614,956391,0.275444909348
2,"[125,200)","[2.5,3)",3.7,3.8,3.75,52015,2.35619449019,22075.8516398,1008406,0.290425463284
2,"[125,200)","[2.5,3)",3.8,3.9,3.85,52893,2.41902634326,21865.4088441,1061299,0.305658885169
2,"[125,200)","[2.5,3)",3.9,4,3.95,54170,2.48185819634,21826.3880185,1115469,0.321260088798
2,"[125,200)","[2.5,3)",4,4.1,4.05,55798,2.54469004941,21927.2284312,1171267,0.337330163748
2,"[125,200)","[2.5,3)",4.1,4.2,4.15,56769,2.60752190248,21771.2456973,1228036,0.353679891065
2,"[125,200)","[2.5,3)",4.2,4.3,4.25,57949,2.67035375555,21700.8701111,1285985,0.37036946369
2,"[125,200)","[2.5,3)",4.3,4.4,4.35,59423,2.73318560862,21741.2969732,1345408,0.387483554943
2,"[125,200)","[2.5,3)",4.4,4.5,4.45,60531,2.79601746169,21649.0064276,1405939,0.40491675518
2,"[125,200)","[2.5,3)",4.5,4.6,4.55,61661,2.85884931477,21568.4680132,1467600,0.422675400499
2,"[125,200)","[2.5,3)",4.6,4.7,4.65,62152,2.92168116784,21272.6839205,1529752,0.440575456026
2,"[125,200)","[2.5,3)",4.7,4.8,4.75,63531,2.98451302091,21286.8898728,1593283,0.458872669756
2,"[125,200)","[2.5,3)",4.8,4.9,4.85,64776,3.04734487398,21256.5373066,1658059,0.477528449084
2,"[125,200)","[2.5,3)",4.9,5,4.95,65495,3.11017672705,21058.2888845,1723554,0.496391303647
2,"[125,200)","[2.5,3)",5,5.1,5.05,66440,3.17300858013,20939.1176614,1789994,0.515526322459
2,"[125,200)","[2.5,3)",5.1,5.2,5.15,67305,3.2358404332,20799.8513491,1857299,0.534910465162
2,"[125,200)","[2.5,3)",5.2,5.3,5.25,68692,3.29867228627,20824.1359064,1925991,0.554694070103
2,"[125,200)","[2.5,3)",5.3,5.4,5.35,68673,3.36150413934,20429.2474896,1994664,0.574472202958
2,"[125,200)","[2.5,3)",5.4,5.5,5.45,69620,3.42433599241,20330.9488772,2064284,0.594523076072
2,"[125,200)","[2.5,3)",5.5,5.6,5.55,70133,3.48716784548,20111.7362592,2134417,0.614721695494
2,"[125,200)","[2.5,3)",5.6,5.7,5.65,70323,3.54999969856,19809.2974567,2204740,0.63497503577
2,"[125,200)","[2.5,3)",5.7,5.8,5.75,69835,3.61283155163,19329.7138275,2274575,0.655087829852
2,"[125,200)","[2.5,3)",5.8,5.9,5.85,70951,3.6756634047,19302.9100296,2345526,0.675522036952
2,"[125,200)","[2.5,3)",5.9,6,5.95,70254,3.73849525777,18792.052726,2415780,0.695755504918
2,"[125,200)","[2.5,3)",6,6.1,6.05,69551,3.80132711084,18296.504871,2485331,0.715786505722
2,"[125,200)","[2.5,3)",6.1,6.2,6.15,68639,3.86415896392,17762.9855917,2553970,0.735554846424
2,"[125,200)","[2.5,3)",6.2,6.3,6.25,68321,3.92699081699,17397.7997872,2622291,0.755231601697
2,"[125,200)","[2.5,3)",6.3,6.4,6.35,66287,3.98982267006,16614.0215949,2688578,0.774322555821
2,"[125,200)","[2.5,3)",6.4,6.5,6.45,64265,4.05265452313,15857.5076245,2752843,0.792831164851
2,"[125,200)","[2.5,3)",6.5,6.6,6.55,63136,4.1154863762,15341.0786062,2815979,0.811014616804
2,"[125,200)","[2.5,3)",6.6,6.7,6.65,60187,4.17831822927,14404.5993382,2876166,0.828348743494
2,"[125,200)","[2.5,3)",6.7,6.8,6.75,56379,4.24115008235,13293.3282023,2932545,0.844586149057
2,"[125,200)","[2.5,3)",6.8,6.9,6.85,52827,4.30398193542,12273.9827427,2985372,0.859800562646
2,"[125,200)","[2.5,3)",6.9,7,6.95,48418,4.36681378849,11087.7180354,3033790,0.873745164404
2,"[125,200)","[2.5,3)",7,7.1,7.05,44289,4.42964564156,9998.31670156,3078079,0.886500595593
2,"[125,200)","[2.5,3)",7.1,7.2,7.15,39288,4.49247749463,8745.28587999,3117367,0.89781571629
2,"[125,200)","[2.5,3)",7.2,7.3,7.25,35726,4.55530934771,7842.71654745,3153093,0.908104964967
2,"[125,200)","[2.5,3)",7.3,7.4,7.35,31243,4.61814120078,6765.27603676,3184336,0.917103089482
2,"[125,200)","[2.5,3)",7.4,7.5,7.45,27878,4.68097305385,5955.59933358,3212214,0.925132078863
2,"[125,200)","[2.5,3)",7.5,7.6,7.55,24813,4.74380490692,5230.61139462,3237027,0.932278334458
2,"[125,200)","[2.5,3)",7.6,7.7,7.65,22039,4.80663675999,4585.11868079,3259066,0.938625665578
2,"[125,200)","[2.5,3)",7.7,7.8,7.75,19308,4.86946861306,3965.11437577,3278374,0.944186456416
2,"[125,200)","[2.5,3)",7.8,7.9,7.85,17222,4.93230046614,3491.6769808,3295596,0.949146469871
2,"[125,200)","[2.5,3)",7.9,8,7.95,15405,4.99513231921,3084.00238784,3311001,0.953583179155
2,"[125,200)","[2.5,3)",8,8.1,8.05,13821,5.05796417228,2732.52232108,3324822,0.957563689315
2,"[125,200)","[2.5,3)",8.1,8.2,8.15,12131,5.12079602535,2368.96762533,3336953,0.961057471873
2,"[125,200)","[2.5,3)",8.2,8.3,8.25,11081,5.18362787842,2137.69202958,3348034,0.96424884971
2,"[125,200)","[2.5,3)",8.3,8.4,8.35,9926,5.24645973149,1891.94247321,3357960,0.967107582352
2,"[125,200)","[2.5,3)",8.4,8.5,8.45,8860,5.30929158457,1668.7725394,3366820,0.9696593022
2,"[125,200)","[2.5,3)",8.5,8.6,8.55,7907,5.37212343764,1471.85746787,3374727,0.971936553761
2,"[125,200)","[2.5,3)",8.6,8.7,8.65,7177,5.43495529071,1320.52604228,3381904,0.97400356204
2,"[125,200)","[2.5,3)",8.7,8.8,8.75,6482,5.49778714378,1179.01981842,3388386,0.975870407192
2,"[125,200)","[2.5,3)",8.8,8.9,8.85,5799,5.56061899685,1042.86950846,3394185,0.977540545273
2,"[125,200)","[2.5,3)",8.9,9,8.95,5327,5.62345084993,947.283108213,3399512,0.979074745231
2,"[125,200)","[2.5,3)",9,9.1,9.05,4701,5.686282703,826.726395,3404213,0.980428654374
2,"[125,200)","[2.5,3)",9.1,9.2,9.15,4362,5.74911455607,758.725531986,3408575,0.981684929992
2,"[125,200)","[2.5,3)",9.2,9.3,9.25,3964,5.81194640914,682.043453423,3412539,0.98282657982
2,"[125,200)","[2.5,3)",9.3,9.4,9.35,3665,5.87477826221,623.853333082,3416204,0.983882116303
2,"[125,200)","[2.5,3)",9.4,9.5,9.45,3421,5.93761011528,576.157735786,3419625,0.984867379689
2,"[125,200)","[2.5,3)",9.5,9.6,9.55,3179,6.00044196836,529.794307947,3422804,0.985782945986
2,"[125,200)","[2.5,3)",9.6,9.7,9.65,2986,6.06327382143,492.473222873,3425790,0.986642927416
2,"[125,200)","[2.5,3)",9.7,9.8,9.75,2785,6.1261056745,454.611811806,3428575,0.987445019941
2,"[125,200)","[2.5,3)",9.8,9.9,9.85,2693,6.18893752757,435.131230199,3431268,0.988220616053
2,"[125,200)","[2.5,3)",9.9,10,9.95,2524,6.25176938064,403.725704888,3433792,0.988947539405
2,"[125,200)","[2.5,3)",10,10.1,10.05,2411,6.31460123372,381.813500293,3436203,0.989641918248
2,"[125,200)","[2.5,3)",10.1,10.2,10.15,2350,6.37743308679,368.486814055,3438553,0.990318728817
2,"[125,200)","[2.5,3)",10.2,10.3,10.25,2257,6.44026493986,350.451421033,3440810,0.990968754968
2,"[125,200)","[2.5,3)",10.3,10.4,10.35,2146,6.50309679293,329.996625966,3442956,0.99158681262
2,"[125,200)","[2.5,3)",10.4,10.5,10.45,2155,6.565928646,328.209475945,3445111,0.992207462312
2,"[125,200)","[2.5,3)",10.5,10.6,10.55,2071,6.62876049907,312.426433311,3447182,0.992803919626
2,"[125,200)","[2.5,3)",10.6,10.7,10.65,1987,6.69159235215,296.939785844,3449169,0.993376184562
2,"[125,200)","[2.5,3)",10.7,10.8,10.75,2030,6.75442420522,300.543753001,3451199,0.993960833692
2,"[125,200)","[2.5,3)",10.8,10.9,10.85,1884,6.81725605829,276.357523304,3453083,0.994503434166
2,"[125,200)","[2.5,3)",10.9,11,10.95,1841,6.88008791136,267.583790166,3454924,0.995033650445
2,"[125,200)","[2.5,3)",11,11.1,11.05,1776,6.94291976443,255.800161929,3456700,0.995545146433
2,"[125,200)","[2.5,3)",11.1,11.2,11.15,1802,7.00575161751,257.217226414,3458502,0.996064130537
2,"[125,200)","[2.5,3)",11.2,11.3,11.25,1732,7.06858347058,245.027876831,3460234,0.996562954327
2,"[125,200)","[2.5,3)",11.3,11.4,11.35,1770,7.13141532365,248.197576452,3462004,0.997072722288
2,"[125,200)","[2.5,3)",11.4,11.5,11.45,1835,7.19424717672,255.064908798,3463839,0.997601210541
2,"[125,200)","[2.5,3)",11.5,11.6,11.55,1659,7.25707902979,228.604372805,3465498,0.998079010002
2,"[125,200)","[2.5,3)",11.6,11.7,11.65,1698,7.31991088286,231.970037228,3467196,0.998568041639
2,"[125,200)","[2.5,3)",11.7,11.8,11.75,1660,7.38274273594,224.84868556,3468856,0.999046129104
2,"[125,200)","[2.5,3)",11.8,11.9,11.85,1651,7.44557458901,221.742456578,3470507,0.99952162453
2,"[125,200)","[2.5,3)",11.9,12,11.95,1661,7.50840644208,221.218711695,3472168,1
3,"[125,200)","[3,3.25)",0,0.1,0.05,188,0.0314159265359,5984.22586026,188,0.00025995503331
3,"[125,200)","[3,3.25)",0.1,0.2,0.15,480,0.0942477796077,5092.95817894,668,0.000923670011975
3,"[125,200)","[3,3.25)",0.2,0.3,0.25,785,0.157079632679,4997.46521309,1453,0.00200912055
3,"[125,200)","[3,3.25)",0.3,0.4,0.35,1131,0.219911485751,5142.97830391,2584,0.00357299896848
3,"[125,200)","[3,3.25)",0.4,0.5,0.45,1436,0.282743338823,5078.81107289,4020,0.00555861294631
3,"[125,200)","[3,3.25)",0.5,0.6,0.55,1664,0.345575191895,4815.16046009,5684,0.00785949153902
3,"[125,200)","[3,3.25)",0.6,0.7,0.65,1893,0.408407044967,4635.08165035,7577,0.0104770174861
3,"[125,200)","[3,3.25)",0.7,0.8,0.75,2190,0.471238898038,4647.32433828,9767,0.0135052170763
3,"[125,200)","[3,3.25)",0.8,0.9,0.85,2486,0.53407075111,4654.81398266,12253,0.0169427075699
3,"[125,200)","[3,3.25)",0.9,1,0.95,2749,0.596902604182,4605.44145852,15002,0.0207438585623
3,"[125,200)","[3,3.25)",1,1.1,1.05,3044,0.659734457254,4613.9775883,18046,0.0249529177187
3,"[125,200)","[3,3.25)",1.1,1.2,1.15,3363,0.722566310326,4654.24411842,21409,0.029603070788
3,"[125,200)","[3,3.25)",1.2,1.3,1.25,3654,0.785398163397,4652.41729646,25063,0.0346556010631
3,"[125,200)","[3,3.25)",1.3,1.4,1.35,3990,0.848230016469,4703.91276249,29053,0.0401727318232
3,"[125,200)","[3,3.25)",1.4,1.5,1.45,4205,0.911061869541,4615.49334966,33258,0.0459871515842
3,"[125,200)","[3,3.25)",1.5,1.6,1.55,4403,0.973893722613,4521.02718989,37661,0.0520753537739
3,"[125,200)","[3,3.25)",1.6,1.7,1.65,4729,1.03672557568,4561.47712655,42390,0.0586143290533
3,"[125,200)","[3,3.25)",1.7,1.8,1.75,4925,1.09955742876,4479.07482701,47315,0.0654243212823
3,"[125,200)","[3,3.25)",1.8,1.9,1.85,5285,1.16238928183,4546.66959049,52600,0.0727320997453
3,"[125,200)","[3,3.25)",1.9,2,1.95,5660,1.2252211349,4619.57424564,58260,0.0805584055354
3,"[125,200)","[3,3.25)",2,2.1,2.05,6050,1.28805298797,4697.01173515,64310,0.0889239797456
3,"[125,200)","[3,3.25)",2.1,2.2,2.15,6057,1.35088484104,4483.7278619,70367,0.0972992331327
3,"[125,200)","[3,3.25)",2.2,2.3,2.25,6450,1.41371669412,4562.44170197,76817,0.106217903158
3,"[125,200)","[3,3.25)",2.3,2.4,2.35,6610,1.47654854719,4476.65605888,83427,0.11535781151
3,"[125,200)","[3,3.25)",2.4,2.5,2.45,6983,1.53938040026,4536.24068413,90410,0.125013481711
3,"[125,200)","[3,3.25)",2.5,2.6,2.55,7299,1.60221225333,4555.57619462,97709,0.135106097605
3,"[125,200)","[3,3.25)",2.6,2.7,2.65,7578,1.6650441064,4551.23078774,105287,0.14558449783
3,"[125,200)","[3,3.25)",2.7,2.8,2.75,8005,1.72787595947,4632.85570709,113292,0.156653327839
3,"[125,200)","[3,3.25)",2.8,2.9,2.85,8179,1.79070781255,4567.46764754,121471,0.167962754528
3,"[125,200)","[3,3.25)",2.9,3,2.95,8339,1.85353966562,4498.95956082,129810,0.179493419543
3,"[125,200)","[3,3.25)",3,3.1,3.05,8600,1.91637151869,4487.64757571,138410,0.191384979577
3,"[125,200)","[3,3.25)",3.1,3.2,3.15,9043,1.97920337176,4569.01000121,147453,0.203889093227
3,"[125,200)","[3,3.25)",3.2,3.3,3.25,9213,2.04203522483,4511.67535602,156666,0.216628272599
3,"[125,200)","[3,3.25)",3.3,3.4,3.35,9515,2.10486707791,4520.47547319,166181,0.229785039311
3,"[125,200)","[3,3.25)",3.4,3.5,3.45,9854,2.16769893098,4545.83422965,176035,0.243410554727
3,"[125,200)","[3,3.25)",3.5,3.6,3.55,10235,2.23053078405,4588.59392266,186270,0.257562893908
3,"[125,200)","[3,3.25)",3.6,3.7,3.65,10394,2.29336263712,4532.20953013,196664,0.271935088675
3,"[125,200)","[3,3.25)",3.7,3.8,3.75,10621,2.35619449019,4507.69240154,207285,0.286621165318
3,"[125,200)","[3,3.25)",3.8,3.9,3.85,10781,2.41902634326,4456.75179604,218066,0.301528480286
3,"[125,200)","[3,3.25)",3.9,4,3.95,11291,2.48185819634,4549.41382899,229357,0.31714099242
3,"[125,200)","[3,3.25)",4,4.1,4.05,11295,2.54469004941,4438.65452401,240652,0.332759035512
3,"[125,200)","[3,3.25)",4.1,4.2,4.15,11659,2.60752190248,4471.29513616,252311,0.348880395795
3,"[125,200)","[3,3.25)",4.2,4.3,4.25,11830,2.67035375555,4430.12465124,264141,0.36523820454
3,"[125,200)","[3,3.25)",4.3,4.4,4.35,12363,2.73318560862,4523.2932447,276504,0.38233301346
3,"[125,200)","[3,3.25)",4.4,4.5,4.45,12523,2.79601746169,4478.8704547,289027,0.399649060705
3,"[125,200)","[3,3.25)",4.5,4.6,4.55,12781,2.85884931477,4470.67984101,301808,0.417321854752
3,"[125,200)","[3,3.25)",4.6,4.7,4.65,12738,2.92168116784,4359.81863463,314546,0.434935190998
3,"[125,200)","[3,3.25)",4.7,4.8,4.75,12869,2.98451302091,4311.92623716,327415,0.452729666124
3,"[125,200)","[3,3.25)",4.8,4.9,4.85,13308,3.04734487398,4367.08037663,340723,0.471131163907
3,"[125,200)","[3,3.25)",4.9,5,4.95,13239,3.11017672705,4256.67129615,353962,0.489437252662
3,"[125,200)","[3,3.25)",5,5.1,5.05,13349,3.17300858013,4207.04818878,367311,0.507895442767
3,"[125,200)","[3,3.25)",5.1,5.2,5.15,13620,3.2358404332,4209.10742701,380931,0.526728355287
3,"[125,200)","[3,3.25)",5.2,5.3,5.25,13660,3.29867228627,4141.06004311,394591,0.545616577388
3,"[125,200)","[3,3.25)",5.3,5.4,5.35,13732,3.36150413934,4085.07603465,408323,0.564604356736
3,"[125,200)","[3,3.25)",5.4,5.5,5.45,13963,3.42433599241,4077.57884476,422286,0.583911548917
3,"[125,200)","[3,3.25)",5.5,5.6,5.55,14052,3.48716784548,4029.63109969,436338,0.603341804918
3,"[125,200)","[3,3.25)",5.6,5.7,5.65,14002,3.54999969856,3944.22568703,450340,0.622702923941
3,"[125,200)","[3,3.25)",5.7,5.8,5.75,14047,3.61283155163,3888.08606193,464387,0.642126266244
3,"[125,200)","[3,3.25)",5.8,5.9,5.85,14032,3.6756634047,3817.54215635,478419,0.661528867453
3,"[125,200)","[3,3.25)",5.9,6,5.95,14073,3.73849525777,3764.34876325,492492,0.680988160984
3,"[125,200)","[3,3.25)",6,6.1,6.05,13766,3.80132711084,3621.36685389,506258,0.700022953476
3,"[125,200)","[3,3.25)",6.1,6.2,6.15,13546,3.86415896392,3505.54936443,519804,0.71875354327
3,"[125,200)","[3,3.25)",6.2,6.3,6.25,13343,3.92699081699,3397.76704908,533147,0.737203436937
3,"[125,200)","[3,3.25)",6.3,6.4,6.35,12910,3.98982267006,3235.73278003,546057,0.755054604384
3,"[125,200)","[3,3.25)",6.4,6.5,6.45,12609,4.05265452313,3111.29407356,558666,0.77248956723
3,"[125,200)","[3,3.25)",6.5,6.6,6.55,12241,4.1154863762,2974.37505097,570907,0.789415681926
3,"[125,200)","[3,3.25)",6.6,6.7,6.65,11776,4.17831822927,2818.3588118,582683,0.805698822736
3,"[125,200)","[3,3.25)",6.7,6.8,6.75,11131,4.24115008235,2624.52395786,593814,0.821090096543
3,"[125,200)","[3,3.25)",6.8,6.9,6.85,10880,4.30398193542,2527.89165086,604694,0.836134302726
3,"[125,200)","[3,3.25)",6.9,7,6.95,9920,4.36681378849,2271.67918773,614614,0.849851078952
3,"[125,200)","[3,3.25)",7,7.1,7.05,9324,4.42964564156,2104.90877927,623938,0.862743742412
3,"[125,200)","[3,3.25)",7.1,7.2,7.15,8616,4.49247749463,1917.87271284,632554,0.874657426279
3,"[125,200)","[3,3.25)",7.2,7.3,7.25,7828,4.55530934771,1718.43433727,640382,0.88548151139
3,"[125,200)","[3,3.25)",7.3,7.4,7.35,7323,4.61814120078,1585.70292281,647705,0.895607313033
3,"[125,200)","[3,3.25)",7.4,7.5,7.45,6573,4.68097305385,1404.19522274,654278,0.904696060022
3,"[125,200)","[3,3.25)",7.5,7.6,7.55,5977,4.74380490692,1259.95906604,660255,0.912960694246
3,"[125,200)","[3,3.25)",7.6,7.7,7.65,5492,4.80663675999,1142.58685943,665747,0.920554699793
3,"[125,200)","[3,3.25)",7.7,7.8,7.75,5004,4.86946861306,1027.62752933,670751,0.927473928446
3,"[125,200)","[3,3.25)",7.8,7.9,7.85,4508,4.93230046614,913.975138163,675259,0.933707318287
3,"[125,200)","[3,3.25)",7.9,8,7.95,4134,4.99513231921,827.605704078,679393,0.939423563541
3,"[125,200)","[3,3.25)",8,8.1,8.05,3812,5.05796417228,753.662910641,683205,0.944694566663
3,"[125,200)","[3,3.25)",8.1,8.2,8.15,3373,5.12079602535,658.686654048,686578,0.949358547128
3,"[125,200)","[3,3.25)",8.2,8.3,8.25,3022,5.18362787842,582.989379423,689600,0.953537186014
3,"[125,200)","[3,3.25)",8.3,8.4,8.35,2769,5.24645973149,527.784475954,692369,0.957365991798
3,"[125,200)","[3,3.25)",8.4,8.5,8.45,2479,5.30929158457,466.917282751,694848,0.960793803114
3,"[125,200)","[3,3.25)",8.5,8.6,8.55,2201,5.37212343764,409.707637129,697049,0.96383721284
3,"[125,200)","[3,3.25)",8.6,8.7,8.65,2021,5.43495529071,371.852184958,699070,0.966631729448
3,"[125,200)","[3,3.25)",8.7,8.8,8.75,1909,5.49778714378,347.230612986,700979,0.969271379227
3,"[125,200)","[3,3.25)",8.8,8.9,8.85,1662,5.56061899685,298.887588044,702641,0.971569492341
3,"[125,200)","[3,3.25)",8.9,9,8.95,1492,5.62345084993,265.317514071,704133,0.973632539733
3,"[125,200)","[3,3.25)",9,9.1,9.05,1425,5.686282703,250.603087189,705558,0.975602943576
3,"[125,200)","[3,3.25)",9.1,9.2,9.15,1264,5.74911455607,219.859943244,706822,0.977350726353
3,"[125,200)","[3,3.25)",9.2,9.3,9.25,1133,5.81194640914,194.943297863,707955,0.978917370251
3,"[125,200)","[3,3.25)",9.3,9.4,9.35,1078,5.87477826221,183.496287329,709033,0.980407963474
3,"[125,200)","[3,3.25)",9.4,9.5,9.45,926,5.93761011528,155.955002437,709959,0.981688380287
3,"[125,200)","[3,3.25)",9.5,9.6,9.55,843,6.00044196836,140.489651337,710802,0.982854029718
3,"[125,200)","[3,3.25)",9.6,9.7,9.65,823,6.06327382143,135.735251984,711625,0.983992024358
3,"[125,200)","[3,3.25)",9.7,9.8,9.75,809,6.1261056745,132.057793807,712434,0.985110660645
3,"[125,200)","[3,3.25)",9.8,9.9,9.85,721,6.18893752757,116.498186771,713155,0.986107615853
3,"[125,200)","[3,3.25)",9.9,10,9.95,685,6.25176938064,109.568980923,713840,0.987054792437
3,"[125,200)","[3,3.25)",10,10.1,10.05,614,6.31460123372,97.2349602571,714454,0.987903794514
3,"[125,200)","[3,3.25)",10.1,10.2,10.15,591,6.37743308679,92.6705136624,715045,0.988720993581
3,"[125,200)","[3,3.25)",10.2,10.3,10.25,597,6.44026493986,92.6980497813,715642,0.989546489086
3,"[125,200)","[3,3.25)",10.3,10.4,10.35,605,6.50309679293,93.0325995851,716247,0.990383046507
3,"[125,200)","[3,3.25)",10.4,10.5,10.45,547,6.565928646,83.3088553792,716794,0.991139405035
3,"[125,200)","[3,3.25)",10.5,10.6,10.55,511,6.62876049907,77.0883184075,717305,0.991845984939
3,"[125,200)","[3,3.25)",10.6,10.7,10.65,467,6.69159235215,69.7890689426,717772,0.992491724304
3,"[125,200)","[3,3.25)",10.7,10.8,10.75,445,6.75442420522,65.8827438846,718217,0.993107043399
3,"[125,200)","[3,3.25)",10.8,10.9,10.85,449,6.81725605829,65.8622759892,718666,0.993727893452
3,"[125,200)","[3,3.25)",10.9,11,10.95,437,6.88008791136,63.5166302568,719103,0.99433215063
3,"[125,200)","[3,3.25)",11,11.1,11.05,421,6.94291976443,60.6373131599,719524,0.994914283976
3,"[125,200)","[3,3.25)",11.1,11.2,11.15,444,7.00575161751,63.3764975182,719968,0.995528220331
3,"[125,200)","[3,3.25)",11.2,11.3,11.25,401,7.06858347058,56.729895271,720369,0.996082698886
3,"[125,200)","[3,3.25)",11.3,11.4,11.35,423,7.13141532365,59.3150140334,720792,0.996667597711
3,"[125,200)","[3,3.25)",11.4,11.5,11.45,431,7.19424717672,59.9089785787,721223,0.997263558453
3,"[125,200)","[3,3.25)",11.5,11.6,11.55,389,7.25707902979,53.6028336474,721612,0.997801444133
3,"[125,200)","[3,3.25)",11.6,11.7,11.65,397,7.31991088286,54.2356329678,722009,0.99835039173
3,"[125,200)","[3,3.25)",11.7,11.8,11.75,390,7.38274273594,52.825896005,722399,0.99888966015
3,"[125,200)","[3,3.25)",11.8,11.9,11.85,416,7.44557458901,55.8721150432,722815,0.999464879798
3,"[125,200)","[3,3.25)",11.9,12,11.95,387,7.50840644208,51.5422284323,723202,1
4,"[125,200)","[3.25,3.5)",0,0.1,0.05,76,0.0314159265359,2419.155135,76,0.000232297267145
4,"[125,200)","[3.25,3.5)",0.1,0.2,0.15,226,0.0942477796077,2397.93447592,302,0.000923075982602
4,"[125,200)","[3.25,3.5)",0.2,0.3,0.25,362,0.157079632679,2304.56357597,664,0.00202954454453
4,"[125,200)","[3.25,3.5)",0.3,0.4,0.35,474,0.219911485751,2155.41265787,1138,0.0034783459212
4,"[125,200)","[3.25,3.5)",0.4,0.5,0.45,623,0.282743338823,2203.41176769,1761,0.00538257220319
4,"[125,200)","[3.25,3.5)",0.5,0.6,0.55,819,0.345575191895,2369.96178895,2580,0.00788588091097
4,"[125,200)","[3.25,3.5)",0.6,0.7,0.65,872,0.408407044967,2135.12477502,3452,0.0105511863972
4,"[125,200)","[3.25,3.5)",0.7,0.8,0.75,1033,0.471238898038,2192.09408285,4485,0.0137085953045
4,"[125,200)","[3.25,3.5)",0.8,0.9,0.85,1052,0.53407075111,1969.77647215,5537,0.0169240785287
4,"[125,200)","[3.25,3.5)",0.9,1,0.95,1187,0.596902604182,1988.59913105,6724,0.0205521950563
4,"[125,200)","[3.25,3.5)",1,1.1,1.05,1393,0.659734457254,2111.45557835,8117,0.0248099594397
4,"[125,200)","[3.25,3.5)",1.1,1.2,1.15,1528,0.722566310326,2114.68480908,9645,0.0294803571265
4,"[125,200)","[3.25,3.5)",1.2,1.3,1.25,1524,0.785398163397,1940.41706618,11169,0.0341385286413
4,"[125,200)","[3.25,3.5)",1.3,1.4,1.35,1821,0.848230016469,2146.82334348,12990,0.0397044934238
4,"[125,200)","[3.25,3.5)",1.4,1.5,1.45,1896,0.911061869541,2081.08808346,14886,0.0454996989305
4,"[125,200)","[3.25,3.5)",1.5,1.6,1.55,2080,0.973893722613,2135.75665568,16966,0.0518573083471
4,"[125,200)","[3.25,3.5)",1.6,1.7,1.65,2064,1.03672557568,1990.88365177,19030,0.0581660130759
4,"[125,200)","[3.25,3.5)",1.7,1.8,1.75,2338,1.09955742876,2126.31003971,21368,0.0653122105836
4,"[125,200)","[3.25,3.5)",1.8,1.9,1.85,2348,1.16238928183,2019.97733178,23716,0.0724889735212
4,"[125,200)","[3.25,3.5)",1.9,2,1.95,2547,1.2252211349,2078.80841054,26263,0.0802739885135
4,"[125,200)","[3.25,3.5)",2,2.1,2.05,2623,1.28805298797,2036.406906,28886,0.088291300773
4,"[125,200)","[3.25,3.5)",2.1,2.2,2.15,2762,1.35088484104,2044.58582707,31648,0.0967334725079
4,"[125,200)","[3.25,3.5)",2.2,2.3,2.25,2835,1.41371669412,2005.35228296,34483,0.105398771881
4,"[125,200)","[3.25,3.5)",2.3,2.4,2.35,3004,1.47654854719,2034.47425127,37487,0.114580627019
4,"[125,200)","[3.25,3.5)",2.4,2.5,2.45,3111,1.53938040026,2020.94297126,40598,0.124089532257
4,"[125,200)","[3.25,3.5)",2.5,2.6,2.55,3293,1.60221225333,2055.2832455,43891,0.134154728319
4,"[125,200)","[3.25,3.5)",2.6,2.7,2.65,3476,1.6650441064,2087.63238561,47367,0.144779271748
4,"[125,200)","[3.25,3.5)",2.7,2.8,2.75,3522,1.72787595947,2038.34076207,50889,0.155544416154
4,"[125,200)","[3.25,3.5)",2.8,2.9,2.85,3688,1.79070781255,2059.52080745,54577,0.166816946697
4,"[125,200)","[3.25,3.5)",2.9,3,2.95,3699,1.85353966562,1995.64113389,58276,0.178123099212
4,"[125,200)","[3.25,3.5)",3,3.1,3.05,3865,1.91637151869,2016.83231164,62141,0.189936637864
4,"[125,200)","[3.25,3.5)",3.1,3.2,3.15,3963,1.97920337176,2002.32076023,66104,0.202049717728
4,"[125,200)","[3.25,3.5)",3.2,3.3,3.25,4132,2.04203522483,2023.47146109,70236,0.214679353358
4,"[125,200)","[3.25,3.5)",3.3,3.4,3.35,4107,2.10486707791,1951.19209337,74343,0.227232575413
4,"[125,200)","[3.25,3.5)",3.4,3.5,3.45,4268,2.16769893098,1968.90810758,78611,0.240277900889
4,"[125,200)","[3.25,3.5)",3.5,3.6,3.55,4382,2.23053078405,1964.55481867,82993,0.253671672265
4,"[125,200)","[3.25,3.5)",3.6,3.7,3.65,4655,2.29336263712,2029.7705756,87648,0.267899879878
4,"[125,200)","[3.25,3.5)",3.7,3.8,3.75,4775,2.35619449019,2026.57294204,92423,0.282494872649
4,"[125,200)","[3.25,3.5)",3.8,3.9,3.85,4811,2.41902634326,1988.81670445,97234,0.297199900968
4,"[125,200)","[3.25,3.5)",3.9,4,3.95,4867,2.48185819634,1961.03065324,102101,0.312076095694
4,"[125,200)","[3.25,3.5)",4,4.1,4.05,5017,2.54469004941,1971.5564185,107118,0.327410771869
4,"[125,200)","[3.25,3.5)",4.1,4.2,4.15,5186,2.60752190248,1988.86152982,112304,0.343262003808
4,"[125,200)","[3.25,3.5)",4.2,4.3,4.25,5183,2.67035375555,1940.94134128,117487,0.359104066119
4,"[125,200)","[3.25,3.5)",4.3,4.4,4.35,5272,2.73318560862,1928.88473559,122759,0.375218160756
4,"[125,200)","[3.25,3.5)",4.4,4.5,4.45,5480,2.79601746169,1959.93053515,128239,0.391968016334
4,"[125,200)","[3.25,3.5)",4.5,4.6,4.55,5599,2.85884931477,1958.48027774,133838,0.409081600528
4,"[125,200)","[3.25,3.5)",4.6,4.7,4.65,5626,2.92168116784,1925.60367706,139464,0.426277711383
4,"[125,200)","[3.25,3.5)",4.7,4.8,4.75,5643,2.98451302091,1890.76072393,145107,0.443525783468
4,"[125,200)","[3.25,3.5)",4.8,4.9,4.85,5769,3.04734487398,1893.12343649,150876,0.46115897997
4,"[125,200)","[3.25,3.5)",4.9,5,4.95,5832,3.11017672705,1875.13460225,156708,0.478984738681
4,"[125,200)","[3.25,3.5)",5,5.1,5.05,5916,3.17300858013,1864.47652145,162624,0.497067247002
4,"[125,200)","[3.25,3.5)",5.1,5.2,5.15,5831,3.2358404332,1802.00480227,168455,0.51488994917
4,"[125,200)","[3.25,3.5)",5.2,5.3,5.25,5883,3.29867228627,1783.44481945,174338,0.532871591572
4,"[125,200)","[3.25,3.5)",5.3,5.4,5.35,5845,3.36150413934,1738.80493901,180183,0.550737085342
4,"[125,200)","[3.25,3.5)",5.4,5.5,5.45,5846,3.42433599241,1707.19228865,186029,0.568605635654
4,"[125,200)","[3.25,3.5)",5.5,5.6,5.55,5738,3.48716784548,1645.46137561,191767,0.586144079323
4,"[125,200)","[3.25,3.5)",5.6,5.7,5.65,6044,3.54999969856,1702.53535584,197811,0.604617825147
4,"[125,200)","[3.25,3.5)",5.7,5.8,5.75,5875,3.61283155163,1626.14833159,203686,0.622575015206
4,"[125,200)","[3.25,3.5)",5.8,5.9,5.85,5710,3.6756634047,1553.46106847,209396,0.640027875672
4,"[125,200)","[3.25,3.5)",5.9,6,5.95,5914,3.73849525777,1581.91988814,215310,0.658104270908
4,"[125,200)","[3.25,3.5)",6,6.1,6.05,5777,3.80132711084,1519.73240701,221087,0.675761919754
4,"[125,200)","[3.25,3.5)",6.1,6.2,6.15,5620,3.86415896392,1454.39151248,226707,0.69293969135
4,"[125,200)","[3.25,3.5)",6.2,6.3,6.25,5457,3.92699081699,1389.61363912,232164,0.70961924644
4,"[125,200)","[3.25,3.5)",6.3,6.4,6.35,5412,3.98982267006,1356.45126301,237576,0.726161257095
4,"[125,200)","[3.25,3.5)",6.4,6.5,6.45,5330,4.05265452313,1315.18735919,242906,0.742452631225
4,"[125,200)","[3.25,3.5)",6.5,6.6,6.55,5066,4.1154863762,1230.96021634,247972,0.757937078006
4,"[125,200)","[3.25,3.5)",6.6,6.7,6.65,5050,4.17831822927,1208.62024453,253022,0.773372620099
4,"[125,200)","[3.25,3.5)",6.7,6.8,6.75,4862,4.24115008235,1146.38716046,257884,0.788233532111
4,"[125,200)","[3.25,3.5)",6.8,6.9,6.85,4642,4.30398193542,1078.5361253,262526,0.802422004664
4,"[125,200)","[3.25,3.5)",6.9,7,6.95,4414,4.36681378849,1010.80563857,266940,0.815913585417
4,"[125,200)","[3.25,3.5)",7,7.1,7.05,4103,4.42964564156,926.259193626,271043,0.828454581299
4,"[125,200)","[3.25,3.5)",7.1,7.2,7.15,3988,4.49247749463,887.706172099,275031,0.840644074739
4,"[125,200)","[3.25,3.5)",7.2,7.3,7.25,3708,4.55530934771,813.995212393,278739,0.851977736141
4,"[125,200)","[3.25,3.5)",7.3,7.4,7.35,3386,4.61814120078,733.19542491,282125,0.862327190701
4,"[125,200)","[3.25,3.5)",7.4,7.5,7.45,3279,4.68097305385,700.4953804,285404,0.872349595161
4,"[125,200)","[3.25,3.5)",7.5,7.6,7.55,3013,4.74380490692,635.144163624,288417,0.881558959186
4,"[125,200)","[3.25,3.5)",7.6,7.7,7.65,2880,4.80663675999,599.171550464,291297,0.890361802994
4,"[125,200)","[3.25,3.5)",7.7,7.8,7.75,2619,4.86946861306,537.841027042,293916,0.898366889081
4,"[125,200)","[3.25,3.5)",7.8,7.9,7.85,2443,4.93230046614,495.306402514,296359,0.905834023603
4,"[125,200)","[3.25,3.5)",7.9,8,7.95,2334,4.99513231921,467.25488953,298693,0.912967994938
4,"[125,200)","[3.25,3.5)",8,8.1,8.05,2203,5.05796417228,435.550732461,300896,0.919701559143
4,"[125,200)","[3.25,3.5)",8.1,8.2,8.15,2017,5.12079602535,393.884073885,302913,0.925866606351
4,"[125,200)","[3.25,3.5)",8.2,8.3,8.25,1824,5.18362787842,351.877110545,304737,0.931441740762
4,"[125,200)","[3.25,3.5)",8.3,8.4,8.35,1678,5.24645973149,319.834723962,306415,0.936570619897
4,"[125,200)","[3.25,3.5)",8.4,8.5,8.45,1552,5.30929158457,292.317717963,307967,0.941314374616
4,"[125,200)","[3.25,3.5)",8.5,8.6,8.55,1410,5.37212343764,262.466046502,309377,0.94562410023
4,"[125,200)","[3.25,3.5)",8.6,8.7,8.65,1280,5.43495529071,235.512516945,310657,0.949536475256
4,"[125,200)","[3.25,3.5)",8.7,8.8,8.75,1257,5.49778714378,228.637443962,311914,0.953378549793
4,"[125,200)","[3.25,3.5)",8.8,8.9,8.85,1191,5.56061899685,214.184787822,313105,0.957018892492
4,"[125,200)","[3.25,3.5)",8.9,9,8.95,1032,5.62345084993,183.517208124,314137,0.960173244857
4,"[125,200)","[3.25,3.5)",9,9.1,9.05,930,5.686282703,163.551488481,315067,0.963015829836
4,"[125,200)","[3.25,3.5)",9.1,9.2,9.15,886,5.74911455607,154.110688065,315953,0.965723926924
4,"[125,200)","[3.25,3.5)",9.2,9.3,9.25,773,5.81194640914,133.001914605,316726,0.968086634654
4,"[125,200)","[3.25,3.5)",9.3,9.4,9.35,758,5.87477826221,129.026146378,317484,0.97040349424
4,"[125,200)","[3.25,3.5)",9.4,9.5,9.45,688,5.93761011528,115.871535288,318172,0.972506395816
4,"[125,200)","[3.25,3.5)",9.5,9.6,9.55,669,6.00044196836,111.49178736,318841,0.974551223076
4,"[125,200)","[3.25,3.5)",9.6,9.7,9.65,578,6.06327382143,95.328038453,319419,0.976317904923
4,"[125,200)","[3.25,3.5)",9.7,9.8,9.75,535,6.1261056745,87.3311739017,319954,0.977953155422
4,"[125,200)","[3.25,3.5)",9.8,9.9,9.85,512,6.18893752757,82.7282546833,320466,0.979518105432
4,"[125,200)","[3.25,3.5)",9.9,10,9.95,467,6.25176938064,74.6988526874,320933,0.980945511008
4,"[125,200)","[3.25,3.5)",10,10.1,10.05,462,6.31460123372,73.163764884,321395,0.982357633869
4,"[125,200)","[3.25,3.5)",10.1,10.2,10.15,471,6.37743308679,73.8541657106,321866,0.983797265617
4,"[125,200)","[3.25,3.5)",10.2,10.3,10.25,439,6.44026493986,68.1648975779,322305,0.985139087989
4,"[125,200)","[3.25,3.5)",10.3,10.4,10.35,388,6.50309679293,59.663882048,322693,0.986325026668
4,"[125,200)","[3.25,3.5)",10.4,10.5,10.45,390,6.565928646,59.3975385702,323083,0.987517078434
4,"[125,200)","[3.25,3.5)",10.5,10.6,10.55,373,6.62876049907,56.2699467045,323456,0.988657168969
4,"[125,200)","[3.25,3.5)",10.6,10.7,10.65,346,6.69159235215,51.7066763472,323802,0.989714732843
4,"[125,200)","[3.25,3.5)",10.7,10.8,10.75,318,6.75442420522,47.0802529332,324120,0.990686713513
4,"[125,200)","[3.25,3.5)",10.8,10.9,10.85,307,6.81725605829,45.0327811329,324427,0.991625072211
4,"[125,200)","[3.25,3.5)",10.9,11,10.95,293,6.88008791136,42.5866651378,324720,0.992520639307
4,"[125,200)","[3.25,3.5)",11,11.1,11.05,288,6.94291976443,41.4811073398,325008,0.993400923687
4,"[125,200)","[3.25,3.5)",11.1,11.2,11.15,268,7.00575161751,38.2542822858,325276,0.994220077208
4,"[125,200)","[3.25,3.5)",11.2,11.3,11.25,257,7.06858347058,36.3580625552,325533,0.995005608756
4,"[125,200)","[3.25,3.5)",11.3,11.4,11.35,266,7.13141532365,37.2997487775,325799,0.995818649191
4,"[125,200)","[3.25,3.5)",11.4,11.5,11.45,253,7.19424717672,35.1669874255,326052,0.996591954568
4,"[125,200)","[3.25,3.5)",11.5,11.6,11.55,223,7.25707902979,30.7286167182,326275,0.997273563654
4,"[125,200)","[3.25,3.5)",11.6,11.7,11.65,234,7.31991088286,31.9676023034,326509,0.997988794713
4,"[125,200)","[3.25,3.5)",11.7,11.8,11.75,232,7.38274273594,31.4246355722,326741,0.998697912687
4,"[125,200)","[3.25,3.5)",11.8,11.9,11.85,230,7.44557458901,30.8908328364,326971,0.999400917574
4,"[125,200)","[3.25,3.5)",11.9,12,11.95,196,7.50840644208,26.1040743481,327167,1
5,"[125,200)","[3.5,3.75)",0,0.1,0.05,33,0.0314159265359,1050.42262441,33,0.000208288624916
5,"[125,200)","[3.5,3.75)",0.1,0.2,0.15,84,0.0942477796077,891.267681315,117,0.000738477851976
5,"[125,200)","[3.5,3.75)",0.2,0.3,0.25,168,0.157079632679,1069.52121758,285,0.0017988563061
5,"[125,200)","[3.5,3.75)",0.3,0.4,0.35,224,0.219911485751,1018.59163579,509,0.00321269424492
5,"[125,200)","[3.5,3.75)",0.4,0.5,0.45,312,0.282743338823,1103.4742721,821,0.00518196851686
5,"[125,200)","[3.5,3.75)",0.5,0.6,0.55,349,0.345575191895,1009.91045707,1170,0.00738477851976
5,"[125,200)","[3.5,3.75)",0.6,0.7,0.65,399,0.408407044967,976.966496826,1569,0.0099031773483
5,"[125,200)","[3.5,3.75)",0.7,0.8,0.75,475,0.471238898038,1007.98130625,2044,0.0129012711918
5,"[125,200)","[3.5,3.75)",0.8,0.9,0.85,561,0.53407075111,1050.42262441,2605,0.0164421778154
5,"[125,200)","[3.5,3.75)",0.9,1,0.95,622,0.596902604182,1042.04604845,3227,0.0203681028062
5,"[125,200)","[3.5,3.75)",1,1.1,1.05,678,0.659734457254,1027.68620396,3905,0.0246474872818
5,"[125,200)","[3.5,3.75)",1.1,1.2,1.15,729,0.722566310326,1008.9039436,4634,0.0292487723595
5,"[125,200)","[3.5,3.75)",1.2,1.3,1.25,755,0.785398163397,961.295856275,5389,0.0340141636265
5,"[125,200)","[3.5,3.75)",1.3,1.4,1.35,846,0.848230016469,997.370976709,6235,0.0393539265562
5,"[125,200)","[3.5,3.75)",1.4,1.5,1.45,916,0.911061869541,1005.42019222,7151,0.0451355138417
5,"[125,200)","[3.5,3.75)",1.5,1.6,1.55,1015,0.973893722613,1042.20817573,8166,0.051541967002
5,"[125,200)","[3.5,3.75)",1.6,1.7,1.65,1073,1.03672557568,1034.9894178,9239,0.0583145032001
5,"[125,200)","[3.5,3.75)",1.7,1.8,1.75,1074,1.09955742876,976.756622175,10313,0.0650933511746
5,"[125,200)","[3.5,3.75)",1.8,1.9,1.85,1098,1.16238928183,944.606094675,11411,0.0720236817855
5,"[125,200)","[3.5,3.75)",1.9,2,1.95,1186,1.2252211349,967.988525677,12597,0.0795094487294
5,"[125,200)","[3.5,3.75)",2,2.1,2.05,1272,1.28805298797,987.537012746,13869,0.0875380284535
5,"[125,200)","[3.5,3.75)",2.1,2.2,2.15,1315,1.35088484104,973.436047283,15184,0.0958380145676
5,"[125,200)","[3.5,3.75)",2.2,2.3,2.25,1388,1.41371669412,981.809160051,16572,0.104598760367
5,"[125,200)","[3.5,3.75)",2.3,2.4,2.35,1378,1.47654854719,933.257496088,17950,0.113296388401
5,"[125,200)","[3.5,3.75)",2.4,2.5,2.45,1452,1.53938040026,943.236642324,19402,0.122461087898
5,"[125,200)","[3.5,3.75)",2.5,2.6,2.55,1589,1.60221225333,991.753743424,20991,0.132490500776
5,"[125,200)","[3.5,3.75)",2.6,2.7,2.65,1566,1.6650441064,940.515625969,22557,0.142374742795
5,"[125,200)","[3.5,3.75)",2.7,2.8,2.75,1658,1.72787595947,959.559620532,24215,0.152839668253
5,"[125,200)","[3.5,3.75)",2.8,2.9,2.85,1740,1.79070781255,971.682810456,25955,0.163822159385
5,"[125,200)","[3.5,3.75)",2.9,3,2.95,1759,1.85353966562,948.995067453,27714,0.174924574271
5,"[125,200)","[3.5,3.75)",3,3.1,3.05,1865,1.91637151869,973.193340546,29579,0.186696037467
5,"[125,200)","[3.5,3.75)",3.1,3.2,3.15,1744,1.97920337176,881.162605563,31323,0.197703775705
5,"[125,200)","[3.5,3.75)",3.2,3.3,3.25,1955,2.04203522483,957.378196137,33278,0.210043298787
5,"[125,200)","[3.5,3.75)",3.3,3.4,3.35,1974,2.10486707791,937.826440786,35252,0.222502745623
5,"[125,200)","[3.5,3.75)",3.4,3.5,3.45,2058,2.16769893098,949.393834444,37310,0.235492381686
5,"[125,200)","[3.5,3.75)",3.5,3.6,3.55,2031,2.23053078405,910.545603999,39341,0.248311599783
5,"[125,200)","[3.5,3.75)",3.6,3.7,3.65,2070,2.29336263712,902.604745754,41411,0.261376977164
5,"[125,200)","[3.5,3.75)",3.7,3.8,3.75,2227,2.35619449019,945.168155375,43638,0.275433303458
5,"[125,200)","[3.5,3.75)",3.8,3.9,3.85,2192,2.41902634326,906.149701967,45830,0.289268717573
5,"[125,200)","[3.5,3.75)",3.9,4,3.95,2237,2.48185819634,901.340778979,48067,0.303388161632
5,"[125,200)","[3.5,3.75)",4,4.1,4.05,2291,2.54469004941,900.306110182,50358,0.317848441622
5,"[125,200)","[3.5,3.75)",4.1,4.2,4.15,2287,2.60752190248,877.077963497,52645,0.332283474507
5,"[125,200)","[3.5,3.75)",4.2,4.3,4.25,2352,2.67035375555,880.782179182,54997,0.347128772864
5,"[125,200)","[3.5,3.75)",4.3,4.4,4.35,2367,2.73318560862,866.022414479,57364,0.36206874787
5,"[125,200)","[3.5,3.75)",4.4,4.5,4.45,2461,2.79601746169,880.180483032,59825,0.377602029867
5,"[125,200)","[3.5,3.75)",4.5,4.6,4.55,2418,2.85884931477,845.794840431,62243,0.392863905475
5,"[125,200)","[3.5,3.75)",4.6,4.7,4.65,2584,2.92168116784,884.422307418,64827,0.409173535983
5,"[125,200)","[3.5,3.75)",4.7,4.8,4.75,2536,2.98451302091,849.719864592,67363,0.425180201219
5,"[125,200)","[3.5,3.75)",4.8,4.9,4.85,2480,3.04734487398,813.823214161,69843,0.440833406971
5,"[125,200)","[3.5,3.75)",4.9,5,4.95,2468,3.11017672705,793.524039497,72311,0.456410871404
5,"[125,200)","[3.5,3.75)",5,5.1,5.05,2504,3.17300858013,789.156391093,74815,0.472215559791
5,"[125,200)","[3.5,3.75)",5.1,5.2,5.15,2523,3.2358404332,779.704701788,77338,0.488140171933
5,"[125,200)","[3.5,3.75)",5.2,5.3,5.25,2545,3.29867228627,771.522533655,79883,0.504203643157
5,"[125,200)","[3.5,3.75)",5.3,5.4,5.35,2613,3.36150413934,777.330591213,82496,0.520696315185
5,"[125,200)","[3.5,3.75)",5.4,5.5,5.45,2575,3.42433599241,751.970602682,85071,0.536949139705
5,"[125,200)","[3.5,3.75)",5.5,5.6,5.55,2554,3.48716784548,732.399503886,87625,0.553069416918
5,"[125,200)","[3.5,3.75)",5.6,5.7,5.65,2538,3.54999969856,714.929638172,90163,0.569088705707
5,"[125,200)","[3.5,3.75)",5.7,5.8,5.75,2538,3.61283155163,702.496079247,92701,0.585107994496
5,"[125,200)","[3.5,3.75)",5.8,5.9,5.85,2536,3.6756634047,689.943479797,95237,0.601114659732
5,"[125,200)","[3.5,3.75)",5.9,6,5.95,2486,3.73849525777,664.973426095,97723,0.616805736142
5,"[125,200)","[3.5,3.75)",6,6.1,6.05,2482,3.80132711084,652.929865709,100205,0.632471565447
5,"[125,200)","[3.5,3.75)",6.1,6.2,6.15,2556,3.86415896392,661.463470801,102761,0.648604466213
5,"[125,200)","[3.5,3.75)",6.2,6.3,6.25,2419,3.92699081699,615.993291743,105180,0.663872653597
5,"[125,200)","[3.5,3.75)",6.3,6.4,6.35,2451,3.98982267006,614.313016564,107631,0.67934281783
5,"[125,200)","[3.5,3.75)",6.4,6.5,6.45,2367,4.05265452313,584.06162837,109998,0.694282792835
5,"[125,200)","[3.5,3.75)",6.5,6.6,6.55,2317,4.1154863762,562.995424647,112315,0.708907179015
5,"[125,200)","[3.5,3.75)",6.6,6.7,6.65,2254,4.17831822927,539.451491322,114569,0.723133923274
5,"[125,200)","[3.5,3.75)",6.7,6.8,6.75,2194,4.24115008235,517.312511324,116763,0.736981960943
5,"[125,200)","[3.5,3.75)",6.8,6.9,6.85,2165,4.30398193542,503.022557363,118928,0.750646957093
5,"[125,200)","[3.5,3.75)",6.9,7,6.95,1989,4.36681378849,455.480837136,120917,0.763201080576
5,"[125,200)","[3.5,3.75)",7,7.1,7.05,1961,4.42964564156,442.699068657,122878,0.775578474317
5,"[125,200)","[3.5,3.75)",7.1,7.2,7.15,1857,4.49247749463,413.357663387,124735,0.787299443301
5,"[125,200)","[3.5,3.75)",7.2,7.3,7.25,1874,4.55530934771,411.388087385,126609,0.799127712486
5,"[125,200)","[3.5,3.75)",7.3,7.4,7.35,1737,4.61814120078,376.125355307,128346,0.810091268288
5,"[125,200)","[3.5,3.75)",7.4,7.5,7.45,1658,4.68097305385,354.199859928,130004,0.820556193746
5,"[125,200)","[3.5,3.75)",7.5,7.6,7.55,1655,4.74380490692,348.876067307,131659,0.831002183875
5,"[125,200)","[3.5,3.75)",7.6,7.7,7.65,1553,4.80663675999,323.09493676,133212,0.840804372799
5,"[125,200)","[3.5,3.75)",7.7,7.8,7.75,1516,4.86946861306,311.327604809,134728,0.850373025992
5,"[125,200)","[3.5,3.75)",7.8,7.9,7.85,1443,4.93230046614,292.561252078,136171,0.8594809195
5,"[125,200)","[3.5,3.75)",7.9,8,7.95,1392,4.99513231921,278.671296584,137563,0.868266912405
5,"[125,200)","[3.5,3.75)",8,8.1,8.05,1295,5.05796417228,256.031864974,138858,0.876440662989
5,"[125,200)","[3.5,3.75)",8.1,8.2,8.15,1278,5.12079602535,249.570573339,140136,0.884507113372
5,"[125,200)","[3.5,3.75)",8.2,8.3,8.25,1169,5.18362787842,225.517731484,141305,0.891885580115
5,"[125,200)","[3.5,3.75)",8.3,8.4,8.35,1066,5.24645973149,203.184633935,142371,0.898613933878
5,"[125,200)","[3.5,3.75)",8.4,8.5,8.45,1078,5.30929158457,203.040270595,143449,0.905418028958
5,"[125,200)","[3.5,3.75)",8.5,8.6,8.55,954,5.37212343764,177.583410187,144403,0.911439463751
5,"[125,200)","[3.5,3.75)",8.6,8.7,8.65,904,5.43495529071,166.330715093,145307,0.917145309719
5,"[125,200)","[3.5,3.75)",8.7,8.8,8.75,859,5.49778714378,156.244681275,146166,0.922567125743
5,"[125,200)","[3.5,3.75)",8.8,8.9,8.85,838,5.56061899685,150.702646679,147004,0.927856394461
5,"[125,200)","[3.5,3.75)",8.9,9,8.95,806,5.62345084993,143.328362159,147810,0.93294368633
5,"[125,200)","[3.5,3.75)",9,9.1,9.05,741,5.686282703,130.313605338,148551,0.937620712726
5,"[125,200)","[3.5,3.75)",9.1,9.2,9.15,633,5.74911455607,110.10391145,149184,0.941616067258
5,"[125,200)","[3.5,3.75)",9.2,9.3,9.25,690,5.81194640914,118.720984577,149874,0.945971193052
5,"[125,200)","[3.5,3.75)",9.3,9.4,9.35,617,5.87477826221,105.025240522,150491,0.94986555916
5,"[125,200)","[3.5,3.75)",9.4,9.5,9.45,554,5.93761011528,93.3035327756,151045,0.953362283348
5,"[125,200)","[3.5,3.75)",9.5,9.6,9.55,571,6.00044196836,95.1596570738,151616,0.956966307737
5,"[125,200)","[3.5,3.75)",9.6,9.7,9.65,488,6.06327382143,80.4845722579,152104,0.960046454675
5,"[125,200)","[3.5,3.75)",9.7,9.8,9.75,479,6.1261056745,78.1899669139,152583,0.963069795625
5,"[125,200)","[3.5,3.75)",9.8,9.9,9.85,434,6.18893752757,70.1251221339,153017,0.965809106631
5,"[125,200)","[3.5,3.75)",9.9,10,9.95,417,6.25176938064,66.7011168536,153434,0.968441117437
5,"[125,200)","[3.5,3.75)",10,10.1,10.05,367,6.31460123372,58.1192677758,153801,0.970757539417
5,"[125,200)","[3.5,3.75)",10.1,10.2,10.15,399,6.37743308679,62.5643569396,154200,0.973275938246
5,"[125,200)","[3.5,3.75)",10.2,10.3,10.25,358,6.44026493986,55.5877752458,154558,0.975535554237
5,"[125,200)","[3.5,3.75)",10.3,10.4,10.35,336,6.50309679293,51.6676916704,154894,0.977656311145
5,"[125,200)","[3.5,3.75)",10.4,10.5,10.45,284,6.565928646,43.2535921896,155178,0.979448855675
5,"[125,200)","[3.5,3.75)",10.5,10.6,10.55,289,6.62876049907,43.5978943636,155467,0.981272959087
5,"[125,200)","[3.5,3.75)",10.6,10.7,10.65,294,6.69159235215,43.935730769,155761,0.983128621382
5,"[125,200)","[3.5,3.75)",10.7,10.8,10.75,267,6.75442420522,39.5296463307,156028,0.984813865711
5,"[125,200)","[3.5,3.75)",10.8,10.9,10.85,250,6.81725605829,36.6716458737,156278,0.986391809839
5,"[125,200)","[3.5,3.75)",10.9,11,10.95,245,6.88008791136,35.6100100982,156523,0.987938195084
5,"[125,200)","[3.5,3.75)",11,11.1,11.05,233,6.94291976443,33.5593680909,156756,0.989408839012
5,"[125,200)","[3.5,3.75)",11.1,11.2,11.15,218,7.00575161751,31.117289322,156974,0.990784806292
5,"[125,200)","[3.5,3.75)",11.2,11.3,11.25,208,7.06858347058,29.4259805894,157182,0.992097655806
5,"[125,200)","[3.5,3.75)",11.3,11.4,11.35,200,7.13141532365,28.0449238928,157382,0.993360011109
5,"[125,200)","[3.5,3.75)",11.4,11.5,11.45,210,7.19424717672,29.1899895627,157592,0.994685484176
5,"[125,200)","[3.5,3.75)",11.5,11.6,11.55,188,7.25707902979,25.9057396548,157780,0.995872098161
5,"[125,200)","[3.5,3.75)",11.6,11.7,11.65,176,7.31991088286,24.0440085701,157956,0.996982970827
5,"[125,200)","[3.5,3.75)",11.7,11.8,11.75,163,7.38274273594,22.0785155098,158119,0.998011790399
5,"[125,200)","[3.5,3.75)",11.8,11.9,11.85,173,7.44557458901,23.2352786117,158292,0.999103727735
5,"[125,200)","[3.5,3.75)",11.9,12,11.95,142,7.50840644208,18.9121354971,158434,1
6,"[125,200)","[3.75,4.0)",0,0.1,0.05,16,0.0314159265359,509.295817894,16,0.000223089793642
6,"[125,200)","[3.75,4.0)",0.1,0.2,0.15,47,0.0942477796077,498.685488355,63,0.000878416062465
6,"[125,200)","[3.75,4.0)",0.2,0.3,0.25,71,0.157079632679,452.000038381,134,0.00186837702175
6,"[125,200)","[3.75,4.0)",0.3,0.4,0.35,94,0.219911485751,427.444704304,228,0.0031790295594
6,"[125,200)","[3.75,4.0)",0.4,0.5,0.45,129,0.282743338823,456.244170197,357,0.00497769102064
6,"[125,200)","[3.75,4.0)",0.5,0.6,0.55,161,0.345575191895,465.889924324,518,0.00722253206916
6,"[125,200)","[3.75,4.0)",0.6,0.7,0.65,164,0.408407044967,401.560164109,682,0.00950920245399
6,"[125,200)","[3.75,4.0)",0.7,0.8,0.75,212,0.471238898038,449.877972473,894,0.0124651422197
6,"[125,200)","[3.75,4.0)",0.8,0.9,0.85,231,0.53407075111,432.526962991,1125,0.0156860011154
6,"[125,200)","[3.75,4.0)",0.9,1,0.95,264,0.596902604182,442.283210276,1389,0.0193669827105
6,"[125,200)","[3.75,4.0)",1,1.1,1.05,254,0.659734457254,385.003386146,1643,0.0229085331846
6,"[125,200)","[3.75,4.0)",1.1,1.2,1.15,323,0.722566310326,447.017796684,1966,0.0274121583938
6,"[125,200)","[3.75,4.0)",1.2,1.3,1.25,309,0.785398163397,393.431019323,2275,0.0317205800335
6,"[125,200)","[3.75,4.0)",1.3,1.4,1.35,394,0.848230016469,464.496648727,2669,0.0372141662019
6,"[125,200)","[3.75,4.0)",1.4,1.5,1.45,377,0.911061869541,413.802852039,3046,0.0424707194646
6,"[125,200)","[3.75,4.0)",1.5,1.6,1.55,429,0.973893722613,440.499810235,3475,0.0484523145566
6,"[125,200)","[3.75,4.0)",1.6,1.7,1.65,420,1.03672557568,405.121673325,3895,0.0543084216397
6,"[125,200)","[3.75,4.0)",1.7,1.8,1.75,477,1.09955742876,433.810902028,4372,0.0609592861127
6,"[125,200)","[3.75,4.0)",1.8,1.9,1.85,504,1.16238928183,433.589682802,4876,0.0679866146124
6,"[125,200)","[3.75,4.0)",1.9,2,1.95,531,1.2252211349,433.391152727,5407,0.0753904071389
6,"[125,200)","[3.75,4.0)",2,2.1,2.05,512,1.28805298797,397.499174942,5919,0.0825292805354
6,"[125,200)","[3.75,4.0)",2.1,2.2,2.15,546,1.35088484104,404.179529898,6465,0.0901422197434
6,"[125,200)","[3.75,4.0)",2.2,2.3,2.25,620,1.41371669412,438.560287631,7085,0.0987869492471
6,"[125,200)","[3.75,4.0)",2.3,2.4,2.35,628,1.47654854719,425.316188348,7713,0.107543223648
6,"[125,200)","[3.75,4.0)",2.4,2.5,2.45,635,1.53938040026,412.503628014,8348,0.116397099833
6,"[125,200)","[3.75,4.0)",2.5,2.6,2.55,692,1.60221225333,431.902825959,9040,0.126045733408
6,"[125,200)","[3.75,4.0)",2.6,2.7,2.65,732,1.6650441064,439.627993748,9772,0.136252091467
6,"[125,200)","[3.75,4.0)",2.7,2.8,2.75,745,1.72787595947,431.165209467,10517,0.146639709983
6,"[125,200)","[3.75,4.0)",2.8,2.9,2.85,725,1.79070781255,404.86783769,11242,0.156748466258
6,"[125,200)","[3.75,4.0)",2.9,3,2.95,763,1.85353966562,411.644818912,12005,0.167387060792
6,"[125,200)","[3.75,4.0)",3,3.1,3.05,751,1.91637151869,391.886433646,12756,0.177858337981
6,"[125,200)","[3.75,4.0)",3.1,3.2,3.15,758,1.97920337176,382.982370996,13514,0.188427216955
6,"[125,200)","[3.75,4.0)",3.2,3.3,3.25,832,2.04203522483,407.436654315,14346,0.200027886224
6,"[125,200)","[3.75,4.0)",3.3,3.4,3.35,817,2.10486707791,388.148025391,15163,0.211419408812
6,"[125,200)","[3.75,4.0)",3.4,3.5,3.45,842,2.16769893098,388.430324879,16005,0.223159509202
6,"[125,200)","[3.75,4.0)",3.5,3.6,3.55,870,2.23053078405,390.041691521,16875,0.235290016732
6,"[125,200)","[3.75,4.0)",3.6,3.7,3.65,874,2.29336263712,381.099781541,17749,0.247476296709
6,"[125,200)","[3.75,4.0)",3.7,3.8,3.75,892,2.35619449019,378.576557968,18641,0.259913552705
6,"[125,200)","[3.75,4.0)",3.8,3.9,3.85,921,2.41902634326,380.731695033,19562,0.272755158951
6,"[125,200)","[3.75,4.0)",3.9,4,3.95,918,2.48185819634,369.884146224,20480,0.285554935862
6,"[125,200)","[3.75,4.0)",4,4.1,4.05,932,2.54469004941,366.252856695,21412,0.298549916341
6,"[125,200)","[3.75,4.0)",4.1,4.2,4.15,923,2.60752190248,353.975933672,22335,0.311419408812
6,"[125,200)","[3.75,4.0)",4.2,4.3,4.25,929,2.67035375555,347.893981488,23264,0.324372559955
6,"[125,200)","[3.75,4.0)",4.3,4.4,4.35,937,2.73318560862,342.823406154,24201,0.337437255996
6,"[125,200)","[3.75,4.0)",4.4,4.5,4.45,998,2.79601746169,356.936254395,25199,0.351352481874
6,"[125,200)","[3.75,4.0)",4.5,4.6,4.55,989,2.85884931477,345.943381798,26188,0.365142219743
6,"[125,200)","[3.75,4.0)",4.6,4.7,4.65,995,2.92168116784,340.557351347,27183,0.379015616286
6,"[125,200)","[3.75,4.0)",4.7,4.8,4.75,962,2.98451302091,322.330642641,28145,0.392428890128
6,"[125,200)","[3.75,4.0)",4.8,4.9,4.85,1018,3.04734487398,334.061303232,29163,0.406622978249
6,"[125,200)","[3.75,4.0)",4.9,5,4.95,1057,3.11017672705,339.8520704,30220,0.421360847741
6,"[125,200)","[3.75,4.0)",5,5.1,5.05,1001,3.17300858013,315.473461455,31221,0.435317902956
6,"[125,200)","[3.75,4.0)",5.1,5.2,5.15,962,3.2358404332,297.295252921,32183,0.448731176799
6,"[125,200)","[3.75,4.0)",5.2,5.3,5.25,951,3.29867228627,288.297811201,33134,0.461991076408
6,"[125,200)","[3.75,4.0)",5.3,5.4,5.35,1035,3.36150413934,307.897880561,34169,0.476422197434
6,"[125,200)","[3.75,4.0)",5.4,5.5,5.45,1003,3.42433599241,292.903500773,35172,0.490407138873
6,"[125,200)","[3.75,4.0)",5.5,5.6,5.55,998,3.48716784548,286.192131902,36170,0.504322364752
6,"[125,200)","[3.75,4.0)",5.6,5.7,5.65,1018,3.54999969856,286.76058773,37188,0.518516452872
6,"[125,200)","[3.75,4.0)",5.7,5.8,5.75,1044,3.61283155163,288.970018414,38232,0.533073061907
6,"[125,200)","[3.75,4.0)",5.8,5.9,5.85,972,3.6756634047,264.442059291,39204,0.546625766871
6,"[125,200)","[3.75,4.0)",5.9,6,5.95,1020,3.73849525777,272.8370453,40224,0.560847741216
6,"[125,200)","[3.75,4.0)",6,6.1,6.05,990,3.80132711084,260.435361423,41214,0.574651422197
6,"[125,200)","[3.75,4.0)",6.1,6.2,6.15,1015,3.86415896392,262.670353233,42229,0.588803680982
6,"[125,200)","[3.75,4.0)",6.2,6.3,6.25,920,3.92699081699,234.276076231,43149,0.601631344116
6,"[125,200)","[3.75,4.0)",6.3,6.4,6.35,1018,3.98982267006,255.149184358,44167,0.615825432236
6,"[125,200)","[3.75,4.0)",6.4,6.5,6.45,989,4.05265452313,244.037579408,45156,0.629615170106
6,"[125,200)","[3.75,4.0)",6.5,6.6,6.55,947,4.1154863762,230.106459707,46103,0.642819297267
6,"[125,200)","[3.75,4.0)",6.6,6.7,6.65,905,4.17831822927,216.59432105,47008,0.65543781372
6,"[125,200)","[3.75,4.0)",6.7,6.8,6.75,903,4.24115008235,212.913946092,47911,0.668028443949
6,"[125,200)","[3.75,4.0)",6.8,6.9,6.85,861,4.30398193542,200.047308032,48772,0.680033463469
6,"[125,200)","[3.75,4.0)",6.9,7,6.95,853,4.36681378849,195.336930155,49625,0.691926938093
6,"[125,200)","[3.75,4.0)",7,7.1,7.05,889,4.42964564156,200.69325448,50514,0.704322364752
6,"[125,200)","[3.75,4.0)",7.1,7.2,7.15,819,4.49247749463,182.304752996,51333,0.715741773564
6,"[125,200)","[3.75,4.0)",7.2,7.3,7.25,801,4.55530934771,175.838771609,52134,0.726910206358
6,"[125,200)","[3.75,4.0)",7.3,7.4,7.35,825,4.61814120078,178.64330347,52959,0.738413273843
6,"[125,200)","[3.75,4.0)",7.4,7.5,7.45,791,4.68097305385,168.981959712,53750,0.749442275516
6,"[125,200)","[3.75,4.0)",7.5,7.6,7.55,788,4.74380490692,166.111384313,54538,0.760429447853
6,"[125,200)","[3.75,4.0)",7.6,7.7,7.65,804,4.80663675999,167.268724504,55342,0.771639709983
6,"[125,200)","[3.75,4.0)",7.7,7.8,7.75,778,4.86946861306,159.771026743,56120,0.782487451199
6,"[125,200)","[3.75,4.0)",7.8,7.9,7.85,724,4.93230046614,146.787488915,56844,0.792582264361
6,"[125,200)","[3.75,4.0)",7.9,8,7.95,725,4.99513231921,145.141300304,57569,0.802691020636
6,"[125,200)","[3.75,4.0)",8,8.1,8.05,696,5.05796417228,137.604770673,58265,0.812395426659
6,"[125,200)","[3.75,4.0)",8.1,8.2,8.15,643,5.12079602535,125.566415225,58908,0.821360847741
6,"[125,200)","[3.75,4.0)",8.2,8.3,8.25,690,5.18362787842,133.11140695,59598,0.830981595092
6,"[125,200)","[3.75,4.0)",8.3,8.4,8.35,634,5.24645973149,120.843393916,60232,0.839821528165
6,"[125,200)","[3.75,4.0)",8.4,8.5,8.45,619,5.30929158457,116.588058904,60851,0.848452314557
6,"[125,200)","[3.75,4.0)",8.5,8.6,8.55,605,5.37212343764,112.618410024,61456,0.856887897379
6,"[125,200)","[3.75,4.0)",8.6,8.7,8.65,592,5.43495529071,108.924539087,62048,0.865142219743
6,"[125,200)","[3.75,4.0)",8.7,8.8,8.75,524,5.49778714378,95.3110744916,62572,0.872448410485
6,"[125,200)","[3.75,4.0)",8.8,8.9,8.85,549,5.56061899685,98.7300155451,63121,0.88010317903
6,"[125,200)","[3.75,4.0)",8.9,9,8.95,495,5.62345084993,88.0242422687,63616,0.88700501952
6,"[125,200)","[3.75,4.0)",9,9.1,9.05,506,5.686282703,88.986078679,64122,0.894060234244
6,"[125,200)","[3.75,4.0)",9.1,9.2,9.15,464,5.74911455607,80.7080804313,64586,0.90052983826
6,"[125,200)","[3.75,4.0)",9.2,9.3,9.25,424,5.81194640914,72.9531847254,65010,0.906441717791
6,"[125,200)","[3.75,4.0)",9.3,9.4,9.35,417,5.87477826221,70.9814024271,65427,0.912255995538
6,"[125,200)","[3.75,4.0)",9.4,9.5,9.45,435,5.93761011528,73.261799201,65862,0.918321249303
6,"[125,200)","[3.75,4.0)",9.5,9.6,9.55,372,6.00044196836,61.99543333,66234,0.923508087005
6,"[125,200)","[3.75,4.0)",9.6,9.7,9.65,336,6.06327382143,55.4156071284,66570,0.928192972672
6,"[125,200)","[3.75,4.0)",9.7,9.8,9.75,346,6.1261056745,56.4796003177,66916,0.933017289459
6,"[125,200)","[3.75,4.0)",9.8,9.9,9.85,352,6.18893752757,56.8756750948,67268,0.937925264919
6,"[125,200)","[3.75,4.0)",9.9,10,9.95,311,6.25176938064,49.745916886,67579,0.942261572783
6,"[125,200)","[3.75,4.0)",10,10.1,10.05,310,6.31460123372,49.0925695109,67889,0.946583937535
6,"[125,200)","[3.75,4.0)",10.1,10.2,10.15,288,6.37743308679,45.1592350842,68177,0.95059955382
6,"[125,200)","[3.75,4.0)",10.2,10.3,10.25,298,6.44026493986,46.2713883331,68475,0.954754601227
6,"[125,200)","[3.75,4.0)",10.3,10.4,10.35,256,6.50309679293,39.3658603203,68731,0.958324037925
6,"[125,200)","[3.75,4.0)",10.4,10.5,10.45,255,6.565928646,38.836852142,68986,0.961879531511
6,"[125,200)","[3.75,4.0)",10.5,10.6,10.55,262,6.62876049907,39.5247346825,69248,0.965532626882
6,"[125,200)","[3.75,4.0)",10.6,10.7,10.65,222,6.69159235215,33.1759599685,69470,0.968627997769
6,"[125,200)","[3.75,4.0)",10.7,10.8,10.75,246,6.75442420522,36.4205730238,69716,0.972058003346
6,"[125,200)","[3.75,4.0)",10.8,10.9,10.85,211,6.81725605829,30.9508691174,69927,0.975
6,"[125,200)","[3.75,4.0)",10.9,11,10.95,188,6.88008791136,27.3252322386,70115,0.977621305075
6,"[125,200)","[3.75,4.0)",11,11.1,11.05,186,6.94291976443,26.7898818236,70301,0.980214723926
6,"[125,200)","[3.75,4.0)",11.1,11.2,11.15,190,7.00575161751,27.1205732623,70491,0.982863915226
6,"[125,200)","[3.75,4.0)",11.2,11.3,11.25,205,7.06858347058,29.0015674079,70696,0.985722253207
6,"[125,200)","[3.75,4.0)",11.3,11.4,11.35,175,7.13141532365,24.5393084062,70871,0.988162297825
6,"[125,200)","[3.75,4.0)",11.4,11.5,11.45,141,7.19424717672,19.5989929921,71012,0.990128276631
6,"[125,200)","[3.75,4.0)",11.5,11.6,11.55,147,7.25707902979,20.2560836662,71159,0.99217791411
6,"[125,200)","[3.75,4.0)",11.6,11.7,11.65,146,7.31991088286,19.9455980184,71305,0.994213608477
6,"[125,200)","[3.75,4.0)",11.7,11.8,11.75,141,7.38274273594,19.098593171,71446,0.996179587284
6,"[125,200)","[3.75,4.0)",11.8,11.9,11.85,129,7.44557458901,17.3257279822,71575,0.997978248745
6,"[125,200)","[3.75,4.0)",11.9,12,11.95,145,7.50840644208,19.3116876555,71720,1
7,"[125,200)","[4.0,4.25)",0,0.1,0.05,5,0.0314159265359,159.154943092,5,0.000171585449554
7,"[125,200)","[4.0,4.25)",0.1,0.2,0.15,11,0.0942477796077,116.713624934,16,0.000549073438572
7,"[125,200)","[4.0,4.25)",0.2,0.3,0.25,18,0.157079632679,114.591559026,34,0.00116678105697
7,"[125,200)","[4.0,4.25)",0.3,0.4,0.35,38,0.219911485751,172.796795357,72,0.00247083047358
7,"[125,200)","[4.0,4.25)",0.4,0.5,0.45,69,0.282743338823,244.037579408,141,0.00483870967742
7,"[125,200)","[4.0,4.25)",0.5,0.6,0.55,60,0.345575191895,173.623574282,201,0.00689773507207
7,"[125,200)","[4.0,4.25)",0.6,0.7,0.65,83,0.408407044967,203.22861964,284,0.00974605353466
7,"[125,200)","[4.0,4.25)",0.7,0.8,0.75,75,0.471238898038,159.154943092,359,0.012319835278
7,"[125,200)","[4.0,4.25)",0.8,0.9,0.85,100,0.53407075111,187.24110952,459,0.015751544269
7,"[125,200)","[4.0,4.25)",0.9,1,0.95,115,0.596902604182,192.661246901,574,0.0196980096088
7,"[125,200)","[4.0,4.25)",1,1.1,1.05,113,0.659734457254,171.281033994,687,0.0235758407687
7,"[125,200)","[4.0,4.25)",1.1,1.2,1.15,113,0.722566310326,156.387031038,800,0.0274536719286
7,"[125,200)","[4.0,4.25)",1.2,1.3,1.25,146,0.785398163397,185.892973531,946,0.0324639670556
7,"[125,200)","[4.0,4.25)",1.3,1.4,1.35,137,0.848230016469,161.512794101,1083,0.0371654083734
7,"[125,200)","[4.0,4.25)",1.4,1.5,1.45,132,0.911061869541,144.885879228,1215,0.0416952642416
7,"[125,200)","[4.0,4.25)",1.5,1.6,1.55,162,0.973893722613,166.342585683,1377,0.0472546328071
7,"[125,200)","[4.0,4.25)",1.6,1.7,1.65,171,1.03672557568,164.942395568,1548,0.0531228551819
7,"[125,200)","[4.0,4.25)",1.7,1.8,1.75,184,1.09955742876,167.340054451,1732,0.0594371997255
7,"[125,200)","[4.0,4.25)",1.8,1.9,1.85,193,1.16238928183,166.037319009,1925,0.0660603980782
7,"[125,200)","[4.0,4.25)",1.9,2,1.95,189,1.2252211349,154.25786792,2114,0.0725463280714
7,"[125,200)","[4.0,4.25)",2,2.1,2.05,188,1.28805298797,145.956728299,2302,0.0789979409746
7,"[125,200)","[4.0,4.25)",2.1,2.2,2.15,206,1.35088484104,152.492643149,2508,0.0860672614962
7,"[125,200)","[4.0,4.25)",2.2,2.3,2.25,209,1.41371669412,147.83725825,2717,0.0932395332876
7,"[125,200)","[4.0,4.25)",2.3,2.4,2.35,245,1.47654854719,165.927493862,2962,0.101647220316
7,"[125,200)","[4.0,4.25)",2.4,2.5,2.45,240,1.53938040026,155.906883029,3202,0.109883321894
7,"[125,200)","[4.0,4.25)",2.5,2.6,2.55,254,1.60221225333,158.53080606,3456,0.118599862732
7,"[125,200)","[4.0,4.25)",2.6,2.7,2.65,248,1.6650441064,148.945003346,3704,0.12711050103
7,"[125,200)","[4.0,4.25)",2.7,2.8,2.75,257,1.72787595947,148.737528635,3961,0.135929993137
7,"[125,200)","[4.0,4.25)",2.8,2.9,2.85,267,1.79070781255,149.103051949,4228,0.145092656143
7,"[125,200)","[4.0,4.25)",2.9,3,2.95,281,1.85353966562,151.601827149,4509,0.154735758408
7,"[125,200)","[4.0,4.25)",3,3.1,3.05,274,1.91637151869,142.97853904,4783,0.164138641043
7,"[125,200)","[4.0,4.25)",3.1,3.2,3.15,269,1.97920337176,135.913268863,5052,0.173369938229
7,"[125,200)","[4.0,4.25)",3.2,3.3,3.25,282,2.04203522483,138.097519852,5334,0.183047357584
7,"[125,200)","[4.0,4.25)",3.3,3.4,3.35,262,2.10486707791,124.473418179,5596,0.192038435141
7,"[125,200)","[4.0,4.25)",3.4,3.5,3.45,319,2.16769893098,147.160657526,5915,0.202985586822
7,"[125,200)","[4.0,4.25)",3.5,3.6,3.55,327,2.23053078405,146.601877158,6242,0.214207275223
7,"[125,200)","[4.0,4.25)",3.6,3.7,3.65,298,2.29336263712,129.940200113,6540,0.224433768016
7,"[125,200)","[4.0,4.25)",3.7,3.8,3.75,305,2.35619449019,129.446020381,6845,0.234900480439
7,"[125,200)","[4.0,4.25)",3.8,3.9,3.85,315,2.41902634326,130.217680712,7160,0.245710363761
7,"[125,200)","[4.0,4.25)",3.9,4,3.95,317,2.48185819634,127.72687838,7477,0.256588881263
7,"[125,200)","[4.0,4.25)",4,4.1,4.05,343,2.54469004941,134.790482668,7820,0.268359643102
7,"[125,200)","[4.0,4.25)",4.1,4.2,4.15,332,2.60752190248,127.323954474,8152,0.279752916953
7,"[125,200)","[4.0,4.25)",4.2,4.3,4.25,344,2.67035375555,128.82188335,8496,0.291557995882
7,"[125,200)","[4.0,4.25)",4.3,4.4,4.35,324,2.73318560862,118.542992096,8820,0.302676733013
7,"[125,200)","[4.0,4.25)",4.4,4.5,4.45,353,2.79601746169,126.250999801,9173,0.314790665752
7,"[125,200)","[4.0,4.25)",4.5,4.6,4.55,351,2.85884931477,122.776670385,9524,0.32683596431
7,"[125,200)","[4.0,4.25)",4.6,4.7,4.65,352,2.92168116784,120.478580577,9876,0.338915579959
7,"[125,200)","[4.0,4.25)",4.7,4.8,4.75,372,2.98451302091,124.643450169,10248,0.351681537406
7,"[125,200)","[4.0,4.25)",4.8,4.9,4.85,311,3.04734487398,102.056056292,10559,0.362354152368
7,"[125,200)","[4.0,4.25)",4.9,5,4.95,378,3.11017672705,121.536501997,10937,0.375326012354
7,"[125,200)","[4.0,4.25)",5,5.1,5.05,329,3.17300858013,103.687081737,11266,0.386616334935
7,"[125,200)","[4.0,4.25)",5.1,5.2,5.15,372,3.2358404332,114.962405496,11638,0.399382292382
7,"[125,200)","[4.0,4.25)",5.2,5.3,5.25,374,3.29867228627,113.378949936,12012,0.412216884008
7,"[125,200)","[4.0,4.25)",5.3,5.4,5.35,389,3.36150413934,115.722005351,12401,0.425566231984
7,"[125,200)","[4.0,4.25)",5.4,5.5,5.45,349,3.42433599241,101.917569063,12750,0.437542896362
7,"[125,200)","[4.0,4.25)",5.5,5.6,5.55,361,3.48716784548,103.522404426,13111,0.44993136582
7,"[125,200)","[4.0,4.25)",5.6,5.7,5.65,390,3.54999969856,109.859164258,13501,0.463315030885
7,"[125,200)","[4.0,4.25)",5.7,5.8,5.75,367,3.61283155163,101.582372373,13868,0.475909402883
7,"[125,200)","[4.0,4.25)",5.8,5.9,5.85,375,3.6756634047,102.022399418,14243,0.488778311599
7,"[125,200)","[4.0,4.25)",5.9,6,5.95,359,3.73849525777,96.0279404538,14602,0.501098146877
7,"[125,200)","[4.0,4.25)",6,6.1,6.05,331,3.80132711084,87.0748531627,14933,0.512457103638
7,"[125,200)","[4.0,4.25)",6.1,6.2,6.15,353,3.86415896392,91.3523494495,15286,0.524571036376
7,"[125,200)","[4.0,4.25)",6.2,6.3,6.25,331,3.92699081699,84.2884578615,15617,0.535929993137
7,"[125,200)","[4.0,4.25)",6.3,6.4,6.35,362,3.98982267006,90.7308494477,15979,0.548352779684
7,"[125,200)","[4.0,4.25)",6.4,6.5,6.45,372,4.05265452313,91.7916881088,16351,0.561118737131
7,"[125,200)","[4.0,4.25)",6.5,6.6,6.55,342,4.1154863762,83.1007489121,16693,0.572855181881
7,"[125,200)","[4.0,4.25)",6.6,6.7,6.65,346,4.17831822927,82.8084365561,17039,0.58472889499
7,"[125,200)","[4.0,4.25)",6.7,6.8,6.75,346,4.24115008235,81.5816449034,17385,0.596602608099
7,"[125,200)","[4.0,4.25)",6.8,6.9,6.85,357,4.30398193542,82.9464447939,17742,0.608853809197
7,"[125,200)","[4.0,4.25)",6.9,7,6.95,365,4.36681378849,83.584970113,18107,0.621379547014
7,"[125,200)","[4.0,4.25)",7,7.1,7.05,332,4.42964564156,74.9495618532,18439,0.632772820865
7,"[125,200)","[4.0,4.25)",7.1,7.2,7.15,366,4.49247749463,81.469523317,18805,0.645332875772
7,"[125,200)","[4.0,4.25)",7.2,7.3,7.25,357,4.55530934771,78.370089219,19162,0.65758407687
7,"[125,200)","[4.0,4.25)",7.3,7.4,7.35,348,4.61814120078,75.3549934639,19510,0.669526424159
7,"[125,200)","[4.0,4.25)",7.4,7.5,7.45,312,4.68097305385,66.6528083821,19822,0.680233356211
7,"[125,200)","[4.0,4.25)",7.5,7.6,7.55,323,4.74380490692,68.0888034685,20145,0.691317776253
7,"[125,200)","[4.0,4.25)",7.6,7.7,7.65,298,4.80663675999,61.9976118188,20443,0.701544269046
7,"[125,200)","[4.0,4.25)",7.7,7.8,7.75,302,4.86946861306,62.0190875016,20745,0.711908030199
7,"[125,200)","[4.0,4.25)",7.8,7.9,7.85,320,4.93230046614,64.8784481394,21065,0.72288949897
7,"[125,200)","[4.0,4.25)",7.9,8,7.95,317,4.99513231921,63.4617823398,21382,0.733768016472
7,"[125,200)","[4.0,4.25)",8,8.1,8.05,313,5.05796417228,61.8826052022,21695,0.744509265614
7,"[125,200)","[4.0,4.25)",8.1,8.2,8.15,280,5.12079602535,54.6789988537,21975,0.754118050789
7,"[125,200)","[4.0,4.25)",8.2,8.3,8.25,287,5.18362787842,55.3666286877,22262,0.763967055594
7,"[125,200)","[4.0,4.25)",8.3,8.4,8.35,289,5.24645973149,55.0847647348,22551,0.773884694578
7,"[125,200)","[4.0,4.25)",8.4,8.5,8.45,289,5.30929158457,54.4328740279,22840,0.783802333562
7,"[125,200)","[4.0,4.25)",8.5,8.6,8.55,289,5.37212343764,53.7962322264,23129,0.793719972546
7,"[125,200)","[4.0,4.25)",8.6,8.7,8.65,298,5.43495529071,54.8302578513,23427,0.80394646534
7,"[125,200)","[4.0,4.25)",8.7,8.8,8.75,259,5.49778714378,47.1098631552,23686,0.812834591627
7,"[125,200)","[4.0,4.25)",8.8,8.9,8.85,258,5.56061899685,46.3977122234,23944,0.821688400824
7,"[125,200)","[4.0,4.25)",8.9,9,8.95,239,5.62345084993,42.5005937419,24183,0.829890185312
7,"[125,200)","[4.0,4.25)",9,9.1,9.05,262,5.686282703,46.0757956796,24445,0.838881262869
7,"[125,200)","[4.0,4.25)",9.1,9.2,9.15,249,5.74911455607,43.3110173004,24694,0.847426218257
7,"[125,200)","[4.0,4.25)",9.2,9.3,9.25,247,5.81194640914,42.4986712905,24941,0.855902539465
7,"[125,200)","[4.0,4.25)",9.3,9.4,9.35,191,5.87477826221,32.5118653803,25132,0.862457103638
7,"[125,200)","[4.0,4.25)",9.4,9.5,9.45,206,5.93761011528,34.6940934147,25338,0.869526424159
7,"[125,200)","[4.0,4.25)",9.5,9.6,9.55,212,6.00044196836,35.3307308225,25550,0.87680164722
7,"[125,200)","[4.0,4.25)",9.6,9.7,9.65,213,6.06327382143,35.1295366617,25763,0.884111187371
7,"[125,200)","[4.0,4.25)",9.7,9.8,9.75,199,6.1261056745,32.4839319747,25962,0.890940288264
7,"[125,200)","[4.0,4.25)",9.8,9.9,9.85,224,6.18893752757,36.1936114239,26186,0.898627316404
7,"[125,200)","[4.0,4.25)",9.9,10,9.95,187,6.25176938064,29.9115320183,26373,0.905044612217
7,"[125,200)","[4.0,4.25)",10,10.1,10.05,170,6.31460123372,26.9217316673,26543,0.910878517502
7,"[125,200)","[4.0,4.25)",10.1,10.2,10.15,187,6.37743308679,29.3221422248,26730,0.917295813315
7,"[125,200)","[4.0,4.25)",10.2,10.3,10.25,203,6.44026493986,31.520442388,26933,0.924262182567
7,"[125,200)","[4.0,4.25)",10.3,10.4,10.35,161,6.50309679293,24.7574355921,27094,0.929787234043
7,"[125,200)","[4.0,4.25)",10.4,10.5,10.45,176,6.565928646,26.8050430471,27270,0.935827041867
7,"[125,200)","[4.0,4.25)",10.5,10.6,10.55,174,6.62876049907,26.2492512777,27444,0.941798215511
7,"[125,200)","[4.0,4.25)",10.6,10.7,10.65,129,6.69159235215,19.2779226844,27573,0.94622512011
7,"[125,200)","[4.0,4.25)",10.7,10.8,10.75,138,6.75442420522,20.4310531597,27711,0.950960878518
7,"[125,200)","[4.0,4.25)",10.8,10.9,10.85,145,6.81725605829,21.2695546068,27856,0.955936856555
7,"[125,200)","[4.0,4.25)",10.9,11,10.95,138,6.88008791136,20.057883239,27994,0.960672614962
7,"[125,200)","[4.0,4.25)",11,11.1,11.05,132,6.94291976443,19.0121741974,28126,0.96520247083
7,"[125,200)","[4.0,4.25)",11.1,11.2,11.15,121,7.00575161751,17.2715229723,28247,0.96935483871
7,"[125,200)","[4.0,4.25)",11.2,11.3,11.25,128,7.06858347058,18.1082957473,28375,0.973747426218
7,"[125,200)","[4.0,4.25)",11.3,11.4,11.35,114,7.13141532365,15.9856066189,28489,0.977659574468
7,"[125,200)","[4.0,4.25)",11.4,11.5,11.45,132,7.19424717672,18.3479934394,28621,0.982189430336
7,"[125,200)","[4.0,4.25)",11.5,11.6,11.55,123,7.25707902979,16.9489679656,28744,0.986410432395
7,"[125,200)","[4.0,4.25)",11.6,11.7,11.65,120,7.31991088286,16.3936422069,28864,0.990528483185
7,"[125,200)","[4.0,4.25)",11.7,11.8,11.75,90,7.38274273594,12.1905913858,28954,0.993617021277
7,"[125,200)","[4.0,4.25)",11.8,11.9,11.85,102,7.44557458901,13.6994128231,29056,0.997117364447
7,"[125,200)","[4.0,4.25)",11.9,12,11.95,84,7.50840644208,11.1874604349,29140,1
8,"[125,200)","[4.25,4.5)",0,0.1,0.05,2,0.0314159265359,63.6619772368,2,0.000178316690442
8,"[125,200)","[4.25,4.5)",0.1,0.2,0.15,2,0.0942477796077,21.2206590789,4,0.000356633380884
8,"[125,200)","[4.25,4.5)",0.2,0.3,0.25,3,0.157079632679,19.098593171,7,0.000624108416548
8,"[125,200)","[4.25,4.5)",0.3,0.4,0.35,10,0.219911485751,45.4728408834,17,0.00151569186876
8,"[125,200)","[4.25,4.5)",0.4,0.5,0.45,26,0.282743338823,91.956189342,43,0.00383380884451
8,"[125,200)","[4.25,4.5)",0.5,0.6,0.55,23,0.345575191895,66.5557034748,66,0.00588445078459
8,"[125,200)","[4.25,4.5)",0.6,0.7,0.65,20,0.408407044967,48.9707517206,86,0.00766761768902
8,"[125,200)","[4.25,4.5)",0.7,0.8,0.75,26,0.471238898038,55.1737136052,112,0.00998573466476
8,"[125,200)","[4.25,4.5)",0.8,0.9,0.85,30,0.53407075111,56.172332856,142,0.0126604850214
8,"[125,200)","[4.25,4.5)",0.9,1,0.95,39,0.596902604182,65.3372924272,181,0.016137660485
8,"[125,200)","[4.25,4.5)",1,1.1,1.05,28,0.659734457254,42.4413181578,209,0.0186340941512
8,"[125,200)","[4.25,4.5)",1.1,1.2,1.15,40,0.722566310326,55.3582410754,249,0.0222004279601
8,"[125,200)","[4.25,4.5)",1.2,1.3,1.25,37,0.785398163397,47.1098631552,286,0.0254992867332
8,"[125,200)","[4.25,4.5)",1.3,1.4,1.35,40,0.848230016469,47.1570201754,326,0.0290656205421
8,"[125,200)","[4.25,4.5)",1.4,1.5,1.45,37,0.911061869541,40.6119509959,363,0.0323644793153
8,"[125,200)","[4.25,4.5)",1.5,1.6,1.55,60,0.973893722613,61.6083650678,423,0.0377139800285
8,"[125,200)","[4.25,4.5)",1.6,1.7,1.65,47,1.03672557568,45.3350443959,470,0.0419044222539
8,"[125,200)","[4.25,4.5)",1.7,1.8,1.75,66,1.09955742876,60.0241499661,536,0.0477888730385
8,"[125,200)","[4.25,4.5)",1.8,1.9,1.85,63,1.16238928183,54.1987103502,599,0.0534058487874
8,"[125,200)","[4.25,4.5)",1.9,2,1.95,71,1.2252211349,57.9487228694,670,0.0597360912981
8,"[125,200)","[4.25,4.5)",2,2.1,2.05,64,1.28805298797,49.6873968677,734,0.0654422253923
8,"[125,200)","[4.25,4.5)",2.1,2.2,2.15,59,1.35088484104,43.6750774066,793,0.0707025677603
8,"[125,200)","[4.25,4.5)",2.2,2.3,2.25,86,1.41371669412,60.8325560262,879,0.0783701854494
8,"[125,200)","[4.25,4.5)",2.3,2.4,2.35,66,1.47654854719,44.6988350811,945,0.084254636234
8,"[125,200)","[4.25,4.5)",2.4,2.5,2.45,84,1.53938040026,54.5674090601,1029,0.0917439372325
8,"[125,200)","[4.25,4.5)",2.5,2.6,2.55,87,1.60221225333,54.2999217608,1116,0.0995007132668
8,"[125,200)","[4.25,4.5)",2.6,2.7,2.65,88,1.6650441064,52.8514528003,1204,0.107346647646
8,"[125,200)","[4.25,4.5)",2.7,2.8,2.75,80,1.72787595947,46.2996198086,1284,0.114479315264
8,"[125,200)","[4.25,4.5)",2.8,2.9,2.85,83,1.79070781255,46.3503869355,1367,0.121879457917
8,"[125,200)","[4.25,4.5)",2.9,3,2.95,86,1.85353966562,46.3977122234,1453,0.129547075606
8,"[125,200)","[4.25,4.5)",3,3.1,3.05,80,1.91637151869,41.7455588438,1533,0.136679743224
8,"[125,200)","[4.25,4.5)",3.1,3.2,3.15,105,1.97920337176,53.0516476973,1638,0.146041369472
8,"[125,200)","[4.25,4.5)",3.2,3.3,3.25,114,2.04203522483,55.8266569615,1752,0.156205420827
8,"[125,200)","[4.25,4.5)",3.3,3.4,3.35,96,2.10486707791,45.6085807069,1848,0.164764621969
8,"[125,200)","[4.25,4.5)",3.4,3.5,3.45,105,2.16769893098,48.438460941,1953,0.174126248217
8,"[125,200)","[4.25,4.5)",3.5,3.6,3.55,107,2.23053078405,47.9706448192,2060,0.183666191155
8,"[125,200)","[4.25,4.5)",3.6,3.7,3.65,112,2.29336263712,48.8365852775,2172,0.19365192582
8,"[125,200)","[4.25,4.5)",3.7,3.8,3.75,100,2.35619449019,42.4413181578,2272,0.202567760342
8,"[125,200)","[4.25,4.5)",3.8,3.9,3.85,100,2.41902634326,41.3389462576,2372,0.211483594864
8,"[125,200)","[4.25,4.5)",3.9,4,3.95,105,2.48185819634,42.307010189,2477,0.220845221113
8,"[125,200)","[4.25,4.5)",4,4.1,4.05,117,2.54469004941,45.978094671,2594,0.231276747504
8,"[125,200)","[4.25,4.5)",4.1,4.2,4.15,132,2.60752190248,50.6227770798,2726,0.243045649073
8,"[125,200)","[4.25,4.5)",4.2,4.3,4.25,116,2.67035375555,43.4399374086,2842,0.253388017118
8,"[125,200)","[4.25,4.5)",4.3,4.4,4.35,93,2.73318560862,34.0262292127,2935,0.261679743224
8,"[125,200)","[4.25,4.5)",4.4,4.5,4.45,136,2.79601746169,48.6406118213,3071,0.273805278174
8,"[125,200)","[4.25,4.5)",4.5,4.6,4.55,103,2.85884931477,36.028481623,3174,0.282988587732
8,"[125,200)","[4.25,4.5)",4.6,4.7,4.65,140,2.92168116784,47.917617275,3314,0.295470756063
8,"[125,200)","[4.25,4.5)",4.7,4.8,4.75,128,2.98451302091,42.8880688753,3442,0.306883024251
8,"[125,200)","[4.25,4.5)",4.8,4.9,4.85,102,3.04734487398,33.4717612276,3544,0.315977175464
8,"[125,200)","[4.25,4.5)",4.9,5,4.95,124,3.11017672705,39.8691170574,3668,0.327032810271
8,"[125,200)","[4.25,4.5)",5,5.1,5.05,116,3.17300858013,36.5583631657,3784,0.337375178317
8,"[125,200)","[4.25,4.5)",5.1,5.2,5.15,108,3.2358404332,33.3761822406,3892,0.347004279601
8,"[125,200)","[4.25,4.5)",5.2,5.3,5.25,125,3.29867228627,37.8940340695,4017,0.358149072753
8,"[125,200)","[4.25,4.5)",5.3,5.4,5.35,117,3.36150413934,34.8058473678,4134,0.368580599144
8,"[125,200)","[4.25,4.5)",5.4,5.5,5.45,115,3.42433599241,33.5831531295,4249,0.378833808845
8,"[125,200)","[4.25,4.5)",5.5,5.6,5.55,128,3.48716784548,36.7060048933,4377,0.390246077033
8,"[125,200)","[4.25,4.5)",5.6,5.7,5.65,113,3.54999969856,31.8309886184,4490,0.400320970043
8,"[125,200)","[4.25,4.5)",5.7,5.8,5.75,141,3.61283155163,39.0275599582,4631,0.412892296719
8,"[125,200)","[4.25,4.5)",5.8,5.9,5.85,121,3.6756634047,32.9192275455,4752,0.423680456491
8,"[125,200)","[4.25,4.5)",5.9,6,5.95,119,3.73849525777,31.8309886184,4871,0.434290299572
8,"[125,200)","[4.25,4.5)",6,6.1,6.05,122,3.80132711084,32.09405464,4993,0.445167617689
8,"[125,200)","[4.25,4.5)",6.1,6.2,6.15,124,3.86415896392,32.0897771437,5117,0.456223252496
8,"[125,200)","[4.25,4.5)",6.2,6.3,6.25,133,3.92699081699,33.86817189,5250,0.468081312411
8,"[125,200)","[4.25,4.5)",6.3,6.4,6.35,129,3.98982267006,32.3322640297,5379,0.479582738944
8,"[125,200)","[4.25,4.5)",6.4,6.5,6.45,128,4.05265452313,31.5842367686,5507,0.490995007133
8,"[125,200)","[4.25,4.5)",6.5,6.6,6.55,128,4.1154863762,31.1020346806,5635,0.502407275321
8,"[125,200)","[4.25,4.5)",6.6,6.7,6.65,142,4.17831822927,33.9849652918,5777,0.515067760342
8,"[125,200)","[4.25,4.5)",6.7,6.8,6.75,119,4.24115008235,28.0584270043,5896,0.525677603424
8,"[125,200)","[4.25,4.5)",6.8,6.9,6.85,114,4.30398193542,26.4871000182,6010,0.535841654779
8,"[125,200)","[4.25,4.5)",6.9,7,6.95,128,4.36681378849,29.3119895191,6138,0.547253922967
8,"[125,200)","[4.25,4.5)",7,7.1,7.05,127,4.42964564156,28.6704649258,6265,0.55857703281
8,"[125,200)","[4.25,4.5)",7.1,7.2,7.15,147,4.49247749463,32.7213659224,6412,0.571683309558
8,"[125,200)","[4.25,4.5)",7.2,7.3,7.25,125,4.55530934771,27.4405074296,6537,0.58282810271
8,"[125,200)","[4.25,4.5)",7.3,7.4,7.35,152,4.61814120078,32.9136753061,6689,0.596380171184
8,"[125,200)","[4.25,4.5)",7.4,7.5,7.45,128,4.68097305385,27.3447419004,6817,0.607792439372
8,"[125,200)","[4.25,4.5)",7.5,7.6,7.55,135,4.74380490692,28.4581686323,6952,0.619828815977
8,"[125,200)","[4.25,4.5)",7.6,7.7,7.65,135,4.80663675999,28.086166428,7087,0.631865192582
8,"[125,200)","[4.25,4.5)",7.7,7.8,7.75,129,4.86946861306,26.4915969792,7216,0.643366619116
8,"[125,200)","[4.25,4.5)",7.8,7.9,7.85,125,4.93230046614,25.3431438044,7341,0.654511412268
8,"[125,200)","[4.25,4.5)",7.9,8,7.95,139,4.99513231921,27.827090679,7480,0.666904422254
8,"[125,200)","[4.25,4.5)",8,8.1,8.05,103,5.05796417228,20.3639243956,7583,0.676087731812
8,"[125,200)","[4.25,4.5)",8.1,8.2,8.15,133,5.12079602535,25.9725244555,7716,0.687945791726
8,"[125,200)","[4.25,4.5)",8.2,8.3,8.25,102,5.18362787842,19.6773384186,7818,0.697039942939
8,"[125,200)","[4.25,4.5)",8.3,8.4,8.35,138,5.24645973149,26.3034516727,7956,0.709343794579
8,"[125,200)","[4.25,4.5)",8.4,8.5,8.45,120,5.30929158457,22.6018854095,8076,0.720042796006
8,"[125,200)","[4.25,4.5)",8.5,8.6,8.55,116,5.37212343764,21.5929513435,8192,0.730385164051
8,"[125,200)","[4.25,4.5)",8.6,8.7,8.65,117,5.43495529071,21.527316002,8309,0.740816690442
8,"[125,200)","[4.25,4.5)",8.7,8.8,8.75,122,5.49778714378,22.1907463511,8431,0.751694008559
8,"[125,200)","[4.25,4.5)",8.8,8.9,8.85,129,5.56061899685,23.1988561117,8560,0.763195435093
8,"[125,200)","[4.25,4.5)",8.9,9,8.95,102,5.62345084993,18.1383287099,8662,0.772289586305
8,"[125,200)","[4.25,4.5)",9,9.1,9.05,119,5.686282703,20.927556053,8781,0.782899429387
8,"[125,200)","[4.25,4.5)",9.1,9.2,9.15,102,5.74911455607,17.7418625086,8883,0.791993580599
8,"[125,200)","[4.25,4.5)",9.2,9.3,9.25,95,5.81194640914,16.345642804,8978,0.800463623395
8,"[125,200)","[4.25,4.5)",9.3,9.4,9.35,128,5.87477826221,21.7880563805,9106,0.811875891583
8,"[125,200)","[4.25,4.5)",9.4,9.5,9.45,103,5.93761011528,17.3470467074,9209,0.821059201141
8,"[125,200)","[4.25,4.5)",9.5,9.6,9.55,117,6.00044196836,19.4985637086,9326,0.831490727532
8,"[125,200)","[4.25,4.5)",9.6,9.7,9.65,108,6.06327382143,17.8121594341,9434,0.841119828816
8,"[125,200)","[4.25,4.5)",9.7,9.8,9.75,102,6.1261056745,16.650055585,9536,0.850213980029
8,"[125,200)","[4.25,4.5)",9.8,9.9,9.85,109,6.18893752757,17.6120698447,9645,0.859932239658
8,"[125,200)","[4.25,4.5)",9.9,10,9.95,95,6.25176938064,15.1956980842,9740,0.868402282454
8,"[125,200)","[4.25,4.5)",10,10.1,10.05,88,6.31460123372,13.935955216,9828,0.876248216833
8,"[125,200)","[4.25,4.5)",10.1,10.2,10.15,92,6.37743308679,14.425866763,9920,0.884450784593
8,"[125,200)","[4.25,4.5)",10.2,10.3,10.25,82,6.44026493986,12.7323954474,10002,0.891761768902
8,"[125,200)","[4.25,4.5)",10.3,10.4,10.35,71,6.50309679293,10.9178753232,10073,0.898092011412
8,"[125,200)","[4.25,4.5)",10.4,10.5,10.45,93,6.565928646,14.1640284283,10166,0.906383737518
8,"[125,200)","[4.25,4.5)",10.5,10.6,10.55,98,6.62876049907,14.7840610645,10264,0.91512125535
8,"[125,200)","[4.25,4.5)",10.6,10.7,10.65,69,6.69159235215,10.3114470172,10333,0.92127318117
8,"[125,200)","[4.25,4.5)",10.7,10.8,10.75,82,6.75442420522,12.1401910079,10415,0.928584165478
8,"[125,200)","[4.25,4.5)",10.8,10.9,10.85,69,6.81725605829,10.1213742611,10484,0.934736091298
8,"[125,200)","[4.25,4.5)",10.9,11,10.95,88,6.88008791136,12.7905342393,10572,0.942582025678
8,"[125,200)","[4.25,4.5)",11,11.1,11.05,64,6.94291976443,9.21802385329,10636,0.948288159772
8,"[125,200)","[4.25,4.5)",11.1,11.2,11.15,79,7.00575161751,11.2764488827,10715,0.955331669044
8,"[125,200)","[4.25,4.5)",11.2,11.3,11.25,67,7.06858347058,9.47856105525,10782,0.961305278174
8,"[125,200)","[4.25,4.5)",11.3,11.4,11.35,67,7.13141532365,9.3950495041,10849,0.967278887304
8,"[125,200)","[4.25,4.5)",11.4,11.5,11.45,53,7.19424717672,7.36699736583,10902,0.972004279601
8,"[125,200)","[4.25,4.5)",11.5,11.6,11.55,67,7.25707902979,9.23236466421,10969,0.97797788873
8,"[125,200)","[4.25,4.5)",11.6,11.7,11.65,76,7.31991088286,10.3826400644,11045,0.984753922967
8,"[125,200)","[4.25,4.5)",11.7,11.8,11.75,69,7.38274273594,9.34612006242,11114,0.990905848787
8,"[125,200)","[4.25,4.5)",11.8,11.9,11.85,57,7.44557458901,7.65555422467,11171,0.995987874465
8,"[125,200)","[4.25,4.5)",11.9,12,11.95,45,7.50840644208,5.99328237585,11216,1
9,"[125,200)","[4.5,4.75)",0,0.1,0.05,1,0.0314159265359,31.8309886184,1,0.000217296827466
9,"[125,200)","[4.5,4.75)",0.1,0.2,0.15,1,0.0942477796077,10.6103295395,2,0.000434593654933
9,"[125,200)","[4.5,4.75)",0.2,0.3,0.25,3,0.157079632679,19.098593171,5,0.00108648413733
9,"[125,200)","[4.5,4.75)",0.3,0.4,0.35,5,0.219911485751,22.7364204417,10,0.00217296827466
9,"[125,200)","[4.5,4.75)",0.4,0.5,0.45,5,0.282743338823,17.6838825658,15,0.00325945241199
9,"[125,200)","[4.5,4.75)",0.5,0.6,0.55,8,0.345575191895,23.1498099043,23,0.00499782703173
9,"[125,200)","[4.5,4.75)",0.6,0.7,0.65,6,0.408407044967,14.6912255162,29,0.00630160799652
9,"[125,200)","[4.5,4.75)",0.7,0.8,0.75,12,0.471238898038,25.4647908947,41,0.00890916992612
9,"[125,200)","[4.5,4.75)",0.8,0.9,0.85,8,0.53407075111,14.9792887616,49,0.0106475445458
9,"[125,200)","[4.5,4.75)",0.9,1,0.95,5,0.596902604182,8.37657595221,54,0.0117340286832
9,"[125,200)","[4.5,4.75)",1,1.1,1.05,12,0.659734457254,18.1891363534,66,0.0143415906128
9,"[125,200)","[4.5,4.75)",1.1,1.2,1.15,16,0.722566310326,22.1432964302,82,0.0178183398522
9,"[125,200)","[4.5,4.75)",1.2,1.3,1.25,17,0.785398163397,21.6450722605,99,0.0215123859192
9,"[125,200)","[4.5,4.75)",1.3,1.4,1.35,24,0.848230016469,28.2942121052,123,0.0267275097784
9,"[125,200)","[4.5,4.75)",1.4,1.5,1.45,16,0.911061869541,17.561924755,139,0.0302042590178
9,"[125,200)","[4.5,4.75)",1.5,1.6,1.55,11,0.973893722613,11.2948669291,150,0.0325945241199
9,"[125,200)","[4.5,4.75)",1.6,1.7,1.65,18,1.03672557568,17.3623574282,168,0.0365058670143
9,"[125,200)","[4.5,4.75)",1.7,1.8,1.75,26,1.09955742876,23.6458772594,194,0.0421555845285
9,"[125,200)","[4.5,4.75)",1.8,1.9,1.85,25,1.16238928183,21.5074247421,219,0.0475880052151
9,"[125,200)","[4.5,4.75)",1.9,2,1.95,15,1.2252211349,12.2426879301,234,0.0508474576271
9,"[125,200)","[4.5,4.75)",2,2.1,2.05,14,1.28805298797,10.8691180648,248,0.0538896132116
9,"[125,200)","[4.5,4.75)",2.1,2.2,2.15,18,1.35088484104,13.3245998868,266,0.057800956106
9,"[125,200)","[4.5,4.75)",2.2,2.3,2.25,21,1.41371669412,14.8544613552,287,0.0623641894828
9,"[125,200)","[4.5,4.75)",2.3,2.4,2.35,25,1.47654854719,16.9313769247,312,0.0677966101695
9,"[125,200)","[4.5,4.75)",2.4,2.5,2.45,19,1.53938040026,12.3426282398,331,0.0719252498914
9,"[125,200)","[4.5,4.75)",2.5,2.6,2.55,27,1.60221225333,16.8516998568,358,0.0777922642329
9,"[125,200)","[4.5,4.75)",2.6,2.7,2.65,24,1.6650441064,14.4140325819,382,0.0830073880921
9,"[125,200)","[4.5,4.75)",2.7,2.8,2.75,22,1.72787595947,12.7323954474,404,0.0877879182964
9,"[125,200)","[4.5,4.75)",2.8,2.9,2.85,22,1.79070781255,12.2856447299,426,0.0925684485007
9,"[125,200)","[4.5,4.75)",2.9,3,2.95,36,1.85353966562,19.42229814,462,0.100391134289
9,"[125,200)","[4.5,4.75)",3,3.1,3.05,26,1.91637151869,13.5673066242,488,0.106040851804
9,"[125,200)","[4.5,4.75)",3.1,3.2,3.15,29,1.97920337176,14.6523598402,517,0.1123424598
9,"[125,200)","[4.5,4.75)",3.2,3.3,3.25,29,2.04203522483,14.201517999,546,0.118644067797
9,"[125,200)","[4.5,4.75)",3.3,3.4,3.35,37,2.10486707791,17.5783071475,583,0.126684050413
9,"[125,200)","[4.5,4.75)",3.4,3.5,3.45,34,2.16769893098,15.6848349714,617,0.134072142547
9,"[125,200)","[4.5,4.75)",3.5,3.6,3.55,33,2.23053078405,14.7946848508,650,0.141242937853
9,"[125,200)","[4.5,4.75)",3.6,3.7,3.65,40,2.29336263712,17.4416375991,690,0.149934810952
9,"[125,200)","[4.5,4.75)",3.7,3.8,3.75,33,2.35619449019,14.0056349921,723,0.157105606258
9,"[125,200)","[4.5,4.75)",3.8,3.9,3.85,41,2.41902634326,16.9489679656,764,0.166014776184
9,"[125,200)","[4.5,4.75)",3.9,4,3.95,38,2.48185819634,15.3111084493,802,0.174272055628
9,"[125,200)","[4.5,4.75)",4,4.1,4.05,42,2.54469004941,16.5049570614,844,0.183398522382
9,"[125,200)","[4.5,4.75)",4.1,4.2,4.15,44,2.60752190248,16.8742590266,888,0.19295958279
9,"[125,200)","[4.5,4.75)",4.2,4.3,4.25,41,2.67035375555,15.3537709806,929,0.201868752716
9,"[125,200)","[4.5,4.75)",4.3,4.4,4.35,35,2.73318560862,12.8055701338,964,0.209474141678
9,"[125,200)","[4.5,4.75)",4.4,4.5,4.45,48,2.79601746169,17.1672747605,1012,0.219904389396
9,"[125,200)","[4.5,4.75)",4.5,4.6,4.55,50,2.85884931477,17.4895541859,1062,0.230769230769
9,"[125,200)","[4.5,4.75)",4.6,4.7,4.65,33,2.92168116784,11.2948669291,1095,0.237940026076
9,"[125,200)","[4.5,4.75)",4.7,4.8,4.75,47,2.98451302091,15.7479627901,1142,0.248152976967
9,"[125,200)","[4.5,4.75)",4.8,4.9,4.85,48,3.04734487398,15.7514170483,1190,0.258583224685
9,"[125,200)","[4.5,4.75)",4.9,5,4.95,53,3.11017672705,17.0408322906,1243,0.270099956541
9,"[125,200)","[4.5,4.75)",5,5.1,5.05,48,3.17300858013,15.1275985513,1291,0.280530204259
9,"[125,200)","[4.5,4.75)",5.1,5.2,5.15,48,3.2358404332,14.8338587736,1339,0.290960451977
9,"[125,200)","[4.5,4.75)",5.2,5.3,5.25,49,3.29867228627,14.8544613552,1388,0.301607996523
9,"[125,200)","[4.5,4.75)",5.3,5.4,5.35,32,3.36150413934,9.51954799802,1420,0.308561495002
9,"[125,200)","[4.5,4.75)",5.4,5.5,5.45,49,3.42433599241,14.3093435073,1469,0.319209039548
9,"[125,200)","[4.5,4.75)",5.5,5.6,5.55,43,3.48716784548,12.3309235188,1512,0.328552803129
9,"[125,200)","[4.5,4.75)",5.6,5.7,5.65,33,3.54999969856,9.29577543723,1545,0.335723598435
9,"[125,200)","[4.5,4.75)",5.7,5.8,5.75,41,3.61283155163,11.3484394205,1586,0.344632768362
9,"[125,200)","[4.5,4.75)",5.8,5.9,5.85,51,3.6756634047,13.8750463208,1637,0.355714906562
9,"[125,200)","[4.5,4.75)",5.9,6,5.95,46,3.73849525777,12.3044157684,1683,0.365710560626
9,"[125,200)","[4.5,4.75)",6,6.1,6.05,43,3.80132711084,11.3118389305,1726,0.375054324207
9,"[125,200)","[4.5,4.75)",6.1,6.2,6.15,63,3.86415896392,16.3036770972,1789,0.388744024337
9,"[125,200)","[4.5,4.75)",6.2,6.3,6.25,55,3.92699081699,14.0056349921,1844,0.400695349848
9,"[125,200)","[4.5,4.75)",6.3,6.4,6.35,55,3.98982267006,13.7850738111,1899,0.412646675359
9,"[125,200)","[4.5,4.75)",6.4,6.5,6.45,49,4.05265452313,12.090840638,1948,0.423294219904
9,"[125,200)","[4.5,4.75)",6.5,6.6,6.55,66,4.1154863762,16.0369866322,2014,0.437635810517
9,"[125,200)","[4.5,4.75)",6.6,6.7,6.65,58,4.17831822927,13.8811830065,2072,0.45023902651
9,"[125,200)","[4.5,4.75)",6.7,6.8,6.75,65,4.24115008235,15.326031557,2137,0.464363320296
9,"[125,200)","[4.5,4.75)",6.8,6.9,6.85,56,4.30398193542,13.0112070265,2193,0.476531942634
9,"[125,200)","[4.5,4.75)",6.9,7,6.95,46,4.36681378849,10.5339962334,2239,0.486527596697
9,"[125,200)","[4.5,4.75)",7,7.1,7.05,44,4.42964564156,9.93307446247,2283,0.496088657106
9,"[125,200)","[4.5,4.75)",7.1,7.2,7.15,56,4.49247749463,12.4652822561,2339,0.508257279444
9,"[125,200)","[4.5,4.75)",7.2,7.3,7.25,49,4.55530934771,10.7566789124,2388,0.51890482399
9,"[125,200)","[4.5,4.75)",7.3,7.4,7.35,54,4.61814120078,11.6930162272,2442,0.530638852673
9,"[125,200)","[4.5,4.75)",7.4,7.5,7.45,59,4.68097305385,12.6042169697,2501,0.543459365493
9,"[125,200)","[4.5,4.75)",7.5,7.6,7.55,56,4.74380490692,11.8048699512,2557,0.555627987831
9,"[125,200)","[4.5,4.75)",7.6,7.7,7.65,65,4.80663675999,13.5229690209,2622,0.569752281617
9,"[125,200)","[4.5,4.75)",7.7,7.8,7.75,54,4.86946861306,11.0895057122,2676,0.5814863103
9,"[125,200)","[4.5,4.75)",7.8,7.9,7.85,60,4.93230046614,12.1647090261,2736,0.594524119948
9,"[125,200)","[4.5,4.75)",7.9,8,7.95,40,4.99513231921,8.00779587884,2776,0.603215993047
9,"[125,200)","[4.5,4.75)",8,8.1,8.05,57,5.05796417228,11.2693562189,2833,0.615601912212
9,"[125,200)","[4.5,4.75)",8.1,8.2,8.15,55,5.12079602535,10.740517632,2888,0.627553237723
9,"[125,200)","[4.5,4.75)",8.2,8.3,8.25,53,5.18362787842,10.2244993744,2941,0.639069969578
9,"[125,200)","[4.5,4.75)",8.3,8.4,8.35,59,5.24645973149,11.2456786137,3000,0.651890482399
9,"[125,200)","[4.5,4.75)",8.4,8.5,8.45,56,5.30929158457,10.5475465244,3056,0.664059104737
9,"[125,200)","[4.5,4.75)",8.5,8.6,8.55,57,5.37212343764,10.6103295395,3113,0.676445023903
9,"[125,200)","[4.5,4.75)",8.6,8.7,8.65,45,5.43495529071,8.27973692386,3158,0.686223381139
9,"[125,200)","[4.5,4.75)",8.7,8.8,8.75,47,5.49778714378,8.54889408608,3205,0.69643633203
9,"[125,200)","[4.5,4.75)",8.8,8.9,8.85,45,5.56061899685,8.09262422501,3250,0.706214689266
9,"[125,200)","[4.5,4.75)",8.9,9,8.95,49,5.62345084993,8.71351085084,3299,0.716862233811
9,"[125,200)","[4.5,4.75)",9,9.1,9.05,57,5.686282703,10.0241234876,3356,0.729248152977
9,"[125,200)","[4.5,4.75)",9.1,9.2,9.15,50,5.74911455607,8.69699142579,3406,0.74011299435
9,"[125,200)","[4.5,4.75)",9.2,9.3,9.25,52,5.81194640914,8.94708869273,3458,0.751412429379
9,"[125,200)","[4.5,4.75)",9.3,9.4,9.35,51,5.87477826221,8.6811787141,3509,0.762494567579
9,"[125,200)","[4.5,4.75)",9.4,9.5,9.45,45,5.93761011528,7.5788068139,3554,0.772272924815
9,"[125,200)","[4.5,4.75)",9.5,9.6,9.55,55,6.00044196836,9.16599148697,3609,0.784224250326
9,"[125,200)","[4.5,4.75)",9.6,9.7,9.65,47,6.06327382143,7.75158790189,3656,0.794437201217
9,"[125,200)","[4.5,4.75)",9.7,9.8,9.75,51,6.1261056745,8.3250277925,3707,0.805519339418
9,"[125,200)","[4.5,4.75)",9.8,9.9,9.85,53,6.18893752757,8.5636669887,3760,0.817036071273
9,"[125,200)","[4.5,4.75)",9.9,10,9.95,35,6.25176938064,5.59841508363,3795,0.824641460235
9,"[125,200)","[4.5,4.75)",10,10.1,10.05,51,6.31460123372,8.07651950019,3846,0.835723598435
9,"[125,200)","[4.5,4.75)",10.1,10.2,10.15,42,6.37743308679,6.58572178311,3888,0.844850065189
9,"[125,200)","[4.5,4.75)",10.2,10.3,10.25,47,6.44026493986,7.29783641495,3935,0.85506301608
9,"[125,200)","[4.5,4.75)",10.3,10.4,10.35,40,6.50309679293,6.15091567505,3975,0.863754889179
9,"[125,200)","[4.5,4.75)",10.4,10.5,10.45,44,6.565928646,6.70126076176,4019,0.873315949587
9,"[125,200)","[4.5,4.75)",10.5,10.6,10.55,47,6.62876049907,7.0903150003,4066,0.883528900478
9,"[125,200)","[4.5,4.75)",10.6,10.7,10.65,42,6.69159235215,6.276532967,4108,0.892655367232
9,"[125,200)","[4.5,4.75)",10.7,10.8,10.75,38,6.75442420522,5.62594217441,4146,0.900912646675
9,"[125,200)","[4.5,4.75)",10.8,10.9,10.85,51,6.81725605829,7.48101575824,4197,0.911994784876
9,"[125,200)","[4.5,4.75)",10.9,11,10.95,44,6.88008791136,6.39526711967,4241,0.921555845285
9,"[125,200)","[4.5,4.75)",11,11.1,11.05,35,6.94291976443,5.04110679477,4276,0.929161234246
9,"[125,200)","[4.5,4.75)",11.1,11.2,11.15,36,7.00575161751,5.13863493391,4312,0.936983920035
9,"[125,200)","[4.5,4.75)",11.2,11.3,11.25,36,7.06858347058,5.09295817894,4348,0.944806605824
9,"[125,200)","[4.5,4.75)",11.3,11.4,11.35,29,7.13141532365,4.06651396446,4377,0.95110821382
9,"[125,200)","[4.5,4.75)",11.4,11.5,11.45,34,7.19424717672,4.72599831015,4411,0.958496305954
9,"[125,200)","[4.5,4.75)",11.5,11.6,11.55,34,7.25707902979,4.68508057587,4445,0.965884398088
9,"[125,200)","[4.5,4.75)",11.6,11.7,11.65,44,7.31991088286,6.01100214253,4489,0.975445458496
9,"[125,200)","[4.5,4.75)",11.7,11.8,11.75,32,7.38274273594,4.33443249272,4521,0.982398956975
9,"[125,200)","[4.5,4.75)",11.8,11.9,11.85,45,7.44557458901,6.04385859843,4566,0.992177314211
9,"[125,200)","[4.5,4.75)",11.9,12,11.95,36,7.50840644208,4.79462590068,4602,1
10,"[125,200)","[4.75,5.0)",0,0.1,0.05,0,0.0314159265359,0,0,0
10,"[125,200)","[4.75,5.0)",0.1,0.2,0.15,0,0.0942477796077,0,0,0
10,"[125,200)","[4.75,5.0)",0.2,0.3,0.25,0,0.157079632679,0,0,0
10,"[125,200)","[4.75,5.0)",0.3,0.4,0.35,0,0.219911485751,0,0,0
10,"[125,200)","[4.75,5.0)",0.4,0.5,0.45,6,0.282743338823,21.2206590789,6,0.00311041990669
10,"[125,200)","[4.75,5.0)",0.5,0.6,0.55,1,0.345575191895,2.89372623803,7,0.00362882322447
10,"[125,200)","[4.75,5.0)",0.6,0.7,0.65,3,0.408407044967,7.34561275809,10,0.00518403317781
10,"[125,200)","[4.75,5.0)",0.7,0.8,0.75,5,0.471238898038,10.6103295395,15,0.00777604976672
10,"[125,200)","[4.75,5.0)",0.8,0.9,0.85,4,0.53407075111,7.4896443808,19,0.00984966303784
10,"[125,200)","[4.75,5.0)",0.9,1,0.95,3,0.596902604182,5.02594557132,22,0.0114048729912
10,"[125,200)","[4.75,5.0)",1,1.1,1.05,2,0.659734457254,3.03152272556,24,0.0124416796267
10,"[125,200)","[4.75,5.0)",1.1,1.2,1.15,5,0.722566310326,6.91978013443,29,0.0150336962157
10,"[125,200)","[4.75,5.0)",1.2,1.3,1.25,3,0.785398163397,3.81971863421,32,0.016588906169
10,"[125,200)","[4.75,5.0)",1.3,1.4,1.35,7,0.848230016469,8.25247853069,39,0.0202177293935
10,"[125,200)","[4.75,5.0)",1.4,1.5,1.45,2,0.911061869541,2.19524059437,41,0.021254536029
10,"[125,200)","[4.75,5.0)",1.5,1.6,1.55,1,0.973893722613,1.02680608446,42,0.0217729393468
10,"[125,200)","[4.75,5.0)",1.6,1.7,1.65,6,1.03672557568,5.78745247607,48,0.0248833592535
10,"[125,200)","[4.75,5.0)",1.7,1.8,1.75,13,1.09955742876,11.8229386297,61,0.0316226023847
10,"[125,200)","[4.75,5.0)",1.8,1.9,1.85,6,1.16238928183,5.16178193812,67,0.0347330222913
10,"[125,200)","[4.75,5.0)",1.9,2,1.95,3,1.2252211349,2.44853758603,70,0.0362882322447
10,"[125,200)","[4.75,5.0)",2,2.1,2.05,11,1.28805298797,8.54002133664,81,0.0419906687403
10,"[125,200)","[4.75,5.0)",2.1,2.2,2.15,5,1.35088484104,3.70127774632,86,0.0445826853292
10,"[125,200)","[4.75,5.0)",2.2,2.3,2.25,11,1.41371669412,7.78090832894,97,0.0502851218248
10,"[125,200)","[4.75,5.0)",2.3,2.4,2.35,11,1.47654854719,7.44980584685,108,0.0559875583204
10,"[125,200)","[4.75,5.0)",2.4,2.5,2.45,12,1.53938040026,7.79534415144,120,0.0622083981337
10,"[125,200)","[4.75,5.0)",2.5,2.6,2.55,13,1.60221225333,8.11378141253,133,0.0689476412649
10,"[125,200)","[4.75,5.0)",2.6,2.7,2.65,8,1.6650441064,4.8046775273,141,0.0730948678072
10,"[125,200)","[4.75,5.0)",2.7,2.8,2.75,9,1.72787595947,5.20870722846,150,0.0777604976672
10,"[125,200)","[4.75,5.0)",2.8,2.9,2.85,7,1.79070781255,3.9090687777,157,0.0813893208917
10,"[125,200)","[4.75,5.0)",2.9,3,2.95,11,1.85353966562,5.93459109834,168,0.0870917573872
10,"[125,200)","[4.75,5.0)",3,3.1,3.05,16,1.91637151869,8.34911176876,184,0.0953862104717
10,"[125,200)","[4.75,5.0)",3.1,3.2,3.15,14,1.97920337176,7.07355302631,198,0.102643856921
10,"[125,200)","[4.75,5.0)",3.2,3.3,3.25,13,2.04203522483,6.36619772368,211,0.109383100052
10,"[125,200)","[4.75,5.0)",3.3,3.4,3.35,16,2.10486707791,7.60143011782,227,0.117677553136
10,"[125,200)","[4.75,5.0)",3.4,3.5,3.45,16,2.16769893098,7.38109881006,243,0.125972006221
10,"[125,200)","[4.75,5.0)",3.5,3.6,3.55,11,2.23053078405,4.93156161693,254,0.131674442716
10,"[125,200)","[4.75,5.0)",3.6,3.7,3.65,11,2.29336263712,4.79645033976,265,0.137376879212
10,"[125,200)","[4.75,5.0)",3.7,3.8,3.75,22,2.35619449019,9.33708999472,287,0.148781752203
10,"[125,200)","[4.75,5.0)",3.8,3.9,3.85,12,2.41902634326,4.96067355092,299,0.155002592017
10,"[125,200)","[4.75,5.0)",3.9,4,3.95,16,2.48185819634,6.44678250499,315,0.163297045101
10,"[125,200)","[4.75,5.0)",4,4.1,4.05,22,2.54469004941,8.64545369882,337,0.174701918092
10,"[125,200)","[4.75,5.0)",4.1,4.2,4.15,12,2.60752190248,4.60207064362,349,0.180922757906
10,"[125,200)","[4.75,5.0)",4.2,4.3,4.25,9,2.67035375555,3.37033997136,358,0.185588387766
10,"[125,200)","[4.75,5.0)",4.3,4.4,4.35,11,2.73318560862,4.02460775635,369,0.191290824261
10,"[125,200)","[4.75,5.0)",4.4,4.5,4.45,19,2.79601746169,6.79537959269,388,0.201140487299
10,"[125,200)","[4.75,5.0)",4.5,4.6,4.55,19,2.85884931477,6.64603059065,407,0.210990150337
10,"[125,200)","[4.75,5.0)",4.6,4.7,4.65,17,2.92168116784,5.81856781196,424,0.219803006739
10,"[125,200)","[4.75,5.0)",4.7,4.8,4.75,22,2.98451302091,7.37138683794,446,0.23120787973
10,"[125,200)","[4.75,5.0)",4.8,4.9,4.85,20,3.04734487398,6.56309043678,466,0.241575946086
10,"[125,200)","[4.75,5.0)",4.9,5,4.95,21,3.11017672705,6.75202788875,487,0.252462415759
10,"[125,200)","[4.75,5.0)",5,5.1,5.05,18,3.17300858013,5.67284945674,505,0.26179367548
10,"[125,200)","[4.75,5.0)",5.1,5.2,5.15,16,3.2358404332,4.9446195912,521,0.270088128564
10,"[125,200)","[4.75,5.0)",5.2,5.3,5.25,23,3.29867228627,6.97250226879,544,0.282011404873
10,"[125,200)","[4.75,5.0)",5.3,5.4,5.35,23,3.36150413934,6.84217512358,567,0.293934681182
10,"[125,200)","[4.75,5.0)",5.4,5.5,5.45,15,3.42433599241,4.38041127776,582,0.301710730949
10,"[125,200)","[4.75,5.0)",5.5,5.6,5.55,20,3.48716784548,5.73531326457,602,0.312078797304
10,"[125,200)","[4.75,5.0)",5.6,5.7,5.65,24,3.54999969856,6.76056395435,626,0.324520476931
10,"[125,200)","[4.75,5.0)",5.7,5.8,5.75,15,3.61283155163,4.15186808066,641,0.332296526698
10,"[125,200)","[4.75,5.0)",5.8,5.9,5.85,13,3.6756634047,3.53677651315,654,0.339035769829
10,"[125,200)","[4.75,5.0)",5.9,6,5.95,16,3.73849525777,4.27979678903,670,0.347330222913
10,"[125,200)","[4.75,5.0)",6,6.1,6.05,15,3.80132711084,3.94599032459,685,0.35510627268
10,"[125,200)","[4.75,5.0)",6.1,6.2,6.15,16,3.86415896392,4.14061640564,701,0.363400725765
10,"[125,200)","[4.75,5.0)",6.2,6.3,6.25,18,3.92699081699,4.58366236105,719,0.372731985485
10,"[125,200)","[4.75,5.0)",6.3,6.4,6.35,23,3.98982267006,5.7646672301,742,0.384655261794
10,"[125,200)","[4.75,5.0)",6.4,6.5,6.45,17,4.05265452313,4.19478144583,759,0.393468118196
10,"[125,200)","[4.75,5.0)",6.5,6.6,6.55,18,4.1154863762,4.37372362695,777,0.402799377916
10,"[125,200)","[4.75,5.0)",6.6,6.7,6.65,21,4.17831822927,5.02594557132,798,0.413685847589
10,"[125,200)","[4.75,5.0)",6.7,6.8,6.75,25,4.24115008235,5.89462752192,823,0.426645930534
10,"[125,200)","[4.75,5.0)",6.8,6.9,6.85,19,4.30398193542,4.4145166697,842,0.436495593572
10,"[125,200)","[4.75,5.0)",6.9,7,6.95,17,4.36681378849,3.892998608,859,0.445308449974
10,"[125,200)","[4.75,5.0)",7,7.1,7.05,16,4.42964564156,3.61202707726,875,0.453602903059
10,"[125,200)","[4.75,5.0)",7.1,7.2,7.15,20,4.49247749463,4.45188652005,895,0.463970969414
10,"[125,200)","[4.75,5.0)",7.2,7.3,7.25,28,4.55530934771,6.14667366424,923,0.478486262312
10,"[125,200)","[4.75,5.0)",7.3,7.4,7.35,25,4.61814120078,5.4134334385,948,0.491446345257
10,"[125,200)","[4.75,5.0)",7.4,7.5,7.45,22,4.68097305385,4.69987751412,970,0.502851218248
10,"[125,200)","[4.75,5.0)",7.5,7.6,7.55,24,4.74380490692,5.05922997908,994,0.515292897875
10,"[125,200)","[4.75,5.0)",7.6,7.7,7.65,25,4.80663675999,5.20114193111,1019,0.528252980819
10,"[125,200)","[4.75,5.0)",7.7,7.8,7.75,25,4.86946861306,5.13403042232,1044,0.541213063764
10,"[125,200)","[4.75,5.0)",7.8,7.9,7.85,19,4.93230046614,3.85215785828,1063,0.551062726801
10,"[125,200)","[4.75,5.0)",7.9,8,7.95,25,4.99513231921,5.00487242427,1088,0.564022809746
10,"[125,200)","[4.75,5.0)",8,8.1,8.05,18,5.05796417228,3.55874406914,1106,0.573354069466
10,"[125,200)","[4.75,5.0)",8.1,8.2,8.15,29,5.12079602535,5.66318202413,1135,0.588387765682
10,"[125,200)","[4.75,5.0)",8.2,8.3,8.25,27,5.18362787842,5.20870722846,1162,0.602384655262
10,"[125,200)","[4.75,5.0)",8.3,8.4,8.35,18,5.24645973149,3.43088500078,1180,0.611715914982
10,"[125,200)","[4.75,5.0)",8.4,8.5,8.45,26,5.30929158457,4.89707517206,1206,0.625194401244
10,"[125,200)","[4.75,5.0)",8.5,8.6,8.55,23,5.37212343764,4.28136104224,1229,0.637117677553
10,"[125,200)","[4.75,5.0)",8.6,8.7,8.65,23,5.43495529071,4.23186553886,1252,0.649040953862
10,"[125,200)","[4.75,5.0)",8.7,8.8,8.75,26,5.49778714378,4.72917545187,1278,0.662519440124
10,"[125,200)","[4.75,5.0)",8.8,8.9,8.85,24,5.56061899685,4.31606625334,1302,0.674961119751
10,"[125,200)","[4.75,5.0)",8.9,9,8.95,14,5.62345084993,2.48957452881,1316,0.6822187662
10,"[125,200)","[4.75,5.0)",9,9.1,9.05,28,5.686282703,4.92413083599,1344,0.696734059098
10,"[125,200)","[4.75,5.0)",9.1,9.2,9.15,18,5.74911455607,3.13091691328,1362,0.706065318818
10,"[125,200)","[4.75,5.0)",9.2,9.3,9.25,16,5.81194640914,2.75295036699,1378,0.714359771903
10,"[125,200)","[4.75,5.0)",9.3,9.4,9.35,24,5.87477826221,4.08526057134,1402,0.726801451529
10,"[125,200)","[4.75,5.0)",9.4,9.5,9.45,21,5.93761011528,3.53677651315,1423,0.737687921203
10,"[125,200)","[4.75,5.0)",9.5,9.6,9.55,21,6.00044196836,3.49974220411,1444,0.748574390876
10,"[125,200)","[4.75,5.0)",9.6,9.7,9.65,19,6.06327382143,3.13362064119,1463,0.758424053914
10,"[125,200)","[4.75,5.0)",9.7,9.8,9.75,22,6.1261056745,3.59118845951,1485,0.769828926905
10,"[125,200)","[4.75,5.0)",9.8,9.9,9.85,27,6.18893752757,4.36262280556,1512,0.783825816485
10,"[125,200)","[4.75,5.0)",9.9,10,9.95,16,6.25176938064,2.5592754668,1528,0.79212026957
10,"[125,200)","[4.75,5.0)",10,10.1,10.05,20,6.31460123372,3.16726254909,1548,0.802488335925
10,"[125,200)","[4.75,5.0)",10.1,10.2,10.15,26,6.37743308679,4.07687538955,1574,0.815966822188
10,"[125,200)","[4.75,5.0)",10.2,10.3,10.25,34,6.44026493986,5.27928591719,1608,0.833592534992
10,"[125,200)","[4.75,5.0)",10.3,10.4,10.35,22,6.50309679293,3.38300362128,1630,0.844997407983
10,"[125,200)","[4.75,5.0)",10.4,10.5,10.45,20,6.565928646,3.04602761898,1650,0.855365474339
10,"[125,200)","[4.75,5.0)",10.5,10.6,10.55,16,6.62876049907,2.41372425542,1666,0.863659927424
10,"[125,200)","[4.75,5.0)",10.6,10.7,10.65,18,6.69159235215,2.68994270014,1684,0.872991187144
10,"[125,200)","[4.75,5.0)",10.7,10.8,10.75,27,6.75442420522,3.99737996603,1711,0.886988076724
10,"[125,200)","[4.75,5.0)",10.8,10.9,10.85,26,6.81725605829,3.81385117087,1737,0.900466562986
10,"[125,200)","[4.75,5.0)",10.9,11,10.95,18,6.88008791136,2.61624563987,1755,0.909797822706
10,"[125,200)","[4.75,5.0)",11,11.1,11.05,16,6.94291976443,2.30450596332,1771,0.918092275791
10,"[125,200)","[4.75,5.0)",11.1,11.2,11.15,18,7.00575161751,2.56931746695,1789,0.927423535511
10,"[125,200)","[4.75,5.0)",11.2,11.3,11.25,18,7.06858347058,2.54647908947,1807,0.936754795231
10,"[125,200)","[4.75,5.0)",11.3,11.4,11.35,19,7.13141532365,2.66426776982,1826,0.946604458269
10,"[125,200)","[4.75,5.0)",11.4,11.5,11.45,23,7.19424717672,3.19699885687,1849,0.958527734578
10,"[125,200)","[4.75,5.0)",11.5,11.6,11.55,16,7.25707902979,2.20474380041,1865,0.966822187662
10,"[125,200)","[4.75,5.0)",11.6,11.7,11.65,12,7.31991088286,1.63936422069,1877,0.973043027475
10,"[125,200)","[4.75,5.0)",11.7,11.8,11.75,14,7.38274273594,1.89631421556,1891,0.980300673924
10,"[125,200)","[4.75,5.0)",11.8,11.9,11.85,14,7.44557458901,1.88031156395,1905,0.987558320373
10,"[125,200)","[4.75,5.0)",11.9,12,11.95,24,7.50840644208,3.19641726712,1929,1
11,"[125,200)","[5,6)",0,0.1,0.05,0,0.0314159265359,0,0,0
11,"[125,200)","[5,6)",0.1,0.2,0.15,0,0.0942477796077,0,0,0
11,"[125,200)","[5,6)",0.2,0.3,0.25,1,0.157079632679,6.36619772368,1,0.000677966101695
11,"[125,200)","[5,6)",0.3,0.4,0.35,1,0.219911485751,4.54728408834,2,0.00135593220339
11,"[125,200)","[5,6)",0.4,0.5,0.45,1,0.282743338823,3.53677651315,3,0.00203389830508
11,"[125,200)","[5,6)",0.5,0.6,0.55,3,0.345575191895,8.6811787141,6,0.00406779661017
11,"[125,200)","[5,6)",0.6,0.7,0.65,0,0.408407044967,0,6,0.00406779661017
11,"[125,200)","[5,6)",0.7,0.8,0.75,0,0.471238898038,0,6,0.00406779661017
11,"[125,200)","[5,6)",0.8,0.9,0.85,2,0.53407075111,3.7448221904,8,0.00542372881356
11,"[125,200)","[5,6)",0.9,1,0.95,2,0.596902604182,3.35063038088,10,0.00677966101695
11,"[125,200)","[5,6)",1,1.1,1.05,1,0.659734457254,1.51576136278,11,0.00745762711864
11,"[125,200)","[5,6)",1.1,1.2,1.15,4,0.722566310326,5.53582410754,15,0.0101694915254
11,"[125,200)","[5,6)",1.2,1.3,1.25,4,0.785398163397,5.09295817894,19,0.0128813559322
11,"[125,200)","[5,6)",1.3,1.4,1.35,1,0.848230016469,1.17892550438,20,0.0135593220339
11,"[125,200)","[5,6)",1.4,1.5,1.45,6,0.911061869541,6.58572178311,26,0.0176271186441
11,"[125,200)","[5,6)",1.5,1.6,1.55,7,0.973893722613,7.18764259125,33,0.0223728813559
11,"[125,200)","[5,6)",1.6,1.7,1.65,2,1.03672557568,1.92915082536,35,0.0237288135593
11,"[125,200)","[5,6)",1.7,1.8,1.75,3,1.09955742876,2.728370453,38,0.0257627118644
11,"[125,200)","[5,6)",1.8,1.9,1.85,2,1.16238928183,1.72059397937,40,0.0271186440678
11,"[125,200)","[5,6)",1.9,2,1.95,6,1.2252211349,4.89707517206,46,0.031186440678
11,"[125,200)","[5,6)",2,2.1,2.05,4,1.28805298797,3.10546230423,50,0.0338983050847
11,"[125,200)","[5,6)",2.1,2.2,2.15,6,1.35088484104,4.44153329559,56,0.0379661016949
11,"[125,200)","[5,6)",2.2,2.3,2.25,3,1.41371669412,2.12206590789,59,0.04
11,"[125,200)","[5,6)",2.3,2.4,2.35,8,1.47654854719,5.41804061589,67,0.0454237288136
11,"[125,200)","[5,6)",2.4,2.5,2.45,5,1.53938040026,3.2480600631,72,0.048813559322
11,"[125,200)","[5,6)",2.5,2.6,2.55,7,1.60221225333,4.36895922213,79,0.0535593220339
11,"[125,200)","[5,6)",2.6,2.7,2.65,6,1.6650441064,3.60350814548,85,0.0576271186441
11,"[125,200)","[5,6)",2.7,2.8,2.75,6,1.72787595947,3.47247148564,91,0.0616949152542
11,"[125,200)","[5,6)",2.8,2.9,2.85,3,1.79070781255,1.67531519044,94,0.0637288135593
11,"[125,200)","[5,6)",2.9,3,2.95,12,1.85353966562,6.47409938001,106,0.0718644067797
11,"[125,200)","[5,6)",3,3.1,3.05,8,1.91637151869,4.17455588438,114,0.0772881355932
11,"[125,200)","[5,6)",3.1,3.2,3.15,8,1.97920337176,4.04203030075,122,0.0827118644068
11,"[125,200)","[5,6)",3.2,3.3,3.25,9,2.04203522483,4.40736765485,131,0.088813559322
11,"[125,200)","[5,6)",3.3,3.4,3.35,9,2.10486707791,4.27580444127,140,0.0949152542373
11,"[125,200)","[5,6)",3.4,3.5,3.45,10,2.16769893098,4.61318675629,150,0.101694915254
11,"[125,200)","[5,6)",3.5,3.6,3.55,19,2.23053078405,8.51815188379,169,0.114576271186
11,"[125,200)","[5,6)",3.6,3.7,3.65,11,2.29336263712,4.79645033976,180,0.122033898305
11,"[125,200)","[5,6)",3.7,3.8,3.75,3,2.35619449019,1.27323954474,183,0.12406779661
11,"[125,200)","[5,6)",3.8,3.9,3.85,9,2.41902634326,3.72050516319,192,0.130169491525
11,"[125,200)","[5,6)",3.9,4,3.95,11,2.48185819634,4.43216297218,203,0.137627118644
11,"[125,200)","[5,6)",4,4.1,4.05,14,2.54469004941,5.50165235379,217,0.147118644068
11,"[125,200)","[5,6)",4.1,4.2,4.15,12,2.60752190248,4.60207064362,229,0.155254237288
11,"[125,200)","[5,6)",4.2,4.3,4.25,8,2.67035375555,2.99585775232,237,0.160677966102
11,"[125,200)","[5,6)",4.3,4.4,4.35,10,2.73318560862,3.65873432395,247,0.167457627119
11,"[125,200)","[5,6)",4.4,4.5,4.45,10,2.79601746169,3.5765155751,257,0.174237288136
11,"[125,200)","[5,6)",4.5,4.6,4.55,9,2.85884931477,3.14811975347,266,0.180338983051
11,"[125,200)","[5,6)",4.6,4.7,4.65,12,2.92168116784,4.10722433786,278,0.188474576271
11,"[125,200)","[5,6)",4.7,4.8,4.75,14,2.98451302091,4.69088253323,292,0.197966101695
11,"[125,200)","[5,6)",4.8,4.9,4.85,20,3.04734487398,6.56309043678,312,0.211525423729
11,"[125,200)","[5,6)",4.9,5,4.95,11,3.11017672705,3.53677651315,323,0.218983050847
11,"[125,200)","[5,6)",5,5.1,5.05,18,3.17300858013,5.67284945674,341,0.231186440678
11,"[125,200)","[5,6)",5.1,5.2,5.15,11,3.2358404332,3.39942596895,352,0.238644067797
11,"[125,200)","[5,6)",5.2,5.3,5.25,6,3.29867228627,1.81891363534,358,0.242711864407
11,"[125,200)","[5,6)",5.3,5.4,5.35,13,3.36150413934,3.8673163742,371,0.251525423729
11,"[125,200)","[5,6)",5.4,5.5,5.45,10,3.42433599241,2.92027418517,381,0.258305084746
11,"[125,200)","[5,6)",5.5,5.6,5.55,4,3.48716784548,1.14706265291,385,0.261016949153
11,"[125,200)","[5,6)",5.6,5.7,5.65,20,3.54999969856,5.63380329529,405,0.274576271186
11,"[125,200)","[5,6)",5.7,5.8,5.75,12,3.61283155163,3.32149446453,417,0.282711864407
11,"[125,200)","[5,6)",5.8,5.9,5.85,12,3.6756634047,3.26471678137,429,0.290847457627
11,"[125,200)","[5,6)",5.9,6,5.95,11,3.73849525777,2.94236029246,440,0.298305084746
11,"[125,200)","[5,6)",6,6.1,6.05,13,3.80132711084,3.41985828131,453,0.307118644068
11,"[125,200)","[5,6)",6.1,6.2,6.15,12,3.86415896392,3.10546230423,465,0.315254237288
11,"[125,200)","[5,6)",6.2,6.3,6.25,16,3.92699081699,4.07436654315,481,0.326101694915
11,"[125,200)","[5,6)",6.3,6.4,6.35,16,3.98982267006,4.0102032905,497,0.336949152542
11,"[125,200)","[5,6)",6.4,6.5,6.45,15,4.05265452313,3.70127774632,512,0.347118644068
11,"[125,200)","[5,6)",6.5,6.6,6.55,7,4.1154863762,1.70089252159,519,0.35186440678
11,"[125,200)","[5,6)",6.6,6.7,6.65,16,4.17831822927,3.82929186387,535,0.362711864407
11,"[125,200)","[5,6)",6.7,6.8,6.75,19,4.24115008235,4.47991691666,554,0.375593220339
11,"[125,200)","[5,6)",6.8,6.9,6.85,10,4.30398193542,2.32342982616,564,0.382372881356
11,"[125,200)","[5,6)",6.9,7,6.95,11,4.36681378849,2.5189990993,575,0.389830508475
11,"[125,200)","[5,6)",7,7.1,7.05,14,4.42964564156,3.1605236926,589,0.399322033898
11,"[125,200)","[5,6)",7.1,7.2,7.15,16,4.49247749463,3.56150921604,605,0.410169491525
11,"[125,200)","[5,6)",7.2,7.3,7.25,19,4.55530934771,4.1709571293,624,0.423050847458
11,"[125,200)","[5,6)",7.3,7.4,7.35,17,4.61814120078,3.68113473818,641,0.434576271186
11,"[125,200)","[5,6)",7.4,7.5,7.45,23,4.68097305385,4.91350831022,664,0.450169491525
11,"[125,200)","[5,6)",7.5,7.6,7.55,25,4.74380490692,5.27003122821,689,0.467118644068
11,"[125,200)","[5,6)",7.6,7.7,7.65,17,4.80663675999,3.53677651315,706,0.478644067797
11,"[125,200)","[5,6)",7.7,7.8,7.75,18,4.86946861306,3.69650190407,724,0.490847457627
11,"[125,200)","[5,6)",7.8,7.9,7.85,17,4.93230046614,3.4466675574,741,0.502372881356
11,"[125,200)","[5,6)",7.9,8,7.95,18,4.99513231921,3.60350814548,759,0.514576271186
11,"[125,200)","[5,6)",8,8.1,8.05,21,5.05796417228,4.15186808066,780,0.528813559322
11,"[125,200)","[5,6)",8.1,8.2,8.15,20,5.12079602535,3.90564277526,800,0.542372881356
11,"[125,200)","[5,6)",8.2,8.3,8.25,16,5.18362787842,3.08664132057,816,0.553220338983
11,"[125,200)","[5,6)",8.3,8.4,8.35,16,5.24645973149,3.04967555625,832,0.56406779661
11,"[125,200)","[5,6)",8.4,8.5,8.45,16,5.30929158457,3.01358472127,848,0.574915254237
11,"[125,200)","[5,6)",8.5,8.6,8.55,29,5.37212343764,5.39823783587,877,0.594576271186
11,"[125,200)","[5,6)",8.6,8.7,8.65,25,5.43495529071,4.59985384659,902,0.611525423729
11,"[125,200)","[5,6)",8.7,8.8,8.75,13,5.49778714378,2.36458772594,915,0.620338983051
11,"[125,200)","[5,6)",8.8,8.9,8.85,15,5.56061899685,2.69754140834,930,0.630508474576
11,"[125,200)","[5,6)",8.9,9,8.95,23,5.62345084993,4.09001529733,953,0.646101694915
11,"[125,200)","[5,6)",9,9.1,9.05,18,5.686282703,3.16551268028,971,0.658305084746
11,"[125,200)","[5,6)",9.1,9.2,9.15,18,5.74911455607,3.13091691328,989,0.670508474576
11,"[125,200)","[5,6)",9.2,9.3,9.25,22,5.81194640914,3.78530675462,1011,0.685423728814
11,"[125,200)","[5,6)",9.3,9.4,9.35,25,5.87477826221,4.25547976182,1036,0.702372881356
11,"[125,200)","[5,6)",9.4,9.5,9.45,24,5.93761011528,4.04203030075,1060,0.718644067797
11,"[125,200)","[5,6)",9.5,9.6,9.55,20,6.00044196836,3.33308781344,1080,0.732203389831
11,"[125,200)","[5,6)",9.6,9.7,9.65,15,6.06327382143,2.47391103252,1095,0.742372881356
11,"[125,200)","[5,6)",9.7,9.8,9.75,14,6.1261056745,2.28530174696,1109,0.75186440678
11,"[125,200)","[5,6)",9.8,9.9,9.85,18,6.18893752757,2.90841520371,1127,0.76406779661
11,"[125,200)","[5,6)",9.9,10,9.95,23,6.25176938064,3.67895848353,1150,0.779661016949
11,"[125,200)","[5,6)",10,10.1,10.05,10,6.31460123372,1.58363127455,1160,0.786440677966
11,"[125,200)","[5,6)",10.1,10.2,10.15,18,6.37743308679,2.82245219276,1178,0.798644067797
11,"[125,200)","[5,6)",10.2,10.3,10.25,19,6.44026493986,2.95018918902,1197,0.811525423729
11,"[125,200)","[5,6)",10.3,10.4,10.35,12,6.50309679293,1.84527470251,1209,0.819661016949
11,"[125,200)","[5,6)",10.4,10.5,10.45,18,6.565928646,2.74142485709,1227,0.83186440678
11,"[125,200)","[5,6)",10.5,10.6,10.55,24,6.62876049907,3.62058638313,1251,0.84813559322
11,"[125,200)","[5,6)",10.6,10.7,10.65,29,6.69159235215,4.33379657246,1280,0.867796610169
11,"[125,200)","[5,6)",10.7,10.8,10.75,16,6.75442420522,2.36881775765,1296,0.878644067797
11,"[125,200)","[5,6)",10.8,10.9,10.85,13,6.81725605829,1.90692558543,1309,0.887457627119
11,"[125,200)","[5,6)",10.9,11,10.95,14,6.88008791136,2.0348577199,1323,0.896949152542
11,"[125,200)","[5,6)",11,11.1,11.05,23,6.94291976443,3.31272732227,1346,0.912542372881
11,"[125,200)","[5,6)",11.1,11.2,11.15,10,7.00575161751,1.42739859275,1356,0.919322033898
11,"[125,200)","[5,6)",11.2,11.3,11.25,14,7.06858347058,1.98059484737,1370,0.928813559322
11,"[125,200)","[5,6)",11.3,11.4,11.35,17,7.13141532365,2.38381853089,1387,0.940338983051
11,"[125,200)","[5,6)",11.4,11.5,11.45,16,7.19424717672,2.22399920478,1403,0.951186440678
11,"[125,200)","[5,6)",11.5,11.6,11.55,21,7.25707902979,2.89372623803,1424,0.965423728814
11,"[125,200)","[5,6)",11.6,11.7,11.65,13,7.31991088286,1.77597790575,1437,0.974237288136
11,"[125,200)","[5,6)",11.7,11.8,11.75,14,7.38274273594,1.89631421556,1451,0.983728813559
11,"[125,200)","[5,6)",11.8,11.9,11.85,13,7.44557458901,1.7460035951,1464,0.992542372881
11,"[125,200)","[5,6)",11.9,12,11.95,11,7.50840644208,1.46502458076,1475,1
12,"[125,200)",>=6,0,0.1,0.05,0,0.0314159265359,0,0,0
12,"[125,200)",>=6,0.1,0.2,0.15,0,0.0942477796077,0,0,0
12,"[125,200)",>=6,0.2,0.3,0.25,0,0.157079632679,0,0,0
12,"[125,200)",>=6,0.3,0.4,0.35,0,0.219911485751,0,0,0
12,"[125,200)",>=6,0.4,0.5,0.45,0,0.282743338823,0,0,0
12,"[125,200)",>=6,0.5,0.6,0.55,0,0.345575191895,0,0,0
12,"[125,200)",>=6,0.6,0.7,0.65,0,0.408407044967,0,0,0
12,"[125,200)",>=6,0.7,0.8,0.75,0,0.471238898038,0,0,0
12,"[125,200)",>=6,0.8,0.9,0.85,0,0.53407075111,0,0,0
12,"[125,200)",>=6,0.9,1,0.95,0,0.596902604182,0,0,0
12,"[125,200)",>=6,1,1.1,1.05,0,0.659734457254,0,0,0
12,"[125,200)",>=6,1.1,1.2,1.15,0,0.722566310326,0,0,0
12,"[125,200)",>=6,1.2,1.3,1.25,0,0.785398163397,0,0,0
12,"[125,200)",>=6,1.3,1.4,1.35,0,0.848230016469,0,0,0
12,"[125,200)",>=6,1.4,1.5,1.45,0,0.911061869541,0,0,0
12,"[125,200)",>=6,1.5,1.6,1.55,0,0.973893722613,0,0,0
12,"[125,200)",>=6,1.6,1.7,1.65,0,1.03672557568,0,0,0
12,"[125,200)",>=6,1.7,1.8,1.75,0,1.09955742876,0,0,0
12,"[125,200)",>=6,1.8,1.9,1.85,0,1.16238928183,0,0,0
12,"[125,200)",>=6,1.9,2,1.95,1,1.2252211349,0.816179195343,1,0.125
12,"[125,200)",>=6,2,2.1,2.05,0,1.28805298797,0,1,0.125
12,"[125,200)",>=6,2.1,2.2,2.15,0,1.35088484104,0,1,0.125
12,"[125,200)",>=6,2.2,2.3,2.25,0,1.41371669412,0,1,0.125
12,"[125,200)",>=6,2.3,2.4,2.35,0,1.47654854719,0,1,0.125
12,"[125,200)",>=6,2.4,2.5,2.45,0,1.53938040026,0,1,0.125
12,"[125,200)",>=6,2.5,2.6,2.55,0,1.60221225333,0,1,0.125
12,"[125,200)",>=6,2.6,2.7,2.65,0,1.6650441064,0,1,0.125
12,"[125,200)",>=6,2.7,2.8,2.75,0,1.72787595947,0,1,0.125
12,"[125,200)",>=6,2.8,2.9,2.85,0,1.79070781255,0,1,0.125
12,"[125,200)",>=6,2.9,3,2.95,0,1.85353966562,0,1,0.125
12,"[125,200)",>=6,3,3.1,3.05,0,1.91637151869,0,1,0.125
12,"[125,200)",>=6,3.1,3.2,3.15,0,1.97920337176,0,1,0.125
12,"[125,200)",>=6,3.2,3.3,3.25,0,2.04203522483,0,1,0.125
12,"[125,200)",>=6,3.3,3.4,3.35,1,2.10486707791,0.475089382364,2,0.25
12,"[125,200)",>=6,3.4,3.5,3.45,0,2.16769893098,0,2,0.25
12,"[125,200)",>=6,3.5,3.6,3.55,0,2.23053078405,0,2,0.25
12,"[125,200)",>=6,3.6,3.7,3.65,0,2.29336263712,0,2,0.25
12,"[125,200)",>=6,3.7,3.8,3.75,0,2.35619449019,0,2,0.25
12,"[125,200)",>=6,3.8,3.9,3.85,0,2.41902634326,0,2,0.25
12,"[125,200)",>=6,3.9,4,3.95,0,2.48185819634,0,2,0.25
12,"[125,200)",>=6,4,4.1,4.05,0,2.54469004941,0,2,0.25
12,"[125,200)",>=6,4.1,4.2,4.15,0,2.60752190248,0,2,0.25
12,"[125,200)",>=6,4.2,4.3,4.25,0,2.67035375555,0,2,0.25
12,"[125,200)",>=6,4.3,4.4,4.35,0,2.73318560862,0,2,0.25
12,"[125,200)",>=6,4.4,4.5,4.45,0,2.79601746169,0,2,0.25
12,"[125,200)",>=6,4.5,4.6,4.55,0,2.85884931477,0,2,0.25
12,"[125,200)",>=6,4.6,4.7,4.65,0,2.92168116784,0,2,0.25
12,"[125,200)",>=6,4.7,4.8,4.75,0,2.98451302091,0,2,0.25
12,"[125,200)",>=6,4.8,4.9,4.85,0,3.04734487398,0,2,0.25
12,"[125,200)",>=6,4.9,5,4.95,0,3.11017672705,0,2,0.25
12,"[125,200)",>=6,5,5.1,5.05,0,3.17300858013,0,2,0.25
12,"[125,200)",>=6,5.1,5.2,5.15,0,3.2358404332,0,2,0.25
12,"[125,200)",>=6,5.2,5.3,5.25,0,3.29867228627,0,2,0.25
12,"[125,200)",>=6,5.3,5.4,5.35,0,3.36150413934,0,2,0.25
12,"[125,200)",>=6,5.4,5.5,5.45,0,3.42433599241,0,2,0.25
12,"[125,200)",>=6,5.5,5.6,5.55,0,3.48716784548,0,2,0.25
12,"[125,200)",>=6,5.6,5.7,5.65,0,3.54999969856,0,2,0.25
12,"[125,200)",>=6,5.7,5.8,5.75,0,3.61283155163,0,2,0.25
12,"[125,200)",>=6,5.8,5.9,5.85,0,3.6756634047,0,2,0.25
12,"[125,200)",>=6,5.9,6,5.95,0,3.73849525777,0,2,0.25
12,"[125,200)",>=6,6,6.1,6.05,0,3.80132711084,0,2,0.25
12,"[125,200)",>=6,6.1,6.2,6.15,0,3.86415896392,0,2,0.25
12,"[125,200)",>=6,6.2,6.3,6.25,0,3.92699081699,0,2,0.25
12,"[125,200)",>=6,6.3,6.4,6.35,0,3.98982267006,0,2,0.25
12,"[125,200)",>=6,6.4,6.5,6.45,0,4.05265452313,0,2,0.25
12,"[125,200)",>=6,6.5,6.6,6.55,0,4.1154863762,0,2,0.25
12,"[125,200)",>=6,6.6,6.7,6.65,0,4.17831822927,0,2,0.25
12,"[125,200)",>=6,6.7,6.8,6.75,0,4.24115008235,0,2,0.25
12,"[125,200)",>=6,6.8,6.9,6.85,0,4.30398193542,0,2,0.25
12,"[125,200)",>=6,6.9,7,6.95,0,4.36681378849,0,2,0.25
12,"[125,200)",>=6,7,7.1,7.05,0,4.42964564156,0,2,0.25
12,"[125,200)",>=6,7.1,7.2,7.15,0,4.49247749463,0,2,0.25
12,"[125,200)",>=6,7.2,7.3,7.25,0,4.55530934771,0,2,0.25
12,"[125,200)",>=6,7.3,7.4,7.35,0,4.61814120078,0,2,0.25
12,"[125,200)",>=6,7.4,7.5,7.45,1,4.68097305385,0.213630796097,3,0.375
12,"[125,200)",>=6,7.5,7.6,7.55,0,4.74380490692,0,3,0.375
12,"[125,200)",>=6,7.6,7.7,7.65,0,4.80663675999,0,3,0.375
12,"[125,200)",>=6,7.7,7.8,7.75,0,4.86946861306,0,3,0.375
12,"[125,200)",>=6,7.8,7.9,7.85,0,4.93230046614,0,3,0.375
12,"[125,200)",>=6,7.9,8,7.95,0,4.99513231921,0,3,0.375
12,"[125,200)",>=6,8,8.1,8.05,0,5.05796417228,0,3,0.375
12,"[125,200)",>=6,8.1,8.2,8.15,0,5.12079602535,0,3,0.375
12,"[125,200)",>=6,8.2,8.3,8.25,1,5.18362787842,0.192915082536,4,0.5
12,"[125,200)",>=6,8.3,8.4,8.35,0,5.24645973149,0,4,0.5
12,"[125,200)",>=6,8.4,8.5,8.45,0,5.30929158457,0,4,0.5
12,"[125,200)",>=6,8.5,8.6,8.55,0,5.37212343764,0,4,0.5
12,"[125,200)",>=6,8.6,8.7,8.65,0,5.43495529071,0,4,0.5
12,"[125,200)",>=6,8.7,8.8,8.75,1,5.49778714378,0.181891363534,5,0.625
12,"[125,200)",>=6,8.8,8.9,8.85,1,5.56061899685,0.179836093889,6,0.75
12,"[125,200)",>=6,8.9,9,8.95,0,5.62345084993,0,6,0.75
12,"[125,200)",>=6,9,9.1,9.05,0,5.686282703,0,6,0.75
12,"[125,200)",>=6,9.1,9.2,9.15,0,5.74911455607,0,6,0.75
12,"[125,200)",>=6,9.2,9.3,9.25,0,5.81194640914,0,6,0.75
12,"[125,200)",>=6,9.3,9.4,9.35,0,5.87477826221,0,6,0.75
12,"[125,200)",>=6,9.4,9.5,9.45,0,5.93761011528,0,6,0.75
12,"[125,200)",>=6,9.5,9.6,9.55,0,6.00044196836,0,6,0.75
12,"[125,200)",>=6,9.6,9.7,9.65,0,6.06327382143,0,6,0.75
12,"[125,200)",>=6,9.7,9.8,9.75,0,6.1261056745,0,6,0.75
12,"[125,200)",>=6,9.8,9.9,9.85,0,6.18893752757,0,6,0.75
12,"[125,200)",>=6,9.9,10,9.95,0,6.25176938064,0,6,0.75
12,"[125,200)",>=6,10,10.1,10.05,1,6.31460123372,0.158363127455,7,0.875
12,"[125,200)",>=6,10.1,10.2,10.15,0,6.37743308679,0,7,0.875
12,"[125,200)",>=6,10.2,10.3,10.25,0,6.44026493986,0,7,0.875
12,"[125,200)",>=6,10.3,10.4,10.35,0,6.50309679293,0,7,0.875
12,"[125,200)",>=6,10.4,10.5,10.45,0,6.565928646,0,7,0.875
12,"[125,200)",>=6,10.5,10.6,10.55,0,6.62876049907,0,7,0.875
12,"[125,200)",>=6,10.6,10.7,10.65,0,6.69159235215,0,7,0.875
12,"[125,200)",>=6,10.7,10.8,10.75,0,6.75442420522,0,7,0.875
12,"[125,200)",>=6,10.8,10.9,10.85,0,6.81725605829,0,7,0.875
12,"[125,200)",>=6,10.9,11,10.95,0,6.88008791136,0,7,0.875
12,"[125,200)",>=6,11,11.1,11.05,1,6.94291976443,0.144031622708,8,1
12,"[125,200)",>=6,11.1,11.2,11.15,0,7.00575161751,0,8,1
12,"[125,200)",>=6,11.2,11.3,11.25,0,7.06858347058,0,8,1
12,"[125,200)",>=6,11.3,11.4,11.35,0,7.13141532365,0,8,1
12,"[125,200)",>=6,11.4,11.5,11.45,0,7.19424717672,0,8,1
12,"[125,200)",>=6,11.5,11.6,11.55,0,7.25707902979,0,8,1
12,"[125,200)",>=6,11.6,11.7,11.65,0,7.31991088286,0,8,1
12,"[125,200)",>=6,11.7,11.8,11.75,0,7.38274273594,0,8,1
12,"[125,200)",>=6,11.8,11.9,11.85,0,7.44557458901,0,8,1
12,"[125,200)",>=6,11.9,12,11.95,0,7.50840644208,0,8,1
13,"[200,300)","[2,2.5)",0,0.1,0.05,25,0.0314159265359,795.774715459,25,0.000299018024807
13,"[200,300)","[2,2.5)",0.1,0.2,0.15,62,0.0942477796077,657.840431447,87,0.00104058272633
13,"[200,300)","[2,2.5)",0.2,0.3,0.25,99,0.157079632679,630.253574644,186,0.00222469410456
13,"[200,300)","[2,2.5)",0.3,0.4,0.35,137,0.219911485751,622.977920103,323,0.0038633128805
13,"[200,300)","[2,2.5)",0.4,0.5,0.45,171,0.282743338823,604.788783749,494,0.00590859617018
13,"[200,300)","[2,2.5)",0.5,0.6,0.55,215,0.345575191895,622.151141177,709,0.00848015118351
13,"[200,300)","[2,2.5)",0.6,0.7,0.65,233,0.408407044967,570.509257545,942,0.0112669991747
13,"[200,300)","[2,2.5)",0.7,0.8,0.75,267,0.471238898038,566.591597407,1209,0.0144605116796
13,"[200,300)","[2,2.5)",0.8,0.9,0.85,324,0.53407075111,606.661194844,1533,0.0183357852811
13,"[200,300)","[2,2.5)",0.9,1,0.95,317,0.596902604182,531.07491537,1850,0.0221273338357
13,"[200,300)","[2,2.5)",1,1.1,1.05,368,0.659734457254,557.800181503,2218,0.0265288791608
13,"[200,300)","[2,2.5)",1.1,1.2,1.15,394,0.722566310326,545.278674593,2612,0.0312414032318
13,"[200,300)","[2,2.5)",1.2,1.3,1.25,425,0.785398163397,541.126806512,3037,0.0363247096535
13,"[200,300)","[2,2.5)",1.3,1.4,1.35,481,0.848230016469,567.063167609,3518,0.0420778164508
13,"[200,300)","[2,2.5)",1.4,1.5,1.45,515,0.911061869541,565.274453051,4033,0.0482375877618
13,"[200,300)","[2,2.5)",1.5,1.6,1.55,515,0.973893722613,528.805133499,4548,0.0543973590728
13,"[200,300)","[2,2.5)",1.6,1.7,1.65,554,1.03672557568,534.374778624,5102,0.0610235985025
13,"[200,300)","[2,2.5)",1.7,1.8,1.75,564,1.09955742876,512.933645165,5666,0.0677694451422
13,"[200,300)","[2,2.5)",1.8,1.9,1.85,633,1.16238928183,544.567994471,6299,0.0753405815303
13,"[200,300)","[2,2.5)",1.9,2,1.95,659,1.2252211349,537.862089731,6958,0.0832226966642
13,"[200,300)","[2,2.5)",2,2.1,2.05,728,1.28805298797,565.19413937,7686,0.0919301015465
13,"[200,300)","[2,2.5)",2.1,2.2,2.15,739,1.35088484104,547.048850907,8425,0.10076907436
13,"[200,300)","[2,2.5)",2.2,2.3,2.25,777,1.41371669412,549.615070144,9202,0.110062554571
13,"[200,300)","[2,2.5)",2.3,2.4,2.35,773,1.47654854719,523.518174511,9975,0.119308191898
13,"[200,300)","[2,2.5)",2.4,2.5,2.45,883,1.53938040026,573.607407143,10858,0.129869508534
13,"[200,300)","[2,2.5)",2.5,2.6,2.55,890,1.60221225333,555.481958242,11748,0.140514550217
13,"[200,300)","[2,2.5)",2.6,2.7,2.65,959,1.6650441064,575.960718585,12707,0.151984881649
13,"[200,300)","[2,2.5)",2.7,2.8,2.75,1001,1.72787595947,579.323992854,13708,0.163957563362
13,"[200,300)","[2,2.5)",2.8,2.9,2.85,1058,1.79070781255,590.827823829,14766,0.176612006172
13,"[200,300)","[2,2.5)",2.9,3,2.95,1016,1.85353966562,548.140414174,15782,0.1887640987
13,"[200,300)","[2,2.5)",3,3.1,3.05,1065,1.91637151869,555.737752108,16847,0.201502266557
13,"[200,300)","[2,2.5)",3.1,3.2,3.15,1046,1.97920337176,528.495461823,17893,0.214013180715
13,"[200,300)","[2,2.5)",3.2,3.3,3.25,1116,2.04203522483,546.513589202,19009,0.227361345342
13,"[200,300)","[2,2.5)",3.3,3.4,3.35,1186,2.10486707791,563.456007484,20195,0.241546760439
13,"[200,300)","[2,2.5)",3.4,3.5,3.45,1136,2.16769893098,524.058015514,21331,0.255134139486
13,"[200,300)","[2,2.5)",3.5,3.6,3.55,1192,2.23053078405,534.401949762,22523,0.269391318909
13,"[200,300)","[2,2.5)",3.6,3.7,3.65,1255,2.29336263712,547.231379672,23778,0.284402023754
13,"[200,300)","[2,2.5)",3.7,3.8,3.75,1279,2.35619449019,542.824459239,25057,0.299699785903
13,"[200,300)","[2,2.5)",3.8,3.9,3.85,1269,2.41902634326,524.591228009,26326,0.314877940842
13,"[200,300)","[2,2.5)",3.9,4,3.95,1328,2.48185819634,535.082947914,27654,0.33076177832
13,"[200,300)","[2,2.5)",4,4.1,4.05,1368,2.54469004941,537.590029999,29022,0.347124044637
13,"[200,300)","[2,2.5)",4.1,4.2,4.15,1374,2.60752190248,526.937088695,30396,0.363558075281
13,"[200,300)","[2,2.5)",4.2,4.3,4.25,1441,2.67035375555,539.628877636,31837,0.380793474231
13,"[200,300)","[2,2.5)",4.3,4.4,4.35,1443,2.73318560862,527.955362946,33280,0.398052794622
13,"[200,300)","[2,2.5)",4.4,4.5,4.45,1559,2.79601746169,557.578778158,34839,0.416699558649
13,"[200,300)","[2,2.5)",4.5,4.6,4.55,1551,2.85884931477,542.525970847,36390,0.435250636908
13,"[200,300)","[2,2.5)",4.6,4.7,4.65,1529,2.92168116784,523.328834382,37919,0.453538579306
13,"[200,300)","[2,2.5)",4.7,4.8,4.75,1668,2.98451302091,558.885147531,39587,0.473489061921
13,"[200,300)","[2,2.5)",4.8,4.9,4.85,1657,3.04734487398,543.752042687,41244,0.493307976605
13,"[200,300)","[2,2.5)",4.9,5,4.95,1689,3.11017672705,543.055957338,42933,0.513509634361
13,"[200,300)","[2,2.5)",5,5.1,5.05,1713,3.17300858013,539.8661733,44646,0.533998349421
13,"[200,300)","[2,2.5)",5.1,5.2,5.15,1686,3.2358404332,521.039289423,46332,0.554164125013
13,"[200,300)","[2,2.5)",5.2,5.3,5.25,1696,3.29867228627,514.146254255,48028,0.574449507816
13,"[200,300)","[2,2.5)",5.3,5.4,5.35,1735,3.36150413934,516.137993018,49763,0.595201358738
13,"[200,300)","[2,2.5)",5.4,5.5,5.45,1779,3.42433599241,519.516777542,51542,0.616479481383
13,"[200,300)","[2,2.5)",5.5,5.6,5.55,1821,3.48716784548,522.200272739,53363,0.63825995431
13,"[200,300)","[2,2.5)",5.6,5.7,5.65,1738,3.54999969856,489.577506361,55101,0.659047687395
13,"[200,300)","[2,2.5)",5.7,5.8,5.75,1783,3.61283155163,493.518719188,56884,0.680373652924
13,"[200,300)","[2,2.5)",5.8,5.9,5.85,1882,3.6756634047,512.016415212,58766,0.702883729831
13,"[200,300)","[2,2.5)",5.9,6,5.95,1865,3.73849525777,498.863813221,60631,0.725190474482
13,"[200,300)","[2,2.5)",6,6.1,6.05,1852,3.80132711084,487.198272076,62483,0.747341729759
13,"[200,300)","[2,2.5)",6.1,6.2,6.15,1818,3.86415896392,470.477539091,64301,0.769086320523
13,"[200,300)","[2,2.5)",6.2,6.3,6.25,1779,3.92699081699,453.018630017,66080,0.790364443169
13,"[200,300)","[2,2.5)",6.3,6.4,6.35,1768,3.98982267006,443.127463601,67848,0.811510997883
13,"[200,300)","[2,2.5)",6.4,6.5,6.45,1709,4.05265452313,421.698911231,69557,0.831951870059
13,"[200,300)","[2,2.5)",6.5,6.6,6.55,1703,4.1154863762,413.802852039,71260,0.852320977909
13,"[200,300)","[2,2.5)",6.6,6.7,6.65,1582,4.17831822927,378.62123304,72842,0.871242838518
13,"[200,300)","[2,2.5)",6.7,6.8,6.75,1439,4.24115008235,339.294760162,74281,0.888454316026
13,"[200,300)","[2,2.5)",6.8,6.9,6.85,1328,4.30398193542,308.551480914,75609,0.904338153504
13,"[200,300)","[2,2.5)",6.9,7,6.95,1106,4.36681378849,253.273909438,76715,0.917566710921
13,"[200,300)","[2,2.5)",7,7.1,7.05,997,4.42964564156,225.074437252,77712,0.929491549751
13,"[200,300)","[2,2.5)",7.1,7.2,7.15,886,4.49247749463,197.218572838,78598,0.94008874855
13,"[200,300)","[2,2.5)",7.2,7.3,7.25,705,4.55530934771,154.764461903,79303,0.948521056849
13,"[200,300)","[2,2.5)",7.3,7.4,7.35,609,4.61814120078,131.871238562,79912,0.955805135934
13,"[200,300)","[2,2.5)",7.4,7.5,7.45,517,4.68097305385,110.447121582,80429,0.961988828687
13,"[200,300)","[2,2.5)",7.5,7.6,7.55,373,4.74380490692,78.6288659249,80802,0.966450177617
13,"[200,300)","[2,2.5)",7.6,7.7,7.65,338,4.80663675999,70.3194389086,81140,0.970492901312
13,"[200,300)","[2,2.5)",7.7,7.8,7.75,256,4.86946861306,52.5724715245,81396,0.973554845886
13,"[200,300)","[2,2.5)",7.8,7.9,7.85,228,4.93230046614,46.2258942993,81624,0.976281890272
13,"[200,300)","[2,2.5)",7.9,8,7.95,175,4.99513231921,35.0341069699,81799,0.978375016446
13,"[200,300)","[2,2.5)",8,8.1,8.05,165,5.05796417228,32.6218206337,81964,0.98034853541
13,"[200,300)","[2,2.5)",8.1,8.2,8.15,127,5.12079602535,24.8008316229,82091,0.981867546976
13,"[200,300)","[2,2.5)",8.2,8.3,8.25,111,5.18362787842,21.4135741615,82202,0.983195187006
13,"[200,300)","[2,2.5)",8.3,8.4,8.35,106,5.24645973149,20.2041005602,82308,0.984463023431
13,"[200,300)","[2,2.5)",8.4,8.5,8.45,81,5.30929158457,15.2562726514,82389,0.985431841831
13,"[200,300)","[2,2.5)",8.5,8.6,8.55,68,5.37212343764,12.6579369944,82457,0.986245170859
13,"[200,300)","[2,2.5)",8.6,8.7,8.65,58,5.43495529071,10.6716609241,82515,0.986938892676
13,"[200,300)","[2,2.5)",8.7,8.8,8.75,55,5.49778714378,10.0040249943,82570,0.987596732331
13,"[200,300)","[2,2.5)",8.8,8.9,8.85,60,5.56061899685,10.7901656333,82630,0.988314375591
13,"[200,300)","[2,2.5)",8.9,9,8.95,49,5.62345084993,8.71351085084,82679,0.988900450919
13,"[200,300)","[2,2.5)",9,9.1,9.05,41,5.686282703,7.21033443842,82720,0.98939084048
13,"[200,300)","[2,2.5)",9.1,9.2,9.15,46,5.74911455607,8.00123211172,82766,0.989941033646
13,"[200,300)","[2,2.5)",9.2,9.3,9.25,41,5.81194640914,7.05443531542,82807,0.990431423206
13,"[200,300)","[2,2.5)",9.3,9.4,9.35,30,5.87477826221,5.10657571418,82837,0.990790244836
13,"[200,300)","[2,2.5)",9.4,9.5,9.45,29,5.93761011528,4.88411994674,82866,0.991137105745
13,"[200,300)","[2,2.5)",9.5,9.6,9.55,23,6.00044196836,3.83305098546,82889,0.991412202328
13,"[200,300)","[2,2.5)",9.6,9.7,9.65,36,6.06327382143,5.93738647804,82925,0.991842788283
13,"[200,300)","[2,2.5)",9.7,9.8,9.75,35,6.1261056745,5.7132543674,82960,0.992261413518
13,"[200,300)","[2,2.5)",9.8,9.9,9.85,37,6.18893752757,5.97840902985,82997,0.992703960195
13,"[200,300)","[2,2.5)",9.9,10,9.95,27,6.25176938064,4.31877735023,83024,0.993026899662
13,"[200,300)","[2,2.5)",10,10.1,10.05,45,6.31460123372,7.12634073546,83069,0.993565132106
13,"[200,300)","[2,2.5)",10.1,10.2,10.15,24,6.37743308679,3.76326959035,83093,0.99385218941
13,"[200,300)","[2,2.5)",10.2,10.3,10.25,25,6.44026493986,3.88182788029,83118,0.994151207435
13,"[200,300)","[2,2.5)",10.3,10.4,10.35,35,6.50309679293,5.38205121567,83153,0.99456983267
13,"[200,300)","[2,2.5)",10.4,10.5,10.45,23,6.565928646,3.50293176183,83176,0.994844929252
13,"[200,300)","[2,2.5)",10.5,10.6,10.55,27,6.62876049907,4.07315968102,83203,0.995167868719
13,"[200,300)","[2,2.5)",10.6,10.7,10.65,31,6.69159235215,4.63267909469,83234,0.99553865107
13,"[200,300)","[2,2.5)",10.7,10.8,10.75,29,6.75442420522,4.29348218573,83263,0.995885511979
13,"[200,300)","[2,2.5)",10.8,10.9,10.85,20,6.81725605829,2.9337316699,83283,0.996124726399
13,"[200,300)","[2,2.5)",10.9,11,10.95,29,6.88008791136,4.21506241979,83312,0.996471587307
13,"[200,300)","[2,2.5)",11,11.1,11.05,28,6.94291976443,4.03288543581,83340,0.996806487495
13,"[200,300)","[2,2.5)",11.1,11.2,11.15,33,7.00575161751,4.71041535608,83373,0.997201191288
13,"[200,300)","[2,2.5)",11.2,11.3,11.25,31,7.06858347058,4.38560287631,83404,0.997571973639
13,"[200,300)","[2,2.5)",11.3,11.4,11.35,29,7.13141532365,4.06651396446,83433,0.997918834547
13,"[200,300)","[2,2.5)",11.4,11.5,11.45,20,7.19424717672,2.77999900597,83453,0.998158048967
13,"[200,300)","[2,2.5)",11.5,11.6,11.55,28,7.25707902979,3.85830165071,83481,0.998492949155
13,"[200,300)","[2,2.5)",11.6,11.7,11.65,28,7.31991088286,3.82518318161,83509,0.998827849343
13,"[200,300)","[2,2.5)",11.7,11.8,11.75,22,7.38274273594,2.97992233874,83531,0.999090985205
13,"[200,300)","[2,2.5)",11.8,11.9,11.85,32,7.44557458901,4.29785500333,83563,0.999473728276
13,"[200,300)","[2,2.5)",11.9,12,11.95,44,7.50840644208,5.86009832305,83607,1
14,"[200,300)","[2.5,3)",0,0.1,0.05,420,0.0314159265359,13369.0152197,420,0.000319124444097
14,"[200,300)","[2.5,3)",0.1,0.2,0.15,1190,0.0942477796077,12626.292152,1610,0.00122331036904
14,"[200,300)","[2.5,3)",0.2,0.3,0.25,1821,0.157079632679,11592.8460548,3431,0.00260694278023
14,"[200,300)","[2.5,3)",0.3,0.4,0.35,2454,0.219911485751,11159.0351528,5885,0.00447154131788
14,"[200,300)","[2.5,3)",0.4,0.5,0.45,2919,0.282743338823,10323.8506419,8804,0.00668945620435
14,"[200,300)","[2.5,3)",0.5,0.6,0.55,3343,0.345575191895,9673.72681375,12147,0.00922953481534
14,"[200,300)","[2.5,3)",0.6,0.7,0.65,3761,0.408407044967,9208.94986106,15908,0.0120872182302
14,"[200,300)","[2.5,3)",0.7,0.8,0.75,4198,0.471238898038,8908.43268133,20106,0.015276943031
14,"[200,300)","[2.5,3)",0.8,0.9,0.85,4730,0.53407075111,8856.50448029,24836,0.0188708921276
14,"[200,300)","[2.5,3)",0.9,1,0.95,5251,0.596902604182,8797.08006501,30087,0.0228607074989
14,"[200,300)","[2.5,3)",1,1.1,1.05,5658,0.659734457254,8576.17779061,35745,0.0271597696529
14,"[200,300)","[2.5,3)",1.1,1.2,1.15,6183,0.722566310326,8557.00011424,41928,0.0318577373621
14,"[200,300)","[2.5,3)",1.2,1.3,1.25,6825,0.785398163397,8689.85989282,48753,0.0370435095787
14,"[200,300)","[2.5,3)",1.3,1.4,1.35,7319,0.848230016469,8628.55576659,56072,0.0426046329271
14,"[200,300)","[2.5,3)",1.4,1.5,1.45,8018,0.911061869541,8800.71954283,64090,0.0486968705289
14,"[200,300)","[2.5,3)",1.5,1.6,1.55,8328,0.973893722613,8551.24107141,72418,0.0550246523633
14,"[200,300)","[2.5,3)",1.6,1.7,1.65,8890,1.03672557568,8575.07541871,81308,0.0617794530967
14,"[200,300)","[2.5,3)",1.7,1.8,1.75,9492,1.09955742876,8632.5641133,90800,0.0689916655333
14,"[200,300)","[2.5,3)",1.8,1.9,1.85,9873,1.16238928183,8493.71217917,100673,0.0764933694299
14,"[200,300)","[2.5,3)",1.9,2,1.95,10657,1.2252211349,8698.02168477,111330,0.0845907722888
14,"[200,300)","[2.5,3)",2,2.1,2.05,10711,1.28805298797,8315.65168516,122041,0.0927292054333
14,"[200,300)","[2.5,3)",2.1,2.2,2.15,11677,1.35088484104,8643.96404876,133718,0.101601624799
14,"[200,300)","[2.5,3)",2.2,2.3,2.25,11983,1.41371669412,8476.23859142,145701,0.110706549117
14,"[200,300)","[2.5,3)",2.3,2.4,2.35,12582,1.47654854719,8521.22337865,158283,0.120266605678
14,"[200,300)","[2.5,3)",2.4,2.5,2.45,13045,1.53938040026,8474.18870463,171328,0.130178458948
14,"[200,300)","[2.5,3)",2.5,2.6,2.55,13532,1.60221225333,8445.82231341,184860,0.140460344609
14,"[200,300)","[2.5,3)",2.6,2.7,2.65,14101,1.6650441064,8468.84472656,198961,0.151174567909
14,"[200,300)","[2.5,3)",2.7,2.8,2.75,14742,1.72787595947,8531.86244022,213703,0.162375835897
14,"[200,300)","[2.5,3)",2.8,2.9,2.85,15151,1.79070781255,8460.90015012,228854,0.173887870308
14,"[200,300)","[2.5,3)",2.9,3,2.95,15741,1.85353966562,8492.39986173,244595,0.185848198581
14,"[200,300)","[2.5,3)",3,3.1,3.05,16427,1.91637151869,8571.92868908,261022,0.198329763445
14,"[200,300)","[2.5,3)",3.1,3.2,3.15,16903,1.97920337176,8540.30477169,277925,0.21117300268
14,"[200,300)","[2.5,3)",3.2,3.3,3.25,17352,2.04203522483,8497.40483856,295277,0.224357401142
14,"[200,300)","[2.5,3)",3.3,3.4,3.35,17952,2.10486707791,8528.8045922,313229,0.237997691667
14,"[200,300)","[2.5,3)",3.4,3.5,3.45,18202,2.16769893098,8396.92253379,331431,0.251827937218
14,"[200,300)","[2.5,3)",3.5,3.6,3.55,19022,2.23053078405,8528.01500703,350453,0.266281235255
14,"[200,300)","[2.5,3)",3.6,3.7,3.65,19493,2.29336263712,8499.74604299,369946,0.281092408561
14,"[200,300)","[2.5,3)",3.7,3.8,3.75,19883,2.35619449019,8438.60728932,389829,0.296199911709
14,"[200,300)","[2.5,3)",3.8,3.9,3.85,20656,2.41902634326,8538.97273898,410485,0.311894755798
14,"[200,300)","[2.5,3)",3.9,4,3.95,21088,2.48185819634,8496.85934157,431573,0.327917842172
14,"[200,300)","[2.5,3)",4,4.1,4.05,21435,2.54469004941,8423.42272883,453008,0.344204586122
14,"[200,300)","[2.5,3)",4.1,4.2,4.15,21997,2.60752190248,8435.97899564,475005,0.360918348972
14,"[200,300)","[2.5,3)",4.2,4.3,4.25,22653,2.67035375555,8483.14570791,497658,0.37813055381
14,"[200,300)","[2.5,3)",4.3,4.4,4.35,22957,2.73318560862,8399.3563875,520615,0.39557374396
14,"[200,300)","[2.5,3)",4.4,4.5,4.45,23294,2.79601746169,8331.13538064,543909,0.413272993486
14,"[200,300)","[2.5,3)",4.5,4.6,4.55,23699,2.85884931477,8289.69889304,567608,0.431279970154
14,"[200,300)","[2.5,3)",4.6,4.7,4.65,24334,2.92168116784,8328.76641978,591942,0.449769432589
14,"[200,300)","[2.5,3)",4.7,4.8,4.75,25119,2.98451302091,8416.44845374,617061,0.468855353806
14,"[200,300)","[2.5,3)",4.8,4.9,4.85,25498,3.04734487398,8367.28399785,642559,0.488229246844
14,"[200,300)","[2.5,3)",4.9,5,4.95,25820,3.11017672705,8301.77905178,668379,0.507847801954
14,"[200,300)","[2.5,3)",5,5.1,5.05,26436,3.17300858013,8331.52490213,694815,0.52793440625
14,"[200,300)","[2.5,3)",5.1,5.2,5.15,26928,3.2358404332,8321.794772,721743,0.548394842037
14,"[200,300)","[2.5,3)",5.2,5.3,5.25,27202,3.29867228627,8246.34811807,748945,0.569063468533
14,"[200,300)","[2.5,3)",5.3,5.4,5.35,27612,3.36150413934,8214.17997879,776557,0.590043621272
14,"[200,300)","[2.5,3)",5.4,5.5,5.45,27852,3.42433599241,8133.54766054,804409,0.611206130836
14,"[200,300)","[2.5,3)",5.5,5.6,5.55,28011,3.48716784548,8032.5929927,832420,0.632489451797
14,"[200,300)","[2.5,3)",5.6,5.7,5.65,28702,3.54999969856,8085.07110907,861122,0.654297808451
14,"[200,300)","[2.5,3)",5.7,5.8,5.75,28788,3.61283155163,7968.2652204,889910,0.676171509633
14,"[200,300)","[2.5,3)",5.8,5.9,5.85,28959,3.6756634047,7878.57777265,918869,0.698175140054
14,"[200,300)","[2.5,3)",5.9,6,5.95,28928,3.73849525777,7737.87259456,947797,0.720155216051
14,"[200,300)","[2.5,3)",6,6.1,6.05,28888,3.80132711084,7599.45123312,976685,0.742104899244
14,"[200,300)","[2.5,3)",6.1,6.2,6.15,28973,3.86415896392,7497.87994504,1005658,0.764119167146
14,"[200,300)","[2.5,3)",6.2,6.3,6.25,28775,3.92699081699,7327.49357995,1034433,0.785982990667
14,"[200,300)","[2.5,3)",6.3,6.4,6.35,27939,3.98982267006,7002.56685834,1062372,0.80721160458
14,"[200,300)","[2.5,3)",6.4,6.5,6.45,27572,4.05265452313,6803.44200144,1089944,0.828161364515
14,"[200,300)","[2.5,3)",6.5,6.6,6.55,26822,4.1154863762,6517.33417345,1116766,0.848541259371
14,"[200,300)","[2.5,3)",6.6,6.7,6.65,25325,4.17831822927,6061.05102827,1142091,0.86778370353
14,"[200,300)","[2.5,3)",6.7,6.8,6.75,23267,4.24115008235,5486.0119421,1165358,0.885462437913
14,"[200,300)","[2.5,3)",6.8,6.9,6.85,21113,4.30398193542,4905.45739197,1186471,0.90150451979
14,"[200,300)","[2.5,3)",6.9,7,6.95,19111,4.36681378849,4376.41743515,1205582,0.916025441816
14,"[200,300)","[2.5,3)",7,7.1,7.05,16512,4.42964564156,3727.61194374,1222094,0.92857159139
14,"[200,300)","[2.5,3)",7.1,7.2,7.15,13818,4.49247749463,3075.8083967,1235912,0.939070785601
14,"[200,300)","[2.5,3)",7.2,7.3,7.25,11645,4.55530934771,2556.35767214,1247557,0.947918890723
14,"[200,300)","[2.5,3)",7.3,7.4,7.35,9539,4.61814120078,2065.54966279,1257096,0.955166814705
14,"[200,300)","[2.5,3)",7.4,7.5,7.45,7740,4.68097305385,1653.50236179,1264836,0.961047822318
14,"[200,300)","[2.5,3)",7.5,7.6,7.55,6273,4.74380490692,1322.35623578,1271109,0.965814173836
14,"[200,300)","[2.5,3)",7.6,7.7,7.65,5209,4.80663675999,1083.70993277,1276318,0.969772076763
14,"[200,300)","[2.5,3)",7.7,7.8,7.75,4433,4.86946861306,910.366274486,1280751,0.973140359289
14,"[200,300)","[2.5,3)",7.8,7.9,7.85,3637,4.93230046614,737.384112134,1284388,0.97590382501
14,"[200,300)","[2.5,3)",7.9,8,7.95,3018,4.99513231921,604.188199058,1287406,0.978196962087
14,"[200,300)","[2.5,3)",8,8.1,8.05,2555,5.05796417228,505.143949813,1289961,0.980138302456
14,"[200,300)","[2.5,3)",8.1,8.2,8.15,2172,5.12079602535,424.152805393,1292133,0.981788631724
14,"[200,300)","[2.5,3)",8.2,8.3,8.25,1882,5.18362787842,363.066185332,1294015,0.983218613161
14,"[200,300)","[2.5,3)",8.3,8.4,8.35,1592,5.24645973149,303.442717847,1295607,0.984428246768
14,"[200,300)","[2.5,3)",8.4,8.5,8.45,1409,5.30929158457,265.383804517,1297016,0.985498833296
14,"[200,300)","[2.5,3)",8.5,8.6,8.55,1171,5.37212343764,217.97712089,1298187,0.986388582639
14,"[200,300)","[2.5,3)",8.6,8.7,8.65,1073,5.43495529071,197.425727095,1299260,0.987203869612
14,"[200,300)","[2.5,3)",8.7,8.8,8.75,968,5.49778714378,176.070839901,1300228,0.987939375473
14,"[200,300)","[2.5,3)",8.8,8.9,8.85,810,5.56061899685,145.66723605,1301038,0.988554829759
14,"[200,300)","[2.5,3)",8.9,9,8.95,772,5.62345084993,137.282252589,1301810,0.98914141088
14,"[200,300)","[2.5,3)",9,9.1,9.05,669,5.686282703,117.651554617,1302479,0.98964973053
14,"[200,300)","[2.5,3)",9.1,9.2,9.15,668,5.74911455607,116.191805449,1303147,0.99015729036
14,"[200,300)","[2.5,3)",9.2,9.3,9.25,579,5.81194640914,99.6223914056,1303726,0.990597226201
14,"[200,300)","[2.5,3)",9.3,9.4,9.35,522,5.87477826221,88.8544174267,1304248,0.990993852296
14,"[200,300)","[2.5,3)",9.4,9.5,9.45,471,5.93761011528,79.3248446522,1304719,0.991351727565
14,"[200,300)","[2.5,3)",9.5,9.6,9.55,469,6.00044196836,78.1609092252,1305188,0.991708083194
14,"[200,300)","[2.5,3)",9.6,9.7,9.65,480,6.06327382143,79.1651530405,1305668,0.992072796845
14,"[200,300)","[2.5,3)",9.7,9.8,9.75,497,6.1261056745,81.1282120171,1306165,0.992450427437
14,"[200,300)","[2.5,3)",9.8,9.9,9.85,470,6.18893752757,75.9419525413,1306635,0.992807542886
14,"[200,300)","[2.5,3)",9.9,10,9.95,456,6.25176938064,72.9393508039,1307091,0.993154020854
14,"[200,300)","[2.5,3)",10,10.1,10.05,457,6.31460123372,72.3719492468,1307548,0.993501258642
14,"[200,300)","[2.5,3)",10.1,10.2,10.15,453,6.37743308679,71.0317135179,1308001,0.99384545715
14,"[200,300)","[2.5,3)",10.2,10.3,10.25,452,6.44026493986,70.1834480756,1308453,0.994188895837
14,"[200,300)","[2.5,3)",10.3,10.4,10.35,426,6.50309679293,65.5072519393,1308879,0.994512579202
14,"[200,300)","[2.5,3)",10.4,10.5,10.45,433,6.565928646,65.946497951,1309312,0.994841581307
14,"[200,300)","[2.5,3)",10.5,10.6,10.55,434,6.62876049907,65.4722704283,1309746,0.995171343233
14,"[200,300)","[2.5,3)",10.6,10.7,10.65,478,6.69159235215,71.432922815,1310224,0.995534537243
14,"[200,300)","[2.5,3)",10.7,10.8,10.75,435,6.75442420522,64.402232786,1310659,0.995865058989
14,"[200,300)","[2.5,3)",10.8,10.9,10.85,467,6.81725605829,68.5026344921,1311126,0.996219894978
14,"[200,300)","[2.5,3)",10.9,11,10.95,416,6.88008791136,60.4643436769,1311542,0.996535980141
14,"[200,300)","[2.5,3)",11,11.1,11.05,438,6.94291976443,63.0858507459,1311980,0.996868781347
14,"[200,300)","[2.5,3)",11.1,11.2,11.15,459,7.00575161751,65.5175954073,1312439,0.997217538776
14,"[200,300)","[2.5,3)",11.2,11.3,11.25,440,7.06858347058,62.2472666315,1312879,0.997551859622
14,"[200,300)","[2.5,3)",11.3,11.4,11.35,450,7.13141532365,63.1010787589,1313329,0.997893778669
14,"[200,300)","[2.5,3)",11.4,11.5,11.45,447,7.19424717672,62.1329777835,1313776,0.998233418256
14,"[200,300)","[2.5,3)",11.5,11.6,11.55,491,7.25707902979,67.658075375,1314267,0.998606489927
14,"[200,300)","[2.5,3)",11.6,11.7,11.65,441,7.31991088286,60.2466351103,1314708,0.998941570594
14,"[200,300)","[2.5,3)",11.7,11.8,11.75,461,7.38274273594,62.4429180982,1315169,0.999291847662
14,"[200,300)","[2.5,3)",11.8,11.9,11.85,446,7.44557458901,59.9013541088,1315615,0.999630727429
14,"[200,300)","[2.5,3)",11.9,12,11.95,486,7.50840644208,64.7274496591,1316101,1
15,"[200,300)","[3,3.25)",0,0.1,0.05,178,0.0314159265359,5665.91597407,178,0.000319380473652
15,"[200,300)","[3,3.25)",0.1,0.2,0.15,516,0.0942477796077,5474.93004236,694,0.00124522499278
15,"[200,300)","[3,3.25)",0.2,0.3,0.25,815,0.157079632679,5188.4511448,1509,0.00270755693675
15,"[200,300)","[3,3.25)",0.3,0.4,0.35,1028,0.219911485751,4674.60804281,2537,0.0045520688857
15,"[200,300)","[3,3.25)",0.4,0.5,0.45,1262,0.282743338823,4463.4119596,3799,0.00681644055845
15,"[200,300)","[3,3.25)",0.5,0.6,0.55,1433,0.345575191895,4146.7096991,5232,0.00938763279858
15,"[200,300)","[3,3.25)",0.6,0.7,0.65,1581,0.408407044967,3871.13792351,6813,0.0122243773426
15,"[200,300)","[3,3.25)",0.7,0.8,0.75,1736,0.471238898038,3683.9064161,8549,0.0153392340969
15,"[200,300)","[3,3.25)",0.8,0.9,0.85,2044,0.53407075111,3827.20827859,10593,0.0190067267269
15,"[200,300)","[3,3.25)",0.9,1,0.95,2101,0.596902604182,3519.83721512,12694,0.0227764928794
15,"[200,300)","[3,3.25)",1,1.1,1.05,2341,0.659734457254,3548.39735027,15035,0.0269768843897
15,"[200,300)","[3,3.25)",1.1,1.2,1.15,2598,0.722566310326,3595.51775785,17633,0.0316384038871
15,"[200,300)","[3,3.25)",1.2,1.3,1.25,2761,0.785398163397,3515.41438301,20394,0.0365923897734
15,"[200,300)","[3,3.25)",1.3,1.4,1.35,3080,0.848230016469,3631.0905535,23474,0.0421187485309
15,"[200,300)","[3,3.25)",1.4,1.5,1.45,3136,0.911061869541,3442.13725197,26610,0.0477455865387
15,"[200,300)","[3,3.25)",1.5,1.6,1.55,3457,0.973893722613,3549.66863399,30067,0.0539483859623
15,"[200,300)","[3,3.25)",1.6,1.7,1.65,3725,1.03672557568,3593.04341223,33792,0.0606320503688
15,"[200,300)","[3,3.25)",1.7,1.8,1.75,3909,1.09955742876,3555.06670026,37701,0.0676458608829
15,"[200,300)","[3,3.25)",1.8,1.9,1.85,4124,1.16238928183,3547.86478546,41825,0.0750454399466
15,"[200,300)","[3,3.25)",1.9,2,1.95,4280,1.2252211349,3493.24695607,46105,0.0827249254928
15,"[200,300)","[3,3.25)",2,2.1,2.05,4489,1.28805298797,3485.10507092,50594,0.0907794139548
15,"[200,300)","[3,3.25)",2.1,2.2,2.15,4817,1.35088484104,3565.81098081,55411,0.0994224237389
15,"[200,300)","[3,3.25)",2.2,2.3,2.25,5011,1.41371669412,3544.55742148,60422,0.108413522354
15,"[200,300)","[3,3.25)",2.3,2.4,2.35,5219,1.47654854719,3534.59424679,65641,0.117777829612
15,"[200,300)","[3,3.25)",2.4,2.5,2.45,5486,1.53938040026,3563.77150123,71127,0.127621207581
15,"[200,300)","[3,3.25)",2.5,2.6,2.55,5753,1.60221225333,3590.66034356,76880,0.13794365626
15,"[200,300)","[3,3.25)",2.6,2.7,2.65,6022,1.6650441064,3616.72100868,82902,0.148748764195
15,"[200,300)","[3,3.25)",2.7,2.8,2.75,6019,1.72787595947,3483.46764535,88921,0.159548489312
15,"[200,300)","[3,3.25)",2.8,2.9,2.85,6483,1.79070781255,3620.35612654,95404,0.171180756788
15,"[200,300)","[3,3.25)",2.9,3,2.95,6717,1.85353966562,3623.87712796,102121,0.183232883988
15,"[200,300)","[3,3.25)",3,3.1,3.05,6682,1.91637151869,3486.79780243,108803,0.195222211656
15,"[200,300)","[3,3.25)",3.1,3.2,3.15,6975,1.97920337176,3524.14516846,115778,0.207737261115
15,"[200,300)","[3,3.25)",3.2,3.3,3.25,7240,2.04203522483,3545.48242457,123018,0.22072779274
15,"[200,300)","[3,3.25)",3.3,3.4,3.35,7441,2.10486707791,3535.14009417,130459,0.234078973102
15,"[200,300)","[3,3.25)",3.4,3.5,3.45,7692,2.16769893098,3548.46325294,138151,0.247880515817
15,"[200,300)","[3,3.25)",3.5,3.6,3.55,8029,2.23053078405,3599.59165658,146180,0.262286728306
15,"[200,300)","[3,3.25)",3.6,3.7,3.65,8037,2.29336263712,3504.4610346,154217,0.276707294973
15,"[200,300)","[3,3.25)",3.7,3.8,3.75,8311,2.35619449019,3527.2979521,162528,0.291619492257
15,"[200,300)","[3,3.25)",3.8,3.9,3.85,8607,2.41902634326,3558.04310439,171135,0.307062794149
15,"[200,300)","[3,3.25)",3.9,4,3.95,8695,2.48185819634,3503.42336755,179830,0.322663992005
15,"[200,300)","[3,3.25)",4,4.1,4.05,9111,2.54469004941,3580.39675682,188941,0.339011607148
15,"[200,300)","[3,3.25)",4.1,4.2,4.15,9368,2.60752190248,3592.68314912,198309,0.355820350278
15,"[200,300)","[3,3.25)",4.2,4.3,4.25,9557,2.67035375555,3578.92656736,207866,0.372968210877
15,"[200,300)","[3,3.25)",4.3,4.4,4.35,9586,2.73318560862,3507.26272294,217452,0.390168105374
15,"[200,300)","[3,3.25)",4.4,4.5,4.45,10011,2.79601746169,3580.44974223,227463,0.408130565608
15,"[200,300)","[3,3.25)",4.5,4.6,4.55,10183,2.85884931477,3561.9226055,237646,0.426401640683
15,"[200,300)","[3,3.25)",4.6,4.7,4.65,10245,2.92168116784,3506.54277844,247891,0.444783960641
15,"[200,300)","[3,3.25)",4.7,4.8,4.75,10522,2.98451302091,3525.53328676,258413,0.463663294033
15,"[200,300)","[3,3.25)",4.8,4.9,4.85,10614,3.04734487398,3483.0320948,269027,0.482707700479
15,"[200,300)","[3,3.25)",4.9,5,4.95,10841,3.11017672705,3485.65401628,279868,0.502159406742
15,"[200,300)","[3,3.25)",5,5.1,5.05,10991,3.17300858013,3463.90490995,290859,0.521880253854
15,"[200,300)","[3,3.25)",5.1,5.2,5.15,11116,3.2358404332,3435.27446099,301975,0.541825385006
15,"[200,300)","[3,3.25)",5.2,5.3,5.25,11287,3.29867228627,3421.67970034,313262,0.562077336726
15,"[200,300)","[3,3.25)",5.3,5.4,5.35,11455,3.36150413934,3407.70069742,324717,0.582630726196
15,"[200,300)","[3,3.25)",5.4,5.5,5.45,11537,3.42433599241,3369.12032743,336254,0.603331245997
15,"[200,300)","[3,3.25)",5.5,5.6,5.55,11907,3.48716784548,3414.51875206,348161,0.624695646557
15,"[200,300)","[3,3.25)",5.6,5.7,5.65,11864,3.54999969856,3341.97211477,360025,0.645982893408
15,"[200,300)","[3,3.25)",5.7,5.8,5.75,11916,3.61283155163,3298.24400327,371941,0.667363442419
15,"[200,300)","[3,3.25)",5.8,5.9,5.85,11640,3.6756634047,3166.77527793,383581,0.688248772269
15,"[200,300)","[3,3.25)",5.9,6,5.95,12080,3.73849525777,3231.24657571,395661,0.709923581942
15,"[200,300)","[3,3.25)",6,6.1,6.05,12074,3.80132711084,3176.25914528,407735,0.73158762598
15,"[200,300)","[3,3.25)",6.1,6.2,6.15,11931,3.86415896392,3087.60589598,419666,0.752995089077
15,"[200,300)","[3,3.25)",6.2,6.3,6.25,11670,3.92699081699,2971.74109741,431336,0.773934247096
15,"[200,300)","[3,3.25)",6.3,6.4,6.35,11573,3.98982267006,2900.63016756,442909,0.794699360701
15,"[200,300)","[3,3.25)",6.4,6.5,6.45,11456,4.05265452313,2826.78919079,454365,0.815254544443
15,"[200,300)","[3,3.25)",6.5,6.6,6.55,11021,4.1154863762,2677.93378292,465386,0.835029219725
15,"[200,300)","[3,3.25)",6.6,6.7,6.65,10423,4.17831822927,2494.54431857,475809,0.853730920157
15,"[200,300)","[3,3.25)",6.7,6.8,6.75,9561,4.24115008235,2254.34134948,485370,0.870885957845
15,"[200,300)","[3,3.25)",6.8,6.9,6.85,9119,4.30398193542,2118.73565847,494489,0.887247927167
15,"[200,300)","[3,3.25)",6.9,7,6.95,8104,4.36681378849,1855.81533643,502593,0.90178871008
15,"[200,300)","[3,3.25)",7,7.1,7.05,7496,4.42964564156,1692.2346857,510089,0.91523857542
15,"[200,300)","[3,3.25)",7.1,7.2,7.15,6389,4.49247749463,1422.15514883,516478,0.926702181297
15,"[200,300)","[3,3.25)",7.2,7.3,7.25,5357,4.55530934771,1175.9903864,521835,0.936314098136
15,"[200,300)","[3,3.25)",7.3,7.4,7.35,4545,4.61814120078,984.162199119,526380,0.944469065848
15,"[200,300)","[3,3.25)",7.4,7.5,7.45,3848,4.68097305385,822.051303379,530228,0.95137342575
15,"[200,300)","[3,3.25)",7.5,7.6,7.55,3280,4.74380490692,691.428097141,533508,0.957258638973
15,"[200,300)","[3,3.25)",7.6,7.7,7.65,2845,4.80663675999,591.88995176,536353,0.962363343734
15,"[200,300)","[3,3.25)",7.7,7.8,7.75,2438,4.86946861306,500.670646785,538791,0.96673777966
15,"[200,300)","[3,3.25)",7.8,7.9,7.85,2011,4.93230046614,407.720497526,540802,0.970346061303
15,"[200,300)","[3,3.25)",7.9,8,7.95,1804,4.99513231921,361.151594136,542606,0.973582928575
15,"[200,300)","[3,3.25)",8,8.1,8.05,1478,5.05796417228,292.212429677,544084,0.97623486307
15,"[200,300)","[3,3.25)",8.1,8.2,8.15,1204,5.12079602535,235.119695071,545288,0.978395166948
15,"[200,300)","[3,3.25)",8.2,8.3,8.25,1051,5.18362787842,202.753751745,546339,0.98028094716
15,"[200,300)","[3,3.25)",8.3,8.4,8.35,882,5.24645973149,168.113365038,547221,0.98186349535
15,"[200,300)","[3,3.25)",8.4,8.5,8.45,782,5.30929158457,147.288953252,548003,0.983266616307
15,"[200,300)","[3,3.25)",8.5,8.6,8.55,656,5.37212343764,122.11186277,548659,0.984443658952
15,"[200,300)","[3,3.25)",8.6,8.7,8.65,603,5.43495529071,110.94847478,549262,0.985525605163
15,"[200,300)","[3,3.25)",8.7,8.8,8.75,524,5.49778714378,95.3110744916,549786,0.986465803861
15,"[200,300)","[3,3.25)",8.8,8.9,8.85,475,5.56061899685,85.4221445973,550261,0.987318083215
15,"[200,300)","[3,3.25)",8.9,9,8.95,414,5.62345084993,73.620275352,550675,0.988060911957
15,"[200,300)","[3,3.25)",9,9.1,9.05,354,5.686282703,62.2550827122,551029,0.98869608436
15,"[200,300)","[3,3.25)",9.1,9.2,9.15,324,5.74911455607,56.3565044391,551353,0.989277428592
15,"[200,300)","[3,3.25)",9.2,9.3,9.25,295,5.81194640914,50.7575223915,551648,0.989806738928
15,"[200,300)","[3,3.25)",9.3,9.4,9.35,301,5.87477826221,51.2359763323,551949,0.990346814897
15,"[200,300)","[3,3.25)",9.4,9.5,9.45,252,5.93761011528,42.4413181578,552201,0.990798971523
15,"[200,300)","[3,3.25)",9.5,9.6,9.55,233,6.00044196836,38.8304730266,552434,0.991217036975
15,"[200,300)","[3,3.25)",9.6,9.7,9.65,235,6.06327382143,38.7579395094,552669,0.991638690971
15,"[200,300)","[3,3.25)",9.7,9.8,9.75,235,6.1261056745,38.3604221811,552904,0.992060344967
15,"[200,300)","[3,3.25)",9.8,9.9,9.85,199,6.18893752757,32.1541458632,553103,0.992417405159
15,"[200,300)","[3,3.25)",9.9,10,9.95,215,6.25176938064,34.3902640852,553318,0.992803173709
15,"[200,300)","[3,3.25)",10,10.1,10.05,182,6.31460123372,28.8220891967,553500,0.993129731272
15,"[200,300)","[3,3.25)",10.1,10.2,10.15,195,6.37743308679,30.5765654216,553695,0.993479614375
15,"[200,300)","[3,3.25)",10.2,10.3,10.25,203,6.44026493986,31.520442388,553898,0.993843851657
15,"[200,300)","[3,3.25)",10.3,10.4,10.35,191,6.50309679293,29.3706223484,554089,0.994186557671
15,"[200,300)","[3,3.25)",10.4,10.5,10.45,202,6.565928646,30.7648789517,554291,0.99454900068
15,"[200,300)","[3,3.25)",10.5,10.6,10.55,196,6.62876049907,29.5681221289,554487,0.994900678056
15,"[200,300)","[3,3.25)",10.6,10.7,10.65,171,6.69159235215,25.5544556514,554658,0.995207498623
15,"[200,300)","[3,3.25)",10.7,10.8,10.75,179,6.75442420522,26.5011486637,554837,0.995528673369
15,"[200,300)","[3,3.25)",10.8,10.9,10.85,208,6.81725605829,30.5108093669,555045,0.995901882012
15,"[200,300)","[3,3.25)",10.9,11,10.95,221,6.88008791136,32.1216825784,555266,0.996298416196
15,"[200,300)","[3,3.25)",11,11.1,11.05,194,6.94291976443,27.9421348053,555460,0.996646505027
15,"[200,300)","[3,3.25)",11.1,11.2,11.15,215,7.00575161751,30.6890697442,555675,0.997032273576
15,"[200,300)","[3,3.25)",11.2,11.3,11.25,200,7.06858347058,28.2942121052,555875,0.997391128041
15,"[200,300)","[3,3.25)",11.3,11.4,11.35,207,7.13141532365,29.0264962291,556082,0.997762542412
15,"[200,300)","[3,3.25)",11.4,11.5,11.45,188,7.19424717672,26.1319906561,556270,0.998099865609
15,"[200,300)","[3,3.25)",11.5,11.6,11.55,252,7.25707902979,34.7247148564,556522,0.998552022235
15,"[200,300)","[3,3.25)",11.6,11.7,11.65,186,7.31991088286,25.4101454207,556708,0.998885756887
15,"[200,300)","[3,3.25)",11.7,11.8,11.75,211,7.38274273594,28.5801642488,556919,0.999264348347
15,"[200,300)","[3,3.25)",11.8,11.9,11.85,209,7.44557458901,28.0703654905,557128,0.999639351263
15,"[200,300)","[3,3.25)",11.9,12,11.95,201,7.50840644208,26.7699946121,557329,1
16,"[200,300)","[3.25,3.5)",0,0.1,0.05,76,0.0314159265359,2419.155135,76,0.000320121309128
16,"[200,300)","[3.25,3.5)",0.1,0.2,0.15,197,0.0942477796077,2090.23491927,273,0.00114990943937
16,"[200,300)","[3.25,3.5)",0.2,0.3,0.25,290,0.157079632679,1846.19733987,563,0.00237142496104
16,"[200,300)","[3.25,3.5)",0.3,0.4,0.35,425,0.219911485751,1932.59573754,988,0.00416157701866
16,"[200,300)","[3.25,3.5)",0.4,0.5,0.45,510,0.282743338823,1803.75602171,1498,0.00630975948781
16,"[200,300)","[3.25,3.5)",0.5,0.6,0.55,578,0.345575191895,1672.57376558,2076,0.00874436628617
16,"[200,300)","[3.25,3.5)",0.6,0.7,0.65,660,0.408407044967,1616.03480678,2736,0.0115243671286
16,"[200,300)","[3.25,3.5)",0.7,0.8,0.75,732,0.471238898038,1553.35224458,3468,0.0146076407902
16,"[200,300)","[3.25,3.5)",0.8,0.9,0.85,775,0.53407075111,1451.11859878,4243,0.0178720357188
16,"[200,300)","[3.25,3.5)",0.9,1,0.95,908,0.596902604182,1521.18619292,5151,0.0216966429384
16,"[200,300)","[3.25,3.5)",1,1.1,1.05,998,0.659734457254,1512.72984005,6149,0.0259003411819
16,"[200,300)","[3.25,3.5)",1.1,1.2,1.15,1119,0.722566310326,1548.64679409,7268,0.0306137062466
16,"[200,300)","[3.25,3.5)",1.2,1.3,1.25,1134,0.785398163397,1443.85364373,8402,0.0353902531486
16,"[200,300)","[3.25,3.5)",1.3,1.4,1.35,1266,0.848230016469,1492.51968855,9668,0.040722800219
16,"[200,300)","[3.25,3.5)",1.4,1.5,1.45,1343,0.911061869541,1474.10405912,11011,0.0463796807211
16,"[200,300)","[3.25,3.5)",1.5,1.6,1.55,1510,0.973893722613,1550.47718754,12521,0.0527399856788
16,"[200,300)","[3.25,3.5)",1.6,1.7,1.65,1664,1.03672557568,1605.0534867,14185,0.0597489574997
16,"[200,300)","[3.25,3.5)",1.7,1.8,1.75,1643,1.09955742876,1494.23755143,15828,0.0666694747483
16,"[200,300)","[3.25,3.5)",1.8,1.9,1.85,1741,1.16238928183,1497.77705904,17569,0.0740027800008
16,"[200,300)","[3.25,3.5)",1.9,2,1.95,1830,1.2252211349,1493.60792748,19399,0.0817109641548
16,"[200,300)","[3.25,3.5)",2,2.1,2.05,1928,1.28805298797,1496.83283064,21327,0.0898319363127
16,"[200,300)","[3.25,3.5)",2.1,2.2,2.15,2098,1.35088484104,1553.05614236,23425,0.0986689692936
16,"[200,300)","[3.25,3.5)",2.2,2.3,2.25,2101,1.41371669412,1486.15349083,25526,0.107518638642
16,"[200,300)","[3.25,3.5)",2.3,2.4,2.35,2270,1.47654854719,1537.36902476,27796,0.117080156691
16,"[200,300)","[3.25,3.5)",2.4,2.5,2.45,2266,1.53938040026,1472.0208206,30062,0.12662482625
16,"[200,300)","[3.25,3.5)",2.5,2.6,2.55,2389,1.60221225333,1491.06336881,32451,0.136687586875
16,"[200,300)","[3.25,3.5)",2.6,2.7,2.65,2554,1.6650441064,1533.89330059,35005,0.147445347711
16,"[200,300)","[3.25,3.5)",2.7,2.8,2.75,2572,1.72787595947,1488.53277684,37577,0.158278926751
16,"[200,300)","[3.25,3.5)",2.8,2.9,2.85,2673,1.79070781255,1492.70583468,40250,0.169537930163
16,"[200,300)","[3.25,3.5)",2.9,3,2.95,2892,1.85353966562,1560.25795058,43142,0.1817193884
16,"[200,300)","[3.25,3.5)",3,3.1,3.05,2876,1.91637151869,1500.75284043,46018,0.193833452677
16,"[200,300)","[3.25,3.5)",3.1,3.2,3.15,2886,1.97920337176,1458.16243099,48904,0.205989638179
16,"[200,300)","[3.25,3.5)",3.2,3.3,3.25,3108,2.04203522483,1522.01096348,52012,0.219080914873
16,"[200,300)","[3.25,3.5)",3.3,3.4,3.35,3060,2.10486707791,1453.77351003,55072,0.231970009688
16,"[200,300)","[3.25,3.5)",3.4,3.5,3.45,3256,2.16769893098,1502.05360785,58328,0.245684680511
16,"[200,300)","[3.25,3.5)",3.5,3.6,3.55,3322,2.23053078405,1489.33160831,61650,0.259677351417
16,"[200,300)","[3.25,3.5)",3.6,3.7,3.65,3482,2.29336263712,1518.294553,65132,0.274343961922
16,"[200,300)","[3.25,3.5)",3.7,3.8,3.75,3559,2.35619449019,1510.48651324,68691,0.289334905859
16,"[200,300)","[3.25,3.5)",3.8,3.9,3.85,3546,2.41902634326,1465.8790343,72237,0.304271092203
16,"[200,300)","[3.25,3.5)",3.9,4,3.95,3671,2.48185819634,1479.13366099,75908,0.319733793859
16,"[200,300)","[3.25,3.5)",4,4.1,4.05,3821,2.54469004941,1501.55811742,79729,0.335828313887
16,"[200,300)","[3.25,3.5)",4.1,4.2,4.15,3961,2.60752190248,1519.06681828,83690,0.352512531064
16,"[200,300)","[3.25,3.5)",4.2,4.3,4.25,4045,2.67035375555,1514.78057602,87735,0.36955056653
16,"[200,300)","[3.25,3.5)",4.3,4.4,4.35,4149,2.73318560862,1518.00887101,91884,0.387026662735
16,"[200,300)","[3.25,3.5)",4.4,4.5,4.45,4189,2.79601746169,1498.20237441,96073,0.40467124384
16,"[200,300)","[3.25,3.5)",4.5,4.6,4.55,4211,2.85884931477,1472.97025354,100284,0.422408491639
16,"[200,300)","[3.25,3.5)",4.6,4.7,4.65,4335,2.92168116784,1483.73479205,104619,0.440668042627
16,"[200,300)","[3.25,3.5)",4.7,4.8,4.75,4380,2.98451302091,1467.57610683,108999,0.459117139126
16,"[200,300)","[3.25,3.5)",4.8,4.9,4.85,4463,3.04734487398,1464.55363097,113462,0.477915841793
16,"[200,300)","[3.25,3.5)",4.9,5,4.95,4554,3.11017672705,1464.22547645,118016,0.497097847605
16,"[200,300)","[3.25,3.5)",5,5.1,5.05,4663,3.17300858013,1469.5831676,122679,0.516738974769
16,"[200,300)","[3.25,3.5)",5.1,5.2,5.15,4648,3.2358404332,1436.41199124,127327,0.536316920096
16,"[200,300)","[3.25,3.5)",5.2,5.3,5.25,4768,3.29867228627,1445.43003555,132095,0.556400320121
16,"[200,300)","[3.25,3.5)",5.3,5.4,5.35,4882,3.36150413934,1452.32604145,136977,0.57696390211
16,"[200,300)","[3.25,3.5)",5.4,5.5,5.45,4838,3.42433599241,1412.82865079,141815,0.59734215071
16,"[200,300)","[3.25,3.5)",5.5,5.6,5.55,4864,3.48716784548,1394.82818594,146679,0.617829914494
16,"[200,300)","[3.25,3.5)",5.6,5.7,5.65,4967,3.54999969856,1399.15504838,151646,0.638751526894
16,"[200,300)","[3.25,3.5)",5.7,5.8,5.75,4961,3.61283155163,1373.16116988,156607,0.65964786656
16,"[200,300)","[3.25,3.5)",5.8,5.9,5.85,4879,3.6756634047,1327.37943136,161486,0.680198812181
16,"[200,300)","[3.25,3.5)",5.9,6,5.95,4864,3.73849525777,1301.05822386,166350,0.700686575966
16,"[200,300)","[3.25,3.5)",6,6.1,6.05,4770,3.80132711084,1254.82492322,171120,0.720778400236
16,"[200,300)","[3.25,3.5)",6.1,6.2,6.15,4838,3.86415896392,1252.01888566,175958,0.741156648835
16,"[200,300)","[3.25,3.5)",6.2,6.3,6.25,4800,3.92699081699,1222.30996295,180758,0.76137483678
16,"[200,300)","[3.25,3.5)",6.3,6.4,6.35,4602,3.98982267006,1153.43472143,185360,0.780759024472
16,"[200,300)","[3.25,3.5)",6.4,6.5,6.45,4453,4.05265452313,1098.78598696,189813,0.799515605914
16,"[200,300)","[3.25,3.5)",6.5,6.6,6.55,4390,4.1154863762,1066.70259568,194203,0.818006823638
16,"[200,300)","[3.25,3.5)",6.6,6.7,6.65,4187,4.17831822927,1002.07781463,198390,0.835642980498
16,"[200,300)","[3.25,3.5)",6.7,6.8,6.75,3932,4.24115008235,927.107016648,202322,0.852205046123
16,"[200,300)","[3.25,3.5)",6.8,6.9,6.85,3698,4.30398193542,859.204349714,206020,0.867781475085
16,"[200,300)","[3.25,3.5)",6.9,7,6.95,3318,4.36681378849,759.821728315,209338,0.881757297502
16,"[200,300)","[3.25,3.5)",7,7.1,7.05,3155,4.42964564156,712.246589298,212493,0.895046543953
16,"[200,300)","[3.25,3.5)",7.1,7.2,7.15,2757,4.49247749463,613.692556789,215250,0.906659365654
16,"[200,300)","[3.25,3.5)",7.2,7.3,7.25,2580,4.55530934771,566.372073348,217830,0.917526641675
16,"[200,300)","[3.25,3.5)",7.3,7.4,7.35,2150,4.61814120078,465.555275711,219980,0.926582705025
16,"[200,300)","[3.25,3.5)",7.4,7.5,7.45,1899,4.68097305385,405.684881787,221879,0.934581525631
16,"[200,300)","[3.25,3.5)",7.5,7.6,7.55,1681,4.74380490692,354.356899785,223560,0.941662103534
16,"[200,300)","[3.25,3.5)",7.6,7.7,7.65,1510,4.80663675999,314.148972639,225070,0.948022408492
16,"[200,300)","[3.25,3.5)",7.7,7.8,7.75,1223,4.86946861306,251.15676826,226293,0.953173834295
16,"[200,300)","[3.25,3.5)",7.8,7.9,7.85,1144,4.93230046614,231.940452098,227437,0.957992502422
16,"[200,300)","[3.25,3.5)",7.9,8,7.95,1041,4.99513231921,208.402887747,228478,0.962377321933
16,"[200,300)","[3.25,3.5)",8,8.1,8.05,897,5.05796417228,177.344079445,229375,0.966155595805
16,"[200,300)","[3.25,3.5)",8.1,8.2,8.15,770,5.12079602535,150.367246848,230145,0.969398930121
16,"[200,300)","[3.25,3.5)",8.2,8.3,8.25,675,5.18362787842,130.217680712,230820,0.972242112801
16,"[200,300)","[3.25,3.5)",8.3,8.4,8.35,578,5.24645973149,110.16952947,231398,0.974676719599
16,"[200,300)","[3.25,3.5)",8.4,8.5,8.45,523,5.30929158457,98.5065505764,231921,0.976879659661
16,"[200,300)","[3.25,3.5)",8.5,8.6,8.55,476,5.37212343764,88.6055589611,232397,0.978884629965
16,"[200,300)","[3.25,3.5)",8.6,8.7,8.65,425,5.43495529071,78.197515392,232822,0.980674782023
16,"[200,300)","[3.25,3.5)",8.7,8.8,8.75,342,5.49778714378,62.2068463285,233164,0.982115327914
16,"[200,300)","[3.25,3.5)",8.8,8.9,8.85,302,5.56061899685,54.3105003545,233466,0.983387388905
16,"[200,300)","[3.25,3.5)",8.9,9,8.95,273,5.62345084993,48.5467033118,233739,0.984537298345
16,"[200,300)","[3.25,3.5)",9,9.1,9.05,234,5.686282703,41.1516648437,233973,0.985522935007
16,"[200,300)","[3.25,3.5)",9.1,9.2,9.15,251,5.74911455607,43.6588969574,234224,0.986580177752
16,"[200,300)","[3.25,3.5)",9.2,9.3,9.25,199,5.81194640914,34.2398201895,234423,0.987418390127
16,"[200,300)","[3.25,3.5)",9.3,9.4,9.35,188,5.87477826221,32.0012078089,234611,0.988210269155
16,"[200,300)","[3.25,3.5)",9.4,9.5,9.45,142,5.93761011528,23.9153459461,234753,0.988808390548
16,"[200,300)","[3.25,3.5)",9.5,9.6,9.55,153,6.00044196836,25.4981217728,234906,0.989452845289
16,"[200,300)","[3.25,3.5)",9.6,9.7,9.65,145,6.06327382143,23.9144733143,235051,0.99006360305
16,"[200,300)","[3.25,3.5)",9.7,9.8,9.75,137,6.1261056745,22.3633099524,235188,0.990640663831
16,"[200,300)","[3.25,3.5)",9.8,9.9,9.85,119,6.18893752757,19.227856069,235307,0.991141906407
16,"[200,300)","[3.25,3.5)",9.9,10,9.95,140,6.25176938064,22.3936603345,235447,0.991731603555
16,"[200,300)","[3.25,3.5)",10,10.1,10.05,108,6.31460123372,17.1032177651,235555,0.992186512784
16,"[200,300)","[3.25,3.5)",10.1,10.2,10.15,103,6.37743308679,16.1506986586,235658,0.9926203614
16,"[200,300)","[3.25,3.5)",10.2,10.3,10.25,116,6.44026493986,18.0116813645,235774,0.993108967609
16,"[200,300)","[3.25,3.5)",10.3,10.4,10.35,111,6.50309679293,17.0687909983,235885,0.993576513205
16,"[200,300)","[3.25,3.5)",10.4,10.5,10.45,100,6.565928646,15.2301380949,235985,0.993997725454
16,"[200,300)","[3.25,3.5)",10.5,10.6,10.55,102,6.62876049907,15.3874921283,236087,0.994427361948
16,"[200,300)","[3.25,3.5)",10.6,10.7,10.65,93,6.69159235215,13.8980372841,236180,0.994819089339
16,"[200,300)","[3.25,3.5)",10.7,10.8,10.75,77,6.75442420522,11.3999354587,236257,0.995143422771
16,"[200,300)","[3.25,3.5)",10.8,10.9,10.85,93,6.81725605829,13.641852265,236350,0.995535150162
16,"[200,300)","[3.25,3.5)",10.9,11,10.95,104,6.88008791136,15.1160859192,236454,0.995973210901
16,"[200,300)","[3.25,3.5)",11,11.1,11.05,93,6.94291976443,13.3949409118,236547,0.996364938292
16,"[200,300)","[3.25,3.5)",11.1,11.2,11.15,98,7.00575161751,13.988506209,236645,0.996777726296
16,"[200,300)","[3.25,3.5)",11.2,11.3,11.25,111,7.06858347058,15.7032877184,236756,0.997245271893
16,"[200,300)","[3.25,3.5)",11.3,11.4,11.35,90,7.13141532365,12.6202157518,236846,0.997624362916
16,"[200,300)","[3.25,3.5)",11.4,11.5,11.45,75,7.19424717672,10.4249962724,236921,0.997940272103
16,"[200,300)","[3.25,3.5)",11.5,11.6,11.55,93,7.25707902979,12.8150733399,237014,0.998331999495
16,"[200,300)","[3.25,3.5)",11.6,11.7,11.65,96,7.31991088286,13.1149137655,237110,0.998736363253
16,"[200,300)","[3.25,3.5)",11.7,11.8,11.75,86,7.38274273594,11.6487873242,237196,0.999098605787
16,"[200,300)","[3.25,3.5)",11.8,11.9,11.85,114,7.44557458901,15.3111084493,237310,0.999578787751
16,"[200,300)","[3.25,3.5)",11.9,12,11.95,100,7.50840644208,13.3184052797,237410,1
17,"[200,300)","[3.5,3.75)",0,0.1,0.05,33,0.0314159265359,1050.42262441,33,0.000300141885255
17,"[200,300)","[3.5,3.75)",0.1,0.2,0.15,70,0.0942477796077,742.723067762,103,0.000936806490341
17,"[200,300)","[3.5,3.75)",0.2,0.3,0.25,145,0.157079632679,923.098669933,248,0.00225561174373
17,"[200,300)","[3.5,3.75)",0.3,0.4,0.35,160,0.219911485751,727.565454134,408,0.00371084512679
17,"[200,300)","[3.5,3.75)",0.4,0.5,0.45,195,0.282743338823,689.671420065,603,0.00548441081238
17,"[200,300)","[3.5,3.75)",0.5,0.6,0.55,248,0.345575191895,717.644107033,851,0.00774002255612
17,"[200,300)","[3.5,3.75)",0.6,0.7,0.65,306,0.408407044967,749.252501325,1157,0.0105231564012
17,"[200,300)","[3.5,3.75)",0.7,0.8,0.75,351,0.471238898038,744.84513367,1508,0.0137155746353
17,"[200,300)","[3.5,3.75)",0.8,0.9,0.85,370,0.53407075111,692.792105224,1878,0.0170808018336
17,"[200,300)","[3.5,3.75)",0.9,1,0.95,408,0.596902604182,683.5285977,2286,0.0207916469604
17,"[200,300)","[3.5,3.75)",1,1.1,1.05,459,0.659734457254,695.734465516,2745,0.024966347728
17,"[200,300)","[3.5,3.75)",1.1,1.2,1.15,495,0.722566310326,685.058233309,3240,0.0294684760068
17,"[200,300)","[3.5,3.75)",1.2,1.3,1.25,569,0.785398163397,724.473300954,3809,0.0346436497253
17,"[200,300)","[3.5,3.75)",1.3,1.4,1.35,621,0.848230016469,732.112738223,4430,0.0402917742933
17,"[200,300)","[3.5,3.75)",1.4,1.5,1.45,655,0.911061869541,718.941294656,5085,0.0462491359552
17,"[200,300)","[3.5,3.75)",1.5,1.6,1.55,692,0.973893722613,710.549810449,5777,0.0525430203369
17,"[200,300)","[3.5,3.75)",1.6,1.7,1.65,749,1.03672557568,722.466984096,6526,0.0593553316113
17,"[200,300)","[3.5,3.75)",1.7,1.8,1.75,756,1.09955742876,687.549354157,7282,0.0662313093462
17,"[200,300)","[3.5,3.75)",1.8,1.9,1.85,826,1.16238928183,710.605313481,8108,0.0737439516863
17,"[200,300)","[3.5,3.75)",1.9,2,1.95,902,1.2252211349,736.193634199,9010,0.0819478298832
17,"[200,300)","[3.5,3.75)",2,2.1,2.05,914,1.28805298797,709.598136517,9924,0.0902608505839
17,"[200,300)","[3.5,3.75)",2.1,2.2,2.15,957,1.35088484104,708.424560646,10881,0.0989649652563
17,"[200,300)","[3.5,3.75)",2.2,2.3,2.25,949,1.41371669412,671.280182196,11830,0.10759631826
17,"[200,300)","[3.5,3.75)",2.3,2.4,2.35,1002,1.47654854719,678.609587141,12832,0.116709717321
17,"[200,300)","[3.5,3.75)",2.4,2.5,2.45,1076,1.53938040026,698.982525579,13908,0.126496161822
17,"[200,300)","[3.5,3.75)",2.5,2.6,2.55,1153,1.60221225333,719.629997588,15061,0.136982937389
17,"[200,300)","[3.5,3.75)",2.6,2.7,2.65,1117,1.6650441064,670.85309975,16178,0.147142285444
17,"[200,300)","[3.5,3.75)",2.7,2.8,2.75,1184,1.72787595947,685.234373167,17362,0.157911012479
17,"[200,300)","[3.5,3.75)",2.8,2.9,2.85,1207,1.79070781255,674.035144954,18569,0.168888929312
17,"[200,300)","[3.5,3.75)",2.9,3,2.95,1289,1.85353966562,695.426175069,19858,0.180612653254
17,"[200,300)","[3.5,3.75)",3,3.1,3.05,1250,1.91637151869,652.274356934,21108,0.191981664059
17,"[200,300)","[3.5,3.75)",3.1,3.2,3.15,1433,1.97920337176,724.028677621,22541,0.205015098046
17,"[200,300)","[3.5,3.75)",3.2,3.3,3.25,1337,2.04203522483,654.738950504,23878,0.217175392003
17,"[200,300)","[3.5,3.75)",3.3,3.4,3.35,1431,2.10486707791,679.852906163,25309,0.230190635573
17,"[200,300)","[3.5,3.75)",3.4,3.5,3.45,1559,2.16769893098,719.195815305,26868,0.244370065849
17,"[200,300)","[3.5,3.75)",3.5,3.6,3.55,1539,2.23053078405,689.970302587,28407,0.258367591953
17,"[200,300)","[3.5,3.75)",3.6,3.7,3.65,1616,2.29336263712,704.642159004,30023,0.273065449121
17,"[200,300)","[3.5,3.75)",3.7,3.8,3.75,1547,2.35619449019,656.567191902,31570,0.287135736894
17,"[200,300)","[3.5,3.75)",3.8,3.9,3.85,1694,2.41902634326,700.281749604,33264,0.302543020337
17,"[200,300)","[3.5,3.75)",3.9,4,3.95,1695,2.48185819634,682.956021622,34959,0.317959398989
17,"[200,300)","[3.5,3.75)",4,4.1,4.05,1692,2.54469004941,664.913984473,36651,0.333348492014
17,"[200,300)","[3.5,3.75)",4.1,4.2,4.15,1743,2.60752190248,668.450760986,38394,0.349201440681
17,"[200,300)","[3.5,3.75)",4.2,4.3,4.25,1817,2.67035375555,680.434191995,40211,0.365727434787
17,"[200,300)","[3.5,3.75)",4.3,4.4,4.35,1877,2.73318560862,686.744432606,42088,0.382799141412
17,"[200,300)","[3.5,3.75)",4.4,4.5,4.45,1864,2.79601746169,666.662503198,43952,0.399752610325
17,"[200,300)","[3.5,3.75)",4.5,4.6,4.55,1913,2.85884931477,669.150343153,45865,0.417151744461
17,"[200,300)","[3.5,3.75)",4.6,4.7,4.65,2004,2.92168116784,685.906464422,47869,0.435378542584
17,"[200,300)","[3.5,3.75)",4.7,4.8,4.75,1980,2.98451302091,663.424815415,49849,0.453387055699
17,"[200,300)","[3.5,3.75)",4.8,4.9,4.85,2023,3.04734487398,663.85659768,51872,0.471786662786
17,"[200,300)","[3.5,3.75)",4.9,5,4.95,1974,3.11017672705,634.690621542,53846,0.489740604649
17,"[200,300)","[3.5,3.75)",5,5.1,5.05,2044,3.17300858013,644.183571643,55890,0.508331211118
17,"[200,300)","[3.5,3.75)",5.1,5.2,5.15,2020,3.2358404332,624.25822339,57910,0.526703532579
17,"[200,300)","[3.5,3.75)",5.2,5.3,5.25,2082,3.29867228627,631.163031462,59992,0.545639756976
17,"[200,300)","[3.5,3.75)",5.3,5.4,5.35,2071,3.36150413934,616.093246997,62063,0.564475934078
17,"[200,300)","[3.5,3.75)",5.4,5.5,5.45,2148,3.42433599241,627.274894975,64211,0.584012442245
17,"[200,300)","[3.5,3.75)",5.5,5.6,5.55,2066,3.48716784548,592.45786023,66277,0.602803143304
17,"[200,300)","[3.5,3.75)",5.6,5.7,5.65,2075,3.54999969856,584.507091886,68352,0.621675701241
17,"[200,300)","[3.5,3.75)",5.7,5.8,5.75,2085,3.61283155163,577.109663211,70437,0.640639211264
17,"[200,300)","[3.5,3.75)",5.8,5.9,5.85,2034,3.6756634047,553.369494443,72471,0.659138865646
17,"[200,300)","[3.5,3.75)",5.9,6,5.95,2083,3.73849525777,557.176044471,74554,0.678084185251
17,"[200,300)","[3.5,3.75)",6,6.1,6.05,2006,3.80132711084,527.710439409,76560,0.696329173791
17,"[200,300)","[3.5,3.75)",6.1,6.2,6.15,2035,3.86415896392,526.634649093,78595,0.714837923382
17,"[200,300)","[3.5,3.75)",6.2,6.3,6.25,2011,3.92699081699,512.096944892,80606,0.733128387965
17,"[200,300)","[3.5,3.75)",6.3,6.4,6.35,1910,3.98982267006,478.718017804,82516,0.750500236475
17,"[200,300)","[3.5,3.75)",6.4,6.5,6.45,1889,4.05265452313,466.114244187,84405,0.767681085604
17,"[200,300)","[3.5,3.75)",6.5,6.6,6.55,1863,4.1154863762,452.68039539,86268,0.784625459308
17,"[200,300)","[3.5,3.75)",6.6,6.7,6.65,1748,4.17831822927,418.350136127,88016,0.800523884018
17,"[200,300)","[3.5,3.75)",6.7,6.8,6.75,1677,4.24115008235,395.411614171,89693,0.815776548914
17,"[200,300)","[3.5,3.75)",6.8,6.9,6.85,1560,4.30398193542,362.455052881,91253,0.829965074399
17,"[200,300)","[3.5,3.75)",6.9,7,6.95,1465,4.36681378849,335.484880043,92718,0.843289555062
17,"[200,300)","[3.5,3.75)",7,7.1,7.05,1383,4.42964564156,312.214590491,94101,0.855868228617
17,"[200,300)","[3.5,3.75)",7.1,7.2,7.15,1324,4.49247749463,294.714887628,95425,0.867910284862
17,"[200,300)","[3.5,3.75)",7.2,7.3,7.25,1260,4.55530934771,276.600314891,96685,0.879370247753
17,"[200,300)","[3.5,3.75)",7.3,7.4,7.35,1125,4.61814120078,243.604504732,97810,0.889602357478
17,"[200,300)","[3.5,3.75)",7.4,7.5,7.45,1024,4.68097305385,218.757935203,98834,0.89891585113
17,"[200,300)","[3.5,3.75)",7.5,7.6,7.55,967,4.74380490692,203.844807907,99801,0.907710917888
17,"[200,300)","[3.5,3.75)",7.6,7.7,7.65,807,4.80663675999,167.892861536,100608,0.915050751264
17,"[200,300)","[3.5,3.75)",7.7,7.8,7.75,779,4.86946861306,159.976387959,101387,0.922135918798
17,"[200,300)","[3.5,3.75)",7.8,7.9,7.85,713,4.93230046614,144.557292261,102100,0.928620802561
17,"[200,300)","[3.5,3.75)",7.9,8,7.95,710,4.99513231921,142.138376849,102810,0.935078400699
17,"[200,300)","[3.5,3.75)",8,8.1,8.05,591,5.05796417228,116.84543027,103401,0.940453669007
17,"[200,300)","[3.5,3.75)",8.1,8.2,8.15,563,5.12079602535,109.943844124,103964,0.945574271474
17,"[200,300)","[3.5,3.75)",8.2,8.3,8.25,508,5.18362787842,98.0008619281,104472,0.950194637465
17,"[200,300)","[3.5,3.75)",8.3,8.4,8.35,441,5.24645973149,84.0566825192,104913,0.954205624477
17,"[200,300)","[3.5,3.75)",8.4,8.5,8.45,427,5.30929158457,80.4250422488,105340,0.958089278568
17,"[200,300)","[3.5,3.75)",8.5,8.6,8.55,379,5.37212343764,70.5493841308,105719,0.961536362644
17,"[200,300)","[3.5,3.75)",8.6,8.7,8.65,368,5.43495529071,67.7098486218,106087,0.964883399425
17,"[200,300)","[3.5,3.75)",8.7,8.8,8.75,302,5.49778714378,54.9311917871,106389,0.967630152436
17,"[200,300)","[3.5,3.75)",8.8,8.9,8.85,297,5.56061899685,53.4113198851,106686,0.970331429403
17,"[200,300)","[3.5,3.75)",8.9,9,8.95,276,5.62345084993,49.080183568,106962,0.972841706989
17,"[200,300)","[3.5,3.75)",9,9.1,9.05,228,5.686282703,40.0964939502,107190,0.97491541456
17,"[200,300)","[3.5,3.75)",9.1,9.2,9.15,206,5.74911455607,35.8316046742,107396,0.97678902754
17,"[200,300)","[3.5,3.75)",9.2,9.3,9.25,187,5.81194640914,32.1751074143,107583,0.978489831557
17,"[200,300)","[3.5,3.75)",9.3,9.4,9.35,185,5.87477826221,31.4905502374,107768,0.980172445156
17,"[200,300)","[3.5,3.75)",9.4,9.5,9.45,186,5.93761011528,31.3257348308,107954,0.981864153964
17,"[200,300)","[3.5,3.75)",9.5,9.6,9.55,137,6.00044196836,22.8316515221,108091,0.983110197548
17,"[200,300)","[3.5,3.75)",9.6,9.7,9.65,152,6.06327382143,25.0689651295,108243,0.984492669262
17,"[200,300)","[3.5,3.75)",9.7,9.8,9.75,132,6.1261056745,21.5471307571,108375,0.985693236803
17,"[200,300)","[3.5,3.75)",9.8,9.9,9.85,124,6.18893752757,20.0357491811,108499,0.986821042675
17,"[200,300)","[3.5,3.75)",9.9,10,9.95,125,6.25176938064,19.9943395844,108624,0.987957943755
17,"[200,300)","[3.5,3.75)",10,10.1,10.05,83,6.31460123372,13.1441395787,108707,0.988712846073
17,"[200,300)","[3.5,3.75)",10.1,10.2,10.15,96,6.37743308679,15.0530783614,108803,0.989585986103
17,"[200,300)","[3.5,3.75)",10.2,10.3,10.25,93,6.44026493986,14.4403997147,108896,0.990431840506
17,"[200,300)","[3.5,3.75)",10.3,10.4,10.35,83,6.50309679293,12.7631500257,108979,0.991186742824
17,"[200,300)","[3.5,3.75)",10.4,10.5,10.45,81,6.565928646,12.3364118569,109060,0.991923454724
17,"[200,300)","[3.5,3.75)",10.5,10.6,10.55,66,6.62876049907,9.95661255362,109126,0.992523738495
17,"[200,300)","[3.5,3.75)",10.6,10.7,10.65,86,6.69159235215,12.8519484562,109212,0.993305926438
17,"[200,300)","[3.5,3.75)",10.7,10.8,10.75,68,6.75442420522,10.06747547,109280,0.993924400626
17,"[200,300)","[3.5,3.75)",10.8,10.9,10.85,64,6.81725605829,9.38794134367,109344,0.994506493979
17,"[200,300)","[3.5,3.75)",10.9,11,10.95,60,6.88008791136,8.72081879956,109404,0.995052206498
17,"[200,300)","[3.5,3.75)",11,11.1,11.05,53,6.94291976443,7.6336760035,109457,0.995534252556
17,"[200,300)","[3.5,3.75)",11.1,11.2,11.15,50,7.00575161751,7.13699296376,109507,0.995989012988
17,"[200,300)","[3.5,3.75)",11.2,11.3,11.25,56,7.06858347058,7.92237938946,109563,0.996498344672
17,"[200,300)","[3.5,3.75)",11.3,11.4,11.35,54,7.13141532365,7.57212945107,109617,0.996989485939
17,"[200,300)","[3.5,3.75)",11.4,11.5,11.45,66,7.19424717672,9.17399671971,109683,0.997589769709
17,"[200,300)","[3.5,3.75)",11.5,11.6,11.55,49,7.25707902979,6.75202788875,109732,0.998035434933
17,"[200,300)","[3.5,3.75)",11.6,11.7,11.65,70,7.31991088286,9.56295795402,109802,0.998672099538
17,"[200,300)","[3.5,3.75)",11.7,11.8,11.75,42,7.38274273594,5.68894264669,109844,0.999054098301
17,"[200,300)","[3.5,3.75)",11.8,11.9,11.85,54,7.44557458901,7.25263031811,109898,0.999545239568
17,"[200,300)","[3.5,3.75)",11.9,12,11.95,50,7.50840644208,6.65920263983,109948,1
18,"[200,300)","[3.75,4.0)",0,0.1,0.05,5,0.0314159265359,159.154943092,5,9.36522504636e-05
18,"[200,300)","[3.75,4.0)",0.1,0.2,0.15,19,0.0942477796077,201.59626125,24,0.000449530802225
18,"[200,300)","[3.75,4.0)",0.2,0.3,0.25,45,0.157079632679,286.478897565,69,0.0012924010564
18,"[200,300)","[3.75,4.0)",0.3,0.4,0.35,92,0.219911485751,418.350136127,161,0.00301560246493
18,"[200,300)","[3.75,4.0)",0.4,0.5,0.45,109,0.282743338823,385.508639934,270,0.00505722152503
18,"[200,300)","[3.75,4.0)",0.5,0.6,0.55,143,0.345575191895,413.802852039,413,0.00773567588829
18,"[200,300)","[3.75,4.0)",0.6,0.7,0.65,148,0.408407044967,362.383562732,561,0.010507782502
18,"[200,300)","[3.75,4.0)",0.7,0.8,0.75,190,0.471238898038,403.192522499,751,0.0140665680196
18,"[200,300)","[3.75,4.0)",0.8,0.9,0.85,169,0.53407075111,316.437475089,920,0.0172320140853
18,"[200,300)","[3.75,4.0)",0.9,1,0.95,192,0.596902604182,321.660516565,1112,0.0208282605031
18,"[200,300)","[3.75,4.0)",1,1.1,1.05,240,0.659734457254,363.782727067,1352,0.0253235685254
18,"[200,300)","[3.75,4.0)",1.1,1.2,1.15,237,0.722566310326,327.997578372,1589,0.0297626851973
18,"[200,300)","[3.75,4.0)",1.2,1.3,1.25,257,0.785398163397,327.222562997,1846,0.0345764108712
18,"[200,300)","[3.75,4.0)",1.3,1.4,1.35,288,0.848230016469,339.530545263,2134,0.0399707804979
18,"[200,300)","[3.75,4.0)",1.4,1.5,1.45,308,0.911061869541,338.067051533,2442,0.0457397591264
18,"[200,300)","[3.75,4.0)",1.5,1.6,1.55,360,0.973893722613,369.650190407,2802,0.0524827211598
18,"[200,300)","[3.75,4.0)",1.6,1.7,1.65,370,1.03672557568,356.892902691,3172,0.0594129876941
18,"[200,300)","[3.75,4.0)",1.7,1.8,1.75,364,1.09955742876,331.042281631,3536,0.0662308715278
18,"[200,300)","[3.75,4.0)",1.8,1.9,1.85,393,1.16238928183,338.096716947,3929,0.0735919384143
18,"[200,300)","[3.75,4.0)",1.9,2,1.95,402,1.2252211349,328.104036528,4331,0.0811215793516
18,"[200,300)","[3.75,4.0)",2,2.1,2.05,454,1.28805298797,352.46997153,4785,0.0896252036936
18,"[200,300)","[3.75,4.0)",2.1,2.2,2.15,430,1.35088484104,318.309886184,5215,0.0976792972335
18,"[200,300)","[3.75,4.0)",2.2,2.3,2.25,444,1.41371669412,314.065754368,5659,0.105995617075
18,"[200,300)","[3.75,4.0)",2.3,2.4,2.35,489,1.47654854719,331.177732647,6148,0.11515480717
18,"[200,300)","[3.75,4.0)",2.4,2.5,2.45,513,1.53938040026,333.250962474,6661,0.124763528068
18,"[200,300)","[3.75,4.0)",2.5,2.6,2.55,550,1.60221225333,343.275367453,7211,0.135065275619
18,"[200,300)","[3.75,4.0)",2.6,2.7,2.65,528,1.6650441064,317.108716802,7739,0.144954953268
18,"[200,300)","[3.75,4.0)",2.7,2.8,2.75,588,1.72787595947,340.302205593,8327,0.155968457922
18,"[200,300)","[3.75,4.0)",2.8,2.9,2.85,605,1.79070781255,337.855230072,8932,0.167300380228
18,"[200,300)","[3.75,4.0)",2.9,3,2.95,575,1.85353966562,310.217261959,9507,0.178070389031
18,"[200,300)","[3.75,4.0)",3,3.1,3.05,587,1.91637151869,306.308038016,10094,0.189065163236
18,"[200,300)","[3.75,4.0)",3.1,3.2,3.15,656,1.97920337176,331.446484661,10750,0.201352338497
18,"[200,300)","[3.75,4.0)",3.2,3.3,3.25,633,2.04203522483,309.984858391,11383,0.213208713405
18,"[200,300)","[3.75,4.0)",3.3,3.4,3.35,684,2.10486707791,324.961137537,12067,0.226020341269
18,"[200,300)","[3.75,4.0)",3.4,3.5,3.45,683,2.16769893098,315.080655454,12750,0.238813238682
18,"[200,300)","[3.75,4.0)",3.5,3.6,3.55,751,2.23053078405,336.691161301,13501,0.252879806702
18,"[200,300)","[3.75,4.0)",3.6,3.7,3.65,758,2.29336263712,330.519032503,14259,0.267077487872
18,"[200,300)","[3.75,4.0)",3.7,3.8,3.75,712,2.35619449019,302.182185284,14971,0.280413568338
18,"[200,300)","[3.75,4.0)",3.8,3.9,3.85,723,2.41902634326,298.880581443,15694,0.293955683755
18,"[200,300)","[3.75,4.0)",3.9,4,3.95,763,2.48185819634,307.430940707,16457,0.308247017176
18,"[200,300)","[3.75,4.0)",4,4.1,4.05,835,2.54469004941,328.134265387,17292,0.323886943003
18,"[200,300)","[3.75,4.0)",4.1,4.2,4.15,809,2.60752190248,310.256262557,18101,0.339039877128
18,"[200,300)","[3.75,4.0)",4.2,4.3,4.25,837,2.67035375555,313.441617336,18938,0.354717263856
18,"[200,300)","[3.75,4.0)",4.3,4.4,4.35,806,2.73318560862,294.89398651,19744,0.369814006631
18,"[200,300)","[3.75,4.0)",4.4,4.5,4.45,845,2.79601746169,302.215566096,20589,0.385641236959
18,"[200,300)","[3.75,4.0)",4.5,4.6,4.55,848,2.85884931477,296.622838993,21437,0.401524658638
18,"[200,300)","[3.75,4.0)",4.6,4.7,4.65,881,2.92168116784,301.538720138,22318,0.418026185169
18,"[200,300)","[3.75,4.0)",4.7,4.8,4.75,893,2.98451302091,299.211293013,23211,0.434752477102
18,"[200,300)","[3.75,4.0)",4.8,4.9,4.85,916,3.04734487398,300.589542004,24127,0.451909569387
18,"[200,300)","[3.75,4.0)",4.9,5,4.95,872,3.11017672705,280.369919952,24999,0.468242521868
18,"[200,300)","[3.75,4.0)",5,5.1,5.05,851,3.17300858013,268.199715983,25850,0.484182134897
18,"[200,300)","[3.75,4.0)",5.1,5.2,5.15,907,3.2358404332,280.298123076,26757,0.501170653131
18,"[200,300)","[3.75,4.0)",5.2,5.3,5.25,897,3.29867228627,271.927588483,27654,0.517971866864
18,"[200,300)","[3.75,4.0)",5.3,5.4,5.35,877,3.36150413934,260.895112321,28531,0.534398471595
18,"[200,300)","[3.75,4.0)",5.4,5.5,5.45,847,3.42433599241,247.347223484,29378,0.550263162824
18,"[200,300)","[3.75,4.0)",5.5,5.6,5.55,858,3.48716784548,246.04493905,30236,0.566333889003
18,"[200,300)","[3.75,4.0)",5.6,5.7,5.65,895,3.54999969856,252.112697464,31131,0.583097641836
18,"[200,300)","[3.75,4.0)",5.7,5.8,5.75,819,3.61283155163,226.691997204,31950,0.598437880462
18,"[200,300)","[3.75,4.0)",5.8,5.9,5.85,867,3.6756634047,235.875787454,32817,0.614677180693
18,"[200,300)","[3.75,4.0)",5.9,6,5.95,858,3.73849525777,229.504102812,33675,0.630747906872
18,"[200,300)","[3.75,4.0)",6,6.1,6.05,902,3.80132711084,237.285551519,34577,0.647642772856
18,"[200,300)","[3.75,4.0)",6.1,6.2,6.15,842,3.86415896392,217.899938347,35419,0.663413811834
18,"[200,300)","[3.75,4.0)",6.2,6.3,6.25,854,3.92699081699,217.469314241,36273,0.679409616213
18,"[200,300)","[3.75,4.0)",6.3,6.4,6.35,838,3.98982267006,210.03439734,37111,0.695105733391
18,"[200,300)","[3.75,4.0)",6.4,6.5,6.45,777,4.05265452313,191.72618726,37888,0.709659293113
18,"[200,300)","[3.75,4.0)",6.5,6.6,6.55,756,4.1154863762,183.696392332,38644,0.723819513383
18,"[200,300)","[3.75,4.0)",6.6,6.7,6.65,779,4.17831822927,186.438647622,39423,0.738410534005
18,"[200,300)","[3.75,4.0)",6.7,6.8,6.75,785,4.24115008235,185.091304188,40208,0.753113937328
18,"[200,300)","[3.75,4.0)",6.8,6.9,6.85,755,4.30398193542,175.418951875,40963,0.767255427148
18,"[200,300)","[3.75,4.0)",6.9,7,6.95,680,4.36681378849,155.71994432,41643,0.779992133211
18,"[200,300)","[3.75,4.0)",7,7.1,7.05,710,4.42964564156,160.283701554,42353,0.793290752777
18,"[200,300)","[3.75,4.0)",7.1,7.2,7.15,629,4.49247749463,140.011831056,42982,0.805072205885
18,"[200,300)","[3.75,4.0)",7.2,7.3,7.25,617,4.55530934771,135.446344673,43599,0.816628893592
18,"[200,300)","[3.75,4.0)",7.3,7.4,7.35,589,4.61814120078,127.540491811,44188,0.827661128697
18,"[200,300)","[3.75,4.0)",7.4,7.5,7.45,541,4.68097305385,115.574260688,44729,0.837794302197
18,"[200,300)","[3.75,4.0)",7.5,7.6,7.55,530,4.74380490692,111.724662038,45259,0.847721440746
18,"[200,300)","[3.75,4.0)",7.6,7.7,7.65,470,4.80663675999,97.7814683048,45729,0.85652475229
18,"[200,300)","[3.75,4.0)",7.7,7.8,7.75,501,4.86946861306,102.885969663,46230,0.865908707786
18,"[200,300)","[3.75,4.0)",7.8,7.9,7.85,451,4.93230046614,91.4380628464,46681,0.874356140778
18,"[200,300)","[3.75,4.0)",7.9,8,7.95,462,4.99513231921,92.4900424006,47143,0.883009608721
18,"[200,300)","[3.75,4.0)",8,8.1,8.05,430,5.05796417228,85.0144416516,47573,0.891063702261
18,"[200,300)","[3.75,4.0)",8.1,8.2,8.15,387,5.12079602535,75.5741877013,47960,0.898312386447
18,"[200,300)","[3.75,4.0)",8.2,8.3,8.25,396,5.18362787842,76.3943726841,48356,0.905729644683
18,"[200,300)","[3.75,4.0)",8.3,8.4,8.35,352,5.24645973149,67.0928622375,48708,0.912322763116
18,"[200,300)","[3.75,4.0)",8.4,8.5,8.45,319,5.30929158457,60.0833453803,49027,0.918297776696
18,"[200,300)","[3.75,4.0)",8.5,8.6,8.55,313,5.37212343764,58.2637394009,49340,0.924160407575
18,"[200,300)","[3.75,4.0)",8.6,8.7,8.65,292,5.43495529071,53.7262929281,49632,0.929629699002
18,"[200,300)","[3.75,4.0)",8.7,8.8,8.75,285,5.49778714378,51.8390386071,49917,0.934967877278
18,"[200,300)","[3.75,4.0)",8.8,8.9,8.85,272,5.56061899685,48.9154175378,50189,0.940062559703
18,"[200,300)","[3.75,4.0)",8.9,9,8.95,246,5.62345084993,43.7453810063,50435,0.944670250426
18,"[200,300)","[3.75,4.0)",9,9.1,9.05,246,5.686282703,43.2620066305,50681,0.949277941149
18,"[200,300)","[3.75,4.0)",9.1,9.2,9.15,221,5.74911455607,38.440702102,50902,0.953417370619
18,"[200,300)","[3.75,4.0)",9.2,9.3,9.25,169,5.81194640914,29.0780382514,51071,0.956582816685
18,"[200,300)","[3.75,4.0)",9.3,9.4,9.35,184,5.87477826221,31.320331047,51255,0.960029219502
18,"[200,300)","[3.75,4.0)",9.4,9.5,9.45,161,5.93761011528,27.1152866008,51416,0.963044821967
18,"[200,300)","[3.75,4.0)",9.5,9.6,9.55,159,6.00044196836,26.4980481169,51575,0.966022963532
18,"[200,300)","[3.75,4.0)",9.6,9.7,9.65,132,6.06327382143,21.7704170861,51707,0.968495382944
18,"[200,300)","[3.75,4.0)",9.7,9.8,9.75,134,6.1261056745,21.8736024352,51841,0.971005263256
18,"[200,300)","[3.75,4.0)",9.8,9.9,9.85,130,6.18893752757,21.0052209157,51971,0.973440221769
18,"[200,300)","[3.75,4.0)",9.9,10,9.95,116,6.25176938064,18.5547471343,52087,0.975612953979
18,"[200,300)","[3.75,4.0)",10,10.1,10.05,111,6.31460123372,17.5783071475,52198,0.97769203394
18,"[200,300)","[3.75,4.0)",10.1,10.2,10.15,111,6.37743308679,17.4051218554,52309,0.9797711139
18,"[200,300)","[3.75,4.0)",10.2,10.3,10.25,99,6.44026493986,15.3720384059,52408,0.981625428459
18,"[200,300)","[3.75,4.0)",10.3,10.4,10.35,88,6.50309679293,13.5320144851,52496,0.983273708067
18,"[200,300)","[3.75,4.0)",10.4,10.5,10.45,83,6.565928646,12.6410146188,52579,0.984828335425
18,"[200,300)","[3.75,4.0)",10.5,10.6,10.55,83,6.62876049907,12.521194575,52662,0.986382962783
18,"[200,300)","[3.75,4.0)",10.6,10.7,10.65,79,6.69159235215,11.8058596284,52741,0.98786266834
18,"[200,300)","[3.75,4.0)",10.7,10.8,10.75,69,6.75442420522,10.2155265799,52810,0.989155069396
18,"[200,300)","[3.75,4.0)",10.8,10.9,10.85,60,6.81725605829,8.80119500969,52870,0.990278896402
18,"[200,300)","[3.75,4.0)",10.9,11,10.95,78,6.88008791136,11.3370644394,52948,0.991739871509
18,"[200,300)","[3.75,4.0)",11,11.1,11.05,62,6.94291976443,8.92996060787,53010,0.992901159415
18,"[200,300)","[3.75,4.0)",11.1,11.2,11.15,59,7.00575161751,8.42165169724,53069,0.99400625597
18,"[200,300)","[3.75,4.0)",11.2,11.3,11.25,52,7.06858347058,7.35649514736,53121,0.994980239375
18,"[200,300)","[3.75,4.0)",11.3,11.4,11.35,44,7.13141532365,6.16988325643,53165,0.995804379179
18,"[200,300)","[3.75,4.0)",11.4,11.5,11.45,33,7.19424717672,4.58699835985,53198,0.996422484032
18,"[200,300)","[3.75,4.0)",11.5,11.6,11.55,45,7.25707902979,6.20084193865,53243,0.997265354286
18,"[200,300)","[3.75,4.0)",11.6,11.7,11.65,33,7.31991088286,4.50825160689,53276,0.99788345914
18,"[200,300)","[3.75,4.0)",11.7,11.8,11.75,45,7.38274273594,6.09529569288,53321,0.998726329394
18,"[200,300)","[3.75,4.0)",11.8,11.9,11.85,36,7.44557458901,4.83508687874,53357,0.999400625597
18,"[200,300)","[3.75,4.0)",11.9,12,11.95,32,7.50840644208,4.26188968949,53389,1
19,"[200,300)","[4.0,4.25)",0,0.1,0.05,4,0.0314159265359,127.323954474,4,0.000177635669242
19,"[200,300)","[4.0,4.25)",0.1,0.2,0.15,17,0.0942477796077,180.375602171,21,0.000932587263523
19,"[200,300)","[4.0,4.25)",0.2,0.3,0.25,25,0.157079632679,159.154943092,46,0.00204281019629
19,"[200,300)","[4.0,4.25)",0.3,0.4,0.35,35,0.219911485751,159.154943092,81,0.00359712230216
19,"[200,300)","[4.0,4.25)",0.4,0.5,0.45,39,0.282743338823,137.934284013,120,0.00532907007727
19,"[200,300)","[4.0,4.25)",0.5,0.6,0.55,49,0.345575191895,141.792585664,169,0.00750510702549
19,"[200,300)","[4.0,4.25)",0.6,0.7,0.65,64,0.408407044967,156.706405506,233,0.0103472777334
19,"[200,300)","[4.0,4.25)",0.7,0.8,0.75,81,0.471238898038,171.887338539,314,0.0139444000355
19,"[200,300)","[4.0,4.25)",0.8,0.9,0.85,85,0.53407075111,159.154943092,399,0.0177191580069
19,"[200,300)","[4.0,4.25)",0.9,1,0.95,84,0.596902604182,140.726475997,483,0.021449507061
19,"[200,300)","[4.0,4.25)",1,1.1,1.05,88,0.659734457254,133.386999925,571,0.0253574917844
19,"[200,300)","[4.0,4.25)",1.1,1.2,1.15,90,0.722566310326,124.55604242,661,0.0293542943423
19,"[200,300)","[4.0,4.25)",1.2,1.3,1.25,113,0.785398163397,143.876068555,774,0.0343725019984
19,"[200,300)","[4.0,4.25)",1.3,1.4,1.35,127,0.848230016469,149.723539057,901,0.0400124344968
19,"[200,300)","[4.0,4.25)",1.4,1.5,1.45,137,0.911061869541,150.373980714,1038,0.0460964561684
19,"[200,300)","[4.0,4.25)",1.5,1.6,1.55,114,0.973893722613,117.055893629,1152,0.0511590727418
19,"[200,300)","[4.0,4.25)",1.6,1.7,1.65,144,1.03672557568,138.898859426,1296,0.0575539568345
19,"[200,300)","[4.0,4.25)",1.7,1.8,1.75,161,1.09955742876,146.422547645,1457,0.0647037925215
19,"[200,300)","[4.0,4.25)",1.8,1.9,1.85,162,1.16238928183,139.368112329,1619,0.0718980371259
19,"[200,300)","[4.0,4.25)",1.9,2,1.95,160,1.2252211349,130.588671255,1779,0.0790034638956
19,"[200,300)","[4.0,4.25)",2,2.1,2.05,157,1.28805298797,121.889395441,1936,0.0859756639133
19,"[200,300)","[4.0,4.25)",2.1,2.2,2.15,200,1.35088484104,148.051109853,2136,0.0948574473754
19,"[200,300)","[4.0,4.25)",2.2,2.3,2.25,192,1.41371669412,135.812218105,2328,0.103383959499
19,"[200,300)","[4.0,4.25)",2.3,2.4,2.35,207,1.47654854719,140.191800936,2535,0.112576605382
19,"[200,300)","[4.0,4.25)",2.4,2.5,2.45,186,1.53938040026,120.827834347,2721,0.120836664002
19,"[200,300)","[4.0,4.25)",2.5,2.6,2.55,233,1.60221225333,145.423928394,2954,0.131183941736
19,"[200,300)","[4.0,4.25)",2.6,2.7,2.65,221,1.6650441064,132.729216692,3175,0.140998312461
19,"[200,300)","[4.0,4.25)",2.7,2.8,2.75,215,1.72787595947,124.430228235,3390,0.150546229683
19,"[200,300)","[4.0,4.25)",2.8,2.9,2.85,232,1.79070781255,129.557708061,3622,0.160849098499
19,"[200,300)","[4.0,4.25)",2.9,3,2.95,214,1.85353966562,115.454772277,3836,0.170352606803
19,"[200,300)","[4.0,4.25)",3,3.1,3.05,261,1.91637151869,136.194885728,4097,0.181943334222
19,"[200,300)","[4.0,4.25)",3.1,3.2,3.15,266,1.97920337176,134.3975075,4363,0.193756106226
19,"[200,300)","[4.0,4.25)",3.2,3.3,3.25,268,2.04203522483,131.241614611,4631,0.205657696065
19,"[200,300)","[4.0,4.25)",3.3,3.4,3.35,259,2.10486707791,123.048150032,4890,0.217159605649
19,"[200,300)","[4.0,4.25)",3.4,3.5,3.45,264,2.16769893098,121.788130366,5154,0.228883559819
19,"[200,300)","[4.0,4.25)",3.5,3.6,3.55,268,2.23053078405,120.15077394,5422,0.240785149658
19,"[200,300)","[4.0,4.25)",3.6,3.7,3.65,247,2.29336263712,107.702112175,5669,0.251754152234
19,"[200,300)","[4.0,4.25)",3.7,3.8,3.75,274,2.35619449019,116.289211752,5943,0.263922195577
19,"[200,300)","[4.0,4.25)",3.8,3.9,3.85,299,2.41902634326,123.60344931,6242,0.277200461853
19,"[200,300)","[4.0,4.25)",3.9,4,3.95,279,2.48185819634,112.415769931,6521,0.289590549782
19,"[200,300)","[4.0,4.25)",4,4.1,4.05,285,2.54469004941,111.997922917,6806,0.302247091216
19,"[200,300)","[4.0,4.25)",4.1,4.2,4.15,285,2.60752190248,109.299177786,7091,0.314903632649
19,"[200,300)","[4.0,4.25)",4.2,4.3,4.25,296,2.67035375555,110.846736836,7387,0.328048672173
19,"[200,300)","[4.0,4.25)",4.3,4.4,4.35,295,2.73318560862,107.932662557,7682,0.34114930278
19,"[200,300)","[4.0,4.25)",4.4,4.5,4.45,295,2.79601746169,105.507209465,7977,0.354249933387
19,"[200,300)","[4.0,4.25)",4.5,4.6,4.55,334,2.85884931477,116.830221962,8311,0.369082511768
19,"[200,300)","[4.0,4.25)",4.6,4.7,4.65,337,2.92168116784,115.344550155,8648,0.384048316902
19,"[200,300)","[4.0,4.25)",4.7,4.8,4.75,296,2.98451302091,99.1786592741,8944,0.397193356426
19,"[200,300)","[4.0,4.25)",4.8,4.9,4.85,309,3.04734487398,101.399747248,9253,0.410915711875
19,"[200,300)","[4.0,4.25)",4.9,5,4.95,298,3.11017672705,95.8144909927,9551,0.424149569234
19,"[200,300)","[4.0,4.25)",5,5.1,5.05,325,3.17300858013,102.426448524,9876,0.438582467359
19,"[200,300)","[4.0,4.25)",5.1,5.2,5.15,328,3.2358404332,101.36470162,10204,0.453148592237
19,"[200,300)","[4.0,4.25)",5.2,5.3,5.25,303,3.29867228627,91.8551385845,10507,0.466604494182
19,"[200,300)","[4.0,4.25)",5.3,5.4,5.35,299,3.36150413934,88.9482766065,10806,0.479882760458
19,"[200,300)","[4.0,4.25)",5.4,5.5,5.45,311,3.42433599241,90.8205271589,11117,0.493693933742
19,"[200,300)","[4.0,4.25)",5.5,5.6,5.55,330,3.48716784548,94.6326688655,11447,0.508348876454
19,"[200,300)","[4.0,4.25)",5.6,5.7,5.65,352,3.54999969856,99.1549379971,11799,0.523980815348
19,"[200,300)","[4.0,4.25)",5.7,5.8,5.75,345,3.61283155163,95.4929658551,12144,0.53930189182
19,"[200,300)","[4.0,4.25)",5.8,5.9,5.85,311,3.6756634047,84.6105765839,12455,0.553113065103
19,"[200,300)","[4.0,4.25)",5.9,6,5.95,293,3.73849525777,78.373778699,12748,0.566124877875
19,"[200,300)","[4.0,4.25)",6,6.1,6.05,315,3.80132711084,82.8657968164,13063,0.580113686828
19,"[200,300)","[4.0,4.25)",6.1,6.2,6.15,286,3.86415896392,74.0135182509,13349,0.592814637179
19,"[200,300)","[4.0,4.25)",6.2,6.3,6.25,338,3.92699081699,86.0709932241,13687,0.60782485123
19,"[200,300)","[4.0,4.25)",6.3,6.4,6.35,301,3.98982267006,75.4419494026,13988,0.621191935341
19,"[200,300)","[4.0,4.25)",6.4,6.5,6.45,272,4.05265452313,67.1165031333,14260,0.633271160849
19,"[200,300)","[4.0,4.25)",6.5,6.6,6.55,309,4.1154863762,75.082255596,14569,0.646993516298
19,"[200,300)","[4.0,4.25)",6.6,6.7,6.65,277,4.17831822927,66.2946153932,14846,0.659294786393
19,"[200,300)","[4.0,4.25)",6.7,6.8,6.75,330,4.24115008235,77.8090832894,15176,0.673949729106
19,"[200,300)","[4.0,4.25)",6.8,6.9,6.85,275,4.30398193542,63.8943202194,15451,0.686162181366
19,"[200,300)","[4.0,4.25)",6.9,7,6.95,273,4.36681378849,62.5169776462,15724,0.698285815792
19,"[200,300)","[4.0,4.25)",7,7.1,7.05,261,4.42964564156,58.9211916979,15985,0.70987654321
19,"[200,300)","[4.0,4.25)",7.1,7.2,7.15,293,4.49247749463,65.2201375188,16278,0.722888355982
19,"[200,300)","[4.0,4.25)",7.2,7.3,7.25,253,4.55530934771,55.5395870376,16531,0.734123812061
19,"[200,300)","[4.0,4.25)",7.3,7.4,7.35,245,4.61814120078,53.0516476973,16776,0.745003996803
19,"[200,300)","[4.0,4.25)",7.4,7.5,7.45,262,4.68097305385,55.9712685773,17038,0.756639133138
19,"[200,300)","[4.0,4.25)",7.5,7.6,7.55,257,4.74380490692,54.175921026,17295,0.768052224887
19,"[200,300)","[4.0,4.25)",7.6,7.7,7.65,237,4.80663675999,49.3068255069,17532,0.778577138289
19,"[200,300)","[4.0,4.25)",7.7,7.8,7.75,226,4.86946861306,46.4116350178,17758,0.788613553602
19,"[200,300)","[4.0,4.25)",7.8,7.9,7.85,256,4.93230046614,51.9027585115,18014,0.799982236433
19,"[200,300)","[4.0,4.25)",7.9,8,7.95,234,4.99513231921,46.8456058912,18248,0.810373923084
19,"[200,300)","[4.0,4.25)",8,8.1,8.05,206,5.05796417228,40.7278487912,18454,0.81952216005
19,"[200,300)","[4.0,4.25)",8.1,8.2,8.15,198,5.12079602535,38.6658634751,18652,0.828315125677
19,"[200,300)","[4.0,4.25)",8.2,8.3,8.25,215,5.18362787842,41.4767427452,18867,0.837863042899
19,"[200,300)","[4.0,4.25)",8.3,8.4,8.35,232,5.24645973149,44.2202955657,19099,0.848165911715
19,"[200,300)","[4.0,4.25)",8.4,8.5,8.45,213,5.30929158457,40.1183466019,19312,0.857625011102
19,"[200,300)","[4.0,4.25)",8.5,8.6,8.55,193,5.37212343764,35.9262035283,19505,0.866195932143
19,"[200,300)","[4.0,4.25)",8.6,8.7,8.65,170,5.43495529071,31.2790061568,19675,0.873745448086
19,"[200,300)","[4.0,4.25)",8.7,8.8,8.75,181,5.49778714378,32.9223367996,19856,0.881783462119
19,"[200,300)","[4.0,4.25)",8.8,8.9,8.85,160,5.56061899685,28.7737750223,20016,0.888888888889
19,"[200,300)","[4.0,4.25)",8.9,9,8.95,164,5.62345084993,29.1635873375,20180,0.896171951328
19,"[200,300)","[4.0,4.25)",9,9.1,9.05,150,5.686282703,26.3792723357,20330,0.902833288924
19,"[200,300)","[4.0,4.25)",9.1,9.2,9.15,152,5.74911455607,26.4388539344,20482,0.909583444356
19,"[200,300)","[4.0,4.25)",9.2,9.3,9.25,148,5.81194640914,25.4647908947,20630,0.916155964118
19,"[200,300)","[4.0,4.25)",9.3,9.4,9.35,138,5.87477826221,23.4902482852,20768,0.922284394706
19,"[200,300)","[4.0,4.25)",9.4,9.5,9.45,124,5.93761011528,20.8838232205,20892,0.927791100453
19,"[200,300)","[4.0,4.25)",9.5,9.6,9.55,111,6.00044196836,18.4986373646,21003,0.932720490274
19,"[200,300)","[4.0,4.25)",9.6,9.7,9.65,109,6.06327382143,17.9770868363,21112,0.937561062261
19,"[200,300)","[4.0,4.25)",9.7,9.8,9.75,109,6.1261056745,17.7927064585,21221,0.942401634248
19,"[200,300)","[4.0,4.25)",9.8,9.9,9.85,101,6.18893752757,16.3194408653,21322,0.946886934897
19,"[200,300)","[4.0,4.25)",9.9,10,9.95,109,6.25176938064,17.4350641176,21431,0.951727506883
19,"[200,300)","[4.0,4.25)",10,10.1,10.05,82,6.31460123372,12.9857764513,21513,0.955369038103
19,"[200,300)","[4.0,4.25)",10.1,10.2,10.15,83,6.37743308679,13.0146406666,21596,0.95905497824
19,"[200,300)","[4.0,4.25)",10.2,10.3,10.25,80,6.44026493986,12.4218492169,21676,0.962607691624
19,"[200,300)","[4.0,4.25)",10.3,10.4,10.35,72,6.50309679293,11.0716482151,21748,0.965805133671
19,"[200,300)","[4.0,4.25)",10.4,10.5,10.45,69,6.565928646,10.5087952855,21817,0.968869348965
19,"[200,300)","[4.0,4.25)",10.5,10.6,10.55,74,6.62876049907,11.1634746813,21891,0.972155608846
19,"[200,300)","[4.0,4.25)",10.6,10.7,10.65,60,6.69159235215,8.96647566715,21951,0.974820143885
19,"[200,300)","[4.0,4.25)",10.7,10.8,10.75,56,6.75442420522,8.29086215176,22007,0.977307043254
19,"[200,300)","[4.0,4.25)",10.8,10.9,10.85,63,6.81725605829,9.24125476017,22070,0.980104805045
19,"[200,300)","[4.0,4.25)",10.9,11,10.95,60,6.88008791136,8.72081879956,22130,0.982769340083
19,"[200,300)","[4.0,4.25)",11,11.1,11.05,46,6.94291976443,6.62545464455,22176,0.98481215028
19,"[200,300)","[4.0,4.25)",11.1,11.2,11.15,47,7.00575161751,6.70877338594,22223,0.986899369393
19,"[200,300)","[4.0,4.25)",11.2,11.3,11.25,37,7.06858347058,5.23442923947,22260,0.988542499334
19,"[200,300)","[4.0,4.25)",11.3,11.4,11.35,39,7.13141532365,5.4687601591,22299,0.990274447109
19,"[200,300)","[4.0,4.25)",11.4,11.5,11.45,40,7.19424717672,5.55999801194,22339,0.992050803801
19,"[200,300)","[4.0,4.25)",11.5,11.6,11.55,35,7.25707902979,4.82287706339,22374,0.993605115907
19,"[200,300)","[4.0,4.25)",11.6,11.7,11.65,34,7.31991088286,4.64486529195,22408,0.995115019096
19,"[200,300)","[4.0,4.25)",11.7,11.8,11.75,42,7.38274273594,5.68894264669,22450,0.996980193623
19,"[200,300)","[4.0,4.25)",11.8,11.9,11.85,37,7.44557458901,4.9693948476,22487,0.998623323563
19,"[200,300)","[4.0,4.25)",11.9,12,11.95,31,7.50840644208,4.12870563669,22518,1
20,"[200,300)","[4.25,4.5)",0,0.1,0.05,1,0.0314159265359,31.8309886184,1,0.00011784115013
20,"[200,300)","[4.25,4.5)",0.1,0.2,0.15,7,0.0942477796077,74.2723067762,8,0.000942729201037
20,"[200,300)","[4.25,4.5)",0.2,0.3,0.25,6,0.157079632679,38.1971863421,14,0.00164977610181
20,"[200,300)","[4.25,4.5)",0.3,0.4,0.35,13,0.219911485751,59.1146931484,27,0.0031817110535
20,"[200,300)","[4.25,4.5)",0.4,0.5,0.45,14,0.282743338823,49.5148711841,41,0.00483148715531
20,"[200,300)","[4.25,4.5)",0.5,0.6,0.55,14,0.345575191895,40.5121673325,55,0.00648126325713
20,"[200,300)","[4.25,4.5)",0.6,0.7,0.65,19,0.408407044967,46.5222141346,74,0.00872024510959
20,"[200,300)","[4.25,4.5)",0.7,0.8,0.75,28,0.471238898038,59.417845421,102,0.0120197973132
20,"[200,300)","[4.25,4.5)",0.8,0.9,0.85,38,0.53407075111,71.1516216176,140,0.0164977610181
20,"[200,300)","[4.25,4.5)",0.9,1,0.95,24,0.596902604182,40.2075645706,164,0.0193259486213
20,"[200,300)","[4.25,4.5)",1,1.1,1.05,33,0.659734457254,50.0201249717,197,0.0232147065755
20,"[200,300)","[4.25,4.5)",1.1,1.2,1.15,36,0.722566310326,49.8224169679,233,0.0274569879802
20,"[200,300)","[4.25,4.5)",1.2,1.3,1.25,37,0.785398163397,47.1098631552,270,0.031817110535
20,"[200,300)","[4.25,4.5)",1.3,1.4,1.35,41,0.848230016469,48.3359456798,311,0.0366485976903
20,"[200,300)","[4.25,4.5)",1.4,1.5,1.45,33,0.911061869541,36.2214698071,344,0.0405373556446
20,"[200,300)","[4.25,4.5)",1.5,1.6,1.55,45,0.973893722613,46.2062738009,389,0.0458402074004
20,"[200,300)","[4.25,4.5)",1.6,1.7,1.65,41,1.03672557568,39.5475919198,430,0.0506716945557
20,"[200,300)","[4.25,4.5)",1.7,1.8,1.75,57,1.09955742876,51.8390386071,487,0.0573886401131
20,"[200,300)","[4.25,4.5)",1.8,1.9,1.85,54,1.16238928183,46.456037443,541,0.0637520622201
20,"[200,300)","[4.25,4.5)",1.9,2,1.95,58,1.2252211349,47.3383933299,599,0.0705868489276
20,"[200,300)","[4.25,4.5)",2,2.1,2.05,55,1.28805298797,42.7001066832,654,0.0770681121848
20,"[200,300)","[4.25,4.5)",2.1,2.2,2.15,64,1.35088484104,47.3763551529,718,0.0846099457931
20,"[200,300)","[4.25,4.5)",2.2,2.3,2.25,67,1.41371669412,47.3928052763,785,0.0925053028518
20,"[200,300)","[4.25,4.5)",2.3,2.4,2.35,53,1.47654854719,35.8945190803,838,0.0987508838086
20,"[200,300)","[4.25,4.5)",2.4,2.5,2.45,70,1.53938040026,45.4728408834,908,0.106999764318
20,"[200,300)","[4.25,4.5)",2.5,2.6,2.55,61,1.60221225333,38.0723589357,969,0.114188074476
20,"[200,300)","[4.25,4.5)",2.6,2.7,2.65,74,1.6650441064,44.4432671275,1043,0.122908319585
20,"[200,300)","[4.25,4.5)",2.7,2.8,2.75,79,1.72787595947,45.7208745609,1122,0.132217770445
20,"[200,300)","[4.25,4.5)",2.8,2.9,2.85,90,1.79070781255,50.2594557132,1212,0.142823473957
20,"[200,300)","[4.25,4.5)",2.9,3,2.95,94,1.85353966562,50.7137784767,1306,0.153900542069
20,"[200,300)","[4.25,4.5)",3,3.1,3.05,90,1.91637151869,46.9637536992,1396,0.164506245581
20,"[200,300)","[4.25,4.5)",3.1,3.2,3.15,88,1.97920337176,44.4623333082,1484,0.174876266792
20,"[200,300)","[4.25,4.5)",3.2,3.3,3.25,78,2.04203522483,38.1971863421,1562,0.184067876502
20,"[200,300)","[4.25,4.5)",3.3,3.4,3.35,74,2.10486707791,35.1566142949,1636,0.192788121612
20,"[200,300)","[4.25,4.5)",3.4,3.5,3.45,92,2.16769893098,42.4413181578,1728,0.203629507424
20,"[200,300)","[4.25,4.5)",3.5,3.6,3.55,82,2.23053078405,36.7625502353,1810,0.213292481735
20,"[200,300)","[4.25,4.5)",3.6,3.7,3.65,92,2.29336263712,40.115766478,1902,0.224133867547
20,"[200,300)","[4.25,4.5)",3.7,3.8,3.75,101,2.35619449019,42.8657313394,2003,0.23603582371
20,"[200,300)","[4.25,4.5)",3.8,3.9,3.85,84,2.41902634326,34.7247148564,2087,0.245934480321
20,"[200,300)","[4.25,4.5)",3.9,4,3.95,94,2.48185819634,37.8748472168,2181,0.257011548433
20,"[200,300)","[4.25,4.5)",4,4.1,4.05,100,2.54469004941,39.2975168128,2281,0.268795663446
20,"[200,300)","[4.25,4.5)",4.1,4.2,4.15,96,2.60752190248,36.816565149,2377,0.280108413858
20,"[200,300)","[4.25,4.5)",4.2,4.3,4.25,106,2.67035375555,39.6951152182,2483,0.292599575772
20,"[200,300)","[4.25,4.5)",4.3,4.4,4.35,93,2.73318560862,34.0262292127,2576,0.303558802734
20,"[200,300)","[4.25,4.5)",4.4,4.5,4.45,101,2.79601746169,36.1228073085,2677,0.315460758897
20,"[200,300)","[4.25,4.5)",4.5,4.6,4.55,107,2.85884931477,37.4276459579,2784,0.328069761961
20,"[200,300)","[4.25,4.5)",4.6,4.7,4.65,127,2.92168116784,43.4681242423,2911,0.343035588027
20,"[200,300)","[4.25,4.5)",4.7,4.8,4.75,94,2.98451302091,31.4959255803,3005,0.35411265614
20,"[200,300)","[4.25,4.5)",4.8,4.9,4.85,106,3.04734487398,34.7843793149,3111,0.366603818053
20,"[200,300)","[4.25,4.5)",4.9,5,4.95,118,3.11017672705,37.939966232,3229,0.380509073769
20,"[200,300)","[4.25,4.5)",5,5.1,5.05,116,3.17300858013,36.5583631657,3345,0.394178647184
20,"[200,300)","[4.25,4.5)",5.1,5.2,5.15,119,3.2358404332,36.7756082096,3464,0.408201744049
20,"[200,300)","[4.25,4.5)",5.2,5.3,5.25,109,3.29867228627,33.0435977086,3573,0.421046429413
20,"[200,300)","[4.25,4.5)",5.3,5.4,5.35,120,3.36150413934,35.6983049926,3693,0.435187367429
20,"[200,300)","[4.25,4.5)",5.4,5.5,5.45,103,3.42433599241,30.0788241073,3796,0.447325005892
20,"[200,300)","[4.25,4.5)",5.5,5.6,5.55,110,3.48716784548,31.5442229552,3906,0.460287532406
20,"[200,300)","[4.25,4.5)",5.6,5.7,5.65,106,3.54999969856,29.859157465,4012,0.47277869432
20,"[200,300)","[4.25,4.5)",5.7,5.8,5.75,100,3.61283155163,27.6791205377,4112,0.484562809333
20,"[200,300)","[4.25,4.5)",5.8,5.9,5.85,107,3.6756634047,29.1103913006,4219,0.497171812397
20,"[200,300)","[4.25,4.5)",5.9,6,5.95,101,3.73849525777,27.0162172307,4320,0.50907376856
20,"[200,300)","[4.25,4.5)",6,6.1,6.05,94,3.80132711084,24.7282060341,4414,0.520150836672
20,"[200,300)","[4.25,4.5)",6.1,6.2,6.15,105,3.86415896392,27.172795162,4519,0.532524157436
20,"[200,300)","[4.25,4.5)",6.2,6.3,6.25,96,3.92699081699,24.4461992589,4615,0.543836907848
20,"[200,300)","[4.25,4.5)",6.3,6.4,6.35,109,3.98982267006,27.3195099166,4724,0.556681593212
20,"[200,300)","[4.25,4.5)",6.4,6.5,6.45,113,4.05265452313,27.8829590223,4837,0.569997643177
20,"[200,300)","[4.25,4.5)",6.5,6.6,6.55,104,4.1154863762,25.2704031779,4941,0.58225312279
20,"[200,300)","[4.25,4.5)",6.6,6.7,6.65,111,4.17831822927,26.5657123056,5052,0.595333490455
20,"[200,300)","[4.25,4.5)",6.7,6.8,6.75,97,4.24115008235,22.8711547851,5149,0.606764082017
20,"[200,300)","[4.25,4.5)",6.8,6.9,6.85,110,4.30398193542,25.5577280877,5259,0.619726608532
20,"[200,300)","[4.25,4.5)",6.9,7,6.95,77,4.36681378849,17.6329936951,5336,0.628800377092
20,"[200,300)","[4.25,4.5)",7,7.1,7.05,84,4.42964564156,18.9631421556,5420,0.638699033703
20,"[200,300)","[4.25,4.5)",7.1,7.2,7.15,94,4.49247749463,20.9238666442,5514,0.649776101815
20,"[200,300)","[4.25,4.5)",7.2,7.3,7.25,113,4.55530934771,24.8062187164,5627,0.663092151779
20,"[200,300)","[4.25,4.5)",7.3,7.4,7.35,104,4.61814120078,22.5198831042,5731,0.675347631393
20,"[200,300)","[4.25,4.5)",7.4,7.5,7.45,92,4.68097305385,19.6540332409,5823,0.686189017205
20,"[200,300)","[4.25,4.5)",7.5,7.6,7.55,95,4.74380490692,20.0261186672,5918,0.697383926467
20,"[200,300)","[4.25,4.5)",7.6,7.7,7.65,90,4.80663675999,18.724110952,6008,0.707989629979
20,"[200,300)","[4.25,4.5)",7.7,7.8,7.75,96,4.86946861306,19.7146768217,6104,0.719302380391
20,"[200,300)","[4.25,4.5)",7.8,7.9,7.85,92,4.93230046614,18.6525538401,6196,0.730143766203
20,"[200,300)","[4.25,4.5)",7.9,8,7.95,78,4.99513231921,15.6152019637,6274,0.739335375913
20,"[200,300)","[4.25,4.5)",8,8.1,8.05,82,5.05796417228,16.212056315,6356,0.748998350224
20,"[200,300)","[4.25,4.5)",8.1,8.2,8.15,91,5.12079602535,17.7706746274,6447,0.759721894886
20,"[200,300)","[4.25,4.5)",8.2,8.3,8.25,93,5.18362787842,17.9411026758,6540,0.770681121848
20,"[200,300)","[4.25,4.5)",8.3,8.4,8.35,96,5.24645973149,18.2980533375,6636,0.78199387226
20,"[200,300)","[4.25,4.5)",8.4,8.5,8.45,96,5.30929158457,18.0815083276,6732,0.793306622673
20,"[200,300)","[4.25,4.5)",8.5,8.6,8.55,101,5.37212343764,18.8007593594,6833,0.805208578836
20,"[200,300)","[4.25,4.5)",8.6,8.7,8.65,86,5.43495529071,15.8234972323,6919,0.815342917747
20,"[200,300)","[4.25,4.5)",8.7,8.8,8.75,72,5.49778714378,13.0961781744,6991,0.823827480556
20,"[200,300)","[4.25,4.5)",8.8,8.9,8.85,72,5.56061899685,12.94819876,7063,0.832312043366
20,"[200,300)","[4.25,4.5)",8.9,9,8.95,62,5.62345084993,11.0252586276,7125,0.839618194674
20,"[200,300)","[4.25,4.5)",9,9.1,9.05,66,5.686282703,11.6068798277,7191,0.847395710582
20,"[200,300)","[4.25,4.5)",9.1,9.2,9.15,68,5.74911455607,11.8279083391,7259,0.855408908791
20,"[200,300)","[4.25,4.5)",9.2,9.3,9.25,57,5.81194640914,9.80738568242,7316,0.862125854348
20,"[200,300)","[4.25,4.5)",9.3,9.4,9.35,79,5.87477826221,13.4473160473,7395,0.871435305209
20,"[200,300)","[4.25,4.5)",9.4,9.5,9.45,57,5.93761011528,9.59982196427,7452,0.878152250766
20,"[200,300)","[4.25,4.5)",9.5,9.6,9.55,56,6.00044196836,9.33264587764,7508,0.884751355173
20,"[200,300)","[4.25,4.5)",9.6,9.7,9.65,58,6.06327382143,9.56578932573,7566,0.891586141881
20,"[200,300)","[4.25,4.5)",9.7,9.8,9.75,61,6.1261056745,9.95738618319,7627,0.898774452039
20,"[200,300)","[4.25,4.5)",9.8,9.9,9.85,83,6.18893752757,13.4110256616,7710,0.908555267499
20,"[200,300)","[4.25,4.5)",9.9,10,9.95,50,6.25176938064,7.99773583376,7760,0.914447325006
20,"[200,300)","[4.25,4.5)",10,10.1,10.05,52,6.31460123372,8.23488262764,7812,0.920575064813
20,"[200,300)","[4.25,4.5)",10.1,10.2,10.15,44,6.37743308679,6.89932758231,7856,0.925760075418
20,"[200,300)","[4.25,4.5)",10.2,10.3,10.25,45,6.44026493986,6.98729018452,7901,0.931062927174
20,"[200,300)","[4.25,4.5)",10.3,10.4,10.35,42,6.50309679293,6.4584614588,7943,0.93601225548
20,"[200,300)","[4.25,4.5)",10.4,10.5,10.45,51,6.565928646,7.76737042841,7994,0.942022154136
20,"[200,300)","[4.25,4.5)",10.5,10.6,10.55,40,6.62876049907,6.03431063856,8034,0.946735800141
20,"[200,300)","[4.25,4.5)",10.6,10.7,10.65,58,6.69159235215,8.66759314491,8092,0.953570586849
20,"[200,300)","[4.25,4.5)",10.7,10.8,10.75,27,6.75442420522,3.99737996603,8119,0.956752297902
20,"[200,300)","[4.25,4.5)",10.8,10.9,10.85,45,6.81725605829,6.60089625727,8164,0.962055149658
20,"[200,300)","[4.25,4.5)",10.9,11,10.95,46,6.88008791136,6.68596107966,8210,0.967475842564
20,"[200,300)","[4.25,4.5)",11,11.1,11.05,34,6.94291976443,4.89707517206,8244,0.971482441669
20,"[200,300)","[4.25,4.5)",11.1,11.2,11.15,37,7.00575161751,5.28137479318,8281,0.975842564223
20,"[200,300)","[4.25,4.5)",11.2,11.3,11.25,30,7.06858347058,4.24413181578,8311,0.979377798727
20,"[200,300)","[4.25,4.5)",11.3,11.4,11.35,19,7.13141532365,2.66426776982,8330,0.98161678058
20,"[200,300)","[4.25,4.5)",11.4,11.5,11.45,35,7.19424717672,4.86499826045,8365,0.985741220834
20,"[200,300)","[4.25,4.5)",11.5,11.6,11.55,31,7.25707902979,4.27169111329,8396,0.989394296488
20,"[200,300)","[4.25,4.5)",11.6,11.7,11.65,23,7.31991088286,3.14211475632,8419,0.992104642941
20,"[200,300)","[4.25,4.5)",11.7,11.8,11.75,23,7.38274273594,3.11537335414,8442,0.994814989394
20,"[200,300)","[4.25,4.5)",11.8,11.9,11.85,22,7.44557458901,2.95477531479,8464,0.997407494697
20,"[200,300)","[4.25,4.5)",11.9,12,11.95,22,7.50840644208,2.93004916152,8486,1
21,"[200,300)","[4.5,4.75)",0,0.1,0.05,1,0.0314159265359,31.8309886184,1,0.000329706561161
21,"[200,300)","[4.5,4.75)",0.1,0.2,0.15,0,0.0942477796077,0,1,0.000329706561161
21,"[200,300)","[4.5,4.75)",0.2,0.3,0.25,2,0.157079632679,12.7323954474,3,0.000989119683482
21,"[200,300)","[4.5,4.75)",0.3,0.4,0.35,5,0.219911485751,22.7364204417,8,0.00263765248928
21,"[200,300)","[4.5,4.75)",0.4,0.5,0.45,6,0.282743338823,21.2206590789,14,0.00461589185625
21,"[200,300)","[4.5,4.75)",0.5,0.6,0.55,3,0.345575191895,8.6811787141,17,0.00560501153973
21,"[200,300)","[4.5,4.75)",0.6,0.7,0.65,6,0.408407044967,14.6912255162,23,0.00758325090669
21,"[200,300)","[4.5,4.75)",0.7,0.8,0.75,5,0.471238898038,10.6103295395,28,0.0092317837125
21,"[200,300)","[4.5,4.75)",0.8,0.9,0.85,5,0.53407075111,9.36205547599,33,0.0108803165183
21,"[200,300)","[4.5,4.75)",0.9,1,0.95,9,0.596902604182,15.077836714,42,0.0138476755687
21,"[200,300)","[4.5,4.75)",1,1.1,1.05,11,0.659734457254,16.6733749906,53,0.0174744477415
21,"[200,300)","[4.5,4.75)",1.1,1.2,1.15,13,0.722566310326,17.9914283495,66,0.0217606330366
21,"[200,300)","[4.5,4.75)",1.2,1.3,1.25,10,0.785398163397,12.7323954474,76,0.0250576986482
21,"[200,300)","[4.5,4.75)",1.3,1.4,1.35,10,0.848230016469,11.7892550438,86,0.0283547642598
21,"[200,300)","[4.5,4.75)",1.4,1.5,1.45,15,0.911061869541,16.4643044578,101,0.0333003626772
21,"[200,300)","[4.5,4.75)",1.5,1.6,1.55,8,0.973893722613,8.21444867571,109,0.0359380151665
21,"[200,300)","[4.5,4.75)",1.6,1.7,1.65,21,1.03672557568,20.2560836662,130,0.0428618529509
21,"[200,300)","[4.5,4.75)",1.7,1.8,1.75,17,1.09955742876,15.4607659004,147,0.0484668644906
21,"[200,300)","[4.5,4.75)",1.8,1.9,1.85,22,1.16238928183,18.9265337731,169,0.0557204088361
21,"[200,300)","[4.5,4.75)",1.9,2,1.95,14,1.2252211349,11.4265087348,183,0.0603363006924
21,"[200,300)","[4.5,4.75)",2,2.1,2.05,23,1.28805298797,17.8564082493,206,0.0679195515991
21,"[200,300)","[4.5,4.75)",2.1,2.2,2.15,21,1.35088484104,15.5453665346,227,0.0748433893834
21,"[200,300)","[4.5,4.75)",2.2,2.3,2.25,21,1.41371669412,14.8544613552,248,0.0817672271678
21,"[200,300)","[4.5,4.75)",2.3,2.4,2.35,30,1.47654854719,20.3176523096,278,0.0916584240026
21,"[200,300)","[4.5,4.75)",2.4,2.5,2.45,19,1.53938040026,12.3426282398,297,0.0979228486647
21,"[200,300)","[4.5,4.75)",2.5,2.6,2.55,20,1.60221225333,12.4827406347,317,0.104516979888
21,"[200,300)","[4.5,4.75)",2.6,2.7,2.65,19,1.6650441064,11.4111091273,336,0.11078140455
21,"[200,300)","[4.5,4.75)",2.7,2.8,2.75,25,1.72787595947,14.4686311902,361,0.119024068579
21,"[200,300)","[4.5,4.75)",2.8,2.9,2.85,27,1.79070781255,15.077836714,388,0.12792614573
21,"[200,300)","[4.5,4.75)",2.9,3,2.95,38,1.85353966562,20.5013147034,426,0.140454995054
21,"[200,300)","[4.5,4.75)",3,3.1,3.05,25,1.91637151869,13.0454871387,451,0.148697659083
21,"[200,300)","[4.5,4.75)",3.1,3.2,3.15,22,1.97920337176,11.1155833271,473,0.155951203429
21,"[200,300)","[4.5,4.75)",3.2,3.3,3.25,24,2.04203522483,11.7529804129,497,0.163864160897
21,"[200,300)","[4.5,4.75)",3.3,3.4,3.35,19,2.10486707791,9.02669826491,516,0.170128585559
21,"[200,300)","[4.5,4.75)",3.4,3.5,3.45,24,2.16769893098,11.0716482151,540,0.178041543027
21,"[200,300)","[4.5,4.75)",3.5,3.6,3.55,24,2.23053078405,10.7597708006,564,0.185954500495
21,"[200,300)","[4.5,4.75)",3.6,3.7,3.65,29,2.29336263712,12.6451872594,593,0.195515990768
21,"[200,300)","[4.5,4.75)",3.7,3.8,3.75,32,2.35619449019,13.5812218105,625,0.206066600725
21,"[200,300)","[4.5,4.75)",3.8,3.9,3.85,25,2.41902634326,10.3347365644,650,0.214309264754
21,"[200,300)","[4.5,4.75)",3.9,4,3.95,30,2.48185819634,12.0877171969,680,0.224200461589
21,"[200,300)","[4.5,4.75)",4,4.1,4.05,34,2.54469004941,13.3611557164,714,0.235410484669
21,"[200,300)","[4.5,4.75)",4.1,4.2,4.15,35,2.60752190248,13.4227060439,749,0.246950214309
21,"[200,300)","[4.5,4.75)",4.2,4.3,4.25,31,2.67035375555,11.6089487902,780,0.257171117705
21,"[200,300)","[4.5,4.75)",4.3,4.4,4.35,30,2.73318560862,10.9762029719,810,0.26706231454
21,"[200,300)","[4.5,4.75)",4.4,4.5,4.45,33,2.79601746169,11.8025013978,843,0.277942631058
21,"[200,300)","[4.5,4.75)",4.5,4.6,4.55,27,2.85884931477,9.4443592604,870,0.28684470821
21,"[200,300)","[4.5,4.75)",4.6,4.7,4.65,35,2.92168116784,11.9794043187,905,0.29838443785
21,"[200,300)","[4.5,4.75)",4.7,4.8,4.75,37,2.98451302091,12.3973324093,942,0.310583580613
21,"[200,300)","[4.5,4.75)",4.8,4.9,4.85,35,3.04734487398,11.4854082644,977,0.322123310254
21,"[200,300)","[4.5,4.75)",4.9,5,4.95,43,3.11017672705,13.8255809151,1020,0.336300692384
21,"[200,300)","[4.5,4.75)",5,5.1,5.05,38,3.17300858013,11.9760155198,1058,0.348829541708
21,"[200,300)","[4.5,4.75)",5.1,5.2,5.15,19,3.2358404332,5.87173576456,1077,0.35509396637
21,"[200,300)","[4.5,4.75)",5.2,5.3,5.25,37,3.29867228627,11.2166340846,1114,0.367293109133
21,"[200,300)","[4.5,4.75)",5.3,5.4,5.35,38,3.36150413934,11.3044632476,1152,0.379821958457
21,"[200,300)","[4.5,4.75)",5.4,5.5,5.45,33,3.42433599241,9.63690481107,1185,0.390702274975
21,"[200,300)","[4.5,4.75)",5.5,5.6,5.55,27,3.48716784548,7.74267290717,1212,0.399604352127
21,"[200,300)","[4.5,4.75)",5.6,5.7,5.65,33,3.54999969856,9.29577543723,1245,0.410484668645
21,"[200,300)","[4.5,4.75)",5.7,5.8,5.75,27,3.61283155163,7.47336254518,1272,0.419386745796
21,"[200,300)","[4.5,4.75)",5.8,5.9,5.85,45,3.6756634047,12.2426879301,1317,0.434223541048
21,"[200,300)","[4.5,4.75)",5.9,6,5.95,34,3.73849525777,9.09456817668,1351,0.445433564128
21,"[200,300)","[4.5,4.75)",6,6.1,6.05,30,3.80132711084,7.89198064918,1381,0.455324760963
21,"[200,300)","[4.5,4.75)",6.1,6.2,6.15,32,3.86415896392,8.28123281129,1413,0.46587537092
21,"[200,300)","[4.5,4.75)",6.2,6.3,6.25,37,3.92699081699,9.42197263104,1450,0.478074513683
21,"[200,300)","[4.5,4.75)",6.3,6.4,6.35,35,3.98982267006,8.77231969798,1485,0.489614243323
21,"[200,300)","[4.5,4.75)",6.4,6.5,6.45,36,4.05265452313,8.88306659118,1521,0.501483679525
21,"[200,300)","[4.5,4.75)",6.5,6.6,6.55,39,4.1154863762,9.47640119173,1560,0.51434223541
21,"[200,300)","[4.5,4.75)",6.6,6.7,6.65,43,4.17831822927,10.2912218841,1603,0.52851961754
21,"[200,300)","[4.5,4.75)",6.7,6.8,6.75,35,4.24115008235,8.25247853069,1638,0.540059347181
21,"[200,300)","[4.5,4.75)",6.8,6.9,6.85,30,4.30398193542,6.97028947848,1668,0.549950544016
21,"[200,300)","[4.5,4.75)",6.9,7,6.95,36,4.36681378849,8.24399705224,1704,0.561819980218
21,"[200,300)","[4.5,4.75)",7,7.1,7.05,39,4.42964564156,8.80431600083,1743,0.574678536103
21,"[200,300)","[4.5,4.75)",7.1,7.2,7.15,26,4.49247749463,5.78745247607,1769,0.583250906693
21,"[200,300)","[4.5,4.75)",7.2,7.3,7.25,42,4.55530934771,9.22001049636,1811,0.597098582262
21,"[200,300)","[4.5,4.75)",7.3,7.4,7.35,31,4.61814120078,6.71265746374,1842,0.607319485658
21,"[200,300)","[4.5,4.75)",7.4,7.5,7.45,39,4.68097305385,8.33160104776,1881,0.620178041543
21,"[200,300)","[4.5,4.75)",7.5,7.6,7.55,39,4.74380490692,8.22124871601,1920,0.633036597428
21,"[200,300)","[4.5,4.75)",7.6,7.7,7.65,33,4.80663675999,6.86550734906,1953,0.643916913947
21,"[200,300)","[4.5,4.75)",7.7,7.8,7.75,34,4.86946861306,6.98228137435,1987,0.655126937026
21,"[200,300)","[4.5,4.75)",7.8,7.9,7.85,32,4.93230046614,6.48784481394,2019,0.665677546983
21,"[200,300)","[4.5,4.75)",7.9,8,7.95,30,4.99513231921,6.00584690913,2049,0.675568743818
21,"[200,300)","[4.5,4.75)",8,8.1,8.05,30,5.05796417228,5.93124011523,2079,0.685459940653
21,"[200,300)","[4.5,4.75)",8.1,8.2,8.15,35,5.12079602535,6.83487485671,2114,0.696999670293
21,"[200,300)","[4.5,4.75)",8.2,8.3,8.25,28,5.18362787842,5.401622311,2142,0.706231454006
21,"[200,300)","[4.5,4.75)",8.3,8.4,8.35,27,5.24645973149,5.14632750118,2169,0.715133531157
21,"[200,300)","[4.5,4.75)",8.4,8.5,8.45,37,5.30929158457,6.96891466793,2206,0.72733267392
21,"[200,300)","[4.5,4.75)",8.5,8.6,8.55,25,5.37212343764,4.65365330678,2231,0.735575337949
21,"[200,300)","[4.5,4.75)",8.6,8.7,8.65,24,5.43495529071,4.41585969272,2255,0.743488295417
21,"[200,300)","[4.5,4.75)",8.7,8.8,8.75,38,5.49778714378,6.91187181428,2293,0.756017144741
21,"[200,300)","[4.5,4.75)",8.8,8.9,8.85,36,5.56061899685,6.47409938001,2329,0.767886580943
21,"[200,300)","[4.5,4.75)",8.9,9,8.95,37,5.62345084993,6.57958982615,2366,0.780085723706
21,"[200,300)","[4.5,4.75)",9,9.1,9.05,33,5.686282703,5.80343991385,2399,0.790966040224
21,"[200,300)","[4.5,4.75)",9.1,9.2,9.15,24,5.74911455607,4.17455588438,2423,0.798878997692
21,"[200,300)","[4.5,4.75)",9.2,9.3,9.25,20,5.81194640914,3.44118795874,2443,0.805473128915
21,"[200,300)","[4.5,4.75)",9.3,9.4,9.35,31,5.87477826221,5.27679490465,2474,0.815694032311
21,"[200,300)","[4.5,4.75)",9.4,9.5,9.45,36,5.93761011528,6.06304545112,2510,0.827563468513
21,"[200,300)","[4.5,4.75)",9.5,9.6,9.55,32,6.00044196836,5.33294050151,2542,0.83811407847
21,"[200,300)","[4.5,4.75)",9.6,9.7,9.65,31,6.06327382143,5.1127494672,2573,0.848334981866
21,"[200,300)","[4.5,4.75)",9.7,9.8,9.75,26,6.1261056745,4.24413181578,2599,0.856907352456
21,"[200,300)","[4.5,4.75)",9.8,9.9,9.85,30,6.18893752757,4.84735867285,2629,0.866798549291
21,"[200,300)","[4.5,4.75)",9.9,10,9.95,25,6.25176938064,3.99886791688,2654,0.87504121332
21,"[200,300)","[4.5,4.75)",10,10.1,10.05,23,6.31460123372,3.64235193146,2677,0.882624464227
21,"[200,300)","[4.5,4.75)",10.1,10.2,10.15,25,6.37743308679,3.92007248995,2702,0.890867128256
21,"[200,300)","[4.5,4.75)",10.2,10.3,10.25,24,6.44026493986,3.72655476508,2726,0.898780085724
21,"[200,300)","[4.5,4.75)",10.3,10.4,10.35,23,6.50309679293,3.53677651315,2749,0.90636333663
21,"[200,300)","[4.5,4.75)",10.4,10.5,10.45,26,6.565928646,3.95983590468,2775,0.914935707221
21,"[200,300)","[4.5,4.75)",10.5,10.6,10.55,27,6.62876049907,4.07315968102,2802,0.923837784372
21,"[200,300)","[4.5,4.75)",10.6,10.7,10.65,21,6.69159235215,3.1382664835,2823,0.930761622156
21,"[200,300)","[4.5,4.75)",10.7,10.8,10.75,18,6.75442420522,2.66491997735,2841,0.936696340257
21,"[200,300)","[4.5,4.75)",10.8,10.9,10.85,18,6.81725605829,2.64035850291,2859,0.942631058358
21,"[200,300)","[4.5,4.75)",10.9,11,10.95,25,6.88008791136,3.63367449981,2884,0.950873722387
21,"[200,300)","[4.5,4.75)",11,11.1,11.05,19,6.94291976443,2.73660083144,2903,0.957138147049
21,"[200,300)","[4.5,4.75)",11.1,11.2,11.15,17,7.00575161751,2.42657760768,2920,0.962743158589
21,"[200,300)","[4.5,4.75)",11.2,11.3,11.25,12,7.06858347058,1.69765272631,2932,0.966699637323
21,"[200,300)","[4.5,4.75)",11.3,11.4,11.35,13,7.13141532365,1.82292005303,2945,0.970985822618
21,"[200,300)","[4.5,4.75)",11.4,11.5,11.45,20,7.19424717672,2.77999900597,2965,0.977579953841
21,"[200,300)","[4.5,4.75)",11.5,11.6,11.55,13,7.25707902979,1.79135433783,2978,0.981866139136
21,"[200,300)","[4.5,4.75)",11.6,11.7,11.65,15,7.31991088286,2.04920527586,2993,0.986811737554
21,"[200,300)","[4.5,4.75)",11.7,11.8,11.75,15,7.38274273594,2.03176523096,3008,0.991757335971
21,"[200,300)","[4.5,4.75)",11.8,11.9,11.85,16,7.44557458901,2.14892750166,3024,0.99703264095
21,"[200,300)","[4.5,4.75)",11.9,12,11.95,9,7.50840644208,1.19865647517,3033,1
22,"[200,300)","[4.75,5.0)",0,0.1,0.05,0,0.0314159265359,0,0,0
22,"[200,300)","[4.75,5.0)",0.1,0.2,0.15,1,0.0942477796077,10.6103295395,1,0.000968992248062
22,"[200,300)","[4.75,5.0)",0.2,0.3,0.25,0,0.157079632679,0,1,0.000968992248062
22,"[200,300)","[4.75,5.0)",0.3,0.4,0.35,1,0.219911485751,4.54728408834,2,0.00193798449612
22,"[200,300)","[4.75,5.0)",0.4,0.5,0.45,2,0.282743338823,7.07355302631,4,0.00387596899225
22,"[200,300)","[4.75,5.0)",0.5,0.6,0.55,2,0.345575191895,5.78745247607,6,0.00581395348837
22,"[200,300)","[4.75,5.0)",0.6,0.7,0.65,2,0.408407044967,4.89707517206,8,0.0077519379845
22,"[200,300)","[4.75,5.0)",0.7,0.8,0.75,0,0.471238898038,0,8,0.0077519379845
22,"[200,300)","[4.75,5.0)",0.8,0.9,0.85,3,0.53407075111,5.6172332856,11,0.0106589147287
22,"[200,300)","[4.75,5.0)",0.9,1,0.95,2,0.596902604182,3.35063038088,13,0.0125968992248
22,"[200,300)","[4.75,5.0)",1,1.1,1.05,2,0.659734457254,3.03152272556,15,0.0145348837209
22,"[200,300)","[4.75,5.0)",1.1,1.2,1.15,7,0.722566310326,9.6876921882,22,0.0213178294574
22,"[200,300)","[4.75,5.0)",1.2,1.3,1.25,2,0.785398163397,2.54647908947,24,0.0232558139535
22,"[200,300)","[4.75,5.0)",1.3,1.4,1.35,3,0.848230016469,3.53677651315,27,0.0261627906977
22,"[200,300)","[4.75,5.0)",1.4,1.5,1.45,6,0.911061869541,6.58572178311,33,0.031976744186
22,"[200,300)","[4.75,5.0)",1.5,1.6,1.55,2,0.973893722613,2.05361216893,35,0.0339147286822
22,"[200,300)","[4.75,5.0)",1.6,1.7,1.65,5,1.03672557568,4.82287706339,40,0.0387596899225
22,"[200,300)","[4.75,5.0)",1.7,1.8,1.75,2,1.09955742876,1.81891363534,42,0.0406976744186
22,"[200,300)","[4.75,5.0)",1.8,1.9,1.85,10,1.16238928183,8.60296989686,52,0.0503875968992
22,"[200,300)","[4.75,5.0)",1.9,2,1.95,5,1.2252211349,4.08089597672,57,0.0552325581395
22,"[200,300)","[4.75,5.0)",2,2.1,2.05,4,1.28805298797,3.10546230423,61,0.0591085271318
22,"[200,300)","[4.75,5.0)",2.1,2.2,2.15,3,1.35088484104,2.22076664779,64,0.062015503876
22,"[200,300)","[4.75,5.0)",2.2,2.3,2.25,3,1.41371669412,2.12206590789,67,0.0649224806202
22,"[200,300)","[4.75,5.0)",2.3,2.4,2.35,5,1.47654854719,3.38627538493,72,0.0697674418605
22,"[200,300)","[4.75,5.0)",2.4,2.5,2.45,9,1.53938040026,5.84650811358,81,0.078488372093
22,"[200,300)","[4.75,5.0)",2.5,2.6,2.55,5,1.60221225333,3.12068515866,86,0.0833333333333
22,"[200,300)","[4.75,5.0)",2.6,2.7,2.65,5,1.6650441064,3.00292345456,91,0.0881782945736
22,"[200,300)","[4.75,5.0)",2.7,2.8,2.75,11,1.72787595947,6.36619772368,102,0.0988372093023
22,"[200,300)","[4.75,5.0)",2.8,2.9,2.85,7,1.79070781255,3.9090687777,109,0.105620155039
22,"[200,300)","[4.75,5.0)",2.9,3,2.95,10,1.85353966562,5.39508281667,119,0.115310077519
22,"[200,300)","[4.75,5.0)",3,3.1,3.05,6,1.91637151869,3.13091691328,125,0.121124031008
22,"[200,300)","[4.75,5.0)",3.1,3.2,3.15,4,1.97920337176,2.02101515037,129,0.125
22,"[200,300)","[4.75,5.0)",3.2,3.3,3.25,10,2.04203522483,4.89707517206,139,0.134689922481
22,"[200,300)","[4.75,5.0)",3.3,3.4,3.35,6,2.10486707791,2.85053629418,145,0.140503875969
22,"[200,300)","[4.75,5.0)",3.4,3.5,3.45,11,2.16769893098,5.07450543192,156,0.151162790698
22,"[200,300)","[4.75,5.0)",3.5,3.6,3.55,5,2.23053078405,2.24161891679,161,0.156007751938
22,"[200,300)","[4.75,5.0)",3.6,3.7,3.65,11,2.29336263712,4.79645033976,172,0.166666666667
22,"[200,300)","[4.75,5.0)",3.7,3.8,3.75,9,2.35619449019,3.81971863421,181,0.175387596899
22,"[200,300)","[4.75,5.0)",3.8,3.9,3.85,11,2.41902634326,4.54728408834,192,0.186046511628
22,"[200,300)","[4.75,5.0)",3.9,4,3.95,8,2.48185819634,3.22339125249,200,0.193798449612
22,"[200,300)","[4.75,5.0)",4,4.1,4.05,9,2.54469004941,3.53677651315,209,0.202519379845
22,"[200,300)","[4.75,5.0)",4.1,4.2,4.15,12,2.60752190248,4.60207064362,221,0.214147286822
22,"[200,300)","[4.75,5.0)",4.2,4.3,4.25,13,2.67035375555,4.86826884752,234,0.226744186047
22,"[200,300)","[4.75,5.0)",4.3,4.4,4.35,11,2.73318560862,4.02460775635,245,0.237403100775
22,"[200,300)","[4.75,5.0)",4.4,4.5,4.45,13,2.79601746169,4.64947024763,258,0.25
22,"[200,300)","[4.75,5.0)",4.5,4.6,4.55,11,2.85884931477,3.8477019209,269,0.260658914729
22,"[200,300)","[4.75,5.0)",4.6,4.7,4.65,10,2.92168116784,3.42268694821,279,0.270348837209
22,"[200,300)","[4.75,5.0)",4.7,4.8,4.75,10,2.98451302091,3.35063038088,289,0.28003875969
22,"[200,300)","[4.75,5.0)",4.8,4.9,4.85,10,3.04734487398,3.28154521839,299,0.289728682171
22,"[200,300)","[4.75,5.0)",4.9,5,4.95,8,3.11017672705,2.57220110048,307,0.297480620155
22,"[200,300)","[4.75,5.0)",5,5.1,5.05,6,3.17300858013,1.89094981891,313,0.303294573643
22,"[200,300)","[4.75,5.0)",5.1,5.2,5.15,7,3.2358404332,2.16327107115,320,0.31007751938
22,"[200,300)","[4.75,5.0)",5.2,5.3,5.25,9,3.29867228627,2.728370453,329,0.318798449612
22,"[200,300)","[4.75,5.0)",5.3,5.4,5.35,6,3.36150413934,1.78491524963,335,0.324612403101
22,"[200,300)","[4.75,5.0)",5.4,5.5,5.45,9,3.42433599241,2.62824676666,344,0.333333333333
22,"[200,300)","[4.75,5.0)",5.5,5.6,5.55,8,3.48716784548,2.29412530583,352,0.341085271318
22,"[200,300)","[4.75,5.0)",5.6,5.7,5.65,13,3.54999969856,3.66197214194,365,0.353682170543
22,"[200,300)","[4.75,5.0)",5.7,5.8,5.75,8,3.61283155163,2.21432964302,373,0.361434108527
22,"[200,300)","[4.75,5.0)",5.8,5.9,5.85,15,3.6756634047,4.08089597672,388,0.375968992248
22,"[200,300)","[4.75,5.0)",5.9,6,5.95,11,3.73849525777,2.94236029246,399,0.386627906977
22,"[200,300)","[4.75,5.0)",6,6.1,6.05,9,3.80132711084,2.36759419476,408,0.395348837209
22,"[200,300)","[4.75,5.0)",6.1,6.2,6.15,9,3.86415896392,2.32909672817,417,0.404069767442
22,"[200,300)","[4.75,5.0)",6.2,6.3,6.25,11,3.92699081699,2.80112699842,428,0.414728682171
22,"[200,300)","[4.75,5.0)",6.3,6.4,6.35,8,3.98982267006,2.00510164525,436,0.422480620155
22,"[200,300)","[4.75,5.0)",6.4,6.5,6.45,10,4.05265452313,2.46751849755,446,0.432170542636
22,"[200,300)","[4.75,5.0)",6.5,6.6,6.55,16,4.1154863762,3.88775433507,462,0.447674418605
22,"[200,300)","[4.75,5.0)",6.6,6.7,6.65,14,4.17831822927,3.35063038088,476,0.461240310078
22,"[200,300)","[4.75,5.0)",6.7,6.8,6.75,11,4.24115008235,2.59363610965,487,0.471899224806
22,"[200,300)","[4.75,5.0)",6.8,6.9,6.85,9,4.30398193542,2.09108684354,496,0.480620155039
22,"[200,300)","[4.75,5.0)",6.9,7,6.95,18,4.36681378849,4.12199852612,514,0.498062015504
22,"[200,300)","[4.75,5.0)",7,7.1,7.05,18,4.42964564156,4.06353046192,532,0.515503875969
22,"[200,300)","[4.75,5.0)",7.1,7.2,7.15,14,4.49247749463,3.11632056404,546,0.529069767442
22,"[200,300)","[4.75,5.0)",7.2,7.3,7.25,14,4.55530934771,3.07333683212,560,0.542635658915
22,"[200,300)","[4.75,5.0)",7.3,7.4,7.35,15,4.61814120078,3.2480600631,575,0.557170542636
22,"[200,300)","[4.75,5.0)",7.4,7.5,7.45,6,4.68097305385,1.28178477658,581,0.562984496124
22,"[200,300)","[4.75,5.0)",7.5,7.6,7.55,17,4.74380490692,3.58362123518,598,0.579457364341
22,"[200,300)","[4.75,5.0)",7.6,7.7,7.65,9,4.80663675999,1.8724110952,607,0.588178294574
22,"[200,300)","[4.75,5.0)",7.7,7.8,7.75,11,4.86946861306,2.25897338582,618,0.598837209302
22,"[200,300)","[4.75,5.0)",7.8,7.9,7.85,7,4.93230046614,1.41921605305,625,0.605620155039
22,"[200,300)","[4.75,5.0)",7.9,8,7.95,14,4.99513231921,2.80272855759,639,0.619186046512
22,"[200,300)","[4.75,5.0)",8,8.1,8.05,11,5.05796417228,2.17478804225,650,0.62984496124
22,"[200,300)","[4.75,5.0)",8.1,8.2,8.15,14,5.12079602535,2.73394994268,664,0.643410852713
22,"[200,300)","[4.75,5.0)",8.2,8.3,8.25,17,5.18362787842,3.27955640311,681,0.65988372093
22,"[200,300)","[4.75,5.0)",8.3,8.4,8.35,9,5.24645973149,1.71544250039,690,0.668604651163
22,"[200,300)","[4.75,5.0)",8.4,8.5,8.45,10,5.30929158457,1.88349045079,700,0.678294573643
22,"[200,300)","[4.75,5.0)",8.5,8.6,8.55,13,5.37212343764,2.41989971953,713,0.690891472868
22,"[200,300)","[4.75,5.0)",8.6,8.7,8.65,14,5.43495529071,2.57591815409,727,0.704457364341
22,"[200,300)","[4.75,5.0)",8.7,8.8,8.75,11,5.49778714378,2.00080499887,738,0.71511627907
22,"[200,300)","[4.75,5.0)",8.8,8.9,8.85,9,5.56061899685,1.618524845,747,0.723837209302
22,"[200,300)","[4.75,5.0)",8.9,9,8.95,10,5.62345084993,1.77826752058,757,0.733527131783
22,"[200,300)","[4.75,5.0)",9,9.1,9.05,6,5.686282703,1.05517089343,763,0.739341085271
22,"[200,300)","[4.75,5.0)",9.1,9.2,9.15,14,5.74911455607,2.43515759922,777,0.752906976744
22,"[200,300)","[4.75,5.0)",9.2,9.3,9.25,9,5.81194640914,1.54853458143,786,0.761627906977
22,"[200,300)","[4.75,5.0)",9.3,9.4,9.35,13,5.87477826221,2.21284947614,799,0.774224806202
22,"[200,300)","[4.75,5.0)",9.4,9.5,9.45,6,5.93761011528,1.01050757519,805,0.78003875969
22,"[200,300)","[4.75,5.0)",9.5,9.6,9.55,14,6.00044196836,2.33316146941,819,0.793604651163
22,"[200,300)","[4.75,5.0)",9.6,9.7,9.65,8,6.06327382143,1.31941921734,827,0.801356589147
22,"[200,300)","[4.75,5.0)",9.7,9.8,9.75,14,6.1261056745,2.28530174696,841,0.81492248062
22,"[200,300)","[4.75,5.0)",9.8,9.9,9.85,14,6.18893752757,2.262100714,855,0.828488372093
22,"[200,300)","[4.75,5.0)",9.9,10,9.95,8,6.25176938064,1.2796377334,863,0.836240310078
22,"[200,300)","[4.75,5.0)",10,10.1,10.05,9,6.31460123372,1.42526814709,872,0.84496124031
22,"[200,300)","[4.75,5.0)",10.1,10.2,10.15,11,6.37743308679,1.72483189558,883,0.855620155039
22,"[200,300)","[4.75,5.0)",10.2,10.3,10.25,9,6.44026493986,1.3974580369,892,0.864341085271
22,"[200,300)","[4.75,5.0)",10.3,10.4,10.35,9,6.50309679293,1.38395602689,901,0.873062015504
22,"[200,300)","[4.75,5.0)",10.4,10.5,10.45,7,6.565928646,1.06610966664,908,0.87984496124
22,"[200,300)","[4.75,5.0)",10.5,10.6,10.55,7,6.62876049907,1.05600436175,915,0.886627906977
22,"[200,300)","[4.75,5.0)",10.6,10.7,10.65,7,6.69159235215,1.04608882783,922,0.893410852713
22,"[200,300)","[4.75,5.0)",10.7,10.8,10.75,9,6.75442420522,1.33245998868,931,0.902131782946
22,"[200,300)","[4.75,5.0)",10.8,10.9,10.85,11,6.81725605829,1.61355241844,942,0.912790697674
22,"[200,300)","[4.75,5.0)",10.9,11,10.95,14,6.88008791136,2.0348577199,956,0.926356589147
22,"[200,300)","[4.75,5.0)",11,11.1,11.05,6,6.94291976443,0.864189736246,962,0.932170542636
22,"[200,300)","[4.75,5.0)",11.1,11.2,11.15,8,7.00575161751,1.1419188742,970,0.93992248062
22,"[200,300)","[4.75,5.0)",11.2,11.3,11.25,8,7.06858347058,1.13176848421,978,0.947674418605
22,"[200,300)","[4.75,5.0)",11.3,11.4,11.35,16,7.13141532365,2.24359391143,994,0.963178294574
22,"[200,300)","[4.75,5.0)",11.4,11.5,11.45,9,7.19424717672,1.25099955269,1003,0.971899224806
22,"[200,300)","[4.75,5.0)",11.5,11.6,11.55,8,7.25707902979,1.1023719002,1011,0.979651162791
22,"[200,300)","[4.75,5.0)",11.6,11.7,11.65,4,7.31991088286,0.54645474023,1015,0.983527131783
22,"[200,300)","[4.75,5.0)",11.7,11.8,11.75,6,7.38274273594,0.812706092384,1021,0.989341085271
22,"[200,300)","[4.75,5.0)",11.8,11.9,11.85,3,7.44557458901,0.402923906562,1024,0.992248062016
22,"[200,300)","[4.75,5.0)",11.9,12,11.95,8,7.50840644208,1.06547242237,1032,1
23,"[200,300)","[5,6)",0,0.1,0.05,0,0.0314159265359,0,0,0
23,"[200,300)","[5,6)",0.1,0.2,0.15,0,0.0942477796077,0,0,0
23,"[200,300)","[5,6)",0.2,0.3,0.25,0,0.157079632679,0,0,0
23,"[200,300)","[5,6)",0.3,0.4,0.35,1,0.219911485751,4.54728408834,1,0.00176366843034
23,"[200,300)","[5,6)",0.4,0.5,0.45,0,0.282743338823,0,1,0.00176366843034
23,"[200,300)","[5,6)",0.5,0.6,0.55,0,0.345575191895,0,1,0.00176366843034
23,"[200,300)","[5,6)",0.6,0.7,0.65,2,0.408407044967,4.89707517206,3,0.00529100529101
23,"[200,300)","[5,6)",0.7,0.8,0.75,2,0.471238898038,4.24413181578,5,0.00881834215168
23,"[200,300)","[5,6)",0.8,0.9,0.85,1,0.53407075111,1.8724110952,6,0.010582010582
23,"[200,300)","[5,6)",0.9,1,0.95,0,0.596902604182,0,6,0.010582010582
23,"[200,300)","[5,6)",1,1.1,1.05,1,0.659734457254,1.51576136278,7,0.0123456790123
23,"[200,300)","[5,6)",1.1,1.2,1.15,3,0.722566310326,4.15186808066,10,0.0176366843034
23,"[200,300)","[5,6)",1.2,1.3,1.25,0,0.785398163397,0,10,0.0176366843034
23,"[200,300)","[5,6)",1.3,1.4,1.35,3,0.848230016469,3.53677651315,13,0.0229276895944
23,"[200,300)","[5,6)",1.4,1.5,1.45,4,0.911061869541,4.39048118874,17,0.0299823633157
23,"[200,300)","[5,6)",1.5,1.6,1.55,2,0.973893722613,2.05361216893,19,0.0335097001764
23,"[200,300)","[5,6)",1.6,1.7,1.65,0,1.03672557568,0,19,0.0335097001764
23,"[200,300)","[5,6)",1.7,1.8,1.75,1,1.09955742876,0.909456817668,20,0.0352733686067
23,"[200,300)","[5,6)",1.8,1.9,1.85,3,1.16238928183,2.58089096906,23,0.0405643738977
23,"[200,300)","[5,6)",1.9,2,1.95,2,1.2252211349,1.63235839069,25,0.0440917107584
23,"[200,300)","[5,6)",2,2.1,2.05,2,1.28805298797,1.55273115212,27,0.047619047619
23,"[200,300)","[5,6)",2.1,2.2,2.15,7,1.35088484104,5.18178884485,34,0.0599647266314
23,"[200,300)","[5,6)",2.2,2.3,2.25,3,1.41371669412,2.12206590789,37,0.0652557319224
23,"[200,300)","[5,6)",2.3,2.4,2.35,4,1.47654854719,2.70902030795,41,0.0723104056437
23,"[200,300)","[5,6)",2.4,2.5,2.45,1,1.53938040026,0.64961201262,42,0.0740740740741
23,"[200,300)","[5,6)",2.5,2.6,2.55,6,1.60221225333,3.7448221904,48,0.0846560846561
23,"[200,300)","[5,6)",2.6,2.7,2.65,2,1.6650441064,1.20116938183,50,0.0881834215168
23,"[200,300)","[5,6)",2.7,2.8,2.75,4,1.72787595947,2.31498099043,54,0.0952380952381
23,"[200,300)","[5,6)",2.8,2.9,2.85,4,1.79070781255,2.23375358725,58,0.102292768959
23,"[200,300)","[5,6)",2.9,3,2.95,3,1.85353966562,1.618524845,61,0.10758377425
23,"[200,300)","[5,6)",3,3.1,3.05,5,1.91637151869,2.60909742774,66,0.116402116402
23,"[200,300)","[5,6)",3.1,3.2,3.15,5,1.97920337176,2.52626893797,71,0.125220458554
23,"[200,300)","[5,6)",3.2,3.3,3.25,6,2.04203522483,2.93824510323,77,0.135802469136
23,"[200,300)","[5,6)",3.3,3.4,3.35,5,2.10486707791,2.37544691182,82,0.144620811287
23,"[200,300)","[5,6)",3.4,3.5,3.45,2,2.16769893098,0.922637351257,84,0.148148148148
23,"[200,300)","[5,6)",3.5,3.6,3.55,2,2.23053078405,0.896647566715,86,0.151675485009
23,"[200,300)","[5,6)",3.6,3.7,3.65,3,2.29336263712,1.30812281993,89,0.1569664903
23,"[200,300)","[5,6)",3.7,3.8,3.75,8,2.35619449019,3.39530545263,97,0.171075837743
23,"[200,300)","[5,6)",3.8,3.9,3.85,4,2.41902634326,1.65355785031,101,0.178130511464
23,"[200,300)","[5,6)",3.9,4,3.95,4,2.48185819634,1.61169562625,105,0.185185185185
23,"[200,300)","[5,6)",4,4.1,4.05,2,2.54469004941,0.785950336256,107,0.188712522046
23,"[200,300)","[5,6)",4.1,4.2,4.15,6,2.60752190248,2.30103532181,113,0.199294532628
23,"[200,300)","[5,6)",4.2,4.3,4.25,5,2.67035375555,1.8724110952,118,0.20811287478
23,"[200,300)","[5,6)",4.3,4.4,4.35,5,2.73318560862,1.82936716198,123,0.216931216931
23,"[200,300)","[5,6)",4.4,4.5,4.45,2,2.79601746169,0.71530311502,125,0.220458553792
23,"[200,300)","[5,6)",4.5,4.6,4.55,3,2.85884931477,1.04937325116,128,0.225749559083
23,"[200,300)","[5,6)",4.6,4.7,4.65,10,2.92168116784,3.42268694821,138,0.243386243386
23,"[200,300)","[5,6)",4.7,4.8,4.75,3,2.98451302091,1.00518911426,141,0.248677248677
23,"[200,300)","[5,6)",4.8,4.9,4.85,4,3.04734487398,1.31261808736,145,0.255731922399
23,"[200,300)","[5,6)",4.9,5,4.95,1,3.11017672705,0.321525137559,146,0.257495590829
23,"[200,300)","[5,6)",5,5.1,5.05,4,3.17300858013,1.26063321261,150,0.26455026455
23,"[200,300)","[5,6)",5.1,5.2,5.15,5,3.2358404332,1.54519362225,155,0.273368606702
23,"[200,300)","[5,6)",5.2,5.3,5.25,3,3.29867228627,0.909456817668,158,0.278659611993
23,"[200,300)","[5,6)",5.3,5.4,5.35,10,3.36150413934,2.97485874938,168,0.296296296296
23,"[200,300)","[5,6)",5.4,5.5,5.45,5,3.42433599241,1.46013709259,173,0.305114638448
23,"[200,300)","[5,6)",5.5,5.6,5.55,8,3.48716784548,2.29412530583,181,0.319223985891
23,"[200,300)","[5,6)",5.6,5.7,5.65,1,3.54999969856,0.281690164764,182,0.320987654321
23,"[200,300)","[5,6)",5.7,5.8,5.75,9,3.61283155163,2.49112084839,191,0.336860670194
23,"[200,300)","[5,6)",5.8,5.9,5.85,5,3.6756634047,1.36029865891,196,0.345679012346
23,"[200,300)","[5,6)",5.9,6,5.95,4,3.73849525777,1.06994919726,200,0.352733686067
23,"[200,300)","[5,6)",6,6.1,6.05,7,3.80132711084,1.84146215148,207,0.365079365079
23,"[200,300)","[5,6)",6.1,6.2,6.15,4,3.86415896392,1.03515410141,211,0.372134038801
23,"[200,300)","[5,6)",6.2,6.3,6.25,8,3.92699081699,2.03718327158,219,0.386243386243
23,"[200,300)","[5,6)",6.3,6.4,6.35,5,3.98982267006,1.25318852828,224,0.395061728395
23,"[200,300)","[5,6)",6.4,6.5,6.45,5,4.05265452313,1.23375924877,229,0.403880070547
23,"[200,300)","[5,6)",6.5,6.6,6.55,4,4.1154863762,0.971938583767,233,0.410934744268
23,"[200,300)","[5,6)",6.6,6.7,6.65,6,4.17831822927,1.43598444895,239,0.42151675485
23,"[200,300)","[5,6)",6.7,6.8,6.75,9,4.24115008235,2.12206590789,248,0.437389770723
23,"[200,300)","[5,6)",6.8,6.9,6.85,8,4.30398193542,1.85874386093,256,0.451499118166
23,"[200,300)","[5,6)",6.9,7,6.95,10,4.36681378849,2.28999918118,266,0.469135802469
23,"[200,300)","[5,6)",7,7.1,7.05,9,4.42964564156,2.03176523096,275,0.485008818342
23,"[200,300)","[5,6)",7.1,7.2,7.15,9,4.49247749463,2.00334893402,284,0.500881834215
23,"[200,300)","[5,6)",7.2,7.3,7.25,9,4.55530934771,1.97571653493,293,0.516754850088
23,"[200,300)","[5,6)",7.3,7.4,7.35,10,4.61814120078,2.1653733754,303,0.534391534392
23,"[200,300)","[5,6)",7.4,7.5,7.45,12,4.68097305385,2.56356955316,315,0.555555555556
23,"[200,300)","[5,6)",7.5,7.6,7.55,5,4.74380490692,1.05400624564,320,0.564373897707
23,"[200,300)","[5,6)",7.6,7.7,7.65,9,4.80663675999,1.8724110952,329,0.58024691358
23,"[200,300)","[5,6)",7.7,7.8,7.75,6,4.86946861306,1.23216730136,335,0.590828924162
23,"[200,300)","[5,6)",7.8,7.9,7.85,8,4.93230046614,1.62196120348,343,0.604938271605
23,"[200,300)","[5,6)",7.9,8,7.95,2,4.99513231921,0.400389793942,345,0.608465608466
23,"[200,300)","[5,6)",8,8.1,8.05,10,5.05796417228,1.97708003841,355,0.626102292769
23,"[200,300)","[5,6)",8.1,8.2,8.15,7,5.12079602535,1.36697497134,362,0.638447971781
23,"[200,300)","[5,6)",8.2,8.3,8.25,8,5.18362787842,1.54332066029,370,0.652557319224
23,"[200,300)","[5,6)",8.3,8.4,8.35,2,5.24645973149,0.381209444531,372,0.656084656085
23,"[200,300)","[5,6)",8.4,8.5,8.45,3,5.30929158457,0.565047135237,375,0.661375661376
23,"[200,300)","[5,6)",8.5,8.6,8.55,3,5.37212343764,0.558438396814,378,0.666666666667
23,"[200,300)","[5,6)",8.6,8.7,8.65,6,5.43495529071,1.10396492318,384,0.677248677249
23,"[200,300)","[5,6)",8.7,8.8,8.75,5,5.49778714378,0.909456817668,389,0.6860670194
23,"[200,300)","[5,6)",8.8,8.9,8.85,11,5.56061899685,1.97819703278,400,0.705467372134
23,"[200,300)","[5,6)",8.9,9,8.95,11,5.62345084993,1.95609427264,411,0.724867724868
23,"[200,300)","[5,6)",9,9.1,9.05,9,5.686282703,1.58275634014,420,0.740740740741
23,"[200,300)","[5,6)",9.1,9.2,9.15,6,5.74911455607,1.04363897109,426,0.751322751323
23,"[200,300)","[5,6)",9.2,9.3,9.25,5,5.81194640914,0.860296989686,431,0.760141093474
23,"[200,300)","[5,6)",9.3,9.4,9.35,1,5.87477826221,0.170219190473,432,0.761904761905
23,"[200,300)","[5,6)",9.4,9.5,9.45,8,5.93761011528,1.34734343358,440,0.776014109347
23,"[200,300)","[5,6)",9.5,9.6,9.55,5,6.00044196836,0.833271953361,445,0.784832451499
23,"[200,300)","[5,6)",9.6,9.7,9.65,3,6.06327382143,0.494782206503,448,0.79012345679
23,"[200,300)","[5,6)",9.7,9.8,9.75,6,6.1261056745,0.979415034412,454,0.800705467372
23,"[200,300)","[5,6)",9.8,9.9,9.85,2,6.18893752757,0.323157244857,456,0.804232804233
23,"[200,300)","[5,6)",9.9,10,9.95,5,6.25176938064,0.799773583376,461,0.813051146384
23,"[200,300)","[5,6)",10,10.1,10.05,6,6.31460123372,0.950178764728,467,0.823633156966
23,"[200,300)","[5,6)",10.1,10.2,10.15,7,6.37743308679,1.09762029719,474,0.835978835979
23,"[200,300)","[5,6)",10.2,10.3,10.25,6,6.44026493986,0.93163869127,480,0.846560846561
23,"[200,300)","[5,6)",10.3,10.4,10.35,3,6.50309679293,0.461318675629,483,0.851851851852
23,"[200,300)","[5,6)",10.4,10.5,10.45,3,6.565928646,0.456904142848,486,0.857142857143
23,"[200,300)","[5,6)",10.5,10.6,10.55,6,6.62876049907,0.905146595783,492,0.867724867725
23,"[200,300)","[5,6)",10.6,10.7,10.65,9,6.69159235215,1.34497135007,501,0.883597883598
23,"[200,300)","[5,6)",10.7,10.8,10.75,5,6.75442420522,0.740255549265,506,0.89241622575
23,"[200,300)","[5,6)",10.8,10.9,10.85,2,6.81725605829,0.29337316699,508,0.89594356261
23,"[200,300)","[5,6)",10.9,11,10.95,6,6.88008791136,0.872081879956,514,0.906525573192
23,"[200,300)","[5,6)",11,11.1,11.05,4,6.94291976443,0.57612649083,518,0.913580246914
23,"[200,300)","[5,6)",11.1,11.2,11.15,7,7.00575161751,0.999179014927,525,0.925925925926
23,"[200,300)","[5,6)",11.2,11.3,11.25,4,7.06858347058,0.565884242105,529,0.932980599647
23,"[200,300)","[5,6)",11.3,11.4,11.35,5,7.13141532365,0.701123097321,534,0.941798941799
23,"[200,300)","[5,6)",11.4,11.5,11.45,7,7.19424717672,0.97299965209,541,0.954144620811
23,"[200,300)","[5,6)",11.5,11.6,11.55,7,7.25707902979,0.964575412678,548,0.966490299824
23,"[200,300)","[5,6)",11.6,11.7,11.65,4,7.31991088286,0.54645474023,552,0.973544973545
23,"[200,300)","[5,6)",11.7,11.8,11.75,5,7.38274273594,0.677255076987,557,0.982363315697
23,"[200,300)","[5,6)",11.8,11.9,11.85,5,7.44557458901,0.67153984427,562,0.991181657848
23,"[200,300)","[5,6)",11.9,12,11.95,5,7.50840644208,0.665920263983,567,1
24,"[200,300)",>=6,0,0.1,0.05,0,0.0314159265359,0,0,0
24,"[200,300)",>=6,0.1,0.2,0.15,0,0.0942477796077,0,0,0
24,"[200,300)",>=6,0.2,0.3,0.25,0,0.157079632679,0,0,0
24,"[200,300)",>=6,0.3,0.4,0.35,0,0.219911485751,0,0,0
24,"[200,300)",>=6,0.4,0.5,0.45,0,0.282743338823,0,0,0
24,"[200,300)",>=6,0.5,0.6,0.55,0,0.345575191895,0,0,0
24,"[200,300)",>=6,0.6,0.7,0.65,0,0.408407044967,0,0,0
24,"[200,300)",>=6,0.7,0.8,0.75,0,0.471238898038,0,0,0
24,"[200,300)",>=6,0.8,0.9,0.85,0,0.53407075111,0,0,0
24,"[200,300)",>=6,0.9,1,0.95,0,0.596902604182,0,0,0
24,"[200,300)",>=6,1,1.1,1.05,0,0.659734457254,0,0,0
24,"[200,300)",>=6,1.1,1.2,1.15,0,0.722566310326,0,0,0
24,"[200,300)",>=6,1.2,1.3,1.25,0,0.785398163397,0,0,0
24,"[200,300)",>=6,1.3,1.4,1.35,0,0.848230016469,0,0,0
24,"[200,300)",>=6,1.4,1.5,1.45,0,0.911061869541,0,0,0
24,"[200,300)",>=6,1.5,1.6,1.55,0,0.973893722613,0,0,0
24,"[200,300)",>=6,1.6,1.7,1.65,0,1.03672557568,0,0,0
24,"[200,300)",>=6,1.7,1.8,1.75,0,1.09955742876,0,0,0
24,"[200,300)",>=6,1.8,1.9,1.85,0,1.16238928183,0,0,0
24,"[200,300)",>=6,1.9,2,1.95,0,1.2252211349,0,0,0
24,"[200,300)",>=6,2,2.1,2.05,0,1.28805298797,0,0,0
24,"[200,300)",>=6,2.1,2.2,2.15,0,1.35088484104,0,0,0
24,"[200,300)",>=6,2.2,2.3,2.25,0,1.41371669412,0,0,0
24,"[200,300)",>=6,2.3,2.4,2.35,0,1.47654854719,0,0,0
24,"[200,300)",>=6,2.4,2.5,2.45,0,1.53938040026,0,0,0
24,"[200,300)",>=6,2.5,2.6,2.55,0,1.60221225333,0,0,0
24,"[200,300)",>=6,2.6,2.7,2.65,0,1.6650441064,0,0,0
24,"[200,300)",>=6,2.7,2.8,2.75,0,1.72787595947,0,0,0
24,"[200,300)",>=6,2.8,2.9,2.85,0,1.79070781255,0,0,0
24,"[200,300)",>=6,2.9,3,2.95,0,1.85353966562,0,0,0
24,"[200,300)",>=6,3,3.1,3.05,0,1.91637151869,0,0,0
24,"[200,300)",>=6,3.1,3.2,3.15,0,1.97920337176,0,0,0
24,"[200,300)",>=6,3.2,3.3,3.25,0,2.04203522483,0,0,0
24,"[200,300)",>=6,3.3,3.4,3.35,0,2.10486707791,0,0,0
24,"[200,300)",>=6,3.4,3.5,3.45,0,2.16769893098,0,0,0
24,"[200,300)",>=6,3.5,3.6,3.55,0,2.23053078405,0,0,0
24,"[200,300)",>=6,3.6,3.7,3.65,0,2.29336263712,0,0,0
24,"[200,300)",>=6,3.7,3.8,3.75,0,2.35619449019,0,0,0
24,"[200,300)",>=6,3.8,3.9,3.85,0,2.41902634326,0,0,0
24,"[200,300)",>=6,3.9,4,3.95,0,2.48185819634,0,0,0
24,"[200,300)",>=6,4,4.1,4.05,0,2.54469004941,0,0,0
24,"[200,300)",>=6,4.1,4.2,4.15,0,2.60752190248,0,0,0
24,"[200,300)",>=6,4.2,4.3,4.25,0,2.67035375555,0,0,0
24,"[200,300)",>=6,4.3,4.4,4.35,0,2.73318560862,0,0,0
24,"[200,300)",>=6,4.4,4.5,4.45,0,2.79601746169,0,0,0
24,"[200,300)",>=6,4.5,4.6,4.55,0,2.85884931477,0,0,0
24,"[200,300)",>=6,4.6,4.7,4.65,0,2.92168116784,0,0,0
24,"[200,300)",>=6,4.7,4.8,4.75,0,2.98451302091,0,0,0
24,"[200,300)",>=6,4.8,4.9,4.85,0,3.04734487398,0,0,0
24,"[200,300)",>=6,4.9,5,4.95,0,3.11017672705,0,0,0
24,"[200,300)",>=6,5,5.1,5.05,0,3.17300858013,0,0,0
24,"[200,300)",>=6,5.1,5.2,5.15,0,3.2358404332,0,0,0
24,"[200,300)",>=6,5.2,5.3,5.25,0,3.29867228627,0,0,0
24,"[200,300)",>=6,5.3,5.4,5.35,0,3.36150413934,0,0,0
24,"[200,300)",>=6,5.4,5.5,5.45,0,3.42433599241,0,0,0
24,"[200,300)",>=6,5.5,5.6,5.55,0,3.48716784548,0,0,0
24,"[200,300)",>=6,5.6,5.7,5.65,0,3.54999969856,0,0,0
24,"[200,300)",>=6,5.7,5.8,5.75,0,3.61283155163,0,0,0
24,"[200,300)",>=6,5.8,5.9,5.85,0,3.6756634047,0,0,0
24,"[200,300)",>=6,5.9,6,5.95,0,3.73849525777,0,0,0
24,"[200,300)",>=6,6,6.1,6.05,0,3.80132711084,0,0,0
24,"[200,300)",>=6,6.1,6.2,6.15,0,3.86415896392,0,0,0
24,"[200,300)",>=6,6.2,6.3,6.25,0,3.92699081699,0,0,0
24,"[200,300)",>=6,6.3,6.4,6.35,0,3.98982267006,0,0,0
24,"[200,300)",>=6,6.4,6.5,6.45,0,4.05265452313,0,0,0
24,"[200,300)",>=6,6.5,6.6,6.55,0,4.1154863762,0,0,0
24,"[200,300)",>=6,6.6,6.7,6.65,0,4.17831822927,0,0,0
24,"[200,300)",>=6,6.7,6.8,6.75,0,4.24115008235,0,0,0
24,"[200,300)",>=6,6.8,6.9,6.85,0,4.30398193542,0,0,0
24,"[200,300)",>=6,6.9,7,6.95,0,4.36681378849,0,0,0
24,"[200,300)",>=6,7,7.1,7.05,0,4.42964564156,0,0,0
24,"[200,300)",>=6,7.1,7.2,7.15,0,4.49247749463,0,0,0
24,"[200,300)",>=6,7.2,7.3,7.25,0,4.55530934771,0,0,0
24,"[200,300)",>=6,7.3,7.4,7.35,0,4.61814120078,0,0,0
24,"[200,300)",>=6,7.4,7.5,7.45,0,4.68097305385,0,0,0
24,"[200,300)",>=6,7.5,7.6,7.55,0,4.74380490692,0,0,0
24,"[200,300)",>=6,7.6,7.7,7.65,0,4.80663675999,0,0,0
24,"[200,300)",>=6,7.7,7.8,7.75,0,4.86946861306,0,0,0
24,"[200,300)",>=6,7.8,7.9,7.85,0,4.93230046614,0,0,0
24,"[200,300)",>=6,7.9,8,7.95,0,4.99513231921,0,0,0
24,"[200,300)",>=6,8,8.1,8.05,0,5.05796417228,0,0,0
24,"[200,300)",>=6,8.1,8.2,8.15,0,5.12079602535,0,0,0
24,"[200,300)",>=6,8.2,8.3,8.25,0,5.18362787842,0,0,0
24,"[200,300)",>=6,8.3,8.4,8.35,0,5.24645973149,0,0,0
24,"[200,300)",>=6,8.4,8.5,8.45,0,5.30929158457,0,0,0
24,"[200,300)",>=6,8.5,8.6,8.55,0,5.37212343764,0,0,0
24,"[200,300)",>=6,8.6,8.7,8.65,0,5.43495529071,0,0,0
24,"[200,300)",>=6,8.7,8.8,8.75,0,5.49778714378,0,0,0
24,"[200,300)",>=6,8.8,8.9,8.85,0,5.56061899685,0,0,0
24,"[200,300)",>=6,8.9,9,8.95,0,5.62345084993,0,0,0
24,"[200,300)",>=6,9,9.1,9.05,0,5.686282703,0,0,0
24,"[200,300)",>=6,9.1,9.2,9.15,0,5.74911455607,0,0,0
24,"[200,300)",>=6,9.2,9.3,9.25,0,5.81194640914,0,0,0
24,"[200,300)",>=6,9.3,9.4,9.35,0,5.87477826221,0,0,0
24,"[200,300)",>=6,9.4,9.5,9.45,0,5.93761011528,0,0,0
24,"[200,300)",>=6,9.5,9.6,9.55,0,6.00044196836,0,0,0
24,"[200,300)",>=6,9.6,9.7,9.65,0,6.06327382143,0,0,0
24,"[200,300)",>=6,9.7,9.8,9.75,0,6.1261056745,0,0,0
24,"[200,300)",>=6,9.8,9.9,9.85,0,6.18893752757,0,0,0
24,"[200,300)",>=6,9.9,10,9.95,0,6.25176938064,0,0,0
24,"[200,300)",>=6,10,10.1,10.05,0,6.31460123372,0,0,0
24,"[200,300)",>=6,10.1,10.2,10.15,0,6.37743308679,0,0,0
24,"[200,300)",>=6,10.2,10.3,10.25,0,6.44026493986,0,0,0
24,"[200,300)",>=6,10.3,10.4,10.35,0,6.50309679293,0,0,0
24,"[200,300)",>=6,10.4,10.5,10.45,0,6.565928646,0,0,0
24,"[200,300)",>=6,10.5,10.6,10.55,0,6.62876049907,0,0,0
24,"[200,300)",>=6,10.6,10.7,10.65,0,6.69159235215,0,0,0
24,"[200,300)",>=6,10.7,10.8,10.75,0,6.75442420522,0,0,0
24,"[200,300)",>=6,10.8,10.9,10.85,0,6.81725605829,0,0,0
24,"[200,300)",>=6,10.9,11,10.95,0,6.88008791136,0,0,0
24,"[200,300)",>=6,11,11.1,11.05,0,6.94291976443,0,0,0
24,"[200,300)",>=6,11.1,11.2,11.15,0,7.00575161751,0,0,0
24,"[200,300)",>=6,11.2,11.3,11.25,0,7.06858347058,0,0,0
24,"[200,300)",>=6,11.3,11.4,11.35,0,7.13141532365,0,0,0
24,"[200,300)",>=6,11.4,11.5,11.45,0,7.19424717672,0,0,0
24,"[200,300)",>=6,11.5,11.6,11.55,0,7.25707902979,0,0,0
24,"[200,300)",>=6,11.6,11.7,11.65,0,7.31991088286,0,0,0
24,"[200,300)",>=6,11.7,11.8,11.75,0,7.38274273594,0,0,0
24,"[200,300)",>=6,11.8,11.9,11.85,0,7.44557458901,0,0,0
24,"[200,300)",>=6,11.9,12,11.95,0,7.50840644208,0,0,0
25,"[300,500)","[2,2.5)",0,0.1,0.05,1,0.0314159265359,31.8309886184,1,0.00226244343891
25,"[300,500)","[2,2.5)",0.1,0.2,0.15,1,0.0942477796077,10.6103295395,2,0.00452488687783
25,"[300,500)","[2,2.5)",0.2,0.3,0.25,0,0.157079632679,0,2,0.00452488687783
25,"[300,500)","[2,2.5)",0.3,0.4,0.35,1,0.219911485751,4.54728408834,3,0.00678733031674
25,"[300,500)","[2,2.5)",0.4,0.5,0.45,0,0.282743338823,0,3,0.00678733031674
25,"[300,500)","[2,2.5)",0.5,0.6,0.55,3,0.345575191895,8.6811787141,6,0.0135746606335
25,"[300,500)","[2,2.5)",0.6,0.7,0.65,1,0.408407044967,2.44853758603,7,0.0158371040724
25,"[300,500)","[2,2.5)",0.7,0.8,0.75,1,0.471238898038,2.12206590789,8,0.0180995475113
25,"[300,500)","[2,2.5)",0.8,0.9,0.85,1,0.53407075111,1.8724110952,9,0.0203619909502
25,"[300,500)","[2,2.5)",0.9,1,0.95,1,0.596902604182,1.67531519044,10,0.0226244343891
25,"[300,500)","[2,2.5)",1,1.1,1.05,1,0.659734457254,1.51576136278,11,0.0248868778281
25,"[300,500)","[2,2.5)",1.1,1.2,1.15,0,0.722566310326,0,11,0.0248868778281
25,"[300,500)","[2,2.5)",1.2,1.3,1.25,0,0.785398163397,0,11,0.0248868778281
25,"[300,500)","[2,2.5)",1.3,1.4,1.35,3,0.848230016469,3.53677651315,14,0.0316742081448
25,"[300,500)","[2,2.5)",1.4,1.5,1.45,1,0.911061869541,1.09762029719,15,0.0339366515837
25,"[300,500)","[2,2.5)",1.5,1.6,1.55,3,0.973893722613,3.08041825339,18,0.0407239819005
25,"[300,500)","[2,2.5)",1.6,1.7,1.65,1,1.03672557568,0.964575412678,19,0.0429864253394
25,"[300,500)","[2,2.5)",1.7,1.8,1.75,2,1.09955742876,1.81891363534,21,0.0475113122172
25,"[300,500)","[2,2.5)",1.8,1.9,1.85,0,1.16238928183,0,21,0.0475113122172
25,"[300,500)","[2,2.5)",1.9,2,1.95,4,1.2252211349,3.26471678137,25,0.0565610859729
25,"[300,500)","[2,2.5)",2,2.1,2.05,1,1.28805298797,0.776365576058,26,0.0588235294118
25,"[300,500)","[2,2.5)",2.1,2.2,2.15,4,1.35088484104,2.96102219706,30,0.0678733031674
25,"[300,500)","[2,2.5)",2.2,2.3,2.25,6,1.41371669412,4.24413181578,36,0.0814479638009
25,"[300,500)","[2,2.5)",2.3,2.4,2.35,2,1.47654854719,1.35451015397,38,0.0859728506787
25,"[300,500)","[2,2.5)",2.4,2.5,2.45,3,1.53938040026,1.94883603786,41,0.0927601809955
25,"[300,500)","[2,2.5)",2.5,2.6,2.55,5,1.60221225333,3.12068515866,46,0.10407239819
25,"[300,500)","[2,2.5)",2.6,2.7,2.65,2,1.6650441064,1.20116938183,48,0.108597285068
25,"[300,500)","[2,2.5)",2.7,2.8,2.75,8,1.72787595947,4.62996198086,56,0.126696832579
25,"[300,500)","[2,2.5)",2.8,2.9,2.85,4,1.79070781255,2.23375358725,60,0.135746606335
25,"[300,500)","[2,2.5)",2.9,3,2.95,6,1.85353966562,3.23704969,66,0.149321266968
25,"[300,500)","[2,2.5)",3,3.1,3.05,3,1.91637151869,1.56545845664,69,0.156108597285
25,"[300,500)","[2,2.5)",3.1,3.2,3.15,7,1.97920337176,3.53677651315,76,0.171945701357
25,"[300,500)","[2,2.5)",3.2,3.3,3.25,9,2.04203522483,4.40736765485,85,0.192307692308
25,"[300,500)","[2,2.5)",3.3,3.4,3.35,5,2.10486707791,2.37544691182,90,0.203619909502
25,"[300,500)","[2,2.5)",3.4,3.5,3.45,12,2.16769893098,5.53582410754,102,0.230769230769
25,"[300,500)","[2,2.5)",3.5,3.6,3.55,4,2.23053078405,1.79329513343,106,0.239819004525
25,"[300,500)","[2,2.5)",3.6,3.7,3.65,5,2.29336263712,2.18020469989,111,0.251131221719
25,"[300,500)","[2,2.5)",3.7,3.8,3.75,6,2.35619449019,2.54647908947,117,0.264705882353
25,"[300,500)","[2,2.5)",3.8,3.9,3.85,7,2.41902634326,2.89372623803,124,0.280542986425
25,"[300,500)","[2,2.5)",3.9,4,3.95,10,2.48185819634,4.02923906562,134,0.303167420814
25,"[300,500)","[2,2.5)",4,4.1,4.05,9,2.54469004941,3.53677651315,143,0.323529411765
25,"[300,500)","[2,2.5)",4.1,4.2,4.15,8,2.60752190248,3.06804709575,151,0.341628959276
25,"[300,500)","[2,2.5)",4.2,4.3,4.25,7,2.67035375555,2.62137553328,158,0.357466063348
25,"[300,500)","[2,2.5)",4.3,4.4,4.35,7,2.73318560862,2.56111402677,165,0.373303167421
25,"[300,500)","[2,2.5)",4.4,4.5,4.45,11,2.79601746169,3.93416713261,176,0.398190045249
25,"[300,500)","[2,2.5)",4.5,4.6,4.55,8,2.85884931477,2.79832866975,184,0.41628959276
25,"[300,500)","[2,2.5)",4.6,4.7,4.65,7,2.92168116784,2.39588086375,191,0.432126696833
25,"[300,500)","[2,2.5)",4.7,4.8,4.75,7,2.98451302091,2.34544126662,198,0.447963800905
25,"[300,500)","[2,2.5)",4.8,4.9,4.85,10,3.04734487398,3.28154521839,208,0.470588235294
25,"[300,500)","[2,2.5)",4.9,5,4.95,5,3.11017672705,1.6076256878,213,0.481900452489
25,"[300,500)","[2,2.5)",5,5.1,5.05,15,3.17300858013,4.72737454728,228,0.515837104072
25,"[300,500)","[2,2.5)",5.1,5.2,5.15,4,3.2358404332,1.2361548978,232,0.524886877828
25,"[300,500)","[2,2.5)",5.2,5.3,5.25,11,3.29867228627,3.33467499812,243,0.549773755656
25,"[300,500)","[2,2.5)",5.3,5.4,5.35,10,3.36150413934,2.97485874938,253,0.572398190045
25,"[300,500)","[2,2.5)",5.4,5.5,5.45,16,3.42433599241,4.67243869628,269,0.608597285068
25,"[300,500)","[2,2.5)",5.5,5.6,5.55,7,3.48716784548,2.0073596426,276,0.62443438914
25,"[300,500)","[2,2.5)",5.6,5.7,5.65,7,3.54999969856,1.97183115335,283,0.640271493213
25,"[300,500)","[2,2.5)",5.7,5.8,5.75,14,3.61283155163,3.87507687528,297,0.671945701357
25,"[300,500)","[2,2.5)",5.8,5.9,5.85,12,3.6756634047,3.26471678137,309,0.699095022624
25,"[300,500)","[2,2.5)",5.9,6,5.95,9,3.73849525777,2.40738569383,318,0.719457013575
25,"[300,500)","[2,2.5)",6,6.1,6.05,10,3.80132711084,2.63066021639,328,0.742081447964
25,"[300,500)","[2,2.5)",6.1,6.2,6.15,10,3.86415896392,2.58788525353,338,0.764705882353
25,"[300,500)","[2,2.5)",6.2,6.3,6.25,12,3.92699081699,3.05577490736,350,0.79185520362
25,"[300,500)","[2,2.5)",6.3,6.4,6.35,13,3.98982267006,3.25829017353,363,0.821266968326
25,"[300,500)","[2,2.5)",6.4,6.5,6.45,10,4.05265452313,2.46751849755,373,0.843891402715
25,"[300,500)","[2,2.5)",6.5,6.6,6.55,11,4.1154863762,2.67283110536,384,0.868778280543
25,"[300,500)","[2,2.5)",6.6,6.7,6.65,4,4.17831822927,0.957322965966,388,0.877828054299
25,"[300,500)","[2,2.5)",6.7,6.8,6.75,9,4.24115008235,2.12206590789,397,0.898190045249
25,"[300,500)","[2,2.5)",6.8,6.9,6.85,16,4.30398193542,3.71748772185,413,0.934389140271
25,"[300,500)","[2,2.5)",6.9,7,6.95,4,4.36681378849,0.915999672471,417,0.943438914027
25,"[300,500)","[2,2.5)",7,7.1,7.05,8,4.42964564156,1.80601353863,425,0.961538461538
25,"[300,500)","[2,2.5)",7.1,7.2,7.15,1,4.49247749463,0.222594326003,426,0.963800904977
25,"[300,500)","[2,2.5)",7.2,7.3,7.25,1,4.55530934771,0.219524059437,427,0.966063348416
25,"[300,500)","[2,2.5)",7.3,7.4,7.35,3,4.61814120078,0.64961201262,430,0.972850678733
25,"[300,500)","[2,2.5)",7.4,7.5,7.45,3,4.68097305385,0.64089238829,433,0.97963800905
25,"[300,500)","[2,2.5)",7.5,7.6,7.55,1,4.74380490692,0.210801249128,434,0.981900452489
25,"[300,500)","[2,2.5)",7.6,7.7,7.65,2,4.80663675999,0.416091354489,436,0.986425339367
25,"[300,500)","[2,2.5)",7.7,7.8,7.75,0,4.86946861306,0,436,0.986425339367
25,"[300,500)","[2,2.5)",7.8,7.9,7.85,0,4.93230046614,0,436,0.986425339367
25,"[300,500)","[2,2.5)",7.9,8,7.95,0,4.99513231921,0,436,0.986425339367
25,"[300,500)","[2,2.5)",8,8.1,8.05,0,5.05796417228,0,436,0.986425339367
25,"[300,500)","[2,2.5)",8.1,8.2,8.15,0,5.12079602535,0,436,0.986425339367
25,"[300,500)","[2,2.5)",8.2,8.3,8.25,1,5.18362787842,0.192915082536,437,0.988687782805
25,"[300,500)","[2,2.5)",8.3,8.4,8.35,0,5.24645973149,0,437,0.988687782805
25,"[300,500)","[2,2.5)",8.4,8.5,8.45,0,5.30929158457,0,437,0.988687782805
25,"[300,500)","[2,2.5)",8.5,8.6,8.55,1,5.37212343764,0.186146132271,438,0.990950226244
25,"[300,500)","[2,2.5)",8.6,8.7,8.65,1,5.43495529071,0.183994153863,439,0.993212669683
25,"[300,500)","[2,2.5)",8.7,8.8,8.75,0,5.49778714378,0,439,0.993212669683
25,"[300,500)","[2,2.5)",8.8,8.9,8.85,0,5.56061899685,0,439,0.993212669683
25,"[300,500)","[2,2.5)",8.9,9,8.95,1,5.62345084993,0.177826752058,440,0.995475113122
25,"[300,500)","[2,2.5)",9,9.1,9.05,0,5.686282703,0,440,0.995475113122
25,"[300,500)","[2,2.5)",9.1,9.2,9.15,0,5.74911455607,0,440,0.995475113122
25,"[300,500)","[2,2.5)",9.2,9.3,9.25,0,5.81194640914,0,440,0.995475113122
25,"[300,500)","[2,2.5)",9.3,9.4,9.35,1,5.87477826221,0.170219190473,441,0.997737556561
25,"[300,500)","[2,2.5)",9.4,9.5,9.45,0,5.93761011528,0,441,0.997737556561
25,"[300,500)","[2,2.5)",9.5,9.6,9.55,1,6.00044196836,0.166654390672,442,1
25,"[300,500)","[2,2.5)",9.6,9.7,9.65,0,6.06327382143,0,442,1
25,"[300,500)","[2,2.5)",9.7,9.8,9.75,0,6.1261056745,0,442,1
25,"[300,500)","[2,2.5)",9.8,9.9,9.85,0,6.18893752757,0,442,1
25,"[300,500)","[2,2.5)",9.9,10,9.95,0,6.25176938064,0,442,1
25,"[300,500)","[2,2.5)",10,10.1,10.05,0,6.31460123372,0,442,1
25,"[300,500)","[2,2.5)",10.1,10.2,10.15,0,6.37743308679,0,442,1
25,"[300,500)","[2,2.5)",10.2,10.3,10.25,0,6.44026493986,0,442,1
25,"[300,500)","[2,2.5)",10.3,10.4,10.35,0,6.50309679293,0,442,1
25,"[300,500)","[2,2.5)",10.4,10.5,10.45,0,6.565928646,0,442,1
25,"[300,500)","[2,2.5)",10.5,10.6,10.55,0,6.62876049907,0,442,1
25,"[300,500)","[2,2.5)",10.6,10.7,10.65,0,6.69159235215,0,442,1
25,"[300,500)","[2,2.5)",10.7,10.8,10.75,0,6.75442420522,0,442,1
25,"[300,500)","[2,2.5)",10.8,10.9,10.85,0,6.81725605829,0,442,1
25,"[300,500)","[2,2.5)",10.9,11,10.95,0,6.88008791136,0,442,1
25,"[300,500)","[2,2.5)",11,11.1,11.05,0,6.94291976443,0,442,1
25,"[300,500)","[2,2.5)",11.1,11.2,11.15,0,7.00575161751,0,442,1
25,"[300,500)","[2,2.5)",11.2,11.3,11.25,0,7.06858347058,0,442,1
25,"[300,500)","[2,2.5)",11.3,11.4,11.35,0,7.13141532365,0,442,1
25,"[300,500)","[2,2.5)",11.4,11.5,11.45,0,7.19424717672,0,442,1
25,"[300,500)","[2,2.5)",11.5,11.6,11.55,0,7.25707902979,0,442,1
25,"[300,500)","[2,2.5)",11.6,11.7,11.65,0,7.31991088286,0,442,1
25,"[300,500)","[2,2.5)",11.7,11.8,11.75,0,7.38274273594,0,442,1
25,"[300,500)","[2,2.5)",11.8,11.9,11.85,0,7.44557458901,0,442,1
25,"[300,500)","[2,2.5)",11.9,12,11.95,0,7.50840644208,0,442,1
26,"[300,500)","[2.5,3)",0,0.1,0.05,113,0.0314159265359,3596.90171388,113,0.000397182464921
26,"[300,500)","[2.5,3)",0.1,0.2,0.15,369,0.0942477796077,3915.21160006,482,0.00169417653179
26,"[300,500)","[2.5,3)",0.2,0.3,0.25,540,0.157079632679,3437.74677078,1022,0.00359221662964
26,"[300,500)","[2.5,3)",0.3,0.4,0.35,671,0.219911485751,3051.22762328,1693,0.00595070719568
26,"[300,500)","[2.5,3)",0.4,0.5,0.45,723,0.282743338823,2557.08941901,2416,0.00849197199336
26,"[300,500)","[2.5,3)",0.5,0.6,0.55,789,0.345575191895,2283.15000181,3205,0.0112652194697
26,"[300,500)","[2.5,3)",0.6,0.7,0.65,805,0.408407044967,1971.07275675,4010,0.0140947051711
26,"[300,500)","[2.5,3)",0.7,0.8,0.75,896,0.471238898038,1901.37105347,4906,0.0172440457779
26,"[300,500)","[2.5,3)",0.8,0.9,0.85,1057,0.53407075111,1979.13852763,5963,0.020959283525
26,"[300,500)","[2.5,3)",0.9,1,0.95,1186,0.596902604182,1986.92381586,7149,0.0251279419622
26,"[300,500)","[2.5,3)",1,1.1,1.05,1277,0.659734457254,1935.62726027,8426,0.0296164553047
26,"[300,500)","[2.5,3)",1.1,1.2,1.15,1365,0.722566310326,1889.0999767,9791,0.0344142788854
26,"[300,500)","[2.5,3)",1.2,1.3,1.25,1488,0.785398163397,1894.58044257,11279,0.0396444338217
26,"[300,500)","[2.5,3)",1.3,1.4,1.35,1628,0.848230016469,1919.29072114,12907,0.0453666732278
26,"[300,500)","[2.5,3)",1.4,1.5,1.45,1683,0.911061869541,1847.29496016,14590,0.0512822315328
26,"[300,500)","[2.5,3)",1.5,1.6,1.55,1819,0.973893722613,1867.76026764,16409,0.0576758147513
26,"[300,500)","[2.5,3)",1.6,1.7,1.65,1972,1.03672557568,1902.1427138,18381,0.0646071759975
26,"[300,500)","[2.5,3)",1.7,1.8,1.75,2064,1.09955742876,1877.11887167,20445,0.0718619070382
26,"[300,500)","[2.5,3)",1.8,1.9,1.85,2156,1.16238928183,1854.80030976,22601,0.0794400078734
26,"[300,500)","[2.5,3)",1.9,2,1.95,2250,1.2252211349,1836.40318952,24851,0.0873485082811
26,"[300,500)","[2.5,3)",2,2.1,2.05,2432,1.28805298797,1888.12108097,27283,0.0958967184996
26,"[300,500)","[2.5,3)",2.1,2.2,2.15,2594,1.35088484104,1920.22289479,29877,0.105014340747
26,"[300,500)","[2.5,3)",2.2,2.3,2.25,2627,1.41371669412,1858.22238001,32504,0.114247954335
26,"[300,500)","[2.5,3)",2.3,2.4,2.35,2805,1.47654854719,1899.70049095,35309,0.124107218176
26,"[300,500)","[2.5,3)",2.4,2.5,2.45,2916,1.53938040026,1894.2686288,38225,0.134356634705
26,"[300,500)","[2.5,3)",2.5,2.6,2.55,3047,1.60221225333,1901.74553569,41272,0.145066501701
26,"[300,500)","[2.5,3)",2.6,2.7,2.65,3100,1.6650441064,1861.81254183,44372,0.155962657819
26,"[300,500)","[2.5,3)",2.7,2.8,2.75,3154,1.72787595947,1825.36251095,47526,0.167048617946
26,"[300,500)","[2.5,3)",2.8,2.9,2.85,3374,1.79070781255,1884.17115085,50900,0.178907853668
26,"[300,500)","[2.5,3)",2.9,3,2.95,3391,1.85353966562,1829.47258313,54291,0.190826842505
26,"[300,500)","[2.5,3)",3,3.1,3.05,3731,1.91637151869,1946.90850058,58022,0.203940893625
26,"[300,500)","[2.5,3)",3.1,3.2,3.15,3713,1.97920337176,1876.00731333,61735,0.216991676743
26,"[300,500)","[2.5,3)",3.2,3.3,3.25,3762,2.04203522483,1842.27967973,65497,0.230214689424
26,"[300,500)","[2.5,3)",3.3,3.4,3.35,3857,2.10486707791,1832.41974778,69354,0.243771616568
26,"[300,500)","[2.5,3)",3.4,3.5,3.45,3962,2.16769893098,1827.74459284,73316,0.257697607064
26,"[300,500)","[2.5,3)",3.5,3.6,3.55,4257,2.23053078405,1908.51434575,77573,0.272660489835
26,"[300,500)","[2.5,3)",3.6,3.7,3.65,4284,2.29336263712,1867.99938686,81857,0.287718274611
26,"[300,500)","[2.5,3)",3.7,3.8,3.75,4247,2.35619449019,1802.48278216,86104,0.302646008492
26,"[300,500)","[2.5,3)",3.8,3.9,3.85,4409,2.41902634326,1822.6341405,90513,0.318143154402
26,"[300,500)","[2.5,3)",3.9,4,3.95,4524,2.48185819634,1822.82775329,95037,0.334044512555
26,"[300,500)","[2.5,3)",4,4.1,4.05,4713,2.54469004941,1852.09196739,99750,0.350610184743
26,"[300,500)","[2.5,3)",4.1,4.2,4.15,4752,2.60752190248,1822.41997487,104502,0.367312937604
26,"[300,500)","[2.5,3)",4.2,4.3,4.25,4918,2.67035375555,1841.70355324,109420,0.38459916205
26,"[300,500)","[2.5,3)",4.3,4.4,4.35,4817,2.73318560862,1762.41232385,114237,0.401530382701
26,"[300,500)","[2.5,3)",4.4,4.5,4.45,5122,2.79601746169,1831.89127757,119359,0.419533644518
26,"[300,500)","[2.5,3)",4.5,4.6,4.55,5069,2.85884931477,1773.09100337,124428,0.437350617215
26,"[300,500)","[2.5,3)",4.6,4.7,4.65,5188,2.92168116784,1775.68998873,129616,0.45558586171
26,"[300,500)","[2.5,3)",4.7,4.8,4.75,5401,2.98451302091,1809.67546871,135017,0.474569777578
26,"[300,500)","[2.5,3)",4.8,4.9,4.85,5498,3.04734487398,1804.19356107,140515,0.493894637685
26,"[300,500)","[2.5,3)",4.9,5,4.95,5547,3.11017672705,1783.49993804,146062,0.513391727357
26,"[300,500)","[2.5,3)",5,5.1,5.05,5801,3.17300858013,1828.23331659,151863,0.533781598853
26,"[300,500)","[2.5,3)",5.1,5.2,5.15,5885,3.2358404332,1818.69289339,157748,0.55446672103
26,"[300,500)","[2.5,3)",5.2,5.3,5.25,5910,3.29867228627,1791.62993081,163658,0.575239715435
26,"[300,500)","[2.5,3)",5.3,5.4,5.35,5955,3.36150413934,1771.52838526,169613,0.596170879847
26,"[300,500)","[2.5,3)",5.4,5.5,5.45,6271,3.42433599241,1831.30394152,175884,0.618212749206
26,"[300,500)","[2.5,3)",5.5,5.6,5.55,6205,3.48716784548,1779.38094033,182089,0.640022635886
26,"[300,500)","[2.5,3)",5.6,5.7,5.65,6316,3.54999969856,1779.15508065,188405,0.662222675252
26,"[300,500)","[2.5,3)",5.7,5.8,5.75,6493,3.61283155163,1797.20529651,194898,0.685044849985
26,"[300,500)","[2.5,3)",5.8,5.9,5.85,6565,3.6756634047,1786.07213914,201463,0.70812009673
26,"[300,500)","[2.5,3)",5.9,6,5.95,6572,3.73849525777,1757.92653109,208035,0.731219947698
26,"[300,500)","[2.5,3)",6,6.1,6.05,6714,3.80132711084,1766.22526929,214749,0.754818912915
26,"[300,500)","[2.5,3)",6.1,6.2,6.15,6653,3.86415896392,1721.72005917,221402,0.778203469898
26,"[300,500)","[2.5,3)",6.2,6.3,6.25,6609,3.92699081699,1682.96803023,228011,0.801433371763
26,"[300,500)","[2.5,3)",6.3,6.4,6.35,6491,3.98982267006,1626.88934742,234502,0.824248516717
26,"[300,500)","[2.5,3)",6.4,6.5,6.45,6336,4.05265452313,1563.41972005,240838,0.846518853865
26,"[300,500)","[2.5,3)",6.5,6.6,6.55,6234,4.1154863762,1514.7662828,247072,0.868430672328
26,"[300,500)","[2.5,3)",6.6,6.7,6.65,5958,4.17831822927,1425.93255781,253030,0.889372381408
26,"[300,500)","[2.5,3)",6.7,6.8,6.75,5324,4.24115008235,1255.31987707,258354,0.908085650817
26,"[300,500)","[2.5,3)",6.8,6.9,6.85,4749,4.30398193542,1103.39682444,263103,0.924777859011
26,"[300,500)","[2.5,3)",6.9,7,6.95,4150,4.36681378849,950.349660189,267253,0.939364648652
26,"[300,500)","[2.5,3)",7,7.1,7.05,3401,4.42964564156,767.781505611,270654,0.951318786379
26,"[300,500)","[2.5,3)",7.1,7.2,7.15,2720,4.49247749463,605.456566727,273374,0.96087928465
26,"[300,500)","[2.5,3)",7.2,7.3,7.25,2031,4.55530934771,445.853364717,275405,0.968018024351
26,"[300,500)","[2.5,3)",7.3,7.4,7.35,1519,4.61814120078,328.920215723,276924,0.973357140849
26,"[300,500)","[2.5,3)",7.4,7.5,7.45,1136,4.68097305385,242.684584366,278060,0.977350054832
26,"[300,500)","[2.5,3)",7.5,7.6,7.55,842,4.74380490692,177.494651766,278902,0.980309591429
26,"[300,500)","[2.5,3)",7.6,7.7,7.65,632,4.80663675999,131.484868018,279534,0.982531001322
26,"[300,500)","[2.5,3)",7.7,7.8,7.75,461,4.86946861306,94.6715209876,279995,0.984151365183
26,"[300,500)","[2.5,3)",7.8,7.9,7.85,343,4.93230046614,69.5415865994,280338,0.985356972134
26,"[300,500)","[2.5,3)",7.9,8,7.95,294,4.99513231921,58.8572997095,280632,0.986390349521
26,"[300,500)","[2.5,3)",8,8.1,8.05,257,5.05796417228,50.8109569871,280889,0.987293676012
26,"[300,500)","[2.5,3)",8.1,8.2,8.15,199,5.12079602535,38.8611456138,281088,0.987993138937
26,"[300,500)","[2.5,3)",8.2,8.3,8.25,171,5.18362787842,32.9884791136,281259,0.988594184968
26,"[300,500)","[2.5,3)",8.3,8.4,8.35,133,5.24645973149,25.3504280613,281392,0.989061665214
26,"[300,500)","[2.5,3)",8.4,8.5,8.45,129,5.30929158457,24.2970268152,281521,0.989515085904
26,"[300,500)","[2.5,3)",8.5,8.6,8.55,103,5.37212343764,19.1730516239,281624,0.989877119478
26,"[300,500)","[2.5,3)",8.6,8.7,8.65,107,5.43495529071,19.6873744634,281731,0.990253212609
26,"[300,500)","[2.5,3)",8.7,8.8,8.75,102,5.49778714378,18.5529190804,281833,0.990611731294
26,"[300,500)","[2.5,3)",8.8,8.9,8.85,105,5.56061899685,18.8827898584,281938,0.990980794646
26,"[300,500)","[2.5,3)",8.9,9,8.95,92,5.62345084993,16.3600611893,282030,0.991304164441
26,"[300,500)","[2.5,3)",9,9.1,9.05,93,5.686282703,16.3551488481,282123,0.991631049124
26,"[300,500)","[2.5,3)",9.1,9.2,9.15,64,5.74911455607,11.132149025,282187,0.991856002025
26,"[300,500)","[2.5,3)",9.2,9.3,9.25,89,5.81194640914,15.3132864164,282276,0.992168827152
26,"[300,500)","[2.5,3)",9.3,9.4,9.35,77,5.87477826221,13.1068776664,282353,0.99243947361
26,"[300,500)","[2.5,3)",9.4,9.5,9.45,98,5.93761011528,16.5049570614,282451,0.992783932739
26,"[300,500)","[2.5,3)",9.5,9.6,9.55,90,6.00044196836,14.9988951605,282541,0.993100272755
26,"[300,500)","[2.5,3)",9.6,9.7,9.65,77,6.06327382143,12.6994099669,282618,0.993370919214
26,"[300,500)","[2.5,3)",9.7,9.8,9.75,79,6.1261056745,12.8956312864,282697,0.99364859545
26,"[300,500)","[2.5,3)",9.8,9.9,9.85,73,6.18893752757,11.7952394373,282770,0.993905182352
26,"[300,500)","[2.5,3)",9.9,10,9.95,95,6.25176938064,15.1956980842,282865,0.994239096814
26,"[300,500)","[2.5,3)",10,10.1,10.05,76,6.31460123372,12.0355976866,282941,0.994506228383
26,"[300,500)","[2.5,3)",10.1,10.2,10.15,66,6.37743308679,10.3489913735,283007,0.994738211062
26,"[300,500)","[2.5,3)",10.2,10.3,10.25,85,6.44026493986,13.198214793,283092,0.995036976633
26,"[300,500)","[2.5,3)",10.3,10.4,10.35,80,6.50309679293,12.3018313501,283172,0.995318167759
26,"[300,500)","[2.5,3)",10.4,10.5,10.45,83,6.565928646,12.6410146188,283255,0.995609903551
26,"[300,500)","[2.5,3)",10.5,10.6,10.55,78,6.62876049907,11.7669057452,283333,0.995884064899
26,"[300,500)","[2.5,3)",10.6,10.7,10.65,88,6.69159235215,13.1508309785,283421,0.996193375137
26,"[300,500)","[2.5,3)",10.7,10.8,10.75,81,6.75442420522,11.9921398981,283502,0.996478081152
26,"[300,500)","[2.5,3)",10.8,10.9,10.85,84,6.81725605829,12.3216730136,283586,0.996773331834
26,"[300,500)","[2.5,3)",10.9,11,10.95,82,6.88008791136,11.9184523594,283668,0.997061552737
26,"[300,500)","[2.5,3)",11,11.1,11.05,90,6.94291976443,12.9628460437,283758,0.997377892754
26,"[300,500)","[2.5,3)",11.1,11.2,11.15,86,7.00575161751,12.2756278977,283844,0.997680173214
26,"[300,500)","[2.5,3)",11.2,11.3,11.25,71,7.06858347058,10.0444452974,283915,0.997929730338
26,"[300,500)","[2.5,3)",11.3,11.4,11.35,70,7.13141532365,9.8157233625,283985,0.998175772573
26,"[300,500)","[2.5,3)",11.4,11.5,11.45,82,7.19424717672,11.3979959245,284067,0.998463993476
26,"[300,500)","[2.5,3)",11.5,11.6,11.55,69,7.25707902979,9.50795763926,284136,0.998706520822
26,"[300,500)","[2.5,3)",11.6,11.7,11.65,78,7.31991088286,10.6558674345,284214,0.99898068217
26,"[300,500)","[2.5,3)",11.7,11.8,11.75,86,7.38274273594,11.6487873242,284300,0.99928296263
26,"[300,500)","[2.5,3)",11.8,11.9,11.85,102,7.44557458901,13.6994128231,284402,0.999641481315
26,"[300,500)","[2.5,3)",11.9,12,11.95,102,7.50840644208,13.5847733852,284504,1
27,"[300,500)","[3,3.25)",0,0.1,0.05,256,0.0314159265359,8148.73308631,256,0.000549469418593
27,"[300,500)","[3,3.25)",0.1,0.2,0.15,691,0.0942477796077,7331.73771177,947,0.00203260757581
27,"[300,500)","[3,3.25)",0.2,0.3,0.25,1017,0.157079632679,6474.42308498,1964,0.00421546069577
27,"[300,500)","[3,3.25)",0.3,0.4,0.35,1154,0.219911485751,5247.56583794,3118,0.00669236580927
27,"[300,500)","[3,3.25)",0.4,0.5,0.45,1271,0.282743338823,4495.24294822,4389,0.00942039561798
27,"[300,500)","[3,3.25)",0.5,0.6,0.55,1277,0.345575191895,3695.28840597,5666,0.0121613036162
27,"[300,500)","[3,3.25)",0.6,0.7,0.65,1403,0.408407044967,3435.2982332,7069,0.0151726535939
27,"[300,500)","[3,3.25)",0.7,0.8,0.75,1513,0.471238898038,3210.68571864,8582,0.0184201037124
27,"[300,500)","[3,3.25)",0.8,0.9,0.85,1693,0.53407075111,3169.99198417,10275,0.0220538995158
27,"[300,500)","[3,3.25)",0.9,1,0.95,1754,0.596902604182,2938.50284403,12029,0.0258186235791
27,"[300,500)","[3,3.25)",1,1.1,1.05,2004,0.659734457254,3037.58577101,14033,0.0301199388715
27,"[300,500)","[3,3.25)",1.1,1.2,1.15,2123,0.722566310326,2938.13864508,16156,0.034676671589
27,"[300,500)","[3,3.25)",1.2,1.3,1.25,2422,0.785398163397,3083.78617735,18578,0.0398751674165
27,"[300,500)","[3,3.25)",1.3,1.4,1.35,2525,0.848230016469,2976.78689857,21103,0.0452947388303
27,"[300,500)","[3,3.25)",1.4,1.5,1.45,2729,0.911061869541,2995.40579102,23832,0.0511521686871
27,"[300,500)","[3,3.25)",1.5,1.6,1.55,2944,0.973893722613,3022.91711266,26776,0.0574710670009
27,"[300,500)","[3,3.25)",1.6,1.7,1.65,3093,1.03672557568,2983.43175141,29869,0.0641097736873
27,"[300,500)","[3,3.25)",1.7,1.8,1.75,3422,1.09955742876,3112.16123006,33291,0.0714546344311
27,"[300,500)","[3,3.25)",1.8,1.9,1.85,3520,1.16238928183,3028.24540369,36811,0.0790098389368
27,"[300,500)","[3,3.25)",1.9,2,1.95,3872,1.2252211349,3160.24584437,40683,0.087320563893
27,"[300,500)","[3,3.25)",2,2.1,2.05,3800,1.28805298797,2950.18918902,44483,0.0954767505752
27,"[300,500)","[3,3.25)",2.1,2.2,2.15,4013,1.35088484104,2970.6455192,48496,0.104090112985
27,"[300,500)","[3,3.25)",2.2,2.3,2.25,4268,1.41371669412,3018.99243163,52764,0.113250798448
27,"[300,500)","[3,3.25)",2.3,2.4,2.35,4508,1.47654854719,3053.06588706,57272,0.122926611491
27,"[300,500)","[3,3.25)",2.4,2.5,2.45,4524,1.53938040026,2938.84474509,61796,0.132636766372
27,"[300,500)","[3,3.25)",2.5,2.6,2.55,4849,1.60221225333,3026.44046687,66645,0.143044489852
27,"[300,500)","[3,3.25)",2.6,2.7,2.65,4895,1.6650441064,2939.86206202,71540,0.153550946118
27,"[300,500)","[3,3.25)",2.7,2.8,2.75,5173,1.72787595947,2993.84916587,76713,0.16465409183
27,"[300,500)","[3,3.25)",2.8,2.9,2.85,5377,1.79070781255,3002.72325967,82090,0.176195095985
27,"[300,500)","[3,3.25)",2.9,3,2.95,5511,1.85353966562,2973.23014027,87601,0.18802371304
27,"[300,500)","[3,3.25)",3,3.1,3.05,5751,1.91637151869,3000.98386138,93352,0.200367457674
27,"[300,500)","[3,3.25)",3.1,3.2,3.15,5908,1.97920337176,2985.0393771,99260,0.2130481816
27,"[300,500)","[3,3.25)",3.2,3.3,3.25,6074,2.04203522483,2974.48345951,105334,0.226085202102
27,"[300,500)","[3,3.25)",3.3,3.4,3.35,6343,2.10486707791,3013.49195233,111677,0.239699594766
27,"[300,500)","[3,3.25)",3.4,3.5,3.45,6496,2.16769893098,2996.72611688,118173,0.253642381263
27,"[300,500)","[3,3.25)",3.5,3.6,3.55,6652,2.23053078405,2982.24980689,124825,0.267920000687
27,"[300,500)","[3,3.25)",3.6,3.7,3.65,6829,2.29336263712,2977.72357911,131654,0.282577526701
27,"[300,500)","[3,3.25)",3.7,3.8,3.75,7016,2.35619449019,2977.68288195,138670,0.297636422954
27,"[300,500)","[3,3.25)",3.8,3.9,3.85,7159,2.41902634326,2959.45516258,145829,0.31300224939
27,"[300,500)","[3,3.25)",3.9,4,3.95,7604,2.48185819634,3063.8333855,153433,0.329323208215
27,"[300,500)","[3,3.25)",4,4.1,4.05,7511,2.54469004941,2951.63648781,160944,0.345444555101
27,"[300,500)","[3,3.25)",4.1,4.2,4.15,7844,2.60752190248,3008.22017738,168788,0.362280641506
27,"[300,500)","[3,3.25)",4.2,4.3,4.25,7871,2.67035375555,2947.54954606,176659,0.379174679762
27,"[300,500)","[3,3.25)",4.3,4.4,4.35,8012,2.73318560862,2931.37794035,184671,0.396371355472
27,"[300,500)","[3,3.25)",4.4,4.5,4.45,8360,2.79601746169,2989.96702078,193031,0.414314966173
27,"[300,500)","[3,3.25)",4.5,4.6,4.55,8469,2.85884931477,2962.38068801,201500,0.43249253065
27,"[300,500)","[3,3.25)",4.6,4.7,4.65,8534,2.92168116784,2920.9210416,210034,0.450809608846
27,"[300,500)","[3,3.25)",4.7,4.8,4.75,8943,2.98451302091,2996.46874962,218977,0.470004550294
27,"[300,500)","[3,3.25)",4.8,4.9,4.85,9090,3.04734487398,2982.92460352,228067,0.489515007383
27,"[300,500)","[3,3.25)",4.9,5,4.95,9156,3.11017672705,2943.88415949,237223,0.509167124558
27,"[300,500)","[3,3.25)",5,5.1,5.05,9322,3.17300858013,2937.90570199,246545,0.529175538308
27,"[300,500)","[3,3.25)",5.1,5.2,5.15,9613,3.2358404332,2970.78925814,256158,0.549808544249
27,"[300,500)","[3,3.25)",5.2,5.3,5.25,9913,3.29867228627,3005.14847785,266071,0.571085459666
27,"[300,500)","[3,3.25)",5.3,5.4,5.35,9731,3.36150413934,2894.83504902,275802,0.591971736667
27,"[300,500)","[3,3.25)",5.4,5.5,5.45,10000,3.42433599241,2920.27418517,285802,0.613435385831
27,"[300,500)","[3,3.25)",5.5,5.6,5.55,10123,3.48716784548,2902.92880886,295925,0.635163037879
27,"[300,500)","[3,3.25)",5.6,5.7,5.65,10323,3.54999969856,2907.88757086,306248,0.657319962911
27,"[300,500)","[3,3.25)",5.7,5.8,5.75,10589,3.61283155163,2930.94207374,316837,0.68004782101
27,"[300,500)","[3,3.25)",5.8,5.9,5.85,10614,3.6756634047,2887.64199312,327451,0.702829338233
27,"[300,500)","[3,3.25)",5.9,6,5.95,10538,3.73849525777,2818.78116017,337989,0.725447731722
27,"[300,500)","[3,3.25)",6,6.1,6.05,10645,3.80132711084,2800.33780035,348634,0.748295786256
27,"[300,500)","[3,3.25)",6.1,6.2,6.15,10680,3.86415896392,2763.86145077,359314,0.771218963563
27,"[300,500)","[3,3.25)",6.2,6.3,6.25,10776,3.92699081699,2744.08586681,370090,0.794348191902
27,"[300,500)","[3,3.25)",6.3,6.4,6.35,10800,3.98982267006,2706.88722109,380890,0.817528932999
27,"[300,500)","[3,3.25)",6.4,6.5,6.45,10479,4.05265452313,2585.71263358,391369,0.840020690958
27,"[300,500)","[3,3.25)",6.5,6.6,6.55,10297,4.1154863762,2502.01289926,401666,0.862121810502
27,"[300,500)","[3,3.25)",6.6,6.7,6.65,9530,4.17831822927,2280.82196641,411196,0.882576668155
27,"[300,500)","[3,3.25)",6.7,6.8,6.75,8877,4.24115008235,2093.06434048,420073,0.901629949517
27,"[300,500)","[3,3.25)",6.8,6.9,6.85,7828,4.30398193542,1818.78086792,427901,0.918431694083
27,"[300,500)","[3,3.25)",6.9,7,6.95,6896,4.36681378849,1579.18343534,434797,0.933233026546
27,"[300,500)","[3,3.25)",7,7.1,7.05,5786,4.42964564156,1306.19929182,440583,0.945651893952
27,"[300,500)","[3,3.25)",7.1,7.2,7.15,4604,4.49247749463,1024.82427692,445187,0.955533758027
27,"[300,500)","[3,3.25)",7.2,7.3,7.25,3685,4.55530934771,808.946159026,448872,0.963443112744
27,"[300,500)","[3,3.25)",7.3,7.4,7.35,2820,4.61814120078,610.635291863,451692,0.969495861808
27,"[300,500)","[3,3.25)",7.4,7.5,7.45,2055,4.68097305385,439.011285978,453747,0.973906641712
27,"[300,500)","[3,3.25)",7.5,7.6,7.55,1625,4.74380490692,342.552029834,455372,0.977394484701
27,"[300,500)","[3,3.25)",7.6,7.7,7.65,1197,4.80663675999,249.030675661,456569,0.979963683506
27,"[300,500)","[3,3.25)",7.7,7.8,7.75,971,4.86946861306,199.405741603,457540,0.982047803839
27,"[300,500)","[3,3.25)",7.8,7.9,7.85,731,4.93230046614,148.206704968,458271,0.983616796593
27,"[300,500)","[3,3.25)",7.9,8,7.95,636,4.99513231921,127.323954474,458907,0.98498188468
27,"[300,500)","[3,3.25)",8,8.1,8.05,478,5.05796417228,94.5044258359,459385,0.98600784711
27,"[300,500)","[3,3.25)",8.1,8.2,8.15,413,5.12079602535,80.6515233091,459798,0.986894295821
27,"[300,500)","[3,3.25)",8.2,8.3,8.25,341,5.18362787842,65.7840431447,460139,0.987626206257
27,"[300,500)","[3,3.25)",8.3,8.4,8.35,298,5.24645973149,56.8002072352,460437,0.988265823002
27,"[300,500)","[3,3.25)",8.4,8.5,8.45,269,5.30929158457,50.6658931263,460706,0.988843195165
27,"[300,500)","[3,3.25)",8.5,8.6,8.55,228,5.37212343764,42.4413181578,460934,0.989332566366
27,"[300,500)","[3,3.25)",8.6,8.7,8.65,199,5.43495529071,36.6148366188,461133,0.989759692984
27,"[300,500)","[3,3.25)",8.7,8.8,8.75,197,5.49778714378,35.8325986161,461330,0.990182526872
27,"[300,500)","[3,3.25)",8.8,8.9,8.85,171,5.56061899685,30.751972055,461501,0.990549555273
27,"[300,500)","[3,3.25)",8.9,9,8.95,171,5.62345084993,30.4083746019,461672,0.990916583674
27,"[300,500)","[3,3.25)",9,9.1,9.05,162,5.686282703,28.4896141225,461834,0.99126429479
27,"[300,500)","[3,3.25)",9.1,9.2,9.15,154,5.74911455607,26.7867335914,461988,0.991594834987
27,"[300,500)","[3,3.25)",9.2,9.3,9.25,141,5.81194640914,24.2603751091,462129,0.991897472441
27,"[300,500)","[3,3.25)",9.3,9.4,9.35,136,5.87477826221,23.1498099043,462265,0.992189378069
27,"[300,500)","[3,3.25)",9.4,9.5,9.45,126,5.93761011528,21.2206590789,462391,0.992459820049
27,"[300,500)","[3,3.25)",9.5,9.6,9.55,131,6.00044196836,21.8317251781,462522,0.992740993853
27,"[300,500)","[3,3.25)",9.6,9.7,9.65,104,6.06327382143,17.1524498254,462626,0.992964215804
27,"[300,500)","[3,3.25)",9.7,9.8,9.75,120,6.1261056745,19.5883006882,462746,0.993221779594
27,"[300,500)","[3,3.25)",9.8,9.9,9.85,129,6.18893752757,20.8436422933,462875,0.993498660668
27,"[300,500)","[3,3.25)",9.9,10,9.95,138,6.25176938064,22.0737509012,463013,0.993794859027
27,"[300,500)","[3,3.25)",10,10.1,10.05,150,6.31460123372,23.7544691182,463163,0.994116813764
27,"[300,500)","[3,3.25)",10.1,10.2,10.15,156,6.37743308679,24.4612523373,463319,0.994451646691
27,"[300,500)","[3,3.25)",10.2,10.3,10.25,140,6.44026493986,21.7382361296,463459,0.994752137779
27,"[300,500)","[3,3.25)",10.3,10.4,10.35,150,6.50309679293,23.0659337814,463609,0.995074092517
27,"[300,500)","[3,3.25)",10.4,10.5,10.45,140,6.565928646,21.3221933329,463749,0.995374583605
27,"[300,500)","[3,3.25)",10.5,10.6,10.55,124,6.62876049907,18.7063629795,463873,0.995640732855
27,"[300,500)","[3,3.25)",10.6,10.7,10.65,140,6.69159235215,20.9217765567,464013,0.995941223943
27,"[300,500)","[3,3.25)",10.7,10.8,10.75,135,6.75442420522,19.9868998301,464148,0.996230983207
27,"[300,500)","[3,3.25)",10.8,10.9,10.85,146,6.81725605829,21.4162411902,464294,0.996544352485
27,"[300,500)","[3,3.25)",10.9,11,10.95,143,6.88008791136,20.7846181389,464437,0.996851282668
27,"[300,500)","[3,3.25)",11,11.1,11.05,165,6.94291976443,23.7652177468,464602,0.997205432879
27,"[300,500)","[3,3.25)",11.1,11.2,11.15,151,7.00575161751,21.5537187506,464753,0.997529533981
27,"[300,500)","[3,3.25)",11.2,11.3,11.25,129,7.06858347058,18.2497668079,464882,0.997806415055
27,"[300,500)","[3,3.25)",11.3,11.4,11.35,150,7.13141532365,21.0336929196,465032,0.998128369793
27,"[300,500)","[3,3.25)",11.4,11.5,11.45,150,7.19424717672,20.8499925448,465182,0.99845032453
27,"[300,500)","[3,3.25)",11.5,11.6,11.55,142,7.25707902979,19.5671012286,465324,0.998755108349
27,"[300,500)","[3,3.25)",11.6,11.7,11.65,141,7.31991088286,19.2625295931,465465,0.999057745802
27,"[300,500)","[3,3.25)",11.7,11.8,11.75,143,7.38274273594,19.3694952018,465608,0.999364675985
27,"[300,500)","[3,3.25)",11.8,11.9,11.85,148,7.44557458901,19.8775793904,465756,0.999682337992
27,"[300,500)","[3,3.25)",11.9,12,11.95,148,7.50840644208,19.7112398139,465904,1
28,"[300,500)","[3.25,3.5)",0,0.1,0.05,126,0.0314159265359,4010.70456592,126,0.000457388457113
28,"[300,500)","[3.25,3.5)",0.1,0.2,0.15,367,0.0942477796077,3893.99094098,493,0.00178962309013
28,"[300,500)","[3.25,3.5)",0.2,0.3,0.25,516,0.157079632679,3284.95802542,1009,0.00366273772402
28,"[300,500)","[3.25,3.5)",0.3,0.4,0.35,588,0.219911485751,2673.80304394,1597,0.00579721719055
28,"[300,500)","[3.25,3.5)",0.4,0.5,0.45,661,0.282743338823,2337.80927519,2258,0.00819669155683
28,"[300,500)","[3.25,3.5)",0.5,0.6,0.55,715,0.345575191895,2069.01426019,2973,0.0107921895476
28,"[300,500)","[3.25,3.5)",0.6,0.7,0.65,750,0.408407044967,1836.40318952,3723,0.0135147398875
28,"[300,500)","[3.25,3.5)",0.7,0.8,0.75,822,0.471238898038,1744.33817629,4545,0.0164986550601
28,"[300,500)","[3.25,3.5)",0.8,0.9,0.85,918,0.53407075111,1718.87338539,5463,0.0198310566762
28,"[300,500)","[3.25,3.5)",0.9,1,0.95,1022,0.596902604182,1712.17212463,6485,0.0235409852728
28,"[300,500)","[3.25,3.5)",1,1.1,1.05,1145,0.659734457254,1735.54676038,7630,0.0276974121252
28,"[300,500)","[3.25,3.5)",1.1,1.2,1.15,1280,0.722566310326,1771.46371441,8910,0.0323438980387
28,"[300,500)","[3.25,3.5)",1.2,1.3,1.25,1345,0.785398163397,1712.50718767,10255,0.037226338315
28,"[300,500)","[3.25,3.5)",1.3,1.4,1.35,1512,0.848230016469,1782.53536263,11767,0.0427149998003
28,"[300,500)","[3.25,3.5)",1.4,1.5,1.45,1545,0.911061869541,1695.82335915,13312,0.0483234535007
28,"[300,500)","[3.25,3.5)",1.5,1.6,1.55,1722,0.973893722613,1768.16007745,15034,0.0545744290812
28,"[300,500)","[3.25,3.5)",1.6,1.7,1.65,1864,1.03672557568,1797.96856923,16898,0.0613408741928
28,"[300,500)","[3.25,3.5)",1.7,1.8,1.75,1813,1.09955742876,1648.84521043,18711,0.0679221858812
28,"[300,500)","[3.25,3.5)",1.8,1.9,1.85,2046,1.16238928183,1760.1676409,20757,0.0753493032086
28,"[300,500)","[3.25,3.5)",1.9,2,1.95,2104,1.2252211349,1717.241027,22861,0.082986964429
28,"[300,500)","[3.25,3.5)",2,2.1,2.05,2210,1.28805298797,1715.76792309,25071,0.091009412764
28,"[300,500)","[3.25,3.5)",2.1,2.2,2.15,2315,1.35088484104,1713.69159655,27386,0.0994130181467
28,"[300,500)","[3.25,3.5)",2.2,2.3,2.25,2455,1.41371669412,1736.55726796,29841,0.108324832926
28,"[300,500)","[3.25,3.5)",2.3,2.4,2.35,2516,1.47654854719,1703.9737737,32357,0.1174580818
28,"[300,500)","[3.25,3.5)",2.4,2.5,2.45,2795,1.53938040026,1815.66557527,35152,0.1276041194
28,"[300,500)","[3.25,3.5)",2.5,2.6,2.55,2786,1.60221225333,1738.84577041,37938,0.137717486396
28,"[300,500)","[3.25,3.5)",2.6,2.7,2.65,2908,1.6650441064,1746.50028117,40846,0.148273721581
28,"[300,500)","[3.25,3.5)",2.7,2.8,2.75,3028,1.72787595947,1752.44060975,43874,0.15926556482
28,"[300,500)","[3.25,3.5)",2.8,2.9,2.85,3263,1.79070781255,1822.1844888,47137,0.171110473833
28,"[300,500)","[3.25,3.5)",2.9,3,2.95,3260,1.85353966562,1758.79699824,50397,0.182944492644
28,"[300,500)","[3.25,3.5)",3,3.1,3.05,3324,1.91637151869,1734.52796996,53721,0.19501083575
28,"[300,500)","[3.25,3.5)",3.1,3.2,3.15,3452,1.97920337176,1744.13607477,57173,0.207541827448
28,"[300,500)","[3.25,3.5)",3.2,3.3,3.25,3437,2.04203522483,1683.12473664,60610,0.22001836814
28,"[300,500)","[3.25,3.5)",3.3,3.4,3.35,3775,2.10486707791,1793.46241842,64385,0.233721871517
28,"[300,500)","[3.25,3.5)",3.4,3.5,3.45,3716,2.16769893098,1714.26019864,68101,0.247211200935
28,"[300,500)","[3.25,3.5)",3.5,3.6,3.55,3861,2.23053078405,1730.97812754,71962,0.261226890085
28,"[300,500)","[3.25,3.5)",3.6,3.7,3.65,3947,2.29336263712,1721.05359009,75909,0.275554765008
28,"[300,500)","[3.25,3.5)",3.7,3.8,3.75,4062,2.35619449019,1723.96634357,79971,0.290300097649
28,"[300,500)","[3.25,3.5)",3.8,3.9,3.85,4213,2.41902634326,1741.60980583,84184,0.305593570425
28,"[300,500)","[3.25,3.5)",3.9,4,3.95,4357,2.48185819634,1755.53946089,88541,0.321409772867
28,"[300,500)","[3.25,3.5)",4,4.1,4.05,4527,2.54469004941,1778.99858612,93068,0.337843086719
28,"[300,500)","[3.25,3.5)",4.1,4.2,4.15,4499,2.60752190248,1725.39298547,97567,0.354174758691
28,"[300,500)","[3.25,3.5)",4.2,4.3,4.25,4625,2.67035375555,1731.98026306,102192,0.370963819121
28,"[300,500)","[3.25,3.5)",4.3,4.4,4.35,4799,2.73318560862,1755.82660206,106991,0.38838451123
28,"[300,500)","[3.25,3.5)",4.4,4.5,4.45,4886,2.79601746169,1747.48550999,111877,0.406121019178
28,"[300,500)","[3.25,3.5)",4.5,4.6,4.55,4953,2.85884931477,1732.51523766,116830,0.424100741623
28,"[300,500)","[3.25,3.5)",4.6,4.7,4.65,5121,2.92168116784,1752.75798618,121951,0.442690315344
28,"[300,500)","[3.25,3.5)",4.7,4.8,4.75,5220,2.98451302091,1749.02905882,127171,0.46163926571
28,"[300,500)","[3.25,3.5)",4.8,4.9,4.85,5381,3.04734487398,1765.79948202,132552,0.481172656882
28,"[300,500)","[3.25,3.5)",4.9,5,4.95,5483,3.11017672705,1762.92232924,138035,0.501076314901
28,"[300,500)","[3.25,3.5)",5,5.1,5.05,5445,3.17300858013,1716.03696066,143480,0.520842030369
28,"[300,500)","[3.25,3.5)",5.1,5.2,5.15,5647,3.2358404332,1745.14167697,149127,0.541341019395
28,"[300,500)","[3.25,3.5)",5.2,5.3,5.25,5796,3.29867228627,1757.07057173,154923,0.562380888423
28,"[300,500)","[3.25,3.5)",5.3,5.4,5.35,5774,3.36150413934,1717.68344189,160697,0.583340895973
28,"[300,500)","[3.25,3.5)",5.4,5.5,5.45,5969,3.42433599241,1743.11166113,166666,0.605008766612
28,"[300,500)","[3.25,3.5)",5.5,5.6,5.55,6038,3.48716784548,1731.49107457,172704,0.626927111882
28,"[300,500)","[3.25,3.5)",5.6,5.7,5.65,6122,3.54999969856,1724.50718869,178826,0.649150382791
28,"[300,500)","[3.25,3.5)",5.7,5.8,5.75,6139,3.61283155163,1699.22120981,184965,0.67143536484
28,"[300,500)","[3.25,3.5)",5.8,5.9,5.85,6333,3.6756634047,1722.95428137,191298,0.69442457991
28,"[300,500)","[3.25,3.5)",5.9,6,5.95,6196,3.73849525777,1657.35130655,197494,0.716916475786
28,"[300,500)","[3.25,3.5)",6,6.1,6.05,6268,3.80132711084,1648.89782364,203762,0.739669736493
28,"[300,500)","[3.25,3.5)",6.1,6.2,6.15,6181,3.86415896392,1599.5718752,209943,0.762107181362
28,"[300,500)","[3.25,3.5)",6.2,6.3,6.25,6200,3.92699081699,1578.81703547,216143,0.784613597505
28,"[300,500)","[3.25,3.5)",6.3,6.4,6.35,6263,3.98982267006,1569.74395053,222406,0.807348707878
28,"[300,500)","[3.25,3.5)",6.4,6.5,6.45,6188,4.05265452313,1526.90044628,228594,0.829811563216
28,"[300,500)","[3.25,3.5)",6.5,6.6,6.55,5690,4.1154863762,1382.58263541,234284,0.850466645128
28,"[300,500)","[3.25,3.5)",6.6,6.7,6.65,5505,4.17831822927,1317.51573191,239789,0.870450164624
28,"[300,500)","[3.25,3.5)",6.7,6.8,6.75,5221,4.24115008235,1231.03401168,245010,0.889402745057
28,"[300,500)","[3.25,3.5)",6.8,6.9,6.85,4740,4.30398193542,1101.3057376,249750,0.906609263205
28,"[300,500)","[3.25,3.5)",6.9,7,6.95,4136,4.36681378849,947.143661335,253886,0.921623220813
28,"[300,500)","[3.25,3.5)",7,7.1,7.05,3565,4.42964564156,804.804783153,257451,0.934564410096
28,"[300,500)","[3.25,3.5)",7.1,7.2,7.15,3002,4.49247749463,668.22816666,260453,0.94546187159
28,"[300,500)","[3.25,3.5)",7.2,7.3,7.25,2423,4.55530934771,531.906796016,262876,0.954257524222
28,"[300,500)","[3.25,3.5)",7.3,7.4,7.35,1950,4.61814120078,422.247808203,264826,0.961336155106
28,"[300,500)","[3.25,3.5)",7.4,7.5,7.45,1535,4.68097305385,327.923272008,266361,0.966908308135
28,"[300,500)","[3.25,3.5)",7.5,7.6,7.55,1116,4.74380490692,235.254194027,267477,0.97095946304
28,"[300,500)","[3.25,3.5)",7.6,7.7,7.65,1033,4.80663675999,214.911184593,268510,0.974709322375
28,"[300,500)","[3.25,3.5)",7.7,7.8,7.75,764,4.86946861306,156.895969706,269274,0.977482693655
28,"[300,500)","[3.25,3.5)",7.8,7.9,7.85,625,4.93230046614,126.715719022,269899,0.979751485605
28,"[300,500)","[3.25,3.5)",7.9,8,7.95,520,4.99513231921,104.101346425,270419,0.981639120507
28,"[300,500)","[3.25,3.5)",8,8.1,8.05,407,5.05796417228,80.4671575632,270826,0.983116557825
28,"[300,500)","[3.25,3.5)",8.1,8.2,8.15,369,5.12079602535,72.0591092036,271195,0.984456052592
28,"[300,500)","[3.25,3.5)",8.2,8.3,8.25,294,5.18362787842,56.7170342655,271489,0.985523292326
28,"[300,500)","[3.25,3.5)",8.3,8.4,8.35,258,5.24645973149,49.1760183446,271747,0.986459849643
28,"[300,500)","[3.25,3.5)",8.4,8.5,8.45,213,5.30929158457,40.1183466019,271960,0.987233053939
28,"[300,500)","[3.25,3.5)",8.5,8.6,8.55,176,5.37212343764,32.7617192797,272136,0.987871945752
28,"[300,500)","[3.25,3.5)",8.6,8.7,8.65,151,5.43495529071,27.7831172334,272287,0.988420085887
28,"[300,500)","[3.25,3.5)",8.7,8.8,8.75,142,5.49778714378,25.8285736218,272429,0.988935555418
28,"[300,500)","[3.25,3.5)",8.8,8.9,8.85,122,5.56061899685,21.9400034545,272551,0.989378423607
28,"[300,500)","[3.25,3.5)",8.9,9,8.95,116,5.62345084993,20.6279032387,272667,0.989799511393
28,"[300,500)","[3.25,3.5)",9,9.1,9.05,104,5.686282703,18.2896288194,272771,0.990177038373
28,"[300,500)","[3.25,3.5)",9.1,9.2,9.15,91,5.74911455607,15.8285243949,272862,0.990507374481
28,"[300,500)","[3.25,3.5)",9.2,9.3,9.25,85,5.81194640914,14.6250488247,272947,0.990815930187
28,"[300,500)","[3.25,3.5)",9.3,9.4,9.35,107,5.87477826221,18.2134533806,273054,0.991204347368
28,"[300,500)","[3.25,3.5)",9.4,9.5,9.45,89,5.93761011528,14.9891956986,273143,0.991527423342
28,"[300,500)","[3.25,3.5)",9.5,9.6,9.55,101,6.00044196836,16.8320934579,273244,0.991894060121
28,"[300,500)","[3.25,3.5)",9.6,9.7,9.65,110,6.06327382143,18.1420142385,273354,0.992293367504
28,"[300,500)","[3.25,3.5)",9.7,9.8,9.75,84,6.1261056745,13.7118104818,273438,0.992598293142
28,"[300,500)","[3.25,3.5)",9.8,9.9,9.85,94,6.18893752757,15.1883905083,273532,0.992939519452
28,"[300,500)","[3.25,3.5)",9.9,10,9.95,92,6.25176938064,14.7158339341,273624,0.993273485627
28,"[300,500)","[3.25,3.5)",10,10.1,10.05,94,6.31460123372,14.8861339807,273718,0.993614711936
28,"[300,500)","[3.25,3.5)",10.1,10.2,10.15,77,6.37743308679,12.073823269,273795,0.993894227104
28,"[300,500)","[3.25,3.5)",10.2,10.3,10.25,106,6.44026493986,16.4589502124,273901,0.994279014219
28,"[300,500)","[3.25,3.5)",10.3,10.4,10.35,87,6.50309679293,13.3782415932,273988,0.994594830058
28,"[300,500)","[3.25,3.5)",10.4,10.5,10.45,79,6.565928646,12.031809095,274067,0.994881605361
28,"[300,500)","[3.25,3.5)",10.5,10.6,10.55,90,6.62876049907,13.5771989367,274157,0.995208311402
28,"[300,500)","[3.25,3.5)",10.6,10.7,10.65,104,6.69159235215,15.5418911564,274261,0.995585838382
28,"[300,500)","[3.25,3.5)",10.7,10.8,10.75,78,6.75442420522,11.5479865685,274339,0.995868983618
28,"[300,500)","[3.25,3.5)",10.8,10.9,10.85,84,6.81725605829,12.3216730136,274423,0.996173909256
28,"[300,500)","[3.25,3.5)",10.9,11,10.95,89,6.88008791136,12.9358812193,274512,0.996496985229
28,"[300,500)","[3.25,3.5)",11,11.1,11.05,85,6.94291976443,12.2426879301,274597,0.996805540934
28,"[300,500)","[3.25,3.5)",11.1,11.2,11.15,84,7.00575161751,11.9901481791,274681,0.997110466573
28,"[300,500)","[3.25,3.5)",11.2,11.3,11.25,88,7.06858347058,12.4494533263,274769,0.997429912479
28,"[300,500)","[3.25,3.5)",11.3,11.4,11.35,108,7.13141532365,15.1442589021,274877,0.997821959728
28,"[300,500)","[3.25,3.5)",11.4,11.5,11.45,122,7.19424717672,16.9579939364,274999,0.998264827917
28,"[300,500)","[3.25,3.5)",11.5,11.6,11.55,77,7.25707902979,10.6103295395,275076,0.998544343085
28,"[300,500)","[3.25,3.5)",11.6,11.7,11.65,100,7.31991088286,13.6613685057,275176,0.998907349797
28,"[300,500)","[3.25,3.5)",11.7,11.8,11.75,100,7.38274273594,13.5451015397,275276,0.999270356509
28,"[300,500)","[3.25,3.5)",11.8,11.9,11.85,93,7.44557458901,12.4906411034,275369,0.999607952751
28,"[300,500)","[3.25,3.5)",11.9,12,11.95,108,7.50840644208,14.383877702,275477,1
29,"[300,500)","[3.5,3.75)",0,0.1,0.05,34,0.0314159265359,1082.25361302,34,0.000354159288348
29,"[300,500)","[3.5,3.75)",0.1,0.2,0.15,109,0.0942477796077,1156.5259198,143,0.00148955230099
29,"[300,500)","[3.5,3.75)",0.2,0.3,0.25,138,0.157079632679,878.535285867,281,0.0029270223537
29,"[300,500)","[3.5,3.75)",0.3,0.4,0.35,205,0.219911485751,932.19323811,486,0.00506239453345
29,"[300,500)","[3.5,3.75)",0.4,0.5,0.45,226,0.282743338823,799.311491973,712,0.007416512156
29,"[300,500)","[3.5,3.75)",0.5,0.6,0.55,246,0.345575191895,711.856654556,958,0.00997895877169
29,"[300,500)","[3.5,3.75)",0.6,0.7,0.65,273,0.408407044967,668.450760986,1231,0.0128226495281
29,"[300,500)","[3.5,3.75)",0.7,0.8,0.75,304,0.471238898038,645.108035999,1535,0.015989250224
29,"[300,500)","[3.5,3.75)",0.8,0.9,0.85,337,0.53407075111,631.002539082,1872,0.0194995937585
29,"[300,500)","[3.5,3.75)",0.9,1,0.95,384,0.596902604182,643.321033129,2256,0.0234995104269
29,"[300,500)","[3.5,3.75)",1,1.1,1.05,410,0.659734457254,621.46215874,2666,0.0277702547864
29,"[300,500)","[3.5,3.75)",1.1,1.2,1.15,455,0.722566310326,629.699992233,3121,0.0325097393804
29,"[300,500)","[3.5,3.75)",1.2,1.3,1.25,508,0.785398163397,646.805688725,3629,0.0378012958063
29,"[300,500)","[3.5,3.75)",1.3,1.4,1.35,543,0.848230016469,640.156548881,4172,0.0434574279703
29,"[300,500)","[3.5,3.75)",1.4,1.5,1.45,563,0.911061869541,617.960227315,4735,0.0493218891273
29,"[300,500)","[3.5,3.75)",1.5,1.6,1.55,579,0.973893722613,594.520722905,5314,0.0553530134789
29,"[300,500)","[3.5,3.75)",1.6,1.7,1.65,607,1.03672557568,585.497275496,5921,0.0616757984209
29,"[300,500)","[3.5,3.75)",1.7,1.8,1.75,693,1.09955742876,630.253574644,6614,0.0688943980334
29,"[300,500)","[3.5,3.75)",1.8,1.9,1.85,701,1.16238928183,603.06818977,7315,0.0761963292431
29,"[300,500)","[3.5,3.75)",1.9,2,1.95,764,1.2252211349,623.560905242,8079,0.0841544967813
29,"[300,500)","[3.5,3.75)",2,2.1,2.05,780,1.28805298797,605.565149325,8859,0.092279327514
29,"[300,500)","[3.5,3.75)",2.1,2.2,2.15,851,1.35088484104,629.957472424,9710,0.101143726172
29,"[300,500)","[3.5,3.75)",2.2,2.3,2.25,825,1.41371669412,583.56812467,10535,0.10973729714
29,"[300,500)","[3.5,3.75)",2.3,2.4,2.35,939,1.47654854719,635.942517291,11474,0.119518343368
29,"[300,500)","[3.5,3.75)",2.4,2.5,2.45,891,1.53938040026,578.804303244,12365,0.128799400012
29,"[300,500)","[3.5,3.75)",2.5,2.6,2.55,970,1.60221225333,605.412920781,13335,0.13890335618
29,"[300,500)","[3.5,3.75)",2.6,2.7,2.65,1021,1.6650441064,613.196969422,14356,0.14953855128
29,"[300,500)","[3.5,3.75)",2.7,2.8,2.75,1010,1.72787595947,584.532700083,15366,0.160059165434
29,"[300,500)","[3.5,3.75)",2.8,2.9,2.85,1095,1.79070781255,611.490044511,16461,0.171465177809
29,"[300,500)","[3.5,3.75)",2.9,3,2.95,1142,1.85353966562,616.118457664,17603,0.183360763317
29,"[300,500)","[3.5,3.75)",3,3.1,3.05,1171,1.91637151869,611.050617576,18774,0.195558425866
29,"[300,500)","[3.5,3.75)",3.1,3.2,3.15,1186,1.97920337176,599.230992086,19960,0.20791233516
29,"[300,500)","[3.5,3.75)",3.2,3.3,3.25,1223,2.04203522483,598.912293543,21183,0.220651653091
29,"[300,500)","[3.5,3.75)",3.3,3.4,3.35,1223,2.10486707791,581.034314631,22406,0.233390971021
29,"[300,500)","[3.5,3.75)",3.4,3.5,3.45,1295,2.16769893098,597.407684939,23701,0.246880273328
29,"[300,500)","[3.5,3.75)",3.5,3.6,3.55,1358,2.23053078405,608.823697799,25059,0.261025811962
29,"[300,500)","[3.5,3.75)",3.6,3.7,3.65,1377,2.29336263712,600.428374349,26436,0.27536926314
29,"[300,500)","[3.5,3.75)",3.7,3.8,3.75,1445,2.35619449019,613.277047381,27881,0.290421032895
29,"[300,500)","[3.5,3.75)",3.8,3.9,3.85,1522,2.41902634326,629.178762041,29403,0.306274869274
29,"[300,500)","[3.5,3.75)",3.9,4,3.95,1474,2.48185819634,593.909838272,30877,0.321628716068
29,"[300,500)","[3.5,3.75)",4,4.1,4.05,1559,2.54469004941,612.648287112,32436,0.337867961084
29,"[300,500)","[3.5,3.75)",4.1,4.2,4.15,1653,2.60752190248,633.935231159,34089,0.355086352368
29,"[300,500)","[3.5,3.75)",4.2,4.3,4.25,1587,2.67035375555,594.303281616,35676,0.371617257974
29,"[300,500)","[3.5,3.75)",4.3,4.4,4.35,1674,2.73318560862,612.472125829,37350,0.3890543947
29,"[300,500)","[3.5,3.75)",4.4,4.5,4.45,1697,2.79601746169,606.934693094,39047,0.406731109769
29,"[300,500)","[3.5,3.75)",4.5,4.6,4.55,1670,2.85884931477,584.15110981,40717,0.424126580696
29,"[300,500)","[3.5,3.75)",4.6,4.7,4.65,1833,2.92168116784,627.378517607,42550,0.443219932918
29,"[300,500)","[3.5,3.75)",4.7,4.8,4.75,1736,2.98451302091,581.669434121,44286,0.461302889523
29,"[300,500)","[3.5,3.75)",4.8,4.9,4.85,1915,3.04734487398,628.415909322,46201,0.481250390617
29,"[300,500)","[3.5,3.75)",4.9,5,4.95,1892,3.11017672705,608.325560262,48093,0.500958313368
29,"[300,500)","[3.5,3.75)",5,5.1,5.05,1945,3.17300858013,612.982899631,50038,0.521218307952
29,"[300,500)","[3.5,3.75)",5.1,5.2,5.15,1955,3.2358404332,604.1707063,51993,0.541582467032
29,"[300,500)","[3.5,3.75)",5.2,5.3,5.25,1890,3.29867228627,572.957795131,53883,0.561269556884
29,"[300,500)","[3.5,3.75)",5.3,5.4,5.35,2033,3.36150413934,604.788783749,55916,0.582446199038
29,"[300,500)","[3.5,3.75)",5.4,5.5,5.45,1992,3.42433599241,581.718617686,57908,0.603195766755
29,"[300,500)","[3.5,3.75)",5.5,5.6,5.55,2091,3.48716784548,599.627001811,59999,0.624976562988
29,"[300,500)","[3.5,3.75)",5.6,5.7,5.65,2089,3.54999969856,588.450754193,62088,0.646736526322
29,"[300,500)","[3.5,3.75)",5.7,5.8,5.75,2062,3.61283155163,570.743465488,64150,0.668215245516
29,"[300,500)","[3.5,3.75)",5.8,5.9,5.85,2137,3.6756634047,581.391646816,66287,0.690475198433
29,"[300,500)","[3.5,3.75)",5.9,6,5.95,2114,3.73849525777,565.46815075,68401,0.712495573009
29,"[300,500)","[3.5,3.75)",6,6.1,6.05,2177,3.80132711084,572.694729109,70578,0.735172183913
29,"[300,500)","[3.5,3.75)",6.1,6.2,6.15,2082,3.86415896392,538.797709784,72660,0.756859232099
29,"[300,500)","[3.5,3.75)",6.2,6.3,6.25,2029,3.92699081699,516.680607254,74689,0.777994208454
29,"[300,500)","[3.5,3.75)",6.3,6.4,6.35,2052,3.98982267006,514.308572007,76741,0.799368763151
29,"[300,500)","[3.5,3.75)",6.4,6.5,6.45,2036,4.05265452313,502.386766101,78777,0.820576654653
29,"[300,500)","[3.5,3.75)",6.5,6.6,6.55,1849,4.1154863762,449.278610346,80626,0.839836670069
29,"[300,500)","[3.5,3.75)",6.6,6.7,6.65,1781,4.17831822927,426.248050596,82407,0.858388366909
29,"[300,500)","[3.5,3.75)",6.7,6.8,6.75,1627,4.24115008235,383.622359127,84034,0.875335930501
29,"[300,500)","[3.5,3.75)",6.8,6.9,6.85,1576,4.30398193542,366.172540603,85610,0.891752255161
29,"[300,500)","[3.5,3.75)",6.9,7,6.95,1449,4.36681378849,331.820881353,87059,0.906845690715
29,"[300,500)","[3.5,3.75)",7,7.1,7.05,1267,4.42964564156,286.027394181,88326,0.920043332431
29,"[300,500)","[3.5,3.75)",7.1,7.2,7.15,1096,4.49247749463,243.963381299,89422,0.931459761255
29,"[300,500)","[3.5,3.75)",7.2,7.3,7.25,865,4.55530934771,189.888311413,90287,0.940469990209
29,"[300,500)","[3.5,3.75)",7.3,7.4,7.35,752,4.61814120078,162.83607783,91039,0.948303160351
29,"[300,500)","[3.5,3.75)",7.4,7.5,7.45,674,4.68097305385,143.987156569,91713,0.95532384742
29,"[300,500)","[3.5,3.75)",7.5,7.6,7.55,520,4.74380490692,109.616649547,92233,0.960740401242
29,"[300,500)","[3.5,3.75)",7.6,7.7,7.65,466,4.80663675999,96.9492855958,92699,0.965594466782
29,"[300,500)","[3.5,3.75)",7.7,7.8,7.75,349,4.86946861306,71.6710646956,93048,0.969229807712
29,"[300,500)","[3.5,3.75)",7.8,7.9,7.85,290,4.93230046614,58.7960936263,93338,0.972250578113
29,"[300,500)","[3.5,3.75)",7.9,8,7.95,261,4.99513231921,52.2508681094,93599,0.974969271474
29,"[300,500)","[3.5,3.75)",8,8.1,8.05,183,5.05796417228,36.1805647029,93782,0.976875481761
29,"[300,500)","[3.5,3.75)",8.1,8.2,8.15,210,5.12079602535,41.0092491402,93992,0.979062936189
29,"[300,500)","[3.5,3.75)",8.2,8.3,8.25,167,5.18362787842,32.2168187835,94159,0.980802483282
29,"[300,500)","[3.5,3.75)",8.3,8.4,8.35,156,5.24645973149,29.7343366735,94315,0.982427449428
29,"[300,500)","[3.5,3.75)",8.4,8.5,8.45,120,5.30929158457,22.6018854095,94435,0.983677423387
29,"[300,500)","[3.5,3.75)",8.5,8.6,8.55,111,5.37212343764,20.6622206821,94546,0.984833649299
29,"[300,500)","[3.5,3.75)",8.6,8.7,8.65,81,5.43495529071,14.9035264629,94627,0.985677381721
29,"[300,500)","[3.5,3.75)",8.7,8.8,8.75,77,5.49778714378,14.0056349921,94704,0.986479448345
29,"[300,500)","[3.5,3.75)",8.8,8.9,8.85,92,5.56061899685,16.5449206378,94796,0.987437761713
29,"[300,500)","[3.5,3.75)",8.9,9,8.95,83,5.62345084993,14.7596204208,94879,0.988302327035
29,"[300,500)","[3.5,3.75)",9,9.1,9.05,57,5.686282703,10.0241234876,94936,0.988896064665
29,"[300,500)","[3.5,3.75)",9.1,9.2,9.15,51,5.74911455607,8.8709312543,94987,0.989427303598
29,"[300,500)","[3.5,3.75)",9.2,9.3,9.25,51,5.81194640914,8.7750292948,95038,0.98995854253
29,"[300,500)","[3.5,3.75)",9.3,9.4,9.35,34,5.87477826221,5.78745247607,95072,0.990312701819
29,"[300,500)","[3.5,3.75)",9.4,9.5,9.45,59,5.93761011528,9.93665782267,95131,0.990927272348
29,"[300,500)","[3.5,3.75)",9.5,9.6,9.55,52,6.00044196836,8.66602831495,95183,0.991468927731
29,"[300,500)","[3.5,3.75)",9.6,9.7,9.65,37,6.06327382143,6.10231388021,95220,0.991854336368
29,"[300,500)","[3.5,3.75)",9.7,9.8,9.75,31,6.1261056745,5.06031101113,95251,0.992177246307
29,"[300,500)","[3.5,3.75)",9.8,9.9,9.85,33,6.18893752757,5.33209454013,95284,0.992520989146
29,"[300,500)","[3.5,3.75)",9.9,10,9.95,34,6.25176938064,5.43846036696,95318,0.992875148434
29,"[300,500)","[3.5,3.75)",10,10.1,10.05,35,6.31460123372,5.54270946091,95353,0.993239724172
29,"[300,500)","[3.5,3.75)",10.1,10.2,10.15,32,6.37743308679,5.01769278713,95385,0.993573050561
29,"[300,500)","[3.5,3.75)",10.2,10.3,10.25,30,6.44026493986,4.65819345635,95415,0.993885544051
29,"[300,500)","[3.5,3.75)",10.3,10.4,10.35,33,6.50309679293,5.07450543192,95448,0.99422928689
29,"[300,500)","[3.5,3.75)",10.4,10.5,10.45,30,6.565928646,4.56904142848,95478,0.99454178038
29,"[300,500)","[3.5,3.75)",10.5,10.6,10.55,32,6.62876049907,4.82744851084,95510,0.994875106769
29,"[300,500)","[3.5,3.75)",10.6,10.7,10.65,41,6.69159235215,6.12709170589,95551,0.995302181205
29,"[300,500)","[3.5,3.75)",10.7,10.8,10.75,42,6.75442420522,6.21814661382,95593,0.99573967209
29,"[300,500)","[3.5,3.75)",10.8,10.9,10.85,30,6.81725605829,4.40059750485,95623,0.99605216558
29,"[300,500)","[3.5,3.75)",10.9,11,10.95,44,6.88008791136,6.39526711967,95667,0.996510489365
29,"[300,500)","[3.5,3.75)",11,11.1,11.05,33,6.94291976443,4.75304354935,95700,0.996854232203
29,"[300,500)","[3.5,3.75)",11.1,11.2,11.15,32,7.00575161751,4.56767549681,95732,0.997187558593
29,"[300,500)","[3.5,3.75)",11.2,11.3,11.25,32,7.06858347058,4.52707393684,95764,0.997520884982
29,"[300,500)","[3.5,3.75)",11.3,11.4,11.35,33,7.13141532365,4.62741244232,95797,0.99786462782
29,"[300,500)","[3.5,3.75)",11.4,11.5,11.45,34,7.19424717672,4.72599831015,95831,0.998218787109
29,"[300,500)","[3.5,3.75)",11.5,11.6,11.55,42,7.25707902979,5.78745247607,95873,0.998656277994
29,"[300,500)","[3.5,3.75)",11.6,11.7,11.65,40,7.31991088286,5.4645474023,95913,0.999072935981
29,"[300,500)","[3.5,3.75)",11.7,11.8,11.75,16,7.38274273594,2.16721624636,95929,0.999239599175
29,"[300,500)","[3.5,3.75)",11.8,11.9,11.85,41,7.44557458901,5.50662672301,95970,0.999666673611
29,"[300,500)","[3.5,3.75)",11.9,12,11.95,32,7.50840644208,4.26188968949,96002,1
30,"[300,500)","[3.75,4.0)",0,0.1,0.05,8,0.0314159265359,254.647908947,8,0.000199630683236
30,"[300,500)","[3.75,4.0)",0.1,0.2,0.15,31,0.0942477796077,328.920215723,39,0.000973199580776
30,"[300,500)","[3.75,4.0)",0.2,0.3,0.25,64,0.157079632679,407.436654315,103,0.00257024504666
30,"[300,500)","[3.75,4.0)",0.3,0.4,0.35,73,0.219911485751,331.951738449,176,0.00439187503119
30,"[300,500)","[3.75,4.0)",0.4,0.5,0.45,75,0.282743338823,265.258238486,251,0.00626341268653
30,"[300,500)","[3.75,4.0)",0.5,0.6,0.55,105,0.345575191895,303.841254994,356,0.008883565404
30,"[300,500)","[3.75,4.0)",0.6,0.7,0.65,109,0.408407044967,266.890596877,465,0.0116035334631
30,"[300,500)","[3.75,4.0)",0.7,0.8,0.75,144,0.471238898038,305.577490736,609,0.0151968857613
30,"[300,500)","[3.75,4.0)",0.8,0.9,0.85,135,0.53407075111,252.775497852,744,0.0185656535409
30,"[300,500)","[3.75,4.0)",0.9,1,0.95,166,0.596902604182,278.102321613,910,0.0227079902181
30,"[300,500)","[3.75,4.0)",1,1.1,1.05,174,0.659734457254,263.742477124,1084,0.0270499575785
30,"[300,500)","[3.75,4.0)",1.1,1.2,1.15,203,0.722566310326,280.943073458,1287,0.0321155861656
30,"[300,500)","[3.75,4.0)",1.2,1.3,1.25,227,0.785398163397,289.025376655,1514,0.0377801068024
30,"[300,500)","[3.75,4.0)",1.3,1.4,1.35,225,0.848230016469,265.258238486,1739,0.0433947197684
30,"[300,500)","[3.75,4.0)",1.4,1.5,1.45,191,0.911061869541,209.645476762,1930,0.0481609023307
30,"[300,500)","[3.75,4.0)",1.5,1.6,1.55,238,0.973893722613,244.379848102,2168,0.054099915157
30,"[300,500)","[3.75,4.0)",1.6,1.7,1.65,283,1.03672557568,272.974841788,2451,0.0611618505764
30,"[300,500)","[3.75,4.0)",1.7,1.8,1.75,285,1.09955742876,259.195193035,2736,0.0682736936667
30,"[300,500)","[3.75,4.0)",1.8,1.9,1.85,304,1.16238928183,261.530284865,3040,0.0758596596297
30,"[300,500)","[3.75,4.0)",1.9,2,1.95,307,1.2252211349,250.56701297,3347,0.0835204870989
30,"[300,500)","[3.75,4.0)",2,2.1,2.05,354,1.28805298797,274.833413925,3701,0.0923541448321
30,"[300,500)","[3.75,4.0)",2.1,2.2,2.15,325,1.35088484104,240.583053511,4026,0.100464141339
30,"[300,500)","[3.75,4.0)",2.2,2.3,2.25,387,1.41371669412,273.746502118,4413,0.11012127564
30,"[300,500)","[3.75,4.0)",2.3,2.4,2.35,368,1.47654854719,249.229868331,4781,0.119304287069
30,"[300,500)","[3.75,4.0)",2.4,2.5,2.45,393,1.53938040026,255.29752096,5174,0.129111144383
30,"[300,500)","[3.75,4.0)",2.5,2.6,2.55,418,1.60221225333,260.889279264,5592,0.139541847582
30,"[300,500)","[3.75,4.0)",2.6,2.7,2.65,433,1.6650441064,260.053171165,6025,0.150346858312
30,"[300,500)","[3.75,4.0)",2.7,2.8,2.75,435,1.72787595947,251.754182709,6460,0.161201776713
30,"[300,500)","[3.75,4.0)",2.8,2.9,2.85,385,1.79070781255,214.998782773,6845,0.170809003344
30,"[300,500)","[3.75,4.0)",2.9,3,2.95,494,1.85353966562,266.517091144,7339,0.183136198034
30,"[300,500)","[3.75,4.0)",3,3.1,3.05,486,1.91637151869,253.604269976,7825,0.19526376204
30,"[300,500)","[3.75,4.0)",3.1,3.2,3.15,499,1.97920337176,252.121640009,8324,0.207715725907
30,"[300,500)","[3.75,4.0)",3.2,3.3,3.25,522,2.04203522483,255.627323981,8846,0.220741627988
30,"[300,500)","[3.75,4.0)",3.3,3.4,3.35,531,2.10486707791,252.272462035,9377,0.233992114588
30,"[300,500)","[3.75,4.0)",3.4,3.5,3.45,545,2.16769893098,251.418678218,9922,0.247591954883
30,"[300,500)","[3.75,4.0)",3.5,3.6,3.55,571,2.23053078405,255.992880297,10493,0.261840594899
30,"[300,500)","[3.75,4.0)",3.6,3.7,3.65,583,2.29336263712,254.211868007,11076,0.27638868094
30,"[300,500)","[3.75,4.0)",3.7,3.8,3.75,578,2.35619449019,245.310818952,11654,0.290811997804
30,"[300,500)","[3.75,4.0)",3.8,3.9,3.85,582,2.41902634326,240.592667219,12236,0.305335130009
30,"[300,500)","[3.75,4.0)",3.9,4,3.95,594,2.48185819634,239.336800498,12830,0.32015770824
30,"[300,500)","[3.75,4.0)",4,4.1,4.05,633,2.54469004941,248.753281425,13463,0.335953486051
30,"[300,500)","[3.75,4.0)",4.1,4.2,4.15,646,2.60752190248,247.744802982,14109,0.352073663722
30,"[300,500)","[3.75,4.0)",4.2,4.3,4.25,695,2.67035375555,260.265142233,14804,0.369416579328
30,"[300,500)","[3.75,4.0)",4.3,4.4,4.35,703,2.73318560862,257.209022974,15507,0.386959125618
30,"[300,500)","[3.75,4.0)",4.4,4.5,4.45,650,2.79601746169,232.473512381,16157,0.403179118631
30,"[300,500)","[3.75,4.0)",4.5,4.6,4.55,734,2.85884931477,256.746655449,16891,0.421495233817
30,"[300,500)","[3.75,4.0)",4.6,4.7,4.65,778,2.92168116784,266.285044571,17669,0.440909317762
30,"[300,500)","[3.75,4.0)",4.7,4.8,4.75,714,2.98451302091,239.235009195,18383,0.458726356241
30,"[300,500)","[3.75,4.0)",4.8,4.9,4.85,756,3.04734487398,248.08481851,19139,0.477591455807
30,"[300,500)","[3.75,4.0)",4.9,5,4.95,729,3.11017672705,234.391825281,19868,0.495782801817
30,"[300,500)","[3.75,4.0)",5,5.1,5.05,772,3.17300858013,243.302210034,20640,0.515047162749
30,"[300,500)","[3.75,4.0)",5.1,5.2,5.15,731,3.2358404332,225.907307573,21371,0.53328841643
30,"[300,500)","[3.75,4.0)",5.2,5.3,5.25,803,3.29867228627,243.431274862,22174,0.553326346259
30,"[300,500)","[3.75,4.0)",5.3,5.4,5.35,730,3.36150413934,217.164688705,22904,0.571542646105
30,"[300,500)","[3.75,4.0)",5.4,5.5,5.45,825,3.42433599241,240.922620277,23729,0.592129560313
30,"[300,500)","[3.75,4.0)",5.5,5.6,5.55,811,3.48716784548,232.566952878,24540,0.612367120826
30,"[300,500)","[3.75,4.0)",5.6,5.7,5.65,768,3.54999969856,216.338046539,25308,0.631531666417
30,"[300,500)","[3.75,4.0)",5.7,5.8,5.75,773,3.61283155163,213.959601757,26081,0.650820981185
30,"[300,500)","[3.75,4.0)",5.8,5.9,5.85,791,3.6756634047,215.199247839,26872,0.67055946499
30,"[300,500)","[3.75,4.0)",5.9,6,5.95,806,3.73849525777,215.594763247,27678,0.690672256326
30,"[300,500)","[3.75,4.0)",6,6.1,6.05,787,3.80132711084,207.03295903,28465,0.710310924789
30,"[300,500)","[3.75,4.0)",6.1,6.2,6.15,773,3.86415896392,200.043530098,29238,0.729600239557
30,"[300,500)","[3.75,4.0)",6.2,6.3,6.25,796,3.92699081699,202.699735522,30034,0.749463492539
30,"[300,500)","[3.75,4.0)",6.3,6.4,6.35,759,3.98982267006,190.234018593,30793,0.768403453611
30,"[300,500)","[3.75,4.0)",6.4,6.5,6.45,733,4.05265452313,180.86910587,31526,0.786694614962
30,"[300,500)","[3.75,4.0)",6.5,6.6,6.55,704,4.1154863762,171.061190743,32230,0.804262115087
30,"[300,500)","[3.75,4.0)",6.6,6.7,6.65,699,4.17831822927,167.292188303,32929,0.821704846035
30,"[300,500)","[3.75,4.0)",6.7,6.8,6.75,665,4.24115008235,156.797092083,33594,0.838299146579
30,"[300,500)","[3.75,4.0)",6.8,6.9,6.85,648,4.30398193542,150.558252735,34242,0.854469231921
30,"[300,500)","[3.75,4.0)",6.9,7,6.95,582,4.36681378849,133.277952345,34824,0.868992364126
30,"[300,500)","[3.75,4.0)",7,7.1,7.05,486,4.42964564156,109.715322472,35310,0.881119928133
30,"[300,500)","[3.75,4.0)",7.1,7.2,7.15,465,4.49247749463,103.506361591,35775,0.892723461596
30,"[300,500)","[3.75,4.0)",7.2,7.3,7.25,418,4.55530934771,91.7610568447,36193,0.903154164795
30,"[300,500)","[3.75,4.0)",7.3,7.4,7.35,382,4.61814120078,82.7172629403,36575,0.91268652992
30,"[300,500)","[3.75,4.0)",7.4,7.5,7.45,317,4.68097305385,67.7209623626,36892,0.920596895743
30,"[300,500)","[3.75,4.0)",7.5,7.6,7.55,258,4.74380490692,54.3867222751,37150,0.927034985277
30,"[300,500)","[3.75,4.0)",7.6,7.7,7.65,254,4.80663675999,52.8436020201,37404,0.93337325947
30,"[300,500)","[3.75,4.0)",7.7,7.8,7.75,210,4.86946861306,43.1258555475,37614,0.938613564905
30,"[300,500)","[3.75,4.0)",7.8,7.9,7.85,222,4.93230046614,45.0094233967,37836,0.944153316365
30,"[300,500)","[3.75,4.0)",7.9,8,7.95,205,4.99513231921,41.039953879,38041,0.949268852623
30,"[300,500)","[3.75,4.0)",8,8.1,8.05,192,5.05796417228,37.9599367374,38233,0.95405998902
30,"[300,500)","[3.75,4.0)",8.1,8.2,8.15,159,5.12079602535,31.0498600633,38392,0.95802764885
30,"[300,500)","[3.75,4.0)",8.2,8.3,8.25,146,5.18362787842,28.1656020502,38538,0.961670908819
30,"[300,500)","[3.75,4.0)",8.3,8.4,8.35,121,5.24645973149,23.0631713942,38659,0.964690322903
30,"[300,500)","[3.75,4.0)",8.4,8.5,8.45,126,5.30929158457,23.73197968,38785,0.967834506164
30,"[300,500)","[3.75,4.0)",8.5,8.6,8.55,108,5.37212343764,20.1037822853,38893,0.970529520387
30,"[300,500)","[3.75,4.0)",8.6,8.7,8.65,114,5.43495529071,20.9753335404,39007,0.973374257623
30,"[300,500)","[3.75,4.0)",8.7,8.8,8.75,81,5.49778714378,14.7332004462,39088,0.975395518291
30,"[300,500)","[3.75,4.0)",8.8,8.9,8.85,81,5.56061899685,14.566723605,39169,0.977416778959
30,"[300,500)","[3.75,4.0)",8.9,9,8.95,78,5.62345084993,13.8704866605,39247,0.97936317812
30,"[300,500)","[3.75,4.0)",9,9.1,9.05,73,5.686282703,12.8379125367,39320,0.981184808105
30,"[300,500)","[3.75,4.0)",9.1,9.2,9.15,48,5.74911455607,8.34911176876,39368,0.982382592204
30,"[300,500)","[3.75,4.0)",9.2,9.3,9.25,60,5.81194640914,10.3235638762,39428,0.983879822329
30,"[300,500)","[3.75,4.0)",9.3,9.4,9.35,46,5.87477826221,7.83008276174,39474,0.985027698757
30,"[300,500)","[3.75,4.0)",9.4,9.5,9.45,49,5.93761011528,8.25247853069,39523,0.986250436692
30,"[300,500)","[3.75,4.0)",9.5,9.6,9.55,46,6.00044196836,7.66610197092,39569,0.987398313121
30,"[300,500)","[3.75,4.0)",9.6,9.7,9.65,47,6.06327382143,7.75158790189,39616,0.988571143385
30,"[300,500)","[3.75,4.0)",9.7,9.8,9.75,23,6.1261056745,3.75442429858,39639,0.989145081599
30,"[300,500)","[3.75,4.0)",9.8,9.9,9.85,28,6.18893752757,4.52420142799,39667,0.98984378899
30,"[300,500)","[3.75,4.0)",9.9,10,9.95,30,6.25176938064,4.79864150026,39697,0.990592404053
30,"[300,500)","[3.75,4.0)",10,10.1,10.05,30,6.31460123372,4.75089382364,39727,0.991341019115
30,"[300,500)","[3.75,4.0)",10.1,10.2,10.15,21,6.37743308679,3.29286089156,39748,0.991865049658
30,"[300,500)","[3.75,4.0)",10.2,10.3,10.25,29,6.44026493986,4.50292034114,39777,0.992588710885
30,"[300,500)","[3.75,4.0)",10.3,10.4,10.35,16,6.50309679293,2.46036627002,39793,0.992987972251
30,"[300,500)","[3.75,4.0)",10.4,10.5,10.45,12,6.565928646,1.82761657139,39805,0.993287418276
30,"[300,500)","[3.75,4.0)",10.5,10.6,10.55,22,6.62876049907,3.31887085121,39827,0.993836402655
30,"[300,500)","[3.75,4.0)",10.6,10.7,10.65,15,6.69159235215,2.24161891679,39842,0.994210710186
30,"[300,500)","[3.75,4.0)",10.7,10.8,10.75,15,6.75442420522,2.22076664779,39857,0.994585017717
30,"[300,500)","[3.75,4.0)",10.8,10.9,10.85,22,6.81725605829,3.22710483689,39879,0.995134002096
30,"[300,500)","[3.75,4.0)",10.9,11,10.95,13,6.88008791136,1.8895107399,39892,0.995458401956
30,"[300,500)","[3.75,4.0)",11,11.1,11.05,16,6.94291976443,2.30450596332,39908,0.995857663323
30,"[300,500)","[3.75,4.0)",11.1,11.2,11.15,21,7.00575161751,2.99753704478,39929,0.996381693866
30,"[300,500)","[3.75,4.0)",11.2,11.3,11.25,14,7.06858347058,1.98059484737,39943,0.996731047562
30,"[300,500)","[3.75,4.0)",11.3,11.4,11.35,22,7.13141532365,3.08494162821,39965,0.997280031941
30,"[300,500)","[3.75,4.0)",11.4,11.5,11.45,13,7.19424717672,1.80699935388,39978,0.997604431801
30,"[300,500)","[3.75,4.0)",11.5,11.6,11.55,17,7.25707902979,2.34254028793,39995,0.998028647003
30,"[300,500)","[3.75,4.0)",11.6,11.7,11.65,18,7.31991088286,2.45904633103,40013,0.99847781604
30,"[300,500)","[3.75,4.0)",11.7,11.8,11.75,22,7.38274273594,2.97992233874,40035,0.999026800419
30,"[300,500)","[3.75,4.0)",11.8,11.9,11.85,17,7.44557458901,2.28323547052,40052,0.999451015621
30,"[300,500)","[3.75,4.0)",11.9,12,11.95,22,7.50840644208,2.93004916152,40074,1
31,"[300,500)","[4.0,4.25)",0,0.1,0.05,7,0.0314159265359,222.816920329,7,0.000420748933101
31,"[300,500)","[4.0,4.25)",0.1,0.2,0.15,9,0.0942477796077,95.4929658551,16,0.000961711847088
31,"[300,500)","[4.0,4.25)",0.2,0.3,0.25,21,0.157079632679,133.690152197,37,0.00222395864639
31,"[300,500)","[4.0,4.25)",0.3,0.4,0.35,31,0.219911485751,140.965806739,68,0.00408727535012
31,"[300,500)","[4.0,4.25)",0.4,0.5,0.45,24,0.282743338823,84.8826363157,92,0.00552984312075
31,"[300,500)","[4.0,4.25)",0.5,0.6,0.55,35,0.345575191895,101.280418331,127,0.00763358778626
31,"[300,500)","[4.0,4.25)",0.6,0.7,0.65,44,0.408407044967,107.735653785,171,0.0102782953658
31,"[300,500)","[4.0,4.25)",0.7,0.8,0.75,60,0.471238898038,127.323954474,231,0.0138847147923
31,"[300,500)","[4.0,4.25)",0.8,0.9,0.85,70,0.53407075111,131.068776664,301,0.0180922041233
31,"[300,500)","[4.0,4.25)",0.9,1,0.95,63,0.596902604182,105.544856998,364,0.0218789445212
31,"[300,500)","[4.0,4.25)",1,1.1,1.05,58,0.659734457254,87.9141590412,422,0.0253651499669
31,"[300,500)","[4.0,4.25)",1.1,1.2,1.15,86,0.722566310326,119.020218312,508,0.030534351145
31,"[300,500)","[4.0,4.25)",1.2,1.3,1.25,74,0.785398163397,94.2197263104,582,0.0349822684378
31,"[300,500)","[4.0,4.25)",1.3,1.4,1.35,94,0.848230016469,110.818997412,676,0.0406323255395
31,"[300,500)","[4.0,4.25)",1.4,1.5,1.45,90,0.911061869541,98.7858267467,766,0.0460419546793
31,"[300,500)","[4.0,4.25)",1.5,1.6,1.55,93,0.973893722613,95.4929658551,859,0.0516319047905
31,"[300,500)","[4.0,4.25)",1.6,1.7,1.65,111,1.03672557568,107.067870807,970,0.0583037807297
31,"[300,500)","[4.0,4.25)",1.7,1.8,1.75,106,1.09955742876,96.4024226728,1076,0.0646751217167
31,"[300,500)","[4.0,4.25)",1.8,1.9,1.85,134,1.16238928183,115.279796618,1210,0.072729458436
31,"[300,500)","[4.0,4.25)",1.9,2,1.95,124,1.2252211349,101.206220223,1334,0.0801827252509
31,"[300,500)","[4.0,4.25)",2,2.1,2.05,141,1.28805298797,109.467546224,1475,0.0886578109034
31,"[300,500)","[4.0,4.25)",2.1,2.2,2.15,129,1.35088484104,95.4929658551,1604,0.0964116126706
31,"[300,500)","[4.0,4.25)",2.2,2.3,2.25,152,1.41371669412,107.518006,1756,0.105547875218
31,"[300,500)","[4.0,4.25)",2.3,2.4,2.35,164,1.47654854719,111.069832626,1920,0.115405421651
31,"[300,500)","[4.0,4.25)",2.4,2.5,2.45,159,1.53938040026,103.288310007,2079,0.124962433131
31,"[300,500)","[4.0,4.25)",2.5,2.6,2.55,165,1.60221225333,102.982610236,2244,0.134880086554
31,"[300,500)","[4.0,4.25)",2.6,2.7,2.65,172,1.6650441064,103.300566837,2416,0.14521848891
31,"[300,500)","[4.0,4.25)",2.7,2.8,2.75,180,1.72787595947,104.174144569,2596,0.15603774719
31,"[300,500)","[4.0,4.25)",2.8,2.9,2.85,168,1.79070781255,93.8176506647,2764,0.166135721584
31,"[300,500)","[4.0,4.25)",2.9,3,2.95,188,1.85353966562,101.427556953,2952,0.177435835788
31,"[300,500)","[4.0,4.25)",3,3.1,3.05,185,1.91637151869,96.5366048262,3137,0.18855562902
31,"[300,500)","[4.0,4.25)",3.1,3.2,3.15,208,1.97920337176,105.092787819,3345,0.201057883032
31,"[300,500)","[4.0,4.25)",3.2,3.3,3.25,214,2.04203522483,104.797408682,3559,0.213920778987
31,"[300,500)","[4.0,4.25)",3.3,3.4,3.35,226,2.10486707791,107.370200414,3785,0.227504958827
31,"[300,500)","[4.0,4.25)",3.4,3.5,3.45,254,2.16769893098,117.17494361,4039,0.242772134399
31,"[300,500)","[4.0,4.25)",3.5,3.6,3.55,229,2.23053078405,102.666146389,4268,0.256536635211
31,"[300,500)","[4.0,4.25)",3.6,3.7,3.65,229,2.29336263712,99.8533752549,4497,0.270301136022
31,"[300,500)","[4.0,4.25)",3.7,3.8,3.75,247,2.35619449019,104.83005585,4744,0.285147562662
31,"[300,500)","[4.0,4.25)",3.8,3.9,3.85,223,2.41902634326,92.1858501545,4967,0.29855142153
31,"[300,500)","[4.0,4.25)",3.9,4,3.95,224,2.48185819634,90.2549550698,5191,0.31201538739
31,"[300,500)","[4.0,4.25)",4,4.1,4.05,243,2.54469004941,95.4929658551,5434,0.326621386067
31,"[300,500)","[4.0,4.25)",4.1,4.2,4.15,283,2.60752190248,108.532166012,5717,0.343631664363
31,"[300,500)","[4.0,4.25)",4.2,4.3,4.25,229,2.67035375555,85.7564281601,5946,0.357396165174
31,"[300,500)","[4.0,4.25)",4.3,4.4,4.35,259,2.73318560862,94.7612189903,6205,0.372963875699
31,"[300,500)","[4.0,4.25)",4.4,4.5,4.45,260,2.79601746169,92.9894049526,6465,0.388591693214
31,"[300,500)","[4.0,4.25)",4.5,4.6,4.55,289,2.85884931477,101.089623195,6754,0.405962613452
31,"[300,500)","[4.0,4.25)",4.6,4.7,4.65,237,2.92168116784,81.1176806726,6991,0.420207970187
31,"[300,500)","[4.0,4.25)",4.7,4.8,4.75,299,2.98451302091,100.183848388,7290,0.438179960329
31,"[300,500)","[4.0,4.25)",4.8,4.9,4.85,263,3.04734487398,86.3046392436,7553,0.453988098816
31,"[300,500)","[4.0,4.25)",4.9,5,4.95,308,3.11017672705,99.0297423683,7861,0.472501051872
31,"[300,500)","[4.0,4.25)",5,5.1,5.05,273,3.17300858013,86.0382167606,8134,0.488910260263
31,"[300,500)","[4.0,4.25)",5.1,5.2,5.15,266,3.2358404332,82.2043007038,8400,0.504898719721
31,"[300,500)","[4.0,4.25)",5.2,5.3,5.25,317,3.29867228627,96.0992704002,8717,0.523952635692
31,"[300,500)","[4.0,4.25)",5.3,5.4,5.35,273,3.36150413934,81.2136438581,8990,0.540361844082
31,"[300,500)","[4.0,4.25)",5.4,5.5,5.45,293,3.42433599241,85.5640336256,9283,0.557973192282
31,"[300,500)","[4.0,4.25)",5.5,5.6,5.55,252,3.48716784548,72.2649471336,9535,0.573120153874
31,"[300,500)","[4.0,4.25)",5.6,5.7,5.65,278,3.54999969856,78.3098658045,9813,0.589829897217
31,"[300,500)","[4.0,4.25)",5.7,5.8,5.75,283,3.61283155163,78.3319111217,10096,0.606840175512
31,"[300,500)","[4.0,4.25)",5.8,5.9,5.85,290,3.6756634047,78.8973222165,10386,0.624271202741
31,"[300,500)","[4.0,4.25)",5.9,6,5.95,288,3.73849525777,77.0363422025,10674,0.641582015988
31,"[300,500)","[4.0,4.25)",6,6.1,6.05,282,3.80132711084,74.1846181023,10956,0.658532187293
31,"[300,500)","[4.0,4.25)",6.1,6.2,6.15,265,3.86415896392,68.5789592185,11221,0.674460539761
31,"[300,500)","[4.0,4.25)",6.2,6.3,6.25,266,3.92699081699,67.7363437799,11487,0.690448999219
31,"[300,500)","[4.0,4.25)",6.3,6.4,6.35,259,3.98982267006,64.915165765,11746,0.706016709743
31,"[300,500)","[4.0,4.25)",6.4,6.5,6.45,265,4.05265452313,65.389240185,12011,0.721945062211
31,"[300,500)","[4.0,4.25)",6.5,6.6,6.55,219,4.1154863762,53.2136374613,12230,0.735108493118
31,"[300,500)","[4.0,4.25)",6.6,6.7,6.65,259,4.17831822927,61.9866620463,12489,0.750676203642
31,"[300,500)","[4.0,4.25)",6.7,6.8,6.75,242,4.24115008235,57.0599944122,12731,0.76522209533
31,"[300,500)","[4.0,4.25)",6.8,6.9,6.85,205,4.30398193542,47.6303114363,12936,0.77754402837
31,"[300,500)","[4.0,4.25)",6.9,7,6.95,195,4.36681378849,44.654984033,13131,0.789264891507
31,"[300,500)","[4.0,4.25)",7,7.1,7.05,233,4.42964564156,52.6001443126,13364,0.80326982028
31,"[300,500)","[4.0,4.25)",7.1,7.2,7.15,198,4.49247749463,44.0736765485,13562,0.815171004388
31,"[300,500)","[4.0,4.25)",7.2,7.3,7.25,176,4.55530934771,38.6362344609,13738,0.825749834706
31,"[300,500)","[4.0,4.25)",7.3,7.4,7.35,174,4.61814120078,37.677496732,13912,0.836208451043
31,"[300,500)","[4.0,4.25)",7.4,7.5,7.45,175,4.68097305385,37.3853893169,14087,0.84672717437
31,"[300,500)","[4.0,4.25)",7.5,7.6,7.55,170,4.74380490692,35.8362123518,14257,0.856945362746
31,"[300,500)","[4.0,4.25)",7.6,7.7,7.65,155,4.80663675999,32.2470799729,14412,0.866261946264
31,"[300,500)","[4.0,4.25)",7.7,7.8,7.75,151,4.86946861306,31.0095437508,14563,0.875338101821
31,"[300,500)","[4.0,4.25)",7.8,7.9,7.85,142,4.93230046614,28.7898113618,14705,0.883873294464
31,"[300,500)","[4.0,4.25)",7.9,8,7.95,120,4.99513231921,24.0233876365,14825,0.891086133317
31,"[300,500)","[4.0,4.25)",8,8.1,8.05,125,5.05796417228,24.7135004801,14950,0.898599507123
31,"[300,500)","[4.0,4.25)",8.1,8.2,8.15,96,5.12079602535,18.7470853213,15046,0.904369778205
31,"[300,500)","[4.0,4.25)",8.2,8.3,8.25,95,5.18362787842,18.3269328409,15141,0.910079942297
31,"[300,500)","[4.0,4.25)",8.3,8.4,8.35,105,5.24645973149,20.0134958379,15246,0.916391176294
31,"[300,500)","[4.0,4.25)",8.4,8.5,8.45,104,5.30929158457,19.5883006882,15350,0.9226423033
31,"[300,500)","[4.0,4.25)",8.5,8.6,8.55,91,5.37212343764,16.9392980367,15441,0.92811203943
31,"[300,500)","[4.0,4.25)",8.6,8.7,8.65,101,5.43495529071,18.5834095402,15542,0.934182845465
31,"[300,500)","[4.0,4.25)",8.7,8.8,8.75,74,5.49778714378,13.4599609015,15616,0.938630762758
31,"[300,500)","[4.0,4.25)",8.8,8.9,8.85,85,5.56061899685,15.2860679806,15701,0.943739856945
31,"[300,500)","[4.0,4.25)",8.9,9,8.95,76,5.62345084993,13.5148331564,15777,0.948307988219
31,"[300,500)","[4.0,4.25)",9,9.1,9.05,83,5.686282703,14.5965306924,15860,0.953296868426
31,"[300,500)","[4.0,4.25)",9.1,9.2,9.15,58,5.74911455607,10.0885100539,15918,0.956783073871
31,"[300,500)","[4.0,4.25)",9.2,9.3,9.25,66,5.81194640914,11.3559202639,15984,0.960750135241
31,"[300,500)","[4.0,4.25)",9.3,9.4,9.35,62,5.87477826221,10.5535898093,16046,0.964476768648
31,"[300,500)","[4.0,4.25)",9.4,9.5,9.45,48,5.93761011528,8.08406060149,16094,0.967361904189
31,"[300,500)","[4.0,4.25)",9.5,9.6,9.55,51,6.00044196836,8.49937392428,16145,0.970427360702
31,"[300,500)","[4.0,4.25)",9.6,9.7,9.65,48,6.06327382143,7.91651530405,16193,0.973312496243
31,"[300,500)","[4.0,4.25)",9.7,9.8,9.75,35,6.1261056745,5.7132543674,16228,0.975416240909
31,"[300,500)","[4.0,4.25)",9.8,9.9,9.85,32,6.18893752757,5.17051591771,16260,0.977339664603
31,"[300,500)","[4.0,4.25)",9.9,10,9.95,34,6.25176938064,5.43846036696,16294,0.979383302278
31,"[300,500)","[4.0,4.25)",10,10.1,10.05,31,6.31460123372,4.90925695109,16325,0.981246618982
31,"[300,500)","[4.0,4.25)",10.1,10.2,10.15,41,6.37743308679,6.42891888352,16366,0.98371100559
31,"[300,500)","[4.0,4.25)",10.2,10.3,10.25,24,6.44026493986,3.72655476508,16390,0.985153573361
31,"[300,500)","[4.0,4.25)",10.3,10.4,10.35,28,6.50309679293,4.30564097253,16418,0.986836569093
31,"[300,500)","[4.0,4.25)",10.4,10.5,10.45,19,6.565928646,2.89372623803,16437,0.987978601911
31,"[300,500)","[4.0,4.25)",10.5,10.6,10.55,17,6.62876049907,2.56458202139,16454,0.989000420749
31,"[300,500)","[4.0,4.25)",10.6,10.7,10.65,22,6.69159235215,3.28770774462,16476,0.990322774539
31,"[300,500)","[4.0,4.25)",10.7,10.8,10.75,23,6.75442420522,3.40517552662,16499,0.991705235319
31,"[300,500)","[4.0,4.25)",10.8,10.9,10.85,19,6.81725605829,2.7870450864,16518,0.992847268137
31,"[300,500)","[4.0,4.25)",10.9,11,10.95,18,6.88008791136,2.61624563987,16536,0.993929193965
31,"[300,500)","[4.0,4.25)",11,11.1,11.05,12,6.94291976443,1.72837947249,16548,0.994650477851
31,"[300,500)","[4.0,4.25)",11.1,11.2,11.15,12,7.00575161751,1.7128783113,16560,0.995371761736
31,"[300,500)","[4.0,4.25)",11.2,11.3,11.25,7,7.06858347058,0.990297423683,16567,0.995792510669
31,"[300,500)","[4.0,4.25)",11.3,11.4,11.35,10,7.13141532365,1.40224619464,16577,0.996393580573
31,"[300,500)","[4.0,4.25)",11.4,11.5,11.45,5,7.19424717672,0.694999751493,16582,0.996694115526
31,"[300,500)","[4.0,4.25)",11.5,11.6,11.55,8,7.25707902979,1.1023719002,16590,0.997174971449
31,"[300,500)","[4.0,4.25)",11.6,11.7,11.65,16,7.31991088286,2.18581896092,16606,0.998136683296
31,"[300,500)","[4.0,4.25)",11.7,11.8,11.75,8,7.38274273594,1.08360812318,16614,0.99861753922
31,"[300,500)","[4.0,4.25)",11.8,11.9,11.85,11,7.44557458901,1.47738765739,16625,0.999278716115
31,"[300,500)","[4.0,4.25)",11.9,12,11.95,12,7.50840644208,1.59820863356,16637,1
32,"[300,500)","[4.25,4.5)",0,0.1,0.05,2,0.0314159265359,63.6619772368,2,0.000291757840992
32,"[300,500)","[4.25,4.5)",0.1,0.2,0.15,1,0.0942477796077,10.6103295395,3,0.000437636761488
32,"[300,500)","[4.25,4.5)",0.2,0.3,0.25,11,0.157079632679,70.0281749604,14,0.00204230488694
32,"[300,500)","[4.25,4.5)",0.3,0.4,0.35,15,0.219911485751,68.2092613251,29,0.00423048869438
32,"[300,500)","[4.25,4.5)",0.4,0.5,0.45,17,0.282743338823,60.1252007236,46,0.00671043034282
32,"[300,500)","[4.25,4.5)",0.5,0.6,0.55,18,0.345575191895,52.0870722846,64,0.00933625091174
32,"[300,500)","[4.25,4.5)",0.6,0.7,0.65,20,0.408407044967,48.9707517206,84,0.0122538293217
32,"[300,500)","[4.25,4.5)",0.7,0.8,0.75,26,0.471238898038,55.1737136052,110,0.0160466812546
32,"[300,500)","[4.25,4.5)",0.8,0.9,0.85,27,0.53407075111,50.5550995704,137,0.019985412108
32,"[300,500)","[4.25,4.5)",0.9,1,0.95,32,0.596902604182,53.6100860941,169,0.0246535375638
32,"[300,500)","[4.25,4.5)",1,1.1,1.05,33,0.659734457254,50.0201249717,202,0.0294675419402
32,"[300,500)","[4.25,4.5)",1.1,1.2,1.15,30,0.722566310326,41.5186808066,232,0.0338439095551
32,"[300,500)","[4.25,4.5)",1.2,1.3,1.25,33,0.785398163397,42.0169049763,265,0.0386579139314
32,"[300,500)","[4.25,4.5)",1.3,1.4,1.35,45,0.848230016469,53.0516476973,310,0.0452224653538
32,"[300,500)","[4.25,4.5)",1.4,1.5,1.45,26,0.911061869541,28.5381277268,336,0.0490153172867
32,"[300,500)","[4.25,4.5)",1.5,1.6,1.55,32,0.973893722613,32.8577947028,368,0.0536834427425
32,"[300,500)","[4.25,4.5)",1.6,1.7,1.65,42,1.03672557568,40.5121673325,410,0.0598103574034
32,"[300,500)","[4.25,4.5)",1.7,1.8,1.75,50,1.09955742876,45.4728408834,460,0.0671043034282
32,"[300,500)","[4.25,4.5)",1.8,1.9,1.85,48,1.16238928183,41.2942555049,508,0.074106491612
32,"[300,500)","[4.25,4.5)",1.9,2,1.95,53,1.2252211349,43.2574973532,561,0.0818380743982
32,"[300,500)","[4.25,4.5)",2,2.1,2.05,50,1.28805298797,38.8182788029,611,0.089132020423
32,"[300,500)","[4.25,4.5)",2.1,2.2,2.15,52,1.35088484104,38.4932885618,663,0.0967177242888
32,"[300,500)","[4.25,4.5)",2.2,2.3,2.25,60,1.41371669412,42.4413181578,723,0.105470459519
32,"[300,500)","[4.25,4.5)",2.3,2.4,2.35,55,1.47654854719,37.2490292343,778,0.113493800146
32,"[300,500)","[4.25,4.5)",2.4,2.5,2.45,68,1.53938040026,44.1736168582,846,0.12341356674
32,"[300,500)","[4.25,4.5)",2.5,2.6,2.55,57,1.60221225333,35.5758108088,903,0.131728665208
32,"[300,500)","[4.25,4.5)",2.6,2.7,2.65,74,1.6650441064,44.4432671275,977,0.142523705325
32,"[300,500)","[4.25,4.5)",2.7,2.8,2.75,63,1.72787595947,36.4609505992,1040,0.151714077316
32,"[300,500)","[4.25,4.5)",2.8,2.9,2.85,65,1.79070781255,36.2984957929,1105,0.161196207148
32,"[300,500)","[4.25,4.5)",2.9,3,2.95,74,1.85353966562,39.9236128434,1179,0.171991247265
32,"[300,500)","[4.25,4.5)",3,3.1,3.05,74,1.91637151869,38.6146419305,1253,0.182786287381
32,"[300,500)","[4.25,4.5)",3.1,3.2,3.15,96,1.97920337176,48.504363609,1349,0.196790663749
32,"[300,500)","[4.25,4.5)",3.2,3.3,3.25,88,2.04203522483,43.0942615141,1437,0.209628008753
32,"[300,500)","[4.25,4.5)",3.3,3.4,3.35,92,2.10486707791,43.7082231775,1529,0.223048869438
32,"[300,500)","[4.25,4.5)",3.4,3.5,3.45,95,2.16769893098,43.8252741847,1624,0.236907366885
32,"[300,500)","[4.25,4.5)",3.5,3.6,3.55,78,2.23053078405,34.9692551019,1702,0.248285922684
32,"[300,500)","[4.25,4.5)",3.6,3.7,3.65,79,2.29336263712,34.4472342582,1781,0.259810357403
32,"[300,500)","[4.25,4.5)",3.7,3.8,3.75,90,2.35619449019,38.1971863421,1871,0.272939460248
32,"[300,500)","[4.25,4.5)",3.8,3.9,3.85,83,2.41902634326,34.3113253938,1954,0.285047410649
32,"[300,500)","[4.25,4.5)",3.9,4,3.95,85,2.48185819634,34.2485320577,2039,0.297447118891
32,"[300,500)","[4.25,4.5)",4,4.1,4.05,103,2.54469004941,40.4764423172,2142,0.312472647702
32,"[300,500)","[4.25,4.5)",4.1,4.2,4.15,83,2.60752190248,31.8309886184,2225,0.324580598104
32,"[300,500)","[4.25,4.5)",4.2,4.3,4.25,86,2.67035375555,32.2054708374,2311,0.337126185266
32,"[300,500)","[4.25,4.5)",4.3,4.4,4.35,109,2.73318560862,39.8802041311,2420,0.3530269876
32,"[300,500)","[4.25,4.5)",4.4,4.5,4.45,97,2.79601746169,34.6922010785,2517,0.367177242888
32,"[300,500)","[4.25,4.5)",4.5,4.6,4.55,91,2.85884931477,31.8309886184,2608,0.380452224654
32,"[300,500)","[4.25,4.5)",4.6,4.7,4.65,104,2.92168116784,35.5959442614,2712,0.395623632385
32,"[300,500)","[4.25,4.5)",4.7,4.8,4.75,96,2.98451302091,32.1660516565,2808,0.409628008753
32,"[300,500)","[4.25,4.5)",4.8,4.9,4.85,88,3.04734487398,28.8775979218,2896,0.422465353756
32,"[300,500)","[4.25,4.5)",4.9,5,4.95,116,3.11017672705,37.2969159569,3012,0.439387308534
32,"[300,500)","[4.25,4.5)",5,5.1,5.05,93,3.17300858013,29.3097221932,3105,0.45295404814
32,"[300,500)","[4.25,4.5)",5.1,5.2,5.15,88,3.2358404332,27.1954077516,3193,0.465791393144
32,"[300,500)","[4.25,4.5)",5.2,5.3,5.25,111,3.29867228627,33.6499022537,3304,0.481983953319
32,"[300,500)","[4.25,4.5)",5.3,5.4,5.35,92,3.36150413934,27.3687004943,3396,0.495404814004
32,"[300,500)","[4.25,4.5)",5.4,5.5,5.45,102,3.42433599241,29.7867966888,3498,0.510284463895
32,"[300,500)","[4.25,4.5)",5.5,5.6,5.55,106,3.48716784548,30.3971603022,3604,0.525747629468
32,"[300,500)","[4.25,4.5)",5.6,5.7,5.65,100,3.54999969856,28.1690164764,3704,0.540335521517
32,"[300,500)","[4.25,4.5)",5.7,5.8,5.75,95,3.61283155163,26.2951645108,3799,0.554194018964
32,"[300,500)","[4.25,4.5)",5.8,5.9,5.85,82,3.6756634047,22.308898006,3881,0.566156090445
32,"[300,500)","[4.25,4.5)",5.9,6,5.95,104,3.73849525777,27.8186791287,3985,0.581327498177
32,"[300,500)","[4.25,4.5)",6,6.1,6.05,84,3.80132711084,22.0975458177,4069,0.593581327498
32,"[300,500)","[4.25,4.5)",6.1,6.2,6.15,96,3.86415896392,24.8436984339,4165,0.607585703866
32,"[300,500)","[4.25,4.5)",6.2,6.3,6.25,93,3.92699081699,23.6822555321,4258,0.621152443472
32,"[300,500)","[4.25,4.5)",6.3,6.4,6.35,102,3.98982267006,25.565045977,4360,0.636032093363
32,"[300,500)","[4.25,4.5)",6.4,6.5,6.45,74,4.05265452313,18.2596368819,4434,0.646827133479
32,"[300,500)","[4.25,4.5)",6.5,6.6,6.55,85,4.1154863762,20.6536949051,4519,0.659226841721
32,"[300,500)","[4.25,4.5)",6.6,6.7,6.65,78,4.17831822927,18.6677978363,4597,0.67060539752
32,"[300,500)","[4.25,4.5)",6.7,6.8,6.75,75,4.24115008235,17.6838825658,4672,0.681546316557
32,"[300,500)","[4.25,4.5)",6.8,6.9,6.85,82,4.30398193542,19.0521245745,4754,0.693508388038
32,"[300,500)","[4.25,4.5)",6.9,7,6.95,85,4.36681378849,19.46499304,4839,0.70590809628
32,"[300,500)","[4.25,4.5)",7,7.1,7.05,79,4.42964564156,17.834383694,4918,0.717432530999
32,"[300,500)","[4.25,4.5)",7.1,7.2,7.15,65,4.49247749463,14.4686311902,4983,0.726914660832
32,"[300,500)","[4.25,4.5)",7.2,7.3,7.25,73,4.55530934771,16.0252563389,5056,0.737563822028
32,"[300,500)","[4.25,4.5)",7.3,7.4,7.35,73,4.61814120078,15.8072256404,5129,0.748212983224
32,"[300,500)","[4.25,4.5)",7.4,7.5,7.45,87,4.68097305385,18.5858792604,5216,0.760904449307
32,"[300,500)","[4.25,4.5)",7.5,7.6,7.55,77,4.74380490692,16.2316961829,5293,0.772137126185
32,"[300,500)","[4.25,4.5)",7.6,7.7,7.65,76,4.80663675999,15.8114714706,5369,0.783223924143
32,"[300,500)","[4.25,4.5)",7.7,7.8,7.75,82,4.86946861306,16.8396197852,5451,0.795185995624
32,"[300,500)","[4.25,4.5)",7.8,7.9,7.85,65,4.93230046614,13.1784347783,5516,0.804668125456
32,"[300,500)","[4.25,4.5)",7.9,8,7.95,89,4.99513231921,17.8173458304,5605,0.81765134938
32,"[300,500)","[4.25,4.5)",8,8.1,8.05,77,5.05796417228,15.2235162957,5682,0.828884026258
32,"[300,500)","[4.25,4.5)",8.1,8.2,8.15,72,5.12079602535,14.0603139909,5754,0.839387308534
32,"[300,500)","[4.25,4.5)",8.2,8.3,8.25,61,5.18362787842,11.7678200347,5815,0.848285922684
32,"[300,500)","[4.25,4.5)",8.3,8.4,8.35,62,5.24645973149,11.8174927805,5877,0.857330415755
32,"[300,500)","[4.25,4.5)",8.4,8.5,8.45,45,5.30929158457,8.47570702856,5922,0.863894967177
32,"[300,500)","[4.25,4.5)",8.5,8.6,8.55,53,5.37212343764,9.86574501037,5975,0.871626549964
32,"[300,500)","[4.25,4.5)",8.6,8.7,8.65,64,5.43495529071,11.7756258473,6039,0.880962800875
32,"[300,500)","[4.25,4.5)",8.7,8.8,8.75,56,5.49778714378,10.1859163579,6095,0.889132020423
32,"[300,500)","[4.25,4.5)",8.8,8.9,8.85,52,5.56061899685,9.35147688224,6147,0.896717724289
32,"[300,500)","[4.25,4.5)",8.9,9,8.95,44,5.62345084993,7.82437709055,6191,0.903136396791
32,"[300,500)","[4.25,4.5)",9,9.1,9.05,41,5.686282703,7.21033443842,6232,0.909117432531
32,"[300,500)","[4.25,4.5)",9.1,9.2,9.15,55,5.74911455607,9.56669056837,6287,0.917140773158
32,"[300,500)","[4.25,4.5)",9.2,9.3,9.25,34,5.81194640914,5.85001952986,6321,0.922100656455
32,"[300,500)","[4.25,4.5)",9.3,9.4,9.35,34,5.87477826221,5.78745247607,6355,0.927060539752
32,"[300,500)","[4.25,4.5)",9.4,9.5,9.45,42,5.93761011528,7.07355302631,6397,0.933187454413
32,"[300,500)","[4.25,4.5)",9.5,9.6,9.55,29,6.00044196836,4.83297732949,6426,0.937417943107
32,"[300,500)","[4.25,4.5)",9.6,9.7,9.65,35,6.06327382143,5.77245907587,6461,0.942523705325
32,"[300,500)","[4.25,4.5)",9.7,9.8,9.75,32,6.1261056745,5.2235468502,6493,0.94719183078
32,"[300,500)","[4.25,4.5)",9.8,9.9,9.85,26,6.18893752757,4.20104418314,6519,0.950984682713
32,"[300,500)","[4.25,4.5)",9.9,10,9.95,29,6.25176938064,4.63868678358,6548,0.955215171408
32,"[300,500)","[4.25,4.5)",10,10.1,10.05,20,6.31460123372,3.16726254909,6568,0.958132749818
32,"[300,500)","[4.25,4.5)",10.1,10.2,10.15,26,6.37743308679,4.07687538955,6594,0.961925601751
32,"[300,500)","[4.25,4.5)",10.2,10.3,10.25,21,6.44026493986,3.26073541944,6615,0.964989059081
32,"[300,500)","[4.25,4.5)",10.3,10.4,10.35,25,6.50309679293,3.84432229691,6640,0.968636032093
32,"[300,500)","[4.25,4.5)",10.4,10.5,10.45,20,6.565928646,3.04602761898,6660,0.971553610503
32,"[300,500)","[4.25,4.5)",10.5,10.6,10.55,21,6.62876049907,3.16801308524,6681,0.974617067834
32,"[300,500)","[4.25,4.5)",10.6,10.7,10.65,23,6.69159235215,3.43714900574,6704,0.977972283005
32,"[300,500)","[4.25,4.5)",10.7,10.8,10.75,15,6.75442420522,2.22076664779,6719,0.980160466813
32,"[300,500)","[4.25,4.5)",10.8,10.9,10.85,12,6.81725605829,1.76023900194,6731,0.981911013858
32,"[300,500)","[4.25,4.5)",10.9,11,10.95,23,6.88008791136,3.34298053983,6754,0.98526622903
32,"[300,500)","[4.25,4.5)",11,11.1,11.05,13,6.94291976443,1.8724110952,6767,0.987162654996
32,"[300,500)","[4.25,4.5)",11.1,11.2,11.15,9,7.00575161751,1.28465873348,6776,0.988475565281
32,"[300,500)","[4.25,4.5)",11.2,11.3,11.25,14,7.06858347058,1.98059484737,6790,0.990517870168
32,"[300,500)","[4.25,4.5)",11.3,11.4,11.35,9,7.13141532365,1.26202157518,6799,0.991830780452
32,"[300,500)","[4.25,4.5)",11.4,11.5,11.45,14,7.19424717672,1.94599930418,6813,0.993873085339
32,"[300,500)","[4.25,4.5)",11.5,11.6,11.55,7,7.25707902979,0.964575412678,6820,0.994894237783
32,"[300,500)","[4.25,4.5)",11.6,11.7,11.65,8,7.31991088286,1.09290948046,6828,0.996061269147
32,"[300,500)","[4.25,4.5)",11.7,11.8,11.75,10,7.38274273594,1.35451015397,6838,0.997520058352
32,"[300,500)","[4.25,4.5)",11.8,11.9,11.85,12,7.44557458901,1.61169562625,6850,0.999270605398
32,"[300,500)","[4.25,4.5)",11.9,12,11.95,5,7.50840644208,0.665920263983,6855,1
33,"[300,500)","[4.5,4.75)",0,0.1,0.05,1,0.0314159265359,31.8309886184,1,0.000354861603974
33,"[300,500)","[4.5,4.75)",0.1,0.2,0.15,1,0.0942477796077,10.6103295395,2,0.000709723207949
33,"[300,500)","[4.5,4.75)",0.2,0.3,0.25,3,0.157079632679,19.098593171,5,0.00177430801987
33,"[300,500)","[4.5,4.75)",0.3,0.4,0.35,6,0.219911485751,27.28370453,11,0.00390347764372
33,"[300,500)","[4.5,4.75)",0.4,0.5,0.45,2,0.282743338823,7.07355302631,13,0.00461320085167
33,"[300,500)","[4.5,4.75)",0.5,0.6,0.55,8,0.345575191895,23.1498099043,21,0.00745209368346
33,"[300,500)","[4.5,4.75)",0.6,0.7,0.65,6,0.408407044967,14.6912255162,27,0.00958126330731
33,"[300,500)","[4.5,4.75)",0.7,0.8,0.75,4,0.471238898038,8.48826363157,31,0.0110007097232
33,"[300,500)","[4.5,4.75)",0.8,0.9,0.85,6,0.53407075111,11.2344665712,37,0.0131298793471
33,"[300,500)","[4.5,4.75)",0.9,1,0.95,10,0.596902604182,16.7531519044,47,0.0166784953868
33,"[300,500)","[4.5,4.75)",1,1.1,1.05,13,0.659734457254,19.7048977161,60,0.0212916962385
33,"[300,500)","[4.5,4.75)",1.1,1.2,1.15,15,0.722566310326,20.7593404033,75,0.0266146202981
33,"[300,500)","[4.5,4.75)",1.2,1.3,1.25,10,0.785398163397,12.7323954474,85,0.0301632363378
33,"[300,500)","[4.5,4.75)",1.3,1.4,1.35,18,0.848230016469,21.2206590789,103,0.0365507452094
33,"[300,500)","[4.5,4.75)",1.4,1.5,1.45,22,0.911061869541,24.1476465381,125,0.0443577004968
33,"[300,500)","[4.5,4.75)",1.5,1.6,1.55,12,0.973893722613,12.3216730136,137,0.0486160397445
33,"[300,500)","[4.5,4.75)",1.6,1.7,1.65,16,1.03672557568,15.4332066029,153,0.0542938254081
33,"[300,500)","[4.5,4.75)",1.7,1.8,1.75,22,1.09955742876,20.0080499887,175,0.0621007806955
33,"[300,500)","[4.5,4.75)",1.8,1.9,1.85,23,1.16238928183,19.7868307628,198,0.0702625975869
33,"[300,500)","[4.5,4.75)",1.9,2,1.95,19,1.2252211349,15.5074047115,217,0.0770049680625
33,"[300,500)","[4.5,4.75)",2,2.1,2.05,12,1.28805298797,9.3163869127,229,0.0812633073101
33,"[300,500)","[4.5,4.75)",2.1,2.2,2.15,19,1.35088484104,14.064855436,248,0.0880056777857
33,"[300,500)","[4.5,4.75)",2.2,2.3,2.25,23,1.41371669412,16.2691719605,271,0.0961674946771
33,"[300,500)","[4.5,4.75)",2.3,2.4,2.35,17,1.47654854719,11.5133363088,288,0.102200141945
33,"[300,500)","[4.5,4.75)",2.4,2.5,2.45,24,1.53938040026,15.5906883029,312,0.11071682044
33,"[300,500)","[4.5,4.75)",2.5,2.6,2.55,21,1.60221225333,13.1068776664,333,0.118168914123
33,"[300,500)","[4.5,4.75)",2.6,2.7,2.65,29,1.6650441064,17.4169560365,362,0.128459900639
33,"[300,500)","[4.5,4.75)",2.7,2.8,2.75,28,1.72787595947,16.204866933,390,0.13839602555
33,"[300,500)","[4.5,4.75)",2.8,2.9,2.85,25,1.79070781255,13.9609599203,415,0.147267565649
33,"[300,500)","[4.5,4.75)",2.9,3,2.95,29,1.85353966562,15.6457401684,444,0.157558552165
33,"[300,500)","[4.5,4.75)",3,3.1,3.05,20,1.91637151869,10.4363897109,464,0.164655784244
33,"[300,500)","[4.5,4.75)",3.1,3.2,3.15,30,1.97920337176,15.1576136278,494,0.175301632363
33,"[300,500)","[4.5,4.75)",3.2,3.3,3.25,30,2.04203522483,14.6912255162,524,0.185947480483
33,"[300,500)","[4.5,4.75)",3.3,3.4,3.35,26,2.10486707791,12.3523239415,550,0.195173882186
33,"[300,500)","[4.5,4.75)",3.4,3.5,3.45,22,2.16769893098,10.1490108638,572,0.202980837473
33,"[300,500)","[4.5,4.75)",3.5,3.6,3.55,30,2.23053078405,13.4497135007,602,0.213626685593
33,"[300,500)","[4.5,4.75)",3.6,3.7,3.65,28,2.29336263712,12.2091463194,630,0.223562810504
33,"[300,500)","[4.5,4.75)",3.7,3.8,3.75,38,2.35619449019,16.1277009,668,0.237047551455
33,"[300,500)","[4.5,4.75)",3.8,3.9,3.85,29,2.41902634326,11.9882944147,697,0.24733853797
33,"[300,500)","[4.5,4.75)",3.9,4,3.95,28,2.48185819634,11.2818693837,725,0.257274662881
33,"[300,500)","[4.5,4.75)",4,4.1,4.05,29,2.54469004941,11.3962798757,754,0.267565649397
33,"[300,500)","[4.5,4.75)",4.1,4.2,4.15,36,2.60752190248,13.8062119309,790,0.28034066714
33,"[300,500)","[4.5,4.75)",4.2,4.3,4.25,30,2.67035375555,11.2344665712,820,0.290986515259
33,"[300,500)","[4.5,4.75)",4.3,4.4,4.35,40,2.73318560862,14.6349372958,860,0.305180979418
33,"[300,500)","[4.5,4.75)",4.4,4.5,4.45,35,2.79601746169,12.5178045128,895,0.317601135557
33,"[300,500)","[4.5,4.75)",4.5,4.6,4.55,39,2.85884931477,13.641852265,934,0.331440738112
33,"[300,500)","[4.5,4.75)",4.6,4.7,4.65,38,2.92168116784,13.0062104032,972,0.344925479063
33,"[300,500)","[4.5,4.75)",4.7,4.8,4.75,34,2.98451302091,11.392143295,1006,0.356990773598
33,"[300,500)","[4.5,4.75)",4.8,4.9,4.85,41,3.04734487398,13.4543353954,1047,0.371540099361
33,"[300,500)","[4.5,4.75)",4.9,5,4.95,39,3.11017672705,12.5394803648,1086,0.385379701916
33,"[300,500)","[4.5,4.75)",5,5.1,5.05,27,3.17300858013,8.50927418511,1113,0.394960965224
33,"[300,500)","[4.5,4.75)",5.1,5.2,5.15,32,3.2358404332,9.88923918241,1145,0.406316536551
33,"[300,500)","[4.5,4.75)",5.2,5.3,5.25,35,3.29867228627,10.6103295395,1180,0.41873669269
33,"[300,500)","[4.5,4.75)",5.3,5.4,5.35,36,3.36150413934,10.7094914978,1216,0.431511710433
33,"[300,500)","[4.5,4.75)",5.4,5.5,5.45,38,3.42433599241,11.0970419037,1254,0.444996451384
33,"[300,500)","[4.5,4.75)",5.5,5.6,5.55,41,3.48716784548,11.7573921924,1295,0.459545777147
33,"[300,500)","[4.5,4.75)",5.6,5.7,5.65,40,3.54999969856,11.2676065906,1335,0.473740241306
33,"[300,500)","[4.5,4.75)",5.7,5.8,5.75,35,3.61283155163,9.6876921882,1370,0.486160397445
33,"[300,500)","[4.5,4.75)",5.8,5.9,5.85,34,3.6756634047,9.25003088055,1404,0.49822569198
33,"[300,500)","[4.5,4.75)",5.9,6,5.95,39,3.73849525777,10.4320046733,1443,0.512065294535
33,"[300,500)","[4.5,4.75)",6,6.1,6.05,36,3.80132711084,9.47037677902,1479,0.524840312278
33,"[300,500)","[4.5,4.75)",6.1,6.2,6.15,30,3.86415896392,7.76365576058,1509,0.535486160397
33,"[300,500)","[4.5,4.75)",6.2,6.3,6.25,28,3.92699081699,7.13014145052,1537,0.545422285309
33,"[300,500)","[4.5,4.75)",6.3,6.4,6.35,41,3.98982267006,10.2761459319,1578,0.559971611072
33,"[300,500)","[4.5,4.75)",6.4,6.5,6.45,38,4.05265452313,9.37657029069,1616,0.573456352023
33,"[300,500)","[4.5,4.75)",6.5,6.6,6.55,36,4.1154863762,8.74744725391,1652,0.586231369766
33,"[300,500)","[4.5,4.75)",6.6,6.7,6.65,33,4.17831822927,7.89791446922,1685,0.597941802697
33,"[300,500)","[4.5,4.75)",6.7,6.8,6.75,38,4.24115008235,8.95983383332,1723,0.611426543648
33,"[300,500)","[4.5,4.75)",6.8,6.9,6.85,32,4.30398193542,7.43497544371,1755,0.622782114975
33,"[300,500)","[4.5,4.75)",6.9,7,6.95,37,4.36681378849,8.47299697036,1792,0.635911994322
33,"[300,500)","[4.5,4.75)",7,7.1,7.05,33,4.42964564156,7.44980584685,1825,0.647622427253
33,"[300,500)","[4.5,4.75)",7.1,7.2,7.15,30,4.49247749463,6.67782978008,1855,0.658268275373
33,"[300,500)","[4.5,4.75)",7.2,7.3,7.25,35,4.55530934771,7.6833420803,1890,0.670688431512
33,"[300,500)","[4.5,4.75)",7.3,7.4,7.35,26,4.61814120078,5.62997077604,1916,0.679914833215
33,"[300,500)","[4.5,4.75)",7.4,7.5,7.45,29,4.68097305385,6.1952930868,1945,0.69020581973
33,"[300,500)","[4.5,4.75)",7.5,7.6,7.55,28,4.74380490692,5.90243497559,1973,0.700141944642
33,"[300,500)","[4.5,4.75)",7.6,7.7,7.65,30,4.80663675999,6.24137031733,2003,0.710787792761
33,"[300,500)","[4.5,4.75)",7.7,7.8,7.75,22,4.86946861306,4.51794677164,2025,0.718594748048
33,"[300,500)","[4.5,4.75)",7.8,7.9,7.85,30,4.93230046614,6.08235451307,2055,0.729240596167
33,"[300,500)","[4.5,4.75)",7.9,8,7.95,30,4.99513231921,6.00584690913,2085,0.739886444287
33,"[300,500)","[4.5,4.75)",8,8.1,8.05,34,5.05796417228,6.72207213059,2119,0.751951738822
33,"[300,500)","[4.5,4.75)",8.1,8.2,8.15,32,5.12079602535,6.24902844042,2151,0.763307310149
33,"[300,500)","[4.5,4.75)",8.2,8.3,8.25,23,5.18362787842,4.43704689832,2174,0.77146912704
33,"[300,500)","[4.5,4.75)",8.3,8.4,8.35,26,5.24645973149,4.95572277891,2200,0.780695528744
33,"[300,500)","[4.5,4.75)",8.4,8.5,8.45,24,5.30929158457,4.5203770819,2224,0.789212207239
33,"[300,500)","[4.5,4.75)",8.5,8.6,8.55,28,5.37212343764,5.21209170359,2252,0.79914833215
33,"[300,500)","[4.5,4.75)",8.6,8.7,8.65,30,5.43495529071,5.5198246159,2282,0.80979418027
33,"[300,500)","[4.5,4.75)",8.7,8.8,8.75,33,5.49778714378,6.00241499661,2315,0.821504613201
33,"[300,500)","[4.5,4.75)",8.8,8.9,8.85,22,5.56061899685,3.95639406556,2337,0.829311568488
33,"[300,500)","[4.5,4.75)",8.9,9,8.95,23,5.62345084993,4.09001529733,2360,0.83747338538
33,"[300,500)","[4.5,4.75)",9,9.1,9.05,21,5.686282703,3.69309812699,2381,0.844925479063
33,"[300,500)","[4.5,4.75)",9.1,9.2,9.15,31,5.74911455607,5.39213468399,2412,0.855926188786
33,"[300,500)","[4.5,4.75)",9.2,9.3,9.25,30,5.81194640914,5.16178193812,2442,0.866572036906
33,"[300,500)","[4.5,4.75)",9.3,9.4,9.35,27,5.87477826221,4.59591814276,2469,0.876153300213
33,"[300,500)","[4.5,4.75)",9.4,9.5,9.45,24,5.93761011528,4.04203030075,2493,0.884669978708
33,"[300,500)","[4.5,4.75)",9.5,9.6,9.55,18,6.00044196836,2.9997790321,2511,0.89105748758
33,"[300,500)","[4.5,4.75)",9.6,9.7,9.65,20,6.06327382143,3.29854804336,2531,0.898154719659
33,"[300,500)","[4.5,4.75)",9.7,9.8,9.75,18,6.1261056745,2.93824510323,2549,0.904542228531
33,"[300,500)","[4.5,4.75)",9.8,9.9,9.85,19,6.18893752757,3.06999382614,2568,0.911284599006
33,"[300,500)","[4.5,4.75)",9.9,10,9.95,17,6.25176938064,2.71923018348,2585,0.917317246274
33,"[300,500)","[4.5,4.75)",10,10.1,10.05,16,6.31460123372,2.53381003927,2601,0.922995031938
33,"[300,500)","[4.5,4.75)",10.1,10.2,10.15,14,6.37743308679,2.19524059437,2615,0.927963094393
33,"[300,500)","[4.5,4.75)",10.2,10.3,10.25,18,6.44026493986,2.79491607381,2633,0.934350603265
33,"[300,500)","[4.5,4.75)",10.3,10.4,10.35,13,6.50309679293,1.99904759439,2646,0.938963804116
33,"[300,500)","[4.5,4.75)",10.4,10.5,10.45,11,6.565928646,1.67531519044,2657,0.94286728176
33,"[300,500)","[4.5,4.75)",10.5,10.6,10.55,16,6.62876049907,2.41372425542,2673,0.948545067424
33,"[300,500)","[4.5,4.75)",10.6,10.7,10.65,16,6.69159235215,2.39106017791,2689,0.954222853087
33,"[300,500)","[4.5,4.75)",10.7,10.8,10.75,14,6.75442420522,2.07271553794,2703,0.959190915543
33,"[300,500)","[4.5,4.75)",10.8,10.9,10.85,21,6.81725605829,3.08041825339,2724,0.966643009226
33,"[300,500)","[4.5,4.75)",10.9,11,10.95,10,6.88008791136,1.45346979993,2734,0.970191625266
33,"[300,500)","[4.5,4.75)",11,11.1,11.05,12,6.94291976443,1.72837947249,2746,0.974449964514
33,"[300,500)","[4.5,4.75)",11.1,11.2,11.15,10,7.00575161751,1.42739859275,2756,0.977998580554
33,"[300,500)","[4.5,4.75)",11.2,11.3,11.25,6,7.06858347058,0.848826363157,2762,0.980127750177
33,"[300,500)","[4.5,4.75)",11.3,11.4,11.35,10,7.13141532365,1.40224619464,2772,0.983676366217
33,"[300,500)","[4.5,4.75)",11.4,11.5,11.45,7,7.19424717672,0.97299965209,2779,0.986160397445
33,"[300,500)","[4.5,4.75)",11.5,11.6,11.55,14,7.25707902979,1.92915082536,2793,0.991128459901
33,"[300,500)","[4.5,4.75)",11.6,11.7,11.65,4,7.31991088286,0.54645474023,2797,0.992547906317
33,"[300,500)","[4.5,4.75)",11.7,11.8,11.75,11,7.38274273594,1.48996116937,2808,0.99645138396
33,"[300,500)","[4.5,4.75)",11.8,11.9,11.85,6,7.44557458901,0.805847813124,2814,0.998580553584
33,"[300,500)","[4.5,4.75)",11.9,12,11.95,4,7.50840644208,0.532736211186,2818,1
34,"[300,500)","[4.75,5.0)",0,0.1,0.05,0,0.0314159265359,0,0,0
34,"[300,500)","[4.75,5.0)",0.1,0.2,0.15,0,0.0942477796077,0,0,0
34,"[300,500)","[4.75,5.0)",0.2,0.3,0.25,1,0.157079632679,6.36619772368,1,0.000973709834469
34,"[300,500)","[4.75,5.0)",0.3,0.4,0.35,3,0.219911485751,13.641852265,4,0.00389483933788
34,"[300,500)","[4.75,5.0)",0.4,0.5,0.45,4,0.282743338823,14.1471060526,8,0.00778967867575
34,"[300,500)","[4.75,5.0)",0.5,0.6,0.55,2,0.345575191895,5.78745247607,10,0.00973709834469
34,"[300,500)","[4.75,5.0)",0.6,0.7,0.65,1,0.408407044967,2.44853758603,11,0.0107108081792
34,"[300,500)","[4.75,5.0)",0.7,0.8,0.75,3,0.471238898038,6.36619772368,14,0.0136319376826
34,"[300,500)","[4.75,5.0)",0.8,0.9,0.85,4,0.53407075111,7.4896443808,18,0.0175267770204
34,"[300,500)","[4.75,5.0)",0.9,1,0.95,5,0.596902604182,8.37657595221,23,0.0223953261928
34,"[300,500)","[4.75,5.0)",1,1.1,1.05,6,0.659734457254,9.09456817668,29,0.0282375851996
34,"[300,500)","[4.75,5.0)",1.1,1.2,1.15,3,0.722566310326,4.15186808066,32,0.031158714703
34,"[300,500)","[4.75,5.0)",1.2,1.3,1.25,6,0.785398163397,7.63943726841,38,0.0370009737098
34,"[300,500)","[4.75,5.0)",1.3,1.4,1.35,6,0.848230016469,7.07355302631,44,0.0428432327167
34,"[300,500)","[4.75,5.0)",1.4,1.5,1.45,1,0.911061869541,1.09762029719,45,0.0438169425511
34,"[300,500)","[4.75,5.0)",1.5,1.6,1.55,4,0.973893722613,4.10722433786,49,0.047711781889
34,"[300,500)","[4.75,5.0)",1.6,1.7,1.65,5,1.03672557568,4.82287706339,54,0.0525803310613
34,"[300,500)","[4.75,5.0)",1.7,1.8,1.75,3,1.09955742876,2.728370453,57,0.0555014605648
34,"[300,500)","[4.75,5.0)",1.8,1.9,1.85,4,1.16238928183,3.44118795874,61,0.0593962999026
34,"[300,500)","[4.75,5.0)",1.9,2,1.95,8,1.2252211349,6.52943356274,69,0.0671859785784
34,"[300,500)","[4.75,5.0)",2,2.1,2.05,12,1.28805298797,9.3163869127,81,0.078870496592
34,"[300,500)","[4.75,5.0)",2.1,2.2,2.15,7,1.35088484104,5.18178884485,88,0.0856864654333
34,"[300,500)","[4.75,5.0)",2.2,2.3,2.25,9,1.41371669412,6.36619772368,97,0.0944498539435
34,"[300,500)","[4.75,5.0)",2.3,2.4,2.35,9,1.47654854719,6.09529569288,106,0.103213242454
34,"[300,500)","[4.75,5.0)",2.4,2.5,2.45,8,1.53938040026,5.19689610096,114,0.11100292113
34,"[300,500)","[4.75,5.0)",2.5,2.6,2.55,7,1.60221225333,4.36895922213,121,0.117818889971
34,"[300,500)","[4.75,5.0)",2.6,2.7,2.65,11,1.6650441064,6.60643160004,132,0.12852969815
34,"[300,500)","[4.75,5.0)",2.7,2.8,2.75,7,1.72787595947,4.05121673325,139,0.135345666991
34,"[300,500)","[4.75,5.0)",2.8,2.9,2.85,13,1.79070781255,7.25969915858,152,0.148003894839
34,"[300,500)","[4.75,5.0)",2.9,3,2.95,11,1.85353966562,5.93459109834,163,0.158714703019
34,"[300,500)","[4.75,5.0)",3,3.1,3.05,6,1.91637151869,3.13091691328,169,0.164556962025
34,"[300,500)","[4.75,5.0)",3.1,3.2,3.15,6,1.97920337176,3.03152272556,175,0.170399221032
34,"[300,500)","[4.75,5.0)",3.2,3.3,3.25,9,2.04203522483,4.40736765485,184,0.179162609542
34,"[300,500)","[4.75,5.0)",3.3,3.4,3.35,9,2.10486707791,4.27580444127,193,0.187925998053
34,"[300,500)","[4.75,5.0)",3.4,3.5,3.45,5,2.16769893098,2.30659337814,198,0.192794547225
34,"[300,500)","[4.75,5.0)",3.5,3.6,3.55,13,2.23053078405,5.82820918365,211,0.205452775073
34,"[300,500)","[4.75,5.0)",3.6,3.7,3.65,10,2.29336263712,4.36040939978,221,0.215189873418
34,"[300,500)","[4.75,5.0)",3.7,3.8,3.75,9,2.35619449019,3.81971863421,230,0.223953261928
34,"[300,500)","[4.75,5.0)",3.8,3.9,3.85,10,2.41902634326,4.13389462576,240,0.233690360273
34,"[300,500)","[4.75,5.0)",3.9,4,3.95,8,2.48185819634,3.22339125249,248,0.241480038948
34,"[300,500)","[4.75,5.0)",4,4.1,4.05,12,2.54469004941,4.71570201754,260,0.253164556962
34,"[300,500)","[4.75,5.0)",4.1,4.2,4.15,20,2.60752190248,7.67011773937,280,0.272638753651
34,"[300,500)","[4.75,5.0)",4.2,4.3,4.25,6,2.67035375555,2.24689331424,286,0.278481012658
34,"[300,500)","[4.75,5.0)",4.3,4.4,4.35,6,2.73318560862,2.19524059437,292,0.284323271665
34,"[300,500)","[4.75,5.0)",4.4,4.5,4.45,15,2.79601746169,5.36477336265,307,0.298928919182
34,"[300,500)","[4.75,5.0)",4.5,4.6,4.55,10,2.85884931477,3.49791083718,317,0.308666017527
34,"[300,500)","[4.75,5.0)",4.6,4.7,4.65,10,2.92168116784,3.42268694821,327,0.318403115871
34,"[300,500)","[4.75,5.0)",4.7,4.8,4.75,9,2.98451302091,3.01556734279,336,0.327166504382
34,"[300,500)","[4.75,5.0)",4.8,4.9,4.85,3,3.04734487398,0.984463565517,339,0.330087633885
34,"[300,500)","[4.75,5.0)",4.9,5,4.95,8,3.11017672705,2.57220110048,347,0.337877312561
34,"[300,500)","[4.75,5.0)",5,5.1,5.05,11,3.17300858013,3.46674133467,358,0.34858812074
34,"[300,500)","[4.75,5.0)",5.1,5.2,5.15,7,3.2358404332,2.16327107115,365,0.355404089581
34,"[300,500)","[4.75,5.0)",5.2,5.3,5.25,9,3.29867228627,2.728370453,374,0.364167478092
34,"[300,500)","[4.75,5.0)",5.3,5.4,5.35,11,3.36150413934,3.27234462432,385,0.374878286271
34,"[300,500)","[4.75,5.0)",5.4,5.5,5.45,12,3.42433599241,3.50432902221,397,0.386562804284
34,"[300,500)","[4.75,5.0)",5.5,5.6,5.55,8,3.48716784548,2.29412530583,405,0.39435248296
34,"[300,500)","[4.75,5.0)",5.6,5.7,5.65,12,3.54999969856,3.38028197717,417,0.406037000974
34,"[300,500)","[4.75,5.0)",5.7,5.8,5.75,15,3.61283155163,4.15186808066,432,0.420642648491
34,"[300,500)","[4.75,5.0)",5.8,5.9,5.85,14,3.6756634047,3.80883624493,446,0.434274586173
34,"[300,500)","[4.75,5.0)",5.9,6,5.95,10,3.73849525777,2.67487299314,456,0.444011684518
34,"[300,500)","[4.75,5.0)",6,6.1,6.05,10,3.80132711084,2.63066021639,466,0.453748782863
34,"[300,500)","[4.75,5.0)",6.1,6.2,6.15,10,3.86415896392,2.58788525353,476,0.463485881207
34,"[300,500)","[4.75,5.0)",6.2,6.3,6.25,9,3.92699081699,2.29183118052,485,0.472249269718
34,"[300,500)","[4.75,5.0)",6.3,6.4,6.35,10,3.98982267006,2.50637705657,495,0.481986368062
34,"[300,500)","[4.75,5.0)",6.4,6.5,6.45,13,4.05265452313,3.20777404681,508,0.49464459591
34,"[300,500)","[4.75,5.0)",6.5,6.6,6.55,9,4.1154863762,2.18686181348,517,0.503407984421
34,"[300,500)","[4.75,5.0)",6.6,6.7,6.65,9,4.17831822927,2.15397667342,526,0.512171372931
34,"[300,500)","[4.75,5.0)",6.7,6.8,6.75,7,4.24115008235,1.65049570614,533,0.518987341772
34,"[300,500)","[4.75,5.0)",6.8,6.9,6.85,13,4.30398193542,3.02045877401,546,0.53164556962
34,"[300,500)","[4.75,5.0)",6.9,7,6.95,11,4.36681378849,2.5189990993,557,0.542356377799
34,"[300,500)","[4.75,5.0)",7,7.1,7.05,13,4.42964564156,2.93477200028,570,0.555014605648
34,"[300,500)","[4.75,5.0)",7.1,7.2,7.15,17,4.49247749463,3.78410354205,587,0.571567672833
34,"[300,500)","[4.75,5.0)",7.2,7.3,7.25,13,4.55530934771,2.85381277268,600,0.584225900682
34,"[300,500)","[4.75,5.0)",7.3,7.4,7.35,15,4.61814120078,3.2480600631,615,0.598831548199
34,"[300,500)","[4.75,5.0)",7.4,7.5,7.45,20,4.68097305385,4.27261592193,635,0.618305744888
34,"[300,500)","[4.75,5.0)",7.5,7.6,7.55,13,4.74380490692,2.74041623867,648,0.630963972736
34,"[300,500)","[4.75,5.0)",7.6,7.7,7.65,13,4.80663675999,2.70459380418,661,0.643622200584
34,"[300,500)","[4.75,5.0)",7.7,7.8,7.75,8,4.86946861306,1.64288973514,669,0.65141187926
34,"[300,500)","[4.75,5.0)",7.8,7.9,7.85,15,4.93230046614,3.04117725653,684,0.666017526777
34,"[300,500)","[4.75,5.0)",7.9,8,7.95,16,4.99513231921,3.20311835154,700,0.681596884129
34,"[300,500)","[4.75,5.0)",8,8.1,8.05,10,5.05796417228,1.97708003841,710,0.691333982473
34,"[300,500)","[4.75,5.0)",8.1,8.2,8.15,14,5.12079602535,2.73394994268,724,0.704965920156
34,"[300,500)","[4.75,5.0)",8.2,8.3,8.25,8,5.18362787842,1.54332066029,732,0.712755598832
34,"[300,500)","[4.75,5.0)",8.3,8.4,8.35,9,5.24645973149,1.71544250039,741,0.721518987342
34,"[300,500)","[4.75,5.0)",8.4,8.5,8.45,11,5.30929158457,2.07183949587,752,0.732229795521
34,"[300,500)","[4.75,5.0)",8.5,8.6,8.55,13,5.37212343764,2.41989971953,765,0.744888023369
34,"[300,500)","[4.75,5.0)",8.6,8.7,8.65,8,5.43495529071,1.47195323091,773,0.752677702045
34,"[300,500)","[4.75,5.0)",8.7,8.8,8.75,6,5.49778714378,1.0913481812,779,0.758519961052
34,"[300,500)","[4.75,5.0)",8.8,8.9,8.85,10,5.56061899685,1.79836093889,789,0.768257059396
34,"[300,500)","[4.75,5.0)",8.9,9,8.95,17,5.62345084993,3.02305478499,806,0.784810126582
34,"[300,500)","[4.75,5.0)",9,9.1,9.05,9,5.686282703,1.58275634014,815,0.793573515093
34,"[300,500)","[4.75,5.0)",9.1,9.2,9.15,19,5.74911455607,3.3048567418,834,0.812074001947
34,"[300,500)","[4.75,5.0)",9.2,9.3,9.25,19,5.81194640914,3.26912856081,853,0.830574488802
34,"[300,500)","[4.75,5.0)",9.3,9.4,9.35,7,5.87477826221,1.19153433331,860,0.837390457644
34,"[300,500)","[4.75,5.0)",9.4,9.5,9.45,10,5.93761011528,1.68417929198,870,0.847127555988
34,"[300,500)","[4.75,5.0)",9.5,9.6,9.55,6,6.00044196836,0.999926344033,876,0.852969814995
34,"[300,500)","[4.75,5.0)",9.6,9.7,9.65,9,6.06327382143,1.48434661951,885,0.861733203505
34,"[300,500)","[4.75,5.0)",9.7,9.8,9.75,6,6.1261056745,0.979415034412,891,0.867575462512
34,"[300,500)","[4.75,5.0)",9.8,9.9,9.85,9,6.18893752757,1.45420760185,900,0.876338851022
34,"[300,500)","[4.75,5.0)",9.9,10,9.95,12,6.25176938064,1.9194566001,912,0.888023369036
34,"[300,500)","[4.75,5.0)",10,10.1,10.05,9,6.31460123372,1.42526814709,921,0.896786757546
34,"[300,500)","[4.75,5.0)",10.1,10.2,10.15,12,6.37743308679,1.88163479518,933,0.90847127556
34,"[300,500)","[4.75,5.0)",10.2,10.3,10.25,6,6.44026493986,0.93163869127,939,0.914313534567
34,"[300,500)","[4.75,5.0)",10.3,10.4,10.35,12,6.50309679293,1.84527470251,951,0.92599805258
34,"[300,500)","[4.75,5.0)",10.4,10.5,10.45,6,6.565928646,0.913808285695,957,0.931840311587
34,"[300,500)","[4.75,5.0)",10.5,10.6,10.55,7,6.62876049907,1.05600436175,964,0.938656280428
34,"[300,500)","[4.75,5.0)",10.6,10.7,10.65,5,6.69159235215,0.747206305596,969,0.943524829601
34,"[300,500)","[4.75,5.0)",10.7,10.8,10.75,6,6.75442420522,0.888306659118,975,0.949367088608
34,"[300,500)","[4.75,5.0)",10.8,10.9,10.85,10,6.81725605829,1.46686583495,985,0.959104186952
34,"[300,500)","[4.75,5.0)",10.9,11,10.95,8,6.88008791136,1.16277583994,993,0.966893865628
34,"[300,500)","[4.75,5.0)",11,11.1,11.05,3,6.94291976443,0.432094868123,996,0.969814995131
34,"[300,500)","[4.75,5.0)",11.1,11.2,11.15,8,7.00575161751,1.1419188742,1004,0.977604673807
34,"[300,500)","[4.75,5.0)",11.2,11.3,11.25,2,7.06858347058,0.282942121052,1006,0.979552093476
34,"[300,500)","[4.75,5.0)",11.3,11.4,11.35,4,7.13141532365,0.560898477857,1010,0.983446932814
34,"[300,500)","[4.75,5.0)",11.4,11.5,11.45,3,7.19424717672,0.416999850896,1013,0.986368062317
34,"[300,500)","[4.75,5.0)",11.5,11.6,11.55,3,7.25707902979,0.413389462576,1016,0.989289191821
34,"[300,500)","[4.75,5.0)",11.6,11.7,11.65,3,7.31991088286,0.409841055172,1019,0.992210321324
34,"[300,500)","[4.75,5.0)",11.7,11.8,11.75,2,7.38274273594,0.270902030795,1021,0.994157740993
34,"[300,500)","[4.75,5.0)",11.8,11.9,11.85,3,7.44557458901,0.402923906562,1024,0.997078870497
34,"[300,500)","[4.75,5.0)",11.9,12,11.95,3,7.50840644208,0.39955215839,1027,1
35,"[300,500)","[5,6)",0,0.1,0.05,0,0.0314159265359,0,0,0
35,"[300,500)","[5,6)",0.1,0.2,0.15,1,0.0942477796077,10.6103295395,1,0.00201207243461
35,"[300,500)","[5,6)",0.2,0.3,0.25,1,0.157079632679,6.36619772368,2,0.00402414486922
35,"[300,500)","[5,6)",0.3,0.4,0.35,0,0.219911485751,0,2,0.00402414486922
35,"[300,500)","[5,6)",0.4,0.5,0.45,0,0.282743338823,0,2,0.00402414486922
35,"[300,500)","[5,6)",0.5,0.6,0.55,0,0.345575191895,0,2,0.00402414486922
35,"[300,500)","[5,6)",0.6,0.7,0.65,0,0.408407044967,0,2,0.00402414486922
35,"[300,500)","[5,6)",0.7,0.8,0.75,1,0.471238898038,2.12206590789,3,0.00603621730382
35,"[300,500)","[5,6)",0.8,0.9,0.85,1,0.53407075111,1.8724110952,4,0.00804828973843
35,"[300,500)","[5,6)",0.9,1,0.95,1,0.596902604182,1.67531519044,5,0.010060362173
35,"[300,500)","[5,6)",1,1.1,1.05,0,0.659734457254,0,5,0.010060362173
35,"[300,500)","[5,6)",1.1,1.2,1.15,0,0.722566310326,0,5,0.010060362173
35,"[300,500)","[5,6)",1.2,1.3,1.25,0,0.785398163397,0,5,0.010060362173
35,"[300,500)","[5,6)",1.3,1.4,1.35,0,0.848230016469,0,5,0.010060362173
35,"[300,500)","[5,6)",1.4,1.5,1.45,1,0.911061869541,1.09762029719,6,0.0120724346076
35,"[300,500)","[5,6)",1.5,1.6,1.55,2,0.973893722613,2.05361216893,8,0.0160965794769
35,"[300,500)","[5,6)",1.6,1.7,1.65,4,1.03672557568,3.85830165071,12,0.0241448692153
35,"[300,500)","[5,6)",1.7,1.8,1.75,4,1.09955742876,3.63782727067,16,0.0321931589537
35,"[300,500)","[5,6)",1.8,1.9,1.85,6,1.16238928183,5.16178193812,22,0.0442655935614
35,"[300,500)","[5,6)",1.9,2,1.95,1,1.2252211349,0.816179195343,23,0.046277665996
35,"[300,500)","[5,6)",2,2.1,2.05,2,1.28805298797,1.55273115212,25,0.0503018108652
35,"[300,500)","[5,6)",2.1,2.2,2.15,3,1.35088484104,2.22076664779,28,0.056338028169
35,"[300,500)","[5,6)",2.2,2.3,2.25,4,1.41371669412,2.82942121052,32,0.0643863179074
35,"[300,500)","[5,6)",2.3,2.4,2.35,4,1.47654854719,2.70902030795,36,0.0724346076459
35,"[300,500)","[5,6)",2.4,2.5,2.45,4,1.53938040026,2.59844805048,40,0.0804828973843
35,"[300,500)","[5,6)",2.5,2.6,2.55,3,1.60221225333,1.8724110952,43,0.0865191146881
35,"[300,500)","[5,6)",2.6,2.7,2.65,1,1.6650441064,0.600584690913,44,0.0885311871227
35,"[300,500)","[5,6)",2.7,2.8,2.75,6,1.72787595947,3.47247148564,50,0.10060362173
35,"[300,500)","[5,6)",2.8,2.9,2.85,5,1.79070781255,2.79219198407,55,0.110663983903
35,"[300,500)","[5,6)",2.9,3,2.95,6,1.85353966562,3.23704969,61,0.122736418511
35,"[300,500)","[5,6)",3,3.1,3.05,3,1.91637151869,1.56545845664,64,0.128772635815
35,"[300,500)","[5,6)",3.1,3.2,3.15,7,1.97920337176,3.53677651315,71,0.142857142857
35,"[300,500)","[5,6)",3.2,3.3,3.25,1,2.04203522483,0.489707517206,72,0.144869215292
35,"[300,500)","[5,6)",3.3,3.4,3.35,6,2.10486707791,2.85053629418,78,0.156941649899
35,"[300,500)","[5,6)",3.4,3.5,3.45,2,2.16769893098,0.922637351257,80,0.160965794769
35,"[300,500)","[5,6)",3.5,3.6,3.55,3,2.23053078405,1.34497135007,83,0.167002012072
35,"[300,500)","[5,6)",3.6,3.7,3.65,2,2.29336263712,0.872081879956,85,0.171026156942
35,"[300,500)","[5,6)",3.7,3.8,3.75,5,2.35619449019,2.12206590789,90,0.181086519115
35,"[300,500)","[5,6)",3.8,3.9,3.85,5,2.41902634326,2.06694731288,95,0.191146881288
35,"[300,500)","[5,6)",3.9,4,3.95,4,2.48185819634,1.61169562625,99,0.199195171026
35,"[300,500)","[5,6)",4,4.1,4.05,4,2.54469004941,1.57190067251,103,0.207243460765
35,"[300,500)","[5,6)",4.1,4.2,4.15,6,2.60752190248,2.30103532181,109,0.219315895372
35,"[300,500)","[5,6)",4.2,4.3,4.25,5,2.67035375555,1.8724110952,114,0.229376257545
35,"[300,500)","[5,6)",4.3,4.4,4.35,4,2.73318560862,1.46349372958,118,0.237424547284
35,"[300,500)","[5,6)",4.4,4.5,4.45,7,2.79601746169,2.50356090257,125,0.251509054326
35,"[300,500)","[5,6)",4.5,4.6,4.55,12,2.85884931477,4.19749300462,137,0.275653923541
35,"[300,500)","[5,6)",4.6,4.7,4.65,7,2.92168116784,2.39588086375,144,0.289738430584
35,"[300,500)","[5,6)",4.7,4.8,4.75,6,2.98451302091,2.01037822853,150,0.301810865191
35,"[300,500)","[5,6)",4.8,4.9,4.85,3,3.04734487398,0.984463565517,153,0.307847082495
35,"[300,500)","[5,6)",4.9,5,4.95,9,3.11017672705,2.89372623803,162,0.325955734406
35,"[300,500)","[5,6)",5,5.1,5.05,3,3.17300858013,0.945474909457,165,0.33199195171
35,"[300,500)","[5,6)",5.1,5.2,5.15,4,3.2358404332,1.2361548978,169,0.340040241449
35,"[300,500)","[5,6)",5.2,5.3,5.25,6,3.29867228627,1.81891363534,175,0.352112676056
35,"[300,500)","[5,6)",5.3,5.4,5.35,2,3.36150413934,0.594971749876,177,0.356136820926
35,"[300,500)","[5,6)",5.4,5.5,5.45,4,3.42433599241,1.16810967407,181,0.364185110664
35,"[300,500)","[5,6)",5.5,5.6,5.55,4,3.48716784548,1.14706265291,185,0.372233400402
35,"[300,500)","[5,6)",5.6,5.7,5.65,1,3.54999969856,0.281690164764,186,0.374245472837
35,"[300,500)","[5,6)",5.7,5.8,5.75,4,3.61283155163,1.10716482151,190,0.382293762575
35,"[300,500)","[5,6)",5.8,5.9,5.85,5,3.6756634047,1.36029865891,195,0.392354124748
35,"[300,500)","[5,6)",5.9,6,5.95,8,3.73849525777,2.13989839451,203,0.408450704225
35,"[300,500)","[5,6)",6,6.1,6.05,5,3.80132711084,1.3153301082,208,0.418511066398
35,"[300,500)","[5,6)",6.1,6.2,6.15,6,3.86415896392,1.55273115212,214,0.430583501006
35,"[300,500)","[5,6)",6.2,6.3,6.25,5,3.92699081699,1.27323954474,219,0.440643863179
35,"[300,500)","[5,6)",6.3,6.4,6.35,10,3.98982267006,2.50637705657,229,0.460764587525
35,"[300,500)","[5,6)",6.4,6.5,6.45,1,4.05265452313,0.246751849755,230,0.46277665996
35,"[300,500)","[5,6)",6.5,6.6,6.55,8,4.1154863762,1.94387716753,238,0.478873239437
35,"[300,500)","[5,6)",6.6,6.7,6.65,6,4.17831822927,1.43598444895,244,0.490945674044
35,"[300,500)","[5,6)",6.7,6.8,6.75,5,4.24115008235,1.17892550438,249,0.501006036217
35,"[300,500)","[5,6)",6.8,6.9,6.85,9,4.30398193542,2.09108684354,258,0.519114688129
35,"[300,500)","[5,6)",6.9,7,6.95,6,4.36681378849,1.37399950871,264,0.531187122736
35,"[300,500)","[5,6)",7,7.1,7.05,9,4.42964564156,2.03176523096,273,0.549295774648
35,"[300,500)","[5,6)",7.1,7.2,7.15,6,4.49247749463,1.33556595602,279,0.561368209256
35,"[300,500)","[5,6)",7.2,7.3,7.25,10,4.55530934771,2.19524059437,289,0.581488933602
35,"[300,500)","[5,6)",7.3,7.4,7.35,6,4.61814120078,1.29922402524,295,0.593561368209
35,"[300,500)","[5,6)",7.4,7.5,7.45,8,4.68097305385,1.70904636877,303,0.609657947686
35,"[300,500)","[5,6)",7.5,7.6,7.55,6,4.74380490692,1.26480749477,309,0.621730382294
35,"[300,500)","[5,6)",7.6,7.7,7.65,8,4.80663675999,1.66436541795,317,0.637826961771
35,"[300,500)","[5,6)",7.7,7.8,7.75,6,4.86946861306,1.23216730136,323,0.649899396378
35,"[300,500)","[5,6)",7.8,7.9,7.85,5,4.93230046614,1.01372575218,328,0.659959758551
35,"[300,500)","[5,6)",7.9,8,7.95,4,4.99513231921,0.800779587884,332,0.66800804829
35,"[300,500)","[5,6)",8,8.1,8.05,3,5.05796417228,0.593124011523,335,0.674044265594
35,"[300,500)","[5,6)",8.1,8.2,8.15,4,5.12079602535,0.781128555052,339,0.682092555332
35,"[300,500)","[5,6)",8.2,8.3,8.25,7,5.18362787842,1.35040557775,346,0.696177062374
35,"[300,500)","[5,6)",8.3,8.4,8.35,6,5.24645973149,1.14362833359,352,0.708249496982
35,"[300,500)","[5,6)",8.4,8.5,8.45,7,5.30929158457,1.31844331555,359,0.722334004024
35,"[300,500)","[5,6)",8.5,8.6,8.55,4,5.37212343764,0.744584529085,363,0.730382293763
35,"[300,500)","[5,6)",8.6,8.7,8.65,6,5.43495529071,1.10396492318,369,0.74245472837
35,"[300,500)","[5,6)",8.7,8.8,8.75,6,5.49778714378,1.0913481812,375,0.754527162978
35,"[300,500)","[5,6)",8.8,8.9,8.85,4,5.56061899685,0.719344375557,379,0.762575452716
35,"[300,500)","[5,6)",8.9,9,8.95,7,5.62345084993,1.24478726441,386,0.776659959759
35,"[300,500)","[5,6)",9,9.1,9.05,5,5.686282703,0.879309077856,391,0.786720321932
35,"[300,500)","[5,6)",9.1,9.2,9.15,4,5.74911455607,0.695759314063,395,0.79476861167
35,"[300,500)","[5,6)",9.2,9.3,9.25,2,5.81194640914,0.344118795874,397,0.798792756539
35,"[300,500)","[5,6)",9.3,9.4,9.35,4,5.87477826221,0.68087676189,401,0.806841046278
35,"[300,500)","[5,6)",9.4,9.5,9.45,4,5.93761011528,0.673671716791,405,0.814889336016
35,"[300,500)","[5,6)",9.5,9.6,9.55,8,6.00044196836,1.33323512538,413,0.830985915493
35,"[300,500)","[5,6)",9.6,9.7,9.65,3,6.06327382143,0.494782206503,416,0.837022132797
35,"[300,500)","[5,6)",9.7,9.8,9.75,2,6.1261056745,0.326471678137,418,0.841046277666
35,"[300,500)","[5,6)",9.8,9.9,9.85,5,6.18893752757,0.807893112142,423,0.851106639839
35,"[300,500)","[5,6)",9.9,10,9.95,3,6.25176938064,0.479864150026,426,0.857142857143
35,"[300,500)","[5,6)",10,10.1,10.05,4,6.31460123372,0.633452509818,430,0.865191146881
35,"[300,500)","[5,6)",10.1,10.2,10.15,3,6.37743308679,0.470408698794,433,0.871227364185
35,"[300,500)","[5,6)",10.2,10.3,10.25,4,6.44026493986,0.621092460846,437,0.879275653924
35,"[300,500)","[5,6)",10.3,10.4,10.35,3,6.50309679293,0.461318675629,440,0.885311871227
35,"[300,500)","[5,6)",10.4,10.5,10.45,2,6.565928646,0.304602761898,442,0.889336016097
35,"[300,500)","[5,6)",10.5,10.6,10.55,4,6.62876049907,0.603431063856,446,0.897384305835
35,"[300,500)","[5,6)",10.6,10.7,10.65,3,6.69159235215,0.448323783357,449,0.903420523139
35,"[300,500)","[5,6)",10.7,10.8,10.75,5,6.75442420522,0.740255549265,454,0.913480885312
35,"[300,500)","[5,6)",10.8,10.9,10.85,4,6.81725605829,0.586746333979,458,0.92152917505
35,"[300,500)","[5,6)",10.9,11,10.95,5,6.88008791136,0.726734899963,463,0.931589537223
35,"[300,500)","[5,6)",11,11.1,11.05,1,6.94291976443,0.144031622708,464,0.933601609658
35,"[300,500)","[5,6)",11.1,11.2,11.15,3,7.00575161751,0.428219577826,467,0.939637826962
35,"[300,500)","[5,6)",11.2,11.3,11.25,9,7.06858347058,1.27323954474,476,0.957746478873
35,"[300,500)","[5,6)",11.3,11.4,11.35,2,7.13141532365,0.280449238928,478,0.961770623742
35,"[300,500)","[5,6)",11.4,11.5,11.45,5,7.19424717672,0.694999751493,483,0.971830985915
35,"[300,500)","[5,6)",11.5,11.6,11.55,1,7.25707902979,0.137796487525,484,0.97384305835
35,"[300,500)","[5,6)",11.6,11.7,11.65,6,7.31991088286,0.819682110345,490,0.985915492958
35,"[300,500)","[5,6)",11.7,11.8,11.75,2,7.38274273594,0.270902030795,492,0.989939637827
35,"[300,500)","[5,6)",11.8,11.9,11.85,0,7.44557458901,0,492,0.989939637827
35,"[300,500)","[5,6)",11.9,12,11.95,5,7.50840644208,0.665920263983,497,1
36,"[300,500)",>=6,0,0.1,0.05,0,0.0314159265359,0,0,0
36,"[300,500)",>=6,0.1,0.2,0.15,0,0.0942477796077,0,0,0
36,"[300,500)",>=6,0.2,0.3,0.25,0,0.157079632679,0,0,0
36,"[300,500)",>=6,0.3,0.4,0.35,0,0.219911485751,0,0,0
36,"[300,500)",>=6,0.4,0.5,0.45,0,0.282743338823,0,0,0
36,"[300,500)",>=6,0.5,0.6,0.55,0,0.345575191895,0,0,0
36,"[300,500)",>=6,0.6,0.7,0.65,0,0.408407044967,0,0,0
36,"[300,500)",>=6,0.7,0.8,0.75,0,0.471238898038,0,0,0
36,"[300,500)",>=6,0.8,0.9,0.85,0,0.53407075111,0,0,0
36,"[300,500)",>=6,0.9,1,0.95,0,0.596902604182,0,0,0
36,"[300,500)",>=6,1,1.1,1.05,0,0.659734457254,0,0,0
36,"[300,500)",>=6,1.1,1.2,1.15,0,0.722566310326,0,0,0
36,"[300,500)",>=6,1.2,1.3,1.25,0,0.785398163397,0,0,0
36,"[300,500)",>=6,1.3,1.4,1.35,0,0.848230016469,0,0,0
36,"[300,500)",>=6,1.4,1.5,1.45,0,0.911061869541,0,0,0
36,"[300,500)",>=6,1.5,1.6,1.55,0,0.973893722613,0,0,0
36,"[300,500)",>=6,1.6,1.7,1.65,0,1.03672557568,0,0,0
36,"[300,500)",>=6,1.7,1.8,1.75,0,1.09955742876,0,0,0
36,"[300,500)",>=6,1.8,1.9,1.85,0,1.16238928183,0,0,0
36,"[300,500)",>=6,1.9,2,1.95,0,1.2252211349,0,0,0
36,"[300,500)",>=6,2,2.1,2.05,0,1.28805298797,0,0,0
36,"[300,500)",>=6,2.1,2.2,2.15,0,1.35088484104,0,0,0
36,"[300,500)",>=6,2.2,2.3,2.25,0,1.41371669412,0,0,0
36,"[300,500)",>=6,2.3,2.4,2.35,0,1.47654854719,0,0,0
36,"[300,500)",>=6,2.4,2.5,2.45,0,1.53938040026,0,0,0
36,"[300,500)",>=6,2.5,2.6,2.55,0,1.60221225333,0,0,0
36,"[300,500)",>=6,2.6,2.7,2.65,0,1.6650441064,0,0,0
36,"[300,500)",>=6,2.7,2.8,2.75,0,1.72787595947,0,0,0
36,"[300,500)",>=6,2.8,2.9,2.85,0,1.79070781255,0,0,0
36,"[300,500)",>=6,2.9,3,2.95,0,1.85353966562,0,0,0
36,"[300,500)",>=6,3,3.1,3.05,0,1.91637151869,0,0,0
36,"[300,500)",>=6,3.1,3.2,3.15,0,1.97920337176,0,0,0
36,"[300,500)",>=6,3.2,3.3,3.25,0,2.04203522483,0,0,0
36,"[300,500)",>=6,3.3,3.4,3.35,0,2.10486707791,0,0,0
36,"[300,500)",>=6,3.4,3.5,3.45,0,2.16769893098,0,0,0
36,"[300,500)",>=6,3.5,3.6,3.55,0,2.23053078405,0,0,0
36,"[300,500)",>=6,3.6,3.7,3.65,0,2.29336263712,0,0,0
36,"[300,500)",>=6,3.7,3.8,3.75,0,2.35619449019,0,0,0
36,"[300,500)",>=6,3.8,3.9,3.85,0,2.41902634326,0,0,0
36,"[300,500)",>=6,3.9,4,3.95,0,2.48185819634,0,0,0
36,"[300,500)",>=6,4,4.1,4.05,0,2.54469004941,0,0,0
36,"[300,500)",>=6,4.1,4.2,4.15,0,2.60752190248,0,0,0
36,"[300,500)",>=6,4.2,4.3,4.25,0,2.67035375555,0,0,0
36,"[300,500)",>=6,4.3,4.4,4.35,0,2.73318560862,0,0,0
36,"[300,500)",>=6,4.4,4.5,4.45,0,2.79601746169,0,0,0
36,"[300,500)",>=6,4.5,4.6,4.55,0,2.85884931477,0,0,0
36,"[300,500)",>=6,4.6,4.7,4.65,0,2.92168116784,0,0,0
36,"[300,500)",>=6,4.7,4.8,4.75,0,2.98451302091,0,0,0
36,"[300,500)",>=6,4.8,4.9,4.85,0,3.04734487398,0,0,0
36,"[300,500)",>=6,4.9,5,4.95,0,3.11017672705,0,0,0
36,"[300,500)",>=6,5,5.1,5.05,0,3.17300858013,0,0,0
36,"[300,500)",>=6,5.1,5.2,5.15,0,3.2358404332,0,0,0
36,"[300,500)",>=6,5.2,5.3,5.25,0,3.29867228627,0,0,0
36,"[300,500)",>=6,5.3,5.4,5.35,0,3.36150413934,0,0,0
36,"[300,500)",>=6,5.4,5.5,5.45,0,3.42433599241,0,0,0
36,"[300,500)",>=6,5.5,5.6,5.55,0,3.48716784548,0,0,0
36,"[300,500)",>=6,5.6,5.7,5.65,0,3.54999969856,0,0,0
36,"[300,500)",>=6,5.7,5.8,5.75,0,3.61283155163,0,0,0
36,"[300,500)",>=6,5.8,5.9,5.85,0,3.6756634047,0,0,0
36,"[300,500)",>=6,5.9,6,5.95,0,3.73849525777,0,0,0
36,"[300,500)",>=6,6,6.1,6.05,0,3.80132711084,0,0,0
36,"[300,500)",>=6,6.1,6.2,6.15,0,3.86415896392,0,0,0
36,"[300,500)",>=6,6.2,6.3,6.25,0,3.92699081699,0,0,0
36,"[300,500)",>=6,6.3,6.4,6.35,0,3.98982267006,0,0,0
36,"[300,500)",>=6,6.4,6.5,6.45,0,4.05265452313,0,0,0
36,"[300,500)",>=6,6.5,6.6,6.55,0,4.1154863762,0,0,0
36,"[300,500)",>=6,6.6,6.7,6.65,0,4.17831822927,0,0,0
36,"[300,500)",>=6,6.7,6.8,6.75,0,4.24115008235,0,0,0
36,"[300,500)",>=6,6.8,6.9,6.85,0,4.30398193542,0,0,0
36,"[300,500)",>=6,6.9,7,6.95,0,4.36681378849,0,0,0
36,"[300,500)",>=6,7,7.1,7.05,0,4.42964564156,0,0,0
36,"[300,500)",>=6,7.1,7.2,7.15,0,4.49247749463,0,0,0
36,"[300,500)",>=6,7.2,7.3,7.25,0,4.55530934771,0,0,0
36,"[300,500)",>=6,7.3,7.4,7.35,0,4.61814120078,0,0,0
36,"[300,500)",>=6,7.4,7.5,7.45,0,4.68097305385,0,0,0
36,"[300,500)",>=6,7.5,7.6,7.55,0,4.74380490692,0,0,0
36,"[300,500)",>=6,7.6,7.7,7.65,0,4.80663675999,0,0,0
36,"[300,500)",>=6,7.7,7.8,7.75,0,4.86946861306,0,0,0
36,"[300,500)",>=6,7.8,7.9,7.85,0,4.93230046614,0,0,0
36,"[300,500)",>=6,7.9,8,7.95,0,4.99513231921,0,0,0
36,"[300,500)",>=6,8,8.1,8.05,0,5.05796417228,0,0,0
36,"[300,500)",>=6,8.1,8.2,8.15,0,5.12079602535,0,0,0
36,"[300,500)",>=6,8.2,8.3,8.25,0,5.18362787842,0,0,0
36,"[300,500)",>=6,8.3,8.4,8.35,0,5.24645973149,0,0,0
36,"[300,500)",>=6,8.4,8.5,8.45,0,5.30929158457,0,0,0
36,"[300,500)",>=6,8.5,8.6,8.55,0,5.37212343764,0,0,0
36,"[300,500)",>=6,8.6,8.7,8.65,0,5.43495529071,0,0,0
36,"[300,500)",>=6,8.7,8.8,8.75,0,5.49778714378,0,0,0
36,"[300,500)",>=6,8.8,8.9,8.85,0,5.56061899685,0,0,0
36,"[300,500)",>=6,8.9,9,8.95,0,5.62345084993,0,0,0
36,"[300,500)",>=6,9,9.1,9.05,0,5.686282703,0,0,0
36,"[300,500)",>=6,9.1,9.2,9.15,0,5.74911455607,0,0,0
36,"[300,500)",>=6,9.2,9.3,9.25,0,5.81194640914,0,0,0
36,"[300,500)",>=6,9.3,9.4,9.35,0,5.87477826221,0,0,0
36,"[300,500)",>=6,9.4,9.5,9.45,0,5.93761011528,0,0,0
36,"[300,500)",>=6,9.5,9.6,9.55,0,6.00044196836,0,0,0
36,"[300,500)",>=6,9.6,9.7,9.65,0,6.06327382143,0,0,0
36,"[300,500)",>=6,9.7,9.8,9.75,0,6.1261056745,0,0,0
36,"[300,500)",>=6,9.8,9.9,9.85,0,6.18893752757,0,0,0
36,"[300,500)",>=6,9.9,10,9.95,0,6.25176938064,0,0,0
36,"[300,500)",>=6,10,10.1,10.05,0,6.31460123372,0,0,0
36,"[300,500)",>=6,10.1,10.2,10.15,0,6.37743308679,0,0,0
36,"[300,500)",>=6,10.2,10.3,10.25,0,6.44026493986,0,0,0
36,"[300,500)",>=6,10.3,10.4,10.35,0,6.50309679293,0,0,0
36,"[300,500)",>=6,10.4,10.5,10.45,0,6.565928646,0,0,0
36,"[300,500)",>=6,10.5,10.6,10.55,0,6.62876049907,0,0,0
36,"[300,500)",>=6,10.6,10.7,10.65,0,6.69159235215,0,0,0
36,"[300,500)",>=6,10.7,10.8,10.75,0,6.75442420522,0,0,0
36,"[300,500)",>=6,10.8,10.9,10.85,0,6.81725605829,0,0,0
36,"[300,500)",>=6,10.9,11,10.95,0,6.88008791136,0,0,0
36,"[300,500)",>=6,11,11.1,11.05,0,6.94291976443,0,0,0
36,"[300,500)",>=6,11.1,11.2,11.15,0,7.00575161751,0,0,0
36,"[300,500)",>=6,11.2,11.3,11.25,0,7.06858347058,0,0,0
36,"[300,500)",>=6,11.3,11.4,11.35,0,7.13141532365,0,0,0
36,"[300,500)",>=6,11.4,11.5,11.45,0,7.19424717672,0,0,0
36,"[300,500)",>=6,11.5,11.6,11.55,0,7.25707902979,0,0,0
36,"[300,500)",>=6,11.6,11.7,11.65,0,7.31991088286,0,0,0
36,"[300,500)",>=6,11.7,11.8,11.75,0,7.38274273594,0,0,0
36,"[300,500)",>=6,11.8,11.9,11.85,0,7.44557458901,0,0,0
36,"[300,500)",>=6,11.9,12,11.95,0,7.50840644208,0,0,0
37,"[500,800)","[2,2.5)",0,0.1,0.05,0,0.0314159265359,0,0,0
37,"[500,800)","[2,2.5)",0.1,0.2,0.15,0,0.0942477796077,0,0,0
37,"[500,800)","[2,2.5)",0.2,0.3,0.25,0,0.157079632679,0,0,0
37,"[500,800)","[2,2.5)",0.3,0.4,0.35,0,0.219911485751,0,0,0
37,"[500,800)","[2,2.5)",0.4,0.5,0.45,0,0.282743338823,0,0,0
37,"[500,800)","[2,2.5)",0.5,0.6,0.55,0,0.345575191895,0,0,0
37,"[500,800)","[2,2.5)",0.6,0.7,0.65,0,0.408407044967,0,0,0
37,"[500,800)","[2,2.5)",0.7,0.8,0.75,0,0.471238898038,0,0,0
37,"[500,800)","[2,2.5)",0.8,0.9,0.85,0,0.53407075111,0,0,0
37,"[500,800)","[2,2.5)",0.9,1,0.95,0,0.596902604182,0,0,0
37,"[500,800)","[2,2.5)",1,1.1,1.05,0,0.659734457254,0,0,0
37,"[500,800)","[2,2.5)",1.1,1.2,1.15,0,0.722566310326,0,0,0
37,"[500,800)","[2,2.5)",1.2,1.3,1.25,0,0.785398163397,0,0,0
37,"[500,800)","[2,2.5)",1.3,1.4,1.35,0,0.848230016469,0,0,0
37,"[500,800)","[2,2.5)",1.4,1.5,1.45,0,0.911061869541,0,0,0
37,"[500,800)","[2,2.5)",1.5,1.6,1.55,0,0.973893722613,0,0,0
37,"[500,800)","[2,2.5)",1.6,1.7,1.65,0,1.03672557568,0,0,0
37,"[500,800)","[2,2.5)",1.7,1.8,1.75,0,1.09955742876,0,0,0
37,"[500,800)","[2,2.5)",1.8,1.9,1.85,0,1.16238928183,0,0,0
37,"[500,800)","[2,2.5)",1.9,2,1.95,0,1.2252211349,0,0,0
37,"[500,800)","[2,2.5)",2,2.1,2.05,0,1.28805298797,0,0,0
37,"[500,800)","[2,2.5)",2.1,2.2,2.15,0,1.35088484104,0,0,0
37,"[500,800)","[2,2.5)",2.2,2.3,2.25,0,1.41371669412,0,0,0
37,"[500,800)","[2,2.5)",2.3,2.4,2.35,0,1.47654854719,0,0,0
37,"[500,800)","[2,2.5)",2.4,2.5,2.45,0,1.53938040026,0,0,0
37,"[500,800)","[2,2.5)",2.5,2.6,2.55,0,1.60221225333,0,0,0
37,"[500,800)","[2,2.5)",2.6,2.7,2.65,0,1.6650441064,0,0,0
37,"[500,800)","[2,2.5)",2.7,2.8,2.75,0,1.72787595947,0,0,0
37,"[500,800)","[2,2.5)",2.8,2.9,2.85,0,1.79070781255,0,0,0
37,"[500,800)","[2,2.5)",2.9,3,2.95,0,1.85353966562,0,0,0
37,"[500,800)","[2,2.5)",3,3.1,3.05,0,1.91637151869,0,0,0
37,"[500,800)","[2,2.5)",3.1,3.2,3.15,0,1.97920337176,0,0,0
37,"[500,800)","[2,2.5)",3.2,3.3,3.25,0,2.04203522483,0,0,0
37,"[500,800)","[2,2.5)",3.3,3.4,3.35,0,2.10486707791,0,0,0
37,"[500,800)","[2,2.5)",3.4,3.5,3.45,0,2.16769893098,0,0,0
37,"[500,800)","[2,2.5)",3.5,3.6,3.55,0,2.23053078405,0,0,0
37,"[500,800)","[2,2.5)",3.6,3.7,3.65,0,2.29336263712,0,0,0
37,"[500,800)","[2,2.5)",3.7,3.8,3.75,0,2.35619449019,0,0,0
37,"[500,800)","[2,2.5)",3.8,3.9,3.85,0,2.41902634326,0,0,0
37,"[500,800)","[2,2.5)",3.9,4,3.95,0,2.48185819634,0,0,0
37,"[500,800)","[2,2.5)",4,4.1,4.05,0,2.54469004941,0,0,0
37,"[500,800)","[2,2.5)",4.1,4.2,4.15,0,2.60752190248,0,0,0
37,"[500,800)","[2,2.5)",4.2,4.3,4.25,0,2.67035375555,0,0,0
37,"[500,800)","[2,2.5)",4.3,4.4,4.35,0,2.73318560862,0,0,0
37,"[500,800)","[2,2.5)",4.4,4.5,4.45,0,2.79601746169,0,0,0
37,"[500,800)","[2,2.5)",4.5,4.6,4.55,0,2.85884931477,0,0,0
37,"[500,800)","[2,2.5)",4.6,4.7,4.65,0,2.92168116784,0,0,0
37,"[500,800)","[2,2.5)",4.7,4.8,4.75,0,2.98451302091,0,0,0
37,"[500,800)","[2,2.5)",4.8,4.9,4.85,0,3.04734487398,0,0,0
37,"[500,800)","[2,2.5)",4.9,5,4.95,0,3.11017672705,0,0,0
37,"[500,800)","[2,2.5)",5,5.1,5.05,0,3.17300858013,0,0,0
37,"[500,800)","[2,2.5)",5.1,5.2,5.15,0,3.2358404332,0,0,0
37,"[500,800)","[2,2.5)",5.2,5.3,5.25,0,3.29867228627,0,0,0
37,"[500,800)","[2,2.5)",5.3,5.4,5.35,0,3.36150413934,0,0,0
37,"[500,800)","[2,2.5)",5.4,5.5,5.45,0,3.42433599241,0,0,0
37,"[500,800)","[2,2.5)",5.5,5.6,5.55,0,3.48716784548,0,0,0
37,"[500,800)","[2,2.5)",5.6,5.7,5.65,0,3.54999969856,0,0,0
37,"[500,800)","[2,2.5)",5.7,5.8,5.75,0,3.61283155163,0,0,0
37,"[500,800)","[2,2.5)",5.8,5.9,5.85,0,3.6756634047,0,0,0
37,"[500,800)","[2,2.5)",5.9,6,5.95,0,3.73849525777,0,0,0
37,"[500,800)","[2,2.5)",6,6.1,6.05,0,3.80132711084,0,0,0
37,"[500,800)","[2,2.5)",6.1,6.2,6.15,0,3.86415896392,0,0,0
37,"[500,800)","[2,2.5)",6.2,6.3,6.25,0,3.92699081699,0,0,0
37,"[500,800)","[2,2.5)",6.3,6.4,6.35,0,3.98982267006,0,0,0
37,"[500,800)","[2,2.5)",6.4,6.5,6.45,0,4.05265452313,0,0,0
37,"[500,800)","[2,2.5)",6.5,6.6,6.55,0,4.1154863762,0,0,0
37,"[500,800)","[2,2.5)",6.6,6.7,6.65,0,4.17831822927,0,0,0
37,"[500,800)","[2,2.5)",6.7,6.8,6.75,0,4.24115008235,0,0,0
37,"[500,800)","[2,2.5)",6.8,6.9,6.85,0,4.30398193542,0,0,0
37,"[500,800)","[2,2.5)",6.9,7,6.95,0,4.36681378849,0,0,0
37,"[500,800)","[2,2.5)",7,7.1,7.05,0,4.42964564156,0,0,0
37,"[500,800)","[2,2.5)",7.1,7.2,7.15,0,4.49247749463,0,0,0
37,"[500,800)","[2,2.5)",7.2,7.3,7.25,0,4.55530934771,0,0,0
37,"[500,800)","[2,2.5)",7.3,7.4,7.35,0,4.61814120078,0,0,0
37,"[500,800)","[2,2.5)",7.4,7.5,7.45,0,4.68097305385,0,0,0
37,"[500,800)","[2,2.5)",7.5,7.6,7.55,0,4.74380490692,0,0,0
37,"[500,800)","[2,2.5)",7.6,7.7,7.65,0,4.80663675999,0,0,0
37,"[500,800)","[2,2.5)",7.7,7.8,7.75,0,4.86946861306,0,0,0
37,"[500,800)","[2,2.5)",7.8,7.9,7.85,0,4.93230046614,0,0,0
37,"[500,800)","[2,2.5)",7.9,8,7.95,0,4.99513231921,0,0,0
37,"[500,800)","[2,2.5)",8,8.1,8.05,0,5.05796417228,0,0,0
37,"[500,800)","[2,2.5)",8.1,8.2,8.15,0,5.12079602535,0,0,0
37,"[500,800)","[2,2.5)",8.2,8.3,8.25,0,5.18362787842,0,0,0
37,"[500,800)","[2,2.5)",8.3,8.4,8.35,0,5.24645973149,0,0,0
37,"[500,800)","[2,2.5)",8.4,8.5,8.45,0,5.30929158457,0,0,0
37,"[500,800)","[2,2.5)",8.5,8.6,8.55,0,5.37212343764,0,0,0
37,"[500,800)","[2,2.5)",8.6,8.7,8.65,0,5.43495529071,0,0,0
37,"[500,800)","[2,2.5)",8.7,8.8,8.75,0,5.49778714378,0,0,0
37,"[500,800)","[2,2.5)",8.8,8.9,8.85,0,5.56061899685,0,0,0
37,"[500,800)","[2,2.5)",8.9,9,8.95,0,5.62345084993,0,0,0
37,"[500,800)","[2,2.5)",9,9.1,9.05,0,5.686282703,0,0,0
37,"[500,800)","[2,2.5)",9.1,9.2,9.15,0,5.74911455607,0,0,0
37,"[500,800)","[2,2.5)",9.2,9.3,9.25,0,5.81194640914,0,0,0
37,"[500,800)","[2,2.5)",9.3,9.4,9.35,0,5.87477826221,0,0,0
37,"[500,800)","[2,2.5)",9.4,9.5,9.45,0,5.93761011528,0,0,0
37,"[500,800)","[2,2.5)",9.5,9.6,9.55,0,6.00044196836,0,0,0
37,"[500,800)","[2,2.5)",9.6,9.7,9.65,0,6.06327382143,0,0,0
37,"[500,800)","[2,2.5)",9.7,9.8,9.75,0,6.1261056745,0,0,0
37,"[500,800)","[2,2.5)",9.8,9.9,9.85,0,6.18893752757,0,0,0
37,"[500,800)","[2,2.5)",9.9,10,9.95,0,6.25176938064,0,0,0
37,"[500,800)","[2,2.5)",10,10.1,10.05,0,6.31460123372,0,0,0
37,"[500,800)","[2,2.5)",10.1,10.2,10.15,0,6.37743308679,0,0,0
37,"[500,800)","[2,2.5)",10.2,10.3,10.25,0,6.44026493986,0,0,0
37,"[500,800)","[2,2.5)",10.3,10.4,10.35,0,6.50309679293,0,0,0
37,"[500,800)","[2,2.5)",10.4,10.5,10.45,0,6.565928646,0,0,0
37,"[500,800)","[2,2.5)",10.5,10.6,10.55,0,6.62876049907,0,0,0
37,"[500,800)","[2,2.5)",10.6,10.7,10.65,0,6.69159235215,0,0,0
37,"[500,800)","[2,2.5)",10.7,10.8,10.75,0,6.75442420522,0,0,0
37,"[500,800)","[2,2.5)",10.8,10.9,10.85,0,6.81725605829,0,0,0
37,"[500,800)","[2,2.5)",10.9,11,10.95,0,6.88008791136,0,0,0
37,"[500,800)","[2,2.5)",11,11.1,11.05,0,6.94291976443,0,0,0
37,"[500,800)","[2,2.5)",11.1,11.2,11.15,0,7.00575161751,0,0,0
37,"[500,800)","[2,2.5)",11.2,11.3,11.25,0,7.06858347058,0,0,0
37,"[500,800)","[2,2.5)",11.3,11.4,11.35,0,7.13141532365,0,0,0
37,"[500,800)","[2,2.5)",11.4,11.5,11.45,0,7.19424717672,0,0,0
37,"[500,800)","[2,2.5)",11.5,11.6,11.55,0,7.25707902979,0,0,0
37,"[500,800)","[2,2.5)",11.6,11.7,11.65,0,7.31991088286,0,0,0
37,"[500,800)","[2,2.5)",11.7,11.8,11.75,0,7.38274273594,0,0,0
37,"[500,800)","[2,2.5)",11.8,11.9,11.85,0,7.44557458901,0,0,0
37,"[500,800)","[2,2.5)",11.9,12,11.95,0,7.50840644208,0,0,0
38,"[500,800)","[2.5,3)",0,0.1,0.05,0,0.0314159265359,0,0,0
38,"[500,800)","[2.5,3)",0.1,0.2,0.15,5,0.0942477796077,53.0516476973,5,0.00275785990072
38,"[500,800)","[2.5,3)",0.2,0.3,0.25,3,0.157079632679,19.098593171,8,0.00441257584115
38,"[500,800)","[2.5,3)",0.3,0.4,0.35,5,0.219911485751,22.7364204417,13,0.00717043574186
38,"[500,800)","[2.5,3)",0.4,0.5,0.45,1,0.282743338823,3.53677651315,14,0.00772200772201
38,"[500,800)","[2.5,3)",0.5,0.6,0.55,7,0.345575191895,20.2560836662,21,0.011583011583
38,"[500,800)","[2.5,3)",0.6,0.7,0.65,9,0.408407044967,22.0368382743,30,0.0165471594043
38,"[500,800)","[2.5,3)",0.7,0.8,0.75,6,0.471238898038,12.7323954474,36,0.0198565912852
38,"[500,800)","[2.5,3)",0.8,0.9,0.85,5,0.53407075111,9.36205547599,41,0.0226144511859
38,"[500,800)","[2.5,3)",0.9,1,0.95,5,0.596902604182,8.37657595221,46,0.0253723110866
38,"[500,800)","[2.5,3)",1,1.1,1.05,6,0.659734457254,9.09456817668,52,0.0286817429675
38,"[500,800)","[2.5,3)",1.1,1.2,1.15,6,0.722566310326,8.30373616132,58,0.0319911748483
38,"[500,800)","[2.5,3)",1.2,1.3,1.25,11,0.785398163397,14.0056349921,69,0.0380584666299
38,"[500,800)","[2.5,3)",1.3,1.4,1.35,12,0.848230016469,14.1471060526,81,0.0446773303916
38,"[500,800)","[2.5,3)",1.4,1.5,1.45,8,0.911061869541,8.78096237748,89,0.0490899062328
38,"[500,800)","[2.5,3)",1.5,1.6,1.55,8,0.973893722613,8.21444867571,97,0.0535024820739
38,"[500,800)","[2.5,3)",1.6,1.7,1.65,15,1.03672557568,14.4686311902,112,0.0617760617761
38,"[500,800)","[2.5,3)",1.7,1.8,1.75,17,1.09955742876,15.4607659004,129,0.0711527854385
38,"[500,800)","[2.5,3)",1.8,1.9,1.85,15,1.16238928183,12.9044548453,144,0.0794263651407
38,"[500,800)","[2.5,3)",1.9,2,1.95,17,1.2252211349,13.8750463208,161,0.0888030888031
38,"[500,800)","[2.5,3)",2,2.1,2.05,21,1.28805298797,16.3036770972,182,0.100386100386
38,"[500,800)","[2.5,3)",2.1,2.2,2.15,16,1.35088484104,11.8440887882,198,0.109211252068
38,"[500,800)","[2.5,3)",2.2,2.3,2.25,19,1.41371669412,13.43975075,217,0.119691119691
38,"[500,800)","[2.5,3)",2.3,2.4,2.35,20,1.47654854719,13.5451015397,237,0.130722559294
38,"[500,800)","[2.5,3)",2.4,2.5,2.45,16,1.53938040026,10.3937922019,253,0.139547710976
38,"[500,800)","[2.5,3)",2.5,2.6,2.55,14,1.60221225333,8.73791844426,267,0.147269718698
38,"[500,800)","[2.5,3)",2.6,2.7,2.65,22,1.6650441064,13.2128632001,289,0.159404302261
38,"[500,800)","[2.5,3)",2.7,2.8,2.75,24,1.72787595947,13.8898859426,313,0.172642029785
38,"[500,800)","[2.5,3)",2.8,2.9,2.85,17,1.79070781255,9.49345274583,330,0.182018753447
38,"[500,800)","[2.5,3)",2.9,3,2.95,18,1.85353966562,9.71114907001,348,0.19194704909
38,"[500,800)","[2.5,3)",3,3.1,3.05,21,1.91637151869,10.9582091965,369,0.203530060673
38,"[500,800)","[2.5,3)",3.1,3.2,3.15,21,1.97920337176,10.6103295395,390,0.215113072256
38,"[500,800)","[2.5,3)",3.2,3.3,3.25,24,2.04203522483,11.7529804129,414,0.228350799779
38,"[500,800)","[2.5,3)",3.3,3.4,3.35,34,2.10486707791,16.1530390004,448,0.247104247104
38,"[500,800)","[2.5,3)",3.4,3.5,3.45,19,2.16769893098,8.76505483694,467,0.257584114727
38,"[500,800)","[2.5,3)",3.5,3.6,3.55,31,2.23053078405,13.8980372841,498,0.274682846111
38,"[500,800)","[2.5,3)",3.6,3.7,3.65,28,2.29336263712,12.2091463194,526,0.290126861555
38,"[500,800)","[2.5,3)",3.7,3.8,3.75,31,2.35619449019,13.1568086289,557,0.30722559294
38,"[500,800)","[2.5,3)",3.8,3.9,3.85,16,2.41902634326,6.61423140122,573,0.316050744622
38,"[500,800)","[2.5,3)",3.9,4,3.95,22,2.48185819634,8.86432594436,595,0.328185328185
38,"[500,800)","[2.5,3)",4,4.1,4.05,34,2.54469004941,13.3611557164,629,0.34693877551
38,"[500,800)","[2.5,3)",4.1,4.2,4.15,38,2.60752190248,14.5732237048,667,0.367898510756
38,"[500,800)","[2.5,3)",4.2,4.3,4.25,27,2.67035375555,10.1110199141,694,0.38279095422
38,"[500,800)","[2.5,3)",4.3,4.4,4.35,30,2.73318560862,10.9762029719,724,0.399338113624
38,"[500,800)","[2.5,3)",4.4,4.5,4.45,40,2.79601746169,14.3060623004,764,0.42140099283
38,"[500,800)","[2.5,3)",4.5,4.6,4.55,32,2.85884931477,11.193314679,796,0.439051296194
38,"[500,800)","[2.5,3)",4.6,4.7,4.65,27,2.92168116784,9.24125476017,823,0.453943739658
38,"[500,800)","[2.5,3)",4.7,4.8,4.75,43,2.98451302091,14.4077106378,866,0.477661334804
38,"[500,800)","[2.5,3)",4.8,4.9,4.85,52,3.04734487398,17.0640351356,918,0.506343077772
38,"[500,800)","[2.5,3)",4.9,5,4.95,34,3.11017672705,10.931854677,952,0.525096525097
38,"[500,800)","[2.5,3)",5,5.1,5.05,25,3.17300858013,7.87895757881,977,0.5388858246
38,"[500,800)","[2.5,3)",5.1,5.2,5.15,36,3.2358404332,11.1253940802,1013,0.558742415885
38,"[500,800)","[2.5,3)",5.2,5.3,5.25,38,3.29867228627,11.5197863571,1051,0.579702151131
38,"[500,800)","[2.5,3)",5.3,5.4,5.35,45,3.36150413934,13.3868643722,1096,0.604522890237
38,"[500,800)","[2.5,3)",5.4,5.5,5.45,41,3.42433599241,11.9731241592,1137,0.627137341423
38,"[500,800)","[2.5,3)",5.5,5.6,5.55,38,3.48716784548,10.8970952027,1175,0.648097076669
38,"[500,800)","[2.5,3)",5.6,5.7,5.65,34,3.54999969856,9.57746560199,1209,0.666850523993
38,"[500,800)","[2.5,3)",5.7,5.8,5.75,46,3.61283155163,12.7323954474,1255,0.69222283508
38,"[500,800)","[2.5,3)",5.8,5.9,5.85,44,3.6756634047,11.9706281984,1299,0.716492002206
38,"[500,800)","[2.5,3)",5.9,6,5.95,35,3.73849525777,9.36205547599,1334,0.735797021511
38,"[500,800)","[2.5,3)",6,6.1,6.05,52,3.80132711084,13.6794331253,1386,0.764478764479
38,"[500,800)","[2.5,3)",6.1,6.2,6.15,45,3.86415896392,11.6454836409,1431,0.789299503585
38,"[500,800)","[2.5,3)",6.2,6.3,6.25,41,3.92699081699,10.4405642668,1472,0.811913954771
38,"[500,800)","[2.5,3)",6.3,6.4,6.35,52,3.98982267006,13.0331606941,1524,0.840595697739
38,"[500,800)","[2.5,3)",6.4,6.5,6.45,36,4.05265452313,8.88306659118,1560,0.860452289024
38,"[500,800)","[2.5,3)",6.5,6.6,6.55,38,4.1154863762,9.23341654579,1598,0.881412024269
38,"[500,800)","[2.5,3)",6.6,6.7,6.65,38,4.17831822927,9.09456817668,1636,0.902371759515
38,"[500,800)","[2.5,3)",6.7,6.8,6.75,28,4.24115008235,6.60198282455,1664,0.917815774959
38,"[500,800)","[2.5,3)",6.8,6.9,6.85,37,4.30398193542,8.59669035679,1701,0.938223938224
38,"[500,800)","[2.5,3)",6.9,7,6.95,24,4.36681378849,5.49599803483,1725,0.951461665747
38,"[500,800)","[2.5,3)",7,7.1,7.05,14,4.42964564156,3.1605236926,1739,0.959183673469
38,"[500,800)","[2.5,3)",7.1,7.2,7.15,14,4.49247749463,3.11632056404,1753,0.966905681191
38,"[500,800)","[2.5,3)",7.2,7.3,7.25,16,4.55530934771,3.51238495099,1769,0.975730832874
38,"[500,800)","[2.5,3)",7.3,7.4,7.35,7,4.61814120078,1.51576136278,1776,0.979591836735
38,"[500,800)","[2.5,3)",7.4,7.5,7.45,5,4.68097305385,1.06815398048,1781,0.982349696635
38,"[500,800)","[2.5,3)",7.5,7.6,7.55,2,4.74380490692,0.421602498257,1783,0.983452840596
38,"[500,800)","[2.5,3)",7.6,7.7,7.65,0,4.80663675999,0,1783,0.983452840596
38,"[500,800)","[2.5,3)",7.7,7.8,7.75,1,4.86946861306,0.205361216893,1784,0.984004412576
38,"[500,800)","[2.5,3)",7.8,7.9,7.85,1,4.93230046614,0.202745150436,1785,0.984555984556
38,"[500,800)","[2.5,3)",7.9,8,7.95,1,4.99513231921,0.200194896971,1786,0.985107556536
38,"[500,800)","[2.5,3)",8,8.1,8.05,1,5.05796417228,0.197708003841,1787,0.985659128516
38,"[500,800)","[2.5,3)",8.1,8.2,8.15,1,5.12079602535,0.195282138763,1788,0.986210700496
38,"[500,800)","[2.5,3)",8.2,8.3,8.25,1,5.18362787842,0.192915082536,1789,0.986762272477
38,"[500,800)","[2.5,3)",8.3,8.4,8.35,0,5.24645973149,0,1789,0.986762272477
38,"[500,800)","[2.5,3)",8.4,8.5,8.45,0,5.30929158457,0,1789,0.986762272477
38,"[500,800)","[2.5,3)",8.5,8.6,8.55,0,5.37212343764,0,1789,0.986762272477
38,"[500,800)","[2.5,3)",8.6,8.7,8.65,1,5.43495529071,0.183994153863,1790,0.987313844457
38,"[500,800)","[2.5,3)",8.7,8.8,8.75,1,5.49778714378,0.181891363534,1791,0.987865416437
38,"[500,800)","[2.5,3)",8.8,8.9,8.85,0,5.56061899685,0,1791,0.987865416437
38,"[500,800)","[2.5,3)",8.9,9,8.95,0,5.62345084993,0,1791,0.987865416437
38,"[500,800)","[2.5,3)",9,9.1,9.05,0,5.686282703,0,1791,0.987865416437
38,"[500,800)","[2.5,3)",9.1,9.2,9.15,0,5.74911455607,0,1791,0.987865416437
38,"[500,800)","[2.5,3)",9.2,9.3,9.25,1,5.81194640914,0.172059397937,1792,0.988416988417
38,"[500,800)","[2.5,3)",9.3,9.4,9.35,0,5.87477826221,0,1792,0.988416988417
38,"[500,800)","[2.5,3)",9.4,9.5,9.45,1,5.93761011528,0.168417929198,1793,0.988968560397
38,"[500,800)","[2.5,3)",9.5,9.6,9.55,2,6.00044196836,0.333308781344,1795,0.990071704357
38,"[500,800)","[2.5,3)",9.6,9.7,9.65,0,6.06327382143,0,1795,0.990071704357
38,"[500,800)","[2.5,3)",9.7,9.8,9.75,0,6.1261056745,0,1795,0.990071704357
38,"[500,800)","[2.5,3)",9.8,9.9,9.85,1,6.18893752757,0.161578622428,1796,0.990623276338
38,"[500,800)","[2.5,3)",9.9,10,9.95,1,6.25176938064,0.159954716675,1797,0.991174848318
38,"[500,800)","[2.5,3)",10,10.1,10.05,0,6.31460123372,0,1797,0.991174848318
38,"[500,800)","[2.5,3)",10.1,10.2,10.15,0,6.37743308679,0,1797,0.991174848318
38,"[500,800)","[2.5,3)",10.2,10.3,10.25,0,6.44026493986,0,1797,0.991174848318
38,"[500,800)","[2.5,3)",10.3,10.4,10.35,1,6.50309679293,0.153772891876,1798,0.991726420298
38,"[500,800)","[2.5,3)",10.4,10.5,10.45,0,6.565928646,0,1798,0.991726420298
38,"[500,800)","[2.5,3)",10.5,10.6,10.55,1,6.62876049907,0.150857765964,1799,0.992277992278
38,"[500,800)","[2.5,3)",10.6,10.7,10.65,0,6.69159235215,0,1799,0.992277992278
38,"[500,800)","[2.5,3)",10.7,10.8,10.75,1,6.75442420522,0.148051109853,1800,0.992829564258
38,"[500,800)","[2.5,3)",10.8,10.9,10.85,1,6.81725605829,0.146686583495,1801,0.993381136238
38,"[500,800)","[2.5,3)",10.9,11,10.95,0,6.88008791136,0,1801,0.993381136238
38,"[500,800)","[2.5,3)",11,11.1,11.05,2,6.94291976443,0.288063245415,1803,0.994484280199
38,"[500,800)","[2.5,3)",11.1,11.2,11.15,0,7.00575161751,0,1803,0.994484280199
38,"[500,800)","[2.5,3)",11.2,11.3,11.25,1,7.06858347058,0.141471060526,1804,0.995035852179
38,"[500,800)","[2.5,3)",11.3,11.4,11.35,1,7.13141532365,0.140224619464,1805,0.995587424159
38,"[500,800)","[2.5,3)",11.4,11.5,11.45,0,7.19424717672,0,1805,0.995587424159
38,"[500,800)","[2.5,3)",11.5,11.6,11.55,1,7.25707902979,0.137796487525,1806,0.996138996139
38,"[500,800)","[2.5,3)",11.6,11.7,11.65,2,7.31991088286,0.273227370115,1808,0.997242140099
38,"[500,800)","[2.5,3)",11.7,11.8,11.75,1,7.38274273594,0.135451015397,1809,0.997793712079
38,"[500,800)","[2.5,3)",11.8,11.9,11.85,1,7.44557458901,0.134307968854,1810,0.99834528406
38,"[500,800)","[2.5,3)",11.9,12,11.95,3,7.50840644208,0.39955215839,1813,1
39,"[500,800)","[3,3.25)",0,0.1,0.05,65,0.0314159265359,2069.01426019,65,0.000937031484258
39,"[500,800)","[3,3.25)",0.1,0.2,0.15,146,0.0942477796077,1549.10811276,211,0.00304174835659
39,"[500,800)","[3,3.25)",0.2,0.3,0.25,199,0.157079632679,1266.87334701,410,0.00591050628532
39,"[500,800)","[3,3.25)",0.3,0.4,0.35,186,0.219911485751,845.794840431,596,0.0085918579172
39,"[500,800)","[3,3.25)",0.4,0.5,0.45,188,0.282743338823,664.913984473,784,0.011302041287
39,"[500,800)","[3,3.25)",0.5,0.6,0.55,159,0.345575191895,460.102471847,943,0.0135941644562
39,"[500,800)","[3,3.25)",0.6,0.7,0.65,201,0.408407044967,492.156054792,1144,0.0164917541229
39,"[500,800)","[3,3.25)",0.7,0.8,0.75,238,0.471238898038,505.051686078,1382,0.0199227309422
39,"[500,800)","[3,3.25)",0.8,0.9,0.85,281,0.53407075111,526.147517751,1663,0.023973590128
39,"[500,800)","[3,3.25)",0.9,1,0.95,269,0.596902604182,450.659786229,1932,0.0278514588859
39,"[500,800)","[3,3.25)",1,1.1,1.05,301,0.659734457254,456.244170197,2233,0.0321906354515
39,"[500,800)","[3,3.25)",1.1,1.2,1.15,360,0.722566310326,498.224169679,2593,0.0373803482874
39,"[500,800)","[3,3.25)",1.2,1.3,1.25,389,0.785398163397,495.290182902,2982,0.042988121324
39,"[500,800)","[3,3.25)",1.3,1.4,1.35,392,0.848230016469,462.138797719,3374,0.0486391419675
39,"[500,800)","[3,3.25)",1.4,1.5,1.45,442,0.911061869541,485.148171356,3816,0.0550109560604
39,"[500,800)","[3,3.25)",1.5,1.6,1.55,446,0.973893722613,457.955513671,4262,0.0614404336293
39,"[500,800)","[3,3.25)",1.6,1.7,1.65,433,1.03672557568,417.66115369,4695,0.0676825049014
39,"[500,800)","[3,3.25)",1.7,1.8,1.75,479,1.09955742876,435.629815663,5174,0.0745877061469
39,"[500,800)","[3,3.25)",1.8,1.9,1.85,531,1.16238928183,456.817701523,5705,0.0822425325799
39,"[500,800)","[3,3.25)",1.9,2,1.95,569,1.2252211349,464.40596215,6274,0.0904451620344
39,"[500,800)","[3,3.25)",2,2.1,2.05,593,1.28805298797,460.384786602,6867,0.0989937723446
39,"[500,800)","[3,3.25)",2.1,2.2,2.15,613,1.35088484104,453.776651699,7480,0.107830700035
39,"[500,800)","[3,3.25)",2.2,2.3,2.25,670,1.41371669412,473.928052763,8150,0.117489332257
39,"[500,800)","[3,3.25)",2.3,2.4,2.35,676,1.47654854719,457.824432043,8826,0.127234459693
39,"[500,800)","[3,3.25)",2.4,2.5,2.45,706,1.53938040026,458.62608091,9532,0.137412063199
39,"[500,800)","[3,3.25)",2.5,2.6,2.55,764,1.60221225333,476.840692244,10296,0.148425787106
39,"[500,800)","[3,3.25)",2.6,2.7,2.65,749,1.6650441064,449.837933494,11045,0.159223272979
39,"[500,800)","[3,3.25)",2.7,2.8,2.75,794,1.72787595947,459.5237266,11839,0.170669472956
39,"[500,800)","[3,3.25)",2.8,2.9,2.85,770,1.79070781255,429.997565547,12609,0.181769692077
39,"[500,800)","[3,3.25)",2.9,3,2.95,883,1.85353966562,476.385812712,13492,0.194498904394
39,"[500,800)","[3,3.25)",3,3.1,3.05,878,1.91637151869,458.15750831,14370,0.207156037366
39,"[500,800)","[3,3.25)",3.1,3.2,3.15,902,1.97920337176,455.738916409,15272,0.220159151194
39,"[500,800)","[3,3.25)",3.2,3.3,3.25,885,2.04203522483,433.391152727,16157,0.232917195249
39,"[500,800)","[3,3.25)",3.3,3.4,3.35,946,2.10486707791,449.434555716,17103,0.246554607312
39,"[500,800)","[3,3.25)",3.4,3.5,3.45,1026,2.16769893098,473.312961195,18129,0.261345288894
39,"[500,800)","[3,3.25)",3.5,3.6,3.55,964,2.23053078405,432.184127157,19093,0.275242186599
39,"[500,800)","[3,3.25)",3.6,3.7,3.65,1023,2.29336263712,446.069881597,20116,0.289989620574
39,"[500,800)","[3,3.25)",3.7,3.8,3.75,1024,2.35619449019,434.599097936,21140,0.304751470419
39,"[500,800)","[3,3.25)",3.8,3.9,3.85,1100,2.41902634326,454.728408834,22240,0.320608926306
39,"[500,800)","[3,3.25)",3.9,4,3.95,1119,2.48185819634,450.871851443,23359,0.336740283704
39,"[500,800)","[3,3.25)",4,4.1,4.05,1084,2.54469004941,425.985082251,24443,0.352367085688
39,"[500,800)","[3,3.25)",4.1,4.2,4.15,1196,2.60752190248,458.673040814,25639,0.369608464998
39,"[500,800)","[3,3.25)",4.2,4.3,4.25,1183,2.67035375555,443.012465124,26822,0.386662438012
39,"[500,800)","[3,3.25)",4.3,4.4,4.35,1170,2.73318560862,428.071915902,27992,0.403529004728
39,"[500,800)","[3,3.25)",4.4,4.5,4.45,1270,2.79601746169,454.217478038,29262,0.421837158344
39,"[500,800)","[3,3.25)",4.5,4.6,4.55,1263,2.85884931477,441.786138736,30525,0.440044400876
39,"[500,800)","[3,3.25)",4.6,4.7,4.65,1314,2.92168116784,449.741064995,31839,0.458986852727
39,"[500,800)","[3,3.25)",4.7,4.8,4.75,1400,2.98451302091,469.088253323,33239,0.479169069311
39,"[500,800)","[3,3.25)",4.8,4.9,4.85,1359,3.04734487398,445.961995179,34598,0.498760235267
39,"[500,800)","[3,3.25)",4.9,5,4.95,1377,3.11017672705,442.740114419,35975,0.518610886864
39,"[500,800)","[3,3.25)",5,5.1,5.05,1375,3.17300858013,433.342666834,37350,0.538432706724
39,"[500,800)","[3,3.25)",5.1,5.2,5.15,1377,3.2358404332,425.546323568,38727,0.558283358321
39,"[500,800)","[3,3.25)",5.2,5.3,5.25,1510,3.29867228627,457.75993156,40237,0.580051320494
39,"[500,800)","[3,3.25)",5.3,5.4,5.35,1562,3.36150413934,464.672936653,41799,0.602568907854
39,"[500,800)","[3,3.25)",5.4,5.5,5.45,1583,3.42433599241,462.279403513,43382,0.625389228463
39,"[500,800)","[3,3.25)",5.5,5.6,5.55,1471,3.48716784548,421.832290609,44853,0.646594971745
39,"[500,800)","[3,3.25)",5.6,5.7,5.65,1584,3.54999969856,446.197220987,46437,0.669429708223
39,"[500,800)","[3,3.25)",5.7,5.8,5.75,1533,3.61283155163,424.320917843,47970,0.691529235382
39,"[500,800)","[3,3.25)",5.8,5.9,5.85,1603,3.6756634047,436.111750045,49573,0.714637873371
39,"[500,800)","[3,3.25)",5.9,6,5.95,1650,3.73849525777,441.354043868,51223,0.738424057202
39,"[500,800)","[3,3.25)",6,6.1,6.05,1723,3.80132711084,453.262755285,52946,0.763262599469
39,"[500,800)","[3,3.25)",6.1,6.2,6.15,1593,3.86415896392,412.250120887,54539,0.786227078768
39,"[500,800)","[3,3.25)",6.2,6.3,6.25,1704,3.92699081699,433.920036846,56243,0.810791719525
39,"[500,800)","[3,3.25)",6.3,6.4,6.35,1649,3.98982267006,413.301576628,57892,0.834563487487
39,"[500,800)","[3,3.25)",6.4,6.5,6.45,1702,4.05265452313,419.971648283,59594,0.859099296506
39,"[500,800)","[3,3.25)",6.5,6.6,6.55,1634,4.1154863762,397.036911469,61228,0.882654826433
39,"[500,800)","[3,3.25)",6.6,6.7,6.65,1524,4.17831822927,364.740050033,62752,0.904624610772
39,"[500,800)","[3,3.25)",6.7,6.8,6.75,1465,4.24115008235,345.425172785,64217,0.92574385884
39,"[500,800)","[3,3.25)",6.8,6.9,6.85,1189,4.30398193542,276.25580633,65406,0.942884327067
39,"[500,800)","[3,3.25)",6.9,7,6.95,951,4.36681378849,217.77892213,66357,0.956593818475
39,"[500,800)","[3,3.25)",7,7.1,7.05,750,4.42964564156,169.313769247,67107,0.967405720217
39,"[500,800)","[3,3.25)",7.1,7.2,7.15,561,4.49247749463,124.875416887,67668,0.975493022719
39,"[500,800)","[3,3.25)",7.2,7.3,7.25,352,4.55530934771,77.2724689219,68020,0.980567408603
39,"[500,800)","[3,3.25)",7.3,7.4,7.35,261,4.61814120078,56.5162450979,68281,0.984329950409
39,"[500,800)","[3,3.25)",7.4,7.5,7.45,114,4.68097305385,24.353910755,68395,0.985973359474
39,"[500,800)","[3,3.25)",7.5,7.6,7.55,88,4.74380490692,18.5505099233,68483,0.987241955945
39,"[500,800)","[3,3.25)",7.6,7.7,7.65,52,4.80663675999,10.8183752167,68535,0.987991581133
39,"[500,800)","[3,3.25)",7.7,7.8,7.75,47,4.86946861306,9.65197719396,68582,0.988669126975
39,"[500,800)","[3,3.25)",7.8,7.9,7.85,24,4.93230046614,4.86588361045,68606,0.989015107831
39,"[500,800)","[3,3.25)",7.9,8,7.95,28,4.99513231921,5.60545711519,68634,0.989418752162
39,"[500,800)","[3,3.25)",8,8.1,8.05,26,5.05796417228,5.14040809986,68660,0.989793564756
39,"[500,800)","[3,3.25)",8.1,8.2,8.15,20,5.12079602535,3.90564277526,68680,0.990081882136
39,"[500,800)","[3,3.25)",8.2,8.3,8.25,18,5.18362787842,3.47247148564,68698,0.990341367778
39,"[500,800)","[3,3.25)",8.3,8.4,8.35,19,5.24645973149,3.62148972305,68717,0.990615269288
39,"[500,800)","[3,3.25)",8.4,8.5,8.45,16,5.30929158457,3.01358472127,68733,0.990845923192
39,"[500,800)","[3,3.25)",8.5,8.6,8.55,13,5.37212343764,2.41989971953,68746,0.991033329489
39,"[500,800)","[3,3.25)",8.6,8.7,8.65,19,5.43495529071,3.49588892341,68765,0.991307231
39,"[500,800)","[3,3.25)",8.7,8.8,8.75,17,5.49778714378,3.09215318007,68782,0.991552300773
39,"[500,800)","[3,3.25)",8.8,8.9,8.85,14,5.56061899685,2.51770531445,68796,0.991754122939
39,"[500,800)","[3,3.25)",8.9,9,8.95,10,5.62345084993,1.77826752058,68806,0.991898281628
39,"[500,800)","[3,3.25)",9,9.1,9.05,16,5.686282703,2.81378904914,68822,0.992128935532
39,"[500,800)","[3,3.25)",9.1,9.2,9.15,11,5.74911455607,1.91333811367,68833,0.992287510091
39,"[500,800)","[3,3.25)",9.2,9.3,9.25,17,5.81194640914,2.92500976493,68850,0.992532579864
39,"[500,800)","[3,3.25)",9.3,9.4,9.35,14,5.87477826221,2.38306866662,68864,0.99273440203
39,"[500,800)","[3,3.25)",9.4,9.5,9.45,21,5.93761011528,3.53677651315,68885,0.993037135279
39,"[500,800)","[3,3.25)",9.5,9.6,9.55,26,6.00044196836,4.33301415748,68911,0.993411947872
39,"[500,800)","[3,3.25)",9.6,9.7,9.65,21,6.06327382143,3.46347544552,68932,0.993714681121
39,"[500,800)","[3,3.25)",9.7,9.8,9.75,22,6.1261056745,3.59118845951,68954,0.994031830239
39,"[500,800)","[3,3.25)",9.8,9.9,9.85,20,6.18893752757,3.23157244857,68974,0.994320147618
39,"[500,800)","[3,3.25)",9.9,10,9.95,16,6.25176938064,2.5592754668,68990,0.994550801522
39,"[500,800)","[3,3.25)",10,10.1,10.05,14,6.31460123372,2.21708378436,69004,0.994752623688
39,"[500,800)","[3,3.25)",10.1,10.2,10.15,18,6.37743308679,2.82245219276,69022,0.99501210933
39,"[500,800)","[3,3.25)",10.2,10.3,10.25,17,6.44026493986,2.6396429586,69039,0.995257179103
39,"[500,800)","[3,3.25)",10.3,10.4,10.35,20,6.50309679293,3.07545783752,69059,0.995545496483
39,"[500,800)","[3,3.25)",10.4,10.5,10.45,18,6.565928646,2.74142485709,69077,0.995804982124
39,"[500,800)","[3,3.25)",10.5,10.6,10.55,15,6.62876049907,2.26286648946,69092,0.996021220159
39,"[500,800)","[3,3.25)",10.6,10.7,10.65,19,6.69159235215,2.83938396126,69111,0.99629512167
39,"[500,800)","[3,3.25)",10.7,10.8,10.75,25,6.75442420522,3.70127774632,69136,0.996655518395
39,"[500,800)","[3,3.25)",10.8,10.9,10.85,25,6.81725605829,3.66716458737,69161,0.997015915119
39,"[500,800)","[3,3.25)",10.9,11,10.95,14,6.88008791136,2.0348577199,69175,0.997217737285
39,"[500,800)","[3,3.25)",11,11.1,11.05,15,6.94291976443,2.16047434061,69190,0.99743397532
39,"[500,800)","[3,3.25)",11.1,11.2,11.15,19,7.00575161751,2.71205732623,69209,0.997707876831
39,"[500,800)","[3,3.25)",11.2,11.3,11.25,15,7.06858347058,2.12206590789,69224,0.997924114866
39,"[500,800)","[3,3.25)",11.3,11.4,11.35,25,7.13141532365,3.50561548661,69249,0.99828451159
39,"[500,800)","[3,3.25)",11.4,11.5,11.45,17,7.19424717672,2.36299915508,69266,0.998529581363
39,"[500,800)","[3,3.25)",11.5,11.6,11.55,17,7.25707902979,2.34254028793,69283,0.998774651136
39,"[500,800)","[3,3.25)",11.6,11.7,11.65,22,7.31991088286,3.00550107126,69305,0.999091800254
39,"[500,800)","[3,3.25)",11.7,11.8,11.75,23,7.38274273594,3.11537335414,69328,0.99942336524
39,"[500,800)","[3,3.25)",11.8,11.9,11.85,22,7.44557458901,2.95477531479,69350,0.999740514358
39,"[500,800)","[3,3.25)",11.9,12,11.95,18,7.50840644208,2.39731295034,69368,1
40,"[500,800)","[3.25,3.5)",0,0.1,0.05,149,0.0314159265359,4742.81730414,149,0.00079131991099
40,"[500,800)","[3.25,3.5)",0.1,0.2,0.15,440,0.0942477796077,4668.54499736,589,0.00312810354076
40,"[500,800)","[3.25,3.5)",0.2,0.3,0.25,519,0.157079632679,3304.05661859,1108,0.00588444604951
40,"[500,800)","[3.25,3.5)",0.3,0.4,0.35,494,0.219911485751,2246.35833964,1602,0.00850801676111
40,"[500,800)","[3.25,3.5)",0.4,0.5,0.45,481,0.282743338823,1701.18950283,2083,0.0110625461382
40,"[500,800)","[3.25,3.5)",0.5,0.6,0.55,482,0.345575191895,1394.77604673,2565,0.0136223863872
40,"[500,800)","[3.25,3.5)",0.6,0.7,0.65,541,0.408407044967,1324.65883404,3106,0.0164955680774
40,"[500,800)","[3.25,3.5)",0.7,0.8,0.75,581,0.471238898038,1232.92029249,3687,0.0195811846431
40,"[500,800)","[3.25,3.5)",0.8,0.9,0.85,634,0.53407075111,1187.10863436,4321,0.0229482774187
40,"[500,800)","[3.25,3.5)",0.9,1,0.95,760,0.596902604182,1273.23954474,5081,0.0269845400519
40,"[500,800)","[3.25,3.5)",1,1.1,1.05,806,0.659734457254,1221.7036584,5887,0.0312651027919
40,"[500,800)","[3.25,3.5)",1.1,1.2,1.15,808,0.722566310326,1118.23646972,6695,0.0355562872757
40,"[500,800)","[3.25,3.5)",1.2,1.3,1.25,998,0.785398163397,1270.69306565,7693,0.0408565374177
40,"[500,800)","[3.25,3.5)",1.3,1.4,1.35,1062,0.848230016469,1252.01888566,8755,0.0464966833605
40,"[500,800)","[3.25,3.5)",1.4,1.5,1.45,1144,0.911061869541,1255.67761998,9899,0.0525723207979
40,"[500,800)","[3.25,3.5)",1.5,1.6,1.55,1152,0.973893722613,1182.8806093,11051,0.0586904452104
40,"[500,800)","[3.25,3.5)",1.6,1.7,1.65,1279,1.03672557568,1233.69195282,12330,0.0654830503524
40,"[500,800)","[3.25,3.5)",1.7,1.8,1.75,1313,1.09955742876,1194.1168016,13643,0.0724562251385
40,"[500,800)","[3.25,3.5)",1.8,1.9,1.85,1397,1.16238928183,1201.83489459,15040,0.079875513163
40,"[500,800)","[3.25,3.5)",1.9,2,1.95,1504,1.2252211349,1227.5335098,16544,0.0878630644793
40,"[500,800)","[3.25,3.5)",2,2.1,2.05,1525,1.28805298797,1183.95750349,18069,0.0959621441052
40,"[500,800)","[3.25,3.5)",2.1,2.2,2.15,1671,1.35088484104,1236.96702282,19740,0.104836611026
40,"[500,800)","[3.25,3.5)",2.2,2.3,2.25,1712,1.41371669412,1210.9922781,21452,0.113928823695
40,"[500,800)","[3.25,3.5)",2.3,2.4,2.35,1821,1.47654854719,1233.28149519,23273,0.123599921399
40,"[500,800)","[3.25,3.5)",2.4,2.5,2.45,1882,1.53938040026,1222.56980775,25155,0.133594982288
40,"[500,800)","[3.25,3.5)",2.5,2.6,2.55,1935,1.60221225333,1207.7051564,27090,0.143871519387
40,"[500,800)","[3.25,3.5)",2.6,2.7,2.65,2052,1.6650441064,1232.39978575,29142,0.154769428497
40,"[500,800)","[3.25,3.5)",2.7,2.8,2.75,2106,1.72787595947,1218.83749146,31248,0.165954124689
40,"[500,800)","[3.25,3.5)",2.8,2.9,2.85,2088,1.79070781255,1166.01937255,33336,0.177043225186
40,"[500,800)","[3.25,3.5)",2.9,3,2.95,2213,1.85353966562,1193.93182733,35549,0.18879618467
40,"[500,800)","[3.25,3.5)",3,3.1,3.05,2353,1.91637151869,1227.84124949,37902,0.201292666217
40,"[500,800)","[3.25,3.5)",3.1,3.2,3.15,2405,1.97920337176,1215.13535916,40307,0.214065313102
40,"[500,800)","[3.25,3.5)",3.2,3.3,3.25,2431,2.04203522483,1190.47897433,42738,0.226976042657
40,"[500,800)","[3.25,3.5)",3.3,3.4,3.35,2450,2.10486707791,1163.96898679,45188,0.239987678777
40,"[500,800)","[3.25,3.5)",3.4,3.5,3.45,2584,2.16769893098,1192.04745782,47772,0.25371097173
40,"[500,800)","[3.25,3.5)",3.5,3.6,3.55,2694,2.23053078405,1207.78427236,50466,0.268018460591
40,"[500,800)","[3.25,3.5)",3.6,3.7,3.65,2770,2.29336263712,1207.83340374,53236,0.282729575714
40,"[500,800)","[3.25,3.5)",3.7,3.8,3.75,2754,2.35619449019,1168.83390207,55990,0.297355716888
40,"[500,800)","[3.25,3.5)",3.8,3.9,3.85,2814,2.41902634326,1163.27794769,58804,0.312300510375
40,"[500,800)","[3.25,3.5)",3.9,4,3.95,2964,2.48185819634,1194.26645905,61768,0.328041934644
40,"[500,800)","[3.25,3.5)",4,4.1,4.05,3036,2.54469004941,1193.07261044,64804,0.34416574169
40,"[500,800)","[3.25,3.5)",4.1,4.2,4.15,3090,2.60752190248,1185.03319073,67894,0.360576335817
40,"[500,800)","[3.25,3.5)",4.2,4.3,4.25,3211,2.67035375555,1202.46240534,71105,0.377629545442
40,"[500,800)","[3.25,3.5)",4.3,4.4,4.35,3256,2.73318560862,1191.28389588,74361,0.394921744303
40,"[500,800)","[3.25,3.5)",4.4,4.5,4.45,3343,2.79601746169,1195.62915676,77704,0.412675989017
40,"[500,800)","[3.25,3.5)",4.5,4.6,4.55,3500,2.85884931477,1224.26879301,81204,0.431264040618
40,"[500,800)","[3.25,3.5)",4.6,4.7,4.65,3579,2.92168116784,1224.97965877,84783,0.450271651097
40,"[500,800)","[3.25,3.5)",4.7,4.8,4.75,3557,2.98451302091,1191.81922648,88340,0.469162422395
40,"[500,800)","[3.25,3.5)",4.8,4.9,4.85,3703,3.04734487398,1215.15619437,92043,0.488828580988
40,"[500,800)","[3.25,3.5)",4.9,5,4.95,3797,3.11017672705,1220.83094731,95840,0.508993961539
40,"[500,800)","[3.25,3.5)",5,5.1,5.05,3863,3.17300858013,1217.45652508,99703,0.529509859634
40,"[500,800)","[3.25,3.5)",5.1,5.2,5.15,3919,3.2358404332,1211.12276112,103622,0.550323166554
40,"[500,800)","[3.25,3.5)",5.2,5.3,5.25,3885,3.29867228627,1177.74657888,107507,0.570955903831
40,"[500,800)","[3.25,3.5)",5.3,5.4,5.35,4151,3.36150413934,1234.86386687,111658,0.593001333029
40,"[500,800)","[3.25,3.5)",5.4,5.5,5.45,4083,3.42433599241,1192.34794981,115741,0.614685622939
40,"[500,800)","[3.25,3.5)",5.5,5.6,5.55,4156,3.48716784548,1191.79809638,119897,0.636757606496
40,"[500,800)","[3.25,3.5)",5.6,5.7,5.65,4189,3.54999969856,1180.0001002,124086,0.659004848826
40,"[500,800)","[3.25,3.5)",5.7,5.8,5.75,4221,3.61283155163,1168.3356779,128307,0.681422039056
40,"[500,800)","[3.25,3.5)",5.8,5.9,5.85,4334,3.6756634047,1179.10687754,132641,0.704439357809
40,"[500,800)","[3.25,3.5)",5.9,6,5.95,4347,3.73849525777,1162.76729012,136988,0.727525717897
40,"[500,800)","[3.25,3.5)",6,6.1,6.05,4455,3.80132711084,1171.9591264,141443,0.751185652149
40,"[500,800)","[3.25,3.5)",6.1,6.2,6.15,4420,3.86415896392,1143.84528206,145863,0.774659705884
40,"[500,800)","[3.25,3.5)",6.2,6.3,6.25,4625,3.92699081699,1177.74657888,150488,0.799222488356
40,"[500,800)","[3.25,3.5)",6.3,6.4,6.35,4506,3.98982267006,1129.37350169,154994,0.823153277073
40,"[500,800)","[3.25,3.5)",6.4,6.5,6.45,4434,4.05265452313,1094.09770181,159428,0.846701683015
40,"[500,800)","[3.25,3.5)",6.5,6.6,6.55,4479,4.1154863762,1088.32822917,163907,0.870489078192
40,"[500,800)","[3.25,3.5)",6.6,6.7,6.65,4191,4.17831822927,1003.03513759,168098,0.892746942266
40,"[500,800)","[3.25,3.5)",6.7,6.8,6.75,3920,4.24115008235,924.277595437,172018,0.913565560058
40,"[500,800)","[3.25,3.5)",6.8,6.9,6.85,3367,4.30398193542,782.298822468,175385,0.931447265698
40,"[500,800)","[3.25,3.5)",6.9,7,6.95,2865,4.36681378849,656.084765408,178250,0.946662913651
40,"[500,800)","[3.25,3.5)",7,7.1,7.05,2404,4.42964564156,542.707068359,180654,0.959430249664
40,"[500,800)","[3.25,3.5)",7.1,7.2,7.15,1761,4.49247749463,391.988608091,182415,0.968782695055
40,"[500,800)","[3.25,3.5)",7.2,7.3,7.25,1206,4.55530934771,264.746015681,183621,0.975187606549
40,"[500,800)","[3.25,3.5)",7.3,7.4,7.35,805,4.61814120078,174.31255672,184426,0.979462858417
40,"[500,800)","[3.25,3.5)",7.4,7.5,7.45,535,4.68097305385,114.292475912,184961,0.982304174876
40,"[500,800)","[3.25,3.5)",7.5,7.6,7.55,366,4.74380490692,77.153257181,185327,0.984247953987
40,"[500,800)","[3.25,3.5)",7.6,7.7,7.65,245,4.80663675999,50.9711909249,185572,0.985549117599
40,"[500,800)","[3.25,3.5)",7.7,7.8,7.75,171,4.86946861306,35.1167680887,185743,0.986457276691
40,"[500,800)","[3.25,3.5)",7.8,7.9,7.85,149,4.93230046614,30.2090274149,185892,0.987248596602
40,"[500,800)","[3.25,3.5)",7.9,8,7.95,131,4.99513231921,26.2255315032,186023,0.987944320819
40,"[500,800)","[3.25,3.5)",8,8.1,8.05,96,5.05796417228,18.9799683687,186119,0.98845416452
40,"[500,800)","[3.25,3.5)",8.1,8.2,8.15,66,5.12079602535,12.8886211584,186185,0.988804682065
40,"[500,800)","[3.25,3.5)",8.2,8.3,8.25,52,5.18362787842,10.0315842919,186237,0.989080847403
40,"[500,800)","[3.25,3.5)",8.3,8.4,8.35,56,5.24645973149,10.6738644469,186293,0.989378256228
40,"[500,800)","[3.25,3.5)",8.4,8.5,8.45,56,5.30929158457,10.5475465244,186349,0.989675665054
40,"[500,800)","[3.25,3.5)",8.5,8.6,8.55,44,5.37212343764,8.19042981993,186393,0.989909343417
40,"[500,800)","[3.25,3.5)",8.6,8.7,8.65,56,5.43495529071,10.3036726164,186449,0.990206752243
40,"[500,800)","[3.25,3.5)",8.7,8.8,8.75,50,5.49778714378,9.09456817668,186499,0.990472295837
40,"[500,800)","[3.25,3.5)",8.8,8.9,8.85,55,5.56061899685,9.8909851639,186554,0.990764393791
40,"[500,800)","[3.25,3.5)",8.9,9,8.95,59,5.62345084993,10.4917783714,186613,0.991077735232
40,"[500,800)","[3.25,3.5)",9,9.1,9.05,44,5.686282703,7.73791988513,186657,0.991311413595
40,"[500,800)","[3.25,3.5)",9.1,9.2,9.15,48,5.74911455607,8.34911176876,186705,0.991566335445
40,"[500,800)","[3.25,3.5)",9.2,9.3,9.25,42,5.81194640914,7.22649471336,186747,0.991789392064
40,"[500,800)","[3.25,3.5)",9.3,9.4,9.35,46,5.87477826221,7.83008276174,186793,0.992033692171
40,"[500,800)","[3.25,3.5)",9.4,9.5,9.45,44,5.93761011528,7.4103888847,186837,0.992267370534
40,"[500,800)","[3.25,3.5)",9.5,9.6,9.55,45,6.00044196836,7.49944758025,186882,0.992506359769
40,"[500,800)","[3.25,3.5)",9.6,9.7,9.65,60,6.06327382143,9.89564413007,186942,0.992825012082
40,"[500,800)","[3.25,3.5)",9.7,9.8,9.75,54,6.1261056745,8.8147353097,186996,0.993111799164
40,"[500,800)","[3.25,3.5)",9.8,9.9,9.85,65,6.18893752757,10.5026104578,187061,0.993457005837
40,"[500,800)","[3.25,3.5)",9.9,10,9.95,47,6.25176938064,7.51787168374,187108,0.993706616815
40,"[500,800)","[3.25,3.5)",10,10.1,10.05,59,6.31460123372,9.34342451982,187167,0.994019958257
40,"[500,800)","[3.25,3.5)",10.1,10.2,10.15,55,6.37743308679,8.62415947789,187222,0.99431205621
40,"[500,800)","[3.25,3.5)",10.2,10.3,10.25,45,6.44026493986,6.98729018452,187267,0.994551045445
40,"[500,800)","[3.25,3.5)",10.3,10.4,10.35,53,6.50309679293,8.14996326944,187320,0.994832521655
40,"[500,800)","[3.25,3.5)",10.4,10.5,10.45,60,6.565928646,9.13808285695,187380,0.995151173968
40,"[500,800)","[3.25,3.5)",10.5,10.6,10.55,55,6.62876049907,8.29717712801,187435,0.995443271922
40,"[500,800)","[3.25,3.5)",10.6,10.7,10.65,65,6.69159235215,9.71368197274,187500,0.995788478595
40,"[500,800)","[3.25,3.5)",10.7,10.8,10.75,58,6.75442420522,8.58696437147,187558,0.996096509164
40,"[500,800)","[3.25,3.5)",10.8,10.9,10.85,65,6.81725605829,9.53462792716,187623,0.996441715836
40,"[500,800)","[3.25,3.5)",10.9,11,10.95,52,6.88008791136,7.55804295962,187675,0.996717881175
40,"[500,800)","[3.25,3.5)",11,11.1,11.05,68,6.94291976443,9.79415034412,187743,0.997079020463
40,"[500,800)","[3.25,3.5)",11.1,11.2,11.15,67,7.00575161751,9.56357057144,187810,0.997434848879
40,"[500,800)","[3.25,3.5)",11.2,11.3,11.25,63,7.06858347058,8.91267681315,187873,0.997769433808
40,"[500,800)","[3.25,3.5)",11.3,11.4,11.35,51,7.13141532365,7.15145559268,187924,0.998040288274
40,"[500,800)","[3.25,3.5)",11.4,11.5,11.45,56,7.19424717672,7.78399721672,187980,0.9983376971
40,"[500,800)","[3.25,3.5)",11.5,11.6,11.55,48,7.25707902979,6.61423140122,188028,0.99859261895
40,"[500,800)","[3.25,3.5)",11.6,11.7,11.65,76,7.31991088286,10.3826400644,188104,0.998996245214
40,"[500,800)","[3.25,3.5)",11.7,11.8,11.75,55,7.38274273594,7.44980584685,188159,0.999288343167
40,"[500,800)","[3.25,3.5)",11.8,11.9,11.85,63,7.44557458901,8.4614020378,188222,0.999622928096
40,"[500,800)","[3.25,3.5)",11.9,12,11.95,71,7.50840644208,9.45606774856,188293,1
41,"[500,800)","[3.5,3.75)",0,0.1,0.05,57,0.0314159265359,1814.36635125,57,0.000579545107928
41,"[500,800)","[3.5,3.75)",0.1,0.2,0.15,186,0.0942477796077,1973.52129434,243,0.00247069230222
41,"[500,800)","[3.5,3.75)",0.2,0.3,0.25,246,0.157079632679,1566.08464002,489,0.00497188697854
41,"[500,800)","[3.5,3.75)",0.3,0.4,0.35,251,0.219911485751,1141.36830617,740,0.00752391894502
41,"[500,800)","[3.5,3.75)",0.4,0.5,0.45,240,0.282743338823,848.826363157,980,0.00996410887314
41,"[500,800)","[3.5,3.75)",0.5,0.6,0.55,221,0.345575191895,639.513498606,1201,0.0122111170986
41,"[500,800)","[3.5,3.75)",0.6,0.7,0.65,266,0.408407044967,651.310997884,1467,0.0149156609356
41,"[500,800)","[3.5,3.75)",0.7,0.8,0.75,306,0.471238898038,649.352167815,1773,0.018026903094
41,"[500,800)","[3.5,3.75)",0.8,0.9,0.85,324,0.53407075111,606.661194844,2097,0.0213211594969
41,"[500,800)","[3.5,3.75)",0.9,1,0.95,352,0.596902604182,589.710947035,2449,0.0249001047248
41,"[500,800)","[3.5,3.75)",1,1.1,1.05,421,0.659734457254,638.13553373,2870,0.0291806045571
41,"[500,800)","[3.5,3.75)",1.1,1.2,1.15,492,0.722566310326,680.906365228,3362,0.0341829939097
41,"[500,800)","[3.5,3.75)",1.2,1.3,1.25,490,0.785398163397,623.88737692,3852,0.0391650483463
41,"[500,800)","[3.5,3.75)",1.3,1.4,1.35,556,0.848230016469,655.482580438,4408,0.0448181550131
41,"[500,800)","[3.5,3.75)",1.4,1.5,1.45,539,0.911061869541,591.617340183,4947,0.0502984148933
41,"[500,800)","[3.5,3.75)",1.5,1.6,1.55,612,0.973893722613,628.405323692,5559,0.05652089921
41,"[500,800)","[3.5,3.75)",1.6,1.7,1.65,678,1.03672557568,653.982129796,6237,0.0634144357569
41,"[500,800)","[3.5,3.75)",1.7,1.8,1.75,744,1.09955742876,676.635872345,6981,0.0709790245341
41,"[500,800)","[3.5,3.75)",1.8,1.9,1.85,730,1.16238928183,628.016802471,7711,0.0784012688988
41,"[500,800)","[3.5,3.75)",1.9,2,1.95,768,1.2252211349,626.825622023,8479,0.0862098766687
41,"[500,800)","[3.5,3.75)",2,2.1,2.05,821,1.28805298797,637.396137944,9300,0.0945573597145
41,"[500,800)","[3.5,3.75)",2.1,2.2,2.15,837,1.35088484104,619.593894734,10137,0.103067522089
41,"[500,800)","[3.5,3.75)",2.2,2.3,2.25,884,1.41371669412,625.302087525,11021,0.112055554991
41,"[500,800)","[3.5,3.75)",2.3,2.4,2.35,924,1.47654854719,625.783691136,11945,0.121450286214
41,"[500,800)","[3.5,3.75)",2.4,2.5,2.45,952,1.53938040026,618.430636014,12897,0.131129706262
41,"[500,800)","[3.5,3.75)",2.5,2.6,2.55,972,1.60221225333,606.661194844,13869,0.141012475471
41,"[500,800)","[3.5,3.75)",2.6,2.7,2.65,1030,1.6650441064,618.60223164,14899,0.151484957246
41,"[500,800)","[3.5,3.75)",2.7,2.8,2.75,1044,1.72787595947,604.210038502,15943,0.162099783433
41,"[500,800)","[3.5,3.75)",2.8,2.9,2.85,1137,1.79070781255,634.944457177,17080,0.173660183218
41,"[500,800)","[3.5,3.75)",2.9,3,2.95,1122,1.85353966562,605.328292031,18202,0.185068071132
41,"[500,800)","[3.5,3.75)",3,3.1,3.05,1162,1.91637151869,606.354242206,19364,0.196882657367
41,"[500,800)","[3.5,3.75)",3.1,3.2,3.15,1134,1.97920337176,572.957795131,20498,0.208412554777
41,"[500,800)","[3.5,3.75)",3.2,3.3,3.25,1283,2.04203522483,628.294744575,21781,0.221457403435
41,"[500,800)","[3.5,3.75)",3.3,3.4,3.35,1370,2.10486707791,650.872453838,23151,0.235386820941
41,"[500,800)","[3.5,3.75)",3.4,3.5,3.45,1410,2.16769893098,650.459332636,24561,0.249722936769
41,"[500,800)","[3.5,3.75)",3.5,3.6,3.55,1316,2.23053078405,589.994098898,25877,0.263103311541
41,"[500,800)","[3.5,3.75)",3.6,3.7,3.65,1440,2.29336263712,627.898953568,27317,0.27774445111
41,"[500,800)","[3.5,3.75)",3.7,3.8,3.75,1477,2.35619449019,626.858269191,28794,0.292761786626
41,"[500,800)","[3.5,3.75)",3.8,3.9,3.85,1445,2.41902634326,597.347773423,30239,0.307453763485
41,"[500,800)","[3.5,3.75)",3.9,4,3.95,1517,2.48185819634,611.235566254,31756,0.322877797322
41,"[500,800)","[3.5,3.75)",4,4.1,4.05,1560,2.54469004941,613.04126228,33316,0.338739031855
41,"[500,800)","[3.5,3.75)",4.1,4.2,4.15,1589,2.60752190248,609.390854393,34905,0.35489512267
41,"[500,800)","[3.5,3.75)",4.2,4.3,4.25,1615,2.67035375555,604.788783749,36520,0.371315567395
41,"[500,800)","[3.5,3.75)",4.3,4.4,4.35,1717,2.73318560862,628.204683422,38237,0.388773092839
41,"[500,800)","[3.5,3.75)",4.4,4.5,4.45,1718,2.79601746169,614.445375802,39955,0.406240785741
41,"[500,800)","[3.5,3.75)",4.5,4.6,4.55,1772,2.85884931477,619.829800349,41727,0.424257521377
41,"[500,800)","[3.5,3.75)",4.6,4.7,4.65,1794,2.92168116784,614.030038509,43521,0.44249794109
41,"[500,800)","[3.5,3.75)",4.7,4.8,4.75,1857,2.98451302091,622.21206173,45378,0.461378910659
41,"[500,800)","[3.5,3.75)",4.8,4.9,4.85,1944,3.04734487398,637.932390455,47322,0.481144449076
41,"[500,800)","[3.5,3.75)",4.9,5,4.95,2016,3.11017672705,648.19467732,49338,0.501642044472
41,"[500,800)","[3.5,3.75)",5,5.1,5.05,2017,3.17300858013,635.674297458,51355,0.522149807327
41,"[500,800)","[3.5,3.75)",5.1,5.2,5.15,2013,3.2358404332,622.094952318,53368,0.542616900349
41,"[500,800)","[3.5,3.75)",5.2,5.3,5.25,2082,3.29867228627,631.163031462,55450,0.563785547975
41,"[500,800)","[3.5,3.75)",5.3,5.4,5.35,2061,3.36150413934,613.118388247,57511,0.584740678983
41,"[500,800)","[3.5,3.75)",5.4,5.5,5.45,2099,3.42433599241,612.965551468,59610,0.606082173396
41,"[500,800)","[3.5,3.75)",5.5,5.6,5.55,2218,3.48716784548,636.046241041,61828,0.628633595315
41,"[500,800)","[3.5,3.75)",5.6,5.7,5.65,2192,3.54999969856,617.464841164,64020,0.650920663325
41,"[500,800)","[3.5,3.75)",5.7,5.8,5.75,2189,3.61283155163,605.895948571,66209,0.673177228961
41,"[500,800)","[3.5,3.75)",5.8,5.9,5.85,2254,3.6756634047,613.222635434,68463,0.696094679369
41,"[500,800)","[3.5,3.75)",5.9,6,5.95,2287,3.73849525777,611.743453531,70750,0.719347655893
41,"[500,800)","[3.5,3.75)",6,6.1,6.05,2391,3.80132711084,628.99085774,73141,0.743658048051
41,"[500,800)","[3.5,3.75)",6.1,6.2,6.15,2405,3.86415896392,622.386403473,75546,0.768110784623
41,"[500,800)","[3.5,3.75)",6.2,6.3,6.25,2383,3.92699081699,606.825967021,77929,0.792339837117
41,"[500,800)","[3.5,3.75)",6.3,6.4,6.35,2275,3.98982267006,570.200780369,80204,0.815470804144
41,"[500,800)","[3.5,3.75)",6.4,6.5,6.45,2250,4.05265452313,555.191661948,82454,0.83834758472
41,"[500,800)","[3.5,3.75)",6.5,6.6,6.55,2222,4.1154863762,539.911883283,84676,0.860939676471
41,"[500,800)","[3.5,3.75)",6.6,6.7,6.65,2168,4.17831822927,518.869047554,86844,0.882982725489
41,"[500,800)","[3.5,3.75)",6.7,6.8,6.75,1987,4.24115008235,468.504995442,88831,0.903185464602
41,"[500,800)","[3.5,3.75)",6.8,6.9,6.85,1750,4.30398193542,406.600219578,90581,0.920978516161
41,"[500,800)","[3.5,3.75)",6.9,7,6.95,1538,4.36681378849,352.201874065,92119,0.936616066617
41,"[500,800)","[3.5,3.75)",7,7.1,7.05,1294,4.42964564156,292.122689874,93413,0.949772757313
41,"[500,800)","[3.5,3.75)",7.1,7.2,7.15,983,4.49247749463,218.810222461,94396,0.95976736856
41,"[500,800)","[3.5,3.75)",7.2,7.3,7.25,769,4.55530934771,168.814001707,95165,0.967586143788
41,"[500,800)","[3.5,3.75)",7.3,7.4,7.35,552,4.61814120078,119.528610322,95717,0.973198580623
41,"[500,800)","[3.5,3.75)",7.4,7.5,7.45,387,4.68097305385,82.6751180893,96104,0.977133386882
41,"[500,800)","[3.5,3.75)",7.5,7.6,7.55,283,4.74380490692,59.6567535033,96387,0.980010777506
41,"[500,800)","[3.5,3.75)",7.6,7.7,7.65,207,4.80663675999,43.0654551896,96594,0.982115441319
41,"[500,800)","[3.5,3.75)",7.7,7.8,7.75,194,4.86946861306,39.8400760772,96788,0.984087928177
41,"[500,800)","[3.5,3.75)",7.8,7.9,7.85,105,4.93230046614,21.2882407957,96893,0.985155511271
41,"[500,800)","[3.5,3.75)",7.9,8,7.95,101,4.99513231921,20.2196845941,96994,0.986182424532
41,"[500,800)","[3.5,3.75)",8,8.1,8.05,83,5.05796417228,16.4097643188,97077,0.987026323549
41,"[500,800)","[3.5,3.75)",8.1,8.2,8.15,65,5.12079602535,12.6933390196,97142,0.987687208321
41,"[500,800)","[3.5,3.75)",8.2,8.3,8.25,57,5.18362787842,10.9961597045,97199,0.988266753429
41,"[500,800)","[3.5,3.75)",8.3,8.4,8.35,40,5.24645973149,7.62418889063,97239,0.98867345175
41,"[500,800)","[3.5,3.75)",8.4,8.5,8.45,47,5.30929158457,8.85240511872,97286,0.989151322278
41,"[500,800)","[3.5,3.75)",8.5,8.6,8.55,36,5.37212343764,6.70126076176,97322,0.989517350767
41,"[500,800)","[3.5,3.75)",8.6,8.7,8.65,33,5.43495529071,6.07180707749,97355,0.989852876882
41,"[500,800)","[3.5,3.75)",8.7,8.8,8.75,30,5.49778714378,5.45674090601,97385,0.990157900623
41,"[500,800)","[3.5,3.75)",8.8,8.9,8.85,27,5.56061899685,4.85557453501,97412,0.99043242199
41,"[500,800)","[3.5,3.75)",8.9,9,8.95,34,5.62345084993,6.04610956997,97446,0.990778115563
41,"[500,800)","[3.5,3.75)",9,9.1,9.05,29,5.686282703,5.09999265156,97475,0.991072971846
41,"[500,800)","[3.5,3.75)",9.1,9.2,9.15,25,5.74911455607,4.34849571289,97500,0.991327158297
41,"[500,800)","[3.5,3.75)",9.2,9.3,9.25,33,5.81194640914,5.67796013193,97533,0.991662684412
41,"[500,800)","[3.5,3.75)",9.3,9.4,9.35,22,5.87477826221,3.7448221904,97555,0.991886368489
41,"[500,800)","[3.5,3.75)",9.4,9.5,9.45,28,5.93761011528,4.71570201754,97583,0.992171057314
41,"[500,800)","[3.5,3.75)",9.5,9.6,9.55,27,6.00044196836,4.49966854815,97610,0.992445578681
41,"[500,800)","[3.5,3.75)",9.6,9.7,9.65,20,6.06327382143,3.29854804336,97630,0.992648927842
41,"[500,800)","[3.5,3.75)",9.7,9.8,9.75,38,6.1261056745,6.20296188461,97668,0.993035291247
41,"[500,800)","[3.5,3.75)",9.8,9.9,9.85,19,6.18893752757,3.06999382614,97687,0.993228472949
41,"[500,800)","[3.5,3.75)",9.9,10,9.95,34,6.25176938064,5.43846036696,97721,0.993574166523
41,"[500,800)","[3.5,3.75)",10,10.1,10.05,31,6.31460123372,4.90925695109,97752,0.993889357722
41,"[500,800)","[3.5,3.75)",10.1,10.2,10.15,23,6.37743308679,3.60646669075,97775,0.994123209256
41,"[500,800)","[3.5,3.75)",10.2,10.3,10.25,40,6.44026493986,6.21092460846,97815,0.994529907578
41,"[500,800)","[3.5,3.75)",10.3,10.4,10.35,31,6.50309679293,4.76695964816,97846,0.994845098777
41,"[500,800)","[3.5,3.75)",10.4,10.5,10.45,27,6.565928646,4.11213728563,97873,0.995119620144
41,"[500,800)","[3.5,3.75)",10.5,10.6,10.55,23,6.62876049907,3.46972861717,97896,0.995353471679
41,"[500,800)","[3.5,3.75)",10.6,10.7,10.65,30,6.69159235215,4.48323783357,97926,0.99565849542
41,"[500,800)","[3.5,3.75)",10.7,10.8,10.75,29,6.75442420522,4.29348218573,97955,0.995953351703
41,"[500,800)","[3.5,3.75)",10.8,10.9,10.85,31,6.81725605829,4.54728408834,97986,0.996268542902
41,"[500,800)","[3.5,3.75)",10.9,11,10.95,30,6.88008791136,4.36040939978,98016,0.996573566643
41,"[500,800)","[3.5,3.75)",11,11.1,11.05,27,6.94291976443,3.88885381311,98043,0.99684808801
41,"[500,800)","[3.5,3.75)",11.1,11.2,11.15,32,7.00575161751,4.56767549681,98075,0.997173446667
41,"[500,800)","[3.5,3.75)",11.2,11.3,11.25,28,7.06858347058,3.96118969473,98103,0.997458135492
41,"[500,800)","[3.5,3.75)",11.3,11.4,11.35,35,7.13141532365,4.90786168125,98138,0.997813996523
41,"[500,800)","[3.5,3.75)",11.4,11.5,11.45,32,7.19424717672,4.44799840956,98170,0.99813935518
41,"[500,800)","[3.5,3.75)",11.5,11.6,11.55,46,7.25707902979,6.33863842617,98216,0.998607058249
41,"[500,800)","[3.5,3.75)",11.6,11.7,11.65,45,7.31991088286,6.14761582758,98261,0.999064593861
41,"[500,800)","[3.5,3.75)",11.7,11.8,11.75,25,7.38274273594,3.38627538493,98286,0.999318780312
41,"[500,800)","[3.5,3.75)",11.8,11.9,11.85,36,7.44557458901,4.83508687874,98322,0.999684808801
41,"[500,800)","[3.5,3.75)",11.9,12,11.95,31,7.50840644208,4.12870563669,98353,1
42,"[500,800)","[3.75,4.0)",0,0.1,0.05,18,0.0314159265359,572.957795131,18,0.000667235052081
42,"[500,800)","[3.75,4.0)",0.1,0.2,0.15,34,0.0942477796077,360.751204342,52,0.00192756792824
42,"[500,800)","[3.75,4.0)",0.2,0.3,0.25,51,0.157079632679,324.676083907,103,0.00381806724247
42,"[500,800)","[3.75,4.0)",0.3,0.4,0.35,62,0.219911485751,281.931613477,165,0.00611632131075
42,"[500,800)","[3.75,4.0)",0.4,0.5,0.45,53,0.282743338823,187.449155197,218,0.00808095785299
42,"[500,800)","[3.75,4.0)",0.5,0.6,0.55,59,0.345575191895,170.729848044,277,0.0102680060793
42,"[500,800)","[3.75,4.0)",0.6,0.7,0.65,85,0.408407044967,208.125694812,362,0.0134188382696
42,"[500,800)","[3.75,4.0)",0.7,0.8,0.75,91,0.471238898038,193.107997618,453,0.016792082144
42,"[500,800)","[3.75,4.0)",0.8,0.9,0.85,96,0.53407075111,179.751465139,549,0.0203506690885
42,"[500,800)","[3.75,4.0)",0.9,1,0.95,105,0.596902604182,175.908094996,654,0.024242873559
42,"[500,800)","[3.75,4.0)",1,1.1,1.05,105,0.659734457254,159.154943092,759,0.0281350780294
42,"[500,800)","[3.75,4.0)",1.1,1.2,1.15,130,0.722566310326,179.914283495,889,0.03295399785
42,"[500,800)","[3.75,4.0)",1.2,1.3,1.25,115,0.785398163397,146.422547645,1004,0.0372168884605
42,"[500,800)","[3.75,4.0)",1.3,1.4,1.35,145,0.848230016469,170.944198136,1149,0.0425918374912
42,"[500,800)","[3.75,4.0)",1.4,1.5,1.45,163,0.911061869541,178.912108441,1312,0.0486340215739
42,"[500,800)","[3.75,4.0)",1.5,1.6,1.55,177,0.973893722613,181.74467695,1489,0.0551951662527
42,"[500,800)","[3.75,4.0)",1.6,1.7,1.65,151,1.03672557568,145.650887314,1640,0.0607925269674
42,"[500,800)","[3.75,4.0)",1.7,1.8,1.75,194,1.09955742876,176.434622628,1834,0.0679838380843
42,"[500,800)","[3.75,4.0)",1.8,1.9,1.85,180,1.16238928183,154.853458143,2014,0.0746561886051
42,"[500,800)","[3.75,4.0)",1.9,2,1.95,206,1.2252211349,168.132914241,2220,0.08229232309
42,"[500,800)","[3.75,4.0)",2,2.1,2.05,236,1.28805298797,183.22227595,2456,0.0910405159951
42,"[500,800)","[3.75,4.0)",2.1,2.2,2.15,223,1.35088484104,165.076987486,2679,0.0993068169181
42,"[500,800)","[3.75,4.0)",2.2,2.3,2.25,261,1.41371669412,184.619733987,2940,0.108981725173
42,"[500,800)","[3.75,4.0)",2.3,2.4,2.35,269,1.47654854719,182.181615709,3209,0.118953182341
42,"[500,800)","[3.75,4.0)",2.4,2.5,2.45,292,1.53938040026,189.686707685,3501,0.12977721763
42,"[500,800)","[3.75,4.0)",2.5,2.6,2.55,282,1.60221225333,176.006642949,3783,0.140230566779
42,"[500,800)","[3.75,4.0)",2.6,2.7,2.65,261,1.6650441064,156.752604328,4044,0.149905475034
42,"[500,800)","[3.75,4.0)",2.7,2.8,2.75,310,1.72787595947,179.411026758,4354,0.161396745376
42,"[500,800)","[3.75,4.0)",2.8,2.9,2.85,313,1.79070781255,174.791218203,4667,0.172999221559
42,"[500,800)","[3.75,4.0)",2.9,3,2.95,311,1.85353966562,167.787075599,4978,0.184527560515
42,"[500,800)","[3.75,4.0)",3,3.1,3.05,348,1.91637151869,181.59318097,5326,0.197427438188
42,"[500,800)","[3.75,4.0)",3.1,3.2,3.15,361,1.97920337176,182.396617321,5687,0.210809207844
42,"[500,800)","[3.75,4.0)",3.2,3.3,3.25,342,2.04203522483,167.479970884,6029,0.223486673833
42,"[500,800)","[3.75,4.0)",3.3,3.4,3.35,346,2.10486707791,164.380926298,6375,0.236312414279
42,"[500,800)","[3.75,4.0)",3.4,3.5,3.45,350,2.16769893098,161.46153647,6725,0.24928642918
42,"[500,800)","[3.75,4.0)",3.5,3.6,3.55,395,2.23053078405,177.087894426,7120,0.263928531712
42,"[500,800)","[3.75,4.0)",3.6,3.7,3.65,398,2.29336263712,173.544294111,7518,0.278681840086
42,"[500,800)","[3.75,4.0)",3.7,3.8,3.75,373,2.35619449019,158.306116729,7891,0.29250843311
42,"[500,800)","[3.75,4.0)",3.8,3.9,3.85,440,2.41902634326,181.891363534,8331,0.308818623272
42,"[500,800)","[3.75,4.0)",3.9,4,3.95,456,2.48185819634,183.733301392,8787,0.325721911258
42,"[500,800)","[3.75,4.0)",4,4.1,4.05,412,2.54469004941,161.905769269,9199,0.340994180228
42,"[500,800)","[3.75,4.0)",4.1,4.2,4.15,432,2.60752190248,165.67454317,9631,0.357007821478
42,"[500,800)","[3.75,4.0)",4.2,4.3,4.25,374,2.67035375555,140.056349921,10005,0.370871483115
42,"[500,800)","[3.75,4.0)",4.3,4.4,4.35,448,2.73318560862,163.911297713,10453,0.387478222189
42,"[500,800)","[3.75,4.0)",4.4,4.5,4.45,474,2.79601746169,169.52683826,10927,0.405048745227
42,"[500,800)","[3.75,4.0)",4.5,4.6,4.55,460,2.85884931477,160.90389851,11387,0.422100307669
42,"[500,800)","[3.75,4.0)",4.6,4.7,4.65,513,2.92168116784,175.583840443,11900,0.441116506654
42,"[500,800)","[3.75,4.0)",4.7,4.8,4.75,527,2.98451302091,176.578221072,12427,0.460651666234
42,"[500,800)","[3.75,4.0)",4.8,4.9,4.85,539,3.04734487398,176.875287271,12966,0.480631649183
42,"[500,800)","[3.75,4.0)",4.9,5,4.95,472,3.11017672705,151.759864928,13438,0.498128034993
42,"[500,800)","[3.75,4.0)",5,5.1,5.05,550,3.17300858013,173.337066734,13988,0.518515772695
42,"[500,800)","[3.75,4.0)",5.1,5.2,5.15,528,3.2358404332,163.17244651,14516,0.53808800089
42,"[500,800)","[3.75,4.0)",5.2,5.3,5.25,541,3.29867228627,164.005379453,15057,0.558142121066
42,"[500,800)","[3.75,4.0)",5.3,5.4,5.35,577,3.36150413934,171.649349839,15634,0.579530711347
42,"[500,800)","[3.75,4.0)",5.4,5.5,5.45,605,3.42433599241,176.676588203,16239,0.601957222819
42,"[500,800)","[3.75,4.0)",5.5,5.6,5.55,604,3.48716784548,173.20646059,16843,0.624346665678
42,"[500,800)","[3.75,4.0)",5.6,5.7,5.65,604,3.54999969856,170.140859518,17447,0.646736108537
42,"[500,800)","[3.75,4.0)",5.7,5.8,5.75,591,3.61283155163,163.583602378,18038,0.668643659414
42,"[500,800)","[3.75,4.0)",5.8,5.9,5.85,585,3.6756634047,159.154943092,18623,0.690328798606
42,"[500,800)","[3.75,4.0)",5.9,6,5.95,605,3.73849525777,161.829816085,19228,0.712755310079
42,"[500,800)","[3.75,4.0)",6,6.1,6.05,632,3.80132711084,166.257725676,19860,0.73618267413
42,"[500,800)","[3.75,4.0)",6.1,6.2,6.15,632,3.86415896392,163.554348023,20492,0.759610038181
42,"[500,800)","[3.75,4.0)",6.2,6.3,6.25,596,3.92699081699,151.770153732,21088,0.781702932127
42,"[500,800)","[3.75,4.0)",6.3,6.4,6.35,646,3.98982267006,161.911957854,21734,0.805649256774
42,"[500,800)","[3.75,4.0)",6.4,6.5,6.45,568,4.05265452313,140.155050661,22302,0.826704229529
42,"[500,800)","[3.75,4.0)",6.5,6.6,6.55,639,4.1154863762,155.267188757,22941,0.850391073878
42,"[500,800)","[3.75,4.0)",6.6,6.7,6.65,586,4.17831822927,140.247814514,23527,0.872113281684
42,"[500,800)","[3.75,4.0)",6.7,6.8,6.75,501,4.24115008235,118.128335539,24028,0.890684657301
42,"[500,800)","[3.75,4.0)",6.8,6.9,6.85,475,4.30398193542,110.362916743,24503,0.908292248953
42,"[500,800)","[3.75,4.0)",6.9,7,6.95,434,4.36681378849,99.3859644631,24937,0.924380027431
42,"[500,800)","[3.75,4.0)",7,7.1,7.05,378,4.42964564156,85.3341397003,25315,0.938391963524
42,"[500,800)","[3.75,4.0)",7.1,7.2,7.15,268,4.49247749463,59.6552793687,25583,0.948326352078
42,"[500,800)","[3.75,4.0)",7.2,7.3,7.25,232,4.55530934771,50.9295817894,25815,0.956926270527
42,"[500,800)","[3.75,4.0)",7.3,7.4,7.35,172,4.61814120078,37.2444220569,25987,0.963302072136
42,"[500,800)","[3.75,4.0)",7.4,7.5,7.45,121,4.68097305385,25.8493263277,26108,0.96778737443
42,"[500,800)","[3.75,4.0)",7.5,7.6,7.55,130,4.74380490692,27.4041623867,26238,0.972606294251
42,"[500,800)","[3.75,4.0)",7.6,7.7,7.65,94,4.80663675999,19.556293661,26332,0.976090743967
42,"[500,800)","[3.75,4.0)",7.7,7.8,7.75,63,4.86946861306,12.9377566642,26395,0.978426066649
42,"[500,800)","[3.75,4.0)",7.8,7.9,7.85,46,4.93230046614,9.32627692003,26441,0.980131222894
42,"[500,800)","[3.75,4.0)",7.9,8,7.95,40,4.99513231921,8.00779587884,26481,0.981613967454
42,"[500,800)","[3.75,4.0)",8,8.1,8.05,40,5.05796417228,7.90832015363,26521,0.983096712014
42,"[500,800)","[3.75,4.0)",8.1,8.2,8.15,29,5.12079602535,5.66318202413,26550,0.98417170182
42,"[500,800)","[3.75,4.0)",8.2,8.3,8.25,36,5.18362787842,6.94494297128,26586,0.985506171924
42,"[500,800)","[3.75,4.0)",8.3,8.4,8.35,18,5.24645973149,3.43088500078,26604,0.986173406976
42,"[500,800)","[3.75,4.0)",8.4,8.5,8.45,25,5.30929158457,4.70872612698,26629,0.987100122326
42,"[500,800)","[3.75,4.0)",8.5,8.6,8.55,13,5.37212343764,2.41989971953,26642,0.987582014308
42,"[500,800)","[3.75,4.0)",8.6,8.7,8.65,16,5.43495529071,2.94390646182,26658,0.988175112133
42,"[500,800)","[3.75,4.0)",8.7,8.8,8.75,8,5.49778714378,1.45513090827,26666,0.988471661045
42,"[500,800)","[3.75,4.0)",8.8,8.9,8.85,11,5.56061899685,1.97819703278,26677,0.988879415799
42,"[500,800)","[3.75,4.0)",8.9,9,8.95,10,5.62345084993,1.77826752058,26687,0.989250101939
42,"[500,800)","[3.75,4.0)",9,9.1,9.05,8,5.686282703,1.40689452457,26695,0.989546650851
42,"[500,800)","[3.75,4.0)",9.1,9.2,9.15,10,5.74911455607,1.73939828516,26705,0.989917336991
42,"[500,800)","[3.75,4.0)",9.2,9.3,9.25,9,5.81194640914,1.54853458143,26714,0.990250954517
42,"[500,800)","[3.75,4.0)",9.3,9.4,9.35,13,5.87477826221,2.21284947614,26727,0.990732846499
42,"[500,800)","[3.75,4.0)",9.4,9.5,9.45,10,5.93761011528,1.68417929198,26737,0.991103532639
42,"[500,800)","[3.75,4.0)",9.5,9.6,9.55,10,6.00044196836,1.66654390672,26747,0.991474218779
42,"[500,800)","[3.75,4.0)",9.6,9.7,9.65,9,6.06327382143,1.48434661951,26756,0.991807836305
42,"[500,800)","[3.75,4.0)",9.7,9.8,9.75,10,6.1261056745,1.63235839069,26766,0.992178522445
42,"[500,800)","[3.75,4.0)",9.8,9.9,9.85,10,6.18893752757,1.61578622428,26776,0.992549208585
42,"[500,800)","[3.75,4.0)",9.9,10,9.95,10,6.25176938064,1.59954716675,26786,0.992919894725
42,"[500,800)","[3.75,4.0)",10,10.1,10.05,12,6.31460123372,1.90035752946,26798,0.993364718093
42,"[500,800)","[3.75,4.0)",10.1,10.2,10.15,12,6.37743308679,1.88163479518,26810,0.993809541461
42,"[500,800)","[3.75,4.0)",10.2,10.3,10.25,9,6.44026493986,1.3974580369,26819,0.994143158987
42,"[500,800)","[3.75,4.0)",10.3,10.4,10.35,6,6.50309679293,0.922637351257,26825,0.994365570671
42,"[500,800)","[3.75,4.0)",10.4,10.5,10.45,10,6.565928646,1.52301380949,26835,0.994736256811
42,"[500,800)","[3.75,4.0)",10.5,10.6,10.55,11,6.62876049907,1.6594354256,26846,0.995144011565
42,"[500,800)","[3.75,4.0)",10.6,10.7,10.65,13,6.69159235215,1.94273639455,26859,0.995625903547
42,"[500,800)","[3.75,4.0)",10.7,10.8,10.75,9,6.75442420522,1.33245998868,26868,0.995959521074
42,"[500,800)","[3.75,4.0)",10.8,10.9,10.85,7,6.81725605829,1.02680608446,26875,0.996219001372
42,"[500,800)","[3.75,4.0)",10.9,11,10.95,7,6.88008791136,1.01742885995,26882,0.99647848167
42,"[500,800)","[3.75,4.0)",11,11.1,11.05,8,6.94291976443,1.15225298166,26890,0.996775030582
42,"[500,800)","[3.75,4.0)",11.1,11.2,11.15,6,7.00575161751,0.856439155651,26896,0.996997442266
42,"[500,800)","[3.75,4.0)",11.2,11.3,11.25,10,7.06858347058,1.41471060526,26906,0.997368128406
42,"[500,800)","[3.75,4.0)",11.3,11.4,11.35,12,7.13141532365,1.68269543357,26918,0.997812951774
42,"[500,800)","[3.75,4.0)",11.4,11.5,11.45,9,7.19424717672,1.25099955269,26927,0.9981465693
42,"[500,800)","[3.75,4.0)",11.5,11.6,11.55,13,7.25707902979,1.79135433783,26940,0.998628461282
42,"[500,800)","[3.75,4.0)",11.6,11.7,11.65,8,7.31991088286,1.09290948046,26948,0.998925010194
42,"[500,800)","[3.75,4.0)",11.7,11.8,11.75,8,7.38274273594,1.08360812318,26956,0.999221559106
42,"[500,800)","[3.75,4.0)",11.8,11.9,11.85,6,7.44557458901,0.805847813124,26962,0.99944397079
42,"[500,800)","[3.75,4.0)",11.9,12,11.95,15,7.50840644208,1.99776079195,26977,1
43,"[500,800)","[4.0,4.25)",0,0.1,0.05,6,0.0314159265359,190.98593171,6,0.000818107444778
43,"[500,800)","[4.0,4.25)",0.1,0.2,0.15,5,0.0942477796077,53.0516476973,11,0.00149986364876
43,"[500,800)","[4.0,4.25)",0.2,0.3,0.25,15,0.157079632679,95.4929658551,26,0.0035451322607
43,"[500,800)","[4.0,4.25)",0.3,0.4,0.35,12,0.219911485751,54.5674090601,38,0.00518134715026
43,"[500,800)","[4.0,4.25)",0.4,0.5,0.45,16,0.282743338823,56.5884242105,54,0.007362967003
43,"[500,800)","[4.0,4.25)",0.5,0.6,0.55,21,0.345575191895,60.7682509987,75,0.0102263430597
43,"[500,800)","[4.0,4.25)",0.6,0.7,0.65,29,0.408407044967,71.0075899948,104,0.0141805290428
43,"[500,800)","[4.0,4.25)",0.7,0.8,0.75,30,0.471238898038,63.6619772368,134,0.0182710662667
43,"[500,800)","[4.0,4.25)",0.8,0.9,0.85,25,0.53407075111,46.81027738,159,0.0216798472866
43,"[500,800)","[4.0,4.25)",0.9,1,0.95,25,0.596902604182,41.882879761,184,0.0250886283065
43,"[500,800)","[4.0,4.25)",1,1.1,1.05,30,0.659734457254,45.4728408834,214,0.0291791655304
43,"[500,800)","[4.0,4.25)",1.1,1.2,1.15,37,0.722566310326,51.2063729948,251,0.0342241614399
43,"[500,800)","[4.0,4.25)",1.2,1.3,1.25,31,0.785398163397,39.4704258868,282,0.0384510499046
43,"[500,800)","[4.0,4.25)",1.3,1.4,1.35,39,0.848230016469,45.978094671,321,0.0437687482956
43,"[500,800)","[4.0,4.25)",1.4,1.5,1.45,62,0.911061869541,68.0524584255,383,0.052222525225
43,"[500,800)","[4.0,4.25)",1.5,1.6,1.55,50,0.973893722613,51.3403042232,433,0.0590400872648
43,"[500,800)","[4.0,4.25)",1.6,1.7,1.65,50,1.03672557568,48.2287706339,483,0.0658576493046
43,"[500,800)","[4.0,4.25)",1.7,1.8,1.75,60,1.09955742876,54.5674090601,543,0.0740387237524
43,"[500,800)","[4.0,4.25)",1.8,1.9,1.85,53,1.16238928183,45.5957404534,596,0.0812653395146
43,"[500,800)","[4.0,4.25)",1.9,2,1.95,65,1.2252211349,53.0516476973,661,0.0901281701663
43,"[500,800)","[4.0,4.25)",2,2.1,2.05,63,1.28805298797,48.9110312917,724,0.0987182983365
43,"[500,800)","[4.0,4.25)",2.1,2.2,2.15,68,1.35088484104,50.33737735,792,0.107990182711
43,"[500,800)","[4.0,4.25)",2.2,2.3,2.25,65,1.41371669412,45.978094671,857,0.116853013362
43,"[500,800)","[4.0,4.25)",2.3,2.4,2.35,58,1.47654854719,39.2807944652,915,0.124761385329
43,"[500,800)","[4.0,4.25)",2.4,2.5,2.45,68,1.53938040026,44.1736168582,983,0.134033269703
43,"[500,800)","[4.0,4.25)",2.5,2.6,2.55,82,1.60221225333,51.1792366021,1065,0.145214071448
43,"[500,800)","[4.0,4.25)",2.6,2.7,2.65,71,1.6650441064,42.6415130548,1136,0.154895009545
43,"[500,800)","[4.0,4.25)",2.7,2.8,2.75,75,1.72787595947,43.4058935705,1211,0.165121352604
43,"[500,800)","[4.0,4.25)",2.8,2.9,2.85,74,1.79070781255,41.3244413642,1285,0.175211344423
43,"[500,800)","[4.0,4.25)",2.9,3,2.95,91,1.85353966562,49.0952536317,1376,0.187619307336
43,"[500,800)","[4.0,4.25)",3,3.1,3.05,95,1.91637151869,49.572851127,1471,0.200572675211
43,"[500,800)","[4.0,4.25)",3.1,3.2,3.15,100,1.97920337176,50.5253787593,1571,0.214207799291
43,"[500,800)","[4.0,4.25)",3.2,3.3,3.25,94,2.04203522483,46.0325066173,1665,0.227024815926
43,"[500,800)","[4.0,4.25)",3.3,3.4,3.35,109,2.10486707791,51.7847426777,1774,0.241887101173
43,"[500,800)","[4.0,4.25)",3.4,3.5,3.45,97,2.16769893098,44.747911536,1871,0.25511317153
43,"[500,800)","[4.0,4.25)",3.5,3.6,3.55,130,2.23053078405,58.2820918365,2001,0.272838832833
43,"[500,800)","[4.0,4.25)",3.6,3.7,3.65,100,2.29336263712,43.6040939978,2101,0.286473956913
43,"[500,800)","[4.0,4.25)",3.7,3.8,3.75,97,2.35619449019,41.1680786131,2198,0.29970002727
43,"[500,800)","[4.0,4.25)",3.8,3.9,3.85,104,2.41902634326,42.9925041079,2302,0.313880556313
43,"[500,800)","[4.0,4.25)",3.9,4,3.95,106,2.48185819634,42.7099340955,2408,0.328333787837
43,"[500,800)","[4.0,4.25)",4,4.1,4.05,121,2.54469004941,47.5499953435,2529,0.344832287974
43,"[500,800)","[4.0,4.25)",4.1,4.2,4.15,110,2.60752190248,42.1856475665,2639,0.359830924461
43,"[500,800)","[4.0,4.25)",4.2,4.3,4.25,110,2.67035375555,41.1930440944,2749,0.374829560949
43,"[500,800)","[4.0,4.25)",4.3,4.4,4.35,141,2.73318560862,51.5881539677,2890,0.394055085901
43,"[500,800)","[4.0,4.25)",4.4,4.5,4.45,119,2.79601746169,42.5605353437,3009,0.410280883556
43,"[500,800)","[4.0,4.25)",4.5,4.6,4.55,139,2.85884931477,48.6209606369,3148,0.429233706027
43,"[500,800)","[4.0,4.25)",4.6,4.7,4.65,166,2.92168116784,56.8166033403,3314,0.451868011999
43,"[500,800)","[4.0,4.25)",4.7,4.8,4.75,150,2.98451302091,50.2594557132,3464,0.472320698118
43,"[500,800)","[4.0,4.25)",4.8,4.9,4.85,121,3.04734487398,39.7066971425,3585,0.488819198255
43,"[500,800)","[4.0,4.25)",4.9,5,4.95,128,3.11017672705,41.1552176076,3713,0.506272157077
43,"[500,800)","[4.0,4.25)",5,5.1,5.05,148,3.17300858013,46.6434288665,3861,0.526452140714
43,"[500,800)","[4.0,4.25)",5.1,5.2,5.15,167,3.2358404332,51.6094669832,4028,0.549222797927
43,"[500,800)","[4.0,4.25)",5.2,5.3,5.25,162,3.29867228627,49.1106681541,4190,0.571311698936
43,"[500,800)","[4.0,4.25)",5.3,5.4,5.35,150,3.36150413934,44.6228812407,4340,0.591764385056
43,"[500,800)","[4.0,4.25)",5.4,5.5,5.45,140,3.42433599241,40.8838385924,4480,0.610853558767
43,"[500,800)","[4.0,4.25)",5.5,5.6,5.55,151,3.48716784548,43.3016151475,4631,0.631442596128
43,"[500,800)","[4.0,4.25)",5.6,5.7,5.65,131,3.54999969856,36.9014115841,4762,0.649304608672
43,"[500,800)","[4.0,4.25)",5.7,5.8,5.75,158,3.61283155163,43.7330104496,4920,0.670848104718
43,"[500,800)","[4.0,4.25)",5.8,5.9,5.85,159,3.6756634047,43.2574973532,5079,0.692527952004
43,"[500,800)","[4.0,4.25)",5.9,6,5.95,145,3.73849525777,38.7856584005,5224,0.71229888192
43,"[500,800)","[4.0,4.25)",6,6.1,6.05,168,3.80132711084,44.1950916354,5392,0.735205890374
43,"[500,800)","[4.0,4.25)",6.1,6.2,6.15,142,3.86415896392,36.7479706001,5534,0.754567766567
43,"[500,800)","[4.0,4.25)",6.2,6.3,6.25,151,3.92699081699,38.451834251,5685,0.775156803927
43,"[500,800)","[4.0,4.25)",6.3,6.4,6.35,153,3.98982267006,38.3475689654,5838,0.796018543769
43,"[500,800)","[4.0,4.25)",6.4,6.5,6.45,151,4.05265452313,37.259529313,5989,0.816607581129
43,"[500,800)","[4.0,4.25)",6.5,6.6,6.55,142,4.1154863762,34.5038197237,6131,0.835969457322
43,"[500,800)","[4.0,4.25)",6.6,6.7,6.65,127,4.17831822927,30.3950041694,6258,0.853286064903
43,"[500,800)","[4.0,4.25)",6.7,6.8,6.75,111,4.24115008235,26.1721461973,6369,0.868421052632
43,"[500,800)","[4.0,4.25)",6.8,6.9,6.85,119,4.30398193542,27.6488149313,6488,0.884646850286
43,"[500,800)","[4.0,4.25)",6.9,7,6.95,127,4.36681378849,29.082989601,6615,0.901963457867
43,"[500,800)","[4.0,4.25)",7,7.1,7.05,105,4.42964564156,23.7039276945,6720,0.916280338151
43,"[500,800)","[4.0,4.25)",7.1,7.2,7.15,65,4.49247749463,14.4686311902,6785,0.925143168803
43,"[500,800)","[4.0,4.25)",7.2,7.3,7.25,67,4.55530934771,14.7081119823,6852,0.934278701936
43,"[500,800)","[4.0,4.25)",7.3,7.4,7.35,68,4.61814120078,14.7245389527,6920,0.94355058631
43,"[500,800)","[4.0,4.25)",7.4,7.5,7.45,44,4.68097305385,9.39975502825,6964,0.949550040905
43,"[500,800)","[4.0,4.25)",7.5,7.6,7.55,36,4.74380490692,7.58884496862,7000,0.954458685574
43,"[500,800)","[4.0,4.25)",7.6,7.7,7.65,31,4.80663675999,6.44941599457,7031,0.958685574039
43,"[500,800)","[4.0,4.25)",7.7,7.8,7.75,27,4.86946861306,5.5447528561,7058,0.96236705754
43,"[500,800)","[4.0,4.25)",7.8,7.9,7.85,20,4.93230046614,4.05490300871,7078,0.965094082356
43,"[500,800)","[4.0,4.25)",7.9,8,7.95,20,4.99513231921,4.00389793942,7098,0.967821107172
43,"[500,800)","[4.0,4.25)",8,8.1,8.05,19,5.05796417228,3.75645207298,7117,0.970411780747
43,"[500,800)","[4.0,4.25)",8.1,8.2,8.15,22,5.12079602535,4.29620705279,7139,0.973411508045
43,"[500,800)","[4.0,4.25)",8.2,8.3,8.25,15,5.18362787842,2.89372623803,7154,0.975456776657
43,"[500,800)","[4.0,4.25)",8.3,8.4,8.35,14,5.24645973149,2.66846611172,7168,0.977365694028
43,"[500,800)","[4.0,4.25)",8.4,8.5,8.45,14,5.30929158457,2.63688663111,7182,0.979274611399
43,"[500,800)","[4.0,4.25)",8.5,8.6,8.55,13,5.37212343764,2.41989971953,7195,0.981047177529
43,"[500,800)","[4.0,4.25)",8.6,8.7,8.65,13,5.43495529071,2.39192400022,7208,0.98281974366
43,"[500,800)","[4.0,4.25)",8.7,8.8,8.75,8,5.49778714378,1.45513090827,7216,0.983910553586
43,"[500,800)","[4.0,4.25)",8.8,8.9,8.85,5,5.56061899685,0.899180469446,7221,0.98459230979
43,"[500,800)","[4.0,4.25)",8.9,9,8.95,6,5.62345084993,1.06696051235,7227,0.985410417235
43,"[500,800)","[4.0,4.25)",9,9.1,9.05,7,5.686282703,1.231032709,7234,0.98636487592
43,"[500,800)","[4.0,4.25)",9.1,9.2,9.15,6,5.74911455607,1.04363897109,7240,0.987182983365
43,"[500,800)","[4.0,4.25)",9.2,9.3,9.25,3,5.81194640914,0.516178193812,7243,0.987592037088
43,"[500,800)","[4.0,4.25)",9.3,9.4,9.35,4,5.87477826221,0.68087676189,7247,0.988137442051
43,"[500,800)","[4.0,4.25)",9.4,9.5,9.45,4,5.93761011528,0.673671716791,7251,0.988682847014
43,"[500,800)","[4.0,4.25)",9.5,9.6,9.55,6,6.00044196836,0.999926344033,7257,0.989500954459
43,"[500,800)","[4.0,4.25)",9.6,9.7,9.65,3,6.06327382143,0.494782206503,7260,0.989910008181
43,"[500,800)","[4.0,4.25)",9.7,9.8,9.75,4,6.1261056745,0.652943356274,7264,0.990455413144
43,"[500,800)","[4.0,4.25)",9.8,9.9,9.85,6,6.18893752757,0.96947173457,7270,0.991273520589
43,"[500,800)","[4.0,4.25)",9.9,10,9.95,6,6.25176938064,0.959728300052,7276,0.992091628034
43,"[500,800)","[4.0,4.25)",10,10.1,10.05,1,6.31460123372,0.158363127455,7277,0.992227979275
43,"[500,800)","[4.0,4.25)",10.1,10.2,10.15,4,6.37743308679,0.627211598392,7281,0.992773384238
43,"[500,800)","[4.0,4.25)",10.2,10.3,10.25,3,6.44026493986,0.465819345635,7284,0.99318243796
43,"[500,800)","[4.0,4.25)",10.3,10.4,10.35,1,6.50309679293,0.153772891876,7285,0.993318789201
43,"[500,800)","[4.0,4.25)",10.4,10.5,10.45,5,6.565928646,0.761506904746,7290,0.994000545405
43,"[500,800)","[4.0,4.25)",10.5,10.6,10.55,4,6.62876049907,0.603431063856,7294,0.994545950368
43,"[500,800)","[4.0,4.25)",10.6,10.7,10.65,3,6.69159235215,0.448323783357,7297,0.994955004091
43,"[500,800)","[4.0,4.25)",10.7,10.8,10.75,2,6.75442420522,0.296102219706,7299,0.995227706572
43,"[500,800)","[4.0,4.25)",10.8,10.9,10.85,0,6.81725605829,0,7299,0.995227706572
43,"[500,800)","[4.0,4.25)",10.9,11,10.95,5,6.88008791136,0.726734899963,7304,0.995909462776
43,"[500,800)","[4.0,4.25)",11,11.1,11.05,4,6.94291976443,0.57612649083,7308,0.996454867739
43,"[500,800)","[4.0,4.25)",11.1,11.2,11.15,1,7.00575161751,0.142739859275,7309,0.99659121898
43,"[500,800)","[4.0,4.25)",11.2,11.3,11.25,4,7.06858347058,0.565884242105,7313,0.997136623943
43,"[500,800)","[4.0,4.25)",11.3,11.4,11.35,6,7.13141532365,0.841347716785,7319,0.997954731388
43,"[500,800)","[4.0,4.25)",11.4,11.5,11.45,1,7.19424717672,0.138999950299,7320,0.998091082629
43,"[500,800)","[4.0,4.25)",11.5,11.6,11.55,5,7.25707902979,0.688982437627,7325,0.998772838833
43,"[500,800)","[4.0,4.25)",11.6,11.7,11.65,2,7.31991088286,0.273227370115,7327,0.999045541314
43,"[500,800)","[4.0,4.25)",11.7,11.8,11.75,3,7.38274273594,0.406353046192,7330,0.999454595037
43,"[500,800)","[4.0,4.25)",11.8,11.9,11.85,0,7.44557458901,0,7330,0.999454595037
43,"[500,800)","[4.0,4.25)",11.9,12,11.95,4,7.50840644208,0.532736211186,7334,1
44,"[500,800)","[4.25,4.5)",0,0.1,0.05,0,0.0314159265359,0,0,0
44,"[500,800)","[4.25,4.5)",0.1,0.2,0.15,2,0.0942477796077,21.2206590789,2,0.000934579439252
44,"[500,800)","[4.25,4.5)",0.2,0.3,0.25,0,0.157079632679,0,2,0.000934579439252
44,"[500,800)","[4.25,4.5)",0.3,0.4,0.35,6,0.219911485751,27.28370453,8,0.00373831775701
44,"[500,800)","[4.25,4.5)",0.4,0.5,0.45,3,0.282743338823,10.6103295395,11,0.00514018691589
44,"[500,800)","[4.25,4.5)",0.5,0.6,0.55,5,0.345575191895,14.4686311902,16,0.00747663551402
44,"[500,800)","[4.25,4.5)",0.6,0.7,0.65,6,0.408407044967,14.6912255162,22,0.0102803738318
44,"[500,800)","[4.25,4.5)",0.7,0.8,0.75,10,0.471238898038,21.2206590789,32,0.014953271028
44,"[500,800)","[4.25,4.5)",0.8,0.9,0.85,11,0.53407075111,20.5965220472,43,0.0200934579439
44,"[500,800)","[4.25,4.5)",0.9,1,0.95,9,0.596902604182,15.077836714,52,0.0242990654206
44,"[500,800)","[4.25,4.5)",1,1.1,1.05,15,0.659734457254,22.7364204417,67,0.031308411215
44,"[500,800)","[4.25,4.5)",1.1,1.2,1.15,8,0.722566310326,11.0716482151,75,0.035046728972
44,"[500,800)","[4.25,4.5)",1.2,1.3,1.25,13,0.785398163397,16.5521140816,88,0.0411214953271
44,"[500,800)","[4.25,4.5)",1.3,1.4,1.35,12,0.848230016469,14.1471060526,100,0.0467289719626
44,"[500,800)","[4.25,4.5)",1.4,1.5,1.45,5,0.911061869541,5.48810148593,105,0.0490654205607
44,"[500,800)","[4.25,4.5)",1.5,1.6,1.55,13,0.973893722613,13.348479098,118,0.0551401869159
44,"[500,800)","[4.25,4.5)",1.6,1.7,1.65,17,1.03672557568,16.3977820155,135,0.0630841121495
44,"[500,800)","[4.25,4.5)",1.7,1.8,1.75,15,1.09955742876,13.641852265,150,0.0700934579439
44,"[500,800)","[4.25,4.5)",1.8,1.9,1.85,18,1.16238928183,15.4853458143,168,0.0785046728972
44,"[500,800)","[4.25,4.5)",1.9,2,1.95,18,1.2252211349,14.6912255162,186,0.0869158878505
44,"[500,800)","[4.25,4.5)",2,2.1,2.05,22,1.28805298797,17.0800426733,208,0.0971962616822
44,"[500,800)","[4.25,4.5)",2.1,2.2,2.15,18,1.35088484104,13.3245998868,226,0.105607476636
44,"[500,800)","[4.25,4.5)",2.2,2.3,2.25,22,1.41371669412,15.5618166579,248,0.115887850467
44,"[500,800)","[4.25,4.5)",2.3,2.4,2.35,23,1.47654854719,15.5768667707,271,0.126635514019
44,"[500,800)","[4.25,4.5)",2.4,2.5,2.45,10,1.53938040026,6.4961201262,281,0.131308411215
44,"[500,800)","[4.25,4.5)",2.5,2.6,2.55,26,1.60221225333,16.2275628251,307,0.143457943925
44,"[500,800)","[4.25,4.5)",2.6,2.7,2.65,24,1.6650441064,14.4140325819,331,0.154672897196
44,"[500,800)","[4.25,4.5)",2.7,2.8,2.75,30,1.72787595947,17.3623574282,361,0.168691588785
44,"[500,800)","[4.25,4.5)",2.8,2.9,2.85,12,1.79070781255,6.70126076176,373,0.174299065421
44,"[500,800)","[4.25,4.5)",2.9,3,2.95,22,1.85353966562,11.8691821967,395,0.184579439252
44,"[500,800)","[4.25,4.5)",3,3.1,3.05,23,1.91637151869,12.0018481676,418,0.195327102804
44,"[500,800)","[4.25,4.5)",3.1,3.2,3.15,26,1.97920337176,13.1365984774,444,0.207476635514
44,"[500,800)","[4.25,4.5)",3.2,3.3,3.25,28,2.04203522483,13.7118104818,472,0.220560747664
44,"[500,800)","[4.25,4.5)",3.3,3.4,3.35,26,2.10486707791,12.3523239415,498,0.232710280374
44,"[500,800)","[4.25,4.5)",3.4,3.5,3.45,33,2.16769893098,15.2235162957,531,0.248130841121
44,"[500,800)","[4.25,4.5)",3.5,3.6,3.55,38,2.23053078405,17.0363037676,569,0.265887850467
44,"[500,800)","[4.25,4.5)",3.6,3.7,3.65,29,2.29336263712,12.6451872594,598,0.279439252336
44,"[500,800)","[4.25,4.5)",3.7,3.8,3.75,37,2.35619449019,15.7032877184,635,0.296728971963
44,"[500,800)","[4.25,4.5)",3.8,3.9,3.85,36,2.41902634326,14.8820206527,671,0.313551401869
44,"[500,800)","[4.25,4.5)",3.9,4,3.95,45,2.48185819634,18.1315757953,716,0.334579439252
44,"[500,800)","[4.25,4.5)",4,4.1,4.05,36,2.54469004941,14.1471060526,752,0.351401869159
44,"[500,800)","[4.25,4.5)",4.1,4.2,4.15,24,2.60752190248,9.20414128724,776,0.36261682243
44,"[500,800)","[4.25,4.5)",4.2,4.3,4.25,27,2.67035375555,10.1110199141,803,0.37523364486
44,"[500,800)","[4.25,4.5)",4.3,4.4,4.35,32,2.73318560862,11.7079498366,835,0.390186915888
44,"[500,800)","[4.25,4.5)",4.4,4.5,4.45,34,2.79601746169,12.1601529553,869,0.406074766355
44,"[500,800)","[4.25,4.5)",4.5,4.6,4.55,36,2.85884931477,12.5924790139,905,0.422897196262
44,"[500,800)","[4.25,4.5)",4.6,4.7,4.65,34,2.92168116784,11.6371356239,939,0.438785046729
44,"[500,800)","[4.25,4.5)",4.7,4.8,4.75,30,2.98451302091,10.0518911426,969,0.452803738318
44,"[500,800)","[4.25,4.5)",4.8,4.9,4.85,47,3.04734487398,15.4232625264,1016,0.47476635514
44,"[500,800)","[4.25,4.5)",4.9,5,4.95,31,3.11017672705,9.96727926434,1047,0.489252336449
44,"[500,800)","[4.25,4.5)",5,5.1,5.05,35,3.17300858013,11.0305406103,1082,0.505607476636
44,"[500,800)","[4.25,4.5)",5.1,5.2,5.15,36,3.2358404332,11.1253940802,1118,0.522429906542
44,"[500,800)","[4.25,4.5)",5.2,5.3,5.25,44,3.29867228627,13.3386999925,1162,0.542990654206
44,"[500,800)","[4.25,4.5)",5.3,5.4,5.35,37,3.36150413934,11.0069773727,1199,0.560280373832
44,"[500,800)","[4.25,4.5)",5.4,5.5,5.45,45,3.42433599241,13.1412338333,1244,0.581308411215
44,"[500,800)","[4.25,4.5)",5.5,5.6,5.55,45,3.48716784548,12.9044548453,1289,0.602336448598
44,"[500,800)","[4.25,4.5)",5.6,5.7,5.65,27,3.54999969856,7.60563444864,1316,0.614953271028
44,"[500,800)","[4.25,4.5)",5.7,5.8,5.75,34,3.61283155163,9.41090098283,1350,0.630841121495
44,"[500,800)","[4.25,4.5)",5.8,5.9,5.85,26,3.6756634047,7.07355302631,1376,0.642990654206
44,"[500,800)","[4.25,4.5)",5.9,6,5.95,32,3.73849525777,8.55959357805,1408,0.657943925234
44,"[500,800)","[4.25,4.5)",6,6.1,6.05,41,3.80132711084,10.7857068872,1449,0.677102803738
44,"[500,800)","[4.25,4.5)",6.1,6.2,6.15,38,3.86415896392,9.8339639634,1487,0.694859813084
44,"[500,800)","[4.25,4.5)",6.2,6.3,6.25,28,3.92699081699,7.13014145052,1515,0.707943925234
44,"[500,800)","[4.25,4.5)",6.3,6.4,6.35,37,3.98982267006,9.27359510929,1552,0.72523364486
44,"[500,800)","[4.25,4.5)",6.4,6.5,6.45,23,4.05265452313,5.67529254436,1575,0.735981308411
44,"[500,800)","[4.25,4.5)",6.5,6.6,6.55,32,4.1154863762,7.77550867014,1607,0.750934579439
44,"[500,800)","[4.25,4.5)",6.6,6.7,6.65,28,4.17831822927,6.70126076176,1635,0.764018691589
44,"[500,800)","[4.25,4.5)",6.7,6.8,6.75,30,4.24115008235,7.07355302631,1665,0.778037383178
44,"[500,800)","[4.25,4.5)",6.8,6.9,6.85,37,4.30398193542,8.59669035679,1702,0.795327102804
44,"[500,800)","[4.25,4.5)",6.9,7,6.95,18,4.36681378849,4.12199852612,1720,0.803738317757
44,"[500,800)","[4.25,4.5)",7,7.1,7.05,26,4.42964564156,5.86954400055,1746,0.815887850467
44,"[500,800)","[4.25,4.5)",7.1,7.2,7.15,27,4.49247749463,6.01004680207,1773,0.828504672897
44,"[500,800)","[4.25,4.5)",7.2,7.3,7.25,18,4.55530934771,3.95143306987,1791,0.83691588785
44,"[500,800)","[4.25,4.5)",7.3,7.4,7.35,25,4.61814120078,5.4134334385,1816,0.848598130841
44,"[500,800)","[4.25,4.5)",7.4,7.5,7.45,25,4.68097305385,5.34076990241,1841,0.860280373832
44,"[500,800)","[4.25,4.5)",7.5,7.6,7.55,15,4.74380490692,3.16201873693,1856,0.867289719626
44,"[500,800)","[4.25,4.5)",7.6,7.7,7.65,19,4.80663675999,3.95286786764,1875,0.876168224299
44,"[500,800)","[4.25,4.5)",7.7,7.8,7.75,14,4.86946861306,2.8750570365,1889,0.882710280374
44,"[500,800)","[4.25,4.5)",7.8,7.9,7.85,15,4.93230046614,3.04117725653,1904,0.889719626168
44,"[500,800)","[4.25,4.5)",7.9,8,7.95,16,4.99513231921,3.20311835154,1920,0.897196261682
44,"[500,800)","[4.25,4.5)",8,8.1,8.05,14,5.05796417228,2.76791205377,1934,0.903738317757
44,"[500,800)","[4.25,4.5)",8.1,8.2,8.15,12,5.12079602535,2.34338566516,1946,0.909345794393
44,"[500,800)","[4.25,4.5)",8.2,8.3,8.25,19,5.18362787842,3.66538656818,1965,0.918224299065
44,"[500,800)","[4.25,4.5)",8.3,8.4,8.35,16,5.24645973149,3.04967555625,1981,0.925700934579
44,"[500,800)","[4.25,4.5)",8.4,8.5,8.45,12,5.30929158457,2.26018854095,1993,0.931308411215
44,"[500,800)","[4.25,4.5)",8.5,8.6,8.55,15,5.37212343764,2.79219198407,2008,0.938317757009
44,"[500,800)","[4.25,4.5)",8.6,8.7,8.65,10,5.43495529071,1.83994153863,2018,0.942990654206
44,"[500,800)","[4.25,4.5)",8.7,8.8,8.75,9,5.49778714378,1.6370222718,2027,0.947196261682
44,"[500,800)","[4.25,4.5)",8.8,8.9,8.85,9,5.56061899685,1.618524845,2036,0.951401869159
44,"[500,800)","[4.25,4.5)",8.9,9,8.95,14,5.62345084993,2.48957452881,2050,0.957943925234
44,"[500,800)","[4.25,4.5)",9,9.1,9.05,10,5.686282703,1.75861815571,2060,0.96261682243
44,"[500,800)","[4.25,4.5)",9.1,9.2,9.15,7,5.74911455607,1.21757879961,2067,0.965887850467
44,"[500,800)","[4.25,4.5)",9.2,9.3,9.25,4,5.81194640914,0.688237591749,2071,0.967757009346
44,"[500,800)","[4.25,4.5)",9.3,9.4,9.35,8,5.87477826221,1.36175352378,2079,0.971495327103
44,"[500,800)","[4.25,4.5)",9.4,9.5,9.45,7,5.93761011528,1.17892550438,2086,0.97476635514
44,"[500,800)","[4.25,4.5)",9.5,9.6,9.55,3,6.00044196836,0.499963172016,2089,0.976168224299
44,"[500,800)","[4.25,4.5)",9.6,9.7,9.65,3,6.06327382143,0.494782206503,2092,0.977570093458
44,"[500,800)","[4.25,4.5)",9.7,9.8,9.75,4,6.1261056745,0.652943356274,2096,0.979439252336
44,"[500,800)","[4.25,4.5)",9.8,9.9,9.85,4,6.18893752757,0.646314489713,2100,0.981308411215
44,"[500,800)","[4.25,4.5)",9.9,10,9.95,2,6.25176938064,0.319909433351,2102,0.982242990654
44,"[500,800)","[4.25,4.5)",10,10.1,10.05,5,6.31460123372,0.791815637273,2107,0.984579439252
44,"[500,800)","[4.25,4.5)",10.1,10.2,10.15,4,6.37743308679,0.627211598392,2111,0.986448598131
44,"[500,800)","[4.25,4.5)",10.2,10.3,10.25,3,6.44026493986,0.465819345635,2114,0.98785046729
44,"[500,800)","[4.25,4.5)",10.3,10.4,10.35,1,6.50309679293,0.153772891876,2115,0.988317757009
44,"[500,800)","[4.25,4.5)",10.4,10.5,10.45,6,6.565928646,0.913808285695,2121,0.991121495327
44,"[500,800)","[4.25,4.5)",10.5,10.6,10.55,2,6.62876049907,0.301715531928,2123,0.992056074766
44,"[500,800)","[4.25,4.5)",10.6,10.7,10.65,5,6.69159235215,0.747206305596,2128,0.994392523364
44,"[500,800)","[4.25,4.5)",10.7,10.8,10.75,1,6.75442420522,0.148051109853,2129,0.994859813084
44,"[500,800)","[4.25,4.5)",10.8,10.9,10.85,1,6.81725605829,0.146686583495,2130,0.995327102804
44,"[500,800)","[4.25,4.5)",10.9,11,10.95,1,6.88008791136,0.145346979993,2131,0.995794392523
44,"[500,800)","[4.25,4.5)",11,11.1,11.05,1,6.94291976443,0.144031622708,2132,0.996261682243
44,"[500,800)","[4.25,4.5)",11.1,11.2,11.15,0,7.00575161751,0,2132,0.996261682243
44,"[500,800)","[4.25,4.5)",11.2,11.3,11.25,0,7.06858347058,0,2132,0.996261682243
44,"[500,800)","[4.25,4.5)",11.3,11.4,11.35,0,7.13141532365,0,2132,0.996261682243
44,"[500,800)","[4.25,4.5)",11.4,11.5,11.45,2,7.19424717672,0.277999900597,2134,0.997196261682
44,"[500,800)","[4.25,4.5)",11.5,11.6,11.55,1,7.25707902979,0.137796487525,2135,0.997663551402
44,"[500,800)","[4.25,4.5)",11.6,11.7,11.65,3,7.31991088286,0.409841055172,2138,0.999065420561
44,"[500,800)","[4.25,4.5)",11.7,11.8,11.75,0,7.38274273594,0,2138,0.999065420561
44,"[500,800)","[4.25,4.5)",11.8,11.9,11.85,0,7.44557458901,0,2138,0.999065420561
44,"[500,800)","[4.25,4.5)",11.9,12,11.95,2,7.50840644208,0.266368105593,2140,1
45,"[500,800)","[4.5,4.75)",0,0.1,0.05,1,0.0314159265359,31.8309886184,1,0.0011961722488
45,"[500,800)","[4.5,4.75)",0.1,0.2,0.15,2,0.0942477796077,21.2206590789,3,0.00358851674641
45,"[500,800)","[4.5,4.75)",0.2,0.3,0.25,1,0.157079632679,6.36619772368,4,0.00478468899522
45,"[500,800)","[4.5,4.75)",0.3,0.4,0.35,1,0.219911485751,4.54728408834,5,0.00598086124402
45,"[500,800)","[4.5,4.75)",0.4,0.5,0.45,1,0.282743338823,3.53677651315,6,0.00717703349282
45,"[500,800)","[4.5,4.75)",0.5,0.6,0.55,2,0.345575191895,5.78745247607,8,0.00956937799043
45,"[500,800)","[4.5,4.75)",0.6,0.7,0.65,2,0.408407044967,4.89707517206,10,0.011961722488
45,"[500,800)","[4.5,4.75)",0.7,0.8,0.75,2,0.471238898038,4.24413181578,12,0.0143540669856
45,"[500,800)","[4.5,4.75)",0.8,0.9,0.85,7,0.53407075111,13.1068776664,19,0.0227272727273
45,"[500,800)","[4.5,4.75)",0.9,1,0.95,5,0.596902604182,8.37657595221,24,0.0287081339713
45,"[500,800)","[4.5,4.75)",1,1.1,1.05,6,0.659734457254,9.09456817668,30,0.0358851674641
45,"[500,800)","[4.5,4.75)",1.1,1.2,1.15,3,0.722566310326,4.15186808066,33,0.0394736842105
45,"[500,800)","[4.5,4.75)",1.2,1.3,1.25,6,0.785398163397,7.63943726841,39,0.0466507177033
45,"[500,800)","[4.5,4.75)",1.3,1.4,1.35,4,0.848230016469,4.71570201754,43,0.0514354066986
45,"[500,800)","[4.5,4.75)",1.4,1.5,1.45,1,0.911061869541,1.09762029719,44,0.0526315789474
45,"[500,800)","[4.5,4.75)",1.5,1.6,1.55,6,0.973893722613,6.16083650678,50,0.0598086124402
45,"[500,800)","[4.5,4.75)",1.6,1.7,1.65,7,1.03672557568,6.75202788875,57,0.0681818181818
45,"[500,800)","[4.5,4.75)",1.7,1.8,1.75,8,1.09955742876,7.27565454134,65,0.0777511961722
45,"[500,800)","[4.5,4.75)",1.8,1.9,1.85,5,1.16238928183,4.30148494843,70,0.0837320574163
45,"[500,800)","[4.5,4.75)",1.9,2,1.95,6,1.2252211349,4.89707517206,76,0.0909090909091
45,"[500,800)","[4.5,4.75)",2,2.1,2.05,4,1.28805298797,3.10546230423,80,0.0956937799043
45,"[500,800)","[4.5,4.75)",2.1,2.2,2.15,6,1.35088484104,4.44153329559,86,0.102870813397
45,"[500,800)","[4.5,4.75)",2.2,2.3,2.25,9,1.41371669412,6.36619772368,95,0.113636363636
45,"[500,800)","[4.5,4.75)",2.3,2.4,2.35,5,1.47654854719,3.38627538493,100,0.11961722488
45,"[500,800)","[4.5,4.75)",2.4,2.5,2.45,9,1.53938040026,5.84650811358,109,0.13038277512
45,"[500,800)","[4.5,4.75)",2.5,2.6,2.55,5,1.60221225333,3.12068515866,114,0.136363636364
45,"[500,800)","[4.5,4.75)",2.6,2.7,2.65,9,1.6650441064,5.40526221822,123,0.147129186603
45,"[500,800)","[4.5,4.75)",2.7,2.8,2.75,9,1.72787595947,5.20870722846,132,0.157894736842
45,"[500,800)","[4.5,4.75)",2.8,2.9,2.85,18,1.79070781255,10.0518911426,150,0.179425837321
45,"[500,800)","[4.5,4.75)",2.9,3,2.95,4,1.85353966562,2.15803312667,154,0.184210526316
45,"[500,800)","[4.5,4.75)",3,3.1,3.05,6,1.91637151869,3.13091691328,160,0.191387559809
45,"[500,800)","[4.5,4.75)",3.1,3.2,3.15,8,1.97920337176,4.04203030075,168,0.200956937799
45,"[500,800)","[4.5,4.75)",3.2,3.3,3.25,10,2.04203522483,4.89707517206,178,0.212918660287
45,"[500,800)","[4.5,4.75)",3.3,3.4,3.35,10,2.10486707791,4.75089382364,188,0.224880382775
45,"[500,800)","[4.5,4.75)",3.4,3.5,3.45,14,2.16769893098,6.4584614588,202,0.241626794258
45,"[500,800)","[4.5,4.75)",3.5,3.6,3.55,10,2.23053078405,4.48323783357,212,0.253588516746
45,"[500,800)","[4.5,4.75)",3.6,3.7,3.65,4,2.29336263712,1.74416375991,216,0.258373205742
45,"[500,800)","[4.5,4.75)",3.7,3.8,3.75,14,2.35619449019,5.9417845421,230,0.275119617225
45,"[500,800)","[4.5,4.75)",3.8,3.9,3.85,7,2.41902634326,2.89372623803,237,0.283492822967
45,"[500,800)","[4.5,4.75)",3.9,4,3.95,9,2.48185819634,3.62631515906,246,0.294258373206
45,"[500,800)","[4.5,4.75)",4,4.1,4.05,15,2.54469004941,5.89462752192,261,0.312200956938
45,"[500,800)","[4.5,4.75)",4.1,4.2,4.15,10,2.60752190248,3.83505886968,271,0.324162679426
45,"[500,800)","[4.5,4.75)",4.2,4.3,4.25,12,2.67035375555,4.49378662848,283,0.338516746411
45,"[500,800)","[4.5,4.75)",4.3,4.4,4.35,10,2.73318560862,3.65873432395,293,0.3504784689
45,"[500,800)","[4.5,4.75)",4.4,4.5,4.45,10,2.79601746169,3.5765155751,303,0.362440191388
45,"[500,800)","[4.5,4.75)",4.5,4.6,4.55,9,2.85884931477,3.14811975347,312,0.373205741627
45,"[500,800)","[4.5,4.75)",4.6,4.7,4.65,13,2.92168116784,4.44949303268,325,0.388755980861
45,"[500,800)","[4.5,4.75)",4.7,4.8,4.75,15,2.98451302091,5.02594557132,340,0.406698564593
45,"[500,800)","[4.5,4.75)",4.8,4.9,4.85,10,3.04734487398,3.28154521839,350,0.418660287081
45,"[500,800)","[4.5,4.75)",4.9,5,4.95,12,3.11017672705,3.85830165071,362,0.433014354067
45,"[500,800)","[4.5,4.75)",5,5.1,5.05,11,3.17300858013,3.46674133467,373,0.446172248804
45,"[500,800)","[4.5,4.75)",5.1,5.2,5.15,9,3.2358404332,2.78134852005,382,0.456937799043
45,"[500,800)","[4.5,4.75)",5.2,5.3,5.25,18,3.29867228627,5.45674090601,400,0.478468899522
45,"[500,800)","[4.5,4.75)",5.3,5.4,5.35,9,3.36150413934,2.67737287444,409,0.489234449761
45,"[500,800)","[4.5,4.75)",5.4,5.5,5.45,11,3.42433599241,3.21230160369,420,0.502392344498
45,"[500,800)","[4.5,4.75)",5.5,5.6,5.55,14,3.48716784548,4.0147192852,434,0.519138755981
45,"[500,800)","[4.5,4.75)",5.6,5.7,5.65,12,3.54999969856,3.38028197717,446,0.533492822967
45,"[500,800)","[4.5,4.75)",5.7,5.8,5.75,10,3.61283155163,2.76791205377,456,0.545454545455
45,"[500,800)","[4.5,4.75)",5.8,5.9,5.85,17,3.6756634047,4.62501544028,473,0.565789473684
45,"[500,800)","[4.5,4.75)",5.9,6,5.95,12,3.73849525777,3.20984759177,485,0.58014354067
45,"[500,800)","[4.5,4.75)",6,6.1,6.05,10,3.80132711084,2.63066021639,495,0.592105263158
45,"[500,800)","[4.5,4.75)",6.1,6.2,6.15,8,3.86415896392,2.07030820282,503,0.601674641148
45,"[500,800)","[4.5,4.75)",6.2,6.3,6.25,10,3.92699081699,2.54647908947,513,0.613636363636
45,"[500,800)","[4.5,4.75)",6.3,6.4,6.35,11,3.98982267006,2.75701476222,524,0.626794258373
45,"[500,800)","[4.5,4.75)",6.4,6.5,6.45,16,4.05265452313,3.94802959608,540,0.645933014354
45,"[500,800)","[4.5,4.75)",6.5,6.6,6.55,10,4.1154863762,2.42984645942,550,0.657894736842
45,"[500,800)","[4.5,4.75)",6.6,6.7,6.65,11,4.17831822927,2.63263815641,561,0.671052631579
45,"[500,800)","[4.5,4.75)",6.7,6.8,6.75,9,4.24115008235,2.12206590789,570,0.681818181818
45,"[500,800)","[4.5,4.75)",6.8,6.9,6.85,7,4.30398193542,1.62640087831,577,0.69019138756
45,"[500,800)","[4.5,4.75)",6.9,7,6.95,12,4.36681378849,2.74799901741,589,0.704545454545
45,"[500,800)","[4.5,4.75)",7,7.1,7.05,12,4.42964564156,2.70902030795,601,0.718899521531
45,"[500,800)","[4.5,4.75)",7.1,7.2,7.15,7,4.49247749463,1.55816028202,608,0.727272727273
45,"[500,800)","[4.5,4.75)",7.2,7.3,7.25,8,4.55530934771,1.7561924755,616,0.736842105263
45,"[500,800)","[4.5,4.75)",7.3,7.4,7.35,15,4.61814120078,3.2480600631,631,0.754784688995
45,"[500,800)","[4.5,4.75)",7.4,7.5,7.45,14,4.68097305385,2.99083114535,645,0.771531100478
45,"[500,800)","[4.5,4.75)",7.5,7.6,7.55,11,4.74380490692,2.31881374041,656,0.784688995215
45,"[500,800)","[4.5,4.75)",7.6,7.7,7.65,6,4.80663675999,1.24827406347,662,0.791866028708
45,"[500,800)","[4.5,4.75)",7.7,7.8,7.75,6,4.86946861306,1.23216730136,668,0.799043062201
45,"[500,800)","[4.5,4.75)",7.8,7.9,7.85,8,4.93230046614,1.62196120348,676,0.808612440191
45,"[500,800)","[4.5,4.75)",7.9,8,7.95,8,4.99513231921,1.60155917577,684,0.818181818182
45,"[500,800)","[4.5,4.75)",8,8.1,8.05,7,5.05796417228,1.38395602689,691,0.826555023923
45,"[500,800)","[4.5,4.75)",8.1,8.2,8.15,12,5.12079602535,2.34338566516,703,0.840909090909
45,"[500,800)","[4.5,4.75)",8.2,8.3,8.25,11,5.18362787842,2.12206590789,714,0.854066985646
45,"[500,800)","[4.5,4.75)",8.3,8.4,8.35,5,5.24645973149,0.953023611329,719,0.86004784689
45,"[500,800)","[4.5,4.75)",8.4,8.5,8.45,7,5.30929158457,1.31844331555,726,0.868421052632
45,"[500,800)","[4.5,4.75)",8.5,8.6,8.55,8,5.37212343764,1.48916905817,734,0.877990430622
45,"[500,800)","[4.5,4.75)",8.6,8.7,8.65,7,5.43495529071,1.28795907704,741,0.886363636364
45,"[500,800)","[4.5,4.75)",8.7,8.8,8.75,3,5.49778714378,0.545674090601,744,0.88995215311
45,"[500,800)","[4.5,4.75)",8.8,8.9,8.85,6,5.56061899685,1.07901656333,750,0.897129186603
45,"[500,800)","[4.5,4.75)",8.9,9,8.95,4,5.62345084993,0.711307008232,754,0.901913875598
45,"[500,800)","[4.5,4.75)",9,9.1,9.05,4,5.686282703,0.703447262285,758,0.906698564593
45,"[500,800)","[4.5,4.75)",9.1,9.2,9.15,4,5.74911455607,0.695759314063,762,0.911483253589
45,"[500,800)","[4.5,4.75)",9.2,9.3,9.25,6,5.81194640914,1.03235638762,768,0.918660287081
45,"[500,800)","[4.5,4.75)",9.3,9.4,9.35,3,5.87477826221,0.510657571418,771,0.922248803828
45,"[500,800)","[4.5,4.75)",9.4,9.5,9.45,5,5.93761011528,0.842089645989,776,0.928229665072
45,"[500,800)","[4.5,4.75)",9.5,9.6,9.55,7,6.00044196836,1.1665807347,783,0.936602870813
45,"[500,800)","[4.5,4.75)",9.6,9.7,9.65,7,6.06327382143,1.15449181517,790,0.944976076555
45,"[500,800)","[4.5,4.75)",9.7,9.8,9.75,3,6.1261056745,0.489707517206,793,0.948564593301
45,"[500,800)","[4.5,4.75)",9.8,9.9,9.85,1,6.18893752757,0.161578622428,794,0.94976076555
45,"[500,800)","[4.5,4.75)",9.9,10,9.95,8,6.25176938064,1.2796377334,802,0.959330143541
45,"[500,800)","[4.5,4.75)",10,10.1,10.05,4,6.31460123372,0.633452509818,806,0.964114832536
45,"[500,800)","[4.5,4.75)",10.1,10.2,10.15,3,6.37743308679,0.470408698794,809,0.967703349282
45,"[500,800)","[4.5,4.75)",10.2,10.3,10.25,4,6.44026493986,0.621092460846,813,0.972488038278
45,"[500,800)","[4.5,4.75)",10.3,10.4,10.35,4,6.50309679293,0.615091567505,817,0.977272727273
45,"[500,800)","[4.5,4.75)",10.4,10.5,10.45,1,6.565928646,0.152301380949,818,0.978468899522
45,"[500,800)","[4.5,4.75)",10.5,10.6,10.55,3,6.62876049907,0.452573297892,821,0.982057416268
45,"[500,800)","[4.5,4.75)",10.6,10.7,10.65,0,6.69159235215,0,821,0.982057416268
45,"[500,800)","[4.5,4.75)",10.7,10.8,10.75,1,6.75442420522,0.148051109853,822,0.983253588517
45,"[500,800)","[4.5,4.75)",10.8,10.9,10.85,2,6.81725605829,0.29337316699,824,0.985645933014
45,"[500,800)","[4.5,4.75)",10.9,11,10.95,2,6.88008791136,0.290693959985,826,0.988038277512
45,"[500,800)","[4.5,4.75)",11,11.1,11.05,1,6.94291976443,0.144031622708,827,0.989234449761
45,"[500,800)","[4.5,4.75)",11.1,11.2,11.15,1,7.00575161751,0.142739859275,828,0.99043062201
45,"[500,800)","[4.5,4.75)",11.2,11.3,11.25,1,7.06858347058,0.141471060526,829,0.991626794258
45,"[500,800)","[4.5,4.75)",11.3,11.4,11.35,1,7.13141532365,0.140224619464,830,0.992822966507
45,"[500,800)","[4.5,4.75)",11.4,11.5,11.45,4,7.19424717672,0.555999801194,834,0.997607655502
45,"[500,800)","[4.5,4.75)",11.5,11.6,11.55,0,7.25707902979,0,834,0.997607655502
45,"[500,800)","[4.5,4.75)",11.6,11.7,11.65,0,7.31991088286,0,834,0.997607655502
45,"[500,800)","[4.5,4.75)",11.7,11.8,11.75,2,7.38274273594,0.270902030795,836,1
45,"[500,800)","[4.5,4.75)",11.8,11.9,11.85,0,7.44557458901,0,836,1
45,"[500,800)","[4.5,4.75)",11.9,12,11.95,0,7.50840644208,0,836,1
46,"[500,800)","[4.75,5.0)",0,0.1,0.05,0,0.0314159265359,0,0,0
46,"[500,800)","[4.75,5.0)",0.1,0.2,0.15,0,0.0942477796077,0,0,0
46,"[500,800)","[4.75,5.0)",0.2,0.3,0.25,2,0.157079632679,12.7323954474,2,0.00552486187845
46,"[500,800)","[4.75,5.0)",0.3,0.4,0.35,1,0.219911485751,4.54728408834,3,0.00828729281768
46,"[500,800)","[4.75,5.0)",0.4,0.5,0.45,1,0.282743338823,3.53677651315,4,0.0110497237569
46,"[500,800)","[4.75,5.0)",0.5,0.6,0.55,1,0.345575191895,2.89372623803,5,0.0138121546961
46,"[500,800)","[4.75,5.0)",0.6,0.7,0.65,1,0.408407044967,2.44853758603,6,0.0165745856354
46,"[500,800)","[4.75,5.0)",0.7,0.8,0.75,1,0.471238898038,2.12206590789,7,0.0193370165746
46,"[500,800)","[4.75,5.0)",0.8,0.9,0.85,0,0.53407075111,0,7,0.0193370165746
46,"[500,800)","[4.75,5.0)",0.9,1,0.95,0,0.596902604182,0,7,0.0193370165746
46,"[500,800)","[4.75,5.0)",1,1.1,1.05,1,0.659734457254,1.51576136278,8,0.0220994475138
46,"[500,800)","[4.75,5.0)",1.1,1.2,1.15,3,0.722566310326,4.15186808066,11,0.0303867403315
46,"[500,800)","[4.75,5.0)",1.2,1.3,1.25,1,0.785398163397,1.27323954474,12,0.0331491712707
46,"[500,800)","[4.75,5.0)",1.3,1.4,1.35,3,0.848230016469,3.53677651315,15,0.0414364640884
46,"[500,800)","[4.75,5.0)",1.4,1.5,1.45,2,0.911061869541,2.19524059437,17,0.0469613259669
46,"[500,800)","[4.75,5.0)",1.5,1.6,1.55,3,0.973893722613,3.08041825339,20,0.0552486187845
46,"[500,800)","[4.75,5.0)",1.6,1.7,1.65,5,1.03672557568,4.82287706339,25,0.0690607734807
46,"[500,800)","[4.75,5.0)",1.7,1.8,1.75,2,1.09955742876,1.81891363534,27,0.0745856353591
46,"[500,800)","[4.75,5.0)",1.8,1.9,1.85,2,1.16238928183,1.72059397937,29,0.0801104972376
46,"[500,800)","[4.75,5.0)",1.9,2,1.95,3,1.2252211349,2.44853758603,32,0.0883977900552
46,"[500,800)","[4.75,5.0)",2,2.1,2.05,2,1.28805298797,1.55273115212,34,0.0939226519337
46,"[500,800)","[4.75,5.0)",2.1,2.2,2.15,1,1.35088484104,0.740255549265,35,0.0966850828729
46,"[500,800)","[4.75,5.0)",2.2,2.3,2.25,2,1.41371669412,1.41471060526,37,0.102209944751
46,"[500,800)","[4.75,5.0)",2.3,2.4,2.35,1,1.47654854719,0.677255076987,38,0.104972375691
46,"[500,800)","[4.75,5.0)",2.4,2.5,2.45,5,1.53938040026,3.2480600631,43,0.118784530387
46,"[500,800)","[4.75,5.0)",2.5,2.6,2.55,4,1.60221225333,2.49654812693,47,0.129834254144
46,"[500,800)","[4.75,5.0)",2.6,2.7,2.65,6,1.6650441064,3.60350814548,53,0.146408839779
46,"[500,800)","[4.75,5.0)",2.7,2.8,2.75,1,1.72787595947,0.578745247607,54,0.149171270718
46,"[500,800)","[4.75,5.0)",2.8,2.9,2.85,0,1.79070781255,0,54,0.149171270718
46,"[500,800)","[4.75,5.0)",2.9,3,2.95,3,1.85353966562,1.618524845,57,0.157458563536
46,"[500,800)","[4.75,5.0)",3,3.1,3.05,1,1.91637151869,0.521819485547,58,0.160220994475
46,"[500,800)","[4.75,5.0)",3.1,3.2,3.15,5,1.97920337176,2.52626893797,63,0.174033149171
46,"[500,800)","[4.75,5.0)",3.2,3.3,3.25,2,2.04203522483,0.979415034412,65,0.17955801105
46,"[500,800)","[4.75,5.0)",3.3,3.4,3.35,2,2.10486707791,0.950178764728,67,0.185082872928
46,"[500,800)","[4.75,5.0)",3.4,3.5,3.45,5,2.16769893098,2.30659337814,72,0.198895027624
46,"[500,800)","[4.75,5.0)",3.5,3.6,3.55,4,2.23053078405,1.79329513343,76,0.209944751381
46,"[500,800)","[4.75,5.0)",3.6,3.7,3.65,4,2.29336263712,1.74416375991,80,0.220994475138
46,"[500,800)","[4.75,5.0)",3.7,3.8,3.75,8,2.35619449019,3.39530545263,88,0.243093922652
46,"[500,800)","[4.75,5.0)",3.8,3.9,3.85,6,2.41902634326,2.48033677546,94,0.259668508287
46,"[500,800)","[4.75,5.0)",3.9,4,3.95,2,2.48185819634,0.805847813124,96,0.265193370166
46,"[500,800)","[4.75,5.0)",4,4.1,4.05,5,2.54469004941,1.96487584064,101,0.279005524862
46,"[500,800)","[4.75,5.0)",4.1,4.2,4.15,4,2.60752190248,1.53402354787,105,0.290055248619
46,"[500,800)","[4.75,5.0)",4.2,4.3,4.25,5,2.67035375555,1.8724110952,110,0.303867403315
46,"[500,800)","[4.75,5.0)",4.3,4.4,4.35,9,2.73318560862,3.29286089156,119,0.328729281768
46,"[500,800)","[4.75,5.0)",4.4,4.5,4.45,2,2.79601746169,0.71530311502,121,0.334254143646
46,"[500,800)","[4.75,5.0)",4.5,4.6,4.55,4,2.85884931477,1.39916433487,125,0.345303867403
46,"[500,800)","[4.75,5.0)",4.6,4.7,4.65,5,2.92168116784,1.71134347411,130,0.359116022099
46,"[500,800)","[4.75,5.0)",4.7,4.8,4.75,6,2.98451302091,2.01037822853,136,0.375690607735
46,"[500,800)","[4.75,5.0)",4.8,4.9,4.85,8,3.04734487398,2.62523617471,144,0.397790055249
46,"[500,800)","[4.75,5.0)",4.9,5,4.95,7,3.11017672705,2.25067596292,151,0.417127071823
46,"[500,800)","[4.75,5.0)",5,5.1,5.05,3,3.17300858013,0.945474909457,154,0.425414364641
46,"[500,800)","[4.75,5.0)",5.1,5.2,5.15,5,3.2358404332,1.54519362225,159,0.439226519337
46,"[500,800)","[4.75,5.0)",5.2,5.3,5.25,7,3.29867228627,2.12206590789,166,0.458563535912
46,"[500,800)","[4.75,5.0)",5.3,5.4,5.35,1,3.36150413934,0.297485874938,167,0.461325966851
46,"[500,800)","[4.75,5.0)",5.4,5.5,5.45,3,3.42433599241,0.876082255552,170,0.469613259669
46,"[500,800)","[4.75,5.0)",5.5,5.6,5.55,6,3.48716784548,1.72059397937,176,0.486187845304
46,"[500,800)","[4.75,5.0)",5.6,5.7,5.65,3,3.54999969856,0.845070494293,179,0.494475138122
46,"[500,800)","[4.75,5.0)",5.7,5.8,5.75,6,3.61283155163,1.66074723226,185,0.511049723757
46,"[500,800)","[4.75,5.0)",5.8,5.9,5.85,2,3.6756634047,0.544119463562,187,0.516574585635
46,"[500,800)","[4.75,5.0)",5.9,6,5.95,5,3.73849525777,1.33743649657,192,0.530386740331
46,"[500,800)","[4.75,5.0)",6,6.1,6.05,6,3.80132711084,1.57839612984,198,0.546961325967
46,"[500,800)","[4.75,5.0)",6.1,6.2,6.15,3,3.86415896392,0.776365576058,201,0.555248618785
46,"[500,800)","[4.75,5.0)",6.2,6.3,6.25,2,3.92699081699,0.509295817894,203,0.560773480663
46,"[500,800)","[4.75,5.0)",6.3,6.4,6.35,6,3.98982267006,1.50382623394,209,0.577348066298
46,"[500,800)","[4.75,5.0)",6.4,6.5,6.45,0,4.05265452313,0,209,0.577348066298
46,"[500,800)","[4.75,5.0)",6.5,6.6,6.55,6,4.1154863762,1.45790787565,215,0.593922651934
46,"[500,800)","[4.75,5.0)",6.6,6.7,6.65,5,4.17831822927,1.19665370746,220,0.60773480663
46,"[500,800)","[4.75,5.0)",6.7,6.8,6.75,6,4.24115008235,1.41471060526,226,0.624309392265
46,"[500,800)","[4.75,5.0)",6.8,6.9,6.85,3,4.30398193542,0.697028947848,229,0.632596685083
46,"[500,800)","[4.75,5.0)",6.9,7,6.95,7,4.36681378849,1.60299942682,236,0.651933701657
46,"[500,800)","[4.75,5.0)",7,7.1,7.05,6,4.42964564156,1.35451015397,242,0.668508287293
46,"[500,800)","[4.75,5.0)",7.1,7.2,7.15,0,4.49247749463,0,242,0.668508287293
46,"[500,800)","[4.75,5.0)",7.2,7.3,7.25,5,4.55530934771,1.09762029719,247,0.682320441989
46,"[500,800)","[4.75,5.0)",7.3,7.4,7.35,5,4.61814120078,1.0826866877,252,0.696132596685
46,"[500,800)","[4.75,5.0)",7.4,7.5,7.45,2,4.68097305385,0.427261592193,254,0.701657458564
46,"[500,800)","[4.75,5.0)",7.5,7.6,7.55,3,4.74380490692,0.632403747385,257,0.709944751381
46,"[500,800)","[4.75,5.0)",7.6,7.7,7.65,7,4.80663675999,1.45631974071,264,0.729281767956
46,"[500,800)","[4.75,5.0)",7.7,7.8,7.75,10,4.86946861306,2.05361216893,274,0.756906077348
46,"[500,800)","[4.75,5.0)",7.8,7.9,7.85,4,4.93230046614,0.810980601742,278,0.767955801105
46,"[500,800)","[4.75,5.0)",7.9,8,7.95,4,4.99513231921,0.800779587884,282,0.779005524862
46,"[500,800)","[4.75,5.0)",8,8.1,8.05,4,5.05796417228,0.790832015363,286,0.790055248619
46,"[500,800)","[4.75,5.0)",8.1,8.2,8.15,1,5.12079602535,0.195282138763,287,0.792817679558
46,"[500,800)","[4.75,5.0)",8.2,8.3,8.25,5,5.18362787842,0.964575412678,292,0.806629834254
46,"[500,800)","[4.75,5.0)",8.3,8.4,8.35,4,5.24645973149,0.762418889063,296,0.817679558011
46,"[500,800)","[4.75,5.0)",8.4,8.5,8.45,2,5.30929158457,0.376698090158,298,0.82320441989
46,"[500,800)","[4.75,5.0)",8.5,8.6,8.55,3,5.37212343764,0.558438396814,301,0.831491712707
46,"[500,800)","[4.75,5.0)",8.6,8.7,8.65,5,5.43495529071,0.919970769317,306,0.845303867403
46,"[500,800)","[4.75,5.0)",8.7,8.8,8.75,3,5.49778714378,0.545674090601,309,0.853591160221
46,"[500,800)","[4.75,5.0)",8.8,8.9,8.85,4,5.56061899685,0.719344375557,313,0.864640883978
46,"[500,800)","[4.75,5.0)",8.9,9,8.95,2,5.62345084993,0.355653504116,315,0.870165745856
46,"[500,800)","[4.75,5.0)",9,9.1,9.05,1,5.686282703,0.175861815571,316,0.872928176796
46,"[500,800)","[4.75,5.0)",9.1,9.2,9.15,3,5.74911455607,0.521819485547,319,0.881215469613
46,"[500,800)","[4.75,5.0)",9.2,9.3,9.25,0,5.81194640914,0,319,0.881215469613
46,"[500,800)","[4.75,5.0)",9.3,9.4,9.35,1,5.87477826221,0.170219190473,320,0.883977900552
46,"[500,800)","[4.75,5.0)",9.4,9.5,9.45,3,5.93761011528,0.505253787593,323,0.89226519337
46,"[500,800)","[4.75,5.0)",9.5,9.6,9.55,2,6.00044196836,0.333308781344,325,0.897790055249
46,"[500,800)","[4.75,5.0)",9.6,9.7,9.65,2,6.06327382143,0.329854804336,327,0.903314917127
46,"[500,800)","[4.75,5.0)",9.7,9.8,9.75,2,6.1261056745,0.326471678137,329,0.908839779006
46,"[500,800)","[4.75,5.0)",9.8,9.9,9.85,0,6.18893752757,0,329,0.908839779006
46,"[500,800)","[4.75,5.0)",9.9,10,9.95,1,6.25176938064,0.159954716675,330,0.911602209945
46,"[500,800)","[4.75,5.0)",10,10.1,10.05,5,6.31460123372,0.791815637273,335,0.925414364641
46,"[500,800)","[4.75,5.0)",10.1,10.2,10.15,0,6.37743308679,0,335,0.925414364641
46,"[500,800)","[4.75,5.0)",10.2,10.3,10.25,1,6.44026493986,0.155273115212,336,0.92817679558
46,"[500,800)","[4.75,5.0)",10.3,10.4,10.35,3,6.50309679293,0.461318675629,339,0.936464088398
46,"[500,800)","[4.75,5.0)",10.4,10.5,10.45,2,6.565928646,0.304602761898,341,0.941988950276
46,"[500,800)","[4.75,5.0)",10.5,10.6,10.55,5,6.62876049907,0.754288829819,346,0.955801104972
46,"[500,800)","[4.75,5.0)",10.6,10.7,10.65,2,6.69159235215,0.298882522238,348,0.961325966851
46,"[500,800)","[4.75,5.0)",10.7,10.8,10.75,2,6.75442420522,0.296102219706,350,0.966850828729
46,"[500,800)","[4.75,5.0)",10.8,10.9,10.85,2,6.81725605829,0.29337316699,352,0.972375690608
46,"[500,800)","[4.75,5.0)",10.9,11,10.95,1,6.88008791136,0.145346979993,353,0.975138121547
46,"[500,800)","[4.75,5.0)",11,11.1,11.05,0,6.94291976443,0,353,0.975138121547
46,"[500,800)","[4.75,5.0)",11.1,11.2,11.15,2,7.00575161751,0.28547971855,355,0.980662983425
46,"[500,800)","[4.75,5.0)",11.2,11.3,11.25,2,7.06858347058,0.282942121052,357,0.986187845304
46,"[500,800)","[4.75,5.0)",11.3,11.4,11.35,0,7.13141532365,0,357,0.986187845304
46,"[500,800)","[4.75,5.0)",11.4,11.5,11.45,0,7.19424717672,0,357,0.986187845304
46,"[500,800)","[4.75,5.0)",11.5,11.6,11.55,2,7.25707902979,0.275592975051,359,0.991712707182
46,"[500,800)","[4.75,5.0)",11.6,11.7,11.65,1,7.31991088286,0.136613685057,360,0.994475138122
46,"[500,800)","[4.75,5.0)",11.7,11.8,11.75,1,7.38274273594,0.135451015397,361,0.997237569061
46,"[500,800)","[4.75,5.0)",11.8,11.9,11.85,0,7.44557458901,0,361,0.997237569061
46,"[500,800)","[4.75,5.0)",11.9,12,11.95,1,7.50840644208,0.133184052797,362,1
47,"[500,800)","[5,6)",0,0.1,0.05,0,0.0314159265359,0,0,0
47,"[500,800)","[5,6)",0.1,0.2,0.15,0,0.0942477796077,0,0,0
47,"[500,800)","[5,6)",0.2,0.3,0.25,1,0.157079632679,6.36619772368,1,0.00502512562814
47,"[500,800)","[5,6)",0.3,0.4,0.35,0,0.219911485751,0,1,0.00502512562814
47,"[500,800)","[5,6)",0.4,0.5,0.45,0,0.282743338823,0,1,0.00502512562814
47,"[500,800)","[5,6)",0.5,0.6,0.55,0,0.345575191895,0,1,0.00502512562814
47,"[500,800)","[5,6)",0.6,0.7,0.65,0,0.408407044967,0,1,0.00502512562814
47,"[500,800)","[5,6)",0.7,0.8,0.75,0,0.471238898038,0,1,0.00502512562814
47,"[500,800)","[5,6)",0.8,0.9,0.85,0,0.53407075111,0,1,0.00502512562814
47,"[500,800)","[5,6)",0.9,1,0.95,3,0.596902604182,5.02594557132,4,0.0201005025126
47,"[500,800)","[5,6)",1,1.1,1.05,0,0.659734457254,0,4,0.0201005025126
47,"[500,800)","[5,6)",1.1,1.2,1.15,0,0.722566310326,0,4,0.0201005025126
47,"[500,800)","[5,6)",1.2,1.3,1.25,0,0.785398163397,0,4,0.0201005025126
47,"[500,800)","[5,6)",1.3,1.4,1.35,1,0.848230016469,1.17892550438,5,0.0251256281407
47,"[500,800)","[5,6)",1.4,1.5,1.45,2,0.911061869541,2.19524059437,7,0.035175879397
47,"[500,800)","[5,6)",1.5,1.6,1.55,0,0.973893722613,0,7,0.035175879397
47,"[500,800)","[5,6)",1.6,1.7,1.65,1,1.03672557568,0.964575412678,8,0.0402010050251
47,"[500,800)","[5,6)",1.7,1.8,1.75,1,1.09955742876,0.909456817668,9,0.0452261306533
47,"[500,800)","[5,6)",1.8,1.9,1.85,1,1.16238928183,0.860296989686,10,0.0502512562814
47,"[500,800)","[5,6)",1.9,2,1.95,1,1.2252211349,0.816179195343,11,0.0552763819095
47,"[500,800)","[5,6)",2,2.1,2.05,0,1.28805298797,0,11,0.0552763819095
47,"[500,800)","[5,6)",2.1,2.2,2.15,0,1.35088484104,0,11,0.0552763819095
47,"[500,800)","[5,6)",2.2,2.3,2.25,0,1.41371669412,0,11,0.0552763819095
47,"[500,800)","[5,6)",2.3,2.4,2.35,0,1.47654854719,0,11,0.0552763819095
47,"[500,800)","[5,6)",2.4,2.5,2.45,3,1.53938040026,1.94883603786,14,0.070351758794
47,"[500,800)","[5,6)",2.5,2.6,2.55,2,1.60221225333,1.24827406347,16,0.0804020100503
47,"[500,800)","[5,6)",2.6,2.7,2.65,0,1.6650441064,0,16,0.0804020100503
47,"[500,800)","[5,6)",2.7,2.8,2.75,2,1.72787595947,1.15749049521,18,0.0904522613065
47,"[500,800)","[5,6)",2.8,2.9,2.85,2,1.79070781255,1.11687679363,20,0.100502512563
47,"[500,800)","[5,6)",2.9,3,2.95,2,1.85353966562,1.07901656333,22,0.110552763819
47,"[500,800)","[5,6)",3,3.1,3.05,1,1.91637151869,0.521819485547,23,0.115577889447
47,"[500,800)","[5,6)",3.1,3.2,3.15,2,1.97920337176,1.01050757519,25,0.125628140704
47,"[500,800)","[5,6)",3.2,3.3,3.25,0,2.04203522483,0,25,0.125628140704
47,"[500,800)","[5,6)",3.3,3.4,3.35,1,2.10486707791,0.475089382364,26,0.130653266332
47,"[500,800)","[5,6)",3.4,3.5,3.45,3,2.16769893098,1.38395602689,29,0.145728643216
47,"[500,800)","[5,6)",3.5,3.6,3.55,2,2.23053078405,0.896647566715,31,0.155778894472
47,"[500,800)","[5,6)",3.6,3.7,3.65,3,2.29336263712,1.30812281993,34,0.170854271357
47,"[500,800)","[5,6)",3.7,3.8,3.75,0,2.35619449019,0,34,0.170854271357
47,"[500,800)","[5,6)",3.8,3.9,3.85,1,2.41902634326,0.413389462576,35,0.175879396985
47,"[500,800)","[5,6)",3.9,4,3.95,2,2.48185819634,0.805847813124,37,0.185929648241
47,"[500,800)","[5,6)",4,4.1,4.05,2,2.54469004941,0.785950336256,39,0.195979899497
47,"[500,800)","[5,6)",4.1,4.2,4.15,2,2.60752190248,0.767011773937,41,0.206030150754
47,"[500,800)","[5,6)",4.2,4.3,4.25,0,2.67035375555,0,41,0.206030150754
47,"[500,800)","[5,6)",4.3,4.4,4.35,4,2.73318560862,1.46349372958,45,0.226130653266
47,"[500,800)","[5,6)",4.4,4.5,4.45,1,2.79601746169,0.35765155751,46,0.231155778894
47,"[500,800)","[5,6)",4.5,4.6,4.55,6,2.85884931477,2.09874650231,52,0.261306532663
47,"[500,800)","[5,6)",4.6,4.7,4.65,3,2.92168116784,1.02680608446,55,0.276381909548
47,"[500,800)","[5,6)",4.7,4.8,4.75,1,2.98451302091,0.335063038088,56,0.281407035176
47,"[500,800)","[5,6)",4.8,4.9,4.85,0,3.04734487398,0,56,0.281407035176
47,"[500,800)","[5,6)",4.9,5,4.95,1,3.11017672705,0.321525137559,57,0.286432160804
47,"[500,800)","[5,6)",5,5.1,5.05,5,3.17300858013,1.57579151576,62,0.311557788945
47,"[500,800)","[5,6)",5.1,5.2,5.15,3,3.2358404332,0.927116173351,65,0.326633165829
47,"[500,800)","[5,6)",5.2,5.3,5.25,1,3.29867228627,0.303152272556,66,0.331658291457
47,"[500,800)","[5,6)",5.3,5.4,5.35,1,3.36150413934,0.297485874938,67,0.336683417085
47,"[500,800)","[5,6)",5.4,5.5,5.45,2,3.42433599241,0.584054837034,69,0.346733668342
47,"[500,800)","[5,6)",5.5,5.6,5.55,3,3.48716784548,0.860296989686,72,0.361809045226
47,"[500,800)","[5,6)",5.6,5.7,5.65,4,3.54999969856,1.12676065906,76,0.381909547739
47,"[500,800)","[5,6)",5.7,5.8,5.75,1,3.61283155163,0.276791205377,77,0.386934673367
47,"[500,800)","[5,6)",5.8,5.9,5.85,2,3.6756634047,0.544119463562,79,0.396984924623
47,"[500,800)","[5,6)",5.9,6,5.95,2,3.73849525777,0.534974598628,81,0.407035175879
47,"[500,800)","[5,6)",6,6.1,6.05,0,3.80132711084,0,81,0.407035175879
47,"[500,800)","[5,6)",6.1,6.2,6.15,3,3.86415896392,0.776365576058,84,0.422110552764
47,"[500,800)","[5,6)",6.2,6.3,6.25,2,3.92699081699,0.509295817894,86,0.43216080402
47,"[500,800)","[5,6)",6.3,6.4,6.35,3,3.98982267006,0.75191311697,89,0.447236180905
47,"[500,800)","[5,6)",6.4,6.5,6.45,0,4.05265452313,0,89,0.447236180905
47,"[500,800)","[5,6)",6.5,6.6,6.55,3,4.1154863762,0.728953937825,92,0.462311557789
47,"[500,800)","[5,6)",6.6,6.7,6.65,3,4.17831822927,0.717992224475,95,0.477386934673
47,"[500,800)","[5,6)",6.7,6.8,6.75,1,4.24115008235,0.235785100877,96,0.482412060302
47,"[500,800)","[5,6)",6.8,6.9,6.85,3,4.30398193542,0.697028947848,99,0.497487437186
47,"[500,800)","[5,6)",6.9,7,6.95,3,4.36681378849,0.686999754354,102,0.51256281407
47,"[500,800)","[5,6)",7,7.1,7.05,2,4.42964564156,0.451503384658,104,0.522613065327
47,"[500,800)","[5,6)",7.1,7.2,7.15,1,4.49247749463,0.222594326003,105,0.527638190955
47,"[500,800)","[5,6)",7.2,7.3,7.25,1,4.55530934771,0.219524059437,106,0.532663316583
47,"[500,800)","[5,6)",7.3,7.4,7.35,3,4.61814120078,0.64961201262,109,0.547738693467
47,"[500,800)","[5,6)",7.4,7.5,7.45,0,4.68097305385,0,109,0.547738693467
47,"[500,800)","[5,6)",7.5,7.6,7.55,2,4.74380490692,0.421602498257,111,0.557788944724
47,"[500,800)","[5,6)",7.6,7.7,7.65,2,4.80663675999,0.416091354489,113,0.56783919598
47,"[500,800)","[5,6)",7.7,7.8,7.75,7,4.86946861306,1.43752851825,120,0.603015075377
47,"[500,800)","[5,6)",7.8,7.9,7.85,3,4.93230046614,0.608235451307,123,0.618090452261
47,"[500,800)","[5,6)",7.9,8,7.95,1,4.99513231921,0.200194896971,124,0.623115577889
47,"[500,800)","[5,6)",8,8.1,8.05,0,5.05796417228,0,124,0.623115577889
47,"[500,800)","[5,6)",8.1,8.2,8.15,2,5.12079602535,0.390564277526,126,0.633165829146
47,"[500,800)","[5,6)",8.2,8.3,8.25,2,5.18362787842,0.385830165071,128,0.643216080402
47,"[500,800)","[5,6)",8.3,8.4,8.35,4,5.24645973149,0.762418889063,132,0.663316582915
47,"[500,800)","[5,6)",8.4,8.5,8.45,2,5.30929158457,0.376698090158,134,0.673366834171
47,"[500,800)","[5,6)",8.5,8.6,8.55,2,5.37212343764,0.372292264542,136,0.683417085427
47,"[500,800)","[5,6)",8.6,8.7,8.65,1,5.43495529071,0.183994153863,137,0.688442211055
47,"[500,800)","[5,6)",8.7,8.8,8.75,1,5.49778714378,0.181891363534,138,0.693467336683
47,"[500,800)","[5,6)",8.8,8.9,8.85,3,5.56061899685,0.539508281667,141,0.708542713568
47,"[500,800)","[5,6)",8.9,9,8.95,1,5.62345084993,0.177826752058,142,0.713567839196
47,"[500,800)","[5,6)",9,9.1,9.05,6,5.686282703,1.05517089343,148,0.743718592965
47,"[500,800)","[5,6)",9.1,9.2,9.15,1,5.74911455607,0.173939828516,149,0.748743718593
47,"[500,800)","[5,6)",9.2,9.3,9.25,3,5.81194640914,0.516178193812,152,0.763819095477
47,"[500,800)","[5,6)",9.3,9.4,9.35,3,5.87477826221,0.510657571418,155,0.778894472362
47,"[500,800)","[5,6)",9.4,9.5,9.45,2,5.93761011528,0.336835858396,157,0.788944723618
47,"[500,800)","[5,6)",9.5,9.6,9.55,4,6.00044196836,0.666617562689,161,0.809045226131
47,"[500,800)","[5,6)",9.6,9.7,9.65,4,6.06327382143,0.659709608671,165,0.829145728643
47,"[500,800)","[5,6)",9.7,9.8,9.75,2,6.1261056745,0.326471678137,167,0.839195979899
47,"[500,800)","[5,6)",9.8,9.9,9.85,2,6.18893752757,0.323157244857,169,0.849246231156
47,"[500,800)","[5,6)",9.9,10,9.95,1,6.25176938064,0.159954716675,170,0.854271356784
47,"[500,800)","[5,6)",10,10.1,10.05,3,6.31460123372,0.475089382364,173,0.869346733668
47,"[500,800)","[5,6)",10.1,10.2,10.15,5,6.37743308679,0.78401449799,178,0.894472361809
47,"[500,800)","[5,6)",10.2,10.3,10.25,3,6.44026493986,0.465819345635,181,0.909547738693
47,"[500,800)","[5,6)",10.3,10.4,10.35,1,6.50309679293,0.153772891876,182,0.914572864322
47,"[500,800)","[5,6)",10.4,10.5,10.45,3,6.565928646,0.456904142848,185,0.929648241206
47,"[500,800)","[5,6)",10.5,10.6,10.55,2,6.62876049907,0.301715531928,187,0.939698492462
47,"[500,800)","[5,6)",10.6,10.7,10.65,0,6.69159235215,0,187,0.939698492462
47,"[500,800)","[5,6)",10.7,10.8,10.75,2,6.75442420522,0.296102219706,189,0.949748743719
47,"[500,800)","[5,6)",10.8,10.9,10.85,0,6.81725605829,0,189,0.949748743719
47,"[500,800)","[5,6)",10.9,11,10.95,2,6.88008791136,0.290693959985,191,0.959798994975
47,"[500,800)","[5,6)",11,11.1,11.05,2,6.94291976443,0.288063245415,193,0.969849246231
47,"[500,800)","[5,6)",11.1,11.2,11.15,2,7.00575161751,0.28547971855,195,0.979899497487
47,"[500,800)","[5,6)",11.2,11.3,11.25,0,7.06858347058,0,195,0.979899497487
47,"[500,800)","[5,6)",11.3,11.4,11.35,0,7.13141532365,0,195,0.979899497487
47,"[500,800)","[5,6)",11.4,11.5,11.45,0,7.19424717672,0,195,0.979899497487
47,"[500,800)","[5,6)",11.5,11.6,11.55,0,7.25707902979,0,195,0.979899497487
47,"[500,800)","[5,6)",11.6,11.7,11.65,2,7.31991088286,0.273227370115,197,0.989949748744
47,"[500,800)","[5,6)",11.7,11.8,11.75,0,7.38274273594,0,197,0.989949748744
47,"[500,800)","[5,6)",11.8,11.9,11.85,2,7.44557458901,0.268615937708,199,1
47,"[500,800)","[5,6)",11.9,12,11.95,0,7.50840644208,0,199,1
48,"[500,800)",>=6,0,0.1,0.05,0,0.0314159265359,0,0,0
48,"[500,800)",>=6,0.1,0.2,0.15,0,0.0942477796077,0,0,0
48,"[500,800)",>=6,0.2,0.3,0.25,0,0.157079632679,0,0,0
48,"[500,800)",>=6,0.3,0.4,0.35,0,0.219911485751,0,0,0
48,"[500,800)",>=6,0.4,0.5,0.45,0,0.282743338823,0,0,0
48,"[500,800)",>=6,0.5,0.6,0.55,0,0.345575191895,0,0,0
48,"[500,800)",>=6,0.6,0.7,0.65,0,0.408407044967,0,0,0
48,"[500,800)",>=6,0.7,0.8,0.75,0,0.471238898038,0,0,0
48,"[500,800)",>=6,0.8,0.9,0.85,0,0.53407075111,0,0,0
48,"[500,800)",>=6,0.9,1,0.95,0,0.596902604182,0,0,0
48,"[500,800)",>=6,1,1.1,1.05,0,0.659734457254,0,0,0
48,"[500,800)",>=6,1.1,1.2,1.15,0,0.722566310326,0,0,0
48,"[500,800)",>=6,1.2,1.3,1.25,0,0.785398163397,0,0,0
48,"[500,800)",>=6,1.3,1.4,1.35,0,0.848230016469,0,0,0
48,"[500,800)",>=6,1.4,1.5,1.45,0,0.911061869541,0,0,0
48,"[500,800)",>=6,1.5,1.6,1.55,0,0.973893722613,0,0,0
48,"[500,800)",>=6,1.6,1.7,1.65,0,1.03672557568,0,0,0
48,"[500,800)",>=6,1.7,1.8,1.75,0,1.09955742876,0,0,0
48,"[500,800)",>=6,1.8,1.9,1.85,0,1.16238928183,0,0,0
48,"[500,800)",>=6,1.9,2,1.95,0,1.2252211349,0,0,0
48,"[500,800)",>=6,2,2.1,2.05,0,1.28805298797,0,0,0
48,"[500,800)",>=6,2.1,2.2,2.15,0,1.35088484104,0,0,0
48,"[500,800)",>=6,2.2,2.3,2.25,0,1.41371669412,0,0,0
48,"[500,800)",>=6,2.3,2.4,2.35,0,1.47654854719,0,0,0
48,"[500,800)",>=6,2.4,2.5,2.45,0,1.53938040026,0,0,0
48,"[500,800)",>=6,2.5,2.6,2.55,0,1.60221225333,0,0,0
48,"[500,800)",>=6,2.6,2.7,2.65,0,1.6650441064,0,0,0
48,"[500,800)",>=6,2.7,2.8,2.75,0,1.72787595947,0,0,0
48,"[500,800)",>=6,2.8,2.9,2.85,0,1.79070781255,0,0,0
48,"[500,800)",>=6,2.9,3,2.95,0,1.85353966562,0,0,0
48,"[500,800)",>=6,3,3.1,3.05,0,1.91637151869,0,0,0
48,"[500,800)",>=6,3.1,3.2,3.15,0,1.97920337176,0,0,0
48,"[500,800)",>=6,3.2,3.3,3.25,0,2.04203522483,0,0,0
48,"[500,800)",>=6,3.3,3.4,3.35,0,2.10486707791,0,0,0
48,"[500,800)",>=6,3.4,3.5,3.45,0,2.16769893098,0,0,0
48,"[500,800)",>=6,3.5,3.6,3.55,0,2.23053078405,0,0,0
48,"[500,800)",>=6,3.6,3.7,3.65,0,2.29336263712,0,0,0
48,"[500,800)",>=6,3.7,3.8,3.75,0,2.35619449019,0,0,0
48,"[500,800)",>=6,3.8,3.9,3.85,0,2.41902634326,0,0,0
48,"[500,800)",>=6,3.9,4,3.95,0,2.48185819634,0,0,0
48,"[500,800)",>=6,4,4.1,4.05,0,2.54469004941,0,0,0
48,"[500,800)",>=6,4.1,4.2,4.15,0,2.60752190248,0,0,0
48,"[500,800)",>=6,4.2,4.3,4.25,0,2.67035375555,0,0,0
48,"[500,800)",>=6,4.3,4.4,4.35,0,2.73318560862,0,0,0
48,"[500,800)",>=6,4.4,4.5,4.45,0,2.79601746169,0,0,0
48,"[500,800)",>=6,4.5,4.6,4.55,0,2.85884931477,0,0,0
48,"[500,800)",>=6,4.6,4.7,4.65,0,2.92168116784,0,0,0
48,"[500,800)",>=6,4.7,4.8,4.75,0,2.98451302091,0,0,0
48,"[500,800)",>=6,4.8,4.9,4.85,0,3.04734487398,0,0,0
48,"[500,800)",>=6,4.9,5,4.95,0,3.11017672705,0,0,0
48,"[500,800)",>=6,5,5.1,5.05,0,3.17300858013,0,0,0
48,"[500,800)",>=6,5.1,5.2,5.15,0,3.2358404332,0,0,0
48,"[500,800)",>=6,5.2,5.3,5.25,0,3.29867228627,0,0,0
48,"[500,800)",>=6,5.3,5.4,5.35,0,3.36150413934,0,0,0
48,"[500,800)",>=6,5.4,5.5,5.45,0,3.42433599241,0,0,0
48,"[500,800)",>=6,5.5,5.6,5.55,0,3.48716784548,0,0,0
48,"[500,800)",>=6,5.6,5.7,5.65,0,3.54999969856,0,0,0
48,"[500,800)",>=6,5.7,5.8,5.75,0,3.61283155163,0,0,0
48,"[500,800)",>=6,5.8,5.9,5.85,0,3.6756634047,0,0,0
48,"[500,800)",>=6,5.9,6,5.95,0,3.73849525777,0,0,0
48,"[500,800)",>=6,6,6.1,6.05,0,3.80132711084,0,0,0
48,"[500,800)",>=6,6.1,6.2,6.15,0,3.86415896392,0,0,0
48,"[500,800)",>=6,6.2,6.3,6.25,0,3.92699081699,0,0,0
48,"[500,800)",>=6,6.3,6.4,6.35,0,3.98982267006,0,0,0
48,"[500,800)",>=6,6.4,6.5,6.45,0,4.05265452313,0,0,0
48,"[500,800)",>=6,6.5,6.6,6.55,0,4.1154863762,0,0,0
48,"[500,800)",>=6,6.6,6.7,6.65,0,4.17831822927,0,0,0
48,"[500,800)",>=6,6.7,6.8,6.75,0,4.24115008235,0,0,0
48,"[500,800)",>=6,6.8,6.9,6.85,0,4.30398193542,0,0,0
48,"[500,800)",>=6,6.9,7,6.95,0,4.36681378849,0,0,0
48,"[500,800)",>=6,7,7.1,7.05,0,4.42964564156,0,0,0
48,"[500,800)",>=6,7.1,7.2,7.15,0,4.49247749463,0,0,0
48,"[500,800)",>=6,7.2,7.3,7.25,0,4.55530934771,0,0,0
48,"[500,800)",>=6,7.3,7.4,7.35,0,4.61814120078,0,0,0
48,"[500,800)",>=6,7.4,7.5,7.45,0,4.68097305385,0,0,0
48,"[500,800)",>=6,7.5,7.6,7.55,0,4.74380490692,0,0,0
48,"[500,800)",>=6,7.6,7.7,7.65,0,4.80663675999,0,0,0
48,"[500,800)",>=6,7.7,7.8,7.75,0,4.86946861306,0,0,0
48,"[500,800)",>=6,7.8,7.9,7.85,0,4.93230046614,0,0,0
48,"[500,800)",>=6,7.9,8,7.95,0,4.99513231921,0,0,0
48,"[500,800)",>=6,8,8.1,8.05,0,5.05796417228,0,0,0
48,"[500,800)",>=6,8.1,8.2,8.15,0,5.12079602535,0,0,0
48,"[500,800)",>=6,8.2,8.3,8.25,0,5.18362787842,0,0,0
48,"[500,800)",>=6,8.3,8.4,8.35,0,5.24645973149,0,0,0
48,"[500,800)",>=6,8.4,8.5,8.45,0,5.30929158457,0,0,0
48,"[500,800)",>=6,8.5,8.6,8.55,0,5.37212343764,0,0,0
48,"[500,800)",>=6,8.6,8.7,8.65,0,5.43495529071,0,0,0
48,"[500,800)",>=6,8.7,8.8,8.75,0,5.49778714378,0,0,0
48,"[500,800)",>=6,8.8,8.9,8.85,0,5.56061899685,0,0,0
48,"[500,800)",>=6,8.9,9,8.95,0,5.62345084993,0,0,0
48,"[500,800)",>=6,9,9.1,9.05,0,5.686282703,0,0,0
48,"[500,800)",>=6,9.1,9.2,9.15,0,5.74911455607,0,0,0
48,"[500,800)",>=6,9.2,9.3,9.25,0,5.81194640914,0,0,0
48,"[500,800)",>=6,9.3,9.4,9.35,0,5.87477826221,0,0,0
48,"[500,800)",>=6,9.4,9.5,9.45,0,5.93761011528,0,0,0
48,"[500,800)",>=6,9.5,9.6,9.55,0,6.00044196836,0,0,0
48,"[500,800)",>=6,9.6,9.7,9.65,0,6.06327382143,0,0,0
48,"[500,800)",>=6,9.7,9.8,9.75,0,6.1261056745,0,0,0
48,"[500,800)",>=6,9.8,9.9,9.85,0,6.18893752757,0,0,0
48,"[500,800)",>=6,9.9,10,9.95,0,6.25176938064,0,0,0
48,"[500,800)",>=6,10,10.1,10.05,0,6.31460123372,0,0,0
48,"[500,800)",>=6,10.1,10.2,10.15,0,6.37743308679,0,0,0
48,"[500,800)",>=6,10.2,10.3,10.25,0,6.44026493986,0,0,0
48,"[500,800)",>=6,10.3,10.4,10.35,0,6.50309679293,0,0,0
48,"[500,800)",>=6,10.4,10.5,10.45,0,6.565928646,0,0,0
48,"[500,800)",>=6,10.5,10.6,10.55,0,6.62876049907,0,0,0
48,"[500,800)",>=6,10.6,10.7,10.65,0,6.69159235215,0,0,0
48,"[500,800)",>=6,10.7,10.8,10.75,0,6.75442420522,0,0,0
48,"[500,800)",>=6,10.8,10.9,10.85,0,6.81725605829,0,0,0
48,"[500,800)",>=6,10.9,11,10.95,0,6.88008791136,0,0,0
48,"[500,800)",>=6,11,11.1,11.05,0,6.94291976443,0,0,0
48,"[500,800)",>=6,11.1,11.2,11.15,0,7.00575161751,0,0,0
48,"[500,800)",>=6,11.2,11.3,11.25,0,7.06858347058,0,0,0
48,"[500,800)",>=6,11.3,11.4,11.35,0,7.13141532365,0,0,0
48,"[500,800)",>=6,11.4,11.5,11.45,0,7.19424717672,0,0,0
48,"[500,800)",>=6,11.5,11.6,11.55,0,7.25707902979,0,0,0
48,"[500,800)",>=6,11.6,11.7,11.65,0,7.31991088286,0,0,0
48,"[500,800)",>=6,11.7,11.8,11.75,0,7.38274273594,0,0,0
48,"[500,800)",>=6,11.8,11.9,11.85,0,7.44557458901,0,0,0
48,"[500,800)",>=6,11.9,12,11.95,0,7.50840644208,0,0,0
49,"[800,1100)","[2,2.5)",0,0.1,0.05,0,0.0314159265359,0,0,0
49,"[800,1100)","[2,2.5)",0.1,0.2,0.15,0,0.0942477796077,0,0,0
49,"[800,1100)","[2,2.5)",0.2,0.3,0.25,0,0.157079632679,0,0,0
49,"[800,1100)","[2,2.5)",0.3,0.4,0.35,0,0.219911485751,0,0,0
49,"[800,1100)","[2,2.5)",0.4,0.5,0.45,0,0.282743338823,0,0,0
49,"[800,1100)","[2,2.5)",0.5,0.6,0.55,0,0.345575191895,0,0,0
49,"[800,1100)","[2,2.5)",0.6,0.7,0.65,0,0.408407044967,0,0,0
49,"[800,1100)","[2,2.5)",0.7,0.8,0.75,0,0.471238898038,0,0,0
49,"[800,1100)","[2,2.5)",0.8,0.9,0.85,0,0.53407075111,0,0,0
49,"[800,1100)","[2,2.5)",0.9,1,0.95,0,0.596902604182,0,0,0
49,"[800,1100)","[2,2.5)",1,1.1,1.05,0,0.659734457254,0,0,0
49,"[800,1100)","[2,2.5)",1.1,1.2,1.15,0,0.722566310326,0,0,0
49,"[800,1100)","[2,2.5)",1.2,1.3,1.25,0,0.785398163397,0,0,0
49,"[800,1100)","[2,2.5)",1.3,1.4,1.35,0,0.848230016469,0,0,0
49,"[800,1100)","[2,2.5)",1.4,1.5,1.45,0,0.911061869541,0,0,0
49,"[800,1100)","[2,2.5)",1.5,1.6,1.55,0,0.973893722613,0,0,0
49,"[800,1100)","[2,2.5)",1.6,1.7,1.65,0,1.03672557568,0,0,0
49,"[800,1100)","[2,2.5)",1.7,1.8,1.75,0,1.09955742876,0,0,0
49,"[800,1100)","[2,2.5)",1.8,1.9,1.85,0,1.16238928183,0,0,0
49,"[800,1100)","[2,2.5)",1.9,2,1.95,0,1.2252211349,0,0,0
49,"[800,1100)","[2,2.5)",2,2.1,2.05,0,1.28805298797,0,0,0
49,"[800,1100)","[2,2.5)",2.1,2.2,2.15,0,1.35088484104,0,0,0
49,"[800,1100)","[2,2.5)",2.2,2.3,2.25,0,1.41371669412,0,0,0
49,"[800,1100)","[2,2.5)",2.3,2.4,2.35,0,1.47654854719,0,0,0
49,"[800,1100)","[2,2.5)",2.4,2.5,2.45,0,1.53938040026,0,0,0
49,"[800,1100)","[2,2.5)",2.5,2.6,2.55,0,1.60221225333,0,0,0
49,"[800,1100)","[2,2.5)",2.6,2.7,2.65,0,1.6650441064,0,0,0
49,"[800,1100)","[2,2.5)",2.7,2.8,2.75,0,1.72787595947,0,0,0
49,"[800,1100)","[2,2.5)",2.8,2.9,2.85,0,1.79070781255,0,0,0
49,"[800,1100)","[2,2.5)",2.9,3,2.95,0,1.85353966562,0,0,0
49,"[800,1100)","[2,2.5)",3,3.1,3.05,0,1.91637151869,0,0,0
49,"[800,1100)","[2,2.5)",3.1,3.2,3.15,0,1.97920337176,0,0,0
49,"[800,1100)","[2,2.5)",3.2,3.3,3.25,0,2.04203522483,0,0,0
49,"[800,1100)","[2,2.5)",3.3,3.4,3.35,0,2.10486707791,0,0,0
49,"[800,1100)","[2,2.5)",3.4,3.5,3.45,0,2.16769893098,0,0,0
49,"[800,1100)","[2,2.5)",3.5,3.6,3.55,0,2.23053078405,0,0,0
49,"[800,1100)","[2,2.5)",3.6,3.7,3.65,0,2.29336263712,0,0,0
49,"[800,1100)","[2,2.5)",3.7,3.8,3.75,0,2.35619449019,0,0,0
49,"[800,1100)","[2,2.5)",3.8,3.9,3.85,0,2.41902634326,0,0,0
49,"[800,1100)","[2,2.5)",3.9,4,3.95,0,2.48185819634,0,0,0
49,"[800,1100)","[2,2.5)",4,4.1,4.05,0,2.54469004941,0,0,0
49,"[800,1100)","[2,2.5)",4.1,4.2,4.15,0,2.60752190248,0,0,0
49,"[800,1100)","[2,2.5)",4.2,4.3,4.25,0,2.67035375555,0,0,0
49,"[800,1100)","[2,2.5)",4.3,4.4,4.35,0,2.73318560862,0,0,0
49,"[800,1100)","[2,2.5)",4.4,4.5,4.45,0,2.79601746169,0,0,0
49,"[800,1100)","[2,2.5)",4.5,4.6,4.55,0,2.85884931477,0,0,0
49,"[800,1100)","[2,2.5)",4.6,4.7,4.65,0,2.92168116784,0,0,0
49,"[800,1100)","[2,2.5)",4.7,4.8,4.75,0,2.98451302091,0,0,0
49,"[800,1100)","[2,2.5)",4.8,4.9,4.85,0,3.04734487398,0,0,0
49,"[800,1100)","[2,2.5)",4.9,5,4.95,0,3.11017672705,0,0,0
49,"[800,1100)","[2,2.5)",5,5.1,5.05,0,3.17300858013,0,0,0
49,"[800,1100)","[2,2.5)",5.1,5.2,5.15,0,3.2358404332,0,0,0
49,"[800,1100)","[2,2.5)",5.2,5.3,5.25,0,3.29867228627,0,0,0
49,"[800,1100)","[2,2.5)",5.3,5.4,5.35,0,3.36150413934,0,0,0
49,"[800,1100)","[2,2.5)",5.4,5.5,5.45,0,3.42433599241,0,0,0
49,"[800,1100)","[2,2.5)",5.5,5.6,5.55,0,3.48716784548,0,0,0
49,"[800,1100)","[2,2.5)",5.6,5.7,5.65,0,3.54999969856,0,0,0
49,"[800,1100)","[2,2.5)",5.7,5.8,5.75,0,3.61283155163,0,0,0
49,"[800,1100)","[2,2.5)",5.8,5.9,5.85,0,3.6756634047,0,0,0
49,"[800,1100)","[2,2.5)",5.9,6,5.95,0,3.73849525777,0,0,0
49,"[800,1100)","[2,2.5)",6,6.1,6.05,0,3.80132711084,0,0,0
49,"[800,1100)","[2,2.5)",6.1,6.2,6.15,0,3.86415896392,0,0,0
49,"[800,1100)","[2,2.5)",6.2,6.3,6.25,0,3.92699081699,0,0,0
49,"[800,1100)","[2,2.5)",6.3,6.4,6.35,0,3.98982267006,0,0,0
49,"[800,1100)","[2,2.5)",6.4,6.5,6.45,0,4.05265452313,0,0,0
49,"[800,1100)","[2,2.5)",6.5,6.6,6.55,0,4.1154863762,0,0,0
49,"[800,1100)","[2,2.5)",6.6,6.7,6.65,0,4.17831822927,0,0,0
49,"[800,1100)","[2,2.5)",6.7,6.8,6.75,0,4.24115008235,0,0,0
49,"[800,1100)","[2,2.5)",6.8,6.9,6.85,0,4.30398193542,0,0,0
49,"[800,1100)","[2,2.5)",6.9,7,6.95,0,4.36681378849,0,0,0
49,"[800,1100)","[2,2.5)",7,7.1,7.05,0,4.42964564156,0,0,0
49,"[800,1100)","[2,2.5)",7.1,7.2,7.15,0,4.49247749463,0,0,0
49,"[800,1100)","[2,2.5)",7.2,7.3,7.25,0,4.55530934771,0,0,0
49,"[800,1100)","[2,2.5)",7.3,7.4,7.35,0,4.61814120078,0,0,0
49,"[800,1100)","[2,2.5)",7.4,7.5,7.45,0,4.68097305385,0,0,0
49,"[800,1100)","[2,2.5)",7.5,7.6,7.55,0,4.74380490692,0,0,0
49,"[800,1100)","[2,2.5)",7.6,7.7,7.65,0,4.80663675999,0,0,0
49,"[800,1100)","[2,2.5)",7.7,7.8,7.75,0,4.86946861306,0,0,0
49,"[800,1100)","[2,2.5)",7.8,7.9,7.85,0,4.93230046614,0,0,0
49,"[800,1100)","[2,2.5)",7.9,8,7.95,0,4.99513231921,0,0,0
49,"[800,1100)","[2,2.5)",8,8.1,8.05,0,5.05796417228,0,0,0
49,"[800,1100)","[2,2.5)",8.1,8.2,8.15,0,5.12079602535,0,0,0
49,"[800,1100)","[2,2.5)",8.2,8.3,8.25,0,5.18362787842,0,0,0
49,"[800,1100)","[2,2.5)",8.3,8.4,8.35,0,5.24645973149,0,0,0
49,"[800,1100)","[2,2.5)",8.4,8.5,8.45,0,5.30929158457,0,0,0
49,"[800,1100)","[2,2.5)",8.5,8.6,8.55,0,5.37212343764,0,0,0
49,"[800,1100)","[2,2.5)",8.6,8.7,8.65,0,5.43495529071,0,0,0
49,"[800,1100)","[2,2.5)",8.7,8.8,8.75,0,5.49778714378,0,0,0
49,"[800,1100)","[2,2.5)",8.8,8.9,8.85,0,5.56061899685,0,0,0
49,"[800,1100)","[2,2.5)",8.9,9,8.95,0,5.62345084993,0,0,0
49,"[800,1100)","[2,2.5)",9,9.1,9.05,0,5.686282703,0,0,0
49,"[800,1100)","[2,2.5)",9.1,9.2,9.15,0,5.74911455607,0,0,0
49,"[800,1100)","[2,2.5)",9.2,9.3,9.25,0,5.81194640914,0,0,0
49,"[800,1100)","[2,2.5)",9.3,9.4,9.35,0,5.87477826221,0,0,0
49,"[800,1100)","[2,2.5)",9.4,9.5,9.45,0,5.93761011528,0,0,0
49,"[800,1100)","[2,2.5)",9.5,9.6,9.55,0,6.00044196836,0,0,0
49,"[800,1100)","[2,2.5)",9.6,9.7,9.65,0,6.06327382143,0,0,0
49,"[800,1100)","[2,2.5)",9.7,9.8,9.75,0,6.1261056745,0,0,0
49,"[800,1100)","[2,2.5)",9.8,9.9,9.85,0,6.18893752757,0,0,0
49,"[800,1100)","[2,2.5)",9.9,10,9.95,0,6.25176938064,0,0,0
49,"[800,1100)","[2,2.5)",10,10.1,10.05,0,6.31460123372,0,0,0
49,"[800,1100)","[2,2.5)",10.1,10.2,10.15,0,6.37743308679,0,0,0
49,"[800,1100)","[2,2.5)",10.2,10.3,10.25,0,6.44026493986,0,0,0
49,"[800,1100)","[2,2.5)",10.3,10.4,10.35,0,6.50309679293,0,0,0
49,"[800,1100)","[2,2.5)",10.4,10.5,10.45,0,6.565928646,0,0,0
49,"[800,1100)","[2,2.5)",10.5,10.6,10.55,0,6.62876049907,0,0,0
49,"[800,1100)","[2,2.5)",10.6,10.7,10.65,0,6.69159235215,0,0,0
49,"[800,1100)","[2,2.5)",10.7,10.8,10.75,0,6.75442420522,0,0,0
49,"[800,1100)","[2,2.5)",10.8,10.9,10.85,0,6.81725605829,0,0,0
49,"[800,1100)","[2,2.5)",10.9,11,10.95,0,6.88008791136,0,0,0
49,"[800,1100)","[2,2.5)",11,11.1,11.05,0,6.94291976443,0,0,0
49,"[800,1100)","[2,2.5)",11.1,11.2,11.15,0,7.00575161751,0,0,0
49,"[800,1100)","[2,2.5)",11.2,11.3,11.25,0,7.06858347058,0,0,0
49,"[800,1100)","[2,2.5)",11.3,11.4,11.35,0,7.13141532365,0,0,0
49,"[800,1100)","[2,2.5)",11.4,11.5,11.45,0,7.19424717672,0,0,0
49,"[800,1100)","[2,2.5)",11.5,11.6,11.55,0,7.25707902979,0,0,0
49,"[800,1100)","[2,2.5)",11.6,11.7,11.65,0,7.31991088286,0,0,0
49,"[800,1100)","[2,2.5)",11.7,11.8,11.75,0,7.38274273594,0,0,0
49,"[800,1100)","[2,2.5)",11.8,11.9,11.85,0,7.44557458901,0,0,0
49,"[800,1100)","[2,2.5)",11.9,12,11.95,0,7.50840644208,0,0,0
50,"[800,1100)","[2.5,3)",0,0.1,0.05,0,0.0314159265359,0,0,0
50,"[800,1100)","[2.5,3)",0.1,0.2,0.15,0,0.0942477796077,0,0,0
50,"[800,1100)","[2.5,3)",0.2,0.3,0.25,0,0.157079632679,0,0,0
50,"[800,1100)","[2.5,3)",0.3,0.4,0.35,0,0.219911485751,0,0,0
50,"[800,1100)","[2.5,3)",0.4,0.5,0.45,0,0.282743338823,0,0,0
50,"[800,1100)","[2.5,3)",0.5,0.6,0.55,0,0.345575191895,0,0,0
50,"[800,1100)","[2.5,3)",0.6,0.7,0.65,0,0.408407044967,0,0,0
50,"[800,1100)","[2.5,3)",0.7,0.8,0.75,0,0.471238898038,0,0,0
50,"[800,1100)","[2.5,3)",0.8,0.9,0.85,0,0.53407075111,0,0,0
50,"[800,1100)","[2.5,3)",0.9,1,0.95,0,0.596902604182,0,0,0
50,"[800,1100)","[2.5,3)",1,1.1,1.05,0,0.659734457254,0,0,0
50,"[800,1100)","[2.5,3)",1.1,1.2,1.15,0,0.722566310326,0,0,0
50,"[800,1100)","[2.5,3)",1.2,1.3,1.25,0,0.785398163397,0,0,0
50,"[800,1100)","[2.5,3)",1.3,1.4,1.35,0,0.848230016469,0,0,0
50,"[800,1100)","[2.5,3)",1.4,1.5,1.45,0,0.911061869541,0,0,0
50,"[800,1100)","[2.5,3)",1.5,1.6,1.55,0,0.973893722613,0,0,0
50,"[800,1100)","[2.5,3)",1.6,1.7,1.65,0,1.03672557568,0,0,0
50,"[800,1100)","[2.5,3)",1.7,1.8,1.75,0,1.09955742876,0,0,0
50,"[800,1100)","[2.5,3)",1.8,1.9,1.85,0,1.16238928183,0,0,0
50,"[800,1100)","[2.5,3)",1.9,2,1.95,0,1.2252211349,0,0,0
50,"[800,1100)","[2.5,3)",2,2.1,2.05,0,1.28805298797,0,0,0
50,"[800,1100)","[2.5,3)",2.1,2.2,2.15,0,1.35088484104,0,0,0
50,"[800,1100)","[2.5,3)",2.2,2.3,2.25,0,1.41371669412,0,0,0
50,"[800,1100)","[2.5,3)",2.3,2.4,2.35,0,1.47654854719,0,0,0
50,"[800,1100)","[2.5,3)",2.4,2.5,2.45,0,1.53938040026,0,0,0
50,"[800,1100)","[2.5,3)",2.5,2.6,2.55,0,1.60221225333,0,0,0
50,"[800,1100)","[2.5,3)",2.6,2.7,2.65,0,1.6650441064,0,0,0
50,"[800,1100)","[2.5,3)",2.7,2.8,2.75,0,1.72787595947,0,0,0
50,"[800,1100)","[2.5,3)",2.8,2.9,2.85,0,1.79070781255,0,0,0
50,"[800,1100)","[2.5,3)",2.9,3,2.95,0,1.85353966562,0,0,0
50,"[800,1100)","[2.5,3)",3,3.1,3.05,0,1.91637151869,0,0,0
50,"[800,1100)","[2.5,3)",3.1,3.2,3.15,0,1.97920337176,0,0,0
50,"[800,1100)","[2.5,3)",3.2,3.3,3.25,0,2.04203522483,0,0,0
50,"[800,1100)","[2.5,3)",3.3,3.4,3.35,0,2.10486707791,0,0,0
50,"[800,1100)","[2.5,3)",3.4,3.5,3.45,0,2.16769893098,0,0,0
50,"[800,1100)","[2.5,3)",3.5,3.6,3.55,0,2.23053078405,0,0,0
50,"[800,1100)","[2.5,3)",3.6,3.7,3.65,0,2.29336263712,0,0,0
50,"[800,1100)","[2.5,3)",3.7,3.8,3.75,0,2.35619449019,0,0,0
50,"[800,1100)","[2.5,3)",3.8,3.9,3.85,0,2.41902634326,0,0,0
50,"[800,1100)","[2.5,3)",3.9,4,3.95,0,2.48185819634,0,0,0
50,"[800,1100)","[2.5,3)",4,4.1,4.05,0,2.54469004941,0,0,0
50,"[800,1100)","[2.5,3)",4.1,4.2,4.15,0,2.60752190248,0,0,0
50,"[800,1100)","[2.5,3)",4.2,4.3,4.25,0,2.67035375555,0,0,0
50,"[800,1100)","[2.5,3)",4.3,4.4,4.35,0,2.73318560862,0,0,0
50,"[800,1100)","[2.5,3)",4.4,4.5,4.45,0,2.79601746169,0,0,0
50,"[800,1100)","[2.5,3)",4.5,4.6,4.55,0,2.85884931477,0,0,0
50,"[800,1100)","[2.5,3)",4.6,4.7,4.65,0,2.92168116784,0,0,0
50,"[800,1100)","[2.5,3)",4.7,4.8,4.75,0,2.98451302091,0,0,0
50,"[800,1100)","[2.5,3)",4.8,4.9,4.85,0,3.04734487398,0,0,0
50,"[800,1100)","[2.5,3)",4.9,5,4.95,0,3.11017672705,0,0,0
50,"[800,1100)","[2.5,3)",5,5.1,5.05,0,3.17300858013,0,0,0
50,"[800,1100)","[2.5,3)",5.1,5.2,5.15,0,3.2358404332,0,0,0
50,"[800,1100)","[2.5,3)",5.2,5.3,5.25,0,3.29867228627,0,0,0
50,"[800,1100)","[2.5,3)",5.3,5.4,5.35,0,3.36150413934,0,0,0
50,"[800,1100)","[2.5,3)",5.4,5.5,5.45,0,3.42433599241,0,0,0
50,"[800,1100)","[2.5,3)",5.5,5.6,5.55,0,3.48716784548,0,0,0
50,"[800,1100)","[2.5,3)",5.6,5.7,5.65,0,3.54999969856,0,0,0
50,"[800,1100)","[2.5,3)",5.7,5.8,5.75,0,3.61283155163,0,0,0
50,"[800,1100)","[2.5,3)",5.8,5.9,5.85,0,3.6756634047,0,0,0
50,"[800,1100)","[2.5,3)",5.9,6,5.95,0,3.73849525777,0,0,0
50,"[800,1100)","[2.5,3)",6,6.1,6.05,0,3.80132711084,0,0,0
50,"[800,1100)","[2.5,3)",6.1,6.2,6.15,0,3.86415896392,0,0,0
50,"[800,1100)","[2.5,3)",6.2,6.3,6.25,0,3.92699081699,0,0,0
50,"[800,1100)","[2.5,3)",6.3,6.4,6.35,0,3.98982267006,0,0,0
50,"[800,1100)","[2.5,3)",6.4,6.5,6.45,0,4.05265452313,0,0,0
50,"[800,1100)","[2.5,3)",6.5,6.6,6.55,0,4.1154863762,0,0,0
50,"[800,1100)","[2.5,3)",6.6,6.7,6.65,0,4.17831822927,0,0,0
50,"[800,1100)","[2.5,3)",6.7,6.8,6.75,0,4.24115008235,0,0,0
50,"[800,1100)","[2.5,3)",6.8,6.9,6.85,0,4.30398193542,0,0,0
50,"[800,1100)","[2.5,3)",6.9,7,6.95,0,4.36681378849,0,0,0
50,"[800,1100)","[2.5,3)",7,7.1,7.05,0,4.42964564156,0,0,0
50,"[800,1100)","[2.5,3)",7.1,7.2,7.15,0,4.49247749463,0,0,0
50,"[800,1100)","[2.5,3)",7.2,7.3,7.25,0,4.55530934771,0,0,0
50,"[800,1100)","[2.5,3)",7.3,7.4,7.35,0,4.61814120078,0,0,0
50,"[800,1100)","[2.5,3)",7.4,7.5,7.45,0,4.68097305385,0,0,0
50,"[800,1100)","[2.5,3)",7.5,7.6,7.55,0,4.74380490692,0,0,0
50,"[800,1100)","[2.5,3)",7.6,7.7,7.65,0,4.80663675999,0,0,0
50,"[800,1100)","[2.5,3)",7.7,7.8,7.75,0,4.86946861306,0,0,0
50,"[800,1100)","[2.5,3)",7.8,7.9,7.85,0,4.93230046614,0,0,0
50,"[800,1100)","[2.5,3)",7.9,8,7.95,0,4.99513231921,0,0,0
50,"[800,1100)","[2.5,3)",8,8.1,8.05,0,5.05796417228,0,0,0
50,"[800,1100)","[2.5,3)",8.1,8.2,8.15,0,5.12079602535,0,0,0
50,"[800,1100)","[2.5,3)",8.2,8.3,8.25,0,5.18362787842,0,0,0
50,"[800,1100)","[2.5,3)",8.3,8.4,8.35,0,5.24645973149,0,0,0
50,"[800,1100)","[2.5,3)",8.4,8.5,8.45,0,5.30929158457,0,0,0
50,"[800,1100)","[2.5,3)",8.5,8.6,8.55,0,5.37212343764,0,0,0
50,"[800,1100)","[2.5,3)",8.6,8.7,8.65,0,5.43495529071,0,0,0
50,"[800,1100)","[2.5,3)",8.7,8.8,8.75,0,5.49778714378,0,0,0
50,"[800,1100)","[2.5,3)",8.8,8.9,8.85,0,5.56061899685,0,0,0
50,"[800,1100)","[2.5,3)",8.9,9,8.95,0,5.62345084993,0,0,0
50,"[800,1100)","[2.5,3)",9,9.1,9.05,0,5.686282703,0,0,0
50,"[800,1100)","[2.5,3)",9.1,9.2,9.15,0,5.74911455607,0,0,0
50,"[800,1100)","[2.5,3)",9.2,9.3,9.25,0,5.81194640914,0,0,0
50,"[800,1100)","[2.5,3)",9.3,9.4,9.35,0,5.87477826221,0,0,0
50,"[800,1100)","[2.5,3)",9.4,9.5,9.45,0,5.93761011528,0,0,0
50,"[800,1100)","[2.5,3)",9.5,9.6,9.55,0,6.00044196836,0,0,0
50,"[800,1100)","[2.5,3)",9.6,9.7,9.65,0,6.06327382143,0,0,0
50,"[800,1100)","[2.5,3)",9.7,9.8,9.75,0,6.1261056745,0,0,0
50,"[800,1100)","[2.5,3)",9.8,9.9,9.85,0,6.18893752757,0,0,0
50,"[800,1100)","[2.5,3)",9.9,10,9.95,0,6.25176938064,0,0,0
50,"[800,1100)","[2.5,3)",10,10.1,10.05,0,6.31460123372,0,0,0
50,"[800,1100)","[2.5,3)",10.1,10.2,10.15,0,6.37743308679,0,0,0
50,"[800,1100)","[2.5,3)",10.2,10.3,10.25,0,6.44026493986,0,0,0
50,"[800,1100)","[2.5,3)",10.3,10.4,10.35,0,6.50309679293,0,0,0
50,"[800,1100)","[2.5,3)",10.4,10.5,10.45,0,6.565928646,0,0,0
50,"[800,1100)","[2.5,3)",10.5,10.6,10.55,0,6.62876049907,0,0,0
50,"[800,1100)","[2.5,3)",10.6,10.7,10.65,0,6.69159235215,0,0,0
50,"[800,1100)","[2.5,3)",10.7,10.8,10.75,0,6.75442420522,0,0,0
50,"[800,1100)","[2.5,3)",10.8,10.9,10.85,0,6.81725605829,0,0,0
50,"[800,1100)","[2.5,3)",10.9,11,10.95,0,6.88008791136,0,0,0
50,"[800,1100)","[2.5,3)",11,11.1,11.05,0,6.94291976443,0,0,0
50,"[800,1100)","[2.5,3)",11.1,11.2,11.15,0,7.00575161751,0,0,0
50,"[800,1100)","[2.5,3)",11.2,11.3,11.25,0,7.06858347058,0,0,0
50,"[800,1100)","[2.5,3)",11.3,11.4,11.35,0,7.13141532365,0,0,0
50,"[800,1100)","[2.5,3)",11.4,11.5,11.45,0,7.19424717672,0,0,0
50,"[800,1100)","[2.5,3)",11.5,11.6,11.55,0,7.25707902979,0,0,0
50,"[800,1100)","[2.5,3)",11.6,11.7,11.65,0,7.31991088286,0,0,0
50,"[800,1100)","[2.5,3)",11.7,11.8,11.75,0,7.38274273594,0,0,0
50,"[800,1100)","[2.5,3)",11.8,11.9,11.85,0,7.44557458901,0,0,0
50,"[800,1100)","[2.5,3)",11.9,12,11.95,0,7.50840644208,0,0,0
51,"[800,1100)","[3,3.25)",0,0.1,0.05,1,0.0314159265359,31.8309886184,1,0.000999000999001
51,"[800,1100)","[3,3.25)",0.1,0.2,0.15,0,0.0942477796077,0,1,0.000999000999001
51,"[800,1100)","[3,3.25)",0.2,0.3,0.25,7,0.157079632679,44.5633840657,8,0.00799200799201
51,"[800,1100)","[3,3.25)",0.3,0.4,0.35,4,0.219911485751,18.1891363534,12,0.011988011988
51,"[800,1100)","[3,3.25)",0.4,0.5,0.45,5,0.282743338823,17.6838825658,17,0.016983016983
51,"[800,1100)","[3,3.25)",0.5,0.6,0.55,5,0.345575191895,14.4686311902,22,0.021978021978
51,"[800,1100)","[3,3.25)",0.6,0.7,0.65,3,0.408407044967,7.34561275809,25,0.024975024975
51,"[800,1100)","[3,3.25)",0.7,0.8,0.75,4,0.471238898038,8.48826363157,29,0.028971028971
51,"[800,1100)","[3,3.25)",0.8,0.9,0.85,5,0.53407075111,9.36205547599,34,0.033966033966
51,"[800,1100)","[3,3.25)",0.9,1,0.95,4,0.596902604182,6.70126076176,38,0.037962037962
51,"[800,1100)","[3,3.25)",1,1.1,1.05,5,0.659734457254,7.5788068139,43,0.042957042957
51,"[800,1100)","[3,3.25)",1.1,1.2,1.15,5,0.722566310326,6.91978013443,48,0.047952047952
51,"[800,1100)","[3,3.25)",1.2,1.3,1.25,5,0.785398163397,6.36619772368,53,0.0529470529471
51,"[800,1100)","[3,3.25)",1.3,1.4,1.35,2,0.848230016469,2.35785100877,55,0.0549450549451
51,"[800,1100)","[3,3.25)",1.4,1.5,1.45,6,0.911061869541,6.58572178311,61,0.0609390609391
51,"[800,1100)","[3,3.25)",1.5,1.6,1.55,11,0.973893722613,11.2948669291,72,0.0719280719281
51,"[800,1100)","[3,3.25)",1.6,1.7,1.65,9,1.03672557568,8.6811787141,81,0.0809190809191
51,"[800,1100)","[3,3.25)",1.7,1.8,1.75,8,1.09955742876,7.27565454134,89,0.0889110889111
51,"[800,1100)","[3,3.25)",1.8,1.9,1.85,8,1.16238928183,6.88237591749,97,0.0969030969031
51,"[800,1100)","[3,3.25)",1.9,2,1.95,7,1.2252211349,5.7132543674,104,0.103896103896
51,"[800,1100)","[3,3.25)",2,2.1,2.05,8,1.28805298797,6.21092460846,112,0.111888111888
51,"[800,1100)","[3,3.25)",2.1,2.2,2.15,7,1.35088484104,5.18178884485,119,0.118881118881
51,"[800,1100)","[3,3.25)",2.2,2.3,2.25,14,1.41371669412,9.90297423683,133,0.132867132867
51,"[800,1100)","[3,3.25)",2.3,2.4,2.35,10,1.47654854719,6.77255076987,143,0.142857142857
51,"[800,1100)","[3,3.25)",2.4,2.5,2.45,12,1.53938040026,7.79534415144,155,0.154845154845
51,"[800,1100)","[3,3.25)",2.5,2.6,2.55,13,1.60221225333,8.11378141253,168,0.167832167832
51,"[800,1100)","[3,3.25)",2.6,2.7,2.65,7,1.6650441064,4.20409283639,175,0.174825174825
51,"[800,1100)","[3,3.25)",2.7,2.8,2.75,15,1.72787595947,8.6811787141,190,0.18981018981
51,"[800,1100)","[3,3.25)",2.8,2.9,2.85,10,1.79070781255,5.58438396814,200,0.1998001998
51,"[800,1100)","[3,3.25)",2.9,3,2.95,11,1.85353966562,5.93459109834,211,0.210789210789
51,"[800,1100)","[3,3.25)",3,3.1,3.05,13,1.91637151869,6.78365331211,224,0.223776223776
51,"[800,1100)","[3,3.25)",3.1,3.2,3.15,10,1.97920337176,5.05253787593,234,0.233766233766
51,"[800,1100)","[3,3.25)",3.2,3.3,3.25,8,2.04203522483,3.91766013765,242,0.241758241758
51,"[800,1100)","[3,3.25)",3.3,3.4,3.35,12,2.10486707791,5.70107258837,254,0.253746253746
51,"[800,1100)","[3,3.25)",3.4,3.5,3.45,11,2.16769893098,5.07450543192,265,0.264735264735
51,"[800,1100)","[3,3.25)",3.5,3.6,3.55,16,2.23053078405,7.17318053372,281,0.280719280719
51,"[800,1100)","[3,3.25)",3.6,3.7,3.65,23,2.29336263712,10.0289416195,304,0.303696303696
51,"[800,1100)","[3,3.25)",3.7,3.8,3.75,12,2.35619449019,5.09295817894,316,0.315684315684
51,"[800,1100)","[3,3.25)",3.8,3.9,3.85,11,2.41902634326,4.54728408834,327,0.326673326673
51,"[800,1100)","[3,3.25)",3.9,4,3.95,17,2.48185819634,6.84970641155,344,0.343656343656
51,"[800,1100)","[3,3.25)",4,4.1,4.05,18,2.54469004941,7.07355302631,362,0.361638361638
51,"[800,1100)","[3,3.25)",4.1,4.2,4.15,15,2.60752190248,5.75258830453,377,0.376623376623
51,"[800,1100)","[3,3.25)",4.2,4.3,4.25,13,2.67035375555,4.86826884752,390,0.38961038961
51,"[800,1100)","[3,3.25)",4.3,4.4,4.35,23,2.73318560862,8.41508894509,413,0.412587412587
51,"[800,1100)","[3,3.25)",4.4,4.5,4.45,14,2.79601746169,5.00712180514,427,0.426573426573
51,"[800,1100)","[3,3.25)",4.5,4.6,4.55,15,2.85884931477,5.24686625578,442,0.441558441558
51,"[800,1100)","[3,3.25)",4.6,4.7,4.65,27,2.92168116784,9.24125476017,469,0.468531468531
51,"[800,1100)","[3,3.25)",4.7,4.8,4.75,15,2.98451302091,5.02594557132,484,0.483516483516
51,"[800,1100)","[3,3.25)",4.8,4.9,4.85,26,3.04734487398,8.53201756781,510,0.509490509491
51,"[800,1100)","[3,3.25)",4.9,5,4.95,24,3.11017672705,7.71660330143,534,0.533466533467
51,"[800,1100)","[3,3.25)",5,5.1,5.05,18,3.17300858013,5.67284945674,552,0.551448551449
51,"[800,1100)","[3,3.25)",5.1,5.2,5.15,6,3.2358404332,1.8542323467,558,0.557442557443
51,"[800,1100)","[3,3.25)",5.2,5.3,5.25,27,3.29867228627,8.18511135901,585,0.584415584416
51,"[800,1100)","[3,3.25)",5.3,5.4,5.35,25,3.36150413934,7.43714687345,610,0.609390609391
51,"[800,1100)","[3,3.25)",5.4,5.5,5.45,35,3.42433599241,10.2209596481,645,0.644355644356
51,"[800,1100)","[3,3.25)",5.5,5.6,5.55,27,3.48716784548,7.74267290717,672,0.671328671329
51,"[800,1100)","[3,3.25)",5.6,5.7,5.65,14,3.54999969856,3.9436623067,686,0.685314685315
51,"[800,1100)","[3,3.25)",5.7,5.8,5.75,22,3.61283155163,6.0894065183,708,0.707292707293
51,"[800,1100)","[3,3.25)",5.8,5.9,5.85,24,3.6756634047,6.52943356274,732,0.731268731269
51,"[800,1100)","[3,3.25)",5.9,6,5.95,25,3.73849525777,6.68718248285,757,0.756243756244
51,"[800,1100)","[3,3.25)",6,6.1,6.05,15,3.80132711084,3.94599032459,772,0.771228771229
51,"[800,1100)","[3,3.25)",6.1,6.2,6.15,24,3.86415896392,6.21092460846,796,0.795204795205
51,"[800,1100)","[3,3.25)",6.2,6.3,6.25,24,3.92699081699,6.11154981473,820,0.819180819181
51,"[800,1100)","[3,3.25)",6.3,6.4,6.35,20,3.98982267006,5.01275411313,840,0.839160839161
51,"[800,1100)","[3,3.25)",6.4,6.5,6.45,25,4.05265452313,6.16879624387,865,0.864135864136
51,"[800,1100)","[3,3.25)",6.5,6.6,6.55,24,4.1154863762,5.8316315026,889,0.888111888112
51,"[800,1100)","[3,3.25)",6.6,6.7,6.65,27,4.17831822927,6.46193002027,916,0.915084915085
51,"[800,1100)","[3,3.25)",6.7,6.8,6.75,22,4.24115008235,5.18727221929,938,0.937062937063
51,"[800,1100)","[3,3.25)",6.8,6.9,6.85,16,4.30398193542,3.71748772185,954,0.953046953047
51,"[800,1100)","[3,3.25)",6.9,7,6.95,10,4.36681378849,2.28999918118,964,0.963036963037
51,"[800,1100)","[3,3.25)",7,7.1,7.05,11,4.42964564156,2.48326861562,975,0.974025974026
51,"[800,1100)","[3,3.25)",7.1,7.2,7.15,5,4.49247749463,1.11297163001,980,0.979020979021
51,"[800,1100)","[3,3.25)",7.2,7.3,7.25,5,4.55530934771,1.09762029719,985,0.984015984016
51,"[800,1100)","[3,3.25)",7.3,7.4,7.35,3,4.61814120078,0.64961201262,988,0.987012987013
51,"[800,1100)","[3,3.25)",7.4,7.5,7.45,0,4.68097305385,0,988,0.987012987013
51,"[800,1100)","[3,3.25)",7.5,7.6,7.55,1,4.74380490692,0.210801249128,989,0.988011988012
51,"[800,1100)","[3,3.25)",7.6,7.7,7.65,1,4.80663675999,0.208045677244,990,0.989010989011
51,"[800,1100)","[3,3.25)",7.7,7.8,7.75,0,4.86946861306,0,990,0.989010989011
51,"[800,1100)","[3,3.25)",7.8,7.9,7.85,0,4.93230046614,0,990,0.989010989011
51,"[800,1100)","[3,3.25)",7.9,8,7.95,0,4.99513231921,0,990,0.989010989011
51,"[800,1100)","[3,3.25)",8,8.1,8.05,0,5.05796417228,0,990,0.989010989011
51,"[800,1100)","[3,3.25)",8.1,8.2,8.15,0,5.12079602535,0,990,0.989010989011
51,"[800,1100)","[3,3.25)",8.2,8.3,8.25,1,5.18362787842,0.192915082536,991,0.99000999001
51,"[800,1100)","[3,3.25)",8.3,8.4,8.35,1,5.24645973149,0.190604722266,992,0.991008991009
51,"[800,1100)","[3,3.25)",8.4,8.5,8.45,1,5.30929158457,0.188349045079,993,0.992007992008
51,"[800,1100)","[3,3.25)",8.5,8.6,8.55,0,5.37212343764,0,993,0.992007992008
51,"[800,1100)","[3,3.25)",8.6,8.7,8.65,0,5.43495529071,0,993,0.992007992008
51,"[800,1100)","[3,3.25)",8.7,8.8,8.75,0,5.49778714378,0,993,0.992007992008
51,"[800,1100)","[3,3.25)",8.8,8.9,8.85,0,5.56061899685,0,993,0.992007992008
51,"[800,1100)","[3,3.25)",8.9,9,8.95,0,5.62345084993,0,993,0.992007992008
51,"[800,1100)","[3,3.25)",9,9.1,9.05,1,5.686282703,0.175861815571,994,0.993006993007
51,"[800,1100)","[3,3.25)",9.1,9.2,9.15,0,5.74911455607,0,994,0.993006993007
51,"[800,1100)","[3,3.25)",9.2,9.3,9.25,0,5.81194640914,0,994,0.993006993007
51,"[800,1100)","[3,3.25)",9.3,9.4,9.35,0,5.87477826221,0,994,0.993006993007
51,"[800,1100)","[3,3.25)",9.4,9.5,9.45,1,5.93761011528,0.168417929198,995,0.994005994006
51,"[800,1100)","[3,3.25)",9.5,9.6,9.55,1,6.00044196836,0.166654390672,996,0.995004995005
51,"[800,1100)","[3,3.25)",9.6,9.7,9.65,1,6.06327382143,0.164927402168,997,0.996003996004
51,"[800,1100)","[3,3.25)",9.7,9.8,9.75,0,6.1261056745,0,997,0.996003996004
51,"[800,1100)","[3,3.25)",9.8,9.9,9.85,0,6.18893752757,0,997,0.996003996004
51,"[800,1100)","[3,3.25)",9.9,10,9.95,1,6.25176938064,0.159954716675,998,0.997002997003
51,"[800,1100)","[3,3.25)",10,10.1,10.05,0,6.31460123372,0,998,0.997002997003
51,"[800,1100)","[3,3.25)",10.1,10.2,10.15,0,6.37743308679,0,998,0.997002997003
51,"[800,1100)","[3,3.25)",10.2,10.3,10.25,0,6.44026493986,0,998,0.997002997003
51,"[800,1100)","[3,3.25)",10.3,10.4,10.35,0,6.50309679293,0,998,0.997002997003
51,"[800,1100)","[3,3.25)",10.4,10.5,10.45,0,6.565928646,0,998,0.997002997003
51,"[800,1100)","[3,3.25)",10.5,10.6,10.55,0,6.62876049907,0,998,0.997002997003
51,"[800,1100)","[3,3.25)",10.6,10.7,10.65,1,6.69159235215,0.149441261119,999,0.998001998002
51,"[800,1100)","[3,3.25)",10.7,10.8,10.75,1,6.75442420522,0.148051109853,1000,0.999000999001
51,"[800,1100)","[3,3.25)",10.8,10.9,10.85,0,6.81725605829,0,1000,0.999000999001
51,"[800,1100)","[3,3.25)",10.9,11,10.95,0,6.88008791136,0,1000,0.999000999001
51,"[800,1100)","[3,3.25)",11,11.1,11.05,1,6.94291976443,0.144031622708,1001,1
51,"[800,1100)","[3,3.25)",11.1,11.2,11.15,0,7.00575161751,0,1001,1
51,"[800,1100)","[3,3.25)",11.2,11.3,11.25,0,7.06858347058,0,1001,1
51,"[800,1100)","[3,3.25)",11.3,11.4,11.35,0,7.13141532365,0,1001,1
51,"[800,1100)","[3,3.25)",11.4,11.5,11.45,0,7.19424717672,0,1001,1
51,"[800,1100)","[3,3.25)",11.5,11.6,11.55,0,7.25707902979,0,1001,1
51,"[800,1100)","[3,3.25)",11.6,11.7,11.65,0,7.31991088286,0,1001,1
51,"[800,1100)","[3,3.25)",11.7,11.8,11.75,0,7.38274273594,0,1001,1
51,"[800,1100)","[3,3.25)",11.8,11.9,11.85,0,7.44557458901,0,1001,1
51,"[800,1100)","[3,3.25)",11.9,12,11.95,0,7.50840644208,0,1001,1
52,"[800,1100)","[3.25,3.5)",0,0.1,0.05,42,0.0314159265359,1336.90152197,42,0.00193977461666
52,"[800,1100)","[3.25,3.5)",0.1,0.2,0.15,74,0.0942477796077,785.16438592,116,0.00535747275079
52,"[800,1100)","[3.25,3.5)",0.2,0.3,0.25,81,0.157079632679,515.662015618,197,0.00909846665435
52,"[800,1100)","[3.25,3.5)",0.3,0.4,0.35,68,0.219911485751,309.215318007,265,0.0122390541289
52,"[800,1100)","[3.25,3.5)",0.4,0.5,0.45,62,0.282743338823,219.280143816,327,0.015102530944
52,"[800,1100)","[3.25,3.5)",0.5,0.6,0.55,48,0.345575191895,138.898859426,375,0.0173194162202
52,"[800,1100)","[3.25,3.5)",0.6,0.7,0.65,56,0.408407044967,137.118104818,431,0.0199057823758
52,"[800,1100)","[3.25,3.5)",0.7,0.8,0.75,75,0.471238898038,159.154943092,506,0.0233696656198
52,"[800,1100)","[3.25,3.5)",0.8,0.9,0.85,73,0.53407075111,136.68600995,579,0.026741178644
52,"[800,1100)","[3.25,3.5)",0.9,1,0.95,97,0.596902604182,162.505573473,676,0.0312211343063
52,"[800,1100)","[3.25,3.5)",1,1.1,1.05,94,0.659734457254,142.481568101,770,0.0355625346388
52,"[800,1100)","[3.25,3.5)",1.1,1.2,1.15,96,0.722566310326,132.859778581,866,0.0399963051912
52,"[800,1100)","[3.25,3.5)",1.2,1.3,1.25,123,0.785398163397,156.608464002,989,0.0456770737114
52,"[800,1100)","[3.25,3.5)",1.3,1.4,1.35,101,0.848230016469,119.071475943,1090,0.0503417698134
52,"[800,1100)","[3.25,3.5)",1.4,1.5,1.45,130,0.911061869541,142.690638634,1220,0.0563458341031
52,"[800,1100)","[3.25,3.5)",1.5,1.6,1.55,118,0.973893722613,121.163117967,1338,0.0617956770737
52,"[800,1100)","[3.25,3.5)",1.6,1.7,1.65,147,1.03672557568,141.792585664,1485,0.068584888232
52,"[800,1100)","[3.25,3.5)",1.7,1.8,1.75,149,1.09955742876,135.509065833,1634,0.0754664696102
52,"[800,1100)","[3.25,3.5)",1.8,1.9,1.85,174,1.16238928183,149.691676205,1808,0.0835026787364
52,"[800,1100)","[3.25,3.5)",1.9,2,1.95,171,1.2252211349,139.566642404,1979,0.0914003325328
52,"[800,1100)","[3.25,3.5)",2,2.1,2.05,182,1.28805298797,141.298534843,2161,0.0998060225383
52,"[800,1100)","[3.25,3.5)",2.1,2.2,2.15,186,1.35088484104,137.687532163,2347,0.108396452984
52,"[800,1100)","[3.25,3.5)",2.2,2.3,2.25,194,1.41371669412,137.22692871,2541,0.117356364308
52,"[800,1100)","[3.25,3.5)",2.3,2.4,2.35,180,1.47654854719,121.905913858,2721,0.125669684094
52,"[800,1100)","[3.25,3.5)",2.4,2.5,2.45,231,1.53938040026,150.060374915,2952,0.136338444485
52,"[800,1100)","[3.25,3.5)",2.5,2.6,2.55,240,1.60221225333,149.792887616,3192,0.147422870866
52,"[800,1100)","[3.25,3.5)",2.6,2.7,2.65,239,1.6650441064,143.539741128,3431,0.158461112137
52,"[800,1100)","[3.25,3.5)",2.7,2.8,2.75,240,1.72787595947,138.898859426,3671,0.169545538518
52,"[800,1100)","[3.25,3.5)",2.8,2.9,2.85,236,1.79070781255,131.791461648,3907,0.18044522446
52,"[800,1100)","[3.25,3.5)",2.9,3,2.95,245,1.85353966562,132.179529009,4152,0.19176057639
52,"[800,1100)","[3.25,3.5)",3,3.1,3.05,268,1.91637151869,139.847622127,4420,0.204138185849
52,"[800,1100)","[3.25,3.5)",3.1,3.2,3.15,248,1.97920337176,125.302939323,4668,0.215592093109
52,"[800,1100)","[3.25,3.5)",3.2,3.3,3.25,299,2.04203522483,146.422547645,4967,0.229401440975
52,"[800,1100)","[3.25,3.5)",3.3,3.4,3.35,311,2.10486707791,147.752797915,5278,0.243765010161
52,"[800,1100)","[3.25,3.5)",3.4,3.5,3.45,296,2.16769893098,136.550327986,5574,0.257435802697
52,"[800,1100)","[3.25,3.5)",3.5,3.6,3.55,302,2.23053078405,135.393782574,5876,0.271383705893
52,"[800,1100)","[3.25,3.5)",3.6,3.7,3.65,318,2.29336263712,138.661018913,6194,0.286070570848
52,"[800,1100)","[3.25,3.5)",3.7,3.8,3.75,347,2.35619449019,147.271374008,6541,0.30209680399
52,"[800,1100)","[3.25,3.5)",3.8,3.9,3.85,346,2.41902634326,143.032754051,6887,0.318076852023
52,"[800,1100)","[3.25,3.5)",3.9,4,3.95,367,2.48185819634,147.873073708,7254,0.335026787364
52,"[800,1100)","[3.25,3.5)",4,4.1,4.05,315,2.54469004941,123.78717796,7569,0.349575096989
52,"[800,1100)","[3.25,3.5)",4.1,4.2,4.15,363,2.60752190248,139.21263697,7932,0.36634029189
52,"[800,1100)","[3.25,3.5)",4.2,4.3,4.25,376,2.67035375555,140.805314359,8308,0.38370589322
52,"[800,1100)","[3.25,3.5)",4.3,4.4,4.35,379,2.73318560862,138.666030878,8687,0.40121004988
52,"[800,1100)","[3.25,3.5)",4.4,4.5,4.45,383,2.79601746169,136.980546526,9070,0.418898946979
52,"[800,1100)","[3.25,3.5)",4.5,4.6,4.55,383,2.85884931477,133.969985064,9453,0.436587844079
52,"[800,1100)","[3.25,3.5)",4.6,4.7,4.65,424,2.92168116784,145.121926604,9877,0.456170330685
52,"[800,1100)","[3.25,3.5)",4.7,4.8,4.75,400,2.98451302091,134.025215235,10277,0.474644374654
52,"[800,1100)","[3.25,3.5)",4.8,4.9,4.85,378,3.04734487398,124.042409255,10655,0.492102346204
52,"[800,1100)","[3.25,3.5)",4.9,5,4.95,432,3.11017672705,138.898859426,11087,0.512054313689
52,"[800,1100)","[3.25,3.5)",5,5.1,5.05,479,3.17300858013,150.96082721,11566,0.534176981341
52,"[800,1100)","[3.25,3.5)",5.1,5.2,5.15,440,3.2358404332,135.977038758,12006,0.554498429706
52,"[800,1100)","[3.25,3.5)",5.2,5.3,5.25,475,3.29867228627,143.997329464,12481,0.576436356919
52,"[800,1100)","[3.25,3.5)",5.3,5.4,5.35,461,3.36150413934,137.140988346,12942,0.597727692592
52,"[800,1100)","[3.25,3.5)",5.4,5.5,5.45,479,3.42433599241,139.88113347,13421,0.619850360244
52,"[800,1100)","[3.25,3.5)",5.5,5.6,5.55,474,3.48716784548,135.92692437,13895,0.641742102346
52,"[800,1100)","[3.25,3.5)",5.6,5.7,5.65,466,3.54999969856,131.26761678,14361,0.663264363569
52,"[800,1100)","[3.25,3.5)",5.7,5.8,5.75,532,3.61283155163,147.252921261,14893,0.687834842047
52,"[800,1100)","[3.25,3.5)",5.8,5.9,5.85,532,3.6756634047,144.735777308,15425,0.712405320525
52,"[800,1100)","[3.25,3.5)",5.9,6,5.95,490,3.73849525777,131.068776664,15915,0.735036024386
52,"[800,1100)","[3.25,3.5)",6,6.1,6.05,520,3.80132711084,136.794331253,16435,0.759052281544
52,"[800,1100)","[3.25,3.5)",6.1,6.2,6.15,491,3.86415896392,127.065165948,16926,0.781729170515
52,"[800,1100)","[3.25,3.5)",6.2,6.3,6.25,525,3.92699081699,133.690152197,17451,0.805976353224
52,"[800,1100)","[3.25,3.5)",6.3,6.4,6.35,512,3.98982267006,128.326505296,17963,0.829623129503
52,"[800,1100)","[3.25,3.5)",6.4,6.5,6.45,546,4.05265452313,134.726509966,18509,0.85484019952
52,"[800,1100)","[3.25,3.5)",6.5,6.6,6.55,509,4.1154863762,123.679184784,19018,0.878348420469
52,"[800,1100)","[3.25,3.5)",6.6,6.7,6.65,552,4.17831822927,132.110569303,19570,0.903842601145
52,"[800,1100)","[3.25,3.5)",6.7,6.8,6.75,471,4.24115008235,111.054782513,20041,0.925595787918
52,"[800,1100)","[3.25,3.5)",6.8,6.9,6.85,390,4.30398193542,90.6137632202,20431,0.943607980787
52,"[800,1100)","[3.25,3.5)",6.9,7,6.95,324,4.36681378849,74.1959734702,20755,0.958571956401
52,"[800,1100)","[3.25,3.5)",7,7.1,7.05,249,4.42964564156,56.2121713899,21004,0.970072048771
52,"[800,1100)","[3.25,3.5)",7.1,7.2,7.15,187,4.49247749463,41.6251389625,21191,0.978708664327
52,"[800,1100)","[3.25,3.5)",7.2,7.3,7.25,113,4.55530934771,24.8062187164,21304,0.983927581748
52,"[800,1100)","[3.25,3.5)",7.3,7.4,7.35,50,4.61814120078,10.826866877,21354,0.986236837244
52,"[800,1100)","[3.25,3.5)",7.4,7.5,7.45,33,4.68097305385,7.04981627118,21387,0.987760945871
52,"[800,1100)","[3.25,3.5)",7.5,7.6,7.55,13,4.74380490692,2.74041623867,21400,0.9883613523
52,"[800,1100)","[3.25,3.5)",7.6,7.7,7.65,6,4.80663675999,1.24827406347,21406,0.98863846296
52,"[800,1100)","[3.25,3.5)",7.7,7.8,7.75,7,4.86946861306,1.43752851825,21413,0.988961758729
52,"[800,1100)","[3.25,3.5)",7.8,7.9,7.85,4,4.93230046614,0.810980601742,21417,0.989146499169
52,"[800,1100)","[3.25,3.5)",7.9,8,7.95,2,4.99513231921,0.400389793942,21419,0.989238869389
52,"[800,1100)","[3.25,3.5)",8,8.1,8.05,5,5.05796417228,0.988540019204,21424,0.989469794938
52,"[800,1100)","[3.25,3.5)",8.1,8.2,8.15,5,5.12079602535,0.976410693815,21429,0.989700720488
52,"[800,1100)","[3.25,3.5)",8.2,8.3,8.25,2,5.18362787842,0.385830165071,21431,0.989793090708
52,"[800,1100)","[3.25,3.5)",8.3,8.4,8.35,3,5.24645973149,0.571814166797,21434,0.989931646037
52,"[800,1100)","[3.25,3.5)",8.4,8.5,8.45,8,5.30929158457,1.50679236063,21442,0.990301126917
52,"[800,1100)","[3.25,3.5)",8.5,8.6,8.55,1,5.37212343764,0.186146132271,21443,0.990347312027
52,"[800,1100)","[3.25,3.5)",8.6,8.7,8.65,8,5.43495529071,1.47195323091,21451,0.990716792906
52,"[800,1100)","[3.25,3.5)",8.7,8.8,8.75,1,5.49778714378,0.181891363534,21452,0.990762978016
52,"[800,1100)","[3.25,3.5)",8.8,8.9,8.85,8,5.56061899685,1.43868875111,21460,0.991132458895
52,"[800,1100)","[3.25,3.5)",8.9,9,8.95,4,5.62345084993,0.711307008232,21464,0.991317199335
52,"[800,1100)","[3.25,3.5)",9,9.1,9.05,4,5.686282703,0.703447262285,21468,0.991501939775
52,"[800,1100)","[3.25,3.5)",9.1,9.2,9.15,6,5.74911455607,1.04363897109,21474,0.991779050434
52,"[800,1100)","[3.25,3.5)",9.2,9.3,9.25,6,5.81194640914,1.03235638762,21480,0.992056161094
52,"[800,1100)","[3.25,3.5)",9.3,9.4,9.35,2,5.87477826221,0.340438380945,21482,0.992148531314
52,"[800,1100)","[3.25,3.5)",9.4,9.5,9.45,4,5.93761011528,0.673671716791,21486,0.992333271753
52,"[800,1100)","[3.25,3.5)",9.5,9.6,9.55,8,6.00044196836,1.33323512538,21494,0.992702752633
52,"[800,1100)","[3.25,3.5)",9.6,9.7,9.65,10,6.06327382143,1.64927402168,21504,0.993164603732
52,"[800,1100)","[3.25,3.5)",9.7,9.8,9.75,7,6.1261056745,1.14265087348,21511,0.993487899501
52,"[800,1100)","[3.25,3.5)",9.8,9.9,9.85,0,6.18893752757,0,21511,0.993487899501
52,"[800,1100)","[3.25,3.5)",9.9,10,9.95,6,6.25176938064,0.959728300052,21517,0.993765010161
52,"[800,1100)","[3.25,3.5)",10,10.1,10.05,8,6.31460123372,1.26690501964,21525,0.99413449104
52,"[800,1100)","[3.25,3.5)",10.1,10.2,10.15,10,6.37743308679,1.56802899598,21535,0.994596342139
52,"[800,1100)","[3.25,3.5)",10.2,10.3,10.25,4,6.44026493986,0.621092460846,21539,0.994781082579
52,"[800,1100)","[3.25,3.5)",10.3,10.4,10.35,8,6.50309679293,1.23018313501,21547,0.995150563458
52,"[800,1100)","[3.25,3.5)",10.4,10.5,10.45,9,6.565928646,1.37071242854,21556,0.995566229448
52,"[800,1100)","[3.25,3.5)",10.5,10.6,10.55,7,6.62876049907,1.05600436175,21563,0.995889525217
52,"[800,1100)","[3.25,3.5)",10.6,10.7,10.65,6,6.69159235215,0.896647566715,21569,0.996166635877
52,"[800,1100)","[3.25,3.5)",10.7,10.8,10.75,3,6.75442420522,0.444153329559,21572,0.996305191206
52,"[800,1100)","[3.25,3.5)",10.8,10.9,10.85,5,6.81725605829,0.733432917474,21577,0.996536116756
52,"[800,1100)","[3.25,3.5)",10.9,11,10.95,4,6.88008791136,0.58138791997,21581,0.996720857196
52,"[800,1100)","[3.25,3.5)",11,11.1,11.05,13,6.94291976443,1.8724110952,21594,0.997321263625
52,"[800,1100)","[3.25,3.5)",11.1,11.2,11.15,6,7.00575161751,0.856439155651,21600,0.997598374284
52,"[800,1100)","[3.25,3.5)",11.2,11.3,11.25,9,7.06858347058,1.27323954474,21609,0.998014040273
52,"[800,1100)","[3.25,3.5)",11.3,11.4,11.35,6,7.13141532365,0.841347716785,21615,0.998291150933
52,"[800,1100)","[3.25,3.5)",11.4,11.5,11.45,6,7.19424717672,0.833999701792,21621,0.998568261592
52,"[800,1100)","[3.25,3.5)",11.5,11.6,11.55,2,7.25707902979,0.275592975051,21623,0.998660631812
52,"[800,1100)","[3.25,3.5)",11.6,11.7,11.65,8,7.31991088286,1.09290948046,21631,0.999030112692
52,"[800,1100)","[3.25,3.5)",11.7,11.8,11.75,8,7.38274273594,1.08360812318,21639,0.999399593571
52,"[800,1100)","[3.25,3.5)",11.8,11.9,11.85,7,7.44557458901,0.940155781977,21646,0.99972288934
52,"[800,1100)","[3.25,3.5)",11.9,12,11.95,6,7.50840644208,0.799104316779,21652,1
53,"[800,1100)","[3.5,3.75)",0,0.1,0.05,59,0.0314159265359,1878.02832848,59,0.00122295000415
53,"[800,1100)","[3.5,3.75)",0.1,0.2,0.15,134,0.0942477796077,1421.78415829,193,0.00400049747119
53,"[800,1100)","[3.5,3.75)",0.2,0.3,0.25,142,0.157079632679,904.000076762,335,0.00694386866761
53,"[800,1100)","[3.5,3.75)",0.3,0.4,0.35,128,0.219911485751,582.052363308,463,0.00959704833762
53,"[800,1100)","[3.5,3.75)",0.4,0.5,0.45,89,0.282743338823,314.773109671,552,0.0114418373269
53,"[800,1100)","[3.5,3.75)",0.5,0.6,0.55,119,0.345575191895,344.353422326,671,0.0139084653014
53,"[800,1100)","[3.5,3.75)",0.6,0.7,0.65,136,0.408407044967,333.0011117,807,0.0167274687008
53,"[800,1100)","[3.5,3.75)",0.7,0.8,0.75,148,0.471238898038,314.065754368,955,0.0197952076942
53,"[800,1100)","[3.5,3.75)",0.8,0.9,0.85,149,0.53407075111,278.989253185,1104,0.0228836746538
53,"[800,1100)","[3.5,3.75)",0.9,1,0.95,201,0.596902604182,336.738353279,1305,0.0270499958544
53,"[800,1100)","[3.5,3.75)",1,1.1,1.05,219,0.659734457254,331.951738449,1524,0.0315894204461
53,"[800,1100)","[3.5,3.75)",1.1,1.2,1.15,231,0.722566310326,319.693842211,1755,0.0363775806318
53,"[800,1100)","[3.5,3.75)",1.2,1.3,1.25,255,0.785398163397,324.676083907,2010,0.0416632120056
53,"[800,1100)","[3.5,3.75)",1.3,1.4,1.35,293,0.848230016469,345.425172785,2303,0.047736506094
53,"[800,1100)","[3.5,3.75)",1.4,1.5,1.45,274,0.911061869541,300.747961429,2577,0.0534159688251
53,"[800,1100)","[3.5,3.75)",1.5,1.6,1.55,304,0.973893722613,312.149049677,2881,0.0597172705414
53,"[800,1100)","[3.5,3.75)",1.6,1.7,1.65,324,1.03672557568,312.522433708,3205,0.0664331315811
53,"[800,1100)","[3.5,3.75)",1.7,1.8,1.75,341,1.09955742876,310.124774825,3546,0.0735013680458
53,"[800,1100)","[3.5,3.75)",1.8,1.9,1.85,353,1.16238928183,303.684837359,3899,0.0808183401045
53,"[800,1100)","[3.5,3.75)",1.9,2,1.95,383,1.2252211349,312.596631816,4282,0.0887571511483
53,"[800,1100)","[3.5,3.75)",2,2.1,2.05,431,1.28805298797,334.613563281,4713,0.0976909045684
53,"[800,1100)","[3.5,3.75)",2.1,2.2,2.15,440,1.35088484104,325.712441676,5153,0.106811209684
53,"[800,1100)","[3.5,3.75)",2.2,2.3,2.25,423,1.41371669412,299.211293013,5576,0.115579139375
53,"[800,1100)","[3.5,3.75)",2.3,2.4,2.35,453,1.47654854719,306.796549875,6029,0.124968908051
53,"[800,1100)","[3.5,3.75)",2.4,2.5,2.45,444,1.53938040026,288.427733603,6473,0.134172125031
53,"[800,1100)","[3.5,3.75)",2.5,2.6,2.55,490,1.60221225333,305.827145549,6963,0.144328828455
53,"[800,1100)","[3.5,3.75)",2.6,2.7,2.65,518,1.6650441064,311.102869893,7481,0.155065914932
53,"[800,1100)","[3.5,3.75)",2.7,2.8,2.75,534,1.72787595947,309.049962222,8015,0.166134648868
53,"[800,1100)","[3.5,3.75)",2.8,2.9,2.85,542,1.79070781255,302.673611073,8557,0.177369206533
53,"[800,1100)","[3.5,3.75)",2.9,3,2.95,565,1.85353966562,304.822179142,9122,0.189080507421
53,"[800,1100)","[3.5,3.75)",3,3.1,3.05,568,1.91637151869,296.393467791,9690,0.200853992206
53,"[800,1100)","[3.5,3.75)",3.1,3.2,3.15,637,1.97920337176,321.846662697,10327,0.214057706658
53,"[800,1100)","[3.5,3.75)",3.2,3.3,3.25,629,2.04203522483,308.026028322,10956,0.22709559738
53,"[800,1100)","[3.5,3.75)",3.3,3.4,3.35,683,2.10486707791,324.486048155,11639,0.241252798275
53,"[800,1100)","[3.5,3.75)",3.4,3.5,3.45,742,2.16769893098,342.298457316,12381,0.256632949175
53,"[800,1100)","[3.5,3.75)",3.5,3.6,3.55,678,2.23053078405,303.963525116,13059,0.27068651024
53,"[800,1100)","[3.5,3.75)",3.6,3.7,3.65,670,2.29336263712,292.147429785,13729,0.284574247575
53,"[800,1100)","[3.5,3.75)",3.7,3.8,3.75,703,2.35619449019,298.36246665,14432,0.299146007794
53,"[800,1100)","[3.5,3.75)",3.8,3.9,3.85,753,2.41902634326,311.28226532,15185,0.314754166321
53,"[800,1100)","[3.5,3.75)",3.9,4,3.95,783,2.48185819634,315.489418838,15968,0.330984163834
53,"[800,1100)","[3.5,3.75)",4,4.1,4.05,829,2.54469004941,325.776414378,16797,0.34816764779
53,"[800,1100)","[3.5,3.75)",4.1,4.2,4.15,818,2.60752190248,313.70781554,17615,0.365123124119
53,"[800,1100)","[3.5,3.75)",4.2,4.3,4.25,780,2.67035375555,292.096130851,18395,0.381290937733
53,"[800,1100)","[3.5,3.75)",4.3,4.4,4.35,818,2.73318560862,299.284467699,19213,0.398246414062
53,"[800,1100)","[3.5,3.75)",4.4,4.5,4.45,894,2.79601746169,319.740492414,20107,0.41677721582
53,"[800,1100)","[3.5,3.75)",4.5,4.6,4.55,888,2.85884931477,310.614482342,20995,0.43518364978
53,"[800,1100)","[3.5,3.75)",4.6,4.7,4.65,893,2.92168116784,305.645944475,21888,0.453693723572
53,"[800,1100)","[3.5,3.75)",4.7,4.8,4.75,899,2.98451302091,301.221671241,22787,0.47232816516
53,"[800,1100)","[3.5,3.75)",4.8,4.9,4.85,951,3.04734487398,312.074950269,23738,0.49204046099
53,"[800,1100)","[3.5,3.75)",4.9,5,4.95,913,3.11017672705,293.552450592,24651,0.510965094105
53,"[800,1100)","[3.5,3.75)",5,5.1,5.05,955,3.17300858013,300.97617951,25606,0.530760301799
53,"[800,1100)","[3.5,3.75)",5.1,5.2,5.15,966,3.2358404332,298.531407819,26572,0.550783517121
53,"[800,1100)","[3.5,3.75)",5.2,5.3,5.25,1009,3.29867228627,305.880643009,27581,0.571698034989
53,"[800,1100)","[3.5,3.75)",5.3,5.4,5.35,1023,3.36150413934,304.328050062,28604,0.592902744383
53,"[800,1100)","[3.5,3.75)",5.4,5.5,5.45,1010,3.42433599241,294.947692702,29614,0.613837990216
53,"[800,1100)","[3.5,3.75)",5.5,5.6,5.55,1059,3.48716784548,303.684837359,30673,0.635788906393
53,"[800,1100)","[3.5,3.75)",5.6,5.7,5.65,1096,3.54999969856,308.732420582,31769,0.658506757317
53,"[800,1100)","[3.5,3.75)",5.7,5.8,5.75,1132,3.61283155163,313.327644487,32901,0.681970815024
53,"[800,1100)","[3.5,3.75)",5.8,5.9,5.85,1167,3.6756634047,317.493706988,34068,0.706160351546
53,"[800,1100)","[3.5,3.75)",5.9,6,5.95,1116,3.73849525777,298.515826035,35184,0.729292761794
53,"[800,1100)","[3.5,3.75)",6,6.1,6.05,1115,3.80132711084,293.318614128,36299,0.752404444076
53,"[800,1100)","[3.5,3.75)",6.1,6.2,6.15,1120,3.86415896392,289.843148395,37419,0.775619766189
53,"[800,1100)","[3.5,3.75)",6.2,6.3,6.25,1140,3.92699081699,290.2986162,38559,0.799249647625
53,"[800,1100)","[3.5,3.75)",6.3,6.4,6.35,1141,3.98982267006,285.977622154,39700,0.822900257027
53,"[800,1100)","[3.5,3.75)",6.4,6.5,6.45,1174,4.05265452313,289.686671612,40874,0.847234889313
53,"[800,1100)","[3.5,3.75)",6.5,6.6,6.55,1175,4.1154863762,285.506958982,42049,0.871590249565
53,"[800,1100)","[3.5,3.75)",6.6,6.7,6.65,1127,4.17831822927,269.725745661,43176,0.894950667441
53,"[800,1100)","[3.5,3.75)",6.7,6.8,6.75,1104,4.24115008235,260.306751368,44280,0.917834342094
53,"[800,1100)","[3.5,3.75)",6.8,6.9,6.85,864,4.30398193542,200.74433698,45144,0.935743304867
53,"[800,1100)","[3.5,3.75)",6.9,7,6.95,802,4.36681378849,183.657934331,45946,0.952367133737
53,"[800,1100)","[3.5,3.75)",7,7.1,7.05,583,4.42964564156,131.613236628,46529,0.964451538015
53,"[800,1100)","[3.5,3.75)",7.1,7.2,7.15,412,4.49247749463,91.7088623131,46941,0.972991460078
53,"[800,1100)","[3.5,3.75)",7.2,7.3,7.25,321,4.55530934771,70.4672230793,47262,0.979645137219
53,"[800,1100)","[3.5,3.75)",7.3,7.4,7.35,156,4.61814120078,33.7798246562,47418,0.982878699942
53,"[800,1100)","[3.5,3.75)",7.4,7.5,7.45,88,4.68097305385,18.7995100565,47506,0.984702760965
53,"[800,1100)","[3.5,3.75)",7.5,7.6,7.55,62,4.74380490692,13.069677446,47568,0.985987894868
53,"[800,1100)","[3.5,3.75)",7.6,7.7,7.65,43,4.80663675999,8.94596412151,47611,0.986879197413
53,"[800,1100)","[3.5,3.75)",7.7,7.8,7.75,29,4.86946861306,5.95547528989,47640,0.987480308432
53,"[800,1100)","[3.5,3.75)",7.8,7.9,7.85,23,4.93230046614,4.66313846002,47663,0.987957051654
53,"[800,1100)","[3.5,3.75)",7.9,8,7.95,19,4.99513231921,3.80370304245,47682,0.988350883011
53,"[800,1100)","[3.5,3.75)",8,8.1,8.05,16,5.05796417228,3.16332806145,47698,0.98868253047
53,"[800,1100)","[3.5,3.75)",8.1,8.2,8.15,21,5.12079602535,4.10092491402,47719,0.98911781776
53,"[800,1100)","[3.5,3.75)",8.2,8.3,8.25,10,5.18362787842,1.92915082536,47729,0.989325097421
53,"[800,1100)","[3.5,3.75)",8.3,8.4,8.35,16,5.24645973149,3.04967555625,47745,0.98965674488
53,"[800,1100)","[3.5,3.75)",8.4,8.5,8.45,13,5.30929158457,2.44853758603,47758,0.98992620844
53,"[800,1100)","[3.5,3.75)",8.5,8.6,8.55,13,5.37212343764,2.41989971953,47771,0.990195672001
53,"[800,1100)","[3.5,3.75)",8.6,8.7,8.65,15,5.43495529071,2.75991230795,47786,0.990506591493
53,"[800,1100)","[3.5,3.75)",8.7,8.8,8.75,8,5.49778714378,1.45513090827,47794,0.990672415223
53,"[800,1100)","[3.5,3.75)",8.8,8.9,8.85,14,5.56061899685,2.51770531445,47808,0.990962606749
53,"[800,1100)","[3.5,3.75)",8.9,9,8.95,11,5.62345084993,1.95609427264,47819,0.991190614377
53,"[800,1100)","[3.5,3.75)",9,9.1,9.05,13,5.686282703,2.28620360243,47832,0.991460077937
53,"[800,1100)","[3.5,3.75)",9.1,9.2,9.15,12,5.74911455607,2.08727794219,47844,0.991708813531
53,"[800,1100)","[3.5,3.75)",9.2,9.3,9.25,14,5.81194640914,2.40883157112,47858,0.991999005058
53,"[800,1100)","[3.5,3.75)",9.3,9.4,9.35,15,5.87477826221,2.55328785709,47873,0.99230992455
53,"[800,1100)","[3.5,3.75)",9.4,9.5,9.45,11,5.93761011528,1.85259722118,47884,0.992537932178
53,"[800,1100)","[3.5,3.75)",9.5,9.6,9.55,21,6.00044196836,3.49974220411,47905,0.992973219468
53,"[800,1100)","[3.5,3.75)",9.6,9.7,9.65,10,6.06327382143,1.64927402168,47915,0.993180499129
53,"[800,1100)","[3.5,3.75)",9.7,9.8,9.75,11,6.1261056745,1.79559422975,47926,0.993408506757
53,"[800,1100)","[3.5,3.75)",9.8,9.9,9.85,11,6.18893752757,1.77736484671,47937,0.993636514385
53,"[800,1100)","[3.5,3.75)",9.9,10,9.95,15,6.25176938064,2.39932075013,47952,0.993947433878
53,"[800,1100)","[3.5,3.75)",10,10.1,10.05,15,6.31460123372,2.37544691182,47967,0.99425835337
53,"[800,1100)","[3.5,3.75)",10.1,10.2,10.15,8,6.37743308679,1.25442319678,47975,0.9944241771
53,"[800,1100)","[3.5,3.75)",10.2,10.3,10.25,14,6.44026493986,2.17382361296,47989,0.994714368626
53,"[800,1100)","[3.5,3.75)",10.3,10.4,10.35,12,6.50309679293,1.84527470251,48001,0.99496310422
53,"[800,1100)","[3.5,3.75)",10.4,10.5,10.45,17,6.565928646,2.58912347614,48018,0.995315479645
53,"[800,1100)","[3.5,3.75)",10.5,10.6,10.55,16,6.62876049907,2.41372425542,48034,0.995647127104
53,"[800,1100)","[3.5,3.75)",10.6,10.7,10.65,23,6.69159235215,3.43714900574,48057,0.996123870326
53,"[800,1100)","[3.5,3.75)",10.7,10.8,10.75,12,6.75442420522,1.77661331824,48069,0.99637260592
53,"[800,1100)","[3.5,3.75)",10.8,10.9,10.85,7,6.81725605829,1.02680608446,48076,0.996517701683
53,"[800,1100)","[3.5,3.75)",10.9,11,10.95,15,6.88008791136,2.18020469989,48091,0.996828621176
53,"[800,1100)","[3.5,3.75)",11,11.1,11.05,17,6.94291976443,2.44853758603,48108,0.997180996601
53,"[800,1100)","[3.5,3.75)",11.1,11.2,11.15,12,7.00575161751,1.7128783113,48120,0.997429732195
53,"[800,1100)","[3.5,3.75)",11.2,11.3,11.25,15,7.06858347058,2.12206590789,48135,0.997740651687
53,"[800,1100)","[3.5,3.75)",11.3,11.4,11.35,10,7.13141532365,1.40224619464,48145,0.997947931349
53,"[800,1100)","[3.5,3.75)",11.4,11.5,11.45,22,7.19424717672,3.05799890657,48167,0.998403946605
53,"[800,1100)","[3.5,3.75)",11.5,11.6,11.55,11,7.25707902979,1.51576136278,48178,0.998631954233
53,"[800,1100)","[3.5,3.75)",11.6,11.7,11.65,13,7.31991088286,1.77597790575,48191,0.998901417793
53,"[800,1100)","[3.5,3.75)",11.7,11.8,11.75,17,7.38274273594,2.30266726176,48208,0.999253793218
53,"[800,1100)","[3.5,3.75)",11.8,11.9,11.85,16,7.44557458901,2.14892750166,48224,0.999585440677
53,"[800,1100)","[3.5,3.75)",11.9,12,11.95,20,7.50840644208,2.66368105593,48244,1
54,"[800,1100)","[3.75,4.0)",0,0.1,0.05,26,0.0314159265359,827.605704078,26,0.000963248369887
54,"[800,1100)","[3.75,4.0)",0.1,0.2,0.15,61,0.0942477796077,647.230101907,87,0.0032231772377
54,"[800,1100)","[3.75,4.0)",0.2,0.3,0.25,66,0.157079632679,420.169049763,153,0.00566834617664
54,"[800,1100)","[3.75,4.0)",0.3,0.4,0.35,80,0.219911485751,363.782727067,233,0.00863218731476
54,"[800,1100)","[3.75,4.0)",0.4,0.5,0.45,59,0.282743338823,208.669814276,292,0.0108180201541
54,"[800,1100)","[3.75,4.0)",0.5,0.6,0.55,46,0.345575191895,133.11140695,338,0.0125222288085
54,"[800,1100)","[3.75,4.0)",0.6,0.7,0.65,80,0.408407044967,195.883006882,418,0.0154860699467
54,"[800,1100)","[3.75,4.0)",0.7,0.8,0.75,72,0.471238898038,152.788745368,490,0.018153526971
54,"[800,1100)","[3.75,4.0)",0.8,0.9,0.85,95,0.53407075111,177.879054044,585,0.0216730883225
54,"[800,1100)","[3.75,4.0)",0.9,1,0.95,79,0.596902604182,132.349900045,664,0.0245998814464
54,"[800,1100)","[3.75,4.0)",1,1.1,1.05,114,0.659734457254,172.796795357,778,0.0288233550682
54,"[800,1100)","[3.75,4.0)",1.1,1.2,1.15,125,0.722566310326,172.994503361,903,0.0334543568465
54,"[800,1100)","[3.75,4.0)",1.2,1.3,1.25,138,0.785398163397,175.707057173,1041,0.0385669828097
54,"[800,1100)","[3.75,4.0)",1.3,1.4,1.35,149,0.848230016469,175.659900153,1190,0.0440871369295
54,"[800,1100)","[3.75,4.0)",1.4,1.5,1.45,162,0.911061869541,177.814488144,1352,0.0500889152341
54,"[800,1100)","[3.75,4.0)",1.5,1.6,1.55,176,0.973893722613,180.717870866,1528,0.056609365738
54,"[800,1100)","[3.75,4.0)",1.6,1.7,1.65,169,1.03672557568,163.013244743,1697,0.0628704801423
54,"[800,1100)","[3.75,4.0)",1.7,1.8,1.75,170,1.09955742876,154.607659004,1867,0.0691686425608
54,"[800,1100)","[3.75,4.0)",1.8,1.9,1.85,205,1.16238928183,176.360882886,2072,0.0767634854772
54,"[800,1100)","[3.75,4.0)",1.9,2,1.95,212,1.2252211349,173.029989413,2284,0.0846176644932
54,"[800,1100)","[3.75,4.0)",2,2.1,2.05,199,1.28805298797,154.496749636,2483,0.0919902193242
54,"[800,1100)","[3.75,4.0)",2.1,2.2,2.15,233,1.35088484104,172.479542979,2716,0.100622406639
54,"[800,1100)","[3.75,4.0)",2.2,2.3,2.25,233,1.41371669412,164.813785513,2949,0.109254593954
54,"[800,1100)","[3.75,4.0)",2.3,2.4,2.35,258,1.47654854719,174.731809863,3207,0.118812981624
54,"[800,1100)","[3.75,4.0)",2.4,2.5,2.45,289,1.53938040026,187.737871647,3496,0.129519857736
54,"[800,1100)","[3.75,4.0)",2.5,2.6,2.55,293,1.60221225333,182.872150298,3789,0.140374925904
54,"[800,1100)","[3.75,4.0)",2.6,2.7,2.65,320,1.6650441064,192.187101092,4109,0.152230290456
54,"[800,1100)","[3.75,4.0)",2.7,2.8,2.75,274,1.72787595947,158.576197844,4383,0.162381446354
54,"[800,1100)","[3.75,4.0)",2.8,2.9,2.85,298,1.79070781255,166.41464225,4681,0.173421754594
54,"[800,1100)","[3.75,4.0)",2.9,3,2.95,308,1.85353966562,166.168550754,4989,0.184832542976
54,"[800,1100)","[3.75,4.0)",3,3.1,3.05,340,1.91637151869,177.418625086,5329,0.197428867813
54,"[800,1100)","[3.75,4.0)",3.1,3.2,3.15,335,1.97920337176,169.260018844,5664,0.209839952579
54,"[800,1100)","[3.75,4.0)",3.2,3.3,3.25,346,2.04203522483,169.438800953,6010,0.222658565501
54,"[800,1100)","[3.75,4.0)",3.3,3.4,3.35,354,2.10486707791,168.181641357,6364,0.235773562537
54,"[800,1100)","[3.75,4.0)",3.4,3.5,3.45,387,2.16769893098,178.530327468,6751,0.250111144043
54,"[800,1100)","[3.75,4.0)",3.5,3.6,3.55,395,2.23053078405,177.087894426,7146,0.264745109662
54,"[800,1100)","[3.75,4.0)",3.6,3.7,3.65,354,2.29336263712,154.358492752,7500,0.277860106698
54,"[800,1100)","[3.75,4.0)",3.7,3.8,3.75,382,2.35619449019,162.125835363,7882,0.292012448133
54,"[800,1100)","[3.75,4.0)",3.8,3.9,3.85,442,2.41902634326,182.718142459,8324,0.308387670421
54,"[800,1100)","[3.75,4.0)",3.9,4,3.95,410,2.48185819634,165.19880169,8734,0.323577356254
54,"[800,1100)","[3.75,4.0)",4,4.1,4.05,424,2.54469004941,166.621471286,9158,0.339285714286
54,"[800,1100)","[3.75,4.0)",4.1,4.2,4.15,455,2.60752190248,174.495178571,9613,0.356142560759
54,"[800,1100)","[3.75,4.0)",4.2,4.3,4.25,424,2.67035375555,158.780460873,10037,0.371850918791
54,"[800,1100)","[3.75,4.0)",4.3,4.4,4.35,431,2.73318560862,157.691449362,10468,0.387818612922
54,"[800,1100)","[3.75,4.0)",4.4,4.5,4.45,472,2.79601746169,168.811535145,10940,0.405305275637
54,"[800,1100)","[3.75,4.0)",4.5,4.6,4.55,528,2.85884931477,184.689692203,11468,0.424866627149
54,"[800,1100)","[3.75,4.0)",4.6,4.7,4.65,530,2.92168116784,181.402408255,11998,0.444502074689
54,"[800,1100)","[3.75,4.0)",4.7,4.8,4.75,541,2.98451302091,181.269103606,12539,0.464545050385
54,"[800,1100)","[3.75,4.0)",4.8,4.9,4.85,545,3.04734487398,178.844214402,13084,0.484736218139
54,"[800,1100)","[3.75,4.0)",4.9,5,4.95,529,3.11017672705,170.086797769,13613,0.504334617664
54,"[800,1100)","[3.75,4.0)",5,5.1,5.05,549,3.17300858013,173.021908431,14162,0.524673977475
54,"[800,1100)","[3.75,4.0)",5.1,5.2,5.15,577,3.2358404332,178.315344008,14739,0.546050681683
54,"[800,1100)","[3.75,4.0)",5.2,5.3,5.25,592,3.29867228627,179.466145353,15331,0.567983106106
54,"[800,1100)","[3.75,4.0)",5.3,5.4,5.35,524,3.36150413934,155.882598468,15855,0.58739626556
54,"[800,1100)","[3.75,4.0)",5.4,5.5,5.45,588,3.42433599241,171.712122088,16443,0.609180497925
54,"[800,1100)","[3.75,4.0)",5.5,5.6,5.55,572,3.48716784548,164.029959367,17015,0.630371962063
54,"[800,1100)","[3.75,4.0)",5.6,5.7,5.65,636,3.54999969856,179.15494479,17651,0.653934499111
54,"[800,1100)","[3.75,4.0)",5.7,5.8,5.75,620,3.61283155163,171.610547334,18271,0.676904267931
54,"[800,1100)","[3.75,4.0)",5.8,5.9,5.85,645,3.6756634047,175.478526999,18916,0.700800237107
54,"[800,1100)","[3.75,4.0)",5.9,6,5.95,641,3.73849525777,171.45935886,19557,0.724548014226
54,"[800,1100)","[3.75,4.0)",6,6.1,6.05,629,3.80132711084,165.468527611,20186,0.747851215175
54,"[800,1100)","[3.75,4.0)",6.1,6.2,6.15,631,3.86415896392,163.295559498,20817,0.771228512152
54,"[800,1100)","[3.75,4.0)",6.2,6.3,6.25,654,3.92699081699,166.539732451,21471,0.795457913456
54,"[800,1100)","[3.75,4.0)",6.3,6.4,6.35,633,3.98982267006,158.653667681,22104,0.818909306461
54,"[800,1100)","[3.75,4.0)",6.4,6.5,6.45,641,4.05265452313,158.167935693,22745,0.84265708358
54,"[800,1100)","[3.75,4.0)",6.5,6.6,6.55,641,4.1154863762,155.753158049,23386,0.866404860699
54,"[800,1100)","[3.75,4.0)",6.6,6.7,6.65,645,4.17831822927,154.368328262,24031,0.890300829876
54,"[800,1100)","[3.75,4.0)",6.7,6.8,6.75,559,4.24115008235,131.80387139,24590,0.911010669828
54,"[800,1100)","[3.75,4.0)",6.8,6.9,6.85,520,4.30398193542,120.81835096,25110,0.930275637226
54,"[800,1100)","[3.75,4.0)",6.9,7,6.95,433,4.36681378849,99.156964545,25543,0.946317427386
54,"[800,1100)","[3.75,4.0)",7,7.1,7.05,306,4.42964564156,69.0800178527,25849,0.957654119739
54,"[800,1100)","[3.75,4.0)",7.1,7.2,7.15,263,4.49247749463,58.5423077387,26112,0.967397747481
54,"[800,1100)","[3.75,4.0)",7.2,7.3,7.25,186,4.55530934771,40.8314750553,26298,0.974288678127
54,"[800,1100)","[3.75,4.0)",7.3,7.4,7.35,116,4.61814120078,25.1183311546,26414,0.978586247777
54,"[800,1100)","[3.75,4.0)",7.4,7.5,7.45,75,4.68097305385,16.0223097072,26489,0.981364848844
54,"[800,1100)","[3.75,4.0)",7.5,7.6,7.55,52,4.74380490692,10.9616649547,26541,0.983291345584
54,"[800,1100)","[3.75,4.0)",7.6,7.7,7.65,32,4.80663675999,6.65746167182,26573,0.984476882039
54,"[800,1100)","[3.75,4.0)",7.7,7.8,7.75,40,4.86946861306,8.21444867571,26613,0.985958802608
54,"[800,1100)","[3.75,4.0)",7.8,7.9,7.85,27,4.93230046614,5.47411906176,26640,0.986959098992
54,"[800,1100)","[3.75,4.0)",7.9,8,7.95,12,4.99513231921,2.40233876365,26652,0.987403675163
54,"[800,1100)","[3.75,4.0)",8,8.1,8.05,20,5.05796417228,3.95416007682,26672,0.988144635448
54,"[800,1100)","[3.75,4.0)",8.1,8.2,8.15,16,5.12079602535,3.12451422021,26688,0.988737403675
54,"[800,1100)","[3.75,4.0)",8.2,8.3,8.25,6,5.18362787842,1.15749049521,26694,0.988959691761
54,"[800,1100)","[3.75,4.0)",8.3,8.4,8.35,8,5.24645973149,1.52483777813,26702,0.989256075874
54,"[800,1100)","[3.75,4.0)",8.4,8.5,8.45,5,5.30929158457,0.941745225396,26707,0.989441315945
54,"[800,1100)","[3.75,4.0)",8.5,8.6,8.55,7,5.37212343764,1.3030229259,26714,0.989700652045
54,"[800,1100)","[3.75,4.0)",8.6,8.7,8.65,10,5.43495529071,1.83994153863,26724,0.990071132187
54,"[800,1100)","[3.75,4.0)",8.7,8.8,8.75,3,5.49778714378,0.545674090601,26727,0.99018227623
54,"[800,1100)","[3.75,4.0)",8.8,8.9,8.85,5,5.56061899685,0.899180469446,26732,0.990367516301
54,"[800,1100)","[3.75,4.0)",8.9,9,8.95,10,5.62345084993,1.77826752058,26742,0.990737996443
54,"[800,1100)","[3.75,4.0)",9,9.1,9.05,7,5.686282703,1.231032709,26749,0.990997332543
54,"[800,1100)","[3.75,4.0)",9.1,9.2,9.15,8,5.74911455607,1.39151862813,26757,0.991293716657
54,"[800,1100)","[3.75,4.0)",9.2,9.3,9.25,7,5.81194640914,1.20441578556,26764,0.991553052756
54,"[800,1100)","[3.75,4.0)",9.3,9.4,9.35,10,5.87477826221,1.70219190473,26774,0.991923532899
54,"[800,1100)","[3.75,4.0)",9.4,9.5,9.45,9,5.93761011528,1.51576136278,26783,0.992256965027
54,"[800,1100)","[3.75,4.0)",9.5,9.6,9.55,6,6.00044196836,0.999926344033,26789,0.992479253112
54,"[800,1100)","[3.75,4.0)",9.6,9.7,9.65,7,6.06327382143,1.15449181517,26796,0.992738589212
54,"[800,1100)","[3.75,4.0)",9.7,9.8,9.75,9,6.1261056745,1.46912255162,26805,0.99307202134
54,"[800,1100)","[3.75,4.0)",9.8,9.9,9.85,9,6.18893752757,1.45420760185,26814,0.993405453468
54,"[800,1100)","[3.75,4.0)",9.9,10,9.95,12,6.25176938064,1.9194566001,26826,0.993850029638
54,"[800,1100)","[3.75,4.0)",10,10.1,10.05,10,6.31460123372,1.58363127455,26836,0.994220509781
54,"[800,1100)","[3.75,4.0)",10.1,10.2,10.15,4,6.37743308679,0.627211598392,26840,0.994368701838
54,"[800,1100)","[3.75,4.0)",10.2,10.3,10.25,9,6.44026493986,1.3974580369,26849,0.994702133966
54,"[800,1100)","[3.75,4.0)",10.3,10.4,10.35,6,6.50309679293,0.922637351257,26855,0.994924422051
54,"[800,1100)","[3.75,4.0)",10.4,10.5,10.45,6,6.565928646,0.913808285695,26861,0.995146710136
54,"[800,1100)","[3.75,4.0)",10.5,10.6,10.55,9,6.62876049907,1.35771989367,26870,0.995480142264
54,"[800,1100)","[3.75,4.0)",10.6,10.7,10.65,9,6.69159235215,1.34497135007,26879,0.995813574392
54,"[800,1100)","[3.75,4.0)",10.7,10.8,10.75,11,6.75442420522,1.62856220838,26890,0.996221102549
54,"[800,1100)","[3.75,4.0)",10.8,10.9,10.85,9,6.81725605829,1.32017925145,26899,0.996554534677
54,"[800,1100)","[3.75,4.0)",10.9,11,10.95,12,6.88008791136,1.74416375991,26911,0.996999110848
54,"[800,1100)","[3.75,4.0)",11,11.1,11.05,9,6.94291976443,1.29628460437,26920,0.997332542976
54,"[800,1100)","[3.75,4.0)",11.1,11.2,11.15,3,7.00575161751,0.428219577826,26923,0.997443687018
54,"[800,1100)","[3.75,4.0)",11.2,11.3,11.25,10,7.06858347058,1.41471060526,26933,0.997814167161
54,"[800,1100)","[3.75,4.0)",11.3,11.4,11.35,4,7.13141532365,0.560898477857,26937,0.997962359218
54,"[800,1100)","[3.75,4.0)",11.4,11.5,11.45,8,7.19424717672,1.11199960239,26945,0.998258743331
54,"[800,1100)","[3.75,4.0)",11.5,11.6,11.55,7,7.25707902979,0.964575412678,26952,0.998518079431
54,"[800,1100)","[3.75,4.0)",11.6,11.7,11.65,12,7.31991088286,1.63936422069,26964,0.998962655602
54,"[800,1100)","[3.75,4.0)",11.7,11.8,11.75,6,7.38274273594,0.812706092384,26970,0.999184943687
54,"[800,1100)","[3.75,4.0)",11.8,11.9,11.85,8,7.44557458901,1.07446375083,26978,0.999481327801
54,"[800,1100)","[3.75,4.0)",11.9,12,11.95,14,7.50840644208,1.86457673915,26992,1
55,"[800,1100)","[4.0,4.25)",0,0.1,0.05,11,0.0314159265359,350.140874802,11,0.00144205558469
55,"[800,1100)","[4.0,4.25)",0.1,0.2,0.15,13,0.0942477796077,137.934284013,24,0.00314630309386
55,"[800,1100)","[4.0,4.25)",0.2,0.3,0.25,28,0.157079632679,178.253536263,52,0.00681699003671
55,"[800,1100)","[4.0,4.25)",0.3,0.4,0.35,29,0.219911485751,131.871238562,81,0.0106187729418
55,"[800,1100)","[4.0,4.25)",0.4,0.5,0.45,20,0.282743338823,70.7355302631,101,0.0132406921867
55,"[800,1100)","[4.0,4.25)",0.5,0.6,0.55,23,0.345575191895,66.5557034748,124,0.0162558993183
55,"[800,1100)","[4.0,4.25)",0.6,0.7,0.65,29,0.408407044967,71.0075899948,153,0.0200576822234
55,"[800,1100)","[4.0,4.25)",0.7,0.8,0.75,17,0.471238898038,36.0751204342,170,0.0222863135815
55,"[800,1100)","[4.0,4.25)",0.8,0.9,0.85,27,0.53407075111,50.5550995704,197,0.0258259045621
55,"[800,1100)","[4.0,4.25)",0.9,1,0.95,24,0.596902604182,40.2075645706,221,0.028972207656
55,"[800,1100)","[4.0,4.25)",1,1.1,1.05,38,0.659734457254,57.5989317856,259,0.0339538542213
55,"[800,1100)","[4.0,4.25)",1.1,1.2,1.15,42,0.722566310326,58.1261531292,301,0.0394598846356
55,"[800,1100)","[4.0,4.25)",1.2,1.3,1.25,39,0.785398163397,49.6563422447,340,0.0445726271631
55,"[800,1100)","[4.0,4.25)",1.3,1.4,1.35,38,0.848230016469,44.7991691666,378,0.0495542737284
55,"[800,1100)","[4.0,4.25)",1.4,1.5,1.45,33,0.911061869541,36.2214698071,411,0.0538804404824
55,"[800,1100)","[4.0,4.25)",1.5,1.6,1.55,44,0.973893722613,45.1794677164,455,0.0596486628212
55,"[800,1100)","[4.0,4.25)",1.6,1.7,1.65,56,1.03672557568,54.01622311,511,0.0669900367069
55,"[800,1100)","[4.0,4.25)",1.7,1.8,1.75,42,1.09955742876,38.1971863421,553,0.0724960671211
55,"[800,1100)","[4.0,4.25)",1.8,1.9,1.85,67,1.16238928183,57.639898309,620,0.0812794965915
55,"[800,1100)","[4.0,4.25)",1.9,2,1.95,56,1.2252211349,45.7060349392,676,0.0886208704772
55,"[800,1100)","[4.0,4.25)",2,2.1,2.05,63,1.28805298797,48.9110312917,739,0.0968799160986
55,"[800,1100)","[4.0,4.25)",2.1,2.2,2.15,77,1.35088484104,56.9996772934,816,0.106974305191
55,"[800,1100)","[4.0,4.25)",2.2,2.3,2.25,63,1.41371669412,44.5633840657,879,0.115233350813
55,"[800,1100)","[4.0,4.25)",2.3,2.4,2.35,69,1.47654854719,46.7306003121,948,0.124278972208
55,"[800,1100)","[4.0,4.25)",2.4,2.5,2.45,68,1.53938040026,44.1736168582,1016,0.13319349764
55,"[800,1100)","[4.0,4.25)",2.5,2.6,2.55,75,1.60221225333,46.81027738,1091,0.143025694809
55,"[800,1100)","[4.0,4.25)",2.6,2.7,2.65,86,1.6650441064,51.6502834185,1177,0.154299947562
55,"[800,1100)","[4.0,4.25)",2.7,2.8,2.75,73,1.72787595947,42.2484030753,1250,0.163869952805
55,"[800,1100)","[4.0,4.25)",2.8,2.9,2.85,90,1.79070781255,50.2594557132,1340,0.175668589407
55,"[800,1100)","[4.0,4.25)",2.9,3,2.95,94,1.85353966562,50.7137784767,1434,0.187991609858
55,"[800,1100)","[4.0,4.25)",3,3.1,3.05,97,1.91637151869,50.6164900981,1531,0.200707918196
55,"[800,1100)","[4.0,4.25)",3.1,3.2,3.15,83,1.97920337176,41.9360643702,1614,0.211588883062
55,"[800,1100)","[4.0,4.25)",3.2,3.3,3.25,102,2.04203522483,49.950166755,1716,0.224960671211
55,"[800,1100)","[4.0,4.25)",3.3,3.4,3.35,105,2.10486707791,49.8843851482,1821,0.238725747247
55,"[800,1100)","[4.0,4.25)",3.4,3.5,3.45,102,2.16769893098,47.0545049141,1923,0.252097535396
55,"[800,1100)","[4.0,4.25)",3.5,3.6,3.55,131,2.23053078405,58.7304156198,2054,0.26927110645
55,"[800,1100)","[4.0,4.25)",3.6,3.7,3.65,108,2.29336263712,47.0924215176,2162,0.283429470372
55,"[800,1100)","[4.0,4.25)",3.7,3.8,3.75,119,2.35619449019,50.5051686078,2281,0.299029889879
55,"[800,1100)","[4.0,4.25)",3.8,3.9,3.85,127,2.41902634326,52.5004617472,2408,0.315679077084
55,"[800,1100)","[4.0,4.25)",3.9,4,3.95,128,2.48185819634,51.5742600399,2536,0.332459360252
55,"[800,1100)","[4.0,4.25)",4,4.1,4.05,114,2.54469004941,44.7991691666,2650,0.347404299948
55,"[800,1100)","[4.0,4.25)",4.1,4.2,4.15,121,2.60752190248,46.4042123232,2771,0.363266911379
55,"[800,1100)","[4.0,4.25)",4.2,4.3,4.25,129,2.67035375555,48.3082062561,2900,0.380178290509
55,"[800,1100)","[4.0,4.25)",4.3,4.4,4.35,151,2.73318560862,55.2468882917,3051,0.399973780808
55,"[800,1100)","[4.0,4.25)",4.4,4.5,4.45,144,2.79601746169,51.5018242814,3195,0.418851599371
55,"[800,1100)","[4.0,4.25)",4.5,4.6,4.55,147,2.85884931477,51.4192893066,3342,0.438122705821
55,"[800,1100)","[4.0,4.25)",4.6,4.7,4.65,117,2.92168116784,40.0454372941,3459,0.453460933403
55,"[800,1100)","[4.0,4.25)",4.7,4.8,4.75,166,2.98451302091,55.6204643226,3625,0.475222863136
55,"[800,1100)","[4.0,4.25)",4.8,4.9,4.85,148,3.04734487398,48.5668692322,3773,0.494625065548
55,"[800,1100)","[4.0,4.25)",4.9,5,4.95,133,3.11017672705,42.7628432954,3906,0.512060828526
55,"[800,1100)","[4.0,4.25)",5,5.1,5.05,167,3.17300858013,52.6314366264,4073,0.533953854221
55,"[800,1100)","[4.0,4.25)",5.1,5.2,5.15,135,3.2358404332,41.7202278008,4208,0.551651809124
55,"[800,1100)","[4.0,4.25)",5.2,5.3,5.25,166,3.29867228627,50.3232772443,4374,0.573413738857
55,"[800,1100)","[4.0,4.25)",5.3,5.4,5.35,173,3.36150413934,51.4650563643,4547,0.596093340325
55,"[800,1100)","[4.0,4.25)",5.4,5.5,5.45,175,3.42433599241,51.1047982405,4722,0.619035133718
55,"[800,1100)","[4.0,4.25)",5.5,5.6,5.55,152,3.48716784548,43.5883808108,4874,0.638961719979
55,"[800,1100)","[4.0,4.25)",5.6,5.7,5.65,163,3.54999969856,45.9154968566,5037,0.660330361825
55,"[800,1100)","[4.0,4.25)",5.7,5.8,5.75,169,3.61283155163,46.7777137087,5206,0.682485579444
55,"[800,1100)","[4.0,4.25)",5.8,5.9,5.85,174,3.6756634047,47.3383933299,5380,0.705296276875
55,"[800,1100)","[4.0,4.25)",5.9,6,5.95,177,3.73849525777,47.3452519786,5557,0.728500262192
55,"[800,1100)","[4.0,4.25)",6,6.1,6.05,159,3.80132711084,41.8274974407,5716,0.749344520189
55,"[800,1100)","[4.0,4.25)",6.1,6.2,6.15,170,3.86415896392,43.99404931,5886,0.77163083377
55,"[800,1100)","[4.0,4.25)",6.2,6.3,6.25,187,3.92699081699,47.6191589731,6073,0.79614577871
55,"[800,1100)","[4.0,4.25)",6.3,6.4,6.35,191,3.98982267006,47.8718017804,6264,0.821185107499
55,"[800,1100)","[4.0,4.25)",6.4,6.5,6.45,164,4.05265452313,40.4673033598,6428,0.842684845307
55,"[800,1100)","[4.0,4.25)",6.5,6.6,6.55,168,4.1154863762,40.8214205182,6596,0.864708966964
55,"[800,1100)","[4.0,4.25)",6.6,6.7,6.65,147,4.17831822927,35.1816189993,6743,0.883980073414
55,"[800,1100)","[4.0,4.25)",6.7,6.8,6.75,146,4.24115008235,34.424624728,6889,0.903120083901
55,"[800,1100)","[4.0,4.25)",6.8,6.9,6.85,132,4.30398193542,30.6692737053,7021,0.920424750918
55,"[800,1100)","[4.0,4.25)",6.9,7,6.95,135,4.36681378849,30.9149889459,7156,0.938122705821
55,"[800,1100)","[4.0,4.25)",7,7.1,7.05,81,4.42964564156,18.2858870786,7237,0.948741478762
55,"[800,1100)","[4.0,4.25)",7.1,7.2,7.15,62,4.49247749463,13.8008482122,7299,0.956869428422
55,"[800,1100)","[4.0,4.25)",7.2,7.3,7.25,60,4.55530934771,13.1714435662,7359,0.964735186156
55,"[800,1100)","[4.0,4.25)",7.3,7.4,7.35,48,4.61814120078,10.3937922019,7407,0.971027792344
55,"[800,1100)","[4.0,4.25)",7.4,7.5,7.45,29,4.68097305385,6.1952930868,7436,0.974829575249
55,"[800,1100)","[4.0,4.25)",7.5,7.6,7.55,20,4.74380490692,4.21602498257,7456,0.977451494494
55,"[800,1100)","[4.0,4.25)",7.6,7.7,7.65,17,4.80663675999,3.53677651315,7473,0.979680125852
55,"[800,1100)","[4.0,4.25)",7.7,7.8,7.75,21,4.86946861306,4.31258555475,7494,0.982433141059
55,"[800,1100)","[4.0,4.25)",7.8,7.9,7.85,13,4.93230046614,2.63568695566,7507,0.984137388568
55,"[800,1100)","[4.0,4.25)",7.9,8,7.95,10,4.99513231921,2.00194896971,7517,0.985448348191
55,"[800,1100)","[4.0,4.25)",8,8.1,8.05,3,5.05796417228,0.593124011523,7520,0.985841636078
55,"[800,1100)","[4.0,4.25)",8.1,8.2,8.15,3,5.12079602535,0.585846416289,7523,0.986234923964
55,"[800,1100)","[4.0,4.25)",8.2,8.3,8.25,6,5.18362787842,1.15749049521,7529,0.987021499738
55,"[800,1100)","[4.0,4.25)",8.3,8.4,8.35,4,5.24645973149,0.762418889063,7533,0.987545883587
55,"[800,1100)","[4.0,4.25)",8.4,8.5,8.45,3,5.30929158457,0.565047135237,7536,0.987939171474
55,"[800,1100)","[4.0,4.25)",8.5,8.6,8.55,4,5.37212343764,0.744584529085,7540,0.988463555322
55,"[800,1100)","[4.0,4.25)",8.6,8.7,8.65,4,5.43495529071,0.735976615454,7544,0.988987939171
55,"[800,1100)","[4.0,4.25)",8.7,8.8,8.75,2,5.49778714378,0.363782727067,7546,0.989250131096
55,"[800,1100)","[4.0,4.25)",8.8,8.9,8.85,2,5.56061899685,0.359672187778,7548,0.98951232302
55,"[800,1100)","[4.0,4.25)",8.9,9,8.95,0,5.62345084993,0,7548,0.98951232302
55,"[800,1100)","[4.0,4.25)",9,9.1,9.05,2,5.686282703,0.351723631142,7550,0.989774514945
55,"[800,1100)","[4.0,4.25)",9.1,9.2,9.15,2,5.74911455607,0.347879657031,7552,0.990036706869
55,"[800,1100)","[4.0,4.25)",9.2,9.3,9.25,3,5.81194640914,0.516178193812,7555,0.990429994756
55,"[800,1100)","[4.0,4.25)",9.3,9.4,9.35,2,5.87477826221,0.340438380945,7557,0.990692186681
55,"[800,1100)","[4.0,4.25)",9.4,9.5,9.45,1,5.93761011528,0.168417929198,7558,0.990823282643
55,"[800,1100)","[4.0,4.25)",9.5,9.6,9.55,1,6.00044196836,0.166654390672,7559,0.990954378605
55,"[800,1100)","[4.0,4.25)",9.6,9.7,9.65,5,6.06327382143,0.824637010839,7564,0.991609858416
55,"[800,1100)","[4.0,4.25)",9.7,9.8,9.75,3,6.1261056745,0.489707517206,7567,0.992003146303
55,"[800,1100)","[4.0,4.25)",9.8,9.9,9.85,2,6.18893752757,0.323157244857,7569,0.992265338228
55,"[800,1100)","[4.0,4.25)",9.9,10,9.95,4,6.25176938064,0.639818866701,7573,0.992789722077
55,"[800,1100)","[4.0,4.25)",10,10.1,10.05,3,6.31460123372,0.475089382364,7576,0.993183009963
55,"[800,1100)","[4.0,4.25)",10.1,10.2,10.15,2,6.37743308679,0.313605799196,7578,0.993445201888
55,"[800,1100)","[4.0,4.25)",10.2,10.3,10.25,2,6.44026493986,0.310546230423,7580,0.993707393812
55,"[800,1100)","[4.0,4.25)",10.3,10.4,10.35,1,6.50309679293,0.153772891876,7581,0.993838489775
55,"[800,1100)","[4.0,4.25)",10.4,10.5,10.45,0,6.565928646,0,7581,0.993838489775
55,"[800,1100)","[4.0,4.25)",10.5,10.6,10.55,4,6.62876049907,0.603431063856,7585,0.994362873623
55,"[800,1100)","[4.0,4.25)",10.6,10.7,10.65,4,6.69159235215,0.597765044477,7589,0.994887257472
55,"[800,1100)","[4.0,4.25)",10.7,10.8,10.75,3,6.75442420522,0.444153329559,7592,0.995280545359
55,"[800,1100)","[4.0,4.25)",10.8,10.9,10.85,6,6.81725605829,0.880119500969,7598,0.996067121133
55,"[800,1100)","[4.0,4.25)",10.9,11,10.95,6,6.88008791136,0.872081879956,7604,0.996853696906
55,"[800,1100)","[4.0,4.25)",11,11.1,11.05,2,6.94291976443,0.288063245415,7606,0.997115888831
55,"[800,1100)","[4.0,4.25)",11.1,11.2,11.15,1,7.00575161751,0.142739859275,7607,0.997246984793
55,"[800,1100)","[4.0,4.25)",11.2,11.3,11.25,1,7.06858347058,0.141471060526,7608,0.997378080755
55,"[800,1100)","[4.0,4.25)",11.3,11.4,11.35,0,7.13141532365,0,7608,0.997378080755
55,"[800,1100)","[4.0,4.25)",11.4,11.5,11.45,5,7.19424717672,0.694999751493,7613,0.998033560566
55,"[800,1100)","[4.0,4.25)",11.5,11.6,11.55,5,7.25707902979,0.688982437627,7618,0.998689040378
55,"[800,1100)","[4.0,4.25)",11.6,11.7,11.65,3,7.31991088286,0.409841055172,7621,0.999082328264
55,"[800,1100)","[4.0,4.25)",11.7,11.8,11.75,4,7.38274273594,0.541804061589,7625,0.999606712113
55,"[800,1100)","[4.0,4.25)",11.8,11.9,11.85,1,7.44557458901,0.134307968854,7626,0.999737808076
55,"[800,1100)","[4.0,4.25)",11.9,12,11.95,2,7.50840644208,0.266368105593,7628,1
56,"[800,1100)","[4.25,4.5)",0,0.1,0.05,1,0.0314159265359,31.8309886184,1,0.000663129973475
56,"[800,1100)","[4.25,4.5)",0.1,0.2,0.15,1,0.0942477796077,10.6103295395,2,0.00132625994695
56,"[800,1100)","[4.25,4.5)",0.2,0.3,0.25,1,0.157079632679,6.36619772368,3,0.00198938992042
56,"[800,1100)","[4.25,4.5)",0.3,0.4,0.35,5,0.219911485751,22.7364204417,8,0.0053050397878
56,"[800,1100)","[4.25,4.5)",0.4,0.5,0.45,3,0.282743338823,10.6103295395,11,0.00729442970822
56,"[800,1100)","[4.25,4.5)",0.5,0.6,0.55,3,0.345575191895,8.6811787141,14,0.00928381962865
56,"[800,1100)","[4.25,4.5)",0.6,0.7,0.65,6,0.408407044967,14.6912255162,20,0.0132625994695
56,"[800,1100)","[4.25,4.5)",0.7,0.8,0.75,8,0.471238898038,16.9765272631,28,0.0185676392573
56,"[800,1100)","[4.25,4.5)",0.8,0.9,0.85,8,0.53407075111,14.9792887616,36,0.0238726790451
56,"[800,1100)","[4.25,4.5)",0.9,1,0.95,6,0.596902604182,10.0518911426,42,0.0278514588859
56,"[800,1100)","[4.25,4.5)",1,1.1,1.05,7,0.659734457254,10.6103295395,49,0.0324933687003
56,"[800,1100)","[4.25,4.5)",1.1,1.2,1.15,8,0.722566310326,11.0716482151,57,0.0377984084881
56,"[800,1100)","[4.25,4.5)",1.2,1.3,1.25,11,0.785398163397,14.0056349921,68,0.0450928381963
56,"[800,1100)","[4.25,4.5)",1.3,1.4,1.35,9,0.848230016469,10.6103295395,77,0.0510610079576
56,"[800,1100)","[4.25,4.5)",1.4,1.5,1.45,15,0.911061869541,16.4643044578,92,0.0610079575597
56,"[800,1100)","[4.25,4.5)",1.5,1.6,1.55,10,0.973893722613,10.2680608446,102,0.0676392572944
56,"[800,1100)","[4.25,4.5)",1.6,1.7,1.65,13,1.03672557568,12.5394803648,115,0.0762599469496
56,"[800,1100)","[4.25,4.5)",1.7,1.8,1.75,13,1.09955742876,11.8229386297,128,0.0848806366048
56,"[800,1100)","[4.25,4.5)",1.8,1.9,1.85,7,1.16238928183,6.0220789278,135,0.0895225464191
56,"[800,1100)","[4.25,4.5)",1.9,2,1.95,11,1.2252211349,8.97797114877,146,0.0968169761273
56,"[800,1100)","[4.25,4.5)",2,2.1,2.05,11,1.28805298797,8.54002133664,157,0.104111405836
56,"[800,1100)","[4.25,4.5)",2.1,2.2,2.15,13,1.35088484104,9.62332214044,170,0.112732095491
56,"[800,1100)","[4.25,4.5)",2.2,2.3,2.25,11,1.41371669412,7.78090832894,181,0.120026525199
56,"[800,1100)","[4.25,4.5)",2.3,2.4,2.35,20,1.47654854719,13.5451015397,201,0.133289124668
56,"[800,1100)","[4.25,4.5)",2.4,2.5,2.45,13,1.53938040026,8.44495616406,214,0.141909814324
56,"[800,1100)","[4.25,4.5)",2.5,2.6,2.55,17,1.60221225333,10.6103295395,231,0.153183023873
56,"[800,1100)","[4.25,4.5)",2.6,2.7,2.65,13,1.6650441064,7.80760098187,244,0.161803713528
56,"[800,1100)","[4.25,4.5)",2.7,2.8,2.75,16,1.72787595947,9.25992396171,260,0.172413793103
56,"[800,1100)","[4.25,4.5)",2.8,2.9,2.85,13,1.79070781255,7.25969915858,273,0.181034482759
56,"[800,1100)","[4.25,4.5)",2.9,3,2.95,17,1.85353966562,9.17164078835,290,0.192307692308
56,"[800,1100)","[4.25,4.5)",3,3.1,3.05,15,1.91637151869,7.82729228321,305,0.20225464191
56,"[800,1100)","[4.25,4.5)",3.1,3.2,3.15,16,1.97920337176,8.08406060149,321,0.212864721485
56,"[800,1100)","[4.25,4.5)",3.2,3.3,3.25,16,2.04203522483,7.83532027529,337,0.223474801061
56,"[800,1100)","[4.25,4.5)",3.3,3.4,3.35,19,2.10486707791,9.02669826491,356,0.236074270557
56,"[800,1100)","[4.25,4.5)",3.4,3.5,3.45,32,2.16769893098,14.7621976201,388,0.257294429708
56,"[800,1100)","[4.25,4.5)",3.5,3.6,3.55,25,2.23053078405,11.2080945839,413,0.273872679045
56,"[800,1100)","[4.25,4.5)",3.6,3.7,3.65,20,2.29336263712,8.72081879956,433,0.287135278515
56,"[800,1100)","[4.25,4.5)",3.7,3.8,3.75,22,2.35619449019,9.33708999472,455,0.301724137931
56,"[800,1100)","[4.25,4.5)",3.8,3.9,3.85,20,2.41902634326,8.26778925153,475,0.314986737401
56,"[800,1100)","[4.25,4.5)",3.9,4,3.95,30,2.48185819634,12.0877171969,505,0.334880636605
56,"[800,1100)","[4.25,4.5)",4,4.1,4.05,21,2.54469004941,8.25247853069,526,0.348806366048
56,"[800,1100)","[4.25,4.5)",4.1,4.2,4.15,29,2.60752190248,11.1216707221,555,0.368037135279
56,"[800,1100)","[4.25,4.5)",4.2,4.3,4.25,33,2.67035375555,12.3579132283,588,0.389920424403
56,"[800,1100)","[4.25,4.5)",4.3,4.4,4.35,25,2.73318560862,9.14683580988,613,0.40649867374
56,"[800,1100)","[4.25,4.5)",4.4,4.5,4.45,24,2.79601746169,8.58363738024,637,0.422413793103
56,"[800,1100)","[4.25,4.5)",4.5,4.6,4.55,29,2.85884931477,10.1439414278,666,0.441644562334
56,"[800,1100)","[4.25,4.5)",4.6,4.7,4.65,27,2.92168116784,9.24125476017,693,0.459549071618
56,"[800,1100)","[4.25,4.5)",4.7,4.8,4.75,36,2.98451302091,12.0622693712,729,0.483421750663
56,"[800,1100)","[4.25,4.5)",4.8,4.9,4.85,36,3.04734487398,11.8135627862,765,0.507294429708
56,"[800,1100)","[4.25,4.5)",4.9,5,4.95,33,3.11017672705,10.6103295395,798,0.529177718833
56,"[800,1100)","[4.25,4.5)",5,5.1,5.05,22,3.17300858013,6.93348266935,820,0.543766578249
56,"[800,1100)","[4.25,4.5)",5.1,5.2,5.15,33,3.2358404332,10.1982779069,853,0.565649867374
56,"[800,1100)","[4.25,4.5)",5.2,5.3,5.25,30,3.29867228627,9.09456817668,883,0.585543766578
56,"[800,1100)","[4.25,4.5)",5.3,5.4,5.35,23,3.36150413934,6.84217512358,906,0.600795755968
56,"[800,1100)","[4.25,4.5)",5.4,5.5,5.45,38,3.42433599241,11.0970419037,944,0.62599469496
56,"[800,1100)","[4.25,4.5)",5.5,5.6,5.55,30,3.48716784548,8.60296989686,974,0.645888594164
56,"[800,1100)","[4.25,4.5)",5.6,5.7,5.65,37,3.54999969856,10.4225360963,1011,0.670424403183
56,"[800,1100)","[4.25,4.5)",5.7,5.8,5.75,40,3.61283155163,11.0716482151,1051,0.696949602122
56,"[800,1100)","[4.25,4.5)",5.8,5.9,5.85,20,3.6756634047,5.44119463562,1071,0.710212201592
56,"[800,1100)","[4.25,4.5)",5.9,6,5.95,39,3.73849525777,10.4320046733,1110,0.736074270557
56,"[800,1100)","[4.25,4.5)",6,6.1,6.05,29,3.80132711084,7.62891462755,1139,0.755305039788
56,"[800,1100)","[4.25,4.5)",6.1,6.2,6.15,28,3.86415896392,7.24607870987,1167,0.773872679045
56,"[800,1100)","[4.25,4.5)",6.2,6.3,6.25,29,3.92699081699,7.38478935946,1196,0.793103448276
56,"[800,1100)","[4.25,4.5)",6.3,6.4,6.35,37,3.98982267006,9.27359510929,1233,0.817639257294
56,"[800,1100)","[4.25,4.5)",6.4,6.5,6.45,37,4.05265452313,9.12981844093,1270,0.842175066313
56,"[800,1100)","[4.25,4.5)",6.5,6.6,6.55,24,4.1154863762,5.8316315026,1294,0.858090185676
56,"[800,1100)","[4.25,4.5)",6.6,6.7,6.65,27,4.17831822927,6.46193002027,1321,0.87599469496
56,"[800,1100)","[4.25,4.5)",6.7,6.8,6.75,35,4.24115008235,8.25247853069,1356,0.899204244032
56,"[800,1100)","[4.25,4.5)",6.8,6.9,6.85,28,4.30398193542,6.50560351325,1384,0.917771883289
56,"[800,1100)","[4.25,4.5)",6.9,7,6.95,22,4.36681378849,5.03799819859,1406,0.932360742706
56,"[800,1100)","[4.25,4.5)",7,7.1,7.05,13,4.42964564156,2.93477200028,1419,0.940981432361
56,"[800,1100)","[4.25,4.5)",7.1,7.2,7.15,9,4.49247749463,2.00334893402,1428,0.946949602122
56,"[800,1100)","[4.25,4.5)",7.2,7.3,7.25,13,4.55530934771,2.85381277268,1441,0.955570291777
56,"[800,1100)","[4.25,4.5)",7.3,7.4,7.35,10,4.61814120078,2.1653733754,1451,0.962201591512
56,"[800,1100)","[4.25,4.5)",7.4,7.5,7.45,8,4.68097305385,1.70904636877,1459,0.9675066313
56,"[800,1100)","[4.25,4.5)",7.5,7.6,7.55,4,4.74380490692,0.843204996513,1463,0.970159151194
56,"[800,1100)","[4.25,4.5)",7.6,7.7,7.65,4,4.80663675999,0.832182708977,1467,0.972811671088
56,"[800,1100)","[4.25,4.5)",7.7,7.8,7.75,3,4.86946861306,0.616083650678,1470,0.974801061008
56,"[800,1100)","[4.25,4.5)",7.8,7.9,7.85,2,4.93230046614,0.405490300871,1472,0.976127320955
56,"[800,1100)","[4.25,4.5)",7.9,8,7.95,4,4.99513231921,0.800779587884,1476,0.978779840849
56,"[800,1100)","[4.25,4.5)",8,8.1,8.05,1,5.05796417228,0.197708003841,1477,0.979442970822
56,"[800,1100)","[4.25,4.5)",8.1,8.2,8.15,1,5.12079602535,0.195282138763,1478,0.980106100796
56,"[800,1100)","[4.25,4.5)",8.2,8.3,8.25,4,5.18362787842,0.771660330143,1482,0.98275862069
56,"[800,1100)","[4.25,4.5)",8.3,8.4,8.35,1,5.24645973149,0.190604722266,1483,0.983421750663
56,"[800,1100)","[4.25,4.5)",8.4,8.5,8.45,1,5.30929158457,0.188349045079,1484,0.984084880637
56,"[800,1100)","[4.25,4.5)",8.5,8.6,8.55,3,5.37212343764,0.558438396814,1487,0.986074270557
56,"[800,1100)","[4.25,4.5)",8.6,8.7,8.65,0,5.43495529071,0,1487,0.986074270557
56,"[800,1100)","[4.25,4.5)",8.7,8.8,8.75,0,5.49778714378,0,1487,0.986074270557
56,"[800,1100)","[4.25,4.5)",8.8,8.9,8.85,0,5.56061899685,0,1487,0.986074270557
56,"[800,1100)","[4.25,4.5)",8.9,9,8.95,2,5.62345084993,0.355653504116,1489,0.987400530504
56,"[800,1100)","[4.25,4.5)",9,9.1,9.05,0,5.686282703,0,1489,0.987400530504
56,"[800,1100)","[4.25,4.5)",9.1,9.2,9.15,2,5.74911455607,0.347879657031,1491,0.988726790451
56,"[800,1100)","[4.25,4.5)",9.2,9.3,9.25,0,5.81194640914,0,1491,0.988726790451
56,"[800,1100)","[4.25,4.5)",9.3,9.4,9.35,2,5.87477826221,0.340438380945,1493,0.990053050398
56,"[800,1100)","[4.25,4.5)",9.4,9.5,9.45,1,5.93761011528,0.168417929198,1494,0.990716180371
56,"[800,1100)","[4.25,4.5)",9.5,9.6,9.55,0,6.00044196836,0,1494,0.990716180371
56,"[800,1100)","[4.25,4.5)",9.6,9.7,9.65,0,6.06327382143,0,1494,0.990716180371
56,"[800,1100)","[4.25,4.5)",9.7,9.8,9.75,0,6.1261056745,0,1494,0.990716180371
56,"[800,1100)","[4.25,4.5)",9.8,9.9,9.85,0,6.18893752757,0,1494,0.990716180371
56,"[800,1100)","[4.25,4.5)",9.9,10,9.95,1,6.25176938064,0.159954716675,1495,0.991379310345
56,"[800,1100)","[4.25,4.5)",10,10.1,10.05,2,6.31460123372,0.316726254909,1497,0.992705570292
56,"[800,1100)","[4.25,4.5)",10.1,10.2,10.15,0,6.37743308679,0,1497,0.992705570292
56,"[800,1100)","[4.25,4.5)",10.2,10.3,10.25,0,6.44026493986,0,1497,0.992705570292
56,"[800,1100)","[4.25,4.5)",10.3,10.4,10.35,1,6.50309679293,0.153772891876,1498,0.993368700265
56,"[800,1100)","[4.25,4.5)",10.4,10.5,10.45,2,6.565928646,0.304602761898,1500,0.994694960212
56,"[800,1100)","[4.25,4.5)",10.5,10.6,10.55,1,6.62876049907,0.150857765964,1501,0.995358090186
56,"[800,1100)","[4.25,4.5)",10.6,10.7,10.65,1,6.69159235215,0.149441261119,1502,0.996021220159
56,"[800,1100)","[4.25,4.5)",10.7,10.8,10.75,0,6.75442420522,0,1502,0.996021220159
56,"[800,1100)","[4.25,4.5)",10.8,10.9,10.85,0,6.81725605829,0,1502,0.996021220159
56,"[800,1100)","[4.25,4.5)",10.9,11,10.95,0,6.88008791136,0,1502,0.996021220159
56,"[800,1100)","[4.25,4.5)",11,11.1,11.05,0,6.94291976443,0,1502,0.996021220159
56,"[800,1100)","[4.25,4.5)",11.1,11.2,11.15,0,7.00575161751,0,1502,0.996021220159
56,"[800,1100)","[4.25,4.5)",11.2,11.3,11.25,1,7.06858347058,0.141471060526,1503,0.996684350133
56,"[800,1100)","[4.25,4.5)",11.3,11.4,11.35,1,7.13141532365,0.140224619464,1504,0.997347480106
56,"[800,1100)","[4.25,4.5)",11.4,11.5,11.45,1,7.19424717672,0.138999950299,1505,0.99801061008
56,"[800,1100)","[4.25,4.5)",11.5,11.6,11.55,2,7.25707902979,0.275592975051,1507,0.999336870027
56,"[800,1100)","[4.25,4.5)",11.6,11.7,11.65,1,7.31991088286,0.136613685057,1508,1
56,"[800,1100)","[4.25,4.5)",11.7,11.8,11.75,0,7.38274273594,0,1508,1
56,"[800,1100)","[4.25,4.5)",11.8,11.9,11.85,0,7.44557458901,0,1508,1
56,"[800,1100)","[4.25,4.5)",11.9,12,11.95,0,7.50840644208,0,1508,1
57,"[800,1100)","[4.5,4.75)",0,0.1,0.05,0,0.0314159265359,0,0,0
57,"[800,1100)","[4.5,4.75)",0.1,0.2,0.15,0,0.0942477796077,0,0,0
57,"[800,1100)","[4.5,4.75)",0.2,0.3,0.25,2,0.157079632679,12.7323954474,2,0.0084388185654
57,"[800,1100)","[4.5,4.75)",0.3,0.4,0.35,0,0.219911485751,0,2,0.0084388185654
57,"[800,1100)","[4.5,4.75)",0.4,0.5,0.45,0,0.282743338823,0,2,0.0084388185654
57,"[800,1100)","[4.5,4.75)",0.5,0.6,0.55,0,0.345575191895,0,2,0.0084388185654
57,"[800,1100)","[4.5,4.75)",0.6,0.7,0.65,0,0.408407044967,0,2,0.0084388185654
57,"[800,1100)","[4.5,4.75)",0.7,0.8,0.75,2,0.471238898038,4.24413181578,4,0.0168776371308
57,"[800,1100)","[4.5,4.75)",0.8,0.9,0.85,1,0.53407075111,1.8724110952,5,0.0210970464135
57,"[800,1100)","[4.5,4.75)",0.9,1,0.95,0,0.596902604182,0,5,0.0210970464135
57,"[800,1100)","[4.5,4.75)",1,1.1,1.05,2,0.659734457254,3.03152272556,7,0.0295358649789
57,"[800,1100)","[4.5,4.75)",1.1,1.2,1.15,1,0.722566310326,1.38395602689,8,0.0337552742616
57,"[800,1100)","[4.5,4.75)",1.2,1.3,1.25,0,0.785398163397,0,8,0.0337552742616
57,"[800,1100)","[4.5,4.75)",1.3,1.4,1.35,0,0.848230016469,0,8,0.0337552742616
57,"[800,1100)","[4.5,4.75)",1.4,1.5,1.45,2,0.911061869541,2.19524059437,10,0.042194092827
57,"[800,1100)","[4.5,4.75)",1.5,1.6,1.55,2,0.973893722613,2.05361216893,12,0.0506329113924
57,"[800,1100)","[4.5,4.75)",1.6,1.7,1.65,0,1.03672557568,0,12,0.0506329113924
57,"[800,1100)","[4.5,4.75)",1.7,1.8,1.75,0,1.09955742876,0,12,0.0506329113924
57,"[800,1100)","[4.5,4.75)",1.8,1.9,1.85,0,1.16238928183,0,12,0.0506329113924
57,"[800,1100)","[4.5,4.75)",1.9,2,1.95,2,1.2252211349,1.63235839069,14,0.0590717299578
57,"[800,1100)","[4.5,4.75)",2,2.1,2.05,3,1.28805298797,2.32909672817,17,0.0717299578059
57,"[800,1100)","[4.5,4.75)",2.1,2.2,2.15,1,1.35088484104,0.740255549265,18,0.0759493670886
57,"[800,1100)","[4.5,4.75)",2.2,2.3,2.25,5,1.41371669412,3.53677651315,23,0.0970464135021
57,"[800,1100)","[4.5,4.75)",2.3,2.4,2.35,3,1.47654854719,2.03176523096,26,0.10970464135
57,"[800,1100)","[4.5,4.75)",2.4,2.5,2.45,1,1.53938040026,0.64961201262,27,0.113924050633
57,"[800,1100)","[4.5,4.75)",2.5,2.6,2.55,0,1.60221225333,0,27,0.113924050633
57,"[800,1100)","[4.5,4.75)",2.6,2.7,2.65,2,1.6650441064,1.20116938183,29,0.122362869198
57,"[800,1100)","[4.5,4.75)",2.7,2.8,2.75,0,1.72787595947,0,29,0.122362869198
57,"[800,1100)","[4.5,4.75)",2.8,2.9,2.85,6,1.79070781255,3.35063038088,35,0.147679324895
57,"[800,1100)","[4.5,4.75)",2.9,3,2.95,5,1.85353966562,2.69754140834,40,0.168776371308
57,"[800,1100)","[4.5,4.75)",3,3.1,3.05,3,1.91637151869,1.56545845664,43,0.181434599156
57,"[800,1100)","[4.5,4.75)",3.1,3.2,3.15,4,1.97920337176,2.02101515037,47,0.198312236287
57,"[800,1100)","[4.5,4.75)",3.2,3.3,3.25,1,2.04203522483,0.489707517206,48,0.20253164557
57,"[800,1100)","[4.5,4.75)",3.3,3.4,3.35,0,2.10486707791,0,48,0.20253164557
57,"[800,1100)","[4.5,4.75)",3.4,3.5,3.45,3,2.16769893098,1.38395602689,51,0.215189873418
57,"[800,1100)","[4.5,4.75)",3.5,3.6,3.55,5,2.23053078405,2.24161891679,56,0.236286919831
57,"[800,1100)","[4.5,4.75)",3.6,3.7,3.65,2,2.29336263712,0.872081879956,58,0.244725738397
57,"[800,1100)","[4.5,4.75)",3.7,3.8,3.75,3,2.35619449019,1.27323954474,61,0.257383966245
57,"[800,1100)","[4.5,4.75)",3.8,3.9,3.85,4,2.41902634326,1.65355785031,65,0.274261603376
57,"[800,1100)","[4.5,4.75)",3.9,4,3.95,5,2.48185819634,2.01461953281,70,0.295358649789
57,"[800,1100)","[4.5,4.75)",4,4.1,4.05,2,2.54469004941,0.785950336256,72,0.303797468354
57,"[800,1100)","[4.5,4.75)",4.1,4.2,4.15,4,2.60752190248,1.53402354787,76,0.320675105485
57,"[800,1100)","[4.5,4.75)",4.2,4.3,4.25,8,2.67035375555,2.99585775232,84,0.354430379747
57,"[800,1100)","[4.5,4.75)",4.3,4.4,4.35,3,2.73318560862,1.09762029719,87,0.367088607595
57,"[800,1100)","[4.5,4.75)",4.4,4.5,4.45,4,2.79601746169,1.43060623004,91,0.383966244726
57,"[800,1100)","[4.5,4.75)",4.5,4.6,4.55,4,2.85884931477,1.39916433487,95,0.400843881857
57,"[800,1100)","[4.5,4.75)",4.6,4.7,4.65,7,2.92168116784,2.39588086375,102,0.430379746835
57,"[800,1100)","[4.5,4.75)",4.7,4.8,4.75,5,2.98451302091,1.67531519044,107,0.451476793249
57,"[800,1100)","[4.5,4.75)",4.8,4.9,4.85,6,3.04734487398,1.96892713103,113,0.476793248945
57,"[800,1100)","[4.5,4.75)",4.9,5,4.95,8,3.11017672705,2.57220110048,121,0.510548523207
57,"[800,1100)","[4.5,4.75)",5,5.1,5.05,3,3.17300858013,0.945474909457,124,0.523206751055
57,"[800,1100)","[4.5,4.75)",5.1,5.2,5.15,9,3.2358404332,2.78134852005,133,0.561181434599
57,"[800,1100)","[4.5,4.75)",5.2,5.3,5.25,8,3.29867228627,2.42521818045,141,0.594936708861
57,"[800,1100)","[4.5,4.75)",5.3,5.4,5.35,4,3.36150413934,1.18994349975,145,0.611814345992
57,"[800,1100)","[4.5,4.75)",5.4,5.5,5.45,2,3.42433599241,0.584054837034,147,0.620253164557
57,"[800,1100)","[4.5,4.75)",5.5,5.6,5.55,7,3.48716784548,2.0073596426,154,0.649789029536
57,"[800,1100)","[4.5,4.75)",5.6,5.7,5.65,7,3.54999969856,1.97183115335,161,0.679324894515
57,"[800,1100)","[4.5,4.75)",5.7,5.8,5.75,5,3.61283155163,1.38395602689,166,0.700421940928
57,"[800,1100)","[4.5,4.75)",5.8,5.9,5.85,3,3.6756634047,0.816179195343,169,0.713080168776
57,"[800,1100)","[4.5,4.75)",5.9,6,5.95,5,3.73849525777,1.33743649657,174,0.73417721519
57,"[800,1100)","[4.5,4.75)",6,6.1,6.05,6,3.80132711084,1.57839612984,180,0.759493670886
57,"[800,1100)","[4.5,4.75)",6.1,6.2,6.15,5,3.86415896392,1.29394262676,185,0.7805907173
57,"[800,1100)","[4.5,4.75)",6.2,6.3,6.25,6,3.92699081699,1.52788745368,191,0.805907172996
57,"[800,1100)","[4.5,4.75)",6.3,6.4,6.35,2,3.98982267006,0.501275411313,193,0.814345991561
57,"[800,1100)","[4.5,4.75)",6.4,6.5,6.45,10,4.05265452313,2.46751849755,203,0.856540084388
57,"[800,1100)","[4.5,4.75)",6.5,6.6,6.55,3,4.1154863762,0.728953937825,206,0.869198312236
57,"[800,1100)","[4.5,4.75)",6.6,6.7,6.65,2,4.17831822927,0.478661482983,208,0.877637130802
57,"[800,1100)","[4.5,4.75)",6.7,6.8,6.75,9,4.24115008235,2.12206590789,217,0.915611814346
57,"[800,1100)","[4.5,4.75)",6.8,6.9,6.85,7,4.30398193542,1.62640087831,224,0.945147679325
57,"[800,1100)","[4.5,4.75)",6.9,7,6.95,1,4.36681378849,0.228999918118,225,0.949367088608
57,"[800,1100)","[4.5,4.75)",7,7.1,7.05,3,4.42964564156,0.677255076987,228,0.962025316456
57,"[800,1100)","[4.5,4.75)",7.1,7.2,7.15,1,4.49247749463,0.222594326003,229,0.966244725738
57,"[800,1100)","[4.5,4.75)",7.2,7.3,7.25,0,4.55530934771,0,229,0.966244725738
57,"[800,1100)","[4.5,4.75)",7.3,7.4,7.35,3,4.61814120078,0.64961201262,232,0.978902953586
57,"[800,1100)","[4.5,4.75)",7.4,7.5,7.45,1,4.68097305385,0.213630796097,233,0.983122362869
57,"[800,1100)","[4.5,4.75)",7.5,7.6,7.55,2,4.74380490692,0.421602498257,235,0.991561181435
57,"[800,1100)","[4.5,4.75)",7.6,7.7,7.65,0,4.80663675999,0,235,0.991561181435
57,"[800,1100)","[4.5,4.75)",7.7,7.8,7.75,1,4.86946861306,0.205361216893,236,0.995780590717
57,"[800,1100)","[4.5,4.75)",7.8,7.9,7.85,0,4.93230046614,0,236,0.995780590717
57,"[800,1100)","[4.5,4.75)",7.9,8,7.95,0,4.99513231921,0,236,0.995780590717
57,"[800,1100)","[4.5,4.75)",8,8.1,8.05,0,5.05796417228,0,236,0.995780590717
57,"[800,1100)","[4.5,4.75)",8.1,8.2,8.15,0,5.12079602535,0,236,0.995780590717
57,"[800,1100)","[4.5,4.75)",8.2,8.3,8.25,0,5.18362787842,0,236,0.995780590717
57,"[800,1100)","[4.5,4.75)",8.3,8.4,8.35,0,5.24645973149,0,236,0.995780590717
57,"[800,1100)","[4.5,4.75)",8.4,8.5,8.45,0,5.30929158457,0,236,0.995780590717
57,"[800,1100)","[4.5,4.75)",8.5,8.6,8.55,0,5.37212343764,0,236,0.995780590717
57,"[800,1100)","[4.5,4.75)",8.6,8.7,8.65,0,5.43495529071,0,236,0.995780590717
57,"[800,1100)","[4.5,4.75)",8.7,8.8,8.75,0,5.49778714378,0,236,0.995780590717
57,"[800,1100)","[4.5,4.75)",8.8,8.9,8.85,1,5.56061899685,0.179836093889,237,1
57,"[800,1100)","[4.5,4.75)",8.9,9,8.95,0,5.62345084993,0,237,1
57,"[800,1100)","[4.5,4.75)",9,9.1,9.05,0,5.686282703,0,237,1
57,"[800,1100)","[4.5,4.75)",9.1,9.2,9.15,0,5.74911455607,0,237,1
57,"[800,1100)","[4.5,4.75)",9.2,9.3,9.25,0,5.81194640914,0,237,1
57,"[800,1100)","[4.5,4.75)",9.3,9.4,9.35,0,5.87477826221,0,237,1
57,"[800,1100)","[4.5,4.75)",9.4,9.5,9.45,0,5.93761011528,0,237,1
57,"[800,1100)","[4.5,4.75)",9.5,9.6,9.55,0,6.00044196836,0,237,1
57,"[800,1100)","[4.5,4.75)",9.6,9.7,9.65,0,6.06327382143,0,237,1
57,"[800,1100)","[4.5,4.75)",9.7,9.8,9.75,0,6.1261056745,0,237,1
57,"[800,1100)","[4.5,4.75)",9.8,9.9,9.85,0,6.18893752757,0,237,1
57,"[800,1100)","[4.5,4.75)",9.9,10,9.95,0,6.25176938064,0,237,1
57,"[800,1100)","[4.5,4.75)",10,10.1,10.05,0,6.31460123372,0,237,1
57,"[800,1100)","[4.5,4.75)",10.1,10.2,10.15,0,6.37743308679,0,237,1
57,"[800,1100)","[4.5,4.75)",10.2,10.3,10.25,0,6.44026493986,0,237,1
57,"[800,1100)","[4.5,4.75)",10.3,10.4,10.35,0,6.50309679293,0,237,1
57,"[800,1100)","[4.5,4.75)",10.4,10.5,10.45,0,6.565928646,0,237,1
57,"[800,1100)","[4.5,4.75)",10.5,10.6,10.55,0,6.62876049907,0,237,1
57,"[800,1100)","[4.5,4.75)",10.6,10.7,10.65,0,6.69159235215,0,237,1
57,"[800,1100)","[4.5,4.75)",10.7,10.8,10.75,0,6.75442420522,0,237,1
57,"[800,1100)","[4.5,4.75)",10.8,10.9,10.85,0,6.81725605829,0,237,1
57,"[800,1100)","[4.5,4.75)",10.9,11,10.95,0,6.88008791136,0,237,1
57,"[800,1100)","[4.5,4.75)",11,11.1,11.05,0,6.94291976443,0,237,1
57,"[800,1100)","[4.5,4.75)",11.1,11.2,11.15,0,7.00575161751,0,237,1
57,"[800,1100)","[4.5,4.75)",11.2,11.3,11.25,0,7.06858347058,0,237,1
57,"[800,1100)","[4.5,4.75)",11.3,11.4,11.35,0,7.13141532365,0,237,1
57,"[800,1100)","[4.5,4.75)",11.4,11.5,11.45,0,7.19424717672,0,237,1
57,"[800,1100)","[4.5,4.75)",11.5,11.6,11.55,0,7.25707902979,0,237,1
57,"[800,1100)","[4.5,4.75)",11.6,11.7,11.65,0,7.31991088286,0,237,1
57,"[800,1100)","[4.5,4.75)",11.7,11.8,11.75,0,7.38274273594,0,237,1
57,"[800,1100)","[4.5,4.75)",11.8,11.9,11.85,0,7.44557458901,0,237,1
57,"[800,1100)","[4.5,4.75)",11.9,12,11.95,0,7.50840644208,0,237,1
58,"[800,1100)","[4.75,5.0)",0,0.1,0.05,0,0.0314159265359,0,0,0
58,"[800,1100)","[4.75,5.0)",0.1,0.2,0.15,0,0.0942477796077,0,0,0
58,"[800,1100)","[4.75,5.0)",0.2,0.3,0.25,0,0.157079632679,0,0,0
58,"[800,1100)","[4.75,5.0)",0.3,0.4,0.35,0,0.219911485751,0,0,0
58,"[800,1100)","[4.75,5.0)",0.4,0.5,0.45,0,0.282743338823,0,0,0
58,"[800,1100)","[4.75,5.0)",0.5,0.6,0.55,0,0.345575191895,0,0,0
58,"[800,1100)","[4.75,5.0)",0.6,0.7,0.65,0,0.408407044967,0,0,0
58,"[800,1100)","[4.75,5.0)",0.7,0.8,0.75,0,0.471238898038,0,0,0
58,"[800,1100)","[4.75,5.0)",0.8,0.9,0.85,0,0.53407075111,0,0,0
58,"[800,1100)","[4.75,5.0)",0.9,1,0.95,0,0.596902604182,0,0,0
58,"[800,1100)","[4.75,5.0)",1,1.1,1.05,0,0.659734457254,0,0,0
58,"[800,1100)","[4.75,5.0)",1.1,1.2,1.15,0,0.722566310326,0,0,0
58,"[800,1100)","[4.75,5.0)",1.2,1.3,1.25,0,0.785398163397,0,0,0
58,"[800,1100)","[4.75,5.0)",1.3,1.4,1.35,0,0.848230016469,0,0,0
58,"[800,1100)","[4.75,5.0)",1.4,1.5,1.45,0,0.911061869541,0,0,0
58,"[800,1100)","[4.75,5.0)",1.5,1.6,1.55,1,0.973893722613,1.02680608446,1,0.0277777777778
58,"[800,1100)","[4.75,5.0)",1.6,1.7,1.65,0,1.03672557568,0,1,0.0277777777778
58,"[800,1100)","[4.75,5.0)",1.7,1.8,1.75,0,1.09955742876,0,1,0.0277777777778
58,"[800,1100)","[4.75,5.0)",1.8,1.9,1.85,0,1.16238928183,0,1,0.0277777777778
58,"[800,1100)","[4.75,5.0)",1.9,2,1.95,2,1.2252211349,1.63235839069,3,0.0833333333333
58,"[800,1100)","[4.75,5.0)",2,2.1,2.05,1,1.28805298797,0.776365576058,4,0.111111111111
58,"[800,1100)","[4.75,5.0)",2.1,2.2,2.15,0,1.35088484104,0,4,0.111111111111
58,"[800,1100)","[4.75,5.0)",2.2,2.3,2.25,1,1.41371669412,0.707355302631,5,0.138888888889
58,"[800,1100)","[4.75,5.0)",2.3,2.4,2.35,1,1.47654854719,0.677255076987,6,0.166666666667
58,"[800,1100)","[4.75,5.0)",2.4,2.5,2.45,1,1.53938040026,0.64961201262,7,0.194444444444
58,"[800,1100)","[4.75,5.0)",2.5,2.6,2.55,0,1.60221225333,0,7,0.194444444444
58,"[800,1100)","[4.75,5.0)",2.6,2.7,2.65,0,1.6650441064,0,7,0.194444444444
58,"[800,1100)","[4.75,5.0)",2.7,2.8,2.75,1,1.72787595947,0.578745247607,8,0.222222222222
58,"[800,1100)","[4.75,5.0)",2.8,2.9,2.85,0,1.79070781255,0,8,0.222222222222
58,"[800,1100)","[4.75,5.0)",2.9,3,2.95,0,1.85353966562,0,8,0.222222222222
58,"[800,1100)","[4.75,5.0)",3,3.1,3.05,0,1.91637151869,0,8,0.222222222222
58,"[800,1100)","[4.75,5.0)",3.1,3.2,3.15,0,1.97920337176,0,8,0.222222222222
58,"[800,1100)","[4.75,5.0)",3.2,3.3,3.25,0,2.04203522483,0,8,0.222222222222
58,"[800,1100)","[4.75,5.0)",3.3,3.4,3.35,0,2.10486707791,0,8,0.222222222222
58,"[800,1100)","[4.75,5.0)",3.4,3.5,3.45,0,2.16769893098,0,8,0.222222222222
58,"[800,1100)","[4.75,5.0)",3.5,3.6,3.55,1,2.23053078405,0.448323783357,9,0.25
58,"[800,1100)","[4.75,5.0)",3.6,3.7,3.65,0,2.29336263712,0,9,0.25
58,"[800,1100)","[4.75,5.0)",3.7,3.8,3.75,0,2.35619449019,0,9,0.25
58,"[800,1100)","[4.75,5.0)",3.8,3.9,3.85,1,2.41902634326,0.413389462576,10,0.277777777778
58,"[800,1100)","[4.75,5.0)",3.9,4,3.95,0,2.48185819634,0,10,0.277777777778
58,"[800,1100)","[4.75,5.0)",4,4.1,4.05,0,2.54469004941,0,10,0.277777777778
58,"[800,1100)","[4.75,5.0)",4.1,4.2,4.15,0,2.60752190248,0,10,0.277777777778
58,"[800,1100)","[4.75,5.0)",4.2,4.3,4.25,1,2.67035375555,0.37448221904,11,0.305555555556
58,"[800,1100)","[4.75,5.0)",4.3,4.4,4.35,0,2.73318560862,0,11,0.305555555556
58,"[800,1100)","[4.75,5.0)",4.4,4.5,4.45,0,2.79601746169,0,11,0.305555555556
58,"[800,1100)","[4.75,5.0)",4.5,4.6,4.55,0,2.85884931477,0,11,0.305555555556
58,"[800,1100)","[4.75,5.0)",4.6,4.7,4.65,0,2.92168116784,0,11,0.305555555556
58,"[800,1100)","[4.75,5.0)",4.7,4.8,4.75,1,2.98451302091,0.335063038088,12,0.333333333333
58,"[800,1100)","[4.75,5.0)",4.8,4.9,4.85,0,3.04734487398,0,12,0.333333333333
58,"[800,1100)","[4.75,5.0)",4.9,5,4.95,3,3.11017672705,0.964575412678,15,0.416666666667
58,"[800,1100)","[4.75,5.0)",5,5.1,5.05,0,3.17300858013,0,15,0.416666666667
58,"[800,1100)","[4.75,5.0)",5.1,5.2,5.15,0,3.2358404332,0,15,0.416666666667
58,"[800,1100)","[4.75,5.0)",5.2,5.3,5.25,1,3.29867228627,0.303152272556,16,0.444444444444
58,"[800,1100)","[4.75,5.0)",5.3,5.4,5.35,2,3.36150413934,0.594971749876,18,0.5
58,"[800,1100)","[4.75,5.0)",5.4,5.5,5.45,0,3.42433599241,0,18,0.5
58,"[800,1100)","[4.75,5.0)",5.5,5.6,5.55,0,3.48716784548,0,18,0.5
58,"[800,1100)","[4.75,5.0)",5.6,5.7,5.65,1,3.54999969856,0.281690164764,19,0.527777777778
58,"[800,1100)","[4.75,5.0)",5.7,5.8,5.75,0,3.61283155163,0,19,0.527777777778
58,"[800,1100)","[4.75,5.0)",5.8,5.9,5.85,0,3.6756634047,0,19,0.527777777778
58,"[800,1100)","[4.75,5.0)",5.9,6,5.95,0,3.73849525777,0,19,0.527777777778
58,"[800,1100)","[4.75,5.0)",6,6.1,6.05,1,3.80132711084,0.263066021639,20,0.555555555556
58,"[800,1100)","[4.75,5.0)",6.1,6.2,6.15,2,3.86415896392,0.517577050705,22,0.611111111111
58,"[800,1100)","[4.75,5.0)",6.2,6.3,6.25,1,3.92699081699,0.254647908947,23,0.638888888889
58,"[800,1100)","[4.75,5.0)",6.3,6.4,6.35,0,3.98982267006,0,23,0.638888888889
58,"[800,1100)","[4.75,5.0)",6.4,6.5,6.45,0,4.05265452313,0,23,0.638888888889
58,"[800,1100)","[4.75,5.0)",6.5,6.6,6.55,2,4.1154863762,0.485969291884,25,0.694444444444
58,"[800,1100)","[4.75,5.0)",6.6,6.7,6.65,0,4.17831822927,0,25,0.694444444444
58,"[800,1100)","[4.75,5.0)",6.7,6.8,6.75,2,4.24115008235,0.471570201754,27,0.75
58,"[800,1100)","[4.75,5.0)",6.8,6.9,6.85,0,4.30398193542,0,27,0.75
58,"[800,1100)","[4.75,5.0)",6.9,7,6.95,0,4.36681378849,0,27,0.75
58,"[800,1100)","[4.75,5.0)",7,7.1,7.05,0,4.42964564156,0,27,0.75
58,"[800,1100)","[4.75,5.0)",7.1,7.2,7.15,0,4.49247749463,0,27,0.75
58,"[800,1100)","[4.75,5.0)",7.2,7.3,7.25,1,4.55530934771,0.219524059437,28,0.777777777778
58,"[800,1100)","[4.75,5.0)",7.3,7.4,7.35,1,4.61814120078,0.21653733754,29,0.805555555556
58,"[800,1100)","[4.75,5.0)",7.4,7.5,7.45,1,4.68097305385,0.213630796097,30,0.833333333333
58,"[800,1100)","[4.75,5.0)",7.5,7.6,7.55,1,4.74380490692,0.210801249128,31,0.861111111111
58,"[800,1100)","[4.75,5.0)",7.6,7.7,7.65,0,4.80663675999,0,31,0.861111111111
58,"[800,1100)","[4.75,5.0)",7.7,7.8,7.75,0,4.86946861306,0,31,0.861111111111
58,"[800,1100)","[4.75,5.0)",7.8,7.9,7.85,0,4.93230046614,0,31,0.861111111111
58,"[800,1100)","[4.75,5.0)",7.9,8,7.95,0,4.99513231921,0,31,0.861111111111
58,"[800,1100)","[4.75,5.0)",8,8.1,8.05,1,5.05796417228,0.197708003841,32,0.888888888889
58,"[800,1100)","[4.75,5.0)",8.1,8.2,8.15,0,5.12079602535,0,32,0.888888888889
58,"[800,1100)","[4.75,5.0)",8.2,8.3,8.25,0,5.18362787842,0,32,0.888888888889
58,"[800,1100)","[4.75,5.0)",8.3,8.4,8.35,0,5.24645973149,0,32,0.888888888889
58,"[800,1100)","[4.75,5.0)",8.4,8.5,8.45,0,5.30929158457,0,32,0.888888888889
58,"[800,1100)","[4.75,5.0)",8.5,8.6,8.55,1,5.37212343764,0.186146132271,33,0.916666666667
58,"[800,1100)","[4.75,5.0)",8.6,8.7,8.65,1,5.43495529071,0.183994153863,34,0.944444444444
58,"[800,1100)","[4.75,5.0)",8.7,8.8,8.75,0,5.49778714378,0,34,0.944444444444
58,"[800,1100)","[4.75,5.0)",8.8,8.9,8.85,0,5.56061899685,0,34,0.944444444444
58,"[800,1100)","[4.75,5.0)",8.9,9,8.95,0,5.62345084993,0,34,0.944444444444
58,"[800,1100)","[4.75,5.0)",9,9.1,9.05,0,5.686282703,0,34,0.944444444444
58,"[800,1100)","[4.75,5.0)",9.1,9.2,9.15,0,5.74911455607,0,34,0.944444444444
58,"[800,1100)","[4.75,5.0)",9.2,9.3,9.25,0,5.81194640914,0,34,0.944444444444
58,"[800,1100)","[4.75,5.0)",9.3,9.4,9.35,0,5.87477826221,0,34,0.944444444444
58,"[800,1100)","[4.75,5.0)",9.4,9.5,9.45,0,5.93761011528,0,34,0.944444444444
58,"[800,1100)","[4.75,5.0)",9.5,9.6,9.55,0,6.00044196836,0,34,0.944444444444
58,"[800,1100)","[4.75,5.0)",9.6,9.7,9.65,0,6.06327382143,0,34,0.944444444444
58,"[800,1100)","[4.75,5.0)",9.7,9.8,9.75,0,6.1261056745,0,34,0.944444444444
58,"[800,1100)","[4.75,5.0)",9.8,9.9,9.85,0,6.18893752757,0,34,0.944444444444
58,"[800,1100)","[4.75,5.0)",9.9,10,9.95,0,6.25176938064,0,34,0.944444444444
58,"[800,1100)","[4.75,5.0)",10,10.1,10.05,0,6.31460123372,0,34,0.944444444444
58,"[800,1100)","[4.75,5.0)",10.1,10.2,10.15,0,6.37743308679,0,34,0.944444444444
58,"[800,1100)","[4.75,5.0)",10.2,10.3,10.25,2,6.44026493986,0.310546230423,36,1
58,"[800,1100)","[4.75,5.0)",10.3,10.4,10.35,0,6.50309679293,0,36,1
58,"[800,1100)","[4.75,5.0)",10.4,10.5,10.45,0,6.565928646,0,36,1
58,"[800,1100)","[4.75,5.0)",10.5,10.6,10.55,0,6.62876049907,0,36,1
58,"[800,1100)","[4.75,5.0)",10.6,10.7,10.65,0,6.69159235215,0,36,1
58,"[800,1100)","[4.75,5.0)",10.7,10.8,10.75,0,6.75442420522,0,36,1
58,"[800,1100)","[4.75,5.0)",10.8,10.9,10.85,0,6.81725605829,0,36,1
58,"[800,1100)","[4.75,5.0)",10.9,11,10.95,0,6.88008791136,0,36,1
58,"[800,1100)","[4.75,5.0)",11,11.1,11.05,0,6.94291976443,0,36,1
58,"[800,1100)","[4.75,5.0)",11.1,11.2,11.15,0,7.00575161751,0,36,1
58,"[800,1100)","[4.75,5.0)",11.2,11.3,11.25,0,7.06858347058,0,36,1
58,"[800,1100)","[4.75,5.0)",11.3,11.4,11.35,0,7.13141532365,0,36,1
58,"[800,1100)","[4.75,5.0)",11.4,11.5,11.45,0,7.19424717672,0,36,1
58,"[800,1100)","[4.75,5.0)",11.5,11.6,11.55,0,7.25707902979,0,36,1
58,"[800,1100)","[4.75,5.0)",11.6,11.7,11.65,0,7.31991088286,0,36,1
58,"[800,1100)","[4.75,5.0)",11.7,11.8,11.75,0,7.38274273594,0,36,1
58,"[800,1100)","[4.75,5.0)",11.8,11.9,11.85,0,7.44557458901,0,36,1
58,"[800,1100)","[4.75,5.0)",11.9,12,11.95,0,7.50840644208,0,36,1
59,"[800,1100)","[5,6)",0,0.1,0.05,0,0.0314159265359,0,0,0
59,"[800,1100)","[5,6)",0.1,0.2,0.15,0,0.0942477796077,0,0,0
59,"[800,1100)","[5,6)",0.2,0.3,0.25,0,0.157079632679,0,0,0
59,"[800,1100)","[5,6)",0.3,0.4,0.35,0,0.219911485751,0,0,0
59,"[800,1100)","[5,6)",0.4,0.5,0.45,0,0.282743338823,0,0,0
59,"[800,1100)","[5,6)",0.5,0.6,0.55,0,0.345575191895,0,0,0
59,"[800,1100)","[5,6)",0.6,0.7,0.65,0,0.408407044967,0,0,0
59,"[800,1100)","[5,6)",0.7,0.8,0.75,0,0.471238898038,0,0,0
59,"[800,1100)","[5,6)",0.8,0.9,0.85,0,0.53407075111,0,0,0
59,"[800,1100)","[5,6)",0.9,1,0.95,0,0.596902604182,0,0,0
59,"[800,1100)","[5,6)",1,1.1,1.05,0,0.659734457254,0,0,0
59,"[800,1100)","[5,6)",1.1,1.2,1.15,0,0.722566310326,0,0,0
59,"[800,1100)","[5,6)",1.2,1.3,1.25,0,0.785398163397,0,0,0
59,"[800,1100)","[5,6)",1.3,1.4,1.35,0,0.848230016469,0,0,0
59,"[800,1100)","[5,6)",1.4,1.5,1.45,1,0.911061869541,1.09762029719,1,0.0769230769231
59,"[800,1100)","[5,6)",1.5,1.6,1.55,1,0.973893722613,1.02680608446,2,0.153846153846
59,"[800,1100)","[5,6)",1.6,1.7,1.65,0,1.03672557568,0,2,0.153846153846
59,"[800,1100)","[5,6)",1.7,1.8,1.75,0,1.09955742876,0,2,0.153846153846
59,"[800,1100)","[5,6)",1.8,1.9,1.85,0,1.16238928183,0,2,0.153846153846
59,"[800,1100)","[5,6)",1.9,2,1.95,1,1.2252211349,0.816179195343,3,0.230769230769
59,"[800,1100)","[5,6)",2,2.1,2.05,0,1.28805298797,0,3,0.230769230769
59,"[800,1100)","[5,6)",2.1,2.2,2.15,0,1.35088484104,0,3,0.230769230769
59,"[800,1100)","[5,6)",2.2,2.3,2.25,0,1.41371669412,0,3,0.230769230769
59,"[800,1100)","[5,6)",2.3,2.4,2.35,1,1.47654854719,0.677255076987,4,0.307692307692
59,"[800,1100)","[5,6)",2.4,2.5,2.45,0,1.53938040026,0,4,0.307692307692
59,"[800,1100)","[5,6)",2.5,2.6,2.55,0,1.60221225333,0,4,0.307692307692
59,"[800,1100)","[5,6)",2.6,2.7,2.65,0,1.6650441064,0,4,0.307692307692
59,"[800,1100)","[5,6)",2.7,2.8,2.75,0,1.72787595947,0,4,0.307692307692
59,"[800,1100)","[5,6)",2.8,2.9,2.85,0,1.79070781255,0,4,0.307692307692
59,"[800,1100)","[5,6)",2.9,3,2.95,0,1.85353966562,0,4,0.307692307692
59,"[800,1100)","[5,6)",3,3.1,3.05,0,1.91637151869,0,4,0.307692307692
59,"[800,1100)","[5,6)",3.1,3.2,3.15,0,1.97920337176,0,4,0.307692307692
59,"[800,1100)","[5,6)",3.2,3.3,3.25,0,2.04203522483,0,4,0.307692307692
59,"[800,1100)","[5,6)",3.3,3.4,3.35,0,2.10486707791,0,4,0.307692307692
59,"[800,1100)","[5,6)",3.4,3.5,3.45,0,2.16769893098,0,4,0.307692307692
59,"[800,1100)","[5,6)",3.5,3.6,3.55,0,2.23053078405,0,4,0.307692307692
59,"[800,1100)","[5,6)",3.6,3.7,3.65,0,2.29336263712,0,4,0.307692307692
59,"[800,1100)","[5,6)",3.7,3.8,3.75,0,2.35619449019,0,4,0.307692307692
59,"[800,1100)","[5,6)",3.8,3.9,3.85,0,2.41902634326,0,4,0.307692307692
59,"[800,1100)","[5,6)",3.9,4,3.95,0,2.48185819634,0,4,0.307692307692
59,"[800,1100)","[5,6)",4,4.1,4.05,0,2.54469004941,0,4,0.307692307692
59,"[800,1100)","[5,6)",4.1,4.2,4.15,0,2.60752190248,0,4,0.307692307692
59,"[800,1100)","[5,6)",4.2,4.3,4.25,0,2.67035375555,0,4,0.307692307692
59,"[800,1100)","[5,6)",4.3,4.4,4.35,0,2.73318560862,0,4,0.307692307692
59,"[800,1100)","[5,6)",4.4,4.5,4.45,0,2.79601746169,0,4,0.307692307692
59,"[800,1100)","[5,6)",4.5,4.6,4.55,0,2.85884931477,0,4,0.307692307692
59,"[800,1100)","[5,6)",4.6,4.7,4.65,1,2.92168116784,0.342268694821,5,0.384615384615
59,"[800,1100)","[5,6)",4.7,4.8,4.75,1,2.98451302091,0.335063038088,6,0.461538461538
59,"[800,1100)","[5,6)",4.8,4.9,4.85,0,3.04734487398,0,6,0.461538461538
59,"[800,1100)","[5,6)",4.9,5,4.95,0,3.11017672705,0,6,0.461538461538
59,"[800,1100)","[5,6)",5,5.1,5.05,0,3.17300858013,0,6,0.461538461538
59,"[800,1100)","[5,6)",5.1,5.2,5.15,0,3.2358404332,0,6,0.461538461538
59,"[800,1100)","[5,6)",5.2,5.3,5.25,0,3.29867228627,0,6,0.461538461538
59,"[800,1100)","[5,6)",5.3,5.4,5.35,1,3.36150413934,0.297485874938,7,0.538461538462
59,"[800,1100)","[5,6)",5.4,5.5,5.45,0,3.42433599241,0,7,0.538461538462
59,"[800,1100)","[5,6)",5.5,5.6,5.55,0,3.48716784548,0,7,0.538461538462
59,"[800,1100)","[5,6)",5.6,5.7,5.65,0,3.54999969856,0,7,0.538461538462
59,"[800,1100)","[5,6)",5.7,5.8,5.75,0,3.61283155163,0,7,0.538461538462
59,"[800,1100)","[5,6)",5.8,5.9,5.85,0,3.6756634047,0,7,0.538461538462
59,"[800,1100)","[5,6)",5.9,6,5.95,0,3.73849525777,0,7,0.538461538462
59,"[800,1100)","[5,6)",6,6.1,6.05,0,3.80132711084,0,7,0.538461538462
59,"[800,1100)","[5,6)",6.1,6.2,6.15,0,3.86415896392,0,7,0.538461538462
59,"[800,1100)","[5,6)",6.2,6.3,6.25,1,3.92699081699,0.254647908947,8,0.615384615385
59,"[800,1100)","[5,6)",6.3,6.4,6.35,1,3.98982267006,0.250637705657,9,0.692307692308
59,"[800,1100)","[5,6)",6.4,6.5,6.45,0,4.05265452313,0,9,0.692307692308
59,"[800,1100)","[5,6)",6.5,6.6,6.55,0,4.1154863762,0,9,0.692307692308
59,"[800,1100)","[5,6)",6.6,6.7,6.65,1,4.17831822927,0.239330741492,10,0.769230769231
59,"[800,1100)","[5,6)",6.7,6.8,6.75,0,4.24115008235,0,10,0.769230769231
59,"[800,1100)","[5,6)",6.8,6.9,6.85,1,4.30398193542,0.232342982616,11,0.846153846154
59,"[800,1100)","[5,6)",6.9,7,6.95,0,4.36681378849,0,11,0.846153846154
59,"[800,1100)","[5,6)",7,7.1,7.05,0,4.42964564156,0,11,0.846153846154
59,"[800,1100)","[5,6)",7.1,7.2,7.15,0,4.49247749463,0,11,0.846153846154
59,"[800,1100)","[5,6)",7.2,7.3,7.25,0,4.55530934771,0,11,0.846153846154
59,"[800,1100)","[5,6)",7.3,7.4,7.35,0,4.61814120078,0,11,0.846153846154
59,"[800,1100)","[5,6)",7.4,7.5,7.45,0,4.68097305385,0,11,0.846153846154
59,"[800,1100)","[5,6)",7.5,7.6,7.55,0,4.74380490692,0,11,0.846153846154
59,"[800,1100)","[5,6)",7.6,7.7,7.65,0,4.80663675999,0,11,0.846153846154
59,"[800,1100)","[5,6)",7.7,7.8,7.75,0,4.86946861306,0,11,0.846153846154
59,"[800,1100)","[5,6)",7.8,7.9,7.85,0,4.93230046614,0,11,0.846153846154
59,"[800,1100)","[5,6)",7.9,8,7.95,0,4.99513231921,0,11,0.846153846154
59,"[800,1100)","[5,6)",8,8.1,8.05,0,5.05796417228,0,11,0.846153846154
59,"[800,1100)","[5,6)",8.1,8.2,8.15,0,5.12079602535,0,11,0.846153846154
59,"[800,1100)","[5,6)",8.2,8.3,8.25,0,5.18362787842,0,11,0.846153846154
59,"[800,1100)","[5,6)",8.3,8.4,8.35,0,5.24645973149,0,11,0.846153846154
59,"[800,1100)","[5,6)",8.4,8.5,8.45,0,5.30929158457,0,11,0.846153846154
59,"[800,1100)","[5,6)",8.5,8.6,8.55,0,5.37212343764,0,11,0.846153846154
59,"[800,1100)","[5,6)",8.6,8.7,8.65,0,5.43495529071,0,11,0.846153846154
59,"[800,1100)","[5,6)",8.7,8.8,8.75,0,5.49778714378,0,11,0.846153846154
59,"[800,1100)","[5,6)",8.8,8.9,8.85,0,5.56061899685,0,11,0.846153846154
59,"[800,1100)","[5,6)",8.9,9,8.95,0,5.62345084993,0,11,0.846153846154
59,"[800,1100)","[5,6)",9,9.1,9.05,0,5.686282703,0,11,0.846153846154
59,"[800,1100)","[5,6)",9.1,9.2,9.15,0,5.74911455607,0,11,0.846153846154
59,"[800,1100)","[5,6)",9.2,9.3,9.25,0,5.81194640914,0,11,0.846153846154
59,"[800,1100)","[5,6)",9.3,9.4,9.35,0,5.87477826221,0,11,0.846153846154
59,"[800,1100)","[5,6)",9.4,9.5,9.45,0,5.93761011528,0,11,0.846153846154
59,"[800,1100)","[5,6)",9.5,9.6,9.55,0,6.00044196836,0,11,0.846153846154
59,"[800,1100)","[5,6)",9.6,9.7,9.65,0,6.06327382143,0,11,0.846153846154
59,"[800,1100)","[5,6)",9.7,9.8,9.75,0,6.1261056745,0,11,0.846153846154
59,"[800,1100)","[5,6)",9.8,9.9,9.85,1,6.18893752757,0.161578622428,12,0.923076923077
59,"[800,1100)","[5,6)",9.9,10,9.95,0,6.25176938064,0,12,0.923076923077
59,"[800,1100)","[5,6)",10,10.1,10.05,0,6.31460123372,0,12,0.923076923077
59,"[800,1100)","[5,6)",10.1,10.2,10.15,0,6.37743308679,0,12,0.923076923077
59,"[800,1100)","[5,6)",10.2,10.3,10.25,0,6.44026493986,0,12,0.923076923077
59,"[800,1100)","[5,6)",10.3,10.4,10.35,0,6.50309679293,0,12,0.923076923077
59,"[800,1100)","[5,6)",10.4,10.5,10.45,0,6.565928646,0,12,0.923076923077
59,"[800,1100)","[5,6)",10.5,10.6,10.55,0,6.62876049907,0,12,0.923076923077
59,"[800,1100)","[5,6)",10.6,10.7,10.65,0,6.69159235215,0,12,0.923076923077
59,"[800,1100)","[5,6)",10.7,10.8,10.75,0,6.75442420522,0,12,0.923076923077
59,"[800,1100)","[5,6)",10.8,10.9,10.85,0,6.81725605829,0,12,0.923076923077
59,"[800,1100)","[5,6)",10.9,11,10.95,0,6.88008791136,0,12,0.923076923077
59,"[800,1100)","[5,6)",11,11.1,11.05,0,6.94291976443,0,12,0.923076923077
59,"[800,1100)","[5,6)",11.1,11.2,11.15,0,7.00575161751,0,12,0.923076923077
59,"[800,1100)","[5,6)",11.2,11.3,11.25,0,7.06858347058,0,12,0.923076923077
59,"[800,1100)","[5,6)",11.3,11.4,11.35,1,7.13141532365,0.140224619464,13,1
59,"[800,1100)","[5,6)",11.4,11.5,11.45,0,7.19424717672,0,13,1
59,"[800,1100)","[5,6)",11.5,11.6,11.55,0,7.25707902979,0,13,1
59,"[800,1100)","[5,6)",11.6,11.7,11.65,0,7.31991088286,0,13,1
59,"[800,1100)","[5,6)",11.7,11.8,11.75,0,7.38274273594,0,13,1
59,"[800,1100)","[5,6)",11.8,11.9,11.85,0,7.44557458901,0,13,1
59,"[800,1100)","[5,6)",11.9,12,11.95,0,7.50840644208,0,13,1
60,"[800,1100)",>=6,0,0.1,0.05,0,0.0314159265359,0,0,0
60,"[800,1100)",>=6,0.1,0.2,0.15,0,0.0942477796077,0,0,0
60,"[800,1100)",>=6,0.2,0.3,0.25,0,0.157079632679,0,0,0
60,"[800,1100)",>=6,0.3,0.4,0.35,0,0.219911485751,0,0,0
60,"[800,1100)",>=6,0.4,0.5,0.45,0,0.282743338823,0,0,0
60,"[800,1100)",>=6,0.5,0.6,0.55,0,0.345575191895,0,0,0
60,"[800,1100)",>=6,0.6,0.7,0.65,0,0.408407044967,0,0,0
60,"[800,1100)",>=6,0.7,0.8,0.75,0,0.471238898038,0,0,0
60,"[800,1100)",>=6,0.8,0.9,0.85,0,0.53407075111,0,0,0
60,"[800,1100)",>=6,0.9,1,0.95,0,0.596902604182,0,0,0
60,"[800,1100)",>=6,1,1.1,1.05,0,0.659734457254,0,0,0
60,"[800,1100)",>=6,1.1,1.2,1.15,0,0.722566310326,0,0,0
60,"[800,1100)",>=6,1.2,1.3,1.25,0,0.785398163397,0,0,0
60,"[800,1100)",>=6,1.3,1.4,1.35,0,0.848230016469,0,0,0
60,"[800,1100)",>=6,1.4,1.5,1.45,0,0.911061869541,0,0,0
60,"[800,1100)",>=6,1.5,1.6,1.55,0,0.973893722613,0,0,0
60,"[800,1100)",>=6,1.6,1.7,1.65,0,1.03672557568,0,0,0
60,"[800,1100)",>=6,1.7,1.8,1.75,0,1.09955742876,0,0,0
60,"[800,1100)",>=6,1.8,1.9,1.85,0,1.16238928183,0,0,0
60,"[800,1100)",>=6,1.9,2,1.95,0,1.2252211349,0,0,0
60,"[800,1100)",>=6,2,2.1,2.05,0,1.28805298797,0,0,0
60,"[800,1100)",>=6,2.1,2.2,2.15,0,1.35088484104,0,0,0
60,"[800,1100)",>=6,2.2,2.3,2.25,0,1.41371669412,0,0,0
60,"[800,1100)",>=6,2.3,2.4,2.35,0,1.47654854719,0,0,0
60,"[800,1100)",>=6,2.4,2.5,2.45,0,1.53938040026,0,0,0
60,"[800,1100)",>=6,2.5,2.6,2.55,0,1.60221225333,0,0,0
60,"[800,1100)",>=6,2.6,2.7,2.65,0,1.6650441064,0,0,0
60,"[800,1100)",>=6,2.7,2.8,2.75,0,1.72787595947,0,0,0
60,"[800,1100)",>=6,2.8,2.9,2.85,0,1.79070781255,0,0,0
60,"[800,1100)",>=6,2.9,3,2.95,0,1.85353966562,0,0,0
60,"[800,1100)",>=6,3,3.1,3.05,0,1.91637151869,0,0,0
60,"[800,1100)",>=6,3.1,3.2,3.15,0,1.97920337176,0,0,0
60,"[800,1100)",>=6,3.2,3.3,3.25,0,2.04203522483,0,0,0
60,"[800,1100)",>=6,3.3,3.4,3.35,0,2.10486707791,0,0,0
60,"[800,1100)",>=6,3.4,3.5,3.45,0,2.16769893098,0,0,0
60,"[800,1100)",>=6,3.5,3.6,3.55,0,2.23053078405,0,0,0
60,"[800,1100)",>=6,3.6,3.7,3.65,0,2.29336263712,0,0,0
60,"[800,1100)",>=6,3.7,3.8,3.75,0,2.35619449019,0,0,0
60,"[800,1100)",>=6,3.8,3.9,3.85,0,2.41902634326,0,0,0
60,"[800,1100)",>=6,3.9,4,3.95,0,2.48185819634,0,0,0
60,"[800,1100)",>=6,4,4.1,4.05,0,2.54469004941,0,0,0
60,"[800,1100)",>=6,4.1,4.2,4.15,0,2.60752190248,0,0,0
60,"[800,1100)",>=6,4.2,4.3,4.25,0,2.67035375555,0,0,0
60,"[800,1100)",>=6,4.3,4.4,4.35,0,2.73318560862,0,0,0
60,"[800,1100)",>=6,4.4,4.5,4.45,0,2.79601746169,0,0,0
60,"[800,1100)",>=6,4.5,4.6,4.55,0,2.85884931477,0,0,0
60,"[800,1100)",>=6,4.6,4.7,4.65,0,2.92168116784,0,0,0
60,"[800,1100)",>=6,4.7,4.8,4.75,0,2.98451302091,0,0,0
60,"[800,1100)",>=6,4.8,4.9,4.85,0,3.04734487398,0,0,0
60,"[800,1100)",>=6,4.9,5,4.95,0,3.11017672705,0,0,0
60,"[800,1100)",>=6,5,5.1,5.05,0,3.17300858013,0,0,0
60,"[800,1100)",>=6,5.1,5.2,5.15,0,3.2358404332,0,0,0
60,"[800,1100)",>=6,5.2,5.3,5.25,0,3.29867228627,0,0,0
60,"[800,1100)",>=6,5.3,5.4,5.35,0,3.36150413934,0,0,0
60,"[800,1100)",>=6,5.4,5.5,5.45,0,3.42433599241,0,0,0
60,"[800,1100)",>=6,5.5,5.6,5.55,0,3.48716784548,0,0,0
60,"[800,1100)",>=6,5.6,5.7,5.65,0,3.54999969856,0,0,0
60,"[800,1100)",>=6,5.7,5.8,5.75,0,3.61283155163,0,0,0
60,"[800,1100)",>=6,5.8,5.9,5.85,0,3.6756634047,0,0,0
60,"[800,1100)",>=6,5.9,6,5.95,0,3.73849525777,0,0,0
60,"[800,1100)",>=6,6,6.1,6.05,0,3.80132711084,0,0,0
60,"[800,1100)",>=6,6.1,6.2,6.15,0,3.86415896392,0,0,0
60,"[800,1100)",>=6,6.2,6.3,6.25,0,3.92699081699,0,0,0
60,"[800,1100)",>=6,6.3,6.4,6.35,0,3.98982267006,0,0,0
60,"[800,1100)",>=6,6.4,6.5,6.45,0,4.05265452313,0,0,0
60,"[800,1100)",>=6,6.5,6.6,6.55,0,4.1154863762,0,0,0
60,"[800,1100)",>=6,6.6,6.7,6.65,0,4.17831822927,0,0,0
60,"[800,1100)",>=6,6.7,6.8,6.75,0,4.24115008235,0,0,0
60,"[800,1100)",>=6,6.8,6.9,6.85,0,4.30398193542,0,0,0
60,"[800,1100)",>=6,6.9,7,6.95,0,4.36681378849,0,0,0
60,"[800,1100)",>=6,7,7.1,7.05,0,4.42964564156,0,0,0
60,"[800,1100)",>=6,7.1,7.2,7.15,0,4.49247749463,0,0,0
60,"[800,1100)",>=6,7.2,7.3,7.25,0,4.55530934771,0,0,0
60,"[800,1100)",>=6,7.3,7.4,7.35,0,4.61814120078,0,0,0
60,"[800,1100)",>=6,7.4,7.5,7.45,0,4.68097305385,0,0,0
60,"[800,1100)",>=6,7.5,7.6,7.55,0,4.74380490692,0,0,0
60,"[800,1100)",>=6,7.6,7.7,7.65,0,4.80663675999,0,0,0
60,"[800,1100)",>=6,7.7,7.8,7.75,0,4.86946861306,0,0,0
60,"[800,1100)",>=6,7.8,7.9,7.85,0,4.93230046614,0,0,0
60,"[800,1100)",>=6,7.9,8,7.95,0,4.99513231921,0,0,0
60,"[800,1100)",>=6,8,8.1,8.05,0,5.05796417228,0,0,0
60,"[800,1100)",>=6,8.1,8.2,8.15,0,5.12079602535,0,0,0
60,"[800,1100)",>=6,8.2,8.3,8.25,0,5.18362787842,0,0,0
60,"[800,1100)",>=6,8.3,8.4,8.35,0,5.24645973149,0,0,0
60,"[800,1100)",>=6,8.4,8.5,8.45,0,5.30929158457,0,0,0
60,"[800,1100)",>=6,8.5,8.6,8.55,0,5.37212343764,0,0,0
60,"[800,1100)",>=6,8.6,8.7,8.65,0,5.43495529071,0,0,0
60,"[800,1100)",>=6,8.7,8.8,8.75,0,5.49778714378,0,0,0
60,"[800,1100)",>=6,8.8,8.9,8.85,0,5.56061899685,0,0,0
60,"[800,1100)",>=6,8.9,9,8.95,0,5.62345084993,0,0,0
60,"[800,1100)",>=6,9,9.1,9.05,0,5.686282703,0,0,0
60,"[800,1100)",>=6,9.1,9.2,9.15,0,5.74911455607,0,0,0
60,"[800,1100)",>=6,9.2,9.3,9.25,0,5.81194640914,0,0,0
60,"[800,1100)",>=6,9.3,9.4,9.35,0,5.87477826221,0,0,0
60,"[800,1100)",>=6,9.4,9.5,9.45,0,5.93761011528,0,0,0
60,"[800,1100)",>=6,9.5,9.6,9.55,0,6.00044196836,0,0,0
60,"[800,1100)",>=6,9.6,9.7,9.65,0,6.06327382143,0,0,0
60,"[800,1100)",>=6,9.7,9.8,9.75,0,6.1261056745,0,0,0
60,"[800,1100)",>=6,9.8,9.9,9.85,0,6.18893752757,0,0,0
60,"[800,1100)",>=6,9.9,10,9.95,0,6.25176938064,0,0,0
60,"[800,1100)",>=6,10,10.1,10.05,0,6.31460123372,0,0,0
60,"[800,1100)",>=6,10.1,10.2,10.15,0,6.37743308679,0,0,0
60,"[800,1100)",>=6,10.2,10.3,10.25,0,6.44026493986,0,0,0
60,"[800,1100)",>=6,10.3,10.4,10.35,0,6.50309679293,0,0,0
60,"[800,1100)",>=6,10.4,10.5,10.45,0,6.565928646,0,0,0
60,"[800,1100)",>=6,10.5,10.6,10.55,0,6.62876049907,0,0,0
60,"[800,1100)",>=6,10.6,10.7,10.65,0,6.69159235215,0,0,0
60,"[800,1100)",>=6,10.7,10.8,10.75,0,6.75442420522,0,0,0
60,"[800,1100)",>=6,10.8,10.9,10.85,0,6.81725605829,0,0,0
60,"[800,1100)",>=6,10.9,11,10.95,0,6.88008791136,0,0,0
60,"[800,1100)",>=6,11,11.1,11.05,0,6.94291976443,0,0,0
60,"[800,1100)",>=6,11.1,11.2,11.15,0,7.00575161751,0,0,0
60,"[800,1100)",>=6,11.2,11.3,11.25,0,7.06858347058,0,0,0
60,"[800,1100)",>=6,11.3,11.4,11.35,0,7.13141532365,0,0,0
60,"[800,1100)",>=6,11.4,11.5,11.45,0,7.19424717672,0,0,0
60,"[800,1100)",>=6,11.5,11.6,11.55,0,7.25707902979,0,0,0
60,"[800,1100)",>=6,11.6,11.7,11.65,0,7.31991088286,0,0,0
60,"[800,1100)",>=6,11.7,11.8,11.75,0,7.38274273594,0,0,0
60,"[800,1100)",>=6,11.8,11.9,11.85,0,7.44557458901,0,0,0
60,"[800,1100)",>=6,11.9,12,11.95,0,7.50840644208,0,0,0
61,"[1100,2000)","[2,2.5)",0,0.1,0.05,0,0.0314159265359,0,0,0
61,"[1100,2000)","[2,2.5)",0.1,0.2,0.15,0,0.0942477796077,0,0,0
61,"[1100,2000)","[2,2.5)",0.2,0.3,0.25,0,0.157079632679,0,0,0
61,"[1100,2000)","[2,2.5)",0.3,0.4,0.35,0,0.219911485751,0,0,0
61,"[1100,2000)","[2,2.5)",0.4,0.5,0.45,0,0.282743338823,0,0,0
61,"[1100,2000)","[2,2.5)",0.5,0.6,0.55,0,0.345575191895,0,0,0
61,"[1100,2000)","[2,2.5)",0.6,0.7,0.65,0,0.408407044967,0,0,0
61,"[1100,2000)","[2,2.5)",0.7,0.8,0.75,0,0.471238898038,0,0,0
61,"[1100,2000)","[2,2.5)",0.8,0.9,0.85,0,0.53407075111,0,0,0
61,"[1100,2000)","[2,2.5)",0.9,1,0.95,0,0.596902604182,0,0,0
61,"[1100,2000)","[2,2.5)",1,1.1,1.05,0,0.659734457254,0,0,0
61,"[1100,2000)","[2,2.5)",1.1,1.2,1.15,0,0.722566310326,0,0,0
61,"[1100,2000)","[2,2.5)",1.2,1.3,1.25,0,0.785398163397,0,0,0
61,"[1100,2000)","[2,2.5)",1.3,1.4,1.35,0,0.848230016469,0,0,0
61,"[1100,2000)","[2,2.5)",1.4,1.5,1.45,0,0.911061869541,0,0,0
61,"[1100,2000)","[2,2.5)",1.5,1.6,1.55,0,0.973893722613,0,0,0
61,"[1100,2000)","[2,2.5)",1.6,1.7,1.65,0,1.03672557568,0,0,0
61,"[1100,2000)","[2,2.5)",1.7,1.8,1.75,0,1.09955742876,0,0,0
61,"[1100,2000)","[2,2.5)",1.8,1.9,1.85,0,1.16238928183,0,0,0
61,"[1100,2000)","[2,2.5)",1.9,2,1.95,0,1.2252211349,0,0,0
61,"[1100,2000)","[2,2.5)",2,2.1,2.05,0,1.28805298797,0,0,0
61,"[1100,2000)","[2,2.5)",2.1,2.2,2.15,0,1.35088484104,0,0,0
61,"[1100,2000)","[2,2.5)",2.2,2.3,2.25,0,1.41371669412,0,0,0
61,"[1100,2000)","[2,2.5)",2.3,2.4,2.35,0,1.47654854719,0,0,0
61,"[1100,2000)","[2,2.5)",2.4,2.5,2.45,0,1.53938040026,0,0,0
61,"[1100,2000)","[2,2.5)",2.5,2.6,2.55,0,1.60221225333,0,0,0
61,"[1100,2000)","[2,2.5)",2.6,2.7,2.65,0,1.6650441064,0,0,0
61,"[1100,2000)","[2,2.5)",2.7,2.8,2.75,0,1.72787595947,0,0,0
61,"[1100,2000)","[2,2.5)",2.8,2.9,2.85,0,1.79070781255,0,0,0
61,"[1100,2000)","[2,2.5)",2.9,3,2.95,0,1.85353966562,0,0,0
61,"[1100,2000)","[2,2.5)",3,3.1,3.05,0,1.91637151869,0,0,0
61,"[1100,2000)","[2,2.5)",3.1,3.2,3.15,0,1.97920337176,0,0,0
61,"[1100,2000)","[2,2.5)",3.2,3.3,3.25,0,2.04203522483,0,0,0
61,"[1100,2000)","[2,2.5)",3.3,3.4,3.35,0,2.10486707791,0,0,0
61,"[1100,2000)","[2,2.5)",3.4,3.5,3.45,0,2.16769893098,0,0,0
61,"[1100,2000)","[2,2.5)",3.5,3.6,3.55,0,2.23053078405,0,0,0
61,"[1100,2000)","[2,2.5)",3.6,3.7,3.65,0,2.29336263712,0,0,0
61,"[1100,2000)","[2,2.5)",3.7,3.8,3.75,0,2.35619449019,0,0,0
61,"[1100,2000)","[2,2.5)",3.8,3.9,3.85,0,2.41902634326,0,0,0
61,"[1100,2000)","[2,2.5)",3.9,4,3.95,0,2.48185819634,0,0,0
61,"[1100,2000)","[2,2.5)",4,4.1,4.05,0,2.54469004941,0,0,0
61,"[1100,2000)","[2,2.5)",4.1,4.2,4.15,0,2.60752190248,0,0,0
61,"[1100,2000)","[2,2.5)",4.2,4.3,4.25,0,2.67035375555,0,0,0
61,"[1100,2000)","[2,2.5)",4.3,4.4,4.35,0,2.73318560862,0,0,0
61,"[1100,2000)","[2,2.5)",4.4,4.5,4.45,0,2.79601746169,0,0,0
61,"[1100,2000)","[2,2.5)",4.5,4.6,4.55,0,2.85884931477,0,0,0
61,"[1100,2000)","[2,2.5)",4.6,4.7,4.65,0,2.92168116784,0,0,0
61,"[1100,2000)","[2,2.5)",4.7,4.8,4.75,0,2.98451302091,0,0,0
61,"[1100,2000)","[2,2.5)",4.8,4.9,4.85,0,3.04734487398,0,0,0
61,"[1100,2000)","[2,2.5)",4.9,5,4.95,0,3.11017672705,0,0,0
61,"[1100,2000)","[2,2.5)",5,5.1,5.05,0,3.17300858013,0,0,0
61,"[1100,2000)","[2,2.5)",5.1,5.2,5.15,0,3.2358404332,0,0,0
61,"[1100,2000)","[2,2.5)",5.2,5.3,5.25,0,3.29867228627,0,0,0
61,"[1100,2000)","[2,2.5)",5.3,5.4,5.35,0,3.36150413934,0,0,0
61,"[1100,2000)","[2,2.5)",5.4,5.5,5.45,0,3.42433599241,0,0,0
61,"[1100,2000)","[2,2.5)",5.5,5.6,5.55,0,3.48716784548,0,0,0
61,"[1100,2000)","[2,2.5)",5.6,5.7,5.65,0,3.54999969856,0,0,0
61,"[1100,2000)","[2,2.5)",5.7,5.8,5.75,0,3.61283155163,0,0,0
61,"[1100,2000)","[2,2.5)",5.8,5.9,5.85,0,3.6756634047,0,0,0
61,"[1100,2000)","[2,2.5)",5.9,6,5.95,0,3.73849525777,0,0,0
61,"[1100,2000)","[2,2.5)",6,6.1,6.05,0,3.80132711084,0,0,0
61,"[1100,2000)","[2,2.5)",6.1,6.2,6.15,0,3.86415896392,0,0,0
61,"[1100,2000)","[2,2.5)",6.2,6.3,6.25,0,3.92699081699,0,0,0
61,"[1100,2000)","[2,2.5)",6.3,6.4,6.35,0,3.98982267006,0,0,0
61,"[1100,2000)","[2,2.5)",6.4,6.5,6.45,0,4.05265452313,0,0,0
61,"[1100,2000)","[2,2.5)",6.5,6.6,6.55,0,4.1154863762,0,0,0
61,"[1100,2000)","[2,2.5)",6.6,6.7,6.65,0,4.17831822927,0,0,0
61,"[1100,2000)","[2,2.5)",6.7,6.8,6.75,0,4.24115008235,0,0,0
61,"[1100,2000)","[2,2.5)",6.8,6.9,6.85,0,4.30398193542,0,0,0
61,"[1100,2000)","[2,2.5)",6.9,7,6.95,0,4.36681378849,0,0,0
61,"[1100,2000)","[2,2.5)",7,7.1,7.05,0,4.42964564156,0,0,0
61,"[1100,2000)","[2,2.5)",7.1,7.2,7.15,0,4.49247749463,0,0,0
61,"[1100,2000)","[2,2.5)",7.2,7.3,7.25,0,4.55530934771,0,0,0
61,"[1100,2000)","[2,2.5)",7.3,7.4,7.35,0,4.61814120078,0,0,0
61,"[1100,2000)","[2,2.5)",7.4,7.5,7.45,0,4.68097305385,0,0,0
61,"[1100,2000)","[2,2.5)",7.5,7.6,7.55,0,4.74380490692,0,0,0
61,"[1100,2000)","[2,2.5)",7.6,7.7,7.65,0,4.80663675999,0,0,0
61,"[1100,2000)","[2,2.5)",7.7,7.8,7.75,0,4.86946861306,0,0,0
61,"[1100,2000)","[2,2.5)",7.8,7.9,7.85,0,4.93230046614,0,0,0
61,"[1100,2000)","[2,2.5)",7.9,8,7.95,0,4.99513231921,0,0,0
61,"[1100,2000)","[2,2.5)",8,8.1,8.05,0,5.05796417228,0,0,0
61,"[1100,2000)","[2,2.5)",8.1,8.2,8.15,0,5.12079602535,0,0,0
61,"[1100,2000)","[2,2.5)",8.2,8.3,8.25,0,5.18362787842,0,0,0
61,"[1100,2000)","[2,2.5)",8.3,8.4,8.35,0,5.24645973149,0,0,0
61,"[1100,2000)","[2,2.5)",8.4,8.5,8.45,0,5.30929158457,0,0,0
61,"[1100,2000)","[2,2.5)",8.5,8.6,8.55,0,5.37212343764,0,0,0
61,"[1100,2000)","[2,2.5)",8.6,8.7,8.65,0,5.43495529071,0,0,0
61,"[1100,2000)","[2,2.5)",8.7,8.8,8.75,0,5.49778714378,0,0,0
61,"[1100,2000)","[2,2.5)",8.8,8.9,8.85,0,5.56061899685,0,0,0
61,"[1100,2000)","[2,2.5)",8.9,9,8.95,0,5.62345084993,0,0,0
61,"[1100,2000)","[2,2.5)",9,9.1,9.05,0,5.686282703,0,0,0
61,"[1100,2000)","[2,2.5)",9.1,9.2,9.15,0,5.74911455607,0,0,0
61,"[1100,2000)","[2,2.5)",9.2,9.3,9.25,0,5.81194640914,0,0,0
61,"[1100,2000)","[2,2.5)",9.3,9.4,9.35,0,5.87477826221,0,0,0
61,"[1100,2000)","[2,2.5)",9.4,9.5,9.45,0,5.93761011528,0,0,0
61,"[1100,2000)","[2,2.5)",9.5,9.6,9.55,0,6.00044196836,0,0,0
61,"[1100,2000)","[2,2.5)",9.6,9.7,9.65,0,6.06327382143,0,0,0
61,"[1100,2000)","[2,2.5)",9.7,9.8,9.75,0,6.1261056745,0,0,0
61,"[1100,2000)","[2,2.5)",9.8,9.9,9.85,0,6.18893752757,0,0,0
61,"[1100,2000)","[2,2.5)",9.9,10,9.95,0,6.25176938064,0,0,0
61,"[1100,2000)","[2,2.5)",10,10.1,10.05,0,6.31460123372,0,0,0
61,"[1100,2000)","[2,2.5)",10.1,10.2,10.15,0,6.37743308679,0,0,0
61,"[1100,2000)","[2,2.5)",10.2,10.3,10.25,0,6.44026493986,0,0,0
61,"[1100,2000)","[2,2.5)",10.3,10.4,10.35,0,6.50309679293,0,0,0
61,"[1100,2000)","[2,2.5)",10.4,10.5,10.45,0,6.565928646,0,0,0
61,"[1100,2000)","[2,2.5)",10.5,10.6,10.55,0,6.62876049907,0,0,0
61,"[1100,2000)","[2,2.5)",10.6,10.7,10.65,0,6.69159235215,0,0,0
61,"[1100,2000)","[2,2.5)",10.7,10.8,10.75,0,6.75442420522,0,0,0
61,"[1100,2000)","[2,2.5)",10.8,10.9,10.85,0,6.81725605829,0,0,0
61,"[1100,2000)","[2,2.5)",10.9,11,10.95,0,6.88008791136,0,0,0
61,"[1100,2000)","[2,2.5)",11,11.1,11.05,0,6.94291976443,0,0,0
61,"[1100,2000)","[2,2.5)",11.1,11.2,11.15,0,7.00575161751,0,0,0
61,"[1100,2000)","[2,2.5)",11.2,11.3,11.25,0,7.06858347058,0,0,0
61,"[1100,2000)","[2,2.5)",11.3,11.4,11.35,0,7.13141532365,0,0,0
61,"[1100,2000)","[2,2.5)",11.4,11.5,11.45,0,7.19424717672,0,0,0
61,"[1100,2000)","[2,2.5)",11.5,11.6,11.55,0,7.25707902979,0,0,0
61,"[1100,2000)","[2,2.5)",11.6,11.7,11.65,0,7.31991088286,0,0,0
61,"[1100,2000)","[2,2.5)",11.7,11.8,11.75,0,7.38274273594,0,0,0
61,"[1100,2000)","[2,2.5)",11.8,11.9,11.85,0,7.44557458901,0,0,0
61,"[1100,2000)","[2,2.5)",11.9,12,11.95,0,7.50840644208,0,0,0
62,"[1100,2000)","[2.5,3)",0,0.1,0.05,0,0.0314159265359,0,0,0
62,"[1100,2000)","[2.5,3)",0.1,0.2,0.15,0,0.0942477796077,0,0,0
62,"[1100,2000)","[2.5,3)",0.2,0.3,0.25,0,0.157079632679,0,0,0
62,"[1100,2000)","[2.5,3)",0.3,0.4,0.35,0,0.219911485751,0,0,0
62,"[1100,2000)","[2.5,3)",0.4,0.5,0.45,0,0.282743338823,0,0,0
62,"[1100,2000)","[2.5,3)",0.5,0.6,0.55,0,0.345575191895,0,0,0
62,"[1100,2000)","[2.5,3)",0.6,0.7,0.65,0,0.408407044967,0,0,0
62,"[1100,2000)","[2.5,3)",0.7,0.8,0.75,0,0.471238898038,0,0,0
62,"[1100,2000)","[2.5,3)",0.8,0.9,0.85,0,0.53407075111,0,0,0
62,"[1100,2000)","[2.5,3)",0.9,1,0.95,0,0.596902604182,0,0,0
62,"[1100,2000)","[2.5,3)",1,1.1,1.05,0,0.659734457254,0,0,0
62,"[1100,2000)","[2.5,3)",1.1,1.2,1.15,0,0.722566310326,0,0,0
62,"[1100,2000)","[2.5,3)",1.2,1.3,1.25,0,0.785398163397,0,0,0
62,"[1100,2000)","[2.5,3)",1.3,1.4,1.35,0,0.848230016469,0,0,0
62,"[1100,2000)","[2.5,3)",1.4,1.5,1.45,0,0.911061869541,0,0,0
62,"[1100,2000)","[2.5,3)",1.5,1.6,1.55,0,0.973893722613,0,0,0
62,"[1100,2000)","[2.5,3)",1.6,1.7,1.65,0,1.03672557568,0,0,0
62,"[1100,2000)","[2.5,3)",1.7,1.8,1.75,0,1.09955742876,0,0,0
62,"[1100,2000)","[2.5,3)",1.8,1.9,1.85,0,1.16238928183,0,0,0
62,"[1100,2000)","[2.5,3)",1.9,2,1.95,0,1.2252211349,0,0,0
62,"[1100,2000)","[2.5,3)",2,2.1,2.05,0,1.28805298797,0,0,0
62,"[1100,2000)","[2.5,3)",2.1,2.2,2.15,0,1.35088484104,0,0,0
62,"[1100,2000)","[2.5,3)",2.2,2.3,2.25,0,1.41371669412,0,0,0
62,"[1100,2000)","[2.5,3)",2.3,2.4,2.35,0,1.47654854719,0,0,0
62,"[1100,2000)","[2.5,3)",2.4,2.5,2.45,0,1.53938040026,0,0,0
62,"[1100,2000)","[2.5,3)",2.5,2.6,2.55,0,1.60221225333,0,0,0
62,"[1100,2000)","[2.5,3)",2.6,2.7,2.65,0,1.6650441064,0,0,0
62,"[1100,2000)","[2.5,3)",2.7,2.8,2.75,0,1.72787595947,0,0,0
62,"[1100,2000)","[2.5,3)",2.8,2.9,2.85,0,1.79070781255,0,0,0
62,"[1100,2000)","[2.5,3)",2.9,3,2.95,0,1.85353966562,0,0,0
62,"[1100,2000)","[2.5,3)",3,3.1,3.05,0,1.91637151869,0,0,0
62,"[1100,2000)","[2.5,3)",3.1,3.2,3.15,0,1.97920337176,0,0,0
62,"[1100,2000)","[2.5,3)",3.2,3.3,3.25,0,2.04203522483,0,0,0
62,"[1100,2000)","[2.5,3)",3.3,3.4,3.35,0,2.10486707791,0,0,0
62,"[1100,2000)","[2.5,3)",3.4,3.5,3.45,0,2.16769893098,0,0,0
62,"[1100,2000)","[2.5,3)",3.5,3.6,3.55,0,2.23053078405,0,0,0
62,"[1100,2000)","[2.5,3)",3.6,3.7,3.65,0,2.29336263712,0,0,0
62,"[1100,2000)","[2.5,3)",3.7,3.8,3.75,0,2.35619449019,0,0,0
62,"[1100,2000)","[2.5,3)",3.8,3.9,3.85,0,2.41902634326,0,0,0
62,"[1100,2000)","[2.5,3)",3.9,4,3.95,0,2.48185819634,0,0,0
62,"[1100,2000)","[2.5,3)",4,4.1,4.05,0,2.54469004941,0,0,0
62,"[1100,2000)","[2.5,3)",4.1,4.2,4.15,0,2.60752190248,0,0,0
62,"[1100,2000)","[2.5,3)",4.2,4.3,4.25,0,2.67035375555,0,0,0
62,"[1100,2000)","[2.5,3)",4.3,4.4,4.35,0,2.73318560862,0,0,0
62,"[1100,2000)","[2.5,3)",4.4,4.5,4.45,0,2.79601746169,0,0,0
62,"[1100,2000)","[2.5,3)",4.5,4.6,4.55,0,2.85884931477,0,0,0
62,"[1100,2000)","[2.5,3)",4.6,4.7,4.65,0,2.92168116784,0,0,0
62,"[1100,2000)","[2.5,3)",4.7,4.8,4.75,0,2.98451302091,0,0,0
62,"[1100,2000)","[2.5,3)",4.8,4.9,4.85,0,3.04734487398,0,0,0
62,"[1100,2000)","[2.5,3)",4.9,5,4.95,0,3.11017672705,0,0,0
62,"[1100,2000)","[2.5,3)",5,5.1,5.05,0,3.17300858013,0,0,0
62,"[1100,2000)","[2.5,3)",5.1,5.2,5.15,0,3.2358404332,0,0,0
62,"[1100,2000)","[2.5,3)",5.2,5.3,5.25,0,3.29867228627,0,0,0
62,"[1100,2000)","[2.5,3)",5.3,5.4,5.35,0,3.36150413934,0,0,0
62,"[1100,2000)","[2.5,3)",5.4,5.5,5.45,0,3.42433599241,0,0,0
62,"[1100,2000)","[2.5,3)",5.5,5.6,5.55,0,3.48716784548,0,0,0
62,"[1100,2000)","[2.5,3)",5.6,5.7,5.65,0,3.54999969856,0,0,0
62,"[1100,2000)","[2.5,3)",5.7,5.8,5.75,0,3.61283155163,0,0,0
62,"[1100,2000)","[2.5,3)",5.8,5.9,5.85,0,3.6756634047,0,0,0
62,"[1100,2000)","[2.5,3)",5.9,6,5.95,0,3.73849525777,0,0,0
62,"[1100,2000)","[2.5,3)",6,6.1,6.05,0,3.80132711084,0,0,0
62,"[1100,2000)","[2.5,3)",6.1,6.2,6.15,0,3.86415896392,0,0,0
62,"[1100,2000)","[2.5,3)",6.2,6.3,6.25,0,3.92699081699,0,0,0
62,"[1100,2000)","[2.5,3)",6.3,6.4,6.35,0,3.98982267006,0,0,0
62,"[1100,2000)","[2.5,3)",6.4,6.5,6.45,0,4.05265452313,0,0,0
62,"[1100,2000)","[2.5,3)",6.5,6.6,6.55,0,4.1154863762,0,0,0
62,"[1100,2000)","[2.5,3)",6.6,6.7,6.65,0,4.17831822927,0,0,0
62,"[1100,2000)","[2.5,3)",6.7,6.8,6.75,0,4.24115008235,0,0,0
62,"[1100,2000)","[2.5,3)",6.8,6.9,6.85,0,4.30398193542,0,0,0
62,"[1100,2000)","[2.5,3)",6.9,7,6.95,0,4.36681378849,0,0,0
62,"[1100,2000)","[2.5,3)",7,7.1,7.05,0,4.42964564156,0,0,0
62,"[1100,2000)","[2.5,3)",7.1,7.2,7.15,0,4.49247749463,0,0,0
62,"[1100,2000)","[2.5,3)",7.2,7.3,7.25,0,4.55530934771,0,0,0
62,"[1100,2000)","[2.5,3)",7.3,7.4,7.35,0,4.61814120078,0,0,0
62,"[1100,2000)","[2.5,3)",7.4,7.5,7.45,0,4.68097305385,0,0,0
62,"[1100,2000)","[2.5,3)",7.5,7.6,7.55,0,4.74380490692,0,0,0
62,"[1100,2000)","[2.5,3)",7.6,7.7,7.65,0,4.80663675999,0,0,0
62,"[1100,2000)","[2.5,3)",7.7,7.8,7.75,0,4.86946861306,0,0,0
62,"[1100,2000)","[2.5,3)",7.8,7.9,7.85,0,4.93230046614,0,0,0
62,"[1100,2000)","[2.5,3)",7.9,8,7.95,0,4.99513231921,0,0,0
62,"[1100,2000)","[2.5,3)",8,8.1,8.05,0,5.05796417228,0,0,0
62,"[1100,2000)","[2.5,3)",8.1,8.2,8.15,0,5.12079602535,0,0,0
62,"[1100,2000)","[2.5,3)",8.2,8.3,8.25,0,5.18362787842,0,0,0
62,"[1100,2000)","[2.5,3)",8.3,8.4,8.35,0,5.24645973149,0,0,0
62,"[1100,2000)","[2.5,3)",8.4,8.5,8.45,0,5.30929158457,0,0,0
62,"[1100,2000)","[2.5,3)",8.5,8.6,8.55,0,5.37212343764,0,0,0
62,"[1100,2000)","[2.5,3)",8.6,8.7,8.65,0,5.43495529071,0,0,0
62,"[1100,2000)","[2.5,3)",8.7,8.8,8.75,0,5.49778714378,0,0,0
62,"[1100,2000)","[2.5,3)",8.8,8.9,8.85,0,5.56061899685,0,0,0
62,"[1100,2000)","[2.5,3)",8.9,9,8.95,0,5.62345084993,0,0,0
62,"[1100,2000)","[2.5,3)",9,9.1,9.05,0,5.686282703,0,0,0
62,"[1100,2000)","[2.5,3)",9.1,9.2,9.15,0,5.74911455607,0,0,0
62,"[1100,2000)","[2.5,3)",9.2,9.3,9.25,0,5.81194640914,0,0,0
62,"[1100,2000)","[2.5,3)",9.3,9.4,9.35,0,5.87477826221,0,0,0
62,"[1100,2000)","[2.5,3)",9.4,9.5,9.45,0,5.93761011528,0,0,0
62,"[1100,2000)","[2.5,3)",9.5,9.6,9.55,0,6.00044196836,0,0,0
62,"[1100,2000)","[2.5,3)",9.6,9.7,9.65,0,6.06327382143,0,0,0
62,"[1100,2000)","[2.5,3)",9.7,9.8,9.75,0,6.1261056745,0,0,0
62,"[1100,2000)","[2.5,3)",9.8,9.9,9.85,0,6.18893752757,0,0,0
62,"[1100,2000)","[2.5,3)",9.9,10,9.95,0,6.25176938064,0,0,0
62,"[1100,2000)","[2.5,3)",10,10.1,10.05,0,6.31460123372,0,0,0
62,"[1100,2000)","[2.5,3)",10.1,10.2,10.15,0,6.37743308679,0,0,0
62,"[1100,2000)","[2.5,3)",10.2,10.3,10.25,0,6.44026493986,0,0,0
62,"[1100,2000)","[2.5,3)",10.3,10.4,10.35,0,6.50309679293,0,0,0
62,"[1100,2000)","[2.5,3)",10.4,10.5,10.45,0,6.565928646,0,0,0
62,"[1100,2000)","[2.5,3)",10.5,10.6,10.55,0,6.62876049907,0,0,0
62,"[1100,2000)","[2.5,3)",10.6,10.7,10.65,0,6.69159235215,0,0,0
62,"[1100,2000)","[2.5,3)",10.7,10.8,10.75,0,6.75442420522,0,0,0
62,"[1100,2000)","[2.5,3)",10.8,10.9,10.85,0,6.81725605829,0,0,0
62,"[1100,2000)","[2.5,3)",10.9,11,10.95,0,6.88008791136,0,0,0
62,"[1100,2000)","[2.5,3)",11,11.1,11.05,0,6.94291976443,0,0,0
62,"[1100,2000)","[2.5,3)",11.1,11.2,11.15,0,7.00575161751,0,0,0
62,"[1100,2000)","[2.5,3)",11.2,11.3,11.25,0,7.06858347058,0,0,0
62,"[1100,2000)","[2.5,3)",11.3,11.4,11.35,0,7.13141532365,0,0,0
62,"[1100,2000)","[2.5,3)",11.4,11.5,11.45,0,7.19424717672,0,0,0
62,"[1100,2000)","[2.5,3)",11.5,11.6,11.55,0,7.25707902979,0,0,0
62,"[1100,2000)","[2.5,3)",11.6,11.7,11.65,0,7.31991088286,0,0,0
62,"[1100,2000)","[2.5,3)",11.7,11.8,11.75,0,7.38274273594,0,0,0
62,"[1100,2000)","[2.5,3)",11.8,11.9,11.85,0,7.44557458901,0,0,0
62,"[1100,2000)","[2.5,3)",11.9,12,11.95,0,7.50840644208,0,0,0
63,"[1100,2000)","[3,3.25)",0,0.1,0.05,0,0.0314159265359,0,0,0
63,"[1100,2000)","[3,3.25)",0.1,0.2,0.15,0,0.0942477796077,0,0,0
63,"[1100,2000)","[3,3.25)",0.2,0.3,0.25,0,0.157079632679,0,0,0
63,"[1100,2000)","[3,3.25)",0.3,0.4,0.35,0,0.219911485751,0,0,0
63,"[1100,2000)","[3,3.25)",0.4,0.5,0.45,0,0.282743338823,0,0,0
63,"[1100,2000)","[3,3.25)",0.5,0.6,0.55,0,0.345575191895,0,0,0
63,"[1100,2000)","[3,3.25)",0.6,0.7,0.65,0,0.408407044967,0,0,0
63,"[1100,2000)","[3,3.25)",0.7,0.8,0.75,0,0.471238898038,0,0,0
63,"[1100,2000)","[3,3.25)",0.8,0.9,0.85,0,0.53407075111,0,0,0
63,"[1100,2000)","[3,3.25)",0.9,1,0.95,0,0.596902604182,0,0,0
63,"[1100,2000)","[3,3.25)",1,1.1,1.05,0,0.659734457254,0,0,0
63,"[1100,2000)","[3,3.25)",1.1,1.2,1.15,0,0.722566310326,0,0,0
63,"[1100,2000)","[3,3.25)",1.2,1.3,1.25,0,0.785398163397,0,0,0
63,"[1100,2000)","[3,3.25)",1.3,1.4,1.35,0,0.848230016469,0,0,0
63,"[1100,2000)","[3,3.25)",1.4,1.5,1.45,0,0.911061869541,0,0,0
63,"[1100,2000)","[3,3.25)",1.5,1.6,1.55,1,0.973893722613,1.02680608446,1,0.166666666667
63,"[1100,2000)","[3,3.25)",1.6,1.7,1.65,0,1.03672557568,0,1,0.166666666667
63,"[1100,2000)","[3,3.25)",1.7,1.8,1.75,0,1.09955742876,0,1,0.166666666667
63,"[1100,2000)","[3,3.25)",1.8,1.9,1.85,0,1.16238928183,0,1,0.166666666667
63,"[1100,2000)","[3,3.25)",1.9,2,1.95,0,1.2252211349,0,1,0.166666666667
63,"[1100,2000)","[3,3.25)",2,2.1,2.05,0,1.28805298797,0,1,0.166666666667
63,"[1100,2000)","[3,3.25)",2.1,2.2,2.15,0,1.35088484104,0,1,0.166666666667
63,"[1100,2000)","[3,3.25)",2.2,2.3,2.25,0,1.41371669412,0,1,0.166666666667
63,"[1100,2000)","[3,3.25)",2.3,2.4,2.35,0,1.47654854719,0,1,0.166666666667
63,"[1100,2000)","[3,3.25)",2.4,2.5,2.45,0,1.53938040026,0,1,0.166666666667
63,"[1100,2000)","[3,3.25)",2.5,2.6,2.55,0,1.60221225333,0,1,0.166666666667
63,"[1100,2000)","[3,3.25)",2.6,2.7,2.65,0,1.6650441064,0,1,0.166666666667
63,"[1100,2000)","[3,3.25)",2.7,2.8,2.75,0,1.72787595947,0,1,0.166666666667
63,"[1100,2000)","[3,3.25)",2.8,2.9,2.85,0,1.79070781255,0,1,0.166666666667
63,"[1100,2000)","[3,3.25)",2.9,3,2.95,1,1.85353966562,0.539508281667,2,0.333333333333
63,"[1100,2000)","[3,3.25)",3,3.1,3.05,0,1.91637151869,0,2,0.333333333333
63,"[1100,2000)","[3,3.25)",3.1,3.2,3.15,0,1.97920337176,0,2,0.333333333333
63,"[1100,2000)","[3,3.25)",3.2,3.3,3.25,0,2.04203522483,0,2,0.333333333333
63,"[1100,2000)","[3,3.25)",3.3,3.4,3.35,0,2.10486707791,0,2,0.333333333333
63,"[1100,2000)","[3,3.25)",3.4,3.5,3.45,1,2.16769893098,0.461318675629,3,0.5
63,"[1100,2000)","[3,3.25)",3.5,3.6,3.55,0,2.23053078405,0,3,0.5
63,"[1100,2000)","[3,3.25)",3.6,3.7,3.65,0,2.29336263712,0,3,0.5
63,"[1100,2000)","[3,3.25)",3.7,3.8,3.75,0,2.35619449019,0,3,0.5
63,"[1100,2000)","[3,3.25)",3.8,3.9,3.85,0,2.41902634326,0,3,0.5
63,"[1100,2000)","[3,3.25)",3.9,4,3.95,0,2.48185819634,0,3,0.5
63,"[1100,2000)","[3,3.25)",4,4.1,4.05,0,2.54469004941,0,3,0.5
63,"[1100,2000)","[3,3.25)",4.1,4.2,4.15,0,2.60752190248,0,3,0.5
63,"[1100,2000)","[3,3.25)",4.2,4.3,4.25,0,2.67035375555,0,3,0.5
63,"[1100,2000)","[3,3.25)",4.3,4.4,4.35,0,2.73318560862,0,3,0.5
63,"[1100,2000)","[3,3.25)",4.4,4.5,4.45,0,2.79601746169,0,3,0.5
63,"[1100,2000)","[3,3.25)",4.5,4.6,4.55,0,2.85884931477,0,3,0.5
63,"[1100,2000)","[3,3.25)",4.6,4.7,4.65,0,2.92168116784,0,3,0.5
63,"[1100,2000)","[3,3.25)",4.7,4.8,4.75,0,2.98451302091,0,3,0.5
63,"[1100,2000)","[3,3.25)",4.8,4.9,4.85,0,3.04734487398,0,3,0.5
63,"[1100,2000)","[3,3.25)",4.9,5,4.95,0,3.11017672705,0,3,0.5
63,"[1100,2000)","[3,3.25)",5,5.1,5.05,0,3.17300858013,0,3,0.5
63,"[1100,2000)","[3,3.25)",5.1,5.2,5.15,0,3.2358404332,0,3,0.5
63,"[1100,2000)","[3,3.25)",5.2,5.3,5.25,1,3.29867228627,0.303152272556,4,0.666666666667
63,"[1100,2000)","[3,3.25)",5.3,5.4,5.35,0,3.36150413934,0,4,0.666666666667
63,"[1100,2000)","[3,3.25)",5.4,5.5,5.45,0,3.42433599241,0,4,0.666666666667
63,"[1100,2000)","[3,3.25)",5.5,5.6,5.55,0,3.48716784548,0,4,0.666666666667
63,"[1100,2000)","[3,3.25)",5.6,5.7,5.65,0,3.54999969856,0,4,0.666666666667
63,"[1100,2000)","[3,3.25)",5.7,5.8,5.75,0,3.61283155163,0,4,0.666666666667
63,"[1100,2000)","[3,3.25)",5.8,5.9,5.85,0,3.6756634047,0,4,0.666666666667
63,"[1100,2000)","[3,3.25)",5.9,6,5.95,0,3.73849525777,0,4,0.666666666667
63,"[1100,2000)","[3,3.25)",6,6.1,6.05,1,3.80132711084,0.263066021639,5,0.833333333333
63,"[1100,2000)","[3,3.25)",6.1,6.2,6.15,1,3.86415896392,0.258788525353,6,1
63,"[1100,2000)","[3,3.25)",6.2,6.3,6.25,0,3.92699081699,0,6,1
63,"[1100,2000)","[3,3.25)",6.3,6.4,6.35,0,3.98982267006,0,6,1
63,"[1100,2000)","[3,3.25)",6.4,6.5,6.45,0,4.05265452313,0,6,1
63,"[1100,2000)","[3,3.25)",6.5,6.6,6.55,0,4.1154863762,0,6,1
63,"[1100,2000)","[3,3.25)",6.6,6.7,6.65,0,4.17831822927,0,6,1
63,"[1100,2000)","[3,3.25)",6.7,6.8,6.75,0,4.24115008235,0,6,1
63,"[1100,2000)","[3,3.25)",6.8,6.9,6.85,0,4.30398193542,0,6,1
63,"[1100,2000)","[3,3.25)",6.9,7,6.95,0,4.36681378849,0,6,1
63,"[1100,2000)","[3,3.25)",7,7.1,7.05,0,4.42964564156,0,6,1
63,"[1100,2000)","[3,3.25)",7.1,7.2,7.15,0,4.49247749463,0,6,1
63,"[1100,2000)","[3,3.25)",7.2,7.3,7.25,0,4.55530934771,0,6,1
63,"[1100,2000)","[3,3.25)",7.3,7.4,7.35,0,4.61814120078,0,6,1
63,"[1100,2000)","[3,3.25)",7.4,7.5,7.45,0,4.68097305385,0,6,1
63,"[1100,2000)","[3,3.25)",7.5,7.6,7.55,0,4.74380490692,0,6,1
63,"[1100,2000)","[3,3.25)",7.6,7.7,7.65,0,4.80663675999,0,6,1
63,"[1100,2000)","[3,3.25)",7.7,7.8,7.75,0,4.86946861306,0,6,1
63,"[1100,2000)","[3,3.25)",7.8,7.9,7.85,0,4.93230046614,0,6,1
63,"[1100,2000)","[3,3.25)",7.9,8,7.95,0,4.99513231921,0,6,1
63,"[1100,2000)","[3,3.25)",8,8.1,8.05,0,5.05796417228,0,6,1
63,"[1100,2000)","[3,3.25)",8.1,8.2,8.15,0,5.12079602535,0,6,1
63,"[1100,2000)","[3,3.25)",8.2,8.3,8.25,0,5.18362787842,0,6,1
63,"[1100,2000)","[3,3.25)",8.3,8.4,8.35,0,5.24645973149,0,6,1
63,"[1100,2000)","[3,3.25)",8.4,8.5,8.45,0,5.30929158457,0,6,1
63,"[1100,2000)","[3,3.25)",8.5,8.6,8.55,0,5.37212343764,0,6,1
63,"[1100,2000)","[3,3.25)",8.6,8.7,8.65,0,5.43495529071,0,6,1
63,"[1100,2000)","[3,3.25)",8.7,8.8,8.75,0,5.49778714378,0,6,1
63,"[1100,2000)","[3,3.25)",8.8,8.9,8.85,0,5.56061899685,0,6,1
63,"[1100,2000)","[3,3.25)",8.9,9,8.95,0,5.62345084993,0,6,1
63,"[1100,2000)","[3,3.25)",9,9.1,9.05,0,5.686282703,0,6,1
63,"[1100,2000)","[3,3.25)",9.1,9.2,9.15,0,5.74911455607,0,6,1
63,"[1100,2000)","[3,3.25)",9.2,9.3,9.25,0,5.81194640914,0,6,1
63,"[1100,2000)","[3,3.25)",9.3,9.4,9.35,0,5.87477826221,0,6,1
63,"[1100,2000)","[3,3.25)",9.4,9.5,9.45,0,5.93761011528,0,6,1
63,"[1100,2000)","[3,3.25)",9.5,9.6,9.55,0,6.00044196836,0,6,1
63,"[1100,2000)","[3,3.25)",9.6,9.7,9.65,0,6.06327382143,0,6,1
63,"[1100,2000)","[3,3.25)",9.7,9.8,9.75,0,6.1261056745,0,6,1
63,"[1100,2000)","[3,3.25)",9.8,9.9,9.85,0,6.18893752757,0,6,1
63,"[1100,2000)","[3,3.25)",9.9,10,9.95,0,6.25176938064,0,6,1
63,"[1100,2000)","[3,3.25)",10,10.1,10.05,0,6.31460123372,0,6,1
63,"[1100,2000)","[3,3.25)",10.1,10.2,10.15,0,6.37743308679,0,6,1
63,"[1100,2000)","[3,3.25)",10.2,10.3,10.25,0,6.44026493986,0,6,1
63,"[1100,2000)","[3,3.25)",10.3,10.4,10.35,0,6.50309679293,0,6,1
63,"[1100,2000)","[3,3.25)",10.4,10.5,10.45,0,6.565928646,0,6,1
63,"[1100,2000)","[3,3.25)",10.5,10.6,10.55,0,6.62876049907,0,6,1
63,"[1100,2000)","[3,3.25)",10.6,10.7,10.65,0,6.69159235215,0,6,1
63,"[1100,2000)","[3,3.25)",10.7,10.8,10.75,0,6.75442420522,0,6,1
63,"[1100,2000)","[3,3.25)",10.8,10.9,10.85,0,6.81725605829,0,6,1
63,"[1100,2000)","[3,3.25)",10.9,11,10.95,0,6.88008791136,0,6,1
63,"[1100,2000)","[3,3.25)",11,11.1,11.05,0,6.94291976443,0,6,1
63,"[1100,2000)","[3,3.25)",11.1,11.2,11.15,0,7.00575161751,0,6,1
63,"[1100,2000)","[3,3.25)",11.2,11.3,11.25,0,7.06858347058,0,6,1
63,"[1100,2000)","[3,3.25)",11.3,11.4,11.35,0,7.13141532365,0,6,1
63,"[1100,2000)","[3,3.25)",11.4,11.5,11.45,0,7.19424717672,0,6,1
63,"[1100,2000)","[3,3.25)",11.5,11.6,11.55,0,7.25707902979,0,6,1
63,"[1100,2000)","[3,3.25)",11.6,11.7,11.65,0,7.31991088286,0,6,1
63,"[1100,2000)","[3,3.25)",11.7,11.8,11.75,0,7.38274273594,0,6,1
63,"[1100,2000)","[3,3.25)",11.8,11.9,11.85,0,7.44557458901,0,6,1
63,"[1100,2000)","[3,3.25)",11.9,12,11.95,0,7.50840644208,0,6,1
64,"[1100,2000)","[3.25,3.5)",0,0.1,0.05,1,0.0314159265359,31.8309886184,1,0.00159489633174
64,"[1100,2000)","[3.25,3.5)",0.1,0.2,0.15,7,0.0942477796077,74.2723067762,8,0.0127591706539
64,"[1100,2000)","[3.25,3.5)",0.2,0.3,0.25,5,0.157079632679,31.8309886184,13,0.0207336523126
64,"[1100,2000)","[3.25,3.5)",0.3,0.4,0.35,0,0.219911485751,0,13,0.0207336523126
64,"[1100,2000)","[3.25,3.5)",0.4,0.5,0.45,1,0.282743338823,3.53677651315,14,0.0223285486443
64,"[1100,2000)","[3.25,3.5)",0.5,0.6,0.55,3,0.345575191895,8.6811787141,17,0.0271132376396
64,"[1100,2000)","[3.25,3.5)",0.6,0.7,0.65,0,0.408407044967,0,17,0.0271132376396
64,"[1100,2000)","[3.25,3.5)",0.7,0.8,0.75,0,0.471238898038,0,17,0.0271132376396
64,"[1100,2000)","[3.25,3.5)",0.8,0.9,0.85,1,0.53407075111,1.8724110952,18,0.0287081339713
64,"[1100,2000)","[3.25,3.5)",0.9,1,0.95,2,0.596902604182,3.35063038088,20,0.0318979266348
64,"[1100,2000)","[3.25,3.5)",1,1.1,1.05,1,0.659734457254,1.51576136278,21,0.0334928229665
64,"[1100,2000)","[3.25,3.5)",1.1,1.2,1.15,2,0.722566310326,2.76791205377,23,0.03668261563
64,"[1100,2000)","[3.25,3.5)",1.2,1.3,1.25,3,0.785398163397,3.81971863421,26,0.0414673046252
64,"[1100,2000)","[3.25,3.5)",1.3,1.4,1.35,3,0.848230016469,3.53677651315,29,0.0462519936204
64,"[1100,2000)","[3.25,3.5)",1.4,1.5,1.45,3,0.911061869541,3.29286089156,32,0.0510366826156
64,"[1100,2000)","[3.25,3.5)",1.5,1.6,1.55,1,0.973893722613,1.02680608446,33,0.0526315789474
64,"[1100,2000)","[3.25,3.5)",1.6,1.7,1.65,8,1.03672557568,7.71660330143,41,0.0653907496013
64,"[1100,2000)","[3.25,3.5)",1.7,1.8,1.75,3,1.09955742876,2.728370453,44,0.0701754385965
64,"[1100,2000)","[3.25,3.5)",1.8,1.9,1.85,2,1.16238928183,1.72059397937,46,0.07336523126
64,"[1100,2000)","[3.25,3.5)",1.9,2,1.95,6,1.2252211349,4.89707517206,52,0.0829346092504
64,"[1100,2000)","[3.25,3.5)",2,2.1,2.05,7,1.28805298797,5.43455903241,59,0.0940988835726
64,"[1100,2000)","[3.25,3.5)",2.1,2.2,2.15,5,1.35088484104,3.70127774632,64,0.102073365231
64,"[1100,2000)","[3.25,3.5)",2.2,2.3,2.25,4,1.41371669412,2.82942121052,68,0.108452950558
64,"[1100,2000)","[3.25,3.5)",2.3,2.4,2.35,8,1.47654854719,5.41804061589,76,0.121212121212
64,"[1100,2000)","[3.25,3.5)",2.4,2.5,2.45,6,1.53938040026,3.89767207572,82,0.130781499203
64,"[1100,2000)","[3.25,3.5)",2.5,2.6,2.55,5,1.60221225333,3.12068515866,87,0.138755980861
64,"[1100,2000)","[3.25,3.5)",2.6,2.7,2.65,6,1.6650441064,3.60350814548,93,0.148325358852
64,"[1100,2000)","[3.25,3.5)",2.7,2.8,2.75,8,1.72787595947,4.62996198086,101,0.161084529506
64,"[1100,2000)","[3.25,3.5)",2.8,2.9,2.85,6,1.79070781255,3.35063038088,107,0.170653907496
64,"[1100,2000)","[3.25,3.5)",2.9,3,2.95,6,1.85353966562,3.23704969,113,0.180223285486
64,"[1100,2000)","[3.25,3.5)",3,3.1,3.05,8,1.91637151869,4.17455588438,121,0.19298245614
64,"[1100,2000)","[3.25,3.5)",3.1,3.2,3.15,6,1.97920337176,3.03152272556,127,0.202551834131
64,"[1100,2000)","[3.25,3.5)",3.2,3.3,3.25,7,2.04203522483,3.42795262044,134,0.213716108453
64,"[1100,2000)","[3.25,3.5)",3.3,3.4,3.35,12,2.10486707791,5.70107258837,146,0.232854864434
64,"[1100,2000)","[3.25,3.5)",3.4,3.5,3.45,15,2.16769893098,6.91978013443,161,0.25677830941
64,"[1100,2000)","[3.25,3.5)",3.5,3.6,3.55,10,2.23053078405,4.48323783357,171,0.272727272727
64,"[1100,2000)","[3.25,3.5)",3.6,3.7,3.65,9,2.29336263712,3.9243684598,180,0.287081339713
64,"[1100,2000)","[3.25,3.5)",3.7,3.8,3.75,9,2.35619449019,3.81971863421,189,0.301435406699
64,"[1100,2000)","[3.25,3.5)",3.8,3.9,3.85,12,2.41902634326,4.96067355092,201,0.320574162679
64,"[1100,2000)","[3.25,3.5)",3.9,4,3.95,10,2.48185819634,4.02923906562,211,0.336523125997
64,"[1100,2000)","[3.25,3.5)",4,4.1,4.05,9,2.54469004941,3.53677651315,220,0.350877192982
64,"[1100,2000)","[3.25,3.5)",4.1,4.2,4.15,13,2.60752190248,4.98557653059,233,0.371610845295
64,"[1100,2000)","[3.25,3.5)",4.2,4.3,4.25,9,2.67035375555,3.37033997136,242,0.385964912281
64,"[1100,2000)","[3.25,3.5)",4.3,4.4,4.35,12,2.73318560862,4.39048118874,254,0.405103668262
64,"[1100,2000)","[3.25,3.5)",4.4,4.5,4.45,14,2.79601746169,5.00712180514,268,0.427432216906
64,"[1100,2000)","[3.25,3.5)",4.5,4.6,4.55,12,2.85884931477,4.19749300462,280,0.446570972887
64,"[1100,2000)","[3.25,3.5)",4.6,4.7,4.65,14,2.92168116784,4.7917617275,294,0.468899521531
64,"[1100,2000)","[3.25,3.5)",4.7,4.8,4.75,8,2.98451302091,2.68050430471,302,0.481658692185
64,"[1100,2000)","[3.25,3.5)",4.8,4.9,4.85,12,3.04734487398,3.93785426207,314,0.500797448166
64,"[1100,2000)","[3.25,3.5)",4.9,5,4.95,16,3.11017672705,5.14440220095,330,0.526315789474
64,"[1100,2000)","[3.25,3.5)",5,5.1,5.05,11,3.17300858013,3.46674133467,341,0.543859649123
64,"[1100,2000)","[3.25,3.5)",5.1,5.2,5.15,15,3.2358404332,4.63558086675,356,0.567783094099
64,"[1100,2000)","[3.25,3.5)",5.2,5.3,5.25,17,3.29867228627,5.15358863345,373,0.594896331738
64,"[1100,2000)","[3.25,3.5)",5.3,5.4,5.35,12,3.36150413934,3.56983049926,385,0.614035087719
64,"[1100,2000)","[3.25,3.5)",5.4,5.5,5.45,10,3.42433599241,2.92027418517,395,0.629984051037
64,"[1100,2000)","[3.25,3.5)",5.5,5.6,5.55,18,3.48716784548,5.16178193812,413,0.658692185008
64,"[1100,2000)","[3.25,3.5)",5.6,5.7,5.65,12,3.54999969856,3.38028197717,425,0.677830940989
64,"[1100,2000)","[3.25,3.5)",5.7,5.8,5.75,15,3.61283155163,4.15186808066,440,0.701754385965
64,"[1100,2000)","[3.25,3.5)",5.8,5.9,5.85,10,3.6756634047,2.72059731781,450,0.717703349282
64,"[1100,2000)","[3.25,3.5)",5.9,6,5.95,12,3.73849525777,3.20984759177,462,0.736842105263
64,"[1100,2000)","[3.25,3.5)",6,6.1,6.05,24,3.80132711084,6.31358451935,486,0.775119617225
64,"[1100,2000)","[3.25,3.5)",6.1,6.2,6.15,13,3.86415896392,3.36425082958,499,0.795853269537
64,"[1100,2000)","[3.25,3.5)",6.2,6.3,6.25,14,3.92699081699,3.56507072526,513,0.818181818182
64,"[1100,2000)","[3.25,3.5)",6.3,6.4,6.35,15,3.98982267006,3.75956558485,528,0.842105263158
64,"[1100,2000)","[3.25,3.5)",6.4,6.5,6.45,15,4.05265452313,3.70127774632,543,0.866028708134
64,"[1100,2000)","[3.25,3.5)",6.5,6.6,6.55,16,4.1154863762,3.88775433507,559,0.891547049442
64,"[1100,2000)","[3.25,3.5)",6.6,6.7,6.65,16,4.17831822927,3.82929186387,575,0.91706539075
64,"[1100,2000)","[3.25,3.5)",6.7,6.8,6.75,9,4.24115008235,2.12206590789,584,0.931419457735
64,"[1100,2000)","[3.25,3.5)",6.8,6.9,6.85,7,4.30398193542,1.62640087831,591,0.942583732057
64,"[1100,2000)","[3.25,3.5)",6.9,7,6.95,11,4.36681378849,2.5189990993,602,0.960127591707
64,"[1100,2000)","[3.25,3.5)",7,7.1,7.05,9,4.42964564156,2.03176523096,611,0.974481658692
64,"[1100,2000)","[3.25,3.5)",7.1,7.2,7.15,6,4.49247749463,1.33556595602,617,0.984051036683
64,"[1100,2000)","[3.25,3.5)",7.2,7.3,7.25,4,4.55530934771,0.878096237748,621,0.99043062201
64,"[1100,2000)","[3.25,3.5)",7.3,7.4,7.35,2,4.61814120078,0.43307467508,623,0.993620414673
64,"[1100,2000)","[3.25,3.5)",7.4,7.5,7.45,0,4.68097305385,0,623,0.993620414673
64,"[1100,2000)","[3.25,3.5)",7.5,7.6,7.55,0,4.74380490692,0,623,0.993620414673
64,"[1100,2000)","[3.25,3.5)",7.6,7.7,7.65,0,4.80663675999,0,623,0.993620414673
64,"[1100,2000)","[3.25,3.5)",7.7,7.8,7.75,0,4.86946861306,0,623,0.993620414673
64,"[1100,2000)","[3.25,3.5)",7.8,7.9,7.85,0,4.93230046614,0,623,0.993620414673
64,"[1100,2000)","[3.25,3.5)",7.9,8,7.95,0,4.99513231921,0,623,0.993620414673
64,"[1100,2000)","[3.25,3.5)",8,8.1,8.05,0,5.05796417228,0,623,0.993620414673
64,"[1100,2000)","[3.25,3.5)",8.1,8.2,8.15,0,5.12079602535,0,623,0.993620414673
64,"[1100,2000)","[3.25,3.5)",8.2,8.3,8.25,0,5.18362787842,0,623,0.993620414673
64,"[1100,2000)","[3.25,3.5)",8.3,8.4,8.35,0,5.24645973149,0,623,0.993620414673
64,"[1100,2000)","[3.25,3.5)",8.4,8.5,8.45,0,5.30929158457,0,623,0.993620414673
64,"[1100,2000)","[3.25,3.5)",8.5,8.6,8.55,0,5.37212343764,0,623,0.993620414673
64,"[1100,2000)","[3.25,3.5)",8.6,8.7,8.65,0,5.43495529071,0,623,0.993620414673
64,"[1100,2000)","[3.25,3.5)",8.7,8.8,8.75,0,5.49778714378,0,623,0.993620414673
64,"[1100,2000)","[3.25,3.5)",8.8,8.9,8.85,0,5.56061899685,0,623,0.993620414673
64,"[1100,2000)","[3.25,3.5)",8.9,9,8.95,0,5.62345084993,0,623,0.993620414673
64,"[1100,2000)","[3.25,3.5)",9,9.1,9.05,0,5.686282703,0,623,0.993620414673
64,"[1100,2000)","[3.25,3.5)",9.1,9.2,9.15,0,5.74911455607,0,623,0.993620414673
64,"[1100,2000)","[3.25,3.5)",9.2,9.3,9.25,0,5.81194640914,0,623,0.993620414673
64,"[1100,2000)","[3.25,3.5)",9.3,9.4,9.35,0,5.87477826221,0,623,0.993620414673
64,"[1100,2000)","[3.25,3.5)",9.4,9.5,9.45,0,5.93761011528,0,623,0.993620414673
64,"[1100,2000)","[3.25,3.5)",9.5,9.6,9.55,0,6.00044196836,0,623,0.993620414673
64,"[1100,2000)","[3.25,3.5)",9.6,9.7,9.65,0,6.06327382143,0,623,0.993620414673
64,"[1100,2000)","[3.25,3.5)",9.7,9.8,9.75,0,6.1261056745,0,623,0.993620414673
64,"[1100,2000)","[3.25,3.5)",9.8,9.9,9.85,0,6.18893752757,0,623,0.993620414673
64,"[1100,2000)","[3.25,3.5)",9.9,10,9.95,0,6.25176938064,0,623,0.993620414673
64,"[1100,2000)","[3.25,3.5)",10,10.1,10.05,1,6.31460123372,0.158363127455,624,0.995215311005
64,"[1100,2000)","[3.25,3.5)",10.1,10.2,10.15,1,6.37743308679,0.156802899598,625,0.996810207337
64,"[1100,2000)","[3.25,3.5)",10.2,10.3,10.25,0,6.44026493986,0,625,0.996810207337
64,"[1100,2000)","[3.25,3.5)",10.3,10.4,10.35,0,6.50309679293,0,625,0.996810207337
64,"[1100,2000)","[3.25,3.5)",10.4,10.5,10.45,0,6.565928646,0,625,0.996810207337
64,"[1100,2000)","[3.25,3.5)",10.5,10.6,10.55,0,6.62876049907,0,625,0.996810207337
64,"[1100,2000)","[3.25,3.5)",10.6,10.7,10.65,0,6.69159235215,0,625,0.996810207337
64,"[1100,2000)","[3.25,3.5)",10.7,10.8,10.75,0,6.75442420522,0,625,0.996810207337
64,"[1100,2000)","[3.25,3.5)",10.8,10.9,10.85,0,6.81725605829,0,625,0.996810207337
64,"[1100,2000)","[3.25,3.5)",10.9,11,10.95,0,6.88008791136,0,625,0.996810207337
64,"[1100,2000)","[3.25,3.5)",11,11.1,11.05,0,6.94291976443,0,625,0.996810207337
64,"[1100,2000)","[3.25,3.5)",11.1,11.2,11.15,0,7.00575161751,0,625,0.996810207337
64,"[1100,2000)","[3.25,3.5)",11.2,11.3,11.25,0,7.06858347058,0,625,0.996810207337
64,"[1100,2000)","[3.25,3.5)",11.3,11.4,11.35,0,7.13141532365,0,625,0.996810207337
64,"[1100,2000)","[3.25,3.5)",11.4,11.5,11.45,0,7.19424717672,0,625,0.996810207337
64,"[1100,2000)","[3.25,3.5)",11.5,11.6,11.55,0,7.25707902979,0,625,0.996810207337
64,"[1100,2000)","[3.25,3.5)",11.6,11.7,11.65,0,7.31991088286,0,625,0.996810207337
64,"[1100,2000)","[3.25,3.5)",11.7,11.8,11.75,1,7.38274273594,0.135451015397,626,0.998405103668
64,"[1100,2000)","[3.25,3.5)",11.8,11.9,11.85,1,7.44557458901,0.134307968854,627,1
64,"[1100,2000)","[3.25,3.5)",11.9,12,11.95,0,7.50840644208,0,627,1
65,"[1100,2000)","[3.5,3.75)",0,0.1,0.05,17,0.0314159265359,541.126806512,17,0.00194530266621
65,"[1100,2000)","[3.5,3.75)",0.1,0.2,0.15,29,0.0942477796077,307.699556644,46,0.00526376015562
65,"[1100,2000)","[3.5,3.75)",0.2,0.3,0.25,32,0.157079632679,203.718327158,78,0.00892550635084
65,"[1100,2000)","[3.5,3.75)",0.3,0.4,0.35,21,0.219911485751,95.4929658551,99,0.0113285272915
65,"[1100,2000)","[3.5,3.75)",0.4,0.5,0.45,23,0.282743338823,81.3458598025,122,0.0139604073693
65,"[1100,2000)","[3.5,3.75)",0.5,0.6,0.55,13,0.345575191895,37.6184410944,135,0.0154479917611
65,"[1100,2000)","[3.5,3.75)",0.6,0.7,0.65,23,0.408407044967,56.3163644787,158,0.0180798718389
65,"[1100,2000)","[3.5,3.75)",0.7,0.8,0.75,31,0.471238898038,65.7840431447,189,0.0216271884655
65,"[1100,2000)","[3.5,3.75)",0.8,0.9,0.85,32,0.53407075111,59.9171550464,221,0.0252889346607
65,"[1100,2000)","[3.5,3.75)",0.9,1,0.95,33,0.596902604182,55.2854012846,254,0.0290651104245
65,"[1100,2000)","[3.5,3.75)",1,1.1,1.05,30,0.659734457254,45.4728408834,284,0.0324979974825
65,"[1100,2000)","[3.5,3.75)",1.1,1.2,1.15,39,0.722566310326,53.9742850486,323,0.036960750658
65,"[1100,2000)","[3.5,3.75)",1.2,1.3,1.25,56,0.785398163397,71.3014145052,379,0.0433688064996
65,"[1100,2000)","[3.5,3.75)",1.3,1.4,1.35,41,0.848230016469,48.3359456798,420,0.0480604188122
65,"[1100,2000)","[3.5,3.75)",1.4,1.5,1.45,50,0.911061869541,54.8810148593,470,0.0537818972422
65,"[1100,2000)","[3.5,3.75)",1.5,1.6,1.55,56,0.973893722613,57.50114073,526,0.0601899530839
65,"[1100,2000)","[3.5,3.75)",1.6,1.7,1.65,62,1.03672557568,59.803675586,588,0.0672845863371
65,"[1100,2000)","[3.5,3.75)",1.7,1.8,1.75,69,1.09955742876,62.7525204191,657,0.0751802265705
65,"[1100,2000)","[3.5,3.75)",1.8,1.9,1.85,85,1.16238928183,73.1252441233,742,0.0849067399016
65,"[1100,2000)","[3.5,3.75)",1.9,2,1.95,79,1.2252211349,64.4781564321,821,0.093946675821
65,"[1100,2000)","[3.5,3.75)",2,2.1,2.05,90,1.28805298797,69.8729018452,911,0.104245336995
65,"[1100,2000)","[3.5,3.75)",2.1,2.2,2.15,75,1.35088484104,55.5191661948,986,0.11282755464
65,"[1100,2000)","[3.5,3.75)",2.2,2.3,2.25,75,1.41371669412,53.0516476973,1061,0.121409772285
65,"[1100,2000)","[3.5,3.75)",2.3,2.4,2.35,88,1.47654854719,59.5984467748,1149,0.131479574322
65,"[1100,2000)","[3.5,3.75)",2.4,2.5,2.45,87,1.53938040026,56.5162450979,1236,0.14143494679
65,"[1100,2000)","[3.5,3.75)",2.5,2.6,2.55,91,1.60221225333,56.7964698877,1327,0.151848037533
65,"[1100,2000)","[3.5,3.75)",2.6,2.7,2.65,88,1.6650441064,52.8514528003,1415,0.16191783957
65,"[1100,2000)","[3.5,3.75)",2.7,2.8,2.75,80,1.72787595947,46.2996198086,1495,0.171072205058
65,"[1100,2000)","[3.5,3.75)",2.8,2.9,2.85,101,1.79070781255,56.4022780782,1596,0.182629591486
65,"[1100,2000)","[3.5,3.75)",2.9,3,2.95,82,1.85353966562,44.2396790967,1678,0.192012816112
65,"[1100,2000)","[3.5,3.75)",3,3.1,3.05,99,1.91637151869,51.6601290692,1777,0.203341343403
65,"[1100,2000)","[3.5,3.75)",3.1,3.2,3.15,110,1.97920337176,55.5779166353,1887,0.215928595949
65,"[1100,2000)","[3.5,3.75)",3.2,3.3,3.25,114,2.04203522483,55.8266569615,2001,0.22897356677
65,"[1100,2000)","[3.5,3.75)",3.3,3.4,3.35,133,2.10486707791,63.1868878544,2134,0.244192699394
65,"[1100,2000)","[3.5,3.75)",3.4,3.5,3.45,124,2.16769893098,57.203515778,2258,0.2583819659
65,"[1100,2000)","[3.5,3.75)",3.5,3.6,3.55,117,2.23053078405,52.4538826528,2375,0.271770225426
65,"[1100,2000)","[3.5,3.75)",3.6,3.7,3.65,119,2.29336263712,51.8888718574,2494,0.28538734409
65,"[1100,2000)","[3.5,3.75)",3.7,3.8,3.75,123,2.35619449019,52.2028213341,2617,0.299462181028
65,"[1100,2000)","[3.5,3.75)",3.8,3.9,3.85,143,2.41902634326,59.1146931484,2760,0.315825609337
65,"[1100,2000)","[3.5,3.75)",3.9,4,3.95,133,2.48185819634,53.5888795727,2893,0.331044741961
65,"[1100,2000)","[3.5,3.75)",4,4.1,4.05,147,2.54469004941,57.7673497148,3040,0.347865888546
65,"[1100,2000)","[3.5,3.75)",4.1,4.2,4.15,160,2.60752190248,61.3609419149,3200,0.366174619522
65,"[1100,2000)","[3.5,3.75)",4.2,4.3,4.25,153,2.67035375555,57.2957795131,3353,0.383682343518
65,"[1100,2000)","[3.5,3.75)",4.3,4.4,4.35,136,2.73318560862,49.7587868057,3489,0.399244764847
65,"[1100,2000)","[3.5,3.75)",4.4,4.5,4.45,142,2.79601746169,50.7865211664,3631,0.415493763589
65,"[1100,2000)","[3.5,3.75)",4.5,4.6,4.55,176,2.85884931477,61.5632307344,3807,0.435633367662
65,"[1100,2000)","[3.5,3.75)",4.6,4.7,4.65,179,2.92168116784,61.266096373,3986,0.456116260442
65,"[1100,2000)","[3.5,3.75)",4.7,4.8,4.75,159,2.98451302091,53.275023056,4145,0.474310561849
65,"[1100,2000)","[3.5,3.75)",4.8,4.9,4.85,176,3.04734487398,57.7551958437,4321,0.494450165923
65,"[1100,2000)","[3.5,3.75)",4.9,5,4.95,182,3.11017672705,58.5175750358,4503,0.515276347408
65,"[1100,2000)","[3.5,3.75)",5,5.1,5.05,171,3.17300858013,53.892069839,4674,0.534843803639
65,"[1100,2000)","[3.5,3.75)",5.1,5.2,5.15,181,3.2358404332,55.9360091255,4855,0.555555555556
65,"[1100,2000)","[3.5,3.75)",5.2,5.3,5.25,181,3.29867228627,54.8705613326,5036,0.576267307472
65,"[1100,2000)","[3.5,3.75)",5.3,5.4,5.35,180,3.36150413934,53.5474574889,5216,0.59686462982
65,"[1100,2000)","[3.5,3.75)",5.4,5.5,5.45,199,3.42433599241,58.1134562849,5415,0.619636113972
65,"[1100,2000)","[3.5,3.75)",5.5,5.6,5.55,182,3.48716784548,52.1913507076,5597,0.640462295457
65,"[1100,2000)","[3.5,3.75)",5.6,5.7,5.65,189,3.54999969856,53.2394411405,5786,0.662089483923
65,"[1100,2000)","[3.5,3.75)",5.7,5.8,5.75,194,3.61283155163,53.6974938432,5980,0.684288820231
65,"[1100,2000)","[3.5,3.75)",5.8,5.9,5.85,211,3.6756634047,57.4046034058,6191,0.708433459206
65,"[1100,2000)","[3.5,3.75)",5.9,6,5.95,208,3.73849525777,55.6373582573,6399,0.732234809475
65,"[1100,2000)","[3.5,3.75)",6,6.1,6.05,181,3.80132711084,47.6149499167,6580,0.752946561391
65,"[1100,2000)","[3.5,3.75)",6.1,6.2,6.15,224,3.86415896392,57.968629679,6804,0.778578784758
65,"[1100,2000)","[3.5,3.75)",6.2,6.3,6.25,213,3.92699081699,54.2400046057,7017,0.80295228287
65,"[1100,2000)","[3.5,3.75)",6.3,6.4,6.35,235,3.98982267006,58.8998608293,7252,0.829843231491
65,"[1100,2000)","[3.5,3.75)",6.4,6.5,6.45,230,4.05265452313,56.7529254436,7482,0.856162032269
65,"[1100,2000)","[3.5,3.75)",6.5,6.6,6.55,227,4.1154863762,55.1575146288,7709,0.882137544341
65,"[1100,2000)","[3.5,3.75)",6.6,6.7,6.65,196,4.17831822927,46.9088253323,7905,0.904565739787
65,"[1100,2000)","[3.5,3.75)",6.7,6.8,6.75,234,4.24115008235,55.1737136052,8139,0.93134225884
65,"[1100,2000)","[3.5,3.75)",6.8,6.9,6.85,160,4.30398193542,37.1748772185,8299,0.949650989816
65,"[1100,2000)","[3.5,3.75)",6.9,7,6.95,130,4.36681378849,29.7699893553,8429,0.964526833734
65,"[1100,2000)","[3.5,3.75)",7,7.1,7.05,97,4.42964564156,21.8979141559,8526,0.975626501888
65,"[1100,2000)","[3.5,3.75)",7.1,7.2,7.15,49,4.49247749463,10.9071219741,8575,0.98123355075
65,"[1100,2000)","[3.5,3.75)",7.2,7.3,7.25,31,4.55530934771,6.80524584255,8606,0.984780867376
65,"[1100,2000)","[3.5,3.75)",7.3,7.4,7.35,19,4.61814120078,4.11420941326,8625,0.98695502918
65,"[1100,2000)","[3.5,3.75)",7.4,7.5,7.45,5,4.68097305385,1.06815398048,8630,0.987527177023
65,"[1100,2000)","[3.5,3.75)",7.5,7.6,7.55,4,4.74380490692,0.843204996513,8634,0.987984895297
65,"[1100,2000)","[3.5,3.75)",7.6,7.7,7.65,2,4.80663675999,0.416091354489,8636,0.988213754434
65,"[1100,2000)","[3.5,3.75)",7.7,7.8,7.75,3,4.86946861306,0.616083650678,8639,0.98855704314
65,"[1100,2000)","[3.5,3.75)",7.8,7.9,7.85,1,4.93230046614,0.202745150436,8640,0.988671472709
65,"[1100,2000)","[3.5,3.75)",7.9,8,7.95,3,4.99513231921,0.600584690913,8643,0.989014761414
65,"[1100,2000)","[3.5,3.75)",8,8.1,8.05,0,5.05796417228,0,8643,0.989014761414
65,"[1100,2000)","[3.5,3.75)",8.1,8.2,8.15,1,5.12079602535,0.195282138763,8644,0.989129190983
65,"[1100,2000)","[3.5,3.75)",8.2,8.3,8.25,2,5.18362787842,0.385830165071,8646,0.98935805012
65,"[1100,2000)","[3.5,3.75)",8.3,8.4,8.35,3,5.24645973149,0.571814166797,8649,0.989701338826
65,"[1100,2000)","[3.5,3.75)",8.4,8.5,8.45,2,5.30929158457,0.376698090158,8651,0.989930197963
65,"[1100,2000)","[3.5,3.75)",8.5,8.6,8.55,0,5.37212343764,0,8651,0.989930197963
65,"[1100,2000)","[3.5,3.75)",8.6,8.7,8.65,2,5.43495529071,0.367988307727,8653,0.9901590571
65,"[1100,2000)","[3.5,3.75)",8.7,8.8,8.75,2,5.49778714378,0.363782727067,8655,0.990387916238
65,"[1100,2000)","[3.5,3.75)",8.8,8.9,8.85,2,5.56061899685,0.359672187778,8657,0.990616775375
65,"[1100,2000)","[3.5,3.75)",8.9,9,8.95,2,5.62345084993,0.355653504116,8659,0.990845634512
65,"[1100,2000)","[3.5,3.75)",9,9.1,9.05,1,5.686282703,0.175861815571,8660,0.990960064081
65,"[1100,2000)","[3.5,3.75)",9.1,9.2,9.15,4,5.74911455607,0.695759314063,8664,0.991417782355
65,"[1100,2000)","[3.5,3.75)",9.2,9.3,9.25,4,5.81194640914,0.688237591749,8668,0.991875500629
65,"[1100,2000)","[3.5,3.75)",9.3,9.4,9.35,1,5.87477826221,0.170219190473,8669,0.991989930198
65,"[1100,2000)","[3.5,3.75)",9.4,9.5,9.45,2,5.93761011528,0.336835858396,8671,0.992218789335
65,"[1100,2000)","[3.5,3.75)",9.5,9.6,9.55,2,6.00044196836,0.333308781344,8673,0.992447648472
65,"[1100,2000)","[3.5,3.75)",9.6,9.7,9.65,3,6.06327382143,0.494782206503,8676,0.992790937178
65,"[1100,2000)","[3.5,3.75)",9.7,9.8,9.75,2,6.1261056745,0.326471678137,8678,0.993019796315
65,"[1100,2000)","[3.5,3.75)",9.8,9.9,9.85,5,6.18893752757,0.807893112142,8683,0.993591944158
65,"[1100,2000)","[3.5,3.75)",9.9,10,9.95,3,6.25176938064,0.479864150026,8686,0.993935232864
65,"[1100,2000)","[3.5,3.75)",10,10.1,10.05,5,6.31460123372,0.791815637273,8691,0.994507380707
65,"[1100,2000)","[3.5,3.75)",10.1,10.2,10.15,1,6.37743308679,0.156802899598,8692,0.994621810276
65,"[1100,2000)","[3.5,3.75)",10.2,10.3,10.25,4,6.44026493986,0.621092460846,8696,0.99507952855
65,"[1100,2000)","[3.5,3.75)",10.3,10.4,10.35,2,6.50309679293,0.307545783752,8698,0.995308387687
65,"[1100,2000)","[3.5,3.75)",10.4,10.5,10.45,4,6.565928646,0.609205523797,8702,0.995766105962
65,"[1100,2000)","[3.5,3.75)",10.5,10.6,10.55,2,6.62876049907,0.301715531928,8704,0.995994965099
65,"[1100,2000)","[3.5,3.75)",10.6,10.7,10.65,5,6.69159235215,0.747206305596,8709,0.996567112942
65,"[1100,2000)","[3.5,3.75)",10.7,10.8,10.75,0,6.75442420522,0,8709,0.996567112942
65,"[1100,2000)","[3.5,3.75)",10.8,10.9,10.85,0,6.81725605829,0,8709,0.996567112942
65,"[1100,2000)","[3.5,3.75)",10.9,11,10.95,3,6.88008791136,0.436040939978,8712,0.996910401648
65,"[1100,2000)","[3.5,3.75)",11,11.1,11.05,3,6.94291976443,0.432094868123,8715,0.997253690354
65,"[1100,2000)","[3.5,3.75)",11.1,11.2,11.15,1,7.00575161751,0.142739859275,8716,0.997368119922
65,"[1100,2000)","[3.5,3.75)",11.2,11.3,11.25,1,7.06858347058,0.141471060526,8717,0.997482549491
65,"[1100,2000)","[3.5,3.75)",11.3,11.4,11.35,2,7.13141532365,0.280449238928,8719,0.997711408628
65,"[1100,2000)","[3.5,3.75)",11.4,11.5,11.45,4,7.19424717672,0.555999801194,8723,0.998169126902
65,"[1100,2000)","[3.5,3.75)",11.5,11.6,11.55,4,7.25707902979,0.551185950102,8727,0.998626845177
65,"[1100,2000)","[3.5,3.75)",11.6,11.7,11.65,3,7.31991088286,0.409841055172,8730,0.998970133883
65,"[1100,2000)","[3.5,3.75)",11.7,11.8,11.75,1,7.38274273594,0.135451015397,8731,0.999084563451
65,"[1100,2000)","[3.5,3.75)",11.8,11.9,11.85,3,7.44557458901,0.402923906562,8734,0.999427852157
65,"[1100,2000)","[3.5,3.75)",11.9,12,11.95,5,7.50840644208,0.665920263983,8739,1
66,"[1100,2000)","[3.75,4.0)",0,0.1,0.05,39,0.0314159265359,1241.40855612,39,0.00192469032226
66,"[1100,2000)","[3.75,4.0)",0.1,0.2,0.15,74,0.0942477796077,785.16438592,113,0.00557666683117
66,"[1100,2000)","[3.75,4.0)",0.2,0.3,0.25,69,0.157079632679,439.267642934,182,0.00898188817056
66,"[1100,2000)","[3.75,4.0)",0.3,0.4,0.35,45,0.219911485751,204.627783975,227,0.0112026846962
66,"[1100,2000)","[3.75,4.0)",0.4,0.5,0.45,47,0.282743338823,166.228496118,274,0.0135221832897
66,"[1100,2000)","[3.75,4.0)",0.5,0.6,0.55,37,0.345575191895,107.067870807,311,0.0153481715442
66,"[1100,2000)","[3.75,4.0)",0.6,0.7,0.65,50,0.408407044967,122.426879301,361,0.0178157232394
66,"[1100,2000)","[3.75,4.0)",0.7,0.8,0.75,51,0.471238898038,108.225361302,412,0.0203326259685
66,"[1100,2000)","[3.75,4.0)",0.8,0.9,0.85,83,0.53407075111,155.410120901,495,0.0244287617826
66,"[1100,2000)","[3.75,4.0)",0.9,1,0.95,79,0.596902604182,132.349900045,574,0.028327493461
66,"[1100,2000)","[3.75,4.0)",1,1.1,1.05,80,0.659734457254,121.260909022,654,0.0322755761733
66,"[1100,2000)","[3.75,4.0)",1.1,1.2,1.15,105,0.722566310326,145.315382823,759,0.0374574347333
66,"[1100,2000)","[3.75,4.0)",1.2,1.3,1.25,89,0.785398163397,113.318319481,848,0.0418496767507
66,"[1100,2000)","[3.75,4.0)",1.3,1.4,1.35,118,0.848230016469,139.113209517,966,0.0476730987514
66,"[1100,2000)","[3.75,4.0)",1.4,1.5,1.45,126,0.911061869541,138.300157445,1092,0.0538913290233
66,"[1100,2000)","[3.75,4.0)",1.5,1.6,1.55,138,0.973893722613,141.699239656,1230,0.0607017717021
66,"[1100,2000)","[3.75,4.0)",1.6,1.7,1.65,128,1.03672557568,123.465652823,1358,0.0670187040418
66,"[1100,2000)","[3.75,4.0)",1.7,1.8,1.75,146,1.09955742876,132.78069538,1504,0.0742239549919
66,"[1100,2000)","[3.75,4.0)",1.8,1.9,1.85,146,1.16238928183,125.603360494,1650,0.0814292059419
66,"[1100,2000)","[3.75,4.0)",1.9,2,1.95,143,1.2252211349,116.713624934,1793,0.0884864037902
66,"[1100,2000)","[3.75,4.0)",2,2.1,2.05,183,1.28805298797,142.074900419,1976,0.0975176429946
66,"[1100,2000)","[3.75,4.0)",2.1,2.2,2.15,177,1.35088484104,131.02523222,2153,0.106252775996
66,"[1100,2000)","[3.75,4.0)",2.2,2.3,2.25,186,1.41371669412,131.568086289,2339,0.115432068302
66,"[1100,2000)","[3.75,4.0)",2.3,2.4,2.35,209,1.47654854719,141.54631109,2548,0.125746434388
66,"[1100,2000)","[3.75,4.0)",2.4,2.5,2.45,171,1.53938040026,111.083654158,2719,0.134185461185
66,"[1100,2000)","[3.75,4.0)",2.5,2.6,2.55,202,1.60221225333,126.07568041,2921,0.144154370034
66,"[1100,2000)","[3.75,4.0)",2.6,2.7,2.65,213,1.6650441064,127.924539164,3134,0.154666140256
66,"[1100,2000)","[3.75,4.0)",2.7,2.8,2.75,231,1.72787595947,133.690152197,3365,0.166066229087
66,"[1100,2000)","[3.75,4.0)",2.8,2.9,2.85,227,1.79070781255,126.765516077,3592,0.177268913784
66,"[1100,2000)","[3.75,4.0)",2.9,3,2.95,248,1.85353966562,133.798053854,3840,0.189507970192
66,"[1100,2000)","[3.75,4.0)",3,3.1,3.05,252,1.91637151869,131.498510358,4092,0.201944430736
66,"[1100,2000)","[3.75,4.0)",3.1,3.2,3.15,259,1.97920337176,130.860730987,4351,0.214726348517
66,"[1100,2000)","[3.75,4.0)",3.2,3.3,3.25,252,2.04203522483,123.406294336,4603,0.227162809061
66,"[1100,2000)","[3.75,4.0)",3.3,3.4,3.35,268,2.10486707791,127.323954474,4871,0.240388886147
66,"[1100,2000)","[3.75,4.0)",3.4,3.5,3.45,289,2.16769893098,133.321097257,5160,0.254651334945
66,"[1100,2000)","[3.75,4.0)",3.5,3.6,3.55,247,2.23053078405,110.735974489,5407,0.26684104032
66,"[1100,2000)","[3.75,4.0)",3.6,3.7,3.65,290,2.29336263712,126.451872594,5697,0.281152840152
66,"[1100,2000)","[3.75,4.0)",3.7,3.8,3.75,294,2.35619449019,124.777475384,5991,0.29566204412
66,"[1100,2000)","[3.75,4.0)",3.8,3.9,3.85,337,2.41902634326,139.312248888,6328,0.312293342546
66,"[1100,2000)","[3.75,4.0)",3.9,4,3.95,336,2.48185819634,135.382432605,6664,0.328875289937
66,"[1100,2000)","[3.75,4.0)",4,4.1,4.05,326,2.54469004941,128.10990481,6990,0.34496372699
66,"[1100,2000)","[3.75,4.0)",4.1,4.2,4.15,345,2.60752190248,132.309531004,7335,0.361989833687
66,"[1100,2000)","[3.75,4.0)",4.2,4.3,4.25,348,2.67035375555,130.319812226,7683,0.379163993486
66,"[1100,2000)","[3.75,4.0)",4.3,4.4,4.35,358,2.73318560862,130.982688797,8041,0.396831663623
66,"[1100,2000)","[3.75,4.0)",4.4,4.5,4.45,367,2.79601746169,131.258121606,8408,0.414943493066
66,"[1100,2000)","[3.75,4.0)",4.5,4.6,4.55,375,2.85884931477,131.171656394,8783,0.43345013078
66,"[1100,2000)","[3.75,4.0)",4.6,4.7,4.65,384,2.92168116784,131.431178811,9167,0.452400927799
66,"[1100,2000)","[3.75,4.0)",4.7,4.8,4.75,367,2.98451302091,122.968134978,9534,0.470512757242
66,"[1100,2000)","[3.75,4.0)",4.8,4.9,4.85,402,3.04734487398,131.918117779,9936,0.490351872872
66,"[1100,2000)","[3.75,4.0)",4.9,5,4.95,421,3.11017672705,135.362082913,10357,0.511128658145
66,"[1100,2000)","[3.75,4.0)",5,5.1,5.05,397,3.17300858013,125.117846351,10754,0.530721018605
66,"[1100,2000)","[3.75,4.0)",5.1,5.2,5.15,390,3.2358404332,120.525102536,11144,0.549967921828
66,"[1100,2000)","[3.75,4.0)",5.2,5.3,5.25,415,3.29867228627,125.808193111,11559,0.570448600898
66,"[1100,2000)","[3.75,4.0)",5.3,5.4,5.35,441,3.36150413934,131.191270848,12000,0.59221240685
66,"[1100,2000)","[3.75,4.0)",5.4,5.5,5.45,435,3.42433599241,127.031927055,12435,0.613680106598
66,"[1100,2000)","[3.75,4.0)",5.5,5.6,5.55,454,3.48716784548,130.191611106,12889,0.636085475991
66,"[1100,2000)","[3.75,4.0)",5.6,5.7,5.65,467,3.54999969856,131.549306945,13356,0.659132408824
66,"[1100,2000)","[3.75,4.0)",5.7,5.8,5.75,474,3.61283155163,131.199031349,13830,0.682524798895
66,"[1100,2000)","[3.75,4.0)",5.8,5.9,5.85,423,3.6756634047,115.081266543,14253,0.703400286236
66,"[1100,2000)","[3.75,4.0)",5.9,6,5.95,483,3.73849525777,129.196365569,14736,0.727236835612
66,"[1100,2000)","[3.75,4.0)",6,6.1,6.05,476,3.80132711084,125.2194263,15212,0.75072792775
66,"[1100,2000)","[3.75,4.0)",6.1,6.2,6.15,501,3.86415896392,129.653051202,15713,0.775452795736
66,"[1100,2000)","[3.75,4.0)",6.2,6.3,6.25,527,3.92699081699,134.199448015,16240,0.801460790604
66,"[1100,2000)","[3.75,4.0)",6.3,6.4,6.35,471,3.98982267006,118.050359364,16711,0.824705127572
66,"[1100,2000)","[3.75,4.0)",6.4,6.5,6.45,517,4.05265452313,127.570706323,17228,0.850219612101
66,"[1100,2000)","[3.75,4.0)",6.5,6.6,6.55,516,4.1154863762,125.380077306,17744,0.875684745595
66,"[1100,2000)","[3.75,4.0)",6.6,6.7,6.65,503,4.17831822927,120.38336297,18247,0.900508315649
66,"[1100,2000)","[3.75,4.0)",6.7,6.8,6.75,459,4.24115008235,108.225361302,18706,0.923160440211
66,"[1100,2000)","[3.75,4.0)",6.8,6.9,6.85,387,4.30398193542,89.9167342724,19093,0.942259290332
66,"[1100,2000)","[3.75,4.0)",6.9,7,6.95,302,4.36681378849,69.1579752716,19395,0.957163302571
66,"[1100,2000)","[3.75,4.0)",7,7.1,7.05,239,4.42964564156,53.9546544666,19634,0.968958199674
66,"[1100,2000)","[3.75,4.0)",7.1,7.2,7.15,146,4.49247749463,32.4987715964,19780,0.976163450624
66,"[1100,2000)","[3.75,4.0)",7.2,7.3,7.25,112,4.55530934771,24.586694657,19892,0.981690766422
66,"[1100,2000)","[3.75,4.0)",7.3,7.4,7.35,41,4.61814120078,8.87803083914,19933,0.983714158812
66,"[1100,2000)","[3.75,4.0)",7.4,7.5,7.45,28,4.68097305385,5.9816622907,19961,0.985095987761
66,"[1100,2000)","[3.75,4.0)",7.5,7.6,7.55,15,4.74380490692,3.16201873693,19976,0.98583625327
66,"[1100,2000)","[3.75,4.0)",7.6,7.7,7.65,13,4.80663675999,2.70459380418,19989,0.98647781671
66,"[1100,2000)","[3.75,4.0)",7.7,7.8,7.75,11,4.86946861306,2.25897338582,20000,0.987020678083
66,"[1100,2000)","[3.75,4.0)",7.8,7.9,7.85,9,4.93230046614,1.82470635392,20009,0.987464837388
66,"[1100,2000)","[3.75,4.0)",7.9,8,7.95,7,4.99513231921,1.4013642788,20016,0.987810294626
66,"[1100,2000)","[3.75,4.0)",8,8.1,8.05,6,5.05796417228,1.18624802305,20022,0.988106400829
66,"[1100,2000)","[3.75,4.0)",8.1,8.2,8.15,3,5.12079602535,0.585846416289,20025,0.988254453931
66,"[1100,2000)","[3.75,4.0)",8.2,8.3,8.25,4,5.18362787842,0.771660330143,20029,0.988451858066
66,"[1100,2000)","[3.75,4.0)",8.3,8.4,8.35,6,5.24645973149,1.14362833359,20035,0.98874796427
66,"[1100,2000)","[3.75,4.0)",8.4,8.5,8.45,5,5.30929158457,0.941745225396,20040,0.988994719439
66,"[1100,2000)","[3.75,4.0)",8.5,8.6,8.55,10,5.37212343764,1.86146132271,20050,0.989488229778
66,"[1100,2000)","[3.75,4.0)",8.6,8.7,8.65,4,5.43495529071,0.735976615454,20054,0.989685633914
66,"[1100,2000)","[3.75,4.0)",8.7,8.8,8.75,6,5.49778714378,1.0913481812,20060,0.989981740117
66,"[1100,2000)","[3.75,4.0)",8.8,8.9,8.85,3,5.56061899685,0.539508281667,20063,0.990129793219
66,"[1100,2000)","[3.75,4.0)",8.9,9,8.95,7,5.62345084993,1.24478726441,20070,0.990475250456
66,"[1100,2000)","[3.75,4.0)",9,9.1,9.05,6,5.686282703,1.05517089343,20076,0.99077135666
66,"[1100,2000)","[3.75,4.0)",9.1,9.2,9.15,6,5.74911455607,1.04363897109,20082,0.991067462863
66,"[1100,2000)","[3.75,4.0)",9.2,9.3,9.25,3,5.81194640914,0.516178193812,20085,0.991215515965
66,"[1100,2000)","[3.75,4.0)",9.3,9.4,9.35,10,5.87477826221,1.70219190473,20095,0.991709026304
66,"[1100,2000)","[3.75,4.0)",9.4,9.5,9.45,6,5.93761011528,1.01050757519,20101,0.992005132508
66,"[1100,2000)","[3.75,4.0)",9.5,9.6,9.55,9,6.00044196836,1.49988951605,20110,0.992449291813
66,"[1100,2000)","[3.75,4.0)",9.6,9.7,9.65,4,6.06327382143,0.659709608671,20114,0.992646695948
66,"[1100,2000)","[3.75,4.0)",9.7,9.8,9.75,6,6.1261056745,0.979415034412,20120,0.992942802152
66,"[1100,2000)","[3.75,4.0)",9.8,9.9,9.85,8,6.18893752757,1.29262897943,20128,0.993337610423
66,"[1100,2000)","[3.75,4.0)",9.9,10,9.95,11,6.25176938064,1.75950188343,20139,0.993880471796
66,"[1100,2000)","[3.75,4.0)",10,10.1,10.05,7,6.31460123372,1.10854189218,20146,0.994225929033
66,"[1100,2000)","[3.75,4.0)",10.1,10.2,10.15,6,6.37743308679,0.940817397588,20152,0.994522035237
66,"[1100,2000)","[3.75,4.0)",10.2,10.3,10.25,10,6.44026493986,1.55273115212,20162,0.995015545576
66,"[1100,2000)","[3.75,4.0)",10.3,10.4,10.35,7,6.50309679293,1.07641024313,20169,0.995361002813
66,"[1100,2000)","[3.75,4.0)",10.4,10.5,10.45,5,6.565928646,0.761506904746,20174,0.995607757983
66,"[1100,2000)","[3.75,4.0)",10.5,10.6,10.55,9,6.62876049907,1.35771989367,20183,0.996051917288
66,"[1100,2000)","[3.75,4.0)",10.6,10.7,10.65,2,6.69159235215,0.298882522238,20185,0.996150619355
66,"[1100,2000)","[3.75,4.0)",10.7,10.8,10.75,4,6.75442420522,0.592204439412,20189,0.996348023491
66,"[1100,2000)","[3.75,4.0)",10.8,10.9,10.85,5,6.81725605829,0.733432917474,20194,0.996594778661
66,"[1100,2000)","[3.75,4.0)",10.9,11,10.95,6,6.88008791136,0.872081879956,20200,0.996890884864
66,"[1100,2000)","[3.75,4.0)",11,11.1,11.05,9,6.94291976443,1.29628460437,20209,0.997335044169
66,"[1100,2000)","[3.75,4.0)",11.1,11.2,11.15,7,7.00575161751,0.999179014927,20216,0.997680501407
66,"[1100,2000)","[3.75,4.0)",11.2,11.3,11.25,6,7.06858347058,0.848826363157,20222,0.99797660761
66,"[1100,2000)","[3.75,4.0)",11.3,11.4,11.35,5,7.13141532365,0.701123097321,20227,0.998223362779
66,"[1100,2000)","[3.75,4.0)",11.4,11.5,11.45,2,7.19424717672,0.277999900597,20229,0.998322064847
66,"[1100,2000)","[3.75,4.0)",11.5,11.6,11.55,4,7.25707902979,0.551185950102,20233,0.998519468983
66,"[1100,2000)","[3.75,4.0)",11.6,11.7,11.65,10,7.31991088286,1.36613685057,20243,0.999012979322
66,"[1100,2000)","[3.75,4.0)",11.7,11.8,11.75,8,7.38274273594,1.08360812318,20251,0.999407787593
66,"[1100,2000)","[3.75,4.0)",11.8,11.9,11.85,4,7.44557458901,0.537231875416,20255,0.999605191729
66,"[1100,2000)","[3.75,4.0)",11.9,12,11.95,8,7.50840644208,1.06547242237,20263,1
67,"[1100,2000)","[4.0,4.25)",0,0.1,0.05,22,0.0314159265359,700.281749604,22,0.00126146788991
67,"[1100,2000)","[4.0,4.25)",0.1,0.2,0.15,61,0.0942477796077,647.230101907,83,0.00475917431193
67,"[1100,2000)","[4.0,4.25)",0.2,0.3,0.25,46,0.157079632679,292.845095289,129,0.00739678899083
67,"[1100,2000)","[4.0,4.25)",0.3,0.4,0.35,42,0.219911485751,190.98593171,171,0.00980504587156
67,"[1100,2000)","[4.0,4.25)",0.4,0.5,0.45,24,0.282743338823,84.8826363157,195,0.0111811926606
67,"[1100,2000)","[4.0,4.25)",0.5,0.6,0.55,49,0.345575191895,141.792585664,244,0.0139908256881
67,"[1100,2000)","[4.0,4.25)",0.6,0.7,0.65,54,0.408407044967,132.221029646,298,0.0170871559633
67,"[1100,2000)","[4.0,4.25)",0.7,0.8,0.75,49,0.471238898038,103.981229487,347,0.0198967889908
67,"[1100,2000)","[4.0,4.25)",0.8,0.9,0.85,60,0.53407075111,112.344665712,407,0.0233371559633
67,"[1100,2000)","[4.0,4.25)",0.9,1,0.95,80,0.596902604182,134.025215235,487,0.0279243119266
67,"[1100,2000)","[4.0,4.25)",1,1.1,1.05,69,0.659734457254,104.587534032,556,0.031880733945
67,"[1100,2000)","[4.0,4.25)",1.1,1.2,1.15,71,0.722566310326,98.2608779089,627,0.0359518348624
67,"[1100,2000)","[4.0,4.25)",1.2,1.3,1.25,86,0.785398163397,109.498600847,713,0.0408830275229
67,"[1100,2000)","[4.0,4.25)",1.3,1.4,1.35,83,0.848230016469,97.8508168639,796,0.0456422018349
67,"[1100,2000)","[4.0,4.25)",1.4,1.5,1.45,79,0.911061869541,86.7120034777,875,0.0501720183486
67,"[1100,2000)","[4.0,4.25)",1.5,1.6,1.55,122,0.973893722613,125.270342305,997,0.0571674311927
67,"[1100,2000)","[4.0,4.25)",1.6,1.7,1.65,133,1.03672557568,128.288529886,1130,0.0647935779817
67,"[1100,2000)","[4.0,4.25)",1.7,1.8,1.75,124,1.09955742876,112.772645391,1254,0.0719036697248
67,"[1100,2000)","[4.0,4.25)",1.8,1.9,1.85,149,1.16238928183,128.184251463,1403,0.0804472477064
67,"[1100,2000)","[4.0,4.25)",1.9,2,1.95,117,1.2252211349,95.4929658551,1520,0.0871559633028
67,"[1100,2000)","[4.0,4.25)",2,2.1,2.05,116,1.28805298797,90.0584068227,1636,0.0938073394495
67,"[1100,2000)","[4.0,4.25)",2.1,2.2,2.15,152,1.35088484104,112.518843488,1788,0.10252293578
67,"[1100,2000)","[4.0,4.25)",2.2,2.3,2.25,146,1.41371669412,103.273874184,1934,0.110894495413
67,"[1100,2000)","[4.0,4.25)",2.3,2.4,2.35,166,1.47654854719,112.42434278,2100,0.120412844037
67,"[1100,2000)","[4.0,4.25)",2.4,2.5,2.45,187,1.53938040026,121.47744636,2287,0.131135321101
67,"[1100,2000)","[4.0,4.25)",2.5,2.6,2.55,196,1.60221225333,122.33085822,2483,0.142373853211
67,"[1100,2000)","[4.0,4.25)",2.6,2.7,2.65,204,1.6650441064,122.519276946,2687,0.154071100917
67,"[1100,2000)","[4.0,4.25)",2.7,2.8,2.75,168,1.72787595947,97.229201598,2855,0.16370412844
67,"[1100,2000)","[4.0,4.25)",2.8,2.9,2.85,185,1.79070781255,103.311103411,3040,0.174311926606
67,"[1100,2000)","[4.0,4.25)",2.9,3,2.95,225,1.85353966562,121.389363375,3265,0.187213302752
67,"[1100,2000)","[4.0,4.25)",3,3.1,3.05,218,1.91637151869,113.756647849,3483,0.199713302752
67,"[1100,2000)","[4.0,4.25)",3.1,3.2,3.15,230,1.97920337176,116.208371146,3713,0.212901376147
67,"[1100,2000)","[4.0,4.25)",3.2,3.3,3.25,207,2.04203522483,101.369456062,3920,0.224770642202
67,"[1100,2000)","[4.0,4.25)",3.3,3.4,3.35,238,2.10486707791,113.071273003,4158,0.238417431193
67,"[1100,2000)","[4.0,4.25)",3.4,3.5,3.45,252,2.16769893098,116.252306258,4410,0.252866972477
67,"[1100,2000)","[4.0,4.25)",3.5,3.6,3.55,239,2.23053078405,107.149384222,4649,0.266571100917
67,"[1100,2000)","[4.0,4.25)",3.6,3.7,3.65,246,2.29336263712,107.266071235,4895,0.280676605505
67,"[1100,2000)","[4.0,4.25)",3.7,3.8,3.75,239,2.35619449019,101.434750397,5134,0.294380733945
67,"[1100,2000)","[4.0,4.25)",3.8,3.9,3.85,268,2.41902634326,110.78837597,5402,0.309747706422
67,"[1100,2000)","[4.0,4.25)",3.9,4,3.95,276,2.48185819634,111.206998211,5678,0.325573394495
67,"[1100,2000)","[4.0,4.25)",4,4.1,4.05,329,2.54469004941,129.288830314,6007,0.344438073394
67,"[1100,2000)","[4.0,4.25)",4.1,4.2,4.15,270,2.60752190248,103.546589481,6277,0.359919724771
67,"[1100,2000)","[4.0,4.25)",4.2,4.3,4.25,312,2.67035375555,116.83845234,6589,0.377809633028
67,"[1100,2000)","[4.0,4.25)",4.3,4.4,4.35,294,2.73318560862,107.566789124,6883,0.394667431193
67,"[1100,2000)","[4.0,4.25)",4.4,4.5,4.45,303,2.79601746169,108.368421925,7186,0.412041284404
67,"[1100,2000)","[4.0,4.25)",4.5,4.6,4.55,318,2.85884931477,111.233564622,7504,0.430275229358
67,"[1100,2000)","[4.0,4.25)",4.6,4.7,4.65,348,2.92168116784,119.109505798,7852,0.450229357798
67,"[1100,2000)","[4.0,4.25)",4.7,4.8,4.75,311,2.98451302091,104.204604845,8163,0.468061926606
67,"[1100,2000)","[4.0,4.25)",4.8,4.9,4.85,329,3.04734487398,107.962837685,8492,0.486926605505
67,"[1100,2000)","[4.0,4.25)",4.9,5,4.95,341,3.11017672705,109.640071908,8833,0.506479357798
67,"[1100,2000)","[4.0,4.25)",5,5.1,5.05,379,3.17300858013,119.444996895,9212,0.528211009174
67,"[1100,2000)","[4.0,4.25)",5.1,5.2,5.15,337,3.2358404332,104.14605014,9549,0.54753440367
67,"[1100,2000)","[4.0,4.25)",5.2,5.3,5.25,359,3.29867228627,108.831665848,9908,0.568119266055
67,"[1100,2000)","[4.0,4.25)",5.3,5.4,5.35,373,3.36150413934,110.962231352,10281,0.589506880734
67,"[1100,2000)","[4.0,4.25)",5.4,5.5,5.45,391,3.42433599241,114.18272064,10672,0.611926605505
67,"[1100,2000)","[4.0,4.25)",5.5,5.6,5.55,392,3.48716784548,112.412139986,11064,0.634403669725
67,"[1100,2000)","[4.0,4.25)",5.6,5.7,5.65,380,3.54999969856,107.04226261,11444,0.65619266055
67,"[1100,2000)","[4.0,4.25)",5.7,5.8,5.75,408,3.61283155163,112.930811794,11852,0.679587155963
67,"[1100,2000)","[4.0,4.25)",5.8,5.9,5.85,438,3.6756634047,119.16216252,12290,0.704701834862
67,"[1100,2000)","[4.0,4.25)",5.9,6,5.95,387,3.73849525777,103.517584835,12677,0.726892201835
67,"[1100,2000)","[4.0,4.25)",6,6.1,6.05,418,3.80132711084,109.961597045,13095,0.750860091743
67,"[1100,2000)","[4.0,4.25)",6.1,6.2,6.15,410,3.86415896392,106.103295395,13505,0.774369266055
67,"[1100,2000)","[4.0,4.25)",6.2,6.3,6.25,424,3.92699081699,107.970713394,13929,0.798681192661
67,"[1100,2000)","[4.0,4.25)",6.3,6.4,6.35,462,3.98982267006,115.794620013,14391,0.825172018349
67,"[1100,2000)","[4.0,4.25)",6.4,6.5,6.45,463,4.05265452313,114.246106437,14854,0.851720183486
67,"[1100,2000)","[4.0,4.25)",6.5,6.6,6.55,414,4.1154863762,100.59564342,15268,0.875458715596
67,"[1100,2000)","[4.0,4.25)",6.6,6.7,6.65,405,4.17831822927,96.9289503041,15673,0.898681192661
67,"[1100,2000)","[4.0,4.25)",6.7,6.8,6.75,395,4.24115008235,93.1351148464,16068,0.921330275229
67,"[1100,2000)","[4.0,4.25)",6.8,6.9,6.85,338,4.30398193542,78.5319281242,16406,0.940711009174
67,"[1100,2000)","[4.0,4.25)",6.9,7,6.95,274,4.36681378849,62.7459775643,16680,0.956422018349
67,"[1100,2000)","[4.0,4.25)",7,7.1,7.05,183,4.42964564156,41.3125596962,16863,0.966915137615
67,"[1100,2000)","[4.0,4.25)",7.1,7.2,7.15,135,4.49247749463,30.0502340104,16998,0.974655963303
67,"[1100,2000)","[4.0,4.25)",7.2,7.3,7.25,84,4.55530934771,18.4400209927,17082,0.979472477064
67,"[1100,2000)","[4.0,4.25)",7.3,7.4,7.35,61,4.61814120078,13.2087775899,17143,0.982970183486
67,"[1100,2000)","[4.0,4.25)",7.4,7.5,7.45,26,4.68097305385,5.55440069851,17169,0.984461009174
67,"[1100,2000)","[4.0,4.25)",7.5,7.6,7.55,19,4.74380490692,4.00522373344,17188,0.985550458716
67,"[1100,2000)","[4.0,4.25)",7.6,7.7,7.65,17,4.80663675999,3.53677651315,17205,0.986525229358
67,"[1100,2000)","[4.0,4.25)",7.7,7.8,7.75,16,4.86946861306,3.28577947028,17221,0.98744266055
67,"[1100,2000)","[4.0,4.25)",7.8,7.9,7.85,10,4.93230046614,2.02745150436,17231,0.988016055046
67,"[1100,2000)","[4.0,4.25)",7.9,8,7.95,9,4.99513231921,1.80175407274,17240,0.988532110092
67,"[1100,2000)","[4.0,4.25)",8,8.1,8.05,5,5.05796417228,0.988540019204,17245,0.988818807339
67,"[1100,2000)","[4.0,4.25)",8.1,8.2,8.15,6,5.12079602535,1.17169283258,17251,0.989162844037
67,"[1100,2000)","[4.0,4.25)",8.2,8.3,8.25,3,5.18362787842,0.578745247607,17254,0.989334862385
67,"[1100,2000)","[4.0,4.25)",8.3,8.4,8.35,3,5.24645973149,0.571814166797,17257,0.989506880734
67,"[1100,2000)","[4.0,4.25)",8.4,8.5,8.45,10,5.30929158457,1.88349045079,17267,0.990080275229
67,"[1100,2000)","[4.0,4.25)",8.5,8.6,8.55,0,5.37212343764,0,17267,0.990080275229
67,"[1100,2000)","[4.0,4.25)",8.6,8.7,8.65,2,5.43495529071,0.367988307727,17269,0.990194954128
67,"[1100,2000)","[4.0,4.25)",8.7,8.8,8.75,5,5.49778714378,0.909456817668,17274,0.990481651376
67,"[1100,2000)","[4.0,4.25)",8.8,8.9,8.85,7,5.56061899685,1.25885265722,17281,0.990883027523
67,"[1100,2000)","[4.0,4.25)",8.9,9,8.95,3,5.62345084993,0.533480256174,17284,0.991055045872
67,"[1100,2000)","[4.0,4.25)",9,9.1,9.05,5,5.686282703,0.879309077856,17289,0.991341743119
67,"[1100,2000)","[4.0,4.25)",9.1,9.2,9.15,4,5.74911455607,0.695759314063,17293,0.991571100917
67,"[1100,2000)","[4.0,4.25)",9.2,9.3,9.25,3,5.81194640914,0.516178193812,17296,0.991743119266
67,"[1100,2000)","[4.0,4.25)",9.3,9.4,9.35,3,5.87477826221,0.510657571418,17299,0.991915137615
67,"[1100,2000)","[4.0,4.25)",9.4,9.5,9.45,6,5.93761011528,1.01050757519,17305,0.992259174312
67,"[1100,2000)","[4.0,4.25)",9.5,9.6,9.55,7,6.00044196836,1.1665807347,17312,0.992660550459
67,"[1100,2000)","[4.0,4.25)",9.6,9.7,9.65,7,6.06327382143,1.15449181517,17319,0.993061926606
67,"[1100,2000)","[4.0,4.25)",9.7,9.8,9.75,9,6.1261056745,1.46912255162,17328,0.993577981651
67,"[1100,2000)","[4.0,4.25)",9.8,9.9,9.85,6,6.18893752757,0.96947173457,17334,0.993922018349
67,"[1100,2000)","[4.0,4.25)",9.9,10,9.95,7,6.25176938064,1.11968301673,17341,0.994323394495
67,"[1100,2000)","[4.0,4.25)",10,10.1,10.05,7,6.31460123372,1.10854189218,17348,0.994724770642
67,"[1100,2000)","[4.0,4.25)",10.1,10.2,10.15,4,6.37743308679,0.627211598392,17352,0.99495412844
67,"[1100,2000)","[4.0,4.25)",10.2,10.3,10.25,8,6.44026493986,1.24218492169,17360,0.995412844037
67,"[1100,2000)","[4.0,4.25)",10.3,10.4,10.35,4,6.50309679293,0.615091567505,17364,0.995642201835
67,"[1100,2000)","[4.0,4.25)",10.4,10.5,10.45,3,6.565928646,0.456904142848,17367,0.995814220183
67,"[1100,2000)","[4.0,4.25)",10.5,10.6,10.55,7,6.62876049907,1.05600436175,17374,0.99621559633
67,"[1100,2000)","[4.0,4.25)",10.6,10.7,10.65,4,6.69159235215,0.597765044477,17378,0.996444954128
67,"[1100,2000)","[4.0,4.25)",10.7,10.8,10.75,1,6.75442420522,0.148051109853,17379,0.996502293578
67,"[1100,2000)","[4.0,4.25)",10.8,10.9,10.85,3,6.81725605829,0.440059750485,17382,0.996674311927
67,"[1100,2000)","[4.0,4.25)",10.9,11,10.95,5,6.88008791136,0.726734899963,17387,0.996961009174
67,"[1100,2000)","[4.0,4.25)",11,11.1,11.05,3,6.94291976443,0.432094868123,17390,0.997133027523
67,"[1100,2000)","[4.0,4.25)",11.1,11.2,11.15,4,7.00575161751,0.570959437101,17394,0.997362385321
67,"[1100,2000)","[4.0,4.25)",11.2,11.3,11.25,9,7.06858347058,1.27323954474,17403,0.997878440367
67,"[1100,2000)","[4.0,4.25)",11.3,11.4,11.35,5,7.13141532365,0.701123097321,17408,0.998165137615
67,"[1100,2000)","[4.0,4.25)",11.4,11.5,11.45,5,7.19424717672,0.694999751493,17413,0.998451834862
67,"[1100,2000)","[4.0,4.25)",11.5,11.6,11.55,4,7.25707902979,0.551185950102,17417,0.998681192661
67,"[1100,2000)","[4.0,4.25)",11.6,11.7,11.65,5,7.31991088286,0.683068425287,17422,0.998967889908
67,"[1100,2000)","[4.0,4.25)",11.7,11.8,11.75,5,7.38274273594,0.677255076987,17427,0.999254587156
67,"[1100,2000)","[4.0,4.25)",11.8,11.9,11.85,8,7.44557458901,1.07446375083,17435,0.999713302752
67,"[1100,2000)","[4.0,4.25)",11.9,12,11.95,5,7.50840644208,0.665920263983,17440,1
68,"[1100,2000)","[4.25,4.5)",0,0.1,0.05,11,0.0314159265359,350.140874802,11,0.00120376449989
68,"[1100,2000)","[4.25,4.5)",0.1,0.2,0.15,23,0.0942477796077,244.037579408,34,0.00372072663603
68,"[1100,2000)","[4.25,4.5)",0.2,0.3,0.25,12,0.157079632679,76.3943726841,46,0.00503392427227
68,"[1100,2000)","[4.25,4.5)",0.3,0.4,0.35,17,0.219911485751,77.3038295018,63,0.00689428759028
68,"[1100,2000)","[4.25,4.5)",0.4,0.5,0.45,22,0.282743338823,77.8090832894,85,0.00930181659006
68,"[1100,2000)","[4.25,4.5)",0.5,0.6,0.55,19,0.345575191895,54.9807985227,104,0.0113810461808
68,"[1100,2000)","[4.25,4.5)",0.6,0.7,0.65,22,0.408407044967,53.8678268926,126,0.0137885751806
68,"[1100,2000)","[4.25,4.5)",0.7,0.8,0.75,21,0.471238898038,44.5633840657,147,0.016086671044
68,"[1100,2000)","[4.25,4.5)",0.8,0.9,0.85,30,0.53407075111,56.172332856,177,0.0193696651346
68,"[1100,2000)","[4.25,4.5)",0.9,1,0.95,28,0.596902604182,46.9088253323,205,0.0224337929525
68,"[1100,2000)","[4.25,4.5)",1,1.1,1.05,33,0.659734457254,50.0201249717,238,0.0260450864522
68,"[1100,2000)","[4.25,4.5)",1.1,1.2,1.15,43,0.722566310326,59.5101091561,281,0.0307507113154
68,"[1100,2000)","[4.25,4.5)",1.2,1.3,1.25,40,0.785398163397,50.9295817894,321,0.0351280367695
68,"[1100,2000)","[4.25,4.5)",1.3,1.4,1.35,48,0.848230016469,56.5884242105,369,0.0403808273145
68,"[1100,2000)","[4.25,4.5)",1.4,1.5,1.45,55,0.911061869541,60.3691163452,424,0.046399649814
68,"[1100,2000)","[4.25,4.5)",1.5,1.6,1.55,32,0.973893722613,32.8577947028,456,0.0499015101773
68,"[1100,2000)","[4.25,4.5)",1.6,1.7,1.65,85,1.03672557568,81.9889100776,541,0.0592033267673
68,"[1100,2000)","[4.25,4.5)",1.7,1.8,1.75,61,1.09955742876,55.4768658777,602,0.0658787480849
68,"[1100,2000)","[4.25,4.5)",1.8,1.9,1.85,55,1.16238928183,47.3163344327,657,0.0718975705844
68,"[1100,2000)","[4.25,4.5)",1.9,2,1.95,62,1.2252211349,50.6031101113,719,0.0786824250383
68,"[1100,2000)","[4.25,4.5)",2,2.1,2.05,79,1.28805298797,61.3328805086,798,0.0873276428102
68,"[1100,2000)","[4.25,4.5)",2.1,2.2,2.15,69,1.35088484104,51.0776328993,867,0.0948785292186
68,"[1100,2000)","[4.25,4.5)",2.2,2.3,2.25,102,1.41371669412,72.1502408683,969,0.106040709127
68,"[1100,2000)","[4.25,4.5)",2.3,2.4,2.35,92,1.47654854719,62.3074670828,1061,0.116108557671
68,"[1100,2000)","[4.25,4.5)",2.4,2.5,2.45,103,1.53938040026,66.9100372999,1164,0.127380170716
68,"[1100,2000)","[4.25,4.5)",2.5,2.6,2.55,80,1.60221225333,49.9309625386,1244,0.136134821624
68,"[1100,2000)","[4.25,4.5)",2.6,2.7,2.65,110,1.6650441064,66.0643160004,1354,0.148172466623
68,"[1100,2000)","[4.25,4.5)",2.7,2.8,2.75,104,1.72787595947,60.1895057511,1458,0.159553512804
68,"[1100,2000)","[4.25,4.5)",2.8,2.9,2.85,127,1.79070781255,70.9216763953,1585,0.173451521121
68,"[1100,2000)","[4.25,4.5)",2.9,3,2.95,112,1.85353966562,60.4249275468,1697,0.185708032392
68,"[1100,2000)","[4.25,4.5)",3,3.1,3.05,124,1.91637151869,64.7056162079,1821,0.1992777413
68,"[1100,2000)","[4.25,4.5)",3.1,3.2,3.15,112,1.97920337176,56.5884242105,1933,0.211534252572
68,"[1100,2000)","[4.25,4.5)",3.2,3.3,3.25,116,2.04203522483,56.8060719959,2049,0.224228496389
68,"[1100,2000)","[4.25,4.5)",3.3,3.4,3.35,132,2.10486707791,62.711798472,2181,0.238673670387
68,"[1100,2000)","[4.25,4.5)",3.4,3.5,3.45,125,2.16769893098,57.6648344536,2306,0.252352812432
68,"[1100,2000)","[4.25,4.5)",3.5,3.6,3.55,143,2.23053078405,64.1103010201,2449,0.26800175093
68,"[1100,2000)","[4.25,4.5)",3.6,3.7,3.65,142,2.29336263712,61.9178134768,2591,0.283541256292
68,"[1100,2000)","[4.25,4.5)",3.7,3.8,3.75,129,2.35619449019,54.7493004236,2720,0.297658130882
68,"[1100,2000)","[4.25,4.5)",3.8,3.9,3.85,149,2.41902634326,61.5950299239,2869,0.313963668199
68,"[1100,2000)","[4.25,4.5)",3.9,4,3.95,152,2.48185819634,61.2444337974,3021,0.330597504924
68,"[1100,2000)","[4.25,4.5)",4,4.1,4.05,153,2.54469004941,60.1252007236,3174,0.347340774787
68,"[1100,2000)","[4.25,4.5)",4.1,4.2,4.15,121,2.60752190248,46.4042123232,3295,0.360582184285
68,"[1100,2000)","[4.25,4.5)",4.2,4.3,4.25,160,2.67035375555,59.9171550464,3455,0.378091486102
68,"[1100,2000)","[4.25,4.5)",4.3,4.4,4.35,139,2.73318560862,50.8564071029,3594,0.393302692055
68,"[1100,2000)","[4.25,4.5)",4.4,4.5,4.45,173,2.79601746169,61.8737194492,3767,0.412234624644
68,"[1100,2000)","[4.25,4.5)",4.5,4.6,4.55,159,2.85884931477,55.6167823112,3926,0.429634493325
68,"[1100,2000)","[4.25,4.5)",4.6,4.7,4.65,150,2.92168116784,51.3403042232,4076,0.446049463778
68,"[1100,2000)","[4.25,4.5)",4.7,4.8,4.75,194,2.98451302091,65.0022293891,4270,0.46727949223
68,"[1100,2000)","[4.25,4.5)",4.8,4.9,4.85,149,3.04734487398,48.895023754,4419,0.483585029547
68,"[1100,2000)","[4.25,4.5)",4.9,5,4.95,166,3.11017672705,53.3731728349,4585,0.501750930182
68,"[1100,2000)","[4.25,4.5)",5,5.1,5.05,178,3.17300858013,56.0981779611,4763,0.521230028453
68,"[1100,2000)","[4.25,4.5)",5.1,5.2,5.15,192,3.2358404332,59.3354350945,4955,0.542241190633
68,"[1100,2000)","[4.25,4.5)",5.2,5.3,5.25,208,3.29867228627,63.0556726916,5163,0.565003282994
68,"[1100,2000)","[4.25,4.5)",5.3,5.4,5.35,197,3.36150413934,58.6047173628,5360,0.586561610856
68,"[1100,2000)","[4.25,4.5)",5.4,5.5,5.45,202,3.42433599241,58.9895385405,5562,0.608667104399
68,"[1100,2000)","[4.25,4.5)",5.5,5.6,5.55,212,3.48716784548,60.7943206045,5774,0.631866929306
68,"[1100,2000)","[4.25,4.5)",5.6,5.7,5.65,200,3.54999969856,56.3380329529,5974,0.653753556577
68,"[1100,2000)","[4.25,4.5)",5.7,5.8,5.75,250,3.61283155163,69.1978013443,6224,0.681111840665
68,"[1100,2000)","[4.25,4.5)",5.8,5.9,5.85,200,3.6756634047,54.4119463562,6424,0.702998467936
68,"[1100,2000)","[4.25,4.5)",5.9,6,5.95,223,3.73849525777,59.649667747,6647,0.727402057343
68,"[1100,2000)","[4.25,4.5)",6,6.1,6.05,221,3.80132711084,58.1375907823,6868,0.751586780477
68,"[1100,2000)","[4.25,4.5)",6.1,6.2,6.15,232,3.86415896392,60.0389378818,7100,0.776975268111
68,"[1100,2000)","[4.25,4.5)",6.2,6.3,6.25,233,3.92699081699,59.3329627847,7333,0.802473188882
68,"[1100,2000)","[4.25,4.5)",6.3,6.4,6.35,192,3.98982267006,48.1224394861,7525,0.823484351062
68,"[1100,2000)","[4.25,4.5)",6.4,6.5,6.45,224,4.05265452313,55.2724143451,7749,0.847997373605
68,"[1100,2000)","[4.25,4.5)",6.5,6.6,6.55,225,4.1154863762,54.6715453369,7974,0.872619829284
68,"[1100,2000)","[4.25,4.5)",6.6,6.7,6.65,224,4.17831822927,53.6100860941,8198,0.897132851828
68,"[1100,2000)","[4.25,4.5)",6.7,6.8,6.75,182,4.24115008235,42.9128883596,8380,0.917049682644
68,"[1100,2000)","[4.25,4.5)",6.8,6.9,6.85,180,4.30398193542,41.8217368709,8560,0.936747647188
68,"[1100,2000)","[4.25,4.5)",6.9,7,6.95,173,4.36681378849,39.6169858344,8733,0.955679579777
68,"[1100,2000)","[4.25,4.5)",7,7.1,7.05,107,4.42964564156,24.1554310792,8840,0.967388925367
68,"[1100,2000)","[4.25,4.5)",7.1,7.2,7.15,74,4.49247749463,16.4719801242,8914,0.975486977457
68,"[1100,2000)","[4.25,4.5)",7.2,7.3,7.25,39,4.55530934771,8.56143831805,8953,0.979754869775
68,"[1100,2000)","[4.25,4.5)",7.3,7.4,7.35,17,4.61814120078,3.68113473818,8970,0.981615233093
68,"[1100,2000)","[4.25,4.5)",7.4,7.5,7.45,12,4.68097305385,2.56356955316,8982,0.982928430729
68,"[1100,2000)","[4.25,4.5)",7.5,7.6,7.55,11,4.74380490692,2.31881374041,8993,0.984132195229
68,"[1100,2000)","[4.25,4.5)",7.6,7.7,7.65,11,4.80663675999,2.28850244969,9004,0.985335959729
68,"[1100,2000)","[4.25,4.5)",7.7,7.8,7.75,2,4.86946861306,0.410722433786,9006,0.985554826001
68,"[1100,2000)","[4.25,4.5)",7.8,7.9,7.85,6,4.93230046614,1.21647090261,9012,0.986211424819
68,"[1100,2000)","[4.25,4.5)",7.9,8,7.95,2,4.99513231921,0.400389793942,9014,0.986430291092
68,"[1100,2000)","[4.25,4.5)",8,8.1,8.05,5,5.05796417228,0.988540019204,9019,0.986977456774
68,"[1100,2000)","[4.25,4.5)",8.1,8.2,8.15,1,5.12079602535,0.195282138763,9020,0.98708688991
68,"[1100,2000)","[4.25,4.5)",8.2,8.3,8.25,3,5.18362787842,0.578745247607,9023,0.987415189319
68,"[1100,2000)","[4.25,4.5)",8.3,8.4,8.35,5,5.24645973149,0.953023611329,9028,0.987962355001
68,"[1100,2000)","[4.25,4.5)",8.4,8.5,8.45,1,5.30929158457,0.188349045079,9029,0.988071788137
68,"[1100,2000)","[4.25,4.5)",8.5,8.6,8.55,0,5.37212343764,0,9029,0.988071788137
68,"[1100,2000)","[4.25,4.5)",8.6,8.7,8.65,4,5.43495529071,0.735976615454,9033,0.988509520683
68,"[1100,2000)","[4.25,4.5)",8.7,8.8,8.75,4,5.49778714378,0.727565454134,9037,0.988947253228
68,"[1100,2000)","[4.25,4.5)",8.8,8.9,8.85,1,5.56061899685,0.179836093889,9038,0.989056686365
68,"[1100,2000)","[4.25,4.5)",8.9,9,8.95,1,5.62345084993,0.177826752058,9039,0.989166119501
68,"[1100,2000)","[4.25,4.5)",9,9.1,9.05,1,5.686282703,0.175861815571,9040,0.989275552637
68,"[1100,2000)","[4.25,4.5)",9.1,9.2,9.15,2,5.74911455607,0.347879657031,9042,0.98949441891
68,"[1100,2000)","[4.25,4.5)",9.2,9.3,9.25,2,5.81194640914,0.344118795874,9044,0.989713285183
68,"[1100,2000)","[4.25,4.5)",9.3,9.4,9.35,1,5.87477826221,0.170219190473,9045,0.989822718319
68,"[1100,2000)","[4.25,4.5)",9.4,9.5,9.45,1,5.93761011528,0.168417929198,9046,0.989932151455
68,"[1100,2000)","[4.25,4.5)",9.5,9.6,9.55,5,6.00044196836,0.833271953361,9051,0.990479317137
68,"[1100,2000)","[4.25,4.5)",9.6,9.7,9.65,4,6.06327382143,0.659709608671,9055,0.990917049683
68,"[1100,2000)","[4.25,4.5)",9.7,9.8,9.75,3,6.1261056745,0.489707517206,9058,0.991245349092
68,"[1100,2000)","[4.25,4.5)",9.8,9.9,9.85,6,6.18893752757,0.96947173457,9064,0.99190194791
68,"[1100,2000)","[4.25,4.5)",9.9,10,9.95,3,6.25176938064,0.479864150026,9067,0.992230247319
68,"[1100,2000)","[4.25,4.5)",10,10.1,10.05,5,6.31460123372,0.791815637273,9072,0.992777413001
68,"[1100,2000)","[4.25,4.5)",10.1,10.2,10.15,5,6.37743308679,0.78401449799,9077,0.993324578682
68,"[1100,2000)","[4.25,4.5)",10.2,10.3,10.25,3,6.44026493986,0.465819345635,9080,0.993652878091
68,"[1100,2000)","[4.25,4.5)",10.3,10.4,10.35,6,6.50309679293,0.922637351257,9086,0.99430947691
68,"[1100,2000)","[4.25,4.5)",10.4,10.5,10.45,2,6.565928646,0.304602761898,9088,0.994528343182
68,"[1100,2000)","[4.25,4.5)",10.5,10.6,10.55,3,6.62876049907,0.452573297892,9091,0.994856642591
68,"[1100,2000)","[4.25,4.5)",10.6,10.7,10.65,2,6.69159235215,0.298882522238,9093,0.995075508864
68,"[1100,2000)","[4.25,4.5)",10.7,10.8,10.75,2,6.75442420522,0.296102219706,9095,0.995294375137
68,"[1100,2000)","[4.25,4.5)",10.8,10.9,10.85,3,6.81725605829,0.440059750485,9098,0.995622674546
68,"[1100,2000)","[4.25,4.5)",10.9,11,10.95,4,6.88008791136,0.58138791997,9102,0.996060407091
68,"[1100,2000)","[4.25,4.5)",11,11.1,11.05,1,6.94291976443,0.144031622708,9103,0.996169840228
68,"[1100,2000)","[4.25,4.5)",11.1,11.2,11.15,6,7.00575161751,0.856439155651,9109,0.996826439046
68,"[1100,2000)","[4.25,4.5)",11.2,11.3,11.25,4,7.06858347058,0.565884242105,9113,0.997264171591
68,"[1100,2000)","[4.25,4.5)",11.3,11.4,11.35,1,7.13141532365,0.140224619464,9114,0.997373604728
68,"[1100,2000)","[4.25,4.5)",11.4,11.5,11.45,1,7.19424717672,0.138999950299,9115,0.997483037864
68,"[1100,2000)","[4.25,4.5)",11.5,11.6,11.55,5,7.25707902979,0.688982437627,9120,0.998030203546
68,"[1100,2000)","[4.25,4.5)",11.6,11.7,11.65,6,7.31991088286,0.819682110345,9126,0.998686802364
68,"[1100,2000)","[4.25,4.5)",11.7,11.8,11.75,1,7.38274273594,0.135451015397,9127,0.9987962355
68,"[1100,2000)","[4.25,4.5)",11.8,11.9,11.85,5,7.44557458901,0.67153984427,9132,0.999343401182
68,"[1100,2000)","[4.25,4.5)",11.9,12,11.95,6,7.50840644208,0.799104316779,9138,1
69,"[1100,2000)","[4.5,4.75)",0,0.1,0.05,3,0.0314159265359,95.4929658551,3,0.000878220140515
69,"[1100,2000)","[4.5,4.75)",0.1,0.2,0.15,16,0.0942477796077,169.765272631,19,0.00556206088993
69,"[1100,2000)","[4.5,4.75)",0.2,0.3,0.25,6,0.157079632679,38.1971863421,25,0.00731850117096
69,"[1100,2000)","[4.5,4.75)",0.3,0.4,0.35,5,0.219911485751,22.7364204417,30,0.00878220140515
69,"[1100,2000)","[4.5,4.75)",0.4,0.5,0.45,13,0.282743338823,45.978094671,43,0.0125878220141
69,"[1100,2000)","[4.5,4.75)",0.5,0.6,0.55,7,0.345575191895,20.2560836662,50,0.0146370023419
69,"[1100,2000)","[4.5,4.75)",0.6,0.7,0.65,10,0.408407044967,24.4853758603,60,0.0175644028103
69,"[1100,2000)","[4.5,4.75)",0.7,0.8,0.75,12,0.471238898038,25.4647908947,72,0.0210772833724
69,"[1100,2000)","[4.5,4.75)",0.8,0.9,0.85,12,0.53407075111,22.4689331424,84,0.0245901639344
69,"[1100,2000)","[4.5,4.75)",0.9,1,0.95,17,0.596902604182,28.4803582375,101,0.0295667447307
69,"[1100,2000)","[4.5,4.75)",1,1.1,1.05,10,0.659734457254,15.1576136278,111,0.0324941451991
69,"[1100,2000)","[4.5,4.75)",1.1,1.2,1.15,18,0.722566310326,24.9112084839,129,0.0377634660422
69,"[1100,2000)","[4.5,4.75)",1.2,1.3,1.25,16,0.785398163397,20.3718327158,145,0.0424473067916
69,"[1100,2000)","[4.5,4.75)",1.3,1.4,1.35,14,0.848230016469,16.5049570614,159,0.0465456674473
69,"[1100,2000)","[4.5,4.75)",1.4,1.5,1.45,12,0.911061869541,13.1714435662,171,0.0500585480094
69,"[1100,2000)","[4.5,4.75)",1.5,1.6,1.55,20,0.973893722613,20.5361216893,191,0.0559133489461
69,"[1100,2000)","[4.5,4.75)",1.6,1.7,1.65,15,1.03672557568,14.4686311902,206,0.0603044496487
69,"[1100,2000)","[4.5,4.75)",1.7,1.8,1.75,28,1.09955742876,25.4647908947,234,0.0685011709602
69,"[1100,2000)","[4.5,4.75)",1.8,1.9,1.85,30,1.16238928183,25.8089096906,264,0.0772833723653
69,"[1100,2000)","[4.5,4.75)",1.9,2,1.95,25,1.2252211349,20.4044798836,289,0.0846018735363
69,"[1100,2000)","[4.5,4.75)",2,2.1,2.05,25,1.28805298797,19.4091394015,314,0.0919203747073
69,"[1100,2000)","[4.5,4.75)",2.1,2.2,2.15,24,1.35088484104,17.7661331824,338,0.0989461358314
69,"[1100,2000)","[4.5,4.75)",2.2,2.3,2.25,36,1.41371669412,25.4647908947,374,0.109484777518
69,"[1100,2000)","[4.5,4.75)",2.3,2.4,2.35,38,1.47654854719,25.7356929255,412,0.120608899297
69,"[1100,2000)","[4.5,4.75)",2.4,2.5,2.45,34,1.53938040026,22.0868084291,446,0.13056206089
69,"[1100,2000)","[4.5,4.75)",2.5,2.6,2.55,40,1.60221225333,24.9654812693,486,0.142271662763
69,"[1100,2000)","[4.5,4.75)",2.6,2.7,2.65,26,1.6650441064,15.6152019637,512,0.149882903981
69,"[1100,2000)","[4.5,4.75)",2.7,2.8,2.75,46,1.72787595947,26.6222813899,558,0.163348946136
69,"[1100,2000)","[4.5,4.75)",2.8,2.9,2.85,36,1.79070781255,20.1037822853,594,0.173887587822
69,"[1100,2000)","[4.5,4.75)",2.9,3,2.95,31,1.85353966562,16.7247567317,625,0.182962529274
69,"[1100,2000)","[4.5,4.75)",3,3.1,3.05,36,1.91637151869,18.7855014797,661,0.19350117096
69,"[1100,2000)","[4.5,4.75)",3.1,3.2,3.15,46,1.97920337176,23.2416742293,707,0.206967213115
69,"[1100,2000)","[4.5,4.75)",3.2,3.3,3.25,55,2.04203522483,26.9339134463,762,0.223067915691
69,"[1100,2000)","[4.5,4.75)",3.3,3.4,3.35,53,2.10486707791,25.1797372653,815,0.238583138173
69,"[1100,2000)","[4.5,4.75)",3.4,3.5,3.45,43,2.16769893098,19.836703052,858,0.251170960187
69,"[1100,2000)","[4.5,4.75)",3.5,3.6,3.55,62,2.23053078405,27.7960745682,920,0.269320843091
69,"[1100,2000)","[4.5,4.75)",3.6,3.7,3.65,51,2.29336263712,22.2380879389,971,0.28425058548
69,"[1100,2000)","[4.5,4.75)",3.7,3.8,3.75,53,2.35619449019,22.4938986237,1024,0.299765807963
69,"[1100,2000)","[4.5,4.75)",3.8,3.9,3.85,59,2.41902634326,24.389978292,1083,0.317037470726
69,"[1100,2000)","[4.5,4.75)",3.9,4,3.95,52,2.48185819634,20.9520431412,1135,0.332259953162
69,"[1100,2000)","[4.5,4.75)",4,4.1,4.05,59,2.54469004941,23.1855349196,1194,0.349531615925
69,"[1100,2000)","[4.5,4.75)",4.1,4.2,4.15,74,2.60752190248,28.3794356357,1268,0.371194379391
69,"[1100,2000)","[4.5,4.75)",4.2,4.3,4.25,56,2.67035375555,20.9710042662,1324,0.387587822014
69,"[1100,2000)","[4.5,4.75)",4.3,4.4,4.35,64,2.73318560862,23.4158996733,1388,0.406323185012
69,"[1100,2000)","[4.5,4.75)",4.4,4.5,4.45,56,2.79601746169,20.0284872206,1444,0.422716627635
69,"[1100,2000)","[4.5,4.75)",4.5,4.6,4.55,60,2.85884931477,20.9874650231,1504,0.440281030445
69,"[1100,2000)","[4.5,4.75)",4.6,4.7,4.65,49,2.92168116784,16.7711660462,1553,0.45462529274
69,"[1100,2000)","[4.5,4.75)",4.7,4.8,4.75,64,2.98451302091,21.4440344376,1617,0.473360655738
69,"[1100,2000)","[4.5,4.75)",4.8,4.9,4.85,61,3.04734487398,20.0174258322,1678,0.491217798595
69,"[1100,2000)","[4.5,4.75)",4.9,5,4.95,64,3.11017672705,20.5776088038,1742,0.509953161593
69,"[1100,2000)","[4.5,4.75)",5,5.1,5.05,67,3.17300858013,21.1156063112,1809,0.529566744731
69,"[1100,2000)","[4.5,4.75)",5.1,5.2,5.15,75,3.2358404332,23.1779043338,1884,0.551522248244
69,"[1100,2000)","[4.5,4.75)",5.2,5.3,5.25,87,3.29867228627,26.3742477124,1971,0.576990632319
69,"[1100,2000)","[4.5,4.75)",5.3,5.4,5.35,63,3.36150413934,18.7416101211,2034,0.595433255269
69,"[1100,2000)","[4.5,4.75)",5.4,5.5,5.45,75,3.42433599241,21.9020563888,2109,0.617388758782
69,"[1100,2000)","[4.5,4.75)",5.5,5.6,5.55,77,3.48716784548,22.0809560686,2186,0.639929742389
69,"[1100,2000)","[4.5,4.75)",5.6,5.7,5.65,65,3.54999969856,18.3098607097,2251,0.658957845433
69,"[1100,2000)","[4.5,4.75)",5.7,5.8,5.75,74,3.61283155163,20.4825491979,2325,0.680620608899
69,"[1100,2000)","[4.5,4.75)",5.8,5.9,5.85,84,3.6756634047,22.8530174696,2409,0.705210772834
69,"[1100,2000)","[4.5,4.75)",5.9,6,5.95,82,3.73849525777,21.9339585438,2491,0.729215456674
69,"[1100,2000)","[4.5,4.75)",6,6.1,6.05,84,3.80132711084,22.0975458177,2575,0.753805620609
69,"[1100,2000)","[4.5,4.75)",6.1,6.2,6.15,69,3.86415896392,17.8564082493,2644,0.774004683841
69,"[1100,2000)","[4.5,4.75)",6.2,6.3,6.25,85,3.92699081699,21.6450722605,2729,0.798887587822
69,"[1100,2000)","[4.5,4.75)",6.3,6.4,6.35,76,3.98982267006,19.0484656299,2805,0.821135831382
69,"[1100,2000)","[4.5,4.75)",6.4,6.5,6.45,91,4.05265452313,22.4544183277,2896,0.847775175644
69,"[1100,2000)","[4.5,4.75)",6.5,6.6,6.55,87,4.1154863762,21.1396641969,2983,0.873243559719
69,"[1100,2000)","[4.5,4.75)",6.6,6.7,6.65,85,4.17831822927,20.3431130268,3068,0.8981264637
69,"[1100,2000)","[4.5,4.75)",6.7,6.8,6.75,66,4.24115008235,15.5618166579,3134,0.917447306792
69,"[1100,2000)","[4.5,4.75)",6.8,6.9,6.85,68,4.30398193542,15.7993228179,3202,0.937353629977
69,"[1100,2000)","[4.5,4.75)",6.9,7,6.95,59,4.36681378849,13.510995169,3261,0.95462529274
69,"[1100,2000)","[4.5,4.75)",7,7.1,7.05,49,4.42964564156,11.0618329241,3310,0.968969555035
69,"[1100,2000)","[4.5,4.75)",7.1,7.2,7.15,32,4.49247749463,7.12301843208,3342,0.978337236534
69,"[1100,2000)","[4.5,4.75)",7.2,7.3,7.25,11,4.55530934771,2.41476465381,3353,0.981557377049
69,"[1100,2000)","[4.5,4.75)",7.3,7.4,7.35,7,4.61814120078,1.51576136278,3360,0.983606557377
69,"[1100,2000)","[4.5,4.75)",7.4,7.5,7.45,4,4.68097305385,0.854523184386,3364,0.984777517564
69,"[1100,2000)","[4.5,4.75)",7.5,7.6,7.55,5,4.74380490692,1.05400624564,3369,0.986241217799
69,"[1100,2000)","[4.5,4.75)",7.6,7.7,7.65,1,4.80663675999,0.208045677244,3370,0.986533957845
69,"[1100,2000)","[4.5,4.75)",7.7,7.8,7.75,2,4.86946861306,0.410722433786,3372,0.987119437939
69,"[1100,2000)","[4.5,4.75)",7.8,7.9,7.85,1,4.93230046614,0.202745150436,3373,0.987412177986
69,"[1100,2000)","[4.5,4.75)",7.9,8,7.95,2,4.99513231921,0.400389793942,3375,0.98799765808
69,"[1100,2000)","[4.5,4.75)",8,8.1,8.05,1,5.05796417228,0.197708003841,3376,0.988290398126
69,"[1100,2000)","[4.5,4.75)",8.1,8.2,8.15,1,5.12079602535,0.195282138763,3377,0.988583138173
69,"[1100,2000)","[4.5,4.75)",8.2,8.3,8.25,2,5.18362787842,0.385830165071,3379,0.989168618267
69,"[1100,2000)","[4.5,4.75)",8.3,8.4,8.35,0,5.24645973149,0,3379,0.989168618267
69,"[1100,2000)","[4.5,4.75)",8.4,8.5,8.45,1,5.30929158457,0.188349045079,3380,0.989461358314
69,"[1100,2000)","[4.5,4.75)",8.5,8.6,8.55,1,5.37212343764,0.186146132271,3381,0.989754098361
69,"[1100,2000)","[4.5,4.75)",8.6,8.7,8.65,0,5.43495529071,0,3381,0.989754098361
69,"[1100,2000)","[4.5,4.75)",8.7,8.8,8.75,1,5.49778714378,0.181891363534,3382,0.990046838407
69,"[1100,2000)","[4.5,4.75)",8.8,8.9,8.85,1,5.56061899685,0.179836093889,3383,0.990339578454
69,"[1100,2000)","[4.5,4.75)",8.9,9,8.95,2,5.62345084993,0.355653504116,3385,0.990925058548
69,"[1100,2000)","[4.5,4.75)",9,9.1,9.05,1,5.686282703,0.175861815571,3386,0.991217798595
69,"[1100,2000)","[4.5,4.75)",9.1,9.2,9.15,1,5.74911455607,0.173939828516,3387,0.991510538642
69,"[1100,2000)","[4.5,4.75)",9.2,9.3,9.25,0,5.81194640914,0,3387,0.991510538642
69,"[1100,2000)","[4.5,4.75)",9.3,9.4,9.35,1,5.87477826221,0.170219190473,3388,0.991803278689
69,"[1100,2000)","[4.5,4.75)",9.4,9.5,9.45,1,5.93761011528,0.168417929198,3389,0.992096018735
69,"[1100,2000)","[4.5,4.75)",9.5,9.6,9.55,2,6.00044196836,0.333308781344,3391,0.992681498829
69,"[1100,2000)","[4.5,4.75)",9.6,9.7,9.65,0,6.06327382143,0,3391,0.992681498829
69,"[1100,2000)","[4.5,4.75)",9.7,9.8,9.75,0,6.1261056745,0,3391,0.992681498829
69,"[1100,2000)","[4.5,4.75)",9.8,9.9,9.85,0,6.18893752757,0,3391,0.992681498829
69,"[1100,2000)","[4.5,4.75)",9.9,10,9.95,0,6.25176938064,0,3391,0.992681498829
69,"[1100,2000)","[4.5,4.75)",10,10.1,10.05,0,6.31460123372,0,3391,0.992681498829
69,"[1100,2000)","[4.5,4.75)",10.1,10.2,10.15,0,6.37743308679,0,3391,0.992681498829
69,"[1100,2000)","[4.5,4.75)",10.2,10.3,10.25,1,6.44026493986,0.155273115212,3392,0.992974238876
69,"[1100,2000)","[4.5,4.75)",10.3,10.4,10.35,3,6.50309679293,0.461318675629,3395,0.993852459016
69,"[1100,2000)","[4.5,4.75)",10.4,10.5,10.45,1,6.565928646,0.152301380949,3396,0.994145199063
69,"[1100,2000)","[4.5,4.75)",10.5,10.6,10.55,0,6.62876049907,0,3396,0.994145199063
69,"[1100,2000)","[4.5,4.75)",10.6,10.7,10.65,1,6.69159235215,0.149441261119,3397,0.99443793911
69,"[1100,2000)","[4.5,4.75)",10.7,10.8,10.75,0,6.75442420522,0,3397,0.99443793911
69,"[1100,2000)","[4.5,4.75)",10.8,10.9,10.85,2,6.81725605829,0.29337316699,3399,0.995023419204
69,"[1100,2000)","[4.5,4.75)",10.9,11,10.95,1,6.88008791136,0.145346979993,3400,0.995316159251
69,"[1100,2000)","[4.5,4.75)",11,11.1,11.05,1,6.94291976443,0.144031622708,3401,0.995608899297
69,"[1100,2000)","[4.5,4.75)",11.1,11.2,11.15,3,7.00575161751,0.428219577826,3404,0.996487119438
69,"[1100,2000)","[4.5,4.75)",11.2,11.3,11.25,2,7.06858347058,0.282942121052,3406,0.997072599532
69,"[1100,2000)","[4.5,4.75)",11.3,11.4,11.35,0,7.13141532365,0,3406,0.997072599532
69,"[1100,2000)","[4.5,4.75)",11.4,11.5,11.45,0,7.19424717672,0,3406,0.997072599532
69,"[1100,2000)","[4.5,4.75)",11.5,11.6,11.55,4,7.25707902979,0.551185950102,3410,0.998243559719
69,"[1100,2000)","[4.5,4.75)",11.6,11.7,11.65,0,7.31991088286,0,3410,0.998243559719
69,"[1100,2000)","[4.5,4.75)",11.7,11.8,11.75,2,7.38274273594,0.270902030795,3412,0.998829039813
69,"[1100,2000)","[4.5,4.75)",11.8,11.9,11.85,3,7.44557458901,0.402923906562,3415,0.999707259953
69,"[1100,2000)","[4.5,4.75)",11.9,12,11.95,1,7.50840644208,0.133184052797,3416,1
70,"[1100,2000)","[4.75,5.0)",0,0.1,0.05,1,0.0314159265359,31.8309886184,1,0.00078125
70,"[1100,2000)","[4.75,5.0)",0.1,0.2,0.15,2,0.0942477796077,21.2206590789,3,0.00234375
70,"[1100,2000)","[4.75,5.0)",0.2,0.3,0.25,3,0.157079632679,19.098593171,6,0.0046875
70,"[1100,2000)","[4.75,5.0)",0.3,0.4,0.35,2,0.219911485751,9.09456817668,8,0.00625
70,"[1100,2000)","[4.75,5.0)",0.4,0.5,0.45,4,0.282743338823,14.1471060526,12,0.009375
70,"[1100,2000)","[4.75,5.0)",0.5,0.6,0.55,5,0.345575191895,14.4686311902,17,0.01328125
70,"[1100,2000)","[4.75,5.0)",0.6,0.7,0.65,7,0.408407044967,17.1397631022,24,0.01875
70,"[1100,2000)","[4.75,5.0)",0.7,0.8,0.75,1,0.471238898038,2.12206590789,25,0.01953125
70,"[1100,2000)","[4.75,5.0)",0.8,0.9,0.85,5,0.53407075111,9.36205547599,30,0.0234375
70,"[1100,2000)","[4.75,5.0)",0.9,1,0.95,3,0.596902604182,5.02594557132,33,0.02578125
70,"[1100,2000)","[4.75,5.0)",1,1.1,1.05,6,0.659734457254,9.09456817668,39,0.03046875
70,"[1100,2000)","[4.75,5.0)",1.1,1.2,1.15,5,0.722566310326,6.91978013443,44,0.034375
70,"[1100,2000)","[4.75,5.0)",1.2,1.3,1.25,8,0.785398163397,10.1859163579,52,0.040625
70,"[1100,2000)","[4.75,5.0)",1.3,1.4,1.35,3,0.848230016469,3.53677651315,55,0.04296875
70,"[1100,2000)","[4.75,5.0)",1.4,1.5,1.45,8,0.911061869541,8.78096237748,63,0.04921875
70,"[1100,2000)","[4.75,5.0)",1.5,1.6,1.55,10,0.973893722613,10.2680608446,73,0.05703125
70,"[1100,2000)","[4.75,5.0)",1.6,1.7,1.65,8,1.03672557568,7.71660330143,81,0.06328125
70,"[1100,2000)","[4.75,5.0)",1.7,1.8,1.75,11,1.09955742876,10.0040249943,92,0.071875
70,"[1100,2000)","[4.75,5.0)",1.8,1.9,1.85,4,1.16238928183,3.44118795874,96,0.075
70,"[1100,2000)","[4.75,5.0)",1.9,2,1.95,9,1.2252211349,7.34561275809,105,0.08203125
70,"[1100,2000)","[4.75,5.0)",2,2.1,2.05,12,1.28805298797,9.3163869127,117,0.09140625
70,"[1100,2000)","[4.75,5.0)",2.1,2.2,2.15,11,1.35088484104,8.14281104191,128,0.1
70,"[1100,2000)","[4.75,5.0)",2.2,2.3,2.25,10,1.41371669412,7.07355302631,138,0.1078125
70,"[1100,2000)","[4.75,5.0)",2.3,2.4,2.35,14,1.47654854719,9.48157107782,152,0.11875
70,"[1100,2000)","[4.75,5.0)",2.4,2.5,2.45,13,1.53938040026,8.44495616406,165,0.12890625
70,"[1100,2000)","[4.75,5.0)",2.5,2.6,2.55,10,1.60221225333,6.24137031733,175,0.13671875
70,"[1100,2000)","[4.75,5.0)",2.6,2.7,2.65,12,1.6650441064,7.20701629095,187,0.14609375
70,"[1100,2000)","[4.75,5.0)",2.7,2.8,2.75,14,1.72787595947,8.1024334665,201,0.15703125
70,"[1100,2000)","[4.75,5.0)",2.8,2.9,2.85,9,1.79070781255,5.02594557132,210,0.1640625
70,"[1100,2000)","[4.75,5.0)",2.9,3,2.95,23,1.85353966562,12.4086904784,233,0.18203125
70,"[1100,2000)","[4.75,5.0)",3,3.1,3.05,20,1.91637151869,10.4363897109,253,0.19765625
70,"[1100,2000)","[4.75,5.0)",3.1,3.2,3.15,11,1.97920337176,5.55779166353,264,0.20625
70,"[1100,2000)","[4.75,5.0)",3.2,3.3,3.25,19,2.04203522483,9.30444282691,283,0.22109375
70,"[1100,2000)","[4.75,5.0)",3.3,3.4,3.35,17,2.10486707791,8.07651950019,300,0.234375
70,"[1100,2000)","[4.75,5.0)",3.4,3.5,3.45,13,2.16769893098,5.99714278317,313,0.24453125
70,"[1100,2000)","[4.75,5.0)",3.5,3.6,3.55,16,2.23053078405,7.17318053372,329,0.25703125
70,"[1100,2000)","[4.75,5.0)",3.6,3.7,3.65,21,2.29336263712,9.15685973953,350,0.2734375
70,"[1100,2000)","[4.75,5.0)",3.7,3.8,3.75,20,2.35619449019,8.48826363157,370,0.2890625
70,"[1100,2000)","[4.75,5.0)",3.8,3.9,3.85,19,2.41902634326,7.85439978895,389,0.30390625
70,"[1100,2000)","[4.75,5.0)",3.9,4,3.95,22,2.48185819634,8.86432594436,411,0.32109375
70,"[1100,2000)","[4.75,5.0)",4,4.1,4.05,27,2.54469004941,10.6103295395,438,0.3421875
70,"[1100,2000)","[4.75,5.0)",4.1,4.2,4.15,28,2.60752190248,10.7381648351,466,0.3640625
70,"[1100,2000)","[4.75,5.0)",4.2,4.3,4.25,21,2.67035375555,7.86412659983,487,0.38046875
70,"[1100,2000)","[4.75,5.0)",4.3,4.4,4.35,22,2.73318560862,8.04921551269,509,0.39765625
70,"[1100,2000)","[4.75,5.0)",4.4,4.5,4.45,24,2.79601746169,8.58363738024,533,0.41640625
70,"[1100,2000)","[4.75,5.0)",4.5,4.6,4.55,27,2.85884931477,9.4443592604,560,0.4375
70,"[1100,2000)","[4.75,5.0)",4.6,4.7,4.65,18,2.92168116784,6.16083650678,578,0.4515625
70,"[1100,2000)","[4.75,5.0)",4.7,4.8,4.75,18,2.98451302091,6.03113468559,596,0.465625
70,"[1100,2000)","[4.75,5.0)",4.8,4.9,4.85,29,3.04734487398,9.51648113333,625,0.48828125
70,"[1100,2000)","[4.75,5.0)",4.9,5,4.95,31,3.11017672705,9.96727926434,656,0.5125
70,"[1100,2000)","[4.75,5.0)",5,5.1,5.05,20,3.17300858013,6.30316606305,676,0.528125
70,"[1100,2000)","[4.75,5.0)",5.1,5.2,5.15,26,3.2358404332,8.03500683571,702,0.5484375
70,"[1100,2000)","[4.75,5.0)",5.2,5.3,5.25,21,3.29867228627,6.36619772368,723,0.56484375
70,"[1100,2000)","[4.75,5.0)",5.3,5.4,5.35,32,3.36150413934,9.51954799802,755,0.58984375
70,"[1100,2000)","[4.75,5.0)",5.4,5.5,5.45,25,3.42433599241,7.30068546293,780,0.609375
70,"[1100,2000)","[4.75,5.0)",5.5,5.6,5.55,29,3.48716784548,8.31620423363,809,0.63203125
70,"[1100,2000)","[4.75,5.0)",5.6,5.7,5.65,44,3.54999969856,12.3943672496,853,0.66640625
70,"[1100,2000)","[4.75,5.0)",5.7,5.8,5.75,24,3.61283155163,6.64298892905,877,0.68515625
70,"[1100,2000)","[4.75,5.0)",5.8,5.9,5.85,32,3.6756634047,8.70591141699,909,0.71015625
70,"[1100,2000)","[4.75,5.0)",5.9,6,5.95,33,3.73849525777,8.82708087737,942,0.7359375
70,"[1100,2000)","[4.75,5.0)",6,6.1,6.05,20,3.80132711084,5.26132043279,962,0.7515625
70,"[1100,2000)","[4.75,5.0)",6.1,6.2,6.15,29,3.86415896392,7.50486723523,991,0.77421875
70,"[1100,2000)","[4.75,5.0)",6.2,6.3,6.25,40,3.92699081699,10.1859163579,1031,0.80546875
70,"[1100,2000)","[4.75,5.0)",6.3,6.4,6.35,27,3.98982267006,6.76721805273,1058,0.8265625
70,"[1100,2000)","[4.75,5.0)",6.4,6.5,6.45,27,4.05265452313,6.66229994338,1085,0.84765625
70,"[1100,2000)","[4.75,5.0)",6.5,6.6,6.55,37,4.1154863762,8.99043189985,1122,0.8765625
70,"[1100,2000)","[4.75,5.0)",6.6,6.7,6.65,28,4.17831822927,6.70126076176,1150,0.8984375
70,"[1100,2000)","[4.75,5.0)",6.7,6.8,6.75,28,4.24115008235,6.60198282455,1178,0.9203125
70,"[1100,2000)","[4.75,5.0)",6.8,6.9,6.85,28,4.30398193542,6.50560351325,1206,0.9421875
70,"[1100,2000)","[4.75,5.0)",6.9,7,6.95,24,4.36681378849,5.49599803483,1230,0.9609375
70,"[1100,2000)","[4.75,5.0)",7,7.1,7.05,11,4.42964564156,2.48326861562,1241,0.96953125
70,"[1100,2000)","[4.75,5.0)",7.1,7.2,7.15,11,4.49247749463,2.44853758603,1252,0.978125
70,"[1100,2000)","[4.75,5.0)",7.2,7.3,7.25,5,4.55530934771,1.09762029719,1257,0.98203125
70,"[1100,2000)","[4.75,5.0)",7.3,7.4,7.35,9,4.61814120078,1.94883603786,1266,0.9890625
70,"[1100,2000)","[4.75,5.0)",7.4,7.5,7.45,2,4.68097305385,0.427261592193,1268,0.990625
70,"[1100,2000)","[4.75,5.0)",7.5,7.6,7.55,0,4.74380490692,0,1268,0.990625
70,"[1100,2000)","[4.75,5.0)",7.6,7.7,7.65,2,4.80663675999,0.416091354489,1270,0.9921875
70,"[1100,2000)","[4.75,5.0)",7.7,7.8,7.75,1,4.86946861306,0.205361216893,1271,0.99296875
70,"[1100,2000)","[4.75,5.0)",7.8,7.9,7.85,1,4.93230046614,0.202745150436,1272,0.99375
70,"[1100,2000)","[4.75,5.0)",7.9,8,7.95,0,4.99513231921,0,1272,0.99375
70,"[1100,2000)","[4.75,5.0)",8,8.1,8.05,0,5.05796417228,0,1272,0.99375
70,"[1100,2000)","[4.75,5.0)",8.1,8.2,8.15,0,5.12079602535,0,1272,0.99375
70,"[1100,2000)","[4.75,5.0)",8.2,8.3,8.25,0,5.18362787842,0,1272,0.99375
70,"[1100,2000)","[4.75,5.0)",8.3,8.4,8.35,0,5.24645973149,0,1272,0.99375
70,"[1100,2000)","[4.75,5.0)",8.4,8.5,8.45,0,5.30929158457,0,1272,0.99375
70,"[1100,2000)","[4.75,5.0)",8.5,8.6,8.55,0,5.37212343764,0,1272,0.99375
70,"[1100,2000)","[4.75,5.0)",8.6,8.7,8.65,0,5.43495529071,0,1272,0.99375
70,"[1100,2000)","[4.75,5.0)",8.7,8.8,8.75,0,5.49778714378,0,1272,0.99375
70,"[1100,2000)","[4.75,5.0)",8.8,8.9,8.85,0,5.56061899685,0,1272,0.99375
70,"[1100,2000)","[4.75,5.0)",8.9,9,8.95,0,5.62345084993,0,1272,0.99375
70,"[1100,2000)","[4.75,5.0)",9,9.1,9.05,1,5.686282703,0.175861815571,1273,0.99453125
70,"[1100,2000)","[4.75,5.0)",9.1,9.2,9.15,2,5.74911455607,0.347879657031,1275,0.99609375
70,"[1100,2000)","[4.75,5.0)",9.2,9.3,9.25,0,5.81194640914,0,1275,0.99609375
70,"[1100,2000)","[4.75,5.0)",9.3,9.4,9.35,1,5.87477826221,0.170219190473,1276,0.996875
70,"[1100,2000)","[4.75,5.0)",9.4,9.5,9.45,0,5.93761011528,0,1276,0.996875
70,"[1100,2000)","[4.75,5.0)",9.5,9.6,9.55,0,6.00044196836,0,1276,0.996875
70,"[1100,2000)","[4.75,5.0)",9.6,9.7,9.65,0,6.06327382143,0,1276,0.996875
70,"[1100,2000)","[4.75,5.0)",9.7,9.8,9.75,1,6.1261056745,0.163235839069,1277,0.99765625
70,"[1100,2000)","[4.75,5.0)",9.8,9.9,9.85,0,6.18893752757,0,1277,0.99765625
70,"[1100,2000)","[4.75,5.0)",9.9,10,9.95,0,6.25176938064,0,1277,0.99765625
70,"[1100,2000)","[4.75,5.0)",10,10.1,10.05,1,6.31460123372,0.158363127455,1278,0.9984375
70,"[1100,2000)","[4.75,5.0)",10.1,10.2,10.15,0,6.37743308679,0,1278,0.9984375
70,"[1100,2000)","[4.75,5.0)",10.2,10.3,10.25,0,6.44026493986,0,1278,0.9984375
70,"[1100,2000)","[4.75,5.0)",10.3,10.4,10.35,0,6.50309679293,0,1278,0.9984375
70,"[1100,2000)","[4.75,5.0)",10.4,10.5,10.45,0,6.565928646,0,1278,0.9984375
70,"[1100,2000)","[4.75,5.0)",10.5,10.6,10.55,0,6.62876049907,0,1278,0.9984375
70,"[1100,2000)","[4.75,5.0)",10.6,10.7,10.65,0,6.69159235215,0,1278,0.9984375
70,"[1100,2000)","[4.75,5.0)",10.7,10.8,10.75,0,6.75442420522,0,1278,0.9984375
70,"[1100,2000)","[4.75,5.0)",10.8,10.9,10.85,0,6.81725605829,0,1278,0.9984375
70,"[1100,2000)","[4.75,5.0)",10.9,11,10.95,0,6.88008791136,0,1278,0.9984375
70,"[1100,2000)","[4.75,5.0)",11,11.1,11.05,0,6.94291976443,0,1278,0.9984375
70,"[1100,2000)","[4.75,5.0)",11.1,11.2,11.15,1,7.00575161751,0.142739859275,1279,0.99921875
70,"[1100,2000)","[4.75,5.0)",11.2,11.3,11.25,0,7.06858347058,0,1279,0.99921875
70,"[1100,2000)","[4.75,5.0)",11.3,11.4,11.35,0,7.13141532365,0,1279,0.99921875
70,"[1100,2000)","[4.75,5.0)",11.4,11.5,11.45,0,7.19424717672,0,1279,0.99921875
70,"[1100,2000)","[4.75,5.0)",11.5,11.6,11.55,0,7.25707902979,0,1279,0.99921875
70,"[1100,2000)","[4.75,5.0)",11.6,11.7,11.65,0,7.31991088286,0,1279,0.99921875
70,"[1100,2000)","[4.75,5.0)",11.7,11.8,11.75,0,7.38274273594,0,1279,0.99921875
70,"[1100,2000)","[4.75,5.0)",11.8,11.9,11.85,1,7.44557458901,0.134307968854,1280,1
70,"[1100,2000)","[4.75,5.0)",11.9,12,11.95,0,7.50840644208,0,1280,1
71,"[1100,2000)","[5,6)",0,0.1,0.05,0,0.0314159265359,0,0,0
71,"[1100,2000)","[5,6)",0.1,0.2,0.15,1,0.0942477796077,10.6103295395,1,0.0020964360587
71,"[1100,2000)","[5,6)",0.2,0.3,0.25,5,0.157079632679,31.8309886184,6,0.0125786163522
71,"[1100,2000)","[5,6)",0.3,0.4,0.35,1,0.219911485751,4.54728408834,7,0.0146750524109
71,"[1100,2000)","[5,6)",0.4,0.5,0.45,0,0.282743338823,0,7,0.0146750524109
71,"[1100,2000)","[5,6)",0.5,0.6,0.55,2,0.345575191895,5.78745247607,9,0.0188679245283
71,"[1100,2000)","[5,6)",0.6,0.7,0.65,1,0.408407044967,2.44853758603,10,0.020964360587
71,"[1100,2000)","[5,6)",0.7,0.8,0.75,2,0.471238898038,4.24413181578,12,0.0251572327044
71,"[1100,2000)","[5,6)",0.8,0.9,0.85,3,0.53407075111,5.6172332856,15,0.0314465408805
71,"[1100,2000)","[5,6)",0.9,1,0.95,2,0.596902604182,3.35063038088,17,0.0356394129979
71,"[1100,2000)","[5,6)",1,1.1,1.05,3,0.659734457254,4.54728408834,20,0.041928721174
71,"[1100,2000)","[5,6)",1.1,1.2,1.15,2,0.722566310326,2.76791205377,22,0.0461215932914
71,"[1100,2000)","[5,6)",1.2,1.3,1.25,0,0.785398163397,0,22,0.0461215932914
71,"[1100,2000)","[5,6)",1.3,1.4,1.35,2,0.848230016469,2.35785100877,24,0.0503144654088
71,"[1100,2000)","[5,6)",1.4,1.5,1.45,2,0.911061869541,2.19524059437,26,0.0545073375262
71,"[1100,2000)","[5,6)",1.5,1.6,1.55,5,0.973893722613,5.13403042232,31,0.0649895178197
71,"[1100,2000)","[5,6)",1.6,1.7,1.65,2,1.03672557568,1.92915082536,33,0.0691823899371
71,"[1100,2000)","[5,6)",1.7,1.8,1.75,2,1.09955742876,1.81891363534,35,0.0733752620545
71,"[1100,2000)","[5,6)",1.8,1.9,1.85,2,1.16238928183,1.72059397937,37,0.0775681341719
71,"[1100,2000)","[5,6)",1.9,2,1.95,6,1.2252211349,4.89707517206,43,0.0901467505241
71,"[1100,2000)","[5,6)",2,2.1,2.05,6,1.28805298797,4.65819345635,49,0.102725366876
71,"[1100,2000)","[5,6)",2.1,2.2,2.15,3,1.35088484104,2.22076664779,52,0.109014675052
71,"[1100,2000)","[5,6)",2.2,2.3,2.25,1,1.41371669412,0.707355302631,53,0.111111111111
71,"[1100,2000)","[5,6)",2.3,2.4,2.35,2,1.47654854719,1.35451015397,55,0.115303983229
71,"[1100,2000)","[5,6)",2.4,2.5,2.45,4,1.53938040026,2.59844805048,59,0.123689727463
71,"[1100,2000)","[5,6)",2.5,2.6,2.55,3,1.60221225333,1.8724110952,62,0.129979035639
71,"[1100,2000)","[5,6)",2.6,2.7,2.65,3,1.6650441064,1.80175407274,65,0.136268343816
71,"[1100,2000)","[5,6)",2.7,2.8,2.75,6,1.72787595947,3.47247148564,71,0.148846960168
71,"[1100,2000)","[5,6)",2.8,2.9,2.85,5,1.79070781255,2.79219198407,76,0.159329140461
71,"[1100,2000)","[5,6)",2.9,3,2.95,3,1.85353966562,1.618524845,79,0.165618448637
71,"[1100,2000)","[5,6)",3,3.1,3.05,7,1.91637151869,3.65273639883,86,0.180293501048
71,"[1100,2000)","[5,6)",3.1,3.2,3.15,6,1.97920337176,3.03152272556,92,0.1928721174
71,"[1100,2000)","[5,6)",3.2,3.3,3.25,7,2.04203522483,3.42795262044,99,0.207547169811
71,"[1100,2000)","[5,6)",3.3,3.4,3.35,9,2.10486707791,4.27580444127,108,0.22641509434
71,"[1100,2000)","[5,6)",3.4,3.5,3.45,7,2.16769893098,3.2292307294,115,0.241090146751
71,"[1100,2000)","[5,6)",3.5,3.6,3.55,4,2.23053078405,1.79329513343,119,0.249475890985
71,"[1100,2000)","[5,6)",3.6,3.7,3.65,6,2.29336263712,2.61624563987,125,0.262054507338
71,"[1100,2000)","[5,6)",3.7,3.8,3.75,11,2.35619449019,4.66854499736,136,0.285115303983
71,"[1100,2000)","[5,6)",3.8,3.9,3.85,9,2.41902634326,3.72050516319,145,0.303983228512
71,"[1100,2000)","[5,6)",3.9,4,3.95,9,2.48185819634,3.62631515906,154,0.32285115304
71,"[1100,2000)","[5,6)",4,4.1,4.05,8,2.54469004941,3.14380134503,162,0.339622641509
71,"[1100,2000)","[5,6)",4.1,4.2,4.15,8,2.60752190248,3.06804709575,170,0.356394129979
71,"[1100,2000)","[5,6)",4.2,4.3,4.25,14,2.67035375555,5.24275106656,184,0.385744234801
71,"[1100,2000)","[5,6)",4.3,4.4,4.35,10,2.73318560862,3.65873432395,194,0.406708595388
71,"[1100,2000)","[5,6)",4.4,4.5,4.45,9,2.79601746169,3.21886401759,203,0.425576519916
71,"[1100,2000)","[5,6)",4.5,4.6,4.55,9,2.85884931477,3.14811975347,212,0.444444444444
71,"[1100,2000)","[5,6)",4.6,4.7,4.65,7,2.92168116784,2.39588086375,219,0.459119496855
71,"[1100,2000)","[5,6)",4.7,4.8,4.75,9,2.98451302091,3.01556734279,228,0.477987421384
71,"[1100,2000)","[5,6)",4.8,4.9,4.85,13,3.04734487398,4.26600878391,241,0.505241090147
71,"[1100,2000)","[5,6)",4.9,5,4.95,8,3.11017672705,2.57220110048,249,0.522012578616
71,"[1100,2000)","[5,6)",5,5.1,5.05,3,3.17300858013,0.945474909457,252,0.528301886792
71,"[1100,2000)","[5,6)",5.1,5.2,5.15,7,3.2358404332,2.16327107115,259,0.542976939203
71,"[1100,2000)","[5,6)",5.2,5.3,5.25,7,3.29867228627,2.12206590789,266,0.557651991614
71,"[1100,2000)","[5,6)",5.3,5.4,5.35,12,3.36150413934,3.56983049926,278,0.582809224319
71,"[1100,2000)","[5,6)",5.4,5.5,5.45,8,3.42433599241,2.33621934814,286,0.599580712788
71,"[1100,2000)","[5,6)",5.5,5.6,5.55,12,3.48716784548,3.44118795874,298,0.624737945493
71,"[1100,2000)","[5,6)",5.6,5.7,5.65,14,3.54999969856,3.9436623067,312,0.654088050314
71,"[1100,2000)","[5,6)",5.7,5.8,5.75,3,3.61283155163,0.830373616132,315,0.660377358491
71,"[1100,2000)","[5,6)",5.8,5.9,5.85,8,3.6756634047,2.17647785425,323,0.67714884696
71,"[1100,2000)","[5,6)",5.9,6,5.95,7,3.73849525777,1.8724110952,330,0.691823899371
71,"[1100,2000)","[5,6)",6,6.1,6.05,12,3.80132711084,3.15679225967,342,0.716981132075
71,"[1100,2000)","[5,6)",6.1,6.2,6.15,12,3.86415896392,3.10546230423,354,0.74213836478
71,"[1100,2000)","[5,6)",6.2,6.3,6.25,13,3.92699081699,3.31042281631,367,0.769392033543
71,"[1100,2000)","[5,6)",6.3,6.4,6.35,12,3.98982267006,3.00765246788,379,0.794549266247
71,"[1100,2000)","[5,6)",6.4,6.5,6.45,19,4.05265452313,4.68828514534,398,0.834381551363
71,"[1100,2000)","[5,6)",6.5,6.6,6.55,13,4.1154863762,3.15880039724,411,0.861635220126
71,"[1100,2000)","[5,6)",6.6,6.7,6.65,11,4.17831822927,2.63263815641,422,0.884696016771
71,"[1100,2000)","[5,6)",6.7,6.8,6.75,14,4.24115008235,3.30099141228,436,0.914046121593
71,"[1100,2000)","[5,6)",6.8,6.9,6.85,6,4.30398193542,1.3940578957,442,0.926624737945
71,"[1100,2000)","[5,6)",6.9,7,6.95,10,4.36681378849,2.28999918118,452,0.947589098532
71,"[1100,2000)","[5,6)",7,7.1,7.05,6,4.42964564156,1.35451015397,458,0.960167714885
71,"[1100,2000)","[5,6)",7.1,7.2,7.15,4,4.49247749463,0.890377304011,462,0.968553459119
71,"[1100,2000)","[5,6)",7.2,7.3,7.25,2,4.55530934771,0.439048118874,464,0.972746331237
71,"[1100,2000)","[5,6)",7.3,7.4,7.35,4,4.61814120078,0.86614935016,468,0.981132075472
71,"[1100,2000)","[5,6)",7.4,7.5,7.45,2,4.68097305385,0.427261592193,470,0.985324947589
71,"[1100,2000)","[5,6)",7.5,7.6,7.55,1,4.74380490692,0.210801249128,471,0.987421383648
71,"[1100,2000)","[5,6)",7.6,7.7,7.65,0,4.80663675999,0,471,0.987421383648
71,"[1100,2000)","[5,6)",7.7,7.8,7.75,0,4.86946861306,0,471,0.987421383648
71,"[1100,2000)","[5,6)",7.8,7.9,7.85,0,4.93230046614,0,471,0.987421383648
71,"[1100,2000)","[5,6)",7.9,8,7.95,0,4.99513231921,0,471,0.987421383648
71,"[1100,2000)","[5,6)",8,8.1,8.05,0,5.05796417228,0,471,0.987421383648
71,"[1100,2000)","[5,6)",8.1,8.2,8.15,0,5.12079602535,0,471,0.987421383648
71,"[1100,2000)","[5,6)",8.2,8.3,8.25,0,5.18362787842,0,471,0.987421383648
71,"[1100,2000)","[5,6)",8.3,8.4,8.35,0,5.24645973149,0,471,0.987421383648
71,"[1100,2000)","[5,6)",8.4,8.5,8.45,0,5.30929158457,0,471,0.987421383648
71,"[1100,2000)","[5,6)",8.5,8.6,8.55,0,5.37212343764,0,471,0.987421383648
71,"[1100,2000)","[5,6)",8.6,8.7,8.65,0,5.43495529071,0,471,0.987421383648
71,"[1100,2000)","[5,6)",8.7,8.8,8.75,0,5.49778714378,0,471,0.987421383648
71,"[1100,2000)","[5,6)",8.8,8.9,8.85,0,5.56061899685,0,471,0.987421383648
71,"[1100,2000)","[5,6)",8.9,9,8.95,0,5.62345084993,0,471,0.987421383648
71,"[1100,2000)","[5,6)",9,9.1,9.05,1,5.686282703,0.175861815571,472,0.989517819706
71,"[1100,2000)","[5,6)",9.1,9.2,9.15,0,5.74911455607,0,472,0.989517819706
71,"[1100,2000)","[5,6)",9.2,9.3,9.25,0,5.81194640914,0,472,0.989517819706
71,"[1100,2000)","[5,6)",9.3,9.4,9.35,0,5.87477826221,0,472,0.989517819706
71,"[1100,2000)","[5,6)",9.4,9.5,9.45,0,5.93761011528,0,472,0.989517819706
71,"[1100,2000)","[5,6)",9.5,9.6,9.55,0,6.00044196836,0,472,0.989517819706
71,"[1100,2000)","[5,6)",9.6,9.7,9.65,2,6.06327382143,0.329854804336,474,0.993710691824
71,"[1100,2000)","[5,6)",9.7,9.8,9.75,0,6.1261056745,0,474,0.993710691824
71,"[1100,2000)","[5,6)",9.8,9.9,9.85,0,6.18893752757,0,474,0.993710691824
71,"[1100,2000)","[5,6)",9.9,10,9.95,1,6.25176938064,0.159954716675,475,0.995807127883
71,"[1100,2000)","[5,6)",10,10.1,10.05,0,6.31460123372,0,475,0.995807127883
71,"[1100,2000)","[5,6)",10.1,10.2,10.15,0,6.37743308679,0,475,0.995807127883
71,"[1100,2000)","[5,6)",10.2,10.3,10.25,0,6.44026493986,0,475,0.995807127883
71,"[1100,2000)","[5,6)",10.3,10.4,10.35,0,6.50309679293,0,475,0.995807127883
71,"[1100,2000)","[5,6)",10.4,10.5,10.45,0,6.565928646,0,475,0.995807127883
71,"[1100,2000)","[5,6)",10.5,10.6,10.55,0,6.62876049907,0,475,0.995807127883
71,"[1100,2000)","[5,6)",10.6,10.7,10.65,0,6.69159235215,0,475,0.995807127883
71,"[1100,2000)","[5,6)",10.7,10.8,10.75,0,6.75442420522,0,475,0.995807127883
71,"[1100,2000)","[5,6)",10.8,10.9,10.85,0,6.81725605829,0,475,0.995807127883
71,"[1100,2000)","[5,6)",10.9,11,10.95,0,6.88008791136,0,475,0.995807127883
71,"[1100,2000)","[5,6)",11,11.1,11.05,0,6.94291976443,0,475,0.995807127883
71,"[1100,2000)","[5,6)",11.1,11.2,11.15,1,7.00575161751,0.142739859275,476,0.997903563941
71,"[1100,2000)","[5,6)",11.2,11.3,11.25,0,7.06858347058,0,476,0.997903563941
71,"[1100,2000)","[5,6)",11.3,11.4,11.35,0,7.13141532365,0,476,0.997903563941
71,"[1100,2000)","[5,6)",11.4,11.5,11.45,0,7.19424717672,0,476,0.997903563941
71,"[1100,2000)","[5,6)",11.5,11.6,11.55,0,7.25707902979,0,476,0.997903563941
71,"[1100,2000)","[5,6)",11.6,11.7,11.65,0,7.31991088286,0,476,0.997903563941
71,"[1100,2000)","[5,6)",11.7,11.8,11.75,0,7.38274273594,0,476,0.997903563941
71,"[1100,2000)","[5,6)",11.8,11.9,11.85,1,7.44557458901,0.134307968854,477,1
71,"[1100,2000)","[5,6)",11.9,12,11.95,0,7.50840644208,0,477,1
72,"[1100,2000)",>=6,0,0.1,0.05,0,0.0314159265359,0,0,0
72,"[1100,2000)",>=6,0.1,0.2,0.15,0,0.0942477796077,0,0,0
72,"[1100,2000)",>=6,0.2,0.3,0.25,0,0.157079632679,0,0,0
72,"[1100,2000)",>=6,0.3,0.4,0.35,0,0.219911485751,0,0,0
72,"[1100,2000)",>=6,0.4,0.5,0.45,0,0.282743338823,0,0,0
72,"[1100,2000)",>=6,0.5,0.6,0.55,0,0.345575191895,0,0,0
72,"[1100,2000)",>=6,0.6,0.7,0.65,0,0.408407044967,0,0,0
72,"[1100,2000)",>=6,0.7,0.8,0.75,0,0.471238898038,0,0,0
72,"[1100,2000)",>=6,0.8,0.9,0.85,0,0.53407075111,0,0,0
72,"[1100,2000)",>=6,0.9,1,0.95,0,0.596902604182,0,0,0
72,"[1100,2000)",>=6,1,1.1,1.05,0,0.659734457254,0,0,0
72,"[1100,2000)",>=6,1.1,1.2,1.15,0,0.722566310326,0,0,0
72,"[1100,2000)",>=6,1.2,1.3,1.25,0,0.785398163397,0,0,0
72,"[1100,2000)",>=6,1.3,1.4,1.35,0,0.848230016469,0,0,0
72,"[1100,2000)",>=6,1.4,1.5,1.45,0,0.911061869541,0,0,0
72,"[1100,2000)",>=6,1.5,1.6,1.55,0,0.973893722613,0,0,0
72,"[1100,2000)",>=6,1.6,1.7,1.65,0,1.03672557568,0,0,0
72,"[1100,2000)",>=6,1.7,1.8,1.75,0,1.09955742876,0,0,0
72,"[1100,2000)",>=6,1.8,1.9,1.85,0,1.16238928183,0,0,0
72,"[1100,2000)",>=6,1.9,2,1.95,0,1.2252211349,0,0,0
72,"[1100,2000)",>=6,2,2.1,2.05,0,1.28805298797,0,0,0
72,"[1100,2000)",>=6,2.1,2.2,2.15,0,1.35088484104,0,0,0
72,"[1100,2000)",>=6,2.2,2.3,2.25,0,1.41371669412,0,0,0
72,"[1100,2000)",>=6,2.3,2.4,2.35,0,1.47654854719,0,0,0
72,"[1100,2000)",>=6,2.4,2.5,2.45,0,1.53938040026,0,0,0
72,"[1100,2000)",>=6,2.5,2.6,2.55,0,1.60221225333,0,0,0
72,"[1100,2000)",>=6,2.6,2.7,2.65,0,1.6650441064,0,0,0
72,"[1100,2000)",>=6,2.7,2.8,2.75,0,1.72787595947,0,0,0
72,"[1100,2000)",>=6,2.8,2.9,2.85,0,1.79070781255,0,0,0
72,"[1100,2000)",>=6,2.9,3,2.95,0,1.85353966562,0,0,0
72,"[1100,2000)",>=6,3,3.1,3.05,0,1.91637151869,0,0,0
72,"[1100,2000)",>=6,3.1,3.2,3.15,0,1.97920337176,0,0,0
72,"[1100,2000)",>=6,3.2,3.3,3.25,0,2.04203522483,0,0,0
72,"[1100,2000)",>=6,3.3,3.4,3.35,0,2.10486707791,0,0,0
72,"[1100,2000)",>=6,3.4,3.5,3.45,0,2.16769893098,0,0,0
72,"[1100,2000)",>=6,3.5,3.6,3.55,0,2.23053078405,0,0,0
72,"[1100,2000)",>=6,3.6,3.7,3.65,0,2.29336263712,0,0,0
72,"[1100,2000)",>=6,3.7,3.8,3.75,0,2.35619449019,0,0,0
72,"[1100,2000)",>=6,3.8,3.9,3.85,0,2.41902634326,0,0,0
72,"[1100,2000)",>=6,3.9,4,3.95,0,2.48185819634,0,0,0
72,"[1100,2000)",>=6,4,4.1,4.05,0,2.54469004941,0,0,0
72,"[1100,2000)",>=6,4.1,4.2,4.15,0,2.60752190248,0,0,0
72,"[1100,2000)",>=6,4.2,4.3,4.25,0,2.67035375555,0,0,0
72,"[1100,2000)",>=6,4.3,4.4,4.35,0,2.73318560862,0,0,0
72,"[1100,2000)",>=6,4.4,4.5,4.45,0,2.79601746169,0,0,0
72,"[1100,2000)",>=6,4.5,4.6,4.55,0,2.85884931477,0,0,0
72,"[1100,2000)",>=6,4.6,4.7,4.65,0,2.92168116784,0,0,0
72,"[1100,2000)",>=6,4.7,4.8,4.75,0,2.98451302091,0,0,0
72,"[1100,2000)",>=6,4.8,4.9,4.85,0,3.04734487398,0,0,0
72,"[1100,2000)",>=6,4.9,5,4.95,0,3.11017672705,0,0,0
72,"[1100,2000)",>=6,5,5.1,5.05,0,3.17300858013,0,0,0
72,"[1100,2000)",>=6,5.1,5.2,5.15,0,3.2358404332,0,0,0
72,"[1100,2000)",>=6,5.2,5.3,5.25,0,3.29867228627,0,0,0
72,"[1100,2000)",>=6,5.3,5.4,5.35,0,3.36150413934,0,0,0
72,"[1100,2000)",>=6,5.4,5.5,5.45,0,3.42433599241,0,0,0
72,"[1100,2000)",>=6,5.5,5.6,5.55,0,3.48716784548,0,0,0
72,"[1100,2000)",>=6,5.6,5.7,5.65,0,3.54999969856,0,0,0
72,"[1100,2000)",>=6,5.7,5.8,5.75,0,3.61283155163,0,0,0
72,"[1100,2000)",>=6,5.8,5.9,5.85,0,3.6756634047,0,0,0
72,"[1100,2000)",>=6,5.9,6,5.95,0,3.73849525777,0,0,0
72,"[1100,2000)",>=6,6,6.1,6.05,0,3.80132711084,0,0,0
72,"[1100,2000)",>=6,6.1,6.2,6.15,0,3.86415896392,0,0,0
72,"[1100,2000)",>=6,6.2,6.3,6.25,0,3.92699081699,0,0,0
72,"[1100,2000)",>=6,6.3,6.4,6.35,0,3.98982267006,0,0,0
72,"[1100,2000)",>=6,6.4,6.5,6.45,0,4.05265452313,0,0,0
72,"[1100,2000)",>=6,6.5,6.6,6.55,0,4.1154863762,0,0,0
72,"[1100,2000)",>=6,6.6,6.7,6.65,0,4.17831822927,0,0,0
72,"[1100,2000)",>=6,6.7,6.8,6.75,0,4.24115008235,0,0,0
72,"[1100,2000)",>=6,6.8,6.9,6.85,0,4.30398193542,0,0,0
72,"[1100,2000)",>=6,6.9,7,6.95,0,4.36681378849,0,0,0
72,"[1100,2000)",>=6,7,7.1,7.05,0,4.42964564156,0,0,0
72,"[1100,2000)",>=6,7.1,7.2,7.15,0,4.49247749463,0,0,0
72,"[1100,2000)",>=6,7.2,7.3,7.25,0,4.55530934771,0,0,0
72,"[1100,2000)",>=6,7.3,7.4,7.35,0,4.61814120078,0,0,0
72,"[1100,2000)",>=6,7.4,7.5,7.45,0,4.68097305385,0,0,0
72,"[1100,2000)",>=6,7.5,7.6,7.55,0,4.74380490692,0,0,0
72,"[1100,2000)",>=6,7.6,7.7,7.65,0,4.80663675999,0,0,0
72,"[1100,2000)",>=6,7.7,7.8,7.75,0,4.86946861306,0,0,0
72,"[1100,2000)",>=6,7.8,7.9,7.85,0,4.93230046614,0,0,0
72,"[1100,2000)",>=6,7.9,8,7.95,0,4.99513231921,0,0,0
72,"[1100,2000)",>=6,8,8.1,8.05,0,5.05796417228,0,0,0
72,"[1100,2000)",>=6,8.1,8.2,8.15,0,5.12079602535,0,0,0
72,"[1100,2000)",>=6,8.2,8.3,8.25,0,5.18362787842,0,0,0
72,"[1100,2000)",>=6,8.3,8.4,8.35,0,5.24645973149,0,0,0
72,"[1100,2000)",>=6,8.4,8.5,8.45,0,5.30929158457,0,0,0
72,"[1100,2000)",>=6,8.5,8.6,8.55,0,5.37212343764,0,0,0
72,"[1100,2000)",>=6,8.6,8.7,8.65,0,5.43495529071,0,0,0
72,"[1100,2000)",>=6,8.7,8.8,8.75,0,5.49778714378,0,0,0
72,"[1100,2000)",>=6,8.8,8.9,8.85,0,5.56061899685,0,0,0
72,"[1100,2000)",>=6,8.9,9,8.95,0,5.62345084993,0,0,0
72,"[1100,2000)",>=6,9,9.1,9.05,0,5.686282703,0,0,0
72,"[1100,2000)",>=6,9.1,9.2,9.15,0,5.74911455607,0,0,0
72,"[1100,2000)",>=6,9.2,9.3,9.25,0,5.81194640914,0,0,0
72,"[1100,2000)",>=6,9.3,9.4,9.35,0,5.87477826221,0,0,0
72,"[1100,2000)",>=6,9.4,9.5,9.45,0,5.93761011528,0,0,0
72,"[1100,2000)",>=6,9.5,9.6,9.55,0,6.00044196836,0,0,0
72,"[1100,2000)",>=6,9.6,9.7,9.65,0,6.06327382143,0,0,0
72,"[1100,2000)",>=6,9.7,9.8,9.75,0,6.1261056745,0,0,0
72,"[1100,2000)",>=6,9.8,9.9,9.85,0,6.18893752757,0,0,0
72,"[1100,2000)",>=6,9.9,10,9.95,0,6.25176938064,0,0,0
72,"[1100,2000)",>=6,10,10.1,10.05,0,6.31460123372,0,0,0
72,"[1100,2000)",>=6,10.1,10.2,10.15,0,6.37743308679,0,0,0
72,"[1100,2000)",>=6,10.2,10.3,10.25,0,6.44026493986,0,0,0
72,"[1100,2000)",>=6,10.3,10.4,10.35,0,6.50309679293,0,0,0
72,"[1100,2000)",>=6,10.4,10.5,10.45,0,6.565928646,0,0,0
72,"[1100,2000)",>=6,10.5,10.6,10.55,0,6.62876049907,0,0,0
72,"[1100,2000)",>=6,10.6,10.7,10.65,0,6.69159235215,0,0,0
72,"[1100,2000)",>=6,10.7,10.8,10.75,0,6.75442420522,0,0,0
72,"[1100,2000)",>=6,10.8,10.9,10.85,0,6.81725605829,0,0,0
72,"[1100,2000)",>=6,10.9,11,10.95,0,6.88008791136,0,0,0
72,"[1100,2000)",>=6,11,11.1,11.05,0,6.94291976443,0,0,0
72,"[1100,2000)",>=6,11.1,11.2,11.15,0,7.00575161751,0,0,0
72,"[1100,2000)",>=6,11.2,11.3,11.25,0,7.06858347058,0,0,0
72,"[1100,2000)",>=6,11.3,11.4,11.35,0,7.13141532365,0,0,0
72,"[1100,2000)",>=6,11.4,11.5,11.45,0,7.19424717672,0,0,0
72,"[1100,2000)",>=6,11.5,11.6,11.55,0,7.25707902979,0,0,0
72,"[1100,2000)",>=6,11.6,11.7,11.65,0,7.31991088286,0,0,0
72,"[1100,2000)",>=6,11.7,11.8,11.75,0,7.38274273594,0,0,0
72,"[1100,2000)",>=6,11.8,11.9,11.85,0,7.44557458901,0,0,0
72,"[1100,2000)",>=6,11.9,12,11.95,0,7.50840644208,0,0,0
73,"[2000,3000)","[2,2.5)",0,0.1,0.05,0,0.0314159265359,0,0,0
73,"[2000,3000)","[2,2.5)",0.1,0.2,0.15,0,0.0942477796077,0,0,0
73,"[2000,3000)","[2,2.5)",0.2,0.3,0.25,0,0.157079632679,0,0,0
73,"[2000,3000)","[2,2.5)",0.3,0.4,0.35,0,0.219911485751,0,0,0
73,"[2000,3000)","[2,2.5)",0.4,0.5,0.45,0,0.282743338823,0,0,0
73,"[2000,3000)","[2,2.5)",0.5,0.6,0.55,0,0.345575191895,0,0,0
73,"[2000,3000)","[2,2.5)",0.6,0.7,0.65,0,0.408407044967,0,0,0
73,"[2000,3000)","[2,2.5)",0.7,0.8,0.75,0,0.471238898038,0,0,0
73,"[2000,3000)","[2,2.5)",0.8,0.9,0.85,0,0.53407075111,0,0,0
73,"[2000,3000)","[2,2.5)",0.9,1,0.95,0,0.596902604182,0,0,0
73,"[2000,3000)","[2,2.5)",1,1.1,1.05,0,0.659734457254,0,0,0
73,"[2000,3000)","[2,2.5)",1.1,1.2,1.15,0,0.722566310326,0,0,0
73,"[2000,3000)","[2,2.5)",1.2,1.3,1.25,0,0.785398163397,0,0,0
73,"[2000,3000)","[2,2.5)",1.3,1.4,1.35,0,0.848230016469,0,0,0
73,"[2000,3000)","[2,2.5)",1.4,1.5,1.45,0,0.911061869541,0,0,0
73,"[2000,3000)","[2,2.5)",1.5,1.6,1.55,0,0.973893722613,0,0,0
73,"[2000,3000)","[2,2.5)",1.6,1.7,1.65,0,1.03672557568,0,0,0
73,"[2000,3000)","[2,2.5)",1.7,1.8,1.75,0,1.09955742876,0,0,0
73,"[2000,3000)","[2,2.5)",1.8,1.9,1.85,0,1.16238928183,0,0,0
73,"[2000,3000)","[2,2.5)",1.9,2,1.95,0,1.2252211349,0,0,0
73,"[2000,3000)","[2,2.5)",2,2.1,2.05,0,1.28805298797,0,0,0
73,"[2000,3000)","[2,2.5)",2.1,2.2,2.15,0,1.35088484104,0,0,0
73,"[2000,3000)","[2,2.5)",2.2,2.3,2.25,0,1.41371669412,0,0,0
73,"[2000,3000)","[2,2.5)",2.3,2.4,2.35,0,1.47654854719,0,0,0
73,"[2000,3000)","[2,2.5)",2.4,2.5,2.45,0,1.53938040026,0,0,0
73,"[2000,3000)","[2,2.5)",2.5,2.6,2.55,0,1.60221225333,0,0,0
73,"[2000,3000)","[2,2.5)",2.6,2.7,2.65,0,1.6650441064,0,0,0
73,"[2000,3000)","[2,2.5)",2.7,2.8,2.75,0,1.72787595947,0,0,0
73,"[2000,3000)","[2,2.5)",2.8,2.9,2.85,0,1.79070781255,0,0,0
73,"[2000,3000)","[2,2.5)",2.9,3,2.95,0,1.85353966562,0,0,0
73,"[2000,3000)","[2,2.5)",3,3.1,3.05,0,1.91637151869,0,0,0
73,"[2000,3000)","[2,2.5)",3.1,3.2,3.15,0,1.97920337176,0,0,0
73,"[2000,3000)","[2,2.5)",3.2,3.3,3.25,0,2.04203522483,0,0,0
73,"[2000,3000)","[2,2.5)",3.3,3.4,3.35,0,2.10486707791,0,0,0
73,"[2000,3000)","[2,2.5)",3.4,3.5,3.45,0,2.16769893098,0,0,0
73,"[2000,3000)","[2,2.5)",3.5,3.6,3.55,0,2.23053078405,0,0,0
73,"[2000,3000)","[2,2.5)",3.6,3.7,3.65,0,2.29336263712,0,0,0
73,"[2000,3000)","[2,2.5)",3.7,3.8,3.75,0,2.35619449019,0,0,0
73,"[2000,3000)","[2,2.5)",3.8,3.9,3.85,0,2.41902634326,0,0,0
73,"[2000,3000)","[2,2.5)",3.9,4,3.95,0,2.48185819634,0,0,0
73,"[2000,3000)","[2,2.5)",4,4.1,4.05,0,2.54469004941,0,0,0
73,"[2000,3000)","[2,2.5)",4.1,4.2,4.15,0,2.60752190248,0,0,0
73,"[2000,3000)","[2,2.5)",4.2,4.3,4.25,0,2.67035375555,0,0,0
73,"[2000,3000)","[2,2.5)",4.3,4.4,4.35,0,2.73318560862,0,0,0
73,"[2000,3000)","[2,2.5)",4.4,4.5,4.45,0,2.79601746169,0,0,0
73,"[2000,3000)","[2,2.5)",4.5,4.6,4.55,0,2.85884931477,0,0,0
73,"[2000,3000)","[2,2.5)",4.6,4.7,4.65,0,2.92168116784,0,0,0
73,"[2000,3000)","[2,2.5)",4.7,4.8,4.75,0,2.98451302091,0,0,0
73,"[2000,3000)","[2,2.5)",4.8,4.9,4.85,0,3.04734487398,0,0,0
73,"[2000,3000)","[2,2.5)",4.9,5,4.95,0,3.11017672705,0,0,0
73,"[2000,3000)","[2,2.5)",5,5.1,5.05,0,3.17300858013,0,0,0
73,"[2000,3000)","[2,2.5)",5.1,5.2,5.15,0,3.2358404332,0,0,0
73,"[2000,3000)","[2,2.5)",5.2,5.3,5.25,0,3.29867228627,0,0,0
73,"[2000,3000)","[2,2.5)",5.3,5.4,5.35,0,3.36150413934,0,0,0
73,"[2000,3000)","[2,2.5)",5.4,5.5,5.45,0,3.42433599241,0,0,0
73,"[2000,3000)","[2,2.5)",5.5,5.6,5.55,0,3.48716784548,0,0,0
73,"[2000,3000)","[2,2.5)",5.6,5.7,5.65,0,3.54999969856,0,0,0
73,"[2000,3000)","[2,2.5)",5.7,5.8,5.75,0,3.61283155163,0,0,0
73,"[2000,3000)","[2,2.5)",5.8,5.9,5.85,0,3.6756634047,0,0,0
73,"[2000,3000)","[2,2.5)",5.9,6,5.95,0,3.73849525777,0,0,0
73,"[2000,3000)","[2,2.5)",6,6.1,6.05,0,3.80132711084,0,0,0
73,"[2000,3000)","[2,2.5)",6.1,6.2,6.15,0,3.86415896392,0,0,0
73,"[2000,3000)","[2,2.5)",6.2,6.3,6.25,0,3.92699081699,0,0,0
73,"[2000,3000)","[2,2.5)",6.3,6.4,6.35,0,3.98982267006,0,0,0
73,"[2000,3000)","[2,2.5)",6.4,6.5,6.45,0,4.05265452313,0,0,0
73,"[2000,3000)","[2,2.5)",6.5,6.6,6.55,0,4.1154863762,0,0,0
73,"[2000,3000)","[2,2.5)",6.6,6.7,6.65,0,4.17831822927,0,0,0
73,"[2000,3000)","[2,2.5)",6.7,6.8,6.75,0,4.24115008235,0,0,0
73,"[2000,3000)","[2,2.5)",6.8,6.9,6.85,0,4.30398193542,0,0,0
73,"[2000,3000)","[2,2.5)",6.9,7,6.95,0,4.36681378849,0,0,0
73,"[2000,3000)","[2,2.5)",7,7.1,7.05,0,4.42964564156,0,0,0
73,"[2000,3000)","[2,2.5)",7.1,7.2,7.15,0,4.49247749463,0,0,0
73,"[2000,3000)","[2,2.5)",7.2,7.3,7.25,0,4.55530934771,0,0,0
73,"[2000,3000)","[2,2.5)",7.3,7.4,7.35,0,4.61814120078,0,0,0
73,"[2000,3000)","[2,2.5)",7.4,7.5,7.45,0,4.68097305385,0,0,0
73,"[2000,3000)","[2,2.5)",7.5,7.6,7.55,0,4.74380490692,0,0,0
73,"[2000,3000)","[2,2.5)",7.6,7.7,7.65,0,4.80663675999,0,0,0
73,"[2000,3000)","[2,2.5)",7.7,7.8,7.75,0,4.86946861306,0,0,0
73,"[2000,3000)","[2,2.5)",7.8,7.9,7.85,0,4.93230046614,0,0,0
73,"[2000,3000)","[2,2.5)",7.9,8,7.95,0,4.99513231921,0,0,0
73,"[2000,3000)","[2,2.5)",8,8.1,8.05,0,5.05796417228,0,0,0
73,"[2000,3000)","[2,2.5)",8.1,8.2,8.15,0,5.12079602535,0,0,0
73,"[2000,3000)","[2,2.5)",8.2,8.3,8.25,0,5.18362787842,0,0,0
73,"[2000,3000)","[2,2.5)",8.3,8.4,8.35,0,5.24645973149,0,0,0
73,"[2000,3000)","[2,2.5)",8.4,8.5,8.45,0,5.30929158457,0,0,0
73,"[2000,3000)","[2,2.5)",8.5,8.6,8.55,0,5.37212343764,0,0,0
73,"[2000,3000)","[2,2.5)",8.6,8.7,8.65,0,5.43495529071,0,0,0
73,"[2000,3000)","[2,2.5)",8.7,8.8,8.75,0,5.49778714378,0,0,0
73,"[2000,3000)","[2,2.5)",8.8,8.9,8.85,0,5.56061899685,0,0,0
73,"[2000,3000)","[2,2.5)",8.9,9,8.95,0,5.62345084993,0,0,0
73,"[2000,3000)","[2,2.5)",9,9.1,9.05,0,5.686282703,0,0,0
73,"[2000,3000)","[2,2.5)",9.1,9.2,9.15,0,5.74911455607,0,0,0
73,"[2000,3000)","[2,2.5)",9.2,9.3,9.25,0,5.81194640914,0,0,0
73,"[2000,3000)","[2,2.5)",9.3,9.4,9.35,0,5.87477826221,0,0,0
73,"[2000,3000)","[2,2.5)",9.4,9.5,9.45,0,5.93761011528,0,0,0
73,"[2000,3000)","[2,2.5)",9.5,9.6,9.55,0,6.00044196836,0,0,0
73,"[2000,3000)","[2,2.5)",9.6,9.7,9.65,0,6.06327382143,0,0,0
73,"[2000,3000)","[2,2.5)",9.7,9.8,9.75,0,6.1261056745,0,0,0
73,"[2000,3000)","[2,2.5)",9.8,9.9,9.85,0,6.18893752757,0,0,0
73,"[2000,3000)","[2,2.5)",9.9,10,9.95,0,6.25176938064,0,0,0
73,"[2000,3000)","[2,2.5)",10,10.1,10.05,0,6.31460123372,0,0,0
73,"[2000,3000)","[2,2.5)",10.1,10.2,10.15,0,6.37743308679,0,0,0
73,"[2000,3000)","[2,2.5)",10.2,10.3,10.25,0,6.44026493986,0,0,0
73,"[2000,3000)","[2,2.5)",10.3,10.4,10.35,0,6.50309679293,0,0,0
73,"[2000,3000)","[2,2.5)",10.4,10.5,10.45,0,6.565928646,0,0,0
73,"[2000,3000)","[2,2.5)",10.5,10.6,10.55,0,6.62876049907,0,0,0
73,"[2000,3000)","[2,2.5)",10.6,10.7,10.65,0,6.69159235215,0,0,0
73,"[2000,3000)","[2,2.5)",10.7,10.8,10.75,0,6.75442420522,0,0,0
73,"[2000,3000)","[2,2.5)",10.8,10.9,10.85,0,6.81725605829,0,0,0
73,"[2000,3000)","[2,2.5)",10.9,11,10.95,0,6.88008791136,0,0,0
73,"[2000,3000)","[2,2.5)",11,11.1,11.05,0,6.94291976443,0,0,0
73,"[2000,3000)","[2,2.5)",11.1,11.2,11.15,0,7.00575161751,0,0,0
73,"[2000,3000)","[2,2.5)",11.2,11.3,11.25,0,7.06858347058,0,0,0
73,"[2000,3000)","[2,2.5)",11.3,11.4,11.35,0,7.13141532365,0,0,0
73,"[2000,3000)","[2,2.5)",11.4,11.5,11.45,0,7.19424717672,0,0,0
73,"[2000,3000)","[2,2.5)",11.5,11.6,11.55,0,7.25707902979,0,0,0
73,"[2000,3000)","[2,2.5)",11.6,11.7,11.65,0,7.31991088286,0,0,0
73,"[2000,3000)","[2,2.5)",11.7,11.8,11.75,0,7.38274273594,0,0,0
73,"[2000,3000)","[2,2.5)",11.8,11.9,11.85,0,7.44557458901,0,0,0
73,"[2000,3000)","[2,2.5)",11.9,12,11.95,0,7.50840644208,0,0,0
74,"[2000,3000)","[2.5,3)",0,0.1,0.05,0,0.0314159265359,0,0,0
74,"[2000,3000)","[2.5,3)",0.1,0.2,0.15,0,0.0942477796077,0,0,0
74,"[2000,3000)","[2.5,3)",0.2,0.3,0.25,0,0.157079632679,0,0,0
74,"[2000,3000)","[2.5,3)",0.3,0.4,0.35,0,0.219911485751,0,0,0
74,"[2000,3000)","[2.5,3)",0.4,0.5,0.45,0,0.282743338823,0,0,0
74,"[2000,3000)","[2.5,3)",0.5,0.6,0.55,0,0.345575191895,0,0,0
74,"[2000,3000)","[2.5,3)",0.6,0.7,0.65,0,0.408407044967,0,0,0
74,"[2000,3000)","[2.5,3)",0.7,0.8,0.75,0,0.471238898038,0,0,0
74,"[2000,3000)","[2.5,3)",0.8,0.9,0.85,0,0.53407075111,0,0,0
74,"[2000,3000)","[2.5,3)",0.9,1,0.95,0,0.596902604182,0,0,0
74,"[2000,3000)","[2.5,3)",1,1.1,1.05,0,0.659734457254,0,0,0
74,"[2000,3000)","[2.5,3)",1.1,1.2,1.15,0,0.722566310326,0,0,0
74,"[2000,3000)","[2.5,3)",1.2,1.3,1.25,0,0.785398163397,0,0,0
74,"[2000,3000)","[2.5,3)",1.3,1.4,1.35,0,0.848230016469,0,0,0
74,"[2000,3000)","[2.5,3)",1.4,1.5,1.45,0,0.911061869541,0,0,0
74,"[2000,3000)","[2.5,3)",1.5,1.6,1.55,0,0.973893722613,0,0,0
74,"[2000,3000)","[2.5,3)",1.6,1.7,1.65,0,1.03672557568,0,0,0
74,"[2000,3000)","[2.5,3)",1.7,1.8,1.75,0,1.09955742876,0,0,0
74,"[2000,3000)","[2.5,3)",1.8,1.9,1.85,0,1.16238928183,0,0,0
74,"[2000,3000)","[2.5,3)",1.9,2,1.95,0,1.2252211349,0,0,0
74,"[2000,3000)","[2.5,3)",2,2.1,2.05,0,1.28805298797,0,0,0
74,"[2000,3000)","[2.5,3)",2.1,2.2,2.15,0,1.35088484104,0,0,0
74,"[2000,3000)","[2.5,3)",2.2,2.3,2.25,0,1.41371669412,0,0,0
74,"[2000,3000)","[2.5,3)",2.3,2.4,2.35,0,1.47654854719,0,0,0
74,"[2000,3000)","[2.5,3)",2.4,2.5,2.45,0,1.53938040026,0,0,0
74,"[2000,3000)","[2.5,3)",2.5,2.6,2.55,0,1.60221225333,0,0,0
74,"[2000,3000)","[2.5,3)",2.6,2.7,2.65,0,1.6650441064,0,0,0
74,"[2000,3000)","[2.5,3)",2.7,2.8,2.75,0,1.72787595947,0,0,0
74,"[2000,3000)","[2.5,3)",2.8,2.9,2.85,0,1.79070781255,0,0,0
74,"[2000,3000)","[2.5,3)",2.9,3,2.95,0,1.85353966562,0,0,0
74,"[2000,3000)","[2.5,3)",3,3.1,3.05,0,1.91637151869,0,0,0
74,"[2000,3000)","[2.5,3)",3.1,3.2,3.15,0,1.97920337176,0,0,0
74,"[2000,3000)","[2.5,3)",3.2,3.3,3.25,0,2.04203522483,0,0,0
74,"[2000,3000)","[2.5,3)",3.3,3.4,3.35,0,2.10486707791,0,0,0
74,"[2000,3000)","[2.5,3)",3.4,3.5,3.45,0,2.16769893098,0,0,0
74,"[2000,3000)","[2.5,3)",3.5,3.6,3.55,0,2.23053078405,0,0,0
74,"[2000,3000)","[2.5,3)",3.6,3.7,3.65,0,2.29336263712,0,0,0
74,"[2000,3000)","[2.5,3)",3.7,3.8,3.75,0,2.35619449019,0,0,0
74,"[2000,3000)","[2.5,3)",3.8,3.9,3.85,0,2.41902634326,0,0,0
74,"[2000,3000)","[2.5,3)",3.9,4,3.95,0,2.48185819634,0,0,0
74,"[2000,3000)","[2.5,3)",4,4.1,4.05,0,2.54469004941,0,0,0
74,"[2000,3000)","[2.5,3)",4.1,4.2,4.15,0,2.60752190248,0,0,0
74,"[2000,3000)","[2.5,3)",4.2,4.3,4.25,0,2.67035375555,0,0,0
74,"[2000,3000)","[2.5,3)",4.3,4.4,4.35,0,2.73318560862,0,0,0
74,"[2000,3000)","[2.5,3)",4.4,4.5,4.45,0,2.79601746169,0,0,0
74,"[2000,3000)","[2.5,3)",4.5,4.6,4.55,0,2.85884931477,0,0,0
74,"[2000,3000)","[2.5,3)",4.6,4.7,4.65,0,2.92168116784,0,0,0
74,"[2000,3000)","[2.5,3)",4.7,4.8,4.75,0,2.98451302091,0,0,0
74,"[2000,3000)","[2.5,3)",4.8,4.9,4.85,0,3.04734487398,0,0,0
74,"[2000,3000)","[2.5,3)",4.9,5,4.95,0,3.11017672705,0,0,0
74,"[2000,3000)","[2.5,3)",5,5.1,5.05,0,3.17300858013,0,0,0
74,"[2000,3000)","[2.5,3)",5.1,5.2,5.15,0,3.2358404332,0,0,0
74,"[2000,3000)","[2.5,3)",5.2,5.3,5.25,0,3.29867228627,0,0,0
74,"[2000,3000)","[2.5,3)",5.3,5.4,5.35,0,3.36150413934,0,0,0
74,"[2000,3000)","[2.5,3)",5.4,5.5,5.45,0,3.42433599241,0,0,0
74,"[2000,3000)","[2.5,3)",5.5,5.6,5.55,0,3.48716784548,0,0,0
74,"[2000,3000)","[2.5,3)",5.6,5.7,5.65,0,3.54999969856,0,0,0
74,"[2000,3000)","[2.5,3)",5.7,5.8,5.75,0,3.61283155163,0,0,0
74,"[2000,3000)","[2.5,3)",5.8,5.9,5.85,0,3.6756634047,0,0,0
74,"[2000,3000)","[2.5,3)",5.9,6,5.95,0,3.73849525777,0,0,0
74,"[2000,3000)","[2.5,3)",6,6.1,6.05,0,3.80132711084,0,0,0
74,"[2000,3000)","[2.5,3)",6.1,6.2,6.15,0,3.86415896392,0,0,0
74,"[2000,3000)","[2.5,3)",6.2,6.3,6.25,0,3.92699081699,0,0,0
74,"[2000,3000)","[2.5,3)",6.3,6.4,6.35,0,3.98982267006,0,0,0
74,"[2000,3000)","[2.5,3)",6.4,6.5,6.45,0,4.05265452313,0,0,0
74,"[2000,3000)","[2.5,3)",6.5,6.6,6.55,0,4.1154863762,0,0,0
74,"[2000,3000)","[2.5,3)",6.6,6.7,6.65,0,4.17831822927,0,0,0
74,"[2000,3000)","[2.5,3)",6.7,6.8,6.75,0,4.24115008235,0,0,0
74,"[2000,3000)","[2.5,3)",6.8,6.9,6.85,0,4.30398193542,0,0,0
74,"[2000,3000)","[2.5,3)",6.9,7,6.95,0,4.36681378849,0,0,0
74,"[2000,3000)","[2.5,3)",7,7.1,7.05,0,4.42964564156,0,0,0
74,"[2000,3000)","[2.5,3)",7.1,7.2,7.15,0,4.49247749463,0,0,0
74,"[2000,3000)","[2.5,3)",7.2,7.3,7.25,0,4.55530934771,0,0,0
74,"[2000,3000)","[2.5,3)",7.3,7.4,7.35,0,4.61814120078,0,0,0
74,"[2000,3000)","[2.5,3)",7.4,7.5,7.45,0,4.68097305385,0,0,0
74,"[2000,3000)","[2.5,3)",7.5,7.6,7.55,0,4.74380490692,0,0,0
74,"[2000,3000)","[2.5,3)",7.6,7.7,7.65,0,4.80663675999,0,0,0
74,"[2000,3000)","[2.5,3)",7.7,7.8,7.75,0,4.86946861306,0,0,0
74,"[2000,3000)","[2.5,3)",7.8,7.9,7.85,0,4.93230046614,0,0,0
74,"[2000,3000)","[2.5,3)",7.9,8,7.95,0,4.99513231921,0,0,0
74,"[2000,3000)","[2.5,3)",8,8.1,8.05,0,5.05796417228,0,0,0
74,"[2000,3000)","[2.5,3)",8.1,8.2,8.15,0,5.12079602535,0,0,0
74,"[2000,3000)","[2.5,3)",8.2,8.3,8.25,0,5.18362787842,0,0,0
74,"[2000,3000)","[2.5,3)",8.3,8.4,8.35,0,5.24645973149,0,0,0
74,"[2000,3000)","[2.5,3)",8.4,8.5,8.45,0,5.30929158457,0,0,0
74,"[2000,3000)","[2.5,3)",8.5,8.6,8.55,0,5.37212343764,0,0,0
74,"[2000,3000)","[2.5,3)",8.6,8.7,8.65,0,5.43495529071,0,0,0
74,"[2000,3000)","[2.5,3)",8.7,8.8,8.75,0,5.49778714378,0,0,0
74,"[2000,3000)","[2.5,3)",8.8,8.9,8.85,0,5.56061899685,0,0,0
74,"[2000,3000)","[2.5,3)",8.9,9,8.95,0,5.62345084993,0,0,0
74,"[2000,3000)","[2.5,3)",9,9.1,9.05,0,5.686282703,0,0,0
74,"[2000,3000)","[2.5,3)",9.1,9.2,9.15,0,5.74911455607,0,0,0
74,"[2000,3000)","[2.5,3)",9.2,9.3,9.25,0,5.81194640914,0,0,0
74,"[2000,3000)","[2.5,3)",9.3,9.4,9.35,0,5.87477826221,0,0,0
74,"[2000,3000)","[2.5,3)",9.4,9.5,9.45,0,5.93761011528,0,0,0
74,"[2000,3000)","[2.5,3)",9.5,9.6,9.55,0,6.00044196836,0,0,0
74,"[2000,3000)","[2.5,3)",9.6,9.7,9.65,0,6.06327382143,0,0,0
74,"[2000,3000)","[2.5,3)",9.7,9.8,9.75,0,6.1261056745,0,0,0
74,"[2000,3000)","[2.5,3)",9.8,9.9,9.85,0,6.18893752757,0,0,0
74,"[2000,3000)","[2.5,3)",9.9,10,9.95,0,6.25176938064,0,0,0
74,"[2000,3000)","[2.5,3)",10,10.1,10.05,0,6.31460123372,0,0,0
74,"[2000,3000)","[2.5,3)",10.1,10.2,10.15,0,6.37743308679,0,0,0
74,"[2000,3000)","[2.5,3)",10.2,10.3,10.25,0,6.44026493986,0,0,0
74,"[2000,3000)","[2.5,3)",10.3,10.4,10.35,0,6.50309679293,0,0,0
74,"[2000,3000)","[2.5,3)",10.4,10.5,10.45,0,6.565928646,0,0,0
74,"[2000,3000)","[2.5,3)",10.5,10.6,10.55,0,6.62876049907,0,0,0
74,"[2000,3000)","[2.5,3)",10.6,10.7,10.65,0,6.69159235215,0,0,0
74,"[2000,3000)","[2.5,3)",10.7,10.8,10.75,0,6.75442420522,0,0,0
74,"[2000,3000)","[2.5,3)",10.8,10.9,10.85,0,6.81725605829,0,0,0
74,"[2000,3000)","[2.5,3)",10.9,11,10.95,0,6.88008791136,0,0,0
74,"[2000,3000)","[2.5,3)",11,11.1,11.05,0,6.94291976443,0,0,0
74,"[2000,3000)","[2.5,3)",11.1,11.2,11.15,0,7.00575161751,0,0,0
74,"[2000,3000)","[2.5,3)",11.2,11.3,11.25,0,7.06858347058,0,0,0
74,"[2000,3000)","[2.5,3)",11.3,11.4,11.35,0,7.13141532365,0,0,0
74,"[2000,3000)","[2.5,3)",11.4,11.5,11.45,0,7.19424717672,0,0,0
74,"[2000,3000)","[2.5,3)",11.5,11.6,11.55,0,7.25707902979,0,0,0
74,"[2000,3000)","[2.5,3)",11.6,11.7,11.65,0,7.31991088286,0,0,0
74,"[2000,3000)","[2.5,3)",11.7,11.8,11.75,0,7.38274273594,0,0,0
74,"[2000,3000)","[2.5,3)",11.8,11.9,11.85,0,7.44557458901,0,0,0
74,"[2000,3000)","[2.5,3)",11.9,12,11.95,0,7.50840644208,0,0,0
75,"[2000,3000)","[3,3.25)",0,0.1,0.05,0,0.0314159265359,0,0,0
75,"[2000,3000)","[3,3.25)",0.1,0.2,0.15,0,0.0942477796077,0,0,0
75,"[2000,3000)","[3,3.25)",0.2,0.3,0.25,0,0.157079632679,0,0,0
75,"[2000,3000)","[3,3.25)",0.3,0.4,0.35,0,0.219911485751,0,0,0
75,"[2000,3000)","[3,3.25)",0.4,0.5,0.45,0,0.282743338823,0,0,0
75,"[2000,3000)","[3,3.25)",0.5,0.6,0.55,0,0.345575191895,0,0,0
75,"[2000,3000)","[3,3.25)",0.6,0.7,0.65,0,0.408407044967,0,0,0
75,"[2000,3000)","[3,3.25)",0.7,0.8,0.75,0,0.471238898038,0,0,0
75,"[2000,3000)","[3,3.25)",0.8,0.9,0.85,0,0.53407075111,0,0,0
75,"[2000,3000)","[3,3.25)",0.9,1,0.95,0,0.596902604182,0,0,0
75,"[2000,3000)","[3,3.25)",1,1.1,1.05,0,0.659734457254,0,0,0
75,"[2000,3000)","[3,3.25)",1.1,1.2,1.15,0,0.722566310326,0,0,0
75,"[2000,3000)","[3,3.25)",1.2,1.3,1.25,0,0.785398163397,0,0,0
75,"[2000,3000)","[3,3.25)",1.3,1.4,1.35,0,0.848230016469,0,0,0
75,"[2000,3000)","[3,3.25)",1.4,1.5,1.45,0,0.911061869541,0,0,0
75,"[2000,3000)","[3,3.25)",1.5,1.6,1.55,0,0.973893722613,0,0,0
75,"[2000,3000)","[3,3.25)",1.6,1.7,1.65,0,1.03672557568,0,0,0
75,"[2000,3000)","[3,3.25)",1.7,1.8,1.75,0,1.09955742876,0,0,0
75,"[2000,3000)","[3,3.25)",1.8,1.9,1.85,0,1.16238928183,0,0,0
75,"[2000,3000)","[3,3.25)",1.9,2,1.95,0,1.2252211349,0,0,0
75,"[2000,3000)","[3,3.25)",2,2.1,2.05,0,1.28805298797,0,0,0
75,"[2000,3000)","[3,3.25)",2.1,2.2,2.15,0,1.35088484104,0,0,0
75,"[2000,3000)","[3,3.25)",2.2,2.3,2.25,0,1.41371669412,0,0,0
75,"[2000,3000)","[3,3.25)",2.3,2.4,2.35,0,1.47654854719,0,0,0
75,"[2000,3000)","[3,3.25)",2.4,2.5,2.45,0,1.53938040026,0,0,0
75,"[2000,3000)","[3,3.25)",2.5,2.6,2.55,0,1.60221225333,0,0,0
75,"[2000,3000)","[3,3.25)",2.6,2.7,2.65,0,1.6650441064,0,0,0
75,"[2000,3000)","[3,3.25)",2.7,2.8,2.75,0,1.72787595947,0,0,0
75,"[2000,3000)","[3,3.25)",2.8,2.9,2.85,0,1.79070781255,0,0,0
75,"[2000,3000)","[3,3.25)",2.9,3,2.95,0,1.85353966562,0,0,0
75,"[2000,3000)","[3,3.25)",3,3.1,3.05,0,1.91637151869,0,0,0
75,"[2000,3000)","[3,3.25)",3.1,3.2,3.15,0,1.97920337176,0,0,0
75,"[2000,3000)","[3,3.25)",3.2,3.3,3.25,0,2.04203522483,0,0,0
75,"[2000,3000)","[3,3.25)",3.3,3.4,3.35,0,2.10486707791,0,0,0
75,"[2000,3000)","[3,3.25)",3.4,3.5,3.45,0,2.16769893098,0,0,0
75,"[2000,3000)","[3,3.25)",3.5,3.6,3.55,0,2.23053078405,0,0,0
75,"[2000,3000)","[3,3.25)",3.6,3.7,3.65,0,2.29336263712,0,0,0
75,"[2000,3000)","[3,3.25)",3.7,3.8,3.75,0,2.35619449019,0,0,0
75,"[2000,3000)","[3,3.25)",3.8,3.9,3.85,0,2.41902634326,0,0,0
75,"[2000,3000)","[3,3.25)",3.9,4,3.95,0,2.48185819634,0,0,0
75,"[2000,3000)","[3,3.25)",4,4.1,4.05,0,2.54469004941,0,0,0
75,"[2000,3000)","[3,3.25)",4.1,4.2,4.15,0,2.60752190248,0,0,0
75,"[2000,3000)","[3,3.25)",4.2,4.3,4.25,0,2.67035375555,0,0,0
75,"[2000,3000)","[3,3.25)",4.3,4.4,4.35,0,2.73318560862,0,0,0
75,"[2000,3000)","[3,3.25)",4.4,4.5,4.45,0,2.79601746169,0,0,0
75,"[2000,3000)","[3,3.25)",4.5,4.6,4.55,0,2.85884931477,0,0,0
75,"[2000,3000)","[3,3.25)",4.6,4.7,4.65,0,2.92168116784,0,0,0
75,"[2000,3000)","[3,3.25)",4.7,4.8,4.75,0,2.98451302091,0,0,0
75,"[2000,3000)","[3,3.25)",4.8,4.9,4.85,0,3.04734487398,0,0,0
75,"[2000,3000)","[3,3.25)",4.9,5,4.95,0,3.11017672705,0,0,0
75,"[2000,3000)","[3,3.25)",5,5.1,5.05,0,3.17300858013,0,0,0
75,"[2000,3000)","[3,3.25)",5.1,5.2,5.15,0,3.2358404332,0,0,0
75,"[2000,3000)","[3,3.25)",5.2,5.3,5.25,0,3.29867228627,0,0,0
75,"[2000,3000)","[3,3.25)",5.3,5.4,5.35,0,3.36150413934,0,0,0
75,"[2000,3000)","[3,3.25)",5.4,5.5,5.45,0,3.42433599241,0,0,0
75,"[2000,3000)","[3,3.25)",5.5,5.6,5.55,0,3.48716784548,0,0,0
75,"[2000,3000)","[3,3.25)",5.6,5.7,5.65,0,3.54999969856,0,0,0
75,"[2000,3000)","[3,3.25)",5.7,5.8,5.75,0,3.61283155163,0,0,0
75,"[2000,3000)","[3,3.25)",5.8,5.9,5.85,0,3.6756634047,0,0,0
75,"[2000,3000)","[3,3.25)",5.9,6,5.95,0,3.73849525777,0,0,0
75,"[2000,3000)","[3,3.25)",6,6.1,6.05,0,3.80132711084,0,0,0
75,"[2000,3000)","[3,3.25)",6.1,6.2,6.15,0,3.86415896392,0,0,0
75,"[2000,3000)","[3,3.25)",6.2,6.3,6.25,0,3.92699081699,0,0,0
75,"[2000,3000)","[3,3.25)",6.3,6.4,6.35,0,3.98982267006,0,0,0
75,"[2000,3000)","[3,3.25)",6.4,6.5,6.45,0,4.05265452313,0,0,0
75,"[2000,3000)","[3,3.25)",6.5,6.6,6.55,0,4.1154863762,0,0,0
75,"[2000,3000)","[3,3.25)",6.6,6.7,6.65,0,4.17831822927,0,0,0
75,"[2000,3000)","[3,3.25)",6.7,6.8,6.75,0,4.24115008235,0,0,0
75,"[2000,3000)","[3,3.25)",6.8,6.9,6.85,0,4.30398193542,0,0,0
75,"[2000,3000)","[3,3.25)",6.9,7,6.95,0,4.36681378849,0,0,0
75,"[2000,3000)","[3,3.25)",7,7.1,7.05,0,4.42964564156,0,0,0
75,"[2000,3000)","[3,3.25)",7.1,7.2,7.15,0,4.49247749463,0,0,0
75,"[2000,3000)","[3,3.25)",7.2,7.3,7.25,0,4.55530934771,0,0,0
75,"[2000,3000)","[3,3.25)",7.3,7.4,7.35,0,4.61814120078,0,0,0
75,"[2000,3000)","[3,3.25)",7.4,7.5,7.45,0,4.68097305385,0,0,0
75,"[2000,3000)","[3,3.25)",7.5,7.6,7.55,0,4.74380490692,0,0,0
75,"[2000,3000)","[3,3.25)",7.6,7.7,7.65,0,4.80663675999,0,0,0
75,"[2000,3000)","[3,3.25)",7.7,7.8,7.75,0,4.86946861306,0,0,0
75,"[2000,3000)","[3,3.25)",7.8,7.9,7.85,0,4.93230046614,0,0,0
75,"[2000,3000)","[3,3.25)",7.9,8,7.95,0,4.99513231921,0,0,0
75,"[2000,3000)","[3,3.25)",8,8.1,8.05,0,5.05796417228,0,0,0
75,"[2000,3000)","[3,3.25)",8.1,8.2,8.15,0,5.12079602535,0,0,0
75,"[2000,3000)","[3,3.25)",8.2,8.3,8.25,0,5.18362787842,0,0,0
75,"[2000,3000)","[3,3.25)",8.3,8.4,8.35,0,5.24645973149,0,0,0
75,"[2000,3000)","[3,3.25)",8.4,8.5,8.45,0,5.30929158457,0,0,0
75,"[2000,3000)","[3,3.25)",8.5,8.6,8.55,0,5.37212343764,0,0,0
75,"[2000,3000)","[3,3.25)",8.6,8.7,8.65,0,5.43495529071,0,0,0
75,"[2000,3000)","[3,3.25)",8.7,8.8,8.75,0,5.49778714378,0,0,0
75,"[2000,3000)","[3,3.25)",8.8,8.9,8.85,0,5.56061899685,0,0,0
75,"[2000,3000)","[3,3.25)",8.9,9,8.95,0,5.62345084993,0,0,0
75,"[2000,3000)","[3,3.25)",9,9.1,9.05,0,5.686282703,0,0,0
75,"[2000,3000)","[3,3.25)",9.1,9.2,9.15,0,5.74911455607,0,0,0
75,"[2000,3000)","[3,3.25)",9.2,9.3,9.25,0,5.81194640914,0,0,0
75,"[2000,3000)","[3,3.25)",9.3,9.4,9.35,0,5.87477826221,0,0,0
75,"[2000,3000)","[3,3.25)",9.4,9.5,9.45,0,5.93761011528,0,0,0
75,"[2000,3000)","[3,3.25)",9.5,9.6,9.55,0,6.00044196836,0,0,0
75,"[2000,3000)","[3,3.25)",9.6,9.7,9.65,0,6.06327382143,0,0,0
75,"[2000,3000)","[3,3.25)",9.7,9.8,9.75,0,6.1261056745,0,0,0
75,"[2000,3000)","[3,3.25)",9.8,9.9,9.85,0,6.18893752757,0,0,0
75,"[2000,3000)","[3,3.25)",9.9,10,9.95,0,6.25176938064,0,0,0
75,"[2000,3000)","[3,3.25)",10,10.1,10.05,0,6.31460123372,0,0,0
75,"[2000,3000)","[3,3.25)",10.1,10.2,10.15,0,6.37743308679,0,0,0
75,"[2000,3000)","[3,3.25)",10.2,10.3,10.25,0,6.44026493986,0,0,0
75,"[2000,3000)","[3,3.25)",10.3,10.4,10.35,0,6.50309679293,0,0,0
75,"[2000,3000)","[3,3.25)",10.4,10.5,10.45,0,6.565928646,0,0,0
75,"[2000,3000)","[3,3.25)",10.5,10.6,10.55,0,6.62876049907,0,0,0
75,"[2000,3000)","[3,3.25)",10.6,10.7,10.65,0,6.69159235215,0,0,0
75,"[2000,3000)","[3,3.25)",10.7,10.8,10.75,0,6.75442420522,0,0,0
75,"[2000,3000)","[3,3.25)",10.8,10.9,10.85,0,6.81725605829,0,0,0
75,"[2000,3000)","[3,3.25)",10.9,11,10.95,0,6.88008791136,0,0,0
75,"[2000,3000)","[3,3.25)",11,11.1,11.05,0,6.94291976443,0,0,0
75,"[2000,3000)","[3,3.25)",11.1,11.2,11.15,0,7.00575161751,0,0,0
75,"[2000,3000)","[3,3.25)",11.2,11.3,11.25,0,7.06858347058,0,0,0
75,"[2000,3000)","[3,3.25)",11.3,11.4,11.35,0,7.13141532365,0,0,0
75,"[2000,3000)","[3,3.25)",11.4,11.5,11.45,0,7.19424717672,0,0,0
75,"[2000,3000)","[3,3.25)",11.5,11.6,11.55,0,7.25707902979,0,0,0
75,"[2000,3000)","[3,3.25)",11.6,11.7,11.65,0,7.31991088286,0,0,0
75,"[2000,3000)","[3,3.25)",11.7,11.8,11.75,0,7.38274273594,0,0,0
75,"[2000,3000)","[3,3.25)",11.8,11.9,11.85,0,7.44557458901,0,0,0
75,"[2000,3000)","[3,3.25)",11.9,12,11.95,0,7.50840644208,0,0,0
76,"[2000,3000)","[3.25,3.5)",0,0.1,0.05,0,0.0314159265359,0,0,0
76,"[2000,3000)","[3.25,3.5)",0.1,0.2,0.15,0,0.0942477796077,0,0,0
76,"[2000,3000)","[3.25,3.5)",0.2,0.3,0.25,0,0.157079632679,0,0,0
76,"[2000,3000)","[3.25,3.5)",0.3,0.4,0.35,0,0.219911485751,0,0,0
76,"[2000,3000)","[3.25,3.5)",0.4,0.5,0.45,0,0.282743338823,0,0,0
76,"[2000,3000)","[3.25,3.5)",0.5,0.6,0.55,0,0.345575191895,0,0,0
76,"[2000,3000)","[3.25,3.5)",0.6,0.7,0.65,0,0.408407044967,0,0,0
76,"[2000,3000)","[3.25,3.5)",0.7,0.8,0.75,0,0.471238898038,0,0,0
76,"[2000,3000)","[3.25,3.5)",0.8,0.9,0.85,0,0.53407075111,0,0,0
76,"[2000,3000)","[3.25,3.5)",0.9,1,0.95,0,0.596902604182,0,0,0
76,"[2000,3000)","[3.25,3.5)",1,1.1,1.05,0,0.659734457254,0,0,0
76,"[2000,3000)","[3.25,3.5)",1.1,1.2,1.15,0,0.722566310326,0,0,0
76,"[2000,3000)","[3.25,3.5)",1.2,1.3,1.25,0,0.785398163397,0,0,0
76,"[2000,3000)","[3.25,3.5)",1.3,1.4,1.35,0,0.848230016469,0,0,0
76,"[2000,3000)","[3.25,3.5)",1.4,1.5,1.45,0,0.911061869541,0,0,0
76,"[2000,3000)","[3.25,3.5)",1.5,1.6,1.55,0,0.973893722613,0,0,0
76,"[2000,3000)","[3.25,3.5)",1.6,1.7,1.65,0,1.03672557568,0,0,0
76,"[2000,3000)","[3.25,3.5)",1.7,1.8,1.75,0,1.09955742876,0,0,0
76,"[2000,3000)","[3.25,3.5)",1.8,1.9,1.85,0,1.16238928183,0,0,0
76,"[2000,3000)","[3.25,3.5)",1.9,2,1.95,0,1.2252211349,0,0,0
76,"[2000,3000)","[3.25,3.5)",2,2.1,2.05,0,1.28805298797,0,0,0
76,"[2000,3000)","[3.25,3.5)",2.1,2.2,2.15,0,1.35088484104,0,0,0
76,"[2000,3000)","[3.25,3.5)",2.2,2.3,2.25,0,1.41371669412,0,0,0
76,"[2000,3000)","[3.25,3.5)",2.3,2.4,2.35,0,1.47654854719,0,0,0
76,"[2000,3000)","[3.25,3.5)",2.4,2.5,2.45,0,1.53938040026,0,0,0
76,"[2000,3000)","[3.25,3.5)",2.5,2.6,2.55,0,1.60221225333,0,0,0
76,"[2000,3000)","[3.25,3.5)",2.6,2.7,2.65,0,1.6650441064,0,0,0
76,"[2000,3000)","[3.25,3.5)",2.7,2.8,2.75,0,1.72787595947,0,0,0
76,"[2000,3000)","[3.25,3.5)",2.8,2.9,2.85,0,1.79070781255,0,0,0
76,"[2000,3000)","[3.25,3.5)",2.9,3,2.95,0,1.85353966562,0,0,0
76,"[2000,3000)","[3.25,3.5)",3,3.1,3.05,0,1.91637151869,0,0,0
76,"[2000,3000)","[3.25,3.5)",3.1,3.2,3.15,0,1.97920337176,0,0,0
76,"[2000,3000)","[3.25,3.5)",3.2,3.3,3.25,0,2.04203522483,0,0,0
76,"[2000,3000)","[3.25,3.5)",3.3,3.4,3.35,0,2.10486707791,0,0,0
76,"[2000,3000)","[3.25,3.5)",3.4,3.5,3.45,0,2.16769893098,0,0,0
76,"[2000,3000)","[3.25,3.5)",3.5,3.6,3.55,0,2.23053078405,0,0,0
76,"[2000,3000)","[3.25,3.5)",3.6,3.7,3.65,0,2.29336263712,0,0,0
76,"[2000,3000)","[3.25,3.5)",3.7,3.8,3.75,0,2.35619449019,0,0,0
76,"[2000,3000)","[3.25,3.5)",3.8,3.9,3.85,0,2.41902634326,0,0,0
76,"[2000,3000)","[3.25,3.5)",3.9,4,3.95,0,2.48185819634,0,0,0
76,"[2000,3000)","[3.25,3.5)",4,4.1,4.05,0,2.54469004941,0,0,0
76,"[2000,3000)","[3.25,3.5)",4.1,4.2,4.15,0,2.60752190248,0,0,0
76,"[2000,3000)","[3.25,3.5)",4.2,4.3,4.25,0,2.67035375555,0,0,0
76,"[2000,3000)","[3.25,3.5)",4.3,4.4,4.35,0,2.73318560862,0,0,0
76,"[2000,3000)","[3.25,3.5)",4.4,4.5,4.45,0,2.79601746169,0,0,0
76,"[2000,3000)","[3.25,3.5)",4.5,4.6,4.55,0,2.85884931477,0,0,0
76,"[2000,3000)","[3.25,3.5)",4.6,4.7,4.65,0,2.92168116784,0,0,0
76,"[2000,3000)","[3.25,3.5)",4.7,4.8,4.75,0,2.98451302091,0,0,0
76,"[2000,3000)","[3.25,3.5)",4.8,4.9,4.85,0,3.04734487398,0,0,0
76,"[2000,3000)","[3.25,3.5)",4.9,5,4.95,0,3.11017672705,0,0,0
76,"[2000,3000)","[3.25,3.5)",5,5.1,5.05,0,3.17300858013,0,0,0
76,"[2000,3000)","[3.25,3.5)",5.1,5.2,5.15,0,3.2358404332,0,0,0
76,"[2000,3000)","[3.25,3.5)",5.2,5.3,5.25,0,3.29867228627,0,0,0
76,"[2000,3000)","[3.25,3.5)",5.3,5.4,5.35,0,3.36150413934,0,0,0
76,"[2000,3000)","[3.25,3.5)",5.4,5.5,5.45,0,3.42433599241,0,0,0
76,"[2000,3000)","[3.25,3.5)",5.5,5.6,5.55,0,3.48716784548,0,0,0
76,"[2000,3000)","[3.25,3.5)",5.6,5.7,5.65,0,3.54999969856,0,0,0
76,"[2000,3000)","[3.25,3.5)",5.7,5.8,5.75,0,3.61283155163,0,0,0
76,"[2000,3000)","[3.25,3.5)",5.8,5.9,5.85,0,3.6756634047,0,0,0
76,"[2000,3000)","[3.25,3.5)",5.9,6,5.95,0,3.73849525777,0,0,0
76,"[2000,3000)","[3.25,3.5)",6,6.1,6.05,0,3.80132711084,0,0,0
76,"[2000,3000)","[3.25,3.5)",6.1,6.2,6.15,0,3.86415896392,0,0,0
76,"[2000,3000)","[3.25,3.5)",6.2,6.3,6.25,0,3.92699081699,0,0,0
76,"[2000,3000)","[3.25,3.5)",6.3,6.4,6.35,0,3.98982267006,0,0,0
76,"[2000,3000)","[3.25,3.5)",6.4,6.5,6.45,0,4.05265452313,0,0,0
76,"[2000,3000)","[3.25,3.5)",6.5,6.6,6.55,0,4.1154863762,0,0,0
76,"[2000,3000)","[3.25,3.5)",6.6,6.7,6.65,0,4.17831822927,0,0,0
76,"[2000,3000)","[3.25,3.5)",6.7,6.8,6.75,0,4.24115008235,0,0,0
76,"[2000,3000)","[3.25,3.5)",6.8,6.9,6.85,0,4.30398193542,0,0,0
76,"[2000,3000)","[3.25,3.5)",6.9,7,6.95,0,4.36681378849,0,0,0
76,"[2000,3000)","[3.25,3.5)",7,7.1,7.05,0,4.42964564156,0,0,0
76,"[2000,3000)","[3.25,3.5)",7.1,7.2,7.15,0,4.49247749463,0,0,0
76,"[2000,3000)","[3.25,3.5)",7.2,7.3,7.25,0,4.55530934771,0,0,0
76,"[2000,3000)","[3.25,3.5)",7.3,7.4,7.35,0,4.61814120078,0,0,0
76,"[2000,3000)","[3.25,3.5)",7.4,7.5,7.45,0,4.68097305385,0,0,0
76,"[2000,3000)","[3.25,3.5)",7.5,7.6,7.55,0,4.74380490692,0,0,0
76,"[2000,3000)","[3.25,3.5)",7.6,7.7,7.65,0,4.80663675999,0,0,0
76,"[2000,3000)","[3.25,3.5)",7.7,7.8,7.75,0,4.86946861306,0,0,0
76,"[2000,3000)","[3.25,3.5)",7.8,7.9,7.85,0,4.93230046614,0,0,0
76,"[2000,3000)","[3.25,3.5)",7.9,8,7.95,0,4.99513231921,0,0,0
76,"[2000,3000)","[3.25,3.5)",8,8.1,8.05,0,5.05796417228,0,0,0
76,"[2000,3000)","[3.25,3.5)",8.1,8.2,8.15,0,5.12079602535,0,0,0
76,"[2000,3000)","[3.25,3.5)",8.2,8.3,8.25,0,5.18362787842,0,0,0
76,"[2000,3000)","[3.25,3.5)",8.3,8.4,8.35,0,5.24645973149,0,0,0
76,"[2000,3000)","[3.25,3.5)",8.4,8.5,8.45,0,5.30929158457,0,0,0
76,"[2000,3000)","[3.25,3.5)",8.5,8.6,8.55,0,5.37212343764,0,0,0
76,"[2000,3000)","[3.25,3.5)",8.6,8.7,8.65,0,5.43495529071,0,0,0
76,"[2000,3000)","[3.25,3.5)",8.7,8.8,8.75,0,5.49778714378,0,0,0
76,"[2000,3000)","[3.25,3.5)",8.8,8.9,8.85,0,5.56061899685,0,0,0
76,"[2000,3000)","[3.25,3.5)",8.9,9,8.95,0,5.62345084993,0,0,0
76,"[2000,3000)","[3.25,3.5)",9,9.1,9.05,0,5.686282703,0,0,0
76,"[2000,3000)","[3.25,3.5)",9.1,9.2,9.15,0,5.74911455607,0,0,0
76,"[2000,3000)","[3.25,3.5)",9.2,9.3,9.25,0,5.81194640914,0,0,0
76,"[2000,3000)","[3.25,3.5)",9.3,9.4,9.35,0,5.87477826221,0,0,0
76,"[2000,3000)","[3.25,3.5)",9.4,9.5,9.45,0,5.93761011528,0,0,0
76,"[2000,3000)","[3.25,3.5)",9.5,9.6,9.55,0,6.00044196836,0,0,0
76,"[2000,3000)","[3.25,3.5)",9.6,9.7,9.65,0,6.06327382143,0,0,0
76,"[2000,3000)","[3.25,3.5)",9.7,9.8,9.75,0,6.1261056745,0,0,0
76,"[2000,3000)","[3.25,3.5)",9.8,9.9,9.85,0,6.18893752757,0,0,0
76,"[2000,3000)","[3.25,3.5)",9.9,10,9.95,0,6.25176938064,0,0,0
76,"[2000,3000)","[3.25,3.5)",10,10.1,10.05,0,6.31460123372,0,0,0
76,"[2000,3000)","[3.25,3.5)",10.1,10.2,10.15,0,6.37743308679,0,0,0
76,"[2000,3000)","[3.25,3.5)",10.2,10.3,10.25,0,6.44026493986,0,0,0
76,"[2000,3000)","[3.25,3.5)",10.3,10.4,10.35,0,6.50309679293,0,0,0
76,"[2000,3000)","[3.25,3.5)",10.4,10.5,10.45,0,6.565928646,0,0,0
76,"[2000,3000)","[3.25,3.5)",10.5,10.6,10.55,0,6.62876049907,0,0,0
76,"[2000,3000)","[3.25,3.5)",10.6,10.7,10.65,0,6.69159235215,0,0,0
76,"[2000,3000)","[3.25,3.5)",10.7,10.8,10.75,0,6.75442420522,0,0,0
76,"[2000,3000)","[3.25,3.5)",10.8,10.9,10.85,0,6.81725605829,0,0,0
76,"[2000,3000)","[3.25,3.5)",10.9,11,10.95,0,6.88008791136,0,0,0
76,"[2000,3000)","[3.25,3.5)",11,11.1,11.05,0,6.94291976443,0,0,0
76,"[2000,3000)","[3.25,3.5)",11.1,11.2,11.15,0,7.00575161751,0,0,0
76,"[2000,3000)","[3.25,3.5)",11.2,11.3,11.25,0,7.06858347058,0,0,0
76,"[2000,3000)","[3.25,3.5)",11.3,11.4,11.35,0,7.13141532365,0,0,0
76,"[2000,3000)","[3.25,3.5)",11.4,11.5,11.45,0,7.19424717672,0,0,0
76,"[2000,3000)","[3.25,3.5)",11.5,11.6,11.55,0,7.25707902979,0,0,0
76,"[2000,3000)","[3.25,3.5)",11.6,11.7,11.65,0,7.31991088286,0,0,0
76,"[2000,3000)","[3.25,3.5)",11.7,11.8,11.75,0,7.38274273594,0,0,0
76,"[2000,3000)","[3.25,3.5)",11.8,11.9,11.85,0,7.44557458901,0,0,0
76,"[2000,3000)","[3.25,3.5)",11.9,12,11.95,0,7.50840644208,0,0,0
77,"[2000,3000)","[3.5,3.75)",0,0.1,0.05,0,0.0314159265359,0,0,0
77,"[2000,3000)","[3.5,3.75)",0.1,0.2,0.15,0,0.0942477796077,0,0,0
77,"[2000,3000)","[3.5,3.75)",0.2,0.3,0.25,0,0.157079632679,0,0,0
77,"[2000,3000)","[3.5,3.75)",0.3,0.4,0.35,0,0.219911485751,0,0,0
77,"[2000,3000)","[3.5,3.75)",0.4,0.5,0.45,0,0.282743338823,0,0,0
77,"[2000,3000)","[3.5,3.75)",0.5,0.6,0.55,0,0.345575191895,0,0,0
77,"[2000,3000)","[3.5,3.75)",0.6,0.7,0.65,0,0.408407044967,0,0,0
77,"[2000,3000)","[3.5,3.75)",0.7,0.8,0.75,0,0.471238898038,0,0,0
77,"[2000,3000)","[3.5,3.75)",0.8,0.9,0.85,0,0.53407075111,0,0,0
77,"[2000,3000)","[3.5,3.75)",0.9,1,0.95,0,0.596902604182,0,0,0
77,"[2000,3000)","[3.5,3.75)",1,1.1,1.05,0,0.659734457254,0,0,0
77,"[2000,3000)","[3.5,3.75)",1.1,1.2,1.15,0,0.722566310326,0,0,0
77,"[2000,3000)","[3.5,3.75)",1.2,1.3,1.25,0,0.785398163397,0,0,0
77,"[2000,3000)","[3.5,3.75)",1.3,1.4,1.35,0,0.848230016469,0,0,0
77,"[2000,3000)","[3.5,3.75)",1.4,1.5,1.45,0,0.911061869541,0,0,0
77,"[2000,3000)","[3.5,3.75)",1.5,1.6,1.55,0,0.973893722613,0,0,0
77,"[2000,3000)","[3.5,3.75)",1.6,1.7,1.65,0,1.03672557568,0,0,0
77,"[2000,3000)","[3.5,3.75)",1.7,1.8,1.75,0,1.09955742876,0,0,0
77,"[2000,3000)","[3.5,3.75)",1.8,1.9,1.85,0,1.16238928183,0,0,0
77,"[2000,3000)","[3.5,3.75)",1.9,2,1.95,0,1.2252211349,0,0,0
77,"[2000,3000)","[3.5,3.75)",2,2.1,2.05,0,1.28805298797,0,0,0
77,"[2000,3000)","[3.5,3.75)",2.1,2.2,2.15,0,1.35088484104,0,0,0
77,"[2000,3000)","[3.5,3.75)",2.2,2.3,2.25,0,1.41371669412,0,0,0
77,"[2000,3000)","[3.5,3.75)",2.3,2.4,2.35,0,1.47654854719,0,0,0
77,"[2000,3000)","[3.5,3.75)",2.4,2.5,2.45,0,1.53938040026,0,0,0
77,"[2000,3000)","[3.5,3.75)",2.5,2.6,2.55,0,1.60221225333,0,0,0
77,"[2000,3000)","[3.5,3.75)",2.6,2.7,2.65,0,1.6650441064,0,0,0
77,"[2000,3000)","[3.5,3.75)",2.7,2.8,2.75,0,1.72787595947,0,0,0
77,"[2000,3000)","[3.5,3.75)",2.8,2.9,2.85,0,1.79070781255,0,0,0
77,"[2000,3000)","[3.5,3.75)",2.9,3,2.95,0,1.85353966562,0,0,0
77,"[2000,3000)","[3.5,3.75)",3,3.1,3.05,0,1.91637151869,0,0,0
77,"[2000,3000)","[3.5,3.75)",3.1,3.2,3.15,0,1.97920337176,0,0,0
77,"[2000,3000)","[3.5,3.75)",3.2,3.3,3.25,0,2.04203522483,0,0,0
77,"[2000,3000)","[3.5,3.75)",3.3,3.4,3.35,0,2.10486707791,0,0,0
77,"[2000,3000)","[3.5,3.75)",3.4,3.5,3.45,0,2.16769893098,0,0,0
77,"[2000,3000)","[3.5,3.75)",3.5,3.6,3.55,0,2.23053078405,0,0,0
77,"[2000,3000)","[3.5,3.75)",3.6,3.7,3.65,0,2.29336263712,0,0,0
77,"[2000,3000)","[3.5,3.75)",3.7,3.8,3.75,0,2.35619449019,0,0,0
77,"[2000,3000)","[3.5,3.75)",3.8,3.9,3.85,0,2.41902634326,0,0,0
77,"[2000,3000)","[3.5,3.75)",3.9,4,3.95,0,2.48185819634,0,0,0
77,"[2000,3000)","[3.5,3.75)",4,4.1,4.05,0,2.54469004941,0,0,0
77,"[2000,3000)","[3.5,3.75)",4.1,4.2,4.15,0,2.60752190248,0,0,0
77,"[2000,3000)","[3.5,3.75)",4.2,4.3,4.25,0,2.67035375555,0,0,0
77,"[2000,3000)","[3.5,3.75)",4.3,4.4,4.35,0,2.73318560862,0,0,0
77,"[2000,3000)","[3.5,3.75)",4.4,4.5,4.45,0,2.79601746169,0,0,0
77,"[2000,3000)","[3.5,3.75)",4.5,4.6,4.55,0,2.85884931477,0,0,0
77,"[2000,3000)","[3.5,3.75)",4.6,4.7,4.65,0,2.92168116784,0,0,0
77,"[2000,3000)","[3.5,3.75)",4.7,4.8,4.75,0,2.98451302091,0,0,0
77,"[2000,3000)","[3.5,3.75)",4.8,4.9,4.85,0,3.04734487398,0,0,0
77,"[2000,3000)","[3.5,3.75)",4.9,5,4.95,0,3.11017672705,0,0,0
77,"[2000,3000)","[3.5,3.75)",5,5.1,5.05,0,3.17300858013,0,0,0
77,"[2000,3000)","[3.5,3.75)",5.1,5.2,5.15,0,3.2358404332,0,0,0
77,"[2000,3000)","[3.5,3.75)",5.2,5.3,5.25,0,3.29867228627,0,0,0
77,"[2000,3000)","[3.5,3.75)",5.3,5.4,5.35,0,3.36150413934,0,0,0
77,"[2000,3000)","[3.5,3.75)",5.4,5.5,5.45,0,3.42433599241,0,0,0
77,"[2000,3000)","[3.5,3.75)",5.5,5.6,5.55,0,3.48716784548,0,0,0
77,"[2000,3000)","[3.5,3.75)",5.6,5.7,5.65,0,3.54999969856,0,0,0
77,"[2000,3000)","[3.5,3.75)",5.7,5.8,5.75,0,3.61283155163,0,0,0
77,"[2000,3000)","[3.5,3.75)",5.8,5.9,5.85,0,3.6756634047,0,0,0
77,"[2000,3000)","[3.5,3.75)",5.9,6,5.95,0,3.73849525777,0,0,0
77,"[2000,3000)","[3.5,3.75)",6,6.1,6.05,0,3.80132711084,0,0,0
77,"[2000,3000)","[3.5,3.75)",6.1,6.2,6.15,0,3.86415896392,0,0,0
77,"[2000,3000)","[3.5,3.75)",6.2,6.3,6.25,0,3.92699081699,0,0,0
77,"[2000,3000)","[3.5,3.75)",6.3,6.4,6.35,0,3.98982267006,0,0,0
77,"[2000,3000)","[3.5,3.75)",6.4,6.5,6.45,0,4.05265452313,0,0,0
77,"[2000,3000)","[3.5,3.75)",6.5,6.6,6.55,0,4.1154863762,0,0,0
77,"[2000,3000)","[3.5,3.75)",6.6,6.7,6.65,0,4.17831822927,0,0,0
77,"[2000,3000)","[3.5,3.75)",6.7,6.8,6.75,0,4.24115008235,0,0,0
77,"[2000,3000)","[3.5,3.75)",6.8,6.9,6.85,0,4.30398193542,0,0,0
77,"[2000,3000)","[3.5,3.75)",6.9,7,6.95,0,4.36681378849,0,0,0
77,"[2000,3000)","[3.5,3.75)",7,7.1,7.05,0,4.42964564156,0,0,0
77,"[2000,3000)","[3.5,3.75)",7.1,7.2,7.15,0,4.49247749463,0,0,0
77,"[2000,3000)","[3.5,3.75)",7.2,7.3,7.25,0,4.55530934771,0,0,0
77,"[2000,3000)","[3.5,3.75)",7.3,7.4,7.35,0,4.61814120078,0,0,0
77,"[2000,3000)","[3.5,3.75)",7.4,7.5,7.45,0,4.68097305385,0,0,0
77,"[2000,3000)","[3.5,3.75)",7.5,7.6,7.55,0,4.74380490692,0,0,0
77,"[2000,3000)","[3.5,3.75)",7.6,7.7,7.65,0,4.80663675999,0,0,0
77,"[2000,3000)","[3.5,3.75)",7.7,7.8,7.75,0,4.86946861306,0,0,0
77,"[2000,3000)","[3.5,3.75)",7.8,7.9,7.85,0,4.93230046614,0,0,0
77,"[2000,3000)","[3.5,3.75)",7.9,8,7.95,0,4.99513231921,0,0,0
77,"[2000,3000)","[3.5,3.75)",8,8.1,8.05,0,5.05796417228,0,0,0
77,"[2000,3000)","[3.5,3.75)",8.1,8.2,8.15,0,5.12079602535,0,0,0
77,"[2000,3000)","[3.5,3.75)",8.2,8.3,8.25,0,5.18362787842,0,0,0
77,"[2000,3000)","[3.5,3.75)",8.3,8.4,8.35,0,5.24645973149,0,0,0
77,"[2000,3000)","[3.5,3.75)",8.4,8.5,8.45,0,5.30929158457,0,0,0
77,"[2000,3000)","[3.5,3.75)",8.5,8.6,8.55,0,5.37212343764,0,0,0
77,"[2000,3000)","[3.5,3.75)",8.6,8.7,8.65,0,5.43495529071,0,0,0
77,"[2000,3000)","[3.5,3.75)",8.7,8.8,8.75,0,5.49778714378,0,0,0
77,"[2000,3000)","[3.5,3.75)",8.8,8.9,8.85,0,5.56061899685,0,0,0
77,"[2000,3000)","[3.5,3.75)",8.9,9,8.95,0,5.62345084993,0,0,0
77,"[2000,3000)","[3.5,3.75)",9,9.1,9.05,0,5.686282703,0,0,0
77,"[2000,3000)","[3.5,3.75)",9.1,9.2,9.15,0,5.74911455607,0,0,0
77,"[2000,3000)","[3.5,3.75)",9.2,9.3,9.25,0,5.81194640914,0,0,0
77,"[2000,3000)","[3.5,3.75)",9.3,9.4,9.35,0,5.87477826221,0,0,0
77,"[2000,3000)","[3.5,3.75)",9.4,9.5,9.45,0,5.93761011528,0,0,0
77,"[2000,3000)","[3.5,3.75)",9.5,9.6,9.55,0,6.00044196836,0,0,0
77,"[2000,3000)","[3.5,3.75)",9.6,9.7,9.65,0,6.06327382143,0,0,0
77,"[2000,3000)","[3.5,3.75)",9.7,9.8,9.75,0,6.1261056745,0,0,0
77,"[2000,3000)","[3.5,3.75)",9.8,9.9,9.85,0,6.18893752757,0,0,0
77,"[2000,3000)","[3.5,3.75)",9.9,10,9.95,0,6.25176938064,0,0,0
77,"[2000,3000)","[3.5,3.75)",10,10.1,10.05,0,6.31460123372,0,0,0
77,"[2000,3000)","[3.5,3.75)",10.1,10.2,10.15,0,6.37743308679,0,0,0
77,"[2000,3000)","[3.5,3.75)",10.2,10.3,10.25,0,6.44026493986,0,0,0
77,"[2000,3000)","[3.5,3.75)",10.3,10.4,10.35,0,6.50309679293,0,0,0
77,"[2000,3000)","[3.5,3.75)",10.4,10.5,10.45,0,6.565928646,0,0,0
77,"[2000,3000)","[3.5,3.75)",10.5,10.6,10.55,0,6.62876049907,0,0,0
77,"[2000,3000)","[3.5,3.75)",10.6,10.7,10.65,0,6.69159235215,0,0,0
77,"[2000,3000)","[3.5,3.75)",10.7,10.8,10.75,0,6.75442420522,0,0,0
77,"[2000,3000)","[3.5,3.75)",10.8,10.9,10.85,0,6.81725605829,0,0,0
77,"[2000,3000)","[3.5,3.75)",10.9,11,10.95,0,6.88008791136,0,0,0
77,"[2000,3000)","[3.5,3.75)",11,11.1,11.05,0,6.94291976443,0,0,0
77,"[2000,3000)","[3.5,3.75)",11.1,11.2,11.15,0,7.00575161751,0,0,0
77,"[2000,3000)","[3.5,3.75)",11.2,11.3,11.25,0,7.06858347058,0,0,0
77,"[2000,3000)","[3.5,3.75)",11.3,11.4,11.35,0,7.13141532365,0,0,0
77,"[2000,3000)","[3.5,3.75)",11.4,11.5,11.45,0,7.19424717672,0,0,0
77,"[2000,3000)","[3.5,3.75)",11.5,11.6,11.55,0,7.25707902979,0,0,0
77,"[2000,3000)","[3.5,3.75)",11.6,11.7,11.65,0,7.31991088286,0,0,0
77,"[2000,3000)","[3.5,3.75)",11.7,11.8,11.75,0,7.38274273594,0,0,0
77,"[2000,3000)","[3.5,3.75)",11.8,11.9,11.85,0,7.44557458901,0,0,0
77,"[2000,3000)","[3.5,3.75)",11.9,12,11.95,0,7.50840644208,0,0,0
78,"[2000,3000)","[3.75,4.0)",0,0.1,0.05,0,0.0314159265359,0,0,0
78,"[2000,3000)","[3.75,4.0)",0.1,0.2,0.15,0,0.0942477796077,0,0,0
78,"[2000,3000)","[3.75,4.0)",0.2,0.3,0.25,0,0.157079632679,0,0,0
78,"[2000,3000)","[3.75,4.0)",0.3,0.4,0.35,0,0.219911485751,0,0,0
78,"[2000,3000)","[3.75,4.0)",0.4,0.5,0.45,0,0.282743338823,0,0,0
78,"[2000,3000)","[3.75,4.0)",0.5,0.6,0.55,0,0.345575191895,0,0,0
78,"[2000,3000)","[3.75,4.0)",0.6,0.7,0.65,0,0.408407044967,0,0,0
78,"[2000,3000)","[3.75,4.0)",0.7,0.8,0.75,0,0.471238898038,0,0,0
78,"[2000,3000)","[3.75,4.0)",0.8,0.9,0.85,0,0.53407075111,0,0,0
78,"[2000,3000)","[3.75,4.0)",0.9,1,0.95,0,0.596902604182,0,0,0
78,"[2000,3000)","[3.75,4.0)",1,1.1,1.05,0,0.659734457254,0,0,0
78,"[2000,3000)","[3.75,4.0)",1.1,1.2,1.15,1,0.722566310326,1.38395602689,1,0.142857142857
78,"[2000,3000)","[3.75,4.0)",1.2,1.3,1.25,0,0.785398163397,0,1,0.142857142857
78,"[2000,3000)","[3.75,4.0)",1.3,1.4,1.35,0,0.848230016469,0,1,0.142857142857
78,"[2000,3000)","[3.75,4.0)",1.4,1.5,1.45,0,0.911061869541,0,1,0.142857142857
78,"[2000,3000)","[3.75,4.0)",1.5,1.6,1.55,0,0.973893722613,0,1,0.142857142857
78,"[2000,3000)","[3.75,4.0)",1.6,1.7,1.65,0,1.03672557568,0,1,0.142857142857
78,"[2000,3000)","[3.75,4.0)",1.7,1.8,1.75,0,1.09955742876,0,1,0.142857142857
78,"[2000,3000)","[3.75,4.0)",1.8,1.9,1.85,0,1.16238928183,0,1,0.142857142857
78,"[2000,3000)","[3.75,4.0)",1.9,2,1.95,0,1.2252211349,0,1,0.142857142857
78,"[2000,3000)","[3.75,4.0)",2,2.1,2.05,0,1.28805298797,0,1,0.142857142857
78,"[2000,3000)","[3.75,4.0)",2.1,2.2,2.15,0,1.35088484104,0,1,0.142857142857
78,"[2000,3000)","[3.75,4.0)",2.2,2.3,2.25,0,1.41371669412,0,1,0.142857142857
78,"[2000,3000)","[3.75,4.0)",2.3,2.4,2.35,0,1.47654854719,0,1,0.142857142857
78,"[2000,3000)","[3.75,4.0)",2.4,2.5,2.45,0,1.53938040026,0,1,0.142857142857
78,"[2000,3000)","[3.75,4.0)",2.5,2.6,2.55,0,1.60221225333,0,1,0.142857142857
78,"[2000,3000)","[3.75,4.0)",2.6,2.7,2.65,0,1.6650441064,0,1,0.142857142857
78,"[2000,3000)","[3.75,4.0)",2.7,2.8,2.75,0,1.72787595947,0,1,0.142857142857
78,"[2000,3000)","[3.75,4.0)",2.8,2.9,2.85,1,1.79070781255,0.558438396814,2,0.285714285714
78,"[2000,3000)","[3.75,4.0)",2.9,3,2.95,0,1.85353966562,0,2,0.285714285714
78,"[2000,3000)","[3.75,4.0)",3,3.1,3.05,1,1.91637151869,0.521819485547,3,0.428571428571
78,"[2000,3000)","[3.75,4.0)",3.1,3.2,3.15,0,1.97920337176,0,3,0.428571428571
78,"[2000,3000)","[3.75,4.0)",3.2,3.3,3.25,1,2.04203522483,0.489707517206,4,0.571428571429
78,"[2000,3000)","[3.75,4.0)",3.3,3.4,3.35,1,2.10486707791,0.475089382364,5,0.714285714286
78,"[2000,3000)","[3.75,4.0)",3.4,3.5,3.45,0,2.16769893098,0,5,0.714285714286
78,"[2000,3000)","[3.75,4.0)",3.5,3.6,3.55,0,2.23053078405,0,5,0.714285714286
78,"[2000,3000)","[3.75,4.0)",3.6,3.7,3.65,0,2.29336263712,0,5,0.714285714286
78,"[2000,3000)","[3.75,4.0)",3.7,3.8,3.75,0,2.35619449019,0,5,0.714285714286
78,"[2000,3000)","[3.75,4.0)",3.8,3.9,3.85,0,2.41902634326,0,5,0.714285714286
78,"[2000,3000)","[3.75,4.0)",3.9,4,3.95,0,2.48185819634,0,5,0.714285714286
78,"[2000,3000)","[3.75,4.0)",4,4.1,4.05,0,2.54469004941,0,5,0.714285714286
78,"[2000,3000)","[3.75,4.0)",4.1,4.2,4.15,0,2.60752190248,0,5,0.714285714286
78,"[2000,3000)","[3.75,4.0)",4.2,4.3,4.25,0,2.67035375555,0,5,0.714285714286
78,"[2000,3000)","[3.75,4.0)",4.3,4.4,4.35,0,2.73318560862,0,5,0.714285714286
78,"[2000,3000)","[3.75,4.0)",4.4,4.5,4.45,0,2.79601746169,0,5,0.714285714286
78,"[2000,3000)","[3.75,4.0)",4.5,4.6,4.55,0,2.85884931477,0,5,0.714285714286
78,"[2000,3000)","[3.75,4.0)",4.6,4.7,4.65,0,2.92168116784,0,5,0.714285714286
78,"[2000,3000)","[3.75,4.0)",4.7,4.8,4.75,0,2.98451302091,0,5,0.714285714286
78,"[2000,3000)","[3.75,4.0)",4.8,4.9,4.85,0,3.04734487398,0,5,0.714285714286
78,"[2000,3000)","[3.75,4.0)",4.9,5,4.95,0,3.11017672705,0,5,0.714285714286
78,"[2000,3000)","[3.75,4.0)",5,5.1,5.05,0,3.17300858013,0,5,0.714285714286
78,"[2000,3000)","[3.75,4.0)",5.1,5.2,5.15,0,3.2358404332,0,5,0.714285714286
78,"[2000,3000)","[3.75,4.0)",5.2,5.3,5.25,0,3.29867228627,0,5,0.714285714286
78,"[2000,3000)","[3.75,4.0)",5.3,5.4,5.35,1,3.36150413934,0.297485874938,6,0.857142857143
78,"[2000,3000)","[3.75,4.0)",5.4,5.5,5.45,0,3.42433599241,0,6,0.857142857143
78,"[2000,3000)","[3.75,4.0)",5.5,5.6,5.55,0,3.48716784548,0,6,0.857142857143
78,"[2000,3000)","[3.75,4.0)",5.6,5.7,5.65,0,3.54999969856,0,6,0.857142857143
78,"[2000,3000)","[3.75,4.0)",5.7,5.8,5.75,0,3.61283155163,0,6,0.857142857143
78,"[2000,3000)","[3.75,4.0)",5.8,5.9,5.85,0,3.6756634047,0,6,0.857142857143
78,"[2000,3000)","[3.75,4.0)",5.9,6,5.95,0,3.73849525777,0,6,0.857142857143
78,"[2000,3000)","[3.75,4.0)",6,6.1,6.05,1,3.80132711084,0.263066021639,7,1
78,"[2000,3000)","[3.75,4.0)",6.1,6.2,6.15,0,3.86415896392,0,7,1
78,"[2000,3000)","[3.75,4.0)",6.2,6.3,6.25,0,3.92699081699,0,7,1
78,"[2000,3000)","[3.75,4.0)",6.3,6.4,6.35,0,3.98982267006,0,7,1
78,"[2000,3000)","[3.75,4.0)",6.4,6.5,6.45,0,4.05265452313,0,7,1
78,"[2000,3000)","[3.75,4.0)",6.5,6.6,6.55,0,4.1154863762,0,7,1
78,"[2000,3000)","[3.75,4.0)",6.6,6.7,6.65,0,4.17831822927,0,7,1
78,"[2000,3000)","[3.75,4.0)",6.7,6.8,6.75,0,4.24115008235,0,7,1
78,"[2000,3000)","[3.75,4.0)",6.8,6.9,6.85,0,4.30398193542,0,7,1
78,"[2000,3000)","[3.75,4.0)",6.9,7,6.95,0,4.36681378849,0,7,1
78,"[2000,3000)","[3.75,4.0)",7,7.1,7.05,0,4.42964564156,0,7,1
78,"[2000,3000)","[3.75,4.0)",7.1,7.2,7.15,0,4.49247749463,0,7,1
78,"[2000,3000)","[3.75,4.0)",7.2,7.3,7.25,0,4.55530934771,0,7,1
78,"[2000,3000)","[3.75,4.0)",7.3,7.4,7.35,0,4.61814120078,0,7,1
78,"[2000,3000)","[3.75,4.0)",7.4,7.5,7.45,0,4.68097305385,0,7,1
78,"[2000,3000)","[3.75,4.0)",7.5,7.6,7.55,0,4.74380490692,0,7,1
78,"[2000,3000)","[3.75,4.0)",7.6,7.7,7.65,0,4.80663675999,0,7,1
78,"[2000,3000)","[3.75,4.0)",7.7,7.8,7.75,0,4.86946861306,0,7,1
78,"[2000,3000)","[3.75,4.0)",7.8,7.9,7.85,0,4.93230046614,0,7,1
78,"[2000,3000)","[3.75,4.0)",7.9,8,7.95,0,4.99513231921,0,7,1
78,"[2000,3000)","[3.75,4.0)",8,8.1,8.05,0,5.05796417228,0,7,1
78,"[2000,3000)","[3.75,4.0)",8.1,8.2,8.15,0,5.12079602535,0,7,1
78,"[2000,3000)","[3.75,4.0)",8.2,8.3,8.25,0,5.18362787842,0,7,1
78,"[2000,3000)","[3.75,4.0)",8.3,8.4,8.35,0,5.24645973149,0,7,1
78,"[2000,3000)","[3.75,4.0)",8.4,8.5,8.45,0,5.30929158457,0,7,1
78,"[2000,3000)","[3.75,4.0)",8.5,8.6,8.55,0,5.37212343764,0,7,1
78,"[2000,3000)","[3.75,4.0)",8.6,8.7,8.65,0,5.43495529071,0,7,1
78,"[2000,3000)","[3.75,4.0)",8.7,8.8,8.75,0,5.49778714378,0,7,1
78,"[2000,3000)","[3.75,4.0)",8.8,8.9,8.85,0,5.56061899685,0,7,1
78,"[2000,3000)","[3.75,4.0)",8.9,9,8.95,0,5.62345084993,0,7,1
78,"[2000,3000)","[3.75,4.0)",9,9.1,9.05,0,5.686282703,0,7,1
78,"[2000,3000)","[3.75,4.0)",9.1,9.2,9.15,0,5.74911455607,0,7,1
78,"[2000,3000)","[3.75,4.0)",9.2,9.3,9.25,0,5.81194640914,0,7,1
78,"[2000,3000)","[3.75,4.0)",9.3,9.4,9.35,0,5.87477826221,0,7,1
78,"[2000,3000)","[3.75,4.0)",9.4,9.5,9.45,0,5.93761011528,0,7,1
78,"[2000,3000)","[3.75,4.0)",9.5,9.6,9.55,0,6.00044196836,0,7,1
78,"[2000,3000)","[3.75,4.0)",9.6,9.7,9.65,0,6.06327382143,0,7,1
78,"[2000,3000)","[3.75,4.0)",9.7,9.8,9.75,0,6.1261056745,0,7,1
78,"[2000,3000)","[3.75,4.0)",9.8,9.9,9.85,0,6.18893752757,0,7,1
78,"[2000,3000)","[3.75,4.0)",9.9,10,9.95,0,6.25176938064,0,7,1
78,"[2000,3000)","[3.75,4.0)",10,10.1,10.05,0,6.31460123372,0,7,1
78,"[2000,3000)","[3.75,4.0)",10.1,10.2,10.15,0,6.37743308679,0,7,1
78,"[2000,3000)","[3.75,4.0)",10.2,10.3,10.25,0,6.44026493986,0,7,1
78,"[2000,3000)","[3.75,4.0)",10.3,10.4,10.35,0,6.50309679293,0,7,1
78,"[2000,3000)","[3.75,4.0)",10.4,10.5,10.45,0,6.565928646,0,7,1
78,"[2000,3000)","[3.75,4.0)",10.5,10.6,10.55,0,6.62876049907,0,7,1
78,"[2000,3000)","[3.75,4.0)",10.6,10.7,10.65,0,6.69159235215,0,7,1
78,"[2000,3000)","[3.75,4.0)",10.7,10.8,10.75,0,6.75442420522,0,7,1
78,"[2000,3000)","[3.75,4.0)",10.8,10.9,10.85,0,6.81725605829,0,7,1
78,"[2000,3000)","[3.75,4.0)",10.9,11,10.95,0,6.88008791136,0,7,1
78,"[2000,3000)","[3.75,4.0)",11,11.1,11.05,0,6.94291976443,0,7,1
78,"[2000,3000)","[3.75,4.0)",11.1,11.2,11.15,0,7.00575161751,0,7,1
78,"[2000,3000)","[3.75,4.0)",11.2,11.3,11.25,0,7.06858347058,0,7,1
78,"[2000,3000)","[3.75,4.0)",11.3,11.4,11.35,0,7.13141532365,0,7,1
78,"[2000,3000)","[3.75,4.0)",11.4,11.5,11.45,0,7.19424717672,0,7,1
78,"[2000,3000)","[3.75,4.0)",11.5,11.6,11.55,0,7.25707902979,0,7,1
78,"[2000,3000)","[3.75,4.0)",11.6,11.7,11.65,0,7.31991088286,0,7,1
78,"[2000,3000)","[3.75,4.0)",11.7,11.8,11.75,0,7.38274273594,0,7,1
78,"[2000,3000)","[3.75,4.0)",11.8,11.9,11.85,0,7.44557458901,0,7,1
78,"[2000,3000)","[3.75,4.0)",11.9,12,11.95,0,7.50840644208,0,7,1
79,"[2000,3000)","[4.0,4.25)",0,0.1,0.05,3,0.0314159265359,95.4929658551,3,0.021897810219
79,"[2000,3000)","[4.0,4.25)",0.1,0.2,0.15,1,0.0942477796077,10.6103295395,4,0.029197080292
79,"[2000,3000)","[4.0,4.25)",0.2,0.3,0.25,0,0.157079632679,0,4,0.029197080292
79,"[2000,3000)","[4.0,4.25)",0.3,0.4,0.35,0,0.219911485751,0,4,0.029197080292
79,"[2000,3000)","[4.0,4.25)",0.4,0.5,0.45,0,0.282743338823,0,4,0.029197080292
79,"[2000,3000)","[4.0,4.25)",0.5,0.6,0.55,0,0.345575191895,0,4,0.029197080292
79,"[2000,3000)","[4.0,4.25)",0.6,0.7,0.65,0,0.408407044967,0,4,0.029197080292
79,"[2000,3000)","[4.0,4.25)",0.7,0.8,0.75,0,0.471238898038,0,4,0.029197080292
79,"[2000,3000)","[4.0,4.25)",0.8,0.9,0.85,0,0.53407075111,0,4,0.029197080292
79,"[2000,3000)","[4.0,4.25)",0.9,1,0.95,1,0.596902604182,1.67531519044,5,0.036496350365
79,"[2000,3000)","[4.0,4.25)",1,1.1,1.05,0,0.659734457254,0,5,0.036496350365
79,"[2000,3000)","[4.0,4.25)",1.1,1.2,1.15,0,0.722566310326,0,5,0.036496350365
79,"[2000,3000)","[4.0,4.25)",1.2,1.3,1.25,0,0.785398163397,0,5,0.036496350365
79,"[2000,3000)","[4.0,4.25)",1.3,1.4,1.35,1,0.848230016469,1.17892550438,6,0.043795620438
79,"[2000,3000)","[4.0,4.25)",1.4,1.5,1.45,2,0.911061869541,2.19524059437,8,0.0583941605839
79,"[2000,3000)","[4.0,4.25)",1.5,1.6,1.55,0,0.973893722613,0,8,0.0583941605839
79,"[2000,3000)","[4.0,4.25)",1.6,1.7,1.65,1,1.03672557568,0.964575412678,9,0.0656934306569
79,"[2000,3000)","[4.0,4.25)",1.7,1.8,1.75,2,1.09955742876,1.81891363534,11,0.0802919708029
79,"[2000,3000)","[4.0,4.25)",1.8,1.9,1.85,0,1.16238928183,0,11,0.0802919708029
79,"[2000,3000)","[4.0,4.25)",1.9,2,1.95,3,1.2252211349,2.44853758603,14,0.102189781022
79,"[2000,3000)","[4.0,4.25)",2,2.1,2.05,1,1.28805298797,0.776365576058,15,0.109489051095
79,"[2000,3000)","[4.0,4.25)",2.1,2.2,2.15,1,1.35088484104,0.740255549265,16,0.116788321168
79,"[2000,3000)","[4.0,4.25)",2.2,2.3,2.25,1,1.41371669412,0.707355302631,17,0.124087591241
79,"[2000,3000)","[4.0,4.25)",2.3,2.4,2.35,1,1.47654854719,0.677255076987,18,0.131386861314
79,"[2000,3000)","[4.0,4.25)",2.4,2.5,2.45,0,1.53938040026,0,18,0.131386861314
79,"[2000,3000)","[4.0,4.25)",2.5,2.6,2.55,2,1.60221225333,1.24827406347,20,0.14598540146
79,"[2000,3000)","[4.0,4.25)",2.6,2.7,2.65,1,1.6650441064,0.600584690913,21,0.153284671533
79,"[2000,3000)","[4.0,4.25)",2.7,2.8,2.75,1,1.72787595947,0.578745247607,22,0.160583941606
79,"[2000,3000)","[4.0,4.25)",2.8,2.9,2.85,3,1.79070781255,1.67531519044,25,0.182481751825
79,"[2000,3000)","[4.0,4.25)",2.9,3,2.95,3,1.85353966562,1.618524845,28,0.204379562044
79,"[2000,3000)","[4.0,4.25)",3,3.1,3.05,1,1.91637151869,0.521819485547,29,0.211678832117
79,"[2000,3000)","[4.0,4.25)",3.1,3.2,3.15,5,1.97920337176,2.52626893797,34,0.248175182482
79,"[2000,3000)","[4.0,4.25)",3.2,3.3,3.25,0,2.04203522483,0,34,0.248175182482
79,"[2000,3000)","[4.0,4.25)",3.3,3.4,3.35,2,2.10486707791,0.950178764728,36,0.262773722628
79,"[2000,3000)","[4.0,4.25)",3.4,3.5,3.45,1,2.16769893098,0.461318675629,37,0.270072992701
79,"[2000,3000)","[4.0,4.25)",3.5,3.6,3.55,4,2.23053078405,1.79329513343,41,0.299270072993
79,"[2000,3000)","[4.0,4.25)",3.6,3.7,3.65,5,2.29336263712,2.18020469989,46,0.335766423358
79,"[2000,3000)","[4.0,4.25)",3.7,3.8,3.75,3,2.35619449019,1.27323954474,49,0.357664233577
79,"[2000,3000)","[4.0,4.25)",3.8,3.9,3.85,2,2.41902634326,0.826778925153,51,0.372262773723
79,"[2000,3000)","[4.0,4.25)",3.9,4,3.95,1,2.48185819634,0.402923906562,52,0.379562043796
79,"[2000,3000)","[4.0,4.25)",4,4.1,4.05,2,2.54469004941,0.785950336256,54,0.394160583942
79,"[2000,3000)","[4.0,4.25)",4.1,4.2,4.15,4,2.60752190248,1.53402354787,58,0.423357664234
79,"[2000,3000)","[4.0,4.25)",4.2,4.3,4.25,1,2.67035375555,0.37448221904,59,0.430656934307
79,"[2000,3000)","[4.0,4.25)",4.3,4.4,4.35,1,2.73318560862,0.365873432395,60,0.43795620438
79,"[2000,3000)","[4.0,4.25)",4.4,4.5,4.45,2,2.79601746169,0.71530311502,62,0.452554744526
79,"[2000,3000)","[4.0,4.25)",4.5,4.6,4.55,4,2.85884931477,1.39916433487,66,0.481751824818
79,"[2000,3000)","[4.0,4.25)",4.6,4.7,4.65,4,2.92168116784,1.36907477929,70,0.510948905109
79,"[2000,3000)","[4.0,4.25)",4.7,4.8,4.75,1,2.98451302091,0.335063038088,71,0.518248175182
79,"[2000,3000)","[4.0,4.25)",4.8,4.9,4.85,3,3.04734487398,0.984463565517,74,0.540145985401
79,"[2000,3000)","[4.0,4.25)",4.9,5,4.95,1,3.11017672705,0.321525137559,75,0.547445255474
79,"[2000,3000)","[4.0,4.25)",5,5.1,5.05,2,3.17300858013,0.630316606305,77,0.56204379562
79,"[2000,3000)","[4.0,4.25)",5.1,5.2,5.15,2,3.2358404332,0.618077448901,79,0.576642335766
79,"[2000,3000)","[4.0,4.25)",5.2,5.3,5.25,4,3.29867228627,1.21260909022,83,0.605839416058
79,"[2000,3000)","[4.0,4.25)",5.3,5.4,5.35,4,3.36150413934,1.18994349975,87,0.63503649635
79,"[2000,3000)","[4.0,4.25)",5.4,5.5,5.45,3,3.42433599241,0.876082255552,90,0.656934306569
79,"[2000,3000)","[4.0,4.25)",5.5,5.6,5.55,5,3.48716784548,1.43382831614,95,0.693430656934
79,"[2000,3000)","[4.0,4.25)",5.6,5.7,5.65,5,3.54999969856,1.40845082382,100,0.729927007299
79,"[2000,3000)","[4.0,4.25)",5.7,5.8,5.75,3,3.61283155163,0.830373616132,103,0.751824817518
79,"[2000,3000)","[4.0,4.25)",5.8,5.9,5.85,3,3.6756634047,0.816179195343,106,0.773722627737
79,"[2000,3000)","[4.0,4.25)",5.9,6,5.95,3,3.73849525777,0.802461897942,109,0.795620437956
79,"[2000,3000)","[4.0,4.25)",6,6.1,6.05,1,3.80132711084,0.263066021639,110,0.802919708029
79,"[2000,3000)","[4.0,4.25)",6.1,6.2,6.15,1,3.86415896392,0.258788525353,111,0.810218978102
79,"[2000,3000)","[4.0,4.25)",6.2,6.3,6.25,2,3.92699081699,0.509295817894,113,0.824817518248
79,"[2000,3000)","[4.0,4.25)",6.3,6.4,6.35,3,3.98982267006,0.75191311697,116,0.846715328467
79,"[2000,3000)","[4.0,4.25)",6.4,6.5,6.45,4,4.05265452313,0.98700739902,120,0.875912408759
79,"[2000,3000)","[4.0,4.25)",6.5,6.6,6.55,3,4.1154863762,0.728953937825,123,0.897810218978
79,"[2000,3000)","[4.0,4.25)",6.6,6.7,6.65,5,4.17831822927,1.19665370746,128,0.934306569343
79,"[2000,3000)","[4.0,4.25)",6.7,6.8,6.75,2,4.24115008235,0.471570201754,130,0.948905109489
79,"[2000,3000)","[4.0,4.25)",6.8,6.9,6.85,0,4.30398193542,0,130,0.948905109489
79,"[2000,3000)","[4.0,4.25)",6.9,7,6.95,2,4.36681378849,0.457999836236,132,0.963503649635
79,"[2000,3000)","[4.0,4.25)",7,7.1,7.05,1,4.42964564156,0.225751692329,133,0.970802919708
79,"[2000,3000)","[4.0,4.25)",7.1,7.2,7.15,2,4.49247749463,0.445188652005,135,0.985401459854
79,"[2000,3000)","[4.0,4.25)",7.2,7.3,7.25,0,4.55530934771,0,135,0.985401459854
79,"[2000,3000)","[4.0,4.25)",7.3,7.4,7.35,1,4.61814120078,0.21653733754,136,0.992700729927
79,"[2000,3000)","[4.0,4.25)",7.4,7.5,7.45,0,4.68097305385,0,136,0.992700729927
79,"[2000,3000)","[4.0,4.25)",7.5,7.6,7.55,0,4.74380490692,0,136,0.992700729927
79,"[2000,3000)","[4.0,4.25)",7.6,7.7,7.65,0,4.80663675999,0,136,0.992700729927
79,"[2000,3000)","[4.0,4.25)",7.7,7.8,7.75,0,4.86946861306,0,136,0.992700729927
79,"[2000,3000)","[4.0,4.25)",7.8,7.9,7.85,0,4.93230046614,0,136,0.992700729927
79,"[2000,3000)","[4.0,4.25)",7.9,8,7.95,0,4.99513231921,0,136,0.992700729927
79,"[2000,3000)","[4.0,4.25)",8,8.1,8.05,0,5.05796417228,0,136,0.992700729927
79,"[2000,3000)","[4.0,4.25)",8.1,8.2,8.15,0,5.12079602535,0,136,0.992700729927
79,"[2000,3000)","[4.0,4.25)",8.2,8.3,8.25,0,5.18362787842,0,136,0.992700729927
79,"[2000,3000)","[4.0,4.25)",8.3,8.4,8.35,0,5.24645973149,0,136,0.992700729927
79,"[2000,3000)","[4.0,4.25)",8.4,8.5,8.45,0,5.30929158457,0,136,0.992700729927
79,"[2000,3000)","[4.0,4.25)",8.5,8.6,8.55,0,5.37212343764,0,136,0.992700729927
79,"[2000,3000)","[4.0,4.25)",8.6,8.7,8.65,0,5.43495529071,0,136,0.992700729927
79,"[2000,3000)","[4.0,4.25)",8.7,8.8,8.75,0,5.49778714378,0,136,0.992700729927
79,"[2000,3000)","[4.0,4.25)",8.8,8.9,8.85,0,5.56061899685,0,136,0.992700729927
79,"[2000,3000)","[4.0,4.25)",8.9,9,8.95,0,5.62345084993,0,136,0.992700729927
79,"[2000,3000)","[4.0,4.25)",9,9.1,9.05,0,5.686282703,0,136,0.992700729927
79,"[2000,3000)","[4.0,4.25)",9.1,9.2,9.15,0,5.74911455607,0,136,0.992700729927
79,"[2000,3000)","[4.0,4.25)",9.2,9.3,9.25,0,5.81194640914,0,136,0.992700729927
79,"[2000,3000)","[4.0,4.25)",9.3,9.4,9.35,0,5.87477826221,0,136,0.992700729927
79,"[2000,3000)","[4.0,4.25)",9.4,9.5,9.45,0,5.93761011528,0,136,0.992700729927
79,"[2000,3000)","[4.0,4.25)",9.5,9.6,9.55,0,6.00044196836,0,136,0.992700729927
79,"[2000,3000)","[4.0,4.25)",9.6,9.7,9.65,0,6.06327382143,0,136,0.992700729927
79,"[2000,3000)","[4.0,4.25)",9.7,9.8,9.75,0,6.1261056745,0,136,0.992700729927
79,"[2000,3000)","[4.0,4.25)",9.8,9.9,9.85,0,6.18893752757,0,136,0.992700729927
79,"[2000,3000)","[4.0,4.25)",9.9,10,9.95,0,6.25176938064,0,136,0.992700729927
79,"[2000,3000)","[4.0,4.25)",10,10.1,10.05,0,6.31460123372,0,136,0.992700729927
79,"[2000,3000)","[4.0,4.25)",10.1,10.2,10.15,0,6.37743308679,0,136,0.992700729927
79,"[2000,3000)","[4.0,4.25)",10.2,10.3,10.25,0,6.44026493986,0,136,0.992700729927
79,"[2000,3000)","[4.0,4.25)",10.3,10.4,10.35,0,6.50309679293,0,136,0.992700729927
79,"[2000,3000)","[4.0,4.25)",10.4,10.5,10.45,0,6.565928646,0,136,0.992700729927
79,"[2000,3000)","[4.0,4.25)",10.5,10.6,10.55,0,6.62876049907,0,136,0.992700729927
79,"[2000,3000)","[4.0,4.25)",10.6,10.7,10.65,0,6.69159235215,0,136,0.992700729927
79,"[2000,3000)","[4.0,4.25)",10.7,10.8,10.75,0,6.75442420522,0,136,0.992700729927
79,"[2000,3000)","[4.0,4.25)",10.8,10.9,10.85,0,6.81725605829,0,136,0.992700729927
79,"[2000,3000)","[4.0,4.25)",10.9,11,10.95,0,6.88008791136,0,136,0.992700729927
79,"[2000,3000)","[4.0,4.25)",11,11.1,11.05,0,6.94291976443,0,136,0.992700729927
79,"[2000,3000)","[4.0,4.25)",11.1,11.2,11.15,1,7.00575161751,0.142739859275,137,1
79,"[2000,3000)","[4.0,4.25)",11.2,11.3,11.25,0,7.06858347058,0,137,1
79,"[2000,3000)","[4.0,4.25)",11.3,11.4,11.35,0,7.13141532365,0,137,1
79,"[2000,3000)","[4.0,4.25)",11.4,11.5,11.45,0,7.19424717672,0,137,1
79,"[2000,3000)","[4.0,4.25)",11.5,11.6,11.55,0,7.25707902979,0,137,1
79,"[2000,3000)","[4.0,4.25)",11.6,11.7,11.65,0,7.31991088286,0,137,1
79,"[2000,3000)","[4.0,4.25)",11.7,11.8,11.75,0,7.38274273594,0,137,1
79,"[2000,3000)","[4.0,4.25)",11.8,11.9,11.85,0,7.44557458901,0,137,1
79,"[2000,3000)","[4.0,4.25)",11.9,12,11.95,0,7.50840644208,0,137,1
80,"[2000,3000)","[4.25,4.5)",0,0.1,0.05,4,0.0314159265359,127.323954474,4,0.00701754385965
80,"[2000,3000)","[4.25,4.5)",0.1,0.2,0.15,5,0.0942477796077,53.0516476973,9,0.0157894736842
80,"[2000,3000)","[4.25,4.5)",0.2,0.3,0.25,0,0.157079632679,0,9,0.0157894736842
80,"[2000,3000)","[4.25,4.5)",0.3,0.4,0.35,0,0.219911485751,0,9,0.0157894736842
80,"[2000,3000)","[4.25,4.5)",0.4,0.5,0.45,3,0.282743338823,10.6103295395,12,0.0210526315789
80,"[2000,3000)","[4.25,4.5)",0.5,0.6,0.55,2,0.345575191895,5.78745247607,14,0.0245614035088
80,"[2000,3000)","[4.25,4.5)",0.6,0.7,0.65,4,0.408407044967,9.79415034412,18,0.0315789473684
80,"[2000,3000)","[4.25,4.5)",0.7,0.8,0.75,0,0.471238898038,0,18,0.0315789473684
80,"[2000,3000)","[4.25,4.5)",0.8,0.9,0.85,0,0.53407075111,0,18,0.0315789473684
80,"[2000,3000)","[4.25,4.5)",0.9,1,0.95,2,0.596902604182,3.35063038088,20,0.0350877192982
80,"[2000,3000)","[4.25,4.5)",1,1.1,1.05,1,0.659734457254,1.51576136278,21,0.0368421052632
80,"[2000,3000)","[4.25,4.5)",1.1,1.2,1.15,3,0.722566310326,4.15186808066,24,0.0421052631579
80,"[2000,3000)","[4.25,4.5)",1.2,1.3,1.25,3,0.785398163397,3.81971863421,27,0.0473684210526
80,"[2000,3000)","[4.25,4.5)",1.3,1.4,1.35,1,0.848230016469,1.17892550438,28,0.0491228070175
80,"[2000,3000)","[4.25,4.5)",1.4,1.5,1.45,2,0.911061869541,2.19524059437,30,0.0526315789474
80,"[2000,3000)","[4.25,4.5)",1.5,1.6,1.55,2,0.973893722613,2.05361216893,32,0.0561403508772
80,"[2000,3000)","[4.25,4.5)",1.6,1.7,1.65,4,1.03672557568,3.85830165071,36,0.0631578947368
80,"[2000,3000)","[4.25,4.5)",1.7,1.8,1.75,4,1.09955742876,3.63782727067,40,0.0701754385965
80,"[2000,3000)","[4.25,4.5)",1.8,1.9,1.85,5,1.16238928183,4.30148494843,45,0.0789473684211
80,"[2000,3000)","[4.25,4.5)",1.9,2,1.95,5,1.2252211349,4.08089597672,50,0.0877192982456
80,"[2000,3000)","[4.25,4.5)",2,2.1,2.05,6,1.28805298797,4.65819345635,56,0.0982456140351
80,"[2000,3000)","[4.25,4.5)",2.1,2.2,2.15,6,1.35088484104,4.44153329559,62,0.108771929825
80,"[2000,3000)","[4.25,4.5)",2.2,2.3,2.25,6,1.41371669412,4.24413181578,68,0.119298245614
80,"[2000,3000)","[4.25,4.5)",2.3,2.4,2.35,3,1.47654854719,2.03176523096,71,0.124561403509
80,"[2000,3000)","[4.25,4.5)",2.4,2.5,2.45,5,1.53938040026,3.2480600631,76,0.133333333333
80,"[2000,3000)","[4.25,4.5)",2.5,2.6,2.55,5,1.60221225333,3.12068515866,81,0.142105263158
80,"[2000,3000)","[4.25,4.5)",2.6,2.7,2.65,6,1.6650441064,3.60350814548,87,0.152631578947
80,"[2000,3000)","[4.25,4.5)",2.7,2.8,2.75,5,1.72787595947,2.89372623803,92,0.161403508772
80,"[2000,3000)","[4.25,4.5)",2.8,2.9,2.85,6,1.79070781255,3.35063038088,98,0.171929824561
80,"[2000,3000)","[4.25,4.5)",2.9,3,2.95,11,1.85353966562,5.93459109834,109,0.191228070175
80,"[2000,3000)","[4.25,4.5)",3,3.1,3.05,7,1.91637151869,3.65273639883,116,0.20350877193
80,"[2000,3000)","[4.25,4.5)",3.1,3.2,3.15,4,1.97920337176,2.02101515037,120,0.210526315789
80,"[2000,3000)","[4.25,4.5)",3.2,3.3,3.25,10,2.04203522483,4.89707517206,130,0.228070175439
80,"[2000,3000)","[4.25,4.5)",3.3,3.4,3.35,7,2.10486707791,3.32562567655,137,0.240350877193
80,"[2000,3000)","[4.25,4.5)",3.4,3.5,3.45,14,2.16769893098,6.4584614588,151,0.264912280702
80,"[2000,3000)","[4.25,4.5)",3.5,3.6,3.55,14,2.23053078405,6.276532967,165,0.289473684211
80,"[2000,3000)","[4.25,4.5)",3.6,3.7,3.65,8,2.29336263712,3.48832751982,173,0.30350877193
80,"[2000,3000)","[4.25,4.5)",3.7,3.8,3.75,4,2.35619449019,1.69765272631,177,0.310526315789
80,"[2000,3000)","[4.25,4.5)",3.8,3.9,3.85,10,2.41902634326,4.13389462576,187,0.328070175439
80,"[2000,3000)","[4.25,4.5)",3.9,4,3.95,11,2.48185819634,4.43216297218,198,0.347368421053
80,"[2000,3000)","[4.25,4.5)",4,4.1,4.05,10,2.54469004941,3.92975168128,208,0.364912280702
80,"[2000,3000)","[4.25,4.5)",4.1,4.2,4.15,7,2.60752190248,2.68454120878,215,0.377192982456
80,"[2000,3000)","[4.25,4.5)",4.2,4.3,4.25,11,2.67035375555,4.11930440944,226,0.39649122807
80,"[2000,3000)","[4.25,4.5)",4.3,4.4,4.35,8,2.73318560862,2.92698745916,234,0.410526315789
80,"[2000,3000)","[4.25,4.5)",4.4,4.5,4.45,7,2.79601746169,2.50356090257,241,0.422807017544
80,"[2000,3000)","[4.25,4.5)",4.5,4.6,4.55,5,2.85884931477,1.74895541859,246,0.431578947368
80,"[2000,3000)","[4.25,4.5)",4.6,4.7,4.65,17,2.92168116784,5.81856781196,263,0.461403508772
80,"[2000,3000)","[4.25,4.5)",4.7,4.8,4.75,5,2.98451302091,1.67531519044,268,0.470175438596
80,"[2000,3000)","[4.25,4.5)",4.8,4.9,4.85,9,3.04734487398,2.95339069655,277,0.485964912281
80,"[2000,3000)","[4.25,4.5)",4.9,5,4.95,8,3.11017672705,2.57220110048,285,0.5
80,"[2000,3000)","[4.25,4.5)",5,5.1,5.05,15,3.17300858013,4.72737454728,300,0.526315789474
80,"[2000,3000)","[4.25,4.5)",5.1,5.2,5.15,19,3.2358404332,5.87173576456,319,0.559649122807
80,"[2000,3000)","[4.25,4.5)",5.2,5.3,5.25,10,3.29867228627,3.03152272556,329,0.577192982456
80,"[2000,3000)","[4.25,4.5)",5.3,5.4,5.35,14,3.36150413934,4.16480224913,343,0.601754385965
80,"[2000,3000)","[4.25,4.5)",5.4,5.5,5.45,10,3.42433599241,2.92027418517,353,0.619298245614
80,"[2000,3000)","[4.25,4.5)",5.5,5.6,5.55,9,3.48716784548,2.58089096906,362,0.635087719298
80,"[2000,3000)","[4.25,4.5)",5.6,5.7,5.65,14,3.54999969856,3.9436623067,376,0.659649122807
80,"[2000,3000)","[4.25,4.5)",5.7,5.8,5.75,17,3.61283155163,4.70545049141,393,0.689473684211
80,"[2000,3000)","[4.25,4.5)",5.8,5.9,5.85,18,3.6756634047,4.89707517206,411,0.721052631579
80,"[2000,3000)","[4.25,4.5)",5.9,6,5.95,12,3.73849525777,3.20984759177,423,0.742105263158
80,"[2000,3000)","[4.25,4.5)",6,6.1,6.05,15,3.80132711084,3.94599032459,438,0.768421052632
80,"[2000,3000)","[4.25,4.5)",6.1,6.2,6.15,13,3.86415896392,3.36425082958,451,0.791228070175
80,"[2000,3000)","[4.25,4.5)",6.2,6.3,6.25,17,3.92699081699,4.3290144521,468,0.821052631579
80,"[2000,3000)","[4.25,4.5)",6.3,6.4,6.35,12,3.98982267006,3.00765246788,480,0.842105263158
80,"[2000,3000)","[4.25,4.5)",6.4,6.5,6.45,10,4.05265452313,2.46751849755,490,0.859649122807
80,"[2000,3000)","[4.25,4.5)",6.5,6.6,6.55,18,4.1154863762,4.37372362695,508,0.891228070175
80,"[2000,3000)","[4.25,4.5)",6.6,6.7,6.65,12,4.17831822927,2.8719688979,520,0.912280701754
80,"[2000,3000)","[4.25,4.5)",6.7,6.8,6.75,10,4.24115008235,2.35785100877,530,0.929824561404
80,"[2000,3000)","[4.25,4.5)",6.8,6.9,6.85,6,4.30398193542,1.3940578957,536,0.940350877193
80,"[2000,3000)","[4.25,4.5)",6.9,7,6.95,4,4.36681378849,0.915999672471,540,0.947368421053
80,"[2000,3000)","[4.25,4.5)",7,7.1,7.05,5,4.42964564156,1.12875846164,545,0.956140350877
80,"[2000,3000)","[4.25,4.5)",7.1,7.2,7.15,3,4.49247749463,0.667782978008,548,0.961403508772
80,"[2000,3000)","[4.25,4.5)",7.2,7.3,7.25,5,4.55530934771,1.09762029719,553,0.970175438596
80,"[2000,3000)","[4.25,4.5)",7.3,7.4,7.35,4,4.61814120078,0.86614935016,557,0.977192982456
80,"[2000,3000)","[4.25,4.5)",7.4,7.5,7.45,0,4.68097305385,0,557,0.977192982456
80,"[2000,3000)","[4.25,4.5)",7.5,7.6,7.55,1,4.74380490692,0.210801249128,558,0.978947368421
80,"[2000,3000)","[4.25,4.5)",7.6,7.7,7.65,1,4.80663675999,0.208045677244,559,0.980701754386
80,"[2000,3000)","[4.25,4.5)",7.7,7.8,7.75,2,4.86946861306,0.410722433786,561,0.984210526316
80,"[2000,3000)","[4.25,4.5)",7.8,7.9,7.85,0,4.93230046614,0,561,0.984210526316
80,"[2000,3000)","[4.25,4.5)",7.9,8,7.95,1,4.99513231921,0.200194896971,562,0.985964912281
80,"[2000,3000)","[4.25,4.5)",8,8.1,8.05,1,5.05796417228,0.197708003841,563,0.987719298246
80,"[2000,3000)","[4.25,4.5)",8.1,8.2,8.15,0,5.12079602535,0,563,0.987719298246
80,"[2000,3000)","[4.25,4.5)",8.2,8.3,8.25,0,5.18362787842,0,563,0.987719298246
80,"[2000,3000)","[4.25,4.5)",8.3,8.4,8.35,0,5.24645973149,0,563,0.987719298246
80,"[2000,3000)","[4.25,4.5)",8.4,8.5,8.45,0,5.30929158457,0,563,0.987719298246
80,"[2000,3000)","[4.25,4.5)",8.5,8.6,8.55,0,5.37212343764,0,563,0.987719298246
80,"[2000,3000)","[4.25,4.5)",8.6,8.7,8.65,0,5.43495529071,0,563,0.987719298246
80,"[2000,3000)","[4.25,4.5)",8.7,8.8,8.75,1,5.49778714378,0.181891363534,564,0.989473684211
80,"[2000,3000)","[4.25,4.5)",8.8,8.9,8.85,0,5.56061899685,0,564,0.989473684211
80,"[2000,3000)","[4.25,4.5)",8.9,9,8.95,0,5.62345084993,0,564,0.989473684211
80,"[2000,3000)","[4.25,4.5)",9,9.1,9.05,0,5.686282703,0,564,0.989473684211
80,"[2000,3000)","[4.25,4.5)",9.1,9.2,9.15,0,5.74911455607,0,564,0.989473684211
80,"[2000,3000)","[4.25,4.5)",9.2,9.3,9.25,1,5.81194640914,0.172059397937,565,0.991228070175
80,"[2000,3000)","[4.25,4.5)",9.3,9.4,9.35,0,5.87477826221,0,565,0.991228070175
80,"[2000,3000)","[4.25,4.5)",9.4,9.5,9.45,0,5.93761011528,0,565,0.991228070175
80,"[2000,3000)","[4.25,4.5)",9.5,9.6,9.55,0,6.00044196836,0,565,0.991228070175
80,"[2000,3000)","[4.25,4.5)",9.6,9.7,9.65,0,6.06327382143,0,565,0.991228070175
80,"[2000,3000)","[4.25,4.5)",9.7,9.8,9.75,1,6.1261056745,0.163235839069,566,0.99298245614
80,"[2000,3000)","[4.25,4.5)",9.8,9.9,9.85,0,6.18893752757,0,566,0.99298245614
80,"[2000,3000)","[4.25,4.5)",9.9,10,9.95,0,6.25176938064,0,566,0.99298245614
80,"[2000,3000)","[4.25,4.5)",10,10.1,10.05,0,6.31460123372,0,566,0.99298245614
80,"[2000,3000)","[4.25,4.5)",10.1,10.2,10.15,0,6.37743308679,0,566,0.99298245614
80,"[2000,3000)","[4.25,4.5)",10.2,10.3,10.25,0,6.44026493986,0,566,0.99298245614
80,"[2000,3000)","[4.25,4.5)",10.3,10.4,10.35,0,6.50309679293,0,566,0.99298245614
80,"[2000,3000)","[4.25,4.5)",10.4,10.5,10.45,0,6.565928646,0,566,0.99298245614
80,"[2000,3000)","[4.25,4.5)",10.5,10.6,10.55,0,6.62876049907,0,566,0.99298245614
80,"[2000,3000)","[4.25,4.5)",10.6,10.7,10.65,0,6.69159235215,0,566,0.99298245614
80,"[2000,3000)","[4.25,4.5)",10.7,10.8,10.75,0,6.75442420522,0,566,0.99298245614
80,"[2000,3000)","[4.25,4.5)",10.8,10.9,10.85,0,6.81725605829,0,566,0.99298245614
80,"[2000,3000)","[4.25,4.5)",10.9,11,10.95,1,6.88008791136,0.145346979993,567,0.994736842105
80,"[2000,3000)","[4.25,4.5)",11,11.1,11.05,1,6.94291976443,0.144031622708,568,0.99649122807
80,"[2000,3000)","[4.25,4.5)",11.1,11.2,11.15,0,7.00575161751,0,568,0.99649122807
80,"[2000,3000)","[4.25,4.5)",11.2,11.3,11.25,0,7.06858347058,0,568,0.99649122807
80,"[2000,3000)","[4.25,4.5)",11.3,11.4,11.35,0,7.13141532365,0,568,0.99649122807
80,"[2000,3000)","[4.25,4.5)",11.4,11.5,11.45,0,7.19424717672,0,568,0.99649122807
80,"[2000,3000)","[4.25,4.5)",11.5,11.6,11.55,1,7.25707902979,0.137796487525,569,0.998245614035
80,"[2000,3000)","[4.25,4.5)",11.6,11.7,11.65,1,7.31991088286,0.136613685057,570,1
80,"[2000,3000)","[4.25,4.5)",11.7,11.8,11.75,0,7.38274273594,0,570,1
80,"[2000,3000)","[4.25,4.5)",11.8,11.9,11.85,0,7.44557458901,0,570,1
80,"[2000,3000)","[4.25,4.5)",11.9,12,11.95,0,7.50840644208,0,570,1
81,"[2000,3000)","[4.5,4.75)",0,0.1,0.05,3,0.0314159265359,95.4929658551,3,0.00132860938884
81,"[2000,3000)","[4.5,4.75)",0.1,0.2,0.15,3,0.0942477796077,31.8309886184,6,0.00265721877768
81,"[2000,3000)","[4.5,4.75)",0.2,0.3,0.25,3,0.157079632679,19.098593171,9,0.00398582816652
81,"[2000,3000)","[4.5,4.75)",0.3,0.4,0.35,5,0.219911485751,22.7364204417,14,0.00620017714792
81,"[2000,3000)","[4.5,4.75)",0.4,0.5,0.45,5,0.282743338823,17.6838825658,19,0.00841452612932
81,"[2000,3000)","[4.5,4.75)",0.5,0.6,0.55,7,0.345575191895,20.2560836662,26,0.0115146147033
81,"[2000,3000)","[4.5,4.75)",0.6,0.7,0.65,7,0.408407044967,17.1397631022,33,0.0146147032772
81,"[2000,3000)","[4.5,4.75)",0.7,0.8,0.75,6,0.471238898038,12.7323954474,39,0.0172719220549
81,"[2000,3000)","[4.5,4.75)",0.8,0.9,0.85,11,0.53407075111,20.5965220472,50,0.022143489814
81,"[2000,3000)","[4.5,4.75)",0.9,1,0.95,9,0.596902604182,15.077836714,59,0.0261293179805
81,"[2000,3000)","[4.5,4.75)",1,1.1,1.05,8,0.659734457254,12.1260909022,67,0.0296722763508
81,"[2000,3000)","[4.5,4.75)",1.1,1.2,1.15,18,0.722566310326,24.9112084839,85,0.0376439326838
81,"[2000,3000)","[4.5,4.75)",1.2,1.3,1.25,19,0.785398163397,24.19155135,104,0.0460584588131
81,"[2000,3000)","[4.5,4.75)",1.3,1.4,1.35,12,0.848230016469,14.1471060526,116,0.0513728963685
81,"[2000,3000)","[4.5,4.75)",1.4,1.5,1.45,18,0.911061869541,19.7571653493,134,0.0593445527015
81,"[2000,3000)","[4.5,4.75)",1.5,1.6,1.55,10,0.973893722613,10.2680608446,144,0.0637732506643
81,"[2000,3000)","[4.5,4.75)",1.6,1.7,1.65,13,1.03672557568,12.5394803648,157,0.0695305580159
81,"[2000,3000)","[4.5,4.75)",1.7,1.8,1.75,20,1.09955742876,18.1891363534,177,0.0783879539415
81,"[2000,3000)","[4.5,4.75)",1.8,1.9,1.85,20,1.16238928183,17.2059397937,197,0.0872453498671
81,"[2000,3000)","[4.5,4.75)",1.9,2,1.95,21,1.2252211349,17.1397631022,218,0.096545615589
81,"[2000,3000)","[4.5,4.75)",2,2.1,2.05,22,1.28805298797,17.0800426733,240,0.106288751107
81,"[2000,3000)","[4.5,4.75)",2.1,2.2,2.15,13,1.35088484104,9.62332214044,253,0.112046058459
81,"[2000,3000)","[4.5,4.75)",2.2,2.3,2.25,20,1.41371669412,14.1471060526,273,0.120903454384
81,"[2000,3000)","[4.5,4.75)",2.3,2.4,2.35,21,1.47654854719,14.2223566167,294,0.130203720106
81,"[2000,3000)","[4.5,4.75)",2.4,2.5,2.45,27,1.53938040026,17.5395243407,321,0.142161204606
81,"[2000,3000)","[4.5,4.75)",2.5,2.6,2.55,33,1.60221225333,20.5965220472,354,0.156775907883
81,"[2000,3000)","[4.5,4.75)",2.6,2.7,2.65,26,1.6650441064,15.6152019637,380,0.168290522586
81,"[2000,3000)","[4.5,4.75)",2.7,2.8,2.75,22,1.72787595947,12.7323954474,402,0.178033658105
81,"[2000,3000)","[4.5,4.75)",2.8,2.9,2.85,33,1.79070781255,18.4284670949,435,0.192648361382
81,"[2000,3000)","[4.5,4.75)",2.9,3,2.95,22,1.85353966562,11.8691821967,457,0.2023914969
81,"[2000,3000)","[4.5,4.75)",3,3.1,3.05,27,1.91637151869,14.0891261098,484,0.214348981399
81,"[2000,3000)","[4.5,4.75)",3.1,3.2,3.15,31,1.97920337176,15.6628674154,515,0.228077945084
81,"[2000,3000)","[4.5,4.75)",3.2,3.3,3.25,39,2.04203522483,19.098593171,554,0.245349867139
81,"[2000,3000)","[4.5,4.75)",3.3,3.4,3.35,43,2.10486707791,20.4288434416,597,0.264393268379
81,"[2000,3000)","[4.5,4.75)",3.4,3.5,3.45,33,2.16769893098,15.2235162957,630,0.279007971656
81,"[2000,3000)","[4.5,4.75)",3.5,3.6,3.55,25,2.23053078405,11.2080945839,655,0.290079716563
81,"[2000,3000)","[4.5,4.75)",3.6,3.7,3.65,27,2.29336263712,11.7731053794,682,0.302037201063
81,"[2000,3000)","[4.5,4.75)",3.7,3.8,3.75,32,2.35619449019,13.5812218105,714,0.316209034544
81,"[2000,3000)","[4.5,4.75)",3.8,3.9,3.85,37,2.41902634326,15.2954101153,751,0.332595217006
81,"[2000,3000)","[4.5,4.75)",3.9,4,3.95,36,2.48185819634,14.5052606362,787,0.348538529672
81,"[2000,3000)","[4.5,4.75)",4,4.1,4.05,22,2.54469004941,8.64545369882,809,0.35828166519
81,"[2000,3000)","[4.5,4.75)",4.1,4.2,4.15,38,2.60752190248,14.5732237048,847,0.375110717449
81,"[2000,3000)","[4.5,4.75)",4.2,4.3,4.25,42,2.67035375555,15.7282531997,889,0.393711248893
81,"[2000,3000)","[4.5,4.75)",4.3,4.4,4.35,37,2.73318560862,13.5373169986,926,0.410097431355
81,"[2000,3000)","[4.5,4.75)",4.4,4.5,4.45,42,2.79601746169,15.0213654154,968,0.428697962799
81,"[2000,3000)","[4.5,4.75)",4.5,4.6,4.55,35,2.85884931477,12.2426879301,1003,0.444198405669
81,"[2000,3000)","[4.5,4.75)",4.6,4.7,4.65,42,2.92168116784,14.3752851825,1045,0.462798937112
81,"[2000,3000)","[4.5,4.75)",4.7,4.8,4.75,44,2.98451302091,14.7427736759,1089,0.482285208149
81,"[2000,3000)","[4.5,4.75)",4.8,4.9,4.85,37,3.04734487398,12.141717308,1126,0.498671390611
81,"[2000,3000)","[4.5,4.75)",4.9,5,4.95,49,3.11017672705,15.7547317404,1175,0.520372010629
81,"[2000,3000)","[4.5,4.75)",5,5.1,5.05,36,3.17300858013,11.3456989135,1211,0.536315323295
81,"[2000,3000)","[4.5,4.75)",5.1,5.2,5.15,44,3.2358404332,13.5977038758,1255,0.555801594331
81,"[2000,3000)","[4.5,4.75)",5.2,5.3,5.25,40,3.29867228627,12.1260909022,1295,0.573516386182
81,"[2000,3000)","[4.5,4.75)",5.3,5.4,5.35,46,3.36150413934,13.6843502472,1341,0.593888396811
81,"[2000,3000)","[4.5,4.75)",5.4,5.5,5.45,52,3.42433599241,15.1854257629,1393,0.616917626218
81,"[2000,3000)","[4.5,4.75)",5.5,5.6,5.55,64,3.48716784548,18.3530024466,1457,0.64526129318
81,"[2000,3000)","[4.5,4.75)",5.6,5.7,5.65,39,3.54999969856,10.9859164258,1496,0.662533215235
81,"[2000,3000)","[4.5,4.75)",5.7,5.8,5.75,58,3.61283155163,16.0538899119,1554,0.688219663419
81,"[2000,3000)","[4.5,4.75)",5.8,5.9,5.85,53,3.6756634047,14.4191657844,1607,0.711691762622
81,"[2000,3000)","[4.5,4.75)",5.9,6,5.95,46,3.73849525777,12.3044157684,1653,0.732063773251
81,"[2000,3000)","[4.5,4.75)",6,6.1,6.05,46,3.80132711084,12.1010369954,1699,0.75243578388
81,"[2000,3000)","[4.5,4.75)",6.1,6.2,6.15,53,3.86415896392,13.7157918437,1752,0.775907883082
81,"[2000,3000)","[4.5,4.75)",6.2,6.3,6.25,53,3.92699081699,13.4963391742,1805,0.799379982285
81,"[2000,3000)","[4.5,4.75)",6.3,6.4,6.35,46,3.98982267006,11.5293344602,1851,0.819751992914
81,"[2000,3000)","[4.5,4.75)",6.4,6.5,6.45,46,4.05265452313,11.3505850887,1897,0.840124003543
81,"[2000,3000)","[4.5,4.75)",6.5,6.6,6.55,54,4.1154863762,13.1211708809,1951,0.864038972542
81,"[2000,3000)","[4.5,4.75)",6.6,6.7,6.65,50,4.17831822927,11.9665370746,2001,0.886182462356
81,"[2000,3000)","[4.5,4.75)",6.7,6.8,6.75,54,4.24115008235,12.7323954474,2055,0.910097431355
81,"[2000,3000)","[4.5,4.75)",6.8,6.9,6.85,45,4.30398193542,10.4554342177,2100,0.930026572188
81,"[2000,3000)","[4.5,4.75)",6.9,7,6.95,34,4.36681378849,7.78599721601,2134,0.945084145261
81,"[2000,3000)","[4.5,4.75)",7,7.1,7.05,34,4.42964564156,7.67555753918,2168,0.960141718335
81,"[2000,3000)","[4.5,4.75)",7.1,7.2,7.15,15,4.49247749463,3.33891489004,2183,0.966784765279
81,"[2000,3000)","[4.5,4.75)",7.2,7.3,7.25,14,4.55530934771,3.07333683212,2197,0.972984942427
81,"[2000,3000)","[4.5,4.75)",7.3,7.4,7.35,11,4.61814120078,2.38191071294,2208,0.977856510186
81,"[2000,3000)","[4.5,4.75)",7.4,7.5,7.45,6,4.68097305385,1.28178477658,2214,0.980513728964
81,"[2000,3000)","[4.5,4.75)",7.5,7.6,7.55,5,4.74380490692,1.05400624564,2219,0.982728077945
81,"[2000,3000)","[4.5,4.75)",7.6,7.7,7.65,2,4.80663675999,0.416091354489,2221,0.983613817538
81,"[2000,3000)","[4.5,4.75)",7.7,7.8,7.75,6,4.86946861306,1.23216730136,2227,0.986271036315
81,"[2000,3000)","[4.5,4.75)",7.8,7.9,7.85,1,4.93230046614,0.202745150436,2228,0.986713906112
81,"[2000,3000)","[4.5,4.75)",7.9,8,7.95,6,4.99513231921,1.20116938183,2234,0.989371124889
81,"[2000,3000)","[4.5,4.75)",8,8.1,8.05,0,5.05796417228,0,2234,0.989371124889
81,"[2000,3000)","[4.5,4.75)",8.1,8.2,8.15,1,5.12079602535,0.195282138763,2235,0.989813994686
81,"[2000,3000)","[4.5,4.75)",8.2,8.3,8.25,1,5.18362787842,0.192915082536,2236,0.990256864482
81,"[2000,3000)","[4.5,4.75)",8.3,8.4,8.35,4,5.24645973149,0.762418889063,2240,0.992028343667
81,"[2000,3000)","[4.5,4.75)",8.4,8.5,8.45,0,5.30929158457,0,2240,0.992028343667
81,"[2000,3000)","[4.5,4.75)",8.5,8.6,8.55,0,5.37212343764,0,2240,0.992028343667
81,"[2000,3000)","[4.5,4.75)",8.6,8.7,8.65,0,5.43495529071,0,2240,0.992028343667
81,"[2000,3000)","[4.5,4.75)",8.7,8.8,8.75,1,5.49778714378,0.181891363534,2241,0.992471213463
81,"[2000,3000)","[4.5,4.75)",8.8,8.9,8.85,0,5.56061899685,0,2241,0.992471213463
81,"[2000,3000)","[4.5,4.75)",8.9,9,8.95,1,5.62345084993,0.177826752058,2242,0.99291408326
81,"[2000,3000)","[4.5,4.75)",9,9.1,9.05,0,5.686282703,0,2242,0.99291408326
81,"[2000,3000)","[4.5,4.75)",9.1,9.2,9.15,0,5.74911455607,0,2242,0.99291408326
81,"[2000,3000)","[4.5,4.75)",9.2,9.3,9.25,0,5.81194640914,0,2242,0.99291408326
81,"[2000,3000)","[4.5,4.75)",9.3,9.4,9.35,0,5.87477826221,0,2242,0.99291408326
81,"[2000,3000)","[4.5,4.75)",9.4,9.5,9.45,0,5.93761011528,0,2242,0.99291408326
81,"[2000,3000)","[4.5,4.75)",9.5,9.6,9.55,1,6.00044196836,0.166654390672,2243,0.993356953056
81,"[2000,3000)","[4.5,4.75)",9.6,9.7,9.65,1,6.06327382143,0.164927402168,2244,0.993799822852
81,"[2000,3000)","[4.5,4.75)",9.7,9.8,9.75,0,6.1261056745,0,2244,0.993799822852
81,"[2000,3000)","[4.5,4.75)",9.8,9.9,9.85,0,6.18893752757,0,2244,0.993799822852
81,"[2000,3000)","[4.5,4.75)",9.9,10,9.95,1,6.25176938064,0.159954716675,2245,0.994242692648
81,"[2000,3000)","[4.5,4.75)",10,10.1,10.05,0,6.31460123372,0,2245,0.994242692648
81,"[2000,3000)","[4.5,4.75)",10.1,10.2,10.15,2,6.37743308679,0.313605799196,2247,0.995128432241
81,"[2000,3000)","[4.5,4.75)",10.2,10.3,10.25,1,6.44026493986,0.155273115212,2248,0.995571302037
81,"[2000,3000)","[4.5,4.75)",10.3,10.4,10.35,0,6.50309679293,0,2248,0.995571302037
81,"[2000,3000)","[4.5,4.75)",10.4,10.5,10.45,1,6.565928646,0.152301380949,2249,0.996014171833
81,"[2000,3000)","[4.5,4.75)",10.5,10.6,10.55,2,6.62876049907,0.301715531928,2251,0.996899911426
81,"[2000,3000)","[4.5,4.75)",10.6,10.7,10.65,1,6.69159235215,0.149441261119,2252,0.997342781222
81,"[2000,3000)","[4.5,4.75)",10.7,10.8,10.75,0,6.75442420522,0,2252,0.997342781222
81,"[2000,3000)","[4.5,4.75)",10.8,10.9,10.85,0,6.81725605829,0,2252,0.997342781222
81,"[2000,3000)","[4.5,4.75)",10.9,11,10.95,1,6.88008791136,0.145346979993,2253,0.997785651019
81,"[2000,3000)","[4.5,4.75)",11,11.1,11.05,2,6.94291976443,0.288063245415,2255,0.998671390611
81,"[2000,3000)","[4.5,4.75)",11.1,11.2,11.15,0,7.00575161751,0,2255,0.998671390611
81,"[2000,3000)","[4.5,4.75)",11.2,11.3,11.25,1,7.06858347058,0.141471060526,2256,0.999114260407
81,"[2000,3000)","[4.5,4.75)",11.3,11.4,11.35,1,7.13141532365,0.140224619464,2257,0.999557130204
81,"[2000,3000)","[4.5,4.75)",11.4,11.5,11.45,1,7.19424717672,0.138999950299,2258,1
81,"[2000,3000)","[4.5,4.75)",11.5,11.6,11.55,0,7.25707902979,0,2258,1
81,"[2000,3000)","[4.5,4.75)",11.6,11.7,11.65,0,7.31991088286,0,2258,1
81,"[2000,3000)","[4.5,4.75)",11.7,11.8,11.75,0,7.38274273594,0,2258,1
81,"[2000,3000)","[4.5,4.75)",11.8,11.9,11.85,0,7.44557458901,0,2258,1
81,"[2000,3000)","[4.5,4.75)",11.9,12,11.95,0,7.50840644208,0,2258,1
82,"[2000,3000)","[4.75,5.0)",0,0.1,0.05,1,0.0314159265359,31.8309886184,1,0.000226500566251
82,"[2000,3000)","[4.75,5.0)",0.1,0.2,0.15,8,0.0942477796077,84.8826363157,9,0.00203850509626
82,"[2000,3000)","[4.75,5.0)",0.2,0.3,0.25,3,0.157079632679,19.098593171,12,0.00271800679502
82,"[2000,3000)","[4.75,5.0)",0.3,0.4,0.35,9,0.219911485751,40.9255567951,21,0.00475651189128
82,"[2000,3000)","[4.75,5.0)",0.4,0.5,0.45,7,0.282743338823,24.7574355921,28,0.00634201585504
82,"[2000,3000)","[4.75,5.0)",0.5,0.6,0.55,11,0.345575191895,31.8309886184,39,0.00883352208381
82,"[2000,3000)","[4.75,5.0)",0.6,0.7,0.65,11,0.408407044967,26.9339134463,50,0.0113250283126
82,"[2000,3000)","[4.75,5.0)",0.7,0.8,0.75,16,0.471238898038,33.9530545263,66,0.0149490373726
82,"[2000,3000)","[4.75,5.0)",0.8,0.9,0.85,15,0.53407075111,28.086166428,81,0.0183465458664
82,"[2000,3000)","[4.75,5.0)",0.9,1,0.95,16,0.596902604182,26.8050430471,97,0.0219705549264
82,"[2000,3000)","[4.75,5.0)",1,1.1,1.05,25,0.659734457254,37.8940340695,122,0.0276330690827
82,"[2000,3000)","[4.75,5.0)",1.1,1.2,1.15,19,0.722566310326,26.2951645108,141,0.0319365798414
82,"[2000,3000)","[4.75,5.0)",1.2,1.3,1.25,21,0.785398163397,26.7380304394,162,0.0366930917327
82,"[2000,3000)","[4.75,5.0)",1.3,1.4,1.35,21,0.848230016469,24.7574355921,183,0.041449603624
82,"[2000,3000)","[4.75,5.0)",1.4,1.5,1.45,23,0.911061869541,25.2452668353,206,0.0466591166478
82,"[2000,3000)","[4.75,5.0)",1.5,1.6,1.55,27,0.973893722613,27.7237642805,233,0.0527746319366
82,"[2000,3000)","[4.75,5.0)",1.6,1.7,1.65,23,1.03672557568,22.1852344916,256,0.0579841449604
82,"[2000,3000)","[4.75,5.0)",1.7,1.8,1.75,33,1.09955742876,30.012074983,289,0.0654586636467
82,"[2000,3000)","[4.75,5.0)",1.8,1.9,1.85,35,1.16238928183,30.110394639,324,0.0733861834655
82,"[2000,3000)","[4.75,5.0)",1.9,2,1.95,39,1.2252211349,31.8309886184,363,0.0822197055493
82,"[2000,3000)","[4.75,5.0)",2,2.1,2.05,34,1.28805298797,26.396429586,397,0.0899207248018
82,"[2000,3000)","[4.75,5.0)",2.1,2.2,2.15,35,1.35088484104,25.9089442243,432,0.0978482446206
82,"[2000,3000)","[4.75,5.0)",2.2,2.3,2.25,41,1.41371669412,29.0015674079,473,0.107134767837
82,"[2000,3000)","[4.75,5.0)",2.3,2.4,2.35,38,1.47654854719,25.7356929255,511,0.115741789354
82,"[2000,3000)","[4.75,5.0)",2.4,2.5,2.45,43,1.53938040026,27.9333165427,554,0.125481313703
82,"[2000,3000)","[4.75,5.0)",2.5,2.6,2.55,48,1.60221225333,29.9585775232,602,0.136353340883
82,"[2000,3000)","[4.75,5.0)",2.6,2.7,2.65,59,1.6650441064,35.4344967639,661,0.149716874292
82,"[2000,3000)","[4.75,5.0)",2.7,2.8,2.75,50,1.72787595947,28.9372623803,711,0.161041902605
82,"[2000,3000)","[4.75,5.0)",2.8,2.9,2.85,64,1.79070781255,35.7400573961,775,0.175537938845
82,"[2000,3000)","[4.75,5.0)",2.9,3,2.95,64,1.85353966562,34.5285300267,839,0.190033975085
82,"[2000,3000)","[4.75,5.0)",3,3.1,3.05,34,1.91637151869,17.7418625086,873,0.197734994337
82,"[2000,3000)","[4.75,5.0)",3.1,3.2,3.15,56,1.97920337176,28.2942121052,929,0.210419026048
82,"[2000,3000)","[4.75,5.0)",3.2,3.3,3.25,58,2.04203522483,28.4030359979,987,0.22355605889
82,"[2000,3000)","[4.75,5.0)",3.3,3.4,3.35,50,2.10486707791,23.7544691182,1037,0.234881087203
82,"[2000,3000)","[4.75,5.0)",3.4,3.5,3.45,63,2.16769893098,29.0630765646,1100,0.249150622877
82,"[2000,3000)","[4.75,5.0)",3.5,3.6,3.55,65,2.23053078405,29.1410459182,1165,0.263873159683
82,"[2000,3000)","[4.75,5.0)",3.6,3.7,3.65,54,2.29336263712,23.5462107588,1219,0.27610419026
82,"[2000,3000)","[4.75,5.0)",3.7,3.8,3.75,78,2.35619449019,33.1042281631,1297,0.293771234428
82,"[2000,3000)","[4.75,5.0)",3.8,3.9,3.85,60,2.41902634326,24.8033677546,1357,0.307361268403
82,"[2000,3000)","[4.75,5.0)",3.9,4,3.95,88,2.48185819634,35.4573037774,1445,0.327293318233
82,"[2000,3000)","[4.75,5.0)",4,4.1,4.05,86,2.54469004941,33.795864459,1531,0.346772366931
82,"[2000,3000)","[4.75,5.0)",4.1,4.2,4.15,68,2.60752190248,26.0784003139,1599,0.362174405436
82,"[2000,3000)","[4.75,5.0)",4.2,4.3,4.25,77,2.67035375555,28.8351308661,1676,0.379614949037
82,"[2000,3000)","[4.75,5.0)",4.3,4.4,4.35,71,2.73318560862,25.9770137001,1747,0.395696489241
82,"[2000,3000)","[4.75,5.0)",4.4,4.5,4.45,74,2.79601746169,26.4662152557,1821,0.412457531144
82,"[2000,3000)","[4.75,5.0)",4.5,4.6,4.55,75,2.85884931477,26.2343312789,1896,0.429445073613
82,"[2000,3000)","[4.75,5.0)",4.6,4.7,4.65,97,2.92168116784,33.2000633977,1993,0.451415628539
82,"[2000,3000)","[4.75,5.0)",4.7,4.8,4.75,86,2.98451302091,28.8154212756,2079,0.470894677237
82,"[2000,3000)","[4.75,5.0)",4.8,4.9,4.85,82,3.04734487398,26.9086707908,2161,0.489467723669
82,"[2000,3000)","[4.75,5.0)",4.9,5,4.95,82,3.11017672705,26.3650612799,2243,0.508040770102
82,"[2000,3000)","[4.75,5.0)",5,5.1,5.05,91,3.17300858013,28.6794055869,2334,0.528652321631
82,"[2000,3000)","[4.75,5.0)",5.1,5.2,5.15,73,3.2358404332,22.5598268849,2407,0.545186862967
82,"[2000,3000)","[4.75,5.0)",5.2,5.3,5.25,96,3.29867228627,29.1026181654,2503,0.566930917327
82,"[2000,3000)","[4.75,5.0)",5.3,5.4,5.35,107,3.36150413934,31.8309886184,2610,0.591166477916
82,"[2000,3000)","[4.75,5.0)",5.4,5.5,5.45,91,3.42433599241,26.5744950851,2701,0.611778029445
82,"[2000,3000)","[4.75,5.0)",5.5,5.6,5.55,96,3.48716784548,27.5295036699,2797,0.633522083805
82,"[2000,3000)","[4.75,5.0)",5.6,5.7,5.65,119,3.54999969856,33.521129607,2916,0.660475651189
82,"[2000,3000)","[4.75,5.0)",5.7,5.8,5.75,104,3.61283155163,28.7862853592,3020,0.684031710079
82,"[2000,3000)","[4.75,5.0)",5.8,5.9,5.85,100,3.6756634047,27.2059731781,3120,0.706681766704
82,"[2000,3000)","[4.75,5.0)",5.9,6,5.95,101,3.73849525777,27.0162172307,3221,0.729558323896
82,"[2000,3000)","[4.75,5.0)",6,6.1,6.05,106,3.80132711084,27.8849982938,3327,0.753567383918
82,"[2000,3000)","[4.75,5.0)",6.1,6.2,6.15,124,3.86415896392,32.0897771437,3451,0.781653454134
82,"[2000,3000)","[4.75,5.0)",6.2,6.3,6.25,90,3.92699081699,22.9183118052,3541,0.802038505096
82,"[2000,3000)","[4.75,5.0)",6.3,6.4,6.35,103,3.98982267006,25.8156836826,3644,0.82536806342
82,"[2000,3000)","[4.75,5.0)",6.4,6.5,6.45,101,4.05265452313,24.9219368252,3745,0.848244620612
82,"[2000,3000)","[4.75,5.0)",6.5,6.6,6.55,110,4.1154863762,26.7283110536,3855,0.873159682899
82,"[2000,3000)","[4.75,5.0)",6.6,6.7,6.65,101,4.17831822927,24.1724048906,3956,0.896036240091
82,"[2000,3000)","[4.75,5.0)",6.7,6.8,6.75,96,4.24115008235,22.6353696842,4052,0.917780294451
82,"[2000,3000)","[4.75,5.0)",6.8,6.9,6.85,82,4.30398193542,19.0521245745,4134,0.936353340883
82,"[2000,3000)","[4.75,5.0)",6.9,7,6.95,69,4.36681378849,15.8009943501,4203,0.951981879955
82,"[2000,3000)","[4.75,5.0)",7,7.1,7.05,46,4.42964564156,10.3845778471,4249,0.962400906002
82,"[2000,3000)","[4.75,5.0)",7.1,7.2,7.15,30,4.49247749463,6.67782978008,4279,0.96919592299
82,"[2000,3000)","[4.75,5.0)",7.2,7.3,7.25,19,4.55530934771,4.1709571293,4298,0.973499433749
82,"[2000,3000)","[4.75,5.0)",7.3,7.4,7.35,15,4.61814120078,3.2480600631,4313,0.976896942242
82,"[2000,3000)","[4.75,5.0)",7.4,7.5,7.45,14,4.68097305385,2.99083114535,4327,0.98006795017
82,"[2000,3000)","[4.75,5.0)",7.5,7.6,7.55,4,4.74380490692,0.843204996513,4331,0.980973952435
82,"[2000,3000)","[4.75,5.0)",7.6,7.7,7.65,10,4.80663675999,2.08045677244,4341,0.983238958097
82,"[2000,3000)","[4.75,5.0)",7.7,7.8,7.75,4,4.86946861306,0.821444867571,4345,0.984144960362
82,"[2000,3000)","[4.75,5.0)",7.8,7.9,7.85,4,4.93230046614,0.810980601742,4349,0.985050962627
82,"[2000,3000)","[4.75,5.0)",7.9,8,7.95,2,4.99513231921,0.400389793942,4351,0.98550396376
82,"[2000,3000)","[4.75,5.0)",8,8.1,8.05,4,5.05796417228,0.790832015363,4355,0.986409966025
82,"[2000,3000)","[4.75,5.0)",8.1,8.2,8.15,6,5.12079602535,1.17169283258,4361,0.987768969422
82,"[2000,3000)","[4.75,5.0)",8.2,8.3,8.25,1,5.18362787842,0.192915082536,4362,0.987995469989
82,"[2000,3000)","[4.75,5.0)",8.3,8.4,8.35,3,5.24645973149,0.571814166797,4365,0.988674971687
82,"[2000,3000)","[4.75,5.0)",8.4,8.5,8.45,0,5.30929158457,0,4365,0.988674971687
82,"[2000,3000)","[4.75,5.0)",8.5,8.6,8.55,1,5.37212343764,0.186146132271,4366,0.988901472254
82,"[2000,3000)","[4.75,5.0)",8.6,8.7,8.65,3,5.43495529071,0.55198246159,4369,0.989580973952
82,"[2000,3000)","[4.75,5.0)",8.7,8.8,8.75,2,5.49778714378,0.363782727067,4371,0.990033975085
82,"[2000,3000)","[4.75,5.0)",8.8,8.9,8.85,0,5.56061899685,0,4371,0.990033975085
82,"[2000,3000)","[4.75,5.0)",8.9,9,8.95,0,5.62345084993,0,4371,0.990033975085
82,"[2000,3000)","[4.75,5.0)",9,9.1,9.05,1,5.686282703,0.175861815571,4372,0.990260475651
82,"[2000,3000)","[4.75,5.0)",9.1,9.2,9.15,2,5.74911455607,0.347879657031,4374,0.990713476784
82,"[2000,3000)","[4.75,5.0)",9.2,9.3,9.25,2,5.81194640914,0.344118795874,4376,0.991166477916
82,"[2000,3000)","[4.75,5.0)",9.3,9.4,9.35,1,5.87477826221,0.170219190473,4377,0.991392978482
82,"[2000,3000)","[4.75,5.0)",9.4,9.5,9.45,0,5.93761011528,0,4377,0.991392978482
82,"[2000,3000)","[4.75,5.0)",9.5,9.6,9.55,0,6.00044196836,0,4377,0.991392978482
82,"[2000,3000)","[4.75,5.0)",9.6,9.7,9.65,1,6.06327382143,0.164927402168,4378,0.991619479049
82,"[2000,3000)","[4.75,5.0)",9.7,9.8,9.75,0,6.1261056745,0,4378,0.991619479049
82,"[2000,3000)","[4.75,5.0)",9.8,9.9,9.85,3,6.18893752757,0.484735867285,4381,0.992298980747
82,"[2000,3000)","[4.75,5.0)",9.9,10,9.95,0,6.25176938064,0,4381,0.992298980747
82,"[2000,3000)","[4.75,5.0)",10,10.1,10.05,2,6.31460123372,0.316726254909,4383,0.99275198188
82,"[2000,3000)","[4.75,5.0)",10.1,10.2,10.15,2,6.37743308679,0.313605799196,4385,0.993204983012
82,"[2000,3000)","[4.75,5.0)",10.2,10.3,10.25,0,6.44026493986,0,4385,0.993204983012
82,"[2000,3000)","[4.75,5.0)",10.3,10.4,10.35,2,6.50309679293,0.307545783752,4387,0.993657984145
82,"[2000,3000)","[4.75,5.0)",10.4,10.5,10.45,0,6.565928646,0,4387,0.993657984145
82,"[2000,3000)","[4.75,5.0)",10.5,10.6,10.55,1,6.62876049907,0.150857765964,4388,0.993884484711
82,"[2000,3000)","[4.75,5.0)",10.6,10.7,10.65,3,6.69159235215,0.448323783357,4391,0.99456398641
82,"[2000,3000)","[4.75,5.0)",10.7,10.8,10.75,3,6.75442420522,0.444153329559,4394,0.995243488109
82,"[2000,3000)","[4.75,5.0)",10.8,10.9,10.85,2,6.81725605829,0.29337316699,4396,0.995696489241
82,"[2000,3000)","[4.75,5.0)",10.9,11,10.95,4,6.88008791136,0.58138791997,4400,0.996602491506
82,"[2000,3000)","[4.75,5.0)",11,11.1,11.05,1,6.94291976443,0.144031622708,4401,0.996828992072
82,"[2000,3000)","[4.75,5.0)",11.1,11.2,11.15,1,7.00575161751,0.142739859275,4402,0.997055492639
82,"[2000,3000)","[4.75,5.0)",11.2,11.3,11.25,0,7.06858347058,0,4402,0.997055492639
82,"[2000,3000)","[4.75,5.0)",11.3,11.4,11.35,3,7.13141532365,0.420673858393,4405,0.997734994337
82,"[2000,3000)","[4.75,5.0)",11.4,11.5,11.45,3,7.19424717672,0.416999850896,4408,0.998414496036
82,"[2000,3000)","[4.75,5.0)",11.5,11.6,11.55,2,7.25707902979,0.275592975051,4410,0.998867497169
82,"[2000,3000)","[4.75,5.0)",11.6,11.7,11.65,1,7.31991088286,0.136613685057,4411,0.999093997735
82,"[2000,3000)","[4.75,5.0)",11.7,11.8,11.75,3,7.38274273594,0.406353046192,4414,0.999773499434
82,"[2000,3000)","[4.75,5.0)",11.8,11.9,11.85,1,7.44557458901,0.134307968854,4415,1
82,"[2000,3000)","[4.75,5.0)",11.9,12,11.95,0,7.50840644208,0,4415,1
83,"[2000,3000)","[5,6)",0,0.1,0.05,2,0.0314159265359,63.6619772368,2,0.000276395798784
83,"[2000,3000)","[5,6)",0.1,0.2,0.15,6,0.0942477796077,63.6619772368,8,0.00110558319514
83,"[2000,3000)","[5,6)",0.2,0.3,0.25,13,0.157079632679,82.7605704078,21,0.00290215588723
83,"[2000,3000)","[5,6)",0.3,0.4,0.35,13,0.219911485751,59.1146931484,34,0.00469872857933
83,"[2000,3000)","[5,6)",0.4,0.5,0.45,12,0.282743338823,42.4413181578,46,0.00635710337203
83,"[2000,3000)","[5,6)",0.5,0.6,0.55,15,0.345575191895,43.4058935705,61,0.00843007186291
83,"[2000,3000)","[5,6)",0.6,0.7,0.65,19,0.408407044967,46.5222141346,80,0.0110558319514
83,"[2000,3000)","[5,6)",0.7,0.8,0.75,19,0.471238898038,40.3192522499,99,0.0136815920398
83,"[2000,3000)","[5,6)",0.8,0.9,0.85,22,0.53407075111,41.1930440944,121,0.0167219458264
83,"[2000,3000)","[5,6)",0.9,1,0.95,28,0.596902604182,46.9088253323,149,0.0205914870094
83,"[2000,3000)","[5,6)",1,1.1,1.05,27,0.659734457254,40.9255567951,176,0.024322830293
83,"[2000,3000)","[5,6)",1.1,1.2,1.15,34,0.722566310326,47.0545049141,210,0.0290215588723
83,"[2000,3000)","[5,6)",1.2,1.3,1.25,39,0.785398163397,49.6563422447,249,0.0344112769486
83,"[2000,3000)","[5,6)",1.3,1.4,1.35,27,0.848230016469,31.8309886184,276,0.0381426202322
83,"[2000,3000)","[5,6)",1.4,1.5,1.45,45,0.911061869541,49.3929133733,321,0.0443615257048
83,"[2000,3000)","[5,6)",1.5,1.6,1.55,50,0.973893722613,51.3403042232,371,0.0512714206744
83,"[2000,3000)","[5,6)",1.6,1.7,1.65,49,1.03672557568,47.2641952212,420,0.0580431177446
83,"[2000,3000)","[5,6)",1.7,1.8,1.75,44,1.09955742876,40.0160999774,464,0.0641238253179
83,"[2000,3000)","[5,6)",1.8,1.9,1.85,66,1.16238928183,56.7796013193,530,0.0732448866777
83,"[2000,3000)","[5,6)",1.9,2,1.95,61,1.2252211349,49.7869309159,591,0.0816749585406
83,"[2000,3000)","[5,6)",2,2.1,2.05,53,1.28805298797,41.1473755311,644,0.0889994472084
83,"[2000,3000)","[5,6)",2.1,2.2,2.15,70,1.35088484104,51.8178884485,714,0.0986733001658
83,"[2000,3000)","[5,6)",2.2,2.3,2.25,64,1.41371669412,45.2707393684,778,0.107517965727
83,"[2000,3000)","[5,6)",2.3,2.4,2.35,55,1.47654854719,37.2490292343,833,0.115118850193
83,"[2000,3000)","[5,6)",2.4,2.5,2.45,70,1.53938040026,45.4728408834,903,0.124792703151
83,"[2000,3000)","[5,6)",2.5,2.6,2.55,67,1.60221225333,41.8171811261,970,0.13405196241
83,"[2000,3000)","[5,6)",2.6,2.7,2.65,73,1.6650441064,43.8426824366,1043,0.144140409066
83,"[2000,3000)","[5,6)",2.7,2.8,2.75,86,1.72787595947,49.7720912942,1129,0.156025428413
83,"[2000,3000)","[5,6)",2.8,2.9,2.85,80,1.79070781255,44.6750717451,1209,0.167081260365
83,"[2000,3000)","[5,6)",2.9,3,2.95,95,1.85353966562,51.2532867584,1304,0.180210060807
83,"[2000,3000)","[5,6)",3,3.1,3.05,90,1.91637151869,46.9637536992,1394,0.192647871752
83,"[2000,3000)","[5,6)",3.1,3.2,3.15,79,1.97920337176,39.9150492199,1473,0.203565505804
83,"[2000,3000)","[5,6)",3.2,3.3,3.25,103,2.04203522483,50.4398742722,1576,0.217799889442
83,"[2000,3000)","[5,6)",3.3,3.4,3.35,102,2.10486707791,48.4591170011,1678,0.23189607518
83,"[2000,3000)","[5,6)",3.4,3.5,3.45,96,2.16769893098,44.2865928604,1774,0.245163073521
83,"[2000,3000)","[5,6)",3.5,3.6,3.55,108,2.23053078405,48.4189686026,1882,0.260088446656
83,"[2000,3000)","[5,6)",3.6,3.7,3.65,113,2.29336263712,49.2726262175,1995,0.275704809287
83,"[2000,3000)","[5,6)",3.7,3.8,3.75,109,2.35619449019,46.261036792,2104,0.290768380321
83,"[2000,3000)","[5,6)",3.8,3.9,3.85,118,2.41902634326,48.779956584,2222,0.307075732449
83,"[2000,3000)","[5,6)",3.9,4,3.95,121,2.48185819634,48.753792694,2343,0.323797678275
83,"[2000,3000)","[5,6)",4,4.1,4.05,88,2.54469004941,34.5818147953,2431,0.335959093422
83,"[2000,3000)","[5,6)",4.1,4.2,4.15,119,2.60752190248,45.6372005492,2550,0.352404643449
83,"[2000,3000)","[5,6)",4.2,4.3,4.25,138,2.67035375555,51.6785462275,2688,0.371475953566
83,"[2000,3000)","[5,6)",4.3,4.4,4.35,135,2.73318560862,49.3929133733,2823,0.390132669983
83,"[2000,3000)","[5,6)",4.4,4.5,4.45,122,2.79601746169,43.6334900162,2945,0.406992813709
83,"[2000,3000)","[5,6)",4.5,4.6,4.55,133,2.85884931477,46.5222141346,3078,0.425373134328
83,"[2000,3000)","[5,6)",4.6,4.7,4.65,137,2.92168116784,46.8908111905,3215,0.444306246545
83,"[2000,3000)","[5,6)",4.7,4.8,4.75,145,2.98451302091,48.5841405228,3360,0.464344941957
83,"[2000,3000)","[5,6)",4.8,4.9,4.85,171,3.04734487398,56.1144232345,3531,0.487976782753
83,"[2000,3000)","[5,6)",4.9,5,4.95,131,3.11017672705,42.1197930203,3662,0.506080707573
83,"[2000,3000)","[5,6)",5,5.1,5.05,153,3.17300858013,48.2192203823,3815,0.52722498618
83,"[2000,3000)","[5,6)",5.1,5.2,5.15,130,3.2358404332,40.1750341785,3945,0.545190713101
83,"[2000,3000)","[5,6)",5.2,5.3,5.25,138,3.29867228627,41.8350136127,4083,0.564262023217
83,"[2000,3000)","[5,6)",5.3,5.4,5.35,172,3.36150413934,51.1675704894,4255,0.588032061913
83,"[2000,3000)","[5,6)",5.4,5.5,5.45,144,3.42433599241,42.0519482665,4399,0.607932559425
83,"[2000,3000)","[5,6)",5.5,5.6,5.55,176,3.48716784548,50.4707567282,4575,0.632255389718
83,"[2000,3000)","[5,6)",5.6,5.7,5.65,165,3.54999969856,46.4788771861,4740,0.655058043118
83,"[2000,3000)","[5,6)",5.7,5.8,5.75,171,3.61283155163,47.3312961195,4911,0.678689883914
83,"[2000,3000)","[5,6)",5.8,5.9,5.85,164,3.6756634047,44.6177960121,5075,0.701354339414
83,"[2000,3000)","[5,6)",5.9,6,5.95,177,3.73849525777,47.3452519786,5252,0.725815367606
83,"[2000,3000)","[5,6)",6,6.1,6.05,172,3.80132711084,45.247355722,5424,0.749585406302
83,"[2000,3000)","[5,6)",6.1,6.2,6.15,150,3.86415896392,38.8182788029,5574,0.770315091211
83,"[2000,3000)","[5,6)",6.2,6.3,6.25,161,3.92699081699,40.9983133405,5735,0.792564953013
83,"[2000,3000)","[5,6)",6.3,6.4,6.35,163,3.98982267006,40.853946022,5898,0.815091210614
83,"[2000,3000)","[5,6)",6.4,6.5,6.45,163,4.05265452313,40.22055151,6061,0.837617468214
83,"[2000,3000)","[5,6)",6.5,6.6,6.55,188,4.1154863762,45.6811134371,6249,0.8635986733
83,"[2000,3000)","[5,6)",6.6,6.7,6.65,203,4.17831822927,48.5841405228,6452,0.891652846877
83,"[2000,3000)","[5,6)",6.7,6.8,6.75,158,4.24115008235,37.2540459385,6610,0.913488114981
83,"[2000,3000)","[5,6)",6.8,6.9,6.85,167,4.30398193542,38.8012780969,6777,0.936567164179
83,"[2000,3000)","[5,6)",6.9,7,6.95,123,4.36681378849,28.1669899285,6900,0.953565505804
83,"[2000,3000)","[5,6)",7,7.1,7.05,68,4.42964564156,15.3511150784,6968,0.962962962963
83,"[2000,3000)","[5,6)",7.1,7.2,7.15,42,4.49247749463,9.34896169211,7010,0.968767274737
83,"[2000,3000)","[5,6)",7.2,7.3,7.25,40,4.55530934771,8.78096237748,7050,0.974295190713
83,"[2000,3000)","[5,6)",7.3,7.4,7.35,18,4.61814120078,3.89767207572,7068,0.976782752902
83,"[2000,3000)","[5,6)",7.4,7.5,7.45,19,4.68097305385,4.05898512583,7087,0.979408512991
83,"[2000,3000)","[5,6)",7.5,7.6,7.55,9,4.74380490692,1.89721124216,7096,0.980652294085
83,"[2000,3000)","[5,6)",7.6,7.7,7.65,8,4.80663675999,1.66436541795,7104,0.98175787728
83,"[2000,3000)","[5,6)",7.7,7.8,7.75,6,4.86946861306,1.23216730136,7110,0.982587064677
83,"[2000,3000)","[5,6)",7.8,7.9,7.85,6,4.93230046614,1.21647090261,7116,0.983416252073
83,"[2000,3000)","[5,6)",7.9,8,7.95,5,4.99513231921,1.00097448485,7121,0.98410724157
83,"[2000,3000)","[5,6)",8,8.1,8.05,5,5.05796417228,0.988540019204,7126,0.984798231067
83,"[2000,3000)","[5,6)",8.1,8.2,8.15,4,5.12079602535,0.781128555052,7130,0.985351022664
83,"[2000,3000)","[5,6)",8.2,8.3,8.25,2,5.18362787842,0.385830165071,7132,0.985627418463
83,"[2000,3000)","[5,6)",8.3,8.4,8.35,2,5.24645973149,0.381209444531,7134,0.985903814262
83,"[2000,3000)","[5,6)",8.4,8.5,8.45,4,5.30929158457,0.753396180317,7138,0.98645660586
83,"[2000,3000)","[5,6)",8.5,8.6,8.55,0,5.37212343764,0,7138,0.98645660586
83,"[2000,3000)","[5,6)",8.6,8.7,8.65,5,5.43495529071,0.919970769317,7143,0.987147595357
83,"[2000,3000)","[5,6)",8.7,8.8,8.75,5,5.49778714378,0.909456817668,7148,0.987838584854
83,"[2000,3000)","[5,6)",8.8,8.9,8.85,2,5.56061899685,0.359672187778,7150,0.988114980652
83,"[2000,3000)","[5,6)",8.9,9,8.95,3,5.62345084993,0.533480256174,7153,0.98852957435
83,"[2000,3000)","[5,6)",9,9.1,9.05,3,5.686282703,0.527585446713,7156,0.988944168049
83,"[2000,3000)","[5,6)",9.1,9.2,9.15,2,5.74911455607,0.347879657031,7158,0.989220563847
83,"[2000,3000)","[5,6)",9.2,9.3,9.25,1,5.81194640914,0.172059397937,7159,0.989358761747
83,"[2000,3000)","[5,6)",9.3,9.4,9.35,5,5.87477826221,0.851095952363,7164,0.990049751244
83,"[2000,3000)","[5,6)",9.4,9.5,9.45,1,5.93761011528,0.168417929198,7165,0.990187949143
83,"[2000,3000)","[5,6)",9.5,9.6,9.55,3,6.00044196836,0.499963172016,7168,0.990602542841
83,"[2000,3000)","[5,6)",9.6,9.7,9.65,3,6.06327382143,0.494782206503,7171,0.99101713654
83,"[2000,3000)","[5,6)",9.7,9.8,9.75,4,6.1261056745,0.652943356274,7175,0.991569928137
83,"[2000,3000)","[5,6)",9.8,9.9,9.85,0,6.18893752757,0,7175,0.991569928137
83,"[2000,3000)","[5,6)",9.9,10,9.95,3,6.25176938064,0.479864150026,7178,0.991984521835
83,"[2000,3000)","[5,6)",10,10.1,10.05,0,6.31460123372,0,7178,0.991984521835
83,"[2000,3000)","[5,6)",10.1,10.2,10.15,2,6.37743308679,0.313605799196,7180,0.992260917634
83,"[2000,3000)","[5,6)",10.2,10.3,10.25,4,6.44026493986,0.621092460846,7184,0.992813709232
83,"[2000,3000)","[5,6)",10.3,10.4,10.35,2,6.50309679293,0.307545783752,7186,0.99309010503
83,"[2000,3000)","[5,6)",10.4,10.5,10.45,5,6.565928646,0.761506904746,7191,0.993781094527
83,"[2000,3000)","[5,6)",10.5,10.6,10.55,3,6.62876049907,0.452573297892,7194,0.994195688226
83,"[2000,3000)","[5,6)",10.6,10.7,10.65,1,6.69159235215,0.149441261119,7195,0.994333886125
83,"[2000,3000)","[5,6)",10.7,10.8,10.75,3,6.75442420522,0.444153329559,7198,0.994748479823
83,"[2000,3000)","[5,6)",10.8,10.9,10.85,2,6.81725605829,0.29337316699,7200,0.995024875622
83,"[2000,3000)","[5,6)",10.9,11,10.95,3,6.88008791136,0.436040939978,7203,0.99543946932
83,"[2000,3000)","[5,6)",11,11.1,11.05,5,6.94291976443,0.720158113538,7208,0.996130458817
83,"[2000,3000)","[5,6)",11.1,11.2,11.15,6,7.00575161751,0.856439155651,7214,0.996959646213
83,"[2000,3000)","[5,6)",11.2,11.3,11.25,2,7.06858347058,0.282942121052,7216,0.997236042012
83,"[2000,3000)","[5,6)",11.3,11.4,11.35,3,7.13141532365,0.420673858393,7219,0.99765063571
83,"[2000,3000)","[5,6)",11.4,11.5,11.45,3,7.19424717672,0.416999850896,7222,0.998065229409
83,"[2000,3000)","[5,6)",11.5,11.6,11.55,2,7.25707902979,0.275592975051,7224,0.998341625207
83,"[2000,3000)","[5,6)",11.6,11.7,11.65,5,7.31991088286,0.683068425287,7229,0.999032614704
83,"[2000,3000)","[5,6)",11.7,11.8,11.75,2,7.38274273594,0.270902030795,7231,0.999309010503
83,"[2000,3000)","[5,6)",11.8,11.9,11.85,2,7.44557458901,0.268615937708,7233,0.999585406302
83,"[2000,3000)","[5,6)",11.9,12,11.95,3,7.50840644208,0.39955215839,7236,1
84,"[2000,3000)",>=6,0,0.1,0.05,0,0.0314159265359,0,0,0
84,"[2000,3000)",>=6,0.1,0.2,0.15,0,0.0942477796077,0,0,0
84,"[2000,3000)",>=6,0.2,0.3,0.25,0,0.157079632679,0,0,0
84,"[2000,3000)",>=6,0.3,0.4,0.35,0,0.219911485751,0,0,0
84,"[2000,3000)",>=6,0.4,0.5,0.45,0,0.282743338823,0,0,0
84,"[2000,3000)",>=6,0.5,0.6,0.55,0,0.345575191895,0,0,0
84,"[2000,3000)",>=6,0.6,0.7,0.65,0,0.408407044967,0,0,0
84,"[2000,3000)",>=6,0.7,0.8,0.75,0,0.471238898038,0,0,0
84,"[2000,3000)",>=6,0.8,0.9,0.85,0,0.53407075111,0,0,0
84,"[2000,3000)",>=6,0.9,1,0.95,0,0.596902604182,0,0,0
84,"[2000,3000)",>=6,1,1.1,1.05,0,0.659734457254,0,0,0
84,"[2000,3000)",>=6,1.1,1.2,1.15,0,0.722566310326,0,0,0
84,"[2000,3000)",>=6,1.2,1.3,1.25,0,0.785398163397,0,0,0
84,"[2000,3000)",>=6,1.3,1.4,1.35,0,0.848230016469,0,0,0
84,"[2000,3000)",>=6,1.4,1.5,1.45,0,0.911061869541,0,0,0
84,"[2000,3000)",>=6,1.5,1.6,1.55,0,0.973893722613,0,0,0
84,"[2000,3000)",>=6,1.6,1.7,1.65,0,1.03672557568,0,0,0
84,"[2000,3000)",>=6,1.7,1.8,1.75,0,1.09955742876,0,0,0
84,"[2000,3000)",>=6,1.8,1.9,1.85,0,1.16238928183,0,0,0
84,"[2000,3000)",>=6,1.9,2,1.95,0,1.2252211349,0,0,0
84,"[2000,3000)",>=6,2,2.1,2.05,0,1.28805298797,0,0,0
84,"[2000,3000)",>=6,2.1,2.2,2.15,0,1.35088484104,0,0,0
84,"[2000,3000)",>=6,2.2,2.3,2.25,0,1.41371669412,0,0,0
84,"[2000,3000)",>=6,2.3,2.4,2.35,0,1.47654854719,0,0,0
84,"[2000,3000)",>=6,2.4,2.5,2.45,1,1.53938040026,0.64961201262,1,0.333333333333
84,"[2000,3000)",>=6,2.5,2.6,2.55,0,1.60221225333,0,1,0.333333333333
84,"[2000,3000)",>=6,2.6,2.7,2.65,0,1.6650441064,0,1,0.333333333333
84,"[2000,3000)",>=6,2.7,2.8,2.75,0,1.72787595947,0,1,0.333333333333
84,"[2000,3000)",>=6,2.8,2.9,2.85,0,1.79070781255,0,1,0.333333333333
84,"[2000,3000)",>=6,2.9,3,2.95,0,1.85353966562,0,1,0.333333333333
84,"[2000,3000)",>=6,3,3.1,3.05,0,1.91637151869,0,1,0.333333333333
84,"[2000,3000)",>=6,3.1,3.2,3.15,0,1.97920337176,0,1,0.333333333333
84,"[2000,3000)",>=6,3.2,3.3,3.25,0,2.04203522483,0,1,0.333333333333
84,"[2000,3000)",>=6,3.3,3.4,3.35,0,2.10486707791,0,1,0.333333333333
84,"[2000,3000)",>=6,3.4,3.5,3.45,0,2.16769893098,0,1,0.333333333333
84,"[2000,3000)",>=6,3.5,3.6,3.55,0,2.23053078405,0,1,0.333333333333
84,"[2000,3000)",>=6,3.6,3.7,3.65,0,2.29336263712,0,1,0.333333333333
84,"[2000,3000)",>=6,3.7,3.8,3.75,0,2.35619449019,0,1,0.333333333333
84,"[2000,3000)",>=6,3.8,3.9,3.85,0,2.41902634326,0,1,0.333333333333
84,"[2000,3000)",>=6,3.9,4,3.95,0,2.48185819634,0,1,0.333333333333
84,"[2000,3000)",>=6,4,4.1,4.05,0,2.54469004941,0,1,0.333333333333
84,"[2000,3000)",>=6,4.1,4.2,4.15,0,2.60752190248,0,1,0.333333333333
84,"[2000,3000)",>=6,4.2,4.3,4.25,1,2.67035375555,0.37448221904,2,0.666666666667
84,"[2000,3000)",>=6,4.3,4.4,4.35,0,2.73318560862,0,2,0.666666666667
84,"[2000,3000)",>=6,4.4,4.5,4.45,0,2.79601746169,0,2,0.666666666667
84,"[2000,3000)",>=6,4.5,4.6,4.55,0,2.85884931477,0,2,0.666666666667
84,"[2000,3000)",>=6,4.6,4.7,4.65,0,2.92168116784,0,2,0.666666666667
84,"[2000,3000)",>=6,4.7,4.8,4.75,0,2.98451302091,0,2,0.666666666667
84,"[2000,3000)",>=6,4.8,4.9,4.85,0,3.04734487398,0,2,0.666666666667
84,"[2000,3000)",>=6,4.9,5,4.95,0,3.11017672705,0,2,0.666666666667
84,"[2000,3000)",>=6,5,5.1,5.05,0,3.17300858013,0,2,0.666666666667
84,"[2000,3000)",>=6,5.1,5.2,5.15,0,3.2358404332,0,2,0.666666666667
84,"[2000,3000)",>=6,5.2,5.3,5.25,0,3.29867228627,0,2,0.666666666667
84,"[2000,3000)",>=6,5.3,5.4,5.35,0,3.36150413934,0,2,0.666666666667
84,"[2000,3000)",>=6,5.4,5.5,5.45,0,3.42433599241,0,2,0.666666666667
84,"[2000,3000)",>=6,5.5,5.6,5.55,0,3.48716784548,0,2,0.666666666667
84,"[2000,3000)",>=6,5.6,5.7,5.65,0,3.54999969856,0,2,0.666666666667
84,"[2000,3000)",>=6,5.7,5.8,5.75,0,3.61283155163,0,2,0.666666666667
84,"[2000,3000)",>=6,5.8,5.9,5.85,0,3.6756634047,0,2,0.666666666667
84,"[2000,3000)",>=6,5.9,6,5.95,0,3.73849525777,0,2,0.666666666667
84,"[2000,3000)",>=6,6,6.1,6.05,0,3.80132711084,0,2,0.666666666667
84,"[2000,3000)",>=6,6.1,6.2,6.15,0,3.86415896392,0,2,0.666666666667
84,"[2000,3000)",>=6,6.2,6.3,6.25,0,3.92699081699,0,2,0.666666666667
84,"[2000,3000)",>=6,6.3,6.4,6.35,0,3.98982267006,0,2,0.666666666667
84,"[2000,3000)",>=6,6.4,6.5,6.45,0,4.05265452313,0,2,0.666666666667
84,"[2000,3000)",>=6,6.5,6.6,6.55,0,4.1154863762,0,2,0.666666666667
84,"[2000,3000)",>=6,6.6,6.7,6.65,0,4.17831822927,0,2,0.666666666667
84,"[2000,3000)",>=6,6.7,6.8,6.75,0,4.24115008235,0,2,0.666666666667
84,"[2000,3000)",>=6,6.8,6.9,6.85,0,4.30398193542,0,2,0.666666666667
84,"[2000,3000)",>=6,6.9,7,6.95,0,4.36681378849,0,2,0.666666666667
84,"[2000,3000)",>=6,7,7.1,7.05,1,4.42964564156,0.225751692329,3,1
84,"[2000,3000)",>=6,7.1,7.2,7.15,0,4.49247749463,0,3,1
84,"[2000,3000)",>=6,7.2,7.3,7.25,0,4.55530934771,0,3,1
84,"[2000,3000)",>=6,7.3,7.4,7.35,0,4.61814120078,0,3,1
84,"[2000,3000)",>=6,7.4,7.5,7.45,0,4.68097305385,0,3,1
84,"[2000,3000)",>=6,7.5,7.6,7.55,0,4.74380490692,0,3,1
84,"[2000,3000)",>=6,7.6,7.7,7.65,0,4.80663675999,0,3,1
84,"[2000,3000)",>=6,7.7,7.8,7.75,0,4.86946861306,0,3,1
84,"[2000,3000)",>=6,7.8,7.9,7.85,0,4.93230046614,0,3,1
84,"[2000,3000)",>=6,7.9,8,7.95,0,4.99513231921,0,3,1
84,"[2000,3000)",>=6,8,8.1,8.05,0,5.05796417228,0,3,1
84,"[2000,3000)",>=6,8.1,8.2,8.15,0,5.12079602535,0,3,1
84,"[2000,3000)",>=6,8.2,8.3,8.25,0,5.18362787842,0,3,1
84,"[2000,3000)",>=6,8.3,8.4,8.35,0,5.24645973149,0,3,1
84,"[2000,3000)",>=6,8.4,8.5,8.45,0,5.30929158457,0,3,1
84,"[2000,3000)",>=6,8.5,8.6,8.55,0,5.37212343764,0,3,1
84,"[2000,3000)",>=6,8.6,8.7,8.65,0,5.43495529071,0,3,1
84,"[2000,3000)",>=6,8.7,8.8,8.75,0,5.49778714378,0,3,1
84,"[2000,3000)",>=6,8.8,8.9,8.85,0,5.56061899685,0,3,1
84,"[2000,3000)",>=6,8.9,9,8.95,0,5.62345084993,0,3,1
84,"[2000,3000)",>=6,9,9.1,9.05,0,5.686282703,0,3,1
84,"[2000,3000)",>=6,9.1,9.2,9.15,0,5.74911455607,0,3,1
84,"[2000,3000)",>=6,9.2,9.3,9.25,0,5.81194640914,0,3,1
84,"[2000,3000)",>=6,9.3,9.4,9.35,0,5.87477826221,0,3,1
84,"[2000,3000)",>=6,9.4,9.5,9.45,0,5.93761011528,0,3,1
84,"[2000,3000)",>=6,9.5,9.6,9.55,0,6.00044196836,0,3,1
84,"[2000,3000)",>=6,9.6,9.7,9.65,0,6.06327382143,0,3,1
84,"[2000,3000)",>=6,9.7,9.8,9.75,0,6.1261056745,0,3,1
84,"[2000,3000)",>=6,9.8,9.9,9.85,0,6.18893752757,0,3,1
84,"[2000,3000)",>=6,9.9,10,9.95,0,6.25176938064,0,3,1
84,"[2000,3000)",>=6,10,10.1,10.05,0,6.31460123372,0,3,1
84,"[2000,3000)",>=6,10.1,10.2,10.15,0,6.37743308679,0,3,1
84,"[2000,3000)",>=6,10.2,10.3,10.25,0,6.44026493986,0,3,1
84,"[2000,3000)",>=6,10.3,10.4,10.35,0,6.50309679293,0,3,1
84,"[2000,3000)",>=6,10.4,10.5,10.45,0,6.565928646,0,3,1
84,"[2000,3000)",>=6,10.5,10.6,10.55,0,6.62876049907,0,3,1
84,"[2000,3000)",>=6,10.6,10.7,10.65,0,6.69159235215,0,3,1
84,"[2000,3000)",>=6,10.7,10.8,10.75,0,6.75442420522,0,3,1
84,"[2000,3000)",>=6,10.8,10.9,10.85,0,6.81725605829,0,3,1
84,"[2000,3000)",>=6,10.9,11,10.95,0,6.88008791136,0,3,1
84,"[2000,3000)",>=6,11,11.1,11.05,0,6.94291976443,0,3,1
84,"[2000,3000)",>=6,11.1,11.2,11.15,0,7.00575161751,0,3,1
84,"[2000,3000)",>=6,11.2,11.3,11.25,0,7.06858347058,0,3,1
84,"[2000,3000)",>=6,11.3,11.4,11.35,0,7.13141532365,0,3,1
84,"[2000,3000)",>=6,11.4,11.5,11.45,0,7.19424717672,0,3,1
84,"[2000,3000)",>=6,11.5,11.6,11.55,0,7.25707902979,0,3,1
84,"[2000,3000)",>=6,11.6,11.7,11.65,0,7.31991088286,0,3,1
84,"[2000,3000)",>=6,11.7,11.8,11.75,0,7.38274273594,0,3,1
84,"[2000,3000)",>=6,11.8,11.9,11.85,0,7.44557458901,0,3,1
84,"[2000,3000)",>=6,11.9,12,11.95,0,7.50840644208,0,3,1
