cell_id,nhit_bin,predE_bin,rho_bin_low_deg,rho_bin_high_deg,rho_bin_center_deg,count,annulus_area_sqdeg,density_per_sqdeg,cumulative_count_within_12deg,cumulative_fraction_within_12deg
1,"[30,60)","[2,3)",0,0.1,0.05,911,0.0314159265359,28998.0306313,911,0.000138366344566
1,"[30,60)","[2,3)",0.1,0.2,0.15,2511,0.0942477796077,26642.5374736,3422,0.000519747125253
1,"[30,60)","[2,3)",0.2,0.3,0.25,4176,0.157079632679,26585.2416941,7598,0.00115401480353
1,"[30,60)","[2,3)",0.3,0.4,0.35,5889,0.219911485751,26778.9559962,13487,0.00204845981247
1,"[30,60)","[2,3)",0.4,0.5,0.45,7738,0.282743338823,27367.5766588,21225,0.00322373837916
1,"[30,60)","[2,3)",0.5,0.6,0.55,9357,0.345575191895,27076.5964093,30582,0.0046449171784
1,"[30,60)","[2,3)",0.6,0.7,0.65,11090,0.408407044967,27154.2818291,41672,0.00632931098876
1,"[30,60)","[2,3)",0.7,0.8,0.75,12909,0.471238898038,27393.748805,54581,0.00828998183619
1,"[30,60)","[2,3)",0.8,0.9,0.85,14448,0.53407075111,27052.5955034,69029,0.0104844021944
1,"[30,60)","[2,3)",0.9,1,0.95,16165,0.596902604182,27081.4700535,85194,0.0129396074193
1,"[30,60)","[2,3)",1,1.1,1.05,17778,0.659734457254,26947.2055075,102972,0.0156398015726
1,"[30,60)","[2,3)",1.1,1.2,1.15,19118,0.722566310326,26458.471322,122090,0.0185435203162
1,"[30,60)","[2,3)",1.2,1.3,1.25,20936,0.785398163397,26656.5431086,143026,0.0217233642129
1,"[30,60)","[2,3)",1.3,1.4,1.35,22383,0.848230016469,26387.8895646,165409,0.0251229842902
1,"[30,60)","[2,3)",1.4,1.5,1.45,24224,0.911061869541,26588.754079,189633,0.028802222853
1,"[30,60)","[2,3)",1.5,1.6,1.55,25966,0.973893722613,26662.0467892,215599,0.0327460433832
1,"[30,60)","[2,3)",1.6,1.7,1.65,27607,1.03672557568,26629.0334178,243206,0.0369391055945
1,"[30,60)","[2,3)",1.7,1.8,1.75,29114,1.09955742876,26477.9257896,272320,0.0413610570277
1,"[30,60)","[2,3)",1.8,1.9,1.85,30864,1.16238928183,26552.2062897,303184,0.0460488055005
1,"[30,60)","[2,3)",1.9,2,1.95,32468,1.2252211349,26499.7061144,335652,0.0509801759455
1,"[30,60)","[2,3)",2,2.1,2.05,33821,1.28805298797,26257.4601479,369473,0.056117045473
1,"[30,60)","[2,3)",2.1,2.2,2.15,35397,1.35088484104,26202.8256773,404870,0.0614932842201
1,"[30,60)","[2,3)",2.2,2.3,2.25,36917,1.41371669412,26113.4357072,441787,0.0671003866815
1,"[30,60)","[2,3)",2.3,2.4,2.35,38600,1.47654854719,26142.0459717,480387,0.0729631099529
1,"[30,60)","[2,3)",2.4,2.5,2.45,40171,1.53938040026,26095.564159,520558,0.0790644430238
1,"[30,60)","[2,3)",2.5,2.6,2.55,41677,1.60221225333,26012.1590715,562235,0.0853945134327
1,"[30,60)","[2,3)",2.6,2.7,2.65,43252,1.6650441064,25976.4890514,605487,0.0919638011771
1,"[30,60)","[2,3)",2.7,2.8,2.75,44629,1.72787595947,25828.8216554,650116,0.0987422332207
1,"[30,60)","[2,3)",2.8,2.9,2.85,46203,1.79070781255,25801.529248,696319,0.105759730716
1,"[30,60)","[2,3)",2.9,3,2.95,47473,1.85353966562,25612.0766556,743792,0.112970120919
1,"[30,60)","[2,3)",3,3.1,3.05,49067,1.91637151869,25604.1166973,792859,0.120422614255
1,"[30,60)","[2,3)",3.1,3.2,3.15,50150,1.97920337176,25338.4774478,843009,0.128039597987
1,"[30,60)","[2,3)",3.2,3.3,3.25,51321,2.04203522483,25132.2794905,894330,0.13583443791
1,"[30,60)","[2,3)",3.3,3.4,3.35,52778,2.10486707791,25074.2674224,947108,0.143850572853
1,"[30,60)","[2,3)",3.4,3.5,3.45,54407,2.16769893098,25098.9651849,1001515,0.15211412687
1,"[30,60)","[2,3)",3.5,3.6,3.55,55779,2.23053078405,25007.0523119,1057294,0.160586065765
1,"[30,60)","[2,3)",3.6,3.7,3.65,56866,2.29336263712,24795.9040928,1114160,0.169223102593
1,"[30,60)","[2,3)",3.7,3.8,3.75,58023,2.35619449019,24625.7260347,1172183,0.178035869235
1,"[30,60)","[2,3)",3.8,3.9,3.85,59608,2.41902634326,24641.3190853,1231791,0.187089372052
1,"[30,60)","[2,3)",3.9,4,3.95,60358,2.48185819634,24319.6811523,1292149,0.196256787887
1,"[30,60)","[2,3)",4,4.1,4.05,61721,2.54469004941,24254.820352,1353870,0.205631221644
1,"[30,60)","[2,3)",4.1,4.2,4.15,63285,2.60752190248,24270.1700568,1417155,0.215243202013
1,"[30,60)","[2,3)",4.2,4.3,4.25,63908,2.67035375555,23932.4096544,1481063,0.224949806128
1,"[30,60)","[2,3)",4.3,4.4,4.35,65486,2.73318560862,23959.5875938,1546549,0.23489608323
1,"[30,60)","[2,3)",4.4,4.5,4.45,66110,2.79601746169,23644.344467,1612659,0.244937135962
1,"[30,60)","[2,3)",4.5,4.6,4.55,67369,2.85884931477,23565.075519,1680028,0.255169410679
1,"[30,60)","[2,3)",4.6,4.7,4.65,68094,2.92168116784,23306.4445052,1748122,0.265511801313
1,"[30,60)","[2,3)",4.7,4.8,4.75,69090,2.98451302091,23149.5053015,1817212,0.276005468432
1,"[30,60)","[2,3)",4.8,4.9,4.85,69810,3.04734487398,22908.4671696,1887022,0.286608492048
1,"[30,60)","[2,3)",4.9,5,4.95,71290,3.11017672705,22921.5270566,1958312,0.297436304018
1,"[30,60)","[2,3)",5,5.1,5.05,71693,3.17300858013,22594.6442279,2030005,0.308325325248
1,"[30,60)","[2,3)",5.1,5.2,5.15,72605,3.2358404332,22437.7565887,2102610,0.319352864707
1,"[30,60)","[2,3)",5.2,5.3,5.25,73454,3.29867228627,22267.7470283,2176064,0.330509353702
1,"[30,60)","[2,3)",5.3,5.4,5.35,74497,3.36150413934,22161.8052253,2250561,0.341824257731
1,"[30,60)","[2,3)",5.4,5.5,5.45,75139,3.42433599241,21942.6482,2325700,0.353236671304
1,"[30,60)","[2,3)",5.5,5.6,5.55,75583,3.48716784548,21674.6091238,2401283,0.364716521382
1,"[30,60)","[2,3)",5.6,5.7,5.65,75849,3.54999969856,21365.9173072,2477132,0.37623677261
1,"[30,60)","[2,3)",5.7,5.8,5.75,76663,3.61283155163,21219.6441778,2553795,0.387880657433
1,"[30,60)","[2,3)",5.8,5.9,5.85,77685,3.6756634047,21134.9602634,2631480,0.399679767727
1,"[30,60)","[2,3)",5.9,6,5.95,77855,3.73849525777,20825.2236881,2709335,0.411504698304
1,"[30,60)","[2,3)",6,6.1,6.05,78306,3.80132711084,20599.6478905,2787641,0.423398128576
1,"[30,60)","[2,3)",6.1,6.2,6.15,78403,3.86415896392,20289.7967532,2866044,0.435306291598
1,"[30,60)","[2,3)",6.2,6.3,6.25,78694,3.92699081699,20039.2625467,2944738,0.447258652871
1,"[30,60)","[2,3)",6.3,6.4,6.35,79803,3.98982267006,20001.6408245,3024541,0.459379453524
1,"[30,60)","[2,3)",6.4,6.5,6.45,79586,4.05265452313,19637.9927146,3104127,0.471467295345
1,"[30,60)","[2,3)",6.5,6.6,6.55,79863,4.1154863762,19405.4827789,3183990,0.48359720904
1,"[30,60)","[2,3)",6.6,6.7,6.65,80082,4.17831822927,19166.0844401,3264072,0.495760385336
1,"[30,60)","[2,3)",6.7,6.8,6.75,79676,4.24115008235,18786.4136975,3343748,0.507861896719
1,"[30,60)","[2,3)",6.8,6.9,6.85,80051,4.30398193542,18599.2881014,3423799,0.52002036461
1,"[30,60)","[2,3)",6.9,7,6.95,79627,4.36681378849,18234.57648,3503426,0.532114433675
1,"[30,60)","[2,3)",7,7.1,7.05,79527,4.42964564156,17953.3548358,3582953,0.544193314339
1,"[30,60)","[2,3)",7.1,7.2,7.15,79756,4.49247749463,17753.2330647,3662709,0.556306976443
1,"[30,60)","[2,3)",7.2,7.3,7.25,79574,4.55530934771,17468.4075056,3742283,0.568392995656
1,"[30,60)","[2,3)",7.3,7.4,7.35,80770,4.61814120078,17489.7207531,3823053,0.580660668159
1,"[30,60)","[2,3)",7.4,7.5,7.45,79454,4.68097305385,16973.8212731,3902507,0.592728461289
1,"[30,60)","[2,3)",7.5,7.6,7.55,78421,4.74380490692,16531.2447579,3980928,0.604639358223
1,"[30,60)","[2,3)",7.6,7.7,7.65,78036,4.80663675999,16235.0524694,4058964,0.616491779809
1,"[30,60)","[2,3)",7.7,7.8,7.75,77709,4.86946861306,15958.4148035,4136673,0.628294535319
1,"[30,60)","[2,3)",7.8,7.9,7.85,76904,4.93230046614,15591.9130491,4213577,0.639975024191
1,"[30,60)","[2,3)",7.9,8,7.95,76218,4.99513231921,15258.4546573,4289795,0.651551320624
1,"[30,60)","[2,3)",8,8.1,8.05,75526,5.05796417228,14932.0946981,4365321,0.663022513313
1,"[30,60)","[2,3)",8.1,8.2,8.15,74504,5.12079602535,14549.3004664,4439825,0.674338480531
1,"[30,60)","[2,3)",8.2,8.3,8.25,73954,5.18362787842,14266.8420138,4513779,0.685570911537
1,"[30,60)","[2,3)",8.3,8.4,8.35,72657,5.24645973149,13848.7673057,4586436,0.696606348965
1,"[30,60)","[2,3)",8.4,8.5,8.45,72447,5.30929158457,13645.3232689,4658883,0.707609890748
1,"[30,60)","[2,3)",8.5,8.6,8.55,71723,5.37212343764,13350.9590449,4730606,0.718503468499
1,"[30,60)","[2,3)",8.6,8.7,8.65,70567,5.43495529071,12983.9154557,4801173,0.729221468321
1,"[30,60)","[2,3)",8.7,8.8,8.75,69338,5.49778714378,12611.9833647,4870511,0.739752802678
1,"[30,60)","[2,3)",8.8,8.9,8.85,68507,5.56061899685,12320.0312841,4939018,0.750157921412
1,"[30,60)","[2,3)",8.9,9,8.95,67814,5.62345084993,12059.1433641,5006832,0.760457784519
1,"[30,60)","[2,3)",9,9.1,9.05,66888,5.686282703,11763.0451199,5073720,0.770617003021
1,"[30,60)","[2,3)",9.1,9.2,9.15,65923,5.74911455607,11466.6353152,5139643,0.780629653442
1,"[30,60)","[2,3)",9.2,9.3,9.25,65566,5.81194640914,11281.2464851,5205209,0.790588081266
1,"[30,60)","[2,3)",9.3,9.4,9.35,64322,5.87477826221,10948.8387696,5269531,0.800357565366
1,"[30,60)","[2,3)",9.4,9.5,9.45,63340,5.93761011528,10667.5916354,5332871,0.809977899356
1,"[30,60)","[2,3)",9.5,9.6,9.55,62188,6.00044196836,10363.9032471,5395059,0.819423262952
1,"[30,60)","[2,3)",9.6,9.7,9.65,61320,6.06327382143,10113.3483009,5456379,0.828736791216
1,"[30,60)","[2,3)",9.7,9.8,9.75,59807,6.1261056745,9762.64582718,5516186,0.837820518954
1,"[30,60)","[2,3)",9.8,9.9,9.85,59439,6.18893752757,9604.07173852,5575625,0.846848353372
1,"[30,60)","[2,3)",9.9,10,9.95,58195,6.25176938064,9308.56473692,5633820,0.855687244066
1,"[30,60)","[2,3)",10,10.1,10.05,56875,6.31460123372,9006.90287398,5690695,0.86432564785
1,"[30,60)","[2,3)",10.1,10.2,10.15,56319,6.37743308679,8830.98250246,5747014,0.872879604117
1,"[30,60)","[2,3)",10.2,10.3,10.25,54899,6.44026493986,8524.338752,5801913,0.881217885073
1,"[30,60)","[2,3)",10.3,10.4,10.35,53777,6.50309679293,8269.44480643,5855690,0.889385752155
1,"[30,60)","[2,3)",10.4,10.5,10.45,53050,6.565928646,8079.58825935,5908740,0.897443199552
1,"[30,60)","[2,3)",10.5,10.6,10.55,51426,6.62876049907,7758.01147246,5960166,0.905253987297
1,"[30,60)","[2,3)",10.6,10.7,10.65,51212,6.69159235215,7653.18586443,6011378,0.913032271861
1,"[30,60)","[2,3)",10.7,10.8,10.75,50291,6.75442420522,7445.63836561,6061669,0.920670671241
1,"[30,60)","[2,3)",10.8,10.9,10.85,48418,6.81725605829,7102.27099965,6110087,0.928024591846
1,"[30,60)","[2,3)",10.9,11,10.95,47385,6.88008791136,6887.26664695,6157472,0.935221616256
1,"[30,60)","[2,3)",11,11.1,11.05,46786,6.94291976443,6738.6635,6204258,0.942327662136
1,"[30,60)","[2,3)",11.1,11.2,11.15,45387,7.00575161751,6478.53399293,6249645,0.949221222268
1,"[30,60)","[2,3)",11.2,11.3,11.25,44811,7.06858347058,6339.45969324,6294456,0.956027297204
1,"[30,60)","[2,3)",11.3,11.4,11.35,43836,7.13141532365,6146.88641883,6338292,0.962685285218
1,"[30,60)","[2,3)",11.4,11.5,11.45,42738,7.19424717672,5940.57987586,6381030,0.969176504575
1,"[30,60)","[2,3)",11.5,11.6,11.55,42333,7.25707902979,5833.33870641,6423363,0.975606210902
1,"[30,60)","[2,3)",11.6,11.7,11.65,41298,7.31991088286,5641.8719655,6464661,0.981878717267
1,"[30,60)","[2,3)",11.7,11.8,11.75,40139,7.38274273594,5436.86830703,6504800,0.987975190049
1,"[30,60)","[2,3)",11.8,11.9,11.85,39734,7.44557458901,5336.59283444,6544534,0.994010149802
1,"[30,60)","[2,3)",11.9,12,11.95,39437,7.50840644208,5252.37949014,6583971,1
2,"[60,100)","[2,3)",0,0.1,0.05,1637,0.0314159265359,52107.3283683,1637,0.000190084023641
2,"[60,100)","[2,3)",0.1,0.2,0.15,4875,0.0942477796077,51725.3565049,6512,0.000756155871686
2,"[60,100)","[2,3)",0.2,0.3,0.25,7989,0.157079632679,50859.5536144,14501,0.00168381699867
2,"[60,100)","[2,3)",0.3,0.4,0.35,11113,0.219911485751,50533.9680737,25614,0.00297422857761
2,"[60,100)","[2,3)",0.4,0.5,0.45,14264,0.282743338823,50448.5801836,39878,0.00463052577566
2,"[60,100)","[2,3)",0.5,0.6,0.55,17351,0.345575191895,50209.0439561,57229,0.00664527708549
2,"[60,100)","[2,3)",0.6,0.7,0.65,20435,0.408407044967,50035.8655705,77664,0.0090181341552
2,"[60,100)","[2,3)",0.7,0.8,0.75,23548,0.471238898038,49970.407999,101212,0.0117524643865
2,"[60,100)","[2,3)",0.8,0.9,0.85,26691,0.53407075111,49976.524542,127903,0.0148517512986
2,"[60,100)","[2,3)",0.9,1,0.95,29432,0.596902604182,49307.8766851,157335,0.0182693157358
2,"[60,100)","[2,3)",1,1.1,1.05,33070,0.659734457254,50126.2282671,190405,0.0221093149184
2,"[60,100)","[2,3)",1.1,1.2,1.15,35942,0.722566310326,49742.1475183,226347,0.0262828029927
2,"[60,100)","[2,3)",1.2,1.3,1.25,39063,0.785398163397,49736.556336,265410,0.0308186931671
2,"[60,100)","[2,3)",1.3,1.4,1.35,41890,0.848230016469,49385.1893787,307300,0.0356828469547
2,"[60,100)","[2,3)",1.4,1.5,1.45,45288,0.911061869541,49709.0280189,352588,0.0409415673351
2,"[60,100)","[2,3)",1.5,1.6,1.55,48113,0.973893722613,49402.7211418,400701,0.0465283190941
2,"[60,100)","[2,3)",1.6,1.7,1.65,51053,1.03672557568,49244.4685435,451754,0.0524564557214
2,"[60,100)","[2,3)",1.7,1.8,1.75,54581,1.09955742876,49639.0625651,506335,0.0587942541908
2,"[60,100)","[2,3)",1.8,1.9,1.85,57258,1.16238928183,49258.8850354,563593,0.065442898678
2,"[60,100)","[2,3)",1.9,2,1.95,59917,1.2252211349,48903.0088474,623510,0.0724002990717
2,"[60,100)","[2,3)",2,2.1,2.05,62857,1.28805298797,48800.0110143,686367,0.0796990843338
2,"[60,100)","[2,3)",2.1,2.2,2.15,66110,1.35088484104,48938.2943619,752477,0.0873755991798
2,"[60,100)","[2,3)",2.2,2.3,2.25,68648,1.41371669412,48558.526815,821125,0.0953468197387
2,"[60,100)","[2,3)",2.3,2.4,2.35,71475,1.47654854719,48406.8066276,892600,0.103646303911
2,"[60,100)","[2,3)",2.4,2.5,2.45,74623,1.53938040026,48475.9972177,967223,0.11231132535
2,"[60,100)","[2,3)",2.5,2.6,2.55,77632,1.60221225333,48453.0060475,1044855,0.121325743752
2,"[60,100)","[2,3)",2.6,2.7,2.65,80447,1.6650441064,48315.2366299,1125302,0.130667032359
2,"[60,100)","[2,3)",2.7,2.8,2.75,82888,1.72787595947,47971.0360836,1208190,0.1402917633
2,"[60,100)","[2,3)",2.8,2.9,2.85,85936,1.79070781255,47989.9620686,1294126,0.150270419779
2,"[60,100)","[2,3)",2.9,3,2.95,88197,1.85353966562,47583.0119182,1382323,0.160511617478
2,"[60,100)","[2,3)",3,3.1,3.05,91156,1.91637151869,47566.9770245,1473479,0.171096406274
2,"[60,100)","[2,3)",3.1,3.2,3.15,93274,1.97920337176,47127.041784,1566753,0.181927131516
2,"[60,100)","[2,3)",3.2,3.3,3.25,95735,2.04203522483,46882.1491597,1662488,0.193043621439
2,"[60,100)","[2,3)",3.3,3.4,3.35,98719,2.10486707791,46900.3487376,1761207,0.204506605391
2,"[60,100)","[2,3)",3.4,3.5,3.45,101292,2.16769893098,46727.8912918,1862499,0.216268359161
2,"[60,100)","[2,3)",3.5,3.6,3.55,103603,2.23053078405,46447.6889272,1966102,0.228298460018
2,"[60,100)","[2,3)",3.6,3.7,3.65,106113,2.29336263712,46269.6122639,2072215,0.240620015302
2,"[60,100)","[2,3)",3.7,3.8,3.75,107823,2.35619449019,45761.5024773,2180038,0.253140131173
2,"[60,100)","[2,3)",3.8,3.9,3.85,110958,2.41902634326,45868.8679885,2290996,0.266024274786
2,"[60,100)","[2,3)",3.9,4,3.95,113902,2.48185819634,45893.8388052,2404898,0.279250267737
2,"[60,100)","[2,3)",4,4.1,4.05,115046,2.54469004941,45210.2211925,2519944,0.292609098882
2,"[60,100)","[2,3)",4.1,4.2,4.15,116787,2.60752190248,44788.5020214,2636731,0.30617009025
2,"[60,100)","[2,3)",4.2,4.3,4.25,119316,2.67035375555,44681.7204469,2756047,0.320024742275
2,"[60,100)","[2,3)",4.3,4.4,4.35,120494,2.73318560862,44085.553363,2876541,0.334016180482
2,"[60,100)","[2,3)",4.4,4.5,4.45,122753,2.79601746169,43902.801639,2999294,0.348269927674
2,"[60,100)","[2,3)",4.5,4.6,4.55,124300,2.85884931477,43479.0317062,3123594,0.362703308333
2,"[60,100)","[2,3)",4.6,4.7,4.65,126014,2.92168116784,43130.6473092,3249608,0.377335714048
2,"[60,100)","[2,3)",4.7,4.8,4.75,126684,2.98451302091,42447.1259172,3376292,0.392045918355
2,"[60,100)","[2,3)",4.8,4.9,4.85,128972,3.04734487398,42322.7449906,3505264,0.407021799049
2,"[60,100)","[2,3)",4.9,5,4.95,129338,3.11017672705,41585.4182417,3634602,0.422040178677
2,"[60,100)","[2,3)",5,5.1,5.05,131472,3.17300858013,41434.492432,3766074,0.437306352627
2,"[60,100)","[2,3)",5.1,5.2,5.15,132020,3.2358404332,40799.2924019,3898094,0.452636158858
2,"[60,100)","[2,3)",5.2,5.3,5.25,131933,3.29867228627,39995.7887751,4030027,0.467955862885
2,"[60,100)","[2,3)",5.3,5.4,5.35,133142,3.36150413934,39607.864361,4163169,0.483415952729
2,"[60,100)","[2,3)",5.4,5.5,5.45,134068,3.42433599241,39151.5319458,4297237,0.498983567196
2,"[60,100)","[2,3)",5.5,5.6,5.55,133770,3.48716784548,38360.6427701,4431007,0.514516578706
2,"[60,100)","[2,3)",5.6,5.7,5.65,133189,3.54999969856,37518.0313548,4564196,0.529982126064
2,"[60,100)","[2,3)",5.7,5.8,5.75,133856,3.61283155163,37050.163587,4698052,0.545525123662
2,"[60,100)","[2,3)",5.8,5.9,5.85,133399,3.6756634047,36292.4961599,4831451,0.561015055653
2,"[60,100)","[2,3)",5.9,6,5.95,132454,3.73849525777,35429.7627434,4963905,0.576395256794
2,"[60,100)","[2,3)",6,6.1,6.05,132275,3.80132711084,34797.0580124,5096180,0.591754672938
2,"[60,100)","[2,3)",6.1,6.2,6.15,131086,3.86415896392,33923.5526344,5227266,0.606976025609
2,"[60,100)","[2,3)",6.2,6.3,6.25,128918,3.92699081699,32828.6991256,5356184,0.621945635969
2,"[60,100)","[2,3)",6.3,6.4,6.35,127492,3.98982267006,31954.3023696,5483676,0.636749663057
2,"[60,100)","[2,3)",6.4,6.5,6.45,125331,4.05265452313,30925.6560816,5609007,0.651302760654
2,"[60,100)","[2,3)",6.5,6.6,6.55,122857,4.1154863762,29852.3646465,5731864,0.665568584046
2,"[60,100)","[2,3)",6.6,6.7,6.65,120564,4.17831822927,28854.6715172,5852428,0.679568150464
2,"[60,100)","[2,3)",6.7,6.8,6.75,117739,4.24115008235,27761.1019921,5970167,0.693239685503
2,"[60,100)","[2,3)",6.8,6.9,6.85,113658,4.30398193542,26407.6387182,6083825,0.706437345833
2,"[60,100)","[2,3)",6.9,7,6.95,110709,4.36681378849,25352.3519349,6194534,0.719292576238
2,"[60,100)","[2,3)",7,7.1,7.05,106655,4.42964564156,24077.5467453,6301189,0.7316770671
2,"[60,100)","[2,3)",7.1,7.2,7.15,103280,4.49247749463,22989.5419896,6404469,0.743669662067
2,"[60,100)","[2,3)",7.2,7.3,7.25,99191,4.55530934771,21774.8109796,6503660,0.755187453386
2,"[60,100)","[2,3)",7.3,7.4,7.35,95320,4.61814120078,20640.3390143,6598980,0.766255754628
2,"[60,100)","[2,3)",7.4,7.5,7.45,91313,4.68097305385,19507.268884,6690293,0.776858773841
2,"[60,100)","[2,3)",7.5,7.6,7.55,88291,4.74380490692,18611.8530868,6778584,0.787110886566
2,"[60,100)","[2,3)",7.6,7.7,7.65,83950,4.80663675999,17465.4346047,6862534,0.796858934083
2,"[60,100)","[2,3)",7.7,7.8,7.75,81348,4.86946861306,16705.7242718,6943882,0.806304844379
2,"[60,100)","[2,3)",7.8,7.9,7.85,77908,4.93230046614,15795.4691801,7021790,0.815351311156
2,"[60,100)","[2,3)",7.9,8,7.95,74726,4.99513231921,14959.7638711,7096516,0.824028292677
2,"[60,100)","[2,3)",8,8.1,8.05,71187,5.05796417228,14074.2396694,7167703,0.832294335066
2,"[60,100)","[2,3)",8.1,8.2,8.15,68975,5.12079602535,13469.5855212,7236678,0.840303525983
2,"[60,100)","[2,3)",8.2,8.3,8.25,65930,5.18362787842,12718.8913916,7302608,0.847959139715
2,"[60,100)","[2,3)",8.3,8.4,8.35,63283,5.24645973149,12062.0386391,7365891,0.855307390948
2,"[60,100)","[2,3)",8.4,8.5,8.45,61138,5.30929158457,11515.2839181,7427029,0.862406570567
2,"[60,100)","[2,3)",8.5,8.6,8.55,58435,5.37212343764,10877.4492393,7485464,0.869191885119
2,"[60,100)","[2,3)",8.6,8.7,8.65,56181,5.43495529071,10336.9755582,7541645,0.875715471272
2,"[60,100)","[2,3)",8.7,8.8,8.75,53787,5.49778714378,9783.39077038,7595432,0.881961072603
2,"[60,100)","[2,3)",8.8,8.9,8.85,51838,5.56061899685,9322.34343503,7647270,0.887980361313
2,"[60,100)","[2,3)",8.9,9,8.95,49971,5.62345084993,8886.18062709,7697241,0.893782859019
2,"[60,100)","[2,3)",9,9.1,9.05,48061,5.686282703,8452.09471817,7745302,0.899363572679
2,"[60,100)","[2,3)",9.1,9.2,9.15,46046,5.74911455607,8009.23334384,7791348,0.904710309974
2,"[60,100)","[2,3)",9.2,9.3,9.25,44103,5.81194640914,7588.33562722,7835451,0.909831431351
2,"[60,100)","[2,3)",9.3,9.4,9.35,42747,5.87477826221,7276.35973513,7878198,0.914795097667
2,"[60,100)","[2,3)",9.4,9.5,9.45,41211,5.93761011528,6940.67128017,7919409,0.919580407806
2,"[60,100)","[2,3)",9.5,9.6,9.55,39725,6.00044196836,6620.34566945,7959134,0.924193167635
2,"[60,100)","[2,3)",9.6,9.7,9.65,38212,6.06327382143,6302.20589163,7997346,0.928630241985
2,"[60,100)","[2,3)",9.7,9.8,9.75,37063,6.1261056745,6050.0099034,8034409,0.932933897555
2,"[60,100)","[2,3)",9.8,9.9,9.85,35307,6.18893752757,5704.85642208,8069716,0.937033651143
2,"[60,100)","[2,3)",9.9,10,9.95,34437,6.25176938064,5508.36057815,8104153,0.941032382677
2,"[60,100)","[2,3)",10,10.1,10.05,33560,6.31460123372,5314.66655738,8137713,0.944929279338
2,"[60,100)","[2,3)",10.1,10.2,10.15,32072,6.37743308679,5028.9825959,8169785,0.948653393453
2,"[60,100)","[2,3)",10.2,10.3,10.25,31198,6.44026493986,4844.21064837,8200983,0.952276021046
2,"[60,100)","[2,3)",10.3,10.4,10.35,30185,6.50309679293,4641.63474128,8231168,0.955781021811
2,"[60,100)","[2,3)",10.4,10.5,10.45,29320,6.565928646,4465.47648943,8260488,0.959185581111
2,"[60,100)","[2,3)",10.5,10.6,10.55,28415,6.62876049907,4286.62341986,8288903,0.962485054252
2,"[60,100)","[2,3)",10.6,10.7,10.65,27554,6.69159235215,4117.70450888,8316457,0.965684550396
2,"[60,100)","[2,3)",10.7,10.8,10.75,26791,6.75442420522,3966.43728407,8343248,0.968795449038
2,"[60,100)","[2,3)",10.8,10.9,10.85,25999,6.81725605829,3813.70448428,8369247,0.971814382777
2,"[60,100)","[2,3)",10.9,11,10.95,25195,6.88008791136,3662.01716091,8394442,0.974739958205
2,"[60,100)","[2,3)",11,11.1,11.05,24332,6.94291976443,3504.57744372,8418774,0.977565324401
2,"[60,100)","[2,3)",11.1,11.2,11.15,23868,7.00575161751,3406.91496118,8442642,0.980336812169
2,"[60,100)","[2,3)",11.2,11.3,11.25,22983,7.06858347058,3251.42938407,8465625,0.983005536125
2,"[60,100)","[2,3)",11.3,11.4,11.35,22555,7.13141532365,3162.76629202,8488180,0.985624561875
2,"[60,100)","[2,3)",11.4,11.5,11.45,22001,7.19424717672,3058.13790652,8510181,0.98817925864
2,"[60,100)","[2,3)",11.5,11.6,11.55,21330,7.25707902979,2939.19907892,8531511,0.990656040695
2,"[60,100)","[2,3)",11.6,11.7,11.65,20940,7.31991088286,2860.6905651,8552451,0.993087537002
2,"[60,100)","[2,3)",11.7,11.8,11.75,20458,7.38274273594,2771.056873,8572909,0.99546306477
2,"[60,100)","[2,3)",11.8,11.9,11.85,19703,7.44557458901,2646.26991033,8592612,0.997750923974
2,"[60,100)","[2,3)",11.9,12,11.95,19369,7.50840644208,2579.64191862,8611981,1
3,"[60,100)","[3,3.25)",0,0.1,0.05,72,0.0314159265359,2291.83118052,72,0.000186422246388
3,"[60,100)","[3,3.25)",0.1,0.2,0.15,202,0.0942477796077,2143.28656697,274,0.000709440215421
3,"[60,100)","[3,3.25)",0.2,0.3,0.25,342,0.157079632679,2177.2396215,616,0.00159494588576
3,"[60,100)","[3,3.25)",0.3,0.4,0.35,431,0.219911485751,1959.87944207,1047,0.00271089016623
3,"[60,100)","[3,3.25)",0.4,0.5,0.45,563,0.282743338823,1991.20517691,1610,0.00416860856507
3,"[60,100)","[3,3.25)",0.5,0.6,0.55,721,0.345575191895,2086.37661762,2331,0.00603542022681
3,"[60,100)","[3,3.25)",0.6,0.7,0.65,844,0.408407044967,2066.56572261,3175,0.00822070322614
3,"[60,100)","[3,3.25)",0.7,0.8,0.75,928,0.471238898038,1969.27716252,4103,0.0106234788463
3,"[60,100)","[3,3.25)",0.8,0.9,0.85,1091,0.53407075111,2042.80050486,5194,0.0134482937186
3,"[60,100)","[3,3.25)",0.9,1,0.95,1171,0.596902604182,1961.79408801,6365,0.0164802444203
3,"[60,100)","[3,3.25)",1,1.1,1.05,1382,0.659734457254,2094.78220336,7747,0.0200585158718
3,"[60,100)","[3,3.25)",1.1,1.2,1.15,1387,0.722566310326,1919.54700929,9134,0.0236497333126
3,"[60,100)","[3,3.25)",1.2,1.3,1.25,1551,0.785398163397,1974.79453388,10685,0.0276655792036
3,"[60,100)","[3,3.25)",1.3,1.4,1.35,1646,0.848230016469,1940.51138022,12331,0.0319273988918
3,"[60,100)","[3,3.25)",1.4,1.5,1.45,1770,0.911061869541,1942.78792602,14101,0.0365102791155
3,"[60,100)","[3,3.25)",1.5,1.6,1.55,1885,0.973893722613,1935.52946921,15986,0.0413909170939
3,"[60,100)","[3,3.25)",1.6,1.7,1.65,2041,1.03672557568,1968.69841728,18027,0.0466754699394
3,"[60,100)","[3,3.25)",1.7,1.8,1.75,2078,1.09955742876,1889.85126711,20105,0.052055823106
3,"[60,100)","[3,3.25)",1.8,1.9,1.85,2261,1.16238928183,1945.13149368,22366,0.0579099994822
3,"[60,100)","[3,3.25)",1.9,2,1.95,2442,1.2252211349,1993.10959503,24808,0.0642328206722
3,"[60,100)","[3,3.25)",2,2.1,2.05,2547,1.28805298797,1977.40312222,27355,0.0708275076381
3,"[60,100)","[3,3.25)",2.1,2.2,2.15,2627,1.35088484104,1944.65132792,29982,0.0776293304334
3,"[60,100)","[3,3.25)",2.2,2.3,2.25,2680,1.41371669412,1895.71221105,32662,0.0845683807157
3,"[60,100)","[3,3.25)",2.3,2.4,2.35,2754,1.47654854719,1865.16048202,35416,0.09169903164
3,"[60,100)","[3,3.25)",2.4,2.5,2.45,3009,1.53938040026,1954.68254597,38425,0.0994899280203
3,"[60,100)","[3,3.25)",2.5,2.6,2.55,3123,1.60221225333,1949.1799501,41548,0.107575992957
3,"[60,100)","[3,3.25)",2.6,2.7,2.65,3163,1.6650441064,1899.64937736,44711,0.115765625809
3,"[60,100)","[3,3.25)",2.7,2.8,2.75,3170,1.72787595947,1834.62243491,47881,0.123973383046
3,"[60,100)","[3,3.25)",2.8,2.9,2.85,3366,1.79070781255,1879.70364367,51247,0.132688623065
3,"[60,100)","[3,3.25)",2.9,3,2.95,3460,1.85353966562,1866.69865457,54707,0.141647247683
3,"[60,100)","[3,3.25)",3,3.1,3.05,3568,1.91637151869,1861.85192443,58275,0.15088550567
3,"[60,100)","[3,3.25)",3.1,3.2,3.15,3666,1.97920337176,1852.26038532,61941,0.160377505049
3,"[60,100)","[3,3.25)",3.2,3.3,3.25,3817,2.04203522483,1869.21359317,65758,0.170260473305
3,"[60,100)","[3,3.25)",3.3,3.4,3.35,3978,2.10486707791,1889.90556304,69736,0.180560302418
3,"[60,100)","[3,3.25)",3.4,3.5,3.45,3989,2.16769893098,1840.20019708,73725,0.190888612708
3,"[60,100)","[3,3.25)",3.5,3.6,3.55,4069,2.23053078405,1824.22947448,77794,0.201424058827
3,"[60,100)","[3,3.25)",3.6,3.7,3.65,4135,2.29336263712,1803.02928681,81929,0.212130392005
3,"[60,100)","[3,3.25)",3.7,3.8,3.75,4165,2.35619449019,1767.68090127,86094,0.222914401119
3,"[60,100)","[3,3.25)",3.8,3.9,3.85,4244,2.41902634326,1754.42487917,90338,0.233902956864
3,"[60,100)","[3,3.25)",3.9,4,3.95,4339,2.48185819634,1748.28683057,94677,0.245137486407
3,"[60,100)","[3,3.25)",4,4.1,4.05,4459,2.54469004941,1752.27627468,99136,0.256682719693
3,"[60,100)","[3,3.25)",4.1,4.2,4.15,4529,2.60752190248,1736.89816208,103665,0.268409196831
3,"[60,100)","[3,3.25)",4.2,4.3,4.25,4625,2.67035375555,1731.98026306,108290,0.280384236963
3,"[60,100)","[3,3.25)",4.3,4.4,4.35,4685,2.73318560862,1714.11703077,112975,0.292514628968
3,"[60,100)","[3,3.25)",4.4,4.5,4.45,4668,2.79601746169,1669.51747046,117643,0.304601004609
3,"[60,100)","[3,3.25)",4.5,4.6,4.55,4651,2.85884931477,1626.87833037,122294,0.316643363886
3,"[60,100)","[3,3.25)",4.6,4.7,4.65,4654,2.92168116784,1592.9185057,126948,0.328693490757
3,"[60,100)","[3,3.25)",4.7,4.8,4.75,4859,2.98451302091,1628.07130207,131807,0.34127440319
3,"[60,100)","[3,3.25)",4.8,4.9,4.85,4847,3.04734487398,1590.56496735,136654,0.353824245249
3,"[60,100)","[3,3.25)",4.9,5,4.95,4893,3.11017672705,1573.22249808,141547,0.36649319041
3,"[60,100)","[3,3.25)",5,5.1,5.05,4918,3.17300858013,1549.9485349,146465,0.379226865517
3,"[60,100)","[3,3.25)",5.1,5.2,5.15,4987,3.2358404332,1541.17611883,151452,0.392139195277
3,"[60,100)","[3,3.25)",5.2,5.3,5.25,4985,3.29867228627,1511.21407869,156437,0.405046346642
3,"[60,100)","[3,3.25)",5.3,5.4,5.35,5026,3.36150413934,1495.16400744,161463,0.418059655119
3,"[60,100)","[3,3.25)",5.4,5.5,5.45,5084,3.42433599241,1484.66739574,166547,0.431223137072
3,"[60,100)","[3,3.25)",5.5,5.6,5.55,4994,3.48716784548,1432.10772216,171541,0.444153591217
3,"[60,100)","[3,3.25)",5.6,5.7,5.65,5021,3.54999969856,1414.36631728,176562,0.457153953705
3,"[60,100)","[3,3.25)",5.7,5.8,5.75,5022,3.61283155163,1390.0454334,181584,0.470156905391
3,"[60,100)","[3,3.25)",5.8,5.9,5.85,5068,3.6756634047,1378.79872067,186652,0.483278960178
3,"[60,100)","[3,3.25)",5.9,6,5.95,5033,3.73849525777,1346.26357745,191685,0.49631039304
3,"[60,100)","[3,3.25)",6,6.1,6.05,5083,3.80132711084,1337.16458799,196768,0.509471285796
3,"[60,100)","[3,3.25)",6.1,6.2,6.15,4970,3.86415896392,1286.178971,201738,0.522339599192
3,"[60,100)","[3,3.25)",6.2,6.3,6.25,5012,3.92699081699,1276.29531964,206750,0.535316658899
3,"[60,100)","[3,3.25)",6.3,6.4,6.35,5012,3.98982267006,1256.19618075,211762,0.548293718606
3,"[60,100)","[3,3.25)",6.4,6.5,6.45,4992,4.05265452313,1231.78523398,216754,0.561218994356
3,"[60,100)","[3,3.25)",6.5,6.6,6.55,4822,4.1154863762,1171.67196273,221576,0.573704106468
3,"[60,100)","[3,3.25)",6.6,6.7,6.65,4882,4.17831822927,1168.41267996,226458,0.586344570452
3,"[60,100)","[3,3.25)",6.7,6.8,6.75,4870,4.24115008235,1148.27344127,231328,0.598953964062
3,"[60,100)","[3,3.25)",6.8,6.9,6.85,4707,4.30398193542,1093.63841917,236035,0.61114131842
3,"[60,100)","[3,3.25)",6.9,7,6.95,4720,4.36681378849,1080.87961352,240755,0.623362332349
3,"[60,100)","[3,3.25)",7,7.1,7.05,4701,4.42964564156,1061.25870564,245456,0.63553415152
3,"[60,100)","[3,3.25)",7.1,7.2,7.15,4717,4.49247749463,1049.97743575,250173,0.647747397856
3,"[60,100)","[3,3.25)",7.2,7.3,7.25,4469,4.55530934771,981.053021624,254642,0.659318523122
3,"[60,100)","[3,3.25)",7.3,7.4,7.35,4490,4.61814120078,972.252645555,259132,0.670944021542
3,"[60,100)","[3,3.25)",7.4,7.5,7.45,4404,4.68097305385,940.830026009,263536,0.682346848946
3,"[60,100)","[3,3.25)",7.5,7.6,7.55,4411,4.74380490692,929.844309905,267947,0.693767800735
3,"[60,100)","[3,3.25)",7.6,7.7,7.65,4328,4.80663675999,900.421691113,272275,0.704973849102
3,"[60,100)","[3,3.25)",7.7,7.8,7.75,4170,4.86946861306,856.356274443,276445,0.715770804205
3,"[60,100)","[3,3.25)",7.8,7.9,7.85,4137,4.93230046614,838.756687352,280582,0.726482315779
3,"[60,100)","[3,3.25)",7.9,8,7.95,4058,4.99513231921,812.390891908,284640,0.736989280721
3,"[60,100)","[3,3.25)",8,8.1,8.05,3938,5.05796417228,778.574119125,288578,0.747185541919
3,"[60,100)","[3,3.25)",8.1,8.2,8.15,3869,5.12079602535,755.546594874,292447,0.757203148465
3,"[60,100)","[3,3.25)",8.2,8.3,8.25,3756,5.18362787842,724.589050004,296203,0.766928175651
3,"[60,100)","[3,3.25)",8.3,8.4,8.35,3756,5.24645973149,715.91133683,299959,0.776653202838
3,"[60,100)","[3,3.25)",8.4,8.5,8.45,3523,5.30929158457,663.553685814,303482,0.785774946921
3,"[60,100)","[3,3.25)",8.5,8.6,8.55,3540,5.37212343764,658.95730824,307022,0.794940707369
3,"[60,100)","[3,3.25)",8.6,8.7,8.65,3408,5.43495529071,627.052076367,310430,0.803764693698
3,"[60,100)","[3,3.25)",8.7,8.8,8.75,3373,5.49778714378,613.519569199,313803,0.812498058102
3,"[60,100)","[3,3.25)",8.8,8.9,8.85,3372,5.56061899685,606.407308594,317175,0.821228833307
3,"[60,100)","[3,3.25)",8.9,9,8.95,3106,5.62345084993,552.329891892,320281,0.829270881881
3,"[60,100)","[3,3.25)",9,9.1,9.05,3105,5.686282703,546.050937348,323386,0.837310341256
3,"[60,100)","[3,3.25)",9.1,9.2,9.15,3033,5.74911455607,527.559499888,326419,0.845163378385
3,"[60,100)","[3,3.25)",9.2,9.3,9.25,3011,5.81194640914,518.070847189,329430,0.852959453161
3,"[60,100)","[3,3.25)",9.3,9.4,9.35,2887,5.87477826221,491.422802894,332317,0.860434467402
3,"[60,100)","[3,3.25)",9.4,9.5,9.45,2790,5.93761011528,469.886022462,335107,0.86765832945
3,"[60,100)","[3,3.25)",9.5,9.6,9.55,2714,6.00044196836,452.300016284,337821,0.874685412459
3,"[60,100)","[3,3.25)",9.6,9.7,9.65,2669,6.06327382143,440.191236386,340490,0.881595981565
3,"[60,100)","[3,3.25)",9.7,9.8,9.75,2644,6.1261056745,431.595558497,343134,0.888441820724
3,"[60,100)","[3,3.25)",9.8,9.9,9.85,2485,6.18893752757,401.522876734,345619,0.894875977422
3,"[60,100)","[3,3.25)",9.9,10,9.95,2377,6.25176938064,380.212361537,347996,0.901030500751
3,"[60,100)","[3,3.25)",10,10.1,10.05,2486,6.31460123372,393.690734852,350482,0.907467246647
3,"[60,100)","[3,3.25)",10.1,10.2,10.15,2287,6.37743308679,358.60823138,352769,0.913388742168
3,"[60,100)","[3,3.25)",10.2,10.3,10.25,2371,6.44026493986,368.152556167,355140,0.919527730309
3,"[60,100)","[3,3.25)",10.3,10.4,10.35,2192,6.50309679293,337.070178993,357332,0.925203252033
3,"[60,100)","[3,3.25)",10.4,10.5,10.45,2118,6.565928646,322.57432485,359450,0.930687173114
3,"[60,100)","[3,3.25)",10.5,10.6,10.55,2110,6.62876049907,318.309886184,361560,0.936150380612
3,"[60,100)","[3,3.25)",10.6,10.7,10.65,2071,6.69159235215,309.492851778,363631,0.941512609394
3,"[60,100)","[3,3.25)",10.7,10.8,10.75,1966,6.75442420522,291.068481971,365597,0.946602972399
3,"[60,100)","[3,3.25)",10.8,10.9,10.85,1967,6.81725605829,288.532509734,367564,0.951695924603
3,"[60,100)","[3,3.25)",10.9,11,10.95,1919,6.88008791136,278.920854606,369483,0.956664595308
3,"[60,100)","[3,3.25)",11,11.1,11.05,1904,6.94291976443,274.236209635,371387,0.961594428046
3,"[60,100)","[3,3.25)",11.1,11.2,11.15,1868,7.00575161751,266.638057126,373255,0.966431049661
3,"[60,100)","[3,3.25)",11.2,11.3,11.25,1715,7.06858347058,242.622868802,374970,0.970871524002
3,"[60,100)","[3,3.25)",11.3,11.4,11.35,1769,7.13141532365,248.057351832,376739,0.975451815028
3,"[60,100)","[3,3.25)",11.4,11.5,11.45,1679,7.19424717672,233.380916551,378418,0.979799078246
3,"[60,100)","[3,3.25)",11.5,11.6,11.55,1617,7.25707902979,222.816920329,380035,0.983985811196
3,"[60,100)","[3,3.25)",11.6,11.7,11.65,1622,7.31991088286,221.587397163,381657,0.988185490135
3,"[60,100)","[3,3.25)",11.7,11.8,11.75,1530,7.38274273594,207.240053558,383187,0.992146962871
3,"[60,100)","[3,3.25)",11.8,11.9,11.85,1579,7.44557458901,212.07228282,384766,0.996235306302
3,"[60,100)","[3,3.25)",11.9,12,11.95,1454,7.50840644208,193.649612766,386220,1
4,"[100,200)","[2,3)",0,0.1,0.05,2045,0.0314159265359,65094.3717246,2045,0.000225465420716
4,"[100,200)","[2,3)",0.1,0.2,0.15,6231,0.0942477796077,66112.9633604,8276,0.000912445878652
4,"[100,200)","[2,3)",0.2,0.3,0.25,10185,0.157079632679,64839.7238156,18461,0.00203536290065
4,"[100,200)","[2,3)",0.3,0.4,0.35,14124,0.219911485751,64225.8404637,32585,0.00359256270612
4,"[100,200)","[2,3)",0.4,0.5,0.45,17421,0.282743338823,61614.1836356,50006,0.00551326348573
4,"[100,200)","[2,3)",0.5,0.6,0.55,21060,0.345575191895,60941.874573,71066,0.00783517143696
4,"[100,200)","[2,3)",0.6,0.7,0.65,24717,0.408407044967,60520.5035139,95783,0.0105602710965
4,"[100,200)","[2,3)",0.7,0.8,0.75,28110,0.471238898038,59651.2726708,123893,0.013659455926
4,"[100,200)","[2,3)",0.8,0.9,0.85,31405,0.53407075111,58803.0704447,155298,0.0171219212256
4,"[100,200)","[2,3)",0.9,1,0.95,35036,0.596902604182,58696.3430123,190334,0.0209847116804
4,"[100,200)","[2,3)",1,1.1,1.05,38489,0.659734457254,58340.139092,228823,0.0252282024276
4,"[100,200)","[2,3)",1.1,1.2,1.15,41920,0.722566310326,58015.4366471,270743,0.0298499679222
4,"[100,200)","[2,3)",1.2,1.3,1.25,45637,0.785398163397,58106.8331031,316380,0.0348815402475
4,"[100,200)","[2,3)",1.3,1.4,1.35,49160,0.848230016469,57955.9777955,365540,0.0403015305078
4,"[100,200)","[2,3)",1.4,1.5,1.45,52817,0.911061869541,57973.0112364,418357,0.0461247124765
4,"[100,200)","[2,3)",1.5,1.6,1.55,56210,0.973893722613,57716.7700077,474567,0.0523219796151
4,"[100,200)","[2,3)",1.6,1.7,1.65,59749,1.03672557568,57632.4163321,534316,0.0589094287213
4,"[100,200)","[2,3)",1.7,1.8,1.75,63805,1.09955742876,58027.8922513,598121,0.0659440600997
4,"[100,200)","[2,3)",1.8,1.9,1.85,67214,1.16238928183,57824.0018647,665335,0.0733545406806
4,"[100,200)","[2,3)",1.9,2,1.95,70448,1.2252211349,57498.1919535,735783,0.0811215763572
4,"[100,200)","[2,3)",2,2.1,2.05,74292,1.28805298797,57677.7513765,810075,0.0893124208735
4,"[100,200)","[2,3)",2.1,2.2,2.15,77570,1.35088484104,57421.6229565,887645,0.0978646715752
4,"[100,200)","[2,3)",2.2,2.3,2.25,81635,1.41371669412,57744.9501303,969280,0.106865096817
4,"[100,200)","[2,3)",2.3,2.4,2.35,84734,1.47654854719,57386.5316934,1054014,0.11620719313
4,"[100,200)","[2,3)",2.4,2.5,2.45,87839,1.53938040026,57061.2695765,1141853,0.125891622025
4,"[100,200)","[2,3)",2.5,2.6,2.55,91420,1.60221225333,57058.607441,1233273,0.135970863473
4,"[100,200)","[2,3)",2.6,2.7,2.65,95470,1.6650441064,57337.8204414,1328743,0.146496625681
4,"[100,200)","[2,3)",2.7,2.8,2.75,98942,1.72787595947,57262.2122887,1427685,0.15740518297
4,"[100,200)","[2,3)",2.8,2.9,2.85,102849,1.79070781255,57434.8306739,1530534,0.168744494978
4,"[100,200)","[2,3)",2.9,3,2.95,105859,1.85353966562,57111.807189,1636393,0.180415665624
4,"[100,200)","[2,3)",3,3.1,3.05,108564,1.91637151869,56650.8106289,1744957,0.192385068037
4,"[100,200)","[2,3)",3.1,3.2,3.15,112163,1.97920337176,56670.7805778,1857120,0.20475126754
4,"[100,200)","[2,3)",3.2,3.3,3.25,115627,2.04203522483,56623.411092,1972747,0.217499380108
4,"[100,200)","[2,3)",3.3,3.4,3.35,119151,2.10486707791,56607.374998,2091898,0.230636020863
4,"[100,200)","[2,3)",3.4,3.5,3.45,122903,2.16769893098,56697.4491908,2214801,0.24418632727
4,"[100,200)","[2,3)",3.5,3.6,3.55,125839,2.23053078405,56416.6165739,2340640,0.258060333665
4,"[100,200)","[2,3)",3.6,3.7,3.65,129194,2.29336263712,56333.8731995,2469834,0.272304235652
4,"[100,200)","[2,3)",3.7,3.8,3.75,132968,2.35619449019,56433.3719281,2602802,0.286964228836
4,"[100,200)","[2,3)",3.8,3.9,3.85,135581,2.41902634326,56047.7567256,2738383,0.301912310599
4,"[100,200)","[2,3)",3.9,4,3.95,138469,2.48185819634,55792.4704177,2876852,0.317178800253
4,"[100,200)","[2,3)",4,4.1,4.05,142300,2.54469004941,55920.3664246,3019152,0.332867665469
4,"[100,200)","[2,3)",4.1,4.2,4.15,145430,2.60752190248,55773.2611418,3164582,0.348901619569
4,"[100,200)","[2,3)",4.2,4.3,4.25,148140,2.67035375555,55475.7959285,3312722,0.365234356696
4,"[100,200)","[2,3)",4.3,4.4,4.35,151825,2.73318560862,55548.7338734,3464547,0.381973372589
4,"[100,200)","[2,3)",4.4,4.5,4.45,153834,2.79601746169,55018.969698,3618381,0.398933884829
4,"[100,200)","[2,3)",4.5,4.6,4.55,156622,2.85884931477,54784.9791142,3775003,0.416201779755
4,"[100,200)","[2,3)",4.6,4.7,4.65,158840,2.92168116784,54365.9594854,3933843,0.433714213704
4,"[100,200)","[2,3)",4.7,4.8,4.75,162312,2.98451302091,54384.7518382,4096155,0.451609442734
4,"[100,200)","[2,3)",4.8,4.9,4.85,164234,3.04734487398,53894.1297397,4260389,0.469716576185
4,"[100,200)","[2,3)",4.9,5,4.95,166534,3.11017672705,53544.8672583,4426923,0.488077289326
4,"[100,200)","[2,3)",5,5.1,5.05,168280,3.17300858013,53034.8392545,4595203,0.506630502528
4,"[100,200)","[2,3)",5.1,5.2,5.15,170129,3.2358404332,52576.449152,4765332,0.525387571751
4,"[100,200)","[2,3)",5.2,5.3,5.25,172631,3.29867228627,52333.4799636,4937963,0.544420491576
4,"[100,200)","[2,3)",5.3,5.4,5.35,174104,3.36150413934,51793.4807702,5112067,0.563615812656
4,"[100,200)","[2,3)",5.4,5.5,5.45,174690,3.42433599241,51014.2697408,5286757,0.582875741431
4,"[100,200)","[2,3)",5.5,5.6,5.55,175321,3.48716784548,50276.0428429,5462078,0.602205239243
4,"[100,200)","[2,3)",5.6,5.7,5.65,176306,3.54999969856,49663.666189,5638384,0.621643335314
4,"[100,200)","[2,3)",5.7,5.8,5.75,176013,3.61283155163,48718.8504321,5814397,0.641049127537
4,"[100,200)","[2,3)",5.8,5.9,5.85,176617,3.6756634047,48050.373648,5991014,0.660521511992
4,"[100,200)","[2,3)",5.9,6,5.95,175621,3.73849525777,46976.3869928,6166635,0.679884085416
4,"[100,200)","[2,3)",6,6.1,6.05,173791,3.80132711084,45718.5069667,6340426,0.699044897607
4,"[100,200)","[2,3)",6.1,6.2,6.15,172414,3.86415896392,44618.7648102,6512840,0.71805389274
4,"[100,200)","[2,3)",6.2,6.3,6.25,170333,3.92699081699,43374.9422747,6683173,0.736833453379
4,"[100,200)","[2,3)",6.3,6.4,6.35,165912,3.98982267006,41583.8030209,6849085,0.755125589752
4,"[100,200)","[2,3)",6.4,6.5,6.45,161720,4.05265452313,39904.7091424,7010805,0.772955549575
4,"[100,200)","[2,3)",6.5,6.6,6.55,157316,4.1154863762,38225.372561,7168121,0.790299959416
4,"[100,200)","[2,3)",6.6,6.7,6.65,150439,4.17831822927,36004.6774193,7318560,0.806886165982
4,"[100,200)","[2,3)",6.7,6.8,6.75,142460,4.24115008235,33589.9454709,7461020,0.822592671525
4,"[100,200)","[2,3)",6.8,6.9,6.85,134145,4.30398193542,31167.649403,7595165,0.83738243136
4,"[100,200)","[2,3)",6.9,7,6.95,124529,4.36681378849,28517.1308033,7719694,0.851112007583
4,"[100,200)","[2,3)",7,7.1,7.05,115085,4.42964564156,25980.6335117,7834779,0.863800363545
4,"[100,200)","[2,3)",7.1,7.2,7.15,104642,4.49247749463,23292.7154616,7939421,0.875337357459
4,"[100,200)","[2,3)",7.2,7.3,7.25,95315,4.55530934771,20923.9357252,8034736,0.885846030601
4,"[100,200)","[2,3)",7.3,7.4,7.35,85569,4.61814120078,18528.883436,8120305,0.895280187367
4,"[100,200)","[2,3)",7.4,7.5,7.45,77287,4.68097305385,16510.8833379,8197592,0.903801236741
4,"[100,200)","[2,3)",7.5,7.6,7.55,70451,4.74380490692,14851.1588023,8268043,0.911568603174
4,"[100,200)","[2,3)",7.6,7.7,7.65,63999,4.80663675999,13314.715298,8332042,0.918624623448
4,"[100,200)","[2,3)",7.7,7.8,7.75,57082,4.86946861306,11722.4289827,8389124,0.924918030365
4,"[100,200)","[2,3)",7.8,7.9,7.85,51801,4.93230046614,10502.4015377,8440925,0.930629196262
4,"[100,200)","[2,3)",7.9,8,7.95,47208,4.99513231921,9450.8006962,8488133,0.935833974541
4,"[100,200)","[2,3)",8,8.1,8.05,43247,5.05796417228,8550.27804211,8531380,0.940602044492
4,"[100,200)","[2,3)",8.1,8.2,8.15,39016,5.12079602535,7619.12792598,8570396,0.944903638064
4,"[100,200)","[2,3)",8.2,8.3,8.25,36173,5.18362787842,6978.31728056,8606569,0.948891785087
4,"[100,200)","[2,3)",8.3,8.4,8.35,32731,5.24645973149,6238.68316448,8639300,0.952500444591
4,"[100,200)","[2,3)",8.4,8.5,8.45,30123,5.30929158457,5673.63828492,8669423,0.955821566776
4,"[100,200)","[2,3)",8.5,8.6,8.55,27354,5.37212343764,5091.84130215,8696777,0.958837401064
4,"[100,200)","[2,3)",8.6,8.7,8.65,25137,5.43495529071,4625.06104567,8721914,0.96160880658
4,"[100,200)","[2,3)",8.7,8.8,8.75,23263,5.49778714378,4231.33878988,8745177,0.964173599774
4,"[100,200)","[2,3)",8.8,8.9,8.85,21428,5.56061899685,3853.52781986,8766605,0.966536080476
4,"[100,200)","[2,3)",8.9,9,8.95,19643,5.62345084993,3493.05089067,8786248,0.968701761287
4,"[100,200)","[2,3)",9,9.1,9.05,17989,5.686282703,3163.57820031,8804237,0.970685085225
4,"[100,200)","[2,3)",9.1,9.2,9.15,16787,5.74911455607,2919.92790129,8821024,0.972535886212
4,"[100,200)","[2,3)",9.2,9.3,9.25,15741,5.81194640914,2708.38698293,8836765,0.974271363565
4,"[100,200)","[2,3)",9.3,9.4,9.35,14638,5.87477826221,2491.66851014,8851403,0.975885232919
4,"[100,200)","[2,3)",9.4,9.5,9.45,13562,5.93761011528,2284.08395578,8864965,0.977380471078
4,"[100,200)","[2,3)",9.5,9.6,9.55,13105,6.00044196836,2184.00578976,8878070,0.978825324056
4,"[100,200)","[2,3)",9.6,9.7,9.65,12035,6.06327382143,1984.90128509,8890105,0.980152207351
4,"[100,200)","[2,3)",9.7,9.8,9.75,11391,6.1261056745,1859.41944283,8901496,0.981408088332
4,"[100,200)","[2,3)",9.8,9.9,9.85,10938,6.18893752757,1767.34697212,8912434,0.98261402514
4,"[100,200)","[2,3)",9.9,10,9.95,10453,6.25176938064,1672.00665341,8922887,0.983766489708
4,"[100,200)","[2,3)",10,10.1,10.05,9832,6.31460123372,1557.02626913,8932719,0.984850487761
4,"[100,200)","[2,3)",10.1,10.2,10.15,9511,6.37743308679,1491.35237808,8942230,0.985899094908
4,"[100,200)","[2,3)",10.2,10.3,10.25,9170,6.44026493986,1423.85446649,8951400,0.98691010611
4,"[100,200)","[2,3)",10.3,10.4,10.35,8653,6.50309679293,1330.59683341,8960053,0.987864117007
4,"[100,200)","[2,3)",10.4,10.5,10.45,8475,6.565928646,1290.75420354,8968528,0.988798503042
4,"[100,200)","[2,3)",10.5,10.6,10.55,8069,6.62876049907,1217.27131356,8976597,0.989688126748
4,"[100,200)","[2,3)",10.6,10.7,10.65,8000,6.69159235215,1195.53008895,8984597,0.990570143064
4,"[100,200)","[2,3)",10.7,10.8,10.75,7616,6.75442420522,1127.55725264,8992213,0.991409822597
4,"[100,200)","[2,3)",10.8,10.9,10.85,7401,6.81725605829,1085.62740445,8999614,0.992225797941
4,"[100,200)","[2,3)",10.9,11,10.95,6972,6.88008791136,1013.35914451,9006586,0.99299447516
4,"[100,200)","[2,3)",11,11.1,11.05,7066,6.94291976443,1017.72744605,9013652,0.993773516071
4,"[100,200)","[2,3)",11.1,11.2,11.15,6868,7.00575161751,980.337353502,9020520,0.994530727078
4,"[100,200)","[2,3)",11.2,11.3,11.25,6564,7.06858347058,928.616041294,9027084,0.995254421465
4,"[100,200)","[2,3)",11.3,11.4,11.35,6436,7.13141532365,902.485650872,9033520,0.995964003591
4,"[100,200)","[2,3)",11.4,11.5,11.45,6450,7.19424717672,896.549679426,9039970,0.996675129246
4,"[100,200)","[2,3)",11.5,11.6,11.55,6265,7.25707902979,863.294994347,9046235,0.997365858273
4,"[100,200)","[2,3)",11.6,11.7,11.65,6139,7.31991088286,838.671412568,9052374,0.998042695543
4,"[100,200)","[2,3)",11.7,11.8,11.75,6029,7.38274273594,816.634171831,9058403,0.998707405089
4,"[100,200)","[2,3)",11.8,11.9,11.85,5924,7.44557458901,795.640407491,9064327,0.999360538171
4,"[100,200)","[2,3)",11.9,12,11.95,5800,7.50840644208,772.46750622,9070127,1
5,"[100,200)","[3,3.25)",0,0.1,0.05,243,0.0314159265359,7734.93023427,243,0.000247641040745
5,"[100,200)","[3,3.25)",0.1,0.2,0.15,633,0.0942477796077,6716.33859848,876,0.0008927306654
5,"[100,200)","[3,3.25)",0.2,0.3,0.25,1028,0.157079632679,6544.45125994,1904,0.00194036436863
5,"[100,200)","[3,3.25)",0.3,0.4,0.35,1490,0.219911485751,6775.45329163,3394,0.00345882177896
5,"[100,200)","[3,3.25)",0.4,0.5,0.45,1858,0.282743338823,6571.33076144,5252,0.00535230759667
5,"[100,200)","[3,3.25)",0.5,0.6,0.55,2214,0.345575191895,6406.70989101,7466,0.00760859263456
5,"[100,200)","[3,3.25)",0.6,0.7,0.65,2554,0.408407044967,6253.56499472,10020,0.0102113713097
5,"[100,200)","[3,3.25)",0.7,0.8,0.75,2993,0.471238898038,6351.34326232,13013,0.0132615344165
5,"[100,200)","[3,3.25)",0.8,0.9,0.85,3331,0.53407075111,6237.00135811,16344,0.0166561529627
5,"[100,200)","[3,3.25)",0.9,1,0.95,3669,0.596902604182,6146.73143373,20013,0.0203952269482
5,"[100,200)","[3,3.25)",1,1.1,1.05,4008,0.659734457254,6075.17154202,24021,0.0244797754721
5,"[100,200)","[3,3.25)",1.1,1.2,1.15,4550,0.722566310326,6296.99992233,28571,0.0291166756178
5,"[100,200)","[3,3.25)",1.2,1.3,1.25,4892,0.785398163397,6228.68785284,33463,0.0341021075985
5,"[100,200)","[3,3.25)",1.3,1.4,1.35,5370,0.848230016469,6330.82995854,38833,0.0395746688693
5,"[100,200)","[3,3.25)",1.4,1.5,1.45,5654,0.911061869541,6205.94516029,44487,0.0453366542371
5,"[100,200)","[3,3.25)",1.5,1.6,1.55,5923,0.973893722613,6081.77243828,50410,0.0513727772178
5,"[100,200)","[3,3.25)",1.6,1.7,1.65,6320,1.03672557568,6096.11660813,56730,0.0578134824751
5,"[100,200)","[3,3.25)",1.7,1.8,1.75,6619,1.09955742876,6019.69467614,63349,0.0645588983133
5,"[100,200)","[3,3.25)",1.8,1.9,1.85,7065,1.16238928183,6077.99823213,70414,0.0717588322757
5,"[100,200)","[3,3.25)",1.9,2,1.95,7553,1.2252211349,6164.60146243,77967,0.0794560865174
5,"[100,200)","[3,3.25)",2,2.1,2.05,8079,1.28805298797,6272.25748897,86046,0.087689386798
5,"[100,200)","[3,3.25)",2.1,2.2,2.15,8139,1.35088484104,6024.93991546,94185,0.0959838330145
5,"[100,200)","[3,3.25)",2.2,2.3,2.25,8701,1.41371669412,6154.69848819,102886,0.104851012831
5,"[100,200)","[3,3.25)",2.3,2.4,2.35,8981,1.47654854719,6082.42784642,111867,0.11400354035
5,"[100,200)","[3,3.25)",2.4,2.5,2.45,9295,1.53938040026,6038.1436573,121162,0.123476064933
5,"[100,200)","[3,3.25)",2.5,2.6,2.55,9748,1.60221225333,6084.08778533,130910,0.133410241333
5,"[100,200)","[3,3.25)",2.6,2.7,2.65,10198,1.6650441064,6124.76267793,141108,0.143803012253
5,"[100,200)","[3,3.25)",2.7,2.8,2.75,10636,1.72787595947,6155.53445355,151744,0.154642148505
5,"[100,200)","[3,3.25)",2.8,2.9,2.85,10948,1.79070781255,6113.78356832,162692,0.165799243625
5,"[100,200)","[3,3.25)",2.9,3,2.95,11070,1.85353966562,5972.35667806,173762,0.177080668814
5,"[100,200)","[3,3.25)",3,3.1,3.05,11507,1.91637151869,6004.57682019,185269,0.188807440237
5,"[100,200)","[3,3.25)",3.1,3.2,3.15,12094,1.97920337176,6110.53930715,197363,0.201132422734
5,"[100,200)","[3,3.25)",3.2,3.3,3.25,12344,2.04203522483,6044.94959239,209707,0.213712179965
5,"[100,200)","[3,3.25)",3.3,3.4,3.35,12682,2.10486707791,6025.08354714,222389,0.226636392634
5,"[100,200)","[3,3.25)",3.4,3.5,3.45,13119,2.16769893098,6052.03970557,235508,0.240005951538
5,"[100,200)","[3,3.25)",3.5,3.6,3.55,13703,2.23053078405,6143.38080335,249211,0.253970664218
5,"[100,200)","[3,3.25)",3.6,3.7,3.65,13844,2.29336263712,6036.55077305,263055,0.268079069848
5,"[100,200)","[3,3.25)",3.7,3.8,3.75,14145,2.35619449019,6003.32445343,277200,0.282494224257
5,"[100,200)","[3,3.25)",3.8,3.9,3.85,14467,2.41902634326,5980.50535509,291667,0.297237528522
5,"[100,200)","[3,3.25)",3.9,4,3.95,15015,2.48185819634,6049.90245702,306682,0.312539299003
5,"[100,200)","[3,3.25)",4,4.1,4.05,14965,2.54469004941,5880.87339104,321647,0.327790114537
5,"[100,200)","[3,3.25)",4.1,4.2,4.15,15417,2.60752190248,5912.51025939,337064,0.343501562788
5,"[100,200)","[3,3.25)",4.2,4.3,4.25,15790,2.67035375555,5913.07423864,352854,0.359593134942
5,"[100,200)","[3,3.25)",4.3,4.4,4.35,16352,2.73318560862,5982.76236653,369206,0.376257440696
5,"[100,200)","[3,3.25)",4.4,4.5,4.45,16501,2.79601746169,5901.60835047,385707,0.393073592191
5,"[100,200)","[3,3.25)",4.5,4.6,4.55,16827,2.85884931477,5885.93456573,402534,0.410221969939
5,"[100,200)","[3,3.25)",4.6,4.7,4.65,16824,2.92168116784,5758.32852167,419358,0.427367290389
5,"[100,200)","[3,3.25)",4.7,4.8,4.75,17058,2.98451302091,5715.50530371,436416,0.44475107999
5,"[100,200)","[3,3.25)",4.8,4.9,4.85,17405,3.04734487398,5711.52945261,453821,0.462488496921
5,"[100,200)","[3,3.25)",4.9,5,4.95,17567,3.11017672705,5648.23209151,471388,0.480391007879
5,"[100,200)","[3,3.25)",5,5.1,5.05,17664,3.17300858013,5566.95626688,489052,0.498392371433
5,"[100,200)","[3,3.25)",5.1,5.2,5.15,17953,3.2358404332,5548.17222006,507005,0.516688254579
5,"[100,200)","[3,3.25)",5.2,5.3,5.25,17937,3.29867228627,5437.64231284,524942,0.534967832142
5,"[100,200)","[3,3.25)",5.3,5.4,5.35,18060,3.36150413934,5372.59490138,543002,0.553372758874
5,"[100,200)","[3,3.25)",5.4,5.5,5.45,18324,3.42433599241,5351.11041691,561326,0.572046727724
5,"[100,200)","[3,3.25)",5.5,5.6,5.55,18324,3.48716784548,5254.694013,579650,0.590720696575
5,"[100,200)","[3,3.25)",5.6,5.7,5.65,18355,3.54999969856,5170.42297425,598005,0.609426257492
5,"[100,200)","[3,3.25)",5.7,5.8,5.75,18288,3.61283155163,5061.95756394,616293,0.62806353878
5,"[100,200)","[3,3.25)",5.8,5.9,5.85,18384,3.6756634047,5001.54610906,634677,0.646798653566
5,"[100,200)","[3,3.25)",5.9,6,5.95,18172,3.73849525777,4860.77920314,652849,0.665317719379
5,"[100,200)","[3,3.25)",6,6.1,6.05,17911,3.80132711084,4711.77551358,670760,0.68357080037
5,"[100,200)","[3,3.25)",6.1,6.2,6.15,17611,3.86415896392,4557.52471999,688371,0.701518151681
5,"[100,200)","[3,3.25)",6.2,6.3,6.25,17450,3.92699081699,4443.60601113,705821,0.719301428063
5,"[100,200)","[3,3.25)",6.3,6.4,6.35,17029,3.98982267006,4268.10948963,722850,0.736655663795
5,"[100,200)","[3,3.25)",6.4,6.5,6.45,16429,4.05265452313,4053.88613962,739279,0.753398440167
5,"[100,200)","[3,3.25)",6.5,6.6,6.55,15999,4.1154863762,3887.51135042,755278,0.769703003998
5,"[100,200)","[3,3.25)",6.6,6.7,6.65,15508,4.17831822927,3711.54113905,770786,0.785507190253
5,"[100,200)","[3,3.25)",6.7,6.8,6.75,14644,4.24115008235,3452.83701724,785430,0.800430875029
5,"[100,200)","[3,3.25)",6.8,6.9,6.85,14436,4.30398193542,3354.10329704,799866,0.815142587227
5,"[100,200)","[3,3.25)",6.9,7,6.95,13256,4.36681378849,3035.62291457,813122,0.828651762684
5,"[100,200)","[3,3.25)",7,7.1,7.05,12542,4.42964564156,2831.37772519,825664,0.841433301503
5,"[100,200)","[3,3.25)",7.1,7.2,7.15,11607,4.49247749463,2583.65234191,837271,0.85326198282
5,"[100,200)","[3,3.25)",7.2,7.3,7.25,10722,4.55530934771,2353.73696528,847993,0.864188761581
5,"[100,200)","[3,3.25)",7.3,7.4,7.35,10170,4.61814120078,2202.18472278,858163,0.87455299773
5,"[100,200)","[3,3.25)",7.4,7.5,7.45,9220,4.68097305385,1969.67594001,867383,0.883949089894
5,"[100,200)","[3,3.25)",7.5,7.6,7.55,8615,4.74380490692,1816.05276124,875998,0.892728627202
5,"[100,200)","[3,3.25)",7.6,7.7,7.65,8042,4.80663675999,1673.1033364,884040,0.900924220822
5,"[100,200)","[3,3.25)",7.7,7.8,7.75,7268,4.86946861306,1492.56532438,891308,0.908331031868
5,"[100,200)","[3,3.25)",7.8,7.9,7.85,6756,4.93230046614,1369.74623634,898064,0.91521606426
5,"[100,200)","[3,3.25)",7.9,8,7.95,6194,4.99513231921,1240.00719184,904258,0.921528363052
5,"[100,200)","[3,3.25)",8,8.1,8.05,5826,5.05796417228,1151.84683038,910084,0.927465633436
5,"[100,200)","[3,3.25)",8.1,8.2,8.15,5254,5.12079602535,1026.01235706,915338,0.932819979231
5,"[100,200)","[3,3.25)",8.2,8.3,8.25,4821,5.18362787842,930.043612904,920159,0.937733055187
5,"[100,200)","[3,3.25)",8.3,8.4,8.35,4425,5.24645973149,843.425896026,924584,0.942242567966
5,"[100,200)","[3,3.25)",8.4,8.5,8.45,4113,5.30929158457,774.679622411,928697,0.946434121878
5,"[100,200)","[3,3.25)",8.5,8.6,8.55,3752,5.37212343764,698.420288282,932449,0.950257781075
5,"[100,200)","[3,3.25)",8.6,8.7,8.65,3425,5.43495529071,630.179976982,935874,0.953748194921
5,"[100,200)","[3,3.25)",8.7,8.8,8.75,3313,5.49778714378,602.606087387,939187,0.957124469686
5,"[100,200)","[3,3.25)",8.8,8.9,8.85,2899,5.56061899685,521.344836185,942086,0.960078837493
5,"[100,200)","[3,3.25)",8.9,9,8.95,2652,5.62345084993,471.596546458,944738,0.962781487864
5,"[100,200)","[3,3.25)",9,9.1,9.05,2531,5.686282703,445.106255211,947269,0.965360827264
5,"[100,200)","[3,3.25)",9.1,9.2,9.15,2276,5.74911455607,395.887049702,949545,0.967680296435
5,"[100,200)","[3,3.25)",9.2,9.3,9.25,2106,5.81194640914,362.357092056,951651,0.969826518789
5,"[100,200)","[3,3.25)",9.3,9.4,9.35,2017,5.87477826221,343.332107183,953668,0.971882041337
5,"[100,200)","[3,3.25)",9.4,9.5,9.45,1795,5.93761011528,302.31018291,955463,0.973711323922
5,"[100,200)","[3,3.25)",9.5,9.6,9.55,1637,6.00044196836,272.81323753,957100,0.975379588875
5,"[100,200)","[3,3.25)",9.6,9.7,9.65,1615,6.06327382143,266.357754501,958715,0.977025433652
5,"[100,200)","[3,3.25)",9.7,9.8,9.75,1564,6.1261056745,255.300852303,960279,0.978619304383
5,"[100,200)","[3,3.25)",9.8,9.9,9.85,1396,6.18893752757,225.56375691,961675,0.980041966494
5,"[100,200)","[3,3.25)",9.9,10,9.95,1308,6.25176938064,209.220769411,962983,0.981374947899
5,"[100,200)","[3,3.25)",10,10.1,10.05,1250,6.31460123372,197.953909318,964233,0.982648821565
5,"[100,200)","[3,3.25)",10.1,10.2,10.15,1210,6.37743308679,189.731508513,965443,0.983881931274
5,"[100,200)","[3,3.25)",10.2,10.3,10.25,1180,6.44026493986,183.22227595,966623,0.985084468015
5,"[100,200)","[3,3.25)",10.3,10.4,10.35,1160,6.50309679293,178.376554576,967783,0.986266622777
5,"[100,200)","[3,3.25)",10.4,10.5,10.45,1065,6.565928646,162.200970711,968848,0.987351963141
5,"[100,200)","[3,3.25)",10.5,10.6,10.55,988,6.62876049907,149.047472772,969836,0.988358832887
5,"[100,200)","[3,3.25)",10.6,10.7,10.65,966,6.69159235215,144.360258241,970802,0.989343282457
5,"[100,200)","[3,3.25)",10.7,10.8,10.75,888,6.75442420522,131.469385549,971690,0.990248242309
5,"[100,200)","[3,3.25)",10.8,10.9,10.85,897,6.81725605829,131.577865395,972587,0.991162374052
5,"[100,200)","[3,3.25)",10.9,11,10.95,842,6.88008791136,122.382157154,973429,0.992020455354
5,"[100,200)","[3,3.25)",11,11.1,11.05,895,6.94291976443,128.908302323,974324,0.992932548899
5,"[100,200)","[3,3.25)",11.1,11.2,11.15,840,7.00575161751,119.901481791,975164,0.993788592003
5,"[100,200)","[3,3.25)",11.2,11.3,11.25,786,7.06858347058,111.196253574,975950,0.994589603764
5,"[100,200)","[3,3.25)",11.3,11.4,11.35,847,7.13141532365,118.770252686,976797,0.99545278056
5,"[100,200)","[3,3.25)",11.4,11.5,11.45,813,7.19424717672,113.006959593,977610,0.996281307993
5,"[100,200)","[3,3.25)",11.5,11.6,11.55,739,7.25707902979,101.831604281,978349,0.997034422105
5,"[100,200)","[3,3.25)",11.6,11.7,11.65,732,7.31991088286,100.001217462,979081,0.997780402524
5,"[100,200)","[3,3.25)",11.7,11.8,11.75,742,7.38274273594,100.504653425,979823,0.998536573932
5,"[100,200)","[3,3.25)",11.8,11.9,11.85,733,7.44557458901,98.4477411699,980556,0.99928357345
5,"[100,200)","[3,3.25)",11.9,12,11.95,703,7.50840644208,93.628389116,981259,1
6,"[200,300)","[2,3)",0,0.1,0.05,445,0.0314159265359,14164.7899352,445,0.000317923452606
6,"[200,300)","[2,3)",0.1,0.2,0.15,1252,0.0942477796077,13284.1325834,1697,0.00121239572825
6,"[200,300)","[2,3)",0.2,0.3,0.25,1920,0.157079632679,12223.0996295,3617,0.00258411040017
6,"[200,300)","[2,3)",0.3,0.4,0.35,2591,0.219911485751,11782.0130729,6208,0.00443521077253
6,"[200,300)","[2,3)",0.4,0.5,0.45,3090,0.282743338823,10928.6394256,9298,0.00664281407265
6,"[200,300)","[2,3)",0.5,0.6,0.55,3558,0.345575191895,10295.8779549,12856,0.00918477282405
6,"[200,300)","[2,3)",0.6,0.7,0.65,3994,0.408407044967,9779.4591186,16850,0.0120382251155
6,"[200,300)","[2,3)",0.7,0.8,0.75,4465,0.471238898038,9475.02427874,21315,0.0152281761625
6,"[200,300)","[2,3)",0.8,0.9,0.85,5054,0.53407075111,9463.16567513,26369,0.0188389292624
6,"[200,300)","[2,3)",0.9,1,0.95,5568,0.596902604182,9328.15498038,31937,0.0228169018109
6,"[200,300)","[2,3)",1,1.1,1.05,6026,0.659734457254,9133.97797211,37963,0.0271220854635
6,"[200,300)","[2,3)",1.1,1.2,1.15,6577,0.722566310326,9102.27878883,44540,0.0318209226496
6,"[200,300)","[2,3)",1.2,1.3,1.25,7250,0.785398163397,9230.98669933,51790,0.0370005744055
6,"[200,300)","[2,3)",1.3,1.4,1.35,7800,0.848230016469,9195.6189342,59590,0.0425731652602
6,"[200,300)","[2,3)",1.4,1.5,1.45,8533,0.911061869541,9365.99399588,68123,0.0486694367682
6,"[200,300)","[2,3)",1.5,1.6,1.55,8843,0.973893722613,9080.04620491,76966,0.054987183041
6,"[200,300)","[2,3)",1.6,1.7,1.65,9444,1.03672557568,9109.45019733,86410,0.0617343045835
6,"[200,300)","[2,3)",1.7,1.8,1.75,10056,1.09955742876,9145.49775847,96466,0.0689186601777
6,"[200,300)","[2,3)",1.8,1.9,1.85,10506,1.16238928183,9038.28017364,106972,0.0764245113981
6,"[200,300)","[2,3)",1.9,2,1.95,11316,1.2252211349,9235.8837745,118288,0.0845090547457
6,"[200,300)","[2,3)",2,2.1,2.05,11439,1.28805298797,8880.84582453,129727,0.0926814735645
6,"[200,300)","[2,3)",2.1,2.2,2.15,12416,1.35088484104,9191.01289967,142143,0.10155189511
6,"[200,300)","[2,3)",2.2,2.3,2.25,12760,1.41371669412,9025.85366157,154903,0.1106680822
6,"[200,300)","[2,3)",2.3,2.4,2.35,13355,1.47654854719,9044.74155316,168258,0.120209357952
6,"[200,300)","[2,3)",2.4,2.5,2.45,13928,1.53938040026,9047.79611177,182186,0.130160004801
6,"[200,300)","[2,3)",2.5,2.6,2.55,14422,1.60221225333,9001.30427165,196608,0.140463582404
6,"[200,300)","[2,3)",2.6,2.7,2.65,15060,1.6650441064,9044.80544515,211668,0.151222969362
6,"[200,300)","[2,3)",2.7,2.8,2.75,15743,1.72787595947,9111.18643308,227411,0.162470315237
6,"[200,300)","[2,3)",2.8,2.9,2.85,16209,1.79070781255,9051.72797395,243620,0.174050587694
6,"[200,300)","[2,3)",2.9,3,2.95,16757,1.85353966562,9040.5402759,260377,0.18602237038
6,"[200,300)","[2,3)",3,3.1,3.05,17492,1.91637151869,9127.66644119,277869,0.198519262589
6,"[200,300)","[2,3)",3.1,3.2,3.15,17949,1.97920337176,9068.80023351,295818,0.211342651467
6,"[200,300)","[2,3)",3.2,3.3,3.25,18468,2.04203522483,9043.91842776,314286,0.224536831968
6,"[200,300)","[2,3)",3.3,3.4,3.35,19138,2.10486707791,9092.26059968,333424,0.238209683734
6,"[200,300)","[2,3)",3.4,3.5,3.45,19338,2.16769893098,8920.98054931,352762,0.252025422445
6,"[200,300)","[2,3)",3.5,3.6,3.55,20214,2.23053078405,9062.41695679,372976,0.266467005976
6,"[200,300)","[2,3)",3.6,3.7,3.65,20748,2.29336263712,9046.97742266,393724,0.281290097649
6,"[200,300)","[2,3)",3.7,3.8,3.75,21162,2.35619449019,8981.43174856,414886,0.296408965298
6,"[200,300)","[2,3)",3.8,3.9,3.85,21925,2.41902634326,9063.56396699,436811,0.312072946643
6,"[200,300)","[2,3)",3.9,4,3.95,22416,2.48185819634,9031.94228949,459227,0.328087715438
6,"[200,300)","[2,3)",4,4.1,4.05,22803,2.54469004941,8961.01275883,482030,0.344378970471
6,"[200,300)","[2,3)",4.1,4.2,4.15,23371,2.60752190248,8962.91608434,505401,0.361076024428
6,"[200,300)","[2,3)",4.2,4.3,4.25,24094,2.67035375555,9022.77458554,529495,0.378289614691
6,"[200,300)","[2,3)",4.3,4.4,4.35,24400,2.73318560862,8927.31175044,553895,0.39572182198
6,"[200,300)","[2,3)",4.4,4.5,4.45,24853,2.79601746169,8888.71415879,578748,0.413477668199
6,"[200,300)","[2,3)",4.5,4.6,4.55,25250,2.85884931477,8832.22486389,603998,0.431517145005
6,"[200,300)","[2,3)",4.6,4.7,4.65,25863,2.92168116784,8852.09525416,629861,0.449994570296
6,"[200,300)","[2,3)",4.7,4.8,4.75,26787,2.98451302091,8975.33360127,656648,0.469132133274
6,"[200,300)","[2,3)",4.8,4.9,4.85,27155,3.04734487398,8911.03604054,683803,0.48853260823
6,"[200,300)","[2,3)",4.9,5,4.95,27509,3.11017672705,8844.83500912,711312,0.508185993079
6,"[200,300)","[2,3)",5,5.1,5.05,28149,3.17300858013,8871.39107543,739461,0.528296616151
6,"[200,300)","[2,3)",5.1,5.2,5.15,28614,3.2358404332,8842.83406142,768075,0.548739451371
6,"[200,300)","[2,3)",5.2,5.3,5.25,28898,3.29867228627,8760.49437232,796973,0.569385186053
6,"[200,300)","[2,3)",5.3,5.4,5.35,29347,3.36150413934,8730.31797181,826320,0.590351701926
6,"[200,300)","[2,3)",5.4,5.5,5.45,29631,3.42433599241,8653.06443808,855951,0.611521117262
6,"[200,300)","[2,3)",5.5,5.6,5.55,29832,3.48716784548,8554.79326544,885783,0.632834133977
6,"[200,300)","[2,3)",5.6,5.7,5.65,30440,3.54999969856,8574.64861543,916223,0.654581527004
6,"[200,300)","[2,3)",5.7,5.8,5.75,30571,3.61283155163,8461.78393959,946794,0.676422510981
6,"[200,300)","[2,3)",5.8,5.9,5.85,30841,3.6756634047,8390.59418786,977635,0.698456392333
6,"[200,300)","[2,3)",5.9,6,5.95,30793,3.73849525777,8236.73640778,1008428,0.720455980819
6,"[200,300)","[2,3)",6,6.1,6.05,30740,3.80132711084,8086.6495052,1039168,0.742417704264
6,"[200,300)","[2,3)",6.1,6.2,6.15,30791,3.86415896392,7968.35748413,1069959,0.76441586388
6,"[200,300)","[2,3)",6.2,6.3,6.25,30554,3.92699081699,7780.51220997,1100513,0.786244702467
6,"[200,300)","[2,3)",6.3,6.4,6.35,29707,3.98982267006,7445.69432194,1130220,0.807468414841
6,"[200,300)","[2,3)",6.4,6.5,6.45,29281,4.05265452313,7225.14091267,1159501,0.828387778022
6,"[200,300)","[2,3)",6.5,6.6,6.55,28525,4.1154863762,6931.13702549,1188026,0.848767028552
6,"[200,300)","[2,3)",6.6,6.7,6.65,26907,4.17831822927,6439.67226131,1214933,0.867990323696
6,"[200,300)","[2,3)",6.7,6.8,6.75,24706,4.24115008235,5825.30670226,1239639,0.885641148011
6,"[200,300)","[2,3)",6.8,6.9,6.85,22441,4.30398193542,5214.00887288,1262080,0.901673777674
6,"[200,300)","[2,3)",6.9,7,6.95,20217,4.36681378849,4629.69134459,1282297,0.916117504508
6,"[200,300)","[2,3)",7,7.1,7.05,17509,4.42964564156,3952.68638099,1299806,0.928626542107
6,"[200,300)","[2,3)",7.1,7.2,7.15,14704,4.49247749463,3273.02696954,1314510,0.939131590303
6,"[200,300)","[2,3)",7.2,7.3,7.25,12350,4.55530934771,2711.12213405,1326860,0.947954859156
6,"[200,300)","[2,3)",7.3,7.4,7.35,10148,4.61814120078,2197.42090136,1337008,0.955204942745
6,"[200,300)","[2,3)",7.4,7.5,7.45,8257,4.68097305385,1763.94948337,1345265,0.961104030269
6,"[200,300)","[2,3)",7.5,7.6,7.55,6646,4.74380490692,1400.98510171,1351911,0.965852163451
6,"[200,300)","[2,3)",7.6,7.7,7.65,5547,4.80663675999,1154.02937167,1357458,0.969815132871
6,"[200,300)","[2,3)",7.7,7.8,7.75,4689,4.86946861306,962.93874601,1362147,0.973165117296
6,"[200,300)","[2,3)",7.8,7.9,7.85,3865,4.93230046614,783.610006433,1366012,0.975926407508
6,"[200,300)","[2,3)",7.9,8,7.95,3193,4.99513231921,639.222306028,1369205,0.978207597585
6,"[200,300)","[2,3)",8,8.1,8.05,2720,5.05796417228,537.765770447,1371925,0.980150860037
6,"[200,300)","[2,3)",8.1,8.2,8.15,2299,5.12079602535,448.953637016,1374224,0.981793345469
6,"[200,300)","[2,3)",8.2,8.3,8.25,1993,5.18362787842,384.479759494,1376217,0.983217213876
6,"[200,300)","[2,3)",8.3,8.4,8.35,1698,5.24645973149,323.646818407,1377915,0.984430324039
6,"[200,300)","[2,3)",8.4,8.5,8.45,1490,5.30929158457,280.640077168,1379405,0.985494831779
6,"[200,300)","[2,3)",8.5,8.6,8.55,1239,5.37212343764,230.635057884,1380644,0.986380016403
6,"[200,300)","[2,3)",8.6,8.7,8.65,1131,5.43495529071,208.09738802,1381775,0.987188042077
6,"[200,300)","[2,3)",8.7,8.8,8.75,1023,5.49778714378,186.074864895,1382798,0.987918908801
6,"[200,300)","[2,3)",8.8,8.9,8.85,870,5.56061899685,156.457401684,1383668,0.988540467012
6,"[200,300)","[2,3)",8.9,9,8.95,821,5.62345084993,145.99576344,1384489,0.989127017921
6,"[200,300)","[2,3)",9,9.1,9.05,710,5.686282703,124.861889056,1385199,0.989634266576
6,"[200,300)","[2,3)",9.1,9.2,9.15,714,5.74911455607,124.19303756,1385913,0.990144372969
6,"[200,300)","[2,3)",9.2,9.3,9.25,620,5.81194640914,106.676826721,1386533,0.990587322499
6,"[200,300)","[2,3)",9.3,9.4,9.35,552,5.87477826221,93.9609931409,1387085,0.990981690467
6,"[200,300)","[2,3)",9.4,9.5,9.45,500,5.93761011528,84.2089645989,1387585,0.991338907829
6,"[200,300)","[2,3)",9.5,9.6,9.55,492,6.00044196836,81.9939602107,1388077,0.991690409714
6,"[200,300)","[2,3)",9.6,9.7,9.65,516,6.06327382143,85.1025395186,1388593,0.992059058032
6,"[200,300)","[2,3)",9.7,9.8,9.75,532,6.1261056745,86.8414663845,1389125,0.992439137306
6,"[200,300)","[2,3)",9.8,9.9,9.85,507,6.18893752757,81.9203615712,1389632,0.992801355711
6,"[200,300)","[2,3)",9.9,10,9.95,483,6.25176938064,77.2581281542,1390115,0.993146427683
6,"[200,300)","[2,3)",10,10.1,10.05,502,6.31460123372,79.4982899822,1390617,0.993505073915
6,"[200,300)","[2,3)",10.1,10.2,10.15,477,6.37743308679,74.7949831082,1391094,0.993845859279
6,"[200,300)","[2,3)",10.2,10.3,10.25,477,6.44026493986,74.0652759559,1391571,0.994186644643
6,"[200,300)","[2,3)",10.3,10.4,10.35,461,6.50309679293,70.8893031549,1392032,0.994515999051
6,"[200,300)","[2,3)",10.4,10.5,10.45,456,6.565928646,69.4494297128,1392488,0.994841781286
6,"[200,300)","[2,3)",10.5,10.6,10.55,461,6.62876049907,69.5454301093,1392949,0.995171135694
6,"[200,300)","[2,3)",10.6,10.7,10.65,509,6.69159235215,76.0656019096,1393458,0.995534782969
6,"[200,300)","[2,3)",10.7,10.8,10.75,464,6.75442420522,68.6957149718,1393922,0.995866280681
6,"[200,300)","[2,3)",10.8,10.9,10.85,487,6.81725605829,71.436366162,1394409,0.996214210392
6,"[200,300)","[2,3)",10.9,11,10.95,445,6.88008791136,64.6794060967,1394854,0.996532133845
6,"[200,300)","[2,3)",11,11.1,11.05,466,6.94291976443,67.1187361817,1395320,0.996865060427
6,"[200,300)","[2,3)",11.1,11.2,11.15,492,7.00575161751,70.2280107634,1395812,0.997216562312
6,"[200,300)","[2,3)",11.2,11.3,11.25,471,7.06858347058,66.6328695078,1396283,0.997553061067
6,"[200,300)","[2,3)",11.3,11.4,11.35,479,7.13141532365,67.1675927234,1396762,0.9978952753
6,"[200,300)","[2,3)",11.4,11.5,11.45,467,7.19424717672,64.9129767894,1397229,0.998228916317
6,"[200,300)","[2,3)",11.5,11.6,11.55,519,7.25707902979,71.5163770257,1397748,0.998599707939
6,"[200,300)","[2,3)",11.6,11.7,11.65,469,7.31991088286,64.0718182919,1398217,0.998934777825
6,"[200,300)","[2,3)",11.7,11.8,11.75,483,7.38274273594,65.4228404369,1398700,0.999279849797
6,"[200,300)","[2,3)",11.8,11.9,11.85,478,7.44557458901,64.1992091122,1399178,0.999621349596
6,"[200,300)","[2,3)",11.9,12,11.95,530,7.50840644208,70.5875479822,1399708,1
7,"[200,300)","[3,3.25)",0,0.1,0.05,178,0.0314159265359,5665.91597407,178,0.000319380473652
7,"[200,300)","[3,3.25)",0.1,0.2,0.15,516,0.0942477796077,5474.93004236,694,0.00124522499278
7,"[200,300)","[3,3.25)",0.2,0.3,0.25,815,0.157079632679,5188.4511448,1509,0.00270755693675
7,"[200,300)","[3,3.25)",0.3,0.4,0.35,1028,0.219911485751,4674.60804281,2537,0.0045520688857
7,"[200,300)","[3,3.25)",0.4,0.5,0.45,1262,0.282743338823,4463.4119596,3799,0.00681644055845
7,"[200,300)","[3,3.25)",0.5,0.6,0.55,1433,0.345575191895,4146.7096991,5232,0.00938763279858
7,"[200,300)","[3,3.25)",0.6,0.7,0.65,1581,0.408407044967,3871.13792351,6813,0.0122243773426
7,"[200,300)","[3,3.25)",0.7,0.8,0.75,1736,0.471238898038,3683.9064161,8549,0.0153392340969
7,"[200,300)","[3,3.25)",0.8,0.9,0.85,2044,0.53407075111,3827.20827859,10593,0.0190067267269
7,"[200,300)","[3,3.25)",0.9,1,0.95,2101,0.596902604182,3519.83721512,12694,0.0227764928794
7,"[200,300)","[3,3.25)",1,1.1,1.05,2341,0.659734457254,3548.39735027,15035,0.0269768843897
7,"[200,300)","[3,3.25)",1.1,1.2,1.15,2598,0.722566310326,3595.51775785,17633,0.0316384038871
7,"[200,300)","[3,3.25)",1.2,1.3,1.25,2761,0.785398163397,3515.41438301,20394,0.0365923897734
7,"[200,300)","[3,3.25)",1.3,1.4,1.35,3080,0.848230016469,3631.0905535,23474,0.0421187485309
7,"[200,300)","[3,3.25)",1.4,1.5,1.45,3136,0.911061869541,3442.13725197,26610,0.0477455865387
7,"[200,300)","[3,3.25)",1.5,1.6,1.55,3457,0.973893722613,3549.66863399,30067,0.0539483859623
7,"[200,300)","[3,3.25)",1.6,1.7,1.65,3725,1.03672557568,3593.04341223,33792,0.0606320503688
7,"[200,300)","[3,3.25)",1.7,1.8,1.75,3909,1.09955742876,3555.06670026,37701,0.0676458608829
7,"[200,300)","[3,3.25)",1.8,1.9,1.85,4124,1.16238928183,3547.86478546,41825,0.0750454399466
7,"[200,300)","[3,3.25)",1.9,2,1.95,4280,1.2252211349,3493.24695607,46105,0.0827249254928
7,"[200,300)","[3,3.25)",2,2.1,2.05,4489,1.28805298797,3485.10507092,50594,0.0907794139548
7,"[200,300)","[3,3.25)",2.1,2.2,2.15,4817,1.35088484104,3565.81098081,55411,0.0994224237389
7,"[200,300)","[3,3.25)",2.2,2.3,2.25,5011,1.41371669412,3544.55742148,60422,0.108413522354
7,"[200,300)","[3,3.25)",2.3,2.4,2.35,5219,1.47654854719,3534.59424679,65641,0.117777829612
7,"[200,300)","[3,3.25)",2.4,2.5,2.45,5486,1.53938040026,3563.77150123,71127,0.127621207581
7,"[200,300)","[3,3.25)",2.5,2.6,2.55,5753,1.60221225333,3590.66034356,76880,0.13794365626
7,"[200,300)","[3,3.25)",2.6,2.7,2.65,6022,1.6650441064,3616.72100868,82902,0.148748764195
7,"[200,300)","[3,3.25)",2.7,2.8,2.75,6019,1.72787595947,3483.46764535,88921,0.159548489312
7,"[200,300)","[3,3.25)",2.8,2.9,2.85,6483,1.79070781255,3620.35612654,95404,0.171180756788
7,"[200,300)","[3,3.25)",2.9,3,2.95,6717,1.85353966562,3623.87712796,102121,0.183232883988
7,"[200,300)","[3,3.25)",3,3.1,3.05,6682,1.91637151869,3486.79780243,108803,0.195222211656
7,"[200,300)","[3,3.25)",3.1,3.2,3.15,6975,1.97920337176,3524.14516846,115778,0.207737261115
7,"[200,300)","[3,3.25)",3.2,3.3,3.25,7240,2.04203522483,3545.48242457,123018,0.22072779274
7,"[200,300)","[3,3.25)",3.3,3.4,3.35,7441,2.10486707791,3535.14009417,130459,0.234078973102
7,"[200,300)","[3,3.25)",3.4,3.5,3.45,7692,2.16769893098,3548.46325294,138151,0.247880515817
7,"[200,300)","[3,3.25)",3.5,3.6,3.55,8029,2.23053078405,3599.59165658,146180,0.262286728306
7,"[200,300)","[3,3.25)",3.6,3.7,3.65,8037,2.29336263712,3504.4610346,154217,0.276707294973
7,"[200,300)","[3,3.25)",3.7,3.8,3.75,8311,2.35619449019,3527.2979521,162528,0.291619492257
7,"[200,300)","[3,3.25)",3.8,3.9,3.85,8607,2.41902634326,3558.04310439,171135,0.307062794149
7,"[200,300)","[3,3.25)",3.9,4,3.95,8695,2.48185819634,3503.42336755,179830,0.322663992005
7,"[200,300)","[3,3.25)",4,4.1,4.05,9111,2.54469004941,3580.39675682,188941,0.339011607148
7,"[200,300)","[3,3.25)",4.1,4.2,4.15,9368,2.60752190248,3592.68314912,198309,0.355820350278
7,"[200,300)","[3,3.25)",4.2,4.3,4.25,9557,2.67035375555,3578.92656736,207866,0.372968210877
7,"[200,300)","[3,3.25)",4.3,4.4,4.35,9586,2.73318560862,3507.26272294,217452,0.390168105374
7,"[200,300)","[3,3.25)",4.4,4.5,4.45,10011,2.79601746169,3580.44974223,227463,0.408130565608
7,"[200,300)","[3,3.25)",4.5,4.6,4.55,10183,2.85884931477,3561.9226055,237646,0.426401640683
7,"[200,300)","[3,3.25)",4.6,4.7,4.65,10245,2.92168116784,3506.54277844,247891,0.444783960641
7,"[200,300)","[3,3.25)",4.7,4.8,4.75,10522,2.98451302091,3525.53328676,258413,0.463663294033
7,"[200,300)","[3,3.25)",4.8,4.9,4.85,10614,3.04734487398,3483.0320948,269027,0.482707700479
7,"[200,300)","[3,3.25)",4.9,5,4.95,10841,3.11017672705,3485.65401628,279868,0.502159406742
7,"[200,300)","[3,3.25)",5,5.1,5.05,10991,3.17300858013,3463.90490995,290859,0.521880253854
7,"[200,300)","[3,3.25)",5.1,5.2,5.15,11116,3.2358404332,3435.27446099,301975,0.541825385006
7,"[200,300)","[3,3.25)",5.2,5.3,5.25,11287,3.29867228627,3421.67970034,313262,0.562077336726
7,"[200,300)","[3,3.25)",5.3,5.4,5.35,11455,3.36150413934,3407.70069742,324717,0.582630726196
7,"[200,300)","[3,3.25)",5.4,5.5,5.45,11537,3.42433599241,3369.12032743,336254,0.603331245997
7,"[200,300)","[3,3.25)",5.5,5.6,5.55,11907,3.48716784548,3414.51875206,348161,0.624695646557
7,"[200,300)","[3,3.25)",5.6,5.7,5.65,11864,3.54999969856,3341.97211477,360025,0.645982893408
7,"[200,300)","[3,3.25)",5.7,5.8,5.75,11916,3.61283155163,3298.24400327,371941,0.667363442419
7,"[200,300)","[3,3.25)",5.8,5.9,5.85,11640,3.6756634047,3166.77527793,383581,0.688248772269
7,"[200,300)","[3,3.25)",5.9,6,5.95,12080,3.73849525777,3231.24657571,395661,0.709923581942
7,"[200,300)","[3,3.25)",6,6.1,6.05,12074,3.80132711084,3176.25914528,407735,0.73158762598
7,"[200,300)","[3,3.25)",6.1,6.2,6.15,11931,3.86415896392,3087.60589598,419666,0.752995089077
7,"[200,300)","[3,3.25)",6.2,6.3,6.25,11670,3.92699081699,2971.74109741,431336,0.773934247096
7,"[200,300)","[3,3.25)",6.3,6.4,6.35,11573,3.98982267006,2900.63016756,442909,0.794699360701
7,"[200,300)","[3,3.25)",6.4,6.5,6.45,11456,4.05265452313,2826.78919079,454365,0.815254544443
7,"[200,300)","[3,3.25)",6.5,6.6,6.55,11021,4.1154863762,2677.93378292,465386,0.835029219725
7,"[200,300)","[3,3.25)",6.6,6.7,6.65,10423,4.17831822927,2494.54431857,475809,0.853730920157
7,"[200,300)","[3,3.25)",6.7,6.8,6.75,9561,4.24115008235,2254.34134948,485370,0.870885957845
7,"[200,300)","[3,3.25)",6.8,6.9,6.85,9119,4.30398193542,2118.73565847,494489,0.887247927167
7,"[200,300)","[3,3.25)",6.9,7,6.95,8104,4.36681378849,1855.81533643,502593,0.90178871008
7,"[200,300)","[3,3.25)",7,7.1,7.05,7496,4.42964564156,1692.2346857,510089,0.91523857542
7,"[200,300)","[3,3.25)",7.1,7.2,7.15,6389,4.49247749463,1422.15514883,516478,0.926702181297
7,"[200,300)","[3,3.25)",7.2,7.3,7.25,5357,4.55530934771,1175.9903864,521835,0.936314098136
7,"[200,300)","[3,3.25)",7.3,7.4,7.35,4545,4.61814120078,984.162199119,526380,0.944469065848
7,"[200,300)","[3,3.25)",7.4,7.5,7.45,3848,4.68097305385,822.051303379,530228,0.95137342575
7,"[200,300)","[3,3.25)",7.5,7.6,7.55,3280,4.74380490692,691.428097141,533508,0.957258638973
7,"[200,300)","[3,3.25)",7.6,7.7,7.65,2845,4.80663675999,591.88995176,536353,0.962363343734
7,"[200,300)","[3,3.25)",7.7,7.8,7.75,2438,4.86946861306,500.670646785,538791,0.96673777966
7,"[200,300)","[3,3.25)",7.8,7.9,7.85,2011,4.93230046614,407.720497526,540802,0.970346061303
7,"[200,300)","[3,3.25)",7.9,8,7.95,1804,4.99513231921,361.151594136,542606,0.973582928575
7,"[200,300)","[3,3.25)",8,8.1,8.05,1478,5.05796417228,292.212429677,544084,0.97623486307
7,"[200,300)","[3,3.25)",8.1,8.2,8.15,1204,5.12079602535,235.119695071,545288,0.978395166948
7,"[200,300)","[3,3.25)",8.2,8.3,8.25,1051,5.18362787842,202.753751745,546339,0.98028094716
7,"[200,300)","[3,3.25)",8.3,8.4,8.35,882,5.24645973149,168.113365038,547221,0.98186349535
7,"[200,300)","[3,3.25)",8.4,8.5,8.45,782,5.30929158457,147.288953252,548003,0.983266616307
7,"[200,300)","[3,3.25)",8.5,8.6,8.55,656,5.37212343764,122.11186277,548659,0.984443658952
7,"[200,300)","[3,3.25)",8.6,8.7,8.65,603,5.43495529071,110.94847478,549262,0.985525605163
7,"[200,300)","[3,3.25)",8.7,8.8,8.75,524,5.49778714378,95.3110744916,549786,0.986465803861
7,"[200,300)","[3,3.25)",8.8,8.9,8.85,475,5.56061899685,85.4221445973,550261,0.987318083215
7,"[200,300)","[3,3.25)",8.9,9,8.95,414,5.62345084993,73.620275352,550675,0.988060911957
7,"[200,300)","[3,3.25)",9,9.1,9.05,354,5.686282703,62.2550827122,551029,0.98869608436
7,"[200,300)","[3,3.25)",9.1,9.2,9.15,324,5.74911455607,56.3565044391,551353,0.989277428592
7,"[200,300)","[3,3.25)",9.2,9.3,9.25,295,5.81194640914,50.7575223915,551648,0.989806738928
7,"[200,300)","[3,3.25)",9.3,9.4,9.35,301,5.87477826221,51.2359763323,551949,0.990346814897
7,"[200,300)","[3,3.25)",9.4,9.5,9.45,252,5.93761011528,42.4413181578,552201,0.990798971523
7,"[200,300)","[3,3.25)",9.5,9.6,9.55,233,6.00044196836,38.8304730266,552434,0.991217036975
7,"[200,300)","[3,3.25)",9.6,9.7,9.65,235,6.06327382143,38.7579395094,552669,0.991638690971
7,"[200,300)","[3,3.25)",9.7,9.8,9.75,235,6.1261056745,38.3604221811,552904,0.992060344967
7,"[200,300)","[3,3.25)",9.8,9.9,9.85,199,6.18893752757,32.1541458632,553103,0.992417405159
7,"[200,300)","[3,3.25)",9.9,10,9.95,215,6.25176938064,34.3902640852,553318,0.992803173709
7,"[200,300)","[3,3.25)",10,10.1,10.05,182,6.31460123372,28.8220891967,553500,0.993129731272
7,"[200,300)","[3,3.25)",10.1,10.2,10.15,195,6.37743308679,30.5765654216,553695,0.993479614375
7,"[200,300)","[3,3.25)",10.2,10.3,10.25,203,6.44026493986,31.520442388,553898,0.993843851657
7,"[200,300)","[3,3.25)",10.3,10.4,10.35,191,6.50309679293,29.3706223484,554089,0.994186557671
7,"[200,300)","[3,3.25)",10.4,10.5,10.45,202,6.565928646,30.7648789517,554291,0.99454900068
7,"[200,300)","[3,3.25)",10.5,10.6,10.55,196,6.62876049907,29.5681221289,554487,0.994900678056
7,"[200,300)","[3,3.25)",10.6,10.7,10.65,171,6.69159235215,25.5544556514,554658,0.995207498623
7,"[200,300)","[3,3.25)",10.7,10.8,10.75,179,6.75442420522,26.5011486637,554837,0.995528673369
7,"[200,300)","[3,3.25)",10.8,10.9,10.85,208,6.81725605829,30.5108093669,555045,0.995901882012
7,"[200,300)","[3,3.25)",10.9,11,10.95,221,6.88008791136,32.1216825784,555266,0.996298416196
7,"[200,300)","[3,3.25)",11,11.1,11.05,194,6.94291976443,27.9421348053,555460,0.996646505027
7,"[200,300)","[3,3.25)",11.1,11.2,11.15,215,7.00575161751,30.6890697442,555675,0.997032273576
7,"[200,300)","[3,3.25)",11.2,11.3,11.25,200,7.06858347058,28.2942121052,555875,0.997391128041
7,"[200,300)","[3,3.25)",11.3,11.4,11.35,207,7.13141532365,29.0264962291,556082,0.997762542412
7,"[200,300)","[3,3.25)",11.4,11.5,11.45,188,7.19424717672,26.1319906561,556270,0.998099865609
7,"[200,300)","[3,3.25)",11.5,11.6,11.55,252,7.25707902979,34.7247148564,556522,0.998552022235
7,"[200,300)","[3,3.25)",11.6,11.7,11.65,186,7.31991088286,25.4101454207,556708,0.998885756887
7,"[200,300)","[3,3.25)",11.7,11.8,11.75,211,7.38274273594,28.5801642488,556919,0.999264348347
7,"[200,300)","[3,3.25)",11.8,11.9,11.85,209,7.44557458901,28.0703654905,557128,0.999639351263
7,"[200,300)","[3,3.25)",11.9,12,11.95,201,7.50840644208,26.7699946121,557329,1
8,"[300,500)","[3,3.25)",0,0.1,0.05,256,0.0314159265359,8148.73308631,256,0.000549469418593
8,"[300,500)","[3,3.25)",0.1,0.2,0.15,691,0.0942477796077,7331.73771177,947,0.00203260757581
8,"[300,500)","[3,3.25)",0.2,0.3,0.25,1017,0.157079632679,6474.42308498,1964,0.00421546069577
8,"[300,500)","[3,3.25)",0.3,0.4,0.35,1154,0.219911485751,5247.56583794,3118,0.00669236580927
8,"[300,500)","[3,3.25)",0.4,0.5,0.45,1271,0.282743338823,4495.24294822,4389,0.00942039561798
8,"[300,500)","[3,3.25)",0.5,0.6,0.55,1277,0.345575191895,3695.28840597,5666,0.0121613036162
8,"[300,500)","[3,3.25)",0.6,0.7,0.65,1403,0.408407044967,3435.2982332,7069,0.0151726535939
8,"[300,500)","[3,3.25)",0.7,0.8,0.75,1513,0.471238898038,3210.68571864,8582,0.0184201037124
8,"[300,500)","[3,3.25)",0.8,0.9,0.85,1693,0.53407075111,3169.99198417,10275,0.0220538995158
8,"[300,500)","[3,3.25)",0.9,1,0.95,1754,0.596902604182,2938.50284403,12029,0.0258186235791
8,"[300,500)","[3,3.25)",1,1.1,1.05,2004,0.659734457254,3037.58577101,14033,0.0301199388715
8,"[300,500)","[3,3.25)",1.1,1.2,1.15,2123,0.722566310326,2938.13864508,16156,0.034676671589
8,"[300,500)","[3,3.25)",1.2,1.3,1.25,2422,0.785398163397,3083.78617735,18578,0.0398751674165
8,"[300,500)","[3,3.25)",1.3,1.4,1.35,2525,0.848230016469,2976.78689857,21103,0.0452947388303
8,"[300,500)","[3,3.25)",1.4,1.5,1.45,2729,0.911061869541,2995.40579102,23832,0.0511521686871
8,"[300,500)","[3,3.25)",1.5,1.6,1.55,2944,0.973893722613,3022.91711266,26776,0.0574710670009
8,"[300,500)","[3,3.25)",1.6,1.7,1.65,3093,1.03672557568,2983.43175141,29869,0.0641097736873
8,"[300,500)","[3,3.25)",1.7,1.8,1.75,3422,1.09955742876,3112.16123006,33291,0.0714546344311
8,"[300,500)","[3,3.25)",1.8,1.9,1.85,3520,1.16238928183,3028.24540369,36811,0.0790098389368
8,"[300,500)","[3,3.25)",1.9,2,1.95,3872,1.2252211349,3160.24584437,40683,0.087320563893
8,"[300,500)","[3,3.25)",2,2.1,2.05,3800,1.28805298797,2950.18918902,44483,0.0954767505752
8,"[300,500)","[3,3.25)",2.1,2.2,2.15,4013,1.35088484104,2970.6455192,48496,0.104090112985
8,"[300,500)","[3,3.25)",2.2,2.3,2.25,4268,1.41371669412,3018.99243163,52764,0.113250798448
8,"[300,500)","[3,3.25)",2.3,2.4,2.35,4508,1.47654854719,3053.06588706,57272,0.122926611491
8,"[300,500)","[3,3.25)",2.4,2.5,2.45,4524,1.53938040026,2938.84474509,61796,0.132636766372
8,"[300,500)","[3,3.25)",2.5,2.6,2.55,4849,1.60221225333,3026.44046687,66645,0.143044489852
8,"[300,500)","[3,3.25)",2.6,2.7,2.65,4895,1.6650441064,2939.86206202,71540,0.153550946118
8,"[300,500)","[3,3.25)",2.7,2.8,2.75,5173,1.72787595947,2993.84916587,76713,0.16465409183
8,"[300,500)","[3,3.25)",2.8,2.9,2.85,5377,1.79070781255,3002.72325967,82090,0.176195095985
8,"[300,500)","[3,3.25)",2.9,3,2.95,5511,1.85353966562,2973.23014027,87601,0.18802371304
8,"[300,500)","[3,3.25)",3,3.1,3.05,5751,1.91637151869,3000.98386138,93352,0.200367457674
8,"[300,500)","[3,3.25)",3.1,3.2,3.15,5908,1.97920337176,2985.0393771,99260,0.2130481816
8,"[300,500)","[3,3.25)",3.2,3.3,3.25,6074,2.04203522483,2974.48345951,105334,0.226085202102
8,"[300,500)","[3,3.25)",3.3,3.4,3.35,6343,2.10486707791,3013.49195233,111677,0.239699594766
8,"[300,500)","[3,3.25)",3.4,3.5,3.45,6496,2.16769893098,2996.72611688,118173,0.253642381263
8,"[300,500)","[3,3.25)",3.5,3.6,3.55,6652,2.23053078405,2982.24980689,124825,0.267920000687
8,"[300,500)","[3,3.25)",3.6,3.7,3.65,6829,2.29336263712,2977.72357911,131654,0.282577526701
8,"[300,500)","[3,3.25)",3.7,3.8,3.75,7016,2.35619449019,2977.68288195,138670,0.297636422954
8,"[300,500)","[3,3.25)",3.8,3.9,3.85,7159,2.41902634326,2959.45516258,145829,0.31300224939
8,"[300,500)","[3,3.25)",3.9,4,3.95,7604,2.48185819634,3063.8333855,153433,0.329323208215
8,"[300,500)","[3,3.25)",4,4.1,4.05,7511,2.54469004941,2951.63648781,160944,0.345444555101
8,"[300,500)","[3,3.25)",4.1,4.2,4.15,7844,2.60752190248,3008.22017738,168788,0.362280641506
8,"[300,500)","[3,3.25)",4.2,4.3,4.25,7871,2.67035375555,2947.54954606,176659,0.379174679762
8,"[300,500)","[3,3.25)",4.3,4.4,4.35,8012,2.73318560862,2931.37794035,184671,0.396371355472
8,"[300,500)","[3,3.25)",4.4,4.5,4.45,8360,2.79601746169,2989.96702078,193031,0.414314966173
8,"[300,500)","[3,3.25)",4.5,4.6,4.55,8469,2.85884931477,2962.38068801,201500,0.43249253065
8,"[300,500)","[3,3.25)",4.6,4.7,4.65,8534,2.92168116784,2920.9210416,210034,0.450809608846
8,"[300,500)","[3,3.25)",4.7,4.8,4.75,8943,2.98451302091,2996.46874962,218977,0.470004550294
8,"[300,500)","[3,3.25)",4.8,4.9,4.85,9090,3.04734487398,2982.92460352,228067,0.489515007383
8,"[300,500)","[3,3.25)",4.9,5,4.95,9156,3.11017672705,2943.88415949,237223,0.509167124558
8,"[300,500)","[3,3.25)",5,5.1,5.05,9322,3.17300858013,2937.90570199,246545,0.529175538308
8,"[300,500)","[3,3.25)",5.1,5.2,5.15,9613,3.2358404332,2970.78925814,256158,0.549808544249
8,"[300,500)","[3,3.25)",5.2,5.3,5.25,9913,3.29867228627,3005.14847785,266071,0.571085459666
8,"[300,500)","[3,3.25)",5.3,5.4,5.35,9731,3.36150413934,2894.83504902,275802,0.591971736667
8,"[300,500)","[3,3.25)",5.4,5.5,5.45,10000,3.42433599241,2920.27418517,285802,0.613435385831
8,"[300,500)","[3,3.25)",5.5,5.6,5.55,10123,3.48716784548,2902.92880886,295925,0.635163037879
8,"[300,500)","[3,3.25)",5.6,5.7,5.65,10323,3.54999969856,2907.88757086,306248,0.657319962911
8,"[300,500)","[3,3.25)",5.7,5.8,5.75,10589,3.61283155163,2930.94207374,316837,0.68004782101
8,"[300,500)","[3,3.25)",5.8,5.9,5.85,10614,3.6756634047,2887.64199312,327451,0.702829338233
8,"[300,500)","[3,3.25)",5.9,6,5.95,10538,3.73849525777,2818.78116017,337989,0.725447731722
8,"[300,500)","[3,3.25)",6,6.1,6.05,10645,3.80132711084,2800.33780035,348634,0.748295786256
8,"[300,500)","[3,3.25)",6.1,6.2,6.15,10680,3.86415896392,2763.86145077,359314,0.771218963563
8,"[300,500)","[3,3.25)",6.2,6.3,6.25,10776,3.92699081699,2744.08586681,370090,0.794348191902
8,"[300,500)","[3,3.25)",6.3,6.4,6.35,10800,3.98982267006,2706.88722109,380890,0.817528932999
8,"[300,500)","[3,3.25)",6.4,6.5,6.45,10479,4.05265452313,2585.71263358,391369,0.840020690958
8,"[300,500)","[3,3.25)",6.5,6.6,6.55,10297,4.1154863762,2502.01289926,401666,0.862121810502
8,"[300,500)","[3,3.25)",6.6,6.7,6.65,9530,4.17831822927,2280.82196641,411196,0.882576668155
8,"[300,500)","[3,3.25)",6.7,6.8,6.75,8877,4.24115008235,2093.06434048,420073,0.901629949517
8,"[300,500)","[3,3.25)",6.8,6.9,6.85,7828,4.30398193542,1818.78086792,427901,0.918431694083
8,"[300,500)","[3,3.25)",6.9,7,6.95,6896,4.36681378849,1579.18343534,434797,0.933233026546
8,"[300,500)","[3,3.25)",7,7.1,7.05,5786,4.42964564156,1306.19929182,440583,0.945651893952
8,"[300,500)","[3,3.25)",7.1,7.2,7.15,4604,4.49247749463,1024.82427692,445187,0.955533758027
8,"[300,500)","[3,3.25)",7.2,7.3,7.25,3685,4.55530934771,808.946159026,448872,0.963443112744
8,"[300,500)","[3,3.25)",7.3,7.4,7.35,2820,4.61814120078,610.635291863,451692,0.969495861808
8,"[300,500)","[3,3.25)",7.4,7.5,7.45,2055,4.68097305385,439.011285978,453747,0.973906641712
8,"[300,500)","[3,3.25)",7.5,7.6,7.55,1625,4.74380490692,342.552029834,455372,0.977394484701
8,"[300,500)","[3,3.25)",7.6,7.7,7.65,1197,4.80663675999,249.030675661,456569,0.979963683506
8,"[300,500)","[3,3.25)",7.7,7.8,7.75,971,4.86946861306,199.405741603,457540,0.982047803839
8,"[300,500)","[3,3.25)",7.8,7.9,7.85,731,4.93230046614,148.206704968,458271,0.983616796593
8,"[300,500)","[3,3.25)",7.9,8,7.95,636,4.99513231921,127.323954474,458907,0.98498188468
8,"[300,500)","[3,3.25)",8,8.1,8.05,478,5.05796417228,94.5044258359,459385,0.98600784711
8,"[300,500)","[3,3.25)",8.1,8.2,8.15,413,5.12079602535,80.6515233091,459798,0.986894295821
8,"[300,500)","[3,3.25)",8.2,8.3,8.25,341,5.18362787842,65.7840431447,460139,0.987626206257
8,"[300,500)","[3,3.25)",8.3,8.4,8.35,298,5.24645973149,56.8002072352,460437,0.988265823002
8,"[300,500)","[3,3.25)",8.4,8.5,8.45,269,5.30929158457,50.6658931263,460706,0.988843195165
8,"[300,500)","[3,3.25)",8.5,8.6,8.55,228,5.37212343764,42.4413181578,460934,0.989332566366
8,"[300,500)","[3,3.25)",8.6,8.7,8.65,199,5.43495529071,36.6148366188,461133,0.989759692984
8,"[300,500)","[3,3.25)",8.7,8.8,8.75,197,5.49778714378,35.8325986161,461330,0.990182526872
8,"[300,500)","[3,3.25)",8.8,8.9,8.85,171,5.56061899685,30.751972055,461501,0.990549555273
8,"[300,500)","[3,3.25)",8.9,9,8.95,171,5.62345084993,30.4083746019,461672,0.990916583674
8,"[300,500)","[3,3.25)",9,9.1,9.05,162,5.686282703,28.4896141225,461834,0.99126429479
8,"[300,500)","[3,3.25)",9.1,9.2,9.15,154,5.74911455607,26.7867335914,461988,0.991594834987
8,"[300,500)","[3,3.25)",9.2,9.3,9.25,141,5.81194640914,24.2603751091,462129,0.991897472441
8,"[300,500)","[3,3.25)",9.3,9.4,9.35,136,5.87477826221,23.1498099043,462265,0.992189378069
8,"[300,500)","[3,3.25)",9.4,9.5,9.45,126,5.93761011528,21.2206590789,462391,0.992459820049
8,"[300,500)","[3,3.25)",9.5,9.6,9.55,131,6.00044196836,21.8317251781,462522,0.992740993853
8,"[300,500)","[3,3.25)",9.6,9.7,9.65,104,6.06327382143,17.1524498254,462626,0.992964215804
8,"[300,500)","[3,3.25)",9.7,9.8,9.75,120,6.1261056745,19.5883006882,462746,0.993221779594
8,"[300,500)","[3,3.25)",9.8,9.9,9.85,129,6.18893752757,20.8436422933,462875,0.993498660668
8,"[300,500)","[3,3.25)",9.9,10,9.95,138,6.25176938064,22.0737509012,463013,0.993794859027
8,"[300,500)","[3,3.25)",10,10.1,10.05,150,6.31460123372,23.7544691182,463163,0.994116813764
8,"[300,500)","[3,3.25)",10.1,10.2,10.15,156,6.37743308679,24.4612523373,463319,0.994451646691
8,"[300,500)","[3,3.25)",10.2,10.3,10.25,140,6.44026493986,21.7382361296,463459,0.994752137779
8,"[300,500)","[3,3.25)",10.3,10.4,10.35,150,6.50309679293,23.0659337814,463609,0.995074092517
8,"[300,500)","[3,3.25)",10.4,10.5,10.45,140,6.565928646,21.3221933329,463749,0.995374583605
8,"[300,500)","[3,3.25)",10.5,10.6,10.55,124,6.62876049907,18.7063629795,463873,0.995640732855
8,"[300,500)","[3,3.25)",10.6,10.7,10.65,140,6.69159235215,20.9217765567,464013,0.995941223943
8,"[300,500)","[3,3.25)",10.7,10.8,10.75,135,6.75442420522,19.9868998301,464148,0.996230983207
8,"[300,500)","[3,3.25)",10.8,10.9,10.85,146,6.81725605829,21.4162411902,464294,0.996544352485
8,"[300,500)","[3,3.25)",10.9,11,10.95,143,6.88008791136,20.7846181389,464437,0.996851282668
8,"[300,500)","[3,3.25)",11,11.1,11.05,165,6.94291976443,23.7652177468,464602,0.997205432879
8,"[300,500)","[3,3.25)",11.1,11.2,11.15,151,7.00575161751,21.5537187506,464753,0.997529533981
8,"[300,500)","[3,3.25)",11.2,11.3,11.25,129,7.06858347058,18.2497668079,464882,0.997806415055
8,"[300,500)","[3,3.25)",11.3,11.4,11.35,150,7.13141532365,21.0336929196,465032,0.998128369793
8,"[300,500)","[3,3.25)",11.4,11.5,11.45,150,7.19424717672,20.8499925448,465182,0.99845032453
8,"[300,500)","[3,3.25)",11.5,11.6,11.55,142,7.25707902979,19.5671012286,465324,0.998755108349
8,"[300,500)","[3,3.25)",11.6,11.7,11.65,141,7.31991088286,19.2625295931,465465,0.999057745802
8,"[300,500)","[3,3.25)",11.7,11.8,11.75,143,7.38274273594,19.3694952018,465608,0.999364675985
8,"[300,500)","[3,3.25)",11.8,11.9,11.85,148,7.44557458901,19.8775793904,465756,0.999682337992
8,"[300,500)","[3,3.25)",11.9,12,11.95,148,7.50840644208,19.7112398139,465904,1
9,"[300,500)","[3.25,3.5)",0,0.1,0.05,126,0.0314159265359,4010.70456592,126,0.000457388457113
9,"[300,500)","[3.25,3.5)",0.1,0.2,0.15,367,0.0942477796077,3893.99094098,493,0.00178962309013
9,"[300,500)","[3.25,3.5)",0.2,0.3,0.25,516,0.157079632679,3284.95802542,1009,0.00366273772402
9,"[300,500)","[3.25,3.5)",0.3,0.4,0.35,588,0.219911485751,2673.80304394,1597,0.00579721719055
9,"[300,500)","[3.25,3.5)",0.4,0.5,0.45,661,0.282743338823,2337.80927519,2258,0.00819669155683
9,"[300,500)","[3.25,3.5)",0.5,0.6,0.55,715,0.345575191895,2069.01426019,2973,0.0107921895476
9,"[300,500)","[3.25,3.5)",0.6,0.7,0.65,750,0.408407044967,1836.40318952,3723,0.0135147398875
9,"[300,500)","[3.25,3.5)",0.7,0.8,0.75,822,0.471238898038,1744.33817629,4545,0.0164986550601
9,"[300,500)","[3.25,3.5)",0.8,0.9,0.85,918,0.53407075111,1718.87338539,5463,0.0198310566762
9,"[300,500)","[3.25,3.5)",0.9,1,0.95,1022,0.596902604182,1712.17212463,6485,0.0235409852728
9,"[300,500)","[3.25,3.5)",1,1.1,1.05,1145,0.659734457254,1735.54676038,7630,0.0276974121252
9,"[300,500)","[3.25,3.5)",1.1,1.2,1.15,1280,0.722566310326,1771.46371441,8910,0.0323438980387
9,"[300,500)","[3.25,3.5)",1.2,1.3,1.25,1345,0.785398163397,1712.50718767,10255,0.037226338315
9,"[300,500)","[3.25,3.5)",1.3,1.4,1.35,1512,0.848230016469,1782.53536263,11767,0.0427149998003
9,"[300,500)","[3.25,3.5)",1.4,1.5,1.45,1545,0.911061869541,1695.82335915,13312,0.0483234535007
9,"[300,500)","[3.25,3.5)",1.5,1.6,1.55,1722,0.973893722613,1768.16007745,15034,0.0545744290812
9,"[300,500)","[3.25,3.5)",1.6,1.7,1.65,1864,1.03672557568,1797.96856923,16898,0.0613408741928
9,"[300,500)","[3.25,3.5)",1.7,1.8,1.75,1813,1.09955742876,1648.84521043,18711,0.0679221858812
9,"[300,500)","[3.25,3.5)",1.8,1.9,1.85,2046,1.16238928183,1760.1676409,20757,0.0753493032086
9,"[300,500)","[3.25,3.5)",1.9,2,1.95,2104,1.2252211349,1717.241027,22861,0.082986964429
9,"[300,500)","[3.25,3.5)",2,2.1,2.05,2210,1.28805298797,1715.76792309,25071,0.091009412764
9,"[300,500)","[3.25,3.5)",2.1,2.2,2.15,2315,1.35088484104,1713.69159655,27386,0.0994130181467
9,"[300,500)","[3.25,3.5)",2.2,2.3,2.25,2455,1.41371669412,1736.55726796,29841,0.108324832926
9,"[300,500)","[3.25,3.5)",2.3,2.4,2.35,2516,1.47654854719,1703.9737737,32357,0.1174580818
9,"[300,500)","[3.25,3.5)",2.4,2.5,2.45,2795,1.53938040026,1815.66557527,35152,0.1276041194
9,"[300,500)","[3.25,3.5)",2.5,2.6,2.55,2786,1.60221225333,1738.84577041,37938,0.137717486396
9,"[300,500)","[3.25,3.5)",2.6,2.7,2.65,2908,1.6650441064,1746.50028117,40846,0.148273721581
9,"[300,500)","[3.25,3.5)",2.7,2.8,2.75,3028,1.72787595947,1752.44060975,43874,0.15926556482
9,"[300,500)","[3.25,3.5)",2.8,2.9,2.85,3263,1.79070781255,1822.1844888,47137,0.171110473833
9,"[300,500)","[3.25,3.5)",2.9,3,2.95,3260,1.85353966562,1758.79699824,50397,0.182944492644
9,"[300,500)","[3.25,3.5)",3,3.1,3.05,3324,1.91637151869,1734.52796996,53721,0.19501083575
9,"[300,500)","[3.25,3.5)",3.1,3.2,3.15,3452,1.97920337176,1744.13607477,57173,0.207541827448
9,"[300,500)","[3.25,3.5)",3.2,3.3,3.25,3437,2.04203522483,1683.12473664,60610,0.22001836814
9,"[300,500)","[3.25,3.5)",3.3,3.4,3.35,3775,2.10486707791,1793.46241842,64385,0.233721871517
9,"[300,500)","[3.25,3.5)",3.4,3.5,3.45,3716,2.16769893098,1714.26019864,68101,0.247211200935
9,"[300,500)","[3.25,3.5)",3.5,3.6,3.55,3861,2.23053078405,1730.97812754,71962,0.261226890085
9,"[300,500)","[3.25,3.5)",3.6,3.7,3.65,3947,2.29336263712,1721.05359009,75909,0.275554765008
9,"[300,500)","[3.25,3.5)",3.7,3.8,3.75,4062,2.35619449019,1723.96634357,79971,0.290300097649
9,"[300,500)","[3.25,3.5)",3.8,3.9,3.85,4213,2.41902634326,1741.60980583,84184,0.305593570425
9,"[300,500)","[3.25,3.5)",3.9,4,3.95,4357,2.48185819634,1755.53946089,88541,0.321409772867
9,"[300,500)","[3.25,3.5)",4,4.1,4.05,4527,2.54469004941,1778.99858612,93068,0.337843086719
9,"[300,500)","[3.25,3.5)",4.1,4.2,4.15,4499,2.60752190248,1725.39298547,97567,0.354174758691
9,"[300,500)","[3.25,3.5)",4.2,4.3,4.25,4625,2.67035375555,1731.98026306,102192,0.370963819121
9,"[300,500)","[3.25,3.5)",4.3,4.4,4.35,4799,2.73318560862,1755.82660206,106991,0.38838451123
9,"[300,500)","[3.25,3.5)",4.4,4.5,4.45,4886,2.79601746169,1747.48550999,111877,0.406121019178
9,"[300,500)","[3.25,3.5)",4.5,4.6,4.55,4953,2.85884931477,1732.51523766,116830,0.424100741623
9,"[300,500)","[3.25,3.5)",4.6,4.7,4.65,5121,2.92168116784,1752.75798618,121951,0.442690315344
9,"[300,500)","[3.25,3.5)",4.7,4.8,4.75,5220,2.98451302091,1749.02905882,127171,0.46163926571
9,"[300,500)","[3.25,3.5)",4.8,4.9,4.85,5381,3.04734487398,1765.79948202,132552,0.481172656882
9,"[300,500)","[3.25,3.5)",4.9,5,4.95,5483,3.11017672705,1762.92232924,138035,0.501076314901
9,"[300,500)","[3.25,3.5)",5,5.1,5.05,5445,3.17300858013,1716.03696066,143480,0.520842030369
9,"[300,500)","[3.25,3.5)",5.1,5.2,5.15,5647,3.2358404332,1745.14167697,149127,0.541341019395
9,"[300,500)","[3.25,3.5)",5.2,5.3,5.25,5796,3.29867228627,1757.07057173,154923,0.562380888423
9,"[300,500)","[3.25,3.5)",5.3,5.4,5.35,5774,3.36150413934,1717.68344189,160697,0.583340895973
9,"[300,500)","[3.25,3.5)",5.4,5.5,5.45,5969,3.42433599241,1743.11166113,166666,0.605008766612
9,"[300,500)","[3.25,3.5)",5.5,5.6,5.55,6038,3.48716784548,1731.49107457,172704,0.626927111882
9,"[300,500)","[3.25,3.5)",5.6,5.7,5.65,6122,3.54999969856,1724.50718869,178826,0.649150382791
9,"[300,500)","[3.25,3.5)",5.7,5.8,5.75,6139,3.61283155163,1699.22120981,184965,0.67143536484
9,"[300,500)","[3.25,3.5)",5.8,5.9,5.85,6333,3.6756634047,1722.95428137,191298,0.69442457991
9,"[300,500)","[3.25,3.5)",5.9,6,5.95,6196,3.73849525777,1657.35130655,197494,0.716916475786
9,"[300,500)","[3.25,3.5)",6,6.1,6.05,6268,3.80132711084,1648.89782364,203762,0.739669736493
9,"[300,500)","[3.25,3.5)",6.1,6.2,6.15,6181,3.86415896392,1599.5718752,209943,0.762107181362
9,"[300,500)","[3.25,3.5)",6.2,6.3,6.25,6200,3.92699081699,1578.81703547,216143,0.784613597505
9,"[300,500)","[3.25,3.5)",6.3,6.4,6.35,6263,3.98982267006,1569.74395053,222406,0.807348707878
9,"[300,500)","[3.25,3.5)",6.4,6.5,6.45,6188,4.05265452313,1526.90044628,228594,0.829811563216
9,"[300,500)","[3.25,3.5)",6.5,6.6,6.55,5690,4.1154863762,1382.58263541,234284,0.850466645128
9,"[300,500)","[3.25,3.5)",6.6,6.7,6.65,5505,4.17831822927,1317.51573191,239789,0.870450164624
9,"[300,500)","[3.25,3.5)",6.7,6.8,6.75,5221,4.24115008235,1231.03401168,245010,0.889402745057
9,"[300,500)","[3.25,3.5)",6.8,6.9,6.85,4740,4.30398193542,1101.3057376,249750,0.906609263205
9,"[300,500)","[3.25,3.5)",6.9,7,6.95,4136,4.36681378849,947.143661335,253886,0.921623220813
9,"[300,500)","[3.25,3.5)",7,7.1,7.05,3565,4.42964564156,804.804783153,257451,0.934564410096
9,"[300,500)","[3.25,3.5)",7.1,7.2,7.15,3002,4.49247749463,668.22816666,260453,0.94546187159
9,"[300,500)","[3.25,3.5)",7.2,7.3,7.25,2423,4.55530934771,531.906796016,262876,0.954257524222
9,"[300,500)","[3.25,3.5)",7.3,7.4,7.35,1950,4.61814120078,422.247808203,264826,0.961336155106
9,"[300,500)","[3.25,3.5)",7.4,7.5,7.45,1535,4.68097305385,327.923272008,266361,0.966908308135
9,"[300,500)","[3.25,3.5)",7.5,7.6,7.55,1116,4.74380490692,235.254194027,267477,0.97095946304
9,"[300,500)","[3.25,3.5)",7.6,7.7,7.65,1033,4.80663675999,214.911184593,268510,0.974709322375
9,"[300,500)","[3.25,3.5)",7.7,7.8,7.75,764,4.86946861306,156.895969706,269274,0.977482693655
9,"[300,500)","[3.25,3.5)",7.8,7.9,7.85,625,4.93230046614,126.715719022,269899,0.979751485605
9,"[300,500)","[3.25,3.5)",7.9,8,7.95,520,4.99513231921,104.101346425,270419,0.981639120507
9,"[300,500)","[3.25,3.5)",8,8.1,8.05,407,5.05796417228,80.4671575632,270826,0.983116557825
9,"[300,500)","[3.25,3.5)",8.1,8.2,8.15,369,5.12079602535,72.0591092036,271195,0.984456052592
9,"[300,500)","[3.25,3.5)",8.2,8.3,8.25,294,5.18362787842,56.7170342655,271489,0.985523292326
9,"[300,500)","[3.25,3.5)",8.3,8.4,8.35,258,5.24645973149,49.1760183446,271747,0.986459849643
9,"[300,500)","[3.25,3.5)",8.4,8.5,8.45,213,5.30929158457,40.1183466019,271960,0.987233053939
9,"[300,500)","[3.25,3.5)",8.5,8.6,8.55,176,5.37212343764,32.7617192797,272136,0.987871945752
9,"[300,500)","[3.25,3.5)",8.6,8.7,8.65,151,5.43495529071,27.7831172334,272287,0.988420085887
9,"[300,500)","[3.25,3.5)",8.7,8.8,8.75,142,5.49778714378,25.8285736218,272429,0.988935555418
9,"[300,500)","[3.25,3.5)",8.8,8.9,8.85,122,5.56061899685,21.9400034545,272551,0.989378423607
9,"[300,500)","[3.25,3.5)",8.9,9,8.95,116,5.62345084993,20.6279032387,272667,0.989799511393
9,"[300,500)","[3.25,3.5)",9,9.1,9.05,104,5.686282703,18.2896288194,272771,0.990177038373
9,"[300,500)","[3.25,3.5)",9.1,9.2,9.15,91,5.74911455607,15.8285243949,272862,0.990507374481
9,"[300,500)","[3.25,3.5)",9.2,9.3,9.25,85,5.81194640914,14.6250488247,272947,0.990815930187
9,"[300,500)","[3.25,3.5)",9.3,9.4,9.35,107,5.87477826221,18.2134533806,273054,0.991204347368
9,"[300,500)","[3.25,3.5)",9.4,9.5,9.45,89,5.93761011528,14.9891956986,273143,0.991527423342
9,"[300,500)","[3.25,3.5)",9.5,9.6,9.55,101,6.00044196836,16.8320934579,273244,0.991894060121
9,"[300,500)","[3.25,3.5)",9.6,9.7,9.65,110,6.06327382143,18.1420142385,273354,0.992293367504
9,"[300,500)","[3.25,3.5)",9.7,9.8,9.75,84,6.1261056745,13.7118104818,273438,0.992598293142
9,"[300,500)","[3.25,3.5)",9.8,9.9,9.85,94,6.18893752757,15.1883905083,273532,0.992939519452
9,"[300,500)","[3.25,3.5)",9.9,10,9.95,92,6.25176938064,14.7158339341,273624,0.993273485627
9,"[300,500)","[3.25,3.5)",10,10.1,10.05,94,6.31460123372,14.8861339807,273718,0.993614711936
9,"[300,500)","[3.25,3.5)",10.1,10.2,10.15,77,6.37743308679,12.073823269,273795,0.993894227104
9,"[300,500)","[3.25,3.5)",10.2,10.3,10.25,106,6.44026493986,16.4589502124,273901,0.994279014219
9,"[300,500)","[3.25,3.5)",10.3,10.4,10.35,87,6.50309679293,13.3782415932,273988,0.994594830058
9,"[300,500)","[3.25,3.5)",10.4,10.5,10.45,79,6.565928646,12.031809095,274067,0.994881605361
9,"[300,500)","[3.25,3.5)",10.5,10.6,10.55,90,6.62876049907,13.5771989367,274157,0.995208311402
9,"[300,500)","[3.25,3.5)",10.6,10.7,10.65,104,6.69159235215,15.5418911564,274261,0.995585838382
9,"[300,500)","[3.25,3.5)",10.7,10.8,10.75,78,6.75442420522,11.5479865685,274339,0.995868983618
9,"[300,500)","[3.25,3.5)",10.8,10.9,10.85,84,6.81725605829,12.3216730136,274423,0.996173909256
9,"[300,500)","[3.25,3.5)",10.9,11,10.95,89,6.88008791136,12.9358812193,274512,0.996496985229
9,"[300,500)","[3.25,3.5)",11,11.1,11.05,85,6.94291976443,12.2426879301,274597,0.996805540934
9,"[300,500)","[3.25,3.5)",11.1,11.2,11.15,84,7.00575161751,11.9901481791,274681,0.997110466573
9,"[300,500)","[3.25,3.5)",11.2,11.3,11.25,88,7.06858347058,12.4494533263,274769,0.997429912479
9,"[300,500)","[3.25,3.5)",11.3,11.4,11.35,108,7.13141532365,15.1442589021,274877,0.997821959728
9,"[300,500)","[3.25,3.5)",11.4,11.5,11.45,122,7.19424717672,16.9579939364,274999,0.998264827917
9,"[300,500)","[3.25,3.5)",11.5,11.6,11.55,77,7.25707902979,10.6103295395,275076,0.998544343085
9,"[300,500)","[3.25,3.5)",11.6,11.7,11.65,100,7.31991088286,13.6613685057,275176,0.998907349797
9,"[300,500)","[3.25,3.5)",11.7,11.8,11.75,100,7.38274273594,13.5451015397,275276,0.999270356509
9,"[300,500)","[3.25,3.5)",11.8,11.9,11.85,93,7.44557458901,12.4906411034,275369,0.999607952751
9,"[300,500)","[3.25,3.5)",11.9,12,11.95,108,7.50840644208,14.383877702,275477,1
10,"[500,800)","[3.25,3.5)",0,0.1,0.05,149,0.0314159265359,4742.81730414,149,0.00079131991099
10,"[500,800)","[3.25,3.5)",0.1,0.2,0.15,440,0.0942477796077,4668.54499736,589,0.00312810354076
10,"[500,800)","[3.25,3.5)",0.2,0.3,0.25,519,0.157079632679,3304.05661859,1108,0.00588444604951
10,"[500,800)","[3.25,3.5)",0.3,0.4,0.35,494,0.219911485751,2246.35833964,1602,0.00850801676111
10,"[500,800)","[3.25,3.5)",0.4,0.5,0.45,481,0.282743338823,1701.18950283,2083,0.0110625461382
10,"[500,800)","[3.25,3.5)",0.5,0.6,0.55,482,0.345575191895,1394.77604673,2565,0.0136223863872
10,"[500,800)","[3.25,3.5)",0.6,0.7,0.65,541,0.408407044967,1324.65883404,3106,0.0164955680774
10,"[500,800)","[3.25,3.5)",0.7,0.8,0.75,581,0.471238898038,1232.92029249,3687,0.0195811846431
10,"[500,800)","[3.25,3.5)",0.8,0.9,0.85,634,0.53407075111,1187.10863436,4321,0.0229482774187
10,"[500,800)","[3.25,3.5)",0.9,1,0.95,760,0.596902604182,1273.23954474,5081,0.0269845400519
10,"[500,800)","[3.25,3.5)",1,1.1,1.05,806,0.659734457254,1221.7036584,5887,0.0312651027919
10,"[500,800)","[3.25,3.5)",1.1,1.2,1.15,808,0.722566310326,1118.23646972,6695,0.0355562872757
10,"[500,800)","[3.25,3.5)",1.2,1.3,1.25,998,0.785398163397,1270.69306565,7693,0.0408565374177
10,"[500,800)","[3.25,3.5)",1.3,1.4,1.35,1062,0.848230016469,1252.01888566,8755,0.0464966833605
10,"[500,800)","[3.25,3.5)",1.4,1.5,1.45,1144,0.911061869541,1255.67761998,9899,0.0525723207979
10,"[500,800)","[3.25,3.5)",1.5,1.6,1.55,1152,0.973893722613,1182.8806093,11051,0.0586904452104
10,"[500,800)","[3.25,3.5)",1.6,1.7,1.65,1279,1.03672557568,1233.69195282,12330,0.0654830503524
10,"[500,800)","[3.25,3.5)",1.7,1.8,1.75,1313,1.09955742876,1194.1168016,13643,0.0724562251385
10,"[500,800)","[3.25,3.5)",1.8,1.9,1.85,1397,1.16238928183,1201.83489459,15040,0.079875513163
10,"[500,800)","[3.25,3.5)",1.9,2,1.95,1504,1.2252211349,1227.5335098,16544,0.0878630644793
10,"[500,800)","[3.25,3.5)",2,2.1,2.05,1525,1.28805298797,1183.95750349,18069,0.0959621441052
10,"[500,800)","[3.25,3.5)",2.1,2.2,2.15,1671,1.35088484104,1236.96702282,19740,0.104836611026
10,"[500,800)","[3.25,3.5)",2.2,2.3,2.25,1712,1.41371669412,1210.9922781,21452,0.113928823695
10,"[500,800)","[3.25,3.5)",2.3,2.4,2.35,1821,1.47654854719,1233.28149519,23273,0.123599921399
10,"[500,800)","[3.25,3.5)",2.4,2.5,2.45,1882,1.53938040026,1222.56980775,25155,0.133594982288
10,"[500,800)","[3.25,3.5)",2.5,2.6,2.55,1935,1.60221225333,1207.7051564,27090,0.143871519387
10,"[500,800)","[3.25,3.5)",2.6,2.7,2.65,2052,1.6650441064,1232.39978575,29142,0.154769428497
10,"[500,800)","[3.25,3.5)",2.7,2.8,2.75,2106,1.72787595947,1218.83749146,31248,0.165954124689
10,"[500,800)","[3.25,3.5)",2.8,2.9,2.85,2088,1.79070781255,1166.01937255,33336,0.177043225186
10,"[500,800)","[3.25,3.5)",2.9,3,2.95,2213,1.85353966562,1193.93182733,35549,0.18879618467
10,"[500,800)","[3.25,3.5)",3,3.1,3.05,2353,1.91637151869,1227.84124949,37902,0.201292666217
10,"[500,800)","[3.25,3.5)",3.1,3.2,3.15,2405,1.97920337176,1215.13535916,40307,0.214065313102
10,"[500,800)","[3.25,3.5)",3.2,3.3,3.25,2431,2.04203522483,1190.47897433,42738,0.226976042657
10,"[500,800)","[3.25,3.5)",3.3,3.4,3.35,2450,2.10486707791,1163.96898679,45188,0.239987678777
10,"[500,800)","[3.25,3.5)",3.4,3.5,3.45,2584,2.16769893098,1192.04745782,47772,0.25371097173
10,"[500,800)","[3.25,3.5)",3.5,3.6,3.55,2694,2.23053078405,1207.78427236,50466,0.268018460591
10,"[500,800)","[3.25,3.5)",3.6,3.7,3.65,2770,2.29336263712,1207.83340374,53236,0.282729575714
10,"[500,800)","[3.25,3.5)",3.7,3.8,3.75,2754,2.35619449019,1168.83390207,55990,0.297355716888
10,"[500,800)","[3.25,3.5)",3.8,3.9,3.85,2814,2.41902634326,1163.27794769,58804,0.312300510375
10,"[500,800)","[3.25,3.5)",3.9,4,3.95,2964,2.48185819634,1194.26645905,61768,0.328041934644
10,"[500,800)","[3.25,3.5)",4,4.1,4.05,3036,2.54469004941,1193.07261044,64804,0.34416574169
10,"[500,800)","[3.25,3.5)",4.1,4.2,4.15,3090,2.60752190248,1185.03319073,67894,0.360576335817
10,"[500,800)","[3.25,3.5)",4.2,4.3,4.25,3211,2.67035375555,1202.46240534,71105,0.377629545442
10,"[500,800)","[3.25,3.5)",4.3,4.4,4.35,3256,2.73318560862,1191.28389588,74361,0.394921744303
10,"[500,800)","[3.25,3.5)",4.4,4.5,4.45,3343,2.79601746169,1195.62915676,77704,0.412675989017
10,"[500,800)","[3.25,3.5)",4.5,4.6,4.55,3500,2.85884931477,1224.26879301,81204,0.431264040618
10,"[500,800)","[3.25,3.5)",4.6,4.7,4.65,3579,2.92168116784,1224.97965877,84783,0.450271651097
10,"[500,800)","[3.25,3.5)",4.7,4.8,4.75,3557,2.98451302091,1191.81922648,88340,0.469162422395
10,"[500,800)","[3.25,3.5)",4.8,4.9,4.85,3703,3.04734487398,1215.15619437,92043,0.488828580988
10,"[500,800)","[3.25,3.5)",4.9,5,4.95,3797,3.11017672705,1220.83094731,95840,0.508993961539
10,"[500,800)","[3.25,3.5)",5,5.1,5.05,3863,3.17300858013,1217.45652508,99703,0.529509859634
10,"[500,800)","[3.25,3.5)",5.1,5.2,5.15,3919,3.2358404332,1211.12276112,103622,0.550323166554
10,"[500,800)","[3.25,3.5)",5.2,5.3,5.25,3885,3.29867228627,1177.74657888,107507,0.570955903831
10,"[500,800)","[3.25,3.5)",5.3,5.4,5.35,4151,3.36150413934,1234.86386687,111658,0.593001333029
10,"[500,800)","[3.25,3.5)",5.4,5.5,5.45,4083,3.42433599241,1192.34794981,115741,0.614685622939
10,"[500,800)","[3.25,3.5)",5.5,5.6,5.55,4156,3.48716784548,1191.79809638,119897,0.636757606496
10,"[500,800)","[3.25,3.5)",5.6,5.7,5.65,4189,3.54999969856,1180.0001002,124086,0.659004848826
10,"[500,800)","[3.25,3.5)",5.7,5.8,5.75,4221,3.61283155163,1168.3356779,128307,0.681422039056
10,"[500,800)","[3.25,3.5)",5.8,5.9,5.85,4334,3.6756634047,1179.10687754,132641,0.704439357809
10,"[500,800)","[3.25,3.5)",5.9,6,5.95,4347,3.73849525777,1162.76729012,136988,0.727525717897
10,"[500,800)","[3.25,3.5)",6,6.1,6.05,4455,3.80132711084,1171.9591264,141443,0.751185652149
10,"[500,800)","[3.25,3.5)",6.1,6.2,6.15,4420,3.86415896392,1143.84528206,145863,0.774659705884
10,"[500,800)","[3.25,3.5)",6.2,6.3,6.25,4625,3.92699081699,1177.74657888,150488,0.799222488356
10,"[500,800)","[3.25,3.5)",6.3,6.4,6.35,4506,3.98982267006,1129.37350169,154994,0.823153277073
10,"[500,800)","[3.25,3.5)",6.4,6.5,6.45,4434,4.05265452313,1094.09770181,159428,0.846701683015
10,"[500,800)","[3.25,3.5)",6.5,6.6,6.55,4479,4.1154863762,1088.32822917,163907,0.870489078192
10,"[500,800)","[3.25,3.5)",6.6,6.7,6.65,4191,4.17831822927,1003.03513759,168098,0.892746942266
10,"[500,800)","[3.25,3.5)",6.7,6.8,6.75,3920,4.24115008235,924.277595437,172018,0.913565560058
10,"[500,800)","[3.25,3.5)",6.8,6.9,6.85,3367,4.30398193542,782.298822468,175385,0.931447265698
10,"[500,800)","[3.25,3.5)",6.9,7,6.95,2865,4.36681378849,656.084765408,178250,0.946662913651
10,"[500,800)","[3.25,3.5)",7,7.1,7.05,2404,4.42964564156,542.707068359,180654,0.959430249664
10,"[500,800)","[3.25,3.5)",7.1,7.2,7.15,1761,4.49247749463,391.988608091,182415,0.968782695055
10,"[500,800)","[3.25,3.5)",7.2,7.3,7.25,1206,4.55530934771,264.746015681,183621,0.975187606549
10,"[500,800)","[3.25,3.5)",7.3,7.4,7.35,805,4.61814120078,174.31255672,184426,0.979462858417
10,"[500,800)","[3.25,3.5)",7.4,7.5,7.45,535,4.68097305385,114.292475912,184961,0.982304174876
10,"[500,800)","[3.25,3.5)",7.5,7.6,7.55,366,4.74380490692,77.153257181,185327,0.984247953987
10,"[500,800)","[3.25,3.5)",7.6,7.7,7.65,245,4.80663675999,50.9711909249,185572,0.985549117599
10,"[500,800)","[3.25,3.5)",7.7,7.8,7.75,171,4.86946861306,35.1167680887,185743,0.986457276691
10,"[500,800)","[3.25,3.5)",7.8,7.9,7.85,149,4.93230046614,30.2090274149,185892,0.987248596602
10,"[500,800)","[3.25,3.5)",7.9,8,7.95,131,4.99513231921,26.2255315032,186023,0.987944320819
10,"[500,800)","[3.25,3.5)",8,8.1,8.05,96,5.05796417228,18.9799683687,186119,0.98845416452
10,"[500,800)","[3.25,3.5)",8.1,8.2,8.15,66,5.12079602535,12.8886211584,186185,0.988804682065
10,"[500,800)","[3.25,3.5)",8.2,8.3,8.25,52,5.18362787842,10.0315842919,186237,0.989080847403
10,"[500,800)","[3.25,3.5)",8.3,8.4,8.35,56,5.24645973149,10.6738644469,186293,0.989378256228
10,"[500,800)","[3.25,3.5)",8.4,8.5,8.45,56,5.30929158457,10.5475465244,186349,0.989675665054
10,"[500,800)","[3.25,3.5)",8.5,8.6,8.55,44,5.37212343764,8.19042981993,186393,0.989909343417
10,"[500,800)","[3.25,3.5)",8.6,8.7,8.65,56,5.43495529071,10.3036726164,186449,0.990206752243
10,"[500,800)","[3.25,3.5)",8.7,8.8,8.75,50,5.49778714378,9.09456817668,186499,0.990472295837
10,"[500,800)","[3.25,3.5)",8.8,8.9,8.85,55,5.56061899685,9.8909851639,186554,0.990764393791
10,"[500,800)","[3.25,3.5)",8.9,9,8.95,59,5.62345084993,10.4917783714,186613,0.991077735232
10,"[500,800)","[3.25,3.5)",9,9.1,9.05,44,5.686282703,7.73791988513,186657,0.991311413595
10,"[500,800)","[3.25,3.5)",9.1,9.2,9.15,48,5.74911455607,8.34911176876,186705,0.991566335445
10,"[500,800)","[3.25,3.5)",9.2,9.3,9.25,42,5.81194640914,7.22649471336,186747,0.991789392064
10,"[500,800)","[3.25,3.5)",9.3,9.4,9.35,46,5.87477826221,7.83008276174,186793,0.992033692171
10,"[500,800)","[3.25,3.5)",9.4,9.5,9.45,44,5.93761011528,7.4103888847,186837,0.992267370534
10,"[500,800)","[3.25,3.5)",9.5,9.6,9.55,45,6.00044196836,7.49944758025,186882,0.992506359769
10,"[500,800)","[3.25,3.5)",9.6,9.7,9.65,60,6.06327382143,9.89564413007,186942,0.992825012082
10,"[500,800)","[3.25,3.5)",9.7,9.8,9.75,54,6.1261056745,8.8147353097,186996,0.993111799164
10,"[500,800)","[3.25,3.5)",9.8,9.9,9.85,65,6.18893752757,10.5026104578,187061,0.993457005837
10,"[500,800)","[3.25,3.5)",9.9,10,9.95,47,6.25176938064,7.51787168374,187108,0.993706616815
10,"[500,800)","[3.25,3.5)",10,10.1,10.05,59,6.31460123372,9.34342451982,187167,0.994019958257
10,"[500,800)","[3.25,3.5)",10.1,10.2,10.15,55,6.37743308679,8.62415947789,187222,0.99431205621
10,"[500,800)","[3.25,3.5)",10.2,10.3,10.25,45,6.44026493986,6.98729018452,187267,0.994551045445
10,"[500,800)","[3.25,3.5)",10.3,10.4,10.35,53,6.50309679293,8.14996326944,187320,0.994832521655
10,"[500,800)","[3.25,3.5)",10.4,10.5,10.45,60,6.565928646,9.13808285695,187380,0.995151173968
10,"[500,800)","[3.25,3.5)",10.5,10.6,10.55,55,6.62876049907,8.29717712801,187435,0.995443271922
10,"[500,800)","[3.25,3.5)",10.6,10.7,10.65,65,6.69159235215,9.71368197274,187500,0.995788478595
10,"[500,800)","[3.25,3.5)",10.7,10.8,10.75,58,6.75442420522,8.58696437147,187558,0.996096509164
10,"[500,800)","[3.25,3.5)",10.8,10.9,10.85,65,6.81725605829,9.53462792716,187623,0.996441715836
10,"[500,800)","[3.25,3.5)",10.9,11,10.95,52,6.88008791136,7.55804295962,187675,0.996717881175
10,"[500,800)","[3.25,3.5)",11,11.1,11.05,68,6.94291976443,9.79415034412,187743,0.997079020463
10,"[500,800)","[3.25,3.5)",11.1,11.2,11.15,67,7.00575161751,9.56357057144,187810,0.997434848879
10,"[500,800)","[3.25,3.5)",11.2,11.3,11.25,63,7.06858347058,8.91267681315,187873,0.997769433808
10,"[500,800)","[3.25,3.5)",11.3,11.4,11.35,51,7.13141532365,7.15145559268,187924,0.998040288274
10,"[500,800)","[3.25,3.5)",11.4,11.5,11.45,56,7.19424717672,7.78399721672,187980,0.9983376971
10,"[500,800)","[3.25,3.5)",11.5,11.6,11.55,48,7.25707902979,6.61423140122,188028,0.99859261895
10,"[500,800)","[3.25,3.5)",11.6,11.7,11.65,76,7.31991088286,10.3826400644,188104,0.998996245214
10,"[500,800)","[3.25,3.5)",11.7,11.8,11.75,55,7.38274273594,7.44980584685,188159,0.999288343167
10,"[500,800)","[3.25,3.5)",11.8,11.9,11.85,63,7.44557458901,8.4614020378,188222,0.999622928096
10,"[500,800)","[3.25,3.5)",11.9,12,11.95,71,7.50840644208,9.45606774856,188293,1
11,"[500,800)","[3.5,3.75)",0,0.1,0.05,57,0.0314159265359,1814.36635125,57,0.000579545107928
11,"[500,800)","[3.5,3.75)",0.1,0.2,0.15,186,0.0942477796077,1973.52129434,243,0.00247069230222
11,"[500,800)","[3.5,3.75)",0.2,0.3,0.25,246,0.157079632679,1566.08464002,489,0.00497188697854
11,"[500,800)","[3.5,3.75)",0.3,0.4,0.35,251,0.219911485751,1141.36830617,740,0.00752391894502
11,"[500,800)","[3.5,3.75)",0.4,0.5,0.45,240,0.282743338823,848.826363157,980,0.00996410887314
11,"[500,800)","[3.5,3.75)",0.5,0.6,0.55,221,0.345575191895,639.513498606,1201,0.0122111170986
11,"[500,800)","[3.5,3.75)",0.6,0.7,0.65,266,0.408407044967,651.310997884,1467,0.0149156609356
11,"[500,800)","[3.5,3.75)",0.7,0.8,0.75,306,0.471238898038,649.352167815,1773,0.018026903094
11,"[500,800)","[3.5,3.75)",0.8,0.9,0.85,324,0.53407075111,606.661194844,2097,0.0213211594969
11,"[500,800)","[3.5,3.75)",0.9,1,0.95,352,0.596902604182,589.710947035,2449,0.0249001047248
11,"[500,800)","[3.5,3.75)",1,1.1,1.05,421,0.659734457254,638.13553373,2870,0.0291806045571
11,"[500,800)","[3.5,3.75)",1.1,1.2,1.15,492,0.722566310326,680.906365228,3362,0.0341829939097
11,"[500,800)","[3.5,3.75)",1.2,1.3,1.25,490,0.785398163397,623.88737692,3852,0.0391650483463
11,"[500,800)","[3.5,3.75)",1.3,1.4,1.35,556,0.848230016469,655.482580438,4408,0.0448181550131
11,"[500,800)","[3.5,3.75)",1.4,1.5,1.45,539,0.911061869541,591.617340183,4947,0.0502984148933
11,"[500,800)","[3.5,3.75)",1.5,1.6,1.55,612,0.973893722613,628.405323692,5559,0.05652089921
11,"[500,800)","[3.5,3.75)",1.6,1.7,1.65,678,1.03672557568,653.982129796,6237,0.0634144357569
11,"[500,800)","[3.5,3.75)",1.7,1.8,1.75,744,1.09955742876,676.635872345,6981,0.0709790245341
11,"[500,800)","[3.5,3.75)",1.8,1.9,1.85,730,1.16238928183,628.016802471,7711,0.0784012688988
11,"[500,800)","[3.5,3.75)",1.9,2,1.95,768,1.2252211349,626.825622023,8479,0.0862098766687
11,"[500,800)","[3.5,3.75)",2,2.1,2.05,821,1.28805298797,637.396137944,9300,0.0945573597145
11,"[500,800)","[3.5,3.75)",2.1,2.2,2.15,837,1.35088484104,619.593894734,10137,0.103067522089
11,"[500,800)","[3.5,3.75)",2.2,2.3,2.25,884,1.41371669412,625.302087525,11021,0.112055554991
11,"[500,800)","[3.5,3.75)",2.3,2.4,2.35,924,1.47654854719,625.783691136,11945,0.121450286214
11,"[500,800)","[3.5,3.75)",2.4,2.5,2.45,952,1.53938040026,618.430636014,12897,0.131129706262
11,"[500,800)","[3.5,3.75)",2.5,2.6,2.55,972,1.60221225333,606.661194844,13869,0.141012475471
11,"[500,800)","[3.5,3.75)",2.6,2.7,2.65,1030,1.6650441064,618.60223164,14899,0.151484957246
11,"[500,800)","[3.5,3.75)",2.7,2.8,2.75,1044,1.72787595947,604.210038502,15943,0.162099783433
11,"[500,800)","[3.5,3.75)",2.8,2.9,2.85,1137,1.79070781255,634.944457177,17080,0.173660183218
11,"[500,800)","[3.5,3.75)",2.9,3,2.95,1122,1.85353966562,605.328292031,18202,0.185068071132
11,"[500,800)","[3.5,3.75)",3,3.1,3.05,1162,1.91637151869,606.354242206,19364,0.196882657367
11,"[500,800)","[3.5,3.75)",3.1,3.2,3.15,1134,1.97920337176,572.957795131,20498,0.208412554777
11,"[500,800)","[3.5,3.75)",3.2,3.3,3.25,1283,2.04203522483,628.294744575,21781,0.221457403435
11,"[500,800)","[3.5,3.75)",3.3,3.4,3.35,1370,2.10486707791,650.872453838,23151,0.235386820941
11,"[500,800)","[3.5,3.75)",3.4,3.5,3.45,1410,2.16769893098,650.459332636,24561,0.249722936769
11,"[500,800)","[3.5,3.75)",3.5,3.6,3.55,1316,2.23053078405,589.994098898,25877,0.263103311541
11,"[500,800)","[3.5,3.75)",3.6,3.7,3.65,1440,2.29336263712,627.898953568,27317,0.27774445111
11,"[500,800)","[3.5,3.75)",3.7,3.8,3.75,1477,2.35619449019,626.858269191,28794,0.292761786626
11,"[500,800)","[3.5,3.75)",3.8,3.9,3.85,1445,2.41902634326,597.347773423,30239,0.307453763485
11,"[500,800)","[3.5,3.75)",3.9,4,3.95,1517,2.48185819634,611.235566254,31756,0.322877797322
11,"[500,800)","[3.5,3.75)",4,4.1,4.05,1560,2.54469004941,613.04126228,33316,0.338739031855
11,"[500,800)","[3.5,3.75)",4.1,4.2,4.15,1589,2.60752190248,609.390854393,34905,0.35489512267
11,"[500,800)","[3.5,3.75)",4.2,4.3,4.25,1615,2.67035375555,604.788783749,36520,0.371315567395
11,"[500,800)","[3.5,3.75)",4.3,4.4,4.35,1717,2.73318560862,628.204683422,38237,0.388773092839
11,"[500,800)","[3.5,3.75)",4.4,4.5,4.45,1718,2.79601746169,614.445375802,39955,0.406240785741
11,"[500,800)","[3.5,3.75)",4.5,4.6,4.55,1772,2.85884931477,619.829800349,41727,0.424257521377
11,"[500,800)","[3.5,3.75)",4.6,4.7,4.65,1794,2.92168116784,614.030038509,43521,0.44249794109
11,"[500,800)","[3.5,3.75)",4.7,4.8,4.75,1857,2.98451302091,622.21206173,45378,0.461378910659
11,"[500,800)","[3.5,3.75)",4.8,4.9,4.85,1944,3.04734487398,637.932390455,47322,0.481144449076
11,"[500,800)","[3.5,3.75)",4.9,5,4.95,2016,3.11017672705,648.19467732,49338,0.501642044472
11,"[500,800)","[3.5,3.75)",5,5.1,5.05,2017,3.17300858013,635.674297458,51355,0.522149807327
11,"[500,800)","[3.5,3.75)",5.1,5.2,5.15,2013,3.2358404332,622.094952318,53368,0.542616900349
11,"[500,800)","[3.5,3.75)",5.2,5.3,5.25,2082,3.29867228627,631.163031462,55450,0.563785547975
11,"[500,800)","[3.5,3.75)",5.3,5.4,5.35,2061,3.36150413934,613.118388247,57511,0.584740678983
11,"[500,800)","[3.5,3.75)",5.4,5.5,5.45,2099,3.42433599241,612.965551468,59610,0.606082173396
11,"[500,800)","[3.5,3.75)",5.5,5.6,5.55,2218,3.48716784548,636.046241041,61828,0.628633595315
11,"[500,800)","[3.5,3.75)",5.6,5.7,5.65,2192,3.54999969856,617.464841164,64020,0.650920663325
11,"[500,800)","[3.5,3.75)",5.7,5.8,5.75,2189,3.61283155163,605.895948571,66209,0.673177228961
11,"[500,800)","[3.5,3.75)",5.8,5.9,5.85,2254,3.6756634047,613.222635434,68463,0.696094679369
11,"[500,800)","[3.5,3.75)",5.9,6,5.95,2287,3.73849525777,611.743453531,70750,0.719347655893
11,"[500,800)","[3.5,3.75)",6,6.1,6.05,2391,3.80132711084,628.99085774,73141,0.743658048051
11,"[500,800)","[3.5,3.75)",6.1,6.2,6.15,2405,3.86415896392,622.386403473,75546,0.768110784623
11,"[500,800)","[3.5,3.75)",6.2,6.3,6.25,2383,3.92699081699,606.825967021,77929,0.792339837117
11,"[500,800)","[3.5,3.75)",6.3,6.4,6.35,2275,3.98982267006,570.200780369,80204,0.815470804144
11,"[500,800)","[3.5,3.75)",6.4,6.5,6.45,2250,4.05265452313,555.191661948,82454,0.83834758472
11,"[500,800)","[3.5,3.75)",6.5,6.6,6.55,2222,4.1154863762,539.911883283,84676,0.860939676471
11,"[500,800)","[3.5,3.75)",6.6,6.7,6.65,2168,4.17831822927,518.869047554,86844,0.882982725489
11,"[500,800)","[3.5,3.75)",6.7,6.8,6.75,1987,4.24115008235,468.504995442,88831,0.903185464602
11,"[500,800)","[3.5,3.75)",6.8,6.9,6.85,1750,4.30398193542,406.600219578,90581,0.920978516161
11,"[500,800)","[3.5,3.75)",6.9,7,6.95,1538,4.36681378849,352.201874065,92119,0.936616066617
11,"[500,800)","[3.5,3.75)",7,7.1,7.05,1294,4.42964564156,292.122689874,93413,0.949772757313
11,"[500,800)","[3.5,3.75)",7.1,7.2,7.15,983,4.49247749463,218.810222461,94396,0.95976736856
11,"[500,800)","[3.5,3.75)",7.2,7.3,7.25,769,4.55530934771,168.814001707,95165,0.967586143788
11,"[500,800)","[3.5,3.75)",7.3,7.4,7.35,552,4.61814120078,119.528610322,95717,0.973198580623
11,"[500,800)","[3.5,3.75)",7.4,7.5,7.45,387,4.68097305385,82.6751180893,96104,0.977133386882
11,"[500,800)","[3.5,3.75)",7.5,7.6,7.55,283,4.74380490692,59.6567535033,96387,0.980010777506
11,"[500,800)","[3.5,3.75)",7.6,7.7,7.65,207,4.80663675999,43.0654551896,96594,0.982115441319
11,"[500,800)","[3.5,3.75)",7.7,7.8,7.75,194,4.86946861306,39.8400760772,96788,0.984087928177
11,"[500,800)","[3.5,3.75)",7.8,7.9,7.85,105,4.93230046614,21.2882407957,96893,0.985155511271
11,"[500,800)","[3.5,3.75)",7.9,8,7.95,101,4.99513231921,20.2196845941,96994,0.986182424532
11,"[500,800)","[3.5,3.75)",8,8.1,8.05,83,5.05796417228,16.4097643188,97077,0.987026323549
11,"[500,800)","[3.5,3.75)",8.1,8.2,8.15,65,5.12079602535,12.6933390196,97142,0.987687208321
11,"[500,800)","[3.5,3.75)",8.2,8.3,8.25,57,5.18362787842,10.9961597045,97199,0.988266753429
11,"[500,800)","[3.5,3.75)",8.3,8.4,8.35,40,5.24645973149,7.62418889063,97239,0.98867345175
11,"[500,800)","[3.5,3.75)",8.4,8.5,8.45,47,5.30929158457,8.85240511872,97286,0.989151322278
11,"[500,800)","[3.5,3.75)",8.5,8.6,8.55,36,5.37212343764,6.70126076176,97322,0.989517350767
11,"[500,800)","[3.5,3.75)",8.6,8.7,8.65,33,5.43495529071,6.07180707749,97355,0.989852876882
11,"[500,800)","[3.5,3.75)",8.7,8.8,8.75,30,5.49778714378,5.45674090601,97385,0.990157900623
11,"[500,800)","[3.5,3.75)",8.8,8.9,8.85,27,5.56061899685,4.85557453501,97412,0.99043242199
11,"[500,800)","[3.5,3.75)",8.9,9,8.95,34,5.62345084993,6.04610956997,97446,0.990778115563
11,"[500,800)","[3.5,3.75)",9,9.1,9.05,29,5.686282703,5.09999265156,97475,0.991072971846
11,"[500,800)","[3.5,3.75)",9.1,9.2,9.15,25,5.74911455607,4.34849571289,97500,0.991327158297
11,"[500,800)","[3.5,3.75)",9.2,9.3,9.25,33,5.81194640914,5.67796013193,97533,0.991662684412
11,"[500,800)","[3.5,3.75)",9.3,9.4,9.35,22,5.87477826221,3.7448221904,97555,0.991886368489
11,"[500,800)","[3.5,3.75)",9.4,9.5,9.45,28,5.93761011528,4.71570201754,97583,0.992171057314
11,"[500,800)","[3.5,3.75)",9.5,9.6,9.55,27,6.00044196836,4.49966854815,97610,0.992445578681
11,"[500,800)","[3.5,3.75)",9.6,9.7,9.65,20,6.06327382143,3.29854804336,97630,0.992648927842
11,"[500,800)","[3.5,3.75)",9.7,9.8,9.75,38,6.1261056745,6.20296188461,97668,0.993035291247
11,"[500,800)","[3.5,3.75)",9.8,9.9,9.85,19,6.18893752757,3.06999382614,97687,0.993228472949
11,"[500,800)","[3.5,3.75)",9.9,10,9.95,34,6.25176938064,5.43846036696,97721,0.993574166523
11,"[500,800)","[3.5,3.75)",10,10.1,10.05,31,6.31460123372,4.90925695109,97752,0.993889357722
11,"[500,800)","[3.5,3.75)",10.1,10.2,10.15,23,6.37743308679,3.60646669075,97775,0.994123209256
11,"[500,800)","[3.5,3.75)",10.2,10.3,10.25,40,6.44026493986,6.21092460846,97815,0.994529907578
11,"[500,800)","[3.5,3.75)",10.3,10.4,10.35,31,6.50309679293,4.76695964816,97846,0.994845098777
11,"[500,800)","[3.5,3.75)",10.4,10.5,10.45,27,6.565928646,4.11213728563,97873,0.995119620144
11,"[500,800)","[3.5,3.75)",10.5,10.6,10.55,23,6.62876049907,3.46972861717,97896,0.995353471679
11,"[500,800)","[3.5,3.75)",10.6,10.7,10.65,30,6.69159235215,4.48323783357,97926,0.99565849542
11,"[500,800)","[3.5,3.75)",10.7,10.8,10.75,29,6.75442420522,4.29348218573,97955,0.995953351703
11,"[500,800)","[3.5,3.75)",10.8,10.9,10.85,31,6.81725605829,4.54728408834,97986,0.996268542902
11,"[500,800)","[3.5,3.75)",10.9,11,10.95,30,6.88008791136,4.36040939978,98016,0.996573566643
11,"[500,800)","[3.5,3.75)",11,11.1,11.05,27,6.94291976443,3.88885381311,98043,0.99684808801
11,"[500,800)","[3.5,3.75)",11.1,11.2,11.15,32,7.00575161751,4.56767549681,98075,0.997173446667
11,"[500,800)","[3.5,3.75)",11.2,11.3,11.25,28,7.06858347058,3.96118969473,98103,0.997458135492
11,"[500,800)","[3.5,3.75)",11.3,11.4,11.35,35,7.13141532365,4.90786168125,98138,0.997813996523
11,"[500,800)","[3.5,3.75)",11.4,11.5,11.45,32,7.19424717672,4.44799840956,98170,0.99813935518
11,"[500,800)","[3.5,3.75)",11.5,11.6,11.55,46,7.25707902979,6.33863842617,98216,0.998607058249
11,"[500,800)","[3.5,3.75)",11.6,11.7,11.65,45,7.31991088286,6.14761582758,98261,0.999064593861
11,"[500,800)","[3.5,3.75)",11.7,11.8,11.75,25,7.38274273594,3.38627538493,98286,0.999318780312
11,"[500,800)","[3.5,3.75)",11.8,11.9,11.85,36,7.44557458901,4.83508687874,98322,0.999684808801
11,"[500,800)","[3.5,3.75)",11.9,12,11.95,31,7.50840644208,4.12870563669,98353,1
12,"[500,800)","[3.75,4.0)",0,0.1,0.05,18,0.0314159265359,572.957795131,18,0.000667235052081
12,"[500,800)","[3.75,4.0)",0.1,0.2,0.15,34,0.0942477796077,360.751204342,52,0.00192756792824
12,"[500,800)","[3.75,4.0)",0.2,0.3,0.25,51,0.157079632679,324.676083907,103,0.00381806724247
12,"[500,800)","[3.75,4.0)",0.3,0.4,0.35,62,0.219911485751,281.931613477,165,0.00611632131075
12,"[500,800)","[3.75,4.0)",0.4,0.5,0.45,53,0.282743338823,187.449155197,218,0.00808095785299
12,"[500,800)","[3.75,4.0)",0.5,0.6,0.55,59,0.345575191895,170.729848044,277,0.0102680060793
12,"[500,800)","[3.75,4.0)",0.6,0.7,0.65,85,0.408407044967,208.125694812,362,0.0134188382696
12,"[500,800)","[3.75,4.0)",0.7,0.8,0.75,91,0.471238898038,193.107997618,453,0.016792082144
12,"[500,800)","[3.75,4.0)",0.8,0.9,0.85,96,0.53407075111,179.751465139,549,0.0203506690885
12,"[500,800)","[3.75,4.0)",0.9,1,0.95,105,0.596902604182,175.908094996,654,0.024242873559
12,"[500,800)","[3.75,4.0)",1,1.1,1.05,105,0.659734457254,159.154943092,759,0.0281350780294
12,"[500,800)","[3.75,4.0)",1.1,1.2,1.15,130,0.722566310326,179.914283495,889,0.03295399785
12,"[500,800)","[3.75,4.0)",1.2,1.3,1.25,115,0.785398163397,146.422547645,1004,0.0372168884605
12,"[500,800)","[3.75,4.0)",1.3,1.4,1.35,145,0.848230016469,170.944198136,1149,0.0425918374912
12,"[500,800)","[3.75,4.0)",1.4,1.5,1.45,163,0.911061869541,178.912108441,1312,0.0486340215739
12,"[500,800)","[3.75,4.0)",1.5,1.6,1.55,177,0.973893722613,181.74467695,1489,0.0551951662527
12,"[500,800)","[3.75,4.0)",1.6,1.7,1.65,151,1.03672557568,145.650887314,1640,0.0607925269674
12,"[500,800)","[3.75,4.0)",1.7,1.8,1.75,194,1.09955742876,176.434622628,1834,0.0679838380843
12,"[500,800)","[3.75,4.0)",1.8,1.9,1.85,180,1.16238928183,154.853458143,2014,0.0746561886051
12,"[500,800)","[3.75,4.0)",1.9,2,1.95,206,1.2252211349,168.132914241,2220,0.08229232309
12,"[500,800)","[3.75,4.0)",2,2.1,2.05,236,1.28805298797,183.22227595,2456,0.0910405159951
12,"[500,800)","[3.75,4.0)",2.1,2.2,2.15,223,1.35088484104,165.076987486,2679,0.0993068169181
12,"[500,800)","[3.75,4.0)",2.2,2.3,2.25,261,1.41371669412,184.619733987,2940,0.108981725173
12,"[500,800)","[3.75,4.0)",2.3,2.4,2.35,269,1.47654854719,182.181615709,3209,0.118953182341
12,"[500,800)","[3.75,4.0)",2.4,2.5,2.45,292,1.53938040026,189.686707685,3501,0.12977721763
12,"[500,800)","[3.75,4.0)",2.5,2.6,2.55,282,1.60221225333,176.006642949,3783,0.140230566779
12,"[500,800)","[3.75,4.0)",2.6,2.7,2.65,261,1.6650441064,156.752604328,4044,0.149905475034
12,"[500,800)","[3.75,4.0)",2.7,2.8,2.75,310,1.72787595947,179.411026758,4354,0.161396745376
12,"[500,800)","[3.75,4.0)",2.8,2.9,2.85,313,1.79070781255,174.791218203,4667,0.172999221559
12,"[500,800)","[3.75,4.0)",2.9,3,2.95,311,1.85353966562,167.787075599,4978,0.184527560515
12,"[500,800)","[3.75,4.0)",3,3.1,3.05,348,1.91637151869,181.59318097,5326,0.197427438188
12,"[500,800)","[3.75,4.0)",3.1,3.2,3.15,361,1.97920337176,182.396617321,5687,0.210809207844
12,"[500,800)","[3.75,4.0)",3.2,3.3,3.25,342,2.04203522483,167.479970884,6029,0.223486673833
12,"[500,800)","[3.75,4.0)",3.3,3.4,3.35,346,2.10486707791,164.380926298,6375,0.236312414279
12,"[500,800)","[3.75,4.0)",3.4,3.5,3.45,350,2.16769893098,161.46153647,6725,0.24928642918
12,"[500,800)","[3.75,4.0)",3.5,3.6,3.55,395,2.23053078405,177.087894426,7120,0.263928531712
12,"[500,800)","[3.75,4.0)",3.6,3.7,3.65,398,2.29336263712,173.544294111,7518,0.278681840086
12,"[500,800)","[3.75,4.0)",3.7,3.8,3.75,373,2.35619449019,158.306116729,7891,0.29250843311
12,"[500,800)","[3.75,4.0)",3.8,3.9,3.85,440,2.41902634326,181.891363534,8331,0.308818623272
12,"[500,800)","[3.75,4.0)",3.9,4,3.95,456,2.48185819634,183.733301392,8787,0.325721911258
12,"[500,800)","[3.75,4.0)",4,4.1,4.05,412,2.54469004941,161.905769269,9199,0.340994180228
12,"[500,800)","[3.75,4.0)",4.1,4.2,4.15,432,2.60752190248,165.67454317,9631,0.357007821478
12,"[500,800)","[3.75,4.0)",4.2,4.3,4.25,374,2.67035375555,140.056349921,10005,0.370871483115
12,"[500,800)","[3.75,4.0)",4.3,4.4,4.35,448,2.73318560862,163.911297713,10453,0.387478222189
12,"[500,800)","[3.75,4.0)",4.4,4.5,4.45,474,2.79601746169,169.52683826,10927,0.405048745227
12,"[500,800)","[3.75,4.0)",4.5,4.6,4.55,460,2.85884931477,160.90389851,11387,0.422100307669
12,"[500,800)","[3.75,4.0)",4.6,4.7,4.65,513,2.92168116784,175.583840443,11900,0.441116506654
12,"[500,800)","[3.75,4.0)",4.7,4.8,4.75,527,2.98451302091,176.578221072,12427,0.460651666234
12,"[500,800)","[3.75,4.0)",4.8,4.9,4.85,539,3.04734487398,176.875287271,12966,0.480631649183
12,"[500,800)","[3.75,4.0)",4.9,5,4.95,472,3.11017672705,151.759864928,13438,0.498128034993
12,"[500,800)","[3.75,4.0)",5,5.1,5.05,550,3.17300858013,173.337066734,13988,0.518515772695
12,"[500,800)","[3.75,4.0)",5.1,5.2,5.15,528,3.2358404332,163.17244651,14516,0.53808800089
12,"[500,800)","[3.75,4.0)",5.2,5.3,5.25,541,3.29867228627,164.005379453,15057,0.558142121066
12,"[500,800)","[3.75,4.0)",5.3,5.4,5.35,577,3.36150413934,171.649349839,15634,0.579530711347
12,"[500,800)","[3.75,4.0)",5.4,5.5,5.45,605,3.42433599241,176.676588203,16239,0.601957222819
12,"[500,800)","[3.75,4.0)",5.5,5.6,5.55,604,3.48716784548,173.20646059,16843,0.624346665678
12,"[500,800)","[3.75,4.0)",5.6,5.7,5.65,604,3.54999969856,170.140859518,17447,0.646736108537
12,"[500,800)","[3.75,4.0)",5.7,5.8,5.75,591,3.61283155163,163.583602378,18038,0.668643659414
12,"[500,800)","[3.75,4.0)",5.8,5.9,5.85,585,3.6756634047,159.154943092,18623,0.690328798606
12,"[500,800)","[3.75,4.0)",5.9,6,5.95,605,3.73849525777,161.829816085,19228,0.712755310079
12,"[500,800)","[3.75,4.0)",6,6.1,6.05,632,3.80132711084,166.257725676,19860,0.73618267413
12,"[500,800)","[3.75,4.0)",6.1,6.2,6.15,632,3.86415896392,163.554348023,20492,0.759610038181
12,"[500,800)","[3.75,4.0)",6.2,6.3,6.25,596,3.92699081699,151.770153732,21088,0.781702932127
12,"[500,800)","[3.75,4.0)",6.3,6.4,6.35,646,3.98982267006,161.911957854,21734,0.805649256774
12,"[500,800)","[3.75,4.0)",6.4,6.5,6.45,568,4.05265452313,140.155050661,22302,0.826704229529
12,"[500,800)","[3.75,4.0)",6.5,6.6,6.55,639,4.1154863762,155.267188757,22941,0.850391073878
12,"[500,800)","[3.75,4.0)",6.6,6.7,6.65,586,4.17831822927,140.247814514,23527,0.872113281684
12,"[500,800)","[3.75,4.0)",6.7,6.8,6.75,501,4.24115008235,118.128335539,24028,0.890684657301
12,"[500,800)","[3.75,4.0)",6.8,6.9,6.85,475,4.30398193542,110.362916743,24503,0.908292248953
12,"[500,800)","[3.75,4.0)",6.9,7,6.95,434,4.36681378849,99.3859644631,24937,0.924380027431
12,"[500,800)","[3.75,4.0)",7,7.1,7.05,378,4.42964564156,85.3341397003,25315,0.938391963524
12,"[500,800)","[3.75,4.0)",7.1,7.2,7.15,268,4.49247749463,59.6552793687,25583,0.948326352078
12,"[500,800)","[3.75,4.0)",7.2,7.3,7.25,232,4.55530934771,50.9295817894,25815,0.956926270527
12,"[500,800)","[3.75,4.0)",7.3,7.4,7.35,172,4.61814120078,37.2444220569,25987,0.963302072136
12,"[500,800)","[3.75,4.0)",7.4,7.5,7.45,121,4.68097305385,25.8493263277,26108,0.96778737443
12,"[500,800)","[3.75,4.0)",7.5,7.6,7.55,130,4.74380490692,27.4041623867,26238,0.972606294251
12,"[500,800)","[3.75,4.0)",7.6,7.7,7.65,94,4.80663675999,19.556293661,26332,0.976090743967
12,"[500,800)","[3.75,4.0)",7.7,7.8,7.75,63,4.86946861306,12.9377566642,26395,0.978426066649
12,"[500,800)","[3.75,4.0)",7.8,7.9,7.85,46,4.93230046614,9.32627692003,26441,0.980131222894
12,"[500,800)","[3.75,4.0)",7.9,8,7.95,40,4.99513231921,8.00779587884,26481,0.981613967454
12,"[500,800)","[3.75,4.0)",8,8.1,8.05,40,5.05796417228,7.90832015363,26521,0.983096712014
12,"[500,800)","[3.75,4.0)",8.1,8.2,8.15,29,5.12079602535,5.66318202413,26550,0.98417170182
12,"[500,800)","[3.75,4.0)",8.2,8.3,8.25,36,5.18362787842,6.94494297128,26586,0.985506171924
12,"[500,800)","[3.75,4.0)",8.3,8.4,8.35,18,5.24645973149,3.43088500078,26604,0.986173406976
12,"[500,800)","[3.75,4.0)",8.4,8.5,8.45,25,5.30929158457,4.70872612698,26629,0.987100122326
12,"[500,800)","[3.75,4.0)",8.5,8.6,8.55,13,5.37212343764,2.41989971953,26642,0.987582014308
12,"[500,800)","[3.75,4.0)",8.6,8.7,8.65,16,5.43495529071,2.94390646182,26658,0.988175112133
12,"[500,800)","[3.75,4.0)",8.7,8.8,8.75,8,5.49778714378,1.45513090827,26666,0.988471661045
12,"[500,800)","[3.75,4.0)",8.8,8.9,8.85,11,5.56061899685,1.97819703278,26677,0.988879415799
12,"[500,800)","[3.75,4.0)",8.9,9,8.95,10,5.62345084993,1.77826752058,26687,0.989250101939
12,"[500,800)","[3.75,4.0)",9,9.1,9.05,8,5.686282703,1.40689452457,26695,0.989546650851
12,"[500,800)","[3.75,4.0)",9.1,9.2,9.15,10,5.74911455607,1.73939828516,26705,0.989917336991
12,"[500,800)","[3.75,4.0)",9.2,9.3,9.25,9,5.81194640914,1.54853458143,26714,0.990250954517
12,"[500,800)","[3.75,4.0)",9.3,9.4,9.35,13,5.87477826221,2.21284947614,26727,0.990732846499
12,"[500,800)","[3.75,4.0)",9.4,9.5,9.45,10,5.93761011528,1.68417929198,26737,0.991103532639
12,"[500,800)","[3.75,4.0)",9.5,9.6,9.55,10,6.00044196836,1.66654390672,26747,0.991474218779
12,"[500,800)","[3.75,4.0)",9.6,9.7,9.65,9,6.06327382143,1.48434661951,26756,0.991807836305
12,"[500,800)","[3.75,4.0)",9.7,9.8,9.75,10,6.1261056745,1.63235839069,26766,0.992178522445
12,"[500,800)","[3.75,4.0)",9.8,9.9,9.85,10,6.18893752757,1.61578622428,26776,0.992549208585
12,"[500,800)","[3.75,4.0)",9.9,10,9.95,10,6.25176938064,1.59954716675,26786,0.992919894725
12,"[500,800)","[3.75,4.0)",10,10.1,10.05,12,6.31460123372,1.90035752946,26798,0.993364718093
12,"[500,800)","[3.75,4.0)",10.1,10.2,10.15,12,6.37743308679,1.88163479518,26810,0.993809541461
12,"[500,800)","[3.75,4.0)",10.2,10.3,10.25,9,6.44026493986,1.3974580369,26819,0.994143158987
12,"[500,800)","[3.75,4.0)",10.3,10.4,10.35,6,6.50309679293,0.922637351257,26825,0.994365570671
12,"[500,800)","[3.75,4.0)",10.4,10.5,10.45,10,6.565928646,1.52301380949,26835,0.994736256811
12,"[500,800)","[3.75,4.0)",10.5,10.6,10.55,11,6.62876049907,1.6594354256,26846,0.995144011565
12,"[500,800)","[3.75,4.0)",10.6,10.7,10.65,13,6.69159235215,1.94273639455,26859,0.995625903547
12,"[500,800)","[3.75,4.0)",10.7,10.8,10.75,9,6.75442420522,1.33245998868,26868,0.995959521074
12,"[500,800)","[3.75,4.0)",10.8,10.9,10.85,7,6.81725605829,1.02680608446,26875,0.996219001372
12,"[500,800)","[3.75,4.0)",10.9,11,10.95,7,6.88008791136,1.01742885995,26882,0.99647848167
12,"[500,800)","[3.75,4.0)",11,11.1,11.05,8,6.94291976443,1.15225298166,26890,0.996775030582
12,"[500,800)","[3.75,4.0)",11.1,11.2,11.15,6,7.00575161751,0.856439155651,26896,0.996997442266
12,"[500,800)","[3.75,4.0)",11.2,11.3,11.25,10,7.06858347058,1.41471060526,26906,0.997368128406
12,"[500,800)","[3.75,4.0)",11.3,11.4,11.35,12,7.13141532365,1.68269543357,26918,0.997812951774
12,"[500,800)","[3.75,4.0)",11.4,11.5,11.45,9,7.19424717672,1.25099955269,26927,0.9981465693
12,"[500,800)","[3.75,4.0)",11.5,11.6,11.55,13,7.25707902979,1.79135433783,26940,0.998628461282
12,"[500,800)","[3.75,4.0)",11.6,11.7,11.65,8,7.31991088286,1.09290948046,26948,0.998925010194
12,"[500,800)","[3.75,4.0)",11.7,11.8,11.75,8,7.38274273594,1.08360812318,26956,0.999221559106
12,"[500,800)","[3.75,4.0)",11.8,11.9,11.85,6,7.44557458901,0.805847813124,26962,0.99944397079
12,"[500,800)","[3.75,4.0)",11.9,12,11.95,15,7.50840644208,1.99776079195,26977,1
13,"[800,1100)","[3.5,3.75)",0,0.1,0.05,59,0.0314159265359,1878.02832848,59,0.00122295000415
13,"[800,1100)","[3.5,3.75)",0.1,0.2,0.15,134,0.0942477796077,1421.78415829,193,0.00400049747119
13,"[800,1100)","[3.5,3.75)",0.2,0.3,0.25,142,0.157079632679,904.000076762,335,0.00694386866761
13,"[800,1100)","[3.5,3.75)",0.3,0.4,0.35,128,0.219911485751,582.052363308,463,0.00959704833762
13,"[800,1100)","[3.5,3.75)",0.4,0.5,0.45,89,0.282743338823,314.773109671,552,0.0114418373269
13,"[800,1100)","[3.5,3.75)",0.5,0.6,0.55,119,0.345575191895,344.353422326,671,0.0139084653014
13,"[800,1100)","[3.5,3.75)",0.6,0.7,0.65,136,0.408407044967,333.0011117,807,0.0167274687008
13,"[800,1100)","[3.5,3.75)",0.7,0.8,0.75,148,0.471238898038,314.065754368,955,0.0197952076942
13,"[800,1100)","[3.5,3.75)",0.8,0.9,0.85,149,0.53407075111,278.989253185,1104,0.0228836746538
13,"[800,1100)","[3.5,3.75)",0.9,1,0.95,201,0.596902604182,336.738353279,1305,0.0270499958544
13,"[800,1100)","[3.5,3.75)",1,1.1,1.05,219,0.659734457254,331.951738449,1524,0.0315894204461
13,"[800,1100)","[3.5,3.75)",1.1,1.2,1.15,231,0.722566310326,319.693842211,1755,0.0363775806318
13,"[800,1100)","[3.5,3.75)",1.2,1.3,1.25,255,0.785398163397,324.676083907,2010,0.0416632120056
13,"[800,1100)","[3.5,3.75)",1.3,1.4,1.35,293,0.848230016469,345.425172785,2303,0.047736506094
13,"[800,1100)","[3.5,3.75)",1.4,1.5,1.45,274,0.911061869541,300.747961429,2577,0.0534159688251
13,"[800,1100)","[3.5,3.75)",1.5,1.6,1.55,304,0.973893722613,312.149049677,2881,0.0597172705414
13,"[800,1100)","[3.5,3.75)",1.6,1.7,1.65,324,1.03672557568,312.522433708,3205,0.0664331315811
13,"[800,1100)","[3.5,3.75)",1.7,1.8,1.75,341,1.09955742876,310.124774825,3546,0.0735013680458
13,"[800,1100)","[3.5,3.75)",1.8,1.9,1.85,353,1.16238928183,303.684837359,3899,0.0808183401045
13,"[800,1100)","[3.5,3.75)",1.9,2,1.95,383,1.2252211349,312.596631816,4282,0.0887571511483
13,"[800,1100)","[3.5,3.75)",2,2.1,2.05,431,1.28805298797,334.613563281,4713,0.0976909045684
13,"[800,1100)","[3.5,3.75)",2.1,2.2,2.15,440,1.35088484104,325.712441676,5153,0.106811209684
13,"[800,1100)","[3.5,3.75)",2.2,2.3,2.25,423,1.41371669412,299.211293013,5576,0.115579139375
13,"[800,1100)","[3.5,3.75)",2.3,2.4,2.35,453,1.47654854719,306.796549875,6029,0.124968908051
13,"[800,1100)","[3.5,3.75)",2.4,2.5,2.45,444,1.53938040026,288.427733603,6473,0.134172125031
13,"[800,1100)","[3.5,3.75)",2.5,2.6,2.55,490,1.60221225333,305.827145549,6963,0.144328828455
13,"[800,1100)","[3.5,3.75)",2.6,2.7,2.65,518,1.6650441064,311.102869893,7481,0.155065914932
13,"[800,1100)","[3.5,3.75)",2.7,2.8,2.75,534,1.72787595947,309.049962222,8015,0.166134648868
13,"[800,1100)","[3.5,3.75)",2.8,2.9,2.85,542,1.79070781255,302.673611073,8557,0.177369206533
13,"[800,1100)","[3.5,3.75)",2.9,3,2.95,565,1.85353966562,304.822179142,9122,0.189080507421
13,"[800,1100)","[3.5,3.75)",3,3.1,3.05,568,1.91637151869,296.393467791,9690,0.200853992206
13,"[800,1100)","[3.5,3.75)",3.1,3.2,3.15,637,1.97920337176,321.846662697,10327,0.214057706658
13,"[800,1100)","[3.5,3.75)",3.2,3.3,3.25,629,2.04203522483,308.026028322,10956,0.22709559738
13,"[800,1100)","[3.5,3.75)",3.3,3.4,3.35,683,2.10486707791,324.486048155,11639,0.241252798275
13,"[800,1100)","[3.5,3.75)",3.4,3.5,3.45,742,2.16769893098,342.298457316,12381,0.256632949175
13,"[800,1100)","[3.5,3.75)",3.5,3.6,3.55,678,2.23053078405,303.963525116,13059,0.27068651024
13,"[800,1100)","[3.5,3.75)",3.6,3.7,3.65,670,2.29336263712,292.147429785,13729,0.284574247575
13,"[800,1100)","[3.5,3.75)",3.7,3.8,3.75,703,2.35619449019,298.36246665,14432,0.299146007794
13,"[800,1100)","[3.5,3.75)",3.8,3.9,3.85,753,2.41902634326,311.28226532,15185,0.314754166321
13,"[800,1100)","[3.5,3.75)",3.9,4,3.95,783,2.48185819634,315.489418838,15968,0.330984163834
13,"[800,1100)","[3.5,3.75)",4,4.1,4.05,829,2.54469004941,325.776414378,16797,0.34816764779
13,"[800,1100)","[3.5,3.75)",4.1,4.2,4.15,818,2.60752190248,313.70781554,17615,0.365123124119
13,"[800,1100)","[3.5,3.75)",4.2,4.3,4.25,780,2.67035375555,292.096130851,18395,0.381290937733
13,"[800,1100)","[3.5,3.75)",4.3,4.4,4.35,818,2.73318560862,299.284467699,19213,0.398246414062
13,"[800,1100)","[3.5,3.75)",4.4,4.5,4.45,894,2.79601746169,319.740492414,20107,0.41677721582
13,"[800,1100)","[3.5,3.75)",4.5,4.6,4.55,888,2.85884931477,310.614482342,20995,0.43518364978
13,"[800,1100)","[3.5,3.75)",4.6,4.7,4.65,893,2.92168116784,305.645944475,21888,0.453693723572
13,"[800,1100)","[3.5,3.75)",4.7,4.8,4.75,899,2.98451302091,301.221671241,22787,0.47232816516
13,"[800,1100)","[3.5,3.75)",4.8,4.9,4.85,951,3.04734487398,312.074950269,23738,0.49204046099
13,"[800,1100)","[3.5,3.75)",4.9,5,4.95,913,3.11017672705,293.552450592,24651,0.510965094105
13,"[800,1100)","[3.5,3.75)",5,5.1,5.05,955,3.17300858013,300.97617951,25606,0.530760301799
13,"[800,1100)","[3.5,3.75)",5.1,5.2,5.15,966,3.2358404332,298.531407819,26572,0.550783517121
13,"[800,1100)","[3.5,3.75)",5.2,5.3,5.25,1009,3.29867228627,305.880643009,27581,0.571698034989
13,"[800,1100)","[3.5,3.75)",5.3,5.4,5.35,1023,3.36150413934,304.328050062,28604,0.592902744383
13,"[800,1100)","[3.5,3.75)",5.4,5.5,5.45,1010,3.42433599241,294.947692702,29614,0.613837990216
13,"[800,1100)","[3.5,3.75)",5.5,5.6,5.55,1059,3.48716784548,303.684837359,30673,0.635788906393
13,"[800,1100)","[3.5,3.75)",5.6,5.7,5.65,1096,3.54999969856,308.732420582,31769,0.658506757317
13,"[800,1100)","[3.5,3.75)",5.7,5.8,5.75,1132,3.61283155163,313.327644487,32901,0.681970815024
13,"[800,1100)","[3.5,3.75)",5.8,5.9,5.85,1167,3.6756634047,317.493706988,34068,0.706160351546
13,"[800,1100)","[3.5,3.75)",5.9,6,5.95,1116,3.73849525777,298.515826035,35184,0.729292761794
13,"[800,1100)","[3.5,3.75)",6,6.1,6.05,1115,3.80132711084,293.318614128,36299,0.752404444076
13,"[800,1100)","[3.5,3.75)",6.1,6.2,6.15,1120,3.86415896392,289.843148395,37419,0.775619766189
13,"[800,1100)","[3.5,3.75)",6.2,6.3,6.25,1140,3.92699081699,290.2986162,38559,0.799249647625
13,"[800,1100)","[3.5,3.75)",6.3,6.4,6.35,1141,3.98982267006,285.977622154,39700,0.822900257027
13,"[800,1100)","[3.5,3.75)",6.4,6.5,6.45,1174,4.05265452313,289.686671612,40874,0.847234889313
13,"[800,1100)","[3.5,3.75)",6.5,6.6,6.55,1175,4.1154863762,285.506958982,42049,0.871590249565
13,"[800,1100)","[3.5,3.75)",6.6,6.7,6.65,1127,4.17831822927,269.725745661,43176,0.894950667441
13,"[800,1100)","[3.5,3.75)",6.7,6.8,6.75,1104,4.24115008235,260.306751368,44280,0.917834342094
13,"[800,1100)","[3.5,3.75)",6.8,6.9,6.85,864,4.30398193542,200.74433698,45144,0.935743304867
13,"[800,1100)","[3.5,3.75)",6.9,7,6.95,802,4.36681378849,183.657934331,45946,0.952367133737
13,"[800,1100)","[3.5,3.75)",7,7.1,7.05,583,4.42964564156,131.613236628,46529,0.964451538015
13,"[800,1100)","[3.5,3.75)",7.1,7.2,7.15,412,4.49247749463,91.7088623131,46941,0.972991460078
13,"[800,1100)","[3.5,3.75)",7.2,7.3,7.25,321,4.55530934771,70.4672230793,47262,0.979645137219
13,"[800,1100)","[3.5,3.75)",7.3,7.4,7.35,156,4.61814120078,33.7798246562,47418,0.982878699942
13,"[800,1100)","[3.5,3.75)",7.4,7.5,7.45,88,4.68097305385,18.7995100565,47506,0.984702760965
13,"[800,1100)","[3.5,3.75)",7.5,7.6,7.55,62,4.74380490692,13.069677446,47568,0.985987894868
13,"[800,1100)","[3.5,3.75)",7.6,7.7,7.65,43,4.80663675999,8.94596412151,47611,0.986879197413
13,"[800,1100)","[3.5,3.75)",7.7,7.8,7.75,29,4.86946861306,5.95547528989,47640,0.987480308432
13,"[800,1100)","[3.5,3.75)",7.8,7.9,7.85,23,4.93230046614,4.66313846002,47663,0.987957051654
13,"[800,1100)","[3.5,3.75)",7.9,8,7.95,19,4.99513231921,3.80370304245,47682,0.988350883011
13,"[800,1100)","[3.5,3.75)",8,8.1,8.05,16,5.05796417228,3.16332806145,47698,0.98868253047
13,"[800,1100)","[3.5,3.75)",8.1,8.2,8.15,21,5.12079602535,4.10092491402,47719,0.98911781776
13,"[800,1100)","[3.5,3.75)",8.2,8.3,8.25,10,5.18362787842,1.92915082536,47729,0.989325097421
13,"[800,1100)","[3.5,3.75)",8.3,8.4,8.35,16,5.24645973149,3.04967555625,47745,0.98965674488
13,"[800,1100)","[3.5,3.75)",8.4,8.5,8.45,13,5.30929158457,2.44853758603,47758,0.98992620844
13,"[800,1100)","[3.5,3.75)",8.5,8.6,8.55,13,5.37212343764,2.41989971953,47771,0.990195672001
13,"[800,1100)","[3.5,3.75)",8.6,8.7,8.65,15,5.43495529071,2.75991230795,47786,0.990506591493
13,"[800,1100)","[3.5,3.75)",8.7,8.8,8.75,8,5.49778714378,1.45513090827,47794,0.990672415223
13,"[800,1100)","[3.5,3.75)",8.8,8.9,8.85,14,5.56061899685,2.51770531445,47808,0.990962606749
13,"[800,1100)","[3.5,3.75)",8.9,9,8.95,11,5.62345084993,1.95609427264,47819,0.991190614377
13,"[800,1100)","[3.5,3.75)",9,9.1,9.05,13,5.686282703,2.28620360243,47832,0.991460077937
13,"[800,1100)","[3.5,3.75)",9.1,9.2,9.15,12,5.74911455607,2.08727794219,47844,0.991708813531
13,"[800,1100)","[3.5,3.75)",9.2,9.3,9.25,14,5.81194640914,2.40883157112,47858,0.991999005058
13,"[800,1100)","[3.5,3.75)",9.3,9.4,9.35,15,5.87477826221,2.55328785709,47873,0.99230992455
13,"[800,1100)","[3.5,3.75)",9.4,9.5,9.45,11,5.93761011528,1.85259722118,47884,0.992537932178
13,"[800,1100)","[3.5,3.75)",9.5,9.6,9.55,21,6.00044196836,3.49974220411,47905,0.992973219468
13,"[800,1100)","[3.5,3.75)",9.6,9.7,9.65,10,6.06327382143,1.64927402168,47915,0.993180499129
13,"[800,1100)","[3.5,3.75)",9.7,9.8,9.75,11,6.1261056745,1.79559422975,47926,0.993408506757
13,"[800,1100)","[3.5,3.75)",9.8,9.9,9.85,11,6.18893752757,1.77736484671,47937,0.993636514385
13,"[800,1100)","[3.5,3.75)",9.9,10,9.95,15,6.25176938064,2.39932075013,47952,0.993947433878
13,"[800,1100)","[3.5,3.75)",10,10.1,10.05,15,6.31460123372,2.37544691182,47967,0.99425835337
13,"[800,1100)","[3.5,3.75)",10.1,10.2,10.15,8,6.37743308679,1.25442319678,47975,0.9944241771
13,"[800,1100)","[3.5,3.75)",10.2,10.3,10.25,14,6.44026493986,2.17382361296,47989,0.994714368626
13,"[800,1100)","[3.5,3.75)",10.3,10.4,10.35,12,6.50309679293,1.84527470251,48001,0.99496310422
13,"[800,1100)","[3.5,3.75)",10.4,10.5,10.45,17,6.565928646,2.58912347614,48018,0.995315479645
13,"[800,1100)","[3.5,3.75)",10.5,10.6,10.55,16,6.62876049907,2.41372425542,48034,0.995647127104
13,"[800,1100)","[3.5,3.75)",10.6,10.7,10.65,23,6.69159235215,3.43714900574,48057,0.996123870326
13,"[800,1100)","[3.5,3.75)",10.7,10.8,10.75,12,6.75442420522,1.77661331824,48069,0.99637260592
13,"[800,1100)","[3.5,3.75)",10.8,10.9,10.85,7,6.81725605829,1.02680608446,48076,0.996517701683
13,"[800,1100)","[3.5,3.75)",10.9,11,10.95,15,6.88008791136,2.18020469989,48091,0.996828621176
13,"[800,1100)","[3.5,3.75)",11,11.1,11.05,17,6.94291976443,2.44853758603,48108,0.997180996601
13,"[800,1100)","[3.5,3.75)",11.1,11.2,11.15,12,7.00575161751,1.7128783113,48120,0.997429732195
13,"[800,1100)","[3.5,3.75)",11.2,11.3,11.25,15,7.06858347058,2.12206590789,48135,0.997740651687
13,"[800,1100)","[3.5,3.75)",11.3,11.4,11.35,10,7.13141532365,1.40224619464,48145,0.997947931349
13,"[800,1100)","[3.5,3.75)",11.4,11.5,11.45,22,7.19424717672,3.05799890657,48167,0.998403946605
13,"[800,1100)","[3.5,3.75)",11.5,11.6,11.55,11,7.25707902979,1.51576136278,48178,0.998631954233
13,"[800,1100)","[3.5,3.75)",11.6,11.7,11.65,13,7.31991088286,1.77597790575,48191,0.998901417793
13,"[800,1100)","[3.5,3.75)",11.7,11.8,11.75,17,7.38274273594,2.30266726176,48208,0.999253793218
13,"[800,1100)","[3.5,3.75)",11.8,11.9,11.85,16,7.44557458901,2.14892750166,48224,0.999585440677
13,"[800,1100)","[3.5,3.75)",11.9,12,11.95,20,7.50840644208,2.66368105593,48244,1
14,"[800,1100)","[3.75,4.0)",0,0.1,0.05,26,0.0314159265359,827.605704078,26,0.000963248369887
14,"[800,1100)","[3.75,4.0)",0.1,0.2,0.15,61,0.0942477796077,647.230101907,87,0.0032231772377
14,"[800,1100)","[3.75,4.0)",0.2,0.3,0.25,66,0.157079632679,420.169049763,153,0.00566834617664
14,"[800,1100)","[3.75,4.0)",0.3,0.4,0.35,80,0.219911485751,363.782727067,233,0.00863218731476
14,"[800,1100)","[3.75,4.0)",0.4,0.5,0.45,59,0.282743338823,208.669814276,292,0.0108180201541
14,"[800,1100)","[3.75,4.0)",0.5,0.6,0.55,46,0.345575191895,133.11140695,338,0.0125222288085
14,"[800,1100)","[3.75,4.0)",0.6,0.7,0.65,80,0.408407044967,195.883006882,418,0.0154860699467
14,"[800,1100)","[3.75,4.0)",0.7,0.8,0.75,72,0.471238898038,152.788745368,490,0.018153526971
14,"[800,1100)","[3.75,4.0)",0.8,0.9,0.85,95,0.53407075111,177.879054044,585,0.0216730883225
14,"[800,1100)","[3.75,4.0)",0.9,1,0.95,79,0.596902604182,132.349900045,664,0.0245998814464
14,"[800,1100)","[3.75,4.0)",1,1.1,1.05,114,0.659734457254,172.796795357,778,0.0288233550682
14,"[800,1100)","[3.75,4.0)",1.1,1.2,1.15,125,0.722566310326,172.994503361,903,0.0334543568465
14,"[800,1100)","[3.75,4.0)",1.2,1.3,1.25,138,0.785398163397,175.707057173,1041,0.0385669828097
14,"[800,1100)","[3.75,4.0)",1.3,1.4,1.35,149,0.848230016469,175.659900153,1190,0.0440871369295
14,"[800,1100)","[3.75,4.0)",1.4,1.5,1.45,162,0.911061869541,177.814488144,1352,0.0500889152341
14,"[800,1100)","[3.75,4.0)",1.5,1.6,1.55,176,0.973893722613,180.717870866,1528,0.056609365738
14,"[800,1100)","[3.75,4.0)",1.6,1.7,1.65,169,1.03672557568,163.013244743,1697,0.0628704801423
14,"[800,1100)","[3.75,4.0)",1.7,1.8,1.75,170,1.09955742876,154.607659004,1867,0.0691686425608
14,"[800,1100)","[3.75,4.0)",1.8,1.9,1.85,205,1.16238928183,176.360882886,2072,0.0767634854772
14,"[800,1100)","[3.75,4.0)",1.9,2,1.95,212,1.2252211349,173.029989413,2284,0.0846176644932
14,"[800,1100)","[3.75,4.0)",2,2.1,2.05,199,1.28805298797,154.496749636,2483,0.0919902193242
14,"[800,1100)","[3.75,4.0)",2.1,2.2,2.15,233,1.35088484104,172.479542979,2716,0.100622406639
14,"[800,1100)","[3.75,4.0)",2.2,2.3,2.25,233,1.41371669412,164.813785513,2949,0.109254593954
14,"[800,1100)","[3.75,4.0)",2.3,2.4,2.35,258,1.47654854719,174.731809863,3207,0.118812981624
14,"[800,1100)","[3.75,4.0)",2.4,2.5,2.45,289,1.53938040026,187.737871647,3496,0.129519857736
14,"[800,1100)","[3.75,4.0)",2.5,2.6,2.55,293,1.60221225333,182.872150298,3789,0.140374925904
14,"[800,1100)","[3.75,4.0)",2.6,2.7,2.65,320,1.6650441064,192.187101092,4109,0.152230290456
14,"[800,1100)","[3.75,4.0)",2.7,2.8,2.75,274,1.72787595947,158.576197844,4383,0.162381446354
14,"[800,1100)","[3.75,4.0)",2.8,2.9,2.85,298,1.79070781255,166.41464225,4681,0.173421754594
14,"[800,1100)","[3.75,4.0)",2.9,3,2.95,308,1.85353966562,166.168550754,4989,0.184832542976
14,"[800,1100)","[3.75,4.0)",3,3.1,3.05,340,1.91637151869,177.418625086,5329,0.197428867813
14,"[800,1100)","[3.75,4.0)",3.1,3.2,3.15,335,1.97920337176,169.260018844,5664,0.209839952579
14,"[800,1100)","[3.75,4.0)",3.2,3.3,3.25,346,2.04203522483,169.438800953,6010,0.222658565501
14,"[800,1100)","[3.75,4.0)",3.3,3.4,3.35,354,2.10486707791,168.181641357,6364,0.235773562537
14,"[800,1100)","[3.75,4.0)",3.4,3.5,3.45,387,2.16769893098,178.530327468,6751,0.250111144043
14,"[800,1100)","[3.75,4.0)",3.5,3.6,3.55,395,2.23053078405,177.087894426,7146,0.264745109662
14,"[800,1100)","[3.75,4.0)",3.6,3.7,3.65,354,2.29336263712,154.358492752,7500,0.277860106698
14,"[800,1100)","[3.75,4.0)",3.7,3.8,3.75,382,2.35619449019,162.125835363,7882,0.292012448133
14,"[800,1100)","[3.75,4.0)",3.8,3.9,3.85,442,2.41902634326,182.718142459,8324,0.308387670421
14,"[800,1100)","[3.75,4.0)",3.9,4,3.95,410,2.48185819634,165.19880169,8734,0.323577356254
14,"[800,1100)","[3.75,4.0)",4,4.1,4.05,424,2.54469004941,166.621471286,9158,0.339285714286
14,"[800,1100)","[3.75,4.0)",4.1,4.2,4.15,455,2.60752190248,174.495178571,9613,0.356142560759
14,"[800,1100)","[3.75,4.0)",4.2,4.3,4.25,424,2.67035375555,158.780460873,10037,0.371850918791
14,"[800,1100)","[3.75,4.0)",4.3,4.4,4.35,431,2.73318560862,157.691449362,10468,0.387818612922
14,"[800,1100)","[3.75,4.0)",4.4,4.5,4.45,472,2.79601746169,168.811535145,10940,0.405305275637
14,"[800,1100)","[3.75,4.0)",4.5,4.6,4.55,528,2.85884931477,184.689692203,11468,0.424866627149
14,"[800,1100)","[3.75,4.0)",4.6,4.7,4.65,530,2.92168116784,181.402408255,11998,0.444502074689
14,"[800,1100)","[3.75,4.0)",4.7,4.8,4.75,541,2.98451302091,181.269103606,12539,0.464545050385
14,"[800,1100)","[3.75,4.0)",4.8,4.9,4.85,545,3.04734487398,178.844214402,13084,0.484736218139
14,"[800,1100)","[3.75,4.0)",4.9,5,4.95,529,3.11017672705,170.086797769,13613,0.504334617664
14,"[800,1100)","[3.75,4.0)",5,5.1,5.05,549,3.17300858013,173.021908431,14162,0.524673977475
14,"[800,1100)","[3.75,4.0)",5.1,5.2,5.15,577,3.2358404332,178.315344008,14739,0.546050681683
14,"[800,1100)","[3.75,4.0)",5.2,5.3,5.25,592,3.29867228627,179.466145353,15331,0.567983106106
14,"[800,1100)","[3.75,4.0)",5.3,5.4,5.35,524,3.36150413934,155.882598468,15855,0.58739626556
14,"[800,1100)","[3.75,4.0)",5.4,5.5,5.45,588,3.42433599241,171.712122088,16443,0.609180497925
14,"[800,1100)","[3.75,4.0)",5.5,5.6,5.55,572,3.48716784548,164.029959367,17015,0.630371962063
14,"[800,1100)","[3.75,4.0)",5.6,5.7,5.65,636,3.54999969856,179.15494479,17651,0.653934499111
14,"[800,1100)","[3.75,4.0)",5.7,5.8,5.75,620,3.61283155163,171.610547334,18271,0.676904267931
14,"[800,1100)","[3.75,4.0)",5.8,5.9,5.85,645,3.6756634047,175.478526999,18916,0.700800237107
14,"[800,1100)","[3.75,4.0)",5.9,6,5.95,641,3.73849525777,171.45935886,19557,0.724548014226
14,"[800,1100)","[3.75,4.0)",6,6.1,6.05,629,3.80132711084,165.468527611,20186,0.747851215175
14,"[800,1100)","[3.75,4.0)",6.1,6.2,6.15,631,3.86415896392,163.295559498,20817,0.771228512152
14,"[800,1100)","[3.75,4.0)",6.2,6.3,6.25,654,3.92699081699,166.539732451,21471,0.795457913456
14,"[800,1100)","[3.75,4.0)",6.3,6.4,6.35,633,3.98982267006,158.653667681,22104,0.818909306461
14,"[800,1100)","[3.75,4.0)",6.4,6.5,6.45,641,4.05265452313,158.167935693,22745,0.84265708358
14,"[800,1100)","[3.75,4.0)",6.5,6.6,6.55,641,4.1154863762,155.753158049,23386,0.866404860699
14,"[800,1100)","[3.75,4.0)",6.6,6.7,6.65,645,4.17831822927,154.368328262,24031,0.890300829876
14,"[800,1100)","[3.75,4.0)",6.7,6.8,6.75,559,4.24115008235,131.80387139,24590,0.911010669828
14,"[800,1100)","[3.75,4.0)",6.8,6.9,6.85,520,4.30398193542,120.81835096,25110,0.930275637226
14,"[800,1100)","[3.75,4.0)",6.9,7,6.95,433,4.36681378849,99.156964545,25543,0.946317427386
14,"[800,1100)","[3.75,4.0)",7,7.1,7.05,306,4.42964564156,69.0800178527,25849,0.957654119739
14,"[800,1100)","[3.75,4.0)",7.1,7.2,7.15,263,4.49247749463,58.5423077387,26112,0.967397747481
14,"[800,1100)","[3.75,4.0)",7.2,7.3,7.25,186,4.55530934771,40.8314750553,26298,0.974288678127
14,"[800,1100)","[3.75,4.0)",7.3,7.4,7.35,116,4.61814120078,25.1183311546,26414,0.978586247777
14,"[800,1100)","[3.75,4.0)",7.4,7.5,7.45,75,4.68097305385,16.0223097072,26489,0.981364848844
14,"[800,1100)","[3.75,4.0)",7.5,7.6,7.55,52,4.74380490692,10.9616649547,26541,0.983291345584
14,"[800,1100)","[3.75,4.0)",7.6,7.7,7.65,32,4.80663675999,6.65746167182,26573,0.984476882039
14,"[800,1100)","[3.75,4.0)",7.7,7.8,7.75,40,4.86946861306,8.21444867571,26613,0.985958802608
14,"[800,1100)","[3.75,4.0)",7.8,7.9,7.85,27,4.93230046614,5.47411906176,26640,0.986959098992
14,"[800,1100)","[3.75,4.0)",7.9,8,7.95,12,4.99513231921,2.40233876365,26652,0.987403675163
14,"[800,1100)","[3.75,4.0)",8,8.1,8.05,20,5.05796417228,3.95416007682,26672,0.988144635448
14,"[800,1100)","[3.75,4.0)",8.1,8.2,8.15,16,5.12079602535,3.12451422021,26688,0.988737403675
14,"[800,1100)","[3.75,4.0)",8.2,8.3,8.25,6,5.18362787842,1.15749049521,26694,0.988959691761
14,"[800,1100)","[3.75,4.0)",8.3,8.4,8.35,8,5.24645973149,1.52483777813,26702,0.989256075874
14,"[800,1100)","[3.75,4.0)",8.4,8.5,8.45,5,5.30929158457,0.941745225396,26707,0.989441315945
14,"[800,1100)","[3.75,4.0)",8.5,8.6,8.55,7,5.37212343764,1.3030229259,26714,0.989700652045
14,"[800,1100)","[3.75,4.0)",8.6,8.7,8.65,10,5.43495529071,1.83994153863,26724,0.990071132187
14,"[800,1100)","[3.75,4.0)",8.7,8.8,8.75,3,5.49778714378,0.545674090601,26727,0.99018227623
14,"[800,1100)","[3.75,4.0)",8.8,8.9,8.85,5,5.56061899685,0.899180469446,26732,0.990367516301
14,"[800,1100)","[3.75,4.0)",8.9,9,8.95,10,5.62345084993,1.77826752058,26742,0.990737996443
14,"[800,1100)","[3.75,4.0)",9,9.1,9.05,7,5.686282703,1.231032709,26749,0.990997332543
14,"[800,1100)","[3.75,4.0)",9.1,9.2,9.15,8,5.74911455607,1.39151862813,26757,0.991293716657
14,"[800,1100)","[3.75,4.0)",9.2,9.3,9.25,7,5.81194640914,1.20441578556,26764,0.991553052756
14,"[800,1100)","[3.75,4.0)",9.3,9.4,9.35,10,5.87477826221,1.70219190473,26774,0.991923532899
14,"[800,1100)","[3.75,4.0)",9.4,9.5,9.45,9,5.93761011528,1.51576136278,26783,0.992256965027
14,"[800,1100)","[3.75,4.0)",9.5,9.6,9.55,6,6.00044196836,0.999926344033,26789,0.992479253112
14,"[800,1100)","[3.75,4.0)",9.6,9.7,9.65,7,6.06327382143,1.15449181517,26796,0.992738589212
14,"[800,1100)","[3.75,4.0)",9.7,9.8,9.75,9,6.1261056745,1.46912255162,26805,0.99307202134
14,"[800,1100)","[3.75,4.0)",9.8,9.9,9.85,9,6.18893752757,1.45420760185,26814,0.993405453468
14,"[800,1100)","[3.75,4.0)",9.9,10,9.95,12,6.25176938064,1.9194566001,26826,0.993850029638
14,"[800,1100)","[3.75,4.0)",10,10.1,10.05,10,6.31460123372,1.58363127455,26836,0.994220509781
14,"[800,1100)","[3.75,4.0)",10.1,10.2,10.15,4,6.37743308679,0.627211598392,26840,0.994368701838
14,"[800,1100)","[3.75,4.0)",10.2,10.3,10.25,9,6.44026493986,1.3974580369,26849,0.994702133966
14,"[800,1100)","[3.75,4.0)",10.3,10.4,10.35,6,6.50309679293,0.922637351257,26855,0.994924422051
14,"[800,1100)","[3.75,4.0)",10.4,10.5,10.45,6,6.565928646,0.913808285695,26861,0.995146710136
14,"[800,1100)","[3.75,4.0)",10.5,10.6,10.55,9,6.62876049907,1.35771989367,26870,0.995480142264
14,"[800,1100)","[3.75,4.0)",10.6,10.7,10.65,9,6.69159235215,1.34497135007,26879,0.995813574392
14,"[800,1100)","[3.75,4.0)",10.7,10.8,10.75,11,6.75442420522,1.62856220838,26890,0.996221102549
14,"[800,1100)","[3.75,4.0)",10.8,10.9,10.85,9,6.81725605829,1.32017925145,26899,0.996554534677
14,"[800,1100)","[3.75,4.0)",10.9,11,10.95,12,6.88008791136,1.74416375991,26911,0.996999110848
14,"[800,1100)","[3.75,4.0)",11,11.1,11.05,9,6.94291976443,1.29628460437,26920,0.997332542976
14,"[800,1100)","[3.75,4.0)",11.1,11.2,11.15,3,7.00575161751,0.428219577826,26923,0.997443687018
14,"[800,1100)","[3.75,4.0)",11.2,11.3,11.25,10,7.06858347058,1.41471060526,26933,0.997814167161
14,"[800,1100)","[3.75,4.0)",11.3,11.4,11.35,4,7.13141532365,0.560898477857,26937,0.997962359218
14,"[800,1100)","[3.75,4.0)",11.4,11.5,11.45,8,7.19424717672,1.11199960239,26945,0.998258743331
14,"[800,1100)","[3.75,4.0)",11.5,11.6,11.55,7,7.25707902979,0.964575412678,26952,0.998518079431
14,"[800,1100)","[3.75,4.0)",11.6,11.7,11.65,12,7.31991088286,1.63936422069,26964,0.998962655602
14,"[800,1100)","[3.75,4.0)",11.7,11.8,11.75,6,7.38274273594,0.812706092384,26970,0.999184943687
14,"[800,1100)","[3.75,4.0)",11.8,11.9,11.85,8,7.44557458901,1.07446375083,26978,0.999481327801
14,"[800,1100)","[3.75,4.0)",11.9,12,11.95,14,7.50840644208,1.86457673915,26992,1
15,"[800,1100)","[4.0,4.25)",0,0.1,0.05,11,0.0314159265359,350.140874802,11,0.00144205558469
15,"[800,1100)","[4.0,4.25)",0.1,0.2,0.15,13,0.0942477796077,137.934284013,24,0.00314630309386
15,"[800,1100)","[4.0,4.25)",0.2,0.3,0.25,28,0.157079632679,178.253536263,52,0.00681699003671
15,"[800,1100)","[4.0,4.25)",0.3,0.4,0.35,29,0.219911485751,131.871238562,81,0.0106187729418
15,"[800,1100)","[4.0,4.25)",0.4,0.5,0.45,20,0.282743338823,70.7355302631,101,0.0132406921867
15,"[800,1100)","[4.0,4.25)",0.5,0.6,0.55,23,0.345575191895,66.5557034748,124,0.0162558993183
15,"[800,1100)","[4.0,4.25)",0.6,0.7,0.65,29,0.408407044967,71.0075899948,153,0.0200576822234
15,"[800,1100)","[4.0,4.25)",0.7,0.8,0.75,17,0.471238898038,36.0751204342,170,0.0222863135815
15,"[800,1100)","[4.0,4.25)",0.8,0.9,0.85,27,0.53407075111,50.5550995704,197,0.0258259045621
15,"[800,1100)","[4.0,4.25)",0.9,1,0.95,24,0.596902604182,40.2075645706,221,0.028972207656
15,"[800,1100)","[4.0,4.25)",1,1.1,1.05,38,0.659734457254,57.5989317856,259,0.0339538542213
15,"[800,1100)","[4.0,4.25)",1.1,1.2,1.15,42,0.722566310326,58.1261531292,301,0.0394598846356
15,"[800,1100)","[4.0,4.25)",1.2,1.3,1.25,39,0.785398163397,49.6563422447,340,0.0445726271631
15,"[800,1100)","[4.0,4.25)",1.3,1.4,1.35,38,0.848230016469,44.7991691666,378,0.0495542737284
15,"[800,1100)","[4.0,4.25)",1.4,1.5,1.45,33,0.911061869541,36.2214698071,411,0.0538804404824
15,"[800,1100)","[4.0,4.25)",1.5,1.6,1.55,44,0.973893722613,45.1794677164,455,0.0596486628212
15,"[800,1100)","[4.0,4.25)",1.6,1.7,1.65,56,1.03672557568,54.01622311,511,0.0669900367069
15,"[800,1100)","[4.0,4.25)",1.7,1.8,1.75,42,1.09955742876,38.1971863421,553,0.0724960671211
15,"[800,1100)","[4.0,4.25)",1.8,1.9,1.85,67,1.16238928183,57.639898309,620,0.0812794965915
15,"[800,1100)","[4.0,4.25)",1.9,2,1.95,56,1.2252211349,45.7060349392,676,0.0886208704772
15,"[800,1100)","[4.0,4.25)",2,2.1,2.05,63,1.28805298797,48.9110312917,739,0.0968799160986
15,"[800,1100)","[4.0,4.25)",2.1,2.2,2.15,77,1.35088484104,56.9996772934,816,0.106974305191
15,"[800,1100)","[4.0,4.25)",2.2,2.3,2.25,63,1.41371669412,44.5633840657,879,0.115233350813
15,"[800,1100)","[4.0,4.25)",2.3,2.4,2.35,69,1.47654854719,46.7306003121,948,0.124278972208
15,"[800,1100)","[4.0,4.25)",2.4,2.5,2.45,68,1.53938040026,44.1736168582,1016,0.13319349764
15,"[800,1100)","[4.0,4.25)",2.5,2.6,2.55,75,1.60221225333,46.81027738,1091,0.143025694809
15,"[800,1100)","[4.0,4.25)",2.6,2.7,2.65,86,1.6650441064,51.6502834185,1177,0.154299947562
15,"[800,1100)","[4.0,4.25)",2.7,2.8,2.75,73,1.72787595947,42.2484030753,1250,0.163869952805
15,"[800,1100)","[4.0,4.25)",2.8,2.9,2.85,90,1.79070781255,50.2594557132,1340,0.175668589407
15,"[800,1100)","[4.0,4.25)",2.9,3,2.95,94,1.85353966562,50.7137784767,1434,0.187991609858
15,"[800,1100)","[4.0,4.25)",3,3.1,3.05,97,1.91637151869,50.6164900981,1531,0.200707918196
15,"[800,1100)","[4.0,4.25)",3.1,3.2,3.15,83,1.97920337176,41.9360643702,1614,0.211588883062
15,"[800,1100)","[4.0,4.25)",3.2,3.3,3.25,102,2.04203522483,49.950166755,1716,0.224960671211
15,"[800,1100)","[4.0,4.25)",3.3,3.4,3.35,105,2.10486707791,49.8843851482,1821,0.238725747247
15,"[800,1100)","[4.0,4.25)",3.4,3.5,3.45,102,2.16769893098,47.0545049141,1923,0.252097535396
15,"[800,1100)","[4.0,4.25)",3.5,3.6,3.55,131,2.23053078405,58.7304156198,2054,0.26927110645
15,"[800,1100)","[4.0,4.25)",3.6,3.7,3.65,108,2.29336263712,47.0924215176,2162,0.283429470372
15,"[800,1100)","[4.0,4.25)",3.7,3.8,3.75,119,2.35619449019,50.5051686078,2281,0.299029889879
15,"[800,1100)","[4.0,4.25)",3.8,3.9,3.85,127,2.41902634326,52.5004617472,2408,0.315679077084
15,"[800,1100)","[4.0,4.25)",3.9,4,3.95,128,2.48185819634,51.5742600399,2536,0.332459360252
15,"[800,1100)","[4.0,4.25)",4,4.1,4.05,114,2.54469004941,44.7991691666,2650,0.347404299948
15,"[800,1100)","[4.0,4.25)",4.1,4.2,4.15,121,2.60752190248,46.4042123232,2771,0.363266911379
15,"[800,1100)","[4.0,4.25)",4.2,4.3,4.25,129,2.67035375555,48.3082062561,2900,0.380178290509
15,"[800,1100)","[4.0,4.25)",4.3,4.4,4.35,151,2.73318560862,55.2468882917,3051,0.399973780808
15,"[800,1100)","[4.0,4.25)",4.4,4.5,4.45,144,2.79601746169,51.5018242814,3195,0.418851599371
15,"[800,1100)","[4.0,4.25)",4.5,4.6,4.55,147,2.85884931477,51.4192893066,3342,0.438122705821
15,"[800,1100)","[4.0,4.25)",4.6,4.7,4.65,117,2.92168116784,40.0454372941,3459,0.453460933403
15,"[800,1100)","[4.0,4.25)",4.7,4.8,4.75,166,2.98451302091,55.6204643226,3625,0.475222863136
15,"[800,1100)","[4.0,4.25)",4.8,4.9,4.85,148,3.04734487398,48.5668692322,3773,0.494625065548
15,"[800,1100)","[4.0,4.25)",4.9,5,4.95,133,3.11017672705,42.7628432954,3906,0.512060828526
15,"[800,1100)","[4.0,4.25)",5,5.1,5.05,167,3.17300858013,52.6314366264,4073,0.533953854221
15,"[800,1100)","[4.0,4.25)",5.1,5.2,5.15,135,3.2358404332,41.7202278008,4208,0.551651809124
15,"[800,1100)","[4.0,4.25)",5.2,5.3,5.25,166,3.29867228627,50.3232772443,4374,0.573413738857
15,"[800,1100)","[4.0,4.25)",5.3,5.4,5.35,173,3.36150413934,51.4650563643,4547,0.596093340325
15,"[800,1100)","[4.0,4.25)",5.4,5.5,5.45,175,3.42433599241,51.1047982405,4722,0.619035133718
15,"[800,1100)","[4.0,4.25)",5.5,5.6,5.55,152,3.48716784548,43.5883808108,4874,0.638961719979
15,"[800,1100)","[4.0,4.25)",5.6,5.7,5.65,163,3.54999969856,45.9154968566,5037,0.660330361825
15,"[800,1100)","[4.0,4.25)",5.7,5.8,5.75,169,3.61283155163,46.7777137087,5206,0.682485579444
15,"[800,1100)","[4.0,4.25)",5.8,5.9,5.85,174,3.6756634047,47.3383933299,5380,0.705296276875
15,"[800,1100)","[4.0,4.25)",5.9,6,5.95,177,3.73849525777,47.3452519786,5557,0.728500262192
15,"[800,1100)","[4.0,4.25)",6,6.1,6.05,159,3.80132711084,41.8274974407,5716,0.749344520189
15,"[800,1100)","[4.0,4.25)",6.1,6.2,6.15,170,3.86415896392,43.99404931,5886,0.77163083377
15,"[800,1100)","[4.0,4.25)",6.2,6.3,6.25,187,3.92699081699,47.6191589731,6073,0.79614577871
15,"[800,1100)","[4.0,4.25)",6.3,6.4,6.35,191,3.98982267006,47.8718017804,6264,0.821185107499
15,"[800,1100)","[4.0,4.25)",6.4,6.5,6.45,164,4.05265452313,40.4673033598,6428,0.842684845307
15,"[800,1100)","[4.0,4.25)",6.5,6.6,6.55,168,4.1154863762,40.8214205182,6596,0.864708966964
15,"[800,1100)","[4.0,4.25)",6.6,6.7,6.65,147,4.17831822927,35.1816189993,6743,0.883980073414
15,"[800,1100)","[4.0,4.25)",6.7,6.8,6.75,146,4.24115008235,34.424624728,6889,0.903120083901
15,"[800,1100)","[4.0,4.25)",6.8,6.9,6.85,132,4.30398193542,30.6692737053,7021,0.920424750918
15,"[800,1100)","[4.0,4.25)",6.9,7,6.95,135,4.36681378849,30.9149889459,7156,0.938122705821
15,"[800,1100)","[4.0,4.25)",7,7.1,7.05,81,4.42964564156,18.2858870786,7237,0.948741478762
15,"[800,1100)","[4.0,4.25)",7.1,7.2,7.15,62,4.49247749463,13.8008482122,7299,0.956869428422
15,"[800,1100)","[4.0,4.25)",7.2,7.3,7.25,60,4.55530934771,13.1714435662,7359,0.964735186156
15,"[800,1100)","[4.0,4.25)",7.3,7.4,7.35,48,4.61814120078,10.3937922019,7407,0.971027792344
15,"[800,1100)","[4.0,4.25)",7.4,7.5,7.45,29,4.68097305385,6.1952930868,7436,0.974829575249
15,"[800,1100)","[4.0,4.25)",7.5,7.6,7.55,20,4.74380490692,4.21602498257,7456,0.977451494494
15,"[800,1100)","[4.0,4.25)",7.6,7.7,7.65,17,4.80663675999,3.53677651315,7473,0.979680125852
15,"[800,1100)","[4.0,4.25)",7.7,7.8,7.75,21,4.86946861306,4.31258555475,7494,0.982433141059
15,"[800,1100)","[4.0,4.25)",7.8,7.9,7.85,13,4.93230046614,2.63568695566,7507,0.984137388568
15,"[800,1100)","[4.0,4.25)",7.9,8,7.95,10,4.99513231921,2.00194896971,7517,0.985448348191
15,"[800,1100)","[4.0,4.25)",8,8.1,8.05,3,5.05796417228,0.593124011523,7520,0.985841636078
15,"[800,1100)","[4.0,4.25)",8.1,8.2,8.15,3,5.12079602535,0.585846416289,7523,0.986234923964
15,"[800,1100)","[4.0,4.25)",8.2,8.3,8.25,6,5.18362787842,1.15749049521,7529,0.987021499738
15,"[800,1100)","[4.0,4.25)",8.3,8.4,8.35,4,5.24645973149,0.762418889063,7533,0.987545883587
15,"[800,1100)","[4.0,4.25)",8.4,8.5,8.45,3,5.30929158457,0.565047135237,7536,0.987939171474
15,"[800,1100)","[4.0,4.25)",8.5,8.6,8.55,4,5.37212343764,0.744584529085,7540,0.988463555322
15,"[800,1100)","[4.0,4.25)",8.6,8.7,8.65,4,5.43495529071,0.735976615454,7544,0.988987939171
15,"[800,1100)","[4.0,4.25)",8.7,8.8,8.75,2,5.49778714378,0.363782727067,7546,0.989250131096
15,"[800,1100)","[4.0,4.25)",8.8,8.9,8.85,2,5.56061899685,0.359672187778,7548,0.98951232302
15,"[800,1100)","[4.0,4.25)",8.9,9,8.95,0,5.62345084993,0,7548,0.98951232302
15,"[800,1100)","[4.0,4.25)",9,9.1,9.05,2,5.686282703,0.351723631142,7550,0.989774514945
15,"[800,1100)","[4.0,4.25)",9.1,9.2,9.15,2,5.74911455607,0.347879657031,7552,0.990036706869
15,"[800,1100)","[4.0,4.25)",9.2,9.3,9.25,3,5.81194640914,0.516178193812,7555,0.990429994756
15,"[800,1100)","[4.0,4.25)",9.3,9.4,9.35,2,5.87477826221,0.340438380945,7557,0.990692186681
15,"[800,1100)","[4.0,4.25)",9.4,9.5,9.45,1,5.93761011528,0.168417929198,7558,0.990823282643
15,"[800,1100)","[4.0,4.25)",9.5,9.6,9.55,1,6.00044196836,0.166654390672,7559,0.990954378605
15,"[800,1100)","[4.0,4.25)",9.6,9.7,9.65,5,6.06327382143,0.824637010839,7564,0.991609858416
15,"[800,1100)","[4.0,4.25)",9.7,9.8,9.75,3,6.1261056745,0.489707517206,7567,0.992003146303
15,"[800,1100)","[4.0,4.25)",9.8,9.9,9.85,2,6.18893752757,0.323157244857,7569,0.992265338228
15,"[800,1100)","[4.0,4.25)",9.9,10,9.95,4,6.25176938064,0.639818866701,7573,0.992789722077
15,"[800,1100)","[4.0,4.25)",10,10.1,10.05,3,6.31460123372,0.475089382364,7576,0.993183009963
15,"[800,1100)","[4.0,4.25)",10.1,10.2,10.15,2,6.37743308679,0.313605799196,7578,0.993445201888
15,"[800,1100)","[4.0,4.25)",10.2,10.3,10.25,2,6.44026493986,0.310546230423,7580,0.993707393812
15,"[800,1100)","[4.0,4.25)",10.3,10.4,10.35,1,6.50309679293,0.153772891876,7581,0.993838489775
15,"[800,1100)","[4.0,4.25)",10.4,10.5,10.45,0,6.565928646,0,7581,0.993838489775
15,"[800,1100)","[4.0,4.25)",10.5,10.6,10.55,4,6.62876049907,0.603431063856,7585,0.994362873623
15,"[800,1100)","[4.0,4.25)",10.6,10.7,10.65,4,6.69159235215,0.597765044477,7589,0.994887257472
15,"[800,1100)","[4.0,4.25)",10.7,10.8,10.75,3,6.75442420522,0.444153329559,7592,0.995280545359
15,"[800,1100)","[4.0,4.25)",10.8,10.9,10.85,6,6.81725605829,0.880119500969,7598,0.996067121133
15,"[800,1100)","[4.0,4.25)",10.9,11,10.95,6,6.88008791136,0.872081879956,7604,0.996853696906
15,"[800,1100)","[4.0,4.25)",11,11.1,11.05,2,6.94291976443,0.288063245415,7606,0.997115888831
15,"[800,1100)","[4.0,4.25)",11.1,11.2,11.15,1,7.00575161751,0.142739859275,7607,0.997246984793
15,"[800,1100)","[4.0,4.25)",11.2,11.3,11.25,1,7.06858347058,0.141471060526,7608,0.997378080755
15,"[800,1100)","[4.0,4.25)",11.3,11.4,11.35,0,7.13141532365,0,7608,0.997378080755
15,"[800,1100)","[4.0,4.25)",11.4,11.5,11.45,5,7.19424717672,0.694999751493,7613,0.998033560566
15,"[800,1100)","[4.0,4.25)",11.5,11.6,11.55,5,7.25707902979,0.688982437627,7618,0.998689040378
15,"[800,1100)","[4.0,4.25)",11.6,11.7,11.65,3,7.31991088286,0.409841055172,7621,0.999082328264
15,"[800,1100)","[4.0,4.25)",11.7,11.8,11.75,4,7.38274273594,0.541804061589,7625,0.999606712113
15,"[800,1100)","[4.0,4.25)",11.8,11.9,11.85,1,7.44557458901,0.134307968854,7626,0.999737808076
15,"[800,1100)","[4.0,4.25)",11.9,12,11.95,2,7.50840644208,0.266368105593,7628,1
16,"[1100,2000)","[3.75,4.0)",0,0.1,0.05,39,0.0314159265359,1241.40855612,39,0.00192469032226
16,"[1100,2000)","[3.75,4.0)",0.1,0.2,0.15,74,0.0942477796077,785.16438592,113,0.00557666683117
16,"[1100,2000)","[3.75,4.0)",0.2,0.3,0.25,69,0.157079632679,439.267642934,182,0.00898188817056
16,"[1100,2000)","[3.75,4.0)",0.3,0.4,0.35,45,0.219911485751,204.627783975,227,0.0112026846962
16,"[1100,2000)","[3.75,4.0)",0.4,0.5,0.45,47,0.282743338823,166.228496118,274,0.0135221832897
16,"[1100,2000)","[3.75,4.0)",0.5,0.6,0.55,37,0.345575191895,107.067870807,311,0.0153481715442
16,"[1100,2000)","[3.75,4.0)",0.6,0.7,0.65,50,0.408407044967,122.426879301,361,0.0178157232394
16,"[1100,2000)","[3.75,4.0)",0.7,0.8,0.75,51,0.471238898038,108.225361302,412,0.0203326259685
16,"[1100,2000)","[3.75,4.0)",0.8,0.9,0.85,83,0.53407075111,155.410120901,495,0.0244287617826
16,"[1100,2000)","[3.75,4.0)",0.9,1,0.95,79,0.596902604182,132.349900045,574,0.028327493461
16,"[1100,2000)","[3.75,4.0)",1,1.1,1.05,80,0.659734457254,121.260909022,654,0.0322755761733
16,"[1100,2000)","[3.75,4.0)",1.1,1.2,1.15,105,0.722566310326,145.315382823,759,0.0374574347333
16,"[1100,2000)","[3.75,4.0)",1.2,1.3,1.25,89,0.785398163397,113.318319481,848,0.0418496767507
16,"[1100,2000)","[3.75,4.0)",1.3,1.4,1.35,118,0.848230016469,139.113209517,966,0.0476730987514
16,"[1100,2000)","[3.75,4.0)",1.4,1.5,1.45,126,0.911061869541,138.300157445,1092,0.0538913290233
16,"[1100,2000)","[3.75,4.0)",1.5,1.6,1.55,138,0.973893722613,141.699239656,1230,0.0607017717021
16,"[1100,2000)","[3.75,4.0)",1.6,1.7,1.65,128,1.03672557568,123.465652823,1358,0.0670187040418
16,"[1100,2000)","[3.75,4.0)",1.7,1.8,1.75,146,1.09955742876,132.78069538,1504,0.0742239549919
16,"[1100,2000)","[3.75,4.0)",1.8,1.9,1.85,146,1.16238928183,125.603360494,1650,0.0814292059419
16,"[1100,2000)","[3.75,4.0)",1.9,2,1.95,143,1.2252211349,116.713624934,1793,0.0884864037902
16,"[1100,2000)","[3.75,4.0)",2,2.1,2.05,183,1.28805298797,142.074900419,1976,0.0975176429946
16,"[1100,2000)","[3.75,4.0)",2.1,2.2,2.15,177,1.35088484104,131.02523222,2153,0.106252775996
16,"[1100,2000)","[3.75,4.0)",2.2,2.3,2.25,186,1.41371669412,131.568086289,2339,0.115432068302
16,"[1100,2000)","[3.75,4.0)",2.3,2.4,2.35,209,1.47654854719,141.54631109,2548,0.125746434388
16,"[1100,2000)","[3.75,4.0)",2.4,2.5,2.45,171,1.53938040026,111.083654158,2719,0.134185461185
16,"[1100,2000)","[3.75,4.0)",2.5,2.6,2.55,202,1.60221225333,126.07568041,2921,0.144154370034
16,"[1100,2000)","[3.75,4.0)",2.6,2.7,2.65,213,1.6650441064,127.924539164,3134,0.154666140256
16,"[1100,2000)","[3.75,4.0)",2.7,2.8,2.75,231,1.72787595947,133.690152197,3365,0.166066229087
16,"[1100,2000)","[3.75,4.0)",2.8,2.9,2.85,227,1.79070781255,126.765516077,3592,0.177268913784
16,"[1100,2000)","[3.75,4.0)",2.9,3,2.95,248,1.85353966562,133.798053854,3840,0.189507970192
16,"[1100,2000)","[3.75,4.0)",3,3.1,3.05,252,1.91637151869,131.498510358,4092,0.201944430736
16,"[1100,2000)","[3.75,4.0)",3.1,3.2,3.15,259,1.97920337176,130.860730987,4351,0.214726348517
16,"[1100,2000)","[3.75,4.0)",3.2,3.3,3.25,252,2.04203522483,123.406294336,4603,0.227162809061
16,"[1100,2000)","[3.75,4.0)",3.3,3.4,3.35,268,2.10486707791,127.323954474,4871,0.240388886147
16,"[1100,2000)","[3.75,4.0)",3.4,3.5,3.45,289,2.16769893098,133.321097257,5160,0.254651334945
16,"[1100,2000)","[3.75,4.0)",3.5,3.6,3.55,247,2.23053078405,110.735974489,5407,0.26684104032
16,"[1100,2000)","[3.75,4.0)",3.6,3.7,3.65,290,2.29336263712,126.451872594,5697,0.281152840152
16,"[1100,2000)","[3.75,4.0)",3.7,3.8,3.75,294,2.35619449019,124.777475384,5991,0.29566204412
16,"[1100,2000)","[3.75,4.0)",3.8,3.9,3.85,337,2.41902634326,139.312248888,6328,0.312293342546
16,"[1100,2000)","[3.75,4.0)",3.9,4,3.95,336,2.48185819634,135.382432605,6664,0.328875289937
16,"[1100,2000)","[3.75,4.0)",4,4.1,4.05,326,2.54469004941,128.10990481,6990,0.34496372699
16,"[1100,2000)","[3.75,4.0)",4.1,4.2,4.15,345,2.60752190248,132.309531004,7335,0.361989833687
16,"[1100,2000)","[3.75,4.0)",4.2,4.3,4.25,348,2.67035375555,130.319812226,7683,0.379163993486
16,"[1100,2000)","[3.75,4.0)",4.3,4.4,4.35,358,2.73318560862,130.982688797,8041,0.396831663623
16,"[1100,2000)","[3.75,4.0)",4.4,4.5,4.45,367,2.79601746169,131.258121606,8408,0.414943493066
16,"[1100,2000)","[3.75,4.0)",4.5,4.6,4.55,375,2.85884931477,131.171656394,8783,0.43345013078
16,"[1100,2000)","[3.75,4.0)",4.6,4.7,4.65,384,2.92168116784,131.431178811,9167,0.452400927799
16,"[1100,2000)","[3.75,4.0)",4.7,4.8,4.75,367,2.98451302091,122.968134978,9534,0.470512757242
16,"[1100,2000)","[3.75,4.0)",4.8,4.9,4.85,402,3.04734487398,131.918117779,9936,0.490351872872
16,"[1100,2000)","[3.75,4.0)",4.9,5,4.95,421,3.11017672705,135.362082913,10357,0.511128658145
16,"[1100,2000)","[3.75,4.0)",5,5.1,5.05,397,3.17300858013,125.117846351,10754,0.530721018605
16,"[1100,2000)","[3.75,4.0)",5.1,5.2,5.15,390,3.2358404332,120.525102536,11144,0.549967921828
16,"[1100,2000)","[3.75,4.0)",5.2,5.3,5.25,415,3.29867228627,125.808193111,11559,0.570448600898
16,"[1100,2000)","[3.75,4.0)",5.3,5.4,5.35,441,3.36150413934,131.191270848,12000,0.59221240685
16,"[1100,2000)","[3.75,4.0)",5.4,5.5,5.45,435,3.42433599241,127.031927055,12435,0.613680106598
16,"[1100,2000)","[3.75,4.0)",5.5,5.6,5.55,454,3.48716784548,130.191611106,12889,0.636085475991
16,"[1100,2000)","[3.75,4.0)",5.6,5.7,5.65,467,3.54999969856,131.549306945,13356,0.659132408824
16,"[1100,2000)","[3.75,4.0)",5.7,5.8,5.75,474,3.61283155163,131.199031349,13830,0.682524798895
16,"[1100,2000)","[3.75,4.0)",5.8,5.9,5.85,423,3.6756634047,115.081266543,14253,0.703400286236
16,"[1100,2000)","[3.75,4.0)",5.9,6,5.95,483,3.73849525777,129.196365569,14736,0.727236835612
16,"[1100,2000)","[3.75,4.0)",6,6.1,6.05,476,3.80132711084,125.2194263,15212,0.75072792775
16,"[1100,2000)","[3.75,4.0)",6.1,6.2,6.15,501,3.86415896392,129.653051202,15713,0.775452795736
16,"[1100,2000)","[3.75,4.0)",6.2,6.3,6.25,527,3.92699081699,134.199448015,16240,0.801460790604
16,"[1100,2000)","[3.75,4.0)",6.3,6.4,6.35,471,3.98982267006,118.050359364,16711,0.824705127572
16,"[1100,2000)","[3.75,4.0)",6.4,6.5,6.45,517,4.05265452313,127.570706323,17228,0.850219612101
16,"[1100,2000)","[3.75,4.0)",6.5,6.6,6.55,516,4.1154863762,125.380077306,17744,0.875684745595
16,"[1100,2000)","[3.75,4.0)",6.6,6.7,6.65,503,4.17831822927,120.38336297,18247,0.900508315649
16,"[1100,2000)","[3.75,4.0)",6.7,6.8,6.75,459,4.24115008235,108.225361302,18706,0.923160440211
16,"[1100,2000)","[3.75,4.0)",6.8,6.9,6.85,387,4.30398193542,89.9167342724,19093,0.942259290332
16,"[1100,2000)","[3.75,4.0)",6.9,7,6.95,302,4.36681378849,69.1579752716,19395,0.957163302571
16,"[1100,2000)","[3.75,4.0)",7,7.1,7.05,239,4.42964564156,53.9546544666,19634,0.968958199674
16,"[1100,2000)","[3.75,4.0)",7.1,7.2,7.15,146,4.49247749463,32.4987715964,19780,0.976163450624
16,"[1100,2000)","[3.75,4.0)",7.2,7.3,7.25,112,4.55530934771,24.586694657,19892,0.981690766422
16,"[1100,2000)","[3.75,4.0)",7.3,7.4,7.35,41,4.61814120078,8.87803083914,19933,0.983714158812
16,"[1100,2000)","[3.75,4.0)",7.4,7.5,7.45,28,4.68097305385,5.9816622907,19961,0.985095987761
16,"[1100,2000)","[3.75,4.0)",7.5,7.6,7.55,15,4.74380490692,3.16201873693,19976,0.98583625327
16,"[1100,2000)","[3.75,4.0)",7.6,7.7,7.65,13,4.80663675999,2.70459380418,19989,0.98647781671
16,"[1100,2000)","[3.75,4.0)",7.7,7.8,7.75,11,4.86946861306,2.25897338582,20000,0.987020678083
16,"[1100,2000)","[3.75,4.0)",7.8,7.9,7.85,9,4.93230046614,1.82470635392,20009,0.987464837388
16,"[1100,2000)","[3.75,4.0)",7.9,8,7.95,7,4.99513231921,1.4013642788,20016,0.987810294626
16,"[1100,2000)","[3.75,4.0)",8,8.1,8.05,6,5.05796417228,1.18624802305,20022,0.988106400829
16,"[1100,2000)","[3.75,4.0)",8.1,8.2,8.15,3,5.12079602535,0.585846416289,20025,0.988254453931
16,"[1100,2000)","[3.75,4.0)",8.2,8.3,8.25,4,5.18362787842,0.771660330143,20029,0.988451858066
16,"[1100,2000)","[3.75,4.0)",8.3,8.4,8.35,6,5.24645973149,1.14362833359,20035,0.98874796427
16,"[1100,2000)","[3.75,4.0)",8.4,8.5,8.45,5,5.30929158457,0.941745225396,20040,0.988994719439
16,"[1100,2000)","[3.75,4.0)",8.5,8.6,8.55,10,5.37212343764,1.86146132271,20050,0.989488229778
16,"[1100,2000)","[3.75,4.0)",8.6,8.7,8.65,4,5.43495529071,0.735976615454,20054,0.989685633914
16,"[1100,2000)","[3.75,4.0)",8.7,8.8,8.75,6,5.49778714378,1.0913481812,20060,0.989981740117
16,"[1100,2000)","[3.75,4.0)",8.8,8.9,8.85,3,5.56061899685,0.539508281667,20063,0.990129793219
16,"[1100,2000)","[3.75,4.0)",8.9,9,8.95,7,5.62345084993,1.24478726441,20070,0.990475250456
16,"[1100,2000)","[3.75,4.0)",9,9.1,9.05,6,5.686282703,1.05517089343,20076,0.99077135666
16,"[1100,2000)","[3.75,4.0)",9.1,9.2,9.15,6,5.74911455607,1.04363897109,20082,0.991067462863
16,"[1100,2000)","[3.75,4.0)",9.2,9.3,9.25,3,5.81194640914,0.516178193812,20085,0.991215515965
16,"[1100,2000)","[3.75,4.0)",9.3,9.4,9.35,10,5.87477826221,1.70219190473,20095,0.991709026304
16,"[1100,2000)","[3.75,4.0)",9.4,9.5,9.45,6,5.93761011528,1.01050757519,20101,0.992005132508
16,"[1100,2000)","[3.75,4.0)",9.5,9.6,9.55,9,6.00044196836,1.49988951605,20110,0.992449291813
16,"[1100,2000)","[3.75,4.0)",9.6,9.7,9.65,4,6.06327382143,0.659709608671,20114,0.992646695948
16,"[1100,2000)","[3.75,4.0)",9.7,9.8,9.75,6,6.1261056745,0.979415034412,20120,0.992942802152
16,"[1100,2000)","[3.75,4.0)",9.8,9.9,9.85,8,6.18893752757,1.29262897943,20128,0.993337610423
16,"[1100,2000)","[3.75,4.0)",9.9,10,9.95,11,6.25176938064,1.75950188343,20139,0.993880471796
16,"[1100,2000)","[3.75,4.0)",10,10.1,10.05,7,6.31460123372,1.10854189218,20146,0.994225929033
16,"[1100,2000)","[3.75,4.0)",10.1,10.2,10.15,6,6.37743308679,0.940817397588,20152,0.994522035237
16,"[1100,2000)","[3.75,4.0)",10.2,10.3,10.25,10,6.44026493986,1.55273115212,20162,0.995015545576
16,"[1100,2000)","[3.75,4.0)",10.3,10.4,10.35,7,6.50309679293,1.07641024313,20169,0.995361002813
16,"[1100,2000)","[3.75,4.0)",10.4,10.5,10.45,5,6.565928646,0.761506904746,20174,0.995607757983
16,"[1100,2000)","[3.75,4.0)",10.5,10.6,10.55,9,6.62876049907,1.35771989367,20183,0.996051917288
16,"[1100,2000)","[3.75,4.0)",10.6,10.7,10.65,2,6.69159235215,0.298882522238,20185,0.996150619355
16,"[1100,2000)","[3.75,4.0)",10.7,10.8,10.75,4,6.75442420522,0.592204439412,20189,0.996348023491
16,"[1100,2000)","[3.75,4.0)",10.8,10.9,10.85,5,6.81725605829,0.733432917474,20194,0.996594778661
16,"[1100,2000)","[3.75,4.0)",10.9,11,10.95,6,6.88008791136,0.872081879956,20200,0.996890884864
16,"[1100,2000)","[3.75,4.0)",11,11.1,11.05,9,6.94291976443,1.29628460437,20209,0.997335044169
16,"[1100,2000)","[3.75,4.0)",11.1,11.2,11.15,7,7.00575161751,0.999179014927,20216,0.997680501407
16,"[1100,2000)","[3.75,4.0)",11.2,11.3,11.25,6,7.06858347058,0.848826363157,20222,0.99797660761
16,"[1100,2000)","[3.75,4.0)",11.3,11.4,11.35,5,7.13141532365,0.701123097321,20227,0.998223362779
16,"[1100,2000)","[3.75,4.0)",11.4,11.5,11.45,2,7.19424717672,0.277999900597,20229,0.998322064847
16,"[1100,2000)","[3.75,4.0)",11.5,11.6,11.55,4,7.25707902979,0.551185950102,20233,0.998519468983
16,"[1100,2000)","[3.75,4.0)",11.6,11.7,11.65,10,7.31991088286,1.36613685057,20243,0.999012979322
16,"[1100,2000)","[3.75,4.0)",11.7,11.8,11.75,8,7.38274273594,1.08360812318,20251,0.999407787593
16,"[1100,2000)","[3.75,4.0)",11.8,11.9,11.85,4,7.44557458901,0.537231875416,20255,0.999605191729
16,"[1100,2000)","[3.75,4.0)",11.9,12,11.95,8,7.50840644208,1.06547242237,20263,1
17,"[1100,2000)","[4.0,4.25)",0,0.1,0.05,22,0.0314159265359,700.281749604,22,0.00126146788991
17,"[1100,2000)","[4.0,4.25)",0.1,0.2,0.15,61,0.0942477796077,647.230101907,83,0.00475917431193
17,"[1100,2000)","[4.0,4.25)",0.2,0.3,0.25,46,0.157079632679,292.845095289,129,0.00739678899083
17,"[1100,2000)","[4.0,4.25)",0.3,0.4,0.35,42,0.219911485751,190.98593171,171,0.00980504587156
17,"[1100,2000)","[4.0,4.25)",0.4,0.5,0.45,24,0.282743338823,84.8826363157,195,0.0111811926606
17,"[1100,2000)","[4.0,4.25)",0.5,0.6,0.55,49,0.345575191895,141.792585664,244,0.0139908256881
17,"[1100,2000)","[4.0,4.25)",0.6,0.7,0.65,54,0.408407044967,132.221029646,298,0.0170871559633
17,"[1100,2000)","[4.0,4.25)",0.7,0.8,0.75,49,0.471238898038,103.981229487,347,0.0198967889908
17,"[1100,2000)","[4.0,4.25)",0.8,0.9,0.85,60,0.53407075111,112.344665712,407,0.0233371559633
17,"[1100,2000)","[4.0,4.25)",0.9,1,0.95,80,0.596902604182,134.025215235,487,0.0279243119266
17,"[1100,2000)","[4.0,4.25)",1,1.1,1.05,69,0.659734457254,104.587534032,556,0.031880733945
17,"[1100,2000)","[4.0,4.25)",1.1,1.2,1.15,71,0.722566310326,98.2608779089,627,0.0359518348624
17,"[1100,2000)","[4.0,4.25)",1.2,1.3,1.25,86,0.785398163397,109.498600847,713,0.0408830275229
17,"[1100,2000)","[4.0,4.25)",1.3,1.4,1.35,83,0.848230016469,97.8508168639,796,0.0456422018349
17,"[1100,2000)","[4.0,4.25)",1.4,1.5,1.45,79,0.911061869541,86.7120034777,875,0.0501720183486
17,"[1100,2000)","[4.0,4.25)",1.5,1.6,1.55,122,0.973893722613,125.270342305,997,0.0571674311927
17,"[1100,2000)","[4.0,4.25)",1.6,1.7,1.65,133,1.03672557568,128.288529886,1130,0.0647935779817
17,"[1100,2000)","[4.0,4.25)",1.7,1.8,1.75,124,1.09955742876,112.772645391,1254,0.0719036697248
17,"[1100,2000)","[4.0,4.25)",1.8,1.9,1.85,149,1.16238928183,128.184251463,1403,0.0804472477064
17,"[1100,2000)","[4.0,4.25)",1.9,2,1.95,117,1.2252211349,95.4929658551,1520,0.0871559633028
17,"[1100,2000)","[4.0,4.25)",2,2.1,2.05,116,1.28805298797,90.0584068227,1636,0.0938073394495
17,"[1100,2000)","[4.0,4.25)",2.1,2.2,2.15,152,1.35088484104,112.518843488,1788,0.10252293578
17,"[1100,2000)","[4.0,4.25)",2.2,2.3,2.25,146,1.41371669412,103.273874184,1934,0.110894495413
17,"[1100,2000)","[4.0,4.25)",2.3,2.4,2.35,166,1.47654854719,112.42434278,2100,0.120412844037
17,"[1100,2000)","[4.0,4.25)",2.4,2.5,2.45,187,1.53938040026,121.47744636,2287,0.131135321101
17,"[1100,2000)","[4.0,4.25)",2.5,2.6,2.55,196,1.60221225333,122.33085822,2483,0.142373853211
17,"[1100,2000)","[4.0,4.25)",2.6,2.7,2.65,204,1.6650441064,122.519276946,2687,0.154071100917
17,"[1100,2000)","[4.0,4.25)",2.7,2.8,2.75,168,1.72787595947,97.229201598,2855,0.16370412844
17,"[1100,2000)","[4.0,4.25)",2.8,2.9,2.85,185,1.79070781255,103.311103411,3040,0.174311926606
17,"[1100,2000)","[4.0,4.25)",2.9,3,2.95,225,1.85353966562,121.389363375,3265,0.187213302752
17,"[1100,2000)","[4.0,4.25)",3,3.1,3.05,218,1.91637151869,113.756647849,3483,0.199713302752
17,"[1100,2000)","[4.0,4.25)",3.1,3.2,3.15,230,1.97920337176,116.208371146,3713,0.212901376147
17,"[1100,2000)","[4.0,4.25)",3.2,3.3,3.25,207,2.04203522483,101.369456062,3920,0.224770642202
17,"[1100,2000)","[4.0,4.25)",3.3,3.4,3.35,238,2.10486707791,113.071273003,4158,0.238417431193
17,"[1100,2000)","[4.0,4.25)",3.4,3.5,3.45,252,2.16769893098,116.252306258,4410,0.252866972477
17,"[1100,2000)","[4.0,4.25)",3.5,3.6,3.55,239,2.23053078405,107.149384222,4649,0.266571100917
17,"[1100,2000)","[4.0,4.25)",3.6,3.7,3.65,246,2.29336263712,107.266071235,4895,0.280676605505
17,"[1100,2000)","[4.0,4.25)",3.7,3.8,3.75,239,2.35619449019,101.434750397,5134,0.294380733945
17,"[1100,2000)","[4.0,4.25)",3.8,3.9,3.85,268,2.41902634326,110.78837597,5402,0.309747706422
17,"[1100,2000)","[4.0,4.25)",3.9,4,3.95,276,2.48185819634,111.206998211,5678,0.325573394495
17,"[1100,2000)","[4.0,4.25)",4,4.1,4.05,329,2.54469004941,129.288830314,6007,0.344438073394
17,"[1100,2000)","[4.0,4.25)",4.1,4.2,4.15,270,2.60752190248,103.546589481,6277,0.359919724771
17,"[1100,2000)","[4.0,4.25)",4.2,4.3,4.25,312,2.67035375555,116.83845234,6589,0.377809633028
17,"[1100,2000)","[4.0,4.25)",4.3,4.4,4.35,294,2.73318560862,107.566789124,6883,0.394667431193
17,"[1100,2000)","[4.0,4.25)",4.4,4.5,4.45,303,2.79601746169,108.368421925,7186,0.412041284404
17,"[1100,2000)","[4.0,4.25)",4.5,4.6,4.55,318,2.85884931477,111.233564622,7504,0.430275229358
17,"[1100,2000)","[4.0,4.25)",4.6,4.7,4.65,348,2.92168116784,119.109505798,7852,0.450229357798
17,"[1100,2000)","[4.0,4.25)",4.7,4.8,4.75,311,2.98451302091,104.204604845,8163,0.468061926606
17,"[1100,2000)","[4.0,4.25)",4.8,4.9,4.85,329,3.04734487398,107.962837685,8492,0.486926605505
17,"[1100,2000)","[4.0,4.25)",4.9,5,4.95,341,3.11017672705,109.640071908,8833,0.506479357798
17,"[1100,2000)","[4.0,4.25)",5,5.1,5.05,379,3.17300858013,119.444996895,9212,0.528211009174
17,"[1100,2000)","[4.0,4.25)",5.1,5.2,5.15,337,3.2358404332,104.14605014,9549,0.54753440367
17,"[1100,2000)","[4.0,4.25)",5.2,5.3,5.25,359,3.29867228627,108.831665848,9908,0.568119266055
17,"[1100,2000)","[4.0,4.25)",5.3,5.4,5.35,373,3.36150413934,110.962231352,10281,0.589506880734
17,"[1100,2000)","[4.0,4.25)",5.4,5.5,5.45,391,3.42433599241,114.18272064,10672,0.611926605505
17,"[1100,2000)","[4.0,4.25)",5.5,5.6,5.55,392,3.48716784548,112.412139986,11064,0.634403669725
17,"[1100,2000)","[4.0,4.25)",5.6,5.7,5.65,380,3.54999969856,107.04226261,11444,0.65619266055
17,"[1100,2000)","[4.0,4.25)",5.7,5.8,5.75,408,3.61283155163,112.930811794,11852,0.679587155963
17,"[1100,2000)","[4.0,4.25)",5.8,5.9,5.85,438,3.6756634047,119.16216252,12290,0.704701834862
17,"[1100,2000)","[4.0,4.25)",5.9,6,5.95,387,3.73849525777,103.517584835,12677,0.726892201835
17,"[1100,2000)","[4.0,4.25)",6,6.1,6.05,418,3.80132711084,109.961597045,13095,0.750860091743
17,"[1100,2000)","[4.0,4.25)",6.1,6.2,6.15,410,3.86415896392,106.103295395,13505,0.774369266055
17,"[1100,2000)","[4.0,4.25)",6.2,6.3,6.25,424,3.92699081699,107.970713394,13929,0.798681192661
17,"[1100,2000)","[4.0,4.25)",6.3,6.4,6.35,462,3.98982267006,115.794620013,14391,0.825172018349
17,"[1100,2000)","[4.0,4.25)",6.4,6.5,6.45,463,4.05265452313,114.246106437,14854,0.851720183486
17,"[1100,2000)","[4.0,4.25)",6.5,6.6,6.55,414,4.1154863762,100.59564342,15268,0.875458715596
17,"[1100,2000)","[4.0,4.25)",6.6,6.7,6.65,405,4.17831822927,96.9289503041,15673,0.898681192661
17,"[1100,2000)","[4.0,4.25)",6.7,6.8,6.75,395,4.24115008235,93.1351148464,16068,0.921330275229
17,"[1100,2000)","[4.0,4.25)",6.8,6.9,6.85,338,4.30398193542,78.5319281242,16406,0.940711009174
17,"[1100,2000)","[4.0,4.25)",6.9,7,6.95,274,4.36681378849,62.7459775643,16680,0.956422018349
17,"[1100,2000)","[4.0,4.25)",7,7.1,7.05,183,4.42964564156,41.3125596962,16863,0.966915137615
17,"[1100,2000)","[4.0,4.25)",7.1,7.2,7.15,135,4.49247749463,30.0502340104,16998,0.974655963303
17,"[1100,2000)","[4.0,4.25)",7.2,7.3,7.25,84,4.55530934771,18.4400209927,17082,0.979472477064
17,"[1100,2000)","[4.0,4.25)",7.3,7.4,7.35,61,4.61814120078,13.2087775899,17143,0.982970183486
17,"[1100,2000)","[4.0,4.25)",7.4,7.5,7.45,26,4.68097305385,5.55440069851,17169,0.984461009174
17,"[1100,2000)","[4.0,4.25)",7.5,7.6,7.55,19,4.74380490692,4.00522373344,17188,0.985550458716
17,"[1100,2000)","[4.0,4.25)",7.6,7.7,7.65,17,4.80663675999,3.53677651315,17205,0.986525229358
17,"[1100,2000)","[4.0,4.25)",7.7,7.8,7.75,16,4.86946861306,3.28577947028,17221,0.98744266055
17,"[1100,2000)","[4.0,4.25)",7.8,7.9,7.85,10,4.93230046614,2.02745150436,17231,0.988016055046
17,"[1100,2000)","[4.0,4.25)",7.9,8,7.95,9,4.99513231921,1.80175407274,17240,0.988532110092
17,"[1100,2000)","[4.0,4.25)",8,8.1,8.05,5,5.05796417228,0.988540019204,17245,0.988818807339
17,"[1100,2000)","[4.0,4.25)",8.1,8.2,8.15,6,5.12079602535,1.17169283258,17251,0.989162844037
17,"[1100,2000)","[4.0,4.25)",8.2,8.3,8.25,3,5.18362787842,0.578745247607,17254,0.989334862385
17,"[1100,2000)","[4.0,4.25)",8.3,8.4,8.35,3,5.24645973149,0.571814166797,17257,0.989506880734
17,"[1100,2000)","[4.0,4.25)",8.4,8.5,8.45,10,5.30929158457,1.88349045079,17267,0.990080275229
17,"[1100,2000)","[4.0,4.25)",8.5,8.6,8.55,0,5.37212343764,0,17267,0.990080275229
17,"[1100,2000)","[4.0,4.25)",8.6,8.7,8.65,2,5.43495529071,0.367988307727,17269,0.990194954128
17,"[1100,2000)","[4.0,4.25)",8.7,8.8,8.75,5,5.49778714378,0.909456817668,17274,0.990481651376
17,"[1100,2000)","[4.0,4.25)",8.8,8.9,8.85,7,5.56061899685,1.25885265722,17281,0.990883027523
17,"[1100,2000)","[4.0,4.25)",8.9,9,8.95,3,5.62345084993,0.533480256174,17284,0.991055045872
17,"[1100,2000)","[4.0,4.25)",9,9.1,9.05,5,5.686282703,0.879309077856,17289,0.991341743119
17,"[1100,2000)","[4.0,4.25)",9.1,9.2,9.15,4,5.74911455607,0.695759314063,17293,0.991571100917
17,"[1100,2000)","[4.0,4.25)",9.2,9.3,9.25,3,5.81194640914,0.516178193812,17296,0.991743119266
17,"[1100,2000)","[4.0,4.25)",9.3,9.4,9.35,3,5.87477826221,0.510657571418,17299,0.991915137615
17,"[1100,2000)","[4.0,4.25)",9.4,9.5,9.45,6,5.93761011528,1.01050757519,17305,0.992259174312
17,"[1100,2000)","[4.0,4.25)",9.5,9.6,9.55,7,6.00044196836,1.1665807347,17312,0.992660550459
17,"[1100,2000)","[4.0,4.25)",9.6,9.7,9.65,7,6.06327382143,1.15449181517,17319,0.993061926606
17,"[1100,2000)","[4.0,4.25)",9.7,9.8,9.75,9,6.1261056745,1.46912255162,17328,0.993577981651
17,"[1100,2000)","[4.0,4.25)",9.8,9.9,9.85,6,6.18893752757,0.96947173457,17334,0.993922018349
17,"[1100,2000)","[4.0,4.25)",9.9,10,9.95,7,6.25176938064,1.11968301673,17341,0.994323394495
17,"[1100,2000)","[4.0,4.25)",10,10.1,10.05,7,6.31460123372,1.10854189218,17348,0.994724770642
17,"[1100,2000)","[4.0,4.25)",10.1,10.2,10.15,4,6.37743308679,0.627211598392,17352,0.99495412844
17,"[1100,2000)","[4.0,4.25)",10.2,10.3,10.25,8,6.44026493986,1.24218492169,17360,0.995412844037
17,"[1100,2000)","[4.0,4.25)",10.3,10.4,10.35,4,6.50309679293,0.615091567505,17364,0.995642201835
17,"[1100,2000)","[4.0,4.25)",10.4,10.5,10.45,3,6.565928646,0.456904142848,17367,0.995814220183
17,"[1100,2000)","[4.0,4.25)",10.5,10.6,10.55,7,6.62876049907,1.05600436175,17374,0.99621559633
17,"[1100,2000)","[4.0,4.25)",10.6,10.7,10.65,4,6.69159235215,0.597765044477,17378,0.996444954128
17,"[1100,2000)","[4.0,4.25)",10.7,10.8,10.75,1,6.75442420522,0.148051109853,17379,0.996502293578
17,"[1100,2000)","[4.0,4.25)",10.8,10.9,10.85,3,6.81725605829,0.440059750485,17382,0.996674311927
17,"[1100,2000)","[4.0,4.25)",10.9,11,10.95,5,6.88008791136,0.726734899963,17387,0.996961009174
17,"[1100,2000)","[4.0,4.25)",11,11.1,11.05,3,6.94291976443,0.432094868123,17390,0.997133027523
17,"[1100,2000)","[4.0,4.25)",11.1,11.2,11.15,4,7.00575161751,0.570959437101,17394,0.997362385321
17,"[1100,2000)","[4.0,4.25)",11.2,11.3,11.25,9,7.06858347058,1.27323954474,17403,0.997878440367
17,"[1100,2000)","[4.0,4.25)",11.3,11.4,11.35,5,7.13141532365,0.701123097321,17408,0.998165137615
17,"[1100,2000)","[4.0,4.25)",11.4,11.5,11.45,5,7.19424717672,0.694999751493,17413,0.998451834862
17,"[1100,2000)","[4.0,4.25)",11.5,11.6,11.55,4,7.25707902979,0.551185950102,17417,0.998681192661
17,"[1100,2000)","[4.0,4.25)",11.6,11.7,11.65,5,7.31991088286,0.683068425287,17422,0.998967889908
17,"[1100,2000)","[4.0,4.25)",11.7,11.8,11.75,5,7.38274273594,0.677255076987,17427,0.999254587156
17,"[1100,2000)","[4.0,4.25)",11.8,11.9,11.85,8,7.44557458901,1.07446375083,17435,0.999713302752
17,"[1100,2000)","[4.0,4.25)",11.9,12,11.95,5,7.50840644208,0.665920263983,17440,1
18,"[1100,2000)","[4.25,4.5)",0,0.1,0.05,11,0.0314159265359,350.140874802,11,0.00120376449989
18,"[1100,2000)","[4.25,4.5)",0.1,0.2,0.15,23,0.0942477796077,244.037579408,34,0.00372072663603
18,"[1100,2000)","[4.25,4.5)",0.2,0.3,0.25,12,0.157079632679,76.3943726841,46,0.00503392427227
18,"[1100,2000)","[4.25,4.5)",0.3,0.4,0.35,17,0.219911485751,77.3038295018,63,0.00689428759028
18,"[1100,2000)","[4.25,4.5)",0.4,0.5,0.45,22,0.282743338823,77.8090832894,85,0.00930181659006
18,"[1100,2000)","[4.25,4.5)",0.5,0.6,0.55,19,0.345575191895,54.9807985227,104,0.0113810461808
18,"[1100,2000)","[4.25,4.5)",0.6,0.7,0.65,22,0.408407044967,53.8678268926,126,0.0137885751806
18,"[1100,2000)","[4.25,4.5)",0.7,0.8,0.75,21,0.471238898038,44.5633840657,147,0.016086671044
18,"[1100,2000)","[4.25,4.5)",0.8,0.9,0.85,30,0.53407075111,56.172332856,177,0.0193696651346
18,"[1100,2000)","[4.25,4.5)",0.9,1,0.95,28,0.596902604182,46.9088253323,205,0.0224337929525
18,"[1100,2000)","[4.25,4.5)",1,1.1,1.05,33,0.659734457254,50.0201249717,238,0.0260450864522
18,"[1100,2000)","[4.25,4.5)",1.1,1.2,1.15,43,0.722566310326,59.5101091561,281,0.0307507113154
18,"[1100,2000)","[4.25,4.5)",1.2,1.3,1.25,40,0.785398163397,50.9295817894,321,0.0351280367695
18,"[1100,2000)","[4.25,4.5)",1.3,1.4,1.35,48,0.848230016469,56.5884242105,369,0.0403808273145
18,"[1100,2000)","[4.25,4.5)",1.4,1.5,1.45,55,0.911061869541,60.3691163452,424,0.046399649814
18,"[1100,2000)","[4.25,4.5)",1.5,1.6,1.55,32,0.973893722613,32.8577947028,456,0.0499015101773
18,"[1100,2000)","[4.25,4.5)",1.6,1.7,1.65,85,1.03672557568,81.9889100776,541,0.0592033267673
18,"[1100,2000)","[4.25,4.5)",1.7,1.8,1.75,61,1.09955742876,55.4768658777,602,0.0658787480849
18,"[1100,2000)","[4.25,4.5)",1.8,1.9,1.85,55,1.16238928183,47.3163344327,657,0.0718975705844
18,"[1100,2000)","[4.25,4.5)",1.9,2,1.95,62,1.2252211349,50.6031101113,719,0.0786824250383
18,"[1100,2000)","[4.25,4.5)",2,2.1,2.05,79,1.28805298797,61.3328805086,798,0.0873276428102
18,"[1100,2000)","[4.25,4.5)",2.1,2.2,2.15,69,1.35088484104,51.0776328993,867,0.0948785292186
18,"[1100,2000)","[4.25,4.5)",2.2,2.3,2.25,102,1.41371669412,72.1502408683,969,0.106040709127
18,"[1100,2000)","[4.25,4.5)",2.3,2.4,2.35,92,1.47654854719,62.3074670828,1061,0.116108557671
18,"[1100,2000)","[4.25,4.5)",2.4,2.5,2.45,103,1.53938040026,66.9100372999,1164,0.127380170716
18,"[1100,2000)","[4.25,4.5)",2.5,2.6,2.55,80,1.60221225333,49.9309625386,1244,0.136134821624
18,"[1100,2000)","[4.25,4.5)",2.6,2.7,2.65,110,1.6650441064,66.0643160004,1354,0.148172466623
18,"[1100,2000)","[4.25,4.5)",2.7,2.8,2.75,104,1.72787595947,60.1895057511,1458,0.159553512804
18,"[1100,2000)","[4.25,4.5)",2.8,2.9,2.85,127,1.79070781255,70.9216763953,1585,0.173451521121
18,"[1100,2000)","[4.25,4.5)",2.9,3,2.95,112,1.85353966562,60.4249275468,1697,0.185708032392
18,"[1100,2000)","[4.25,4.5)",3,3.1,3.05,124,1.91637151869,64.7056162079,1821,0.1992777413
18,"[1100,2000)","[4.25,4.5)",3.1,3.2,3.15,112,1.97920337176,56.5884242105,1933,0.211534252572
18,"[1100,2000)","[4.25,4.5)",3.2,3.3,3.25,116,2.04203522483,56.8060719959,2049,0.224228496389
18,"[1100,2000)","[4.25,4.5)",3.3,3.4,3.35,132,2.10486707791,62.711798472,2181,0.238673670387
18,"[1100,2000)","[4.25,4.5)",3.4,3.5,3.45,125,2.16769893098,57.6648344536,2306,0.252352812432
18,"[1100,2000)","[4.25,4.5)",3.5,3.6,3.55,143,2.23053078405,64.1103010201,2449,0.26800175093
18,"[1100,2000)","[4.25,4.5)",3.6,3.7,3.65,142,2.29336263712,61.9178134768,2591,0.283541256292
18,"[1100,2000)","[4.25,4.5)",3.7,3.8,3.75,129,2.35619449019,54.7493004236,2720,0.297658130882
18,"[1100,2000)","[4.25,4.5)",3.8,3.9,3.85,149,2.41902634326,61.5950299239,2869,0.313963668199
18,"[1100,2000)","[4.25,4.5)",3.9,4,3.95,152,2.48185819634,61.2444337974,3021,0.330597504924
18,"[1100,2000)","[4.25,4.5)",4,4.1,4.05,153,2.54469004941,60.1252007236,3174,0.347340774787
18,"[1100,2000)","[4.25,4.5)",4.1,4.2,4.15,121,2.60752190248,46.4042123232,3295,0.360582184285
18,"[1100,2000)","[4.25,4.5)",4.2,4.3,4.25,160,2.67035375555,59.9171550464,3455,0.378091486102
18,"[1100,2000)","[4.25,4.5)",4.3,4.4,4.35,139,2.73318560862,50.8564071029,3594,0.393302692055
18,"[1100,2000)","[4.25,4.5)",4.4,4.5,4.45,173,2.79601746169,61.8737194492,3767,0.412234624644
18,"[1100,2000)","[4.25,4.5)",4.5,4.6,4.55,159,2.85884931477,55.6167823112,3926,0.429634493325
18,"[1100,2000)","[4.25,4.5)",4.6,4.7,4.65,150,2.92168116784,51.3403042232,4076,0.446049463778
18,"[1100,2000)","[4.25,4.5)",4.7,4.8,4.75,194,2.98451302091,65.0022293891,4270,0.46727949223
18,"[1100,2000)","[4.25,4.5)",4.8,4.9,4.85,149,3.04734487398,48.895023754,4419,0.483585029547
18,"[1100,2000)","[4.25,4.5)",4.9,5,4.95,166,3.11017672705,53.3731728349,4585,0.501750930182
18,"[1100,2000)","[4.25,4.5)",5,5.1,5.05,178,3.17300858013,56.0981779611,4763,0.521230028453
18,"[1100,2000)","[4.25,4.5)",5.1,5.2,5.15,192,3.2358404332,59.3354350945,4955,0.542241190633
18,"[1100,2000)","[4.25,4.5)",5.2,5.3,5.25,208,3.29867228627,63.0556726916,5163,0.565003282994
18,"[1100,2000)","[4.25,4.5)",5.3,5.4,5.35,197,3.36150413934,58.6047173628,5360,0.586561610856
18,"[1100,2000)","[4.25,4.5)",5.4,5.5,5.45,202,3.42433599241,58.9895385405,5562,0.608667104399
18,"[1100,2000)","[4.25,4.5)",5.5,5.6,5.55,212,3.48716784548,60.7943206045,5774,0.631866929306
18,"[1100,2000)","[4.25,4.5)",5.6,5.7,5.65,200,3.54999969856,56.3380329529,5974,0.653753556577
18,"[1100,2000)","[4.25,4.5)",5.7,5.8,5.75,250,3.61283155163,69.1978013443,6224,0.681111840665
18,"[1100,2000)","[4.25,4.5)",5.8,5.9,5.85,200,3.6756634047,54.4119463562,6424,0.702998467936
18,"[1100,2000)","[4.25,4.5)",5.9,6,5.95,223,3.73849525777,59.649667747,6647,0.727402057343
18,"[1100,2000)","[4.25,4.5)",6,6.1,6.05,221,3.80132711084,58.1375907823,6868,0.751586780477
18,"[1100,2000)","[4.25,4.5)",6.1,6.2,6.15,232,3.86415896392,60.0389378818,7100,0.776975268111
18,"[1100,2000)","[4.25,4.5)",6.2,6.3,6.25,233,3.92699081699,59.3329627847,7333,0.802473188882
18,"[1100,2000)","[4.25,4.5)",6.3,6.4,6.35,192,3.98982267006,48.1224394861,7525,0.823484351062
18,"[1100,2000)","[4.25,4.5)",6.4,6.5,6.45,224,4.05265452313,55.2724143451,7749,0.847997373605
18,"[1100,2000)","[4.25,4.5)",6.5,6.6,6.55,225,4.1154863762,54.6715453369,7974,0.872619829284
18,"[1100,2000)","[4.25,4.5)",6.6,6.7,6.65,224,4.17831822927,53.6100860941,8198,0.897132851828
18,"[1100,2000)","[4.25,4.5)",6.7,6.8,6.75,182,4.24115008235,42.9128883596,8380,0.917049682644
18,"[1100,2000)","[4.25,4.5)",6.8,6.9,6.85,180,4.30398193542,41.8217368709,8560,0.936747647188
18,"[1100,2000)","[4.25,4.5)",6.9,7,6.95,173,4.36681378849,39.6169858344,8733,0.955679579777
18,"[1100,2000)","[4.25,4.5)",7,7.1,7.05,107,4.42964564156,24.1554310792,8840,0.967388925367
18,"[1100,2000)","[4.25,4.5)",7.1,7.2,7.15,74,4.49247749463,16.4719801242,8914,0.975486977457
18,"[1100,2000)","[4.25,4.5)",7.2,7.3,7.25,39,4.55530934771,8.56143831805,8953,0.979754869775
18,"[1100,2000)","[4.25,4.5)",7.3,7.4,7.35,17,4.61814120078,3.68113473818,8970,0.981615233093
18,"[1100,2000)","[4.25,4.5)",7.4,7.5,7.45,12,4.68097305385,2.56356955316,8982,0.982928430729
18,"[1100,2000)","[4.25,4.5)",7.5,7.6,7.55,11,4.74380490692,2.31881374041,8993,0.984132195229
18,"[1100,2000)","[4.25,4.5)",7.6,7.7,7.65,11,4.80663675999,2.28850244969,9004,0.985335959729
18,"[1100,2000)","[4.25,4.5)",7.7,7.8,7.75,2,4.86946861306,0.410722433786,9006,0.985554826001
18,"[1100,2000)","[4.25,4.5)",7.8,7.9,7.85,6,4.93230046614,1.21647090261,9012,0.986211424819
18,"[1100,2000)","[4.25,4.5)",7.9,8,7.95,2,4.99513231921,0.400389793942,9014,0.986430291092
18,"[1100,2000)","[4.25,4.5)",8,8.1,8.05,5,5.05796417228,0.988540019204,9019,0.986977456774
18,"[1100,2000)","[4.25,4.5)",8.1,8.2,8.15,1,5.12079602535,0.195282138763,9020,0.98708688991
18,"[1100,2000)","[4.25,4.5)",8.2,8.3,8.25,3,5.18362787842,0.578745247607,9023,0.987415189319
18,"[1100,2000)","[4.25,4.5)",8.3,8.4,8.35,5,5.24645973149,0.953023611329,9028,0.987962355001
18,"[1100,2000)","[4.25,4.5)",8.4,8.5,8.45,1,5.30929158457,0.188349045079,9029,0.988071788137
18,"[1100,2000)","[4.25,4.5)",8.5,8.6,8.55,0,5.37212343764,0,9029,0.988071788137
18,"[1100,2000)","[4.25,4.5)",8.6,8.7,8.65,4,5.43495529071,0.735976615454,9033,0.988509520683
18,"[1100,2000)","[4.25,4.5)",8.7,8.8,8.75,4,5.49778714378,0.727565454134,9037,0.988947253228
18,"[1100,2000)","[4.25,4.5)",8.8,8.9,8.85,1,5.56061899685,0.179836093889,9038,0.989056686365
18,"[1100,2000)","[4.25,4.5)",8.9,9,8.95,1,5.62345084993,0.177826752058,9039,0.989166119501
18,"[1100,2000)","[4.25,4.5)",9,9.1,9.05,1,5.686282703,0.175861815571,9040,0.989275552637
18,"[1100,2000)","[4.25,4.5)",9.1,9.2,9.15,2,5.74911455607,0.347879657031,9042,0.98949441891
18,"[1100,2000)","[4.25,4.5)",9.2,9.3,9.25,2,5.81194640914,0.344118795874,9044,0.989713285183
18,"[1100,2000)","[4.25,4.5)",9.3,9.4,9.35,1,5.87477826221,0.170219190473,9045,0.989822718319
18,"[1100,2000)","[4.25,4.5)",9.4,9.5,9.45,1,5.93761011528,0.168417929198,9046,0.989932151455
18,"[1100,2000)","[4.25,4.5)",9.5,9.6,9.55,5,6.00044196836,0.833271953361,9051,0.990479317137
18,"[1100,2000)","[4.25,4.5)",9.6,9.7,9.65,4,6.06327382143,0.659709608671,9055,0.990917049683
18,"[1100,2000)","[4.25,4.5)",9.7,9.8,9.75,3,6.1261056745,0.489707517206,9058,0.991245349092
18,"[1100,2000)","[4.25,4.5)",9.8,9.9,9.85,6,6.18893752757,0.96947173457,9064,0.99190194791
18,"[1100,2000)","[4.25,4.5)",9.9,10,9.95,3,6.25176938064,0.479864150026,9067,0.992230247319
18,"[1100,2000)","[4.25,4.5)",10,10.1,10.05,5,6.31460123372,0.791815637273,9072,0.992777413001
18,"[1100,2000)","[4.25,4.5)",10.1,10.2,10.15,5,6.37743308679,0.78401449799,9077,0.993324578682
18,"[1100,2000)","[4.25,4.5)",10.2,10.3,10.25,3,6.44026493986,0.465819345635,9080,0.993652878091
18,"[1100,2000)","[4.25,4.5)",10.3,10.4,10.35,6,6.50309679293,0.922637351257,9086,0.99430947691
18,"[1100,2000)","[4.25,4.5)",10.4,10.5,10.45,2,6.565928646,0.304602761898,9088,0.994528343182
18,"[1100,2000)","[4.25,4.5)",10.5,10.6,10.55,3,6.62876049907,0.452573297892,9091,0.994856642591
18,"[1100,2000)","[4.25,4.5)",10.6,10.7,10.65,2,6.69159235215,0.298882522238,9093,0.995075508864
18,"[1100,2000)","[4.25,4.5)",10.7,10.8,10.75,2,6.75442420522,0.296102219706,9095,0.995294375137
18,"[1100,2000)","[4.25,4.5)",10.8,10.9,10.85,3,6.81725605829,0.440059750485,9098,0.995622674546
18,"[1100,2000)","[4.25,4.5)",10.9,11,10.95,4,6.88008791136,0.58138791997,9102,0.996060407091
18,"[1100,2000)","[4.25,4.5)",11,11.1,11.05,1,6.94291976443,0.144031622708,9103,0.996169840228
18,"[1100,2000)","[4.25,4.5)",11.1,11.2,11.15,6,7.00575161751,0.856439155651,9109,0.996826439046
18,"[1100,2000)","[4.25,4.5)",11.2,11.3,11.25,4,7.06858347058,0.565884242105,9113,0.997264171591
18,"[1100,2000)","[4.25,4.5)",11.3,11.4,11.35,1,7.13141532365,0.140224619464,9114,0.997373604728
18,"[1100,2000)","[4.25,4.5)",11.4,11.5,11.45,1,7.19424717672,0.138999950299,9115,0.997483037864
18,"[1100,2000)","[4.25,4.5)",11.5,11.6,11.55,5,7.25707902979,0.688982437627,9120,0.998030203546
18,"[1100,2000)","[4.25,4.5)",11.6,11.7,11.65,6,7.31991088286,0.819682110345,9126,0.998686802364
18,"[1100,2000)","[4.25,4.5)",11.7,11.8,11.75,1,7.38274273594,0.135451015397,9127,0.9987962355
18,"[1100,2000)","[4.25,4.5)",11.8,11.9,11.85,5,7.44557458901,0.67153984427,9132,0.999343401182
18,"[1100,2000)","[4.25,4.5)",11.9,12,11.95,6,7.50840644208,0.799104316779,9138,1
