label,map_uri,pass5_ltime_seconds,mjd0,mjd1
20220101_0,root://eos01.ihep.ac.cn//eos/user/l/liushijie/pass5_crab_v6_sorted_gti/pass5_crab_v6_sorted_gti_map_chunks/20220101_0_BKG_J2000.root,14233.600000001416,59579.666915780523,59579.833548603274
20220101_1,root://eos01.ihep.ac.cn//eos/user/l/liushijie/pass5_crab_v6_sorted_gti/pass5_crab_v6_sorted_gti_map_chunks/20220101_1_BKG_J2000.root,14252.900000001417,59579.833531946591,59580.000308522569
20220101_2,root://eos01.ihep.ac.cn//eos/user/l/liushijie/pass5_crab_v6_sorted_gti/pass5_crab_v6_sorted_gti_map_chunks/20220101_2_BKG_J2000.root,14233.800000001414,59580.000275235405,59580.166957391353
20220101_3,root://eos01.ihep.ac.cn//eos/user/l/liushijie/pass5_crab_v6_sorted_gti/pass5_crab_v6_sorted_gti_map_chunks/20220101_3_BKG_J2000.root,7391.3000000003867,59580.166940051953,59580.291848331726
20220101_4,root://eos01.ihep.ac.cn//eos/user/l/liushijie/pass5_crab_v6_sorted_gti/pass5_crab_v6_sorted_gti_map_chunks/20220101_4_BKG_J2000.root,11395.10000000099,59580.33358543252,59580.500269667937
20220101_5,root://eos01.ihep.ac.cn//eos/user/l/liushijie/pass5_crab_v6_sorted_gti/pass5_crab_v6_sorted_gti_map_chunks/20220101_5_BKG_J2000.root,14208.900000001411,59580.500280360953,59580.666609941669
20220102_0,root://eos01.ihep.ac.cn//eos/user/l/liushijie/pass5_crab_v6_sorted_gti/pass5_crab_v6_sorted_gti_map_chunks/20220102_0_BKG_J2000.root,14099.700000001394,59580.666618546922,59580.83345415652
20220102_1,root://eos01.ihep.ac.cn//eos/user/l/liushijie/pass5_crab_v6_sorted_gti/pass5_crab_v6_sorted_gti_map_chunks/20220102_1_BKG_J2000.root,14172.300000001405,59580.833496993015,59581.000182634838
20220102_2,root://eos01.ihep.ac.cn//eos/user/l/liushijie/pass5_crab_v6_sorted_gti/pass5_crab_v6_sorted_gti_map_chunks/20220102_2_BKG_J2000.root,14163.700000001405,59581.000230357626,59581.166846935957
20220102_3,root://eos01.ihep.ac.cn//eos/user/l/liushijie/pass5_crab_v6_sorted_gti/pass5_crab_v6_sorted_gti_map_chunks/20220102_3_BKG_J2000.root,7092.3000000003422,59581.166899770411,59581.291771024793
20220102_4,root://eos01.ihep.ac.cn//eos/user/l/liushijie/pass5_crab_v6_sorted_gti/pass5_crab_v6_sorted_gti_map_chunks/20220102_4_BKG_J2000.root,11561.900000001013,59581.33337269201,59581.5000476485
20220102_5,root://eos01.ihep.ac.cn//eos/user/l/liushijie/pass5_crab_v6_sorted_gti/pass5_crab_v6_sorted_gti_map_chunks/20220102_5_BKG_J2000.root,14268.80000000142,59581.500112965805,59581.666853697294
20220103_0,root://eos01.ihep.ac.cn//eos/user/l/liushijie/pass5_crab_v6_sorted_gti/pass5_crab_v6_sorted_gti_map_chunks/20220103_0_BKG_J2000.root,14252.400000001418,59581.666918520583,59581.833555521509
20220103_1,root://eos01.ihep.ac.cn//eos/user/l/liushijie/pass5_crab_v6_sorted_gti/pass5_crab_v6_sorted_gti_map_chunks/20220103_1_BKG_J2000.root,14239.700000001416,59581.833575256751,59582.000168051767
20220103_2,root://eos01.ihep.ac.cn//eos/user/l/liushijie/pass5_crab_v6_sorted_gti/pass5_crab_v6_sorted_gti_map_chunks/20220103_2_BKG_J2000.root,14232.600000001414,59582.000186345555,59582.166759443018
20220103_3,root://eos01.ihep.ac.cn//eos/user/l/liushijie/pass5_crab_v6_sorted_gti/pass5_crab_v6_sorted_gti_map_chunks/20220103_3_BKG_J2000.root,6960.500000000322,59582.166779638639,59582.250191886022
20220103_4,root://eos01.ihep.ac.cn//eos/user/l/liushijie/pass5_crab_v6_sorted_gti/pass5_crab_v6_sorted_gti_map_chunks/20220103_4_BKG_J2000.root,11879.300000001062,59582.333626853135,59582.500377266617
20220103_5,root://eos01.ihep.ac.cn//eos/user/l/liushijie/pass5_crab_v6_sorted_gti/pass5_crab_v6_sorted_gti_map_chunks/20220103_5_BKG_J2000.root,14212.50000000141,59582.500395646377,59582.666706918084
20220104_0,root://eos01.ihep.ac.cn//eos/user/l/liushijie/pass5_crab_v6_sorted_gti/pass5_crab_v6_sorted_gti_map_chunks/20220104_0_BKG_J2000.root,14263.30000000142,59582.666699771959,59582.833607160603
20220104_1,root://eos01.ihep.ac.cn//eos/user/l/liushijie/pass5_crab_v6_sorted_gti/pass5_crab_v6_sorted_gti_map_chunks/20220104_1_BKG_J2000.root,14234.500000001413,59582.833586805806,59583.00003240419
20220104_2,root://eos01.ihep.ac.cn//eos/user/l/liushijie/pass5_crab_v6_sorted_gti/pass5_crab_v6_sorted_gti_map_chunks/20220104_2_BKG_J2000.root,14172.000000001406,59583.000000938118,59583.166800692554
20220104_3,root://eos01.ihep.ac.cn//eos/user/l/liushijie/pass5_crab_v6_sorted_gti/pass5_crab_v6_sorted_gti_map_chunks/20220104_3_BKG_J2000.root,6846.7000000003054,59583.166799309176,59583.250332175368
20220104_4,root://eos01.ihep.ac.cn//eos/user/l/liushijie/pass5_crab_v6_sorted_gti/pass5_crab_v6_sorted_gti_map_chunks/20220104_4_BKG_J2000.root,12037.300000001083,59583.333472934246,59583.500022683424
20220104_5,root://eos01.ihep.ac.cn//eos/user/l/liushijie/pass5_crab_v6_sorted_gti/pass5_crab_v6_sorted_gti_map_chunks/20220104_5_BKG_J2000.root,14194.700000001409,59583.499979181121,59583.666959713832
20220105_0,root://eos01.ihep.ac.cn//eos/user/l/liushijie/pass5_crab_v6_sorted_gti/pass5_crab_v6_sorted_gti_map_chunks/20220105_0_BKG_J2000.root,14296.900000001424,59583.666925015459,59583.833303000691
20220105_1,root://eos01.ihep.ac.cn//eos/user/l/liushijie/pass5_crab_v6_sorted_gti/pass5_crab_v6_sorted_gti_map_chunks/20220105_1_BKG_J2000.root,14279.500000001422,59583.833756035921,59584.000339343511
20220105_2,root://eos01.ihep.ac.cn//eos/user/l/liushijie/pass5_crab_v6_sorted_gti/pass5_crab_v6_sorted_gti_map_chunks/20220105_2_BKG_J2000.root,14274.000000001421,59584.000321069543,59584.166963648233
20220105_3,root://eos01.ihep.ac.cn//eos/user/l/liushijie/pass5_crab_v6_sorted_gti/pass5_crab_v6_sorted_gti_map_chunks/20220105_3_BKG_J2000.root,6573.2000000002636,59584.166941455929,59584.250244632174
20220105_4,root://eos01.ihep.ac.cn//eos/user/l/liushijie/pass5_crab_v6_sorted_gti/pass5_crab_v6_sorted_gti_map_chunks/20220105_4_BKG_J2000.root,7126.9000000003471,59584.41697824841,59584.499988182921
20220105_5,root://eos01.ihep.ac.cn//eos/user/l/liushijie/pass5_crab_v6_sorted_gti/pass5_crab_v6_sorted_gti_map_chunks/20220105_5_BKG_J2000.root,10715.500000000886,59584.500419914126,59584.62531873097
20220106_0,root://eos01.ihep.ac.cn//eos/user/l/liushijie/pass5_crab_v6_sorted_gti/pass5_crab_v6_sorted_gti_map_chunks/20220106_0_BKG_J2000.root,14272.400000001422,59584.666667375539,59584.833624297455
20220106_1,root://eos01.ihep.ac.cn//eos/user/l/liushijie/pass5_crab_v6_sorted_gti/pass5_crab_v6_sorted_gti_map_chunks/20220106_1_BKG_J2000.root,14295.300000001424,59584.833579870225,59585.000375224852
20220106_2,root://eos01.ihep.ac.cn//eos/user/l/liushijie/pass5_crab_v6_sorted_gti/pass5_crab_v6_sorted_gti_map_chunks/20220106_2_BKG_J2000.root,14224.300000001414,59585.000337271536,59585.166880551325
20220106_3,root://eos01.ihep.ac.cn//eos/user/l/liushijie/pass5_crab_v6_sorted_gti/pass5_crab_v6_sorted_gti_map_chunks/20220106_3_BKG_J2000.root,6247.4000000002152,59585.16687315423,59585.24994699024
20220106_5,root://eos01.ihep.ac.cn//eos/user/l/liushijie/pass5_crab_v6_sorted_gti/pass5_crab_v6_sorted_gti_map_chunks/20220106_5_BKG_J2000.root,14174.100000001405,59585.500077817691,59585.666923370562
20220107_0,root://eos01.ihep.ac.cn//eos/user/l/liushijie/pass5_crab_v6_sorted_gti/pass5_crab_v6_sorted_gti_map_chunks/20220107_0_BKG_J2000.root,14169.500000001406,59585.666891454253,59585.833576382844
20220107_1,root://eos01.ihep.ac.cn//eos/user/l/liushijie/pass5_crab_v6_sorted_gti/pass5_crab_v6_sorted_gti_map_chunks/20220107_1_BKG_J2000.root,14247.900000001418,59585.833504176728,59586.000104379847
20220107_2,root://eos01.ihep.ac.cn//eos/user/l/liushijie/pass5_crab_v6_sorted_gti/pass5_crab_v6_sorted_gti_map_chunks/20220107_2_BKG_J2000.root,14258.400000001418,59586.000048617956,59586.166928469691
20220107_3,root://eos01.ihep.ac.cn//eos/user/l/liushijie/pass5_crab_v6_sorted_gti/pass5_crab_v6_sorted_gti_map_chunks/20220107_3_BKG_J2000.root,6104.0000000001946,59586.166881263242,59586.250244170777
20220107_5,root://eos01.ihep.ac.cn//eos/user/l/liushijie/pass5_crab_v6_sorted_gti/pass5_crab_v6_sorted_gti_map_chunks/20220107_5_BKG_J2000.root,14196.50000000141,59586.499955101157,59586.666810645118
20220108_0,root://eos01.ihep.ac.cn//eos/user/l/liushijie/pass5_crab_v6_sorted_gti/pass5_crab_v6_sorted_gti_map_chunks/20220108_0_BKG_J2000.root,14185.900000001408,59586.666748843592,59586.833651834655
20220108_1,root://eos01.ihep.ac.cn//eos/user/l/liushijie/pass5_crab_v6_sorted_gti/pass5_crab_v6_sorted_gti_map_chunks/20220108_1_BKG_J2000.root,7260.0000000003665,59586.833597222569,59586.99983841247
20220108_2,root://eos01.ihep.ac.cn//eos/user/l/liushijie/pass5_crab_v6_sorted_gti/pass5_crab_v6_sorted_gti_map_chunks/20220108_2_BKG_J2000.root,14006.700000001378,59586.999837508032,59587.166872213282
20220108_3,root://eos01.ihep.ac.cn//eos/user/l/liushijie/pass5_crab_v6_sorted_gti/pass5_crab_v6_sorted_gti_map_chunks/20220108_3_BKG_J2000.root,5872.7000000001581,59587.16685672629,59587.250066165332
20220108_5,root://eos01.ihep.ac.cn//eos/user/l/liushijie/pass5_crab_v6_sorted_gti/pass5_crab_v6_sorted_gti_map_chunks/20220108_5_BKG_J2000.root,14179.000000001408,59587.500180595525,59587.667026381612
20220109_0,root://eos01.ihep.ac.cn//eos/user/l/liushijie/pass5_crab_v6_sorted_gti/pass5_crab_v6_sorted_gti_map_chunks/20220109_0_BKG_J2000.root,14211.100000001412,59587.667044923197,59587.833291815688
20220109_1,root://eos01.ihep.ac.cn//eos/user/l/liushijie/pass5_crab_v6_sorted_gti/pass5_crab_v6_sorted_gti_map_chunks/20220109_1_BKG_J2000.root,14325.00000000143,59587.833321770151,59588.00042634947
20220109_2,root://eos01.ihep.ac.cn//eos/user/l/liushijie/pass5_crab_v6_sorted_gti/pass5_crab_v6_sorted_gti_map_chunks/20220109_2_BKG_J2000.root,14265.300000001418,59587.999988663498,59588.166836341537
20220109_3,root://eos01.ihep.ac.cn//eos/user/l/liushijie/pass5_crab_v6_sorted_gti/pass5_crab_v6_sorted_gti_map_chunks/20220109_3_BKG_J2000.root,5668.3000000001275,59588.16690626018,59588.250108538639
20220109_5,root://eos01.ihep.ac.cn//eos/user/l/liushijie/pass5_crab_v6_sorted_gti/pass5_crab_v6_sorted_gti_map_chunks/20220109_5_BKG_J2000.root,14150.000000001402,59588.500206298588,59588.666749976001
20220110_0,root://eos01.ihep.ac.cn//eos/user/l/liushijie/pass5_crab_v6_sorted_gti/pass5_crab_v6_sorted_gti_map_chunks/20220110_0_BKG_J2000.root,14249.800000001418,59588.666729869263,59588.833462261922
20220110_1,root://eos01.ihep.ac.cn//eos/user/l/liushijie/pass5_crab_v6_sorted_gti/pass5_crab_v6_sorted_gti_map_chunks/20220110_1_BKG_J2000.root,14247.400000001417,59588.833438213369,59589.000168749662
20220110_2,root://eos01.ihep.ac.cn//eos/user/l/liushijie/pass5_crab_v6_sorted_gti/pass5_crab_v6_sorted_gti_map_chunks/20220110_2_BKG_J2000.root,14149.000000001402,59589.000163672594,59589.166825453576
20220110_3,root://eos01.ihep.ac.cn//eos/user/l/liushijie/pass5_crab_v6_sorted_gti/pass5_crab_v6_sorted_gti_map_chunks/20220110_3_BKG_J2000.root,5386.900000000086,59589.166793556811,59589.250425693361
20220110_5,root://eos01.ihep.ac.cn//eos/user/l/liushijie/pass5_crab_v6_sorted_gti/pass5_crab_v6_sorted_gti_map_chunks/20220110_5_BKG_J2000.root,14194.600000001406,59589.500235885178,59589.6667314714
20220111_0,root://eos01.ihep.ac.cn//eos/user/l/liushijie/pass5_crab_v6_sorted_gti/pass5_crab_v6_sorted_gti_map_chunks/20220111_0_BKG_J2000.root,14297.700000001423,59589.666645158359,59589.833446755685
20220111_1,root://eos01.ihep.ac.cn//eos/user/l/liushijie/pass5_crab_v6_sorted_gti/pass5_crab_v6_sorted_gti_map_chunks/20220111_1_BKG_J2000.root,14302.000000001424,59589.833367831765,59590.000278003754
20220111_2,root://eos01.ihep.ac.cn//eos/user/l/liushijie/pass5_crab_v6_sorted_gti/pass5_crab_v6_sorted_gti_map_chunks/20220111_2_BKG_J2000.root,14268.300000001418,59590.000205093042,59590.166655993322
20220111_3,root://eos01.ihep.ac.cn//eos/user/l/liushijie/pass5_crab_v6_sorted_gti/pass5_crab_v6_sorted_gti_map_chunks/20220111_3_BKG_J2000.root,5111.600000000044,59590.16707777929,59590.25041803738
20220111_5,root://eos01.ihep.ac.cn//eos/user/l/liushijie/pass5_crab_v6_sorted_gti/pass5_crab_v6_sorted_gti_map_chunks/20220111_5_BKG_J2000.root,14309.800000001425,59590.500356740122,59590.666705962649
20220112_0,root://eos01.ihep.ac.cn//eos/user/l/liushijie/pass5_crab_v6_sorted_gti/pass5_crab_v6_sorted_gti_map_chunks/20220112_0_BKG_J2000.root,14287.400000001424,59590.667047248477,59590.833638638585
20220112_1,root://eos01.ihep.ac.cn//eos/user/l/liushijie/pass5_crab_v6_sorted_gti/pass5_crab_v6_sorted_gti_map_chunks/20220112_1_BKG_J2000.root,14314.700000001427,59590.83350486937,59591.000428469248
20220112_2,root://eos01.ihep.ac.cn//eos/user/l/liushijie/pass5_crab_v6_sorted_gti/pass5_crab_v6_sorted_gti_map_chunks/20220112_2_BKG_J2000.root,14296.800000001424,59591.000292828779,59591.166721047681
20220112_3,root://eos01.ihep.ac.cn//eos/user/l/liushijie/pass5_crab_v6_sorted_gti/pass5_crab_v6_sorted_gti_map_chunks/20220112_3_BKG_J2000.root,4884.4000000000096,59591.167056045706,59591.250127758853
20220112_5,root://eos01.ihep.ac.cn//eos/user/l/liushijie/pass5_crab_v6_sorted_gti/pass5_crab_v6_sorted_gti_map_chunks/20220112_5_BKG_J2000.root,14333.900000001429,59591.500269005403,59591.666908533385
20220113_0,root://eos01.ihep.ac.cn//eos/user/l/liushijie/pass5_crab_v6_sorted_gti/pass5_crab_v6_sorted_gti_map_chunks/20220113_0_BKG_J2000.root,14289.300000001425,59591.666719920322,59591.833603680687
20220113_1,root://eos01.ihep.ac.cn//eos/user/l/liushijie/pass5_crab_v6_sorted_gti/pass5_crab_v6_sorted_gti_map_chunks/20220113_1_BKG_J2000.root,14244.200000001416,59591.833442825751,59591.999987018709
20220113_2,root://eos01.ihep.ac.cn//eos/user/l/liushijie/pass5_crab_v6_sorted_gti/pass5_crab_v6_sorted_gti_map_chunks/20220113_2_BKG_J2000.root,14342.600000001432,59592.000293981604,59592.166624761237
20220113_3,root://eos01.ihep.ac.cn//eos/user/l/liushijie/pass5_crab_v6_sorted_gti/pass5_crab_v6_sorted_gti_map_chunks/20220113_3_BKG_J2000.root,4699.299999999982,59592.166946132565,59592.333731226681
20220113_5,root://eos01.ihep.ac.cn//eos/user/l/liushijie/pass5_crab_v6_sorted_gti/pass5_crab_v6_sorted_gti_map_chunks/20220113_5_BKG_J2000.root,14253.200000001416,59592.500109036235,59592.66684580953
20220114_0,root://eos01.ihep.ac.cn//eos/user/l/liushijie/pass5_crab_v6_sorted_gti/pass5_crab_v6_sorted_gti_map_chunks/20220114_0_BKG_J2000.root,14204.400000001409,59592.66674052435,59592.833490044184
20220114_1,root://eos01.ihep.ac.cn//eos/user/l/liushijie/pass5_crab_v6_sorted_gti/pass5_crab_v6_sorted_gti_map_chunks/20220114_1_BKG_J2000.root,14287.900000001422,59592.833397701681,59593.000066197987
20220114_2,root://eos01.ihep.ac.cn//eos/user/l/liushijie/pass5_crab_v6_sorted_gti/pass5_crab_v6_sorted_gti_map_chunks/20220114_2_BKG_J2000.root,14220.300000001411,59592.999986817893,59593.166864351704
20220114_3,root://eos01.ihep.ac.cn//eos/user/l/liushijie/pass5_crab_v6_sorted_gti/pass5_crab_v6_sorted_gti_map_chunks/20220114_3_BKG_J2000.root,4640.8999999999733,59593.166766900256,59593.333527537652
20220114_5,root://eos01.ihep.ac.cn//eos/user/l/liushijie/pass5_crab_v6_sorted_gti/pass5_crab_v6_sorted_gti_map_chunks/20220114_5_BKG_J2000.root,14261.100000001421,59593.500199096656,59593.666750413744
20220115_0,root://eos01.ihep.ac.cn//eos/user/l/liushijie/pass5_crab_v6_sorted_gti/pass5_crab_v6_sorted_gti_map_chunks/20220115_0_BKG_J2000.root,14299.400000001426,59593.666618059913,59593.83355507924
20220115_1,root://eos01.ihep.ac.cn//eos/user/l/liushijie/pass5_crab_v6_sorted_gti/pass5_crab_v6_sorted_gti_map_chunks/20220115_1_BKG_J2000.root,14331.300000001429,59593.833406950704,59594.000323146945
20220115_2,root://eos01.ihep.ac.cn//eos/user/l/liushijie/pass5_crab_v6_sorted_gti/pass5_crab_v6_sorted_gti_map_chunks/20220115_2_BKG_J2000.root,14288.300000001424,59594.000155788417,59594.166626150698
20220115_3,root://eos01.ihep.ac.cn//eos/user/l/liushijie/pass5_crab_v6_sorted_gti/pass5_crab_v6_sorted_gti_map_chunks/20220115_3_BKG_J2000.root,4718.8999999999851,59594.166940059651,59594.333329160538
20220115_5,root://eos01.ihep.ac.cn//eos/user/l/liushijie/pass5_crab_v6_sorted_gti/pass5_crab_v6_sorted_gti_map_chunks/20220115_5_BKG_J2000.root,14317.000000001428,59594.500366221546,59594.666654375804
20220116_0,root://eos01.ihep.ac.cn//eos/user/l/liushijie/pass5_crab_v6_sorted_gti/pass5_crab_v6_sorted_gti_map_chunks/20220116_0_BKG_J2000.root,14332.00000000143,59594.666944696612,59594.833470832185
20220116_1,root://eos01.ihep.ac.cn//eos/user/l/liushijie/pass5_crab_v6_sorted_gti/pass5_crab_v6_sorted_gti_map_chunks/20220116_1_BKG_J2000.root,14298.400000001424,59594.833757203822,59595.000047657799
20220116_2,root://eos01.ihep.ac.cn//eos/user/l/liushijie/pass5_crab_v6_sorted_gti/pass5_crab_v6_sorted_gti_map_chunks/20220116_2_BKG_J2000.root,14239.800000001418,59595.000352583513,59595.166900418073
20220116_3,root://eos01.ihep.ac.cn//eos/user/l/liushijie/pass5_crab_v6_sorted_gti/pass5_crab_v6_sorted_gti_map_chunks/20220116_3_BKG_J2000.root,4580.0999999999649,59595.166695607004,59595.333555077588
20220116_5,root://eos01.ihep.ac.cn//eos/user/l/liushijie/pass5_crab_v6_sorted_gti/pass5_crab_v6_sorted_gti_map_chunks/20220116_5_BKG_J2000.root,14322.900000001428,59595.500404441111,59595.666854158451
20220117_0,root://eos01.ihep.ac.cn//eos/user/l/liushijie/pass5_crab_v6_sorted_gti/pass5_crab_v6_sorted_gti_map_chunks/20220117_0_BKG_J2000.root,14302.100000001425,59595.667070163494,59595.833389539381
20220117_1,root://eos01.ihep.ac.cn//eos/user/l/liushijie/pass5_crab_v6_sorted_gti/pass5_crab_v6_sorted_gti_map_chunks/20220117_1_BKG_J2000.root,13901.100000001365,59595.833585221553,59596.00003887136
20220117_2,root://eos01.ihep.ac.cn//eos/user/l/liushijie/pass5_crab_v6_sorted_gti/pass5_crab_v6_sorted_gti_map_chunks/20220117_2_BKG_J2000.root,5517.8000000001048,59596.00002593072,59596.064585871805
20220117_5,root://eos01.ihep.ac.cn//eos/user/l/liushijie/pass5_crab_v6_sorted_gti/pass5_crab_v6_sorted_gti_map_chunks/20220117_5_BKG_J2000.root,14266.80000000142,59596.500151394263,59596.666632175387
20220118_0,root://eos01.ihep.ac.cn//eos/user/l/liushijie/pass5_crab_v6_sorted_gti/pass5_crab_v6_sorted_gti_map_chunks/20220118_0_BKG_J2000.root,14249.900000001417,59596.66661899961,59596.833359714605
20220118_1,root://eos01.ihep.ac.cn//eos/user/l/liushijie/pass5_crab_v6_sorted_gti/pass5_crab_v6_sorted_gti_map_chunks/20220118_1_BKG_J2000.root,14244.000000001415,59596.833342398691,59596.999994442827
20220118_2,root://eos01.ihep.ac.cn//eos/user/l/liushijie/pass5_crab_v6_sorted_gti/pass5_crab_v6_sorted_gti_map_chunks/20220118_2_BKG_J2000.root,14177.800000001407,59597.000003727677,59597.166854101917
20220118_3,root://eos01.ihep.ac.cn//eos/user/l/liushijie/pass5_crab_v6_sorted_gti/pass5_crab_v6_sorted_gti_map_chunks/20220118_3_BKG_J2000.root,4680.8999999999796,59597.166854644696,59597.333289104499
20220118_5,root://eos01.ihep.ac.cn//eos/user/l/liushijie/pass5_crab_v6_sorted_gti/pass5_crab_v6_sorted_gti_map_chunks/20220118_5_BKG_J2000.root,14256.000000001419,59597.500275479833,59597.667088875445
20220119_0,root://eos01.ihep.ac.cn//eos/user/l/liushijie/pass5_crab_v6_sorted_gti/pass5_crab_v6_sorted_gti_map_chunks/20220119_0_BKG_J2000.root,14266.000000001419,59597.666626395687,59597.833551836731
20220119_1,root://eos01.ihep.ac.cn//eos/user/l/liushijie/pass5_crab_v6_sorted_gti/pass5_crab_v6_sorted_gti_map_chunks/20220119_1_BKG_J2000.root,14246.200000001416,59597.833572696254,59598.000152311295
20220119_2,root://eos01.ihep.ac.cn//eos/user/l/liushijie/pass5_crab_v6_sorted_gti/pass5_crab_v6_sorted_gti_map_chunks/20220119_2_BKG_J2000.root,14298.800000001424,59598.000206264565,59598.166984485048
20220119_3,root://eos01.ihep.ac.cn//eos/user/l/liushijie/pass5_crab_v6_sorted_gti/pass5_crab_v6_sorted_gti_map_chunks/20220119_3_BKG_J2000.root,4659.6999999999762,59598.167043338464,59598.333391883345
20220119_5,root://eos01.ihep.ac.cn//eos/user/l/liushijie/pass5_crab_v6_sorted_gti/pass5_crab_v6_sorted_gti_map_chunks/20220119_5_BKG_J2000.root,14210.900000001411,59598.500382881262,59598.666632637411
20220120_0,root://eos01.ihep.ac.cn//eos/user/l/liushijie/pass5_crab_v6_sorted_gti/pass5_crab_v6_sorted_gti_map_chunks/20220120_0_BKG_J2000.root,14274.800000001422,59598.66661853715,59598.833611337723
20220120_1,root://eos01.ihep.ac.cn//eos/user/l/liushijie/pass5_crab_v6_sorted_gti/pass5_crab_v6_sorted_gti_map_chunks/20220120_1_BKG_J2000.root,14267.000000001421,59598.833578243211,59599.000394671755
20220120_2,root://eos01.ihep.ac.cn//eos/user/l/liushijie/pass5_crab_v6_sorted_gti/pass5_crab_v6_sorted_gti_map_chunks/20220120_2_BKG_J2000.root,7120.0000000003456,59599.000358104247,59599.083670129177
20220120_3,root://eos01.ihep.ac.cn//eos/user/l/liushijie/pass5_crab_v6_sorted_gti/pass5_crab_v6_sorted_gti_map_chunks/20220120_3_BKG_J2000.root,4715.6999999999844,59599.166674787339,59599.333737261084
20220120_5,root://eos01.ihep.ac.cn//eos/user/l/liushijie/pass5_crab_v6_sorted_gti/pass5_crab_v6_sorted_gti_map_chunks/20220120_5_BKG_J2000.root,10646.900000000876,59599.500326860558,59599.625247871612
20220121_0,root://eos01.ihep.ac.cn//eos/user/l/liushijie/pass5_crab_v6_sorted_gti/pass5_crab_v6_sorted_gti_map_chunks/20220121_0_BKG_J2000.root,14278.500000001419,59599.667026398136,59599.83346896388
20220121_1,root://eos01.ihep.ac.cn//eos/user/l/liushijie/pass5_crab_v6_sorted_gti/pass5_crab_v6_sorted_gti_map_chunks/20220121_1_BKG_J2000.root,14299.900000001424,59599.83338936833,59600.000143749196
20220121_2,root://eos01.ihep.ac.cn//eos/user/l/liushijie/pass5_crab_v6_sorted_gti/pass5_crab_v6_sorted_gti_map_chunks/20220121_2_BKG_J2000.root,14164.300000001405,59600.000051427211,59600.166626388062
20220121_3,root://eos01.ihep.ac.cn//eos/user/l/liushijie/pass5_crab_v6_sorted_gti/pass5_crab_v6_sorted_gti_map_chunks/20220121_3_BKG_J2000.root,4755.3999999999905,59600.167000477064,59600.333617347234
20220121_5,root://eos01.ihep.ac.cn//eos/user/l/liushijie/pass5_crab_v6_sorted_gti/pass5_crab_v6_sorted_gti_map_chunks/20220121_5_BKG_J2000.root,14291.700000001423,59600.50031805694,59600.666875216819
20220122_0,root://eos01.ihep.ac.cn//eos/user/l/liushijie/pass5_crab_v6_sorted_gti/pass5_crab_v6_sorted_gti_map_chunks/20220122_0_BKG_J2000.root,14306.900000001426,59600.666726914722,59600.833666416933
20220122_1,root://eos01.ihep.ac.cn//eos/user/l/liushijie/pass5_crab_v6_sorted_gti/pass5_crab_v6_sorted_gti_map_chunks/20220122_1_BKG_J2000.root,14301.700000001427,59600.833512050493,59601.000374999741
20220122_2,root://eos01.ihep.ac.cn//eos/user/l/liushijie/pass5_crab_v6_sorted_gti/pass5_crab_v6_sorted_gti_map_chunks/20220122_2_BKG_J2000.root,14301.700000001425,59601.00023403285,59601.167009909921
20220122_3,root://eos01.ihep.ac.cn//eos/user/l/liushijie/pass5_crab_v6_sorted_gti/pass5_crab_v6_sorted_gti_map_chunks/20220122_3_BKG_J2000.root,4645.7999999999738,59601.166852551672,59601.333684481026
20220122_5,root://eos01.ihep.ac.cn//eos/user/l/liushijie/pass5_crab_v6_sorted_gti/pass5_crab_v6_sorted_gti_map_chunks/20220122_5_BKG_J2000.root,14307.700000001425,59601.500361346967,59601.66704558309
20220123_0,root://eos01.ihep.ac.cn//eos/user/l/liushijie/pass5_crab_v6_sorted_gti/pass5_crab_v6_sorted_gti_map_chunks/20220123_0_BKG_J2000.root,14286.900000001424,59601.666923612502,59601.833461558599
20220123_1,root://eos01.ihep.ac.cn//eos/user/l/liushijie/pass5_crab_v6_sorted_gti/pass5_crab_v6_sorted_gti_map_chunks/20220123_1_BKG_J2000.root,14315.400000001426,59601.833316277603,59602.000238183966
20220123_2,root://eos01.ihep.ac.cn//eos/user/l/liushijie/pass5_crab_v6_sorted_gti/pass5_crab_v6_sorted_gti_map_chunks/20220123_2_BKG_J2000.root,14228.700000001416,59602.000097031727,59602.166663422868
20220123_3,root://eos01.ihep.ac.cn//eos/user/l/liushijie/pass5_crab_v6_sorted_gti/pass5_crab_v6_sorted_gti_map_chunks/20220123_3_BKG_J2000.root,4713.3999999999833,59602.166990279482,59602.333617804135
20220123_5,root://eos01.ihep.ac.cn//eos/user/l/liushijie/pass5_crab_v6_sorted_gti/pass5_crab_v6_sorted_gti_map_chunks/20220123_5_BKG_J2000.root,14318.800000001429,59602.500368294488,59602.666947182748
20220124_0,root://eos01.ihep.ac.cn//eos/user/l/liushijie/pass5_crab_v6_sorted_gti/pass5_crab_v6_sorted_gti_map_chunks/20220124_0_BKG_J2000.root,14303.300000001425,59602.666785892223,59602.833515505743
20220124_1,root://eos01.ihep.ac.cn//eos/user/l/liushijie/pass5_crab_v6_sorted_gti/pass5_crab_v6_sorted_gti_map_chunks/20220124_1_BKG_J2000.root,14273.800000001422,59602.833348177184,59603.000390954832
20220124_2,root://eos01.ihep.ac.cn//eos/user/l/liushijie/pass5_crab_v6_sorted_gti/pass5_crab_v6_sorted_gti_map_chunks/20220124_2_BKG_J2000.root,14295.900000001426,59603.000222480507,59603.166932870306
20220124_5,root://eos01.ihep.ac.cn//eos/user/l/liushijie/pass5_crab_v6_sorted_gti/pass5_crab_v6_sorted_gti_map_chunks/20220124_5_BKG_J2000.root,14263.70000000142,59603.500232418643,59603.667048833457
20220125_0,root://eos01.ihep.ac.cn//eos/user/l/liushijie/pass5_crab_v6_sorted_gti/pass5_crab_v6_sorted_gti_map_chunks/20220125_0_BKG_J2000.root,14080.700000001392,59603.667072249023,59603.833462473907
20220125_1,root://eos01.ihep.ac.cn//eos/user/l/liushijie/pass5_crab_v6_sorted_gti/pass5_crab_v6_sorted_gti_map_chunks/20220125_1_BKG_J2000.root,14277.300000001422,59603.833515528226,59604.000349531132
20220125_2,root://eos01.ihep.ac.cn//eos/user/l/liushijie/pass5_crab_v6_sorted_gti/pass5_crab_v6_sorted_gti_map_chunks/20220125_2_BKG_J2000.root,14229.300000001413,59604.000405134684,59604.166709236713
20220125_3,root://eos01.ihep.ac.cn//eos/user/l/liushijie/pass5_crab_v6_sorted_gti/pass5_crab_v6_sorted_gti_map_chunks/20220125_3_BKG_J2000.root,4602.9999999999682,59604.16676574912,59604.33348515012
20220125_5,root://eos01.ihep.ac.cn//eos/user/l/liushijie/pass5_crab_v6_sorted_gti/pass5_crab_v6_sorted_gti_map_chunks/20220125_5_BKG_J2000.root,14186.700000001407,59604.500106969383,59604.66692406802
20220126_0,root://eos01.ihep.ac.cn//eos/user/l/liushijie/pass5_crab_v6_sorted_gti/pass5_crab_v6_sorted_gti_map_chunks/20220126_0_BKG_J2000.root,14223.700000001414,59604.666959273869,59604.833363640551
20220126_1,root://eos01.ihep.ac.cn//eos/user/l/liushijie/pass5_crab_v6_sorted_gti/pass5_crab_v6_sorted_gti_map_chunks/20220126_1_BKG_J2000.root,14238.200000001416,59604.833362503159,59604.999990275166
20220126_2,root://eos01.ihep.ac.cn//eos/user/l/liushijie/pass5_crab_v6_sorted_gti/pass5_crab_v6_sorted_gti_map_chunks/20220126_2_BKG_J2000.root,14299.600000001425,59604.999981256566,59605.166895600982
20220126_3,root://eos01.ihep.ac.cn//eos/user/l/liushijie/pass5_crab_v6_sorted_gti/pass5_crab_v6_sorted_gti_map_chunks/20220126_3_BKG_J2000.root,4713.2999999999847,59605.166838438876,59605.333672913272
20220126_5,root://eos01.ihep.ac.cn//eos/user/l/liushijie/pass5_crab_v6_sorted_gti/pass5_crab_v6_sorted_gti_map_chunks/20220126_5_BKG_J2000.root,14282.500000001422,59605.500338444246,59605.666912027023
20220127_0,root://eos01.ihep.ac.cn//eos/user/l/liushijie/pass5_crab_v6_sorted_gti/pass5_crab_v6_sorted_gti_map_chunks/20220127_0_BKG_J2000.root,14251.700000001418,59605.666835199343,59605.833362915204
20220127_1,root://eos01.ihep.ac.cn//eos/user/l/liushijie/pass5_crab_v6_sorted_gti/pass5_crab_v6_sorted_gti_map_chunks/20220127_1_BKG_J2000.root,14195.600000001408,59605.833285894565,59606.000046954046
20220127_2,root://eos01.ihep.ac.cn//eos/user/l/liushijie/pass5_crab_v6_sorted_gti/pass5_crab_v6_sorted_gti_map_chunks/20220127_2_BKG_J2000.root,14292.300000001422,59605.999958564891,59606.166713414888
20220127_3,root://eos01.ihep.ac.cn//eos/user/l/liushijie/pass5_crab_v6_sorted_gti/pass5_crab_v6_sorted_gti_map_chunks/20220127_3_BKG_J2000.root,4601.8999999999678,59606.166623845056,59606.33368262522
20220127_5,root://eos01.ihep.ac.cn//eos/user/l/liushijie/pass5_crab_v6_sorted_gti/pass5_crab_v6_sorted_gti_map_chunks/20220127_5_BKG_J2000.root,14316.200000001429,59606.500062530336,59606.667029778102
20220128_0,root://eos01.ihep.ac.cn//eos/user/l/liushijie/pass5_crab_v6_sorted_gti/pass5_crab_v6_sorted_gti_map_chunks/20220128_0_BKG_J2000.root,14249.600000001417,59606.666951417741,59606.833416432994
20220128_1,root://eos01.ihep.ac.cn//eos/user/l/liushijie/pass5_crab_v6_sorted_gti/pass5_crab_v6_sorted_gti_map_chunks/20220128_1_BKG_J2000.root,14209.200000001412,59606.833327796579,59607.000151607106
20220128_2,root://eos01.ihep.ac.cn//eos/user/l/liushijie/pass5_crab_v6_sorted_gti/pass5_crab_v6_sorted_gti_map_chunks/20220128_2_BKG_J2000.root,10720.300000000887,59607.000057640063,59607.166794904195
20220128_3,root://eos01.ihep.ac.cn//eos/user/l/liushijie/pass5_crab_v6_sorted_gti/pass5_crab_v6_sorted_gti_map_chunks/20220128_3_BKG_J2000.root,4565.9999999999618,59607.16673566134,59607.333579858125
20220128_5,root://eos01.ihep.ac.cn//eos/user/l/liushijie/pass5_crab_v6_sorted_gti/pass5_crab_v6_sorted_gti_map_chunks/20220128_5_BKG_J2000.root,14140.2000000014,59607.499998843421,59607.667078653591
20220129_0,root://eos01.ihep.ac.cn//eos/user/l/liushijie/pass5_crab_v6_sorted_gti/pass5_crab_v6_sorted_gti_map_chunks/20220129_0_BKG_J2000.root,14230.500000001413,59607.667022223475,59607.833521515226
20220129_1,root://eos01.ihep.ac.cn//eos/user/l/liushijie/pass5_crab_v6_sorted_gti/pass5_crab_v6_sorted_gti_map_chunks/20220129_1_BKG_J2000.root,14227.900000001415,59607.833487053205,59607.999966887895
20220129_2,root://eos01.ihep.ac.cn//eos/user/l/liushijie/pass5_crab_v6_sorted_gti/pass5_crab_v6_sorted_gti_map_chunks/20220129_2_BKG_J2000.root,14261.000000001419,59607.999964366718,59608.16681800058
20220129_5,root://eos01.ihep.ac.cn//eos/user/l/liushijie/pass5_crab_v6_sorted_gti/pass5_crab_v6_sorted_gti_map_chunks/20220129_5_BKG_J2000.root,14162.000000001402,59608.500137057141,59608.666798350401
20220130_0,root://eos01.ihep.ac.cn//eos/user/l/liushijie/pass5_crab_v6_sorted_gti/pass5_crab_v6_sorted_gti_map_chunks/20220130_0_BKG_J2000.root,14255.500000001421,59608.666798847778,59608.833592818017
20220130_1,root://eos01.ihep.ac.cn//eos/user/l/liushijie/pass5_crab_v6_sorted_gti/pass5_crab_v6_sorted_gti_map_chunks/20220130_1_BKG_J2000.root,14256.600000001417,59608.833576193239,59609.000336074248
20220130_2,root://eos01.ihep.ac.cn//eos/user/l/liushijie/pass5_crab_v6_sorted_gti/pass5_crab_v6_sorted_gti_map_chunks/20220130_2_BKG_J2000.root,14240.300000001418,59609.000290999364,59609.166880312492
20220130_3,root://eos01.ihep.ac.cn//eos/user/l/liushijie/pass5_crab_v6_sorted_gti/pass5_crab_v6_sorted_gti_map_chunks/20220130_3_BKG_J2000.root,4657.2999999999756,59609.166833606359,59609.333534718644
20220130_5,root://eos01.ihep.ac.cn//eos/user/l/liushijie/pass5_crab_v6_sorted_gti/pass5_crab_v6_sorted_gti_map_chunks/20220130_5_BKG_J2000.root,14298.100000001425,59609.500121069461,59609.666930781292
20220131_0,root://eos01.ihep.ac.cn//eos/user/l/liushijie/pass5_crab_v6_sorted_gti/pass5_crab_v6_sorted_gti_map_chunks/20220131_0_BKG_J2000.root,14250.600000001416,59609.666882179903,59609.833490008299
20220131_1,root://eos01.ihep.ac.cn//eos/user/l/liushijie/pass5_crab_v6_sorted_gti/pass5_crab_v6_sorted_gti_map_chunks/20220131_1_BKG_J2000.root,14308.000000001426,59609.833421065669,59610.000353007039
20220131_2,root://eos01.ihep.ac.cn//eos/user/l/liushijie/pass5_crab_v6_sorted_gti/pass5_crab_v6_sorted_gti_map_chunks/20220131_2_BKG_J2000.root,14260.30000000142,59610.000304207933,59610.166754597863
20220131_3,root://eos01.ihep.ac.cn//eos/user/l/liushijie/pass5_crab_v6_sorted_gti/pass5_crab_v6_sorted_gti_map_chunks/20220131_3_BKG_J2000.root,4653.1999999999753,59610.166688661106,59610.333582152532
20220131_5,root://eos01.ihep.ac.cn//eos/user/l/liushijie/pass5_crab_v6_sorted_gti/pass5_crab_v6_sorted_gti_map_chunks/20220131_5_BKG_J2000.root,14252.400000001417,59610.500186812031,59610.666801821448
20220201_0,root://eos01.ihep.ac.cn//eos/user/l/liushijie/pass5_crab_v6_sorted_gti/pass5_crab_v6_sorted_gti_map_chunks/20220201_0_BKG_J2000.root,14318.000000001428,59610.666743765476,59610.83333842468
20220201_1,root://eos01.ihep.ac.cn//eos/user/l/liushijie/pass5_crab_v6_sorted_gti/pass5_crab_v6_sorted_gti_map_chunks/20220201_1_BKG_J2000.root,14281.200000001423,59610.833736344408,59611.000268499578
20220201_2,root://eos01.ihep.ac.cn//eos/user/l/liushijie/pass5_crab_v6_sorted_gti/pass5_crab_v6_sorted_gti_map_chunks/20220201_2_BKG_J2000.root,14305.700000001425,59611.00019930971,59611.166777291844
20220201_3,root://eos01.ihep.ac.cn//eos/user/l/liushijie/pass5_crab_v6_sorted_gti/pass5_crab_v6_sorted_gti_map_chunks/20220201_3_BKG_J2000.root,4657.399999999976,59611.166707417724,59611.333523817477
20220201_5,root://eos01.ihep.ac.cn//eos/user/l/liushijie/pass5_crab_v6_sorted_gti/pass5_crab_v6_sorted_gti_map_chunks/20220201_5_BKG_J2000.root,14328.500000001428,59611.500101188911,59611.666952989828
20220202_0,root://eos01.ihep.ac.cn//eos/user/l/liushijie/pass5_crab_v6_sorted_gti/pass5_crab_v6_sorted_gti_map_chunks/20220202_0_BKG_J2000.root,14272.100000001421,59611.666863228362,59611.833581706371
20220202_1,root://eos01.ihep.ac.cn//eos/user/l/liushijie/pass5_crab_v6_sorted_gti/pass5_crab_v6_sorted_gti_map_chunks/20220202_1_BKG_J2000.root,14274.100000001419,59611.833488658187,59612.000220599853
20220202_2,root://eos01.ihep.ac.cn//eos/user/l/liushijie/pass5_crab_v6_sorted_gti/pass5_crab_v6_sorted_gti_map_chunks/20220202_2_BKG_J2000.root,14298.900000001426,59612.000106969033,59612.166904855025
20220202_3,root://eos01.ihep.ac.cn//eos/user/l/liushijie/pass5_crab_v6_sorted_gti/pass5_crab_v6_sorted_gti_map_chunks/20220202_3_BKG_J2000.root,4653.6999999999753,59612.166811814612,59612.333549035575
20220202_5,root://eos01.ihep.ac.cn//eos/user/l/liushijie/pass5_crab_v6_sorted_gti/pass5_crab_v6_sorted_gti_map_chunks/20220202_5_BKG_J2000.root,14324.900000001429,59612.499993989753,59612.666823141713
20220203_0,root://eos01.ihep.ac.cn//eos/user/l/liushijie/pass5_crab_v6_sorted_gti/pass5_crab_v6_sorted_gti_map_chunks/20220203_0_BKG_J2000.root,14312.100000001426,59612.666740048131,59612.833668494066
20220203_1,root://eos01.ihep.ac.cn//eos/user/l/liushijie/pass5_crab_v6_sorted_gti/pass5_crab_v6_sorted_gti_map_chunks/20220203_1_BKG_J2000.root,14299.200000001423,59612.833569465241,59613.000014990779
20220203_2,root://eos01.ihep.ac.cn//eos/user/l/liushijie/pass5_crab_v6_sorted_gti/pass5_crab_v6_sorted_gti_map_chunks/20220203_2_BKG_J2000.root,14076.200000001392,59613.000406961452,59613.166668497826
20220203_3,root://eos01.ihep.ac.cn//eos/user/l/liushijie/pass5_crab_v6_sorted_gti/pass5_crab_v6_sorted_gti_map_chunks/20220203_3_BKG_J2000.root,4900.2000000000126,59613.250169910709,59613.333281243082
20220203_5,root://eos01.ihep.ac.cn//eos/user/l/liushijie/pass5_crab_v6_sorted_gti/pass5_crab_v6_sorted_gti_map_chunks/20220203_5_BKG_J2000.root,14336.000000001428,59613.500135230614,59613.667068256458
20220204_0,root://eos01.ihep.ac.cn//eos/user/l/liushijie/pass5_crab_v6_sorted_gti/pass5_crab_v6_sorted_gti_map_chunks/20220204_0_BKG_J2000.root,14270.500000001419,59613.666961119729,59613.833715948473
20220204_1,root://eos01.ihep.ac.cn//eos/user/l/liushijie/pass5_crab_v6_sorted_gti/pass5_crab_v6_sorted_gti_map_chunks/20220204_1_BKG_J2000.root,14270.400000001418,59613.833605560612,59614.00034907044
20220204_2,root://eos01.ihep.ac.cn//eos/user/l/liushijie/pass5_crab_v6_sorted_gti/pass5_crab_v6_sorted_gti_map_chunks/20220204_2_BKG_J2000.root,13841.200000001356,59614.000251388941,59614.166613858659
20220204_3,root://eos01.ihep.ac.cn//eos/user/l/liushijie/pass5_crab_v6_sorted_gti/pass5_crab_v6_sorted_gti_map_chunks/20220204_3_BKG_J2000.root,5188.4000000000551,59614.250154683665,59614.333672679299
20220204_5,root://eos01.ihep.ac.cn//eos/user/l/liushijie/pass5_crab_v6_sorted_gti/pass5_crab_v6_sorted_gti_map_chunks/20220204_5_BKG_J2000.root,14277.100000001423,59614.500167160368,59614.667066664493
20220205_0,root://eos01.ihep.ac.cn//eos/user/l/liushijie/pass5_crab_v6_sorted_gti/pass5_crab_v6_sorted_gti_map_chunks/20220205_0_BKG_J2000.root,14217.000000001413,59614.666981947616,59614.833276380472
20220205_1,root://eos01.ihep.ac.cn//eos/user/l/liushijie/pass5_crab_v6_sorted_gti/pass5_crab_v6_sorted_gti_map_chunks/20220205_1_BKG_J2000.root,14081.100000001392,59614.833667163788,59615.00019744884
20220205_2,root://eos01.ihep.ac.cn//eos/user/l/liushijie/pass5_crab_v6_sorted_gti/pass5_crab_v6_sorted_gti_map_chunks/20220205_2_BKG_J2000.root,13494.500000001304,59615.000194969485,59615.167013400169
20220205_3,root://eos01.ihep.ac.cn//eos/user/l/liushijie/pass5_crab_v6_sorted_gti/pass5_crab_v6_sorted_gti_map_chunks/20220205_3_BKG_J2000.root,5299.2000000000726,59615.24998984245,59615.333662897945
20220205_4,root://eos01.ihep.ac.cn//eos/user/l/liushijie/pass5_crab_v6_sorted_gti/pass5_crab_v6_sorted_gti_map_chunks/20220205_4_BKG_J2000.root,14215.300000001411,59615.333656260911,59615.500059225604
20220205_5,root://eos01.ihep.ac.cn//eos/user/l/liushijie/pass5_crab_v6_sorted_gti/pass5_crab_v6_sorted_gti_map_chunks/20220205_5_BKG_J2000.root,14269.500000001419,59615.500066454151,59615.667020126435
20220206_0,root://eos01.ihep.ac.cn//eos/user/l/liushijie/pass5_crab_v6_sorted_gti/pass5_crab_v6_sorted_gti_map_chunks/20220206_0_BKG_J2000.root,14154.100000001403,59615.667023665228,59615.833556243859
20220206_1,root://eos01.ihep.ac.cn//eos/user/l/liushijie/pass5_crab_v6_sorted_gti/pass5_crab_v6_sorted_gti_map_chunks/20220206_1_BKG_J2000.root,14245.700000001416,59615.833574345932,59616.000300925269
20220206_2,root://eos01.ihep.ac.cn//eos/user/l/liushijie/pass5_crab_v6_sorted_gti/pass5_crab_v6_sorted_gti_map_chunks/20220206_2_BKG_J2000.root,13297.800000001273,59616.000309968935,59616.166722899703
20220206_3,root://eos01.ihep.ac.cn//eos/user/l/liushijie/pass5_crab_v6_sorted_gti/pass5_crab_v6_sorted_gti_map_chunks/20220206_3_BKG_J2000.root,5597.6000000001168,59616.250005325375,59616.333293955831
20220206_4,root://eos01.ihep.ac.cn//eos/user/l/liushijie/pass5_crab_v6_sorted_gti/pass5_crab_v6_sorted_gti_map_chunks/20220206_4_BKG_J2000.root,14278.000000001421,59616.333743057017,59616.500343275031
20220206_5,root://eos01.ihep.ac.cn//eos/user/l/liushijie/pass5_crab_v6_sorted_gti/pass5_crab_v6_sorted_gti_map_chunks/20220206_5_BKG_J2000.root,14247.20000000142,59616.500315050675,59616.666978460627
20220207_0,root://eos01.ihep.ac.cn//eos/user/l/liushijie/pass5_crab_v6_sorted_gti/pass5_crab_v6_sorted_gti_map_chunks/20220207_0_BKG_J2000.root,14276.000000001422,59616.666948149796,59616.833538177962
20220207_1,root://eos01.ihep.ac.cn//eos/user/l/liushijie/pass5_crab_v6_sorted_gti/pass5_crab_v6_sorted_gti_map_chunks/20220207_1_BKG_J2000.root,14238.100000001414,59616.833475757012,59617.000055778051
20220207_2,root://eos01.ihep.ac.cn//eos/user/l/liushijie/pass5_crab_v6_sorted_gti/pass5_crab_v6_sorted_gti_map_chunks/20220207_2_BKG_J2000.root,4554.6999999999607,59616.999993523277,59617.121071061571
20220207_4,root://eos01.ihep.ac.cn//eos/user/l/liushijie/pass5_crab_v6_sorted_gti/pass5_crab_v6_sorted_gti_map_chunks/20220207_4_BKG_J2000.root,14224.600000001412,59617.333670649576,59617.500088636072
20220207_5,root://eos01.ihep.ac.cn//eos/user/l/liushijie/pass5_crab_v6_sorted_gti/pass5_crab_v6_sorted_gti_map_chunks/20220207_5_BKG_J2000.root,14273.80000000142,59617.500095146053,59617.66700300837
20220208_0,root://eos01.ihep.ac.cn//eos/user/l/liushijie/pass5_crab_v6_sorted_gti/pass5_crab_v6_sorted_gti_map_chunks/20220208_0_BKG_J2000.root,14297.800000001424,59617.66696157572,59617.833288641828
20220208_1,root://eos01.ihep.ac.cn//eos/user/l/liushijie/pass5_crab_v6_sorted_gti/pass5_crab_v6_sorted_gti_map_chunks/20220208_1_BKG_J2000.root,12815.800000001202,59617.833714389111,59618.000082852886
20220208_2,root://eos01.ihep.ac.cn//eos/user/l/liushijie/pass5_crab_v6_sorted_gti/pass5_crab_v6_sorted_gti_map_chunks/20220208_2_BKG_J2000.root,12769.400000001195,59618.000081251826,59618.166617822746
20220208_3,root://eos01.ihep.ac.cn//eos/user/l/liushijie/pass5_crab_v6_sorted_gti/pass5_crab_v6_sorted_gti_map_chunks/20220208_3_BKG_J2000.root,6078.9000000001897,59618.250054862961,59618.333622661514
20220208_4,root://eos01.ihep.ac.cn//eos/user/l/liushijie/pass5_crab_v6_sorted_gti/pass5_crab_v6_sorted_gti_map_chunks/20220208_4_BKG_J2000.root,14241.600000001417,59618.333626196269,59618.500245132069
20220208_5,root://eos01.ihep.ac.cn//eos/user/l/liushijie/pass5_crab_v6_sorted_gti/pass5_crab_v6_sorted_gti_map_chunks/20220208_5_BKG_J2000.root,14281.700000001421,59618.500229427729,59618.666870099631
20220209_0,root://eos01.ihep.ac.cn//eos/user/l/liushijie/pass5_crab_v6_sorted_gti/pass5_crab_v6_sorted_gti_map_chunks/20220209_0_BKG_J2000.root,14269.400000001418,59618.666856730844,59618.833752081875
20220209_1,root://eos01.ihep.ac.cn//eos/user/l/liushijie/pass5_crab_v6_sorted_gti/pass5_crab_v6_sorted_gti_map_chunks/20220209_1_BKG_J2000.root,14230.400000001413,59618.833309740396,59619.000253884238
20220209_2,root://eos01.ihep.ac.cn//eos/user/l/liushijie/pass5_crab_v6_sorted_gti/pass5_crab_v6_sorted_gti_map_chunks/20220209_2_BKG_J2000.root,12619.400000001171,59619.00029190693,59619.166967807687
20220209_3,root://eos01.ihep.ac.cn//eos/user/l/liushijie/pass5_crab_v6_sorted_gti/pass5_crab_v6_sorted_gti_map_chunks/20220209_3_BKG_J2000.root,6300.2000000002226,59619.250272689795,59619.333295831522
20220209_4,root://eos01.ihep.ac.cn//eos/user/l/liushijie/pass5_crab_v6_sorted_gti/pass5_crab_v6_sorted_gti_map_chunks/20220209_4_BKG_J2000.root,14274.500000001422,59619.333361378398,59619.500050667986
20220209_5,root://eos01.ihep.ac.cn//eos/user/l/liushijie/pass5_crab_v6_sorted_gti/pass5_crab_v6_sorted_gti_map_chunks/20220209_5_BKG_J2000.root,14295.700000001423,59619.500136596907,59619.666751150049
20220210_0,root://eos01.ihep.ac.cn//eos/user/l/liushijie/pass5_crab_v6_sorted_gti/pass5_crab_v6_sorted_gti_map_chunks/20220210_0_BKG_J2000.root,14269.90000000142,59619.666780336469,59619.833624998195
20220210_1,root://eos01.ihep.ac.cn//eos/user/l/liushijie/pass5_crab_v6_sorted_gti/pass5_crab_v6_sorted_gti_map_chunks/20220210_1_BKG_J2000.root,14140.600000001399,59619.833645612016,59619.999974292768
20220210_2,root://eos01.ihep.ac.cn//eos/user/l/liushijie/pass5_crab_v6_sorted_gti/pass5_crab_v6_sorted_gti_map_chunks/20220210_2_BKG_J2000.root,12457.500000001148,59620.000001872519,59620.166625691912
20220210_3,root://eos01.ihep.ac.cn//eos/user/l/liushijie/pass5_crab_v6_sorted_gti/pass5_crab_v6_sorted_gti_map_chunks/20220210_3_BKG_J2000.root,6499.9000000002525,59620.250151199238,59620.333591426235
20220210_4,root://eos01.ihep.ac.cn//eos/user/l/liushijie/pass5_crab_v6_sorted_gti/pass5_crab_v6_sorted_gti_map_chunks/20220210_4_BKG_J2000.root,14253.800000001418,59620.333636593045,59620.500190972183
20220210_5,root://eos01.ihep.ac.cn//eos/user/l/liushijie/pass5_crab_v6_sorted_gti/pass5_crab_v6_sorted_gti_map_chunks/20220210_5_BKG_J2000.root,14220.600000001414,59620.500235437758,59620.666924993449
20220211_0,root://eos01.ihep.ac.cn//eos/user/l/liushijie/pass5_crab_v6_sorted_gti/pass5_crab_v6_sorted_gti_map_chunks/20220211_0_BKG_J2000.root,14190.900000001409,59620.666942824981,59620.833362491561
20220211_1,root://eos01.ihep.ac.cn//eos/user/l/liushijie/pass5_crab_v6_sorted_gti/pass5_crab_v6_sorted_gti_map_chunks/20220211_1_BKG_J2000.root,14264.200000001418,59620.833415058121,59621.00012893277
20220211_2,root://eos01.ihep.ac.cn//eos/user/l/liushijie/pass5_crab_v6_sorted_gti/pass5_crab_v6_sorted_gti_map_chunks/20220211_2_BKG_J2000.root,12081.900000001091,59621.000194535278,59621.166934690955
20220211_3,root://eos01.ihep.ac.cn//eos/user/l/liushijie/pass5_crab_v6_sorted_gti/pass5_crab_v6_sorted_gti_map_chunks/20220211_3_BKG_J2000.root,6779.8000000002949,59621.250062038162,59621.333556467507
20220211_4,root://eos01.ihep.ac.cn//eos/user/l/liushijie/pass5_crab_v6_sorted_gti/pass5_crab_v6_sorted_gti_map_chunks/20220211_4_BKG_J2000.root,14287.000000001424,59621.333594214011,59621.500196988018
20220211_5,root://eos01.ihep.ac.cn//eos/user/l/liushijie/pass5_crab_v6_sorted_gti/pass5_crab_v6_sorted_gti_map_chunks/20220211_5_BKG_J2000.root,14267.700000001421,59621.500239608133,59621.666958544847
20220212_0,root://eos01.ihep.ac.cn//eos/user/l/liushijie/pass5_crab_v6_sorted_gti/pass5_crab_v6_sorted_gti_map_chunks/20220212_0_BKG_J2000.root,14196.20000000141,59621.667011344427,59621.833400898882
20220212_1,root://eos01.ihep.ac.cn//eos/user/l/liushijie/pass5_crab_v6_sorted_gti/pass5_crab_v6_sorted_gti_map_chunks/20220212_1_BKG_J2000.root,14244.400000001415,59621.833422922842,59621.999981465706
20220212_2,root://eos01.ihep.ac.cn//eos/user/l/liushijie/pass5_crab_v6_sorted_gti/pass5_crab_v6_sorted_gti_map_chunks/20220212_2_BKG_J2000.root,11950.400000001073,59622.00001574897,59622.166895571609
20220212_3,root://eos01.ihep.ac.cn//eos/user/l/liushijie/pass5_crab_v6_sorted_gti/pass5_crab_v6_sorted_gti_map_chunks/20220212_3_BKG_J2000.root,7007.9000000003298,59622.250398845958,59622.333723364325
20220212_4,root://eos01.ihep.ac.cn//eos/user/l/liushijie/pass5_crab_v6_sorted_gti/pass5_crab_v6_sorted_gti_map_chunks/20220212_4_BKG_J2000.root,14168.600000001405,59622.333329410838,59622.500214802836
20220212_5,root://eos01.ihep.ac.cn//eos/user/l/liushijie/pass5_crab_v6_sorted_gti/pass5_crab_v6_sorted_gti_map_chunks/20220212_5_BKG_J2000.root,7121.7000000003463,59622.542073382989,59622.625096718686
20220213_0,root://eos01.ihep.ac.cn//eos/user/l/liushijie/pass5_crab_v6_sorted_gti/pass5_crab_v6_sorted_gti_map_chunks/20220213_0_BKG_J2000.root,14311.300000001425,59622.666827551671,59622.83345694335
20220213_1,root://eos01.ihep.ac.cn//eos/user/l/liushijie/pass5_crab_v6_sorted_gti/pass5_crab_v6_sorted_gti_map_chunks/20220213_1_BKG_J2000.root,14327.60000000143,59622.833571069852,59623.000218015186
20220213_2,root://eos01.ihep.ac.cn//eos/user/l/liushijie/pass5_crab_v6_sorted_gti/pass5_crab_v6_sorted_gti_map_chunks/20220213_2_BKG_J2000.root,11648.100000001024,59623.000334956858,59623.166791166113
20220213_3,root://eos01.ihep.ac.cn//eos/user/l/liushijie/pass5_crab_v6_sorted_gti/pass5_crab_v6_sorted_gti_map_chunks/20220213_3_BKG_J2000.root,7183.3000000003558,59623.208644688268,59623.333485879419
20220213_4,root://eos01.ihep.ac.cn//eos/user/l/liushijie/pass5_crab_v6_sorted_gti/pass5_crab_v6_sorted_gti_map_chunks/20220213_4_BKG_J2000.root,14213.000000001412,59623.333574098782,59623.500299766616
20220213_5,root://eos01.ihep.ac.cn//eos/user/l/liushijie/pass5_crab_v6_sorted_gti/pass5_crab_v6_sorted_gti_map_chunks/20220213_5_BKG_J2000.root,14286.300000001424,59623.500413453665,59623.666791645606
20220214_0,root://eos01.ihep.ac.cn//eos/user/l/liushijie/pass5_crab_v6_sorted_gti/pass5_crab_v6_sorted_gti_map_chunks/20220214_0_BKG_J2000.root,14318.900000001426,59623.666884954582,59623.833379393043
20220214_1,root://eos01.ihep.ac.cn//eos/user/l/liushijie/pass5_crab_v6_sorted_gti/pass5_crab_v6_sorted_gti_map_chunks/20220214_1_BKG_J2000.root,14134.500000001399,59623.833483158793,59624.00035554848
20220214_2,root://eos01.ihep.ac.cn//eos/user/l/liushijie/pass5_crab_v6_sorted_gti/pass5_crab_v6_sorted_gti_map_chunks/20220214_2_BKG_J2000.root,3771.6999999999039,59624.000007878261,59624.117064764032
20220214_5,root://eos01.ihep.ac.cn//eos/user/l/liushijie/pass5_crab_v6_sorted_gti/pass5_crab_v6_sorted_gti_map_chunks/20220214_5_BKG_J2000.root,14217.20000000141,59624.500274785169,59624.666661085597
20220215_0,root://eos01.ihep.ac.cn//eos/user/l/liushijie/pass5_crab_v6_sorted_gti/pass5_crab_v6_sorted_gti_map_chunks/20220215_0_BKG_J2000.root,14263.800000001418,59624.666659962328,59624.833571288844
20220215_1,root://eos01.ihep.ac.cn//eos/user/l/liushijie/pass5_crab_v6_sorted_gti/pass5_crab_v6_sorted_gti_map_chunks/20220215_1_BKG_J2000.root,14231.000000001415,59624.833574313714,59625.000180316412
20220215_2,root://eos01.ihep.ac.cn//eos/user/l/liushijie/pass5_crab_v6_sorted_gti/pass5_crab_v6_sorted_gti_map_chunks/20220215_2_BKG_J2000.root,11243.200000000965,59625.000172929795,59625.166990507329
20220215_5,root://eos01.ihep.ac.cn//eos/user/l/liushijie/pass5_crab_v6_sorted_gti/pass5_crab_v6_sorted_gti_map_chunks/20220215_5_BKG_J2000.root,14245.700000001416,59625.500360663151,59625.6670546233
20220216_0,root://eos01.ihep.ac.cn//eos/user/l/liushijie/pass5_crab_v6_sorted_gti/pass5_crab_v6_sorted_gti_map_chunks/20220216_0_BKG_J2000.root,14213.200000001412,59625.667044474103,59625.833328932182
20220216_1,root://eos01.ihep.ac.cn//eos/user/l/liushijie/pass5_crab_v6_sorted_gti/pass5_crab_v6_sorted_gti_map_chunks/20220216_1_BKG_J2000.root,14260.800000001418,59625.833346322725,59626.000213635896
20220216_2,root://eos01.ihep.ac.cn//eos/user/l/liushijie/pass5_crab_v6_sorted_gti/pass5_crab_v6_sorted_gti_map_chunks/20220216_2_BKG_J2000.root,6159.000000000201,59626.000237039589,59626.095477526389
20220216_5,root://eos01.ihep.ac.cn//eos/user/l/liushijie/pass5_crab_v6_sorted_gti/pass5_crab_v6_sorted_gti_map_chunks/20220216_5_BKG_J2000.root,14298.200000001427,59626.500316444253,59626.666664326891
20220217_0,root://eos01.ihep.ac.cn//eos/user/l/liushijie/pass5_crab_v6_sorted_gti/pass5_crab_v6_sorted_gti_map_chunks/20220217_0_BKG_J2000.root,14298.700000001425,59626.667076175276,59626.833732870102
20220217_1,root://eos01.ihep.ac.cn//eos/user/l/liushijie/pass5_crab_v6_sorted_gti/pass5_crab_v6_sorted_gti_map_chunks/20220217_1_BKG_J2000.root,14231.400000001415,59626.833665979233,59627.000230322512
20220217_2,root://eos01.ihep.ac.cn//eos/user/l/liushijie/pass5_crab_v6_sorted_gti/pass5_crab_v6_sorted_gti_map_chunks/20220217_2_BKG_J2000.root,6809.9000000002998,59627.000138907948,59627.079400688992
20220217_5,root://eos01.ihep.ac.cn//eos/user/l/liushijie/pass5_crab_v6_sorted_gti/pass5_crab_v6_sorted_gti_map_chunks/20220217_5_BKG_J2000.root,14272.200000001421,59627.500361136037,59627.666846064567
20220218_0,root://eos01.ihep.ac.cn//eos/user/l/liushijie/pass5_crab_v6_sorted_gti/pass5_crab_v6_sorted_gti_map_chunks/20220218_0_BKG_J2000.root,14304.500000001424,59627.666810419665,59627.833663657271
20220218_1,root://eos01.ihep.ac.cn//eos/user/l/liushijie/pass5_crab_v6_sorted_gti/pass5_crab_v6_sorted_gti_map_chunks/20220218_1_BKG_J2000.root,14279.200000001423,59627.833633817507,59628.000284487862
20220218_2,root://eos01.ihep.ac.cn//eos/user/l/liushijie/pass5_crab_v6_sorted_gti/pass5_crab_v6_sorted_gti_map_chunks/20220218_2_BKG_J2000.root,10488.600000000852,59628.000265988165,59628.125393979317
20220218_3,root://eos01.ihep.ac.cn//eos/user/l/liushijie/pass5_crab_v6_sorted_gti/pass5_crab_v6_sorted_gti_map_chunks/20220218_3_BKG_J2000.root,8398.2000000005373,59628.208748632474,59628.333621743383
20220218_4,root://eos01.ihep.ac.cn//eos/user/l/liushijie/pass5_crab_v6_sorted_gti/pass5_crab_v6_sorted_gti_map_chunks/20220218_4_BKG_J2000.root,11837.800000001056,59628.333594450218,59628.499888876853
20220218_5,root://eos01.ihep.ac.cn//eos/user/l/liushijie/pass5_crab_v6_sorted_gti/pass5_crab_v6_sorted_gti_map_chunks/20220218_5_BKG_J2000.root,14019.100000001383,59628.499884967649,59628.666934245302
20220219_0,root://eos01.ihep.ac.cn//eos/user/l/liushijie/pass5_crab_v6_sorted_gti/pass5_crab_v6_sorted_gti_map_chunks/20220219_0_BKG_J2000.root,14147.600000001403,59628.666916900547,59628.833349286127
20220219_1,root://eos01.ihep.ac.cn//eos/user/l/liushijie/pass5_crab_v6_sorted_gti/pass5_crab_v6_sorted_gti_map_chunks/20220219_1_BKG_J2000.root,14258.500000001419,59628.833317133627,59629.00022106112
20220219_2,root://eos01.ihep.ac.cn//eos/user/l/liushijie/pass5_crab_v6_sorted_gti/pass5_crab_v6_sorted_gti_map_chunks/20220219_2_BKG_J2000.root,7123.3000000003467,59629.000251862992,59629.083143972042
20220219_5,root://eos01.ihep.ac.cn//eos/user/l/liushijie/pass5_crab_v6_sorted_gti/pass5_crab_v6_sorted_gti_map_chunks/20220219_5_BKG_J2000.root,14268.40000000142,59629.499994495833,59629.666911799126
20220220_0,root://eos01.ihep.ac.cn//eos/user/l/liushijie/pass5_crab_v6_sorted_gti/pass5_crab_v6_sorted_gti_map_chunks/20220220_0_BKG_J2000.root,14236.700000001414,59629.666912038425,59629.833440734954
20220220_1,root://eos01.ihep.ac.cn//eos/user/l/liushijie/pass5_crab_v6_sorted_gti/pass5_crab_v6_sorted_gti_map_chunks/20220220_1_BKG_J2000.root,14157.900000001402,59629.833456724904,59630.000041433232
20220220_2,root://eos01.ihep.ac.cn//eos/user/l/liushijie/pass5_crab_v6_sorted_gti/pass5_crab_v6_sorted_gti_map_chunks/20220220_2_BKG_J2000.root,10106.600000000795,59630.000046767513,59630.124953916187
20220220_3,root://eos01.ihep.ac.cn//eos/user/l/liushijie/pass5_crab_v6_sorted_gti/pass5_crab_v6_sorted_gti_map_chunks/20220220_3_BKG_J2000.root,8838.9000000006054,59630.2082842686,59630.333602763509
20220220_4,root://eos01.ihep.ac.cn//eos/user/l/liushijie/pass5_crab_v6_sorted_gti/pass5_crab_v6_sorted_gti_map_chunks/20220220_4_BKG_J2000.root,14147.900000001402,59630.333620616468,59630.500024059336
20220220_5,root://eos01.ihep.ac.cn//eos/user/l/liushijie/pass5_crab_v6_sorted_gti/pass5_crab_v6_sorted_gti_map_chunks/20220220_5_BKG_J2000.root,14195.100000001408,59630.500035887169,59630.666924751269
20220221_0,root://eos01.ihep.ac.cn//eos/user/l/liushijie/pass5_crab_v6_sorted_gti/pass5_crab_v6_sorted_gti_map_chunks/20220221_0_BKG_J2000.root,14178.100000001405,59630.666953706081,59630.833665716411
20220221_1,root://eos01.ihep.ac.cn//eos/user/l/liushijie/pass5_crab_v6_sorted_gti/pass5_crab_v6_sorted_gti_map_chunks/20220221_1_BKG_J2000.root,14074.50000000139,59630.833679871168,59631.000194620836
20220221_2,root://eos01.ihep.ac.cn//eos/user/l/liushijie/pass5_crab_v6_sorted_gti/pass5_crab_v6_sorted_gti_map_chunks/20220221_2_BKG_J2000.root,3824.2999999999015,59631.000194679997,59631.121059196841
20220221_4,root://eos01.ihep.ac.cn//eos/user/l/liushijie/pass5_crab_v6_sorted_gti/pass5_crab_v6_sorted_gti_map_chunks/20220221_4_BKG_J2000.root,14169.800000001405,59631.333649350454,59631.500370125053
20220221_5,root://eos01.ihep.ac.cn//eos/user/l/liushijie/pass5_crab_v6_sorted_gti/pass5_crab_v6_sorted_gti_map_chunks/20220221_5_BKG_J2000.root,14212.70000000141,59631.500381041726,59631.666634025787
20220222_0,root://eos01.ihep.ac.cn//eos/user/l/liushijie/pass5_crab_v6_sorted_gti/pass5_crab_v6_sorted_gti_map_chunks/20220222_0_BKG_J2000.root,14176.200000001405,59631.666664163444,59631.833399974588
20220222_1,root://eos01.ihep.ac.cn//eos/user/l/liushijie/pass5_crab_v6_sorted_gti/pass5_crab_v6_sorted_gti_map_chunks/20220222_1_BKG_J2000.root,14157.700000001403,59631.833411589192,59632.00002614734
20220222_2,root://eos01.ihep.ac.cn//eos/user/l/liushijie/pass5_crab_v6_sorted_gti/pass5_crab_v6_sorted_gti_map_chunks/20220222_2_BKG_J2000.root,9699.3000000007323,59632.0000539537,59632.125240735964
20220222_5,root://eos01.ihep.ac.cn//eos/user/l/liushijie/pass5_crab_v6_sorted_gti/pass5_crab_v6_sorted_gti_map_chunks/20220222_5_BKG_J2000.root,14276.500000001421,59632.500275002487,59632.666868042455
20220223_0,root://eos01.ihep.ac.cn//eos/user/l/liushijie/pass5_crab_v6_sorted_gti/pass5_crab_v6_sorted_gti_map_chunks/20220223_0_BKG_J2000.root,14065.500000001392,59632.666896771145,59632.833416190733
20220223_1,root://eos01.ihep.ac.cn//eos/user/l/liushijie/pass5_crab_v6_sorted_gti/pass5_crab_v6_sorted_gti_map_chunks/20220223_1_BKG_J2000.root,14269.200000001418,59632.833403939199,59632.999951140824
20220223_2,root://eos01.ihep.ac.cn//eos/user/l/liushijie/pass5_crab_v6_sorted_gti/pass5_crab_v6_sorted_gti_map_chunks/20220223_2_BKG_J2000.root,9401.5000000006876,59633.00042546355,59633.125025453533
20220223_3,root://eos01.ihep.ac.cn//eos/user/l/liushijie/pass5_crab_v6_sorted_gti/pass5_crab_v6_sorted_gti_map_chunks/20220223_3_BKG_J2000.root,9654.2000000007265,59633.208721765637,59633.333302461331
20220223_4,root://eos01.ihep.ac.cn//eos/user/l/liushijie/pass5_crab_v6_sorted_gti/pass5_crab_v6_sorted_gti_map_chunks/20220223_4_BKG_J2000.root,14253.800000001418,59633.333741683964,59633.500064562541
20220223_5,root://eos01.ihep.ac.cn//eos/user/l/liushijie/pass5_crab_v6_sorted_gti/pass5_crab_v6_sorted_gti_map_chunks/20220223_5_BKG_J2000.root,14292.200000001423,59633.500007898241,59633.666791896983
20220224_0,root://eos01.ihep.ac.cn//eos/user/l/liushijie/pass5_crab_v6_sorted_gti/pass5_crab_v6_sorted_gti_map_chunks/20220224_0_BKG_J2000.root,14123.500000001399,59633.666731724232,59633.833496742511
20220224_1,root://eos01.ihep.ac.cn//eos/user/l/liushijie/pass5_crab_v6_sorted_gti/pass5_crab_v6_sorted_gti_map_chunks/20220224_1_BKG_J2000.root,14254.100000001419,59633.833413895256,59634.000124979371
20220224_2,root://eos01.ihep.ac.cn//eos/user/l/liushijie/pass5_crab_v6_sorted_gti/pass5_crab_v6_sorted_gti_map_chunks/20220224_2_BKG_J2000.root,9184.600000000657,59634.000024309789,59634.125269887416
20220224_3,root://eos01.ihep.ac.cn//eos/user/l/liushijie/pass5_crab_v6_sorted_gti/pass5_crab_v6_sorted_gti_map_chunks/20220224_3_BKG_J2000.root,9786.9000000007472,59634.208139130817,59634.333284952299
20220224_4,root://eos01.ihep.ac.cn//eos/user/l/liushijie/pass5_crab_v6_sorted_gti/pass5_crab_v6_sorted_gti_map_chunks/20220224_4_BKG_J2000.root,14218.000000001413,59634.333290516071,59634.499772202034
20220224_5,root://eos01.ihep.ac.cn//eos/user/l/liushijie/pass5_crab_v6_sorted_gti/pass5_crab_v6_sorted_gti_map_chunks/20220224_5_BKG_J2000.root,14156.800000001405,59634.499747487382,59634.666421285932
20220225_0,root://eos01.ihep.ac.cn//eos/user/l/liushijie/pass5_crab_v6_sorted_gti/pass5_crab_v6_sorted_gti_map_chunks/20220225_0_BKG_J2000.root,14380.200000001438,59634.666379409253,59634.833440034003
20220225_1,root://eos01.ihep.ac.cn//eos/user/l/liushijie/pass5_crab_v6_sorted_gti/pass5_crab_v6_sorted_gti_map_chunks/20220225_1_BKG_J2000.root,14224.600000001414,59634.833365999337,59634.999807404973
20220225_2,root://eos01.ihep.ac.cn//eos/user/l/liushijie/pass5_crab_v6_sorted_gti/pass5_crab_v6_sorted_gti_map_chunks/20220225_2_BKG_J2000.root,8952.9000000006217,59634.999727815863,59635.125169667735
20220225_3,root://eos01.ihep.ac.cn//eos/user/l/liushijie/pass5_crab_v6_sorted_gti/pass5_crab_v6_sorted_gti_map_chunks/20220225_3_BKG_J2000.root,9903.5000000007622,59635.209377795138,59635.333490039789
20220225_4,root://eos01.ihep.ac.cn//eos/user/l/liushijie/pass5_crab_v6_sorted_gti/pass5_crab_v6_sorted_gti_map_chunks/20220225_4_BKG_J2000.root,14203.000000001412,59635.333480573296,59635.499763644031
20220225_5,root://eos01.ihep.ac.cn//eos/user/l/liushijie/pass5_crab_v6_sorted_gti/pass5_crab_v6_sorted_gti_map_chunks/20220225_5_BKG_J2000.root,14317.300000001427,59635.499730114527,59635.666874049704
20220226_0,root://eos01.ihep.ac.cn//eos/user/l/liushijie/pass5_crab_v6_sorted_gti/pass5_crab_v6_sorted_gti_map_chunks/20220226_0_BKG_J2000.root,14244.600000001417,59635.666859733006,59635.833152740874
20220226_1,root://eos01.ihep.ac.cn//eos/user/l/liushijie/pass5_crab_v6_sorted_gti/pass5_crab_v6_sorted_gti_map_chunks/20220226_1_BKG_J2000.root,14261.600000001417,59635.833131527048,59636.000098375393
20220226_2,root://eos01.ihep.ac.cn//eos/user/l/liushijie/pass5_crab_v6_sorted_gti/pass5_crab_v6_sorted_gti_map_chunks/20220226_2_BKG_J2000.root,8685.4000000005799,59636.000067144785,59636.125112443638
20220226_5,root://eos01.ihep.ac.cn//eos/user/l/liushijie/pass5_crab_v6_sorted_gti/pass5_crab_v6_sorted_gti_map_chunks/20220226_5_BKG_J2000.root,14218.800000001413,59636.499877360271,59636.666383794793
20220227_0,root://eos01.ihep.ac.cn//eos/user/l/liushijie/pass5_crab_v6_sorted_gti/pass5_crab_v6_sorted_gti_map_chunks/20220227_0_BKG_J2000.root,14261.30000000142,59636.666389366968,59636.833357397532
20220227_1,root://eos01.ihep.ac.cn//eos/user/l/liushijie/pass5_crab_v6_sorted_gti/pass5_crab_v6_sorted_gti_map_chunks/20220227_1_BKG_J2000.root,13961.500000001375,59636.833358566357,59636.999859012933
20220227_2,root://eos01.ihep.ac.cn//eos/user/l/liushijie/pass5_crab_v6_sorted_gti/pass5_crab_v6_sorted_gti_map_chunks/20220227_2_BKG_J2000.root,7716.3000000004349,59636.999885201825,59637.125367780747
20220227_3,root://eos01.ihep.ac.cn//eos/user/l/liushijie/pass5_crab_v6_sorted_gti/pass5_crab_v6_sorted_gti_map_chunks/20220227_3_BKG_J2000.root,10504.000000000855,59637.208462505339,59637.333359470969
20220227_4,root://eos01.ihep.ac.cn//eos/user/l/liushijie/pass5_crab_v6_sorted_gti/pass5_crab_v6_sorted_gti_map_chunks/20220227_4_BKG_J2000.root,14275.600000001421,59637.33338588466,59637.500342812185
20220227_5,root://eos01.ihep.ac.cn//eos/user/l/liushijie/pass5_crab_v6_sorted_gti/pass5_crab_v6_sorted_gti_map_chunks/20220227_5_BKG_J2000.root,14211.00000000141,59637.50036042626,59637.666726145006
20220228_0,root://eos01.ihep.ac.cn//eos/user/l/liushijie/pass5_crab_v6_sorted_gti/pass5_crab_v6_sorted_gti_map_chunks/20220228_0_BKG_J2000.root,14248.300000001416,59637.666725931747,59637.8335060178
20220228_1,root://eos01.ihep.ac.cn//eos/user/l/liushijie/pass5_crab_v6_sorted_gti/pass5_crab_v6_sorted_gti_map_chunks/20220228_1_BKG_J2000.root,14248.900000001417,59637.833521301545,59638.00039281186
20220228_2,root://eos01.ihep.ac.cn//eos/user/l/liushijie/pass5_crab_v6_sorted_gti/pass5_crab_v6_sorted_gti_map_chunks/20220228_2_BKG_J2000.root,4105.3999999998923,59638.000402122059,59638.125041202366
20220228_4,root://eos01.ihep.ac.cn//eos/user/l/liushijie/pass5_crab_v6_sorted_gti/pass5_crab_v6_sorted_gti_map_chunks/20220228_4_BKG_J2000.root,14251.900000001418,59638.333342605561,59638.500145824532
20220228_5,root://eos01.ihep.ac.cn//eos/user/l/liushijie/pass5_crab_v6_sorted_gti/pass5_crab_v6_sorted_gti_map_chunks/20220228_5_BKG_J2000.root,14219.300000001411,59638.500130325003,59638.666682589232
20220301_0,root://eos01.ihep.ac.cn//eos/user/l/liushijie/pass5_crab_v6_sorted_gti/pass5_crab_v6_sorted_gti_map_chunks/20220301_0_BKG_J2000.root,14188.100000001406,59638.666664825847,59638.833727543737
20220301_1,root://eos01.ihep.ac.cn//eos/user/l/liushijie/pass5_crab_v6_sorted_gti/pass5_crab_v6_sorted_gti_map_chunks/20220301_1_BKG_J2000.root,14243.000000001417,59638.833690775129,59638.999999766653
20220301_2,root://eos01.ihep.ac.cn//eos/user/l/liushijie/pass5_crab_v6_sorted_gti/pass5_crab_v6_sorted_gti_map_chunks/20220301_2_BKG_J2000.root,7920.3000000004649,59639.000456489994,59639.125110645953
20220301_3,root://eos01.ihep.ac.cn//eos/user/l/liushijie/pass5_crab_v6_sorted_gti/pass5_crab_v6_sorted_gti_map_chunks/20220301_3_BKG_J2000.root,10890.800000000912,59639.166863930455,59639.333388887935
20220301_4,root://eos01.ihep.ac.cn//eos/user/l/liushijie/pass5_crab_v6_sorted_gti/pass5_crab_v6_sorted_gti_map_chunks/20220301_4_BKG_J2000.root,14147.200000001401,59639.333347456632,59639.499968939104
20220301_5,root://eos01.ihep.ac.cn//eos/user/l/liushijie/pass5_crab_v6_sorted_gti/pass5_crab_v6_sorted_gti_map_chunks/20220301_5_BKG_J2000.root,14242.800000001416,59639.500467377278,59639.66674998997
20220302_0,root://eos01.ihep.ac.cn//eos/user/l/liushijie/pass5_crab_v6_sorted_gti/pass5_crab_v6_sorted_gti_map_chunks/20220302_0_BKG_J2000.root,14248.200000001416,59639.666734260842,59639.8335701252
20220302_1,root://eos01.ihep.ac.cn//eos/user/l/liushijie/pass5_crab_v6_sorted_gti/pass5_crab_v6_sorted_gti_map_chunks/20220302_1_BKG_J2000.root,14133.600000001399,59639.833535192862,59640.000063654552
20220302_2,root://eos01.ihep.ac.cn//eos/user/l/liushijie/pass5_crab_v6_sorted_gti/pass5_crab_v6_sorted_gti_map_chunks/20220302_2_BKG_J2000.root,7749.1000000004406,59640.000052792166,59640.125270121694
20220302_3,root://eos01.ihep.ac.cn//eos/user/l/liushijie/pass5_crab_v6_sorted_gti/pass5_crab_v6_sorted_gti_map_chunks/20220302_3_BKG_J2000.root,11132.500000000948,59640.166820603656,59640.333324072395
20220302_4,root://eos01.ihep.ac.cn//eos/user/l/liushijie/pass5_crab_v6_sorted_gti/pass5_crab_v6_sorted_gti_map_chunks/20220302_4_BKG_J2000.root,14278.100000001421,59640.333296764707,59640.500006935057
20220302_5,root://eos01.ihep.ac.cn//eos/user/l/liushijie/pass5_crab_v6_sorted_gti/pass5_crab_v6_sorted_gti_map_chunks/20220302_5_BKG_J2000.root,14231.100000001416,59640.499969454359,59640.667045346621
20220303_0,root://eos01.ihep.ac.cn//eos/user/l/liushijie/pass5_crab_v6_sorted_gti/pass5_crab_v6_sorted_gti_map_chunks/20220303_0_BKG_J2000.root,14176.800000001405,59640.666975016953,59640.833282397238
20220303_1,root://eos01.ihep.ac.cn//eos/user/l/liushijie/pass5_crab_v6_sorted_gti/pass5_crab_v6_sorted_gti_map_chunks/20220303_1_BKG_J2000.root,14273.800000001422,59640.833732194595,59641.000332863354
20220303_2,root://eos01.ihep.ac.cn//eos/user/l/liushijie/pass5_crab_v6_sorted_gti/pass5_crab_v6_sorted_gti_map_chunks/20220303_2_BKG_J2000.root,7415.2000000003891,59641.00026460451,59641.125373839823
20220303_3,root://eos01.ihep.ac.cn//eos/user/l/liushijie/pass5_crab_v6_sorted_gti/pass5_crab_v6_sorted_gti_map_chunks/20220303_3_BKG_J2000.root,11467.600000000999,59641.166840748258,59641.333691199383
20220303_4,root://eos01.ihep.ac.cn//eos/user/l/liushijie/pass5_crab_v6_sorted_gti/pass5_crab_v6_sorted_gti_map_chunks/20220303_4_BKG_J2000.root,14177.500000001406,59641.333624090141,59641.499971028134
20220303_5,root://eos01.ihep.ac.cn//eos/user/l/liushijie/pass5_crab_v6_sorted_gti/pass5_crab_v6_sorted_gti_map_chunks/20220303_5_BKG_J2000.root,14288.400000001422,59641.500391456524,59641.667046753486
20220304_0,root://eos01.ihep.ac.cn//eos/user/l/liushijie/pass5_crab_v6_sorted_gti/pass5_crab_v6_sorted_gti_map_chunks/20220304_0_BKG_J2000.root,14158.300000001404,59641.666934052155,59641.833490036661
20220304_1,root://eos01.ihep.ac.cn//eos/user/l/liushijie/pass5_crab_v6_sorted_gti/pass5_crab_v6_sorted_gti_map_chunks/20220304_1_BKG_J2000.root,14175.900000001408,59641.833384032601,59642.000417791292
20220304_2,root://eos01.ihep.ac.cn//eos/user/l/liushijie/pass5_crab_v6_sorted_gti/pass5_crab_v6_sorted_gti_map_chunks/20220304_2_BKG_J2000.root,7265.0000000003674,59642.000291693919,59642.125367334884
20220304_3,root://eos01.ihep.ac.cn//eos/user/l/liushijie/pass5_crab_v6_sorted_gti/pass5_crab_v6_sorted_gti_map_chunks/20220304_3_BKG_J2000.root,11618.500000001022,59642.166895662609,59642.333642332283
20220304_4,root://eos01.ihep.ac.cn//eos/user/l/liushijie/pass5_crab_v6_sorted_gti/pass5_crab_v6_sorted_gti_map_chunks/20220304_4_BKG_J2000.root,14165.500000001406,59642.333556026177,59642.500050892988
20220304_5,root://eos01.ihep.ac.cn//eos/user/l/liushijie/pass5_crab_v6_sorted_gti/pass5_crab_v6_sorted_gti_map_chunks/20220304_5_BKG_J2000.root,10735.60000000089,59642.541750955636,59642.666706246608
20220305_0,root://eos01.ihep.ac.cn//eos/user/l/liushijie/pass5_crab_v6_sorted_gti/pass5_crab_v6_sorted_gti_map_chunks/20220305_0_BKG_J2000.root,14216.000000001412,59642.667104866414,59642.833344660801
20220305_1,root://eos01.ihep.ac.cn//eos/user/l/liushijie/pass5_crab_v6_sorted_gti/pass5_crab_v6_sorted_gti_map_chunks/20220305_1_BKG_J2000.root,14226.200000001414,59642.833753068233,59643.000434474874
20220305_2,root://eos01.ihep.ac.cn//eos/user/l/liushijie/pass5_crab_v6_sorted_gti/pass5_crab_v6_sorted_gti_map_chunks/20220305_2_BKG_J2000.root,7053.9000000003361,59643.000316906757,59643.125197443049
20220305_3,root://eos01.ihep.ac.cn//eos/user/l/liushijie/pass5_crab_v6_sorted_gti/pass5_crab_v6_sorted_gti_map_chunks/20220305_3_BKG_J2000.root,11923.00000000107,59643.166905106562,59643.33367984894
20220305_4,root://eos01.ihep.ac.cn//eos/user/l/liushijie/pass5_crab_v6_sorted_gti/pass5_crab_v6_sorted_gti_map_chunks/20220305_4_BKG_J2000.root,13921.000000001368,59643.333529637566,59643.499995815073
20220305_5,root://eos01.ihep.ac.cn//eos/user/l/liushijie/pass5_crab_v6_sorted_gti/pass5_crab_v6_sorted_gti_map_chunks/20220305_5_BKG_J2000.root,14235.400000001413,59643.500355588498,59643.66694118239
20220306_0,root://eos01.ihep.ac.cn//eos/user/l/liushijie/pass5_crab_v6_sorted_gti/pass5_crab_v6_sorted_gti_map_chunks/20220306_0_BKG_J2000.root,14307.500000001424,59643.666777571205,59643.833344674975
20220306_1,root://eos01.ihep.ac.cn//eos/user/l/liushijie/pass5_crab_v6_sorted_gti/pass5_crab_v6_sorted_gti_map_chunks/20220306_1_BKG_J2000.root,14048.400000001388,59643.833666961014,59644.000203884811
20220306_2,root://eos01.ihep.ac.cn//eos/user/l/liushijie/pass5_crab_v6_sorted_gti/pass5_crab_v6_sorted_gti_map_chunks/20220306_2_BKG_J2000.root,6770.2000000002936,59644.000007428323,59644.12505044134
20220306_3,root://eos01.ihep.ac.cn//eos/user/l/liushijie/pass5_crab_v6_sorted_gti/pass5_crab_v6_sorted_gti_map_chunks/20220306_3_BKG_J2000.root,12094.100000001095,59644.167131956441,59644.33360161895
20220306_4,root://eos01.ihep.ac.cn//eos/user/l/liushijie/pass5_crab_v6_sorted_gti/pass5_crab_v6_sorted_gti_map_chunks/20220306_4_BKG_J2000.root,14263.600000001419,59644.333428940547,59644.500186104466
20220306_5,root://eos01.ihep.ac.cn//eos/user/l/liushijie/pass5_crab_v6_sorted_gti/pass5_crab_v6_sorted_gti_map_chunks/20220306_5_BKG_J2000.root,14213.800000001413,59644.499993766083,59644.666974304993
20220307_0,root://eos01.ihep.ac.cn//eos/user/l/liushijie/pass5_crab_v6_sorted_gti/pass5_crab_v6_sorted_gti_map_chunks/20220307_0_BKG_J2000.root,14234.400000001415,59644.666795860358,59644.833445827178
20220307_1,root://eos01.ihep.ac.cn//eos/user/l/liushijie/pass5_crab_v6_sorted_gti/pass5_crab_v6_sorted_gti_map_chunks/20220307_1_BKG_J2000.root,14293.900000001424,59644.83380533228,59644.999985862334
20220307_2,root://eos01.ihep.ac.cn//eos/user/l/liushijie/pass5_crab_v6_sorted_gti/pass5_crab_v6_sorted_gti_map_chunks/20220307_2_BKG_J2000.root,6548.7000000002599,59645.000359299993,59645.083641879057
20220307_3,root://eos01.ihep.ac.cn//eos/user/l/liushijie/pass5_crab_v6_sorted_gti/pass5_crab_v6_sorted_gti_map_chunks/20220307_3_BKG_J2000.root,12373.500000001135,59645.166901621793,59645.333590269176
20220307_4,root://eos01.ihep.ac.cn//eos/user/l/liushijie/pass5_crab_v6_sorted_gti/pass5_crab_v6_sorted_gti_map_chunks/20220307_4_BKG_J2000.root,14142.900000001402,59645.333405117315,59645.500031666706
20220307_5,root://eos01.ihep.ac.cn//eos/user/l/liushijie/pass5_crab_v6_sorted_gti/pass5_crab_v6_sorted_gti_map_chunks/20220307_5_BKG_J2000.root,14197.600000001408,59645.500388194501,59645.667015254323
20220308_0,root://eos01.ihep.ac.cn//eos/user/l/liushijie/pass5_crab_v6_sorted_gti/pass5_crab_v6_sorted_gti_map_chunks/20220308_0_BKG_J2000.root,14197.900000001409,59645.666802780179,59645.833539349012
20220308_1,root://eos01.ihep.ac.cn//eos/user/l/liushijie/pass5_crab_v6_sorted_gti/pass5_crab_v6_sorted_gti_map_chunks/20220308_1_BKG_J2000.root,14307.000000001426,59645.833321760445,59646.000427311556
20220308_2,root://eos01.ihep.ac.cn//eos/user/l/liushijie/pass5_crab_v6_sorted_gti/pass5_crab_v6_sorted_gti_map_chunks/20220308_2_BKG_J2000.root,6331.0000000002274,59646.000214128988,59646.083482851631
20220308_4,root://eos01.ihep.ac.cn//eos/user/l/liushijie/pass5_crab_v6_sorted_gti/pass5_crab_v6_sorted_gti_map_chunks/20220308_4_BKG_J2000.root,14242.500000001415,59646.333568761489,59646.50007800576
20220308_5,root://eos01.ihep.ac.cn//eos/user/l/liushijie/pass5_crab_v6_sorted_gti/pass5_crab_v6_sorted_gti_map_chunks/20220308_5_BKG_J2000.root,14228.800000001414,59646.500412310095,59646.666719442808
20220309_0,root://eos01.ihep.ac.cn//eos/user/l/liushijie/pass5_crab_v6_sorted_gti/pass5_crab_v6_sorted_gti_map_chunks/20220309_0_BKG_J2000.root,14244.900000001415,59646.667034271049,59646.833709012441
20220309_1,root://eos01.ihep.ac.cn//eos/user/l/liushijie/pass5_crab_v6_sorted_gti/pass5_crab_v6_sorted_gti_map_chunks/20220309_1_BKG_J2000.root,14262.500000001421,59646.833481496986,59647.00010734603
20220309_2,root://eos01.ihep.ac.cn//eos/user/l/liushijie/pass5_crab_v6_sorted_gti/pass5_crab_v6_sorted_gti_map_chunks/20220309_2_BKG_J2000.root,6152.000000000201,59647.000409062137,59647.083457361237
20220309_3,root://eos01.ihep.ac.cn//eos/user/l/liushijie/pass5_crab_v6_sorted_gti/pass5_crab_v6_sorted_gti_map_chunks/20220309_3_BKG_J2000.root,9179.3000000006541,59647.167137501056,59647.333453008519
20220309_4,root://eos01.ihep.ac.cn//eos/user/l/liushijie/pass5_crab_v6_sorted_gti/pass5_crab_v6_sorted_gti_map_chunks/20220309_4_BKG_J2000.root,13846.300000001356,59647.333451179831,59647.500232849801
20220309_5,root://eos01.ihep.ac.cn//eos/user/l/liushijie/pass5_crab_v6_sorted_gti/pass5_crab_v6_sorted_gti_map_chunks/20220309_5_BKG_J2000.root,14127.7000000014,59647.500214122643,59647.666837955301
20220310_0,root://eos01.ihep.ac.cn//eos/user/l/liushijie/pass5_crab_v6_sorted_gti/pass5_crab_v6_sorted_gti_map_chunks/20220310_0_BKG_J2000.root,14229.500000001415,59647.666817139776,59647.8334666304
20220310_1,root://eos01.ihep.ac.cn//eos/user/l/liushijie/pass5_crab_v6_sorted_gti/pass5_crab_v6_sorted_gti_map_chunks/20220310_1_BKG_J2000.root,14237.100000001416,59647.833424082717,59648.000155551192
20220310_2,root://eos01.ihep.ac.cn//eos/user/l/liushijie/pass5_crab_v6_sorted_gti/pass5_crab_v6_sorted_gti_map_chunks/20220310_2_BKG_J2000.root,3609.1999999999098,59648.000112742142,59648.083605779364
20220310_4,root://eos01.ihep.ac.cn//eos/user/l/liushijie/pass5_crab_v6_sorted_gti/pass5_crab_v6_sorted_gti_map_chunks/20220310_4_BKG_J2000.root,14287.200000001423,59648.333385652673,59648.500232400846
20220310_5,root://eos01.ihep.ac.cn//eos/user/l/liushijie/pass5_crab_v6_sorted_gti/pass5_crab_v6_sorted_gti_map_chunks/20220310_5_BKG_J2000.root,14226.400000001415,59648.500202549891,59648.666857133219
20220311_0,root://eos01.ihep.ac.cn//eos/user/l/liushijie/pass5_crab_v6_sorted_gti/pass5_crab_v6_sorted_gti_map_chunks/20220311_0_BKG_J2000.root,9746.1000000007407,59648.666844676045,59648.83338124727
20220311_1,root://eos01.ihep.ac.cn//eos/user/l/liushijie/pass5_crab_v6_sorted_gti/pass5_crab_v6_sorted_gti_map_chunks/20220311_1_BKG_J2000.root,14216.700000001412,59648.833397928305,59648.99995740076
20220311_2,root://eos01.ihep.ac.cn//eos/user/l/liushijie/pass5_crab_v6_sorted_gti/pass5_crab_v6_sorted_gti_map_chunks/20220311_2_BKG_J2000.root,5643.3000000001239,59648.999986584538,59649.083299301376
20220311_4,root://eos01.ihep.ac.cn//eos/user/l/liushijie/pass5_crab_v6_sorted_gti/pass5_crab_v6_sorted_gti_map_chunks/20220311_4_BKG_J2000.root,14245.200000001418,59649.333625941385,59649.500408094442
20220311_5,root://eos01.ihep.ac.cn//eos/user/l/liushijie/pass5_crab_v6_sorted_gti/pass5_crab_v6_sorted_gti_map_chunks/20220311_5_BKG_J2000.root,14131.3000000014,59649.500449779567,59649.666899987184
20220312_0,root://eos01.ihep.ac.cn//eos/user/l/liushijie/pass5_crab_v6_sorted_gti/pass5_crab_v6_sorted_gti_map_chunks/20220312_0_BKG_J2000.root,14242.300000001414,59649.666937586655,59649.833645599902
20220312_1,root://eos01.ihep.ac.cn//eos/user/l/liushijie/pass5_crab_v6_sorted_gti/pass5_crab_v6_sorted_gti_map_chunks/20220312_1_BKG_J2000.root,14131.600000001401,59649.833676167611,59650.000287930998
20220312_2,root://eos01.ihep.ac.cn//eos/user/l/liushijie/pass5_crab_v6_sorted_gti/pass5_crab_v6_sorted_gti_map_chunks/20220312_2_BKG_J2000.root,5370.3000000000829,59650.000311577824,59650.083589117516
20220312_3,root://eos01.ihep.ac.cn//eos/user/l/liushijie/pass5_crab_v6_sorted_gti/pass5_crab_v6_sorted_gti_map_chunks/20220312_3_BKG_J2000.root,6777.0000000002947,59650.166801410487,59650.30735183775
20220312_4,root://eos01.ihep.ac.cn//eos/user/l/liushijie/pass5_crab_v6_sorted_gti/pass5_crab_v6_sorted_gti_map_chunks/20220312_4_BKG_J2000.root,6431.5000000002419,59650.336801419238,59650.499875229398
20220312_5,root://eos01.ihep.ac.cn//eos/user/l/liushijie/pass5_crab_v6_sorted_gti/pass5_crab_v6_sorted_gti_map_chunks/20220312_5_BKG_J2000.root,10387.300000000836,59650.503296112889,59650.666992323437
20220313_0,root://eos01.ihep.ac.cn//eos/user/l/liushijie/pass5_crab_v6_sorted_gti/pass5_crab_v6_sorted_gti_map_chunks/20220313_0_BKG_J2000.root,14200.00000000141,59650.666975929678,59650.833377521711
20220313_1,root://eos01.ihep.ac.cn//eos/user/l/liushijie/pass5_crab_v6_sorted_gti/pass5_crab_v6_sorted_gti_map_chunks/20220313_1_BKG_J2000.root,14233.000000001415,59650.833382183708,59651.000235623076
20220313_2,root://eos01.ihep.ac.cn//eos/user/l/liushijie/pass5_crab_v6_sorted_gti/pass5_crab_v6_sorted_gti_map_chunks/20220313_2_BKG_J2000.root,5174.3000000000538,59651.000223168594,59651.083523324218
20220313_4,root://eos01.ihep.ac.cn//eos/user/l/liushijie/pass5_crab_v6_sorted_gti/pass5_crab_v6_sorted_gti_map_chunks/20220313_4_BKG_J2000.root,14239.200000001414,59651.333667465355,59651.499965965821
20220313_5,root://eos01.ihep.ac.cn//eos/user/l/liushijie/pass5_crab_v6_sorted_gti/pass5_crab_v6_sorted_gti_map_chunks/20220313_5_BKG_J2000.root,14188.50000000141,59651.50046947036,59651.666638874209
20220314_0,root://eos01.ihep.ac.cn//eos/user/l/liushijie/pass5_crab_v6_sorted_gti/pass5_crab_v6_sorted_gti_map_chunks/20220314_0_BKG_J2000.root,14271.90000000142,59651.667099105005,59651.833649717904
20220314_1,root://eos01.ihep.ac.cn//eos/user/l/liushijie/pass5_crab_v6_sorted_gti/pass5_crab_v6_sorted_gti_map_chunks/20220314_1_BKG_J2000.root,14019.000000001382,59651.8335664408,59652.000047905611
20220314_2,root://eos01.ihep.ac.cn//eos/user/l/liushijie/pass5_crab_v6_sorted_gti/pass5_crab_v6_sorted_gti_map_chunks/20220314_2_BKG_J2000.root,4980.7000000000244,59651.999975262785,59652.083384661717
20220314_4,root://eos01.ihep.ac.cn//eos/user/l/liushijie/pass5_crab_v6_sorted_gti/pass5_crab_v6_sorted_gti_map_chunks/20220314_4_BKG_J2000.root,14145.300000001402,59652.333405156285,59652.500074759351
20220314_5,root://eos01.ihep.ac.cn//eos/user/l/liushijie/pass5_crab_v6_sorted_gti/pass5_crab_v6_sorted_gti_map_chunks/20220314_5_BKG_J2000.root,14245.300000001416,59652.499994678692,59652.66674884098
20220315_0,root://eos01.ihep.ac.cn//eos/user/l/liushijie/pass5_crab_v6_sorted_gti/pass5_crab_v6_sorted_gti_map_chunks/20220315_0_BKG_J2000.root,14163.500000001404,59652.666662513715,59652.833824534609
20220315_1,root://eos01.ihep.ac.cn//eos/user/l/liushijie/pass5_crab_v6_sorted_gti/pass5_crab_v6_sorted_gti_map_chunks/20220315_1_BKG_J2000.root,14088.800000001393,59652.833775474421,59652.99998240712
20220315_2,root://eos01.ihep.ac.cn//eos/user/l/liushijie/pass5_crab_v6_sorted_gti/pass5_crab_v6_sorted_gti_map_chunks/20220315_2_BKG_J2000.root,4707.8999999999824,59653.000485203869,59653.083570351373
20220315_4,root://eos01.ihep.ac.cn//eos/user/l/liushijie/pass5_crab_v6_sorted_gti/pass5_crab_v6_sorted_gti_map_chunks/20220315_4_BKG_J2000.root,14171.900000001406,59653.33335908498,59653.500273836304
20220315_5,root://eos01.ihep.ac.cn//eos/user/l/liushijie/pass5_crab_v6_sorted_gti/pass5_crab_v6_sorted_gti_map_chunks/20220315_5_BKG_J2000.root,13972.500000001375,59653.500216908644,59653.666854840812
20220316_0,root://eos01.ihep.ac.cn//eos/user/l/liushijie/pass5_crab_v6_sorted_gti/pass5_crab_v6_sorted_gti_map_chunks/20220316_0_BKG_J2000.root,14262.100000001417,59653.666772689794,59653.833734925291
20220316_1,root://eos01.ihep.ac.cn//eos/user/l/liushijie/pass5_crab_v6_sorted_gti/pass5_crab_v6_sorted_gti_map_chunks/20220316_1_BKG_J2000.root,14169.200000001405,59653.833651159759,59654.000208784448
20220316_2,root://eos01.ihep.ac.cn//eos/user/l/liushijie/pass5_crab_v6_sorted_gti/pass5_crab_v6_sorted_gti_map_chunks/20220316_2_BKG_J2000.root,4674.0999999999785,59654.000158567338,59654.167013168648
20220316_4,root://eos01.ihep.ac.cn//eos/user/l/liushijie/pass5_crab_v6_sorted_gti/pass5_crab_v6_sorted_gti_map_chunks/20220316_4_BKG_J2000.root,14145.800000001402,59654.333746999684,59654.500217570778
20220316_5,root://eos01.ihep.ac.cn//eos/user/l/liushijie/pass5_crab_v6_sorted_gti/pass5_crab_v6_sorted_gti_map_chunks/20220316_5_BKG_J2000.root,14173.300000001404,59654.500148622712,59654.666627077982
20220317_0,root://eos01.ihep.ac.cn//eos/user/l/liushijie/pass5_crab_v6_sorted_gti/pass5_crab_v6_sorted_gti_map_chunks/20220317_0_BKG_J2000.root,14290.200000001423,59654.667122457889,59654.833531710428
20220317_1,root://eos01.ihep.ac.cn//eos/user/l/liushijie/pass5_crab_v6_sorted_gti/pass5_crab_v6_sorted_gti_map_chunks/20220317_1_BKG_J2000.root,14160.100000001403,59654.833491909871,59655.000481475639
20220317_2,root://eos01.ihep.ac.cn//eos/user/l/liushijie/pass5_crab_v6_sorted_gti/pass5_crab_v6_sorted_gti_map_chunks/20220317_2_BKG_J2000.root,4276.8999999999178,59655.000455327136,59655.166964801996
20220317_4,root://eos01.ihep.ac.cn//eos/user/l/liushijie/pass5_crab_v6_sorted_gti/pass5_crab_v6_sorted_gti_map_chunks/20220317_4_BKG_J2000.root,14203.700000001409,59655.333832190219,59655.500306459224
20220317_5,root://eos01.ihep.ac.cn//eos/user/l/liushijie/pass5_crab_v6_sorted_gti/pass5_crab_v6_sorted_gti_map_chunks/20220317_5_BKG_J2000.root,14026.000000001382,59655.500345635293,59655.666964583295
20220318_0,root://eos01.ihep.ac.cn//eos/user/l/liushijie/pass5_crab_v6_sorted_gti/pass5_crab_v6_sorted_gti_map_chunks/20220318_0_BKG_J2000.root,14038.800000001387,59655.667002331167,59655.833738639296
20220318_1,root://eos01.ihep.ac.cn//eos/user/l/liushijie/pass5_crab_v6_sorted_gti/pass5_crab_v6_sorted_gti_map_chunks/20220318_1_BKG_J2000.root,14247.300000001416,59655.833799583757,59656.0002428199
20220318_2,root://eos01.ihep.ac.cn//eos/user/l/liushijie/pass5_crab_v6_sorted_gti/pass5_crab_v6_sorted_gti_map_chunks/20220318_2_BKG_J2000.root,4650.0999999999749,59656.000291899225,59656.167168970496
20220318_4,root://eos01.ihep.ac.cn//eos/user/l/liushijie/pass5_crab_v6_sorted_gti/pass5_crab_v6_sorted_gti_map_chunks/20220318_4_BKG_J2000.root,14099.200000001394,59656.333684495236,59656.500389807312
20220318_5,root://eos01.ihep.ac.cn//eos/user/l/liushijie/pass5_crab_v6_sorted_gti/pass5_crab_v6_sorted_gti_map_chunks/20220318_5_BKG_J2000.root,14231.000000001413,59656.500453704037,59656.667021278627
20220319_0,root://eos01.ihep.ac.cn//eos/user/l/liushijie/pass5_crab_v6_sorted_gti/pass5_crab_v6_sorted_gti_map_chunks/20220319_0_BKG_J2000.root,14206.900000001411,59656.66708912421,59656.833406942314
20220319_1,root://eos01.ihep.ac.cn//eos/user/l/liushijie/pass5_crab_v6_sorted_gti/pass5_crab_v6_sorted_gti_map_chunks/20220319_1_BKG_J2000.root,14281.600000001421,59656.833499325905,59657.000189344908
20220319_2,root://eos01.ihep.ac.cn//eos/user/l/liushijie/pass5_crab_v6_sorted_gti/pass5_crab_v6_sorted_gti_map_chunks/20220319_2_BKG_J2000.root,4661.0999999999758,59657.00028868494,59657.16691504437
20220319_4,root://eos01.ihep.ac.cn//eos/user/l/liushijie/pass5_crab_v6_sorted_gti/pass5_crab_v6_sorted_gti_map_chunks/20220319_4_BKG_J2000.root,14166.200000001405,59657.333608337191,59657.500070137459
20220319_5,root://eos01.ihep.ac.cn//eos/user/l/liushijie/pass5_crab_v6_sorted_gti/pass5_crab_v6_sorted_gti_map_chunks/20220319_5_BKG_J2000.root,14255.600000001417,59657.500167134924,59657.666848607587
20220320_0,root://eos01.ihep.ac.cn//eos/user/l/liushijie/pass5_crab_v6_sorted_gti/pass5_crab_v6_sorted_gti_map_chunks/20220320_0_BKG_J2000.root,14089.400000001391,59657.666931484397,59657.833809921198
20220320_1,root://eos01.ihep.ac.cn//eos/user/l/liushijie/pass5_crab_v6_sorted_gti/pass5_crab_v6_sorted_gti_map_chunks/20220320_1_BKG_J2000.root,14181.400000001406,59657.833334985196,59658.000477759371
20220320_2,root://eos01.ihep.ac.cn//eos/user/l/liushijie/pass5_crab_v6_sorted_gti/pass5_crab_v6_sorted_gti_map_chunks/20220320_2_BKG_J2000.root,4745.6999999999889,59658.000002798683,59658.167152758644
20220320_4,root://eos01.ihep.ac.cn//eos/user/l/liushijie/pass5_crab_v6_sorted_gti/pass5_crab_v6_sorted_gti_map_chunks/20220320_4_BKG_J2000.root,14163.900000001404,59658.333811820114,59658.500454166518
20220320_5,root://eos01.ihep.ac.cn//eos/user/l/liushijie/pass5_crab_v6_sorted_gti/pass5_crab_v6_sorted_gti_map_chunks/20220320_5_BKG_J2000.root,14201.500000001412,59658.500025010006,59658.666703003473
20220321_0,root://eos01.ihep.ac.cn//eos/user/l/liushijie/pass5_crab_v6_sorted_gti/pass5_crab_v6_sorted_gti_map_chunks/20220321_0_BKG_J2000.root,14174.600000001406,59658.666839846039,59658.833298371719
20220321_1,root://eos01.ihep.ac.cn//eos/user/l/liushijie/pass5_crab_v6_sorted_gti/pass5_crab_v6_sorted_gti_map_chunks/20220321_1_BKG_J2000.root,14180.500000001408,59658.833407887985,59659.000325692512
20220321_2,root://eos01.ihep.ac.cn//eos/user/l/liushijie/pass5_crab_v6_sorted_gti/pass5_crab_v6_sorted_gti_map_chunks/20220321_2_BKG_J2000.root,4720.5999999999849,59659.000424538281,59659.167154851828
20220321_4,root://eos01.ihep.ac.cn//eos/user/l/liushijie/pass5_crab_v6_sorted_gti/pass5_crab_v6_sorted_gti_map_chunks/20220321_4_BKG_J2000.root,14241.500000001417,59659.333657655363,59659.500049518843
20220321_5,root://eos01.ihep.ac.cn//eos/user/l/liushijie/pass5_crab_v6_sorted_gti/pass5_crab_v6_sorted_gti_map_chunks/20220321_5_BKG_J2000.root,14273.600000001421,59659.500202087009,59659.666899994401
20220322_0,root://eos01.ihep.ac.cn//eos/user/l/liushijie/pass5_crab_v6_sorted_gti/pass5_crab_v6_sorted_gti_map_chunks/20220322_0_BKG_J2000.root,14179.600000001406,59659.667073386066,59659.833663163889
20220322_1,root://eos01.ihep.ac.cn//eos/user/l/liushijie/pass5_crab_v6_sorted_gti/pass5_crab_v6_sorted_gti_map_chunks/20220322_1_BKG_J2000.root,14279.300000001422,59659.833804175643,59660.000497912042
20220322_2,root://eos01.ihep.ac.cn//eos/user/l/liushijie/pass5_crab_v6_sorted_gti/pass5_crab_v6_sorted_gti_map_chunks/20220322_2_BKG_J2000.root,4646.099999999974,59660.000052783151,59660.166800178326
20220322_4,root://eos01.ihep.ac.cn//eos/user/l/liushijie/pass5_crab_v6_sorted_gti/pass5_crab_v6_sorted_gti_map_chunks/20220322_4_BKG_J2000.root,14238.200000001416,59660.333393521527,59660.50022314737
20220322_5,root://eos01.ihep.ac.cn//eos/user/l/liushijie/pass5_crab_v6_sorted_gti/pass5_crab_v6_sorted_gti_map_chunks/20220322_5_BKG_J2000.root,13316.700000001278,59660.500335894118,59660.667074297286
20220323_0,root://eos01.ihep.ac.cn//eos/user/l/liushijie/pass5_crab_v6_sorted_gti/pass5_crab_v6_sorted_gti_map_chunks/20220323_0_BKG_J2000.root,14199.300000001409,59660.667078938117,59660.833529141222
20220323_1,root://eos01.ihep.ac.cn//eos/user/l/liushijie/pass5_crab_v6_sorted_gti/pass5_crab_v6_sorted_gti_map_chunks/20220323_1_BKG_J2000.root,9358.9000000006818,59660.833558805709,59660.942909953199
20220323_4,root://eos01.ihep.ac.cn//eos/user/l/liushijie/pass5_crab_v6_sorted_gti/pass5_crab_v6_sorted_gti_map_chunks/20220323_4_BKG_J2000.root,14200.600000001408,59661.333752132232,59661.500106234795
20220323_5,root://eos01.ihep.ac.cn//eos/user/l/liushijie/pass5_crab_v6_sorted_gti/pass5_crab_v6_sorted_gti_map_chunks/20220323_5_BKG_J2000.root,14212.20000000141,59661.500114835369,59661.666630786523
20220324_0,root://eos01.ihep.ac.cn//eos/user/l/liushijie/pass5_crab_v6_sorted_gti/pass5_crab_v6_sorted_gti_map_chunks/20220324_0_BKG_J2000.root,14081.70000000139,59661.666637515787,59661.83370485968
20220324_1,root://eos01.ihep.ac.cn//eos/user/l/liushijie/pass5_crab_v6_sorted_gti/pass5_crab_v6_sorted_gti_map_chunks/20220324_1_BKG_J2000.root,13804.10000000135,59661.833736576191,59662.00017174497
20220324_2,root://eos01.ihep.ac.cn//eos/user/l/liushijie/pass5_crab_v6_sorted_gti/pass5_crab_v6_sorted_gti_map_chunks/20220324_2_BKG_J2000.root,4597.7999999999665,59662.000163203906,59662.167121525774
20220324_4,root://eos01.ihep.ac.cn//eos/user/l/liushijie/pass5_crab_v6_sorted_gti/pass5_crab_v6_sorted_gti_map_chunks/20220324_4_BKG_J2000.root,14162.400000001404,59662.333604864456,59662.500235643383
20220324_5,root://eos01.ihep.ac.cn//eos/user/l/liushijie/pass5_crab_v6_sorted_gti/pass5_crab_v6_sorted_gti_map_chunks/20220324_5_BKG_J2000.root,13848.70000000136,59662.500276428989,59662.66697288963
20220325_0,root://eos01.ihep.ac.cn//eos/user/l/liushijie/pass5_crab_v6_sorted_gti/pass5_crab_v6_sorted_gti_map_chunks/20220325_0_BKG_J2000.root,14170.800000001407,59662.666962049894,59662.833608557434
20220325_1,root://eos01.ihep.ac.cn//eos/user/l/liushijie/pass5_crab_v6_sorted_gti/pass5_crab_v6_sorted_gti_map_chunks/20220325_1_BKG_J2000.root,14223.800000001413,59662.8336342736,59663.000333736469
20220325_2,root://eos01.ihep.ac.cn//eos/user/l/liushijie/pass5_crab_v6_sorted_gti/pass5_crab_v6_sorted_gti_map_chunks/20220325_2_BKG_J2000.root,4440.3999999999432,59663.000335666089,59663.166923375538
20220325_4,root://eos01.ihep.ac.cn//eos/user/l/liushijie/pass5_crab_v6_sorted_gti/pass5_crab_v6_sorted_gti_map_chunks/20220325_4_BKG_J2000.root,14135.000000001401,59663.333558803359,59663.500096756099
20220325_5,root://eos01.ihep.ac.cn//eos/user/l/liushijie/pass5_crab_v6_sorted_gti/pass5_crab_v6_sorted_gti_map_chunks/20220325_5_BKG_J2000.root,14109.000000001395,59663.500046065143,59663.666906474296
20220326_0,root://eos01.ihep.ac.cn//eos/user/l/liushijie/pass5_crab_v6_sorted_gti/pass5_crab_v6_sorted_gti_map_chunks/20220326_0_BKG_J2000.root,14159.500000001404,59663.666849326612,59663.833822908549
20220326_1,root://eos01.ihep.ac.cn//eos/user/l/liushijie/pass5_crab_v6_sorted_gti/pass5_crab_v6_sorted_gti_map_chunks/20220326_1_BKG_J2000.root,14218.400000001413,59663.833778020038,59664.000366426546
20220326_2,root://eos01.ihep.ac.cn//eos/user/l/liushijie/pass5_crab_v6_sorted_gti/pass5_crab_v6_sorted_gti_map_chunks/20220326_2_BKG_J2000.root,4550.2999999999593,59664.000318069135,59664.166828230889
20220326_4,root://eos01.ihep.ac.cn//eos/user/l/liushijie/pass5_crab_v6_sorted_gti/pass5_crab_v6_sorted_gti_map_chunks/20220326_4_BKG_J2000.root,14292.000000001424,59664.33334471062,59664.500147176514
20220326_5,root://eos01.ihep.ac.cn//eos/user/l/liushijie/pass5_crab_v6_sorted_gti/pass5_crab_v6_sorted_gti_map_chunks/20220326_5_BKG_J2000.root,14111.800000001398,59664.500051621355,59664.667177012874
20220327_0,root://eos01.ihep.ac.cn//eos/user/l/liushijie/pass5_crab_v6_sorted_gti/pass5_crab_v6_sorted_gti_map_chunks/20220327_0_BKG_J2000.root,14173.400000001404,59664.667056971113,59664.833622906197
20220327_1,root://eos01.ihep.ac.cn//eos/user/l/liushijie/pass5_crab_v6_sorted_gti/pass5_crab_v6_sorted_gti_map_chunks/20220327_1_BKG_J2000.root,14163.000000001404,59664.833503713911,59665.000161792457
20220327_2,root://eos01.ihep.ac.cn//eos/user/l/liushijie/pass5_crab_v6_sorted_gti/pass5_crab_v6_sorted_gti_map_chunks/20220327_2_BKG_J2000.root,4681.7999999999802,59665.000065048975,59665.166677298686
20220327_4,root://eos01.ihep.ac.cn//eos/user/l/liushijie/pass5_crab_v6_sorted_gti/pass5_crab_v6_sorted_gti_map_chunks/20220327_4_BKG_J2000.root,14227.500000001415,59665.333590512913,59665.500027767252
20220327_5,root://eos01.ihep.ac.cn//eos/user/l/liushijie/pass5_crab_v6_sorted_gti/pass5_crab_v6_sorted_gti_map_chunks/20220327_5_BKG_J2000.root,14276.500000001421,59665.500479642833,59665.667084716632
20220328_0,root://eos01.ihep.ac.cn//eos/user/l/liushijie/pass5_crab_v6_sorted_gti/pass5_crab_v6_sorted_gti_map_chunks/20220328_0_BKG_J2000.root,14277.900000001422,59665.666942605116,59665.833389099964
20220328_1,root://eos01.ihep.ac.cn//eos/user/l/liushijie/pass5_crab_v6_sorted_gti/pass5_crab_v6_sorted_gti_map_chunks/20220328_1_BKG_J2000.root,14183.100000001406,59665.833823618486,59666.000038172373
20220328_2,root://eos01.ihep.ac.cn//eos/user/l/liushijie/pass5_crab_v6_sorted_gti/pass5_crab_v6_sorted_gti_map_chunks/20220328_2_BKG_J2000.root,4573.9999999999627,59666.000496080771,59666.166947445818
20220328_4,root://eos01.ihep.ac.cn//eos/user/l/liushijie/pass5_crab_v6_sorted_gti/pass5_crab_v6_sorted_gti_map_chunks/20220328_4_BKG_J2000.root,14218.700000001412,59666.333296840923,59666.500412261594
20220328_5,root://eos01.ihep.ac.cn//eos/user/l/liushijie/pass5_crab_v6_sorted_gti/pass5_crab_v6_sorted_gti_map_chunks/20220328_5_BKG_J2000.root,14274.80000000142,59666.500341681902,59666.667072430369
20220329_0,root://eos01.ihep.ac.cn//eos/user/l/liushijie/pass5_crab_v6_sorted_gti/pass5_crab_v6_sorted_gti_map_chunks/20220329_0_BKG_J2000.root,14060.800000001391,59666.667006731892,59666.833782406356
20220329_1,root://eos01.ihep.ac.cn//eos/user/l/liushijie/pass5_crab_v6_sorted_gti/pass5_crab_v6_sorted_gti_map_chunks/20220329_1_BKG_J2000.root,13985.200000001378,59666.833716683534,59667.000263865833
20220329_2,root://eos01.ihep.ac.cn//eos/user/l/liushijie/pass5_crab_v6_sorted_gti/pass5_crab_v6_sorted_gti_map_chunks/20220329_2_BKG_J2000.root,4633.799999999972,59667.000191900472,59667.166972674415
20220329_4,root://eos01.ihep.ac.cn//eos/user/l/liushijie/pass5_crab_v6_sorted_gti/pass5_crab_v6_sorted_gti_map_chunks/20220329_4_BKG_J2000.root,14282.400000001424,59667.333350232744,59667.500058306585
20220329_5,root://eos01.ihep.ac.cn//eos/user/l/liushijie/pass5_crab_v6_sorted_gti/pass5_crab_v6_sorted_gti_map_chunks/20220329_5_BKG_J2000.root,14114.000000001397,59667.500501902134,59667.666702535309
20220330_0,root://eos01.ihep.ac.cn//eos/user/l/liushijie/pass5_crab_v6_sorted_gti/pass5_crab_v6_sorted_gti_map_chunks/20220330_0_BKG_J2000.root,14131.300000001398,59667.667151158872,59667.83333216374
20220330_1,root://eos01.ihep.ac.cn//eos/user/l/liushijie/pass5_crab_v6_sorted_gti/pass5_crab_v6_sorted_gti_map_chunks/20220330_1_BKG_J2000.root,14150.800000001402,59667.833769448669,59668.000326382382
20220330_2,root://eos01.ihep.ac.cn//eos/user/l/liushijie/pass5_crab_v6_sorted_gti/pass5_crab_v6_sorted_gti_map_chunks/20220330_2_BKG_J2000.root,4587.9999999999645,59668.000176854315,59668.166939325936
20220330_4,root://eos01.ihep.ac.cn//eos/user/l/liushijie/pass5_crab_v6_sorted_gti/pass5_crab_v6_sorted_gti_map_chunks/20220330_4_BKG_J2000.root,14182.900000001408,59668.3338166709,59668.500358316356
20220330_5,root://eos01.ihep.ac.cn//eos/user/l/liushijie/pass5_crab_v6_sorted_gti/pass5_crab_v6_sorted_gti_map_chunks/20220330_5_BKG_J2000.root,13588.900000001317,59668.500175232148,59668.66679814634
20220331_0,root://eos01.ihep.ac.cn//eos/user/l/liushijie/pass5_crab_v6_sorted_gti/pass5_crab_v6_sorted_gti_map_chunks/20220331_0_BKG_J2000.root,14210.600000001412,59668.666795382509,59668.833401371499
20220331_1,root://eos01.ihep.ac.cn//eos/user/l/liushijie/pass5_crab_v6_sorted_gti/pass5_crab_v6_sorted_gti_map_chunks/20220331_1_BKG_J2000.root,14241.200000001416,59668.833437066125,59669.000291662851
20220331_4,root://eos01.ihep.ac.cn//eos/user/l/liushijie/pass5_crab_v6_sorted_gti/pass5_crab_v6_sorted_gti_map_chunks/20220331_4_BKG_J2000.root,13232.300000001265,59669.333228243551,59669.499816154435
20220331_5,root://eos01.ihep.ac.cn//eos/user/l/liushijie/pass5_crab_v6_sorted_gti/pass5_crab_v6_sorted_gti_map_chunks/20220331_5_BKG_J2000.root,13252.500000001268,59669.49980347939,59669.666905294383
20220401_0,root://eos01.ihep.ac.cn//eos/user/l/liushijie/pass5_crab_v6_sorted_gti/pass5_crab_v6_sorted_gti_map_chunks/20220401_0_BKG_J2000.root,14085.100000001394,59669.666891220135,59669.833193052204
20220401_1,root://eos01.ihep.ac.cn//eos/user/l/liushijie/pass5_crab_v6_sorted_gti/pass5_crab_v6_sorted_gti_map_chunks/20220401_1_BKG_J2000.root,14221.700000001412,59669.833179171779,59670.000023604356
20220401_2,root://eos01.ihep.ac.cn//eos/user/l/liushijie/pass5_crab_v6_sorted_gti/pass5_crab_v6_sorted_gti_map_chunks/20220401_2_BKG_J2000.root,4599.7999999999674,59670.000037967271,59670.166677770139
20220401_4,root://eos01.ihep.ac.cn//eos/user/l/liushijie/pass5_crab_v6_sorted_gti/pass5_crab_v6_sorted_gti_map_chunks/20220401_4_BKG_J2000.root,14244.400000001415,59670.333071538313,59670.500099983874
20220401_5,root://eos01.ihep.ac.cn//eos/user/l/liushijie/pass5_crab_v6_sorted_gti/pass5_crab_v6_sorted_gti_map_chunks/20220401_5_BKG_J2000.root,13268.300000001269,59670.50010858578,59670.666904600432
20220402_0,root://eos01.ihep.ac.cn//eos/user/l/liushijie/pass5_crab_v6_sorted_gti/pass5_crab_v6_sorted_gti_map_chunks/20220402_0_BKG_J2000.root,14111.300000001394,59670.666894020113,59670.833155543565
20220402_1,root://eos01.ihep.ac.cn//eos/user/l/liushijie/pass5_crab_v6_sorted_gti/pass5_crab_v6_sorted_gti_map_chunks/20220402_1_BKG_J2000.root,14099.100000001396,59670.833148185266,59670.999911108476
20220402_2,root://eos01.ihep.ac.cn//eos/user/l/liushijie/pass5_crab_v6_sorted_gti/pass5_crab_v6_sorted_gti_map_chunks/20220402_2_BKG_J2000.root,4638.6999999999734,59670.999895606539,59671.166967357516
20220402_4,root://eos01.ihep.ac.cn//eos/user/l/liushijie/pass5_crab_v6_sorted_gti/pass5_crab_v6_sorted_gti_map_chunks/20220402_4_BKG_J2000.root,13493.700000001303,59671.333326627311,59671.50019557104
20220402_5,root://eos01.ihep.ac.cn//eos/user/l/liushijie/pass5_crab_v6_sorted_gti/pass5_crab_v6_sorted_gti_map_chunks/20220402_5_BKG_J2000.root,14210.200000001414,59671.500206961959,59671.666961550676
20220403_0,root://eos01.ihep.ac.cn//eos/user/l/liushijie/pass5_crab_v6_sorted_gti/pass5_crab_v6_sorted_gti_map_chunks/20220403_0_BKG_J2000.root,14194.000000001412,59671.666368312217,59671.833542564527
20220403_1,root://eos01.ihep.ac.cn//eos/user/l/liushijie/pass5_crab_v6_sorted_gti/pass5_crab_v6_sorted_gti_map_chunks/20220403_1_BKG_J2000.root,14207.20000000141,59671.833565286841,59672.000309205272
20220403_2,root://eos01.ihep.ac.cn//eos/user/l/liushijie/pass5_crab_v6_sorted_gti/pass5_crab_v6_sorted_gti_map_chunks/20220403_2_BKG_J2000.root,4603.2999999999674,59671.999721768123,59672.16688679807
20220403_4,root://eos01.ihep.ac.cn//eos/user/l/liushijie/pass5_crab_v6_sorted_gti/pass5_crab_v6_sorted_gti_map_chunks/20220403_4_BKG_J2000.root,14254.000000001417,59672.333093782669,59672.500163166347
20220403_5,root://eos01.ihep.ac.cn//eos/user/l/liushijie/pass5_crab_v6_sorted_gti/pass5_crab_v6_sorted_gti_map_chunks/20220403_5_BKG_J2000.root,13999.600000001379,59672.500182410447,59672.666615245158
20220404_0,root://eos01.ihep.ac.cn//eos/user/l/liushijie/pass5_crab_v6_sorted_gti/pass5_crab_v6_sorted_gti_map_chunks/20220404_0_BKG_J2000.root,14188.700000001409,59672.666634729067,59672.833113636836
20220404_1,root://eos01.ihep.ac.cn//eos/user/l/liushijie/pass5_crab_v6_sorted_gti/pass5_crab_v6_sorted_gti_map_chunks/20220404_1_BKG_J2000.root,14224.200000001414,59672.833125941746,59673.000024722111
20220404_2,root://eos01.ihep.ac.cn//eos/user/l/liushijie/pass5_crab_v6_sorted_gti/pass5_crab_v6_sorted_gti_map_chunks/20220404_2_BKG_J2000.root,4601.9999999999673,59673.000049348797,59673.16694374958
20220404_4,root://eos01.ihep.ac.cn//eos/user/l/liushijie/pass5_crab_v6_sorted_gti/pass5_crab_v6_sorted_gti_map_chunks/20220404_4_BKG_J2000.root,14106.000000001395,59673.333587500463,59673.500188852646
20220404_5,root://eos01.ihep.ac.cn//eos/user/l/liushijie/pass5_crab_v6_sorted_gti/pass5_crab_v6_sorted_gti_map_chunks/20220404_5_BKG_J2000.root,14071.900000001391,59673.500210905811,59673.666498127604
20220405_0,root://eos01.ihep.ac.cn//eos/user/l/liushijie/pass5_crab_v6_sorted_gti/pass5_crab_v6_sorted_gti_map_chunks/20220405_0_BKG_J2000.root,14076.50000000139,59673.666527546557,59673.83305415263
20220405_1,root://eos01.ihep.ac.cn//eos/user/l/liushijie/pass5_crab_v6_sorted_gti/pass5_crab_v6_sorted_gti_map_chunks/20220405_1_BKG_J2000.root,14048.700000001387,59673.833070007073,59673.999893046654
20220405_2,root://eos01.ihep.ac.cn//eos/user/l/liushijie/pass5_crab_v6_sorted_gti/pass5_crab_v6_sorted_gti_map_chunks/20220405_2_BKG_J2000.root,4795.9999999999964,59674.083614135292,59674.166546989654
20220405_4,root://eos01.ihep.ac.cn//eos/user/l/liushijie/pass5_crab_v6_sorted_gti/pass5_crab_v6_sorted_gti_map_chunks/20220405_4_BKG_J2000.root,13114.300000001247,59674.333144709271,59674.500084479652
20220405_5,root://eos01.ihep.ac.cn//eos/user/l/liushijie/pass5_crab_v6_sorted_gti/pass5_crab_v6_sorted_gti_map_chunks/20220405_5_BKG_J2000.root,13887.100000001363,59674.500069921458,59674.666802300868
20220406_0,root://eos01.ihep.ac.cn//eos/user/l/liushijie/pass5_crab_v6_sorted_gti/pass5_crab_v6_sorted_gti_map_chunks/20220406_0_BKG_J2000.root,13834.500000001355,59674.666786403744,59674.833055315576
20220406_1,root://eos01.ihep.ac.cn//eos/user/l/liushijie/pass5_crab_v6_sorted_gti/pass5_crab_v6_sorted_gti_map_chunks/20220406_1_BKG_J2000.root,13791.900000001346,59674.833028244298,59675.000137009731
20220406_4,root://eos01.ihep.ac.cn//eos/user/l/liushijie/pass5_crab_v6_sorted_gti/pass5_crab_v6_sorted_gti_map_chunks/20220406_4_BKG_J2000.root,8315.4000000005253,59675.40034792501,59675.499885597295
20220406_5,root://eos01.ihep.ac.cn//eos/user/l/liushijie/pass5_crab_v6_sorted_gti/pass5_crab_v6_sorted_gti_map_chunks/20220406_5_BKG_J2000.root,14209.300000001413,59675.499866909515,59675.666750222255
20220407_0,root://eos01.ihep.ac.cn//eos/user/l/liushijie/pass5_crab_v6_sorted_gti/pass5_crab_v6_sorted_gti_map_chunks/20220407_0_BKG_J2000.root,14239.000000001417,59675.666741903267,59675.833423144461
20220407_1,root://eos01.ihep.ac.cn//eos/user/l/liushijie/pass5_crab_v6_sorted_gti/pass5_crab_v6_sorted_gti_map_chunks/20220407_1_BKG_J2000.root,13600.600000001319,59675.833409279599,59675.999705778646
20220407_4,root://eos01.ihep.ac.cn//eos/user/l/liushijie/pass5_crab_v6_sorted_gti/pass5_crab_v6_sorted_gti_map_chunks/20220407_4_BKG_J2000.root,3044.0999999999312,59676.461531054891,59676.499758090409
20220407_5,root://eos01.ihep.ac.cn//eos/user/l/liushijie/pass5_crab_v6_sorted_gti/pass5_crab_v6_sorted_gti_map_chunks/20220407_5_BKG_J2000.root,14008.000000001382,59676.499755096382,59676.666601382953
20220408_0,root://eos01.ihep.ac.cn//eos/user/l/liushijie/pass5_crab_v6_sorted_gti/pass5_crab_v6_sorted_gti_map_chunks/20220408_0_BKG_J2000.root,14215.200000001412,59676.666572461858,59676.83347706918
20220408_1,root://eos01.ihep.ac.cn//eos/user/l/liushijie/pass5_crab_v6_sorted_gti/pass5_crab_v6_sorted_gti_map_chunks/20220408_1_BKG_J2000.root,13038.100000001235,59676.833468296994,59677.00019139966
20220408_4,root://eos01.ihep.ac.cn//eos/user/l/liushijie/pass5_crab_v6_sorted_gti/pass5_crab_v6_sorted_gti_map_chunks/20220408_4_BKG_J2000.root,12196.500000001108,59677.3434627569,59677.500230765268
20220408_5,root://eos01.ihep.ac.cn//eos/user/l/liushijie/pass5_crab_v6_sorted_gti/pass5_crab_v6_sorted_gti_map_chunks/20220408_5_BKG_J2000.root,13966.400000001373,59677.500226855649,59677.66666365305
20220409_0,root://eos01.ihep.ac.cn//eos/user/l/liushijie/pass5_crab_v6_sorted_gti/pass5_crab_v6_sorted_gti_map_chunks/20220409_0_BKG_J2000.root,14182.900000001406,59677.666659028058,59677.833219653912
20220409_1,root://eos01.ihep.ac.cn//eos/user/l/liushijie/pass5_crab_v6_sorted_gti/pass5_crab_v6_sorted_gti_map_chunks/20220409_1_BKG_J2000.root,13178.500000001257,59677.833247918941,59678.000069642541
20220409_2,root://eos01.ihep.ac.cn//eos/user/l/liushijie/pass5_crab_v6_sorted_gti/pass5_crab_v6_sorted_gti_map_chunks/20220409_2_BKG_J2000.root,5808.9000000001488,59678.083391672648,59678.166781711632
20220409_3,root://eos01.ihep.ac.cn//eos/user/l/liushijie/pass5_crab_v6_sorted_gti/pass5_crab_v6_sorted_gti_map_chunks/20220409_3_BKG_J2000.root,14203.100000001412,59678.166807912632,59678.333555519821
20220409_4,root://eos01.ihep.ac.cn//eos/user/l/liushijie/pass5_crab_v6_sorted_gti/pass5_crab_v6_sorted_gti_map_chunks/20220409_4_BKG_J2000.root,14080.700000001392,59678.333568996,59678.499984448375
20220409_5,root://eos01.ihep.ac.cn//eos/user/l/liushijie/pass5_crab_v6_sorted_gti/pass5_crab_v6_sorted_gti_map_chunks/20220409_5_BKG_J2000.root,14195.500000001408,59678.499953713588,59678.666584949075
20220410_0,root://eos01.ihep.ac.cn//eos/user/l/liushijie/pass5_crab_v6_sorted_gti/pass5_crab_v6_sorted_gti_map_chunks/20220410_0_BKG_J2000.root,14020.000000001382,59678.666559030207,59678.833525684429
20220410_1,root://eos01.ihep.ac.cn//eos/user/l/liushijie/pass5_crab_v6_sorted_gti/pass5_crab_v6_sorted_gti_map_chunks/20220410_1_BKG_J2000.root,12808.100000001201,59678.833450985614,59679.000195130531
20220410_2,root://eos01.ihep.ac.cn//eos/user/l/liushijie/pass5_crab_v6_sorted_gti/pass5_crab_v6_sorted_gti_map_chunks/20220410_2_BKG_J2000.root,6089.2000000001908,59679.08324284439,59679.166804164925
20220410_3,root://eos01.ihep.ac.cn//eos/user/l/liushijie/pass5_crab_v6_sorted_gti/pass5_crab_v6_sorted_gti_map_chunks/20220410_3_BKG_J2000.root,14308.300000001425,59679.166681043847,59679.333133056738
20220410_4,root://eos01.ihep.ac.cn//eos/user/l/liushijie/pass5_crab_v6_sorted_gti/pass5_crab_v6_sorted_gti_map_chunks/20220410_4_BKG_J2000.root,14288.700000001423,59679.333590301896,59679.500057624282
20220410_5,root://eos01.ihep.ac.cn//eos/user/l/liushijie/pass5_crab_v6_sorted_gti/pass5_crab_v6_sorted_gti_map_chunks/20220410_5_BKG_J2000.root,14202.400000001409,59679.499898157526,59679.666601612393
20220411_0,root://eos01.ihep.ac.cn//eos/user/l/liushijie/pass5_crab_v6_sorted_gti/pass5_crab_v6_sorted_gti_map_chunks/20220411_0_BKG_J2000.root,14206.70000000141,59679.666438895008,59679.833320138212
20220411_1,root://eos01.ihep.ac.cn//eos/user/l/liushijie/pass5_crab_v6_sorted_gti/pass5_crab_v6_sorted_gti_map_chunks/20220411_1_BKG_J2000.root,12713.000000001186,59679.833147929763,59679.999881896423
20220411_2,root://eos01.ihep.ac.cn//eos/user/l/liushijie/pass5_crab_v6_sorted_gti/pass5_crab_v6_sorted_gti_map_chunks/20220411_2_BKG_J2000.root,6221.5000000002101,59680.083392828827,59680.166687248136
20220411_3,root://eos01.ihep.ac.cn//eos/user/l/liushijie/pass5_crab_v6_sorted_gti/pass5_crab_v6_sorted_gti_map_chunks/20220411_3_BKG_J2000.root,14127.400000001398,59680.166519460588,59680.333415036199
20220411_4,root://eos01.ihep.ac.cn//eos/user/l/liushijie/pass5_crab_v6_sorted_gti/pass5_crab_v6_sorted_gti_map_chunks/20220411_4_BKG_J2000.root,14237.500000001417,59680.333283797918,59680.499949276389
20220411_5,root://eos01.ihep.ac.cn//eos/user/l/liushijie/pass5_crab_v6_sorted_gti/pass5_crab_v6_sorted_gti_map_chunks/20220411_5_BKG_J2000.root,14320.300000001429,59680.499825970757,59680.66686572937
20220412_0,root://eos01.ihep.ac.cn//eos/user/l/liushijie/pass5_crab_v6_sorted_gti/pass5_crab_v6_sorted_gti_map_chunks/20220412_0_BKG_J2000.root,14209.20000000141,59680.666702095106,59680.833555525162
20220412_1,root://eos01.ihep.ac.cn//eos/user/l/liushijie/pass5_crab_v6_sorted_gti/pass5_crab_v6_sorted_gti_map_chunks/20220412_1_BKG_J2000.root,12329.900000001131,59680.833388459818,59680.999705968337
20220412_2,root://eos01.ihep.ac.cn//eos/user/l/liushijie/pass5_crab_v6_sorted_gti/pass5_crab_v6_sorted_gti_map_chunks/20220412_2_BKG_J2000.root,5950.0000000001701,59681.08352432723,59681.1664050826
20220412_3,root://eos01.ihep.ac.cn//eos/user/l/liushijie/pass5_crab_v6_sorted_gti/pass5_crab_v6_sorted_gti_map_chunks/20220412_3_BKG_J2000.root,14234.200000001416,59681.166401395923,59681.333503690243
20220412_4,root://eos01.ihep.ac.cn//eos/user/l/liushijie/pass5_crab_v6_sorted_gti/pass5_crab_v6_sorted_gti_map_chunks/20220412_4_BKG_J2000.root,14019.900000001382,59681.333483573559,59681.500293049823
20220412_5,root://eos01.ihep.ac.cn//eos/user/l/liushijie/pass5_crab_v6_sorted_gti/pass5_crab_v6_sorted_gti_map_chunks/20220412_5_BKG_J2000.root,14176.400000001406,59681.50028614141,59681.66665159876
20220413_0,root://eos01.ihep.ac.cn//eos/user/l/liushijie/pass5_crab_v6_sorted_gti/pass5_crab_v6_sorted_gti_map_chunks/20220413_0_BKG_J2000.root,14196.800000001409,59681.666666469966,59681.833339106583
20220413_1,root://eos01.ihep.ac.cn//eos/user/l/liushijie/pass5_crab_v6_sorted_gti/pass5_crab_v6_sorted_gti_map_chunks/20220413_1_BKG_J2000.root,12163.200000001103,59681.833372268295,59682.00028101277
20220413_2,root://eos01.ihep.ac.cn//eos/user/l/liushijie/pass5_crab_v6_sorted_gti/pass5_crab_v6_sorted_gti_map_chunks/20220413_2_BKG_J2000.root,6729.900000000287,59682.083615279851,59682.166361332791
20220413_3,root://eos01.ihep.ac.cn//eos/user/l/liushijie/pass5_crab_v6_sorted_gti/pass5_crab_v6_sorted_gti_map_chunks/20220413_3_BKG_J2000.root,14218.700000001412,59682.166962550953,59682.333225427799
20220413_4,root://eos01.ihep.ac.cn//eos/user/l/liushijie/pass5_crab_v6_sorted_gti/pass5_crab_v6_sorted_gti_map_chunks/20220413_4_BKG_J2000.root,14265.800000001418,59682.333233572746,59682.500006943439
20220413_5,root://eos01.ihep.ac.cn//eos/user/l/liushijie/pass5_crab_v6_sorted_gti/pass5_crab_v6_sorted_gti_map_chunks/20220413_5_BKG_J2000.root,14211.700000001412,59682.499996542254,59682.66665737304
20220414_0,root://eos01.ihep.ac.cn//eos/user/l/liushijie/pass5_crab_v6_sorted_gti/pass5_crab_v6_sorted_gti_map_chunks/20220414_0_BKG_J2000.root,14184.000000001408,59682.6666347258,59682.833054384268
20220414_1,root://eos01.ihep.ac.cn//eos/user/l/liushijie/pass5_crab_v6_sorted_gti/pass5_crab_v6_sorted_gti_map_chunks/20220414_1_BKG_J2000.root,11880.000000001062,59682.833047456072,59682.9999136568
20220414_2,root://eos01.ihep.ac.cn//eos/user/l/liushijie/pass5_crab_v6_sorted_gti/pass5_crab_v6_sorted_gti_map_chunks/20220414_2_BKG_J2000.root,6938.7000000003181,59683.083285469511,59683.166361324118
20220414_3,root://eos01.ihep.ac.cn//eos/user/l/liushijie/pass5_crab_v6_sorted_gti/pass5_crab_v6_sorted_gti_map_chunks/20220414_3_BKG_J2000.root,14238.000000001415,59683.166417647219,59683.333126383244
20220414_4,root://eos01.ihep.ac.cn//eos/user/l/liushijie/pass5_crab_v6_sorted_gti/pass5_crab_v6_sorted_gti_map_chunks/20220414_4_BKG_J2000.root,14185.200000001407,59683.333192133032,59683.499781245882
20220414_5,root://eos01.ihep.ac.cn//eos/user/l/liushijie/pass5_crab_v6_sorted_gti/pass5_crab_v6_sorted_gti_map_chunks/20220414_5_BKG_J2000.root,14162.000000001402,59683.499860222684,59683.666623837118
20220415_0,root://eos01.ihep.ac.cn//eos/user/l/liushijie/pass5_crab_v6_sorted_gti/pass5_crab_v6_sorted_gti_map_chunks/20220415_0_BKG_J2000.root,14234.700000001414,59683.666693537394,59683.833400222298
20220415_1,root://eos01.ihep.ac.cn//eos/user/l/liushijie/pass5_crab_v6_sorted_gti/pass5_crab_v6_sorted_gti_map_chunks/20220415_1_BKG_J2000.root,11692.800000001032,59683.83346553093,59684.000056910794
20220415_2,root://eos01.ihep.ac.cn//eos/user/l/liushijie/pass5_crab_v6_sorted_gti/pass5_crab_v6_sorted_gti_map_chunks/20220415_2_BKG_J2000.root,6934.7000000003181,59684.04153727767,59684.166362674201
20220415_3,root://eos01.ihep.ac.cn//eos/user/l/liushijie/pass5_crab_v6_sorted_gti/pass5_crab_v6_sorted_gti_map_chunks/20220415_3_BKG_J2000.root,14148.900000001402,59684.166358594921,59684.333439112801
20220415_4,root://eos01.ihep.ac.cn//eos/user/l/liushijie/pass5_crab_v6_sorted_gti/pass5_crab_v6_sorted_gti_map_chunks/20220415_4_BKG_J2000.root,14121.200000001398,59684.333430122446,59684.499976141771
20220415_5,root://eos01.ihep.ac.cn//eos/user/l/liushijie/pass5_crab_v6_sorted_gti/pass5_crab_v6_sorted_gti_map_chunks/20220415_5_BKG_J2000.root,14232.700000001416,59684.499934962812,59684.666694892134
20220416_0,root://eos01.ihep.ac.cn//eos/user/l/liushijie/pass5_crab_v6_sorted_gti/pass5_crab_v6_sorted_gti_map_chunks/20220416_0_BKG_J2000.root,14232.700000001414,59684.666649324696,59684.833055080264
20220416_1,root://eos01.ihep.ac.cn//eos/user/l/liushijie/pass5_crab_v6_sorted_gti/pass5_crab_v6_sorted_gti_map_chunks/20220416_1_BKG_J2000.root,11447.500000000995,59684.833590046903,59684.999874295936
20220416_2,root://eos01.ihep.ac.cn//eos/user/l/liushijie/pass5_crab_v6_sorted_gti/pass5_crab_v6_sorted_gti_map_chunks/20220416_2_BKG_J2000.root,7469.4000000003989,59685.041809259397,59685.166763633897
20220416_3,root://eos01.ihep.ac.cn//eos/user/l/liushijie/pass5_crab_v6_sorted_gti/pass5_crab_v6_sorted_gti_map_chunks/20220416_3_BKG_J2000.root,14250.900000001417,59685.166713435232,59685.333258308601
20220416_4,root://eos01.ihep.ac.cn//eos/user/l/liushijie/pass5_crab_v6_sorted_gti/pass5_crab_v6_sorted_gti_map_chunks/20220416_4_BKG_J2000.root,14170.600000001405,59685.333204400609,59685.499695816608
20220416_5,root://eos01.ihep.ac.cn//eos/user/l/liushijie/pass5_crab_v6_sorted_gti/pass5_crab_v6_sorted_gti_map_chunks/20220416_5_BKG_J2000.root,14205.000000001412,59685.500208120713,59685.666643961355
20220417_0,root://eos01.ihep.ac.cn//eos/user/l/liushijie/pass5_crab_v6_sorted_gti/pass5_crab_v6_sorted_gti_map_chunks/20220417_0_BKG_J2000.root,14264.40000000142,59685.666530094626,59685.833210867153
20220417_1,root://eos01.ihep.ac.cn//eos/user/l/liushijie/pass5_crab_v6_sorted_gti/pass5_crab_v6_sorted_gti_map_chunks/20220417_1_BKG_J2000.root,11213.100000000961,59685.833071114874,59685.999785865533
20220417_2,root://eos01.ihep.ac.cn//eos/user/l/liushijie/pass5_crab_v6_sorted_gti/pass5_crab_v6_sorted_gti_map_chunks/20220417_2_BKG_J2000.root,7480.1000000003996,59686.041764149493,59686.166499976891
20220417_3,root://eos01.ihep.ac.cn//eos/user/l/liushijie/pass5_crab_v6_sorted_gti/pass5_crab_v6_sorted_gti_map_chunks/20220417_3_BKG_J2000.root,14243.100000001417,59686.166482211163,59686.333583792868
20220417_4,root://eos01.ihep.ac.cn//eos/user/l/liushijie/pass5_crab_v6_sorted_gti/pass5_crab_v6_sorted_gti_map_chunks/20220417_4_BKG_J2000.root,14096.100000001396,59686.333584259555,59686.500029617171
20220417_5,root://eos01.ihep.ac.cn//eos/user/l/liushijie/pass5_crab_v6_sorted_gti/pass5_crab_v6_sorted_gti_map_chunks/20220417_5_BKG_J2000.root,14251.70000000142,59686.499998632054,59686.666563645864
20220418_0,root://eos01.ihep.ac.cn//eos/user/l/liushijie/pass5_crab_v6_sorted_gti/pass5_crab_v6_sorted_gti_map_chunks/20220418_0_BKG_J2000.root,14219.400000001413,59686.666516666824,59686.833269665913
20220418_1,root://eos01.ihep.ac.cn//eos/user/l/liushijie/pass5_crab_v6_sorted_gti/pass5_crab_v6_sorted_gti_map_chunks/20220418_1_BKG_J2000.root,11023.400000000933,59686.833224312584,59686.999697349493
20220418_2,root://eos01.ihep.ac.cn//eos/user/l/liushijie/pass5_crab_v6_sorted_gti/pass5_crab_v6_sorted_gti_map_chunks/20220418_2_BKG_J2000.root,7820.7000000004509,59687.041618295676,59687.166433753489
20220418_3,root://eos01.ihep.ac.cn//eos/user/l/liushijie/pass5_crab_v6_sorted_gti/pass5_crab_v6_sorted_gti_map_chunks/20220418_3_BKG_J2000.root,14214.800000001413,59687.16644007829,59687.333227492411
20220418_4,root://eos01.ihep.ac.cn//eos/user/l/liushijie/pass5_crab_v6_sorted_gti/pass5_crab_v6_sorted_gti_map_chunks/20220418_4_BKG_J2000.root,14239.900000001417,59687.333211343888,59687.500168979539
20220418_5,root://eos01.ihep.ac.cn//eos/user/l/liushijie/pass5_crab_v6_sorted_gti/pass5_crab_v6_sorted_gti_map_chunks/20220418_5_BKG_J2000.root,14187.600000001408,59687.500130789835,59687.666474507947
20220419_0,root://eos01.ihep.ac.cn//eos/user/l/liushijie/pass5_crab_v6_sorted_gti/pass5_crab_v6_sorted_gti_map_chunks/20220419_0_BKG_J2000.root,14248.800000001418,59687.666415744709,59687.833574955206
20220419_1,root://eos01.ihep.ac.cn//eos/user/l/liushijie/pass5_crab_v6_sorted_gti/pass5_crab_v6_sorted_gti_map_chunks/20220419_1_BKG_J2000.root,10751.400000000891,59687.833495606821,59687.999861104887
20220419_2,root://eos01.ihep.ac.cn//eos/user/l/liushijie/pass5_crab_v6_sorted_gti/pass5_crab_v6_sorted_gti_map_chunks/20220419_2_BKG_J2000.root,7990.4000000004771,59688.041522240972,59688.166471519355
20220419_3,root://eos01.ihep.ac.cn//eos/user/l/liushijie/pass5_crab_v6_sorted_gti/pass5_crab_v6_sorted_gti_map_chunks/20220419_3_BKG_J2000.root,14225.700000001414,59688.16638959854,59688.333169198813
20220419_4,root://eos01.ihep.ac.cn//eos/user/l/liushijie/pass5_crab_v6_sorted_gti/pass5_crab_v6_sorted_gti_map_chunks/20220419_4_BKG_J2000.root,14189.100000001408,59688.333085189515,59688.499964804418
20220419_5,root://eos01.ihep.ac.cn//eos/user/l/liushijie/pass5_crab_v6_sorted_gti/pass5_crab_v6_sorted_gti_map_chunks/20220419_5_BKG_J2000.root,14156.500000001404,59688.499882706361,59688.666469441247
20220420_0,root://eos01.ihep.ac.cn//eos/user/l/liushijie/pass5_crab_v6_sorted_gti/pass5_crab_v6_sorted_gti_map_chunks/20220420_0_BKG_J2000.root,14235.300000001414,59688.666439130233,59688.833580777129
20220420_1,root://eos01.ihep.ac.cn//eos/user/l/liushijie/pass5_crab_v6_sorted_gti/pass5_crab_v6_sorted_gti_map_chunks/20220420_1_BKG_J2000.root,10531.400000000858,59688.833568981652,59688.958421048781
20220420_2,root://eos01.ihep.ac.cn//eos/user/l/liushijie/pass5_crab_v6_sorted_gti/pass5_crab_v6_sorted_gti_map_chunks/20220420_2_BKG_J2000.root,8305.8000000005231,59689.041390056322,59689.166629119907
20220420_3,root://eos01.ihep.ac.cn//eos/user/l/liushijie/pass5_crab_v6_sorted_gti/pass5_crab_v6_sorted_gti_map_chunks/20220420_3_BKG_J2000.root,14208.00000000141,59689.166587304724,59689.33317962227
20220420_4,root://eos01.ihep.ac.cn//eos/user/l/liushijie/pass5_crab_v6_sorted_gti/pass5_crab_v6_sorted_gti_map_chunks/20220420_4_BKG_J2000.root,14205.400000001411,59689.333155810316,59689.499739110579
20220420_5,root://eos01.ihep.ac.cn//eos/user/l/liushijie/pass5_crab_v6_sorted_gti/pass5_crab_v6_sorted_gti_map_chunks/20220420_5_BKG_J2000.root,14256.000000001417,59689.499716219558,59689.666862035709
20220421_0,root://eos01.ihep.ac.cn//eos/user/l/liushijie/pass5_crab_v6_sorted_gti/pass5_crab_v6_sorted_gti_map_chunks/20220421_0_BKG_J2000.root,14110.600000001396,59689.666850010457,59689.833027079978
20220421_1,root://eos01.ihep.ac.cn//eos/user/l/liushijie/pass5_crab_v6_sorted_gti/pass5_crab_v6_sorted_gti_map_chunks/20220421_1_BKG_J2000.root,10336.400000000831,59689.833564363158,59689.958435412067
20220421_2,root://eos01.ihep.ac.cn//eos/user/l/liushijie/pass5_crab_v6_sorted_gti/pass5_crab_v6_sorted_gti_map_chunks/20220421_2_BKG_J2000.root,8517.4000000005562,59690.041548380548,59690.166401848182
20220421_3,root://eos01.ihep.ac.cn//eos/user/l/liushijie/pass5_crab_v6_sorted_gti/pass5_crab_v6_sorted_gti_map_chunks/20220421_3_BKG_J2000.root,14235.600000001416,59690.166403960633,59690.333376614719
20220421_4,root://eos01.ihep.ac.cn//eos/user/l/liushijie/pass5_crab_v6_sorted_gti/pass5_crab_v6_sorted_gti_map_chunks/20220421_4_BKG_J2000.root,14233.000000001413,59690.333379172189,59690.49971758201
20220421_5,root://eos01.ihep.ac.cn//eos/user/l/liushijie/pass5_crab_v6_sorted_gti/pass5_crab_v6_sorted_gti_map_chunks/20220421_5_BKG_J2000.root,14035.400000001386,59690.500272227815,59690.666503000044
20220422_0,root://eos01.ihep.ac.cn//eos/user/l/liushijie/pass5_crab_v6_sorted_gti/pass5_crab_v6_sorted_gti_map_chunks/20220422_0_BKG_J2000.root,13916.400000001366,59690.666477801562,59690.833299521219
20220422_1,root://eos01.ihep.ac.cn//eos/user/l/liushijie/pass5_crab_v6_sorted_gti/pass5_crab_v6_sorted_gti_map_chunks/20220422_1_BKG_J2000.root,10118.900000000796,59690.833300722108,59690.95851132481
20220422_2,root://eos01.ihep.ac.cn//eos/user/l/liushijie/pass5_crab_v6_sorted_gti/pass5_crab_v6_sorted_gti_map_chunks/20220422_2_BKG_J2000.root,3841.299999999901,59691.051253939338,59691.166862676488
20220422_4,root://eos01.ihep.ac.cn//eos/user/l/liushijie/pass5_crab_v6_sorted_gti/pass5_crab_v6_sorted_gti_map_chunks/20220422_4_BKG_J2000.root,14195.800000001409,59691.333316446689,59691.499760163497
20220422_5,root://eos01.ihep.ac.cn//eos/user/l/liushijie/pass5_crab_v6_sorted_gti/pass5_crab_v6_sorted_gti_map_chunks/20220422_5_BKG_J2000.root,14249.400000001417,59691.499755096287,59691.666872415764
20220423_0,root://eos01.ihep.ac.cn//eos/user/l/liushijie/pass5_crab_v6_sorted_gti/pass5_crab_v6_sorted_gti_map_chunks/20220423_0_BKG_J2000.root,14191.500000001408,59691.666872920883,59691.833368507963
20220423_1,root://eos01.ihep.ac.cn//eos/user/l/liushijie/pass5_crab_v6_sorted_gti/pass5_crab_v6_sorted_gti_map_chunks/20220423_1_BKG_J2000.root,9896.8000000007632,59691.833393292109,59691.958330322414
20220423_2,root://eos01.ihep.ac.cn//eos/user/l/liushijie/pass5_crab_v6_sorted_gti/pass5_crab_v6_sorted_gti_map_chunks/20220423_2_BKG_J2000.root,9066.4000000006363,59692.041574784707,59692.166675854278
20220423_3,root://eos01.ihep.ac.cn//eos/user/l/liushijie/pass5_crab_v6_sorted_gti/pass5_crab_v6_sorted_gti_map_chunks/20220423_3_BKG_J2000.root,14120.600000001397,59692.166714124432,59692.333297856836
20220423_4,root://eos01.ihep.ac.cn//eos/user/l/liushijie/pass5_crab_v6_sorted_gti/pass5_crab_v6_sorted_gti_map_chunks/20220423_4_BKG_J2000.root,14126.9000000014,59692.333311605791,59692.499896982437
20220423_5,root://eos01.ihep.ac.cn//eos/user/l/liushijie/pass5_crab_v6_sorted_gti/pass5_crab_v6_sorted_gti_map_chunks/20220423_5_BKG_J2000.root,14209.60000000141,59692.49995327559,59692.666392816311
20220424_0,root://eos01.ihep.ac.cn//eos/user/l/liushijie/pass5_crab_v6_sorted_gti/pass5_crab_v6_sorted_gti_map_chunks/20220424_0_BKG_J2000.root,14225.600000001416,59692.666437041371,59692.833080314078
20220424_1,root://eos01.ihep.ac.cn//eos/user/l/liushijie/pass5_crab_v6_sorted_gti/pass5_crab_v6_sorted_gti_map_chunks/20220424_1_BKG_J2000.root,2796.0999999999403,59692.833142837619,59692.86594420913
20220424_3,root://eos01.ihep.ac.cn//eos/user/l/liushijie/pass5_crab_v6_sorted_gti/pass5_crab_v6_sorted_gti_map_chunks/20220424_3_BKG_J2000.root,14200.900000001411,59693.166912738976,59693.333423111442
20220424_4,root://eos01.ihep.ac.cn//eos/user/l/liushijie/pass5_crab_v6_sorted_gti/pass5_crab_v6_sorted_gti_map_chunks/20220424_4_BKG_J2000.root,14152.400000001402,59693.333402094824,59693.500410876863
20220424_5,root://eos01.ihep.ac.cn//eos/user/l/liushijie/pass5_crab_v6_sorted_gti/pass5_crab_v6_sorted_gti_map_chunks/20220424_5_BKG_J2000.root,14216.700000001412,59693.500402783589,59693.667065967362
20220425_0,root://eos01.ihep.ac.cn//eos/user/l/liushijie/pass5_crab_v6_sorted_gti/pass5_crab_v6_sorted_gti_map_chunks/20220425_0_BKG_J2000.root,14213.500000001413,59693.667051628792,59693.833796520557
20220425_1,root://eos01.ihep.ac.cn//eos/user/l/liushijie/pass5_crab_v6_sorted_gti/pass5_crab_v6_sorted_gti_map_chunks/20220425_1_BKG_J2000.root,9185.6000000006552,59693.833807878291,59693.958331244714
20220425_2,root://eos01.ihep.ac.cn//eos/user/l/liushijie/pass5_crab_v6_sorted_gti/pass5_crab_v6_sorted_gti_map_chunks/20220425_2_BKG_J2000.root,9446.6000000006952,59694.041934046654,59694.167150457659
20220425_3,root://eos01.ihep.ac.cn//eos/user/l/liushijie/pass5_crab_v6_sorted_gti/pass5_crab_v6_sorted_gti_map_chunks/20220425_3_BKG_J2000.root,14325.900000001431,59694.166629182451,59694.333490711266
20220425_4,root://eos01.ihep.ac.cn//eos/user/l/liushijie/pass5_crab_v6_sorted_gti/pass5_crab_v6_sorted_gti_map_chunks/20220425_4_BKG_J2000.root,14226.100000001412,59694.333565047185,59694.500038166458
20220425_5,root://eos01.ihep.ac.cn//eos/user/l/liushijie/pass5_crab_v6_sorted_gti/pass5_crab_v6_sorted_gti_map_chunks/20220425_5_BKG_J2000.root,14240.600000001416,59694.500104640298,59694.666890972025
20220426_0,root://eos01.ihep.ac.cn//eos/user/l/liushijie/pass5_crab_v6_sorted_gti/pass5_crab_v6_sorted_gti_map_chunks/20220426_0_BKG_J2000.root,14185.500000001408,59694.666916670867,59694.833343054677
20220426_1,root://eos01.ihep.ac.cn//eos/user/l/liushijie/pass5_crab_v6_sorted_gti/pass5_crab_v6_sorted_gti_map_chunks/20220426_1_BKG_J2000.root,9165.7000000006537,59694.833338019911,59694.958491895224
20220426_2,root://eos01.ihep.ac.cn//eos/user/l/liushijie/pass5_crab_v6_sorted_gti/pass5_crab_v6_sorted_gti_map_chunks/20220426_2_BKG_J2000.root,9699.1000000007334,59695.041865282088,59695.166864572013
20220426_3,root://eos01.ihep.ac.cn//eos/user/l/liushijie/pass5_crab_v6_sorted_gti/pass5_crab_v6_sorted_gti_map_chunks/20220426_3_BKG_J2000.root,14226.600000001414,59695.16682083765,59695.333551387892
20220426_4,root://eos01.ihep.ac.cn//eos/user/l/liushijie/pass5_crab_v6_sorted_gti/pass5_crab_v6_sorted_gti_map_chunks/20220426_4_BKG_J2000.root,14234.400000001415,59695.33349584863,59695.500271496043
20220426_5,root://eos01.ihep.ac.cn//eos/user/l/liushijie/pass5_crab_v6_sorted_gti/pass5_crab_v6_sorted_gti_map_chunks/20220426_5_BKG_J2000.root,14224.900000001413,59695.500253499456,59695.667058312043
20220427_0,root://eos01.ihep.ac.cn//eos/user/l/liushijie/pass5_crab_v6_sorted_gti/pass5_crab_v6_sorted_gti_map_chunks/20220427_0_BKG_J2000.root,14084.300000001393,59695.667085440291,59695.833394887944
20220427_1,root://eos01.ihep.ac.cn//eos/user/l/liushijie/pass5_crab_v6_sorted_gti/pass5_crab_v6_sorted_gti_map_chunks/20220427_1_BKG_J2000.root,8928.2000000006174,59695.833423158903,59695.958559252387
20220427_2,root://eos01.ihep.ac.cn//eos/user/l/liushijie/pass5_crab_v6_sorted_gti/pass5_crab_v6_sorted_gti_map_chunks/20220427_2_BKG_J2000.root,852.100000000009,0,59696.059973363786
20220427_5,root://eos01.ihep.ac.cn//eos/user/l/liushijie/pass5_crab_v6_sorted_gti/pass5_crab_v6_sorted_gti_map_chunks/20220427_5_BKG_J2000.root,14208.500000001412,59696.500088672648,59696.666634488574
20220428_0,root://eos01.ihep.ac.cn//eos/user/l/liushijie/pass5_crab_v6_sorted_gti/pass5_crab_v6_sorted_gti_map_chunks/20220428_0_BKG_J2000.root,14139.100000001401,59696.666650469007,59696.833690970285
20220428_1,root://eos01.ihep.ac.cn//eos/user/l/liushijie/pass5_crab_v6_sorted_gti/pass5_crab_v6_sorted_gti_map_chunks/20220428_1_BKG_J2000.root,8630.1000000005715,59696.83368472568,59696.958851092066
20220428_2,root://eos01.ihep.ac.cn//eos/user/l/liushijie/pass5_crab_v6_sorted_gti/pass5_crab_v6_sorted_gti_map_chunks/20220428_2_BKG_J2000.root,1144.900000000004,0,59697.060755554885
20220429_0,root://eos01.ihep.ac.cn//eos/user/l/liushijie/pass5_crab_v6_sorted_gti/pass5_crab_v6_sorted_gti_map_chunks/20220429_0_BKG_J2000.root,14116.000000001397,59697.666932642082,59697.833607614855
20220429_1,root://eos01.ihep.ac.cn//eos/user/l/liushijie/pass5_crab_v6_sorted_gti/pass5_crab_v6_sorted_gti_map_chunks/20220429_1_BKG_J2000.root,8363.6000000005315,59697.833592129951,59697.958601818398
20220429_2,root://eos01.ihep.ac.cn//eos/user/l/liushijie/pass5_crab_v6_sorted_gti/pass5_crab_v6_sorted_gti_map_chunks/20220429_2_BKG_J2000.root,2520.5999999999049,0,59698.073321972362
20220430_0,root://eos01.ihep.ac.cn//eos/user/l/liushijie/pass5_crab_v6_sorted_gti/pass5_crab_v6_sorted_gti_map_chunks/20220430_0_BKG_J2000.root,14054.400000001386,59698.66687014122,59698.833789105905
20220430_1,root://eos01.ihep.ac.cn//eos/user/l/liushijie/pass5_crab_v6_sorted_gti/pass5_crab_v6_sorted_gti_map_chunks/20220430_1_BKG_J2000.root,8130.6000000004969,59698.83379634696,59698.958731710809
20220501_0,root://eos01.ihep.ac.cn//eos/user/l/liushijie/pass5_crab_v6_sorted_gti/pass5_crab_v6_sorted_gti_map_chunks/20220501_0_BKG_J2000.root,14235.200000001414,59699.666634996312,59699.833418976319
20220501_1,root://eos01.ihep.ac.cn//eos/user/l/liushijie/pass5_crab_v6_sorted_gti/pass5_crab_v6_sorted_gti_map_chunks/20220501_1_BKG_J2000.root,7979.4000000004753,59699.833397047027,59699.958677074523
20220501_2,root://eos01.ihep.ac.cn//eos/user/l/liushijie/pass5_crab_v6_sorted_gti/pass5_crab_v6_sorted_gti_map_chunks/20220501_2_BKG_J2000.root,10366.400000000833,59700.000003949775,59700.166818257385
20220501_3,root://eos01.ihep.ac.cn//eos/user/l/liushijie/pass5_crab_v6_sorted_gti/pass5_crab_v6_sorted_gti_map_chunks/20220501_3_BKG_J2000.root,14240.900000001417,59700.166839139361,59700.333483783405
20220501_4,root://eos01.ihep.ac.cn//eos/user/l/liushijie/pass5_crab_v6_sorted_gti/pass5_crab_v6_sorted_gti_map_chunks/20220501_4_BKG_J2000.root,14200.700000001409,59700.33353151504,59700.499741190572
20220501_5,root://eos01.ihep.ac.cn//eos/user/l/liushijie/pass5_crab_v6_sorted_gti/pass5_crab_v6_sorted_gti_map_chunks/20220501_5_BKG_J2000.root,14236.000000001417,59700.499780787926,59700.666439814173
20220502_0,root://eos01.ihep.ac.cn//eos/user/l/liushijie/pass5_crab_v6_sorted_gti/pass5_crab_v6_sorted_gti_map_chunks/20220502_0_BKG_J2000.root,14226.000000001412,59700.666462272646,59700.833102304932
20220502_1,root://eos01.ihep.ac.cn//eos/user/l/liushijie/pass5_crab_v6_sorted_gti/pass5_crab_v6_sorted_gti_map_chunks/20220502_1_BKG_J2000.root,7736.3000000004386,59700.833127552381,59700.958246755945
20220502_2,root://eos01.ihep.ac.cn//eos/user/l/liushijie/pass5_crab_v6_sorted_gti/pass5_crab_v6_sorted_gti_map_chunks/20220502_2_BKG_J2000.root,10963.100000000923,59700.999747942064,59701.166518264035
20220502_3,root://eos01.ihep.ac.cn//eos/user/l/liushijie/pass5_crab_v6_sorted_gti/pass5_crab_v6_sorted_gti_map_chunks/20220502_3_BKG_J2000.root,14177.300000001407,59701.166544930922,59701.33343771482
20220502_4,root://eos01.ihep.ac.cn//eos/user/l/liushijie/pass5_crab_v6_sorted_gti/pass5_crab_v6_sorted_gti_map_chunks/20220502_4_BKG_J2000.root,14231.900000001413,59701.333484722913,59701.499991431767
20220502_5,root://eos01.ihep.ac.cn//eos/user/l/liushijie/pass5_crab_v6_sorted_gti/pass5_crab_v6_sorted_gti_map_chunks/20220502_5_BKG_J2000.root,14254.200000001418,59701.500031482101,59701.666778443789
20220503_0,root://eos01.ihep.ac.cn//eos/user/l/liushijie/pass5_crab_v6_sorted_gti/pass5_crab_v6_sorted_gti_map_chunks/20220503_0_BKG_J2000.root,14251.300000001418,59701.666836820958,59701.833183323128
20220503_1,root://eos01.ihep.ac.cn//eos/user/l/liushijie/pass5_crab_v6_sorted_gti/pass5_crab_v6_sorted_gti_map_chunks/20220503_1_BKG_J2000.root,7379.7000000003854,59701.833238888903,59701.958349747263
20220503_2,root://eos01.ihep.ac.cn//eos/user/l/liushijie/pass5_crab_v6_sorted_gti/pass5_crab_v6_sorted_gti_map_chunks/20220503_2_BKG_J2000.root,11434.700000000994,59702.000102084261,59702.166685622273
20220503_3,root://eos01.ihep.ac.cn//eos/user/l/liushijie/pass5_crab_v6_sorted_gti/pass5_crab_v6_sorted_gti_map_chunks/20220503_3_BKG_J2000.root,14220.300000001414,59702.166753955316,59702.333105319056
20220503_4,root://eos01.ihep.ac.cn//eos/user/l/liushijie/pass5_crab_v6_sorted_gti/pass5_crab_v6_sorted_gti_map_chunks/20220503_4_BKG_J2000.root,14249.500000001419,59702.333149318882,59702.500013643308
20220503_5,root://eos01.ihep.ac.cn//eos/user/l/liushijie/pass5_crab_v6_sorted_gti/pass5_crab_v6_sorted_gti_map_chunks/20220503_5_BKG_J2000.root,14205.20000000141,59702.500027578026,59702.66639413232
20220504_0,root://eos01.ihep.ac.cn//eos/user/l/liushijie/pass5_crab_v6_sorted_gti/pass5_crab_v6_sorted_gti_map_chunks/20220504_0_BKG_J2000.root,14210.800000001411,59702.666431079415,59702.833583781307
20220504_1,root://eos01.ihep.ac.cn//eos/user/l/liushijie/pass5_crab_v6_sorted_gti/pass5_crab_v6_sorted_gti_map_chunks/20220504_1_BKG_J2000.root,7287.4000000003698,59702.833049084409,59702.958428451981
20220504_2,root://eos01.ihep.ac.cn//eos/user/l/liushijie/pass5_crab_v6_sorted_gti/pass5_crab_v6_sorted_gti_map_chunks/20220504_2_BKG_J2000.root,11541.700000001008,59703.000083343293,59703.166901597622
20220504_3,root://eos01.ihep.ac.cn//eos/user/l/liushijie/pass5_crab_v6_sorted_gti/pass5_crab_v6_sorted_gti_map_chunks/20220504_3_BKG_J2000.root,14257.200000001418,59703.166397721732,59703.333405762809
20220504_4,root://eos01.ihep.ac.cn//eos/user/l/liushijie/pass5_crab_v6_sorted_gti/pass5_crab_v6_sorted_gti_map_chunks/20220504_4_BKG_J2000.root,14036.200000001383,59703.333467152639,59703.499695511986
20220504_5,root://eos01.ihep.ac.cn//eos/user/l/liushijie/pass5_crab_v6_sorted_gti/pass5_crab_v6_sorted_gti_map_chunks/20220504_5_BKG_J2000.root,14252.700000001416,59703.499747225906,59703.666621288001
20220505_0,root://eos01.ihep.ac.cn//eos/user/l/liushijie/pass5_crab_v6_sorted_gti/pass5_crab_v6_sorted_gti_map_chunks/20220505_0_BKG_J2000.root,14096.700000001396,59703.666661342904,59703.833400388176
20220505_1,root://eos01.ihep.ac.cn//eos/user/l/liushijie/pass5_crab_v6_sorted_gti/pass5_crab_v6_sorted_gti_map_chunks/20220505_1_BKG_J2000.root,7047.7000000003354,59703.833426162135,59703.916557173943
20220505_2,root://eos01.ihep.ac.cn//eos/user/l/liushijie/pass5_crab_v6_sorted_gti/pass5_crab_v6_sorted_gti_map_chunks/20220505_2_BKG_J2000.root,11796.000000001048,59703.99990673201,59704.16670691772
20220505_3,root://eos01.ihep.ac.cn//eos/user/l/liushijie/pass5_crab_v6_sorted_gti/pass5_crab_v6_sorted_gti_map_chunks/20220505_3_BKG_J2000.root,14203.400000001409,59704.166712506747,59704.333038867633
20220505_4,root://eos01.ihep.ac.cn//eos/user/l/liushijie/pass5_crab_v6_sorted_gti/pass5_crab_v6_sorted_gti_map_chunks/20220505_4_BKG_J2000.root,14264.500000001421,59704.333072699177,59704.50012984169
20220505_5,root://eos01.ihep.ac.cn//eos/user/l/liushijie/pass5_crab_v6_sorted_gti/pass5_crab_v6_sorted_gti_map_chunks/20220505_5_BKG_J2000.root,14194.800000001409,59704.5001379928,59704.666402773568
20220506_0,root://eos01.ihep.ac.cn//eos/user/l/liushijie/pass5_crab_v6_sorted_gti/pass5_crab_v6_sorted_gti_map_chunks/20220506_0_BKG_J2000.root,12775.800000001194,59704.666371086278,59704.829570818438
20220506_1,root://eos01.ihep.ac.cn//eos/user/l/liushijie/pass5_crab_v6_sorted_gti/pass5_crab_v6_sorted_gti_map_chunks/20220506_1_BKG_J2000.root,5820.2000000001499,59704.839825001334,59704.916419643523
20220506_2,root://eos01.ihep.ac.cn//eos/user/l/liushijie/pass5_crab_v6_sorted_gti/pass5_crab_v6_sorted_gti_map_chunks/20220506_2_BKG_J2000.root,5498.1000000001022,59704.99997870504,59705.166481233027
20220506_4,root://eos01.ihep.ac.cn//eos/user/l/liushijie/pass5_crab_v6_sorted_gti/pass5_crab_v6_sorted_gti_map_chunks/20220506_4_BKG_J2000.root,14034.100000001385,59705.333335447416,59705.499863650417
20220506_5,root://eos01.ihep.ac.cn//eos/user/l/liushijie/pass5_crab_v6_sorted_gti/pass5_crab_v6_sorted_gti_map_chunks/20220506_5_BKG_J2000.root,14215.100000001412,59705.499856293405,59705.666399515969
20220507_0,root://eos01.ihep.ac.cn//eos/user/l/liushijie/pass5_crab_v6_sorted_gti/pass5_crab_v6_sorted_gti_map_chunks/20220507_0_BKG_J2000.root,14218.900000001411,59705.666421770431,59705.833083788959
20220507_1,root://eos01.ihep.ac.cn//eos/user/l/liushijie/pass5_crab_v6_sorted_gti/pass5_crab_v6_sorted_gti_map_chunks/20220507_1_BKG_J2000.root,6634.6000000002732,59705.833078475109,59705.916797438651
20220507_2,root://eos01.ihep.ac.cn//eos/user/l/liushijie/pass5_crab_v6_sorted_gti/pass5_crab_v6_sorted_gti_map_chunks/20220507_2_BKG_J2000.root,12178.700000001107,59705.999907668964,59706.16649066472
20220507_3,root://eos01.ihep.ac.cn//eos/user/l/liushijie/pass5_crab_v6_sorted_gti/pass5_crab_v6_sorted_gti_map_chunks/20220507_3_BKG_J2000.root,14164.100000001405,59706.166504869332,59706.333425918194
20220507_4,root://eos01.ihep.ac.cn//eos/user/l/liushijie/pass5_crab_v6_sorted_gti/pass5_crab_v6_sorted_gti_map_chunks/20220507_4_BKG_J2000.root,14202.50000000141,59706.333449793528,59706.499773594711
20220507_5,root://eos01.ihep.ac.cn//eos/user/l/liushijie/pass5_crab_v6_sorted_gti/pass5_crab_v6_sorted_gti_map_chunks/20220507_5_BKG_J2000.root,14068.000000001388,59706.499795173382,59706.666689350801
20220508_0,root://eos01.ihep.ac.cn//eos/user/l/liushijie/pass5_crab_v6_sorted_gti/pass5_crab_v6_sorted_gti_map_chunks/20220508_0_BKG_J2000.root,14046.600000001386,59706.666689841011,59706.833431912819
20220508_1,root://eos01.ihep.ac.cn//eos/user/l/liushijie/pass5_crab_v6_sorted_gti/pass5_crab_v6_sorted_gti_map_chunks/20220508_1_BKG_J2000.root,6286.3000000002203,59706.83345741278,59706.916745809925
20220508_2,root://eos01.ihep.ac.cn//eos/user/l/liushijie/pass5_crab_v6_sorted_gti/pass5_crab_v6_sorted_gti_map_chunks/20220508_2_BKG_J2000.root,12507.800000001156,59707.000116444447,59707.16666987363
20220508_3,root://eos01.ihep.ac.cn//eos/user/l/liushijie/pass5_crab_v6_sorted_gti/pass5_crab_v6_sorted_gti_map_chunks/20220508_3_BKG_J2000.root,14229.700000001414,59707.16672177599,59707.333128464517
20220508_4,root://eos01.ihep.ac.cn//eos/user/l/liushijie/pass5_crab_v6_sorted_gti/pass5_crab_v6_sorted_gti_map_chunks/20220508_4_BKG_J2000.root,14237.900000001417,59707.333193289422,59707.499854391717
20220508_5,root://eos01.ihep.ac.cn//eos/user/l/liushijie/pass5_crab_v6_sorted_gti/pass5_crab_v6_sorted_gti_map_chunks/20220508_5_BKG_J2000.root,10588.300000000867,59707.499895840694,59707.624829376618
20220509_0,root://eos01.ihep.ac.cn//eos/user/l/liushijie/pass5_crab_v6_sorted_gti/pass5_crab_v6_sorted_gti_map_chunks/20220509_0_BKG_J2000.root,14273.20000000142,59707.666568753732,59707.833299072401
20220509_1,root://eos01.ihep.ac.cn//eos/user/l/liushijie/pass5_crab_v6_sorted_gti/pass5_crab_v6_sorted_gti_map_chunks/20220509_1_BKG_J2000.root,6064.0000000001883,59707.83333959827,59707.916728702789
20220509_3,root://eos01.ihep.ac.cn//eos/user/l/liushijie/pass5_crab_v6_sorted_gti/pass5_crab_v6_sorted_gti_map_chunks/20220509_3_BKG_J2000.root,14257.500000001419,59708.166511848351,59708.333314314114
20220509_4,root://eos01.ihep.ac.cn//eos/user/l/liushijie/pass5_crab_v6_sorted_gti/pass5_crab_v6_sorted_gti_map_chunks/20220509_4_BKG_J2000.root,14207.800000001409,59708.33337894205,59708.500035871111
20220509_5,root://eos01.ihep.ac.cn//eos/user/l/liushijie/pass5_crab_v6_sorted_gti/pass5_crab_v6_sorted_gti_map_chunks/20220509_5_BKG_J2000.root,14236.400000001415,59708.500115541821,59708.666529162489
20220510_0,root://eos01.ihep.ac.cn//eos/user/l/liushijie/pass5_crab_v6_sorted_gti/pass5_crab_v6_sorted_gti_map_chunks/20220510_0_BKG_J2000.root,14073.500000001392,59708.66660626002,59708.833279388382
20220510_1,root://eos01.ihep.ac.cn//eos/user/l/liushijie/pass5_crab_v6_sorted_gti/pass5_crab_v6_sorted_gti_map_chunks/20220510_1_BKG_J2000.root,5900.5000000001628,59708.833341911071,59708.916868738859
20220510_3,root://eos01.ihep.ac.cn//eos/user/l/liushijie/pass5_crab_v6_sorted_gti/pass5_crab_v6_sorted_gti_map_chunks/20220510_3_BKG_J2000.root,14130.800000001398,59709.166824771681,59709.33336689436
20220510_4,root://eos01.ihep.ac.cn//eos/user/l/liushijie/pass5_crab_v6_sorted_gti/pass5_crab_v6_sorted_gti_map_chunks/20220510_4_BKG_J2000.root,14235.300000001414,59709.333465071912,59709.499739798157
20220510_5,root://eos01.ihep.ac.cn//eos/user/l/liushijie/pass5_crab_v6_sorted_gti/pass5_crab_v6_sorted_gti_map_chunks/20220510_5_BKG_J2000.root,14286.700000001425,59709.499833106674,59709.666846515262
20220511_0,root://eos01.ihep.ac.cn//eos/user/l/liushijie/pass5_crab_v6_sorted_gti/pass5_crab_v6_sorted_gti_map_chunks/20220511_0_BKG_J2000.root,14261.100000001417,59709.666390063641,59709.8333314513
20220511_1,root://eos01.ihep.ac.cn//eos/user/l/liushijie/pass5_crab_v6_sorted_gti/pass5_crab_v6_sorted_gti_map_chunks/20220511_1_BKG_J2000.root,5651.6000000001241,59709.833393982153,59709.916499299157
20220511_3,root://eos01.ihep.ac.cn//eos/user/l/liushijie/pass5_crab_v6_sorted_gti/pass5_crab_v6_sorted_gti_map_chunks/20220511_3_BKG_J2000.root,14292.000000001424,59710.166662037358,59710.33337568483
20220511_4,root://eos01.ihep.ac.cn//eos/user/l/liushijie/pass5_crab_v6_sorted_gti/pass5_crab_v6_sorted_gti_map_chunks/20220511_4_BKG_J2000.root,14166.400000001404,59710.33343565504,59710.500188167563
20220511_5,root://eos01.ihep.ac.cn//eos/user/l/liushijie/pass5_crab_v6_sorted_gti/pass5_crab_v6_sorted_gti_map_chunks/20220511_5_BKG_J2000.root,14280.000000001421,59710.499728024122,59710.666846519132
20220512_0,root://eos01.ihep.ac.cn//eos/user/l/liushijie/pass5_crab_v6_sorted_gti/pass5_crab_v6_sorted_gti_map_chunks/20220512_0_BKG_J2000.root,14222.500000001413,59710.66687662233,59710.83352268421
20220512_1,root://eos01.ihep.ac.cn//eos/user/l/liushijie/pass5_crab_v6_sorted_gti/pass5_crab_v6_sorted_gti_map_chunks/20220512_1_BKG_J2000.root,5329.1000000000768,59710.833525008711,59710.916565968815
20220512_3,root://eos01.ihep.ac.cn//eos/user/l/liushijie/pass5_crab_v6_sorted_gti/pass5_crab_v6_sorted_gti_map_chunks/20220512_3_BKG_J2000.root,14234.400000001415,59711.166834733842,59711.333448608129
20220512_4,root://eos01.ihep.ac.cn//eos/user/l/liushijie/pass5_crab_v6_sorted_gti/pass5_crab_v6_sorted_gti_map_chunks/20220512_4_BKG_J2000.root,14216.900000001415,59711.333426853234,59711.499916193512
20220512_5,root://eos01.ihep.ac.cn//eos/user/l/liushijie/pass5_crab_v6_sorted_gti/pass5_crab_v6_sorted_gti_map_chunks/20220512_5_BKG_J2000.root,14233.600000001416,59711.499902785457,59711.666624941856
20220513_0,root://eos01.ihep.ac.cn//eos/user/l/liushijie/pass5_crab_v6_sorted_gti/pass5_crab_v6_sorted_gti_map_chunks/20220513_0_BKG_J2000.root,14238.300000001418,59711.666608568703,59711.833468027129
20220513_1,root://eos01.ihep.ac.cn//eos/user/l/liushijie/pass5_crab_v6_sorted_gti/pass5_crab_v6_sorted_gti_map_chunks/20220513_1_BKG_J2000.root,5200.5000000000573,59711.833453493353,59711.916594903218
20220513_3,root://eos01.ihep.ac.cn//eos/user/l/liushijie/pass5_crab_v6_sorted_gti/pass5_crab_v6_sorted_gti_map_chunks/20220513_3_BKG_J2000.root,14088.10000000139,59712.166559264202,59712.33344092383
20220513_4,root://eos01.ihep.ac.cn//eos/user/l/liushijie/pass5_crab_v6_sorted_gti/pass5_crab_v6_sorted_gti_map_chunks/20220513_4_BKG_J2000.root,14187.900000001409,59712.333409723346,59712.499998842577
20220513_5,root://eos01.ihep.ac.cn//eos/user/l/liushijie/pass5_crab_v6_sorted_gti/pass5_crab_v6_sorted_gti_map_chunks/20220513_5_BKG_J2000.root,14154.900000001402,59712.499957210675,59712.666583099781
20220514_0,root://eos01.ihep.ac.cn//eos/user/l/liushijie/pass5_crab_v6_sorted_gti/pass5_crab_v6_sorted_gti_map_chunks/20220514_0_BKG_J2000.root,14257.300000001418,59712.666523163331,59712.833378467381
20220514_1,root://eos01.ihep.ac.cn//eos/user/l/liushijie/pass5_crab_v6_sorted_gti/pass5_crab_v6_sorted_gti_map_chunks/20220514_1_BKG_J2000.root,4915.4000000000151,59712.833328719193,59712.916493485543
20220514_3,root://eos01.ihep.ac.cn//eos/user/l/liushijie/pass5_crab_v6_sorted_gti/pass5_crab_v6_sorted_gti_map_chunks/20220514_3_BKG_J2000.root,14204.200000001409,59713.166871528185,59713.333125227044
20220514_4,root://eos01.ihep.ac.cn//eos/user/l/liushijie/pass5_crab_v6_sorted_gti/pass5_crab_v6_sorted_gti_map_chunks/20220514_4_BKG_J2000.root,14187.200000001407,59713.333090057698,59713.500192346924
20220514_5,root://eos01.ihep.ac.cn//eos/user/l/liushijie/pass5_crab_v6_sorted_gti/pass5_crab_v6_sorted_gti_map_chunks/20220514_5_BKG_J2000.root,14139.9000000014,59713.500176633279,59713.66687081907
20220515_0,root://eos01.ihep.ac.cn//eos/user/l/liushijie/pass5_crab_v6_sorted_gti/pass5_crab_v6_sorted_gti_map_chunks/20220515_0_BKG_J2000.root,14084.400000001393,59713.666848628396,59713.833371952009
20220515_1,root://eos01.ihep.ac.cn//eos/user/l/liushijie/pass5_crab_v6_sorted_gti/pass5_crab_v6_sorted_gti_map_chunks/20220515_1_BKG_J2000.root,4714.5999999999849,59713.833337985277,59713.999807789929
20220515_3,root://eos01.ihep.ac.cn//eos/user/l/liushijie/pass5_crab_v6_sorted_gti/pass5_crab_v6_sorted_gti_map_chunks/20220515_3_BKG_J2000.root,14229.200000001414,59714.166773389312,59714.333312492425
20220515_4,root://eos01.ihep.ac.cn//eos/user/l/liushijie/pass5_crab_v6_sorted_gti/pass5_crab_v6_sorted_gti_map_chunks/20220515_4_BKG_J2000.root,14254.500000001419,59714.333337053948,59714.500178232818
20220515_5,root://eos01.ihep.ac.cn//eos/user/l/liushijie/pass5_crab_v6_sorted_gti/pass5_crab_v6_sorted_gti_map_chunks/20220515_5_BKG_J2000.root,14148.4000000014,59714.500216223634,59714.666854384079
20220516_0,root://eos01.ihep.ac.cn//eos/user/l/liushijie/pass5_crab_v6_sorted_gti/pass5_crab_v6_sorted_gti_map_chunks/20220516_0_BKG_J2000.root,14147.000000001402,59714.666366679325,59714.83313168028
20220516_1,root://eos01.ihep.ac.cn//eos/user/l/liushijie/pass5_crab_v6_sorted_gti/pass5_crab_v6_sorted_gti_map_chunks/20220516_1_BKG_J2000.root,4572.8999999999633,59714.833152121821,59715.000166197744
20220516_2,root://eos01.ihep.ac.cn//eos/user/l/liushijie/pass5_crab_v6_sorted_gti/pass5_crab_v6_sorted_gti_map_chunks/20220516_2_BKG_J2000.root,4853.5000000000255,0,59715.05688795157
20220517_0,root://eos01.ihep.ac.cn//eos/user/l/liushijie/pass5_crab_v6_sorted_gti/pass5_crab_v6_sorted_gti_map_chunks/20220517_0_BKG_J2000.root,14148.200000001401,59715.666429895275,59715.833140970979
20220517_1,root://eos01.ihep.ac.cn//eos/user/l/liushijie/pass5_crab_v6_sorted_gti/pass5_crab_v6_sorted_gti_map_chunks/20220517_1_BKG_J2000.root,4638.8999999999724,59715.833152561543,59716.000038179249
20220517_3,root://eos01.ihep.ac.cn//eos/user/l/liushijie/pass5_crab_v6_sorted_gti/pass5_crab_v6_sorted_gti_map_chunks/20220517_3_BKG_J2000.root,14167.300000001405,59716.166683337549,59716.333524294161
20220517_4,root://eos01.ihep.ac.cn//eos/user/l/liushijie/pass5_crab_v6_sorted_gti/pass5_crab_v6_sorted_gti_map_chunks/20220517_4_BKG_J2000.root,13900.000000001362,59716.333023857253,59716.497892813073
20220517_5,root://eos01.ihep.ac.cn//eos/user/l/liushijie/pass5_crab_v6_sorted_gti/pass5_crab_v6_sorted_gti_map_chunks/20220517_5_BKG_J2000.root,12405.100000001141,59716.501467902854,59716.666610378656
20220518_0,root://eos01.ihep.ac.cn//eos/user/l/liushijie/pass5_crab_v6_sorted_gti/pass5_crab_v6_sorted_gti_map_chunks/20220518_0_BKG_J2000.root,14163.000000001406,59716.666593287795,59716.83307452617
20220518_1,root://eos01.ihep.ac.cn//eos/user/l/liushijie/pass5_crab_v6_sorted_gti/pass5_crab_v6_sorted_gti_map_chunks/20220518_1_BKG_J2000.root,4662.5999999999776,59716.833550940311,59716.999797213575
20220518_2,root://eos01.ihep.ac.cn//eos/user/l/liushijie/pass5_crab_v6_sorted_gti/pass5_crab_v6_sorted_gti_map_chunks/20220518_2_BKG_J2000.root,14252.500000001419,59716.999791679176,59717.166753682664
20220518_5,root://eos01.ihep.ac.cn//eos/user/l/liushijie/pass5_crab_v6_sorted_gti/pass5_crab_v6_sorted_gti_map_chunks/20220518_5_BKG_J2000.root,14208.400000001411,59717.499698156098,59717.667137027653
20220519_0,root://eos01.ihep.ac.cn//eos/user/l/liushijie/pass5_crab_v6_sorted_gti/pass5_crab_v6_sorted_gti_map_chunks/20220519_0_BKG_J2000.root,14039.200000001385,59717.667125472013,59717.833726594959
20220519_1,root://eos01.ihep.ac.cn//eos/user/l/liushijie/pass5_crab_v6_sorted_gti/pass5_crab_v6_sorted_gti_map_chunks/20220519_1_BKG_J2000.root,4442.9999999999427,59717.833731483755,59717.999951369799
20220519_3,root://eos01.ihep.ac.cn//eos/user/l/liushijie/pass5_crab_v6_sorted_gti/pass5_crab_v6_sorted_gti_map_chunks/20220519_3_BKG_J2000.root,14239.800000001414,59718.166792380944,59718.333058330361
20220519_4,root://eos01.ihep.ac.cn//eos/user/l/liushijie/pass5_crab_v6_sorted_gti/pass5_crab_v6_sorted_gti_map_chunks/20220519_4_BKG_J2000.root,14023.400000001382,59718.333546578178,59718.500187256439
20220519_5,root://eos01.ihep.ac.cn//eos/user/l/liushijie/pass5_crab_v6_sorted_gti/pass5_crab_v6_sorted_gti_map_chunks/20220519_5_BKG_J2000.root,14268.40000000142,59718.500125477869,59718.666627505168
20220520_0,root://eos01.ihep.ac.cn//eos/user/l/liushijie/pass5_crab_v6_sorted_gti/pass5_crab_v6_sorted_gti_map_chunks/20220520_0_BKG_J2000.root,14111.200000001396,59718.667094231518,59718.833376385897
20220520_1,root://eos01.ihep.ac.cn//eos/user/l/liushijie/pass5_crab_v6_sorted_gti/pass5_crab_v6_sorted_gti_map_chunks/20220520_1_BKG_J2000.root,4706.3999999999833,59718.83330094046,59719.000320331557
20220520_3,root://eos01.ihep.ac.cn//eos/user/l/liushijie/pass5_crab_v6_sorted_gti/pass5_crab_v6_sorted_gti_map_chunks/20220520_3_BKG_J2000.root,14074.400000001393,59719.166824325155,59719.333351839734
20220520_4,root://eos01.ihep.ac.cn//eos/user/l/liushijie/pass5_crab_v6_sorted_gti/pass5_crab_v6_sorted_gti_map_chunks/20220520_4_BKG_J2000.root,14156.400000001404,59719.33328958862,59719.499877980896
20220520_5,root://eos01.ihep.ac.cn//eos/user/l/liushijie/pass5_crab_v6_sorted_gti/pass5_crab_v6_sorted_gti_map_chunks/20220520_5_BKG_J2000.root,14281.800000001424,59719.499806730128,59719.666617776049
20220521_0,root://eos01.ihep.ac.cn//eos/user/l/liushijie/pass5_crab_v6_sorted_gti/pass5_crab_v6_sorted_gti_map_chunks/20220521_0_BKG_J2000.root,14251.500000001415,59719.666557425597,59719.833373373243
20220521_1,root://eos01.ihep.ac.cn//eos/user/l/liushijie/pass5_crab_v6_sorted_gti/pass5_crab_v6_sorted_gti_map_chunks/20220521_1_BKG_J2000.root,4672.3999999999787,59719.833304467349,59719.99983007909
20220521_5,root://eos01.ihep.ac.cn//eos/user/l/liushijie/pass5_crab_v6_sorted_gti/pass5_crab_v6_sorted_gti_map_chunks/20220521_5_BKG_J2000.root,14243.300000001416,59720.499976853884,59720.666793271193
20220522_0,root://eos01.ihep.ac.cn//eos/user/l/liushijie/pass5_crab_v6_sorted_gti/pass5_crab_v6_sorted_gti_map_chunks/20220522_0_BKG_J2000.root,14129.2000000014,59720.666788197763,59720.833326379929
20220522_1,root://eos01.ihep.ac.cn//eos/user/l/liushijie/pass5_crab_v6_sorted_gti/pass5_crab_v6_sorted_gti_map_chunks/20220522_1_BKG_J2000.root,4689.0999999999804,59720.83333821471,59721.000153216737
20220522_3,root://eos01.ihep.ac.cn//eos/user/l/liushijie/pass5_crab_v6_sorted_gti/pass5_crab_v6_sorted_gti_map_chunks/20220522_3_BKG_J2000.root,14234.200000001414,59721.166625936014,59721.333177503475
20220522_4,root://eos01.ihep.ac.cn//eos/user/l/liushijie/pass5_crab_v6_sorted_gti/pass5_crab_v6_sorted_gti_map_chunks/20220522_4_BKG_J2000.root,14177.800000001407,59721.333124081866,59721.500027280497
20220522_5,root://eos01.ihep.ac.cn//eos/user/l/liushijie/pass5_crab_v6_sorted_gti/pass5_crab_v6_sorted_gti_map_chunks/20220522_5_BKG_J2000.root,14032.700000001385,59721.500010194584,59721.666393048101
20220523_0,root://eos01.ihep.ac.cn//eos/user/l/liushijie/pass5_crab_v6_sorted_gti/pass5_crab_v6_sorted_gti_map_chunks/20220523_0_BKG_J2000.root,14177.200000001407,59721.66639515102,59721.833507638104
20220523_1,root://eos01.ihep.ac.cn//eos/user/l/liushijie/pass5_crab_v6_sorted_gti/pass5_crab_v6_sorted_gti_map_chunks/20220523_1_BKG_J2000.root,4661.2999999999756,59721.833506720577,59721.99997360236
20220523_5,root://eos01.ihep.ac.cn//eos/user/l/liushijie/pass5_crab_v6_sorted_gti/pass5_crab_v6_sorted_gti_map_chunks/20220523_5_BKG_J2000.root,13967.300000001374,59722.500111807829,59722.66677592339
20220524_0,root://eos01.ihep.ac.cn//eos/user/l/liushijie/pass5_crab_v6_sorted_gti/pass5_crab_v6_sorted_gti_map_chunks/20220524_0_BKG_J2000.root,14139.600000001399,59722.666766694761,59722.833512256919
20220524_1,root://eos01.ihep.ac.cn//eos/user/l/liushijie/pass5_crab_v6_sorted_gti/pass5_crab_v6_sorted_gti_map_chunks/20220524_1_BKG_J2000.root,4660.899999999976,59722.833509030272,59723.000068044021
20220524_3,root://eos01.ihep.ac.cn//eos/user/l/liushijie/pass5_crab_v6_sorted_gti/pass5_crab_v6_sorted_gti_map_chunks/20220524_3_BKG_J2000.root,14123.700000001398,59723.166879408607,59723.333305089676
20220524_4,root://eos01.ihep.ac.cn//eos/user/l/liushijie/pass5_crab_v6_sorted_gti/pass5_crab_v6_sorted_gti_map_chunks/20220524_4_BKG_J2000.root,14220.000000001413,59723.333281490406,59723.499767791945
20220524_5,root://eos01.ihep.ac.cn//eos/user/l/liushijie/pass5_crab_v6_sorted_gti/pass5_crab_v6_sorted_gti_map_chunks/20220524_5_BKG_J2000.root,14164.400000001406,59723.499721991873,59723.666716846463
20220525_0,root://eos01.ihep.ac.cn//eos/user/l/liushijie/pass5_crab_v6_sorted_gti/pass5_crab_v6_sorted_gti_map_chunks/20220525_0_BKG_J2000.root,14135.600000001401,59723.666671081904,59723.833302752639
20220525_1,root://eos01.ihep.ac.cn//eos/user/l/liushijie/pass5_crab_v6_sorted_gti/pass5_crab_v6_sorted_gti_map_chunks/20220525_1_BKG_J2000.root,4731.6999999999871,59723.833276857156,59724.000179854731
20220525_4,root://eos01.ihep.ac.cn//eos/user/l/liushijie/pass5_crab_v6_sorted_gti/pass5_crab_v6_sorted_gti_map_chunks/20220525_4_BKG_J2000.root,14004.200000001378,59724.333116233189,59724.500168513892
20220525_5,root://eos01.ihep.ac.cn//eos/user/l/liushijie/pass5_crab_v6_sorted_gti/pass5_crab_v6_sorted_gti_map_chunks/20220525_5_BKG_J2000.root,14118.700000001398,59724.500165741505,59724.666571501664
20220526_0,root://eos01.ihep.ac.cn//eos/user/l/liushijie/pass5_crab_v6_sorted_gti/pass5_crab_v6_sorted_gti_map_chunks/20220526_0_BKG_J2000.root,14207.200000001409,59724.666593757262,59724.8330434663
20220526_1,root://eos01.ihep.ac.cn//eos/user/l/liushijie/pass5_crab_v6_sorted_gti/pass5_crab_v6_sorted_gti_map_chunks/20220526_1_BKG_J2000.root,4494.9999999999509,59724.833050470035,59724.999946947566
20220526_3,root://eos01.ihep.ac.cn//eos/user/l/liushijie/pass5_crab_v6_sorted_gti/pass5_crab_v6_sorted_gti_map_chunks/20220526_3_BKG_J2000.root,14233.800000001413,59725.166772230667,59725.333396517453
20220526_4,root://eos01.ihep.ac.cn//eos/user/l/liushijie/pass5_crab_v6_sorted_gti/pass5_crab_v6_sorted_gti_map_chunks/20220526_4_BKG_J2000.root,14245.300000001416,59725.333371306035,59725.500110183253
20220526_5,root://eos01.ihep.ac.cn//eos/user/l/liushijie/pass5_crab_v6_sorted_gti/pass5_crab_v6_sorted_gti_map_chunks/20220526_5_BKG_J2000.root,14175.800000001407,59725.500081948208,59725.667090494295
20220527_0,root://eos01.ihep.ac.cn//eos/user/l/liushijie/pass5_crab_v6_sorted_gti/pass5_crab_v6_sorted_gti_map_chunks/20220527_0_BKG_J2000.root,14197.800000001409,59725.667061812295,59725.833409457424
20220527_1,root://eos01.ihep.ac.cn//eos/user/l/liushijie/pass5_crab_v6_sorted_gti/pass5_crab_v6_sorted_gti_map_chunks/20220527_1_BKG_J2000.root,4669.5999999999776,59725.833371992339,59726.000142820063
20220527_3,root://eos01.ihep.ac.cn//eos/user/l/liushijie/pass5_crab_v6_sorted_gti/pass5_crab_v6_sorted_gti_map_chunks/20220527_3_BKG_J2000.root,13974.700000001376,59726.166991671038,59726.333375456299
20220527_4,root://eos01.ihep.ac.cn//eos/user/l/liushijie/pass5_crab_v6_sorted_gti/pass5_crab_v6_sorted_gti_map_chunks/20220527_4_BKG_J2000.root,14075.600000001392,59726.333384967933,59726.500031699608
20220527_5,root://eos01.ihep.ac.cn//eos/user/l/liushijie/pass5_crab_v6_sorted_gti/pass5_crab_v6_sorted_gti_map_chunks/20220527_5_BKG_J2000.root,14105.400000001395,59726.50002223804,59726.66702522878
20220528_0,root://eos01.ihep.ac.cn//eos/user/l/liushijie/pass5_crab_v6_sorted_gti/pass5_crab_v6_sorted_gti_map_chunks/20220528_0_BKG_J2000.root,14170.000000001406,59726.66697153217,59726.833678699411
20220528_1,root://eos01.ihep.ac.cn//eos/user/l/liushijie/pass5_crab_v6_sorted_gti/pass5_crab_v6_sorted_gti_map_chunks/20220528_1_BKG_J2000.root,4646.6999999999744,59726.833609492132,59727.000293509351
20220528_3,root://eos01.ihep.ac.cn//eos/user/l/liushijie/pass5_crab_v6_sorted_gti/pass5_crab_v6_sorted_gti_map_chunks/20220528_3_BKG_J2000.root,14100.500000001393,59727.166860651814,59727.333738180707
20220528_4,root://eos01.ihep.ac.cn//eos/user/l/liushijie/pass5_crab_v6_sorted_gti/pass5_crab_v6_sorted_gti_map_chunks/20220528_4_BKG_J2000.root,14212.500000001412,59727.333710192754,59727.500009947995
20220528_5,root://eos01.ihep.ac.cn//eos/user/l/liushijie/pass5_crab_v6_sorted_gti/pass5_crab_v6_sorted_gti_map_chunks/20220528_5_BKG_J2000.root,14245.000000001417,59727.499986607821,59727.666739347755
20220529_0,root://eos01.ihep.ac.cn//eos/user/l/liushijie/pass5_crab_v6_sorted_gti/pass5_crab_v6_sorted_gti_map_chunks/20220529_0_BKG_J2000.root,14070.300000001391,59727.666710669902,59727.833527959541
20220529_1,root://eos01.ihep.ac.cn//eos/user/l/liushijie/pass5_crab_v6_sorted_gti/pass5_crab_v6_sorted_gti_map_chunks/20220529_1_BKG_J2000.root,4674.5999999999785,59727.833523157999,59728.000296049817
20220529_3,root://eos01.ihep.ac.cn//eos/user/l/liushijie/pass5_crab_v6_sorted_gti/pass5_crab_v6_sorted_gti_map_chunks/20220529_3_BKG_J2000.root,14174.200000001403,59728.166884272025,59728.333698837436
20220529_4,root://eos01.ihep.ac.cn//eos/user/l/liushijie/pass5_crab_v6_sorted_gti/pass5_crab_v6_sorted_gti_map_chunks/20220529_4_BKG_J2000.root,14233.000000001413,59728.333705798279,59728.500313184471
20220529_5,root://eos01.ihep.ac.cn//eos/user/l/liushijie/pass5_crab_v6_sorted_gti/pass5_crab_v6_sorted_gti_map_chunks/20220529_5_BKG_J2000.root,14242.100000001416,59728.500289611417,59728.667035647828
20220530_0,root://eos01.ihep.ac.cn//eos/user/l/liushijie/pass5_crab_v6_sorted_gti/pass5_crab_v6_sorted_gti_map_chunks/20220530_0_BKG_J2000.root,14125.2000000014,59728.667007916309,59728.833444880351
20220530_1,root://eos01.ihep.ac.cn//eos/user/l/liushijie/pass5_crab_v6_sorted_gti/pass5_crab_v6_sorted_gti_map_chunks/20220530_1_BKG_J2000.root,4705.4999999999827,59728.833411602653,59729.000362497995
20220530_3,root://eos01.ihep.ac.cn//eos/user/l/liushijie/pass5_crab_v6_sorted_gti/pass5_crab_v6_sorted_gti_map_chunks/20220530_3_BKG_J2000.root,14163.900000001404,59729.166710020174,59729.333473600229
20220530_4,root://eos01.ihep.ac.cn//eos/user/l/liushijie/pass5_crab_v6_sorted_gti/pass5_crab_v6_sorted_gti_map_chunks/20220530_4_BKG_J2000.root,5841.1000000001522,59729.416810880866,59729.499997904742
20220530_5,root://eos01.ihep.ac.cn//eos/user/l/liushijie/pass5_crab_v6_sorted_gti/pass5_crab_v6_sorted_gti_map_chunks/20220530_5_BKG_J2000.root,12861.500000001208,59729.499995613558,59729.666989814599
20220531_0,root://eos01.ihep.ac.cn//eos/user/l/liushijie/pass5_crab_v6_sorted_gti/pass5_crab_v6_sorted_gti_map_chunks/20220531_0_BKG_J2000.root,14247.300000001416,59729.66696875621,59729.833784715702
20220531_1,root://eos01.ihep.ac.cn//eos/user/l/liushijie/pass5_crab_v6_sorted_gti/pass5_crab_v6_sorted_gti_map_chunks/20220531_1_BKG_J2000.root,4531.1999999999571,59729.833759524561,59730.00000994037
20220531_3,root://eos01.ihep.ac.cn//eos/user/l/liushijie/pass5_crab_v6_sorted_gti/pass5_crab_v6_sorted_gti_map_chunks/20220531_3_BKG_J2000.root,13980.500000001377,59730.16696389531,59730.333521062232
20220531_4,root://eos01.ihep.ac.cn//eos/user/l/liushijie/pass5_crab_v6_sorted_gti/pass5_crab_v6_sorted_gti_map_chunks/20220531_4_BKG_J2000.root,10617.600000000872,59730.333523388195,59730.500311337804
20220531_5,root://eos01.ihep.ac.cn//eos/user/l/liushijie/pass5_crab_v6_sorted_gti/pass5_crab_v6_sorted_gti_map_chunks/20220531_5_BKG_J2000.root,13872.300000001362,59730.500325698296,59730.666682619049
20220601_0,root://eos01.ihep.ac.cn//eos/user/l/liushijie/pass5_crab_v6_sorted_gti/pass5_crab_v6_sorted_gti_map_chunks/20220601_0_BKG_J2000.root,14118.8000000014,59730.666706303207,59730.833534707635
20220601_1,root://eos01.ihep.ac.cn//eos/user/l/liushijie/pass5_crab_v6_sorted_gti/pass5_crab_v6_sorted_gti_map_chunks/20220601_1_BKG_J2000.root,4535.3999999999569,59730.83355653024,59731.000019434367
20220601_3,root://eos01.ihep.ac.cn//eos/user/l/liushijie/pass5_crab_v6_sorted_gti/pass5_crab_v6_sorted_gti_map_chunks/20220601_3_BKG_J2000.root,14239.200000001416,59731.167006268544,59731.333675229282
20220601_4,root://eos01.ihep.ac.cn//eos/user/l/liushijie/pass5_crab_v6_sorted_gti/pass5_crab_v6_sorted_gti_map_chunks/20220601_4_BKG_J2000.root,13997.900000001378,59731.333664361438,59731.500387497479
20220601_5,root://eos01.ihep.ac.cn//eos/user/l/liushijie/pass5_crab_v6_sorted_gti/pass5_crab_v6_sorted_gti_map_chunks/20220601_5_BKG_J2000.root,14058.700000001389,59731.500406482133,59731.667024529372
20220602_0,root://eos01.ihep.ac.cn//eos/user/l/liushijie/pass5_crab_v6_sorted_gti/pass5_crab_v6_sorted_gti_map_chunks/20220602_0_BKG_J2000.root,13942.10000000137,59731.667023386886,59731.833351380708
20220602_1,root://eos01.ihep.ac.cn//eos/user/l/liushijie/pass5_crab_v6_sorted_gti/pass5_crab_v6_sorted_gti_map_chunks/20220602_1_BKG_J2000.root,4380.0999999999349,59731.833341899277,59732.000445815233
20220602_3,root://eos01.ihep.ac.cn//eos/user/l/liushijie/pass5_crab_v6_sorted_gti/pass5_crab_v6_sorted_gti_map_chunks/20220602_3_BKG_J2000.root,14104.300000001396,59732.166858827761,59732.3336789186
20220602_4,root://eos01.ihep.ac.cn//eos/user/l/liushijie/pass5_crab_v6_sorted_gti/pass5_crab_v6_sorted_gti_map_chunks/20220602_4_BKG_J2000.root,7394.6000000003869,59732.333713438595,59732.50015069083
20220602_5,root://eos01.ihep.ac.cn//eos/user/l/liushijie/pass5_crab_v6_sorted_gti/pass5_crab_v6_sorted_gti_map_chunks/20220602_5_BKG_J2000.root,14135.200000001398,59732.500142133635,59732.666684486459
20220603_0,root://eos01.ihep.ac.cn//eos/user/l/liushijie/pass5_crab_v6_sorted_gti/pass5_crab_v6_sorted_gti_map_chunks/20220603_0_BKG_J2000.root,14234.200000001414,59732.666671078659,59732.833415213332
20220603_1,root://eos01.ihep.ac.cn//eos/user/l/liushijie/pass5_crab_v6_sorted_gti/pass5_crab_v6_sorted_gti_map_chunks/20220603_1_BKG_J2000.root,4625.7999999999711,59732.833365746337,59733.000338142876
20220603_3,root://eos01.ihep.ac.cn//eos/user/l/liushijie/pass5_crab_v6_sorted_gti/pass5_crab_v6_sorted_gti_map_chunks/20220603_3_BKG_J2000.root,14302.800000001425,59733.167114847165,59733.333544869092
20220603_4,root://eos01.ihep.ac.cn//eos/user/l/liushijie/pass5_crab_v6_sorted_gti/pass5_crab_v6_sorted_gti_map_chunks/20220603_4_BKG_J2000.root,14269.700000001421,59733.333480569789,59733.500390040375
20220603_5,root://eos01.ihep.ac.cn//eos/user/l/liushijie/pass5_crab_v6_sorted_gti/pass5_crab_v6_sorted_gti_map_chunks/20220603_5_BKG_J2000.root,14133.8000000014,59733.50034911283,59733.666827532885
20220604_0,root://eos01.ihep.ac.cn//eos/user/l/liushijie/pass5_crab_v6_sorted_gti/pass5_crab_v6_sorted_gti_map_chunks/20220604_0_BKG_J2000.root,14178.600000001405,59733.666775467653,59733.833329392372
20220604_1,root://eos01.ihep.ac.cn//eos/user/l/liushijie/pass5_crab_v6_sorted_gti/pass5_crab_v6_sorted_gti_map_chunks/20220604_1_BKG_J2000.root,4624.1999999999707,59733.83379028202,59734.000194675842
20220604_3,root://eos01.ihep.ac.cn//eos/user/l/liushijie/pass5_crab_v6_sorted_gti/pass5_crab_v6_sorted_gti_map_chunks/20220604_3_BKG_J2000.root,14174.800000001405,59734.16675973621,59734.333389560787
20220604_4,root://eos01.ihep.ac.cn//eos/user/l/liushijie/pass5_crab_v6_sorted_gti/pass5_crab_v6_sorted_gti_map_chunks/20220604_4_BKG_J2000.root,14169.500000001404,59734.333295371536,59734.500348134869
20220604_5,root://eos01.ihep.ac.cn//eos/user/l/liushijie/pass5_crab_v6_sorted_gti/pass5_crab_v6_sorted_gti_map_chunks/20220604_5_BKG_J2000.root,14319.600000001428,59734.50024492068,59734.666686335913
20220605_0,root://eos01.ihep.ac.cn//eos/user/l/liushijie/pass5_crab_v6_sorted_gti/pass5_crab_v6_sorted_gti_map_chunks/20220605_0_BKG_J2000.root,14053.900000001389,59734.667089121096,59734.833350671041
20220605_1,root://eos01.ihep.ac.cn//eos/user/l/liushijie/pass5_crab_v6_sorted_gti/pass5_crab_v6_sorted_gti_map_chunks/20220605_1_BKG_J2000.root,4930.2000000000171,59734.917026410672,59735.000440040109
20220605_3,root://eos01.ihep.ac.cn//eos/user/l/liushijie/pass5_crab_v6_sorted_gti/pass5_crab_v6_sorted_gti_map_chunks/20220605_3_BKG_J2000.root,14265.20000000142,59735.166809954681,59735.333614290925
20220605_4,root://eos01.ihep.ac.cn//eos/user/l/liushijie/pass5_crab_v6_sorted_gti/pass5_crab_v6_sorted_gti_map_chunks/20220605_4_BKG_J2000.root,14175.200000001405,59735.333510904893,59735.500163870885
20220605_5,root://eos01.ihep.ac.cn//eos/user/l/liushijie/pass5_crab_v6_sorted_gti/pass5_crab_v6_sorted_gti_map_chunks/20220605_5_BKG_J2000.root,14103.400000001395,59735.500053020005,59735.666878455013
20220606_0,root://eos01.ihep.ac.cn//eos/user/l/liushijie/pass5_crab_v6_sorted_gti/pass5_crab_v6_sorted_gti_map_chunks/20220606_0_BKG_J2000.root,13819.500000001353,59735.666787968155,59735.833522449
20220606_1,root://eos01.ihep.ac.cn//eos/user/l/liushijie/pass5_crab_v6_sorted_gti/pass5_crab_v6_sorted_gti_map_chunks/20220606_1_BKG_J2000.root,5039.9000000000333,59735.916931290689,59736.000108092907
20220606_2,root://eos01.ihep.ac.cn//eos/user/l/liushijie/pass5_crab_v6_sorted_gti/pass5_crab_v6_sorted_gti_map_chunks/20220606_2_BKG_J2000.root,14165.200000001403,59736.000019940278,59736.166634489993
20220606_3,root://eos01.ihep.ac.cn//eos/user/l/liushijie/pass5_crab_v6_sorted_gti/pass5_crab_v6_sorted_gti_map_chunks/20220606_3_BKG_J2000.root,14095.700000001396,59736.167040973392,59736.333406941434
20220606_4,root://eos01.ihep.ac.cn//eos/user/l/liushijie/pass5_crab_v6_sorted_gti/pass5_crab_v6_sorted_gti_map_chunks/20220606_4_BKG_J2000.root,10767.400000000893,59736.333320166064,59736.498736104746
20220606_5,root://eos01.ihep.ac.cn//eos/user/l/liushijie/pass5_crab_v6_sorted_gti/pass5_crab_v6_sorted_gti_map_chunks/20220606_5_BKG_J2000.root,13189.800000001258,59736.504611369535,59736.667112499134
20220607_0,root://eos01.ihep.ac.cn//eos/user/l/liushijie/pass5_crab_v6_sorted_gti/pass5_crab_v6_sorted_gti_map_chunks/20220607_0_BKG_J2000.root,13419.700000001292,59736.667111391092,59736.833730317499
20220607_1,root://eos01.ihep.ac.cn//eos/user/l/liushijie/pass5_crab_v6_sorted_gti/pass5_crab_v6_sorted_gti_map_chunks/20220607_1_BKG_J2000.root,5183.4000000000542,59736.916832872324,59737.000018739913
20220607_2,root://eos01.ihep.ac.cn//eos/user/l/liushijie/pass5_crab_v6_sorted_gti/pass5_crab_v6_sorted_gti_map_chunks/20220607_2_BKG_J2000.root,14176.700000001405,59737.000017130995,59737.166632571738
20220607_3,root://eos01.ihep.ac.cn//eos/user/l/liushijie/pass5_crab_v6_sorted_gti/pass5_crab_v6_sorted_gti_map_chunks/20220607_3_BKG_J2000.root,14190.100000001408,59737.167127084678,59737.333661543773
20220607_4,root://eos01.ihep.ac.cn//eos/user/l/liushijie/pass5_crab_v6_sorted_gti/pass5_crab_v6_sorted_gti_map_chunks/20220607_4_BKG_J2000.root,14179.200000001407,59737.333618287805,59737.499971290512
20220607_5,root://eos01.ihep.ac.cn//eos/user/l/liushijie/pass5_crab_v6_sorted_gti/pass5_crab_v6_sorted_gti_map_chunks/20220607_5_BKG_J2000.root,14187.900000001408,59737.50043195473,59737.666984948744
20220608_0,root://eos01.ihep.ac.cn//eos/user/l/liushijie/pass5_crab_v6_sorted_gti/pass5_crab_v6_sorted_gti_map_chunks/20220608_0_BKG_J2000.root,13331.600000001277,59737.66689977255,59737.833538398132
20220608_1,root://eos01.ihep.ac.cn//eos/user/l/liushijie/pass5_crab_v6_sorted_gti/pass5_crab_v6_sorted_gti_map_chunks/20220608_1_BKG_J2000.root,5408.3000000000884,59737.916744254057,59737.999984927104
20220608_2,root://eos01.ihep.ac.cn//eos/user/l/liushijie/pass5_crab_v6_sorted_gti/pass5_crab_v6_sorted_gti_map_chunks/20220608_2_BKG_J2000.root,14194.500000001408,59738.000379405283,59738.166961744253
20220608_3,root://eos01.ihep.ac.cn//eos/user/l/liushijie/pass5_crab_v6_sorted_gti/pass5_crab_v6_sorted_gti_map_chunks/20220608_3_BKG_J2000.root,14191.800000001409,59738.166853262381,59738.333331698792
20220608_4,root://eos01.ihep.ac.cn//eos/user/l/liushijie/pass5_crab_v6_sorted_gti/pass5_crab_v6_sorted_gti_map_chunks/20220608_4_BKG_J2000.root,14171.600000001405,59738.333736122666,59738.50003749779
20220608_5,root://eos01.ihep.ac.cn//eos/user/l/liushijie/pass5_crab_v6_sorted_gti/pass5_crab_v6_sorted_gti_map_chunks/20220608_5_BKG_J2000.root,14253.600000001417,59738.499952328879,59738.666907869076
20220609_0,root://eos01.ihep.ac.cn//eos/user/l/liushijie/pass5_crab_v6_sorted_gti/pass5_crab_v6_sorted_gti_map_chunks/20220609_0_BKG_J2000.root,12950.800000001222,59738.666794690871,59738.833599757621
20220609_1,root://eos01.ihep.ac.cn//eos/user/l/liushijie/pass5_crab_v6_sorted_gti/pass5_crab_v6_sorted_gti_map_chunks/20220609_1_BKG_J2000.root,5694.1000000001313,59738.917125000291,59738.999990276629
20220609_3,root://eos01.ihep.ac.cn//eos/user/l/liushijie/pass5_crab_v6_sorted_gti/pass5_crab_v6_sorted_gti_map_chunks/20220609_3_BKG_J2000.root,14300.500000001426,59739.166709509402,59739.333470365862
20220609_4,root://eos01.ihep.ac.cn//eos/user/l/liushijie/pass5_crab_v6_sorted_gti/pass5_crab_v6_sorted_gti_map_chunks/20220609_4_BKG_J2000.root,7266.3000000003676,59739.333334959621,59739.500281455672
20220609_5,root://eos01.ihep.ac.cn//eos/user/l/liushijie/pass5_crab_v6_sorted_gti/pass5_crab_v6_sorted_gti_map_chunks/20220609_5_BKG_J2000.root,14206.800000001409,59739.500299371357,59739.666665970268
20220610_0,root://eos01.ihep.ac.cn//eos/user/l/liushijie/pass5_crab_v6_sorted_gti/pass5_crab_v6_sorted_gti_map_chunks/20220610_0_BKG_J2000.root,12829.600000001205,59739.666696769593,59739.833373819398
20220610_1,root://eos01.ihep.ac.cn//eos/user/l/liushijie/pass5_crab_v6_sorted_gti/pass5_crab_v6_sorted_gti_map_chunks/20220610_1_BKG_J2000.root,6026.2000000001808,59739.916831481962,59740.000190501822
20220610_2,root://eos01.ihep.ac.cn//eos/user/l/liushijie/pass5_crab_v6_sorted_gti/pass5_crab_v6_sorted_gti_map_chunks/20220610_2_BKG_J2000.root,14221.100000001414,59740.000235427317,59740.167083795008
20220610_3,root://eos01.ihep.ac.cn//eos/user/l/liushijie/pass5_crab_v6_sorted_gti/pass5_crab_v6_sorted_gti_map_chunks/20220610_3_BKG_J2000.root,14183.900000001406,59740.166634052606,59740.333452311832
20220610_4,root://eos01.ihep.ac.cn//eos/user/l/liushijie/pass5_crab_v6_sorted_gti/pass5_crab_v6_sorted_gti_map_chunks/20220610_4_BKG_J2000.root,14248.800000001418,59740.333485419382,59740.500087730223
20220610_5,root://eos01.ihep.ac.cn//eos/user/l/liushijie/pass5_crab_v6_sorted_gti/pass5_crab_v6_sorted_gti_map_chunks/20220610_5_BKG_J2000.root,14326.300000001427,59740.500152341672,59740.666900666896
20220611_0,root://eos01.ihep.ac.cn//eos/user/l/liushijie/pass5_crab_v6_sorted_gti/pass5_crab_v6_sorted_gti_map_chunks/20220611_0_BKG_J2000.root,12660.300000001178,59740.66696206943,59740.833748366393
20220611_1,root://eos01.ihep.ac.cn//eos/user/l/liushijie/pass5_crab_v6_sorted_gti/pass5_crab_v6_sorted_gti_map_chunks/20220611_1_BKG_J2000.root,6236.300000000213,59740.917040281143,59741.000240923284
20220611_2,root://eos01.ihep.ac.cn//eos/user/l/liushijie/pass5_crab_v6_sorted_gti/pass5_crab_v6_sorted_gti_map_chunks/20220611_2_BKG_J2000.root,14083.500000001392,59741.00031831969,59741.166719893685
20220611_3,root://eos01.ihep.ac.cn//eos/user/l/liushijie/pass5_crab_v6_sorted_gti/pass5_crab_v6_sorted_gti_map_chunks/20220611_3_BKG_J2000.root,14315.300000001427,59741.166809738948,59741.333706217971
20220611_4,root://eos01.ihep.ac.cn//eos/user/l/liushijie/pass5_crab_v6_sorted_gti/pass5_crab_v6_sorted_gti_map_chunks/20220611_4_BKG_J2000.root,14167.100000001405,59741.333283568943,59741.500441660675
20220611_5,root://eos01.ihep.ac.cn//eos/user/l/liushijie/pass5_crab_v6_sorted_gti/pass5_crab_v6_sorted_gti_map_chunks/20220611_5_BKG_J2000.root,14200.20000000141,59741.499989124226,59741.66672614884
20220612_0,root://eos01.ihep.ac.cn//eos/user/l/liushijie/pass5_crab_v6_sorted_gti/pass5_crab_v6_sorted_gti_map_chunks/20220612_0_BKG_J2000.root,12337.70000000113,59741.666784266548,59741.833281236104
20220612_1,root://eos01.ihep.ac.cn//eos/user/l/liushijie/pass5_crab_v6_sorted_gti/pass5_crab_v6_sorted_gti_map_chunks/20220612_1_BKG_J2000.root,6517.8000000002557,59741.916739377884,59742.000267097763
20220612_2,root://eos01.ihep.ac.cn//eos/user/l/liushijie/pass5_crab_v6_sorted_gti/pass5_crab_v6_sorted_gti_map_chunks/20220612_2_BKG_J2000.root,14083.900000001393,59742.000310207048,59742.167086793081
20220612_3,root://eos01.ihep.ac.cn//eos/user/l/liushijie/pass5_crab_v6_sorted_gti/pass5_crab_v6_sorted_gti_map_chunks/20220612_3_BKG_J2000.root,14246.000000001415,59742.166622231322,59742.333301372026
20220612_4,root://eos01.ihep.ac.cn//eos/user/l/liushijie/pass5_crab_v6_sorted_gti/pass5_crab_v6_sorted_gti_map_chunks/20220612_4_BKG_J2000.root,14257.700000001418,59742.333373178095,59742.499966635914
20220612_5,root://eos01.ihep.ac.cn//eos/user/l/liushijie/pass5_crab_v6_sorted_gti/pass5_crab_v6_sorted_gti_map_chunks/20220612_5_BKG_J2000.root,14208.400000001409,59742.500052119045,59742.666959246562
20220613_0,root://eos01.ihep.ac.cn//eos/user/l/liushijie/pass5_crab_v6_sorted_gti/pass5_crab_v6_sorted_gti_map_chunks/20220613_0_BKG_J2000.root,12198.50000000111,59742.667083136948,59742.833705555298
20220613_1,root://eos01.ihep.ac.cn//eos/user/l/liushijie/pass5_crab_v6_sorted_gti/pass5_crab_v6_sorted_gti_map_chunks/20220613_1_BKG_J2000.root,6778.100000000295,59742.916962317482,59743.000432145585
20220613_3,root://eos01.ihep.ac.cn//eos/user/l/liushijie/pass5_crab_v6_sorted_gti/pass5_crab_v6_sorted_gti_map_chunks/20220613_3_BKG_J2000.root,7510.1000000008898,0,59743.254292117686
20220614_0,root://eos01.ihep.ac.cn//eos/user/l/liushijie/pass5_crab_v6_sorted_gti/pass5_crab_v6_sorted_gti_map_chunks/20220614_0_BKG_J2000.root,11922.800000001065,59743.666939160285,59743.833636333678
20220614_1,root://eos01.ihep.ac.cn//eos/user/l/liushijie/pass5_crab_v6_sorted_gti/pass5_crab_v6_sorted_gti_map_chunks/20220614_1_BKG_J2000.root,6870.1000000003078,59743.916843307699,59744.000424529499
20220614_2,root://eos01.ihep.ac.cn//eos/user/l/liushijie/pass5_crab_v6_sorted_gti/pass5_crab_v6_sorted_gti_map_chunks/20220614_2_BKG_J2000.root,14187.700000001407,59744.000455327296,59744.16664118279
20220614_3,root://eos01.ihep.ac.cn//eos/user/l/liushijie/pass5_crab_v6_sorted_gti/pass5_crab_v6_sorted_gti_map_chunks/20220614_3_BKG_J2000.root,14088.00000000139,59744.166647460494,59744.333620823389
20220614_4,root://eos01.ihep.ac.cn//eos/user/l/liushijie/pass5_crab_v6_sorted_gti/pass5_crab_v6_sorted_gti_map_chunks/20220614_4_BKG_J2000.root,14057.400000001388,59744.333624326107,59744.500138887197
20220614_5,root://eos01.ihep.ac.cn//eos/user/l/liushijie/pass5_crab_v6_sorted_gti/pass5_crab_v6_sorted_gti_map_chunks/20220614_5_BKG_J2000.root,14226.400000001415,59744.500174080022,59744.66671222818
20220615_0,root://eos01.ihep.ac.cn//eos/user/l/liushijie/pass5_crab_v6_sorted_gti/pass5_crab_v6_sorted_gti_map_chunks/20220615_0_BKG_J2000.root,11781.300000001049,59744.666753740174,59744.833730310653
20220615_1,root://eos01.ihep.ac.cn//eos/user/l/liushijie/pass5_crab_v6_sorted_gti/pass5_crab_v6_sorted_gti_map_chunks/20220615_1_BKG_J2000.root,7103.300000000344,59744.874953936422,59745.000229629339
20220615_2,root://eos01.ihep.ac.cn//eos/user/l/liushijie/pass5_crab_v6_sorted_gti/pass5_crab_v6_sorted_gti_map_chunks/20220615_2_BKG_J2000.root,14292.400000001422,59745.000281252287,59745.167129159207
20220615_3,root://eos01.ihep.ac.cn//eos/user/l/liushijie/pass5_crab_v6_sorted_gti/pass5_crab_v6_sorted_gti_map_chunks/20220615_3_BKG_J2000.root,14182.900000001408,59745.166668305435,59745.333424302094
20220615_4,root://eos01.ihep.ac.cn//eos/user/l/liushijie/pass5_crab_v6_sorted_gti/pass5_crab_v6_sorted_gti_map_chunks/20220615_4_BKG_J2000.root,14271.500000001419,59745.333481734931,59745.500444901554
20220615_5,root://eos01.ihep.ac.cn//eos/user/l/liushijie/pass5_crab_v6_sorted_gti/pass5_crab_v6_sorted_gti_map_chunks/20220615_5_BKG_J2000.root,14193.00000000141,59745.499958102155,59745.666651812331
20220616_0,root://eos01.ihep.ac.cn//eos/user/l/liushijie/pass5_crab_v6_sorted_gti/pass5_crab_v6_sorted_gti_map_chunks/20220616_0_BKG_J2000.root,11406.300000000992,59745.666707179458,59745.833772450227
20220616_1,root://eos01.ihep.ac.cn//eos/user/l/liushijie/pass5_crab_v6_sorted_gti/pass5_crab_v6_sorted_gti_map_chunks/20220616_1_BKG_J2000.root,7323.100000000376,59745.875081956765,59746.000270367753
20220616_2,root://eos01.ihep.ac.cn//eos/user/l/liushijie/pass5_crab_v6_sorted_gti/pass5_crab_v6_sorted_gti_map_chunks/20220616_2_BKG_J2000.root,14199.10000000141,59746.000336370904,59746.167073137723
20220616_3,root://eos01.ihep.ac.cn//eos/user/l/liushijie/pass5_crab_v6_sorted_gti/pass5_crab_v6_sorted_gti_map_chunks/20220616_3_BKG_J2000.root,14146.200000001401,59746.16712685486,59746.333517821244
20220616_4,root://eos01.ihep.ac.cn//eos/user/l/liushijie/pass5_crab_v6_sorted_gti/pass5_crab_v6_sorted_gti_map_chunks/20220616_4_BKG_J2000.root,12613.100000001172,59746.33356599712,59746.500107402273
20220616_5,root://eos01.ihep.ac.cn//eos/user/l/liushijie/pass5_crab_v6_sorted_gti/pass5_crab_v6_sorted_gti_map_chunks/20220616_5_BKG_J2000.root,14187.60000000141,59746.500086812928,59746.666814108445
20220617_0,root://eos01.ihep.ac.cn//eos/user/l/liushijie/pass5_crab_v6_sorted_gti/pass5_crab_v6_sorted_gti_map_chunks/20220617_0_BKG_J2000.root,11212.000000000962,59746.666775700287,59746.833102082965
20220617_1,root://eos01.ihep.ac.cn//eos/user/l/liushijie/pass5_crab_v6_sorted_gti/pass5_crab_v6_sorted_gti_map_chunks/20220617_1_BKG_J2000.root,7654.5000000004256,59746.875369251407,59747.000378696204
20220617_2,root://eos01.ihep.ac.cn//eos/user/l/liushijie/pass5_crab_v6_sorted_gti/pass5_crab_v6_sorted_gti_map_chunks/20220617_2_BKG_J2000.root,14228.000000001415,59747.000377086253,59747.166998574372
20220617_3,root://eos01.ihep.ac.cn//eos/user/l/liushijie/pass5_crab_v6_sorted_gti/pass5_crab_v6_sorted_gti_map_chunks/20220617_3_BKG_J2000.root,7113.2000000003454,59747.20864004684,59747.291885165658
20220617_4,root://eos01.ihep.ac.cn//eos/user/l/liushijie/pass5_crab_v6_sorted_gti/pass5_crab_v6_sorted_gti_map_chunks/20220617_4_BKG_J2000.root,10621.300000000871,59747.375210208025,59747.500377526238
20220617_5,root://eos01.ihep.ac.cn//eos/user/l/liushijie/pass5_crab_v6_sorted_gti/pass5_crab_v6_sorted_gti_map_chunks/20220617_5_BKG_J2000.root,14140.3000000014,59747.500395373965,59747.66703171088
20220618_0,root://eos01.ihep.ac.cn//eos/user/l/liushijie/pass5_crab_v6_sorted_gti/pass5_crab_v6_sorted_gti_map_chunks/20220618_0_BKG_J2000.root,10926.200000000916,59747.667044949856,59747.833791421494
20220618_1,root://eos01.ihep.ac.cn//eos/user/l/liushijie/pass5_crab_v6_sorted_gti/pass5_crab_v6_sorted_gti_map_chunks/20220618_1_BKG_J2000.root,7766.2000000004418,59747.875158573152,59748.000060862978
20220618_2,root://eos01.ihep.ac.cn//eos/user/l/liushijie/pass5_crab_v6_sorted_gti/pass5_crab_v6_sorted_gti_map_chunks/20220618_2_BKG_J2000.root,14260.900000001418,59748.000093062408,59748.166961101713
20220618_3,root://eos01.ihep.ac.cn//eos/user/l/liushijie/pass5_crab_v6_sorted_gti/pass5_crab_v6_sorted_gti_map_chunks/20220618_3_BKG_J2000.root,14208.000000001412,59748.167002550923,59748.333680722477
20220618_4,root://eos01.ihep.ac.cn//eos/user/l/liushijie/pass5_crab_v6_sorted_gti/pass5_crab_v6_sorted_gti_map_chunks/20220618_4_BKG_J2000.root,14159.700000001405,59748.333729896884,59748.500198122507
20220618_5,root://eos01.ihep.ac.cn//eos/user/l/liushijie/pass5_crab_v6_sorted_gti/pass5_crab_v6_sorted_gti_map_chunks/20220618_5_BKG_J2000.root,14146.000000001401,59748.500238674897,59748.666856924676
20220619_0,root://eos01.ihep.ac.cn//eos/user/l/liushijie/pass5_crab_v6_sorted_gti/pass5_crab_v6_sorted_gti_map_chunks/20220619_0_BKG_J2000.root,10698.500000000884,59748.666903728794,59748.833584257569
20220619_1,root://eos01.ihep.ac.cn//eos/user/l/liushijie/pass5_crab_v6_sorted_gti/pass5_crab_v6_sorted_gti_map_chunks/20220619_1_BKG_J2000.root,8090.8000000004913,59748.87516344645,59749.000310393472
20220619_2,root://eos01.ihep.ac.cn//eos/user/l/liushijie/pass5_crab_v6_sorted_gti/pass5_crab_v6_sorted_gti_map_chunks/20220619_2_BKG_J2000.root,14203.10000000141,59749.000385418796,59749.167079157
20220619_3,root://eos01.ihep.ac.cn//eos/user/l/liushijie/pass5_crab_v6_sorted_gti/pass5_crab_v6_sorted_gti_map_chunks/20220619_3_BKG_J2000.root,14208.400000001411,59749.166683127274,59749.333383562807
20220619_4,root://eos01.ihep.ac.cn//eos/user/l/liushijie/pass5_crab_v6_sorted_gti/pass5_crab_v6_sorted_gti_map_chunks/20220619_4_BKG_J2000.root,14285.700000001423,59749.333531975579,59749.500015277605
20220619_5,root://eos01.ihep.ac.cn//eos/user/l/liushijie/pass5_crab_v6_sorted_gti/pass5_crab_v6_sorted_gti_map_chunks/20220619_5_BKG_J2000.root,14293.100000001425,59749.500144712401,59749.666935178415
20220620_0,root://eos01.ihep.ac.cn//eos/user/l/liushijie/pass5_crab_v6_sorted_gti/pass5_crab_v6_sorted_gti_map_chunks/20220620_0_BKG_J2000.root,10541.90000000086,59749.66706667548,59749.791900446668
20220620_1,root://eos01.ihep.ac.cn//eos/user/l/liushijie/pass5_crab_v6_sorted_gti/pass5_crab_v6_sorted_gti_map_chunks/20220620_1_BKG_J2000.root,8251.2000000005155,59749.87544127155,59750.00022916661
20220620_2,root://eos01.ihep.ac.cn//eos/user/l/liushijie/pass5_crab_v6_sorted_gti/pass5_crab_v6_sorted_gti_map_chunks/20220620_2_BKG_J2000.root,14292.800000001424,59750.000323380584,59750.167031690078
20220620_3,root://eos01.ihep.ac.cn//eos/user/l/liushijie/pass5_crab_v6_sorted_gti/pass5_crab_v6_sorted_gti_map_chunks/20220620_3_BKG_J2000.root,14225.700000001414,59750.166649540639,59750.333768742959
20220620_4,root://eos01.ihep.ac.cn//eos/user/l/liushijie/pass5_crab_v6_sorted_gti/pass5_crab_v6_sorted_gti_map_chunks/20220620_4_BKG_J2000.root,14296.100000001425,59750.33334541769,59750.500124756683
20220620_5,root://eos01.ihep.ac.cn//eos/user/l/liushijie/pass5_crab_v6_sorted_gti/pass5_crab_v6_sorted_gti_map_chunks/20220620_5_BKG_J2000.root,14192.800000001409,59750.500217377914,59750.667112725561
20220621_0,root://eos01.ihep.ac.cn//eos/user/l/liushijie/pass5_crab_v6_sorted_gti/pass5_crab_v6_sorted_gti_map_chunks/20220621_0_BKG_J2000.root,10375.900000000836,59750.66669769321,59750.792083784509
20220621_1,root://eos01.ihep.ac.cn//eos/user/l/liushijie/pass5_crab_v6_sorted_gti/pass5_crab_v6_sorted_gti_map_chunks/20220621_1_BKG_J2000.root,8493.4000000005526,59750.875387522152,59751.000410181405
20220621_2,root://eos01.ihep.ac.cn//eos/user/l/liushijie/pass5_crab_v6_sorted_gti/pass5_crab_v6_sorted_gti_map_chunks/20220621_2_BKG_J2000.root,6068.3000000004213,0,59751.070932865681
20220622_0,root://eos01.ihep.ac.cn//eos/user/l/liushijie/pass5_crab_v6_sorted_gti/pass5_crab_v6_sorted_gti_map_chunks/20220622_0_BKG_J2000.root,10115.900000000796,59751.666701624788,59751.791981926537
20220622_1,root://eos01.ihep.ac.cn//eos/user/l/liushijie/pass5_crab_v6_sorted_gti/pass5_crab_v6_sorted_gti_map_chunks/20220622_1_BKG_J2000.root,8821.700000000601,59751.875346097353,59752.000128686705
20220622_4,root://eos01.ihep.ac.cn//eos/user/l/liushijie/pass5_crab_v6_sorted_gti/pass5_crab_v6_sorted_gti_map_chunks/20220622_4_BKG_J2000.root,7122.7000000003463,59752.397653491847,59752.500094427021
20220622_5,root://eos01.ihep.ac.cn//eos/user/l/liushijie/pass5_crab_v6_sorted_gti/pass5_crab_v6_sorted_gti_map_chunks/20220622_5_BKG_J2000.root,11813.300000001054,59752.5000796323,59752.667058290201
20220623_0,root://eos01.ihep.ac.cn//eos/user/l/liushijie/pass5_crab_v6_sorted_gti/pass5_crab_v6_sorted_gti_map_chunks/20220623_0_BKG_J2000.root,9776.4000000007454,59752.667065064816,59752.79206779458
20220623_1,root://eos01.ihep.ac.cn//eos/user/l/liushijie/pass5_crab_v6_sorted_gti/pass5_crab_v6_sorted_gti_map_chunks/20220623_1_BKG_J2000.root,9047.1000000006334,59752.875307428461,59753.000155554168
20220623_2,root://eos01.ihep.ac.cn//eos/user/l/liushijie/pass5_crab_v6_sorted_gti/pass5_crab_v6_sorted_gti_map_chunks/20220623_2_BKG_J2000.root,6098.5000000004302,0,59753.071037920148
20220623_5,root://eos01.ihep.ac.cn//eos/user/l/liushijie/pass5_crab_v6_sorted_gti/pass5_crab_v6_sorted_gti_map_chunks/20220623_5_BKG_J2000.root,14241.100000001416,59753.499912079737,59753.666744892209
20220624_0,root://eos01.ihep.ac.cn//eos/user/l/liushijie/pass5_crab_v6_sorted_gti/pass5_crab_v6_sorted_gti_map_chunks/20220624_0_BKG_J2000.root,9644.1000000007243,59753.666726417061,59753.791801850362
20220624_1,root://eos01.ihep.ac.cn//eos/user/l/liushijie/pass5_crab_v6_sorted_gti/pass5_crab_v6_sorted_gti_map_chunks/20220624_1_BKG_J2000.root,9137.3000000006487,59753.874971759593,59753.999827295833
20220624_2,root://eos01.ihep.ac.cn//eos/user/l/liushijie/pass5_crab_v6_sorted_gti/pass5_crab_v6_sorted_gti_map_chunks/20220624_2_BKG_J2000.root,14281.900000001422,59753.999780336067,59754.16704282337
20220624_3,root://eos01.ihep.ac.cn//eos/user/l/liushijie/pass5_crab_v6_sorted_gti/pass5_crab_v6_sorted_gti_map_chunks/20220624_3_BKG_J2000.root,14251.300000001416,59754.1669803279,59754.333311316601
20220624_4,root://eos01.ihep.ac.cn//eos/user/l/liushijie/pass5_crab_v6_sorted_gti/pass5_crab_v6_sorted_gti_map_chunks/20220624_4_BKG_J2000.root,14273.100000001419,59754.333777555599,59754.500308327391
20220624_5,root://eos01.ihep.ac.cn//eos/user/l/liushijie/pass5_crab_v6_sorted_gti/pass5_crab_v6_sorted_gti_map_chunks/20220624_5_BKG_J2000.root,14213.100000001412,59754.50025742322,59754.666790269795
20220625_0,root://eos01.ihep.ac.cn//eos/user/l/liushijie/pass5_crab_v6_sorted_gti/pass5_crab_v6_sorted_gti_map_chunks/20220625_0_BKG_J2000.root,9389.5000000006876,59754.666759977328,59754.791985388852
20220625_1,root://eos01.ihep.ac.cn//eos/user/l/liushijie/pass5_crab_v6_sorted_gti/pass5_crab_v6_sorted_gti_map_chunks/20220625_1_BKG_J2000.root,9515.1000000007061,59754.875238196459,59755.000285878894
20220625_2,root://eos01.ihep.ac.cn//eos/user/l/liushijie/pass5_crab_v6_sorted_gti/pass5_crab_v6_sorted_gti_map_chunks/20220625_2_BKG_J2000.root,5845.8000000003485,0,59755.0681073909
20220625_5,root://eos01.ihep.ac.cn//eos/user/l/liushijie/pass5_crab_v6_sorted_gti/pass5_crab_v6_sorted_gti_map_chunks/20220625_5_BKG_J2000.root,14182.500000001406,59755.500447469727,59755.66700480679
20220626_0,root://eos01.ihep.ac.cn//eos/user/l/liushijie/pass5_crab_v6_sorted_gti/pass5_crab_v6_sorted_gti_map_chunks/20220626_0_BKG_J2000.root,9114.8000000006468,59755.666955628367,59755.791759258464
20220626_1,root://eos01.ihep.ac.cn//eos/user/l/liushijie/pass5_crab_v6_sorted_gti/pass5_crab_v6_sorted_gti_map_chunks/20220626_1_BKG_J2000.root,9680.2000000007301,59755.874998612337,59756.000131458488
20220626_2,root://eos01.ihep.ac.cn//eos/user/l/liushijie/pass5_crab_v6_sorted_gti/pass5_crab_v6_sorted_gti_map_chunks/20220626_2_BKG_J2000.root,14140.2000000014,59756.000097039105,59756.166661340132
20220626_3,root://eos01.ihep.ac.cn//eos/user/l/liushijie/pass5_crab_v6_sorted_gti/pass5_crab_v6_sorted_gti_map_chunks/20220626_3_BKG_J2000.root,14217.700000001412,59756.16663219413,59756.333533088429
20220626_4,root://eos01.ihep.ac.cn//eos/user/l/liushijie/pass5_crab_v6_sorted_gti/pass5_crab_v6_sorted_gti_map_chunks/20220626_4_BKG_J2000.root,14228.800000001414,59756.333487293756,59756.500055544486
20220626_5,root://eos01.ihep.ac.cn//eos/user/l/liushijie/pass5_crab_v6_sorted_gti/pass5_crab_v6_sorted_gti_map_chunks/20220626_5_BKG_J2000.root,13908.700000001367,59756.500038482853,59756.666970564424
20220627_0,root://eos01.ihep.ac.cn//eos/user/l/liushijie/pass5_crab_v6_sorted_gti/pass5_crab_v6_sorted_gti_map_chunks/20220627_0_BKG_J2000.root,8919.4000000006163,59756.666923614648,59756.791886340718
20220627_1,root://eos01.ihep.ac.cn//eos/user/l/liushijie/pass5_crab_v6_sorted_gti/pass5_crab_v6_sorted_gti_map_chunks/20220627_1_BKG_J2000.root,9981.5000000007749,59756.875338224003,59757.000088173641
20220627_2,root://eos01.ihep.ac.cn//eos/user/l/liushijie/pass5_crab_v6_sorted_gti/pass5_crab_v6_sorted_gti_map_chunks/20220627_2_BKG_J2000.root,5423.000000000211,0,59757.06307268505
20220627_5,root://eos01.ihep.ac.cn//eos/user/l/liushijie/pass5_crab_v6_sorted_gti/pass5_crab_v6_sorted_gti_map_chunks/20220627_5_BKG_J2000.root,12946.500000001222,59757.499755100042,59757.666757865416
20220628_0,root://eos01.ihep.ac.cn//eos/user/l/liushijie/pass5_crab_v6_sorted_gti/pass5_crab_v6_sorted_gti_map_chunks/20220628_0_BKG_J2000.root,8692.5000000005839,59757.666740048327,59757.791766628703
20220628_1,root://eos01.ihep.ac.cn//eos/user/l/liushijie/pass5_crab_v6_sorted_gti/pass5_crab_v6_sorted_gti_map_chunks/20220628_1_BKG_J2000.root,10190.400000000809,59757.874855798342,59758.000042823573
20220628_2,root://eos01.ihep.ac.cn//eos/user/l/liushijie/pass5_crab_v6_sorted_gti/pass5_crab_v6_sorted_gti_map_chunks/20220628_2_BKG_J2000.root,5883.20000000036,0,59758.069121974346
20220628_5,root://eos01.ihep.ac.cn//eos/user/l/liushijie/pass5_crab_v6_sorted_gti/pass5_crab_v6_sorted_gti_map_chunks/20220628_5_BKG_J2000.root,14196.70000000141,59758.499818986944,59758.666630554733
20220629_0,root://eos01.ihep.ac.cn//eos/user/l/liushijie/pass5_crab_v6_sorted_gti/pass5_crab_v6_sorted_gti_map_chunks/20220629_0_BKG_J2000.root,8458.9000000005453,59758.666615760332,59758.791477312574
20220629_1,root://eos01.ihep.ac.cn//eos/user/l/liushijie/pass5_crab_v6_sorted_gti/pass5_crab_v6_sorted_gti_map_chunks/20220629_1_BKG_J2000.root,10396.30000000084,59758.874865980011,59758.999720336091
20220629_2,root://eos01.ihep.ac.cn//eos/user/l/liushijie/pass5_crab_v6_sorted_gti/pass5_crab_v6_sorted_gti_map_chunks/20220629_2_BKG_J2000.root,11027.900000000933,59759.000154439884,59759.128622911099
20220629_5,root://eos01.ihep.ac.cn//eos/user/l/liushijie/pass5_crab_v6_sorted_gti/pass5_crab_v6_sorted_gti_map_chunks/20220629_5_BKG_J2000.root,10655.600000000877,59759.541395850101,59759.666709932986
20220630_0,root://eos01.ihep.ac.cn//eos/user/l/liushijie/pass5_crab_v6_sorted_gti/pass5_crab_v6_sorted_gti_map_chunks/20220630_0_BKG_J2000.root,8068.8000000004877,59759.66673961185,59759.79153680434
20220630_1,root://eos01.ihep.ac.cn//eos/user/l/liushijie/pass5_crab_v6_sorted_gti/pass5_crab_v6_sorted_gti_map_chunks/20220630_1_BKG_J2000.root,10614.400000000871,59759.875005617519,59760.000172895961
20220630_5,root://eos01.ihep.ac.cn//eos/user/l/liushijie/pass5_crab_v6_sorted_gti/pass5_crab_v6_sorted_gti_map_chunks/20220630_5_BKG_J2000.root,13003.800000001231,59760.50017895292,59760.652647444527
