hour,gti_interval_count,gti_duration_seconds,histogram_counts_before,histogram_counts_after,histogram_retained_fraction,log_path
20220101_00,1,3554.98181269504,102892663.0,101741899.0,0.988815878932009,/home/lhaaso/liushijie/energy/pass5_crab_v6_125d_covariance/run_gti_hour.sh.out.87253063.0
20220101_01,1,3549.19045593124,102895397.0,101716088.0,0.9885387584441703,/home/lhaaso/liushijie/energy/pass5_crab_v6_125d_covariance/run_gti_hour.sh.out.79724879.1
20220101_02,1,3590.15186119359,104171179.0,102984416.0,0.9886075687018959,/home/lhaaso/liushijie/energy/pass5_crab_v6_125d_covariance/run_gti_hour.sh.out.79724879.2
20220101_03,1,3539.18040913995,102884036.0,101667141.0,0.9881721689067485,/home/lhaaso/liushijie/energy/pass5_crab_v6_125d_covariance/run_gti_hour.sh.out.79724879.3
20220101_04,1,3540.71464065928,102922687.0,101792884.0,0.9890227992201563,/home/lhaaso/liushijie/energy/pass5_crab_v6_125d_covariance/run_gti_hour.sh.out.79724879.4
20220101_05,1,3576.97746763006,104151823.0,103037208.0,0.9892981709979287,/home/lhaaso/liushijie/energy/pass5_crab_v6_125d_covariance/run_gti_hour.sh.out.79724879.5
20220101_06,1,3582.42860420141,104159645.0,103018544.0,0.9890446919245932,/home/lhaaso/liushijie/energy/pass5_crab_v6_125d_covariance/run_gti_hour.sh.out.79724879.6
20220101_07,1,3552.78866677545,102989521.0,101817858.0,0.9886234736444691,/home/lhaaso/liushijie/energy/pass5_crab_v6_125d_covariance/run_gti_hour.sh.out.79724879.7
20220101_08,1,3556.14701395389,102954303.0,101787756.0,0.988669273978767,/home/lhaaso/liushijie/energy/pass5_crab_v6_125d_covariance/run_gti_hour.sh.out.79724879.8
20220101_09,1,3554.38200517092,102852316.0,101602444.0,0.9878478963954492,/home/lhaaso/liushijie/energy/pass5_crab_v6_125d_covariance/run_gti_hour.sh.out.79724879.9
20220101_10,1,3564.3722547451,102760845.0,101556742.0,0.9882824727647967,/home/lhaaso/liushijie/energy/pass5_crab_v6_125d_covariance/run_gti_hour.sh.out.79724879.10
20220101_11,1,3558.86966313701,102519725.0,101319501.0,0.9882927504926491,/home/lhaaso/liushijie/energy/pass5_crab_v6_125d_covariance/run_gti_hour.sh.out.79724879.11
20220101_12,2,3454.39744892064,102264782.0,98610503.0,0.9642664959673019,/home/lhaaso/liushijie/energy/pass5_crab_v6_125d_covariance/run_gti_hour.sh.out.79724794.0
20220101_13,1,3552.67725179438,103249436.0,102042953.0,0.9883148707950328,/home/lhaaso/liushijie/energy/pass5_crab_v6_125d_covariance/run_gti_hour.sh.out.79724879.13
20220101_14,1,384.137324988842,104402023.0,11070390.0,0.10603616368621516,/home/lhaaso/liushijie/energy/pass5_crab_v6_125d_covariance/run_gti_hour.sh.out.79724879.14
20220101_16,1,722.03005256597,104164554.0,20854968.0,0.20021175341469805,/home/lhaaso/liushijie/energy/pass5_crab_v6_125d_covariance/run_gti_hour.sh.out.79724879.15
20220101_17,1,3530.19449554849,103139999.0,101928061.0,0.9882495829770175,/home/lhaaso/liushijie/energy/pass5_crab_v6_125d_covariance/run_gti_hour.sh.out.79724879.16
20220101_18,1,3586.02306267712,104682650.0,103464240.0,0.9883609174968345,/home/lhaaso/liushijie/energy/pass5_crab_v6_125d_covariance/run_gti_hour.sh.out.79724879.17
20220101_19,1,3556.88747337554,103587762.0,102375188.0,0.9882942349888784,/home/lhaaso/liushijie/energy/pass5_crab_v6_125d_covariance/run_gti_hour.sh.out.79724879.18
20220101_20,1,3568.98506227881,103697063.0,102464505.0,0.9881138581523761,/home/lhaaso/liushijie/energy/pass5_crab_v6_125d_covariance/run_gti_hour.sh.out.79724879.19
20220101_21,1,3527.45184735395,102503311.0,101299217.0,0.9882531209162599,/home/lhaaso/liushijie/energy/pass5_crab_v6_125d_covariance/run_gti_hour.sh.out.79724879.20
20220101_22,1,3573.73600839637,103790804.0,102619361.0,0.9887134220484505,/home/lhaaso/liushijie/energy/pass5_crab_v6_125d_covariance/run_gti_hour.sh.out.79724879.21
20220101_23,1,3538.71415362228,102679783.0,101575982.0,0.9892500649324512,/home/lhaaso/liushijie/energy/pass5_crab_v6_125d_covariance/run_gti_hour.sh.out.79724879.22
20220102_00,2,3500.98640299402,103969924.0,100521460.0,0.9668321004062674,/home/lhaaso/liushijie/energy/pass5_crab_v6_125d_covariance/run_gti_hour.sh.out.79724879.23
20220102_01,1,3576.75170819275,103911542.0,102747474.0,0.988797510097579,/home/lhaaso/liushijie/energy/pass5_crab_v6_125d_covariance/run_gti_hour.sh.out.79724879.24
20220102_02,2,3449.92882877123,102668192.0,99182793.0,0.9660518128146252,/home/lhaaso/liushijie/energy/pass5_crab_v6_125d_covariance/run_gti_hour.sh.out.79724879.25
20220102_03,1,3572.09465992637,103969739.0,102830633.0,0.9890438697744542,/home/lhaaso/liushijie/energy/pass5_crab_v6_125d_covariance/run_gti_hour.sh.out.79724879.26
20220102_04,1,3574.19567385223,104010764.0,102910594.0,0.9894225370751051,/home/lhaaso/liushijie/energy/pass5_crab_v6_125d_covariance/run_gti_hour.sh.out.79724879.27
20220102_05,1,3573.25366339646,103989902.0,102897309.0,0.989493277914619,/home/lhaaso/liushijie/energy/pass5_crab_v6_125d_covariance/run_gti_hour.sh.out.79724879.28
20220102_06,1,3528.25759069528,102742330.0,101617359.0,0.9890505597838788,/home/lhaaso/liushijie/energy/pass5_crab_v6_125d_covariance/run_gti_hour.sh.out.79724879.29
20220102_07,2,3496.76734961104,104062210.0,100460422.0,0.965388126967513,/home/lhaaso/liushijie/energy/pass5_crab_v6_125d_covariance/run_gti_hour.sh.out.79724879.30
20220102_08,1,3544.79674233589,102797011.0,101640388.0,0.988748476354045,/home/lhaaso/liushijie/energy/pass5_crab_v6_125d_covariance/run_gti_hour.sh.out.79724879.31
20220102_09,1,3594.3758808542,104003224.0,102861505.0,0.9890222730018446,/home/lhaaso/liushijie/energy/pass5_crab_v6_125d_covariance/run_gti_hour.sh.out.79724879.32
20220102_10,2,3477.1519246744,102690873.0,99241153.0,0.9664067516496817,/home/lhaaso/liushijie/energy/pass5_crab_v6_125d_covariance/run_gti_hour.sh.out.79724879.33
20220102_11,1,3547.32685962226,102483069.0,101193005.0,0.9874119304526292,/home/lhaaso/liushijie/energy/pass5_crab_v6_125d_covariance/run_gti_hour.sh.out.79724879.34
20220102_12,1,3573.92872888595,103533195.0,102379591.0,0.9888576412618194,/home/lhaaso/liushijie/energy/pass5_crab_v6_125d_covariance/run_gti_hour.sh.out.79724879.35
20220102_13,2,3465.63153415918,103223536.0,99768229.0,0.966525977176368,/home/lhaaso/liushijie/energy/pass5_crab_v6_125d_covariance/run_gti_hour.sh.out.79724879.36
20220102_14,2,52.6100608985871,104248449.0,1452931.0,0.013937195362973697,/home/lhaaso/liushijie/energy/pass5_crab_v6_125d_covariance/run_gti_hour.sh.out.79724879.37
20220102_16,2,969.295270554721,105343819.0,28203400.0,0.26772714590876945,/home/lhaaso/liushijie/energy/pass5_crab_v6_125d_covariance/run_gti_hour.sh.out.79724879.38
20220102_17,1,3551.41460462473,104318660.0,103184491.0,0.9891278415577808,/home/lhaaso/liushijie/energy/pass5_crab_v6_125d_covariance/run_gti_hour.sh.out.79724879.39
20220102_18,1,3584.03733680025,105554684.0,104324784.0,0.9883482195825626,/home/lhaaso/liushijie/energy/pass5_crab_v6_125d_covariance/run_gti_hour.sh.out.79724879.40
20220102_19,2,3457.3067974532,103502692.0,100075399.0,0.9668869192310476,/home/lhaaso/liushijie/energy/pass5_crab_v6_125d_covariance/run_gti_hour.sh.out.79724879.41
20220102_20,1,3586.09728652518,104821534.0,103667746.0,0.9889928342395753,/home/lhaaso/liushijie/energy/pass5_crab_v6_125d_covariance/run_gti_hour.sh.out.79724879.42
20220102_21,1,3563.45273775514,103877449.0,102736086.0,0.989012408265821,/home/lhaaso/liushijie/energy/pass5_crab_v6_125d_covariance/run_gti_hour.sh.out.79724879.43
20220102_22,1,3560.6712262379,103814492.0,102715275.0,0.9894117191268441,/home/lhaaso/liushijie/energy/pass5_crab_v6_125d_covariance/run_gti_hour.sh.out.79724879.44
20220102_23,1,3558.43724494334,103806576.0,102778285.0,0.9900941632059996,/home/lhaaso/liushijie/energy/pass5_crab_v6_125d_covariance/run_gti_hour.sh.out.79724879.45
20220103_00,1,3545.97456925549,103693800.0,102605884.0,0.9895083794788117,/home/lhaaso/liushijie/energy/pass5_crab_v6_125d_covariance/run_gti_hour.sh.out.79724879.46
20220103_01,1,3587.1147504542,104961045.0,103825697.0,0.9891831488529864,/home/lhaaso/liushijie/energy/pass5_crab_v6_125d_covariance/run_gti_hour.sh.out.79724879.47
20220103_02,1,3541.43065405078,103754968.0,102586679.0,0.9887399223138886,/home/lhaaso/liushijie/energy/pass5_crab_v6_125d_covariance/run_gti_hour.sh.out.79724879.48
20220103_03,1,3577.87858864758,104942297.0,103778836.0,0.9889133263397122,/home/lhaaso/liushijie/energy/pass5_crab_v6_125d_covariance/run_gti_hour.sh.out.79724879.49
20220103_04,1,3569.16700657457,104840939.0,103724627.0,0.9893523273384646,/home/lhaaso/liushijie/energy/pass5_crab_v6_125d_covariance/run_gti_hour.sh.out.79724879.50
20220103_05,1,3561.33104588371,104831696.0,103704019.0,0.9892429766661411,/home/lhaaso/liushijie/energy/pass5_crab_v6_125d_covariance/run_gti_hour.sh.out.79724879.51
20220103_06,1,3553.51035052445,104752107.0,103576700.0,0.9887791564899024,/home/lhaaso/liushijie/energy/pass5_crab_v6_125d_covariance/run_gti_hour.sh.out.79724879.52
20220103_07,1,3555.73894497938,104695963.0,103510943.0,0.9886813209789187,/home/lhaaso/liushijie/energy/pass5_crab_v6_125d_covariance/run_gti_hour.sh.out.79724879.53
20220103_08,1,3556.19797362015,104623071.0,103417986.0,0.9884816514323117,/home/lhaaso/liushijie/energy/pass5_crab_v6_125d_covariance/run_gti_hour.sh.out.79724879.54
20220103_09,1,3557.33435852453,104524223.0,103327137.0,0.9885472863070218,/home/lhaaso/liushijie/energy/pass5_crab_v6_125d_covariance/run_gti_hour.sh.out.79724879.55
20220103_10,1,3564.67741867527,104524952.0,103345584.0,0.9887168759474771,/home/lhaaso/liushijie/energy/pass5_crab_v6_125d_covariance/run_gti_hour.sh.out.79724879.56
20220103_11,1,3554.39463523217,104253171.0,103057795.0,0.9885339123162019,/home/lhaaso/liushijie/energy/pass5_crab_v6_125d_covariance/run_gti_hour.sh.out.79724879.57
20220103_12,2,3471.42669232562,104337859.0,100714794.0,0.9652756436184875,/home/lhaaso/liushijie/energy/pass5_crab_v6_125d_covariance/run_gti_hour.sh.out.79724879.58
20220103_13,1,3489.13320587017,105340583.0,101701430.0,0.9654534568125562,/home/lhaaso/liushijie/energy/pass5_crab_v6_125d_covariance/run_gti_hour.sh.out.79724879.59
20220103_16,1,1167.16122420039,105048714.0,34246424.0,0.32600517127701345,/home/lhaaso/liushijie/energy/pass5_crab_v6_125d_covariance/run_gti_hour.sh.out.79724879.60
20220103_17,1,3591.0750312265,106497328.0,105299290.0,0.9887505346613016,/home/lhaaso/liushijie/energy/pass5_crab_v6_125d_covariance/run_gti_hour.sh.out.79724879.61
20220103_18,1,3553.53393845726,105428870.0,104252094.0,0.9888381996316569,/home/lhaaso/liushijie/energy/pass5_crab_v6_125d_covariance/run_gti_hour.sh.out.79724879.62
20220103_19,1,3567.45711970143,105639002.0,104445049.0,0.9886978012155019,/home/lhaaso/liushijie/energy/pass5_crab_v6_125d_covariance/run_gti_hour.sh.out.79724879.63
20220103_20,1,3523.252207716,104469761.0,103259962.0,0.9884196250817497,/home/lhaaso/liushijie/energy/pass5_crab_v6_125d_covariance/run_gti_hour.sh.out.79724879.64
20220103_21,1,3561.51531804353,105723462.0,104535435.0,0.988762882168955,/home/lhaaso/liushijie/energy/pass5_crab_v6_125d_covariance/run_gti_hour.sh.out.79724879.65
20220103_22,1,3565.14197057113,105776432.0,104618865.0,0.9890564752647357,/home/lhaaso/liushijie/energy/pass5_crab_v6_125d_covariance/run_gti_hour.sh.out.79724879.66
20220103_23,1,3562.53404743038,105816018.0,104717626.0,0.989619794613704,/home/lhaaso/liushijie/energy/pass5_crab_v6_125d_covariance/run_gti_hour.sh.out.79724879.67
20220104_00,1,3561.03736914229,105789482.0,104641536.0,0.9891487700072111,/home/lhaaso/liushijie/energy/pass5_crab_v6_125d_covariance/run_gti_hour.sh.out.79724879.68
20220104_01,1,3559.71112030093,105810537.0,104633239.0,0.9888735277848557,/home/lhaaso/liushijie/energy/pass5_crab_v6_125d_covariance/run_gti_hour.sh.out.79724879.69
20220104_02,1,3570.48625610769,106739449.0,105555975.0,0.9889124966346791,/home/lhaaso/liushijie/energy/pass5_crab_v6_125d_covariance/run_gti_hour.sh.out.79724879.70
20220104_03,1,3572.09738194942,106776721.0,105620605.0,0.9891725837881836,/home/lhaaso/liushijie/energy/pass5_crab_v6_125d_covariance/run_gti_hour.sh.out.79724879.71
20220104_04,1,3564.63834664319,106736172.0,105645757.0,0.9897840162377193,/home/lhaaso/liushijie/energy/pass5_crab_v6_125d_covariance/run_gti_hour.sh.out.79724879.72
20220104_05,1,3546.23047588393,106428659.0,105351006.0,0.9898744096738079,/home/lhaaso/liushijie/energy/pass5_crab_v6_125d_covariance/run_gti_hour.sh.out.79724879.73
20220104_06,1,3557.39528029226,106547088.0,105422166.0,0.9894420202267752,/home/lhaaso/liushijie/energy/pass5_crab_v6_125d_covariance/run_gti_hour.sh.out.79724879.74
20220104_07,1,3566.25243653543,106734226.0,105574856.0,0.9891377860368801,/home/lhaaso/liushijie/energy/pass5_crab_v6_125d_covariance/run_gti_hour.sh.out.79724879.75
20220104_08,2,3499.88888958469,106933496.0,103421238.0,0.9671547444778201,/home/lhaaso/liushijie/energy/pass5_crab_v6_125d_covariance/run_gti_hour.sh.out.79724879.76
20220104_09,1,3541.98362203315,105651375.0,104479339.0,0.9889065712585378,/home/lhaaso/liushijie/energy/pass5_crab_v6_125d_covariance/run_gti_hour.sh.out.79724879.77
20220104_10,1,3587.88626419846,106799036.0,105554507.0,0.9883470015590777,/home/lhaaso/liushijie/energy/pass5_crab_v6_125d_covariance/run_gti_hour.sh.out.79724879.78
20220104_11,1,3542.19464985654,105305794.0,104092110.0,0.9884746702541363,/home/lhaaso/liushijie/energy/pass5_crab_v6_125d_covariance/run_gti_hour.sh.out.79724879.79
20220104_12,1,3576.0356690269,106536191.0,105325587.0,0.9886366877899736,/home/lhaaso/liushijie/energy/pass5_crab_v6_125d_covariance/run_gti_hour.sh.out.79724879.80
20220104_13,1,3270.71786534507,106227523.0,96514719.0,0.9085660314229487,/home/lhaaso/liushijie/energy/pass5_crab_v6_125d_covariance/run_gti_hour.sh.out.79724879.81
20220104_16,2,1454.3378028553,106200223.0,42768588.0,0.4027165555010181,/home/lhaaso/liushijie/energy/pass5_crab_v6_125d_covariance/run_gti_hour.sh.out.79724879.82
20220104_17,1,3549.11774585489,105257996.0,104065189.0,0.9886677777904873,/home/lhaaso/liushijie/energy/pass5_crab_v6_125d_covariance/run_gti_hour.sh.out.79724879.83
20220104_18,1,3563.27880173922,105508672.0,104349529.0,0.9890137656172945,/home/lhaaso/liushijie/energy/pass5_crab_v6_125d_covariance/run_gti_hour.sh.out.79724879.84
20220104_19,2,3470.51144130528,104681789.0,101177321.0,0.9665226584922044,/home/lhaaso/liushijie/energy/pass5_crab_v6_125d_covariance/run_gti_hour.sh.out.79724879.85
20220104_20,1,3571.03472489398,104817258.0,103651470.0,0.9888779002404356,/home/lhaaso/liushijie/energy/pass5_crab_v6_125d_covariance/run_gti_hour.sh.out.79724879.86
20220104_21,1,3577.25136538502,104729455.0,103579507.0,0.9890198225513539,/home/lhaaso/liushijie/energy/pass5_crab_v6_125d_covariance/run_gti_hour.sh.out.79724879.87
20220104_22,2,3461.83348910417,103599072.0,100152434.0,0.9667309954282216,/home/lhaaso/liushijie/energy/pass5_crab_v6_125d_covariance/run_gti_hour.sh.out.79724879.88
20220104_23,1,3584.49028080795,104816670.0,103749092.0,0.9898148071294385,/home/lhaaso/liushijie/energy/pass5_crab_v6_125d_covariance/run_gti_hour.sh.out.79724879.89
20220105_00,1,3574.11590914708,104132292.0,103541742.0,0.9943288485381653,/home/lhaaso/liushijie/energy/pass5_crab_v6_125d_covariance/run_gti_hour.sh.out.79724879.90
20220105_01,1,3563.6246325681,104067403.0,102914165.0,0.9889183551548798,/home/lhaaso/liushijie/energy/pass5_crab_v6_125d_covariance/run_gti_hour.sh.out.79724879.91
20220105_02,1,3564.39346326515,104759426.0,103605870.0,0.9889885230948097,/home/lhaaso/liushijie/energy/pass5_crab_v6_125d_covariance/run_gti_hour.sh.out.79724879.92
20220105_03,1,3594.80590517633,105276184.0,104662533.0,0.9941710368225353,/home/lhaaso/liushijie/energy/pass5_crab_v6_125d_covariance/run_gti_hour.sh.out.79724879.93
20220105_04,1,3596.40498433728,105397795.0,104309154.0,0.9896711216776404,/home/lhaaso/liushijie/energy/pass5_crab_v6_125d_covariance/run_gti_hour.sh.out.79724879.94
20220105_05,1,3557.41521455348,104808577.0,103704028.0,0.9894612728116707,/home/lhaaso/liushijie/energy/pass5_crab_v6_125d_covariance/run_gti_hour.sh.out.79724879.95
20220105_06,1,3559.25088089425,104835847.0,103680597.0,0.9889803914113462,/home/lhaaso/liushijie/energy/pass5_crab_v6_125d_covariance/run_gti_hour.sh.out.79724879.96
20220105_07,1,3566.34813984856,104858274.0,103672131.0,0.9886881315631803,/home/lhaaso/liushijie/energy/pass5_crab_v6_125d_covariance/run_gti_hour.sh.out.79724879.97
20220105_08,1,3568.24185003061,104161850.0,103529134.0,0.9939256455218489,/home/lhaaso/liushijie/energy/pass5_crab_v6_125d_covariance/run_gti_hour.sh.out.79724879.98
20220105_09,1,3562.02320228331,103924690.0,102740883.0,0.9886089917612456,/home/lhaaso/liushijie/energy/pass5_crab_v6_125d_covariance/run_gti_hour.sh.out.79724879.99
20220105_10,1,3572.95351414941,104435818.0,103240975.0,0.9885590688819041,/home/lhaaso/liushijie/energy/pass5_crab_v6_125d_covariance/run_gti_hour.sh.out.79724879.100
20220105_11,1,3570.65307777375,104262458.0,103077972.0,0.9886393815883374,/home/lhaaso/liushijie/energy/pass5_crab_v6_125d_covariance/run_gti_hour.sh.out.79724879.101
20220105_12,1,3548.79558593966,104075799.0,102895759.0,0.9886617252873552,/home/lhaaso/liushijie/energy/pass5_crab_v6_125d_covariance/run_gti_hour.sh.out.79724879.102
20220105_13,1,3024.3701111991,105127444.0,88075250.0,0.8377950290506445,/home/lhaaso/liushijie/energy/pass5_crab_v6_125d_covariance/run_gti_hour.sh.out.79724879.103
20220105_18,1,3529.34569080826,105080701.0,103872003.0,0.9884974311315262,/home/lhaaso/liushijie/energy/pass5_crab_v6_125d_covariance/run_gti_hour.sh.out.79724879.104
20220105_19,1,3597.49880195595,106018995.0,105350547.0,0.9936950166335758,/home/lhaaso/liushijie/energy/pass5_crab_v6_125d_covariance/run_gti_hour.sh.out.79724879.105
20220105_20,1,3562.7002492547,104922939.0,103772134.0,0.9890319027376845,/home/lhaaso/liushijie/energy/pass5_crab_v6_125d_covariance/run_gti_hour.sh.out.79724879.106
20220105_21,1,3587.19073764514,105651150.0,104528096.0,0.989370167764383,/home/lhaaso/liushijie/energy/pass5_crab_v6_125d_covariance/run_gti_hour.sh.out.79724879.107
20220105_22,1,3565.5547166476,104631691.0,103554363.0,0.9897036166604628,/home/lhaaso/liushijie/energy/pass5_crab_v6_125d_covariance/run_gti_hour.sh.out.79724879.108
20220106_00,1,3583.13830916304,104814693.0,103695775.0,0.9893247981940853,/home/lhaaso/liushijie/energy/pass5_crab_v6_125d_covariance/run_gti_hour.sh.out.79724879.109
20220106_01,1,3542.71878011059,103630846.0,102488090.0,0.9889728199266076,/home/lhaaso/liushijie/energy/pass5_crab_v6_125d_covariance/run_gti_hour.sh.out.79724879.110
20220106_02,1,3596.25224112533,104969865.0,103829172.0,0.9891331383535646,/home/lhaaso/liushijie/energy/pass5_crab_v6_125d_covariance/run_gti_hour.sh.out.79724879.111
20220106_03,1,3550.3308031708,103642478.0,102512459.0,0.9890969511554906,/home/lhaaso/liushijie/energy/pass5_crab_v6_125d_covariance/run_gti_hour.sh.out.79724879.112
20220106_04,1,3552.33166425023,103655576.0,102568438.0,0.989512016218018,/home/lhaaso/liushijie/energy/pass5_crab_v6_125d_covariance/run_gti_hour.sh.out.79724879.113
20220106_05,1,3586.66785650421,104260772.0,103686203.0,0.9944891161941521,/home/lhaaso/liushijie/energy/pass5_crab_v6_125d_covariance/run_gti_hour.sh.out.79724879.114
20220106_06,1,3591.14430765621,104261464.0,103121919.0,0.9890703146082813,/home/lhaaso/liushijie/energy/pass5_crab_v6_125d_covariance/run_gti_hour.sh.out.79724879.115
20220106_07,1,3565.64952288754,103732729.0,102562581.0,0.9887195872384693,/home/lhaaso/liushijie/energy/pass5_crab_v6_125d_covariance/run_gti_hour.sh.out.79724879.116
20220106_08,1,3529.29904488847,102449504.0,101267167.0,0.988459319432137,/home/lhaaso/liushijie/energy/pass5_crab_v6_125d_covariance/run_gti_hour.sh.out.79724879.117
20220106_09,1,3578.189587011,103590034.0,102386804.0,0.9883846934541985,/home/lhaaso/liushijie/energy/pass5_crab_v6_125d_covariance/run_gti_hour.sh.out.79724879.118
20220106_10,1,3537.81258123927,102228394.0,101030626.0,0.9882834117495771,/home/lhaaso/liushijie/energy/pass5_crab_v6_125d_covariance/run_gti_hour.sh.out.79724879.119
20220106_11,1,3578.97931693587,103297779.0,102087687.0,0.9882854015670559,/home/lhaaso/liushijie/energy/pass5_crab_v6_125d_covariance/run_gti_hour.sh.out.79724879.120
20220106_12,1,3562.5116558047,103127299.0,101916444.0,0.9882586375116835,/home/lhaaso/liushijie/energy/pass5_crab_v6_125d_covariance/run_gti_hour.sh.out.79724879.121
20220106_13,2,2684.82614408713,102804173.0,77190210.0,0.7508470497593517,/home/lhaaso/liushijie/energy/pass5_crab_v6_125d_covariance/run_gti_hour.sh.out.79724879.122
20220106_16,1,1889.26986213773,104860624.0,54877488.0,0.5233374159589209,/home/lhaaso/liushijie/energy/pass5_crab_v6_125d_covariance/run_gti_hour.sh.out.79724879.123
20220106_17,1,3569.66457227245,104932013.0,103730732.0,0.9885518159267563,/home/lhaaso/liushijie/energy/pass5_crab_v6_125d_covariance/run_gti_hour.sh.out.79724879.124
20220106_18,1,3537.1942186961,104060597.0,102851909.0,0.9883847677714169,/home/lhaaso/liushijie/energy/pass5_crab_v6_125d_covariance/run_gti_hour.sh.out.79724879.125
20220106_19,1,3555.94516242854,104348851.0,103110020.0,0.9881279861912423,/home/lhaaso/liushijie/energy/pass5_crab_v6_125d_covariance/run_gti_hour.sh.out.79724879.126
20220106_20,1,3565.88797650766,104474535.0,103271270.0,0.9884826958071649,/home/lhaaso/liushijie/energy/pass5_crab_v6_125d_covariance/run_gti_hour.sh.out.79724879.127
20220106_21,1,3570.04445667844,104550436.0,103358714.0,0.9886014631254144,/home/lhaaso/liushijie/energy/pass5_crab_v6_125d_covariance/run_gti_hour.sh.out.79724879.128
20220106_22,2,3454.74192942493,103422836.0,99912571.0,0.9660590916304016,/home/lhaaso/liushijie/energy/pass5_crab_v6_125d_covariance/run_gti_hour.sh.out.79724879.129
20220106_23,1,3583.47054685,104735784.0,103659968.0,0.9897282861796308,/home/lhaaso/liushijie/energy/pass5_crab_v6_125d_covariance/run_gti_hour.sh.out.79724879.130
20220107_00,1,3541.01573538501,103550567.0,102420384.0,0.989085689892939,/home/lhaaso/liushijie/energy/pass5_crab_v6_125d_covariance/run_gti_hour.sh.out.79724879.131
20220107_01,1,3585.45322632417,104799049.0,103662421.0,0.9891542145578057,/home/lhaaso/liushijie/energy/pass5_crab_v6_125d_covariance/run_gti_hour.sh.out.79724879.132
20220107_02,2,3460.41138859,103499422.0,100054112.0,0.9667117947769795,/home/lhaaso/liushijie/energy/pass5_crab_v6_125d_covariance/run_gti_hour.sh.out.79724879.133
20220107_03,1,3582.57632078603,104688857.0,103601230.0,0.9896108618322197,/home/lhaaso/liushijie/energy/pass5_crab_v6_125d_covariance/run_gti_hour.sh.out.79724879.134
20220107_04,1,3572.33462480363,104554415.0,103500763.0,0.9899224532986005,/home/lhaaso/liushijie/energy/pass5_crab_v6_125d_covariance/run_gti_hour.sh.out.79724879.135
20220107_05,1,3566.6106730001,104512443.0,103431791.0,0.9896600637304019,/home/lhaaso/liushijie/energy/pass5_crab_v6_125d_covariance/run_gti_hour.sh.out.79724879.136
20220107_06,1,3569.67450231314,104526745.0,103412732.0,0.9893423161698951,/home/lhaaso/liushijie/energy/pass5_crab_v6_125d_covariance/run_gti_hour.sh.out.79724879.137
20220107_07,1,3539.27451004274,103367412.0,102228104.0,0.9889780736698719,/home/lhaaso/liushijie/energy/pass5_crab_v6_125d_covariance/run_gti_hour.sh.out.79724879.138
20220107_08,1,3587.53547337838,104644650.0,103495905.0,0.9890224201619481,/home/lhaaso/liushijie/energy/pass5_crab_v6_125d_covariance/run_gti_hour.sh.out.79724879.139
20220107_09,1,3543.3916101465,103242428.0,102087820.0,0.9888165357753887,/home/lhaaso/liushijie/energy/pass5_crab_v6_125d_covariance/run_gti_hour.sh.out.79724879.140
20220107_10,1,3583.67128756363,104118912.0,102975665.0,0.9890197949821066,/home/lhaaso/liushijie/energy/pass5_crab_v6_125d_covariance/run_gti_hour.sh.out.79724879.141
20220107_11,1,3543.78035778645,102918369.0,101689523.0,0.9880599934497601,/home/lhaaso/liushijie/energy/pass5_crab_v6_125d_covariance/run_gti_hour.sh.out.79724879.142
20220107_12,1,3571.84825523291,103955490.0,102789645.0,0.9887851521838817,/home/lhaaso/liushijie/energy/pass5_crab_v6_125d_covariance/run_gti_hour.sh.out.79724879.143
20220107_13,1,2532.18563287519,103751332.0,73182590.0,0.7053653055750648,/home/lhaaso/liushijie/energy/pass5_crab_v6_125d_covariance/run_gti_hour.sh.out.79724879.144
20220107_16,2,2149.48974545114,104302958.0,62253677.0,0.5968543768432722,/home/lhaaso/liushijie/energy/pass5_crab_v6_125d_covariance/run_gti_hour.sh.out.79724879.145
20220107_17,1,3595.50285183359,104489307.0,103352499.0,0.9891203412804719,/home/lhaaso/liushijie/energy/pass5_crab_v6_125d_covariance/run_gti_hour.sh.out.79724879.146
20220107_18,1,3534.87353813834,102957968.0,101831892.0,0.98906276005758,/home/lhaaso/liushijie/energy/pass5_crab_v6_125d_covariance/run_gti_hour.sh.out.79724879.147
20220107_19,1,3556.98920474388,103231137.0,102099665.0,0.989039431000358,/home/lhaaso/liushijie/energy/pass5_crab_v6_125d_covariance/run_gti_hour.sh.out.79724879.148
20220107_20,1,3565.29749049805,103328634.0,102206824.0,0.989143280457961,/home/lhaaso/liushijie/energy/pass5_crab_v6_125d_covariance/run_gti_hour.sh.out.79724879.149
20220107_21,1,3575.69616548717,103430434.0,102327808.0,0.9893394433595821,/home/lhaaso/liushijie/energy/pass5_crab_v6_125d_covariance/run_gti_hour.sh.out.79724879.150
20220107_22,1,3583.95001832396,103438271.0,102386204.0,0.9898290353287131,/home/lhaaso/liushijie/energy/pass5_crab_v6_125d_covariance/run_gti_hour.sh.out.79724879.151
20220107_23,2,3471.48646053392,102281410.0,99073485.0,0.9686362849319343,/home/lhaaso/liushijie/energy/pass5_crab_v6_125d_covariance/run_gti_hour.sh.out.79724879.152
20220108_00,1,3585.89027698617,103532708.0,102437792.0,0.9894244435294787,/home/lhaaso/liushijie/energy/pass5_crab_v6_125d_covariance/run_gti_hour.sh.out.79724879.153
20220108_01,2,3453.43088179361,102305077.0,98767377.0,0.9654200934719984,/home/lhaaso/liushijie/energy/pass5_crab_v6_125d_covariance/run_gti_hour.sh.out.79724879.154
20220108_02,1,3578.65482035559,103559388.0,102425603.0,0.9890518375794187,/home/lhaaso/liushijie/energy/pass5_crab_v6_125d_covariance/run_gti_hour.sh.out.79724879.155
20220108_03,1,3567.93688600883,103385876.0,102277891.0,0.9892830138615839,/home/lhaaso/liushijie/energy/pass5_crab_v6_125d_covariance/run_gti_hour.sh.out.79724879.156
20220108_04,1,3566.81310413405,103437695.0,102374972.0,0.9897259601540812,/home/lhaaso/liushijie/energy/pass5_crab_v6_125d_covariance/run_gti_hour.sh.out.79724879.157
20220108_05,1,3558.97792673204,103382018.0,102276095.0,0.9893025593677229,/home/lhaaso/liushijie/energy/pass5_crab_v6_125d_covariance/run_gti_hour.sh.out.79724879.158
20220108_06,1,3.93808716908097,337641.0,67811.0,0.2008375760052837,/home/lhaaso/liushijie/energy/pass5_crab_v6_125d_covariance/run_gti_hour.sh.out.79724879.159
20220108_07,1,130.308855534531,4939066.0,3726858.0,0.7545673615213888,/home/lhaaso/liushijie/energy/pass5_crab_v6_125d_covariance/run_gti_hour.sh.out.79724879.160
20220108_08,1,3582.73690631613,103642966.0,102427383.0,0.9882714375426114,/home/lhaaso/liushijie/energy/pass5_crab_v6_125d_covariance/run_gti_hour.sh.out.79724879.161
20220108_09,2,3402.46050409041,99423544.0,97156735.0,0.9772004808036213,/home/lhaaso/liushijie/energy/pass5_crab_v6_125d_covariance/run_gti_hour.sh.out.79724879.162
20220108_10,1,3529.12920510862,101866006.0,100660141.0,0.9881622432511981,/home/lhaaso/liushijie/energy/pass5_crab_v6_125d_covariance/run_gti_hour.sh.out.79724879.163
20220108_11,2,3492.34136338346,103078291.0,99480715.0,0.9650986064563294,/home/lhaaso/liushijie/energy/pass5_crab_v6_125d_covariance/run_gti_hour.sh.out.79724879.164
20220108_12,1,3568.04143998306,103029415.0,101818551.0,0.9882473951735046,/home/lhaaso/liushijie/energy/pass5_crab_v6_125d_covariance/run_gti_hour.sh.out.79724879.165
20220108_13,2,2304.83776875772,102671337.0,66055326.0,0.6433667655462595,/home/lhaaso/liushijie/energy/pass5_crab_v6_125d_covariance/run_gti_hour.sh.out.79724879.166
20220108_16,2,2383.11338082422,104208042.0,68740850.0,0.6596501448515845,/home/lhaaso/liushijie/energy/pass5_crab_v6_125d_covariance/run_gti_hour.sh.out.79724879.167
20220108_17,1,3531.78919181228,102962322.0,101772542.0,0.9884445107988143,/home/lhaaso/liushijie/energy/pass5_crab_v6_125d_covariance/run_gti_hour.sh.out.79724879.168
20220108_18,1,3551.85176592786,103241386.0,102032414.0,0.9882898511261753,/home/lhaaso/liushijie/energy/pass5_crab_v6_125d_covariance/run_gti_hour.sh.out.79724879.169
20220108_19,1,3573.30611483194,103527354.0,102330580.0,0.9884400213686519,/home/lhaaso/liushijie/energy/pass5_crab_v6_125d_covariance/run_gti_hour.sh.out.79724879.170
20220108_20,1,3581.77556949668,103557508.0,102370442.0,0.9885371324308035,/home/lhaaso/liushijie/energy/pass5_crab_v6_125d_covariance/run_gti_hour.sh.out.79724879.171
20220108_21,1,3544.13225250319,102393451.0,101227488.0,0.9886129143161705,/home/lhaaso/liushijie/energy/pass5_crab_v6_125d_covariance/run_gti_hour.sh.out.79724879.172
20220108_22,2,3461.26546575688,102318164.0,98846693.0,0.9660718012883812,/home/lhaaso/liushijie/energy/pass5_crab_v6_125d_covariance/run_gti_hour.sh.out.79724879.173
20220108_23,1,3591.83008647524,103634640.0,102535748.0,0.9893964797870674,/home/lhaaso/liushijie/energy/pass5_crab_v6_125d_covariance/run_gti_hour.sh.out.79724879.174
20220109_00,1,3532.15932848398,102216430.0,101067143.0,0.9887563378998856,/home/lhaaso/liushijie/energy/pass5_crab_v6_125d_covariance/run_gti_hour.sh.out.79724879.175
20220109_01,1,3569.21185834799,103491261.0,102331216.0,0.988790889309968,/home/lhaaso/liushijie/energy/pass5_crab_v6_125d_covariance/run_gti_hour.sh.out.79724879.176
20220109_02,1,3562.60287060868,103466379.0,102317497.0,0.9888960838186867,/home/lhaaso/liushijie/energy/pass5_crab_v6_125d_covariance/run_gti_hour.sh.out.79724879.177
20220109_03,1,3547.03761795536,103299055.0,102162290.0,0.9889953978765827,/home/lhaaso/liushijie/energy/pass5_crab_v6_125d_covariance/run_gti_hour.sh.out.79724879.178
20220109_04,1,3578.99370719679,104474946.0,103409407.0,0.9898010093252405,/home/lhaaso/liushijie/energy/pass5_crab_v6_125d_covariance/run_gti_hour.sh.out.79724879.179
20220109_05,1,3557.75434342213,104161011.0,103077381.0,0.9895965871529415,/home/lhaaso/liushijie/energy/pass5_crab_v6_125d_covariance/run_gti_hour.sh.out.79724879.180
20220109_06,1,3593.56664540246,104716631.0,104064377.0,0.993771247281628,/home/lhaaso/liushijie/energy/pass5_crab_v6_125d_covariance/run_gti_hour.sh.out.79724879.181
20220109_07,1,3594.6688893484,104146455.0,103490442.0,0.9937010530027163,/home/lhaaso/liushijie/energy/pass5_crab_v6_125d_covariance/run_gti_hour.sh.out.79724879.182
20220109_08,1,3555.16568126623,104032484.0,102282747.0,0.9831808591631821,/home/lhaaso/liushijie/energy/pass5_crab_v6_125d_covariance/run_gti_hour.sh.out.79724879.183
20220109_09,1,3590.1879314566,104441199.0,103303363.0,0.9891054870023084,/home/lhaaso/liushijie/energy/pass5_crab_v6_125d_covariance/run_gti_hour.sh.out.79724879.184
20220109_10,1,3543.13820614479,103587043.0,102460299.0,0.9891227322706759,/home/lhaaso/liushijie/energy/pass5_crab_v6_125d_covariance/run_gti_hour.sh.out.79724879.185
20220109_11,1,3576.7306599766,104719240.0,103597271.0,0.9892859325564242,/home/lhaaso/liushijie/energy/pass5_crab_v6_125d_covariance/run_gti_hour.sh.out.79724879.186
20220109_12,1,3551.77567438222,104474529.0,103338884.0,0.9891299342445469,/home/lhaaso/liushijie/energy/pass5_crab_v6_125d_covariance/run_gti_hour.sh.out.79724879.187
20220109_13,1,2116.52135783806,105641182.0,61867482.0,0.5856379191213518,/home/lhaaso/liushijie/energy/pass5_crab_v6_125d_covariance/run_gti_hour.sh.out.79724879.188
20220109_16,1,2603.8389852969,106333573.0,76693937.0,0.7212579699546069,/home/lhaaso/liushijie/energy/pass5_crab_v6_125d_covariance/run_gti_hour.sh.out.79724879.189
20220109_17,1,3563.03040299099,105896141.0,104746704.0,0.9891456195745604,/home/lhaaso/liushijie/energy/pass5_crab_v6_125d_covariance/run_gti_hour.sh.out.79724879.190
20220109_18,1,3546.87590841204,105094969.0,103906516.0,0.9886916280454872,/home/lhaaso/liushijie/energy/pass5_crab_v6_125d_covariance/run_gti_hour.sh.out.79724879.191
20220109_19,1,3565.45858208556,105405239.0,104192815.0,0.9884974977382291,/home/lhaaso/liushijie/energy/pass5_crab_v6_125d_covariance/run_gti_hour.sh.out.79724879.192
20220109_20,1,3576.48691067006,105521848.0,104327603.0,0.988682485924621,/home/lhaaso/liushijie/energy/pass5_crab_v6_125d_covariance/run_gti_hour.sh.out.79724879.193
20220109_21,1,3545.69130660966,104349633.0,103172252.0,0.9887169607965943,/home/lhaaso/liushijie/energy/pass5_crab_v6_125d_covariance/run_gti_hour.sh.out.79724879.194
20220109_22,2,3474.92684307508,104455305.0,100935503.0,0.9663032720071039,/home/lhaaso/liushijie/energy/pass5_crab_v6_125d_covariance/run_gti_hour.sh.out.79724879.195
20220109_23,1,3552.91646984406,104204332.0,103113191.0,0.9895288326400864,/home/lhaaso/liushijie/energy/pass5_crab_v6_125d_covariance/run_gti_hour.sh.out.79724879.196
20220110_00,1,3591.1125486251,105401998.0,104255443.0,0.9891220752760304,/home/lhaaso/liushijie/energy/pass5_crab_v6_125d_covariance/run_gti_hour.sh.out.79724879.197
20220110_01,1,3549.6181611903,104246079.0,103088473.0,0.9888954480484585,/home/lhaaso/liushijie/energy/pass5_crab_v6_125d_covariance/run_gti_hour.sh.out.79724879.198
20220110_02,1,3553.45834731124,104265074.0,103109185.0,0.9889139387173888,/home/lhaaso/liushijie/energy/pass5_crab_v6_125d_covariance/run_gti_hour.sh.out.79724879.199
20220110_03,1,3555.5934544187,104358459.0,103220248.0,0.9890932559669169,/home/lhaaso/liushijie/energy/pass5_crab_v6_125d_covariance/run_gti_hour.sh.out.79724879.200
20220110_04,1,3554.71205706708,104337559.0,103240678.0,0.9894871893638991,/home/lhaaso/liushijie/energy/pass5_crab_v6_125d_covariance/run_gti_hour.sh.out.79724879.201
20220110_05,1,3591.53287424706,105540225.0,104387109.0,0.9890741563228618,/home/lhaaso/liushijie/energy/pass5_crab_v6_125d_covariance/run_gti_hour.sh.out.79724879.202
20220110_06,1,3547.10280883592,104259753.0,103082029.0,0.9887039440808957,/home/lhaaso/liushijie/energy/pass5_crab_v6_125d_covariance/run_gti_hour.sh.out.79724879.203
20220110_07,1,3554.03885047417,104215190.0,103016219.0,0.9884952375944428,/home/lhaaso/liushijie/energy/pass5_crab_v6_125d_covariance/run_gti_hour.sh.out.79724879.204
20220110_08,1,3557.67741012387,104124573.0,102934238.0,0.9885681644043813,/home/lhaaso/liushijie/energy/pass5_crab_v6_125d_covariance/run_gti_hour.sh.out.79724879.205
20220110_09,1,3556.61202035844,103968758.0,102755061.0,0.9883263297230116,/home/lhaaso/liushijie/energy/pass5_crab_v6_125d_covariance/run_gti_hour.sh.out.79724879.206
20220110_10,2,3473.97593229543,103804031.0,100187567.0,0.9651606593196752,/home/lhaaso/liushijie/energy/pass5_crab_v6_125d_covariance/run_gti_hour.sh.out.79724879.207
20220110_11,1,3560.81771948375,103759928.0,102568366.0,0.9885161639664978,/home/lhaaso/liushijie/energy/pass5_crab_v6_125d_covariance/run_gti_hour.sh.out.79724879.208
20220110_12,1,3581.30008298904,104053722.0,103402957.0,0.9937458748472255,/home/lhaaso/liushijie/energy/pass5_crab_v6_125d_covariance/run_gti_hour.sh.out.79724879.209
20220110_13,1,1805.61158526689,105128614.0,52382341.0,0.49826911063433216,/home/lhaaso/liushijie/energy/pass5_crab_v6_125d_covariance/run_gti_hour.sh.out.79724879.210
20220110_16,1,2794.92127716076,104543681.0,81452245.0,0.7791216477254135,/home/lhaaso/liushijie/energy/pass5_crab_v6_125d_covariance/run_gti_hour.sh.out.79724879.211
20220110_17,1,3567.70706365351,104800764.0,103687146.0,0.9893739515105061,/home/lhaaso/liushijie/energy/pass5_crab_v6_125d_covariance/run_gti_hour.sh.out.79724879.212
20220110_18,1,3586.92858419381,105123057.0,104009865.0,0.9894105819240017,/home/lhaaso/liushijie/energy/pass5_crab_v6_125d_covariance/run_gti_hour.sh.out.79724879.213
20220110_19,1,3550.04649006296,103982582.0,102779144.0,0.9884265424376556,/home/lhaaso/liushijie/energy/pass5_crab_v6_125d_covariance/run_gti_hour.sh.out.79724879.214
20220110_20,1,3567.59079869371,104125991.0,103063081.0,0.9897920779452654,/home/lhaaso/liushijie/energy/pass5_crab_v6_125d_covariance/run_gti_hour.sh.out.79724879.215
20220110_21,1,3571.10166780185,103608971.0,102908320.0,0.9932375450384504,/home/lhaaso/liushijie/energy/pass5_crab_v6_125d_covariance/run_gti_hour.sh.out.79724879.216
20220110_22,1,3581.26481676009,103672221.0,102663791.0,0.9902729005873232,/home/lhaaso/liushijie/energy/pass5_crab_v6_125d_covariance/run_gti_hour.sh.out.79724879.217
20220110_23,2,3474.57419210114,103209096.0,99857725.0,0.967528336843489,/home/lhaaso/liushijie/energy/pass5_crab_v6_125d_covariance/run_gti_hour.sh.out.79724879.218
20220111_00,1,3586.23631778173,104459124.0,103382287.0,0.9896913073864184,/home/lhaaso/liushijie/energy/pass5_crab_v6_125d_covariance/run_gti_hour.sh.out.79724879.219
20220111_01,1,3577.17756524216,103930010.0,103252118.0,0.9934774181201368,/home/lhaaso/liushijie/energy/pass5_crab_v6_125d_covariance/run_gti_hour.sh.out.79724879.220
20220111_02,1,3569.84504428692,103922289.0,102819032.0,0.9893838269863359,/home/lhaaso/liushijie/energy/pass5_crab_v6_125d_covariance/run_gti_hour.sh.out.79724879.221
20220111_03,1,3564.49888225179,104414715.0,103348168.0,0.9897854722871197,/home/lhaaso/liushijie/energy/pass5_crab_v6_125d_covariance/run_gti_hour.sh.out.79724879.222
20220111_04,1,3594.72405840643,104911993.0,104313691.0,0.9942971057655915,/home/lhaaso/liushijie/energy/pass5_crab_v6_125d_covariance/run_gti_hour.sh.out.79724879.223
20220111_05,1,3590.94807619695,104866068.0,103797877.0,0.9898137593945069,/home/lhaaso/liushijie/energy/pass5_crab_v6_125d_covariance/run_gti_hour.sh.out.79724879.224
20220111_06,1,3557.81192646828,104355238.0,103238555.0,0.9892992146690327,/home/lhaaso/liushijie/energy/pass5_crab_v6_125d_covariance/run_gti_hour.sh.out.79724879.225
20220111_07,1,3558.66084373556,104363230.0,103166447.0,0.9885325224219297,/home/lhaaso/liushijie/energy/pass5_crab_v6_125d_covariance/run_gti_hour.sh.out.79724879.226
20220111_08,1,3566.05171028059,104360305.0,103240911.0,0.9892737569136081,/home/lhaaso/liushijie/energy/pass5_crab_v6_125d_covariance/run_gti_hour.sh.out.79724879.227
20220111_09,1,3565.65566912759,104226709.0,103097770.0,0.9891684289868541,/home/lhaaso/liushijie/energy/pass5_crab_v6_125d_covariance/run_gti_hour.sh.out.79724879.228
20220111_10,1,3573.26620670501,104155399.0,103027638.0,0.9891723231745289,/home/lhaaso/liushijie/energy/pass5_crab_v6_125d_covariance/run_gti_hour.sh.out.79724879.229
20220111_11,1,3563.2428961806,103340041.0,102652561.0,0.9933473995815426,/home/lhaaso/liushijie/energy/pass5_crab_v6_125d_covariance/run_gti_hour.sh.out.79724879.230
20220111_12,1,3591.76241497044,104310445.0,103200165.0,0.9893560036101849,/home/lhaaso/liushijie/energy/pass5_crab_v6_125d_covariance/run_gti_hour.sh.out.79724879.231
20220111_13,2,1519.93736657314,104614131.0,43932325.0,0.41994637416622044,/home/lhaaso/liushijie/energy/pass5_crab_v6_125d_covariance/run_gti_hour.sh.out.79724879.232
20220111_16,2,3074.14991625119,105053703.0,89896327.0,0.8557178322405256,/home/lhaaso/liushijie/energy/pass5_crab_v6_125d_covariance/run_gti_hour.sh.out.79724879.233
20220111_17,1,3582.44140965398,105268764.0,104191296.0,0.9897645991169802,/home/lhaaso/liushijie/energy/pass5_crab_v6_125d_covariance/run_gti_hour.sh.out.79724879.234
20220111_18,1,3567.27440154646,104972897.0,103903712.0,0.989814656634655,/home/lhaaso/liushijie/energy/pass5_crab_v6_125d_covariance/run_gti_hour.sh.out.79724879.235
20220111_19,1,3574.85864048358,104562253.0,103807600.0,0.9927827396756648,/home/lhaaso/liushijie/energy/pass5_crab_v6_125d_covariance/run_gti_hour.sh.out.79724879.236
20220111_20,1,3582.78074471746,104613683.0,103572875.0,0.9900509381741202,/home/lhaaso/liushijie/energy/pass5_crab_v6_125d_covariance/run_gti_hour.sh.out.79724879.237
20220111_21,1,3572.61575949378,104169740.0,103167745.0,0.9903811317950875,/home/lhaaso/liushijie/energy/pass5_crab_v6_125d_covariance/run_gti_hour.sh.out.79724879.238
20220111_22,1,3581.93159422372,104234316.0,103304972.0,0.991084087892897,/home/lhaaso/liushijie/energy/pass5_crab_v6_125d_covariance/run_gti_hour.sh.out.79724879.239
20220111_23,1,3572.45826437138,103629645.0,102927312.0,0.9932226632639723,/home/lhaaso/liushijie/energy/pass5_crab_v6_125d_covariance/run_gti_hour.sh.out.79724879.240
20220112_00,1,3578.30712937284,103826816.0,102832623.0,0.990424506516698,/home/lhaaso/liushijie/energy/pass5_crab_v6_125d_covariance/run_gti_hour.sh.out.79724879.241
20220112_01,1,3580.05507930648,104396196.0,103392909.0,0.9903896210930904,/home/lhaaso/liushijie/energy/pass5_crab_v6_125d_covariance/run_gti_hour.sh.out.79724879.242
20220112_02,1,3576.19619169272,104305661.0,103304569.0,0.9904023234175181,/home/lhaaso/liushijie/energy/pass5_crab_v6_125d_covariance/run_gti_hour.sh.out.79724879.243
20220112_03,1,3552.78399910312,104154654.0,102829105.0,0.9872732619322032,/home/lhaaso/liushijie/energy/pass5_crab_v6_125d_covariance/run_gti_hour.sh.out.79724879.244
20220112_04,1,3580.74737966526,104588401.0,103908457.0,0.9934988584441596,/home/lhaaso/liushijie/energy/pass5_crab_v6_125d_covariance/run_gti_hour.sh.out.79724879.245
20220112_05,1,3573.0994152138,104495260.0,103494074.0,0.9904188381367729,/home/lhaaso/liushijie/energy/pass5_crab_v6_125d_covariance/run_gti_hour.sh.out.79724879.246
20220112_06,1,3577.19362203497,105138967.0,104120952.0,0.9903174338777744,/home/lhaaso/liushijie/energy/pass5_crab_v6_125d_covariance/run_gti_hour.sh.out.79724879.247
20220112_07,1,3583.68822885677,105174093.0,104139962.0,0.9901674360053668,/home/lhaaso/liushijie/energy/pass5_crab_v6_125d_covariance/run_gti_hour.sh.out.79724879.248
20220112_08,1,3568.84476304986,104333861.0,103555139.0,0.9925362486106021,/home/lhaaso/liushijie/energy/pass5_crab_v6_125d_covariance/run_gti_hour.sh.out.79724879.249
20220112_09,1,3578.4036700381,104355061.0,103337358.0,0.9902476890890802,/home/lhaaso/liushijie/energy/pass5_crab_v6_125d_covariance/run_gti_hour.sh.out.79724879.250
20220112_10,1,3580.31121916138,104573752.0,103543786.0,0.9901508171955042,/home/lhaaso/liushijie/energy/pass5_crab_v6_125d_covariance/run_gti_hour.sh.out.79724879.251
20220112_11,1,3569.3084543338,103963436.0,103176858.0,0.9924340900006422,/home/lhaaso/liushijie/energy/pass5_crab_v6_125d_covariance/run_gti_hour.sh.out.79724879.252
20220112_12,1,3580.1581886597,104378521.0,103576788.0,0.9923189848608795,/home/lhaaso/liushijie/energy/pass5_crab_v6_125d_covariance/run_gti_hour.sh.out.79724879.253
20220112_13,2,1304.36275068205,104909949.0,38022023.0,0.3624253310808492,/home/lhaaso/liushijie/energy/pass5_crab_v6_125d_covariance/run_gti_hour.sh.out.79724879.254
20220112_16,1,3341.29059158731,106695404.0,98608219.0,0.9242030612677562,/home/lhaaso/liushijie/energy/pass5_crab_v6_125d_covariance/run_gti_hour.sh.out.79724879.255
20220112_17,1,3560.53620509338,105653762.0,104666608.0,0.9906567075197947,/home/lhaaso/liushijie/energy/pass5_crab_v6_125d_covariance/run_gti_hour.sh.out.79724879.256
20220112_18,1,3574.8731985921,105909566.0,104927468.0,0.9907270132709258,/home/lhaaso/liushijie/energy/pass5_crab_v6_125d_covariance/run_gti_hour.sh.out.79724879.257
20220112_19,1,3577.980300528,105552396.0,104732646.0,0.9922337149030706,/home/lhaaso/liushijie/energy/pass5_crab_v6_125d_covariance/run_gti_hour.sh.out.79724879.258
20220112_20,1,3594.82663215604,105710809.0,104760126.0,0.9910067569343831,/home/lhaaso/liushijie/energy/pass5_crab_v6_125d_covariance/run_gti_hour.sh.out.79724879.259
20220112_21,1,3565.16779018566,104631407.0,103823858.0,0.9922819636746355,/home/lhaaso/liushijie/energy/pass5_crab_v6_125d_covariance/run_gti_hour.sh.out.79724879.260
20220112_22,1,3598.11641201377,105262811.0,104523785.0,0.992979229863052,/home/lhaaso/liushijie/energy/pass5_crab_v6_125d_covariance/run_gti_hour.sh.out.79724879.261
20220112_23,1,3575.64818935934,104741514.0,103849508.0,0.9914837396755598,/home/lhaaso/liushijie/energy/pass5_crab_v6_125d_covariance/run_gti_hour.sh.out.79724879.262
20220113_00,1,3584.41880790051,105339996.0,104393691.0,0.9910166599968354,/home/lhaaso/liushijie/energy/pass5_crab_v6_125d_covariance/run_gti_hour.sh.out.79724879.263
20220113_01,1,3571.07244597282,105198127.0,104226164.0,0.9907606434856012,/home/lhaaso/liushijie/energy/pass5_crab_v6_125d_covariance/run_gti_hour.sh.out.79724879.264
20220113_02,1,3557.57019887678,105730089.0,104146654.0,0.9850237996111022,/home/lhaaso/liushijie/energy/pass5_crab_v6_125d_covariance/run_gti_hour.sh.out.79724879.265
20220113_03,1,3576.16514239926,105619123.0,104672251.0,0.9910350325480358,/home/lhaaso/liushijie/energy/pass5_crab_v6_125d_covariance/run_gti_hour.sh.out.79724879.266
20220113_04,1,3580.63760292716,106194554.0,105273548.0,0.9913271823713296,/home/lhaaso/liushijie/energy/pass5_crab_v6_125d_covariance/run_gti_hour.sh.out.79724879.267
20220113_05,1,3562.03560980503,105933251.0,104971063.0,0.9909170351054364,/home/lhaaso/liushijie/energy/pass5_crab_v6_125d_covariance/run_gti_hour.sh.out.79724879.268
20220113_06,1,3586.88834917266,106480548.0,105693911.0,0.9926123877574334,/home/lhaaso/liushijie/energy/pass5_crab_v6_125d_covariance/run_gti_hour.sh.out.79724879.269
20220113_07,2,3514.7695829859,105958029.0,103160168.0,0.973594629624528,/home/lhaaso/liushijie/energy/pass5_crab_v6_125d_covariance/run_gti_hour.sh.out.79724879.270
20220113_08,1,3588.47385656554,106089137.0,105272738.0,0.9923045938247192,/home/lhaaso/liushijie/energy/pass5_crab_v6_125d_covariance/run_gti_hour.sh.out.79724879.271
20220113_09,1,3592.59242077824,106099549.0,105289737.0,0.9923674322121765,/home/lhaaso/liushijie/energy/pass5_crab_v6_125d_covariance/run_gti_hour.sh.out.79724879.272
20220113_10,1,3585.77082983684,105782779.0,104979999.0,0.9924110520862758,/home/lhaaso/liushijie/energy/pass5_crab_v6_125d_covariance/run_gti_hour.sh.out.79724879.273
20220113_11,1,3575.69368549157,105574016.0,104778873.0,0.9924683835083057,/home/lhaaso/liushijie/energy/pass5_crab_v6_125d_covariance/run_gti_hour.sh.out.79724879.274
20220113_12,1,3597.97455689404,106667770.0,105890045.0,0.992708903542279,/home/lhaaso/liushijie/energy/pass5_crab_v6_125d_covariance/run_gti_hour.sh.out.79724879.275
20220113_13,1,1101.08602184337,106878865.0,32216881.0,0.3014335996176606,/home/lhaaso/liushijie/energy/pass5_crab_v6_125d_covariance/run_gti_hour.sh.out.79724879.276
20220113_15,1,0.287535530515015,108518918.0,8973.0,8.268604373663217e-05,/home/lhaaso/liushijie/energy/pass5_crab_v6_125d_covariance/run_gti_hour.sh.out.79724879.277
20220113_16,1,3571.96075839456,107923182.0,107149539.0,0.9928315401226773,/home/lhaaso/liushijie/energy/pass5_crab_v6_125d_covariance/run_gti_hour.sh.out.79724879.278
20220113_17,1,3573.70956705417,108159022.0,107102658.0,0.9902332326932468,/home/lhaaso/liushijie/energy/pass5_crab_v6_125d_covariance/run_gti_hour.sh.out.79724879.279
20220113_18,1,3563.71590457857,107792064.0,106748575.0,0.9903194264839386,/home/lhaaso/liushijie/energy/pass5_crab_v6_125d_covariance/run_gti_hour.sh.out.79724879.280
20220113_19,1,3577.96765726525,107912797.0,106878054.0,0.9904113040458028,/home/lhaaso/liushijie/energy/pass5_crab_v6_125d_covariance/run_gti_hour.sh.out.79724879.281
20220113_20,1,3583.43831948005,107452193.0,106726375.0,0.9932452006819442,/home/lhaaso/liushijie/energy/pass5_crab_v6_125d_covariance/run_gti_hour.sh.out.79724879.282
20220113_21,1,3590.71735488251,106985789.0,106288936.0,0.9934864900608436,/home/lhaaso/liushijie/energy/pass5_crab_v6_125d_covariance/run_gti_hour.sh.out.79724879.283
20220113_22,1,3581.25749684405,106562726.0,105590436.0,0.9908758903183464,/home/lhaaso/liushijie/energy/pass5_crab_v6_125d_covariance/run_gti_hour.sh.out.79724879.284
20220113_23,2,3497.88965606131,106165885.0,103106833.0,0.9711861112446809,/home/lhaaso/liushijie/energy/pass5_crab_v6_125d_covariance/run_gti_hour.sh.out.79724879.285
20220114_00,1,3584.37740360387,106350942.0,105307663.0,0.9901902232328135,/home/lhaaso/liushijie/energy/pass5_crab_v6_125d_covariance/run_gti_hour.sh.out.79724879.286
20220114_01,2,3476.20411687531,105173291.0,102021003.0,0.9700276755626103,/home/lhaaso/liushijie/energy/pass5_crab_v6_125d_covariance/run_gti_hour.sh.out.79724879.287
20220114_02,1,3588.91572766006,106394699.0,105351101.0,0.9901912594348333,/home/lhaaso/liushijie/energy/pass5_crab_v6_125d_covariance/run_gti_hour.sh.out.79724879.288
20220114_03,1,3554.81699262746,105320583.0,104289070.0,0.9902059695206966,/home/lhaaso/liushijie/energy/pass5_crab_v6_125d_covariance/run_gti_hour.sh.out.79724879.289
20220114_04,1,3586.96900277864,105903241.0,105273223.0,0.9940510035948759,/home/lhaaso/liushijie/energy/pass5_crab_v6_125d_covariance/run_gti_hour.sh.out.79724879.290
20220114_05,1,3575.7005773019,105868853.0,104802910.0,0.9899314768244443,/home/lhaaso/liushijie/energy/pass5_crab_v6_125d_covariance/run_gti_hour.sh.out.79724879.291
20220114_06,1,3580.79753466882,106433691.0,105341805.0,0.9897411619409121,/home/lhaaso/liushijie/energy/pass5_crab_v6_125d_covariance/run_gti_hour.sh.out.79724879.292
20220114_07,1,3544.43964685779,105260682.0,104153152.0,0.9894782175171543,/home/lhaaso/liushijie/energy/pass5_crab_v6_125d_covariance/run_gti_hour.sh.out.79724879.293
20220114_08,1,3585.47450650949,106334023.0,105249309.0,0.9897989940623237,/home/lhaaso/liushijie/energy/pass5_crab_v6_125d_covariance/run_gti_hour.sh.out.79724879.294
20220114_09,1,3547.49830872752,105016445.0,103932922.0,0.9896823492739637,/home/lhaaso/liushijie/energy/pass5_crab_v6_125d_covariance/run_gti_hour.sh.out.79724879.295
20220114_10,2,3512.69680203404,105535902.0,102386666.0,0.9701595765960289,/home/lhaaso/liushijie/energy/pass5_crab_v6_125d_covariance/run_gti_hour.sh.out.79724879.296
20220114_11,1,3574.56074994989,104427577.0,103337824.0,0.9895645093824211,/home/lhaaso/liushijie/energy/pass5_crab_v6_125d_covariance/run_gti_hour.sh.out.79724879.297
20220114_12,1,3553.89627178665,104666054.0,103574977.0,0.9895756364331839,/home/lhaaso/liushijie/energy/pass5_crab_v6_125d_covariance/run_gti_hour.sh.out.79724879.298
20220114_13,1,912.639588746242,105847163.0,26620926.0,0.25150344369645505,/home/lhaaso/liushijie/energy/pass5_crab_v6_125d_covariance/run_gti_hour.sh.out.79724879.299
20220114_15,1,174.458814715035,105804371.0,5137934.0,0.04856069698670577,/home/lhaaso/liushijie/energy/pass5_crab_v6_125d_covariance/run_gti_hour.sh.out.79724879.300
20220114_16,1,3560.93584145419,105787807.0,104722968.0,0.9899341991275044,/home/lhaaso/liushijie/energy/pass5_crab_v6_125d_covariance/run_gti_hour.sh.out.79724879.301
20220114_17,1,3577.25722684991,106039614.0,104970349.0,0.9899163627660885,/home/lhaaso/liushijie/energy/pass5_crab_v6_125d_covariance/run_gti_hour.sh.out.79724879.302
20220114_18,1,3577.9424933251,105539870.0,104801216.0,0.9930011852392845,/home/lhaaso/liushijie/energy/pass5_crab_v6_125d_covariance/run_gti_hour.sh.out.79724879.303
20220114_19,1,3588.72389669996,105675399.0,104597144.0,0.9897965372243355,/home/lhaaso/liushijie/energy/pass5_crab_v6_125d_covariance/run_gti_hour.sh.out.79724879.304
20220114_20,1,3574.17035338003,105213176.0,104138902.0,0.9897895487918738,/home/lhaaso/liushijie/energy/pass5_crab_v6_125d_covariance/run_gti_hour.sh.out.79724879.305
20220114_21,1,3547.07600350957,104121959.0,103093895.0,0.9901263478917065,/home/lhaaso/liushijie/energy/pass5_crab_v6_125d_covariance/run_gti_hour.sh.out.79724879.306
20220114_22,1,3589.37483299524,105288452.0,104346583.0,0.9910543940754301,/home/lhaaso/liushijie/energy/pass5_crab_v6_125d_covariance/run_gti_hour.sh.out.79724879.307
20220114_23,1,3550.41310507804,104028280.0,103053722.0,0.9906317974304679,/home/lhaaso/liushijie/energy/pass5_crab_v6_125d_covariance/run_gti_hour.sh.out.79724879.308
20220115_00,1,3588.3586382959,105235193.0,104231171.0,0.9904592563440255,/home/lhaaso/liushijie/energy/pass5_crab_v6_125d_covariance/run_gti_hour.sh.out.79724879.309
20220115_01,1,3574.41240346525,105047369.0,104043143.0,0.9904402555765104,/home/lhaaso/liushijie/energy/pass5_crab_v6_125d_covariance/run_gti_hour.sh.out.79724879.310
20220115_02,1,3567.9701770423,105034829.0,104029451.0,0.9904281464579716,/home/lhaaso/liushijie/energy/pass5_crab_v6_125d_covariance/run_gti_hour.sh.out.79724879.311
20220115_03,1,3568.59051918145,105009661.0,104055909.0,0.9909174832970844,/home/lhaaso/liushijie/energy/pass5_crab_v6_125d_covariance/run_gti_hour.sh.out.79724879.312
20220115_04,1,3589.95331695769,106048285.0,105104668.0,0.9911020060343267,/home/lhaaso/liushijie/energy/pass5_crab_v6_125d_covariance/run_gti_hour.sh.out.79724879.313
20220115_05,1,3565.22469052579,105387666.0,104653200.0,0.9930308163386027,/home/lhaaso/liushijie/energy/pass5_crab_v6_125d_covariance/run_gti_hour.sh.out.79724879.314
20220115_06,1,3594.07339368481,106021180.0,105240315.0,0.9926348207028067,/home/lhaaso/liushijie/energy/pass5_crab_v6_125d_covariance/run_gti_hour.sh.out.79724879.315
20220115_07,1,3582.00507375877,105558283.0,104566767.0,0.9906069332332736,/home/lhaaso/liushijie/energy/pass5_crab_v6_125d_covariance/run_gti_hour.sh.out.79724879.316
20220115_08,1,3565.91181275435,105092273.0,104088854.0,0.990452019245982,/home/lhaaso/liushijie/energy/pass5_crab_v6_125d_covariance/run_gti_hour.sh.out.79724879.317
20220115_09,1,3575.93005453236,105106096.0,104109373.0,0.9905169820026424,/home/lhaaso/liushijie/energy/pass5_crab_v6_125d_covariance/run_gti_hour.sh.out.79724879.318
20220115_10,1,3580.13888807036,104855496.0,103865417.0,0.9905576814018409,/home/lhaaso/liushijie/energy/pass5_crab_v6_125d_covariance/run_gti_hour.sh.out.79724879.319
20220115_11,1,3566.36062783655,104193872.0,103380511.0,0.9921937731616308,/home/lhaaso/liushijie/energy/pass5_crab_v6_125d_covariance/run_gti_hour.sh.out.79724879.320
20220115_12,1,3587.69076636527,104770766.0,103947587.0,0.9921430468495381,/home/lhaaso/liushijie/energy/pass5_crab_v6_125d_covariance/run_gti_hour.sh.out.79724879.321
20220115_13,1,692.498125392012,105556447.0,19823466.0,0.1877996708244642,/home/lhaaso/liushijie/energy/pass5_crab_v6_125d_covariance/run_gti_hour.sh.out.79724879.322
20220115_15,2,438.695855881087,105481546.0,12879677.0,0.1221036047385957,/home/lhaaso/liushijie/energy/pass5_crab_v6_125d_covariance/run_gti_hour.sh.out.79724879.323
20220115_16,1,3578.65672702901,105586384.0,104729811.0,0.9918874672325174,/home/lhaaso/liushijie/energy/pass5_crab_v6_125d_covariance/run_gti_hour.sh.out.79724879.324
20220115_17,1,3586.51816409547,105732525.0,104873395.0,0.9918744965184554,/home/lhaaso/liushijie/energy/pass5_crab_v6_125d_covariance/run_gti_hour.sh.out.79724879.325
20220115_18,1,3592.63980786782,105609380.0,104644230.0,0.9908611337364163,/home/lhaaso/liushijie/energy/pass5_crab_v6_125d_covariance/run_gti_hour.sh.out.79724879.326
20220115_19,1,3573.62100260798,104695628.0,103864031.0,0.992057003564657,/home/lhaaso/liushijie/energy/pass5_crab_v6_125d_covariance/run_gti_hour.sh.out.79724879.327
20220115_20,1,3584.25985118374,104765353.0,103803595.0,0.9908198848907616,/home/lhaaso/liushijie/energy/pass5_crab_v6_125d_covariance/run_gti_hour.sh.out.79724879.328
20220115_21,1,3570.64972962253,104282040.0,103344199.0,0.9910066872493096,/home/lhaaso/liushijie/energy/pass5_crab_v6_125d_covariance/run_gti_hour.sh.out.79724879.329
20220115_22,1,3586.82930893265,104863731.0,104125203.0,0.9929572599319396,/home/lhaaso/liushijie/energy/pass5_crab_v6_125d_covariance/run_gti_hour.sh.out.79724879.330
20220115_23,1,3575.33471288625,104321393.0,103537145.0,0.9924823856598617,/home/lhaaso/liushijie/energy/pass5_crab_v6_125d_covariance/run_gti_hour.sh.out.79724879.331
20220116_00,1,3582.41575222928,104532942.0,103687918.0,0.9919161942270791,/home/lhaaso/liushijie/energy/pass5_crab_v6_125d_covariance/run_gti_hour.sh.out.79724879.332
20220116_01,1,3596.40431609005,105100527.0,104137870.0,0.9908406072978112,/home/lhaaso/liushijie/energy/pass5_crab_v6_125d_covariance/run_gti_hour.sh.out.79724879.333
20220116_02,1,3566.83262852021,104513075.0,103565395.0,0.990932426397367,/home/lhaaso/liushijie/energy/pass5_crab_v6_125d_covariance/run_gti_hour.sh.out.79724879.334
20220116_03,1,3586.40089205001,105042730.0,104256778.0,0.9925177877612282,/home/lhaaso/liushijie/energy/pass5_crab_v6_125d_covariance/run_gti_hour.sh.out.79724879.335
20220116_04,1,3576.73663145397,104998999.0,104105384.0,0.9914892998170393,/home/lhaaso/liushijie/energy/pass5_crab_v6_125d_covariance/run_gti_hour.sh.out.79724879.336
20220116_05,1,3568.24860416818,105542611.0,104361625.0,0.9888103393614168,/home/lhaaso/liushijie/energy/pass5_crab_v6_125d_covariance/run_gti_hour.sh.out.79724879.337
20220116_06,1,3560.24390633684,104821162.0,103991770.0,0.9920875519391781,/home/lhaaso/liushijie/energy/pass5_crab_v6_125d_covariance/run_gti_hour.sh.out.79724879.338
20220116_07,1,3593.21373354178,105428233.0,104601521.0,0.9921585330942614,/home/lhaaso/liushijie/energy/pass5_crab_v6_125d_covariance/run_gti_hour.sh.out.79724879.339
20220116_08,2,3499.56340792123,104646375.0,101683628.0,0.9716880111709555,/home/lhaaso/liushijie/energy/pass5_crab_v6_125d_covariance/run_gti_hour.sh.out.79724879.340
20220116_09,1,3581.25357725658,105010486.0,104049518.0,0.9908488377055983,/home/lhaaso/liushijie/energy/pass5_crab_v6_125d_covariance/run_gti_hour.sh.out.79724879.341
20220116_10,1,3576.2426490197,104488007.0,103643954.0,0.991922010724159,/home/lhaaso/liushijie/energy/pass5_crab_v6_125d_covariance/run_gti_hour.sh.out.79724879.342
20220116_11,1,3582.66633488238,104504126.0,103547560.0,0.9908466197784382,/home/lhaaso/liushijie/energy/pass5_crab_v6_125d_covariance/run_gti_hour.sh.out.79724879.343
20220116_12,1,3585.69607981481,104950846.0,104019060.0,0.9911216913868421,/home/lhaaso/liushijie/energy/pass5_crab_v6_125d_covariance/run_gti_hour.sh.out.79724879.344
20220116_13,1,416.484608547762,105011781.0,11870444.0,0.11303916462477671,/home/lhaaso/liushijie/energy/pass5_crab_v6_125d_covariance/run_gti_hour.sh.out.79724879.345
20220116_15,3,577.964916662313,105481502.0,16977785.0,0.1609550933394938,/home/lhaaso/liushijie/energy/pass5_crab_v6_125d_covariance/run_gti_hour.sh.out.79724879.346
20220116_16,1,3582.80835282058,105603191.0,104722642.0,0.99166171976754,/home/lhaaso/liushijie/energy/pass5_crab_v6_125d_covariance/run_gti_hour.sh.out.79724879.347
20220116_18,2,3516.28501054365,105273430.0,102573140.0,0.9743497480798337,/home/lhaaso/liushijie/energy/pass5_crab_v6_125d_covariance/run_gti_hour.sh.out.79724879.348
20220116_19,1,3583.2604160998,105016201.0,104101316.0,0.9912881537202055,/home/lhaaso/liushijie/energy/pass5_crab_v6_125d_covariance/run_gti_hour.sh.out.79724879.349
20220116_20,1,3568.14732856583,104418067.0,103497074.0,0.9911797543618577,/home/lhaaso/liushijie/energy/pass5_crab_v6_125d_covariance/run_gti_hour.sh.out.79724879.350
20220116_21,1,3586.08996032272,104699199.0,103795660.0,0.9913701441020576,/home/lhaaso/liushijie/energy/pass5_crab_v6_125d_covariance/run_gti_hour.sh.out.79724879.351
20220116_22,1,3582.60711359326,104246478.0,103494704.0,0.9927884949743818,/home/lhaaso/liushijie/energy/pass5_crab_v6_125d_covariance/run_gti_hour.sh.out.79724879.352
20220116_23,1,3586.00256766658,104295980.0,103407175.0,0.9914780512153968,/home/lhaaso/liushijie/energy/pass5_crab_v6_125d_covariance/run_gti_hour.sh.out.79724879.353
20220117_00,1,3567.29208589531,103833221.0,102894418.0,0.9909585488058779,/home/lhaaso/liushijie/energy/pass5_crab_v6_125d_covariance/run_gti_hour.sh.out.79724879.354
20220117_01,1,3564.79017895181,103834314.0,102884165.0,0.9908493737436355,/home/lhaaso/liushijie/energy/pass5_crab_v6_125d_covariance/run_gti_hour.sh.out.79724879.355
20220117_02,1,3584.14693814702,104437616.0,103603308.0,0.9920114223978456,/home/lhaaso/liushijie/energy/pass5_crab_v6_125d_covariance/run_gti_hour.sh.out.79724879.356
20220117_03,1,3585.90173840057,104479405.0,103574463.0,0.9913385609345688,/home/lhaaso/liushijie/energy/pass5_crab_v6_125d_covariance/run_gti_hour.sh.out.79724879.357
20220117_04,1,3585.24477656465,104529724.0,103767341.0,0.992706543451698,/home/lhaaso/liushijie/energy/pass5_crab_v6_125d_covariance/run_gti_hour.sh.out.79724879.358
20220117_05,1,3579.67794898432,104501922.0,103582225.0,0.9911992336370617,/home/lhaaso/liushijie/energy/pass5_crab_v6_125d_covariance/run_gti_hour.sh.out.79724879.359
20220117_06,2,3203.7618949078,95625545.0,94045098.0,0.9834725438689003,/home/lhaaso/liushijie/energy/pass5_crab_v6_125d_covariance/run_gti_hour.sh.out.79724879.360
20220117_07,1,3532.43814662565,105537328.0,104365455.0,0.9888961278231339,/home/lhaaso/liushijie/energy/pass5_crab_v6_125d_covariance/run_gti_hour.sh.out.79724879.361
20220117_08,1,3571.61163473502,106564849.0,105380399.0,0.9888851716948428,/home/lhaaso/liushijie/energy/pass5_crab_v6_125d_covariance/run_gti_hour.sh.out.79724879.362
20220117_09,1,1946.19645627681,57976886.0,57387573.0,0.9898353802582636,/home/lhaaso/liushijie/energy/pass5_crab_v6_125d_covariance/run_gti_hour.sh.out.79724879.363
20220117_16,1,247.0305073075,6959182.0,0.0,0.0,/home/lhaaso/liushijie/energy/pass5_crab_v6_125d_covariance/run_gti_hour.sh.out.79724879.364
20220117_17,5,2126.04604717344,65921885.0,61488540.0,0.9327485098461611,/home/lhaaso/liushijie/energy/pass5_crab_v6_125d_covariance/run_gti_hour.sh.out.79724879.365
20220117_18,2,3235.09606600273,97360539.0,95981221.0,0.9858328845118657,/home/lhaaso/liushijie/energy/pass5_crab_v6_125d_covariance/run_gti_hour.sh.out.79724879.366
20220117_19,2,2707.99251096323,81388562.0,80058526.0,0.9836581951159181,/home/lhaaso/liushijie/energy/pass5_crab_v6_125d_covariance/run_gti_hour.sh.out.79724879.367
20220117_20,1,3581.49468877818,106767415.0,105592628.0,0.9889967646027582,/home/lhaaso/liushijie/energy/pass5_crab_v6_125d_covariance/run_gti_hour.sh.out.79724879.368
20220117_21,1,3559.10101938061,105772162.0,104620155.0,0.9891085992928839,/home/lhaaso/liushijie/energy/pass5_crab_v6_125d_covariance/run_gti_hour.sh.out.79724879.369
20220117_22,1,3567.38295117393,105254131.0,104706255.0,0.9947947316196074,/home/lhaaso/liushijie/energy/pass5_crab_v6_125d_covariance/run_gti_hour.sh.out.79724879.370
20220117_23,1,3561.48535001557,105083121.0,103961976.0,0.9893308745559622,/home/lhaaso/liushijie/energy/pass5_crab_v6_125d_covariance/run_gti_hour.sh.out.79724879.371
20220118_00,1,3595.92288765125,106797939.0,105631206.0,0.9890753228861467,/home/lhaaso/liushijie/energy/pass5_crab_v6_125d_covariance/run_gti_hour.sh.out.79724879.372
20220118_01,1,3546.91755347885,105457621.0,104284926.0,0.9888799406920056,/home/lhaaso/liushijie/energy/pass5_crab_v6_125d_covariance/run_gti_hour.sh.out.79724879.373
20220118_02,1,3577.54158710595,105918658.0,105331779.0,0.9944591537404108,/home/lhaaso/liushijie/energy/pass5_crab_v6_125d_covariance/run_gti_hour.sh.out.79724879.374
20220118_03,1,3529.59161081817,105872012.0,104194751.0,0.9841576544327881,/home/lhaaso/liushijie/energy/pass5_crab_v6_125d_covariance/run_gti_hour.sh.out.79724879.375
20220118_04,1,3559.99138809275,106462748.0,105362140.0,0.9896620365275561,/home/lhaaso/liushijie/energy/pass5_crab_v6_125d_covariance/run_gti_hour.sh.out.79724879.376
20220118_05,1,3590.23298565298,107652322.0,106499005.0,0.9892866500362156,/home/lhaaso/liushijie/energy/pass5_crab_v6_125d_covariance/run_gti_hour.sh.out.79724879.377
20220118_06,1,3544.43457748275,106404042.0,105219095.0,0.9888637031288717,/home/lhaaso/liushijie/energy/pass5_crab_v6_125d_covariance/run_gti_hour.sh.out.79724879.378
20220118_07,1,3549.44007864688,106373699.0,105190988.0,0.9888815467439935,/home/lhaaso/liushijie/energy/pass5_crab_v6_125d_covariance/run_gti_hour.sh.out.79724879.379
20220118_08,1,3586.34771578945,107322466.0,106143767.0,0.989017220308747,/home/lhaaso/liushijie/energy/pass5_crab_v6_125d_covariance/run_gti_hour.sh.out.79724879.380
20220118_09,2,3486.52700081002,106714941.0,103169186.0,0.9667735842162908,/home/lhaaso/liushijie/energy/pass5_crab_v6_125d_covariance/run_gti_hour.sh.out.79724879.381
20220118_10,1,3529.95316400193,105392681.0,104210882.0,0.9887867071148897,/home/lhaaso/liushijie/energy/pass5_crab_v6_125d_covariance/run_gti_hour.sh.out.79724879.382
20220118_11,1,3575.07809086237,106612548.0,105424184.0,0.988853432149469,/home/lhaaso/liushijie/energy/pass5_crab_v6_125d_covariance/run_gti_hour.sh.out.79724879.383
20220118_12,1,3517.07694386132,106366232.0,103994088.0,0.9776983356898457,/home/lhaaso/liushijie/energy/pass5_crab_v6_125d_covariance/run_gti_hour.sh.out.79724879.384
20220118_13,1,0.286631542257965,5390825.0,8793.0,0.0016311047010429758,/home/lhaaso/liushijie/energy/pass5_crab_v6_125d_covariance/run_gti_hour.sh.out.79724879.385
20220118_15,1,1163.51971307304,105465814.0,34162826.0,0.3239232193286822,/home/lhaaso/liushijie/energy/pass5_crab_v6_125d_covariance/run_gti_hour.sh.out.79724879.386
20220118_16,1,3560.86624001618,105336485.0,104151571.0,0.9887511530311649,/home/lhaaso/liushijie/energy/pass5_crab_v6_125d_covariance/run_gti_hour.sh.out.79724879.387
20220118_17,1,3574.8081070371,106239623.0,105030488.0,0.9886187943268586,/home/lhaaso/liushijie/energy/pass5_crab_v6_125d_covariance/run_gti_hour.sh.out.79724879.388
20220118_18,1,3559.86332288012,105578776.0,104362476.0,0.9884796921684336,/home/lhaaso/liushijie/energy/pass5_crab_v6_125d_covariance/run_gti_hour.sh.out.79724879.389
20220118_19,1,3568.94513403531,105614892.0,104416936.0,0.9886573192727405,/home/lhaaso/liushijie/energy/pass5_crab_v6_125d_covariance/run_gti_hour.sh.out.79724879.390
20220118_20,1,3537.83955504186,104506362.0,103307737.0,0.988530602567526,/home/lhaaso/liushijie/energy/pass5_crab_v6_125d_covariance/run_gti_hour.sh.out.79724879.391
20220118_21,1,3590.06544419099,105830183.0,104678162.0,0.989114438174977,/home/lhaaso/liushijie/energy/pass5_crab_v6_125d_covariance/run_gti_hour.sh.out.79724879.392
20220118_22,1,3563.61837945879,104826846.0,103721956.0,0.9894598564951578,/home/lhaaso/liushijie/energy/pass5_crab_v6_125d_covariance/run_gti_hour.sh.out.79724879.393
20220118_23,1,3564.44018336479,104226577.0,103645076.0,0.9944207992170749,/home/lhaaso/liushijie/energy/pass5_crab_v6_125d_covariance/run_gti_hour.sh.out.79724879.394
20220119_00,1,3584.36538709793,105034723.0,103856055.0,0.9887783014384681,/home/lhaaso/liushijie/energy/pass5_crab_v6_125d_covariance/run_gti_hour.sh.out.79724879.395
20220119_01,1,3537.69170707092,104388887.0,103200680.0,0.9886174952703538,/home/lhaaso/liushijie/energy/pass5_crab_v6_125d_covariance/run_gti_hour.sh.out.79724879.396
20220119_02,1,3577.81194937415,105710518.0,104547219.0,0.988995428061378,/home/lhaaso/liushijie/energy/pass5_crab_v6_125d_covariance/run_gti_hour.sh.out.79724879.397
20220119_03,1,3566.07904052362,105579865.0,104468855.0,0.9894770655370699,/home/lhaaso/liushijie/energy/pass5_crab_v6_125d_covariance/run_gti_hour.sh.out.79724879.398
20220119_04,1,3549.31395782623,105455748.0,104340944.0,0.9894287033078557,/home/lhaaso/liushijie/energy/pass5_crab_v6_125d_covariance/run_gti_hour.sh.out.79724879.399
20220119_05,1,3572.83437252045,106517291.0,105372036.0,0.9892481775564494,/home/lhaaso/liushijie/energy/pass5_crab_v6_125d_covariance/run_gti_hour.sh.out.79724879.400
20220119_06,1,3575.87678774726,106759179.0,105609902.0,0.9892348647604343,/home/lhaaso/liushijie/energy/pass5_crab_v6_125d_covariance/run_gti_hour.sh.out.79724879.401
20220119_07,1,3548.2143673813,105791231.0,104649106.0,0.9892039728699253,/home/lhaaso/liushijie/energy/pass5_crab_v6_125d_covariance/run_gti_hour.sh.out.79724879.402
20220119_08,1,3578.945169691,106139698.0,105478996.0,0.9937751660081038,/home/lhaaso/liushijie/energy/pass5_crab_v6_125d_covariance/run_gti_hour.sh.out.79724879.403
20220119_09,1,3572.99984071869,105966309.0,104788873.0,0.9888885815585027,/home/lhaaso/liushijie/energy/pass5_crab_v6_125d_covariance/run_gti_hour.sh.out.79724879.404
20220119_10,1,3573.94770886749,106341322.0,105186703.0,0.989142329827346,/home/lhaaso/liushijie/energy/pass5_crab_v6_125d_covariance/run_gti_hour.sh.out.79724879.405
20220119_11,1,3572.87440637592,106154706.0,105019287.0,0.989304110549748,/home/lhaaso/liushijie/energy/pass5_crab_v6_125d_covariance/run_gti_hour.sh.out.79724879.406
20220119_12,1,3307.46169139165,106131740.0,97532405.0,0.9189748985553238,/home/lhaaso/liushijie/energy/pass5_crab_v6_125d_covariance/run_gti_hour.sh.out.79724879.407
20220119_15,1,1352.27233101614,107385927.0,40344245.0,0.37569396779524006,/home/lhaaso/liushijie/energy/pass5_crab_v6_125d_covariance/run_gti_hour.sh.out.79724879.408
20220119_16,1,3557.81763202976,107370766.0,106204605.0,0.9891389337764434,/home/lhaaso/liushijie/energy/pass5_crab_v6_125d_covariance/run_gti_hour.sh.out.79724879.409
20220119_17,1,3562.75744254235,107423336.0,106258514.0,0.989156713584095,/home/lhaaso/liushijie/energy/pass5_crab_v6_125d_covariance/run_gti_hour.sh.out.79724879.410
20220119_18,1,3573.13581111375,107670672.0,106472041.0,0.9888676184727444,/home/lhaaso/liushijie/energy/pass5_crab_v6_125d_covariance/run_gti_hour.sh.out.79724879.411
20220119_19,1,3579.03481728863,107744739.0,106543143.0,0.9888477524642758,/home/lhaaso/liushijie/energy/pass5_crab_v6_125d_covariance/run_gti_hour.sh.out.79724879.412
20220119_20,1,3546.18535945192,106604088.0,105420141.0,0.9888939812514507,/home/lhaaso/liushijie/energy/pass5_crab_v6_125d_covariance/run_gti_hour.sh.out.79724879.413
20220119_21,1,3550.99920819048,106671709.0,105516828.0,0.9891735024138406,/home/lhaaso/liushijie/energy/pass5_crab_v6_125d_covariance/run_gti_hour.sh.out.79724879.414
20220119_22,1,3559.57392971031,106789430.0,105696409.0,0.9897647079865488,/home/lhaaso/liushijie/energy/pass5_crab_v6_125d_covariance/run_gti_hour.sh.out.79724879.415
20220119_23,1,3554.05821392778,106717182.0,105574722.0,0.9892945074205577,/home/lhaaso/liushijie/energy/pass5_crab_v6_125d_covariance/run_gti_hour.sh.out.79724879.416
20220120_00,1,3586.53177546803,107733725.0,106558204.0,0.9890886442476579,/home/lhaaso/liushijie/energy/pass5_crab_v6_125d_covariance/run_gti_hour.sh.out.79724879.417
20220120_01,1,3570.81545367837,107551480.0,106379444.0,0.9891025581423891,/home/lhaaso/liushijie/energy/pass5_crab_v6_125d_covariance/run_gti_hour.sh.out.79724879.418
20220120_02,1,3561.1903487239,107519616.0,106366338.0,0.9892737898171065,/home/lhaaso/liushijie/energy/pass5_crab_v6_125d_covariance/run_gti_hour.sh.out.79724879.419
20220120_03,1,3556.29644610453,107582048.0,106495544.0,0.9899006942124768,/home/lhaaso/liushijie/energy/pass5_crab_v6_125d_covariance/run_gti_hour.sh.out.79724879.420
20220120_04,1,3541.63697459735,107482743.0,106406203.0,0.98998406655848,/home/lhaaso/liushijie/energy/pass5_crab_v6_125d_covariance/run_gti_hour.sh.out.79724879.421
20220120_05,1,3579.59714953322,108719468.0,107593030.0,0.9896390405442381,/home/lhaaso/liushijie/energy/pass5_crab_v6_125d_covariance/run_gti_hour.sh.out.79724879.422
20220120_06,1,3568.83617390413,108649756.0,107507396.0,0.9894858484541834,/home/lhaaso/liushijie/energy/pass5_crab_v6_125d_covariance/run_gti_hour.sh.out.79724879.423
20220120_07,1,3576.95880699903,108710502.0,107553706.0,0.9893589305658804,/home/lhaaso/liushijie/energy/pass5_crab_v6_125d_covariance/run_gti_hour.sh.out.79724879.424
20220120_08,1,3544.37127190176,107540140.0,106364694.0,0.9890696999278595,/home/lhaaso/liushijie/energy/pass5_crab_v6_125d_covariance/run_gti_hour.sh.out.79724879.425
20220120_09,1,3575.61337386724,108458123.0,107305737.0,0.9893748299516487,/home/lhaaso/liushijie/energy/pass5_crab_v6_125d_covariance/run_gti_hour.sh.out.79724879.426
20220120_12,1,3080.06585554685,108089788.0,92264468.0,0.8535909793809568,/home/lhaaso/liushijie/energy/pass5_crab_v6_125d_covariance/run_gti_hour.sh.out.79724879.427
20220120_15,1,1635.50734485034,109838347.0,49464995.0,0.4503435853782468,/home/lhaaso/liushijie/energy/pass5_crab_v6_125d_covariance/run_gti_hour.sh.out.79724879.428
20220120_16,1,3555.59230274521,108626984.0,107481753.0,0.9894572144247327,/home/lhaaso/liushijie/energy/pass5_crab_v6_125d_covariance/run_gti_hour.sh.out.79724879.429
20220120_17,2,3478.45206849743,108767883.0,105201363.0,0.967209805857856,/home/lhaaso/liushijie/energy/pass5_crab_v6_125d_covariance/run_gti_hour.sh.out.79724879.430
20220120_18,1,3578.20926164277,108562987.0,107895304.0,0.9938498099725277,/home/lhaaso/liushijie/energy/pass5_crab_v6_125d_covariance/run_gti_hour.sh.out.79724879.431
20220120_19,1,3593.26356605161,108796669.0,107664506.0,0.9895937714784264,/home/lhaaso/liushijie/energy/pass5_crab_v6_125d_covariance/run_gti_hour.sh.out.79724879.432
20220120_20,1,3562.76159032714,107675540.0,107004358.0,0.9937666251778259,/home/lhaaso/liushijie/energy/pass5_crab_v6_125d_covariance/run_gti_hour.sh.out.79724879.433
20220120_21,2,3496.57721158583,107762281.0,104536839.0,0.9700689149295197,/home/lhaaso/liushijie/energy/pass5_crab_v6_125d_covariance/run_gti_hour.sh.out.79724879.434
20220120_22,1,3587.59526170325,108419620.0,107444196.0,0.9910032519944268,/home/lhaaso/liushijie/energy/pass5_crab_v6_125d_covariance/run_gti_hour.sh.out.79724879.435
20220121_00,1,3575.56157810614,107597124.0,106511713.0,0.9899122675435079,/home/lhaaso/liushijie/energy/pass5_crab_v6_125d_covariance/run_gti_hour.sh.out.79724879.436
20220121_01,1,3589.47550698649,108437997.0,107350005.0,0.989966690365924,/home/lhaaso/liushijie/energy/pass5_crab_v6_125d_covariance/run_gti_hour.sh.out.79724879.437
20220121_02,1,3555.67963505164,107369060.0,106302548.0,0.9900668591119267,/home/lhaaso/liushijie/energy/pass5_crab_v6_125d_covariance/run_gti_hour.sh.out.79724879.438
20220121_03,1,3557.71020390093,107436597.0,106415765.0,0.9904982843043698,/home/lhaaso/liushijie/energy/pass5_crab_v6_125d_covariance/run_gti_hour.sh.out.79724879.439
20220121_04,1,3588.10545620508,107996948.0,107362233.0,0.9941228431751609,/home/lhaaso/liushijie/energy/pass5_crab_v6_125d_covariance/run_gti_hour.sh.out.79724879.440
20220121_05,1,3581.44957046025,107958645.0,106909292.0,0.9902800465863573,/home/lhaaso/liushijie/energy/pass5_crab_v6_125d_covariance/run_gti_hour.sh.out.79724879.441
20220121_06,1,3582.91017974261,108443097.0,107359631.0,0.9900088983994989,/home/lhaaso/liushijie/energy/pass5_crab_v6_125d_covariance/run_gti_hour.sh.out.79724879.442
20220121_07,1,3547.41541275289,107283455.0,106197540.0,0.989878075794632,/home/lhaaso/liushijie/energy/pass5_crab_v6_125d_covariance/run_gti_hour.sh.out.79724879.443
20220121_08,3,3412.50827950425,107488860.0,102017302.0,0.9490965110244913,/home/lhaaso/liushijie/energy/pass5_crab_v6_125d_covariance/run_gti_hour.sh.out.79724879.444
20220121_09,1,3595.92681792565,108050029.0,107330495.0,0.9933407329302985,/home/lhaaso/liushijie/energy/pass5_crab_v6_125d_covariance/run_gti_hour.sh.out.79724879.445
20220121_10,1,3595.54610874038,107816849.0,106716021.0,0.9897898333126022,/home/lhaaso/liushijie/energy/pass5_crab_v6_125d_covariance/run_gti_hour.sh.out.79724879.446
20220121_11,1,3560.18541364465,106644434.0,105918765.0,0.9931954348409782,/home/lhaaso/liushijie/energy/pass5_crab_v6_125d_covariance/run_gti_hour.sh.out.79724879.447
20220121_12,1,2899.98315135017,107764759.0,86012059.0,0.7981464422891718,/home/lhaaso/liushijie/energy/pass5_crab_v6_125d_covariance/run_gti_hour.sh.out.79724879.448
20220121_15,1,1855.36319632083,108634637.0,55870654.0,0.514298713033855,/home/lhaaso/liushijie/energy/pass5_crab_v6_125d_covariance/run_gti_hour.sh.out.79724879.449
20220121_16,1,3557.59171983227,108143385.0,107081299.0,0.9901789092324047,/home/lhaaso/liushijie/energy/pass5_crab_v6_125d_covariance/run_gti_hour.sh.out.79724879.450
20220121_17,1,3592.37018362619,109200276.0,108146877.0,0.9903535133922189,/home/lhaaso/liushijie/energy/pass5_crab_v6_125d_covariance/run_gti_hour.sh.out.79724879.451
20220121_18,1,3568.23046091013,108243114.0,107194757.0,0.9903147926804841,/home/lhaaso/liushijie/energy/pass5_crab_v6_125d_covariance/run_gti_hour.sh.out.79724879.452
20220121_19,1,3564.38782496843,107645621.0,106893446.0,0.9930124886362075,/home/lhaaso/liushijie/energy/pass5_crab_v6_125d_covariance/run_gti_hour.sh.out.79724879.453
20220121_20,1,3570.50949011464,107686518.0,106679989.0,0.9906531567860705,/home/lhaaso/liushijie/energy/pass5_crab_v6_125d_covariance/run_gti_hour.sh.out.79724879.454
20220121_21,1,3580.69642377086,108558311.0,107236966.0,0.9878282465172105,/home/lhaaso/liushijie/energy/pass5_crab_v6_125d_covariance/run_gti_hour.sh.out.79724879.455
20220121_22,1,3567.66994167119,107493035.0,106583156.0,0.9915354608789304,/home/lhaaso/liushijie/energy/pass5_crab_v6_125d_covariance/run_gti_hour.sh.out.79724879.456
20220121_23,1,3572.80724407174,107566318.0,106595296.0,0.990972806190131,/home/lhaaso/liushijie/energy/pass5_crab_v6_125d_covariance/run_gti_hour.sh.out.79724879.457
20220122_00,1,3589.65722559951,108094603.0,107323415.0,0.9928656197571677,/home/lhaaso/liushijie/energy/pass5_crab_v6_125d_covariance/run_gti_hour.sh.out.79724879.458
20220122_01,1,3577.09395952988,108110409.0,106734112.0,0.9872695236959098,/home/lhaaso/liushijie/energy/pass5_crab_v6_125d_covariance/run_gti_hour.sh.out.79724879.459
20220122_02,1,3566.79855922703,107675559.0,106673880.0,0.9906972482028163,/home/lhaaso/liushijie/energy/pass5_crab_v6_125d_covariance/run_gti_hour.sh.out.79724879.460
20220122_03,1,3573.33219030406,107757258.0,106835274.0,0.9914438802813635,/home/lhaaso/liushijie/energy/pass5_crab_v6_125d_covariance/run_gti_hour.sh.out.79724879.461
20220122_04,1,3563.41688311659,107667067.0,106742267.0,0.9914105582536209,/home/lhaaso/liushijie/energy/pass5_crab_v6_125d_covariance/run_gti_hour.sh.out.79724879.462
20220122_05,1,3591.59354455769,108805456.0,107833054.0,0.9910629297854329,/home/lhaaso/liushijie/energy/pass5_crab_v6_125d_covariance/run_gti_hour.sh.out.79724879.463
20220122_06,1,3576.4911665814,108623670.0,107628666.0,0.9908398970500628,/home/lhaaso/liushijie/energy/pass5_crab_v6_125d_covariance/run_gti_hour.sh.out.79724879.464
20220122_07,1,3570.15395115595,108542279.0,107518000.0,0.9905633177280164,/home/lhaaso/liushijie/energy/pass5_crab_v6_125d_covariance/run_gti_hour.sh.out.79724879.465
20220122_08,1,3568.34638263099,108021847.0,107215321.0,0.9925336770070224,/home/lhaaso/liushijie/energy/pass5_crab_v6_125d_covariance/run_gti_hour.sh.out.79724879.466
20220122_09,1,3570.74506958015,107854937.0,106840622.0,0.9905955626305729,/home/lhaaso/liushijie/energy/pass5_crab_v6_125d_covariance/run_gti_hour.sh.out.79724879.467
20220122_10,1,3585.21248947363,108250588.0,107243974.0,0.99070107591471,/home/lhaaso/liushijie/energy/pass5_crab_v6_125d_covariance/run_gti_hour.sh.out.79724879.468
20220122_11,1,3577.45359032415,107872996.0,106874921.0,0.990747684434388,/home/lhaaso/liushijie/energy/pass5_crab_v6_125d_covariance/run_gti_hour.sh.out.79724879.469
20220122_12,2,2553.93328196369,108098136.0,76321750.0,0.7060413141629011,/home/lhaaso/liushijie/energy/pass5_crab_v6_125d_covariance/run_gti_hour.sh.out.79724879.470
20220122_15,1,2091.93510767072,108840652.0,63233208.0,0.5809704998827092,/home/lhaaso/liushijie/energy/pass5_crab_v6_125d_covariance/run_gti_hour.sh.out.79724879.471
20220122_16,1,3544.73445829935,108467573.0,106823146.0,0.9848394598079557,/home/lhaaso/liushijie/energy/pass5_crab_v6_125d_covariance/run_gti_hour.sh.out.79724879.472
20220122_17,1,3575.4220866831,108444110.0,107414909.0,0.9905093877389929,/home/lhaaso/liushijie/energy/pass5_crab_v6_125d_covariance/run_gti_hour.sh.out.79724879.473
20220122_18,1,3585.60334998183,108713201.0,107957371.0,0.9930474864777462,/home/lhaaso/liushijie/energy/pass5_crab_v6_125d_covariance/run_gti_hour.sh.out.79724879.474
20220122_19,1,3588.83350433316,108287631.0,107537564.0,0.993073382499244,/home/lhaaso/liushijie/energy/pass5_crab_v6_125d_covariance/run_gti_hour.sh.out.79724879.475
20220122_20,1,3570.90342154261,107780869.0,106753551.0,0.9904684568835681,/home/lhaaso/liushijie/energy/pass5_crab_v6_125d_covariance/run_gti_hour.sh.out.79724879.476
20220122_21,1,3592.03057195991,108563935.0,107575723.0,0.9908974191106835,/home/lhaaso/liushijie/energy/pass5_crab_v6_125d_covariance/run_gti_hour.sh.out.79724879.477
20220122_22,1,3569.73525811918,107581091.0,106618865.0,0.991055807381615,/home/lhaaso/liushijie/energy/pass5_crab_v6_125d_covariance/run_gti_hour.sh.out.79724879.478
20220122_23,1,3575.08644552436,107647518.0,106636116.0,0.9906045023722702,/home/lhaaso/liushijie/energy/pass5_crab_v6_125d_covariance/run_gti_hour.sh.out.79724879.479
20220123_00,1,3572.31984918471,107118487.0,106385999.0,0.9931618899732966,/home/lhaaso/liushijie/energy/pass5_crab_v6_125d_covariance/run_gti_hour.sh.out.79724879.480
20220123_01,1,3565.46580393333,107129755.0,106108816.0,0.9904700706167021,/home/lhaaso/liushijie/energy/pass5_crab_v6_125d_covariance/run_gti_hour.sh.out.79724879.481
20220123_02,1,3572.09148779511,107591780.0,106603227.0,0.9908120025526114,/home/lhaaso/liushijie/energy/pass5_crab_v6_125d_covariance/run_gti_hour.sh.out.79724879.482
20220123_03,1,3576.99386388995,107681377.0,106751948.0,0.9913687117875545,/home/lhaaso/liushijie/energy/pass5_crab_v6_125d_covariance/run_gti_hour.sh.out.79724879.483
20220123_04,1,3591.70123671647,108053656.0,107323664.0,0.9932441712106437,/home/lhaaso/liushijie/energy/pass5_crab_v6_125d_covariance/run_gti_hour.sh.out.79724879.484
20220123_05,1,3571.4423764497,107787956.0,106789820.0,0.9907398188346758,/home/lhaaso/liushijie/energy/pass5_crab_v6_125d_covariance/run_gti_hour.sh.out.79724879.485
20220123_06,1,3590.23478419986,108509944.0,107485186.0,0.9905560913385044,/home/lhaaso/liushijie/energy/pass5_crab_v6_125d_covariance/run_gti_hour.sh.out.79724879.486
20220123_07,1,3562.05013208091,107402696.0,106377237.0,0.9904522042910356,/home/lhaaso/liushijie/energy/pass5_crab_v6_125d_covariance/run_gti_hour.sh.out.79724879.487
20220123_08,1,3567.10891574621,107349712.0,106333955.0,0.9905378693517128,/home/lhaaso/liushijie/energy/pass5_crab_v6_125d_covariance/run_gti_hour.sh.out.79724879.488
20220123_09,1,3574.53756057657,107341551.0,106335038.0,0.9906232675918759,/home/lhaaso/liushijie/energy/pass5_crab_v6_125d_covariance/run_gti_hour.sh.out.79724879.489
20220123_10,2,3514.37131769489,107186368.0,104150279.0,0.9716746722866848,/home/lhaaso/liushijie/energy/pass5_crab_v6_125d_covariance/run_gti_hour.sh.out.79724879.490
20220123_11,1,3572.76667146944,106466877.0,105676690.0,0.9925780954390162,/home/lhaaso/liushijie/energy/pass5_crab_v6_125d_covariance/run_gti_hour.sh.out.79724879.491
20220123_12,1,2376.44740662072,106871610.0,70054874.0,0.6555049933279755,/home/lhaaso/liushijie/energy/pass5_crab_v6_125d_covariance/run_gti_hour.sh.out.79724879.492
20220123_15,1,2336.96356010623,107674404.0,70128233.0,0.651299012530406,/home/lhaaso/liushijie/energy/pass5_crab_v6_125d_covariance/run_gti_hour.sh.out.79724879.493
20220123_16,1,3554.93789948523,107642543.0,106576303.0,0.9900946227180828,/home/lhaaso/liushijie/energy/pass5_crab_v6_125d_covariance/run_gti_hour.sh.out.79724879.494
20220123_17,1,3573.95730447024,108009300.0,106961085.0,0.9902951412517256,/home/lhaaso/liushijie/energy/pass5_crab_v6_125d_covariance/run_gti_hour.sh.out.79724879.495
20220123_18,1,3584.06140061561,107813746.0,107047903.0,0.9928966107902419,/home/lhaaso/liushijie/energy/pass5_crab_v6_125d_covariance/run_gti_hour.sh.out.79724879.496
20220123_19,1,3592.89470803924,107448973.0,106651763.0,0.992580571244734,/home/lhaaso/liushijie/energy/pass5_crab_v6_125d_covariance/run_gti_hour.sh.out.79724879.497
20220123_20,1,3589.22289570328,106977438.0,106007967.0,0.9909376124711455,/home/lhaaso/liushijie/energy/pass5_crab_v6_125d_covariance/run_gti_hour.sh.out.79724879.498
20220123_21,1,3572.28645945434,106000877.0,105245165.0,0.9928707004942987,/home/lhaaso/liushijie/energy/pass5_crab_v6_125d_covariance/run_gti_hour.sh.out.79724879.499
20220123_22,1,3570.40416793898,106236661.0,105339631.0,0.9915563046545675,/home/lhaaso/liushijie/energy/pass5_crab_v6_125d_covariance/run_gti_hour.sh.out.79724879.500
20220123_23,1,3586.75486191642,106841935.0,105875502.0,0.9909545535655078,/home/lhaaso/liushijie/energy/pass5_crab_v6_125d_covariance/run_gti_hour.sh.out.79724879.501
20220124_00,1,3576.74188879319,106271282.0,105463055.0,0.9923946810014017,/home/lhaaso/liushijie/energy/pass5_crab_v6_125d_covariance/run_gti_hour.sh.out.79724879.502
20220124_01,1,3573.37981690653,106307145.0,105334195.0,0.9908477459346688,/home/lhaaso/liushijie/energy/pass5_crab_v6_125d_covariance/run_gti_hour.sh.out.79724879.503
20220124_02,1,3581.3496659277,106838976.0,105882023.0,0.9910430347067347,/home/lhaaso/liushijie/energy/pass5_crab_v6_125d_covariance/run_gti_hour.sh.out.79724879.504
20220124_03,1,3571.87238757033,106728932.0,105824069.0,0.9915218583841915,/home/lhaaso/liushijie/energy/pass5_crab_v6_125d_covariance/run_gti_hour.sh.out.79724879.505
20220124_04,1,3588.25757768936,107235687.0,106473764.0,0.9928948746325466,/home/lhaaso/liushijie/energy/pass5_crab_v6_125d_covariance/run_gti_hour.sh.out.79724879.506
20220124_05,2,3517.67832236364,107193877.0,104240301.0,0.9724464112814951,/home/lhaaso/liushijie/energy/pass5_crab_v6_125d_covariance/run_gti_hour.sh.out.79724879.507
20220124_06,1,3582.56730290595,107161197.0,106360044.0,0.9925238517072555,/home/lhaaso/liushijie/energy/pass5_crab_v6_125d_covariance/run_gti_hour.sh.out.79724879.508
20220124_07,1,3585.14735768549,107164212.0,106169815.0,0.9907208107870937,/home/lhaaso/liushijie/energy/pass5_crab_v6_125d_covariance/run_gti_hour.sh.out.79724879.509
20220124_08,1,3558.9157206472,106461698.0,105458432.0,0.9905762727924929,/home/lhaaso/liushijie/energy/pass5_crab_v6_125d_covariance/run_gti_hour.sh.out.79724879.510
20220124_09,1,3587.54811161198,107009888.0,106191437.0,0.9923516320286215,/home/lhaaso/liushijie/energy/pass5_crab_v6_125d_covariance/run_gti_hour.sh.out.79724879.511
20220124_10,1,3579.4384656474,106641602.0,105659868.0,0.990794080531536,/home/lhaaso/liushijie/energy/pass5_crab_v6_125d_covariance/run_gti_hour.sh.out.79724879.512
20220124_11,1,3570.09419677779,106063986.0,105064602.0,0.9905775368464843,/home/lhaaso/liushijie/energy/pass5_crab_v6_125d_covariance/run_gti_hour.sh.out.79724879.513
20220124_12,2,2168.10208666138,105959764.0,63633512.0,0.6005441084221366,/home/lhaaso/liushijie/energy/pass5_crab_v6_125d_covariance/run_gti_hour.sh.out.79724879.514
20220124_15,1,1177.33377953991,61623954.0,35157987.0,0.5705246859037965,/home/lhaaso/liushijie/energy/pass5_crab_v6_125d_covariance/run_gti_hour.sh.out.79724879.515
20220124_16,1,3537.85545467399,106728581.0,105528852.0,0.9887590653903663,/home/lhaaso/liushijie/energy/pass5_crab_v6_125d_covariance/run_gti_hour.sh.out.79724879.516
20220124_17,2,3512.84121761564,108125547.0,104532810.0,0.9667725426628362,/home/lhaaso/liushijie/energy/pass5_crab_v6_125d_covariance/run_gti_hour.sh.out.79724879.517
20220124_18,2,3443.36436213925,105953723.0,102335003.0,0.9658462213734575,/home/lhaaso/liushijie/energy/pass5_crab_v6_125d_covariance/run_gti_hour.sh.out.79724879.518
20220124_19,1,3581.18735037278,107492202.0,106291384.0,0.9888287896455968,/home/lhaaso/liushijie/energy/pass5_crab_v6_125d_covariance/run_gti_hour.sh.out.79724879.519
20220124_20,1,3548.66111925803,106330686.0,105165348.0,0.9890404356085881,/home/lhaaso/liushijie/energy/pass5_crab_v6_125d_covariance/run_gti_hour.sh.out.79724879.520
20220124_21,1,3561.95099763572,106449904.0,105336795.0,0.9895433536511221,/home/lhaaso/liushijie/energy/pass5_crab_v6_125d_covariance/run_gti_hour.sh.out.79724879.521
20220124_22,1,3575.03117211163,106721848.0,105637338.0,0.9898379758191593,/home/lhaaso/liushijie/energy/pass5_crab_v6_125d_covariance/run_gti_hour.sh.out.79724879.522
20220124_23,1,3578.05240270682,106764466.0,105616156.0,0.9892444551729411,/home/lhaaso/liushijie/energy/pass5_crab_v6_125d_covariance/run_gti_hour.sh.out.79724879.523
20220125_00,1,3531.37421971187,105445410.0,104295166.0,0.9890915688032319,/home/lhaaso/liushijie/energy/pass5_crab_v6_125d_covariance/run_gti_hour.sh.out.79724879.524
20220125_01,2,3505.50595640671,106862498.0,103419336.0,0.9677795104508974,/home/lhaaso/liushijie/energy/pass5_crab_v6_125d_covariance/run_gti_hour.sh.out.79724879.525
20220125_02,2,3465.46692405827,105672755.0,102295262.0,0.9680381854338898,/home/lhaaso/liushijie/energy/pass5_crab_v6_125d_covariance/run_gti_hour.sh.out.79724879.526
20220125_03,1,3578.35592776537,106827406.0,105774340.0,0.9901423610342087,/home/lhaaso/liushijie/energy/pass5_crab_v6_125d_covariance/run_gti_hour.sh.out.79724879.527
20220125_04,1,3577.90859125089,106916607.0,105829208.0,0.9898294658752125,/home/lhaaso/liushijie/energy/pass5_crab_v6_125d_covariance/run_gti_hour.sh.out.79724879.528
20220125_05,1,3563.77779634204,106724758.0,105605466.0,0.989512349140206,/home/lhaaso/liushijie/energy/pass5_crab_v6_125d_covariance/run_gti_hour.sh.out.79724879.529
20220125_06,1,3564.1673442442,106683961.0,105552560.0,0.9893948350867849,/home/lhaaso/liushijie/energy/pass5_crab_v6_125d_covariance/run_gti_hour.sh.out.79724879.530
20220125_07,1,3571.53659490868,106800035.0,105652317.0,0.989253580300793,/home/lhaaso/liushijie/energy/pass5_crab_v6_125d_covariance/run_gti_hour.sh.out.79724879.531
20220125_08,1,3533.07090445887,105526760.0,104385046.0,0.9891808106304031,/home/lhaaso/liushijie/energy/pass5_crab_v6_125d_covariance/run_gti_hour.sh.out.79724879.532
20220125_09,1,3565.46887296718,106483699.0,105343025.0,0.9892878063899715,/home/lhaaso/liushijie/energy/pass5_crab_v6_125d_covariance/run_gti_hour.sh.out.79724879.533
20220125_10,1,3565.18951733597,106329786.0,105196573.0,0.989342468910828,/home/lhaaso/liushijie/energy/pass5_crab_v6_125d_covariance/run_gti_hour.sh.out.79724879.534
20220125_11,1,3565.45727262273,106240391.0,105098972.0,0.989256261302728,/home/lhaaso/liushijie/energy/pass5_crab_v6_125d_covariance/run_gti_hour.sh.out.79724879.535
20220125_12,1,1859.39744382631,107101307.0,54912206.0,0.5127127533560352,/home/lhaaso/liushijie/energy/pass5_crab_v6_125d_covariance/run_gti_hour.sh.out.79724879.536
20220125_15,2,2743.59985340852,107649632.0,82382309.0,0.7652818450879609,/home/lhaaso/liushijie/energy/pass5_crab_v6_125d_covariance/run_gti_hour.sh.out.79724879.537
20220125_16,1,3562.09367124829,107809415.0,106657419.0,0.9893145139503818,/home/lhaaso/liushijie/energy/pass5_crab_v6_125d_covariance/run_gti_hour.sh.out.79724879.538
20220125_17,1,3568.75564099755,108003764.0,106857729.0,0.989388934630093,/home/lhaaso/liushijie/energy/pass5_crab_v6_125d_covariance/run_gti_hour.sh.out.79724879.539
20220125_18,1,3545.35673414357,107065772.0,105897673.0,0.9890898932667296,/home/lhaaso/liushijie/energy/pass5_crab_v6_125d_covariance/run_gti_hour.sh.out.79724879.540
20220125_19,1,3568.95702732727,107471187.0,106304990.0,0.9891487473754245,/home/lhaaso/liushijie/energy/pass5_crab_v6_125d_covariance/run_gti_hour.sh.out.79724879.541
20220125_20,1,3510.18660832196,106563797.0,104174109.0,0.9775750483065089,/home/lhaaso/liushijie/energy/pass5_crab_v6_125d_covariance/run_gti_hour.sh.out.79724879.542
20220125_21,1,3577.20944057219,106834003.0,105752538.0,0.9898771461367033,/home/lhaaso/liushijie/energy/pass5_crab_v6_125d_covariance/run_gti_hour.sh.out.79724879.543
20220125_22,1,3589.59827965591,106354655.0,105791665.0,0.9947064846385897,/home/lhaaso/liushijie/energy/pass5_crab_v6_125d_covariance/run_gti_hour.sh.out.79724879.544
20220125_23,2,3509.81219939422,106392596.0,102991801.0,0.9680354166750476,/home/lhaaso/liushijie/energy/pass5_crab_v6_125d_covariance/run_gti_hour.sh.out.79724879.545
20220126_00,1,3554.33632547501,105863089.0,104695076.0,0.9889667587538467,/home/lhaaso/liushijie/energy/pass5_crab_v6_125d_covariance/run_gti_hour.sh.out.79724879.546
20220126_01,1,3548.86009474285,105803422.0,104587046.0,0.9885034342272975,/home/lhaaso/liushijie/energy/pass5_crab_v6_125d_covariance/run_gti_hour.sh.out.79724879.547
20220126_02,1,3579.3310042005,106893943.0,105726134.0,0.9890750685471487,/home/lhaaso/liushijie/energy/pass5_crab_v6_125d_covariance/run_gti_hour.sh.out.79724879.548
20220126_03,1,3541.22851083521,105771496.0,104643820.0,0.98933856433306,/home/lhaaso/liushijie/energy/pass5_crab_v6_125d_covariance/run_gti_hour.sh.out.79724879.549
20220126_04,1,3571.06646443717,106887835.0,105731803.0,0.9891846251727336,/home/lhaaso/liushijie/energy/pass5_crab_v6_125d_covariance/run_gti_hour.sh.out.79724879.550
20220126_05,1,3569.79642317165,106985724.0,105802646.0,0.9889417208598784,/home/lhaaso/liushijie/energy/pass5_crab_v6_125d_covariance/run_gti_hour.sh.out.79724879.551
20220126_06,1,3569.03611624148,106919646.0,105735689.0,0.9889266655447027,/home/lhaaso/liushijie/energy/pass5_crab_v6_125d_covariance/run_gti_hour.sh.out.79724879.552
20220126_07,1,3528.39271933772,105642633.0,104438354.0,0.9886004450494906,/home/lhaaso/liushijie/energy/pass5_crab_v6_125d_covariance/run_gti_hour.sh.out.79724879.553
20220126_08,1,3571.99642192572,106843819.0,105654067.0,0.9888645687590033,/home/lhaaso/liushijie/energy/pass5_crab_v6_125d_covariance/run_gti_hour.sh.out.79724879.554
20220126_09,1,3572.47006399557,106592278.0,105435212.0,0.9891449359962079,/home/lhaaso/liushijie/energy/pass5_crab_v6_125d_covariance/run_gti_hour.sh.out.79724879.555
20220126_10,1,3572.90084646083,105761361.0,105096701.0,0.9937154742174696,/home/lhaaso/liushijie/energy/pass5_crab_v6_125d_covariance/run_gti_hour.sh.out.79724879.556
20220126_11,1,3582.18189713079,105763908.0,104623243.0,0.9892149881602332,/home/lhaaso/liushijie/energy/pass5_crab_v6_125d_covariance/run_gti_hour.sh.out.79724879.557
20220126_12,1,1665.3775264509,106145032.0,48966573.0,0.46131761494028284,/home/lhaaso/liushijie/energy/pass5_crab_v6_125d_covariance/run_gti_hour.sh.out.79724879.558
20220126_15,1,3047.82656023744,108045774.0,91048440.0,0.8426839535621263,/home/lhaaso/liushijie/energy/pass5_crab_v6_125d_covariance/run_gti_hour.sh.out.79724879.559
20220126_16,1,3542.17840258498,106913457.0,105790542.0,0.9894969723034959,/home/lhaaso/liushijie/energy/pass5_crab_v6_125d_covariance/run_gti_hour.sh.out.79724879.560
20220126_17,1,3584.07781070564,108207742.0,107080654.0,0.9895840354935047,/home/lhaaso/liushijie/energy/pass5_crab_v6_125d_covariance/run_gti_hour.sh.out.79724879.561
20220126_18,1,3573.91749378294,107579434.0,106452645.0,0.9895259813320825,/home/lhaaso/liushijie/energy/pass5_crab_v6_125d_covariance/run_gti_hour.sh.out.79724879.562
20220126_19,1,3565.59533388354,106720054.0,105604468.0,0.9895466132354094,/home/lhaaso/liushijie/energy/pass5_crab_v6_125d_covariance/run_gti_hour.sh.out.79724879.563
20220126_20,1,3543.12909774017,105719338.0,104625691.0,0.9896551849388235,/home/lhaaso/liushijie/energy/pass5_crab_v6_125d_covariance/run_gti_hour.sh.out.79724879.564
20220126_21,1,3586.34587763809,106427318.0,105815640.0,0.9942526222449766,/home/lhaaso/liushijie/energy/pass5_crab_v6_125d_covariance/run_gti_hour.sh.out.79724879.565
20220126_22,1,3592.10009921808,106518178.0,105479651.0,0.9902502369126142,/home/lhaaso/liushijie/energy/pass5_crab_v6_125d_covariance/run_gti_hour.sh.out.79724879.566
20220126_23,1,3561.03769415058,106048684.0,104958635.0,0.9897212397279724,/home/lhaaso/liushijie/energy/pass5_crab_v6_125d_covariance/run_gti_hour.sh.out.79724879.567
20220127_00,1,3559.4157122774,106037434.0,104951015.0,0.9897543824004643,/home/lhaaso/liushijie/energy/pass5_crab_v6_125d_covariance/run_gti_hour.sh.out.79724879.568
20220127_01,1,3556.49503497407,106032512.0,104938493.0,0.9896822306727959,/home/lhaaso/liushijie/energy/pass5_crab_v6_125d_covariance/run_gti_hour.sh.out.79724879.569
20220127_02,1,3594.67298872769,107238896.0,106187655.0,0.9901972041935232,/home/lhaaso/liushijie/energy/pass5_crab_v6_125d_covariance/run_gti_hour.sh.out.79724879.570
20220127_03,1,3541.14842489362,105887114.0,104855536.0,0.9902577569542598,/home/lhaaso/liushijie/energy/pass5_crab_v6_125d_covariance/run_gti_hour.sh.out.79724879.571
20220127_04,1,3569.02969214134,106968024.0,105912416.0,0.990131555575898,/home/lhaaso/liushijie/energy/pass5_crab_v6_125d_covariance/run_gti_hour.sh.out.79724879.572
20220127_05,1,3588.55763264,107906873.0,106824020.0,0.9899649302227487,/home/lhaaso/liushijie/energy/pass5_crab_v6_125d_covariance/run_gti_hour.sh.out.79724879.573
20220127_06,1,3554.55026517157,106790131.0,105708556.0,0.9898719573628016,/home/lhaaso/liushijie/energy/pass5_crab_v6_125d_covariance/run_gti_hour.sh.out.79724879.574
20220127_07,2,3483.38510412723,106792338.0,103470335.0,0.9688928713219107,/home/lhaaso/liushijie/energy/pass5_crab_v6_125d_covariance/run_gti_hour.sh.out.79724879.575
20220127_08,1,3594.98535438906,107384629.0,106654896.0,0.9932044929819518,/home/lhaaso/liushijie/energy/pass5_crab_v6_125d_covariance/run_gti_hour.sh.out.79724879.576
20220127_09,1,3592.22986679524,107149944.0,106064973.0,0.9898742737560366,/home/lhaaso/liushijie/energy/pass5_crab_v6_125d_covariance/run_gti_hour.sh.out.79724879.577
20220127_10,1,3554.57500792108,106373937.0,105262469.0,0.989551312743083,/home/lhaaso/liushijie/energy/pass5_crab_v6_125d_covariance/run_gti_hour.sh.out.79724879.578
20220127_11,1,3550.51543051377,106318377.0,105220049.0,0.9896694435055193,/home/lhaaso/liushijie/energy/pass5_crab_v6_125d_covariance/run_gti_hour.sh.out.79724879.579
20220127_12,1,1442.91707044467,107171412.0,42805470.0,0.3994112721030493,/home/lhaaso/liushijie/energy/pass5_crab_v6_125d_covariance/run_gti_hour.sh.out.79724879.580
20220127_15,2,3158.98530464619,108310457.0,94751620.0,0.8748150697951538,/home/lhaaso/liushijie/energy/pass5_crab_v6_125d_covariance/run_gti_hour.sh.out.79724879.581
20220127_16,1,3551.41038894653,107676956.0,106578008.0,0.9897940279812516,/home/lhaaso/liushijie/energy/pass5_crab_v6_125d_covariance/run_gti_hour.sh.out.79724879.582
20220127_17,1,3582.59511406068,108270888.0,107178270.0,0.9899084784452863,/home/lhaaso/liushijie/energy/pass5_crab_v6_125d_covariance/run_gti_hour.sh.out.79724879.583
20220127_18,1,3553.95063429605,107285860.0,106190664.0,0.9897917954891726,/home/lhaaso/liushijie/energy/pass5_crab_v6_125d_covariance/run_gti_hour.sh.out.79724879.584
20220127_19,1,3561.05539610144,107361420.0,106257733.0,0.9897198919313847,/home/lhaaso/liushijie/energy/pass5_crab_v6_125d_covariance/run_gti_hour.sh.out.79724879.585
20220127_20,1,3590.6405297108,107177553.0,106522947.0,0.9938923218372041,/home/lhaaso/liushijie/energy/pass5_crab_v6_125d_covariance/run_gti_hour.sh.out.79724879.586
20220127_21,1,3593.50635164883,107254009.0,106204030.0,0.9902103519505737,/home/lhaaso/liushijie/energy/pass5_crab_v6_125d_covariance/run_gti_hour.sh.out.79724879.587
20220127_22,1,3560.68978628609,106727918.0,105681702.0,0.9901973539856741,/home/lhaaso/liushijie/energy/pass5_crab_v6_125d_covariance/run_gti_hour.sh.out.79724879.588
20220127_23,1,3571.45098445471,106766361.0,105686101.0,0.9898820191127429,/home/lhaaso/liushijie/energy/pass5_crab_v6_125d_covariance/run_gti_hour.sh.out.79724879.589
20220128_00,1,3566.41800280195,106658382.0,105580872.0,0.9898975591060438,/home/lhaaso/liushijie/energy/pass5_crab_v6_125d_covariance/run_gti_hour.sh.out.79724879.590
20220128_01,1,3568.19468359463,106812085.0,105742463.0,0.9899859458786897,/home/lhaaso/liushijie/energy/pass5_crab_v6_125d_covariance/run_gti_hour.sh.out.79724879.591
20220128_02,1,3562.08917393815,106831043.0,105793968.0,0.9902923815879997,/home/lhaaso/liushijie/energy/pass5_crab_v6_125d_covariance/run_gti_hour.sh.out.79724879.592
20220128_03,1,3552.85113814753,106769872.0,105757765.0,0.9905206686020941,/home/lhaaso/liushijie/energy/pass5_crab_v6_125d_covariance/run_gti_hour.sh.out.79724879.593
20220128_04,1,3582.11296896916,107957268.0,106924379.0,0.9904324273934016,/home/lhaaso/liushijie/energy/pass5_crab_v6_125d_covariance/run_gti_hour.sh.out.79724879.594
20220128_05,1,3566.33288960438,107690201.0,106636654.0,0.9902168721924848,/home/lhaaso/liushijie/energy/pass5_crab_v6_125d_covariance/run_gti_hour.sh.out.79724879.595
20220128_06,2,3493.17982003558,107665329.0,104440813.0,0.9700505628882627,/home/lhaaso/liushijie/energy/pass5_crab_v6_125d_covariance/run_gti_hour.sh.out.79724879.596
20220128_07,1,3567.57286603097,107681742.0,106589182.0,0.9898538045567651,/home/lhaaso/liushijie/energy/pass5_crab_v6_125d_covariance/run_gti_hour.sh.out.79724879.597
20220128_08,1,3574.98760842718,107690671.0,106593633.0,0.9898130637518268,/home/lhaaso/liushijie/energy/pass5_crab_v6_125d_covariance/run_gti_hour.sh.out.79724879.598
20220128_09,1,3573.35564936511,107557704.0,106433090.0,0.9895440869581968,/home/lhaaso/liushijie/energy/pass5_crab_v6_125d_covariance/run_gti_hour.sh.out.79724879.599
20220128_11,1,3571.82762003504,106743230.0,105608138.0,0.9893661452815321,/home/lhaaso/liushijie/energy/pass5_crab_v6_125d_covariance/run_gti_hour.sh.out.79724879.600
20220128_12,2,1106.22967605013,107225813.0,32867225.0,0.3065234394632195,/home/lhaaso/liushijie/energy/pass5_crab_v6_125d_covariance/run_gti_hour.sh.out.79724879.601
20220128_14,2,0.570208509452641,107487952.0,17982.0,0.00016729316788917888,/home/lhaaso/liushijie/energy/pass5_crab_v6_125d_covariance/run_gti_hour.sh.out.79724879.602
20220128_15,1,3459.23422425985,108349098.0,103701492.0,0.9571052635805053,/home/lhaaso/liushijie/energy/pass5_crab_v6_125d_covariance/run_gti_hour.sh.out.79724879.603
20220128_16,1,3577.78752408922,107807806.0,107104107.0,0.9934726526203492,/home/lhaaso/liushijie/energy/pass5_crab_v6_125d_covariance/run_gti_hour.sh.out.79724879.604
20220128_17,1,3592.044808832,108102250.0,106988071.0,0.9896932857549219,/home/lhaaso/liushijie/energy/pass5_crab_v6_125d_covariance/run_gti_hour.sh.out.79724879.605
20220128_18,1,3543.33827295341,106754701.0,105641727.0,0.9895744731653551,/home/lhaaso/liushijie/energy/pass5_crab_v6_125d_covariance/run_gti_hour.sh.out.79724879.606
20220128_19,1,3562.01807884499,106988295.0,105847798.0,0.989339983406596,/home/lhaaso/liushijie/energy/pass5_crab_v6_125d_covariance/run_gti_hour.sh.out.79724879.607
20220128_20,2,3504.78443107568,107305254.0,103905706.0,0.9683189044965124,/home/lhaaso/liushijie/energy/pass5_crab_v6_125d_covariance/run_gti_hour.sh.out.79724879.608
20220128_21,2,3492.07854545675,106384872.0,103058986.0,0.9687372279773011,/home/lhaaso/liushijie/energy/pass5_crab_v6_125d_covariance/run_gti_hour.sh.out.79724879.609
20220128_22,1,3564.73619488534,106268627.0,105200481.0,0.9899486233128805,/home/lhaaso/liushijie/energy/pass5_crab_v6_125d_covariance/run_gti_hour.sh.out.79724879.610
20220128_23,1,3578.55488564819,107359271.0,106239528.0,0.9895701322338525,/home/lhaaso/liushijie/energy/pass5_crab_v6_125d_covariance/run_gti_hour.sh.out.79724879.611
20220129_00,1,3564.68456257135,106685409.0,106031512.0,0.9938707925842043,/home/lhaaso/liushijie/energy/pass5_crab_v6_125d_covariance/run_gti_hour.sh.out.79724879.612
20220129_01,1,3561.02422736585,106673792.0,105523469.0,0.9892164422166599,/home/lhaaso/liushijie/energy/pass5_crab_v6_125d_covariance/run_gti_hour.sh.out.79724879.613
20220129_02,1,3598.60289096832,107889654.0,107306868.0,0.9945983143110274,/home/lhaaso/liushijie/energy/pass5_crab_v6_125d_covariance/run_gti_hour.sh.out.79724879.614
20220129_03,2,3506.27767320257,107686485.0,104316368.0,0.9687043643406134,/home/lhaaso/liushijie/energy/pass5_crab_v6_125d_covariance/run_gti_hour.sh.out.79724879.615
20220129_04,1,3577.23126767669,108255931.0,107108495.0,0.9894007100636362,/home/lhaaso/liushijie/energy/pass5_crab_v6_125d_covariance/run_gti_hour.sh.out.79724879.616
20220129_05,1,3566.23274744488,108092706.0,106924766.0,0.9891950156192778,/home/lhaaso/liushijie/energy/pass5_crab_v6_125d_covariance/run_gti_hour.sh.out.79724879.617
20220129_06,1,3543.47415282391,107052154.0,105857782.0,0.9888430829705678,/home/lhaaso/liushijie/energy/pass5_crab_v6_125d_covariance/run_gti_hour.sh.out.79724879.618
20220129_07,1,3540.95754506998,107021776.0,105802160.0,0.9886040388640158,/home/lhaaso/liushijie/energy/pass5_crab_v6_125d_covariance/run_gti_hour.sh.out.79724879.619
20220129_08,1,3597.87917230278,108373488.0,107175097.0,0.9889420279616727,/home/lhaaso/liushijie/energy/pass5_crab_v6_125d_covariance/run_gti_hour.sh.out.79724879.620
20220129_09,1,3551.47581619676,106961509.0,105772592.0,0.9888846276467547,/home/lhaaso/liushijie/energy/pass5_crab_v6_125d_covariance/run_gti_hour.sh.out.79724879.621
20220129_10,1,3551.61534219515,106672344.0,105491777.0,0.9889327734281342,/home/lhaaso/liushijie/energy/pass5_crab_v6_125d_covariance/run_gti_hour.sh.out.79724879.622
20220129_11,1,3560.01936458051,106574282.0,105403517.0,0.9890145635698488,/home/lhaaso/liushijie/energy/pass5_crab_v6_125d_covariance/run_gti_hour.sh.out.79724879.623
20220129_12,1,949.795372551307,107012483.0,28178666.0,0.26332129869372345,/home/lhaaso/liushijie/energy/pass5_crab_v6_125d_covariance/run_gti_hour.sh.out.79724879.624
20220129_14,1,122.762459632941,107832701.0,3662190.0,0.03396177565838771,/home/lhaaso/liushijie/energy/pass5_crab_v6_125d_covariance/run_gti_hour.sh.out.79724879.625
20220129_15,1,3587.0815706905,107814278.0,106643661.0,0.9891422822494809,/home/lhaaso/liushijie/energy/pass5_crab_v6_125d_covariance/run_gti_hour.sh.out.79724879.626
20220129_16,1,3536.09494445845,106992316.0,105826684.0,0.9891054606201813,/home/lhaaso/liushijie/energy/pass5_crab_v6_125d_covariance/run_gti_hour.sh.out.79724879.627
20220129_17,1,3426.87886452768,102390866.0,102315795.0,0.9992668193664853,/home/lhaaso/liushijie/energy/pass5_crab_v6_125d_covariance/run_gti_hour.sh.out.79724879.628
20220129_18,4,1194.10869735293,39248443.0,35535467.0,0.9053981326087254,/home/lhaaso/liushijie/energy/pass5_crab_v6_125d_covariance/run_gti_hour.sh.out.79724879.629
20220129_19,2,3392.75534525514,102744316.0,100699593.0,0.980098918562074,/home/lhaaso/liushijie/energy/pass5_crab_v6_125d_covariance/run_gti_hour.sh.out.79724879.630
20220129_20,1,3582.17221288942,106891164.0,105720218.0,0.9890454369081433,/home/lhaaso/liushijie/energy/pass5_crab_v6_125d_covariance/run_gti_hour.sh.out.79724879.631
20220129_21,2,3477.73826164193,105844471.0,102343329.0,0.9669218243813604,/home/lhaaso/liushijie/energy/pass5_crab_v6_125d_covariance/run_gti_hour.sh.out.79724879.632
20220129_22,1,3531.27145485487,104744369.0,103601239.0,0.9890864777656926,/home/lhaaso/liushijie/energy/pass5_crab_v6_125d_covariance/run_gti_hour.sh.out.79724879.633
20220129_23,1,3570.87203466799,105939266.0,104751045.0,0.9887839415462818,/home/lhaaso/liushijie/energy/pass5_crab_v6_125d_covariance/run_gti_hour.sh.out.79724879.634
20220130_00,1,3559.44437524304,105915984.0,104720505.0,0.9887129500680464,/home/lhaaso/liushijie/energy/pass5_crab_v6_125d_covariance/run_gti_hour.sh.out.79724879.635
20220130_01,1,3545.48396137543,105806457.0,104629936.0,0.988880442334441,/home/lhaaso/liushijie/energy/pass5_crab_v6_125d_covariance/run_gti_hour.sh.out.79724879.636
20220130_02,1,3579.04975321144,106984230.0,105848461.0,0.9893837717951515,/home/lhaaso/liushijie/energy/pass5_crab_v6_125d_covariance/run_gti_hour.sh.out.79724879.637
20220130_03,1,3571.55588418245,106900865.0,105795271.0,0.9896577637608451,/home/lhaaso/liushijie/energy/pass5_crab_v6_125d_covariance/run_gti_hour.sh.out.79724879.638
20220130_04,1,3555.19206728786,106716587.0,105582555.0,0.9893734232711172,/home/lhaaso/liushijie/energy/pass5_crab_v6_125d_covariance/run_gti_hour.sh.out.79724879.639
20220130_05,1,3578.77207479905,107781405.0,106637850.0,0.9893900529502283,/home/lhaaso/liushijie/energy/pass5_crab_v6_125d_covariance/run_gti_hour.sh.out.79724879.640
20220130_06,1,3537.23144629039,106618421.0,105463906.0,0.9891715241215212,/home/lhaaso/liushijie/energy/pass5_crab_v6_125d_covariance/run_gti_hour.sh.out.79724879.641
20220130_07,1,3585.39877643343,107917551.0,106759259.0,0.9892668802315575,/home/lhaaso/liushijie/energy/pass5_crab_v6_125d_covariance/run_gti_hour.sh.out.79724879.642
20220130_08,1,3550.29124079738,106668759.0,105515469.0,0.9891881183318163,/home/lhaaso/liushijie/energy/pass5_crab_v6_125d_covariance/run_gti_hour.sh.out.79724879.643
20220130_09,1,3559.31745290291,106633611.0,105471343.0,0.9891003597355434,/home/lhaaso/liushijie/energy/pass5_crab_v6_125d_covariance/run_gti_hour.sh.out.79724879.644
20220130_10,1,3567.76892021298,106543566.0,105377676.0,0.9890571524516084,/home/lhaaso/liushijie/energy/pass5_crab_v6_125d_covariance/run_gti_hour.sh.out.79724879.645
20220130_11,1,3562.91370175313,106392550.0,105240191.0,0.9891687998830745,/home/lhaaso/liushijie/energy/pass5_crab_v6_125d_covariance/run_gti_hour.sh.out.79724879.646
20220130_12,2,745.85007650312,107263294.0,22028849.0,0.20537173695225133,/home/lhaaso/liushijie/energy/pass5_crab_v6_125d_covariance/run_gti_hour.sh.out.79724879.647
20220130_14,2,363.918410567567,108951758.0,10946851.0,0.10047429432024402,/home/lhaaso/liushijie/energy/pass5_crab_v6_125d_covariance/run_gti_hour.sh.out.79724879.648
20220130_15,1,3547.57829282898,107713371.0,106535566.0,0.9890653779650068,/home/lhaaso/liushijie/energy/pass5_crab_v6_125d_covariance/run_gti_hour.sh.out.79724879.649
20220130_16,1,3551.07327676378,107811655.0,106614733.0,0.9888980277688901,/home/lhaaso/liushijie/energy/pass5_crab_v6_125d_covariance/run_gti_hour.sh.out.79724879.650
20220130_17,1,3557.19647705555,108176194.0,106976989.0,0.9889143354405684,/home/lhaaso/liushijie/energy/pass5_crab_v6_125d_covariance/run_gti_hour.sh.out.79724879.651
20220130_18,1,3572.10764517076,108434408.0,107240666.0,0.9889911143333765,/home/lhaaso/liushijie/energy/pass5_crab_v6_125d_covariance/run_gti_hour.sh.out.79724879.652
20220130_19,1,3555.79678576905,107528807.0,106342358.0,0.988966221860901,/home/lhaaso/liushijie/energy/pass5_crab_v6_125d_covariance/run_gti_hour.sh.out.79724879.653
20220130_20,1,3579.01142297778,107682905.0,106519219.0,0.9891934007538151,/home/lhaaso/liushijie/energy/pass5_crab_v6_125d_covariance/run_gti_hour.sh.out.79724879.654
20220130_21,1,3562.47237820644,106674984.0,105601375.0,0.9899357003887622,/home/lhaaso/liushijie/energy/pass5_crab_v6_125d_covariance/run_gti_hour.sh.out.79724879.655
20220130_22,1,3571.69809825718,106094601.0,105523419.0,0.9946162953193066,/home/lhaaso/liushijie/energy/pass5_crab_v6_125d_covariance/run_gti_hour.sh.out.79724879.656
20220130_23,1,3585.6207300676,106302200.0,105177554.0,0.9894202942178054,/home/lhaaso/liushijie/energy/pass5_crab_v6_125d_covariance/run_gti_hour.sh.out.79724879.657
20220131_00,1,3551.32748102769,105664027.0,104523147.0,0.989202758664498,/home/lhaaso/liushijie/energy/pass5_crab_v6_125d_covariance/run_gti_hour.sh.out.79724879.658
20220131_01,1,3580.95926055685,106779815.0,105650178.0,0.9894208750970397,/home/lhaaso/liushijie/energy/pass5_crab_v6_125d_covariance/run_gti_hour.sh.out.79724879.659
20220131_02,1,3561.61077555735,106568542.0,105503144.0,0.9900026970435609,/home/lhaaso/liushijie/energy/pass5_crab_v6_125d_covariance/run_gti_hour.sh.out.79724879.660
20220131_03,1,3556.65566765238,106547116.0,105511607.0,0.9902812104271316,/home/lhaaso/liushijie/energy/pass5_crab_v6_125d_covariance/run_gti_hour.sh.out.79724879.661
20220131_04,1,3586.6729736561,107680217.0,106602388.0,0.9899904640793954,/home/lhaaso/liushijie/energy/pass5_crab_v6_125d_covariance/run_gti_hour.sh.out.79724879.662
20220131_05,1,3568.3441396337,106956650.0,106287095.0,0.9937399404338113,/home/lhaaso/liushijie/energy/pass5_crab_v6_125d_covariance/run_gti_hour.sh.out.79724879.663
20220131_06,1,3568.57850330416,107065424.0,105921786.0,0.9893183255875398,/home/lhaaso/liushijie/energy/pass5_crab_v6_125d_covariance/run_gti_hour.sh.out.79724879.664
20220131_07,1,3584.35741779394,107814363.0,106663596.0,0.9893264035701811,/home/lhaaso/liushijie/energy/pass5_crab_v6_125d_covariance/run_gti_hour.sh.out.79724879.665
20220131_08,1,3544.94908133056,106598785.0,105447152.0,0.9891965654205158,/home/lhaaso/liushijie/energy/pass5_crab_v6_125d_covariance/run_gti_hour.sh.out.79724879.666
20220131_09,1,3579.44894260727,107048147.0,106318059.0,0.9931798165548816,/home/lhaaso/liushijie/energy/pass5_crab_v6_125d_covariance/run_gti_hour.sh.out.79724879.667
20220131_10,1,3586.84828828555,106821733.0,105694146.0,0.9894442173110972,/home/lhaaso/liushijie/energy/pass5_crab_v6_125d_covariance/run_gti_hour.sh.out.79724879.668
20220131_11,1,3549.19657576829,105902893.0,104780464.0,0.989401337695279,/home/lhaaso/liushijie/energy/pass5_crab_v6_125d_covariance/run_gti_hour.sh.out.79724879.669
20220131_12,1,498.834790522233,106541894.0,14661498.0,0.13761251512949452,/home/lhaaso/liushijie/energy/pass5_crab_v6_125d_covariance/run_gti_hour.sh.out.79724879.670
20220131_14,2,570.758568076417,107298527.0,17106359.0,0.15942771516332185,/home/lhaaso/liushijie/energy/pass5_crab_v6_125d_covariance/run_gti_hour.sh.out.79724879.671
20220131_15,1,3583.73533745762,108567436.0,107464465.0,0.9898406829834316,/home/lhaaso/liushijie/energy/pass5_crab_v6_125d_covariance/run_gti_hour.sh.out.79724879.672
20220131_16,1,3128.67252775468,94185073.0,94072142.0,0.9988009671129097,/home/lhaaso/liushijie/energy/pass5_crab_v6_125d_covariance/run_gti_hour.sh.out.79724879.673
20220131_17,2,2515.91901860666,78994461.0,75389963.0,0.954370243756711,/home/lhaaso/liushijie/energy/pass5_crab_v6_125d_covariance/run_gti_hour.sh.out.79724879.674
20220131_18,1,3551.05688867625,107315830.0,106149383.0,0.9891307088618706,/home/lhaaso/liushijie/energy/pass5_crab_v6_125d_covariance/run_gti_hour.sh.out.79724879.675
20220131_19,1,3569.569061324,107542765.0,106389131.0,0.9892727883647031,/home/lhaaso/liushijie/energy/pass5_crab_v6_125d_covariance/run_gti_hour.sh.out.79724879.676
20220131_20,1,3546.91669475287,106441801.0,105338187.0,0.9896317613040012,/home/lhaaso/liushijie/energy/pass5_crab_v6_125d_covariance/run_gti_hour.sh.out.79724879.677
20220131_21,1,3599.92925988045,107681983.0,106621757.0,0.9901541003382154,/home/lhaaso/liushijie/energy/pass5_crab_v6_125d_covariance/run_gti_hour.sh.out.79724879.678
20220131_22,1,3535.65345243551,105583190.0,104508435.0,0.9898207754473037,/home/lhaaso/liushijie/energy/pass5_crab_v6_125d_covariance/run_gti_hour.sh.out.79724879.679
20220131_23,1,3569.93376840837,106797741.0,105684508.0,0.9895762495575632,/home/lhaaso/liushijie/energy/pass5_crab_v6_125d_covariance/run_gti_hour.sh.out.79724879.680
20220201_00,1,3557.03347690869,106531908.0,105404961.0,0.9894215074041479,/home/lhaaso/liushijie/energy/pass5_crab_v6_125d_covariance/run_gti_hour.sh.out.79724879.681
20220201_01,1,3592.38183363341,107244796.0,106582639.0,0.9938257423698209,/home/lhaaso/liushijie/energy/pass5_crab_v6_125d_covariance/run_gti_hour.sh.out.79724879.682
20220201_02,1,3584.94102896657,107173031.0,106129687.0,0.9902648643015425,/home/lhaaso/liushijie/energy/pass5_crab_v6_125d_covariance/run_gti_hour.sh.out.79724879.683
20220201_03,1,3583.66586426273,107244865.0,106625139.0,0.9942213923249379,/home/lhaaso/liushijie/energy/pass5_crab_v6_125d_covariance/run_gti_hour.sh.out.79724879.684
20220201_04,1,3572.6418657694,107309828.0,106239858.0,0.9900291518499126,/home/lhaaso/liushijie/energy/pass5_crab_v6_125d_covariance/run_gti_hour.sh.out.79724879.685
20220201_05,1,3568.20885005873,107955606.0,106833329.0,0.9896042730749898,/home/lhaaso/liushijie/energy/pass5_crab_v6_125d_covariance/run_gti_hour.sh.out.79724879.686
20220201_06,1,3554.51796299312,107764819.0,106647672.0,0.9896334721260006,/home/lhaaso/liushijie/energy/pass5_crab_v6_125d_covariance/run_gti_hour.sh.out.79724879.687
20220201_07,1,3585.79559458885,108723549.0,107601999.0,0.989684387510198,/home/lhaaso/liushijie/energy/pass5_crab_v6_125d_covariance/run_gti_hour.sh.out.79724879.688
20220201_08,1,3577.72081126459,108079173.0,107383829.0,0.9935663460341244,/home/lhaaso/liushijie/energy/pass5_crab_v6_125d_covariance/run_gti_hour.sh.out.79724879.689
20220201_09,1,3579.94641840924,107970696.0,106855844.0,0.9896744946425093,/home/lhaaso/liushijie/energy/pass5_crab_v6_125d_covariance/run_gti_hour.sh.out.79724879.690
20220201_10,1,3580.34142041579,107802790.0,107101483.0,0.9934945375718013,/home/lhaaso/liushijie/energy/pass5_crab_v6_125d_covariance/run_gti_hour.sh.out.79724879.691
20220201_11,1,3567.78350723907,107457656.0,106341643.0,0.9896143928544282,/home/lhaaso/liushijie/energy/pass5_crab_v6_125d_covariance/run_gti_hour.sh.out.79724879.692
20220201_12,1,250.194808188826,108127660.0,7398931.0,0.06842773625176019,/home/lhaaso/liushijie/energy/pass5_crab_v6_125d_covariance/run_gti_hour.sh.out.79724879.693
20220201_14,1,845.47963317018,108764062.0,25599250.0,0.23536496825578287,/home/lhaaso/liushijie/energy/pass5_crab_v6_125d_covariance/run_gti_hour.sh.out.79724879.694
20220201_15,1,3561.71339331195,108903016.0,107791994.0,0.9897980603218556,/home/lhaaso/liushijie/energy/pass5_crab_v6_125d_covariance/run_gti_hour.sh.out.79724879.695
20220201_16,1,3559.41149597056,108958932.0,107836443.0,0.9896980543091226,/home/lhaaso/liushijie/energy/pass5_crab_v6_125d_covariance/run_gti_hour.sh.out.79724879.696
20220201_17,1,3570.39327670354,109236680.0,108109907.0,0.9896850307058033,/home/lhaaso/liushijie/energy/pass5_crab_v6_125d_covariance/run_gti_hour.sh.out.79724879.697
20220201_18,1,3558.39681252837,108484465.0,107364756.0,0.9896786235706652,/home/lhaaso/liushijie/energy/pass5_crab_v6_125d_covariance/run_gti_hour.sh.out.79724879.698
20220201_19,1,3573.79194188397,108685747.0,107587708.0,0.9898971205488425,/home/lhaaso/liushijie/energy/pass5_crab_v6_125d_covariance/run_gti_hour.sh.out.79724879.699
20220201_20,1,3583.04094874766,108237103.0,107582284.0,0.993950142956062,/home/lhaaso/liushijie/energy/pass5_crab_v6_125d_covariance/run_gti_hour.sh.out.79724879.700
20220201_21,1,3594.34202655684,108389140.0,107401298.0,0.9908861533544782,/home/lhaaso/liushijie/energy/pass5_crab_v6_125d_covariance/run_gti_hour.sh.out.79724879.701
20220201_22,1,3567.71220720839,107420566.0,106635279.0,0.9926896028456972,/home/lhaaso/liushijie/energy/pass5_crab_v6_125d_covariance/run_gti_hour.sh.out.79724879.702
20220201_23,1,3583.38299703319,107481020.0,106406553.0,0.9900031931219112,/home/lhaaso/liushijie/energy/pass5_crab_v6_125d_covariance/run_gti_hour.sh.out.79724879.703
20220202_00,1,3548.85843449738,106895360.0,105828881.0,0.9900231497419533,/home/lhaaso/liushijie/energy/pass5_crab_v6_125d_covariance/run_gti_hour.sh.out.79724879.704
20220202_01,1,3581.91216287669,108056557.0,106983663.0,0.9900709958767241,/home/lhaaso/liushijie/energy/pass5_crab_v6_125d_covariance/run_gti_hour.sh.out.79724879.705
20220202_02,1,3572.15506432112,107902949.0,106868295.0,0.9904112537276437,/home/lhaaso/liushijie/energy/pass5_crab_v6_125d_covariance/run_gti_hour.sh.out.79724879.706
20220202_03,1,3569.09109670669,107845185.0,106832771.0,0.9906123393455164,/home/lhaaso/liushijie/energy/pass5_crab_v6_125d_covariance/run_gti_hour.sh.out.79724879.707
20220202_04,1,3566.41866664868,107849983.0,106807896.0,0.990337624809825,/home/lhaaso/liushijie/energy/pass5_crab_v6_125d_covariance/run_gti_hour.sh.out.79724879.708
20220202_05,1,3564.35322950128,107863081.0,106807994.0,0.9902182749628671,/home/lhaaso/liushijie/energy/pass5_crab_v6_125d_covariance/run_gti_hour.sh.out.79724879.709
20220202_06,1,3567.79144888278,107828618.0,106768592.0,0.9901693444684602,/home/lhaaso/liushijie/energy/pass5_crab_v6_125d_covariance/run_gti_hour.sh.out.79724879.710
20220202_07,1,3575.51579531282,107882775.0,106815272.0,0.990104972735453,/home/lhaaso/liushijie/energy/pass5_crab_v6_125d_covariance/run_gti_hour.sh.out.79724879.711
20220202_08,1,3580.23002555128,107775662.0,106711705.0,0.9901280402248887,/home/lhaaso/liushijie/energy/pass5_crab_v6_125d_covariance/run_gti_hour.sh.out.79724879.712
20220202_09,1,3551.55007587746,106594624.0,105500912.0,0.9897395200718565,/home/lhaaso/liushijie/energy/pass5_crab_v6_125d_covariance/run_gti_hour.sh.out.79724879.713
20220202_10,1,3590.18000238575,107129862.0,106401173.0,0.9931980776751117,/home/lhaaso/liushijie/energy/pass5_crab_v6_125d_covariance/run_gti_hour.sh.out.79724879.714
20220202_11,1,3577.00078838971,106876490.0,105781345.0,0.989753172096127,/home/lhaaso/liushijie/energy/pass5_crab_v6_125d_covariance/run_gti_hour.sh.out.79724879.715
20220202_12,1,0.2891008509323,107273428.0,4450.0,4.148277987350232e-05,/home/lhaaso/liushijie/energy/pass5_crab_v6_125d_covariance/run_gti_hour.sh.out.79724879.716
20220202_14,1,1098.41325860471,108115942.0,33073993.0,0.305912267776384,/home/lhaaso/liushijie/energy/pass5_crab_v6_125d_covariance/run_gti_hour.sh.out.79724879.717
20220202_15,1,3555.01178763807,108145566.0,107088073.0,0.9902215778314942,/home/lhaaso/liushijie/energy/pass5_crab_v6_125d_covariance/run_gti_hour.sh.out.79724879.718
20220202_16,1,3583.20906730369,108733706.0,107996948.0,0.9932241985755549,/home/lhaaso/liushijie/energy/pass5_crab_v6_125d_covariance/run_gti_hour.sh.out.79724879.719
20220202_17,1,3567.78309799265,107775543.0,106703730.0,0.9900551370917241,/home/lhaaso/liushijie/energy/pass5_crab_v6_125d_covariance/run_gti_hour.sh.out.79724879.720
20220202_18,1,3593.01943641622,108683213.0,107590975.0,0.9899502603037693,/home/lhaaso/liushijie/energy/pass5_crab_v6_125d_covariance/run_gti_hour.sh.out.79724879.721
20220202_19,1,3540.61180162244,106699526.0,105600587.0,0.9897006196634838,/home/lhaaso/liushijie/energy/pass5_crab_v6_125d_covariance/run_gti_hour.sh.out.79724879.722
20220202_20,1,3596.5864175465,106859219.0,106216328.0,0.9939837572647803,/home/lhaaso/liushijie/energy/pass5_crab_v6_125d_covariance/run_gti_hour.sh.out.79724879.723
20220202_21,1,3593.05134632159,105803129.0,105219543.0,0.9944842273993617,/home/lhaaso/liushijie/energy/pass5_crab_v6_125d_covariance/run_gti_hour.sh.out.79724879.724
20220202_22,1,3573.96597408224,105330085.0,104240143.0,0.9896521302531941,/home/lhaaso/liushijie/energy/pass5_crab_v6_125d_covariance/run_gti_hour.sh.out.79724879.725
20220202_23,1,3561.30797846708,105130517.0,103825849.0,0.9875900163222825,/home/lhaaso/liushijie/energy/pass5_crab_v6_125d_covariance/run_gti_hour.sh.out.79724879.726
20220203_00,1,3562.61707541998,105044289.0,103939088.0,0.9894787140688819,/home/lhaaso/liushijie/energy/pass5_crab_v6_125d_covariance/run_gti_hour.sh.out.79724879.727
20220203_01,1,3593.36561048403,105768753.0,105083411.0,0.9935203736400295,/home/lhaaso/liushijie/energy/pass5_crab_v6_125d_covariance/run_gti_hour.sh.out.79724879.728
20220203_02,1,3593.84372660425,105692957.0,104671278.0,0.9903335186279252,/home/lhaaso/liushijie/energy/pass5_crab_v6_125d_covariance/run_gti_hour.sh.out.79724879.729
20220203_03,1,3562.17019467149,105118192.0,104097376.0,0.9902888740704369,/home/lhaaso/liushijie/energy/pass5_crab_v6_125d_covariance/run_gti_hour.sh.out.79724879.730
20220203_04,1,3558.71605931316,105145244.0,104079491.0,0.9898639923266525,/home/lhaaso/liushijie/energy/pass5_crab_v6_125d_covariance/run_gti_hour.sh.out.79724879.731
20220203_05,1,3583.64162819926,105718912.0,104982158.0,0.9930310103834591,/home/lhaaso/liushijie/energy/pass5_crab_v6_125d_covariance/run_gti_hour.sh.out.79724879.732
20220203_06,1,3578.85481298435,105601365.0,104510935.0,0.9896740918074307,/home/lhaaso/liushijie/energy/pass5_crab_v6_125d_covariance/run_gti_hour.sh.out.79724879.733
20220203_07,1,3578.08563967701,105461898.0,104730858.0,0.9930682074392403,/home/lhaaso/liushijie/energy/pass5_crab_v6_125d_covariance/run_gti_hour.sh.out.79724879.734
20220203_08,1,3590.14429987874,105582084.0,104467343.0,0.9894419492610129,/home/lhaaso/liushijie/energy/pass5_crab_v6_125d_covariance/run_gti_hour.sh.out.79724879.735
20220203_09,1,3551.73428768758,104638084.0,103525347.0,0.9893658507737967,/home/lhaaso/liushijie/energy/pass5_crab_v6_125d_covariance/run_gti_hour.sh.out.79724879.736
20220203_10,1,3554.61155720986,104464000.0,103372148.0,0.9895480548322867,/home/lhaaso/liushijie/energy/pass5_crab_v6_125d_covariance/run_gti_hour.sh.out.79724879.737
20220203_11,1,3379.66832423117,105071133.0,98179255.0,0.9344075027724313,/home/lhaaso/liushijie/energy/pass5_crab_v6_125d_covariance/run_gti_hour.sh.out.79724879.738
20220203_14,1,1314.05570504721,105514822.0,38668657.0,0.3664760672202053,/home/lhaaso/liushijie/energy/pass5_crab_v6_125d_covariance/run_gti_hour.sh.out.79724879.739
20220203_15,1,3586.17499871179,105993911.0,105225372.0,0.9927492155657885,/home/lhaaso/liushijie/energy/pass5_crab_v6_125d_covariance/run_gti_hour.sh.out.79724879.740
20220203_16,1,3573.15671348479,105721572.0,104676059.0,0.9901106937759117,/home/lhaaso/liushijie/energy/pass5_crab_v6_125d_covariance/run_gti_hour.sh.out.79724879.741
20220203_17,1,3589.25121417269,106331812.0,105287730.0,0.9901809065381111,/home/lhaaso/liushijie/energy/pass5_crab_v6_125d_covariance/run_gti_hour.sh.out.79724879.742
20220203_18,1,3545.40485800244,105193544.0,103995817.0,0.9886140636159192,/home/lhaaso/liushijie/energy/pass5_crab_v6_125d_covariance/run_gti_hour.sh.out.79724879.743
20220203_19,1,3579.85209370963,105625917.0,104612773.0,0.9904081874148368,/home/lhaaso/liushijie/energy/pass5_crab_v6_125d_covariance/run_gti_hour.sh.out.79724879.744
20220203_20,1,3584.30132085923,105230022.0,104516417.0,0.9932186177819102,/home/lhaaso/liushijie/energy/pass5_crab_v6_125d_covariance/run_gti_hour.sh.out.79724879.745
20220203_21,1,3590.07020993158,104740838.0,104077673.0,0.9936685154266189,/home/lhaaso/liushijie/energy/pass5_crab_v6_125d_covariance/run_gti_hour.sh.out.79724879.746
20220203_22,1,3569.42835159134,104158448.0,103151207.0,0.9903297234229143,/home/lhaaso/liushijie/energy/pass5_crab_v6_125d_covariance/run_gti_hour.sh.out.79724879.747
20220203_23,1,3592.09173324052,104965619.0,103901662.0,0.9898637571984403,/home/lhaaso/liushijie/energy/pass5_crab_v6_125d_covariance/run_gti_hour.sh.out.79724879.748
20220204_00,1,3553.23503329419,103879250.0,102796050.0,0.9895725084653576,/home/lhaaso/liushijie/energy/pass5_crab_v6_125d_covariance/run_gti_hour.sh.out.79724879.749
20220204_01,1,3550.89534572326,103948587.0,102876658.0,0.989687892534797,/home/lhaaso/liushijie/energy/pass5_crab_v6_125d_covariance/run_gti_hour.sh.out.79724879.750
20220204_02,1,3588.24966999236,105045080.0,104013220.0,0.9901769792550018,/home/lhaaso/liushijie/energy/pass5_crab_v6_125d_covariance/run_gti_hour.sh.out.79724879.751
20220204_03,1,3578.15550577361,104869491.0,103863939.0,0.99041139619911,/home/lhaaso/liushijie/energy/pass5_crab_v6_125d_covariance/run_gti_hour.sh.out.79724879.752
20220204_04,1,3564.11455082707,104660528.0,103610542.0,0.9899676982329002,/home/lhaaso/liushijie/energy/pass5_crab_v6_125d_covariance/run_gti_hour.sh.out.79724879.753
20220204_05,1,3554.5519411331,104496805.0,103448982.0,0.9899726790689917,/home/lhaaso/liushijie/energy/pass5_crab_v6_125d_covariance/run_gti_hour.sh.out.79724879.754
20220204_06,1,3568.44482116867,104718778.0,103646008.0,0.9897557055144398,/home/lhaaso/liushijie/energy/pass5_crab_v6_125d_covariance/run_gti_hour.sh.out.79724879.755
20220204_07,1,3583.33957793657,104914707.0,103810077.0,0.9894711615598374,/home/lhaaso/liushijie/energy/pass5_crab_v6_125d_covariance/run_gti_hour.sh.out.79724879.756
20220204_08,1,3559.91359795444,103856835.0,102740967.0,0.9892557095544072,/home/lhaaso/liushijie/energy/pass5_crab_v6_125d_covariance/run_gti_hour.sh.out.79724879.757
20220204_09,1,3573.21097666863,103830174.0,102717961.0,0.9892881524016323,/home/lhaaso/liushijie/energy/pass5_crab_v6_125d_covariance/run_gti_hour.sh.out.79724879.758
20220204_10,1,3568.91308771446,103407825.0,102311212.0,0.9893952609485791,/home/lhaaso/liushijie/energy/pass5_crab_v6_125d_covariance/run_gti_hour.sh.out.79724879.759
20220204_11,1,3139.23655652907,102688298.0,89903202.0,0.875496076485755,/home/lhaaso/liushijie/energy/pass5_crab_v6_125d_covariance/run_gti_hour.sh.out.79724879.760
20220204_14,1,1622.71635483485,104003070.0,46762746.0,0.4496285157736209,/home/lhaaso/liushijie/energy/pass5_crab_v6_125d_covariance/run_gti_hour.sh.out.79724879.761
20220204_15,1,3565.65225622617,104043236.0,102929313.0,0.9892936528810004,/home/lhaaso/liushijie/energy/pass5_crab_v6_125d_covariance/run_gti_hour.sh.out.79724879.762
20220204_16,1,3570.80938539002,104083123.0,102954659.0,0.9891580501480532,/home/lhaaso/liushijie/energy/pass5_crab_v6_125d_covariance/run_gti_hour.sh.out.79724879.763
20220204_17,1,3531.2296457123,103089125.0,101958520.0,0.9890327422994424,/home/lhaaso/liushijie/energy/pass5_crab_v6_125d_covariance/run_gti_hour.sh.out.79724879.764
20220204_18,1,3586.71223176643,104610059.0,103496736.0,0.9893574001330026,/home/lhaaso/liushijie/energy/pass5_crab_v6_125d_covariance/run_gti_hour.sh.out.79724879.765
20220204_19,1,3561.19297330733,103626425.0,102525380.0,0.9893748626375946,/home/lhaaso/liushijie/energy/pass5_crab_v6_125d_covariance/run_gti_hour.sh.out.79724879.766
20220204_20,1,3578.67629353423,103786298.0,102709425.0,0.9896241313087398,/home/lhaaso/liushijie/energy/pass5_crab_v6_125d_covariance/run_gti_hour.sh.out.79724879.767
20220204_21,1,3555.53507236764,102786623.0,101763396.0,0.9900451345696998,/home/lhaaso/liushijie/energy/pass5_crab_v6_125d_covariance/run_gti_hour.sh.out.79724879.768
20220204_22,1,3557.57712211926,102887225.0,101802906.0,0.9894610919868817,/home/lhaaso/liushijie/energy/pass5_crab_v6_125d_covariance/run_gti_hour.sh.out.79724879.769
20220204_23,1,3585.24971392471,104039631.0,102943986.0,0.9894689649562483,/home/lhaaso/liushijie/energy/pass5_crab_v6_125d_covariance/run_gti_hour.sh.out.79724879.770
20220205_00,1,3563.80956668872,103266232.0,102576007.0,0.9933160628926598,/home/lhaaso/liushijie/energy/pass5_crab_v6_125d_covariance/run_gti_hour.sh.out.79724879.771
20220205_01,1,3568.70555451605,103257972.0,102170641.0,0.9894697621990871,/home/lhaaso/liushijie/energy/pass5_crab_v6_125d_covariance/run_gti_hour.sh.out.79724879.772
20220205_02,1,3588.95242970902,104113254.0,103100844.0,0.9902758778435645,/home/lhaaso/liushijie/energy/pass5_crab_v6_125d_covariance/run_gti_hour.sh.out.79724879.773
20220205_03,2,3495.47394043766,103420166.0,100635041.0,0.9730698072946431,/home/lhaaso/liushijie/energy/pass5_crab_v6_125d_covariance/run_gti_hour.sh.out.79724879.774
20220205_04,2,3423.72307861224,99666776.0,98474228.0,0.9880346485773754,/home/lhaaso/liushijie/energy/pass5_crab_v6_125d_covariance/run_gti_hour.sh.out.79724879.775
20220205_05,1,3533.88775654603,103735515.0,102539137.0,0.9884670356145626,/home/lhaaso/liushijie/energy/pass5_crab_v6_125d_covariance/run_gti_hour.sh.out.79724879.776
20220205_06,1,3559.73857438657,104801076.0,103594771.0,0.9884895742864319,/home/lhaaso/liushijie/energy/pass5_crab_v6_125d_covariance/run_gti_hour.sh.out.79724879.777
20220205_07,1,3563.67509309202,104776283.0,103556183.0,0.9883551891223322,/home/lhaaso/liushijie/energy/pass5_crab_v6_125d_covariance/run_gti_hour.sh.out.79724879.778
20220205_08,1,3557.09569933824,104723875.0,103506903.0,0.9883792306195698,/home/lhaaso/liushijie/energy/pass5_crab_v6_125d_covariance/run_gti_hour.sh.out.79724879.779
20220205_09,2,3460.28563489672,104294217.0,100663675.0,0.9651894217682271,/home/lhaaso/liushijie/energy/pass5_crab_v6_125d_covariance/run_gti_hour.sh.out.79724879.780
20220205_10,1,3579.52219017316,105399356.0,104161773.0,0.9882581540631046,/home/lhaaso/liushijie/energy/pass5_crab_v6_125d_covariance/run_gti_hour.sh.out.79724879.781
20220205_11,1,2897.67739665695,105066851.0,84355669.0,0.802876151679848,/home/lhaaso/liushijie/energy/pass5_crab_v6_125d_covariance/run_gti_hour.sh.out.79724879.782
20220205_14,2,1729.59881296847,107180853.0,51261604.0,0.47827202868034646,/home/lhaaso/liushijie/energy/pass5_crab_v6_125d_covariance/run_gti_hour.sh.out.79724879.783
20220205_15,1,3569.61705693975,107033484.0,105834575.0,0.9887987482496599,/home/lhaaso/liushijie/energy/pass5_crab_v6_125d_covariance/run_gti_hour.sh.out.79724879.784
20220205_16,1,3536.57882837579,106021024.0,104810194.0,0.9885793406409658,/home/lhaaso/liushijie/energy/pass5_crab_v6_125d_covariance/run_gti_hour.sh.out.79724879.785
20220205_17,1,3550.1266841311,106421781.0,105223996.0,0.9887449261913781,/home/lhaaso/liushijie/energy/pass5_crab_v6_125d_covariance/run_gti_hour.sh.out.79724879.786
20220205_18,1,3573.9523218479,106660920.0,105452466.0,0.9886701333534345,/home/lhaaso/liushijie/energy/pass5_crab_v6_125d_covariance/run_gti_hour.sh.out.79724879.787
20220205_19,1,3554.71333572641,105715523.0,104527257.0,0.9887597775021176,/home/lhaaso/liushijie/energy/pass5_crab_v6_125d_covariance/run_gti_hour.sh.out.79724879.788
20220205_20,1,3577.81747891568,106032411.0,104886348.0,0.9891913897911837,/home/lhaaso/liushijie/energy/pass5_crab_v6_125d_covariance/run_gti_hour.sh.out.79724879.789
20220205_21,1,3547.82936016563,104886081.0,103783532.0,0.9894881285534922,/home/lhaaso/liushijie/energy/pass5_crab_v6_125d_covariance/run_gti_hour.sh.out.79724879.790
20220205_22,1,3552.51919592265,105076861.0,103914962.0,0.9889423895142814,/home/lhaaso/liushijie/energy/pass5_crab_v6_125d_covariance/run_gti_hour.sh.out.79724879.791
20220205_23,1,3591.35573592503,106259700.0,105064373.0,0.9887508905069372,/home/lhaaso/liushijie/energy/pass5_crab_v6_125d_covariance/run_gti_hour.sh.out.79724879.792
20220206_00,1,3539.06970263924,104879963.0,103688763.0,0.9886422538116265,/home/lhaaso/liushijie/energy/pass5_crab_v6_125d_covariance/run_gti_hour.sh.out.79724879.793
20220206_01,1,3572.192959534,106056518.0,104893092.0,0.9890301320282833,/home/lhaaso/liushijie/energy/pass5_crab_v6_125d_covariance/run_gti_hour.sh.out.79724879.794
20220206_02,2,3483.48332829773,106018499.0,102521651.0,0.9670166241459427,/home/lhaaso/liushijie/energy/pass5_crab_v6_125d_covariance/run_gti_hour.sh.out.79724879.795
20220206_03,1,3559.25823161379,105961012.0,104832031.0,0.9893453169360066,/home/lhaaso/liushijie/energy/pass5_crab_v6_125d_covariance/run_gti_hour.sh.out.79724879.796
20220206_04,1,3547.50684318133,105969186.0,104789667.0,0.9888692265693161,/home/lhaaso/liushijie/energy/pass5_crab_v6_125d_covariance/run_gti_hour.sh.out.79724879.797
20220206_05,1,3566.54732089955,106991741.0,105763570.0,0.9885208803172948,/home/lhaaso/liushijie/energy/pass5_crab_v6_125d_covariance/run_gti_hour.sh.out.79724879.798
20220206_06,1,3559.57041936927,106894884.0,105690333.0,0.9887314438734037,/home/lhaaso/liushijie/energy/pass5_crab_v6_125d_covariance/run_gti_hour.sh.out.79724879.799
20220206_07,1,3572.03996109311,107013397.0,105799199.0,0.9886537757510866,/home/lhaaso/liushijie/energy/pass5_crab_v6_125d_covariance/run_gti_hour.sh.out.79724879.800
20220206_08,1,3539.45957177784,105776907.0,104558062.0,0.9884772108150223,/home/lhaaso/liushijie/energy/pass5_crab_v6_125d_covariance/run_gti_hour.sh.out.79724879.801
20220206_09,1,3548.00656009465,105833924.0,104607765.0,0.9884143103302113,/home/lhaaso/liushijie/energy/pass5_crab_v6_125d_covariance/run_gti_hour.sh.out.79724879.802
20220206_10,1,3590.15956583899,106946348.0,105736765.0,0.9886898148219142,/home/lhaaso/liushijie/energy/pass5_crab_v6_125d_covariance/run_gti_hour.sh.out.79724879.803
20220206_11,3,2620.1843848452,105474009.0,77262444.0,0.7325259059793584,/home/lhaaso/liushijie/energy/pass5_crab_v6_125d_covariance/run_gti_hour.sh.out.79724879.804
20220206_14,1,2005.17047443427,107256794.0,59753171.0,0.557103832508736,/home/lhaaso/liushijie/energy/pass5_crab_v6_125d_covariance/run_gti_hour.sh.out.79724879.805
20220206_15,1,3592.42304179352,107848843.0,107217652.0,0.9941474476457759,/home/lhaaso/liushijie/energy/pass5_crab_v6_125d_covariance/run_gti_hour.sh.out.79724879.806
20220206_16,1,3592.44481546339,107937193.0,106763931.0,0.9891301416370908,/home/lhaaso/liushijie/energy/pass5_crab_v6_125d_covariance/run_gti_hour.sh.out.79724879.807
20220206_17,1,3561.87162268907,107474207.0,106301028.0,0.9890840878686362,/home/lhaaso/liushijie/energy/pass5_crab_v6_125d_covariance/run_gti_hour.sh.out.79724879.808
20220206_18,1,3542.8515563719,106661940.0,105486681.0,0.9889814586158849,/home/lhaaso/liushijie/energy/pass5_crab_v6_125d_covariance/run_gti_hour.sh.out.79724879.809
20220206_19,1,3580.67273588385,106897107.0,105741056.0,0.989185385531528,/home/lhaaso/liushijie/energy/pass5_crab_v6_125d_covariance/run_gti_hour.sh.out.79724879.810
20220206_20,1,3570.53862833418,106143967.0,105019802.0,0.9894090542140751,/home/lhaaso/liushijie/energy/pass5_crab_v6_125d_covariance/run_gti_hour.sh.out.79724879.811
20220206_21,1,3557.78840580024,105146284.0,104057999.0,0.9896498006529646,/home/lhaaso/liushijie/energy/pass5_crab_v6_125d_covariance/run_gti_hour.sh.out.79724879.812
20220206_22,1,3529.47832499631,103987148.0,102847049.0,0.9890361547371219,/home/lhaaso/liushijie/energy/pass5_crab_v6_125d_covariance/run_gti_hour.sh.out.79724879.813
20220206_23,1,3589.37296089716,105483316.0,104317538.0,0.9889482238120008,/home/lhaaso/liushijie/energy/pass5_crab_v6_125d_covariance/run_gti_hour.sh.out.79724879.814
20220207_00,1,3564.33205367066,104409769.0,103227666.0,0.9886782337388372,/home/lhaaso/liushijie/energy/pass5_crab_v6_125d_covariance/run_gti_hour.sh.out.79724879.815
20220207_01,1,3568.82625266444,103917036.0,103289255.0,0.9939588249995891,/home/lhaaso/liushijie/energy/pass5_crab_v6_125d_covariance/run_gti_hour.sh.out.79724879.816
20220207_02,1,3568.58935242053,103741634.0,102664156.0,0.9896138323790041,/home/lhaaso/liushijie/energy/pass5_crab_v6_125d_covariance/run_gti_hour.sh.out.79724879.817
20220207_03,1,3574.32774540503,104395117.0,103310197.0,0.9896075599014846,/home/lhaaso/liushijie/energy/pass5_crab_v6_125d_covariance/run_gti_hour.sh.out.79724879.818
20220207_04,1,3559.73296186421,104229804.0,103095456.0,0.9891168556740259,/home/lhaaso/liushijie/energy/pass5_crab_v6_125d_covariance/run_gti_hour.sh.out.79724879.819
20220207_05,1,3556.80947389919,104337842.0,103185221.0,0.9889529917630461,/home/lhaaso/liushijie/energy/pass5_crab_v6_125d_covariance/run_gti_hour.sh.out.79724879.820
20220207_06,1,3558.0928782234,104335123.0,103173255.0,0.988864076002479,/home/lhaaso/liushijie/energy/pass5_crab_v6_125d_covariance/run_gti_hour.sh.out.79724879.821
20220207_07,1,3563.47411223687,104306608.0,103151706.0,0.9889278155800062,/home/lhaaso/liushijie/energy/pass5_crab_v6_125d_covariance/run_gti_hour.sh.out.79724879.822
20220207_08,1,3583.23570415378,104415574.0,103248109.0,0.9888190529891643,/home/lhaaso/liushijie/energy/pass5_crab_v6_125d_covariance/run_gti_hour.sh.out.79724879.823
20220207_09,2,48.4366111457348,3221350.0,1327037.0,0.41195057972589133,/home/lhaaso/liushijie/energy/pass5_crab_v6_125d_covariance/run_gti_hour.sh.out.79724879.824
20220207_10,1,923.00788834691,27859053.0,27323342.0,0.980770667258503,/home/lhaaso/liushijie/energy/pass5_crab_v6_125d_covariance/run_gti_hour.sh.out.79724879.825
20220207_14,1,2209.62248670403,108766640.0,66963127.0,0.6156586890980543,/home/lhaaso/liushijie/energy/pass5_crab_v6_125d_covariance/run_gti_hour.sh.out.79724879.826
20220207_15,1,3586.22303204611,110098709.0,108916397.0,0.9892613454713625,/home/lhaaso/liushijie/energy/pass5_crab_v6_125d_covariance/run_gti_hour.sh.out.79724879.827
20220207_16,1,3552.97619467601,109141128.0,107971109.0,0.9892797607882521,/home/lhaaso/liushijie/energy/pass5_crab_v6_125d_covariance/run_gti_hour.sh.out.79724879.828
20220207_17,1,3567.2345870873,109519350.0,108339760.0,0.9892293918837174,/home/lhaaso/liushijie/energy/pass5_crab_v6_125d_covariance/run_gti_hour.sh.out.79724879.829
20220207_18,1,3558.42052618973,108952303.0,107764223.0,0.9890954117784917,/home/lhaaso/liushijie/energy/pass5_crab_v6_125d_covariance/run_gti_hour.sh.out.79724879.830
20220207_19,1,3546.0360982921,108162534.0,106991554.0,0.9891738852937746,/home/lhaaso/liushijie/energy/pass5_crab_v6_125d_covariance/run_gti_hour.sh.out.79724879.831
20220207_20,1,3557.10702622309,108230223.0,107110895.0,0.9896578980531159,/home/lhaaso/liushijie/energy/pass5_crab_v6_125d_covariance/run_gti_hour.sh.out.79724879.832
20220207_21,1,3576.94919945206,108488460.0,107410148.0,0.9900605834021425,/home/lhaaso/liushijie/energy/pass5_crab_v6_125d_covariance/run_gti_hour.sh.out.79724879.833
20220207_22,1,3545.91005793773,107416226.0,106292031.0,0.98953421618071,/home/lhaaso/liushijie/energy/pass5_crab_v6_125d_covariance/run_gti_hour.sh.out.79724879.834
20220207_23,1,3593.79709011409,108736255.0,107601891.0,0.9895677481259585,/home/lhaaso/liushijie/energy/pass5_crab_v6_125d_covariance/run_gti_hour.sh.out.79724879.835
20220208_00,1,3553.10947007965,107501181.0,106355345.0,0.9893411775634353,/home/lhaaso/liushijie/energy/pass5_crab_v6_125d_covariance/run_gti_hour.sh.out.79724879.836
20220208_01,1,3580.00166164711,107932558.0,107327622.0,0.9943952407761891,/home/lhaaso/liushijie/energy/pass5_crab_v6_125d_covariance/run_gti_hour.sh.out.79724879.837
20220208_02,1,3569.79766411241,107823249.0,106761857.0,0.9901561860744894,/home/lhaaso/liushijie/energy/pass5_crab_v6_125d_covariance/run_gti_hour.sh.out.79724879.838
20220208_03,1,3594.92944164667,108932653.0,108346372.0,0.9946179498630222,/home/lhaaso/liushijie/energy/pass5_crab_v6_125d_covariance/run_gti_hour.sh.out.79724879.839
20220208_04,1,3583.72916732915,108917715.0,107785446.0,0.9896043632571616,/home/lhaaso/liushijie/energy/pass5_crab_v6_125d_covariance/run_gti_hour.sh.out.79724879.840
20220208_05,1,3572.72537592798,109412890.0,108262074.0,0.9894818974254314,/home/lhaaso/liushijie/energy/pass5_crab_v6_125d_covariance/run_gti_hour.sh.out.79724879.841
20220208_06,1,3569.23575557303,109428852.0,108278533.0,0.9894879734277026,/home/lhaaso/liushijie/energy/pass5_crab_v6_125d_covariance/run_gti_hour.sh.out.79724879.842
20220208_07,2,2090.05763407331,64772316.0,63314456.0,0.9774925448088038,/home/lhaaso/liushijie/energy/pass5_crab_v6_125d_covariance/run_gti_hour.sh.out.79724879.843
20220208_08,2,3412.67245647032,104742164.0,103306449.0,0.9862928648294874,/home/lhaaso/liushijie/energy/pass5_crab_v6_125d_covariance/run_gti_hour.sh.out.79724879.844
20220208_09,1,3562.51674718224,108961505.0,107772432.0,0.9890872193808263,/home/lhaaso/liushijie/energy/pass5_crab_v6_125d_covariance/run_gti_hour.sh.out.79724879.845
20220208_10,1,3556.01153075695,108646514.0,107466189.0,0.9891360987431221,/home/lhaaso/liushijie/energy/pass5_crab_v6_125d_covariance/run_gti_hour.sh.out.79724879.846
20220208_11,1,2238.24493505526,109129802.0,67544067.0,0.6189332864362752,/home/lhaaso/liushijie/energy/pass5_crab_v6_125d_covariance/run_gti_hour.sh.out.79724879.847
20220208_14,1,2489.35999386013,109155592.0,75660778.0,0.6931461468323126,/home/lhaaso/liushijie/energy/pass5_crab_v6_125d_covariance/run_gti_hour.sh.out.79724879.848
20220208_15,1,3589.5907189697,110415601.0,109227283.0,0.9892377708472555,/home/lhaaso/liushijie/energy/pass5_crab_v6_125d_covariance/run_gti_hour.sh.out.79724879.849
20220208_16,1,3562.82202238217,109519902.0,108347967.0,0.9892993421414858,/home/lhaaso/liushijie/energy/pass5_crab_v6_125d_covariance/run_gti_hour.sh.out.79724879.850
20220208_17,1,3549.85079735052,108862424.0,107686384.0,0.9891970070407398,/home/lhaaso/liushijie/energy/pass5_crab_v6_125d_covariance/run_gti_hour.sh.out.79724879.851
20220208_18,1,3569.67019548174,109177430.0,107987058.0,0.989096904002961,/home/lhaaso/liushijie/energy/pass5_crab_v6_125d_covariance/run_gti_hour.sh.out.79724879.852
20220208_19,1,3559.33481978718,108324134.0,107166063.0,0.9893092060168236,/home/lhaaso/liushijie/energy/pass5_crab_v6_125d_covariance/run_gti_hour.sh.out.79724879.853
20220208_20,1,3577.82062464394,107858715.0,107294501.0,0.9947689530697635,/home/lhaaso/liushijie/energy/pass5_crab_v6_125d_covariance/run_gti_hour.sh.out.79724879.854
20220208_21,1,3566.76447610371,106899711.0,105796215.0,0.98967727798628,/home/lhaaso/liushijie/energy/pass5_crab_v6_125d_covariance/run_gti_hour.sh.out.79724879.855
20220208_22,1,3565.23220092058,107414433.0,106243899.0,0.9891026376315741,/home/lhaaso/liushijie/energy/pass5_crab_v6_125d_covariance/run_gti_hour.sh.out.79724879.856
20220208_23,1,3573.72976157349,107471270.0,106298572.0,0.9890882651707754,/home/lhaaso/liushijie/energy/pass5_crab_v6_125d_covariance/run_gti_hour.sh.out.79724879.857
20220209_00,1,3545.55614024866,106357738.0,105182450.0,0.9889496709679929,/home/lhaaso/liushijie/energy/pass5_crab_v6_125d_covariance/run_gti_hour.sh.out.79724879.858
20220209_01,1,3583.72002874967,107455268.0,106312572.0,0.9893658447717985,/home/lhaaso/liushijie/energy/pass5_crab_v6_125d_covariance/run_gti_hour.sh.out.79724879.859
20220209_02,1,3548.22915871628,106390009.0,105316529.0,0.9899099547966013,/home/lhaaso/liushijie/energy/pass5_crab_v6_125d_covariance/run_gti_hour.sh.out.79724879.860
20220209_03,1,3591.84400776867,107175591.0,106589880.0,0.9945350336346641,/home/lhaaso/liushijie/energy/pass5_crab_v6_125d_covariance/run_gti_hour.sh.out.79724879.861
20220209_04,1,3587.76117435191,107195453.0,106057556.0,0.9893848389259571,/home/lhaaso/liushijie/energy/pass5_crab_v6_125d_covariance/run_gti_hour.sh.out.79724879.862
20220209_05,1,3547.89155619219,106524056.0,105357976.0,0.9890533646221658,/home/lhaaso/liushijie/energy/pass5_crab_v6_125d_covariance/run_gti_hour.sh.out.79724879.863
20220209_06,2,3507.15648808982,106918011.0,103954806.0,0.9722852588419364,/home/lhaaso/liushijie/energy/pass5_crab_v6_125d_covariance/run_gti_hour.sh.out.79724879.864
20220209_07,1,3587.58951842319,106821433.0,105653701.0,0.9890683735725583,/home/lhaaso/liushijie/energy/pass5_crab_v6_125d_covariance/run_gti_hour.sh.out.79724879.865
20220209_08,1,3560.27228829917,106252062.0,105076583.0,0.9889368829378578,/home/lhaaso/liushijie/energy/pass5_crab_v6_125d_covariance/run_gti_hour.sh.out.79724879.866
20220209_09,1,3555.29004565906,105917816.0,104758570.0,0.9890552312747838,/home/lhaaso/liushijie/energy/pass5_crab_v6_125d_covariance/run_gti_hour.sh.out.79724879.867
20220209_10,1,3577.14934044052,106584186.0,105432382.0,0.9891934812918682,/home/lhaaso/liushijie/energy/pass5_crab_v6_125d_covariance/run_gti_hour.sh.out.79724879.868
20220209_11,2,1926.59852018114,106143983.0,56775612.0,0.534892420609466,/home/lhaaso/liushijie/energy/pass5_crab_v6_125d_covariance/run_gti_hour.sh.out.79724879.869
20220209_14,2,2752.89742229506,106879096.0,81823146.0,0.7655673472387903,/home/lhaaso/liushijie/energy/pass5_crab_v6_125d_covariance/run_gti_hour.sh.out.79724879.870
20220209_15,1,3547.31791466475,106746416.0,105636763.0,0.9896047751148853,/home/lhaaso/liushijie/energy/pass5_crab_v6_125d_covariance/run_gti_hour.sh.out.79724879.871
20220209_16,1,3583.91256567556,107922347.0,106810043.0,0.9896934784044309,/home/lhaaso/liushijie/energy/pass5_crab_v6_125d_covariance/run_gti_hour.sh.out.79724879.872
20220209_17,1,3551.87802433502,107012309.0,105900411.0,0.9896096251880706,/home/lhaaso/liushijie/energy/pass5_crab_v6_125d_covariance/run_gti_hour.sh.out.79724879.873
20220209_18,1,3582.17060104944,107638625.0,106562679.0,0.9900040900745434,/home/lhaaso/liushijie/energy/pass5_crab_v6_125d_covariance/run_gti_hour.sh.out.79724879.874
20220209_19,1,3556.55469254125,106725631.0,105665706.0,0.9900686930583713,/home/lhaaso/liushijie/energy/pass5_crab_v6_125d_covariance/run_gti_hour.sh.out.79724879.875
20220209_20,1,3577.08726888523,106973679.0,105959517.0,0.9905195183574083,/home/lhaaso/liushijie/energy/pass5_crab_v6_125d_covariance/run_gti_hour.sh.out.79724879.876
20220209_21,1,3585.38529959042,106575798.0,105976465.0,0.9943764624685241,/home/lhaaso/liushijie/energy/pass5_crab_v6_125d_covariance/run_gti_hour.sh.out.79724879.877
20220209_22,1,3578.56744278688,106581911.0,105466348.0,0.9895332801829759,/home/lhaaso/liushijie/energy/pass5_crab_v6_125d_covariance/run_gti_hour.sh.out.79724879.878
20220209_23,1,3554.75414029788,106124654.0,104972778.0,0.989146009371206,/home/lhaaso/liushijie/energy/pass5_crab_v6_125d_covariance/run_gti_hour.sh.out.79724879.879
20220210_00,1,3567.05236053094,106331731.0,105184505.0,0.9892108781714463,/home/lhaaso/liushijie/energy/pass5_crab_v6_125d_covariance/run_gti_hour.sh.out.79724879.880
20220210_01,1,3547.51391164027,106095267.0,104961692.0,0.9893154988714058,/home/lhaaso/liushijie/energy/pass5_crab_v6_125d_covariance/run_gti_hour.sh.out.79724879.881
20220210_02,1,3585.87347902358,107299261.0,106206476.0,0.9898155402952868,/home/lhaaso/liushijie/energy/pass5_crab_v6_125d_covariance/run_gti_hour.sh.out.79724879.882
20220210_03,1,3569.55763888545,107130142.0,106006317.0,0.9895097217363905,/home/lhaaso/liushijie/energy/pass5_crab_v6_125d_covariance/run_gti_hour.sh.out.79724879.883
20220210_04,2,3483.66722138599,107037300.0,103561070.0,0.9675231905139611,/home/lhaaso/liushijie/energy/pass5_crab_v6_125d_covariance/run_gti_hour.sh.out.79724879.884
20220210_05,1,3558.67403014563,107021948.0,105852184.0,0.9890698681732087,/home/lhaaso/liushijie/energy/pass5_crab_v6_125d_covariance/run_gti_hour.sh.out.79724879.885
20220210_06,1,3547.61568009853,106888936.0,105699260.0,0.988869979957514,/home/lhaaso/liushijie/energy/pass5_crab_v6_125d_covariance/run_gti_hour.sh.out.79724879.886
20220210_07,1,3550.616227719,106871966.0,105699125.0,0.9890257375821083,/home/lhaaso/liushijie/energy/pass5_crab_v6_125d_covariance/run_gti_hour.sh.out.79724879.887
20220210_08,1,3592.69222535659,107914272.0,106732775.0,0.9890515223046679,/home/lhaaso/liushijie/energy/pass5_crab_v6_125d_covariance/run_gti_hour.sh.out.79724879.888
20220210_09,1,3541.27416349947,106307038.0,105144232.0,0.989061815455718,/home/lhaaso/liushijie/energy/pass5_crab_v6_125d_covariance/run_gti_hour.sh.out.79724879.889
20220210_10,1,3574.43858266342,107325327.0,106162173.0,0.9891623530762688,/home/lhaaso/liushijie/energy/pass5_crab_v6_125d_covariance/run_gti_hour.sh.out.79724879.890
20220210_11,2,1749.12447275128,105975743.0,51804679.0,0.48883525166697817,/home/lhaaso/liushijie/energy/pass5_crab_v6_125d_covariance/run_gti_hour.sh.out.79724879.891
20220210_14,1,2920.53556200117,107780057.0,87531214.0,0.8121281101196671,/home/lhaaso/liushijie/energy/pass5_crab_v6_125d_covariance/run_gti_hour.sh.out.79724879.892
20220210_15,1,3579.38843951561,108769517.0,107638295.0,0.9895998251054108,/home/lhaaso/liushijie/energy/pass5_crab_v6_125d_covariance/run_gti_hour.sh.out.79724879.893
20220210_16,1,3556.07379216235,107800494.0,106670046.0,0.9895135174426937,/home/lhaaso/liushijie/energy/pass5_crab_v6_125d_covariance/run_gti_hour.sh.out.79724879.894
20220210_17,1,3557.4467736762,107868046.0,106751164.0,0.9896458493370688,/home/lhaaso/liushijie/energy/pass5_crab_v6_125d_covariance/run_gti_hour.sh.out.79724879.895
20220210_18,1,3577.81203927007,108423958.0,107310655.0,0.9897319465131498,/home/lhaaso/liushijie/energy/pass5_crab_v6_125d_covariance/run_gti_hour.sh.out.79724879.896
20220210_19,1,3562.39073071629,107585281.0,106477791.0,0.9897059338442403,/home/lhaaso/liushijie/energy/pass5_crab_v6_125d_covariance/run_gti_hour.sh.out.79724879.897
20220210_20,2,3475.39807430003,106713645.0,103412246.0,0.9690630097022738,/home/lhaaso/liushijie/energy/pass5_crab_v6_125d_covariance/run_gti_hour.sh.out.79724879.898
20220210_21,1,3596.4278399013,107446830.0,106889231.0,0.9948104657903821,/home/lhaaso/liushijie/energy/pass5_crab_v6_125d_covariance/run_gti_hour.sh.out.79724879.899
20220210_22,1,3591.44435129128,107473480.0,106327546.0,0.9893375184278019,/home/lhaaso/liushijie/energy/pass5_crab_v6_125d_covariance/run_gti_hour.sh.out.79724879.900
20220210_23,1,3558.07855648454,106879043.0,105718997.0,0.9891461790128492,/home/lhaaso/liushijie/energy/pass5_crab_v6_125d_covariance/run_gti_hour.sh.out.79724879.901
20220211_00,1,3554.85839881003,106827701.0,105674434.0,0.9892044199284977,/home/lhaaso/liushijie/energy/pass5_crab_v6_125d_covariance/run_gti_hour.sh.out.79724879.902
20220211_01,2,3489.51752095018,106972882.0,103490422.0,0.9674453942448704,/home/lhaaso/liushijie/energy/pass5_crab_v6_125d_covariance/run_gti_hour.sh.out.79724879.903
20220211_02,1,3577.52526062541,106486894.0,105912492.0,0.9946058901858852,/home/lhaaso/liushijie/energy/pass5_crab_v6_125d_covariance/run_gti_hour.sh.out.79724879.904
20220211_03,1,3569.02066043112,106310062.0,105229311.0,0.989833972629985,/home/lhaaso/liushijie/energy/pass5_crab_v6_125d_covariance/run_gti_hour.sh.out.79724879.905
20220211_04,1,3566.13781861961,106809762.0,105680264.0,0.9894251426194546,/home/lhaaso/liushijie/energy/pass5_crab_v6_125d_covariance/run_gti_hour.sh.out.79724879.906
20220211_05,1,3555.69842392579,106741702.0,105594207.0,0.9892497966727194,/home/lhaaso/liushijie/energy/pass5_crab_v6_125d_covariance/run_gti_hour.sh.out.79724879.907
20220211_06,1,3566.61150155123,106809784.0,105678182.0,0.9894054462276602,/home/lhaaso/liushijie/energy/pass5_crab_v6_125d_covariance/run_gti_hour.sh.out.79724879.908
20220211_07,1,3575.81713018008,106811934.0,105691914.0,0.9895140930600508,/home/lhaaso/liushijie/energy/pass5_crab_v6_125d_covariance/run_gti_hour.sh.out.79724879.909
20220211_08,1,3564.7772421129,106475557.0,105388071.0,0.9897865197361682,/home/lhaaso/liushijie/energy/pass5_crab_v6_125d_covariance/run_gti_hour.sh.out.79724879.910
20220211_09,2,3511.94242509082,106736317.0,103846412.0,0.9729248199560793,/home/lhaaso/liushijie/energy/pass5_crab_v6_125d_covariance/run_gti_hour.sh.out.79724879.911
20220211_10,2,3502.16346799862,106342554.0,103054766.0,0.9690830445919137,/home/lhaaso/liushijie/energy/pass5_crab_v6_125d_covariance/run_gti_hour.sh.out.79724879.912
20220211_11,1,1502.84542234149,106831192.0,44309532.0,0.4147621230323818,/home/lhaaso/liushijie/energy/pass5_crab_v6_125d_covariance/run_gti_hour.sh.out.79724879.913
20220211_14,1,3193.28738548793,108195411.0,95656834.0,0.884111748510295,/home/lhaaso/liushijie/energy/pass5_crab_v6_125d_covariance/run_gti_hour.sh.out.79724879.914
20220211_15,1,3586.60311887506,108220175.0,107095984.0,0.989612001643871,/home/lhaaso/liushijie/energy/pass5_crab_v6_125d_covariance/run_gti_hour.sh.out.79724879.915
20220211_16,1,3545.73225136846,107638252.0,106508729.0,0.9895063048775634,/home/lhaaso/liushijie/energy/pass5_crab_v6_125d_covariance/run_gti_hour.sh.out.79724879.916
20220211_17,1,3595.02010513097,108691095.0,108050774.0,0.9941087998055407,/home/lhaaso/liushijie/energy/pass5_crab_v6_125d_covariance/run_gti_hour.sh.out.79724879.917
20220211_18,1,3575.64051614609,107954371.0,106806359.0,0.9893657663940258,/home/lhaaso/liushijie/energy/pass5_crab_v6_125d_covariance/run_gti_hour.sh.out.79724879.918
20220211_19,1,3570.71394044906,107838323.0,106725999.0,0.9896852624460787,/home/lhaaso/liushijie/energy/pass5_crab_v6_125d_covariance/run_gti_hour.sh.out.79724879.919
20220211_20,1,3545.6168061588,106815048.0,105754159.0,0.9900679818072076,/home/lhaaso/liushijie/energy/pass5_crab_v6_125d_covariance/run_gti_hour.sh.out.79724879.920
20220211_21,1,3567.31398277916,106946575.0,105877355.0,0.9900022978762995,/home/lhaaso/liushijie/energy/pass5_crab_v6_125d_covariance/run_gti_hour.sh.out.79724879.921
20220211_22,1,3596.5946106473,107271363.0,106148397.0,0.9895315397456076,/home/lhaaso/liushijie/energy/pass5_crab_v6_125d_covariance/run_gti_hour.sh.out.79724879.922
20220211_23,1,3558.21823084261,106194675.0,105071762.0,0.9894259010633066,/home/lhaaso/liushijie/energy/pass5_crab_v6_125d_covariance/run_gti_hour.sh.out.79724879.923
20220212_00,1,3553.27623076737,106150251.0,105036691.0,0.9895095867460549,/home/lhaaso/liushijie/energy/pass5_crab_v6_125d_covariance/run_gti_hour.sh.out.79724879.924
20220212_01,1,3583.1043624552,106759444.0,106162262.0,0.9944062840941734,/home/lhaaso/liushijie/energy/pass5_crab_v6_125d_covariance/run_gti_hour.sh.out.79724879.925
20220212_02,1,3570.50196274649,106646870.0,105574332.0,0.9899430897503133,/home/lhaaso/liushijie/energy/pass5_crab_v6_125d_covariance/run_gti_hour.sh.out.79724879.926
20220212_03,2,3489.50479533523,107181341.0,103787420.0,0.9683347775990225,/home/lhaaso/liushijie/energy/pass5_crab_v6_125d_covariance/run_gti_hour.sh.out.79724879.927
20220212_04,1,3553.61586443614,107036094.0,105881042.0,0.9892087616724878,/home/lhaaso/liushijie/energy/pass5_crab_v6_125d_covariance/run_gti_hour.sh.out.79724879.928
20220212_05,1,3581.65066950023,108197412.0,107055513.0,0.9894461523719255,/home/lhaaso/liushijie/energy/pass5_crab_v6_125d_covariance/run_gti_hour.sh.out.79724879.929
20220212_06,1,3572.53559560049,108089152.0,106936388.0,0.9893350629672809,/home/lhaaso/liushijie/energy/pass5_crab_v6_125d_covariance/run_gti_hour.sh.out.79724879.930
20220212_07,1,3536.65342249442,106882593.0,105720734.0,0.9891295769742413,/home/lhaaso/liushijie/energy/pass5_crab_v6_125d_covariance/run_gti_hour.sh.out.79724879.931
20220212_08,1,3572.3946677288,107830263.0,106684841.0,0.9893775460790631,/home/lhaaso/liushijie/energy/pass5_crab_v6_125d_covariance/run_gti_hour.sh.out.79724879.932
20220212_09,1,3561.99244153686,107354238.0,106220619.0,0.9894403889299648,/home/lhaaso/liushijie/energy/pass5_crab_v6_125d_covariance/run_gti_hour.sh.out.79724879.933
20220212_10,1,3559.23702812288,107116867.0,105987222.0,0.9894540884956988,/home/lhaaso/liushijie/energy/pass5_crab_v6_125d_covariance/run_gti_hour.sh.out.79724879.934
20220212_11,2,1256.94363426883,107944978.0,37360711.0,0.34610883889382976,/home/lhaaso/liushijie/energy/pass5_crab_v6_125d_covariance/run_gti_hour.sh.out.79724879.935
20220212_14,1,3434.68529095408,108547166.0,103771675.0,0.956005382950302,/home/lhaaso/liushijie/energy/pass5_crab_v6_125d_covariance/run_gti_hour.sh.out.79724879.936
20220212_15,1,3573.22730629239,108435835.0,107761067.0,0.9937772600727426,/home/lhaaso/liushijie/energy/pass5_crab_v6_125d_covariance/run_gti_hour.sh.out.79724879.937
20220212_16,1,3574.62689511012,108293440.0,107208625.0,0.9899826342205031,/home/lhaaso/liushijie/energy/pass5_crab_v6_125d_covariance/run_gti_hour.sh.out.79724879.938
20220212_17,1,3558.79240671638,108117683.0,107026701.0,0.9899093102096906,/home/lhaaso/liushijie/energy/pass5_crab_v6_125d_covariance/run_gti_hour.sh.out.79724879.939
20220212_18,1,3592.44696416426,108243681.0,107554333.0,0.9936315173908397,/home/lhaaso/liushijie/energy/pass5_crab_v6_125d_covariance/run_gti_hour.sh.out.79724879.940
20220212_19,3,3442.83145603258,107460817.0,102038103.0,0.9495377557012246,/home/lhaaso/liushijie/energy/pass5_crab_v6_125d_covariance/run_gti_hour.sh.out.79724879.941
20220212_21,1,3557.91225470603,105980785.0,104983378.0,0.9905887939969495,/home/lhaaso/liushijie/energy/pass5_crab_v6_125d_covariance/run_gti_hour.sh.out.79724879.942
20220212_22,1,3563.7749127578,105969244.0,104923369.0,0.9901303910406306,/home/lhaaso/liushijie/energy/pass5_crab_v6_125d_covariance/run_gti_hour.sh.out.79724879.943
20220213_00,1,3568.77040215768,106051818.0,105018324.0,0.9902548205255661,/home/lhaaso/liushijie/energy/pass5_crab_v6_125d_covariance/run_gti_hour.sh.out.79724879.944
20220213_01,1,3567.01856281143,106046384.0,105061425.0,0.990711998251633,/home/lhaaso/liushijie/energy/pass5_crab_v6_125d_covariance/run_gti_hour.sh.out.79724879.945
20220213_02,1,3590.82244446035,106576317.0,105903335.0,0.9936854451444405,/home/lhaaso/liushijie/energy/pass5_crab_v6_125d_covariance/run_gti_hour.sh.out.79724879.946
20220213_03,1,3584.62735509966,106630162.0,105615932.0,0.9904883385622165,/home/lhaaso/liushijie/energy/pass5_crab_v6_125d_covariance/run_gti_hour.sh.out.79724879.947
20220213_04,1,3580.40291173384,106662366.0,105924003.0,0.9930775677711856,/home/lhaaso/liushijie/energy/pass5_crab_v6_125d_covariance/run_gti_hour.sh.out.79724879.948
20220213_05,1,3580.50815847237,106688349.0,105648870.0,0.9902568648803441,/home/lhaaso/liushijie/energy/pass5_crab_v6_125d_covariance/run_gti_hour.sh.out.79724879.949
20220213_06,1,3578.32786389627,106603441.0,105849723.0,0.9929297028976767,/home/lhaaso/liushijie/energy/pass5_crab_v6_125d_covariance/run_gti_hour.sh.out.79724879.950
20220213_07,1,3588.259864063,106690628.0,105631620.0,0.9900740297451431,/home/lhaaso/liushijie/energy/pass5_crab_v6_125d_covariance/run_gti_hour.sh.out.79724879.951
20220213_08,1,3552.1748380037,105759908.0,104715519.0,0.9901249063113784,/home/lhaaso/liushijie/energy/pass5_crab_v6_125d_covariance/run_gti_hour.sh.out.79724879.952
20220213_09,2,3504.20390716754,106259441.0,103106952.0,0.9703321514744275,/home/lhaaso/liushijie/energy/pass5_crab_v6_125d_covariance/run_gti_hour.sh.out.79724879.953
20220213_10,1,3567.81410516705,105969810.0,104931438.0,0.9902012469400483,/home/lhaaso/liushijie/energy/pass5_crab_v6_125d_covariance/run_gti_hour.sh.out.79724879.954
20220213_11,3,1024.04686643276,105991062.0,29976585.0,0.28282181944737944,/home/lhaaso/liushijie/energy/pass5_crab_v6_125d_covariance/run_gti_hour.sh.out.79724879.955
20220213_13,1,40.9244014648721,105421685.0,1204714.0,0.01142757298937121,/home/lhaaso/liushijie/energy/pass5_crab_v6_125d_covariance/run_gti_hour.sh.out.79724879.956
20220213_14,1,3576.13779203966,106507870.0,105439658.0,0.9899705815166523,/home/lhaaso/liushijie/energy/pass5_crab_v6_125d_covariance/run_gti_hour.sh.out.79724879.957
20220213_15,1,3566.29415703937,106501020.0,105426492.0,0.9899106318418359,/home/lhaaso/liushijie/energy/pass5_crab_v6_125d_covariance/run_gti_hour.sh.out.79724879.958
20220213_16,2,3500.84609056357,106718965.0,103484526.0,0.9696919942954844,/home/lhaaso/liushijie/energy/pass5_crab_v6_125d_covariance/run_gti_hour.sh.out.79724879.959
20220213_17,1,3554.4300850248,106008346.0,104925597.0,0.9897861909853777,/home/lhaaso/liushijie/energy/pass5_crab_v6_125d_covariance/run_gti_hour.sh.out.79724879.960
20220213_18,1,3589.43140455522,106657314.0,105595396.0,0.9900436457644152,/home/lhaaso/liushijie/energy/pass5_crab_v6_125d_covariance/run_gti_hour.sh.out.79724879.961
20220213_19,1,3568.31743426155,105650127.0,104630428.0,0.9903483409915825,/home/lhaaso/liushijie/energy/pass5_crab_v6_125d_covariance/run_gti_hour.sh.out.79724879.962
20220213_20,1,3542.79298069887,104468074.0,103511083.0,0.9908393927124568,/home/lhaaso/liushijie/energy/pass5_crab_v6_125d_covariance/run_gti_hour.sh.out.79724879.963
20220213_21,1,3597.92546618264,105302266.0,104632561.0,0.9936401653502879,/home/lhaaso/liushijie/energy/pass5_crab_v6_125d_covariance/run_gti_hour.sh.out.79724879.964
20220213_22,1,3586.70157124288,104560102.0,103523635.0,0.9900873566477585,/home/lhaaso/liushijie/energy/pass5_crab_v6_125d_covariance/run_gti_hour.sh.out.79724879.965
20220213_23,1,3558.83098023478,103940977.0,102869475.0,0.9896912456383781,/home/lhaaso/liushijie/energy/pass5_crab_v6_125d_covariance/run_gti_hour.sh.out.79724879.966
20220214_00,1,3582.06689951476,104393307.0,103702798.0,0.993385505068826,/home/lhaaso/liushijie/energy/pass5_crab_v6_125d_covariance/run_gti_hour.sh.out.79724879.967
20220214_01,1,3579.55971448682,104371987.0,103332532.0,0.9900408622095123,/home/lhaaso/liushijie/energy/pass5_crab_v6_125d_covariance/run_gti_hour.sh.out.79724879.968
20220214_02,1,3583.38281849865,104479438.0,103856564.0,0.9940383101984144,/home/lhaaso/liushijie/energy/pass5_crab_v6_125d_covariance/run_gti_hour.sh.out.79724879.969
20220214_03,1,3573.88563856948,104429630.0,103396360.0,0.9901055859338006,/home/lhaaso/liushijie/energy/pass5_crab_v6_125d_covariance/run_gti_hour.sh.out.79724879.970
20220214_04,2,3490.20780147985,104775389.0,101566459.0,0.9693732466123318,/home/lhaaso/liushijie/energy/pass5_crab_v6_125d_covariance/run_gti_hour.sh.out.79724879.971
20220214_05,1,3593.88893670402,105896918.0,104831119.0,0.9899355050163028,/home/lhaaso/liushijie/energy/pass5_crab_v6_125d_covariance/run_gti_hour.sh.out.79724879.972
20220214_06,2,3464.78677787818,104641054.0,101323730.0,0.968298063970189,/home/lhaaso/liushijie/energy/pass5_crab_v6_125d_covariance/run_gti_hour.sh.out.79724879.973
20220214_07,1,3585.68577195983,105261122.0,104490756.0,0.9926813814505986,/home/lhaaso/liushijie/energy/pass5_crab_v6_125d_covariance/run_gti_hour.sh.out.79724879.974
20220214_08,1,3593.45997604541,105136580.0,104101059.0,0.9901507068234481,/home/lhaaso/liushijie/energy/pass5_crab_v6_125d_covariance/run_gti_hour.sh.out.79724879.975
20220214_09,1,12.0931990910321,776061.0,180394.0,0.23244822249797376,/home/lhaaso/liushijie/energy/pass5_crab_v6_125d_covariance/run_gti_hour.sh.out.79724879.976
20220214_10,1,166.060301125981,5121400.0,4817280.0,0.9406177998203616,/home/lhaaso/liushijie/energy/pass5_crab_v6_125d_covariance/run_gti_hour.sh.out.79724879.977
20220214_14,1,405.119315511547,13142184.0,0.0,0.0,/home/lhaaso/liushijie/energy/pass5_crab_v6_125d_covariance/run_gti_hour.sh.out.79724879.978
20220214_15,1,3572.36214678269,106463679.0,105297703.0,0.9890481334953679,/home/lhaaso/liushijie/energy/pass5_crab_v6_125d_covariance/run_gti_hour.sh.out.79724879.979
20220214_16,1,3550.65647971351,105656803.0,104489890.0,0.9889556283469981,/home/lhaaso/liushijie/energy/pass5_crab_v6_125d_covariance/run_gti_hour.sh.out.79724879.980
20220214_17,1,3570.09472609498,106178214.0,105021248.0,0.9891035462321865,/home/lhaaso/liushijie/energy/pass5_crab_v6_125d_covariance/run_gti_hour.sh.out.79724879.981
20220214_18,1,3553.75177385285,105340527.0,104170369.0,0.9888916636993852,/home/lhaaso/liushijie/energy/pass5_crab_v6_125d_covariance/run_gti_hour.sh.out.79724879.982
20220214_19,1,3581.67746413965,105838369.0,104677254.0,0.9890293566409739,/home/lhaaso/liushijie/energy/pass5_crab_v6_125d_covariance/run_gti_hour.sh.out.79724879.983
20220214_20,1,3562.26716029923,104838957.0,103736190.0,0.9894813241989807,/home/lhaaso/liushijie/energy/pass5_crab_v6_125d_covariance/run_gti_hour.sh.out.79724879.984
20220214_21,1,3538.21129223797,103758285.0,102624459.0,0.9890724292522761,/home/lhaaso/liushijie/energy/pass5_crab_v6_125d_covariance/run_gti_hour.sh.out.79724879.985
20220214_22,1,3595.8772161277,105112950.0,103935745.0,0.9888005711950811,/home/lhaaso/liushijie/energy/pass5_crab_v6_125d_covariance/run_gti_hour.sh.out.79724879.986
20220214_23,1,3520.74393136427,102748610.0,101559905.0,0.9884309383844706,/home/lhaaso/liushijie/energy/pass5_crab_v6_125d_covariance/run_gti_hour.sh.out.79724879.987
20220215_00,1,3576.42385591753,104168465.0,102999765.0,0.9887806736904494,/home/lhaaso/liushijie/energy/pass5_crab_v6_125d_covariance/run_gti_hour.sh.out.79724879.988
20220215_01,1,3572.98989999108,104120456.0,102992063.0,0.9891626194952508,/home/lhaaso/liushijie/energy/pass5_crab_v6_125d_covariance/run_gti_hour.sh.out.79724879.989
20220215_02,1,3563.05476226844,104024324.0,102919124.0,0.9893755618157153,/home/lhaaso/liushijie/energy/pass5_crab_v6_125d_covariance/run_gti_hour.sh.out.79724879.990
20220215_03,1,3551.33835843299,104008892.0,102821927.0,0.9885878507387619,/home/lhaaso/liushijie/energy/pass5_crab_v6_125d_covariance/run_gti_hour.sh.out.79724879.991
20220215_04,1,3538.57827438042,103889773.0,102714646.0,0.9886887133731633,/home/lhaaso/liushijie/energy/pass5_crab_v6_125d_covariance/run_gti_hour.sh.out.79724879.992
20220215_05,1,3576.22924321331,105150876.0,103954127.0,0.9886187443650017,/home/lhaaso/liushijie/energy/pass5_crab_v6_125d_covariance/run_gti_hour.sh.out.79724879.993
20220215_06,1,3579.0459518088,105207788.0,103997257.0,0.9884939031319621,/home/lhaaso/liushijie/energy/pass5_crab_v6_125d_covariance/run_gti_hour.sh.out.79724879.994
20220215_07,1,3537.17079106718,103944778.0,102741434.0,0.9884232375771681,/home/lhaaso/liushijie/energy/pass5_crab_v6_125d_covariance/run_gti_hour.sh.out.79724879.995
20220215_08,1,3572.35315907747,104787586.0,103588934.0,0.9885611259333715,/home/lhaaso/liushijie/energy/pass5_crab_v6_125d_covariance/run_gti_hour.sh.out.79724879.996
20220215_09,1,3559.61200345773,104232776.0,103040741.0,0.9885637220292396,/home/lhaaso/liushijie/energy/pass5_crab_v6_125d_covariance/run_gti_hour.sh.out.79724879.997
20220215_10,1,3530.85292652249,103440180.0,102266341.0,0.9886520015723097,/home/lhaaso/liushijie/energy/pass5_crab_v6_125d_covariance/run_gti_hour.sh.out.79724879.998
20220215_11,1,580.321674398147,105207090.0,16800519.0,0.159689988573964,/home/lhaaso/liushijie/energy/pass5_crab_v6_125d_covariance/run_gti_hour.sh.out.79724879.999
20220215_16,4,657.612526416779,17900513.0,0.0,0.0,/home/lhaaso/liushijie/energy/pass5_crab_v6_125d_covariance/run_gti_hour.sh.out.79724879.1000
20220215_17,4,2311.33309286088,68685289.0,67055279.0,0.9762684262710171,/home/lhaaso/liushijie/energy/pass5_crab_v6_125d_covariance/run_gti_hour.sh.out.79724879.1001
20220215_18,1,3536.70997833833,104823879.0,103650581.0,0.988806958765569,/home/lhaaso/liushijie/energy/pass5_crab_v6_125d_covariance/run_gti_hour.sh.out.79724879.1002
20220215_19,1,3597.69638059661,106489692.0,105355260.0,0.9893470252501059,/home/lhaaso/liushijie/energy/pass5_crab_v6_125d_covariance/run_gti_hour.sh.out.79724879.1003
20220215_20,1,3531.19807527401,104230264.0,103136596.0,0.98950719341937,/home/lhaaso/liushijie/energy/pass5_crab_v6_125d_covariance/run_gti_hour.sh.out.79724879.1004
20220215_21,1,3594.52161407098,105669070.0,104534060.0,0.9892588247440808,/home/lhaaso/liushijie/energy/pass5_crab_v6_125d_covariance/run_gti_hour.sh.out.79724879.1005
20220215_22,1,3563.07516675442,104559495.0,103389927.0,0.9888143300615597,/home/lhaaso/liushijie/energy/pass5_crab_v6_125d_covariance/run_gti_hour.sh.out.79724879.1006
20220215_23,1,3556.86420479324,104479922.0,103313983.0,0.9888405448847866,/home/lhaaso/liushijie/energy/pass5_crab_v6_125d_covariance/run_gti_hour.sh.out.79724879.1007
20220216_00,1,3522.93070536107,103357433.0,102184099.0,0.9886478024275235,/home/lhaaso/liushijie/energy/pass5_crab_v6_125d_covariance/run_gti_hour.sh.out.79724879.1008
20220216_01,1,3598.2384743169,105786702.0,104663902.0,0.9893861895798586,/home/lhaaso/liushijie/energy/pass5_crab_v6_125d_covariance/run_gti_hour.sh.out.79724879.1009
20220216_02,1,3554.79267358314,104664943.0,103563160.0,0.989473237471691,/home/lhaaso/liushijie/energy/pass5_crab_v6_125d_covariance/run_gti_hour.sh.out.79724879.1010
20220216_03,1,3537.31322893873,104558314.0,103414854.0,0.9890639016998687,/home/lhaaso/liushijie/energy/pass5_crab_v6_125d_covariance/run_gti_hour.sh.out.79724879.1011
20220216_04,1,3559.96994068846,105608774.0,104433365.0,0.9888701577011016,/home/lhaaso/liushijie/energy/pass5_crab_v6_125d_covariance/run_gti_hour.sh.out.79724879.1012
20220216_05,1,3586.53379655443,106775106.0,105588217.0,0.9888842161392938,/home/lhaaso/liushijie/energy/pass5_crab_v6_125d_covariance/run_gti_hour.sh.out.79724879.1013
20220216_06,1,3537.59465154726,105510057.0,104323426.0,0.9887533849024458,/home/lhaaso/liushijie/energy/pass5_crab_v6_125d_covariance/run_gti_hour.sh.out.79724879.1014
20220216_07,1,3576.61044525448,106638412.0,105460609.0,0.9889551712379213,/home/lhaaso/liushijie/energy/pass5_crab_v6_125d_covariance/run_gti_hour.sh.out.79724879.1015
20220216_08,1,3566.01973876823,106222101.0,105047625.0,0.9889432049550592,/home/lhaaso/liushijie/energy/pass5_crab_v6_125d_covariance/run_gti_hour.sh.out.79724879.1016
20220216_09,2,1586.20024078991,48871179.0,46691554.0,0.955400605334281,/home/lhaaso/liushijie/energy/pass5_crab_v6_125d_covariance/run_gti_hour.sh.out.79724879.1017
20220216_10,1,1006.75959975924,30015822.0,29739717.0,0.9908013513672889,/home/lhaaso/liushijie/energy/pass5_crab_v6_125d_covariance/run_gti_hour.sh.out.79724879.1018
20220216_16,2,2581.18732091971,79359462.0,54257860.0,0.6836974272834662,/home/lhaaso/liushijie/energy/pass5_crab_v6_125d_covariance/run_gti_hour.sh.out.79724879.1019
20220216_17,1,3580.71077254135,108410712.0,107267441.0,0.9894542616784954,/home/lhaaso/liushijie/energy/pass5_crab_v6_125d_covariance/run_gti_hour.sh.out.79724879.1020
20220216_18,2,3494.42639658228,107998267.0,104532609.0,0.967910059149375,/home/lhaaso/liushijie/energy/pass5_crab_v6_125d_covariance/run_gti_hour.sh.out.79724879.1021
20220216_19,1,3565.51449294202,107498213.0,106394269.0,0.9897305827772226,/home/lhaaso/liushijie/energy/pass5_crab_v6_125d_covariance/run_gti_hour.sh.out.79724879.1022
20220216_20,1,3541.79946617223,106396924.0,105359890.0,0.9902531580706224,/home/lhaaso/liushijie/energy/pass5_crab_v6_125d_covariance/run_gti_hour.sh.out.79724879.1023
20220216_21,1,3560.05523933563,106611864.0,105544170.0,0.9899852234081565,/home/lhaaso/liushijie/energy/pass5_crab_v6_125d_covariance/run_gti_hour.sh.out.79724879.1024
20220216_22,1,3593.68642007466,107231765.0,106597793.0,0.9940878339547987,/home/lhaaso/liushijie/energy/pass5_crab_v6_125d_covariance/run_gti_hour.sh.out.79724879.1025
20220216_23,1,3602.63353383634,106825158.0,106167938.0,0.993847703927571,/home/lhaaso/liushijie/energy/pass5_crab_v6_125d_covariance/run_gti_hour.sh.out.79724879.1026
20220217_00,1,3581.10889387317,106463583.0,105389751.0,0.9899136214493176,/home/lhaaso/liushijie/energy/pass5_crab_v6_125d_covariance/run_gti_hour.sh.out.79724879.1027
20220217_01,1,3551.2767841341,105987620.0,104948528.0,0.9901961002615212,/home/lhaaso/liushijie/energy/pass5_crab_v6_125d_covariance/run_gti_hour.sh.out.79724879.1028
20220217_02,1,3585.41154039558,107196701.0,106163326.0,0.9903600111723587,/home/lhaaso/liushijie/energy/pass5_crab_v6_125d_covariance/run_gti_hour.sh.out.79724879.1029
20220217_03,1,3580.93189636711,107174736.0,106091719.0,0.9898948479798448,/home/lhaaso/liushijie/energy/pass5_crab_v6_125d_covariance/run_gti_hour.sh.out.79724879.1030
20220217_04,1,3564.61886814795,106482517.0,105795950.0,0.9935523030508379,/home/lhaaso/liushijie/energy/pass5_crab_v6_125d_covariance/run_gti_hour.sh.out.79724879.1031
20220217_05,1,3594.82985457871,107076220.0,106377783.0,0.9934771978316007,/home/lhaaso/liushijie/energy/pass5_crab_v6_125d_covariance/run_gti_hour.sh.out.79724879.1032
20220217_06,1,3564.44181217812,106458253.0,105378144.0,0.9898541543791819,/home/lhaaso/liushijie/energy/pass5_crab_v6_125d_covariance/run_gti_hour.sh.out.79724879.1033
20220217_07,2,3507.58445800748,107185596.0,103897600.0,0.9693242737578285,/home/lhaaso/liushijie/energy/pass5_crab_v6_125d_covariance/run_gti_hour.sh.out.79724879.1034
20220217_08,1,3578.03363269195,106838455.0,105760528.0,0.9899106833770668,/home/lhaaso/liushijie/energy/pass5_crab_v6_125d_covariance/run_gti_hour.sh.out.79724879.1035
20220217_09,1,3231.86910452787,95597896.0,95417787.0,0.9981159731799956,/home/lhaaso/liushijie/energy/pass5_crab_v6_125d_covariance/run_gti_hour.sh.out.79724879.1036
20220217_15,1,1175.84285144694,36631833.0,0.0,0.0,/home/lhaaso/liushijie/energy/pass5_crab_v6_125d_covariance/run_gti_hour.sh.out.79724879.1037
20220217_16,2,1585.76653953642,49589622.0,47596730.0,0.9598123171820104,/home/lhaaso/liushijie/energy/pass5_crab_v6_125d_covariance/run_gti_hour.sh.out.79724879.1038
20220217_17,2,3428.29426496755,104750940.0,102580489.0,0.9792798899943046,/home/lhaaso/liushijie/energy/pass5_crab_v6_125d_covariance/run_gti_hour.sh.out.79724879.1039
20220217_18,1,3574.11806350574,107970341.0,106819783.0,0.9893437587642703,/home/lhaaso/liushijie/energy/pass5_crab_v6_125d_covariance/run_gti_hour.sh.out.79724879.1040
20220217_19,1,3570.68903488107,107270432.0,106153494.0,0.9895876433125579,/home/lhaaso/liushijie/energy/pass5_crab_v6_125d_covariance/run_gti_hour.sh.out.79724879.1041
20220217_20,1,3560.13647443615,106307339.0,105253412.0,0.9900860372396303,/home/lhaaso/liushijie/energy/pass5_crab_v6_125d_covariance/run_gti_hour.sh.out.79724879.1042
20220217_21,1,3571.18517167401,105885156.0,105314959.0,0.9946149486713699,/home/lhaaso/liushijie/energy/pass5_crab_v6_125d_covariance/run_gti_hour.sh.out.79724879.1043
20220217_22,1,3579.38483299222,106072435.0,104933307.0,0.9892608480233342,/home/lhaaso/liushijie/energy/pass5_crab_v6_125d_covariance/run_gti_hour.sh.out.79724879.1044
20220217_23,1,3561.67156028096,105623002.0,104488263.0,0.9892567056558381,/home/lhaaso/liushijie/energy/pass5_crab_v6_125d_covariance/run_gti_hour.sh.out.79724879.1045
20220218_00,1,3569.88723878749,105865705.0,104748981.0,0.989451503676285,/home/lhaaso/liushijie/energy/pass5_crab_v6_125d_covariance/run_gti_hour.sh.out.79724879.1046
20220218_01,1,3578.72475308832,105499436.0,104930212.0,0.9946044830040608,/home/lhaaso/liushijie/energy/pass5_crab_v6_125d_covariance/run_gti_hour.sh.out.79724879.1047
20220218_02,1,3578.32370542455,105523248.0,104438022.0,0.9897157638665557,/home/lhaaso/liushijie/energy/pass5_crab_v6_125d_covariance/run_gti_hour.sh.out.79724879.1048
20220218_03,1,3577.55512304138,106157712.0,105026932.0,0.9893481125516345,/home/lhaaso/liushijie/energy/pass5_crab_v6_125d_covariance/run_gti_hour.sh.out.79724879.1049
20220218_04,1,3536.15072141401,104927969.0,103779217.0,0.9890519943257455,/home/lhaaso/liushijie/energy/pass5_crab_v6_125d_covariance/run_gti_hour.sh.out.79724879.1050
20220218_05,1,3579.01259225328,106132764.0,104973386.0,0.9890761537125331,/home/lhaaso/liushijie/energy/pass5_crab_v6_125d_covariance/run_gti_hour.sh.out.79724879.1051
20220218_06,1,3578.96657183301,105613866.0,104969107.0,0.9938951292626671,/home/lhaaso/liushijie/energy/pass5_crab_v6_125d_covariance/run_gti_hour.sh.out.79724879.1052
20220218_07,1,3585.04710802808,105597135.0,104412654.0,0.9887830195393085,/home/lhaaso/liushijie/energy/pass5_crab_v6_125d_covariance/run_gti_hour.sh.out.79724879.1053
20220218_08,1,3548.63261408173,104702874.0,103538014.0,0.9888746129356487,/home/lhaaso/liushijie/energy/pass5_crab_v6_125d_covariance/run_gti_hour.sh.out.79724879.1054
20220218_09,2,3483.35967552848,105063362.0,101573986.0,0.9667878893881199,/home/lhaaso/liushijie/energy/pass5_crab_v6_125d_covariance/run_gti_hour.sh.out.79724879.1055
20220218_10,1,3456.70932030771,105425864.0,100693155.0,0.9551086534135494,/home/lhaaso/liushijie/energy/pass5_crab_v6_125d_covariance/run_gti_hour.sh.out.79724879.1056
20220218_13,1,1276.36315401178,104714243.0,37074613.0,0.3540551116814166,/home/lhaaso/liushijie/energy/pass5_crab_v6_125d_covariance/run_gti_hour.sh.out.79724879.1057
20220218_14,1,3568.07430291083,105086311.0,103957979.0,0.9892628070272635,/home/lhaaso/liushijie/energy/pass5_crab_v6_125d_covariance/run_gti_hour.sh.out.79724879.1058
20220218_15,1,3553.76880504191,105101099.0,103948713.0,0.9890354524266202,/home/lhaaso/liushijie/energy/pass5_crab_v6_125d_covariance/run_gti_hour.sh.out.79724879.1059
20220218_16,2,2587.48630103655,77810403.0,75555511.0,0.9710206872980724,/home/lhaaso/liushijie/energy/pass5_crab_v6_125d_covariance/run_gti_hour.sh.out.79724879.1060
20220218_17,3,2310.8657680219,69002016.0,67409457.0,0.9769201091168119,/home/lhaaso/liushijie/energy/pass5_crab_v6_125d_covariance/run_gti_hour.sh.out.79724879.1061
20220218_18,1,3538.96109140478,104110069.0,102936756.0,0.9887300718242729,/home/lhaaso/liushijie/energy/pass5_crab_v6_125d_covariance/run_gti_hour.sh.out.79724879.1062
20220218_19,2,3400.34152732696,100477957.0,98562444.0,0.9809359877808821,/home/lhaaso/liushijie/energy/pass5_crab_v6_125d_covariance/run_gti_hour.sh.out.79724879.1063
20220218_20,2,3419.31916528847,100896334.0,98807088.0,0.9792931426031792,/home/lhaaso/liushijie/energy/pass5_crab_v6_125d_covariance/run_gti_hour.sh.out.79724879.1064
20220218_21,2,3474.95478875935,103653676.0,100162892.0,0.9663226222676367,/home/lhaaso/liushijie/energy/pass5_crab_v6_125d_covariance/run_gti_hour.sh.out.79724879.1065
20220218_22,1,3560.41241087951,103656207.0,102479815.0,0.9886510221235473,/home/lhaaso/liushijie/energy/pass5_crab_v6_125d_covariance/run_gti_hour.sh.out.79724879.1066
20220218_23,1,3564.54951188061,103701865.0,102533383.0,0.9887322952195701,/home/lhaaso/liushijie/energy/pass5_crab_v6_125d_covariance/run_gti_hour.sh.out.79724879.1067
20220219_00,1,3566.17082802113,103778948.0,102629043.0,0.9889196699122447,/home/lhaaso/liushijie/energy/pass5_crab_v6_125d_covariance/run_gti_hour.sh.out.79724879.1068
20220219_01,2,3472.58594913874,103655717.0,100238607.0,0.9670340421262051,/home/lhaaso/liushijie/energy/pass5_crab_v6_125d_covariance/run_gti_hour.sh.out.79724879.1069
20220219_02,1,3581.51587906759,104686368.0,103602994.0,0.9896512409332989,/home/lhaaso/liushijie/energy/pass5_crab_v6_125d_covariance/run_gti_hour.sh.out.79724879.1070
20220219_03,1,3527.29492429644,103373695.0,102246729.0,0.9890981356524017,/home/lhaaso/liushijie/energy/pass5_crab_v6_125d_covariance/run_gti_hour.sh.out.79724879.1071
20220219_04,1,3593.61301597673,105605685.0,104431474.0,0.9888811762359195,/home/lhaaso/liushijie/energy/pass5_crab_v6_125d_covariance/run_gti_hour.sh.out.79724879.1072
20220219_05,1,3544.96195467655,104450967.0,103251390.0,0.9885154055107982,/home/lhaaso/liushijie/energy/pass5_crab_v6_125d_covariance/run_gti_hour.sh.out.79724879.1073
20220219_06,1,3556.23525464907,104713888.0,103532174.0,0.9887148302620565,/home/lhaaso/liushijie/energy/pass5_crab_v6_125d_covariance/run_gti_hour.sh.out.79724879.1074
20220219_07,1,3563.6857083533,104839654.0,103594443.0,0.9881227097525522,/home/lhaaso/liushijie/energy/pass5_crab_v6_125d_covariance/run_gti_hour.sh.out.79724879.1075
20220219_08,1,3552.62939133681,104446973.0,103295449.0,0.9889750371224257,/home/lhaaso/liushijie/energy/pass5_crab_v6_125d_covariance/run_gti_hour.sh.out.79724879.1076
20220219_09,1,3570.6809128169,103874296.0,103777673.0,0.9990698083768481,/home/lhaaso/liushijie/energy/pass5_crab_v6_125d_covariance/run_gti_hour.sh.out.79724879.1077
20220219_16,1,199.224750464782,6493657.0,0.0,0.0,/home/lhaaso/liushijie/energy/pass5_crab_v6_125d_covariance/run_gti_hour.sh.out.79724879.1078
20220219_17,1,3206.86044101603,96752797.0,85625175.0,0.8849891440347715,/home/lhaaso/liushijie/energy/pass5_crab_v6_125d_covariance/run_gti_hour.sh.out.79724879.1079
20220219_18,1,3566.55939524062,107076399.0,105906469.0,0.9890738761209181,/home/lhaaso/liushijie/energy/pass5_crab_v6_125d_covariance/run_gti_hour.sh.out.79724879.1080
20220219_19,1,3552.27758903056,106406832.0,105276349.0,0.9893758419572157,/home/lhaaso/liushijie/energy/pass5_crab_v6_125d_covariance/run_gti_hour.sh.out.79724879.1081
20220219_20,1,3570.52555256523,106627351.0,105537076.0,0.9897749030640366,/home/lhaaso/liushijie/energy/pass5_crab_v6_125d_covariance/run_gti_hour.sh.out.79724879.1082
20220219_21,1,3582.71801685914,106782135.0,105650534.0,0.9894027123544589,/home/lhaaso/liushijie/energy/pass5_crab_v6_125d_covariance/run_gti_hour.sh.out.79724879.1083
20220219_22,1,3541.87377237249,105641207.0,104472459.0,0.9889366277308815,/home/lhaaso/liushijie/energy/pass5_crab_v6_125d_covariance/run_gti_hour.sh.out.79724879.1084
20220219_23,1,3573.23426725343,106697470.0,105520245.0,0.9889667018346359,/home/lhaaso/liushijie/energy/pass5_crab_v6_125d_covariance/run_gti_hour.sh.out.79724879.1085
20220220_00,1,3571.14090265241,106701562.0,105547254.0,0.9891819015732872,/home/lhaaso/liushijie/energy/pass5_crab_v6_125d_covariance/run_gti_hour.sh.out.79724879.1086
20220220_01,1,3562.41116537713,106671391.0,105560460.0,0.9895854831404608,/home/lhaaso/liushijie/energy/pass5_crab_v6_125d_covariance/run_gti_hour.sh.out.79724879.1087
20220220_02,1,3551.74336968921,106627939.0,105503417.0,0.9894537772131186,/home/lhaaso/liushijie/energy/pass5_crab_v6_125d_covariance/run_gti_hour.sh.out.79724879.1088
20220220_03,1,3551.51700926945,106628867.0,105480101.0,0.9892265009249325,/home/lhaaso/liushijie/energy/pass5_crab_v6_125d_covariance/run_gti_hour.sh.out.79724879.1089
20220220_04,1,3580.13788664248,107767424.0,106599597.0,0.9891634507288585,/home/lhaaso/liushijie/energy/pass5_crab_v6_125d_covariance/run_gti_hour.sh.out.79724879.1090
20220220_05,1,3530.41281122714,106416925.0,105234975.0,0.9888932141198404,/home/lhaaso/liushijie/energy/pass5_crab_v6_125d_covariance/run_gti_hour.sh.out.79724879.1091
20220220_06,1,3576.31307900883,107757660.0,106580933.0,0.9890798760849113,/home/lhaaso/liushijie/energy/pass5_crab_v6_125d_covariance/run_gti_hour.sh.out.79724879.1092
20220220_07,2,3470.93087676913,106800416.0,103221139.0,0.966486300952236,/home/lhaaso/liushijie/energy/pass5_crab_v6_125d_covariance/run_gti_hour.sh.out.79724879.1093
20220220_08,1,3584.93669573218,107654625.0,106479286.0,0.989082317643111,/home/lhaaso/liushijie/energy/pass5_crab_v6_125d_covariance/run_gti_hour.sh.out.79724879.1094
20220220_09,1,3564.83128275722,106983664.0,105817614.0,0.9891006724166785,/home/lhaaso/liushijie/energy/pass5_crab_v6_125d_covariance/run_gti_hour.sh.out.79724879.1095
20220220_10,1,2956.89101507887,105672342.0,87634603.0,0.829305013415904,/home/lhaaso/liushijie/energy/pass5_crab_v6_125d_covariance/run_gti_hour.sh.out.79724879.1096
20220220_13,1,1689.75894029718,106881278.0,50381733.0,0.4713803384723749,/home/lhaaso/liushijie/energy/pass5_crab_v6_125d_covariance/run_gti_hour.sh.out.79724879.1097
20220220_14,1,3582.05254508648,108589683.0,107417061.0,0.9892013498188406,/home/lhaaso/liushijie/energy/pass5_crab_v6_125d_covariance/run_gti_hour.sh.out.79724879.1098
20220220_15,1,3567.10286883172,108641205.0,107458874.0,0.9891171034047349,/home/lhaaso/liushijie/energy/pass5_crab_v6_125d_covariance/run_gti_hour.sh.out.79724879.1099
20220220_16,2,3456.65044917259,107685997.0,104177931.0,0.9674231924509182,/home/lhaaso/liushijie/energy/pass5_crab_v6_125d_covariance/run_gti_hour.sh.out.79724879.1100
20220220_17,1,3590.21512968466,109272829.0,108096679.0,0.9892365740800945,/home/lhaaso/liushijie/energy/pass5_crab_v6_125d_covariance/run_gti_hour.sh.out.79724879.1101
20220220_18,1,3536.25754353125,107212890.0,106043070.0,0.9890888119889315,/home/lhaaso/liushijie/energy/pass5_crab_v6_125d_covariance/run_gti_hour.sh.out.79724879.1102
20220220_19,1,3564.6979149431,107604970.0,106485673.0,0.9895980919840413,/home/lhaaso/liushijie/energy/pass5_crab_v6_125d_covariance/run_gti_hour.sh.out.79724879.1103
20220220_20,1,3584.47906079236,107753228.0,106661442.0,0.9898677188585014,/home/lhaaso/liushijie/energy/pass5_crab_v6_125d_covariance/run_gti_hour.sh.out.79724879.1104
20220220_21,2,3473.89597333968,106624460.0,103188076.0,0.967771147445905,/home/lhaaso/liushijie/energy/pass5_crab_v6_125d_covariance/run_gti_hour.sh.out.79724879.1105
20220220_22,1,3564.49342060369,106734075.0,105602124.0,0.9893946614518372,/home/lhaaso/liushijie/energy/pass5_crab_v6_125d_covariance/run_gti_hour.sh.out.79724879.1106
20220220_23,1,3572.2377314698,106853452.0,105708688.0,0.9892865978723832,/home/lhaaso/liushijie/energy/pass5_crab_v6_125d_covariance/run_gti_hour.sh.out.79724879.1107
20220221_00,1,3564.83128464315,106856774.0,105754390.0,0.9896835365814057,/home/lhaaso/liushijie/energy/pass5_crab_v6_125d_covariance/run_gti_hour.sh.out.79724879.1108
20220221_01,2,3477.27109270636,106844292.0,103356184.0,0.9673533519226277,/home/lhaaso/liushijie/energy/pass5_crab_v6_125d_covariance/run_gti_hour.sh.out.79724879.1109
20220221_02,1,3554.11415747367,106866554.0,105766698.0,0.9897081363735187,/home/lhaaso/liushijie/energy/pass5_crab_v6_125d_covariance/run_gti_hour.sh.out.79724879.1110
20220221_03,1,3581.99951152783,108003859.0,106816084.0,0.9890024762911481,/home/lhaaso/liushijie/energy/pass5_crab_v6_125d_covariance/run_gti_hour.sh.out.79724879.1111
20220221_04,1,3537.49451944605,106736906.0,105568738.0,0.9890556317980587,/home/lhaaso/liushijie/energy/pass5_crab_v6_125d_covariance/run_gti_hour.sh.out.79724879.1112
20220221_05,2,3501.60867129453,107969515.0,104437642.0,0.9672882387218281,/home/lhaaso/liushijie/energy/pass5_crab_v6_125d_covariance/run_gti_hour.sh.out.79724879.1113
20220221_06,2,3472.01307832729,106925030.0,103397723.0,0.9670114004176571,/home/lhaaso/liushijie/energy/pass5_crab_v6_125d_covariance/run_gti_hour.sh.out.79724879.1114
20220221_07,1,3563.40942678507,107054723.0,105847072.0,0.9887193113376231,/home/lhaaso/liushijie/energy/pass5_crab_v6_125d_covariance/run_gti_hour.sh.out.79724879.1115
20220221_08,1,3576.65002585854,107025426.0,105843176.0,0.9889535595027671,/home/lhaaso/liushijie/energy/pass5_crab_v6_125d_covariance/run_gti_hour.sh.out.79724879.1116
20220221_09,2,43.04473483935,2319368.0,1253014.0,0.540239410046185,/home/lhaaso/liushijie/energy/pass5_crab_v6_125d_covariance/run_gti_hour.sh.out.79724879.1117
20220221_10,1,204.507055599242,20767592.0,6030452.0,0.29037800819661713,/home/lhaaso/liushijie/energy/pass5_crab_v6_125d_covariance/run_gti_hour.sh.out.79724879.1118
20220221_13,3,1889.20429595746,107991827.0,56469390.0,0.5229042934888026,/home/lhaaso/liushijie/energy/pass5_crab_v6_125d_covariance/run_gti_hour.sh.out.79724879.1119
20220221_14,1,3553.8698222721,107794494.0,106610644.0,0.9890175281123357,/home/lhaaso/liushijie/energy/pass5_crab_v6_125d_covariance/run_gti_hour.sh.out.79724879.1120
20220221_15,1,3582.33500872739,108856580.0,107682157.0,0.9892112814861537,/home/lhaaso/liushijie/energy/pass5_crab_v6_125d_covariance/run_gti_hour.sh.out.79724879.1121
20220221_16,1,3559.96442560572,108101411.0,106905839.0,0.9889402738693207,/home/lhaaso/liushijie/energy/pass5_crab_v6_125d_covariance/run_gti_hour.sh.out.79724879.1122
20220221_17,1,3524.47599219158,108251956.0,105880742.0,0.9780954165853595,/home/lhaaso/liushijie/energy/pass5_crab_v6_125d_covariance/run_gti_hour.sh.out.79724879.1123
20220221_18,1,3512.42323180195,107681978.0,105307712.0,0.9779511293895438,/home/lhaaso/liushijie/energy/pass5_crab_v6_125d_covariance/run_gti_hour.sh.out.79724879.1124
20220221_19,1,3572.99786489457,107924422.0,106802934.0,0.9896085799746048,/home/lhaaso/liushijie/energy/pass5_crab_v6_125d_covariance/run_gti_hour.sh.out.79724879.1125
20220221_20,1,3549.88726051524,106886189.0,105786671.0,0.9897131892315854,/home/lhaaso/liushijie/energy/pass5_crab_v6_125d_covariance/run_gti_hour.sh.out.79724879.1126
20220221_21,1,3572.05207315274,107098507.0,105952238.0,0.9892970590150244,/home/lhaaso/liushijie/energy/pass5_crab_v6_125d_covariance/run_gti_hour.sh.out.79724879.1127
20220221_22,1,3543.91713787336,106076693.0,104920960.0,0.9891047414157227,/home/lhaaso/liushijie/energy/pass5_crab_v6_125d_covariance/run_gti_hour.sh.out.79724879.1128
20220221_23,1,3546.92638653796,106232904.0,105055712.0,0.9889187628721888,/home/lhaaso/liushijie/energy/pass5_crab_v6_125d_covariance/run_gti_hour.sh.out.79724879.1129
20220222_00,1,3595.21162868477,107637403.0,106496912.0,0.9894043244428705,/home/lhaaso/liushijie/energy/pass5_crab_v6_125d_covariance/run_gti_hour.sh.out.79724879.1130
20220222_01,1,3560.25024179835,106475648.0,105363288.0,0.9895529163626222,/home/lhaaso/liushijie/energy/pass5_crab_v6_125d_covariance/run_gti_hour.sh.out.79724879.1131
20220222_02,1,3568.47669838462,106558242.0,105427265.0,0.9893863019999898,/home/lhaaso/liushijie/energy/pass5_crab_v6_125d_covariance/run_gti_hour.sh.out.79724879.1132
20220222_03,2,3452.42842356674,105451121.0,101900936.0,0.9663333593200968,/home/lhaaso/liushijie/energy/pass5_crab_v6_125d_covariance/run_gti_hour.sh.out.79724879.1133
20220222_04,1,3570.01133286394,106535420.0,105350578.0,0.9888784218431766,/home/lhaaso/liushijie/energy/pass5_crab_v6_125d_covariance/run_gti_hour.sh.out.79724879.1134
20220222_05,2,3478.14962659031,106307603.0,102736840.0,0.9664110289458788,/home/lhaaso/liushijie/energy/pass5_crab_v6_125d_covariance/run_gti_hour.sh.out.79724879.1135
20220222_06,1,3561.8555709254,106272216.0,105074810.0,0.9887326523801856,/home/lhaaso/liushijie/energy/pass5_crab_v6_125d_covariance/run_gti_hour.sh.out.79724879.1136
20220222_07,1,3547.75691600516,105303502.0,104122295.0,0.9887828326924968,/home/lhaaso/liushijie/energy/pass5_crab_v6_125d_covariance/run_gti_hour.sh.out.79724879.1137
20220222_08,1,3592.90293697268,105682926.0,105061899.0,0.9941236770828998,/home/lhaaso/liushijie/energy/pass5_crab_v6_125d_covariance/run_gti_hour.sh.out.79724879.1138
20220222_09,1,3576.52492281049,105091089.0,103893054.0,0.9886000324918129,/home/lhaaso/liushijie/energy/pass5_crab_v6_125d_covariance/run_gti_hour.sh.out.79724879.1139
20220222_10,1,2529.87381492276,105276442.0,73841635.0,0.7014070156360337,/home/lhaaso/liushijie/energy/pass5_crab_v6_125d_covariance/run_gti_hour.sh.out.79724879.1140
20220222_15,5,1274.47257007007,41239462.0,11422151.0,0.2769713872600957,/home/lhaaso/liushijie/energy/pass5_crab_v6_125d_covariance/run_gti_hour.sh.out.79724879.1141
20220222_16,1,3585.42479595635,107298840.0,106118366.0,0.9889982594406426,/home/lhaaso/liushijie/energy/pass5_crab_v6_125d_covariance/run_gti_hour.sh.out.79724879.1142
20220222_17,2,3479.65673280414,105707420.0,102751229.0,0.9720342148167083,/home/lhaaso/liushijie/energy/pass5_crab_v6_125d_covariance/run_gti_hour.sh.out.79724879.1143
20220222_18,1,3599.52540658414,106448714.0,105303043.0,0.9892373429706253,/home/lhaaso/liushijie/energy/pass5_crab_v6_125d_covariance/run_gti_hour.sh.out.79724879.1144
20220222_19,1,3551.86902405694,105005907.0,103903773.0,0.9895040761849712,/home/lhaaso/liushijie/energy/pass5_crab_v6_125d_covariance/run_gti_hour.sh.out.79724879.1145
20220222_20,1,3575.27704434469,104521258.0,103931827.0,0.994360659149357,/home/lhaaso/liushijie/energy/pass5_crab_v6_125d_covariance/run_gti_hour.sh.out.79724879.1146
20220222_21,1,3566.46925918758,103616747.0,102475538.0,0.9889862494911175,/home/lhaaso/liushijie/energy/pass5_crab_v6_125d_covariance/run_gti_hour.sh.out.79724879.1147
20220222_22,1,3557.05329172779,103326988.0,102166549.0,0.9887692555211229,/home/lhaaso/liushijie/energy/pass5_crab_v6_125d_covariance/run_gti_hour.sh.out.79724879.1148
20220222_23,1,3579.81452099048,103591220.0,102425096.0,0.9887430228160263,/home/lhaaso/liushijie/energy/pass5_crab_v6_125d_covariance/run_gti_hour.sh.out.79724879.1149
20220223_00,2,3464.30082572624,102436768.0,98961904.0,0.9660779613819913,/home/lhaaso/liushijie/energy/pass5_crab_v6_125d_covariance/run_gti_hour.sh.out.79724879.1150
20220223_01,1,3591.97836946696,103654453.0,102542426.0,0.9892717874841325,/home/lhaaso/liushijie/energy/pass5_crab_v6_125d_covariance/run_gti_hour.sh.out.79724879.1151
20220223_02,1,3553.99097430054,102495444.0,101344355.0,0.9887693642265699,/home/lhaaso/liushijie/energy/pass5_crab_v6_125d_covariance/run_gti_hour.sh.out.79724879.1152
20220223_03,2,3455.33904950134,102309288.0,98725031.0,0.9649664554404874,/home/lhaaso/liushijie/energy/pass5_crab_v6_125d_covariance/run_gti_hour.sh.out.79724879.1153
20220223_04,1,3560.65701199695,103282255.0,102118795.0,0.9887351413851295,/home/lhaaso/liushijie/energy/pass5_crab_v6_125d_covariance/run_gti_hour.sh.out.79724879.1154
20220223_05,1,3555.33234451432,103208064.0,102038610.0,0.9886689667970131,/home/lhaaso/liushijie/energy/pass5_crab_v6_125d_covariance/run_gti_hour.sh.out.79724879.1155
20220223_06,1,3595.25215099566,104302530.0,103112833.0,0.9885937857883217,/home/lhaaso/liushijie/energy/pass5_crab_v6_125d_covariance/run_gti_hour.sh.out.79724879.1156
20220223_07,1,3557.90413138457,102424061.0,101792076.0,0.9938297213190951,/home/lhaaso/liushijie/energy/pass5_crab_v6_125d_covariance/run_gti_hour.sh.out.79724879.1157
20220223_08,1,3596.82223589625,103260336.0,102068127.0,0.9884543373943699,/home/lhaaso/liushijie/energy/pass5_crab_v6_125d_covariance/run_gti_hour.sh.out.79724879.1158
20220223_09,1,3543.75504045747,102154322.0,100968858.0,0.9883953612848607,/home/lhaaso/liushijie/energy/pass5_crab_v6_125d_covariance/run_gti_hour.sh.out.79724879.1159
20220223_10,1,2260.83103199489,101820631.0,64298822.0,0.6314910973199528,/home/lhaaso/liushijie/energy/pass5_crab_v6_125d_covariance/run_gti_hour.sh.out.79724879.1160
20220223_13,1,2497.23414648324,102484175.0,71040847.0,0.6931884556810844,/home/lhaaso/liushijie/energy/pass5_crab_v6_125d_covariance/run_gti_hour.sh.out.79724879.1161
20220223_14,1,3585.26618122123,102753434.0,101614704.0,0.9889178399624095,/home/lhaaso/liushijie/energy/pass5_crab_v6_125d_covariance/run_gti_hour.sh.out.79724879.1162
20220223_15,1,3571.64460956119,102768191.0,102112387.0,0.9936186090888766,/home/lhaaso/liushijie/energy/pass5_crab_v6_125d_covariance/run_gti_hour.sh.out.79724879.1163
20220223_16,1,3582.38594890572,103133316.0,101985239.0,0.9888680298032888,/home/lhaaso/liushijie/energy/pass5_crab_v6_125d_covariance/run_gti_hour.sh.out.79724879.1164
20220223_17,1,3555.93119461555,102916918.0,101776382.0,0.9889178958895757,/home/lhaaso/liushijie/energy/pass5_crab_v6_125d_covariance/run_gti_hour.sh.out.79724879.1165
20220223_18,1,3581.55768192373,103429878.0,102300509.0,0.9890808244016299,/home/lhaaso/liushijie/energy/pass5_crab_v6_125d_covariance/run_gti_hour.sh.out.79724879.1166
20220223_19,1,3533.93169615883,101548371.0,100481569.0,0.9894946419179881,/home/lhaaso/liushijie/energy/pass5_crab_v6_125d_covariance/run_gti_hour.sh.out.79724879.1167
20220223_20,1,3596.66247514542,102421625.0,101825613.0,0.9941807992208677,/home/lhaaso/liushijie/energy/pass5_crab_v6_125d_covariance/run_gti_hour.sh.out.79724879.1168
20220223_21,1,3566.00459602196,101333696.0,100239435.0,0.9892014103581103,/home/lhaaso/liushijie/energy/pass5_crab_v6_125d_covariance/run_gti_hour.sh.out.79724879.1169
20220223_22,1,3583.55690978933,102099119.0,100977820.0,0.9890175448036922,/home/lhaaso/liushijie/energy/pass5_crab_v6_125d_covariance/run_gti_hour.sh.out.79724879.1170
20220223_23,1,3545.87659025565,100944749.0,99822159.0,0.9888791639870242,/home/lhaaso/liushijie/energy/pass5_crab_v6_125d_covariance/run_gti_hour.sh.out.79724879.1171
20220224_00,1,3589.6706697531,102132324.0,101043240.0,0.9893365395268985,/home/lhaaso/liushijie/energy/pass5_crab_v6_125d_covariance/run_gti_hour.sh.out.79724879.1172
20220224_01,2,3463.14757810906,100901727.0,97462069.0,0.9659108114175291,/home/lhaaso/liushijie/energy/pass5_crab_v6_125d_covariance/run_gti_hour.sh.out.79724879.1173
20220224_02,1,3578.87980719097,101414049.0,100785256.0,0.9937997446487912,/home/lhaaso/liushijie/energy/pass5_crab_v6_125d_covariance/run_gti_hour.sh.out.79724879.1174
20220224_03,2,3491.74601922277,101480444.0,97995335.0,0.9656573339391381,/home/lhaaso/liushijie/energy/pass5_crab_v6_125d_covariance/run_gti_hour.sh.out.79724879.1175
20220224_04,1,3575.63118708786,101966216.0,100870055.0,0.9892497628822472,/home/lhaaso/liushijie/energy/pass5_crab_v6_125d_covariance/run_gti_hour.sh.out.79724879.1176
20220224_05,1,3568.73462044168,101844235.0,100726808.0,0.9890280780252314,/home/lhaaso/liushijie/energy/pass5_crab_v6_125d_covariance/run_gti_hour.sh.out.79724879.1177
20220224_06,1,3570.63923883252,101835594.0,100724828.0,0.9890925563806305,/home/lhaaso/liushijie/energy/pass5_crab_v6_125d_covariance/run_gti_hour.sh.out.79724879.1178
20220224_07,1,3539.14930766914,100624314.0,99530742.0,0.9891321296361831,/home/lhaaso/liushijie/energy/pass5_crab_v6_125d_covariance/run_gti_hour.sh.out.79724879.1179
20220224_08,1,3582.11450411472,101601207.0,100486605.0,0.9890296382010502,/home/lhaaso/liushijie/energy/pass5_crab_v6_125d_covariance/run_gti_hour.sh.out.79724879.1180
20220224_09,1,3561.02056175005,101078748.0,99881169.0,0.9881520198489202,/home/lhaaso/liushijie/energy/pass5_crab_v6_125d_covariance/run_gti_hour.sh.out.79724879.1181
20220224_10,1,2041.53828788549,100544966.0,57069061.0,0.5675973971685465,/home/lhaaso/liushijie/energy/pass5_crab_v6_125d_covariance/run_gti_hour.sh.out.79724879.1182
20220224_13,1,2652.50154132955,100859754.0,74447514.0,0.7381290460018374,/home/lhaaso/liushijie/energy/pass5_crab_v6_125d_covariance/run_gti_hour.sh.out.79724879.1183
20220224_14,1,3575.26643851306,102003590.0,100812059.0,0.9883187346641427,/home/lhaaso/liushijie/energy/pass5_crab_v6_125d_covariance/run_gti_hour.sh.out.79724879.1184
20220224_15,1,3559.13443237077,101996003.0,100812375.0,0.988395349178536,/home/lhaaso/liushijie/energy/pass5_crab_v6_125d_covariance/run_gti_hour.sh.out.79724879.1185
20220224_16,1,3552.66410247423,101976281.0,100794975.0,0.9884158748640774,/home/lhaaso/liushijie/energy/pass5_crab_v6_125d_covariance/run_gti_hour.sh.out.79724879.1186
20220224_17,1,3566.87435216736,102447097.0,101259180.0,0.9884045811468919,/home/lhaaso/liushijie/energy/pass5_crab_v6_125d_covariance/run_gti_hour.sh.out.79724879.1187
20220224_18,1,3559.06760639045,102119266.0,100948454.0,0.9885348568799937,/home/lhaaso/liushijie/energy/pass5_crab_v6_125d_covariance/run_gti_hour.sh.out.79724879.1188
20220224_19,1,3539.26477613859,101289852.0,100130464.0,0.9885537595612244,/home/lhaaso/liushijie/energy/pass5_crab_v6_125d_covariance/run_gti_hour.sh.out.79724879.1189
20220224_20,1,3560.691032256,101640506.0,100550164.0,0.9892725642274941,/home/lhaaso/liushijie/energy/pass5_crab_v6_125d_covariance/run_gti_hour.sh.out.79724879.1190
20220224_21,1,3577.31202438008,101852791.0,100704668.0,0.9887276235758724,/home/lhaaso/liushijie/energy/pass5_crab_v6_125d_covariance/run_gti_hour.sh.out.79724879.1191
20220224_22,1,3547.29827083647,100704394.0,99538848.0,0.9884260660959838,/home/lhaaso/liushijie/energy/pass5_crab_v6_125d_covariance/run_gti_hour.sh.out.79724879.1192
20220224_23,2,3471.46736048162,100785631.0,97303127.0,0.9654464236077462,/home/lhaaso/liushijie/energy/pass5_crab_v6_125d_covariance/run_gti_hour.sh.out.79724879.1193
20220225_00,1,3600.30624121428,101429580.0,100782895.0,0.9936242957922137,/home/lhaaso/liushijie/energy/pass5_crab_v6_125d_covariance/run_gti_hour.sh.out.79724879.1194
20220225_01,1,3593.71462916024,100786789.0,100182706.0,0.9940063275554895,/home/lhaaso/liushijie/energy/pass5_crab_v6_125d_covariance/run_gti_hour.sh.out.79724879.1195
20220225_02,1,3595.25386656169,100777299.0,100142257.0,0.9936985610221604,/home/lhaaso/liushijie/energy/pass5_crab_v6_125d_covariance/run_gti_hour.sh.out.79724879.1196
20220225_03,1,3591.02736061905,101274640.0,100172030.0,0.9891126742094566,/home/lhaaso/liushijie/energy/pass5_crab_v6_125d_covariance/run_gti_hour.sh.out.79724879.1197
20220225_04,1,3567.90924081579,100719622.0,99601054.0,0.9888942394958551,/home/lhaaso/liushijie/energy/pass5_crab_v6_125d_covariance/run_gti_hour.sh.out.79724879.1198
20220225_05,1,3556.99347259942,100596421.0,99455315.0,0.9886565944527986,/home/lhaaso/liushijie/energy/pass5_crab_v6_125d_covariance/run_gti_hour.sh.out.79724879.1199
20220225_06,1,3567.27448327001,100666793.0,99539407.0,0.9888008153791091,/home/lhaaso/liushijie/energy/pass5_crab_v6_125d_covariance/run_gti_hour.sh.out.79724879.1200
20220225_07,1,3532.35372493509,99478262.0,98356281.0,0.9887213449708239,/home/lhaaso/liushijie/energy/pass5_crab_v6_125d_covariance/run_gti_hour.sh.out.79724879.1201
20220225_08,1,3568.61183142755,100296390.0,99184846.0,0.9889174076953318,/home/lhaaso/liushijie/energy/pass5_crab_v6_125d_covariance/run_gti_hour.sh.out.79724879.1202
20220225_09,1,3578.09224859811,100098455.0,98983644.0,0.9888628550760349,/home/lhaaso/liushijie/energy/pass5_crab_v6_125d_covariance/run_gti_hour.sh.out.79724879.1203
20220225_10,1,1806.16604438983,99733650.0,49831718.0,0.49964799242783153,/home/lhaaso/liushijie/energy/pass5_crab_v6_125d_covariance/run_gti_hour.sh.out.79724879.1204
20220225_13,2,2862.81311369967,97551993.0,79503244.0,0.8149832879375412,/home/lhaaso/liushijie/energy/pass5_crab_v6_125d_covariance/run_gti_hour.sh.out.79724879.1205
20220225_14,1,3537.63745205943,99835808.0,98647393.0,0.9880963050852456,/home/lhaaso/liushijie/energy/pass5_crab_v6_125d_covariance/run_gti_hour.sh.out.79724879.1206
20220225_15,2,3503.00919553265,101341534.0,97790377.0,0.9649585233237145,/home/lhaaso/liushijie/energy/pass5_crab_v6_125d_covariance/run_gti_hour.sh.out.79724879.1207
20220225_16,1,3551.95258010644,100364939.0,99188998.0,0.988283348630342,/home/lhaaso/liushijie/energy/pass5_crab_v6_125d_covariance/run_gti_hour.sh.out.79724879.1208
20220225_17,1,3529.47447581682,99593352.0,98410517.0,0.9881233538559883,/home/lhaaso/liushijie/energy/pass5_crab_v6_125d_covariance/run_gti_hour.sh.out.79724879.1209
20220225_18,1,3589.87792446278,101012842.0,99870254.0,0.9886886857415614,/home/lhaaso/liushijie/energy/pass5_crab_v6_125d_covariance/run_gti_hour.sh.out.79724879.1210
20220225_19,1,3531.59548372496,99123899.0,98035527.0,0.9890200848536033,/home/lhaaso/liushijie/energy/pass5_crab_v6_125d_covariance/run_gti_hour.sh.out.79724879.1211
20220225_20,1,3598.93058545422,100688762.0,99586353.0,0.9890513203449656,/home/lhaaso/liushijie/energy/pass5_crab_v6_125d_covariance/run_gti_hour.sh.out.79724879.1212
20220225_21,1,3560.78199120238,98966743.0,98376365.0,0.9940345818999015,/home/lhaaso/liushijie/energy/pass5_crab_v6_125d_covariance/run_gti_hour.sh.out.79724879.1213
20220225_22,1,3559.23917053733,98960782.0,97782317.0,0.9880915957192011,/home/lhaaso/liushijie/energy/pass5_crab_v6_125d_covariance/run_gti_hour.sh.out.79724879.1214
20220225_23,1,3598.85908111464,100750395.0,99579612.0,0.9883793706218224,/home/lhaaso/liushijie/energy/pass5_crab_v6_125d_covariance/run_gti_hour.sh.out.79724879.1215
20220226_00,1,3559.70484707505,98969260.0,98386104.0,0.9941077057664167,/home/lhaaso/liushijie/energy/pass5_crab_v6_125d_covariance/run_gti_hour.sh.out.79724879.1216
20220226_01,1,3597.28901821654,100119806.0,99001944.0,0.9888347566314701,/home/lhaaso/liushijie/energy/pass5_crab_v6_125d_covariance/run_gti_hour.sh.out.79724879.1217
20220226_02,1,3551.4306871919,99525824.0,98384093.0,0.9885282939229922,/home/lhaaso/liushijie/energy/pass5_crab_v6_125d_covariance/run_gti_hour.sh.out.79724879.1218
20220226_03,1,3537.25848672912,99460989.0,98296344.0,0.9882904341520272,/home/lhaaso/liushijie/energy/pass5_crab_v6_125d_covariance/run_gti_hour.sh.out.79724879.1219
20220226_04,1,3579.53386344016,100828507.0,99659462.0,0.988405610330023,/home/lhaaso/liushijie/energy/pass5_crab_v6_125d_covariance/run_gti_hour.sh.out.79724879.1220
20220226_05,1,3537.79564057477,99534845.0,98374735.0,0.9883446847182009,/home/lhaaso/liushijie/energy/pass5_crab_v6_125d_covariance/run_gti_hour.sh.out.79724879.1221
20220226_06,1,3591.25463005621,100835059.0,99669141.0,0.9884373747428461,/home/lhaaso/liushijie/energy/pass5_crab_v6_125d_covariance/run_gti_hour.sh.out.79724879.1222
20220226_07,1,3553.01621532999,99637631.0,98455613.0,0.988136831555138,/home/lhaaso/liushijie/energy/pass5_crab_v6_125d_covariance/run_gti_hour.sh.out.79724879.1223
20220226_08,1,3546.80913586635,99214640.0,98033522.0,0.9880953254479379,/home/lhaaso/liushijie/energy/pass5_crab_v6_125d_covariance/run_gti_hour.sh.out.79724879.1224
20220226_09,1,3544.05338927172,98965564.0,97796419.0,0.9881863453028975,/home/lhaaso/liushijie/energy/pass5_crab_v6_125d_covariance/run_gti_hour.sh.out.79724879.1225
20220226_10,2,1594.47629414499,99866119.0,43902019.0,0.4396087425806544,/home/lhaaso/liushijie/energy/pass5_crab_v6_125d_covariance/run_gti_hour.sh.out.79724879.1226
20220226_15,2,1901.42903414089,55091008.0,15117563.0,0.27441071689957097,/home/lhaaso/liushijie/energy/pass5_crab_v6_125d_covariance/run_gti_hour.sh.out.79724879.1227
20220226_16,1,3549.84952057712,100700623.0,99512180.0,0.9881982557347238,/home/lhaaso/liushijie/energy/pass5_crab_v6_125d_covariance/run_gti_hour.sh.out.79724879.1228
20220226_17,1,3559.35615403578,100915201.0,99739512.0,0.9883497333568211,/home/lhaaso/liushijie/energy/pass5_crab_v6_125d_covariance/run_gti_hour.sh.out.79724879.1229
20220226_18,1,3543.4489983134,100204754.0,99042800.0,0.9884042028584792,/home/lhaaso/liushijie/energy/pass5_crab_v6_125d_covariance/run_gti_hour.sh.out.79724879.1230
20220226_19,1,3570.58704011142,100669260.0,99519324.0,0.9885770889743304,/home/lhaaso/liushijie/energy/pass5_crab_v6_125d_covariance/run_gti_hour.sh.out.79724879.1231
20220226_20,1,3584.1907375725,100761233.0,99650084.0,0.9889724553092756,/home/lhaaso/liushijie/energy/pass5_crab_v6_125d_covariance/run_gti_hour.sh.out.79724879.1232
20220226_21,1,3547.31551387813,99544359.0,98363902.0,0.9881413973442734,/home/lhaaso/liushijie/energy/pass5_crab_v6_125d_covariance/run_gti_hour.sh.out.79724879.1233
20220226_22,1,3563.80685158074,99781123.0,98588661.0,0.9880492224967241,/home/lhaaso/liushijie/energy/pass5_crab_v6_125d_covariance/run_gti_hour.sh.out.79724879.1234
20220226_23,1,3523.50996255409,98595230.0,97404424.0,0.9879222757530968,/home/lhaaso/liushijie/energy/pass5_crab_v6_125d_covariance/run_gti_hour.sh.out.79724879.1235
20220227_00,1,3565.99073885009,99875399.0,98722259.0,0.9884542138349806,/home/lhaaso/liushijie/energy/pass5_crab_v6_125d_covariance/run_gti_hour.sh.out.79724879.1236
20220227_01,1,3595.99683363922,100888402.0,99770261.0,0.9889170511393371,/home/lhaaso/liushijie/energy/pass5_crab_v6_125d_covariance/run_gti_hour.sh.out.79724879.1237
20220227_02,1,3533.5237076506,99582676.0,98416864.0,0.9882930239793918,/home/lhaaso/liushijie/energy/pass5_crab_v6_125d_covariance/run_gti_hour.sh.out.79724879.1238
20220227_03,1,3565.84304929711,100773173.0,99579030.0,0.9881501895350661,/home/lhaaso/liushijie/energy/pass5_crab_v6_125d_covariance/run_gti_hour.sh.out.79724879.1239
20220227_04,2,3462.41064285859,100619616.0,97047530.0,0.9644991091995422,/home/lhaaso/liushijie/energy/pass5_crab_v6_125d_covariance/run_gti_hour.sh.out.79724879.1240
20220227_05,2,3494.43120569922,101746550.0,98139766.0,0.9645512894540405,/home/lhaaso/liushijie/energy/pass5_crab_v6_125d_covariance/run_gti_hour.sh.out.79724879.1241
20220227_06,1,3538.44874694478,100578776.0,99355500.0,0.9878376328620265,/home/lhaaso/liushijie/energy/pass5_crab_v6_125d_covariance/run_gti_hour.sh.out.79724879.1242
20220227_07,2,3466.29042907152,100668593.0,97084197.0,0.9643940985645841,/home/lhaaso/liushijie/energy/pass5_crab_v6_125d_covariance/run_gti_hour.sh.out.79724879.1243
20220227_08,1,3552.99084770959,100418199.0,99236655.0,0.988233766271789,/home/lhaaso/liushijie/energy/pass5_crab_v6_125d_covariance/run_gti_hour.sh.out.79724879.1244
20220227_09,1,3591.289620311,101284041.0,100130419.0,0.9886100318607943,/home/lhaaso/liushijie/energy/pass5_crab_v6_125d_covariance/run_gti_hour.sh.out.79724879.1245
20220227_10,1,571.970239863731,79738693.0,15873108.0,0.19906406040540445,/home/lhaaso/liushijie/energy/pass5_crab_v6_125d_covariance/run_gti_hour.sh.out.79724879.1246
20220227_13,1,3380.83764058538,101049198.0,95116646.0,0.941290459326555,/home/lhaaso/liushijie/energy/pass5_crab_v6_125d_covariance/run_gti_hour.sh.out.79724879.1247
20220227_14,1,3561.03390469216,101994414.0,100849669.0,0.9887763951465028,/home/lhaaso/liushijie/energy/pass5_crab_v6_125d_covariance/run_gti_hour.sh.out.79724879.1248
20220227_15,1,3562.19911286607,102200555.0,101037596.0,0.9886208152196434,/home/lhaaso/liushijie/energy/pass5_crab_v6_125d_covariance/run_gti_hour.sh.out.79724879.1249
20220227_16,1,3566.63003708236,102372002.0,101232692.0,0.9888708828806533,/home/lhaaso/liushijie/energy/pass5_crab_v6_125d_covariance/run_gti_hour.sh.out.79724879.1250
20220227_17,1,3571.54794253875,102546751.0,101419181.0,0.989004332277675,/home/lhaaso/liushijie/energy/pass5_crab_v6_125d_covariance/run_gti_hour.sh.out.79724879.1251
20220227_18,1,3555.05256894976,101844408.0,100723046.0,0.9889894592936315,/home/lhaaso/liushijie/energy/pass5_crab_v6_125d_covariance/run_gti_hour.sh.out.79724879.1252
20220227_19,1,3582.27662416175,102381045.0,101286788.0,0.9893119180410788,/home/lhaaso/liushijie/energy/pass5_crab_v6_125d_covariance/run_gti_hour.sh.out.79724879.1253
20220227_20,1,3566.60596320871,101424919.0,100313163.0,0.9890386306347457,/home/lhaaso/liushijie/energy/pass5_crab_v6_125d_covariance/run_gti_hour.sh.out.79724879.1254
20220227_21,1,3541.27429802902,100343805.0,99173760.0,0.9883396389044645,/home/lhaaso/liushijie/energy/pass5_crab_v6_125d_covariance/run_gti_hour.sh.out.79724879.1255
20220227_22,1,3548.5480691772,100418801.0,99240573.0,0.9882668585138753,/home/lhaaso/liushijie/energy/pass5_crab_v6_125d_covariance/run_gti_hour.sh.out.79724879.1256
20220227_23,1,3554.66834753752,100549483.0,99362710.0,0.9881971247927749,/home/lhaaso/liushijie/energy/pass5_crab_v6_125d_covariance/run_gti_hour.sh.out.79724879.1257
20220228_00,1,3551.64445401169,100575884.0,99426902.0,0.9885759691657297,/home/lhaaso/liushijie/energy/pass5_crab_v6_125d_covariance/run_gti_hour.sh.out.79724879.1258
20220228_01,1,3586.32174907252,101773505.0,100657439.0,0.9890338256503989,/home/lhaaso/liushijie/energy/pass5_crab_v6_125d_covariance/run_gti_hour.sh.out.79724879.1259
20220228_02,1,3536.5582855884,100535816.0,99380653.0,0.988509935603447,/home/lhaaso/liushijie/energy/pass5_crab_v6_125d_covariance/run_gti_hour.sh.out.79724879.1260
20220228_03,1,3573.88912062161,101713887.0,100542605.0,0.988484541938703,/home/lhaaso/liushijie/energy/pass5_crab_v6_125d_covariance/run_gti_hour.sh.out.79724879.1261
20220228_04,1,3555.56568223983,101578062.0,100377909.0,0.9881849192988147,/home/lhaaso/liushijie/energy/pass5_crab_v6_125d_covariance/run_gti_hour.sh.out.79724879.1262
20220228_05,1,3555.80723758321,101724801.0,100514398.0,0.988101200610852,/home/lhaaso/liushijie/energy/pass5_crab_v6_125d_covariance/run_gti_hour.sh.out.79724879.1263
20220228_06,1,3568.08046801016,101859110.0,100648237.0,0.9881122758681085,/home/lhaaso/liushijie/energy/pass5_crab_v6_125d_covariance/run_gti_hour.sh.out.79724879.1264
20220228_07,1,3569.42858858965,101824128.0,100618541.0,0.9881601048427343,/home/lhaaso/liushijie/energy/pass5_crab_v6_125d_covariance/run_gti_hour.sh.out.79724879.1265
20220228_08,1,3560.95551420003,101395920.0,100210721.0,0.9883111766232803,/home/lhaaso/liushijie/energy/pass5_crab_v6_125d_covariance/run_gti_hour.sh.out.79724879.1266
20220228_09,1,2.14848965406418,440173.0,33358.0,0.07578383953581887,/home/lhaaso/liushijie/energy/pass5_crab_v6_125d_covariance/run_gti_hour.sh.out.79724879.1267
20220228_10,1,542.280945181847,54553109.0,16616242.0,0.30458835994113553,/home/lhaaso/liushijie/energy/pass5_crab_v6_125d_covariance/run_gti_hour.sh.out.79724879.1268
20220228_12,1,0.829984433948994,101410478.0,22554.0,0.00022240305385406032,/home/lhaaso/liushijie/energy/pass5_crab_v6_125d_covariance/run_gti_hour.sh.out.79724879.1269
20220228_13,1,3562.7576462226,101485896.0,100294487.0,0.9882603490045553,/home/lhaaso/liushijie/energy/pass5_crab_v6_125d_covariance/run_gti_hour.sh.out.79724879.1270
20220228_14,2,3457.06784469076,101238384.0,97684710.0,0.9648979580709229,/home/lhaaso/liushijie/energy/pass5_crab_v6_125d_covariance/run_gti_hour.sh.out.79724879.1271
20220228_15,1,3549.29006374441,101656738.0,100459457.0,0.9882223153766748,/home/lhaaso/liushijie/energy/pass5_crab_v6_125d_covariance/run_gti_hour.sh.out.79724879.1272
20220228_16,1,3560.16909407917,101885445.0,100711514.0,0.9884779322502837,/home/lhaaso/liushijie/energy/pass5_crab_v6_125d_covariance/run_gti_hour.sh.out.79724879.1273
20220228_17,1,3575.91402288526,102218796.0,101058993.0,0.9886537207892764,/home/lhaaso/liushijie/energy/pass5_crab_v6_125d_covariance/run_gti_hour.sh.out.79724879.1274
20220228_18,1,3568.63685329445,101468846.0,100323858.0,0.988715866542919,/home/lhaaso/liushijie/energy/pass5_crab_v6_125d_covariance/run_gti_hour.sh.out.79724879.1275
20220228_19,1,3547.2101288382,100573122.0,99475506.0,0.9890863883095923,/home/lhaaso/liushijie/energy/pass5_crab_v6_125d_covariance/run_gti_hour.sh.out.79724879.1276
20220228_20,1,3563.79500355106,100703403.0,99544012.0,0.9884870722789775,/home/lhaaso/liushijie/energy/pass5_crab_v6_125d_covariance/run_gti_hour.sh.out.79724879.1277
20220228_21,1,3537.47610964347,99625734.0,98444341.0,0.9881416883714002,/home/lhaaso/liushijie/energy/pass5_crab_v6_125d_covariance/run_gti_hour.sh.out.79724879.1278
20220228_22,1,3597.29990945198,101066398.0,99866725.0,0.9881298530100974,/home/lhaaso/liushijie/energy/pass5_crab_v6_125d_covariance/run_gti_hour.sh.out.79724879.1279
20220228_23,1,3520.83067211788,98786463.0,97611406.0,0.9881050807538275,/home/lhaaso/liushijie/energy/pass5_crab_v6_125d_covariance/run_gti_hour.sh.out.79724879.1280
20220301_00,2,3476.96835910901,100057441.0,96562905.0,0.9650747014407455,/home/lhaaso/liushijie/energy/pass5_crab_v6_125d_covariance/run_gti_hour.sh.out.79724879.1281
20220301_01,1,3556.23526596464,100026657.0,98921950.0,0.9889558740326592,/home/lhaaso/liushijie/energy/pass5_crab_v6_125d_covariance/run_gti_hour.sh.out.79724879.1282
20220301_02,1,3597.60976871476,101245963.0,100105084.0,0.9887316099704637,/home/lhaaso/liushijie/energy/pass5_crab_v6_125d_covariance/run_gti_hour.sh.out.79724879.1283
20220301_03,1,3557.3351273546,100097434.0,98936319.0,0.9884001521957096,/home/lhaaso/liushijie/energy/pass5_crab_v6_125d_covariance/run_gti_hour.sh.out.79724879.1284
20220301_04,1,3552.03300551511,99997631.0,98821297.0,0.9882363813198735,/home/lhaaso/liushijie/energy/pass5_crab_v6_125d_covariance/run_gti_hour.sh.out.79724879.1285
20220301_05,1,3553.65695881192,100039902.0,98866811.0,0.9882737690006933,/home/lhaaso/liushijie/energy/pass5_crab_v6_125d_covariance/run_gti_hour.sh.out.79724879.1286
20220301_06,1,3563.33018448204,100124350.0,98952827.0,0.9882993197958339,/home/lhaaso/liushijie/energy/pass5_crab_v6_125d_covariance/run_gti_hour.sh.out.79724879.1287
20220301_07,1,3574.00180608965,99629210.0,98947478.0,0.9931573079822674,/home/lhaaso/liushijie/energy/pass5_crab_v6_125d_covariance/run_gti_hour.sh.out.79724879.1288
20220301_08,1,3579.73833954893,99374979.0,98193056.0,0.9881064327067681,/home/lhaaso/liushijie/energy/pass5_crab_v6_125d_covariance/run_gti_hour.sh.out.79724879.1289
20220301_09,1,3536.52888333891,98401512.0,97211444.0,0.987905998842782,/home/lhaaso/liushijie/energy/pass5_crab_v6_125d_covariance/run_gti_hour.sh.out.79724879.1290
20220301_10,1,804.08659488894,99128751.0,22074527.0,0.22268541444651108,/home/lhaaso/liushijie/energy/pass5_crab_v6_125d_covariance/run_gti_hour.sh.out.79724879.1291
20220301_12,2,222.975527518429,98645280.0,6132153.0,0.062163673720628095,/home/lhaaso/liushijie/energy/pass5_crab_v6_125d_covariance/run_gti_hour.sh.out.79724879.1292
20220301_13,1,3573.42875548638,99571699.0,98376911.0,0.9880007269937213,/home/lhaaso/liushijie/energy/pass5_crab_v6_125d_covariance/run_gti_hour.sh.out.79724879.1293
20220301_14,1,3529.529273347,98468605.0,97285589.0,0.9879858559994833,/home/lhaaso/liushijie/energy/pass5_crab_v6_125d_covariance/run_gti_hour.sh.out.79724879.1294
20220301_15,1,3564.85445201397,99648921.0,98491794.0,0.9883879625751292,/home/lhaaso/liushijie/energy/pass5_crab_v6_125d_covariance/run_gti_hour.sh.out.79724879.1295
20220301_16,2,3489.33933405206,99892997.0,96402453.0,0.9650571701237475,/home/lhaaso/liushijie/energy/pass5_crab_v6_125d_covariance/run_gti_hour.sh.out.79724879.1296
20220301_17,1,3541.2967160577,98940396.0,97773364.0,0.9882046964922194,/home/lhaaso/liushijie/energy/pass5_crab_v6_125d_covariance/run_gti_hour.sh.out.79724879.1297
20220301_18,1,3563.71777479071,99438278.0,98274240.0,0.9882938640590699,/home/lhaaso/liushijie/energy/pass5_crab_v6_125d_covariance/run_gti_hour.sh.out.79724879.1298
20220301_19,1,3552.87032180931,99279321.0,97565763.0,0.9827400310282138,/home/lhaaso/liushijie/energy/pass5_crab_v6_125d_covariance/run_gti_hour.sh.out.79724879.1299
20220301_20,1,3570.29950898141,98210336.0,97093676.0,0.9886299136579677,/home/lhaaso/liushijie/energy/pass5_crab_v6_125d_covariance/run_gti_hour.sh.out.79724879.1300
20220301_21,1,3550.15883732121,97857468.0,96691463.0,0.9880846600281953,/home/lhaaso/liushijie/energy/pass5_crab_v6_125d_covariance/run_gti_hour.sh.out.79724879.1301
20220301_22,1,3560.21614987403,97985487.0,96815175.0,0.9880562720477166,/home/lhaaso/liushijie/energy/pass5_crab_v6_125d_covariance/run_gti_hour.sh.out.79724879.1302
20220301_23,1,3562.23086498212,98051071.0,96869543.0,0.9879498715521424,/home/lhaaso/liushijie/energy/pass5_crab_v6_125d_covariance/run_gti_hour.sh.out.79724879.1303
20220302_00,1,3554.25486154854,97927601.0,96777220.0,0.9882527398991424,/home/lhaaso/liushijie/energy/pass5_crab_v6_125d_covariance/run_gti_hour.sh.out.79724879.1304
20220302_01,1,3591.57315955963,99168166.0,98032130.0,0.988544347991673,/home/lhaaso/liushijie/energy/pass5_crab_v6_125d_covariance/run_gti_hour.sh.out.79724879.1305
20220302_02,1,3535.59363519307,97882886.0,96748589.0,0.9884116923156516,/home/lhaaso/liushijie/energy/pass5_crab_v6_125d_covariance/run_gti_hour.sh.out.79724879.1306
20220302_03,1,3566.68654514942,98959862.0,97798199.0,0.9882612710191532,/home/lhaaso/liushijie/energy/pass5_crab_v6_125d_covariance/run_gti_hour.sh.out.79724879.1307
20220302_04,1,3541.31111763418,98695482.0,97516671.0,0.9880560794059449,/home/lhaaso/liushijie/energy/pass5_crab_v6_125d_covariance/run_gti_hour.sh.out.79724879.1308
20220302_05,2,3485.36692487542,99773630.0,96234803.0,0.9645314398203213,/home/lhaaso/liushijie/energy/pass5_crab_v6_125d_covariance/run_gti_hour.sh.out.79724879.1309
20220302_06,1,3569.87172137015,99780518.0,98584649.0,0.9880150050934793,/home/lhaaso/liushijie/energy/pass5_crab_v6_125d_covariance/run_gti_hour.sh.out.79724879.1310
20220302_07,1,3536.97251966223,98697127.0,97486647.0,0.9877354079415098,/home/lhaaso/liushijie/energy/pass5_crab_v6_125d_covariance/run_gti_hour.sh.out.79724879.1311
20220302_08,1,3569.93258781731,99496561.0,98296556.0,0.9879392313871029,/home/lhaaso/liushijie/energy/pass5_crab_v6_125d_covariance/run_gti_hour.sh.out.79724879.1312
20220302_09,1,3557.82844028436,98984690.0,97815290.0,0.9881860518025566,/home/lhaaso/liushijie/energy/pass5_crab_v6_125d_covariance/run_gti_hour.sh.out.79724879.1313
20220302_10,1,621.435248921625,98778302.0,17024365.0,0.1723492371836884,/home/lhaaso/liushijie/energy/pass5_crab_v6_125d_covariance/run_gti_hour.sh.out.79724879.1314
20220302_12,2,575.718420976773,99203323.0,15803422.0,0.1593033531749738,/home/lhaaso/liushijie/energy/pass5_crab_v6_125d_covariance/run_gti_hour.sh.out.79724879.1315
20220302_13,2,3469.89563105162,98961244.0,95436976.0,0.9643873918965691,/home/lhaaso/liushijie/energy/pass5_crab_v6_125d_covariance/run_gti_hour.sh.out.79724879.1316
20220302_14,1,3552.62841379736,99099260.0,97949433.0,0.9883972191114242,/home/lhaaso/liushijie/energy/pass5_crab_v6_125d_covariance/run_gti_hour.sh.out.79724879.1317
20220302_15,1,3534.27052013576,99033954.0,97859795.0,0.9881438743726217,/home/lhaaso/liushijie/energy/pass5_crab_v6_125d_covariance/run_gti_hour.sh.out.79724879.1318
20220302_16,1,3590.18651701044,100686444.0,99455640.0,0.9877758717946181,/home/lhaaso/liushijie/energy/pass5_crab_v6_125d_covariance/run_gti_hour.sh.out.79724879.1319
20220302_17,1,3563.09878297616,99247234.0,98622646.0,0.9937067465275657,/home/lhaaso/liushijie/energy/pass5_crab_v6_125d_covariance/run_gti_hour.sh.out.79724879.1320
20220302_18,1,3586.3194438396,99707212.0,98573250.0,0.9886270814592629,/home/lhaaso/liushijie/energy/pass5_crab_v6_125d_covariance/run_gti_hour.sh.out.79724879.1321
20220302_19,1,3538.46972726751,98409232.0,97333754.0,0.9890713708648798,/home/lhaaso/liushijie/energy/pass5_crab_v6_125d_covariance/run_gti_hour.sh.out.79724879.1322
20220302_20,1,3516.19771595579,98703440.0,96371521.0,0.9763744911018298,/home/lhaaso/liushijie/energy/pass5_crab_v6_125d_covariance/run_gti_hour.sh.out.79724879.1323
20220302_21,1,3568.99062136654,98875930.0,97747962.0,0.9885920870731633,/home/lhaaso/liushijie/energy/pass5_crab_v6_125d_covariance/run_gti_hour.sh.out.79724879.1324
20220302_22,1,3586.13923836965,99038303.0,97910861.0,0.9886161013885708,/home/lhaaso/liushijie/energy/pass5_crab_v6_125d_covariance/run_gti_hour.sh.out.79724879.1325
20220302_23,1,3559.74915570114,97911219.0,96797591.0,0.988626145079452,/home/lhaaso/liushijie/energy/pass5_crab_v6_125d_covariance/run_gti_hour.sh.out.79724879.1326
20220303_00,1,3548.17584226839,97802364.0,96741023.0,0.9891481048454003,/home/lhaaso/liushijie/energy/pass5_crab_v6_125d_covariance/run_gti_hour.sh.out.79724879.1327
20220303_01,1,3576.67110424954,98971554.0,97924356.0,0.9894192022083437,/home/lhaaso/liushijie/energy/pass5_crab_v6_125d_covariance/run_gti_hour.sh.out.79724879.1328
20220303_02,2,3491.22750086244,98992218.0,95692837.0,0.966670299275444,/home/lhaaso/liushijie/energy/pass5_crab_v6_125d_covariance/run_gti_hour.sh.out.79724879.1329
20220303_03,1,3560.68174028769,98313064.0,97643470.0,0.9931891655823075,/home/lhaaso/liushijie/energy/pass5_crab_v6_125d_covariance/run_gti_hour.sh.out.79724879.1330
20220303_04,1,3587.34864704311,99280596.0,98141979.0,0.9885313238852836,/home/lhaaso/liushijie/energy/pass5_crab_v6_125d_covariance/run_gti_hour.sh.out.79724879.1331
20220303_05,1,3552.53393130843,98780053.0,97652405.0,0.9885842539485173,/home/lhaaso/liushijie/energy/pass5_crab_v6_125d_covariance/run_gti_hour.sh.out.79724879.1332
20220303_06,1,3561.27015617676,98872604.0,97731206.0,0.9884558719622677,/home/lhaaso/liushijie/energy/pass5_crab_v6_125d_covariance/run_gti_hour.sh.out.79724879.1333
20220303_07,1,3572.56726222113,98888603.0,97742785.0,0.9884130429064713,/home/lhaaso/liushijie/energy/pass5_crab_v6_125d_covariance/run_gti_hour.sh.out.79724879.1334
20220303_08,1,3565.47369025648,98501290.0,97368060.0,0.9884952775745374,/home/lhaaso/liushijie/energy/pass5_crab_v6_125d_covariance/run_gti_hour.sh.out.79724879.1335
20220303_09,2,3483.08610215317,98247979.0,94854399.0,0.9654590350403035,/home/lhaaso/liushijie/energy/pass5_crab_v6_125d_covariance/run_gti_hour.sh.out.79724879.1336
20220303_10,2,366.597927943803,97864875.0,9901561.0,0.101175840668064,/home/lhaaso/liushijie/energy/pass5_crab_v6_125d_covariance/run_gti_hour.sh.out.79724879.1337
20220303_12,1,752.85355579108,97941046.0,20514798.0,0.20946067902930096,/home/lhaaso/liushijie/energy/pass5_crab_v6_125d_covariance/run_gti_hour.sh.out.79724879.1338
20220303_13,1,3591.7844488984,98909101.0,97795404.0,0.9887401969208072,/home/lhaaso/liushijie/energy/pass5_crab_v6_125d_covariance/run_gti_hour.sh.out.79724879.1339
20220303_14,1,3546.09037719201,98280267.0,97162852.0,0.9886303218936107,/home/lhaaso/liushijie/energy/pass5_crab_v6_125d_covariance/run_gti_hour.sh.out.79724879.1340
20220303_15,1,3576.75714595243,99434411.0,98313270.0,0.9887248188154903,/home/lhaaso/liushijie/energy/pass5_crab_v6_125d_covariance/run_gti_hour.sh.out.79724879.1341
20220303_16,1,3567.83797913231,99487085.0,98355701.0,0.9886278304364833,/home/lhaaso/liushijie/energy/pass5_crab_v6_125d_covariance/run_gti_hour.sh.out.79724879.1342
20220303_17,1,3541.24796607066,98759602.0,97665776.0,0.9889243579576191,/home/lhaaso/liushijie/energy/pass5_crab_v6_125d_covariance/run_gti_hour.sh.out.79724879.1343
20220303_18,2,3480.44779356569,99133549.0,95844782.0,0.9668248838745801,/home/lhaaso/liushijie/energy/pass5_crab_v6_125d_covariance/run_gti_hour.sh.out.79724879.1344
20220303_19,1,3588.02624156233,99048333.0,98423071.0,0.9936873041568504,/home/lhaaso/liushijie/energy/pass5_crab_v6_125d_covariance/run_gti_hour.sh.out.79724879.1345
20220303_20,1,3565.96884636674,98012253.0,96970809.0,0.9893743489398208,/home/lhaaso/liushijie/energy/pass5_crab_v6_125d_covariance/run_gti_hour.sh.out.79724879.1346
20220303_21,1,3584.29223571438,98800054.0,97724996.0,0.9891188521010322,/home/lhaaso/liushijie/energy/pass5_crab_v6_125d_covariance/run_gti_hour.sh.out.79724879.1347
20220303_22,1,3566.75331769511,97836366.0,96774847.0,0.9891500569430389,/home/lhaaso/liushijie/energy/pass5_crab_v6_125d_covariance/run_gti_hour.sh.out.79724879.1348
20220303_23,1,3571.33008891251,97896390.0,96835557.0,0.9891637168643297,/home/lhaaso/liushijie/energy/pass5_crab_v6_125d_covariance/run_gti_hour.sh.out.79724879.1349
20220304_00,1,3571.34928451851,98066093.0,97036506.0,0.9895010908612419,/home/lhaaso/liushijie/energy/pass5_crab_v6_125d_covariance/run_gti_hour.sh.out.79724879.1350
20220304_01,1,3567.61428792961,97983257.0,96964981.0,0.989607653070769,/home/lhaaso/liushijie/energy/pass5_crab_v6_125d_covariance/run_gti_hour.sh.out.79724879.1351
20220304_02,2,3477.51497905701,97788762.0,94591023.0,0.9672995246631714,/home/lhaaso/liushijie/energy/pass5_crab_v6_125d_covariance/run_gti_hour.sh.out.79724879.1352
20220304_03,1,3541.82788962498,97808431.0,96473489.0,0.9863514628917828,/home/lhaaso/liushijie/energy/pass5_crab_v6_125d_covariance/run_gti_hour.sh.out.79724879.1353
20220304_04,1,3583.65146897268,98951645.0,97866450.0,0.9890330777219519,/home/lhaaso/liushijie/energy/pass5_crab_v6_125d_covariance/run_gti_hour.sh.out.79724879.1354
20220304_05,1,3565.12410202995,98235297.0,97491340.0,0.9924267852521482,/home/lhaaso/liushijie/energy/pass5_crab_v6_125d_covariance/run_gti_hour.sh.out.79724879.1355
20220304_06,1,3590.42883992661,98694341.0,97946754.0,0.9924252293249519,/home/lhaaso/liushijie/energy/pass5_crab_v6_125d_covariance/run_gti_hour.sh.out.79724879.1356
20220304_07,3,3436.65890854318,99175355.0,93793042.0,0.9457293296303301,/home/lhaaso/liushijie/energy/pass5_crab_v6_125d_covariance/run_gti_hour.sh.out.79724879.1357
20220304_08,1,3547.57253697608,98219414.0,97135215.0,0.9889614592895046,/home/lhaaso/liushijie/energy/pass5_crab_v6_125d_covariance/run_gti_hour.sh.out.79724879.1358
20220304_09,1,3574.59456338547,98842856.0,97761341.0,0.9890582380581961,/home/lhaaso/liushijie/energy/pass5_crab_v6_125d_covariance/run_gti_hour.sh.out.79724879.1359
20220304_10,1,142.833794513717,98610093.0,3779547.0,0.03832819628311272,/home/lhaaso/liushijie/energy/pass5_crab_v6_125d_covariance/run_gti_hour.sh.out.79724879.1360
20220304_12,1,958.674365328625,98639160.0,26324815.0,0.2668799592372847,/home/lhaaso/liushijie/energy/pass5_crab_v6_125d_covariance/run_gti_hour.sh.out.79724879.1361
20220304_13,1,3584.39010533039,98911159.0,98190706.0,0.9927161605699111,/home/lhaaso/liushijie/energy/pass5_crab_v6_125d_covariance/run_gti_hour.sh.out.79724879.1362
20220304_14,2,3503.27552757226,99535602.0,96315658.0,0.9676503287738191,/home/lhaaso/liushijie/energy/pass5_crab_v6_125d_covariance/run_gti_hour.sh.out.79724879.1363
20220304_15,1,3572.2379860701,99937664.0,98843184.0,0.9890483731939141,/home/lhaaso/liushijie/energy/pass5_crab_v6_125d_covariance/run_gti_hour.sh.out.79724879.1364
20220304_16,2,3489.72541750409,100016003.0,96758477.0,0.9674299521847519,/home/lhaaso/liushijie/energy/pass5_crab_v6_125d_covariance/run_gti_hour.sh.out.79724879.1365
20220304_17,1,3567.37237237394,100163022.0,99106413.0,0.9894511070163199,/home/lhaaso/liushijie/energy/pass5_crab_v6_125d_covariance/run_gti_hour.sh.out.79724879.1366
20220304_18,1,3555.89602771215,99661735.0,98636014.0,0.9897079756839473,/home/lhaaso/liushijie/energy/pass5_crab_v6_125d_covariance/run_gti_hour.sh.out.79724879.1367
20220304_19,1,3552.37295224797,99648988.0,98054212.0,0.9839960642650982,/home/lhaaso/liushijie/energy/pass5_crab_v6_125d_covariance/run_gti_hour.sh.out.79724879.1368
20220304_21,1,3584.54516509082,98995561.0,98290884.0,0.9928817313333878,/home/lhaaso/liushijie/energy/pass5_crab_v6_125d_covariance/run_gti_hour.sh.out.79724879.1369
20220304_22,1,3589.47848298121,98557722.0,97829040.0,0.9926065458371695,/home/lhaaso/liushijie/energy/pass5_crab_v6_125d_covariance/run_gti_hour.sh.out.79724879.1370
20220304_23,1,3561.64380130358,98650868.0,96991177.0,0.9831761135644544,/home/lhaaso/liushijie/energy/pass5_crab_v6_125d_covariance/run_gti_hour.sh.out.79724879.1371
20220305_00,2,3484.23285840545,98054805.0,94938649.0,0.9682202621278988,/home/lhaaso/liushijie/energy/pass5_crab_v6_125d_covariance/run_gti_hour.sh.out.79724879.1372
20220305_01,1,3602.11700010113,99835404.0,98838448.0,0.9900140034491172,/home/lhaaso/liushijie/energy/pass5_crab_v6_125d_covariance/run_gti_hour.sh.out.79724879.1373
20220305_02,1,3555.37187294103,98605494.0,97555807.0,0.9893546803791683,/home/lhaaso/liushijie/energy/pass5_crab_v6_125d_covariance/run_gti_hour.sh.out.79724879.1374
20220305_03,1,3574.18536411133,99092608.0,98372133.0,0.9927292760323757,/home/lhaaso/liushijie/energy/pass5_crab_v6_125d_covariance/run_gti_hour.sh.out.79724879.1375
20220305_04,1,3594.71406864468,99589937.0,98875324.0,0.9928244457067986,/home/lhaaso/liushijie/energy/pass5_crab_v6_125d_covariance/run_gti_hour.sh.out.79724879.1376
20220305_05,2,3502.8649232816,100101875.0,96569568.0,0.9647128787547686,/home/lhaaso/liushijie/energy/pass5_crab_v6_125d_covariance/run_gti_hour.sh.out.79724879.1377
20220305_06,1,3562.6877757255,99588440.0,98489912.0,0.9889693221422085,/home/lhaaso/liushijie/energy/pass5_crab_v6_125d_covariance/run_gti_hour.sh.out.79724879.1378
20220305_07,1,3565.89588609058,99648966.0,98568458.0,0.9891568568809835,/home/lhaaso/liushijie/energy/pass5_crab_v6_125d_covariance/run_gti_hour.sh.out.79724879.1379
20220305_08,1,3555.92245962471,98767550.0,97986640.0,0.9920934557959573,/home/lhaaso/liushijie/energy/pass5_crab_v6_125d_covariance/run_gti_hour.sh.out.79724879.1380
20220305_09,1,3497.69230058882,99651450.0,95854249.0,0.9618951756346746,/home/lhaaso/liushijie/energy/pass5_crab_v6_125d_covariance/run_gti_hour.sh.out.79724879.1381
20220305_10,1,0.320840394124389,98431133.0,8188.0,8.318506300237344e-05,/home/lhaaso/liushijie/energy/pass5_crab_v6_125d_covariance/run_gti_hour.sh.out.79724879.1382
20220305_12,1,1194.31802469771,99028222.0,32888044.0,0.33210779044381916,/home/lhaaso/liushijie/energy/pass5_crab_v6_125d_covariance/run_gti_hour.sh.out.79724879.1383
20220305_13,1,3570.10461527389,99299579.0,98534886.0,0.9922991314998425,/home/lhaaso/liushijie/energy/pass5_crab_v6_125d_covariance/run_gti_hour.sh.out.79724879.1384
20220305_14,1,3594.79793210048,100601870.0,99583557.0,0.9898777925300991,/home/lhaaso/liushijie/energy/pass5_crab_v6_125d_covariance/run_gti_hour.sh.out.79724879.1385
20220305_15,1,3563.81010983605,100097588.0,99080709.0,0.9898411238440631,/home/lhaaso/liushijie/energy/pass5_crab_v6_125d_covariance/run_gti_hour.sh.out.79724879.1386
20220305_16,3,3429.94784493931,100276996.0,95187557.0,0.9492461960069087,/home/lhaaso/liushijie/energy/pass5_crab_v6_125d_covariance/run_gti_hour.sh.out.79724879.1387
20220305_17,2,3477.79291458428,99424735.0,96406399.0,0.9696420010573827,/home/lhaaso/liushijie/energy/pass5_crab_v6_125d_covariance/run_gti_hour.sh.out.79724879.1388
20220305_18,1,3575.43207078706,99941571.0,98960941.0,0.9901879669271959,/home/lhaaso/liushijie/energy/pass5_crab_v6_125d_covariance/run_gti_hour.sh.out.79724879.1389
20220305_19,3,3437.8644938115,99729115.0,95026117.0,0.9528422768015138,/home/lhaaso/liushijie/energy/pass5_crab_v6_125d_covariance/run_gti_hour.sh.out.79724879.1390
20220305_20,1,3592.10080204066,99885135.0,98912320.0,0.9902606629104521,/home/lhaaso/liushijie/energy/pass5_crab_v6_125d_covariance/run_gti_hour.sh.out.79724879.1391
20220305_21,1,3571.83728667442,99334732.0,98329606.0,0.9898814243541725,/home/lhaaso/liushijie/energy/pass5_crab_v6_125d_covariance/run_gti_hour.sh.out.79724879.1392
20220305_22,2,3494.86946335528,98893029.0,96069345.0,0.9714470875394058,/home/lhaaso/liushijie/energy/pass5_crab_v6_125d_covariance/run_gti_hour.sh.out.79724879.1393
20220305_23,1,3576.58187092748,98965204.0,97977288.0,0.9900175419231187,/home/lhaaso/liushijie/energy/pass5_crab_v6_125d_covariance/run_gti_hour.sh.out.79724879.1394
20220306_00,1,3563.86816373561,98490971.0,97548576.0,0.9904316609895134,/home/lhaaso/liushijie/energy/pass5_crab_v6_125d_covariance/run_gti_hour.sh.out.79724879.1395
20220306_01,1,3579.85573732294,99103165.0,98167779.0,0.990561492158197,/home/lhaaso/liushijie/energy/pass5_crab_v6_125d_covariance/run_gti_hour.sh.out.79724879.1396
20220306_02,1,3580.77238644473,98595833.0,97811213.0,0.9920420571932285,/home/lhaaso/liushijie/energy/pass5_crab_v6_125d_covariance/run_gti_hour.sh.out.79724879.1397
20220306_03,1,3582.91821128223,98650241.0,97823938.0,0.9916239130120321,/home/lhaaso/liushijie/energy/pass5_crab_v6_125d_covariance/run_gti_hour.sh.out.79724879.1398
20220306_04,2,3476.81632060558,99333053.0,95138741.0,0.9577752633858944,/home/lhaaso/liushijie/energy/pass5_crab_v6_125d_covariance/run_gti_hour.sh.out.79724879.1399
20220306_05,1,3570.02964019775,98705587.0,97731215.0,0.9901285020472043,/home/lhaaso/liushijie/energy/pass5_crab_v6_125d_covariance/run_gti_hour.sh.out.79724879.1400
20220306_06,1,3559.56392611843,98014237.0,97156809.0,0.9912520055632326,/home/lhaaso/liushijie/energy/pass5_crab_v6_125d_covariance/run_gti_hour.sh.out.79724879.1401
20220306_07,3,3442.04835514538,98162525.0,93495225.0,0.952453342046774,/home/lhaaso/liushijie/energy/pass5_crab_v6_125d_covariance/run_gti_hour.sh.out.79724879.1402
20220306_08,1,3566.82478305884,98395985.0,97184946.0,0.9876921908957972,/home/lhaaso/liushijie/energy/pass5_crab_v6_125d_covariance/run_gti_hour.sh.out.79724879.1403
20220306_09,1,3203.12673754524,98013548.0,86767105.0,0.8852562402903729,/home/lhaaso/liushijie/energy/pass5_crab_v6_125d_covariance/run_gti_hour.sh.out.79724879.1404
20220306_10,1,0.32458333298564,97193433.0,7965.0,8.194998112681132e-05,/home/lhaaso/liushijie/energy/pass5_crab_v6_125d_covariance/run_gti_hour.sh.out.79724879.1405
20220306_12,1,1387.19565107021,96912998.0,37377547.0,0.3856814645234688,/home/lhaaso/liushijie/energy/pass5_crab_v6_125d_covariance/run_gti_hour.sh.out.79724879.1406
20220306_13,1,3564.01513977908,97116935.0,96066134.0,0.9891800436247293,/home/lhaaso/liushijie/energy/pass5_crab_v6_125d_covariance/run_gti_hour.sh.out.79724879.1407
20220306_14,1,3580.10469933506,97078692.0,96056022.0,0.9894655564580537,/home/lhaaso/liushijie/energy/pass5_crab_v6_125d_covariance/run_gti_hour.sh.out.79724879.1408
20220306_15,1,3562.77344275732,96626981.0,95615373.0,0.9895307916119205,/home/lhaaso/liushijie/energy/pass5_crab_v6_125d_covariance/run_gti_hour.sh.out.79724879.1409
20220306_16,1,3577.30927469674,96774092.0,95781264.0,0.9897407665679777,/home/lhaaso/liushijie/energy/pass5_crab_v6_125d_covariance/run_gti_hour.sh.out.79724879.1410
20220306_17,1,3568.94917369355,96118231.0,95135467.0,0.9897754672576111,/home/lhaaso/liushijie/energy/pass5_crab_v6_125d_covariance/run_gti_hour.sh.out.79724879.1411
20220306_18,1,3545.85336316377,95874069.0,94302811.0,0.9836112306863705,/home/lhaaso/liushijie/energy/pass5_crab_v6_125d_covariance/run_gti_hour.sh.out.79724879.1412
20220306_19,1,3571.47775394842,95151847.0,94240380.0,0.990420921624359,/home/lhaaso/liushijie/energy/pass5_crab_v6_125d_covariance/run_gti_hour.sh.out.79724879.1413
20220306_20,1,3567.810271075,94778668.0,93813371.0,0.9898152504105671,/home/lhaaso/liushijie/energy/pass5_crab_v6_125d_covariance/run_gti_hour.sh.out.79724879.1414
20220306_21,1,3584.31369254831,94839723.0,93838594.0,0.9894439906788847,/home/lhaaso/liushijie/energy/pass5_crab_v6_125d_covariance/run_gti_hour.sh.out.79724879.1415
20220306_22,2,3484.5731816953,93955970.0,90908163.0,0.9675613268640619,/home/lhaaso/liushijie/energy/pass5_crab_v6_125d_covariance/run_gti_hour.sh.out.79724879.1416
20220306_23,1,3576.95131672081,94088689.0,93086628.0,0.9893498250358234,/home/lhaaso/liushijie/energy/pass5_crab_v6_125d_covariance/run_gti_hour.sh.out.79724879.1417
20220307_00,1,3569.48973101098,94144890.0,92786935.0,0.9855759032699491,/home/lhaaso/liushijie/energy/pass5_crab_v6_125d_covariance/run_gti_hour.sh.out.79724879.1418
20220307_01,2,3490.64204839524,93526006.0,90764090.0,0.9704690051663277,/home/lhaaso/liushijie/energy/pass5_crab_v6_125d_covariance/run_gti_hour.sh.out.79724879.1419
20220307_02,1,3590.79178618267,94072246.0,93286374.0,0.9916460801839472,/home/lhaaso/liushijie/energy/pass5_crab_v6_125d_covariance/run_gti_hour.sh.out.79724879.1420
20220307_03,1,3583.55216542259,94023360.0,93201344.0,0.9912573215847637,/home/lhaaso/liushijie/energy/pass5_crab_v6_125d_covariance/run_gti_hour.sh.out.79724879.1421
20220307_04,1,3571.20988110546,93910597.0,93076429.0,0.9911174241603427,/home/lhaaso/liushijie/energy/pass5_crab_v6_125d_covariance/run_gti_hour.sh.out.79724879.1422
20220307_05,1,3584.94238746352,94548273.0,93504555.0,0.988961004078837,/home/lhaaso/liushijie/energy/pass5_crab_v6_125d_covariance/run_gti_hour.sh.out.79724879.1423
20220307_06,1,3554.2362537235,93904501.0,92875085.0,0.9890376287713833,/home/lhaaso/liushijie/energy/pass5_crab_v6_125d_covariance/run_gti_hour.sh.out.79724879.1424
20220307_07,1,3583.64640839864,94438643.0,93615313.0,0.9912818527051475,/home/lhaaso/liushijie/energy/pass5_crab_v6_125d_covariance/run_gti_hour.sh.out.79724879.1425
20220307_08,2,3507.40888249129,93992015.0,91321141.0,0.9715840329628,/home/lhaaso/liushijie/energy/pass5_crab_v6_125d_covariance/run_gti_hour.sh.out.79724879.1426
20220307_09,1,3041.22227348853,94242195.0,79410441.0,0.8426208769861525,/home/lhaaso/liushijie/energy/pass5_crab_v6_125d_covariance/run_gti_hour.sh.out.79724879.1427
20220307_12,1,1652.62013173196,93423778.0,43005707.0,0.46032934998625297,/home/lhaaso/liushijie/energy/pass5_crab_v6_125d_covariance/run_gti_hour.sh.out.79724879.1428
20220307_13,1,3573.07876870036,93822267.0,93017470.0,0.9914221109153118,/home/lhaaso/liushijie/energy/pass5_crab_v6_125d_covariance/run_gti_hour.sh.out.79724879.1429
20220307_14,1,3596.67757074349,94912128.0,93909415.0,0.9894353543521857,/home/lhaaso/liushijie/energy/pass5_crab_v6_125d_covariance/run_gti_hour.sh.out.79724879.1430
20220307_15,1,3551.09040350653,94214069.0,93209650.0,0.9893389701701558,/home/lhaaso/liushijie/energy/pass5_crab_v6_125d_covariance/run_gti_hour.sh.out.79724879.1431
20220307_16,2,3484.26837734878,94600780.0,91538674.0,0.9676312816871065,/home/lhaaso/liushijie/energy/pass5_crab_v6_125d_covariance/run_gti_hour.sh.out.79724879.1432
20220307_17,2,3492.36881243996,94768418.0,91778806.0,0.9684534989283033,/home/lhaaso/liushijie/energy/pass5_crab_v6_125d_covariance/run_gti_hour.sh.out.79724879.1433
20220307_18,1,3584.54991134349,95139242.0,94193845.0,0.9900630173193938,/home/lhaaso/liushijie/energy/pass5_crab_v6_125d_covariance/run_gti_hour.sh.out.79724879.1434
20220307_19,1,3581.62766494788,94771573.0,94048499.0,0.9923703492818463,/home/lhaaso/liushijie/energy/pass5_crab_v6_125d_covariance/run_gti_hour.sh.out.79724879.1435
20220307_20,3,3443.29308033921,94249322.0,89895987.0,0.9538104369599603,/home/lhaaso/liushijie/energy/pass5_crab_v6_125d_covariance/run_gti_hour.sh.out.79724879.1436
20220307_21,1,3583.45567190554,94275125.0,93460951.0,0.9913638512810246,/home/lhaaso/liushijie/energy/pass5_crab_v6_125d_covariance/run_gti_hour.sh.out.79724879.1437
20220307_22,1,3598.81665401626,94488928.0,93671014.0,0.991343811202938,/home/lhaaso/liushijie/energy/pass5_crab_v6_125d_covariance/run_gti_hour.sh.out.79724879.1438
20220307_23,1,3571.92663880996,93904252.0,92949483.0,0.9898325264334144,/home/lhaaso/liushijie/energy/pass5_crab_v6_125d_covariance/run_gti_hour.sh.out.79724879.1439
20220308_00,2,3482.24611664191,94004177.0,90831400.0,0.9662485529765342,/home/lhaaso/liushijie/energy/pass5_crab_v6_125d_covariance/run_gti_hour.sh.out.79724879.1440
20220308_01,1,3575.38226342294,94132760.0,93194868.0,0.9900364973894317,/home/lhaaso/liushijie/energy/pass5_crab_v6_125d_covariance/run_gti_hour.sh.out.79724879.1441
20220308_02,1,3575.06999268662,94484332.0,93517826.0,0.9897707272778306,/home/lhaaso/liushijie/energy/pass5_crab_v6_125d_covariance/run_gti_hour.sh.out.79724879.1442
20220308_03,1,3565.09830001742,94527462.0,93554394.0,0.9897059756031533,/home/lhaaso/liushijie/energy/pass5_crab_v6_125d_covariance/run_gti_hour.sh.out.79724879.1443
20220308_04,1,3580.38009011652,95142464.0,94277391.0,0.9909076035701577,/home/lhaaso/liushijie/energy/pass5_crab_v6_125d_covariance/run_gti_hour.sh.out.79724879.1444
20220308_05,1,3596.95414903108,95678085.0,94812664.0,0.9909548670419146,/home/lhaaso/liushijie/energy/pass5_crab_v6_125d_covariance/run_gti_hour.sh.out.79724879.1445
20220308_06,1,3546.47379457019,95022720.0,93533883.0,0.9843317787577539,/home/lhaaso/liushijie/energy/pass5_crab_v6_125d_covariance/run_gti_hour.sh.out.79724879.1446
20220308_07,1,3583.23521444108,95605139.0,94615306.0,0.9896466548728097,/home/lhaaso/liushijie/energy/pass5_crab_v6_125d_covariance/run_gti_hour.sh.out.79724879.1447
20220308_08,1,3567.91733962018,95223337.0,94232243.0,0.9895919001452343,/home/lhaaso/liushijie/energy/pass5_crab_v6_125d_covariance/run_gti_hour.sh.out.79724879.1448
20220308_09,1,2763.0498629529,94703847.0,72853312.0,0.7692751066384874,/home/lhaaso/liushijie/energy/pass5_crab_v6_125d_covariance/run_gti_hour.sh.out.79724879.1449
20220308_12,2,1924.16823324747,96092335.0,51076797.0,0.5315387226254831,/home/lhaaso/liushijie/energy/pass5_crab_v6_125d_covariance/run_gti_hour.sh.out.79724879.1450
20220308_13,2,3468.06933714543,95377507.0,92125982.0,0.9659088908666904,/home/lhaaso/liushijie/energy/pass5_crab_v6_125d_covariance/run_gti_hour.sh.out.79724879.1451
20220308_14,1,3580.54452545475,96342738.0,95351657.0,0.989712966222737,/home/lhaaso/liushijie/energy/pass5_crab_v6_125d_covariance/run_gti_hour.sh.out.79724879.1452
20220308_15,1,3582.2548875818,96884304.0,95907212.0,0.9899148576223451,/home/lhaaso/liushijie/energy/pass5_crab_v6_125d_covariance/run_gti_hour.sh.out.79724879.1453
20220308_16,1,3573.34454061929,96603269.0,95797772.0,0.9916618039085199,/home/lhaaso/liushijie/energy/pass5_crab_v6_125d_covariance/run_gti_hour.sh.out.79724879.1454
20220308_17,2,3522.11505712476,96860984.0,94248643.0,0.973029997300048,/home/lhaaso/liushijie/energy/pass5_crab_v6_125d_covariance/run_gti_hour.sh.out.79724879.1455
20220308_18,1,3569.33165627997,96552506.0,95624725.0,0.9903909174558349,/home/lhaaso/liushijie/energy/pass5_crab_v6_125d_covariance/run_gti_hour.sh.out.79724879.1456
20220308_19,1,3577.68582666758,96378921.0,95647129.0,0.9924071364110831,/home/lhaaso/liushijie/energy/pass5_crab_v6_125d_covariance/run_gti_hour.sh.out.79724879.1457
20220308_20,1,3588.84263474029,96534342.0,95604562.0,0.9903684017445314,/home/lhaaso/liushijie/energy/pass5_crab_v6_125d_covariance/run_gti_hour.sh.out.79724879.1458
20220308_21,1,3558.66608724464,95236875.0,94287283.0,0.9900291562485645,/home/lhaaso/liushijie/energy/pass5_crab_v6_125d_covariance/run_gti_hour.sh.out.79724879.1459
20220308_22,1,3584.21614919789,95560301.0,94615395.0,0.990111939894371,/home/lhaaso/liushijie/energy/pass5_crab_v6_125d_covariance/run_gti_hour.sh.out.79724879.1460
20220308_23,2,3497.00097085442,95055169.0,92284098.0,0.9708477610512691,/home/lhaaso/liushijie/energy/pass5_crab_v6_125d_covariance/run_gti_hour.sh.out.79724879.1461
20220309_00,2,3504.56175450236,95106335.0,92493410.0,0.9725262780865228,/home/lhaaso/liushijie/energy/pass5_crab_v6_125d_covariance/run_gti_hour.sh.out.79724879.1462
20220309_01,1,3588.62846433185,95742047.0,94848976.0,0.9906721129536744,/home/lhaaso/liushijie/energy/pass5_crab_v6_125d_covariance/run_gti_hour.sh.out.79724879.1463
20220309_02,1,3581.94872725289,95682885.0,94759743.0,0.9903520676660199,/home/lhaaso/liushijie/energy/pass5_crab_v6_125d_covariance/run_gti_hour.sh.out.79724879.1464
20220309_03,1,3569.71725190524,95666260.0,94711399.0,0.9900188321358021,/home/lhaaso/liushijie/energy/pass5_crab_v6_125d_covariance/run_gti_hour.sh.out.79724879.1465
20220309_04,1,3567.01306344476,95772941.0,94812930.0,0.9899761770916067,/home/lhaaso/liushijie/energy/pass5_crab_v6_125d_covariance/run_gti_hour.sh.out.79724879.1466
20220309_05,1,3543.28055160586,96386793.0,94541765.0,0.9808580829118363,/home/lhaaso/liushijie/energy/pass5_crab_v6_125d_covariance/run_gti_hour.sh.out.79724879.1467
20220309_06,1,3572.11245680228,95819571.0,94917071.0,0.9905812560985062,/home/lhaaso/liushijie/energy/pass5_crab_v6_125d_covariance/run_gti_hour.sh.out.79724879.1468
20220309_07,1,3580.07361546624,95864246.0,94977889.0,0.9907540398325357,/home/lhaaso/liushijie/energy/pass5_crab_v6_125d_covariance/run_gti_hour.sh.out.79724879.1469
20220309_08,1,3578.62675020006,95585716.0,94690092.0,0.9906301481279902,/home/lhaaso/liushijie/energy/pass5_crab_v6_125d_covariance/run_gti_hour.sh.out.79724879.1470
20220309_09,1,2573.38740974665,95240876.0,67726934.0,0.7111120439505407,/home/lhaaso/liushijie/energy/pass5_crab_v6_125d_covariance/run_gti_hour.sh.out.79724879.1471
20220309_12,1,2094.60945571773,94092520.0,54951880.0,0.584019643644362,/home/lhaaso/liushijie/energy/pass5_crab_v6_125d_covariance/run_gti_hour.sh.out.79724879.1472
20220309_13,2,3471.11012481619,94921348.0,91309464.0,0.961948665120095,/home/lhaaso/liushijie/energy/pass5_crab_v6_125d_covariance/run_gti_hour.sh.out.79724879.1473
20220309_14,2,46.5873510343954,2447421.0,1229838.0,0.5025036558891993,/home/lhaaso/liushijie/energy/pass5_crab_v6_125d_covariance/run_gti_hour.sh.out.79724879.1474
20220309_15,1,3566.89299582504,95725372.0,94522271.0,0.987431743801424,/home/lhaaso/liushijie/energy/pass5_crab_v6_125d_covariance/run_gti_hour.sh.out.79724879.1475
20220309_16,2,3248.63159784582,87754018.0,86333182.0,0.9838088781302299,/home/lhaaso/liushijie/energy/pass5_crab_v6_125d_covariance/run_gti_hour.sh.out.79724879.1476
20220309_17,1,3560.52717652638,96493421.0,95326946.0,0.9879113520081333,/home/lhaaso/liushijie/energy/pass5_crab_v6_125d_covariance/run_gti_hour.sh.out.79724879.1477
20220309_18,2,3488.56125099119,96726739.0,93260600.0,0.9641656584742302,/home/lhaaso/liushijie/energy/pass5_crab_v6_125d_covariance/run_gti_hour.sh.out.79724879.1478
20220309_19,1,3548.55717380997,95781468.0,94683274.0,0.9885343791139222,/home/lhaaso/liushijie/energy/pass5_crab_v6_125d_covariance/run_gti_hour.sh.out.79724879.1479
20220309_20,1,3562.54726527259,96009829.0,94848017.0,0.9878990306294577,/home/lhaaso/liushijie/energy/pass5_crab_v6_125d_covariance/run_gti_hour.sh.out.79724879.1480
20220309_21,1,3529.11077141762,94877438.0,93691902.0,0.9875045529791814,/home/lhaaso/liushijie/energy/pass5_crab_v6_125d_covariance/run_gti_hour.sh.out.79724879.1481
20220309_22,2,3494.82266530395,96279814.0,92635185.0,0.9621454503433087,/home/lhaaso/liushijie/energy/pass5_crab_v6_125d_covariance/run_gti_hour.sh.out.79724879.1482
20220309_23,1,3541.29686693195,95014128.0,93858214.0,0.9878342934431814,/home/lhaaso/liushijie/energy/pass5_crab_v6_125d_covariance/run_gti_hour.sh.out.79724879.1483
20220310_00,1,3549.23487897031,95236654.0,94116207.0,0.988235128462199,/home/lhaaso/liushijie/energy/pass5_crab_v6_125d_covariance/run_gti_hour.sh.out.79724879.1484
20220310_01,1,3589.51817548368,96430735.0,95301418.0,0.9882888272084621,/home/lhaaso/liushijie/energy/pass5_crab_v6_125d_covariance/run_gti_hour.sh.out.79724879.1485
20220310_02,1,3529.03428319842,94942070.0,93804493.0,0.9880181988869634,/home/lhaaso/liushijie/energy/pass5_crab_v6_125d_covariance/run_gti_hour.sh.out.79724879.1486
20220310_03,1,3561.75269291271,96018409.0,94856518.0,0.9878992891873474,/home/lhaaso/liushijie/energy/pass5_crab_v6_125d_covariance/run_gti_hour.sh.out.79724879.1487
20220310_04,1,3556.81649206672,96105586.0,94960982.0,0.9880901407749597,/home/lhaaso/liushijie/energy/pass5_crab_v6_125d_covariance/run_gti_hour.sh.out.79724879.1488
20220310_05,1,3553.35377636366,96095886.0,94938155.0,0.9879523354412904,/home/lhaaso/liushijie/energy/pass5_crab_v6_125d_covariance/run_gti_hour.sh.out.79724879.1489
20220310_06,1,3563.24944412336,96228615.0,95060604.0,0.9878621239638542,/home/lhaaso/liushijie/energy/pass5_crab_v6_125d_covariance/run_gti_hour.sh.out.79724879.1490
20220310_07,1,3563.57568770181,96149767.0,94976495.0,0.9877974535289306,/home/lhaaso/liushijie/energy/pass5_crab_v6_125d_covariance/run_gti_hour.sh.out.79724879.1491
20220310_08,1,3562.73672876414,95912087.0,94746968.0,0.9878522192932785,/home/lhaaso/liushijie/energy/pass5_crab_v6_125d_covariance/run_gti_hour.sh.out.79724879.1492
20220310_09,1,46.5035994770005,9850194.0,1182601.0,0.12005865062150045,/home/lhaaso/liushijie/energy/pass5_crab_v6_125d_covariance/run_gti_hour.sh.out.79724879.1493
20220310_12,1,2338.65976079833,94654764.0,61927960.0,0.6542508520754433,/home/lhaaso/liushijie/energy/pass5_crab_v6_125d_covariance/run_gti_hour.sh.out.79724879.1494
20220310_13,1,3563.14792586491,95630596.0,94427367.0,0.9874179493767873,/home/lhaaso/liushijie/energy/pass5_crab_v6_125d_covariance/run_gti_hour.sh.out.79724879.1495
20220310_14,1,3558.07437286712,95698258.0,94538283.0,0.9878788284735549,/home/lhaaso/liushijie/energy/pass5_crab_v6_125d_covariance/run_gti_hour.sh.out.79724879.1496
20220310_15,1,3542.48238215223,95634987.0,94380764.0,0.9868853121713709,/home/lhaaso/liushijie/energy/pass5_crab_v6_125d_covariance/run_gti_hour.sh.out.79724879.1497
20220310_16,1,3549.97615059838,96458086.0,94718650.0,0.981966923954929,/home/lhaaso/liushijie/energy/pass5_crab_v6_125d_covariance/run_gti_hour.sh.out.79724879.1498
20220310_17,1,3596.15418480244,95988137.0,95371897.0,0.9935800400001513,/home/lhaaso/liushijie/energy/pass5_crab_v6_125d_covariance/run_gti_hour.sh.out.79724879.1499
20220310_18,1,3573.48655227106,95704775.0,94616443.0,0.9886282372013309,/home/lhaaso/liushijie/energy/pass5_crab_v6_125d_covariance/run_gti_hour.sh.out.79724879.1500
20220310_19,1,3567.44794026017,95683909.0,94597801.0,0.9886490005336216,/home/lhaaso/liushijie/energy/pass5_crab_v6_125d_covariance/run_gti_hour.sh.out.79724879.1501
20220310_20,1,3579.05263616703,95842411.0,94703473.0,0.9881165552064419,/home/lhaaso/liushijie/energy/pass5_crab_v6_125d_covariance/run_gti_hour.sh.out.79724879.1502
20220310_21,1,3542.13126192335,94690644.0,93525811.0,0.9876985417904646,/home/lhaaso/liushijie/energy/pass5_crab_v6_125d_covariance/run_gti_hour.sh.out.79724879.1503
20220310_22,1,3549.19925252907,94819689.0,93651075.0,0.987675407794261,/home/lhaaso/liushijie/energy/pass5_crab_v6_125d_covariance/run_gti_hour.sh.out.79724879.1504
20220310_23,1,3555.99204723258,94925799.0,93765120.0,0.9877727760816636,/home/lhaaso/liushijie/energy/pass5_crab_v6_125d_covariance/run_gti_hour.sh.out.79724879.1505
20220311_00,1,3504.37708504032,92929742.0,92527324.0,0.995669653317234,/home/lhaaso/liushijie/energy/pass5_crab_v6_125d_covariance/run_gti_hour.sh.out.79724879.1506
20220311_01,10,3.07353807147592,68032.0,49433.0,0.726613946378175,/home/lhaaso/liushijie/energy/pass5_crab_v6_125d_covariance/run_gti_hour.sh.out.79724879.1507
20220311_02,4,2796.23802218121,78083968.0,74092053.0,0.9488766375192408,/home/lhaaso/liushijie/energy/pass5_crab_v6_125d_covariance/run_gti_hour.sh.out.79724879.1508
20220311_03,2,3442.72352310363,94880213.0,91288542.0,0.9621452051335508,/home/lhaaso/liushijie/energy/pass5_crab_v6_125d_covariance/run_gti_hour.sh.out.79724879.1509
20220311_04,1,3567.92941396125,96042000.0,94848509.0,0.9875732387913622,/home/lhaaso/liushijie/energy/pass5_crab_v6_125d_covariance/run_gti_hour.sh.out.79724879.1510
20220311_05,1,3560.41313570458,96008386.0,94814183.0,0.987561471973917,/home/lhaaso/liushijie/energy/pass5_crab_v6_125d_covariance/run_gti_hour.sh.out.79724879.1511
20220311_06,1,3563.83132904302,96107474.0,94906111.0,0.987499796321772,/home/lhaaso/liushijie/energy/pass5_crab_v6_125d_covariance/run_gti_hour.sh.out.79724879.1512
20220311_07,1,3524.61597898509,94948222.0,93755895.0,0.9874423451552363,/home/lhaaso/liushijie/energy/pass5_crab_v6_125d_covariance/run_gti_hour.sh.out.79724879.1513
20220311_08,1,3563.69875206146,95829565.0,94662353.0,0.9878199175797157,/home/lhaaso/liushijie/energy/pass5_crab_v6_125d_covariance/run_gti_hour.sh.out.79724879.1514
20220311_09,1,2079.64919500519,95377421.0,55136266.0,0.5780851004557986,/home/lhaaso/liushijie/energy/pass5_crab_v6_125d_covariance/run_gti_hour.sh.out.79724879.1515
20220311_12,1,2560.27696109377,94596652.0,67974904.0,0.7185762134583791,/home/lhaaso/liushijie/energy/pass5_crab_v6_125d_covariance/run_gti_hour.sh.out.79724879.1516
20220311_13,1,3581.31406337488,96589255.0,95433104.0,0.9880302317271212,/home/lhaaso/liushijie/energy/pass5_crab_v6_125d_covariance/run_gti_hour.sh.out.79724879.1517
20220311_14,1,3566.49734065868,96523833.0,95351185.0,0.9878512076908508,/home/lhaaso/liushijie/energy/pass5_crab_v6_125d_covariance/run_gti_hour.sh.out.79724879.1518
20220311_15,1,3552.74621075951,96416603.0,95222647.0,0.9876166970952088,/home/lhaaso/liushijie/energy/pass5_crab_v6_125d_covariance/run_gti_hour.sh.out.79724879.1519
20220311_16,1,3570.17025060486,96352223.0,95757601.0,0.9938286634030229,/home/lhaaso/liushijie/energy/pass5_crab_v6_125d_covariance/run_gti_hour.sh.out.79724879.1520
20220311_17,1,3534.27586674225,96650431.0,94899972.0,0.981888761572103,/home/lhaaso/liushijie/energy/pass5_crab_v6_125d_covariance/run_gti_hour.sh.out.79724879.1521
20220311_18,1,3558.47064724658,96477771.0,95379343.0,0.9886147037953437,/home/lhaaso/liushijie/energy/pass5_crab_v6_125d_covariance/run_gti_hour.sh.out.79724879.1522
20220311_19,1,3582.24784992635,96919602.0,95842594.0,0.988887614292927,/home/lhaaso/liushijie/energy/pass5_crab_v6_125d_covariance/run_gti_hour.sh.out.79724879.1523
20220311_20,1,3551.43115050159,95896206.0,94763037.0,0.988183380268454,/home/lhaaso/liushijie/energy/pass5_crab_v6_125d_covariance/run_gti_hour.sh.out.79724879.1524
20220311_21,2,3479.71016995143,96047259.0,92565490.0,0.9637494183982908,/home/lhaaso/liushijie/energy/pass5_crab_v6_125d_covariance/run_gti_hour.sh.out.79724879.1525
20220311_22,1,3529.37487806194,94843462.0,93681676.0,0.9877504893273508,/home/lhaaso/liushijie/energy/pass5_crab_v6_125d_covariance/run_gti_hour.sh.out.79724879.1526
20220311_23,1,3570.87419028394,95837268.0,94709044.0,0.9882277111655562,/home/lhaaso/liushijie/energy/pass5_crab_v6_125d_covariance/run_gti_hour.sh.out.79724879.1527
20220312_00,1,3574.55611496698,95851721.0,94759923.0,0.9886095107254256,/home/lhaaso/liushijie/energy/pass5_crab_v6_125d_covariance/run_gti_hour.sh.out.79724879.1528
20220312_01,1,3532.45267958846,94815481.0,93689663.0,0.9881262217084571,/home/lhaaso/liushijie/energy/pass5_crab_v6_125d_covariance/run_gti_hour.sh.out.79724879.1529
20220312_02,1,3570.29429690447,95938790.0,94795588.0,0.9880840481727985,/home/lhaaso/liushijie/energy/pass5_crab_v6_125d_covariance/run_gti_hour.sh.out.79724879.1530
20220312_03,1,3565.03578464035,95983169.0,94810271.0,0.9877801700837779,/home/lhaaso/liushijie/energy/pass5_crab_v6_125d_covariance/run_gti_hour.sh.out.79724879.1531
20220312_04,1,3549.99336535111,95924458.0,94718429.0,0.9874273045149757,/home/lhaaso/liushijie/energy/pass5_crab_v6_125d_covariance/run_gti_hour.sh.out.79724879.1532
20220312_05,1,3536.68047802057,95792530.0,94582114.0,0.9873641921765716,/home/lhaaso/liushijie/energy/pass5_crab_v6_125d_covariance/run_gti_hour.sh.out.79724879.1533
20220312_06,1,3588.55525511317,97033782.0,95843832.0,0.9877367451265581,/home/lhaaso/liushijie/energy/pass5_crab_v6_125d_covariance/run_gti_hour.sh.out.79724879.1534
20220312_07,2,3456.52688378468,95743797.0,92169310.0,0.9626661244696615,/home/lhaaso/liushijie/energy/pass5_crab_v6_125d_covariance/run_gti_hour.sh.out.79724879.1535
20220312_08,1,3537.99595884047,95416697.0,94240922.0,0.9876774711662887,/home/lhaaso/liushijie/energy/pass5_crab_v6_125d_covariance/run_gti_hour.sh.out.79724879.1536
20220312_09,1,1832.22940822598,96247211.0,48748569.0,0.5064933154270829,/home/lhaaso/liushijie/energy/pass5_crab_v6_125d_covariance/run_gti_hour.sh.out.79724879.1537
20220312_12,2,141.221806802787,15009853.0,3669735.0,0.24448840371721162,/home/lhaaso/liushijie/energy/pass5_crab_v6_125d_covariance/run_gti_hour.sh.out.79724879.1538
20220312_13,5,2758.51275343448,77375232.0,73525448.0,0.950245267115968,/home/lhaaso/liushijie/energy/pass5_crab_v6_125d_covariance/run_gti_hour.sh.out.79724879.1539
20220312_14,2,3198.65214403253,87244336.0,85334275.0,0.9781067621398368,/home/lhaaso/liushijie/energy/pass5_crab_v6_125d_covariance/run_gti_hour.sh.out.79724879.1540
20220312_15,3,678.327600890771,19653110.0,18030919.0,0.917458814406473,/home/lhaaso/liushijie/energy/pass5_crab_v6_125d_covariance/run_gti_hour.sh.out.79724879.1541
20220312_16,5,2133.41662364546,59032491.0,56763718.0,0.9615673849846519,/home/lhaaso/liushijie/energy/pass5_crab_v6_125d_covariance/run_gti_hour.sh.out.79724879.1542
20220312_17,6,1053.88327671681,32187237.0,27931346.0,0.867777063312393,/home/lhaaso/liushijie/energy/pass5_crab_v6_125d_covariance/run_gti_hour.sh.out.79724879.1543
20220312_18,4,1839.94600286242,51685997.0,49053608.0,0.9490695903573264,/home/lhaaso/liushijie/energy/pass5_crab_v6_125d_covariance/run_gti_hour.sh.out.79724879.1544
20220312_19,6,1403.81201009732,41787011.0,37285032.0,0.8922636749491367,/home/lhaaso/liushijie/energy/pass5_crab_v6_125d_covariance/run_gti_hour.sh.out.79724879.1545
20220312_20,3,608.38095692452,18147876.0,16119866.0,0.888250834422717,/home/lhaaso/liushijie/energy/pass5_crab_v6_125d_covariance/run_gti_hour.sh.out.79724879.1546
20220312_21,4,2646.86987239402,71934043.0,70090790.0,0.9743757903333753,/home/lhaaso/liushijie/energy/pass5_crab_v6_125d_covariance/run_gti_hour.sh.out.79724879.1547
20220312_22,1,3584.738841746,95945701.0,94764397.0,0.9876877860322267,/home/lhaaso/liushijie/energy/pass5_crab_v6_125d_covariance/run_gti_hour.sh.out.79724879.1548
20220312_23,1,3547.41029434372,94744037.0,93597347.0,0.9878969691781235,/home/lhaaso/liushijie/energy/pass5_crab_v6_125d_covariance/run_gti_hour.sh.out.79724879.1549
20220313_00,1,3552.88854867686,94750977.0,93614548.0,0.9880061500579567,/home/lhaaso/liushijie/energy/pass5_crab_v6_125d_covariance/run_gti_hour.sh.out.79724879.1550
20220313_01,1,3554.73440405913,94858731.0,93704083.0,0.9878277098182981,/home/lhaaso/liushijie/energy/pass5_crab_v6_125d_covariance/run_gti_hour.sh.out.79724879.1551
20220313_02,1,3555.38711689878,95019728.0,93822519.0,0.9874004164693041,/home/lhaaso/liushijie/energy/pass5_crab_v6_125d_covariance/run_gti_hour.sh.out.79724879.1552
20220313_03,1,3536.95650750306,94804132.0,93596767.0,0.9872646373683375,/home/lhaaso/liushijie/energy/pass5_crab_v6_125d_covariance/run_gti_hour.sh.out.79724879.1553
20220313_04,1,3570.56805384345,95883101.0,94669683.0,0.9873448189791025,/home/lhaaso/liushijie/energy/pass5_crab_v6_125d_covariance/run_gti_hour.sh.out.79724879.1554
20220313_05,1,3561.95929194801,95708002.0,94491901.0,0.987293632981702,/home/lhaaso/liushijie/energy/pass5_crab_v6_125d_covariance/run_gti_hour.sh.out.79724879.1555
20220313_06,1,3523.99028018117,94595850.0,93379746.0,0.9871442140432165,/home/lhaaso/liushijie/energy/pass5_crab_v6_125d_covariance/run_gti_hour.sh.out.79724879.1556
20220313_07,1,3576.4351375401,95854215.0,94648182.0,0.9874180493784233,/home/lhaaso/liushijie/energy/pass5_crab_v6_125d_covariance/run_gti_hour.sh.out.79724879.1557
20220313_08,1,3562.16915552504,95385255.0,94175867.0,0.9873210172788236,/home/lhaaso/liushijie/energy/pass5_crab_v6_125d_covariance/run_gti_hour.sh.out.79724879.1558
20220313_09,1,1612.07304038107,94745168.0,42574720.0,0.4493603304392262,/home/lhaaso/liushijie/energy/pass5_crab_v6_125d_covariance/run_gti_hour.sh.out.79724879.1559
20220313_12,2,3090.47297823709,94634636.0,81337772.0,0.8594926280479379,/home/lhaaso/liushijie/energy/pass5_crab_v6_125d_covariance/run_gti_hour.sh.out.79724879.1560
20220313_13,2,3497.56318239961,95768328.0,92206838.0,0.9628114004454583,/home/lhaaso/liushijie/energy/pass5_crab_v6_125d_covariance/run_gti_hour.sh.out.79724879.1561
20220313_14,1,3526.09318192117,94273973.0,93090820.0,0.9874498447201329,/home/lhaaso/liushijie/energy/pass5_crab_v6_125d_covariance/run_gti_hour.sh.out.79724879.1562
20220313_15,1,3573.99743010756,95719243.0,94520312.0,0.987474503951102,/home/lhaaso/liushijie/energy/pass5_crab_v6_125d_covariance/run_gti_hour.sh.out.79724879.1563
20220313_16,1,3534.26547527779,94737516.0,93547689.0,0.9874408043377452,/home/lhaaso/liushijie/energy/pass5_crab_v6_125d_covariance/run_gti_hour.sh.out.79724879.1564
20220313_17,1,3546.3722668821,94997746.0,93833332.0,0.9877427197062129,/home/lhaaso/liushijie/energy/pass5_crab_v6_125d_covariance/run_gti_hour.sh.out.79724879.1565
20220313_18,1,3565.78769353218,95322777.0,94221352.0,0.9884453114495395,/home/lhaaso/liushijie/energy/pass5_crab_v6_125d_covariance/run_gti_hour.sh.out.79724879.1566
20220313_19,1,3592.8483776981,95178150.0,94612126.0,0.9940530048125541,/home/lhaaso/liushijie/energy/pass5_crab_v6_125d_covariance/run_gti_hour.sh.out.79724879.1567
20220313_20,1,3562.72713441867,94050845.0,92926968.0,0.9880503253320052,/home/lhaaso/liushijie/energy/pass5_crab_v6_125d_covariance/run_gti_hour.sh.out.79724879.1568
20220313_21,1,3592.0734787127,95046004.0,93911285.0,0.9880613707862984,/home/lhaaso/liushijie/energy/pass5_crab_v6_125d_covariance/run_gti_hour.sh.out.79724879.1569
20220313_22,1,3561.23425816186,93982511.0,92862133.0,0.9880788671415685,/home/lhaaso/liushijie/energy/pass5_crab_v6_125d_covariance/run_gti_hour.sh.out.79724879.1570
20220313_23,2,3472.50878198538,93442889.0,90570423.0,0.9692596619096397,/home/lhaaso/liushijie/energy/pass5_crab_v6_125d_covariance/run_gti_hour.sh.out.79724879.1571
20220314_00,1,3573.66220133845,93622556.0,92593923.0,0.9890129788808586,/home/lhaaso/liushijie/energy/pass5_crab_v6_125d_covariance/run_gti_hour.sh.out.79724879.1572
20220314_01,1,3573.35649174638,94199316.0,93127072.0,0.9886172846520457,/home/lhaaso/liushijie/energy/pass5_crab_v6_125d_covariance/run_gti_hour.sh.out.79724879.1573
20220314_02,1,3566.81033370551,94144004.0,93033375.0,0.9882028705726177,/home/lhaaso/liushijie/energy/pass5_crab_v6_125d_covariance/run_gti_hour.sh.out.79724879.1574
20220314_03,1,3558.14756134059,94057822.0,92929492.0,0.988003868513987,/home/lhaaso/liushijie/energy/pass5_crab_v6_125d_covariance/run_gti_hour.sh.out.79724879.1575
20220314_04,1,3557.95434296597,94195186.0,93057270.0,0.9879195949567954,/home/lhaaso/liushijie/energy/pass5_crab_v6_125d_covariance/run_gti_hour.sh.out.79724879.1576
20220314_05,2,3458.38286785875,94267379.0,90555902.0,0.9606281935556944,/home/lhaaso/liushijie/energy/pass5_crab_v6_125d_covariance/run_gti_hour.sh.out.79724879.1577
20220314_06,1,3564.88870612811,94334332.0,93027929.0,0.9861513515567164,/home/lhaaso/liushijie/energy/pass5_crab_v6_125d_covariance/run_gti_hour.sh.out.79724879.1578
20220314_07,2,3437.78080134653,92995605.0,89538377.0,0.9628237484986522,/home/lhaaso/liushijie/energy/pass5_crab_v6_125d_covariance/run_gti_hour.sh.out.79724879.1579
20220314_08,1,3558.9624269167,93898989.0,92591366.0,0.9860741525129733,/home/lhaaso/liushijie/energy/pass5_crab_v6_125d_covariance/run_gti_hour.sh.out.79724879.1580
20220314_09,1,1421.74426359124,93448523.0,36890943.0,0.3947728847463967,/home/lhaaso/liushijie/energy/pass5_crab_v6_125d_covariance/run_gti_hour.sh.out.79724879.1581
20220314_12,2,3222.64529240783,93012352.0,83644800.0,0.8992870108262611,/home/lhaaso/liushijie/energy/pass5_crab_v6_125d_covariance/run_gti_hour.sh.out.79724879.1582
20220314_13,1,3581.80535333231,93681988.0,92983459.0,0.9925436146807645,/home/lhaaso/liushijie/energy/pass5_crab_v6_125d_covariance/run_gti_hour.sh.out.79724879.1583
20220314_14,1,3519.03412432875,93395064.0,91763968.0,0.9825355224340335,/home/lhaaso/liushijie/energy/pass5_crab_v6_125d_covariance/run_gti_hour.sh.out.79724879.1584
20220314_15,2,3484.10446001217,94272571.0,90897276.0,0.9641964257026575,/home/lhaaso/liushijie/energy/pass5_crab_v6_125d_covariance/run_gti_hour.sh.out.79724879.1585
20220314_16,2,3476.98878371157,94249551.0,90825956.0,0.9636752115667904,/home/lhaaso/liushijie/energy/pass5_crab_v6_125d_covariance/run_gti_hour.sh.out.79724879.1586
20220314_17,1,3583.5820460692,94196577.0,93551441.0,0.9931511736355345,/home/lhaaso/liushijie/energy/pass5_crab_v6_125d_covariance/run_gti_hour.sh.out.79724879.1587
20220314_18,1,3555.55644496344,94371967.0,92783671.0,0.9831698326262501,/home/lhaaso/liushijie/energy/pass5_crab_v6_125d_covariance/run_gti_hour.sh.out.79724879.1588
20220314_19,1,3529.15748208761,92850645.0,91795015.0,0.9886308813471355,/home/lhaaso/liushijie/energy/pass5_crab_v6_125d_covariance/run_gti_hour.sh.out.79724879.1589
20220314_20,1,3595.98935027607,94340307.0,93241034.0,0.9883477907274565,/home/lhaaso/liushijie/energy/pass5_crab_v6_125d_covariance/run_gti_hour.sh.out.79724879.1590
20220314_21,1,3524.97773899231,92163691.0,91054582.0,0.987965879100914,/home/lhaaso/liushijie/energy/pass5_crab_v6_125d_covariance/run_gti_hour.sh.out.79724879.1591
20220314_22,1,3586.45620821044,93556271.0,92450445.0,0.9881800975158576,/home/lhaaso/liushijie/energy/pass5_crab_v6_125d_covariance/run_gti_hour.sh.out.79724879.1592
20220314_23,1,3537.79284940101,92204189.0,91121884.0,0.988261867364833,/home/lhaaso/liushijie/energy/pass5_crab_v6_125d_covariance/run_gti_hour.sh.out.79724879.1593
20220315_00,1,3570.00287573319,93231929.0,92064004.0,0.9874729074843018,/home/lhaaso/liushijie/energy/pass5_crab_v6_125d_covariance/run_gti_hour.sh.out.79724879.1594
20220315_01,1,3561.05875745416,93159886.0,91989537.0,0.9874372001700389,/home/lhaaso/liushijie/energy/pass5_crab_v6_125d_covariance/run_gti_hour.sh.out.79724879.1595
20220315_02,2,3448.83305607364,93018624.0,89286969.0,0.9598827112299576,/home/lhaaso/liushijie/energy/pass5_crab_v6_125d_covariance/run_gti_hour.sh.out.79724879.1596
20220315_03,1,3583.55190202128,94271405.0,93106865.0,0.9876469434183144,/home/lhaaso/liushijie/energy/pass5_crab_v6_125d_covariance/run_gti_hour.sh.out.79724879.1597
20220315_04,1,3557.51658005174,94034530.0,92854638.0,0.9874525666263233,/home/lhaaso/liushijie/energy/pass5_crab_v6_125d_covariance/run_gti_hour.sh.out.79724879.1598
20220315_05,2,3455.63117286656,93975257.0,90429969.0,0.9622742399097669,/home/lhaaso/liushijie/energy/pass5_crab_v6_125d_covariance/run_gti_hour.sh.out.79724879.1599
20220315_06,1,3538.04361813236,93933644.0,92692516.0,0.986787183514354,/home/lhaaso/liushijie/energy/pass5_crab_v6_125d_covariance/run_gti_hour.sh.out.79724879.1600
20220315_07,1,3537.63062688522,94477838.0,92682456.0,0.9809967920730785,/home/lhaaso/liushijie/energy/pass5_crab_v6_125d_covariance/run_gti_hour.sh.out.79724879.1601
20220315_08,1,3594.21982595231,94996725.0,93831610.0,0.9877352087664075,/home/lhaaso/liushijie/energy/pass5_crab_v6_125d_covariance/run_gti_hour.sh.out.79724879.1602
20220315_09,2,1113.6496984167,94081998.0,29261600.0,0.3110223063077381,/home/lhaaso/liushijie/energy/pass5_crab_v6_125d_covariance/run_gti_hour.sh.out.79724879.1603
20220315_12,1,3550.63672587276,94532199.0,93363262.0,0.9876345095918059,/home/lhaaso/liushijie/energy/pass5_crab_v6_125d_covariance/run_gti_hour.sh.out.79724879.1604
20220315_13,1,3588.53475633077,95845266.0,94664203.0,0.9876773986938489,/home/lhaaso/liushijie/energy/pass5_crab_v6_125d_covariance/run_gti_hour.sh.out.79724879.1605
20220315_14,1,3528.67361954413,94651381.0,93474588.0,0.9875670805056717,/home/lhaaso/liushijie/energy/pass5_crab_v6_125d_covariance/run_gti_hour.sh.out.79724879.1606
20220315_15,1,3553.75411491841,95685526.0,94537784.0,0.9880050614969709,/home/lhaaso/liushijie/energy/pass5_crab_v6_125d_covariance/run_gti_hour.sh.out.79724879.1607
20220315_16,1,3592.15730507858,96931705.0,95791703.0,0.988239121554707,/home/lhaaso/liushijie/energy/pass5_crab_v6_125d_covariance/run_gti_hour.sh.out.79724879.1608
20220315_17,2,3461.47959970403,95909561.0,92389626.0,0.963299435809116,/home/lhaaso/liushijie/energy/pass5_crab_v6_125d_covariance/run_gti_hour.sh.out.79724879.1609
20220315_18,1,3555.00768008642,95933177.0,94874281.0,0.9889621501850189,/home/lhaaso/liushijie/energy/pass5_crab_v6_125d_covariance/run_gti_hour.sh.out.79724879.1610
20220315_19,1,3563.23616027366,96077815.0,94994706.0,0.988726752372543,/home/lhaaso/liushijie/energy/pass5_crab_v6_125d_covariance/run_gti_hour.sh.out.79724879.1611
20220315_20,1,3571.21703568846,96171657.0,95053744.0,0.9883758579723754,/home/lhaaso/liushijie/energy/pass5_crab_v6_125d_covariance/run_gti_hour.sh.out.79724879.1612
20220315_21,3,3360.26291751768,95037523.0,89268041.0,0.9392925886757381,/home/lhaaso/liushijie/energy/pass5_crab_v6_125d_covariance/run_gti_hour.sh.out.79724879.1613
20220315_22,2,3501.53300408274,96364439.0,92920657.0,0.9642629372854026,/home/lhaaso/liushijie/energy/pass5_crab_v6_125d_covariance/run_gti_hour.sh.out.79724879.1614
20220315_23,1,3539.5298402058,95020207.0,93953128.0,0.9887699781584353,/home/lhaaso/liushijie/energy/pass5_crab_v6_125d_covariance/run_gti_hour.sh.out.79724879.1615
20220316_00,1,3588.71790447738,96367764.0,95306964.0,0.9889921696221986,/home/lhaaso/liushijie/energy/pass5_crab_v6_125d_covariance/run_gti_hour.sh.out.79724879.1616
20220316_01,1,3531.47604851983,95054430.0,93971725.0,0.9886096313449042,/home/lhaaso/liushijie/energy/pass5_crab_v6_125d_covariance/run_gti_hour.sh.out.79724879.1617
20220316_02,1,3554.40423397813,96087962.0,94902387.0,0.987661565764086,/home/lhaaso/liushijie/energy/pass5_crab_v6_125d_covariance/run_gti_hour.sh.out.79724879.1618
20220316_03,1,3587.45527679566,97163930.0,96049254.0,0.988527882723558,/home/lhaaso/liushijie/energy/pass5_crab_v6_125d_covariance/run_gti_hour.sh.out.79724879.1619
20220316_04,1,3564.87721579615,96486535.0,95799580.0,0.9928803018991199,/home/lhaaso/liushijie/energy/pass5_crab_v6_125d_covariance/run_gti_hour.sh.out.79724879.1620
20220316_05,2,3473.24650303926,96499877.0,93067506.0,0.9644313432648209,/home/lhaaso/liushijie/energy/pass5_crab_v6_125d_covariance/run_gti_hour.sh.out.79724879.1621
20220316_06,1,3564.20802057255,97138913.0,95971110.0,0.9879780104189554,/home/lhaaso/liushijie/energy/pass5_crab_v6_125d_covariance/run_gti_hour.sh.out.79724879.1622
20220316_07,1,3566.90354507882,97234075.0,95952903.0,0.9868238372196166,/home/lhaaso/liushijie/energy/pass5_crab_v6_125d_covariance/run_gti_hour.sh.out.79724879.1623
20220316_08,1,3568.2772124419,96942288.0,95789975.0,0.9881134123840775,/home/lhaaso/liushijie/energy/pass5_crab_v6_125d_covariance/run_gti_hour.sh.out.79724879.1624
20220316_09,1,918.13705440145,96431131.0,24570029.0,0.2547935375765737,/home/lhaaso/liushijie/energy/pass5_crab_v6_125d_covariance/run_gti_hour.sh.out.79724879.1625
20220316_11,1,187.637500651181,96795162.0,5015030.0,0.051810750624085945,/home/lhaaso/liushijie/energy/pass5_crab_v6_125d_covariance/run_gti_hour.sh.out.79724879.1626
20220316_12,1,3531.55152210966,95520573.0,94380894.0,0.9880687587583881,/home/lhaaso/liushijie/energy/pass5_crab_v6_125d_covariance/run_gti_hour.sh.out.79724879.1627
20220316_13,1,3570.85556737147,96594787.0,95501430.0,0.9886809937269182,/home/lhaaso/liushijie/energy/pass5_crab_v6_125d_covariance/run_gti_hour.sh.out.79724879.1628
20220316_14,1,3583.03464534692,97097948.0,95990559.0,0.9885951348837979,/home/lhaaso/liushijie/energy/pass5_crab_v6_125d_covariance/run_gti_hour.sh.out.79724879.1629
20220316_15,1,3565.68560886662,96113227.0,95428003.0,0.9928706586867591,/home/lhaaso/liushijie/energy/pass5_crab_v6_125d_covariance/run_gti_hour.sh.out.79724879.1630
20220316_16,1,3532.43586465251,96230836.0,94597505.0,0.9830269478278252,/home/lhaaso/liushijie/energy/pass5_crab_v6_125d_covariance/run_gti_hour.sh.out.79724879.1631
20220316_17,2,3488.83025601972,96687345.0,93376264.0,0.9657547634594786,/home/lhaaso/liushijie/energy/pass5_crab_v6_125d_covariance/run_gti_hour.sh.out.79724879.1632
20220316_18,1,3548.7165712053,95826272.0,94789983.0,0.989185752733864,/home/lhaaso/liushijie/energy/pass5_crab_v6_125d_covariance/run_gti_hour.sh.out.79724879.1633
20220316_19,1,3575.77538893092,96052309.0,94986481.0,0.9889036712277266,/home/lhaaso/liushijie/energy/pass5_crab_v6_125d_covariance/run_gti_hour.sh.out.79724879.1634
20220316_20,1,3581.95677199401,95995923.0,94865468.0,0.9882239269682318,/home/lhaaso/liushijie/energy/pass5_crab_v6_125d_covariance/run_gti_hour.sh.out.79724879.1635
20220316_21,1,3557.61562334374,95058135.0,93919602.0,0.988022771538701,/home/lhaaso/liushijie/energy/pass5_crab_v6_125d_covariance/run_gti_hour.sh.out.79724879.1636
20220316_22,1,3532.82919635531,94080875.0,92947863.0,0.9879570422787841,/home/lhaaso/liushijie/energy/pass5_crab_v6_125d_covariance/run_gti_hour.sh.out.79724879.1637
20220316_23,2,3500.87505276315,94816329.0,91931562.0,0.9695752089284114,/home/lhaaso/liushijie/energy/pass5_crab_v6_125d_covariance/run_gti_hour.sh.out.79724879.1638
20220317_00,1,3592.14520559181,94881927.0,93781044.0,0.9883973372505388,/home/lhaaso/liushijie/energy/pass5_crab_v6_125d_covariance/run_gti_hour.sh.out.79724879.1639
20220317_01,1,3543.9501755638,94194033.0,93060236.0,0.9879631759689067,/home/lhaaso/liushijie/energy/pass5_crab_v6_125d_covariance/run_gti_hour.sh.out.79724879.1640
20220317_02,1,3581.56995805912,94748299.0,94108065.0,0.9932427916199319,/home/lhaaso/liushijie/energy/pass5_crab_v6_125d_covariance/run_gti_hour.sh.out.79724879.1641
20220317_03,1,3572.42130080704,94698069.0,93526549.0,0.9876288924117343,/home/lhaaso/liushijie/energy/pass5_crab_v6_125d_covariance/run_gti_hour.sh.out.79724879.1642
20220317_04,1,3561.45209292881,95170207.0,93996244.0,0.9876645954967819,/home/lhaaso/liushijie/energy/pass5_crab_v6_125d_covariance/run_gti_hour.sh.out.79724879.1643
20220317_05,1,3556.35524746031,95148363.0,93970803.0,0.987623959436906,/home/lhaaso/liushijie/energy/pass5_crab_v6_125d_covariance/run_gti_hour.sh.out.79724879.1644
20220317_06,2,3477.14568602387,95319422.0,91759698.0,0.9626547882340285,/home/lhaaso/liushijie/energy/pass5_crab_v6_125d_covariance/run_gti_hour.sh.out.79724879.1645
20220317_07,1,3565.12681148015,95256151.0,94022019.0,0.9870440702564184,/home/lhaaso/liushijie/energy/pass5_crab_v6_125d_covariance/run_gti_hour.sh.out.79724879.1646
20220317_08,1,3526.39721743762,94276918.0,93079999.0,0.9873042201061346,/home/lhaaso/liushijie/energy/pass5_crab_v6_125d_covariance/run_gti_hour.sh.out.79724879.1647
20220317_09,1,651.305756787769,95231008.0,17122450.0,0.1797991049301925,/home/lhaaso/liushijie/energy/pass5_crab_v6_125d_covariance/run_gti_hour.sh.out.79724879.1648
20220317_11,1,99.2573561612517,3769797.0,2523506.0,0.6694010314083225,/home/lhaaso/liushijie/energy/pass5_crab_v6_125d_covariance/run_gti_hour.sh.out.79724879.1649
20220317_12,1,3556.55504018068,91805470.0,90577951.0,0.9866291300507475,/home/lhaaso/liushijie/energy/pass5_crab_v6_125d_covariance/run_gti_hour.sh.out.79724879.1650
20220317_13,1,3539.51506710146,91588915.0,90364765.0,0.9866342995765371,/home/lhaaso/liushijie/energy/pass5_crab_v6_125d_covariance/run_gti_hour.sh.out.79724879.1651
20220317_14,2,3448.01251008175,91915610.0,88221805.0,0.9598130828920136,/home/lhaaso/liushijie/energy/pass5_crab_v6_125d_covariance/run_gti_hour.sh.out.79724879.1652
20220317_15,1,3587.37601123285,93214316.0,91991311.0,0.9868796441096023,/home/lhaaso/liushijie/energy/pass5_crab_v6_125d_covariance/run_gti_hour.sh.out.79724879.1653
20220317_16,1,3528.08877686039,91823084.0,90603729.0,0.9867206050278163,/home/lhaaso/liushijie/energy/pass5_crab_v6_125d_covariance/run_gti_hour.sh.out.79724879.1654
20220317_17,1,3538.4741428541,92005450.0,90816912.0,0.987081873954206,/home/lhaaso/liushijie/energy/pass5_crab_v6_125d_covariance/run_gti_hour.sh.out.79724879.1655
20220317_18,1,3551.02444631048,92192543.0,91012797.0,0.9872034552729498,/home/lhaaso/liushijie/energy/pass5_crab_v6_125d_covariance/run_gti_hour.sh.out.79724879.1656
20220317_19,1,3586.19160682429,92635787.0,91488846.0,0.9876188130187743,/home/lhaaso/liushijie/energy/pass5_crab_v6_125d_covariance/run_gti_hour.sh.out.79724879.1657
20220317_20,2,3463.64462077618,91591357.0,88007983.0,0.9608765049741539,/home/lhaaso/liushijie/energy/pass5_crab_v6_125d_covariance/run_gti_hour.sh.out.79724879.1658
20220317_21,2,3428.67741957307,90378917.0,86766631.0,0.9600317627174045,/home/lhaaso/liushijie/energy/pass5_crab_v6_125d_covariance/run_gti_hour.sh.out.79724879.1659
20220317_22,1,3589.05898088124,91737478.0,90552492.0,0.987082858327542,/home/lhaaso/liushijie/energy/pass5_crab_v6_125d_covariance/run_gti_hour.sh.out.79724879.1660
20220317_23,1,3544.66733057052,90522291.0,89285812.0,0.9863406130540819,/home/lhaaso/liushijie/energy/pass5_crab_v6_125d_covariance/run_gti_hour.sh.out.79724879.1661
20220318_00,2,3453.327169572,90592780.0,87087638.0,0.9613088151174961,/home/lhaaso/liushijie/energy/pass5_crab_v6_125d_covariance/run_gti_hour.sh.out.79724879.1662
20220318_01,1,3538.65331923589,90474886.0,89306409.0,0.9870850680043962,/home/lhaaso/liushijie/energy/pass5_crab_v6_125d_covariance/run_gti_hour.sh.out.79724879.1663
20220318_02,2,3479.68078844715,91540701.0,87931949.0,0.960577623280381,/home/lhaaso/liushijie/energy/pass5_crab_v6_125d_covariance/run_gti_hour.sh.out.79724879.1664
20220318_03,1,3567.0641802717,91553883.0,90313235.0,0.9864489854570122,/home/lhaaso/liushijie/energy/pass5_crab_v6_125d_covariance/run_gti_hour.sh.out.79724879.1665
20220318_04,1,3559.70060122199,90902840.0,90198286.0,0.9922493730668921,/home/lhaaso/liushijie/energy/pass5_crab_v6_125d_covariance/run_gti_hour.sh.out.79724879.1666
20220318_05,1,3558.18085991777,90885383.0,89700471.0,0.9869625680072229,/home/lhaaso/liushijie/energy/pass5_crab_v6_125d_covariance/run_gti_hour.sh.out.79724879.1667
20220318_06,1,3568.19507712498,91545229.0,90359473.0,0.9870473206200621,/home/lhaaso/liushijie/energy/pass5_crab_v6_125d_covariance/run_gti_hour.sh.out.79724879.1668
20220318_07,1,3561.25183752738,91452718.0,90247665.0,0.9868232128431655,/home/lhaaso/liushijie/energy/pass5_crab_v6_125d_covariance/run_gti_hour.sh.out.79724879.1669
20220318_08,1,3548.19577087183,91057330.0,89861923.0,0.9868719300247437,/home/lhaaso/liushijie/energy/pass5_crab_v6_125d_covariance/run_gti_hour.sh.out.79724879.1670
20220318_09,1,455.19192663487,90921378.0,11448156.0,0.12591269789157836,/home/lhaaso/liushijie/energy/pass5_crab_v6_125d_covariance/run_gti_hour.sh.out.79724879.1671
20220318_11,1,646.697270544246,91056883.0,16330809.0,0.17934733171132158,/home/lhaaso/liushijie/energy/pass5_crab_v6_125d_covariance/run_gti_hour.sh.out.79724879.1672
20220318_12,1,3575.24039573036,90956176.0,89753392.0,0.9867762250690926,/home/lhaaso/liushijie/energy/pass5_crab_v6_125d_covariance/run_gti_hour.sh.out.79724879.1673
20220318_13,1,3559.16898257565,91394051.0,90200151.0,0.9869367865092226,/home/lhaaso/liushijie/energy/pass5_crab_v6_125d_covariance/run_gti_hour.sh.out.79724879.1674
20220318_14,1,3548.01608340349,91517140.0,90332000.0,0.9870500760841084,/home/lhaaso/liushijie/energy/pass5_crab_v6_125d_covariance/run_gti_hour.sh.out.79724879.1675
20220318_15,1,3567.75789319072,92514681.0,91347121.0,0.9873797327366886,/home/lhaaso/liushijie/energy/pass5_crab_v6_125d_covariance/run_gti_hour.sh.out.79724879.1676
20220318_16,1,3560.87188334204,92553696.0,91388860.0,0.9874144842362643,/home/lhaaso/liushijie/energy/pass5_crab_v6_125d_covariance/run_gti_hour.sh.out.79724879.1677
20220318_17,1,3564.33007784653,92761654.0,91618573.0,0.9876772249015741,/home/lhaaso/liushijie/energy/pass5_crab_v6_125d_covariance/run_gti_hour.sh.out.79724879.1678
20220318_18,1,3520.68423607852,91669462.0,90465131.0,0.986862244266253,/home/lhaaso/liushijie/energy/pass5_crab_v6_125d_covariance/run_gti_hour.sh.out.79724879.1679
20220318_19,2,3453.22187631391,93253288.0,88640709.0,0.950537089909366,/home/lhaaso/liushijie/energy/pass5_crab_v6_125d_covariance/run_gti_hour.sh.out.79724879.1680
20220318_20,1,3550.67418103572,92117375.0,90974279.0,0.9875908752284789,/home/lhaaso/liushijie/energy/pass5_crab_v6_125d_covariance/run_gti_hour.sh.out.79724879.1681
20220318_21,1,3567.59577000048,92234744.0,91077023.0,0.987448103070574,/home/lhaaso/liushijie/energy/pass5_crab_v6_125d_covariance/run_gti_hour.sh.out.79724879.1682
20220318_22,1,3529.8321018694,91087507.0,89949990.0,0.9875118220108934,/home/lhaaso/liushijie/energy/pass5_crab_v6_125d_covariance/run_gti_hour.sh.out.79724879.1683
20220318_23,1,3582.79639792163,92385965.0,91276978.0,0.9879961528788491,/home/lhaaso/liushijie/energy/pass5_crab_v6_125d_covariance/run_gti_hour.sh.out.79724879.1684
20220319_00,1,3534.07253413461,91141654.0,90057396.0,0.9881035953110967,/home/lhaaso/liushijie/energy/pass5_crab_v6_125d_covariance/run_gti_hour.sh.out.79724879.1685
20220319_01,1,3580.93842482194,92463410.0,91341609.0,0.987867622446544,/home/lhaaso/liushijie/energy/pass5_crab_v6_125d_covariance/run_gti_hour.sh.out.79724879.1686
20220319_02,1,3528.5933946725,91846645.0,90065579.0,0.9806082628276732,/home/lhaaso/liushijie/energy/pass5_crab_v6_125d_covariance/run_gti_hour.sh.out.79724879.1687
20220319_03,1,3563.38934730738,91802137.0,90655362.0,0.987508188398708,/home/lhaaso/liushijie/energy/pass5_crab_v6_125d_covariance/run_gti_hour.sh.out.79724879.1688
20220319_04,1,3557.71732453723,92312749.0,91173583.0,0.9876597110113143,/home/lhaaso/liushijie/energy/pass5_crab_v6_125d_covariance/run_gti_hour.sh.out.79724879.1689
20220319_05,1,3588.74396863393,92898264.0,92150428.0,0.9919499464489455,/home/lhaaso/liushijie/energy/pass5_crab_v6_125d_covariance/run_gti_hour.sh.out.79724879.1690
20220319_06,1,3589.06787240412,92862688.0,91732396.0,0.9878283514687837,/home/lhaaso/liushijie/energy/pass5_crab_v6_125d_covariance/run_gti_hour.sh.out.79724879.1691
20220319_07,1,3546.01682347711,92097069.0,90955812.0,0.9876081072677785,/home/lhaaso/liushijie/energy/pass5_crab_v6_125d_covariance/run_gti_hour.sh.out.79724879.1692
20220319_08,1,3578.33469598554,92904687.0,91787915.0,0.9879793793396021,/home/lhaaso/liushijie/energy/pass5_crab_v6_125d_covariance/run_gti_hour.sh.out.79724879.1693
20220319_09,1,195.800820132717,91445730.0,4889270.0,0.05346635649362742,/home/lhaaso/liushijie/energy/pass5_crab_v6_125d_covariance/run_gti_hour.sh.out.79724879.1694
20220319_11,1,886.916877608746,92317596.0,22730501.0,0.24622067715021523,/home/lhaaso/liushijie/energy/pass5_crab_v6_125d_covariance/run_gti_hour.sh.out.79724879.1695
20220319_12,1,3559.19829052873,92212507.0,91113306.0,0.9880796972584207,/home/lhaaso/liushijie/energy/pass5_crab_v6_125d_covariance/run_gti_hour.sh.out.79724879.1696
20220319_13,2,3484.34093969408,92561718.0,89601504.0,0.968019024884564,/home/lhaaso/liushijie/energy/pass5_crab_v6_125d_covariance/run_gti_hour.sh.out.79724879.1697
20220319_14,1,3596.56083933078,93679666.0,92581774.0,0.9882803595819822,/home/lhaaso/liushijie/energy/pass5_crab_v6_125d_covariance/run_gti_hour.sh.out.79724879.1698
20220319_15,2,3459.86898306292,93048810.0,89773764.0,0.9648029244006452,/home/lhaaso/liushijie/energy/pass5_crab_v6_125d_covariance/run_gti_hour.sh.out.79724879.1699
20220319_16,1,3582.88935469463,94261206.0,93194842.0,0.9886871381637108,/home/lhaaso/liushijie/energy/pass5_crab_v6_125d_covariance/run_gti_hour.sh.out.79724879.1700
20220319_17,1,3532.85730171483,93172460.0,92124628.0,0.9887538442153401,/home/lhaaso/liushijie/energy/pass5_crab_v6_125d_covariance/run_gti_hour.sh.out.79724879.1701
20220319_18,1,3583.89045190997,94600698.0,93579671.0,0.9892069823839988,/home/lhaaso/liushijie/energy/pass5_crab_v6_125d_covariance/run_gti_hour.sh.out.79724879.1702
20220319_19,2,3466.58702900168,93685473.0,90406315.0,0.9649982233638293,/home/lhaaso/liushijie/energy/pass5_crab_v6_125d_covariance/run_gti_hour.sh.out.79724879.1703
20220319_20,1,3563.43560786918,93888682.0,92778803.0,0.9881787775016375,/home/lhaaso/liushijie/energy/pass5_crab_v6_125d_covariance/run_gti_hour.sh.out.79724879.1704
20220319_21,1,3585.91218518559,94152733.0,93037130.0,0.9881511352410769,/home/lhaaso/liushijie/energy/pass5_crab_v6_125d_covariance/run_gti_hour.sh.out.79724879.1705
20220319_22,1,3549.91182535887,92994536.0,91892364.0,0.988147991834703,/home/lhaaso/liushijie/energy/pass5_crab_v6_125d_covariance/run_gti_hour.sh.out.79724879.1706
20220319_23,1,3556.31193586159,93043297.0,91966119.0,0.9884228307171875,/home/lhaaso/liushijie/energy/pass5_crab_v6_125d_covariance/run_gti_hour.sh.out.79724879.1707
20220320_00,2,3468.37024893612,93054558.0,89747869.0,0.9644650507071346,/home/lhaaso/liushijie/energy/pass5_crab_v6_125d_covariance/run_gti_hour.sh.out.79724879.1708
20220320_01,2,3463.18896543235,93037783.0,89680955.0,0.9639197335559898,/home/lhaaso/liushijie/energy/pass5_crab_v6_125d_covariance/run_gti_hour.sh.out.79724879.1709
20220320_02,1,3588.89432866126,94277923.0,93152817.0,0.9880660714173773,/home/lhaaso/liushijie/energy/pass5_crab_v6_125d_covariance/run_gti_hour.sh.out.79724879.1710
20220320_03,1,3569.14057969116,93573518.0,92869553.0,0.9924768779132574,/home/lhaaso/liushijie/energy/pass5_crab_v6_125d_covariance/run_gti_hour.sh.out.79724879.1711
20220320_04,1,3561.84460362419,93598066.0,92431886.0,0.9875405545238509,/home/lhaaso/liushijie/energy/pass5_crab_v6_125d_covariance/run_gti_hour.sh.out.79724879.1712
20220320_05,2,3478.77697683871,94201956.0,90715415.0,0.9629886559892663,/home/lhaaso/liushijie/energy/pass5_crab_v6_125d_covariance/run_gti_hour.sh.out.79724879.1713
20220320_06,1,3572.37321780995,94232178.0,93078469.0,0.9877567405902472,/home/lhaaso/liushijie/energy/pass5_crab_v6_125d_covariance/run_gti_hour.sh.out.79724879.1714
20220320_07,1,3568.42055304442,93546231.0,92838910.0,0.9924388081439647,/home/lhaaso/liushijie/energy/pass5_crab_v6_125d_covariance/run_gti_hour.sh.out.79724879.1715
20220320_08,1,3593.87286482379,93744154.0,93027639.0,0.9923566967173227,/home/lhaaso/liushijie/energy/pass5_crab_v6_125d_covariance/run_gti_hour.sh.out.79724879.1716
20220320_11,1,1151.82708010543,93218779.0,29840607.0,0.3201136865351991,/home/lhaaso/liushijie/energy/pass5_crab_v6_125d_covariance/run_gti_hour.sh.out.79724879.1717
20220320_12,1,3546.75286794081,93691469.0,92044166.0,0.9824177908876635,/home/lhaaso/liushijie/energy/pass5_crab_v6_125d_covariance/run_gti_hour.sh.out.79724879.1718
20220320_13,1,3562.08161010873,93462061.0,92727772.0,0.9921434538020727,/home/lhaaso/liushijie/energy/pass5_crab_v6_125d_covariance/run_gti_hour.sh.out.79724879.1719
20220320_14,1,3559.30291491095,93514928.0,92401186.0,0.9880902223439663,/home/lhaaso/liushijie/energy/pass5_crab_v6_125d_covariance/run_gti_hour.sh.out.79724879.1720
20220320_15,2,3511.93077194039,95283530.0,91934983.0,0.9648570219848068,/home/lhaaso/liushijie/energy/pass5_crab_v6_125d_covariance/run_gti_hour.sh.out.79724879.1721
20220320_16,2,3460.12180557009,94106588.0,90799435.0,0.9648573700281218,/home/lhaaso/liushijie/energy/pass5_crab_v6_125d_covariance/run_gti_hour.sh.out.79724879.1722
20220320_17,1,3548.38124122471,94318919.0,93014863.0,0.9861739721592865,/home/lhaaso/liushijie/energy/pass5_crab_v6_125d_covariance/run_gti_hour.sh.out.79724879.1723
20220320_18,1,3567.53535994794,94576415.0,93594533.0,0.9896181093351868,/home/lhaaso/liushijie/energy/pass5_crab_v6_125d_covariance/run_gti_hour.sh.out.79724879.1724
20220320_19,1,3587.98897499219,94447374.0,93749994.0,0.9926162055072066,/home/lhaaso/liushijie/energy/pass5_crab_v6_125d_covariance/run_gti_hour.sh.out.79724879.1725
20220320_20,1,3560.72728356812,93487139.0,92407460.0,0.9884510424476676,/home/lhaaso/liushijie/energy/pass5_crab_v6_125d_covariance/run_gti_hour.sh.out.79724879.1726
20220320_21,1,3591.44489192404,93802812.0,93053964.0,0.9920167851684446,/home/lhaaso/liushijie/energy/pass5_crab_v6_125d_covariance/run_gti_hour.sh.out.79724879.1727
20220320_22,2,3508.38412928861,93897823.0,90650828.0,0.9654199118120129,/home/lhaaso/liushijie/energy/pass5_crab_v6_125d_covariance/run_gti_hour.sh.out.79724879.1728
20220320_23,1,3540.87215464097,93155079.0,92137880.0,0.9890805846453096,/home/lhaaso/liushijie/energy/pass5_crab_v6_125d_covariance/run_gti_hour.sh.out.79724879.1729
20220321_00,1,3575.2362070838,93895456.0,93052109.0,0.9910182341518209,/home/lhaaso/liushijie/energy/pass5_crab_v6_125d_covariance/run_gti_hour.sh.out.79724879.1730
20220321_01,1,3589.48035885114,94030681.0,92939968.0,0.9884004562298129,/home/lhaaso/liushijie/energy/pass5_crab_v6_125d_covariance/run_gti_hour.sh.out.79724879.1731
20220321_02,2,3469.03605766129,93453128.0,90103591.0,0.9641581071529248,/home/lhaaso/liushijie/energy/pass5_crab_v6_125d_covariance/run_gti_hour.sh.out.79724879.1732
20220321_03,1,3540.94952673186,93310115.0,92186993.0,0.9879635557195487,/home/lhaaso/liushijie/energy/pass5_crab_v6_125d_covariance/run_gti_hour.sh.out.79724879.1733
20220321_04,2,3485.27370281518,94499894.0,90857318.0,0.9614541789856399,/home/lhaaso/liushijie/energy/pass5_crab_v6_125d_covariance/run_gti_hour.sh.out.79724879.1734
20220321_05,1,3578.39345773682,94500898.0,93378705.0,0.9881250546423379,/home/lhaaso/liushijie/energy/pass5_crab_v6_125d_covariance/run_gti_hour.sh.out.79724879.1735
20220321_06,1,3532.23251004238,93255210.0,92124161.0,0.9878714658408897,/home/lhaaso/liushijie/energy/pass5_crab_v6_125d_covariance/run_gti_hour.sh.out.79724879.1736
20220321_07,1,3584.6125273034,94478827.0,93341006.0,0.9879568678387592,/home/lhaaso/liushijie/energy/pass5_crab_v6_125d_covariance/run_gti_hour.sh.out.79724879.1737
20220321_08,1,3327.03753761016,93529547.0,86514508.0,0.9249965468131691,/home/lhaaso/liushijie/energy/pass5_crab_v6_125d_covariance/run_gti_hour.sh.out.79724879.1738
20220321_11,2,1393.59389638994,92966357.0,35945001.0,0.38664525705788383,/home/lhaaso/liushijie/energy/pass5_crab_v6_125d_covariance/run_gti_hour.sh.out.79724879.1739
20220321_12,1,3576.21498748194,93003698.0,91912373.0,0.9882657891732434,/home/lhaaso/liushijie/energy/pass5_crab_v6_125d_covariance/run_gti_hour.sh.out.79724879.1740
20220321_13,1,3563.59504424036,93497619.0,92404878.0,0.9883126328596668,/home/lhaaso/liushijie/energy/pass5_crab_v6_125d_covariance/run_gti_hour.sh.out.79724879.1741
20220321_14,1,3546.55263265595,93295783.0,92212760.0,0.9883915117578251,/home/lhaaso/liushijie/energy/pass5_crab_v6_125d_covariance/run_gti_hour.sh.out.79724879.1742
20220321_15,1,3580.77616521623,94512541.0,93434353.0,0.9885921171032741,/home/lhaaso/liushijie/energy/pass5_crab_v6_125d_covariance/run_gti_hour.sh.out.79724879.1743
20220321_16,1,3574.86911555752,94542166.0,93469561.0,0.9886547448045563,/home/lhaaso/liushijie/energy/pass5_crab_v6_125d_covariance/run_gti_hour.sh.out.79724879.1744
20220321_17,1,3549.87624543719,93571433.0,92539386.0,0.9889704905983432,/home/lhaaso/liushijie/energy/pass5_crab_v6_125d_covariance/run_gti_hour.sh.out.79724879.1745
20220321_18,1,3569.64403074235,94070648.0,92932386.0,0.9878999238954961,/home/lhaaso/liushijie/energy/pass5_crab_v6_125d_covariance/run_gti_hour.sh.out.79724879.1746
20220321_19,1,3547.17599102296,93232754.0,92207191.0,0.9889999709758655,/home/lhaaso/liushijie/energy/pass5_crab_v6_125d_covariance/run_gti_hour.sh.out.79724879.1747
20220321_20,1,3560.11995621957,93520788.0,92302040.0,0.9869681594214113,/home/lhaaso/liushijie/energy/pass5_crab_v6_125d_covariance/run_gti_hour.sh.out.79724879.1748
20220321_21,1,3560.67190957256,92605211.0,91560343.0,0.9887169632387102,/home/lhaaso/liushijie/energy/pass5_crab_v6_125d_covariance/run_gti_hour.sh.out.79724879.1749
20220321_22,1,3561.81086122524,92595628.0,91571113.0,0.988935600717563,/home/lhaaso/liushijie/energy/pass5_crab_v6_125d_covariance/run_gti_hour.sh.out.79724879.1750
20220321_23,1,3591.04813663289,93774707.0,92796073.0,0.9895639876539417,/home/lhaaso/liushijie/energy/pass5_crab_v6_125d_covariance/run_gti_hour.sh.out.79724879.1751
20220322_00,2,3455.44031881727,92598096.0,89354014.0,0.9649659967090468,/home/lhaaso/liushijie/energy/pass5_crab_v6_125d_covariance/run_gti_hour.sh.out.79724879.1752
20220322_01,1,3595.59278483503,93888537.0,92847329.0,0.9889101690869888,/home/lhaaso/liushijie/energy/pass5_crab_v6_125d_covariance/run_gti_hour.sh.out.79724879.1753
20220322_02,1,3546.7498567421,92661306.0,91595831.0,0.9885014031639053,/home/lhaaso/liushijie/energy/pass5_crab_v6_125d_covariance/run_gti_hour.sh.out.79724879.1754
20220322_03,1,3581.81545562111,93859141.0,92764920.0,0.9883418813730673,/home/lhaaso/liushijie/energy/pass5_crab_v6_125d_covariance/run_gti_hour.sh.out.79724879.1755
20220322_04,1,3562.69740087446,93148358.0,92384343.0,0.9917978693730705,/home/lhaaso/liushijie/energy/pass5_crab_v6_125d_covariance/run_gti_hour.sh.out.79724879.1756
20220322_05,1,3559.98473328073,93125808.0,91994993.0,0.9878571254920011,/home/lhaaso/liushijie/energy/pass5_crab_v6_125d_covariance/run_gti_hour.sh.out.79724879.1757
20220322_06,1,3579.15334033314,93806278.0,92691717.0,0.9881184817928711,/home/lhaaso/liushijie/energy/pass5_crab_v6_125d_covariance/run_gti_hour.sh.out.79724879.1758
20220322_07,1,3577.42395862006,93158005.0,92396108.0,0.9918214543130244,/home/lhaaso/liushijie/energy/pass5_crab_v6_125d_covariance/run_gti_hour.sh.out.79724879.1759
20220322_08,1,3080.69412990008,93026321.0,78990060.0,0.8491151660184433,/home/lhaaso/liushijie/energy/pass5_crab_v6_125d_covariance/run_gti_hour.sh.out.79724879.1760
20220322_11,1,1565.42626752052,92090992.0,40107995.0,0.4355257135247278,/home/lhaaso/liushijie/energy/pass5_crab_v6_125d_covariance/run_gti_hour.sh.out.79724879.1761
20220322_12,1,3579.49890273158,92686652.0,91554618.0,0.9877864398424921,/home/lhaaso/liushijie/energy/pass5_crab_v6_125d_covariance/run_gti_hour.sh.out.79724879.1762
20220322_13,1,3546.95906841662,91780193.0,90646200.0,0.9876444692157054,/home/lhaaso/liushijie/energy/pass5_crab_v6_125d_covariance/run_gti_hour.sh.out.79724879.1763
20220322_14,1,3573.03227365483,92632183.0,91517602.0,0.9879676699403706,/home/lhaaso/liushijie/energy/pass5_crab_v6_125d_covariance/run_gti_hour.sh.out.79724879.1764
20220322_15,1,3566.92972301971,92297008.0,91557942.0,0.9919925248281071,/home/lhaaso/liushijie/energy/pass5_crab_v6_125d_covariance/run_gti_hour.sh.out.79724879.1765
20220322_16,2,3482.16155162081,92433831.0,89085918.0,0.9637804366239023,/home/lhaaso/liushijie/energy/pass5_crab_v6_125d_covariance/run_gti_hour.sh.out.79724879.1766
20220322_17,1,3585.7834674418,92646041.0,91959465.0,0.9925892569980406,/home/lhaaso/liushijie/energy/pass5_crab_v6_125d_covariance/run_gti_hour.sh.out.79724879.1767
20220322_18,1,3593.08658048976,92331678.0,91683986.0,0.9929851594379125,/home/lhaaso/liushijie/energy/pass5_crab_v6_125d_covariance/run_gti_hour.sh.out.79724879.1768
20220322_19,1,3577.10504815914,92031721.0,90948821.0,0.9882334048713487,/home/lhaaso/liushijie/energy/pass5_crab_v6_125d_covariance/run_gti_hour.sh.out.79724879.1769
20220322_20,1,3561.20800666977,91630408.0,90522832.0,0.9879125715559403,/home/lhaaso/liushijie/energy/pass5_crab_v6_125d_covariance/run_gti_hour.sh.out.79724879.1770
20220322_21,1,3569.10069356672,91116062.0,90363349.0,0.9917389647502545,/home/lhaaso/liushijie/energy/pass5_crab_v6_125d_covariance/run_gti_hour.sh.out.79724879.1771
20220322_22,1,3564.15980115999,91116588.0,90008862.0,0.9878427625055495,/home/lhaaso/liushijie/energy/pass5_crab_v6_125d_covariance/run_gti_hour.sh.out.79724879.1772
20220322_23,3,2622.20668327063,69480277.0,66957952.0,0.9636972518114745,/home/lhaaso/liushijie/energy/pass5_crab_v6_125d_covariance/run_gti_hour.sh.out.79724879.1773
20220323_00,1,3547.51320378855,92350773.0,91193415.0,0.9874678038699254,/home/lhaaso/liushijie/energy/pass5_crab_v6_125d_covariance/run_gti_hour.sh.out.79724879.1774
20220323_01,1,3547.93536190409,92442332.0,91245203.0,0.9870499913394656,/home/lhaaso/liushijie/energy/pass5_crab_v6_125d_covariance/run_gti_hour.sh.out.79724879.1775
20220323_02,1,3536.21680622455,92380273.0,91169415.0,0.9868926778339354,/home/lhaaso/liushijie/energy/pass5_crab_v6_125d_covariance/run_gti_hour.sh.out.79724879.1776
20220323_03,1,3567.73322650697,93428174.0,92230152.0,0.9871770800101477,/home/lhaaso/liushijie/energy/pass5_crab_v6_125d_covariance/run_gti_hour.sh.out.79724879.1777
20220323_04,1,3558.93595980015,93339337.0,92146923.0,0.9872249574688965,/home/lhaaso/liushijie/energy/pass5_crab_v6_125d_covariance/run_gti_hour.sh.out.79724879.1778
20220323_05,1,3544.27401646972,93156321.0,91934466.0,0.9868838207983761,/home/lhaaso/liushijie/energy/pass5_crab_v6_125d_covariance/run_gti_hour.sh.out.79724879.1779
20220323_06,1,2255.72753611486,58444124.0,58430154.0,0.9997609682711645,/home/lhaaso/liushijie/energy/pass5_crab_v6_125d_covariance/run_gti_hour.sh.out.79724879.1780
20220323_11,1,1457.79333631508,45172922.0,9419327.0,0.20851710677471783,/home/lhaaso/liushijie/energy/pass5_crab_v6_125d_covariance/run_gti_hour.sh.out.79724879.1781
20220323_12,1,3527.77077101637,92388252.0,91172365.0,0.9868393765042768,/home/lhaaso/liushijie/energy/pass5_crab_v6_125d_covariance/run_gti_hour.sh.out.79724879.1782
20220323_13,1,3548.06880515534,93296260.0,92066923.0,0.9868232981686511,/home/lhaaso/liushijie/energy/pass5_crab_v6_125d_covariance/run_gti_hour.sh.out.79724879.1783
20220323_14,2,3446.62104710005,93350824.0,89737518.0,0.9612932607857859,/home/lhaaso/liushijie/energy/pass5_crab_v6_125d_covariance/run_gti_hour.sh.out.79724879.1784
20220323_15,1,3595.98435570952,95485057.0,94303568.0,0.9876264513304945,/home/lhaaso/liushijie/energy/pass5_crab_v6_125d_covariance/run_gti_hour.sh.out.79724879.1785
20220323_16,1,3538.71864213143,94321939.0,93139849.0,0.9874674968248903,/home/lhaaso/liushijie/energy/pass5_crab_v6_125d_covariance/run_gti_hour.sh.out.79724879.1786
20220323_17,1,3541.6284527164,94523275.0,93387746.0,0.9879867789176793,/home/lhaaso/liushijie/energy/pass5_crab_v6_125d_covariance/run_gti_hour.sh.out.79724879.1787
20220323_18,1,3551.17126896512,94757931.0,93653496.0,0.9883446695348382,/home/lhaaso/liushijie/energy/pass5_crab_v6_125d_covariance/run_gti_hour.sh.out.79724879.1788
20220323_19,1,3569.27213009913,95214448.0,94044404.0,0.9877114868113293,/home/lhaaso/liushijie/energy/pass5_crab_v6_125d_covariance/run_gti_hour.sh.out.79724879.1789
20220323_20,1,3580.47291927505,95381889.0,94194371.0,0.9875498586529357,/home/lhaaso/liushijie/energy/pass5_crab_v6_125d_covariance/run_gti_hour.sh.out.79724879.1790
20220323_21,1,3553.05052099284,94372647.0,93191863.0,0.987488069503868,/home/lhaaso/liushijie/energy/pass5_crab_v6_125d_covariance/run_gti_hour.sh.out.79724879.1791
20220323_22,1,3563.59623614699,94487304.0,93318563.0,0.9876307085658831,/home/lhaaso/liushijie/energy/pass5_crab_v6_125d_covariance/run_gti_hour.sh.out.79724879.1792
20220323_23,1,3515.090572997,93248345.0,92108580.0,0.9877771021029917,/home/lhaaso/liushijie/energy/pass5_crab_v6_125d_covariance/run_gti_hour.sh.out.79724879.1793
20220324_00,3,3415.63557155896,95648300.0,89796464.0,0.9388192367245419,/home/lhaaso/liushijie/energy/pass5_crab_v6_125d_covariance/run_gti_hour.sh.out.79724879.1794
20220324_01,1,3545.82895548083,94403690.0,93236510.0,0.9876362883696601,/home/lhaaso/liushijie/energy/pass5_crab_v6_125d_covariance/run_gti_hour.sh.out.79724879.1795
20220324_02,1,3549.47653929703,94458042.0,93252194.0,0.987234035615517,/home/lhaaso/liushijie/energy/pass5_crab_v6_125d_covariance/run_gti_hour.sh.out.79724879.1796
20220324_03,1,3570.83680867217,95648813.0,94460696.0,0.9875783403605856,/home/lhaaso/liushijie/energy/pass5_crab_v6_125d_covariance/run_gti_hour.sh.out.79724879.1797
20220324_04,1,3540.84574976005,95408804.0,94172523.0,0.9870422754696726,/home/lhaaso/liushijie/energy/pass5_crab_v6_125d_covariance/run_gti_hour.sh.out.79724879.1798
20220324_05,1,3574.73534666933,96446989.0,95238036.0,0.9874651037576715,/home/lhaaso/liushijie/energy/pass5_crab_v6_125d_covariance/run_gti_hour.sh.out.79724879.1799
20220324_06,2,3156.64463136345,86363323.0,84119288.0,0.9740163425624556,/home/lhaaso/liushijie/energy/pass5_crab_v6_125d_covariance/run_gti_hour.sh.out.79724879.1800
20220324_07,1,3531.87126175035,95205243.0,93988526.0,0.9872200630799294,/home/lhaaso/liushijie/energy/pass5_crab_v6_125d_covariance/run_gti_hour.sh.out.79724879.1801
20220324_08,1,2545.62749003526,96071022.0,67790307.0,0.7056269995753767,/home/lhaaso/liushijie/energy/pass5_crab_v6_125d_covariance/run_gti_hour.sh.out.79724879.1802
20220324_11,1,2052.16261607129,96233942.0,54776969.0,0.5692063305481136,/home/lhaaso/liushijie/energy/pass5_crab_v6_125d_covariance/run_gti_hour.sh.out.79724879.1803
20220324_12,1,3516.61745756865,94887141.0,93707017.0,0.9875628669220838,/home/lhaaso/liushijie/energy/pass5_crab_v6_125d_covariance/run_gti_hour.sh.out.79724879.1804
20220324_13,2,3506.57207162585,97211112.0,93736452.0,0.9642565553616956,/home/lhaaso/liushijie/energy/pass5_crab_v6_125d_covariance/run_gti_hour.sh.out.79724879.1805
20220324_14,1,3543.7585137086,96168762.0,95015382.0,0.9880067084569519,/home/lhaaso/liushijie/energy/pass5_crab_v6_125d_covariance/run_gti_hour.sh.out.79724879.1806
20220324_15,1,3561.01843002252,97310249.0,96166153.0,0.9882428006118862,/home/lhaaso/liushijie/energy/pass5_crab_v6_125d_covariance/run_gti_hour.sh.out.79724879.1807
20220324_16,2,3481.44120059442,97618723.0,94199574.0,0.96497445474676,/home/lhaaso/liushijie/energy/pass5_crab_v6_125d_covariance/run_gti_hour.sh.out.79724879.1808
20220324_17,1,3534.75031033158,96488527.0,95399233.0,0.9887106370687989,/home/lhaaso/liushijie/energy/pass5_crab_v6_125d_covariance/run_gti_hour.sh.out.79724879.1809
20220324_18,1,3594.46706296876,97987803.0,96941233.0,0.9893193849850884,/home/lhaaso/liushijie/energy/pass5_crab_v6_125d_covariance/run_gti_hour.sh.out.79724879.1810
20220324_19,1,3551.75529441331,96954433.0,95827826.0,0.9883800362176323,/home/lhaaso/liushijie/energy/pass5_crab_v6_125d_covariance/run_gti_hour.sh.out.79724879.1811
20220324_20,1,3566.31351106334,97134579.0,96003432.0,0.9883548473504992,/home/lhaaso/liushijie/energy/pass5_crab_v6_125d_covariance/run_gti_hour.sh.out.79724879.1812
20220324_21,1,3550.83702213597,96228175.0,95068437.0,0.9879480412051875,/home/lhaaso/liushijie/energy/pass5_crab_v6_125d_covariance/run_gti_hour.sh.out.79724879.1813
20220324_22,2,3189.55487392377,87384025.0,85284031.0,0.9759682161585027,/home/lhaaso/liushijie/energy/pass5_crab_v6_125d_covariance/run_gti_hour.sh.out.79724879.1814
20220324_23,1,3541.97508757934,95314550.0,94173809.0,0.9880318272498795,/home/lhaaso/liushijie/energy/pass5_crab_v6_125d_covariance/run_gti_hour.sh.out.79724879.1815
20220325_00,1,3495.69572119508,95356281.0,92940930.0,0.9746702474690682,/home/lhaaso/liushijie/energy/pass5_crab_v6_125d_covariance/run_gti_hour.sh.out.79724879.1816
20220325_01,1,3541.04361254722,95292920.0,94085786.0,0.9873323852391133,/home/lhaaso/liushijie/energy/pass5_crab_v6_125d_covariance/run_gti_hour.sh.out.79724879.1817
20220325_02,1,3571.71129661147,96456287.0,95242348.0,0.9874146202621297,/home/lhaaso/liushijie/energy/pass5_crab_v6_125d_covariance/run_gti_hour.sh.out.79724879.1818
20220325_03,1,3562.36361861229,96364963.0,95096683.0,0.986838784963784,/home/lhaaso/liushijie/energy/pass5_crab_v6_125d_covariance/run_gti_hour.sh.out.79724879.1819
20220325_04,1,3554.13412568159,96270388.0,95059073.0,0.9874175743427979,/home/lhaaso/liushijie/energy/pass5_crab_v6_125d_covariance/run_gti_hour.sh.out.79724879.1820
20220325_05,1,3553.25603499077,96309930.0,95078256.0,0.9872113498576938,/home/lhaaso/liushijie/energy/pass5_crab_v6_125d_covariance/run_gti_hour.sh.out.79724879.1821
20220325_06,1,3560.63111317344,96281526.0,95059584.0,0.9873086556604846,/home/lhaaso/liushijie/energy/pass5_crab_v6_125d_covariance/run_gti_hour.sh.out.79724879.1822
20220325_07,1,3555.87698612362,96110029.0,94870581.0,0.9871038640514821,/home/lhaaso/liushijie/energy/pass5_crab_v6_125d_covariance/run_gti_hour.sh.out.79724879.1823
20220325_08,2,2243.48944115918,95851254.0,59785030.0,0.6237271554110289,/home/lhaaso/liushijie/energy/pass5_crab_v6_125d_covariance/run_gti_hour.sh.out.79724879.1824
20220325_11,2,2196.93570365198,92979369.0,58235909.0,0.6263315144674729,/home/lhaaso/liushijie/energy/pass5_crab_v6_125d_covariance/run_gti_hour.sh.out.79724879.1825
20220325_12,1,3568.45677921083,95526098.0,94335004.0,0.9875312189554732,/home/lhaaso/liushijie/energy/pass5_crab_v6_125d_covariance/run_gti_hour.sh.out.79724879.1826
20220325_13,1,3560.1866646437,94977934.0,94308311.0,0.9929496992427735,/home/lhaaso/liushijie/energy/pass5_crab_v6_125d_covariance/run_gti_hour.sh.out.79724879.1827
20220325_14,1,3572.28607346769,95830336.0,94657543.0,0.9877617772309595,/home/lhaaso/liushijie/energy/pass5_crab_v6_125d_covariance/run_gti_hour.sh.out.79724879.1828
20220325_15,1,3567.27368363645,96454186.0,95293175.0,0.9879630833233096,/home/lhaaso/liushijie/energy/pass5_crab_v6_125d_covariance/run_gti_hour.sh.out.79724879.1829
20220325_16,1,3557.71559765562,96381994.0,95241832.0,0.9881703837752102,/home/lhaaso/liushijie/energy/pass5_crab_v6_125d_covariance/run_gti_hour.sh.out.79724879.1830
20220325_17,1,3566.0944114672,96551605.0,95437484.0,0.9884608754044016,/home/lhaaso/liushijie/energy/pass5_crab_v6_125d_covariance/run_gti_hour.sh.out.79724879.1831
20220325_18,2,3451.33067127317,95679722.0,92209212.0,0.9637278419349923,/home/lhaaso/liushijie/energy/pass5_crab_v6_125d_covariance/run_gti_hour.sh.out.79724879.1832
20220325_19,1,3559.77199240588,96097075.0,94962433.0,0.988192751964615,/home/lhaaso/liushijie/energy/pass5_crab_v6_125d_covariance/run_gti_hour.sh.out.79724879.1833
20220325_20,2,3504.26827641204,95829717.0,92848743.0,0.9688930105052903,/home/lhaaso/liushijie/energy/pass5_crab_v6_125d_covariance/run_gti_hour.sh.out.79724879.1834
20220325_21,1,3564.18830507901,94788366.0,93616957.0,0.9876418483677628,/home/lhaaso/liushijie/energy/pass5_crab_v6_125d_covariance/run_gti_hour.sh.out.79724879.1835
20220325_22,2,3495.07988139521,95557287.0,92052016.0,0.9633175960719772,/home/lhaaso/liushijie/energy/pass5_crab_v6_125d_covariance/run_gti_hour.sh.out.79724879.1836
20220325_23,1,3545.53018987644,94402638.0,93312577.0,0.9884530663221509,/home/lhaaso/liushijie/energy/pass5_crab_v6_125d_covariance/run_gti_hour.sh.out.79724879.1837
20220326_00,1,3543.07076409459,94424759.0,93310373.0,0.9881981589171968,/home/lhaaso/liushijie/energy/pass5_crab_v6_125d_covariance/run_gti_hour.sh.out.79724879.1838
20220326_01,2,3496.75315485802,95751734.0,92163813.0,0.9625289187974392,/home/lhaaso/liushijie/energy/pass5_crab_v6_125d_covariance/run_gti_hour.sh.out.79724879.1839
20220326_02,1,3562.03916729428,95551266.0,94266989.0,0.9865592884975485,/home/lhaaso/liushijie/energy/pass5_crab_v6_125d_covariance/run_gti_hour.sh.out.79724879.1840
20220326_03,1,3557.69795919769,95472382.0,94284716.0,0.9875601092680394,/home/lhaaso/liushijie/energy/pass5_crab_v6_125d_covariance/run_gti_hour.sh.out.79724879.1841
20220326_04,1,3541.30972456187,95261879.0,94068577.0,0.9874734572472583,/home/lhaaso/liushijie/energy/pass5_crab_v6_125d_covariance/run_gti_hour.sh.out.79724879.1842
20220326_05,1,3571.97517568711,96273925.0,95093570.0,0.9877396190089892,/home/lhaaso/liushijie/energy/pass5_crab_v6_125d_covariance/run_gti_hour.sh.out.79724879.1843
20220326_06,1,3522.63037632219,94961952.0,93768991.0,0.9874374844358718,/home/lhaaso/liushijie/energy/pass5_crab_v6_125d_covariance/run_gti_hour.sh.out.79724879.1844
20220326_07,1,3582.53780007362,96337155.0,95148795.0,0.9876645724071881,/home/lhaaso/liushijie/energy/pass5_crab_v6_125d_covariance/run_gti_hour.sh.out.79724879.1845
20220326_08,1,2122.83789343201,95005574.0,56224114.0,0.5917980559751157,/home/lhaaso/liushijie/energy/pass5_crab_v6_125d_covariance/run_gti_hour.sh.out.79724879.1846
20220326_11,2,2427.48150229454,94858485.0,63973898.0,0.674414081144138,/home/lhaaso/liushijie/energy/pass5_crab_v6_125d_covariance/run_gti_hour.sh.out.79724879.1847
20220326_12,1,3561.59398388118,94930023.0,93806944.0,0.9881694013705232,/home/lhaaso/liushijie/energy/pass5_crab_v6_125d_covariance/run_gti_hour.sh.out.79724879.1848
20220326_13,1,3542.45307671372,95316401.0,93574605.0,0.9817261669374193,/home/lhaaso/liushijie/energy/pass5_crab_v6_125d_covariance/run_gti_hour.sh.out.79724879.1849
20220326_14,1,3566.26242126804,95282570.0,94170380.0,0.9883274559030051,/home/lhaaso/liushijie/energy/pass5_crab_v6_125d_covariance/run_gti_hour.sh.out.79724879.1850
20220326_15,1,3564.62909302209,95870951.0,94768601.0,0.9885017308318972,/home/lhaaso/liushijie/energy/pass5_crab_v6_125d_covariance/run_gti_hour.sh.out.79724879.1851
20220326_16,1,3567.38978829235,95893719.0,94828872.0,0.9888955500828996,/home/lhaaso/liushijie/energy/pass5_crab_v6_125d_covariance/run_gti_hour.sh.out.79724879.1852
20220326_17,1,3565.81235581543,95784712.0,94746962.0,0.9891658075873319,/home/lhaaso/liushijie/energy/pass5_crab_v6_125d_covariance/run_gti_hour.sh.out.79724879.1853
20220326_18,1,3587.66261197161,95518382.0,94886644.0,0.9933862154407096,/home/lhaaso/liushijie/energy/pass5_crab_v6_125d_covariance/run_gti_hour.sh.out.79724879.1854
20220326_19,1,3571.04128038045,94733607.0,93640673.0,0.988463080477871,/home/lhaaso/liushijie/energy/pass5_crab_v6_125d_covariance/run_gti_hour.sh.out.79724879.1855
20220326_20,2,3471.30474066362,94328894.0,90997941.0,0.9646878823788605,/home/lhaaso/liushijie/energy/pass5_crab_v6_125d_covariance/run_gti_hour.sh.out.79724879.1856
20220326_21,1,3584.17247675825,94549841.0,93443251.0,0.9882962256911675,/home/lhaaso/liushijie/energy/pass5_crab_v6_125d_covariance/run_gti_hour.sh.out.79724879.1857
20220326_22,2,3475.18689937424,93393665.0,90096704.0,0.9646982372947887,/home/lhaaso/liushijie/energy/pass5_crab_v6_125d_covariance/run_gti_hour.sh.out.79724879.1858
20220326_23,1,3581.15669020917,93480165.0,92452459.0,0.9890061597559225,/home/lhaaso/liushijie/energy/pass5_crab_v6_125d_covariance/run_gti_hour.sh.out.79724879.1859
20220327_00,2,3458.56700988952,92412067.0,89149210.0,0.9646923058219226,/home/lhaaso/liushijie/energy/pass5_crab_v6_125d_covariance/run_gti_hour.sh.out.79724879.1860
20220327_01,1,3550.62865787186,92552845.0,91462545.0,0.9882197030247962,/home/lhaaso/liushijie/energy/pass5_crab_v6_125d_covariance/run_gti_hour.sh.out.79724879.1861
20220327_02,1,3585.64299596474,93202001.0,92436179.0,0.9917832021653699,/home/lhaaso/liushijie/energy/pass5_crab_v6_125d_covariance/run_gti_hour.sh.out.79724879.1862
20220327_03,1,3578.60125119332,93196235.0,92072703.0,0.98794444861426,/home/lhaaso/liushijie/energy/pass5_crab_v6_125d_covariance/run_gti_hour.sh.out.79724879.1863
20220327_04,1,3574.08659302164,93190879.0,92443068.0,0.9919754915070604,/home/lhaaso/liushijie/energy/pass5_crab_v6_125d_covariance/run_gti_hour.sh.out.79724879.1864
20220327_05,1,3565.92329868581,93132472.0,91979449.0,0.9876195383281569,/home/lhaaso/liushijie/energy/pass5_crab_v6_125d_covariance/run_gti_hour.sh.out.79724879.1865
20220327_06,1,3582.65188930091,93866059.0,92710133.0,0.9876853677216809,/home/lhaaso/liushijie/energy/pass5_crab_v6_125d_covariance/run_gti_hour.sh.out.79724879.1866
20220327_07,2,3440.3342519654,92522886.0,88852302.0,0.9603278263499044,/home/lhaaso/liushijie/energy/pass5_crab_v6_125d_covariance/run_gti_hour.sh.out.79724879.1867
20220327_08,1,1910.78780957032,93572947.0,49260252.0,0.5264368984766505,/home/lhaaso/liushijie/energy/pass5_crab_v6_125d_covariance/run_gti_hour.sh.out.79724879.1868
20220327_11,1,2770.98503289744,92766537.0,71429380.0,0.769990799591883,/home/lhaaso/liushijie/energy/pass5_crab_v6_125d_covariance/run_gti_hour.sh.out.79724879.1869
20220327_12,1,3574.02465788182,93077910.0,91961266.0,0.9880031255536357,/home/lhaaso/liushijie/energy/pass5_crab_v6_125d_covariance/run_gti_hour.sh.out.79724879.1870
20220327_13,1,3577.11213044822,93899130.0,92792951.0,0.9882194968153593,/home/lhaaso/liushijie/energy/pass5_crab_v6_125d_covariance/run_gti_hour.sh.out.79724879.1871
20220327_14,1,3558.86039254256,93376094.0,92633636.0,0.9920487357288686,/home/lhaaso/liushijie/energy/pass5_crab_v6_125d_covariance/run_gti_hour.sh.out.79724879.1872
20220327_15,1,3588.69522430468,94404118.0,93301436.0,0.988319556144786,/home/lhaaso/liushijie/energy/pass5_crab_v6_125d_covariance/run_gti_hour.sh.out.79724879.1873
20220327_16,1,3546.17190649733,93740340.0,92644432.0,0.9883091100373649,/home/lhaaso/liushijie/energy/pass5_crab_v6_125d_covariance/run_gti_hour.sh.out.79724879.1874
20220327_17,1,3550.51033662166,94189947.0,92787397.0,0.9851093450556884,/home/lhaaso/liushijie/energy/pass5_crab_v6_125d_covariance/run_gti_hour.sh.out.79724879.1875
20220327_18,1,3532.10247906391,93877596.0,92083684.0,0.9808909465470335,/home/lhaaso/liushijie/energy/pass5_crab_v6_125d_covariance/run_gti_hour.sh.out.79724879.1876
20220327_19,1,3598.71864169836,93611636.0,92901267.0,0.9924115309767687,/home/lhaaso/liushijie/energy/pass5_crab_v6_125d_covariance/run_gti_hour.sh.out.79724879.1877
20220327_20,1,3572.0248384634,93060558.0,91960659.0,0.9881808252213575,/home/lhaaso/liushijie/energy/pass5_crab_v6_125d_covariance/run_gti_hour.sh.out.79724879.1878
20220327_21,1,3550.17109711189,92499369.0,91400497.0,0.9881202216633499,/home/lhaaso/liushijie/energy/pass5_crab_v6_125d_covariance/run_gti_hour.sh.out.79724879.1879
20220327_22,1,3570.29021324124,92652119.0,91582345.0,0.988453863640183,/home/lhaaso/liushijie/energy/pass5_crab_v6_125d_covariance/run_gti_hour.sh.out.79724879.1880
20220327_23,1,3583.99910777807,92762977.0,91749687.0,0.9890765687694564,/home/lhaaso/liushijie/energy/pass5_crab_v6_125d_covariance/run_gti_hour.sh.out.79724879.1881
20220328_00,1,3573.20221024565,92126085.0,91404283.0,0.9921650637818811,/home/lhaaso/liushijie/energy/pass5_crab_v6_125d_covariance/run_gti_hour.sh.out.79724879.1882
20220328_01,1,3524.07664249185,91997965.0,90444338.0,0.9831123764531096,/home/lhaaso/liushijie/energy/pass5_crab_v6_125d_covariance/run_gti_hour.sh.out.79724879.1883
20220328_02,1,3588.86327371001,93149482.0,92397148.0,0.9919233689351058,/home/lhaaso/liushijie/energy/pass5_crab_v6_125d_covariance/run_gti_hour.sh.out.79724879.1884
20220328_03,1,3591.65512137115,93498941.0,92739927.0,0.9918821112636987,/home/lhaaso/liushijie/energy/pass5_crab_v6_125d_covariance/run_gti_hour.sh.out.79724879.1885
20220328_04,2,3499.07724391669,94051029.0,90739128.0,0.9647861269013867,/home/lhaaso/liushijie/energy/pass5_crab_v6_125d_covariance/run_gti_hour.sh.out.79724879.1886
20220328_05,1,3541.47140330169,93386447.0,92283737.0,0.9881919696548687,/home/lhaaso/liushijie/energy/pass5_crab_v6_125d_covariance/run_gti_hour.sh.out.79724879.1887
20220328_06,1,3573.86294016615,94600406.0,93322248.0,0.9864888740540924,/home/lhaaso/liushijie/energy/pass5_crab_v6_125d_covariance/run_gti_hour.sh.out.79724879.1888
20220328_07,1,3568.72043826152,93832400.0,93101414.0,0.9922096631867031,/home/lhaaso/liushijie/energy/pass5_crab_v6_125d_covariance/run_gti_hour.sh.out.79724879.1889
20220328_08,1,1669.33329168241,94002971.0,43167817.0,0.4592175815379282,/home/lhaaso/liushijie/energy/pass5_crab_v6_125d_covariance/run_gti_hour.sh.out.79724879.1890
20220328_11,2,2904.6776648378,94550742.0,75987860.0,0.8036728045984028,/home/lhaaso/liushijie/energy/pass5_crab_v6_125d_covariance/run_gti_hour.sh.out.79724879.1891
20220328_12,1,3563.67557148915,94419073.0,93271636.0,0.9878474023993012,/home/lhaaso/liushijie/energy/pass5_crab_v6_125d_covariance/run_gti_hour.sh.out.79724879.1892
20220328_13,1,3555.95083404332,94366615.0,93243871.0,0.9881023177529469,/home/lhaaso/liushijie/energy/pass5_crab_v6_125d_covariance/run_gti_hour.sh.out.79724879.1893
20220328_14,1,3568.414854398,95241733.0,94107989.0,0.9880961426856859,/home/lhaaso/liushijie/energy/pass5_crab_v6_125d_covariance/run_gti_hour.sh.out.79724879.1894
20220328_15,1,3531.22867697384,94386250.0,93262166.0,0.9880905958230145,/home/lhaaso/liushijie/energy/pass5_crab_v6_125d_covariance/run_gti_hour.sh.out.79724879.1895
20220328_16,1,3597.50353123527,95981400.0,95304300.0,0.9929455081922123,/home/lhaaso/liushijie/energy/pass5_crab_v6_125d_covariance/run_gti_hour.sh.out.79724879.1896
20220328_17,1,3580.4260753328,95405931.0,94357355.0,0.9890093206050261,/home/lhaaso/liushijie/energy/pass5_crab_v6_125d_covariance/run_gti_hour.sh.out.79724879.1897
20220328_18,1,3541.34537866339,94783101.0,93625997.0,0.9877920854267049,/home/lhaaso/liushijie/energy/pass5_crab_v6_125d_covariance/run_gti_hour.sh.out.79724879.1898
20220328_19,2,3499.40612779465,95298442.0,91856819.0,0.9638858419112455,/home/lhaaso/liushijie/energy/pass5_crab_v6_125d_covariance/run_gti_hour.sh.out.79724879.1899
20220328_20,1,3566.84710113332,93763811.0,93087346.0,0.9927854361636389,/home/lhaaso/liushijie/energy/pass5_crab_v6_125d_covariance/run_gti_hour.sh.out.79724879.1900
20220328_21,1,3584.57998938393,93858575.0,92716631.0,0.9878333545975954,/home/lhaaso/liushijie/energy/pass5_crab_v6_125d_covariance/run_gti_hour.sh.out.79724879.1901
20220328_22,1,3559.87426252104,93357890.0,92241669.0,0.9880436350907246,/home/lhaaso/liushijie/energy/pass5_crab_v6_125d_covariance/run_gti_hour.sh.out.79724879.1902
20220328_23,1,3563.51619421039,93367367.0,92278790.0,0.9883409264395343,/home/lhaaso/liushijie/energy/pass5_crab_v6_125d_covariance/run_gti_hour.sh.out.79724879.1903
20220329_00,1,3561.35386058595,93365706.0,92253745.0,0.9880902630351234,/home/lhaaso/liushijie/energy/pass5_crab_v6_125d_covariance/run_gti_hour.sh.out.79724879.1904
20220329_01,2,3469.88387543242,93383552.0,89953167.0,0.963265640184687,/home/lhaaso/liushijie/energy/pass5_crab_v6_125d_covariance/run_gti_hour.sh.out.79724879.1905
20220329_02,2,3451.0293640662,93242097.0,89722584.0,0.9622540342480714,/home/lhaaso/liushijie/energy/pass5_crab_v6_125d_covariance/run_gti_hour.sh.out.79724879.1906
20220329_03,1,3578.44815719873,94462401.0,93292651.0,0.9876167661671018,/home/lhaaso/liushijie/energy/pass5_crab_v6_125d_covariance/run_gti_hour.sh.out.79724879.1907
20220329_04,2,3472.61388916522,93754662.0,90719039.0,0.9676216314448448,/home/lhaaso/liushijie/energy/pass5_crab_v6_125d_covariance/run_gti_hour.sh.out.79724879.1908
20220329_05,3,3378.84884127416,93698078.0,87866565.0,0.9377627255064933,/home/lhaaso/liushijie/energy/pass5_crab_v6_125d_covariance/run_gti_hour.sh.out.79724879.1909
20220329_06,1,3563.8519378379,94235854.0,93065786.0,0.9875836218346363,/home/lhaaso/liushijie/energy/pass5_crab_v6_125d_covariance/run_gti_hour.sh.out.79724879.1910
20220329_07,1,3569.92762845475,94257816.0,93092243.0,0.9876342031943537,/home/lhaaso/liushijie/energy/pass5_crab_v6_125d_covariance/run_gti_hour.sh.out.79724879.1911
20220329_08,1,1400.39076092653,94025370.0,36461686.0,0.3877856157332856,/home/lhaaso/liushijie/energy/pass5_crab_v6_125d_covariance/run_gti_hour.sh.out.79724879.1912
20220329_11,1,3233.41266887728,93511505.0,83681504.0,0.8948792343787002,/home/lhaaso/liushijie/energy/pass5_crab_v6_125d_covariance/run_gti_hour.sh.out.79724879.1913
20220329_12,2,3473.88426235411,93426770.0,89879735.0,0.9620340615436025,/home/lhaaso/liushijie/energy/pass5_crab_v6_125d_covariance/run_gti_hour.sh.out.79724879.1914
20220329_13,1,3531.71074222773,93182980.0,91833779.0,0.9855209502851272,/home/lhaaso/liushijie/energy/pass5_crab_v6_125d_covariance/run_gti_hour.sh.out.79724879.1915
20220329_14,2,3468.41443183366,94211269.0,90588088.0,0.9615419573639328,/home/lhaaso/liushijie/energy/pass5_crab_v6_125d_covariance/run_gti_hour.sh.out.79724879.1916
20220329_15,1,3543.88630797621,93997636.0,92862228.0,0.9879208877125378,/home/lhaaso/liushijie/energy/pass5_crab_v6_125d_covariance/run_gti_hour.sh.out.79724879.1917
20220329_16,1,3576.25485789031,95183361.0,94062957.0,0.9882289930905045,/home/lhaaso/liushijie/energy/pass5_crab_v6_125d_covariance/run_gti_hour.sh.out.79724879.1918
20220329_17,1,3577.8341580648,95322030.0,94261125.0,0.9888703062660331,/home/lhaaso/liushijie/energy/pass5_crab_v6_125d_covariance/run_gti_hour.sh.out.79724879.1919
20220329_18,1,3554.53405058943,94427894.0,93376410.0,0.9888646886480387,/home/lhaaso/liushijie/energy/pass5_crab_v6_125d_covariance/run_gti_hour.sh.out.79724879.1920
20220329_19,1,3573.81988379639,94199286.0,93494578.0,0.992518966651191,/home/lhaaso/liushijie/energy/pass5_crab_v6_125d_covariance/run_gti_hour.sh.out.79724879.1921
20220329_20,2,3493.59247244429,92361385.0,89088744.0,0.9645669995095895,/home/lhaaso/liushijie/energy/pass5_crab_v6_125d_covariance/run_gti_hour.sh.out.79724879.1922
20220329_21,2,3460.07813564502,92567650.0,89300098.0,0.9647009295363985,/home/lhaaso/liushijie/energy/pass5_crab_v6_125d_covariance/run_gti_hour.sh.out.79724879.1923
20220329_22,1,3580.13511181343,93089821.0,92033443.0,0.988652056812957,/home/lhaaso/liushijie/energy/pass5_crab_v6_125d_covariance/run_gti_hour.sh.out.79724879.1924
20220329_23,1,3580.25931590237,92587185.0,91925465.0,0.9928530066012915,/home/lhaaso/liushijie/energy/pass5_crab_v6_125d_covariance/run_gti_hour.sh.out.79724879.1925
20220330_00,2,3492.95970266685,92584699.0,89360682.0,0.9651776477666142,/home/lhaaso/liushijie/energy/pass5_crab_v6_125d_covariance/run_gti_hour.sh.out.79724879.1926
20220330_01,1,3575.87213076185,93063727.0,91958814.0,0.9881273506271675,/home/lhaaso/liushijie/energy/pass5_crab_v6_125d_covariance/run_gti_hour.sh.out.79724879.1927
20220330_02,2,3471.73211651389,92372572.0,89389685.0,0.9677080876344982,/home/lhaaso/liushijie/energy/pass5_crab_v6_125d_covariance/run_gti_hour.sh.out.79724879.1928
20220330_03,1,3590.81806784961,92973995.0,92214290.0,0.9918288441837957,/home/lhaaso/liushijie/energy/pass5_crab_v6_125d_covariance/run_gti_hour.sh.out.79724879.1929
20220330_04,1,3594.04643748421,93589005.0,92498015.0,0.9883427545789166,/home/lhaaso/liushijie/energy/pass5_crab_v6_125d_covariance/run_gti_hour.sh.out.79724879.1930
20220330_05,1,3555.8194829151,92980803.0,91889100.0,0.9882588344607004,/home/lhaaso/liushijie/energy/pass5_crab_v6_125d_covariance/run_gti_hour.sh.out.79724879.1931
20220330_06,1,3556.25074943528,92956341.0,91872595.0,0.9883413440294514,/home/lhaaso/liushijie/energy/pass5_crab_v6_125d_covariance/run_gti_hour.sh.out.79724879.1932
20220330_07,3,3444.55511898268,92998207.0,88782386.0,0.9546677174109389,/home/lhaaso/liushijie/energy/pass5_crab_v6_125d_covariance/run_gti_hour.sh.out.79724879.1933
20220330_08,1,1225.56800732855,92643078.0,31491631.0,0.33992427367320416,/home/lhaaso/liushijie/energy/pass5_crab_v6_125d_covariance/run_gti_hour.sh.out.79724879.1934
20220330_10,1,0.340063660405576,91519863.0,7877.0,8.606874772091824e-05,/home/lhaaso/liushijie/energy/pass5_crab_v6_125d_covariance/run_gti_hour.sh.out.79724879.1935
20220330_11,2,3362.05664458685,92426819.0,86230520.0,0.9329599453163048,/home/lhaaso/liushijie/energy/pass5_crab_v6_125d_covariance/run_gti_hour.sh.out.79724879.1936
20220330_12,1,3573.04910493549,92591828.0,91755604.0,0.9909687062231886,/home/lhaaso/liushijie/energy/pass5_crab_v6_125d_covariance/run_gti_hour.sh.out.79724879.1937
20220330_13,1,3586.33450737689,93069525.0,92245913.0,0.9911505726498551,/home/lhaaso/liushijie/energy/pass5_crab_v6_125d_covariance/run_gti_hour.sh.out.79724879.1938
20220330_14,1,3591.56702149194,93656936.0,92643948.0,0.9891840578683889,/home/lhaaso/liushijie/energy/pass5_crab_v6_125d_covariance/run_gti_hour.sh.out.79724879.1939
20220330_15,2,3509.49576327112,93555221.0,91105247.0,0.973812535807061,/home/lhaaso/liushijie/energy/pass5_crab_v6_125d_covariance/run_gti_hour.sh.out.79724879.1940
20220330_16,1,3567.3896405613,93611476.0,92609940.0,0.9893011408131199,/home/lhaaso/liushijie/energy/pass5_crab_v6_125d_covariance/run_gti_hour.sh.out.79724879.1941
20220330_17,1,3583.36398939136,93774861.0,93060943.0,0.99238689354069,/home/lhaaso/liushijie/energy/pass5_crab_v6_125d_covariance/run_gti_hour.sh.out.79724879.1942
20220330_18,2,3506.46776785143,93457015.0,90761301.0,0.9711555735008228,/home/lhaaso/liushijie/energy/pass5_crab_v6_125d_covariance/run_gti_hour.sh.out.79724879.1943
20220330_19,2,3525.5179323256,93296029.0,90692222.0,0.9720909128940526,/home/lhaaso/liushijie/energy/pass5_crab_v6_125d_covariance/run_gti_hour.sh.out.79724879.1944
20220330_20,1,3580.65490946174,93013240.0,91978659.0,0.9888770566426888,/home/lhaaso/liushijie/energy/pass5_crab_v6_125d_covariance/run_gti_hour.sh.out.79724879.1945
20220330_21,1,3551.93602982908,91843022.0,90804937.0,0.9886971815888201,/home/lhaaso/liushijie/energy/pass5_crab_v6_125d_covariance/run_gti_hour.sh.out.79724879.1946
20220330_22,3,3023.73269889504,80214276.0,77615998.0,0.9676082845901396,/home/lhaaso/liushijie/energy/pass5_crab_v6_125d_covariance/run_gti_hour.sh.out.79724879.1947
20220330_23,2,3432.59737794288,91829970.0,88307983.0,0.9616466497811118,/home/lhaaso/liushijie/energy/pass5_crab_v6_125d_covariance/run_gti_hour.sh.out.79724879.1948
20220331_00,1,3540.74204382487,92004863.0,90822525.0,0.9871491792776215,/home/lhaaso/liushijie/energy/pass5_crab_v6_125d_covariance/run_gti_hour.sh.out.79724879.1949
20220331_01,1,3580.97933563404,93232603.0,92020899.0,0.9870034305488606,/home/lhaaso/liushijie/energy/pass5_crab_v6_125d_covariance/run_gti_hour.sh.out.79724879.1950
20220331_02,1,3524.85094992444,91964633.0,90754025.0,0.9868361568952273,/home/lhaaso/liushijie/energy/pass5_crab_v6_125d_covariance/run_gti_hour.sh.out.79724879.1951
20220331_03,1,3564.1358649591,93125964.0,91936686.0,0.9872293617277347,/home/lhaaso/liushijie/energy/pass5_crab_v6_125d_covariance/run_gti_hour.sh.out.79724879.1952
20220331_04,1,3589.13068198599,94051266.0,92860667.0,0.9873409572179497,/home/lhaaso/liushijie/energy/pass5_crab_v6_125d_covariance/run_gti_hour.sh.out.79724879.1953
20220331_05,1,3546.71432899777,92914991.0,91717279.0,0.9871095935423381,/home/lhaaso/liushijie/energy/pass5_crab_v6_125d_covariance/run_gti_hour.sh.out.79724879.1954
20220331_06,1,3546.2481677765,92844442.0,91647196.0,0.9871048177552728,/home/lhaaso/liushijie/energy/pass5_crab_v6_125d_covariance/run_gti_hour.sh.out.79724879.1955
20220331_07,1,3559.19564017095,92992698.0,91813365.0,0.987318004258786,/home/lhaaso/liushijie/energy/pass5_crab_v6_125d_covariance/run_gti_hour.sh.out.79724879.1956
20220331_08,2,919.553451868705,91680971.0,23642499.0,0.25787792976145507,/home/lhaaso/liushijie/energy/pass5_crab_v6_125d_covariance/run_gti_hour.sh.out.79724879.1957
20220331_11,1,0.355201377533376,1068506.0,7630.0,0.007140811563060947,/home/lhaaso/liushijie/energy/pass5_crab_v6_125d_covariance/run_gti_hour.sh.out.79724879.1958
20220331_12,1,2901.7908826936,76354296.0,75122060.0,0.9838616022338809,/home/lhaaso/liushijie/energy/pass5_crab_v6_125d_covariance/run_gti_hour.sh.out.79724879.1959
20220331_13,2,3470.16083279159,93759987.0,90088425.0,0.9608408435466187,/home/lhaaso/liushijie/energy/pass5_crab_v6_125d_covariance/run_gti_hour.sh.out.79724879.1960
20220331_14,2,3443.46284091007,93393097.0,89740561.0,0.9608907283586494,/home/lhaaso/liushijie/energy/pass5_crab_v6_125d_covariance/run_gti_hour.sh.out.79724879.1961
20220331_15,1,3562.67816377804,94503309.0,93305101.0,0.9873209942310063,/home/lhaaso/liushijie/energy/pass5_crab_v6_125d_covariance/run_gti_hour.sh.out.79724879.1962
20220331_16,1,3556.41496977769,94448465.0,93293102.0,0.9877672654605875,/home/lhaaso/liushijie/energy/pass5_crab_v6_125d_covariance/run_gti_hour.sh.out.79724879.1963
20220331_17,1,3564.20852600131,94556934.0,93457927.0,0.9883772986971003,/home/lhaaso/liushijie/energy/pass5_crab_v6_125d_covariance/run_gti_hour.sh.out.79724879.1964
20220331_18,1,3546.69187450781,93658104.0,92546960.0,0.9881361681205931,/home/lhaaso/liushijie/energy/pass5_crab_v6_125d_covariance/run_gti_hour.sh.out.79724879.1965
20220331_19,3,2565.11285884771,69298734.0,66478973.0,0.9593100647408652,/home/lhaaso/liushijie/energy/pass5_crab_v6_125d_covariance/run_gti_hour.sh.out.79724879.1966
20220331_20,4,2667.3955839593,71785511.0,68959333.0,0.9606302447300263,/home/lhaaso/liushijie/energy/pass5_crab_v6_125d_covariance/run_gti_hour.sh.out.79724879.1967
20220331_21,2,3470.72107165586,92947924.0,89269050.0,0.9604200519852385,/home/lhaaso/liushijie/energy/pass5_crab_v6_125d_covariance/run_gti_hour.sh.out.79724879.1968
20220331_22,1,3529.85186199658,91784920.0,90613200.0,0.9872340685158303,/home/lhaaso/liushijie/energy/pass5_crab_v6_125d_covariance/run_gti_hour.sh.out.79724879.1969
20220331_23,1,3584.55534093082,93046484.0,91905845.0,0.9877411918111811,/home/lhaaso/liushijie/energy/pass5_crab_v6_125d_covariance/run_gti_hour.sh.out.79724879.1970
20220401_00,1,3540.85258373525,91867248.0,90687459.0,0.9871576756060005,/home/lhaaso/liushijie/energy/pass5_crab_v6_125d_covariance/run_gti_hour.sh.out.79724879.1971
20220401_01,2,3431.30246191286,91683242.0,88015229.0,0.9599925469476744,/home/lhaaso/liushijie/energy/pass5_crab_v6_125d_covariance/run_gti_hour.sh.out.79724879.1972
20220401_02,1,3559.1229124926,92692915.0,91443624.0,0.9865222600885947,/home/lhaaso/liushijie/energy/pass5_crab_v6_125d_covariance/run_gti_hour.sh.out.79724879.1973
20220401_03,1,3553.83539716713,92663672.0,91435340.0,0.9867441903230427,/home/lhaaso/liushijie/energy/pass5_crab_v6_125d_covariance/run_gti_hour.sh.out.79724879.1974
20220401_04,1,3557.37598284613,92672669.0,91435796.0,0.9866533141502594,/home/lhaaso/liushijie/energy/pass5_crab_v6_125d_covariance/run_gti_hour.sh.out.79724879.1975
20220401_05,1,3568.75917145517,92756525.0,91521709.0,0.9866875564818756,/home/lhaaso/liushijie/energy/pass5_crab_v6_125d_covariance/run_gti_hour.sh.out.79724879.1976
20220401_06,1,3538.22649784852,91587033.0,90342987.0,0.9864167889356128,/home/lhaaso/liushijie/energy/pass5_crab_v6_125d_covariance/run_gti_hour.sh.out.79724879.1977
20220401_07,1,3557.25649797823,91531615.0,90273239.0,0.9862520070251136,/home/lhaaso/liushijie/energy/pass5_crab_v6_125d_covariance/run_gti_hour.sh.out.79724879.1978
20220401_08,1,693.753588432446,91332024.0,17548110.0,0.1921353456483128,/home/lhaaso/liushijie/energy/pass5_crab_v6_125d_covariance/run_gti_hour.sh.out.79724879.1979
20220401_10,1,347.874816739932,91044306.0,8751407.0,0.09612250765028622,/home/lhaaso/liushijie/energy/pass5_crab_v6_125d_covariance/run_gti_hour.sh.out.79724879.1980
20220401_11,1,3558.3170578815,90747205.0,89523788.0,0.986518405718391,/home/lhaaso/liushijie/energy/pass5_crab_v6_125d_covariance/run_gti_hour.sh.out.79724879.1981
20220401_12,2,3459.97079112567,90784211.0,87091735.0,0.9593268922059586,/home/lhaaso/liushijie/energy/pass5_crab_v6_125d_covariance/run_gti_hour.sh.out.79724879.1982
20220401_13,2,3455.04790807609,90662261.0,87023210.0,0.9598614576797285,/home/lhaaso/liushijie/energy/pass5_crab_v6_125d_covariance/run_gti_hour.sh.out.79724879.1983
20220401_14,1,3564.09084659535,90954320.0,89748132.0,0.9867385298466307,/home/lhaaso/liushijie/energy/pass5_crab_v6_125d_covariance/run_gti_hour.sh.out.79724879.1984
20220401_15,1,3514.17658869177,89658751.0,88474292.0,0.9867892538453943,/home/lhaaso/liushijie/energy/pass5_crab_v6_125d_covariance/run_gti_hour.sh.out.79724879.1985
20220401_16,1,3573.36962975096,91004307.0,89827638.0,0.9870701833925288,/home/lhaaso/liushijie/energy/pass5_crab_v6_125d_covariance/run_gti_hour.sh.out.79724879.1986
20220401_17,1,3555.79876285046,90259860.0,89126396.0,0.9874422140694656,/home/lhaaso/liushijie/energy/pass5_crab_v6_125d_covariance/run_gti_hour.sh.out.79724879.1987
20220401_18,1,3540.48101250082,89528833.0,88350694.0,0.9868406751152448,/home/lhaaso/liushijie/energy/pass5_crab_v6_125d_covariance/run_gti_hour.sh.out.79724879.1988
20220401_19,1,3574.77342984639,90080088.0,88862380.0,0.9864819403817634,/home/lhaaso/liushijie/energy/pass5_crab_v6_125d_covariance/run_gti_hour.sh.out.79724879.1989
20220401_20,2,3441.32798840292,88934377.0,85255346.0,0.9586320709257343,/home/lhaaso/liushijie/energy/pass5_crab_v6_125d_covariance/run_gti_hour.sh.out.79724879.1990
20220401_21,1,3557.62637061998,89101794.0,87896079.0,0.9864681175779693,/home/lhaaso/liushijie/energy/pass5_crab_v6_125d_covariance/run_gti_hour.sh.out.79724879.1991
20220401_22,3,2740.42233154178,69610026.0,66873442.0,0.9606869274836932,/home/lhaaso/liushijie/energy/pass5_crab_v6_125d_covariance/run_gti_hour.sh.out.79724879.1992
20220401_23,1,3528.82050694898,88468746.0,86017239.0,0.9722895699233716,/home/lhaaso/liushijie/energy/pass5_crab_v6_125d_covariance/run_gti_hour.sh.out.79724879.1993
20220402_00,1,3522.90991551708,87137954.0,85925133.0,0.9860815988403859,/home/lhaaso/liushijie/energy/pass5_crab_v6_125d_covariance/run_gti_hour.sh.out.79724879.1994
20220402_01,1,3572.45397199877,88377619.0,87153439.0,0.9861483029996543,/home/lhaaso/liushijie/energy/pass5_crab_v6_125d_covariance/run_gti_hour.sh.out.79724879.1995
20220402_02,1,3561.88426658046,87709014.0,87060415.0,0.9926051044194841,/home/lhaaso/liushijie/energy/pass5_crab_v6_125d_covariance/run_gti_hour.sh.out.79724879.1996
20220402_03,2,3453.99560916703,87775125.0,84007180.0,0.9570727469770052,/home/lhaaso/liushijie/energy/pass5_crab_v6_125d_covariance/run_gti_hour.sh.out.79724879.1997
20220402_04,1,3547.87187778857,88327765.0,87062934.0,0.9856802558063141,/home/lhaaso/liushijie/energy/pass5_crab_v6_125d_covariance/run_gti_hour.sh.out.79724879.1998
20220402_05,2,3441.62609581836,88301646.0,84491641.0,0.9568523898184186,/home/lhaaso/liushijie/energy/pass5_crab_v6_125d_covariance/run_gti_hour.sh.out.79724879.1999
20220402_06,1,3553.65551104769,88359427.0,87096799.0,0.9857103192848908,/home/lhaaso/liushijie/energy/pass5_crab_v6_125d_covariance/run_gti_hour.sh.out.79724879.2000
20220402_07,1,3555.87372283917,88323332.0,87072967.0,0.9858433216717866,/home/lhaaso/liushijie/energy/pass5_crab_v6_125d_covariance/run_gti_hour.sh.out.79724879.2001
20220402_08,2,523.400459554978,87927502.0,12804746.0,0.14562845194897042,/home/lhaaso/liushijie/energy/pass5_crab_v6_125d_covariance/run_gti_hour.sh.out.79724879.2002
20220402_10,1,518.312092591077,87075816.0,12653313.0,0.1453137458970238,/home/lhaaso/liushijie/energy/pass5_crab_v6_125d_covariance/run_gti_hour.sh.out.79724879.2003
20220402_11,1,3597.05588291399,89130473.0,87889599.0,0.9860780049938701,/home/lhaaso/liushijie/energy/pass5_crab_v6_125d_covariance/run_gti_hour.sh.out.79724879.2004
20220402_12,1,3527.34204798471,87599008.0,86367218.0,0.9859383110822442,/home/lhaaso/liushijie/energy/pass5_crab_v6_125d_covariance/run_gti_hour.sh.out.79724879.2005
20220402_13,1,3562.60827630758,88678615.0,87466451.0,0.9863308194427709,/home/lhaaso/liushijie/energy/pass5_crab_v6_125d_covariance/run_gti_hour.sh.out.79724879.2006
20220402_14,1,3548.98482877761,88607288.0,87371149.0,0.9860492401031391,/home/lhaaso/liushijie/energy/pass5_crab_v6_125d_covariance/run_gti_hour.sh.out.79724879.2007
20220402_15,1,3537.61020228267,88578685.0,87362402.0,0.986268897534435,/home/lhaaso/liushijie/energy/pass5_crab_v6_125d_covariance/run_gti_hour.sh.out.79724879.2008
20220402_16,1,3541.26165790949,88799622.0,87609636.0,0.9865991997128096,/home/lhaaso/liushijie/energy/pass5_crab_v6_125d_covariance/run_gti_hour.sh.out.79724879.2009
20220402_17,1,3577.66262849327,89468113.0,88330832.0,0.9872884208477718,/home/lhaaso/liushijie/energy/pass5_crab_v6_125d_covariance/run_gti_hour.sh.out.79724879.2010
20220402_18,4,2815.12286681682,72685553.0,69098913.0,0.9506553936516106,/home/lhaaso/liushijie/energy/pass5_crab_v6_125d_covariance/run_gti_hour.sh.out.79724879.2011
20220402_19,1,3559.8137449706,88339169.0,87112459.0,0.986113634372087,/home/lhaaso/liushijie/energy/pass5_crab_v6_125d_covariance/run_gti_hour.sh.out.79724879.2012
20220402_20,1,3520.95745049883,87165496.0,85929744.0,0.9858229224095736,/home/lhaaso/liushijie/energy/pass5_crab_v6_125d_covariance/run_gti_hour.sh.out.79724879.2013
20220402_21,1,3587.28802325204,88560188.0,87336285.0,0.9861799864291164,/home/lhaaso/liushijie/energy/pass5_crab_v6_125d_covariance/run_gti_hour.sh.out.79724879.2014
20220402_22,1,3501.93174839951,86165434.0,84945710.0,0.9858443932401013,/home/lhaaso/liushijie/energy/pass5_crab_v6_125d_covariance/run_gti_hour.sh.out.79724879.2015
20220402_23,1,3600.00078182202,87954081.0,87360834.0,0.9932550372506308,/home/lhaaso/liushijie/energy/pass5_crab_v6_125d_covariance/run_gti_hour.sh.out.79724879.2016
20220403_00,1,3538.7672764482,87846085.0,86010917.0,0.9791092795996543,/home/lhaaso/liushijie/energy/pass5_crab_v6_125d_covariance/run_gti_hour.sh.out.79724879.2017
20220403_01,1,3528.63166455645,87105502.0,85883761.0,0.9859740088519322,/home/lhaaso/liushijie/energy/pass5_crab_v6_125d_covariance/run_gti_hour.sh.out.79724879.2018
20220403_02,1,3571.79477973841,88338520.0,87092807.0,0.9858984166816469,/home/lhaaso/liushijie/energy/pass5_crab_v6_125d_covariance/run_gti_hour.sh.out.79724879.2019
20220403_03,1,3554.99149190728,88272351.0,87023425.0,0.9858514474141512,/home/lhaaso/liushijie/energy/pass5_crab_v6_125d_covariance/run_gti_hour.sh.out.79724879.2020
20220403_04,1,3543.55871784501,88243225.0,86998244.0,0.9858914834538289,/home/lhaaso/liushijie/energy/pass5_crab_v6_125d_covariance/run_gti_hour.sh.out.79724879.2021
20220403_05,1,3525.75521981344,88119641.0,86865932.0,0.9857726497092743,/home/lhaaso/liushijie/energy/pass5_crab_v6_125d_covariance/run_gti_hour.sh.out.79724879.2022
20220403_06,1,3572.87359039765,89329384.0,88075745.0,0.9859661071882013,/home/lhaaso/liushijie/energy/pass5_crab_v6_125d_covariance/run_gti_hour.sh.out.79724879.2023
20220403_07,1,3565.12650030199,88596702.0,87959047.0,0.9928027230629871,/home/lhaaso/liushijie/energy/pass5_crab_v6_125d_covariance/run_gti_hour.sh.out.79724879.2024
20220403_08,1,257.291356776841,88338626.0,5724519.0,0.06480199273192228,/home/lhaaso/liushijie/energy/pass5_crab_v6_125d_covariance/run_gti_hour.sh.out.79724879.2025
20220403_10,1,762.234384007752,87839239.0,18811016.0,0.2141527660548152,/home/lhaaso/liushijie/energy/pass5_crab_v6_125d_covariance/run_gti_hour.sh.out.79724879.2026
20220403_11,1,3583.77477976028,89888261.0,88662371.0,0.986362067901169,/home/lhaaso/liushijie/energy/pass5_crab_v6_125d_covariance/run_gti_hour.sh.out.79724879.2027
20220403_12,1,3552.89037614129,89008786.0,87783360.0,0.9862325276518208,/home/lhaaso/liushijie/energy/pass5_crab_v6_125d_covariance/run_gti_hour.sh.out.79724879.2028
20220403_13,1,3544.42982368637,89071972.0,87836386.0,0.986128228978696,/home/lhaaso/liushijie/energy/pass5_crab_v6_125d_covariance/run_gti_hour.sh.out.79724879.2029
20220403_14,2,3421.41022465657,88962212.0,85246379.0,0.9582313330967984,/home/lhaaso/liushijie/energy/pass5_crab_v6_125d_covariance/run_gti_hour.sh.out.79724879.2030
20220403_15,1,3546.68446532451,90037424.0,88824885.0,0.9865329443454535,/home/lhaaso/liushijie/energy/pass5_crab_v6_125d_covariance/run_gti_hour.sh.out.79724879.2031
20220403_16,1,3551.89657181036,90362162.0,89199121.0,0.9871291149496844,/home/lhaaso/liushijie/energy/pass5_crab_v6_125d_covariance/run_gti_hour.sh.out.79724879.2032
20220403_17,1,3561.68753535021,90671988.0,89550494.0,0.9876313068155074,/home/lhaaso/liushijie/energy/pass5_crab_v6_125d_covariance/run_gti_hour.sh.out.79724879.2033
20220403_18,1,3587.33254247345,91149274.0,89981082.0,0.9871837487153217,/home/lhaaso/liushijie/energy/pass5_crab_v6_125d_covariance/run_gti_hour.sh.out.79724879.2034
20220403_19,1,3553.05739457253,90085806.0,88880338.0,0.9866186688722084,/home/lhaaso/liushijie/energy/pass5_crab_v6_125d_covariance/run_gti_hour.sh.out.79724879.2035
20220403_20,1,3515.45225945301,88901436.0,87686621.0,0.9863352600963611,/home/lhaaso/liushijie/energy/pass5_crab_v6_125d_covariance/run_gti_hour.sh.out.79724879.2036
20220403_21,1,3581.11819275655,90171070.0,88965340.0,0.9866284164089436,/home/lhaaso/liushijie/energy/pass5_crab_v6_125d_covariance/run_gti_hour.sh.out.79724879.2037
20220403_22,1,3548.21130337659,88988876.0,87823663.0,0.9869060825085598,/home/lhaaso/liushijie/energy/pass5_crab_v6_125d_covariance/run_gti_hour.sh.out.79724879.2038
20220403_23,3,3354.87694668118,89081801.0,83120006.0,0.933075050873747,/home/lhaaso/liushijie/energy/pass5_crab_v6_125d_covariance/run_gti_hour.sh.out.79724879.2039
20220404_00,1,3549.27769959904,89021290.0,87813154.0,0.9864286846438644,/home/lhaaso/liushijie/energy/pass5_crab_v6_125d_covariance/run_gti_hour.sh.out.79724879.2040
20220404_01,1,3543.35473647807,88922998.0,87693036.0,0.9861682351285547,/home/lhaaso/liushijie/energy/pass5_crab_v6_125d_covariance/run_gti_hour.sh.out.79724879.2041
20220404_02,1,3579.63256789371,90034443.0,88788227.0,0.9861584527157012,/home/lhaaso/liushijie/energy/pass5_crab_v6_125d_covariance/run_gti_hour.sh.out.79724879.2042
20220404_03,1,3516.49469495751,88631683.0,87391270.0,0.986004857879095,/home/lhaaso/liushijie/energy/pass5_crab_v6_125d_covariance/run_gti_hour.sh.out.79724879.2043
20220404_04,1,3556.35544171091,89744821.0,88495781.0,0.9860823166609246,/home/lhaaso/liushijie/energy/pass5_crab_v6_125d_covariance/run_gti_hour.sh.out.79724879.2044
20220404_05,1,3562.28789922316,89965815.0,88723708.0,0.9861935669676309,/home/lhaaso/liushijie/energy/pass5_crab_v6_125d_covariance/run_gti_hour.sh.out.79724879.2045
20220404_06,1,3574.57128097303,90030781.0,88793699.0,0.986259343901504,/home/lhaaso/liushijie/energy/pass5_crab_v6_125d_covariance/run_gti_hour.sh.out.79724879.2046
20220404_07,1,3531.01868452504,88756866.0,87522054.0,0.9860877016545402,/home/lhaaso/liushijie/energy/pass5_crab_v6_125d_covariance/run_gti_hour.sh.out.79724879.2047
20220404_08,1,2.47307990211993,88626108.0,35861.0,0.00040463245886866657,/home/lhaaso/liushijie/energy/pass5_crab_v6_125d_covariance/run_gti_hour.sh.out.79724879.2048
20220404_10,1,1024.37129637692,87988843.0,25176491.0,0.28613276571894464,/home/lhaaso/liushijie/energy/pass5_crab_v6_125d_covariance/run_gti_hour.sh.out.79724879.2049
20220404_11,1,3575.28714223299,88977131.0,87744971.0,0.9861519472908157,/home/lhaaso/liushijie/energy/pass5_crab_v6_125d_covariance/run_gti_hour.sh.out.79724879.2050
20220404_12,1,3507.03776890878,87410781.0,86176006.0,0.9858738820786878,/home/lhaaso/liushijie/energy/pass5_crab_v6_125d_covariance/run_gti_hour.sh.out.79724879.2051
20220404_13,2,3450.45334752649,88510834.0,84812497.0,0.9582159964733808,/home/lhaaso/liushijie/energy/pass5_crab_v6_125d_covariance/run_gti_hour.sh.out.79724879.2052
20220404_14,1,3591.00694104563,89588206.0,88351812.0,0.9861991432220442,/home/lhaaso/liushijie/energy/pass5_crab_v6_125d_covariance/run_gti_hour.sh.out.79724879.2053
20220404_15,1,3550.4495217232,88550449.0,87341899.0,0.9863518478601955,/home/lhaaso/liushijie/energy/pass5_crab_v6_125d_covariance/run_gti_hour.sh.out.79724879.2054
20220404_16,1,3523.17852387205,87763593.0,86571421.0,0.9864160985296033,/home/lhaaso/liushijie/energy/pass5_crab_v6_125d_covariance/run_gti_hour.sh.out.79724879.2055
20220404_17,2,3473.83134823758,88480533.0,84957591.0,0.9601839875896769,/home/lhaaso/liushijie/energy/pass5_crab_v6_125d_covariance/run_gti_hour.sh.out.79724879.2056
20220404_18,1,3561.73212497961,87897990.0,86713643.0,0.9865258921165319,/home/lhaaso/liushijie/energy/pass5_crab_v6_125d_covariance/run_gti_hour.sh.out.79724879.2057
20220404_19,1,3547.31815417763,87160983.0,85945230.0,0.9860516373478716,/home/lhaaso/liushijie/energy/pass5_crab_v6_125d_covariance/run_gti_hour.sh.out.79724879.2058
20220404_20,1,3510.13170015067,85990550.0,84767212.0,0.9857735762825102,/home/lhaaso/liushijie/energy/pass5_crab_v6_125d_covariance/run_gti_hour.sh.out.79724879.2059
20220404_21,2,3489.67337217182,87542842.0,83868970.0,0.958033439215967,/home/lhaaso/liushijie/energy/pass5_crab_v6_125d_covariance/run_gti_hour.sh.out.79724879.2060
20220404_22,1,3558.83199612144,86336682.0,85160816.0,0.9863804587718579,/home/lhaaso/liushijie/energy/pass5_crab_v6_125d_covariance/run_gti_hour.sh.out.79724879.2061
20220404_23,1,3513.28839759808,85104747.0,83938178.0,0.98629255075513,/home/lhaaso/liushijie/energy/pass5_crab_v6_125d_covariance/run_gti_hour.sh.out.79724879.2062
20220405_00,1,3569.04577848036,86405104.0,85175822.0,0.9857730395185914,/home/lhaaso/liushijie/energy/pass5_crab_v6_125d_covariance/run_gti_hour.sh.out.79724879.2063
20220405_01,1,3563.49854695145,86423849.0,85166151.0,0.9854473271608164,/home/lhaaso/liushijie/energy/pass5_crab_v6_125d_covariance/run_gti_hour.sh.out.79724879.2064
20220405_02,1,3552.59471477475,86374188.0,85104576.0,0.9853010253479894,/home/lhaaso/liushijie/energy/pass5_crab_v6_125d_covariance/run_gti_hour.sh.out.79724879.2065
20220405_03,2,3391.50400485378,85124194.0,81324433.0,0.9553621500369214,/home/lhaaso/liushijie/energy/pass5_crab_v6_125d_covariance/run_gti_hour.sh.out.79724879.2066
20220405_04,1,3594.61597460322,87588652.0,86336764.0,0.9857071895569303,/home/lhaaso/liushijie/energy/pass5_crab_v6_125d_covariance/run_gti_hour.sh.out.79724879.2067
20220405_05,1,3540.3178143315,86289032.0,85036968.0,0.9854898824221368,/home/lhaaso/liushijie/energy/pass5_crab_v6_125d_covariance/run_gti_hour.sh.out.79724879.2068
20220405_06,1,3533.27951955143,86195053.0,84942583.0,0.9854693517039778,/home/lhaaso/liushijie/energy/pass5_crab_v6_125d_covariance/run_gti_hour.sh.out.79724879.2069
20220405_07,1,3380.42299537919,86058103.0,80918877.0,0.9402819046569038,/home/lhaaso/liushijie/energy/pass5_crab_v6_125d_covariance/run_gti_hour.sh.out.79724879.2070
20220405_10,1,1267.38797009457,85835525.0,30306729.0,0.3530790893397576,/home/lhaaso/liushijie/energy/pass5_crab_v6_125d_covariance/run_gti_hour.sh.out.79724879.2071
20220405_11,1,3528.71128278784,85609472.0,84361557.0,0.985423166726224,/home/lhaaso/liushijie/energy/pass5_crab_v6_125d_covariance/run_gti_hour.sh.out.79724879.2072
20220405_12,1,3576.24386292882,86820790.0,85586708.0,0.9857858699511949,/home/lhaaso/liushijie/energy/pass5_crab_v6_125d_covariance/run_gti_hour.sh.out.79724879.2073
20220405_13,1,3554.45677468088,86648563.0,85371402.0,0.985260448000736,/home/lhaaso/liushijie/energy/pass5_crab_v6_125d_covariance/run_gti_hour.sh.out.79724879.2074
20220405_14,1,3551.20744861197,86026381.0,85388180.0,0.9925813338585056,/home/lhaaso/liushijie/energy/pass5_crab_v6_125d_covariance/run_gti_hour.sh.out.79724879.2075
20220405_15,2,3455.30017486308,86422789.0,82758513.0,0.9576005814855153,/home/lhaaso/liushijie/energy/pass5_crab_v6_125d_covariance/run_gti_hour.sh.out.79724879.2076
20220405_16,2,3447.72212994285,87021452.0,83409911.0,0.9584982677604598,/home/lhaaso/liushijie/energy/pass5_crab_v6_125d_covariance/run_gti_hour.sh.out.79724879.2077
20220405_17,1,3575.31861145981,87542020.0,86407313.0,0.9870381446532762,/home/lhaaso/liushijie/energy/pass5_crab_v6_125d_covariance/run_gti_hour.sh.out.79724879.2078
20220405_18,1,3558.37323025335,86940763.0,85729571.0,0.9860687673053893,/home/lhaaso/liushijie/energy/pass5_crab_v6_125d_covariance/run_gti_hour.sh.out.79724879.2079
20220405_19,3,2532.91662116535,65153969.0,60697466.0,0.9316004371122809,/home/lhaaso/liushijie/energy/pass5_crab_v6_125d_covariance/run_gti_hour.sh.out.79724879.2080
20220405_20,2,3459.38881128095,86432046.0,82643798.0,0.9561707934115085,/home/lhaaso/liushijie/energy/pass5_crab_v6_125d_covariance/run_gti_hour.sh.out.79724879.2081
20220405_21,1,3532.99481982831,85282756.0,84052473.0,0.9855740708004324,/home/lhaaso/liushijie/energy/pass5_crab_v6_125d_covariance/run_gti_hour.sh.out.79724879.2082
20220405_22,2,3447.60092950892,85377279.0,81710475.0,0.9570517584660903,/home/lhaaso/liushijie/energy/pass5_crab_v6_125d_covariance/run_gti_hour.sh.out.79724879.2083
20220405_23,2,3447.01262237504,85372051.0,81718114.0,0.9571998451811823,/home/lhaaso/liushijie/energy/pass5_crab_v6_125d_covariance/run_gti_hour.sh.out.79724879.2084
20220406_00,1,3542.25857465062,85378899.0,84149845.0,0.9856047101286701,/home/lhaaso/liushijie/energy/pass5_crab_v6_125d_covariance/run_gti_hour.sh.out.79724879.2085
20220406_01,1,3565.76827852987,85238471.0,83995940.0,0.9854228849318519,/home/lhaaso/liushijie/energy/pass5_crab_v6_125d_covariance/run_gti_hour.sh.out.79724879.2086
20220406_02,3,3334.35977648478,85321671.0,78984468.0,0.9257257514330679,/home/lhaaso/liushijie/energy/pass5_crab_v6_125d_covariance/run_gti_hour.sh.out.79724879.2087
20220406_03,2,3392.06142362673,84162952.0,80374444.0,0.9549860370867219,/home/lhaaso/liushijie/energy/pass5_crab_v6_125d_covariance/run_gti_hour.sh.out.79724879.2088
20220406_04,1,3596.75012868829,86687514.0,85423072.0,0.9854137932713124,/home/lhaaso/liushijie/energy/pass5_crab_v6_125d_covariance/run_gti_hour.sh.out.79724879.2089
20220406_05,1,3531.75766097847,85190374.0,83934844.0,0.9852620672847381,/home/lhaaso/liushijie/energy/pass5_crab_v6_125d_covariance/run_gti_hour.sh.out.79724879.2090
20220406_06,1,3548.91732009128,85331303.0,84084351.0,0.9853869335617669,/home/lhaaso/liushijie/energy/pass5_crab_v6_125d_covariance/run_gti_hour.sh.out.79724879.2091
20220406_07,2,3114.39434755594,85239308.0,73680488.0,0.8643956612130169,/home/lhaaso/liushijie/energy/pass5_crab_v6_125d_covariance/run_gti_hour.sh.out.79724879.2092
20220406_11,2,3129.14007261861,76103434.0,73741134.0,0.9689593507699009,/home/lhaaso/liushijie/energy/pass5_crab_v6_125d_covariance/run_gti_hour.sh.out.79724879.2093
20220406_12,1,3552.36362318974,84972041.0,83728001.0,0.9853594195766111,/home/lhaaso/liushijie/energy/pass5_crab_v6_125d_covariance/run_gti_hour.sh.out.79724879.2094
20220406_13,1,3534.95210087858,84717499.0,83492010.0,0.9855344053534913,/home/lhaaso/liushijie/energy/pass5_crab_v6_125d_covariance/run_gti_hour.sh.out.79724879.2095
20220406_14,3,1818.04074172396,46327424.0,43019686.0,0.9286008650081645,/home/lhaaso/liushijie/energy/pass5_crab_v6_125d_covariance/run_gti_hour.sh.out.79724879.2096
20220406_17,2,1205.04304070491,30185433.0,28452490.0,0.942590089729705,/home/lhaaso/liushijie/energy/pass5_crab_v6_125d_covariance/run_gti_hour.sh.out.79724879.2097
20220406_18,1,3547.75730702095,84254172.0,83644962.0,0.9927693788267244,/home/lhaaso/liushijie/energy/pass5_crab_v6_125d_covariance/run_gti_hour.sh.out.79724879.2098
20220406_19,1,3562.87765412126,84503029.0,83268713.0,0.9853932336555652,/home/lhaaso/liushijie/energy/pass5_crab_v6_125d_covariance/run_gti_hour.sh.out.79724879.2099
20220406_20,1,3542.80998045579,84292787.0,83035990.0,0.9850901002952958,/home/lhaaso/liushijie/energy/pass5_crab_v6_125d_covariance/run_gti_hour.sh.out.79724879.2100
20220406_21,1,3556.78981875535,84346530.0,83108008.0,0.9853162661226254,/home/lhaaso/liushijie/energy/pass5_crab_v6_125d_covariance/run_gti_hour.sh.out.79724879.2101
20220406_22,1,3576.89061246347,84474424.0,83283161.0,0.9858979446844172,/home/lhaaso/liushijie/energy/pass5_crab_v6_125d_covariance/run_gti_hour.sh.out.79724879.2102
20220406_23,1,3532.84977434669,83271285.0,82065430.0,0.9855189577055283,/home/lhaaso/liushijie/energy/pass5_crab_v6_125d_covariance/run_gti_hour.sh.out.79724879.2103
20220407_00,1,3534.2667815974,83337904.0,82092505.0,0.9850560316467762,/home/lhaaso/liushijie/energy/pass5_crab_v6_125d_covariance/run_gti_hour.sh.out.79724879.2104
20220407_01,1,3580.79416388646,83952038.0,83312373.0,0.9923805899744804,/home/lhaaso/liushijie/energy/pass5_crab_v6_125d_covariance/run_gti_hour.sh.out.79724879.2105
20220407_02,1,3568.12366079539,83909123.0,82637288.0,0.9848427089388123,/home/lhaaso/liushijie/energy/pass5_crab_v6_125d_covariance/run_gti_hour.sh.out.79724879.2106
20220407_03,1,3555.83770286757,84484984.0,83207498.0,0.9848791354449449,/home/lhaaso/liushijie/energy/pass5_crab_v6_125d_covariance/run_gti_hour.sh.out.79724879.2107
20220407_04,1,3546.13533269148,84360989.0,83094671.0,0.9849892940444309,/home/lhaaso/liushijie/energy/pass5_crab_v6_125d_covariance/run_gti_hour.sh.out.79724879.2108
20220407_05,1,3535.59590333607,84222314.0,82955379.0,0.984957252539986,/home/lhaaso/liushijie/energy/pass5_crab_v6_125d_covariance/run_gti_hour.sh.out.79724879.2109
20220407_06,1,3535.72785041761,84246467.0,82954922.0,0.984669446138317,/home/lhaaso/liushijie/energy/pass5_crab_v6_125d_covariance/run_gti_hour.sh.out.79724879.2110
20220407_07,1,2983.23152423836,84727002.0,69901040.0,0.8250149108309061,/home/lhaaso/liushijie/energy/pass5_crab_v6_125d_covariance/run_gti_hour.sh.out.79724879.2111
20220407_19,1,3249.99883670826,78739225.0,72576075.0,0.9217270680528035,/home/lhaaso/liushijie/energy/pass5_crab_v6_125d_covariance/run_gti_hour.sh.out.79724879.2112
20220407_20,1,3580.49323449377,86570108.0,85330671.0,0.9856828525615331,/home/lhaaso/liushijie/energy/pass5_crab_v6_125d_covariance/run_gti_hour.sh.out.79724879.2113
20220407_21,1,3539.41606592853,85376699.0,84148753.0,0.9856173169684155,/home/lhaaso/liushijie/energy/pass5_crab_v6_125d_covariance/run_gti_hour.sh.out.79724879.2114
20220407_22,2,3446.80303854402,85474922.0,81870502.0,0.957830672252617,/home/lhaaso/liushijie/energy/pass5_crab_v6_125d_covariance/run_gti_hour.sh.out.79724879.2115
20220407_23,2,3441.28303981852,85495753.0,81831589.0,0.9571421518446653,/home/lhaaso/liushijie/energy/pass5_crab_v6_125d_covariance/run_gti_hour.sh.out.79724879.2116
20220408_00,1,3535.77206349,85438719.0,84219205.0,0.9857264479819741,/home/lhaaso/liushijie/energy/pass5_crab_v6_125d_covariance/run_gti_hour.sh.out.79724879.2117
20220408_01,1,3576.06794165913,86647068.0,85400652.0,0.9856150239267184,/home/lhaaso/liushijie/energy/pass5_crab_v6_125d_covariance/run_gti_hour.sh.out.79724879.2118
20220408_02,1,3559.31340130046,86563864.0,85312912.0,0.9855487966664704,/home/lhaaso/liushijie/energy/pass5_crab_v6_125d_covariance/run_gti_hour.sh.out.79724879.2119
20220408_03,1,3544.01390987914,86441741.0,85172579.0,0.9853177182074572,/home/lhaaso/liushijie/energy/pass5_crab_v6_125d_covariance/run_gti_hour.sh.out.79724879.2120
20220408_04,1,3528.67552370299,86364483.0,85104539.0,0.9854113177519976,/home/lhaaso/liushijie/energy/pass5_crab_v6_125d_covariance/run_gti_hour.sh.out.79724879.2121
20220408_05,2,3473.26431374531,87665258.0,83895322.0,0.9569962367532187,/home/lhaaso/liushijie/energy/pass5_crab_v6_125d_covariance/run_gti_hour.sh.out.79724879.2122
20220408_06,1,3524.97827459592,86380768.0,85123153.0,0.985441030114481,/home/lhaaso/liushijie/energy/pass5_crab_v6_125d_covariance/run_gti_hour.sh.out.79724879.2123
20220408_07,2,2511.21193037834,83504118.0,60572687.0,0.7253856270896724,/home/lhaaso/liushijie/energy/pass5_crab_v6_125d_covariance/run_gti_hour.sh.out.79724879.2124
20220408_16,3,2381.67528512422,62516335.0,37398357.0,0.5982173619102912,/home/lhaaso/liushijie/energy/pass5_crab_v6_125d_covariance/run_gti_hour.sh.out.79724879.2125
20220408_17,1,3558.90392102301,87464727.0,86295244.0,0.986629089918728,/home/lhaaso/liushijie/energy/pass5_crab_v6_125d_covariance/run_gti_hour.sh.out.79724879.2126
20220408_18,1,3514.16212739423,86399367.0,85175286.0,0.9858322920351951,/home/lhaaso/liushijie/energy/pass5_crab_v6_125d_covariance/run_gti_hour.sh.out.79724879.2127
20220408_19,1,3582.47992282268,87942185.0,86691257.0,0.9857755637979657,/home/lhaaso/liushijie/energy/pass5_crab_v6_125d_covariance/run_gti_hour.sh.out.79724879.2128
20220408_20,2,3438.64178792574,86844736.0,83041265.0,0.9562037818849493,/home/lhaaso/liushijie/energy/pass5_crab_v6_125d_covariance/run_gti_hour.sh.out.79724879.2129
20220408_21,2,3405.13485905249,85747968.0,81968376.0,0.9559220808591056,/home/lhaaso/liushijie/energy/pass5_crab_v6_125d_covariance/run_gti_hour.sh.out.79724879.2130
20220408_22,1,3582.44921236765,87159948.0,85979728.0,0.9864591474974262,/home/lhaaso/liushijie/energy/pass5_crab_v6_125d_covariance/run_gti_hour.sh.out.79724879.2131
20220408_23,1,3540.20757994149,86000823.0,84784413.0,0.9858558330308071,/home/lhaaso/liushijie/energy/pass5_crab_v6_125d_covariance/run_gti_hour.sh.out.79724879.2132
20220409_00,1,3547.00538744219,86027988.0,84774060.0,0.9854241854406731,/home/lhaaso/liushijie/energy/pass5_crab_v6_125d_covariance/run_gti_hour.sh.out.79724879.2133
20220409_01,1,3542.49939951114,85975516.0,84707470.0,0.9852510800865679,/home/lhaaso/liushijie/energy/pass5_crab_v6_125d_covariance/run_gti_hour.sh.out.79724879.2134
20220409_02,1,3577.80904315878,87185516.0,85916485.0,0.9854444745156983,/home/lhaaso/liushijie/energy/pass5_crab_v6_125d_covariance/run_gti_hour.sh.out.79724879.2135
20220409_03,1,3515.44928911608,85843287.0,84583447.0,0.9853239543355323,/home/lhaaso/liushijie/energy/pass5_crab_v6_125d_covariance/run_gti_hour.sh.out.79724879.2136
20220409_04,1,3560.32843426801,87084834.0,85831850.0,0.9856119149288383,/home/lhaaso/liushijie/energy/pass5_crab_v6_125d_covariance/run_gti_hour.sh.out.79724879.2137
20220409_05,1,3561.37059442699,87105493.0,85870430.0,0.9858210664165576,/home/lhaaso/liushijie/energy/pass5_crab_v6_125d_covariance/run_gti_hour.sh.out.79724879.2138
20220409_06,1,3563.38582942262,86497441.0,85808731.0,0.9920377991298032,/home/lhaaso/liushijie/energy/pass5_crab_v6_125d_covariance/run_gti_hour.sh.out.79724879.2139
20220409_07,1,2493.40451401658,86560927.0,59294687.0,0.6850052218133015,/home/lhaaso/liushijie/energy/pass5_crab_v6_125d_covariance/run_gti_hour.sh.out.79724879.2140
20220409_10,1,2258.4447003901,86231766.0,54010136.0,0.62633688842694,/home/lhaaso/liushijie/energy/pass5_crab_v6_125d_covariance/run_gti_hour.sh.out.79724879.2141
20220409_11,1,3550.52751428448,86045654.0,84795837.0,0.9854749549582132,/home/lhaaso/liushijie/energy/pass5_crab_v6_125d_covariance/run_gti_hour.sh.out.79724879.2142
20220409_12,1,3533.83907948155,85816399.0,84528997.0,0.9849981819908337,/home/lhaaso/liushijie/energy/pass5_crab_v6_125d_covariance/run_gti_hour.sh.out.79724879.2143
20220409_13,1,3561.15805660374,86782770.0,85527392.0,0.9855342483306306,/home/lhaaso/liushijie/energy/pass5_crab_v6_125d_covariance/run_gti_hour.sh.out.79724879.2144
20220409_14,1,3539.7518296726,86624853.0,85391527.0,0.9857624462577732,/home/lhaaso/liushijie/energy/pass5_crab_v6_125d_covariance/run_gti_hour.sh.out.79724879.2145
20220409_15,1,3568.39127966668,87744441.0,86524896.0,0.9861011707852808,/home/lhaaso/liushijie/energy/pass5_crab_v6_125d_covariance/run_gti_hour.sh.out.79724879.2146
20220409_16,1,3528.26954056509,86942585.0,85761439.0,0.986414643640973,/home/lhaaso/liushijie/energy/pass5_crab_v6_125d_covariance/run_gti_hour.sh.out.79724879.2147
20220409_17,1,3578.70719321072,88323064.0,87169270.0,0.986936662432816,/home/lhaaso/liushijie/energy/pass5_crab_v6_125d_covariance/run_gti_hour.sh.out.79724879.2148
20220409_18,1,3548.60994396731,87482376.0,86271434.0,0.9861578748158372,/home/lhaaso/liushijie/energy/pass5_crab_v6_125d_covariance/run_gti_hour.sh.out.79724879.2149
20220409_19,2,3425.12861753348,86620474.0,82905401.0,0.9571109135237473,/home/lhaaso/liushijie/energy/pass5_crab_v6_125d_covariance/run_gti_hour.sh.out.79724879.2150
20220409_20,1,3552.41031751502,86855399.0,85617960.0,0.9857528833642224,/home/lhaaso/liushijie/energy/pass5_crab_v6_125d_covariance/run_gti_hour.sh.out.79724879.2151
20220409_21,1,3573.23559431825,86959678.0,85745131.0,0.9860332164523424,/home/lhaaso/liushijie/energy/pass5_crab_v6_125d_covariance/run_gti_hour.sh.out.79724879.2152
20220409_22,1,3535.01893251669,85784127.0,84606033.0,0.98626676004991,/home/lhaaso/liushijie/energy/pass5_crab_v6_125d_covariance/run_gti_hour.sh.out.79724879.2153
20220409_23,1,3534.85966902226,85848124.0,84599848.0,0.9854594842398653,/home/lhaaso/liushijie/energy/pass5_crab_v6_125d_covariance/run_gti_hour.sh.out.79724879.2154
20220410_00,1,3535.69093651604,85845419.0,84638733.0,0.9859435015396687,/home/lhaaso/liushijie/energy/pass5_crab_v6_125d_covariance/run_gti_hour.sh.out.79724879.2155
20220410_01,2,3472.46834579855,86992505.0,83284926.0,0.9573804777779419,/home/lhaaso/liushijie/energy/pass5_crab_v6_125d_covariance/run_gti_hour.sh.out.79724879.2156
20220410_02,2,3459.52162777539,86900028.0,83189966.0,0.957306550004794,/home/lhaaso/liushijie/energy/pass5_crab_v6_125d_covariance/run_gti_hour.sh.out.79724879.2157
20220410_03,1,3552.33749868348,86837975.0,85627136.0,0.9860563422857339,/home/lhaaso/liushijie/energy/pass5_crab_v6_125d_covariance/run_gti_hour.sh.out.79724879.2158
20220410_04,1,3545.28859744314,86806720.0,85603650.0,0.9861408195125907,/home/lhaaso/liushijie/energy/pass5_crab_v6_125d_covariance/run_gti_hour.sh.out.79724879.2159
20220410_05,2,3489.39694224391,86878480.0,84217040.0,0.9693659465497094,/home/lhaaso/liushijie/energy/pass5_crab_v6_125d_covariance/run_gti_hour.sh.out.79724879.2160
20220410_06,1,3556.59158946946,86837613.0,85649858.0,0.9863221136674957,/home/lhaaso/liushijie/energy/pass5_crab_v6_125d_covariance/run_gti_hour.sh.out.79724879.2161
20220410_07,1,2216.79034035187,86777941.0,53229035.0,0.6133936157807662,/home/lhaaso/liushijie/energy/pass5_crab_v6_125d_covariance/run_gti_hour.sh.out.79724879.2162
20220410_10,1,2551.95332828443,86471654.0,61228373.0,0.7080744980314589,/home/lhaaso/liushijie/energy/pass5_crab_v6_125d_covariance/run_gti_hour.sh.out.79724879.2163
20220410_11,1,3537.24951914046,86397478.0,84744831.0,0.9808715828487493,/home/lhaaso/liushijie/energy/pass5_crab_v6_125d_covariance/run_gti_hour.sh.out.79724879.2164
20220410_12,1,3563.16033464391,86117858.0,85342806.0,0.9910001012798065,/home/lhaaso/liushijie/energy/pass5_crab_v6_125d_covariance/run_gti_hour.sh.out.79724879.2165
20220410_13,1,3589.47022072971,86540334.0,85777580.0,0.9911861444861075,/home/lhaaso/liushijie/energy/pass5_crab_v6_125d_covariance/run_gti_hour.sh.out.79724879.2166
20220410_14,1,3589.19793104287,87076591.0,85983876.0,0.9874511049703358,/home/lhaaso/liushijie/energy/pass5_crab_v6_125d_covariance/run_gti_hour.sh.out.79724879.2167
20220410_15,1,3566.4241785882,86830469.0,86084741.0,0.9914116783130585,/home/lhaaso/liushijie/energy/pass5_crab_v6_125d_covariance/run_gti_hour.sh.out.79724879.2168
20220410_16,1,3590.68853538483,87505587.0,86478664.0,0.9882644864721609,/home/lhaaso/liushijie/energy/pass5_crab_v6_125d_covariance/run_gti_hour.sh.out.79724879.2169
20220410_17,1,3562.03524833545,87217504.0,86212300.0,0.988474744702623,/home/lhaaso/liushijie/energy/pass5_crab_v6_125d_covariance/run_gti_hour.sh.out.79724879.2170
20220410_18,1,3558.45661405474,86840374.0,86082792.0,0.9912761545683808,/home/lhaaso/liushijie/energy/pass5_crab_v6_125d_covariance/run_gti_hour.sh.out.79724879.2171
20220410_19,1,3577.44794825558,87218077.0,86130436.0,0.9875296379212763,/home/lhaaso/liushijie/energy/pass5_crab_v6_125d_covariance/run_gti_hour.sh.out.79724879.2172
20220410_20,2,3480.72922183201,86684006.0,84020413.0,0.969272382266228,/home/lhaaso/liushijie/energy/pass5_crab_v6_125d_covariance/run_gti_hour.sh.out.79724879.2173
20220410_21,1,3599.06745795161,87450789.0,86700161.0,0.9914165668648227,/home/lhaaso/liushijie/energy/pass5_crab_v6_125d_covariance/run_gti_hour.sh.out.79724879.2174
20220410_22,1,3558.54641315527,86250641.0,85217323.0,0.9880195904862898,/home/lhaaso/liushijie/energy/pass5_crab_v6_125d_covariance/run_gti_hour.sh.out.79724879.2175
20220410_23,1,3564.11477148067,86849024.0,85798282.0,0.9879015105569868,/home/lhaaso/liushijie/energy/pass5_crab_v6_125d_covariance/run_gti_hour.sh.out.79724879.2176
20220411_00,1,3560.83518695086,86879336.0,85797657.0,0.9875496401123508,/home/lhaaso/liushijie/energy/pass5_crab_v6_125d_covariance/run_gti_hour.sh.out.79724879.2177
20220411_01,1,3559.91225957405,86914770.0,85826035.0,0.9874735329794925,/home/lhaaso/liushijie/energy/pass5_crab_v6_125d_covariance/run_gti_hour.sh.out.79724879.2178
20220411_02,2,3517.83695030026,87530340.0,85041892.0,0.9715704520284052,/home/lhaaso/liushijie/energy/pass5_crab_v6_125d_covariance/run_gti_hour.sh.out.79724879.2179
20220411_03,1,3568.20360152051,87422475.0,86319710.0,0.9873857952431568,/home/lhaaso/liushijie/energy/pass5_crab_v6_125d_covariance/run_gti_hour.sh.out.79724879.2180
20220411_04,1,3563.73237187508,87930330.0,86839624.0,0.9875957931694331,/home/lhaaso/liushijie/energy/pass5_crab_v6_125d_covariance/run_gti_hour.sh.out.79724879.2181
20220411_05,1,3561.65750257205,87943517.0,86861939.0,0.9877014470549319,/home/lhaaso/liushijie/energy/pass5_crab_v6_125d_covariance/run_gti_hour.sh.out.79724879.2182
20220411_06,1,3563.01479567774,87954938.0,86857680.0,0.9875247709230379,/home/lhaaso/liushijie/energy/pass5_crab_v6_125d_covariance/run_gti_hour.sh.out.79724879.2183
20220411_07,1,2024.61310685612,88453084.0,49319640.0,0.5575796543170841,/home/lhaaso/liushijie/energy/pass5_crab_v6_125d_covariance/run_gti_hour.sh.out.79724879.2184
20220411_10,3,2658.44559730031,87610472.0,64852377.0,0.7402354481094452,/home/lhaaso/liushijie/energy/pass5_crab_v6_125d_covariance/run_gti_hour.sh.out.79724879.2185
20220411_11,1,3563.08395329397,87604692.0,86511506.0,0.9875213761381639,/home/lhaaso/liushijie/energy/pass5_crab_v6_125d_covariance/run_gti_hour.sh.out.79724879.2186
20220411_12,3,3426.45774744451,87971957.0,83656701.0,0.9509473683755836,/home/lhaaso/liushijie/energy/pass5_crab_v6_125d_covariance/run_gti_hour.sh.out.79724879.2187
20220411_13,1,3583.13381625339,88985386.0,87904486.0,0.9878530616251976,/home/lhaaso/liushijie/energy/pass5_crab_v6_125d_covariance/run_gti_hour.sh.out.79724879.2188
20220411_14,1,3539.83640538063,87820909.0,86742783.0,0.9877235841409931,/home/lhaaso/liushijie/energy/pass5_crab_v6_125d_covariance/run_gti_hour.sh.out.79724879.2189
20220411_15,1,3578.11714850832,89011389.0,87924605.0,0.9877905062238721,/home/lhaaso/liushijie/energy/pass5_crab_v6_125d_covariance/run_gti_hour.sh.out.79724879.2190
20220411_16,1,3579.87644858658,89253451.0,88232819.0,0.9885647895004083,/home/lhaaso/liushijie/energy/pass5_crab_v6_125d_covariance/run_gti_hour.sh.out.79724879.2191
20220411_17,1,3543.93467323389,88311277.0,87265764.0,0.9881610476541971,/home/lhaaso/liushijie/energy/pass5_crab_v6_125d_covariance/run_gti_hour.sh.out.79724879.2192
20220411_18,1,3567.51307267696,88738019.0,87637272.0,0.9875955423345657,/home/lhaaso/liushijie/energy/pass5_crab_v6_125d_covariance/run_gti_hour.sh.out.79724879.2193
20220411_19,1,3546.15756401327,87672851.0,86552056.0,0.9872161679788422,/home/lhaaso/liushijie/energy/pass5_crab_v6_125d_covariance/run_gti_hour.sh.out.79724879.2194
20220411_20,1,3570.89416540693,87890593.0,86797892.0,0.9875674863179044,/home/lhaaso/liushijie/energy/pass5_crab_v6_125d_covariance/run_gti_hour.sh.out.79724879.2195
20220411_21,1,3579.86236573197,87402382.0,86635520.0,0.991226074364884,/home/lhaaso/liushijie/energy/pass5_crab_v6_125d_covariance/run_gti_hour.sh.out.79724879.2196
20220411_22,1,3579.59048843477,86849886.0,86123605.0,0.9916375134908064,/home/lhaaso/liushijie/energy/pass5_crab_v6_125d_covariance/run_gti_hour.sh.out.79724879.2197
20220411_23,1,3589.89855588879,87490121.0,86439145.0,0.9879874894675251,/home/lhaaso/liushijie/energy/pass5_crab_v6_125d_covariance/run_gti_hour.sh.out.79724879.2198
20220412_00,1,3544.15812869556,86800556.0,85715547.0,0.9874999763826398,/home/lhaaso/liushijie/energy/pass5_crab_v6_125d_covariance/run_gti_hour.sh.out.79724879.2199
20220412_01,1,3583.52986369282,88000165.0,86906787.0,0.9875752732963625,/home/lhaaso/liushijie/energy/pass5_crab_v6_125d_covariance/run_gti_hour.sh.out.79724879.2200
20220412_02,1,3556.30817657802,87284736.0,86483797.0,0.9908238365984174,/home/lhaaso/liushijie/energy/pass5_crab_v6_125d_covariance/run_gti_hour.sh.out.79724879.2201
20220412_03,2,3525.1798985526,88377202.0,85653653.0,0.969182674509202,/home/lhaaso/liushijie/energy/pass5_crab_v6_125d_covariance/run_gti_hour.sh.out.79724879.2202
20220412_04,1,3557.72978989407,87796710.0,86701409.0,0.9875245780849875,/home/lhaaso/liushijie/energy/pass5_crab_v6_125d_covariance/run_gti_hour.sh.out.79724879.2203
20220412_05,1,3560.70880272891,87865291.0,86760003.0,0.9874206528263817,/home/lhaaso/liushijie/energy/pass5_crab_v6_125d_covariance/run_gti_hour.sh.out.79724879.2204
20220412_06,2,3498.79080725368,87911474.0,85185497.0,0.968991795086953,/home/lhaaso/liushijie/energy/pass5_crab_v6_125d_covariance/run_gti_hour.sh.out.79724879.2205
20220412_07,1,1712.73097610101,87239438.0,41526499.0,0.476006035252084,/home/lhaaso/liushijie/energy/pass5_crab_v6_125d_covariance/run_gti_hour.sh.out.79724879.2206
20220412_10,3,2444.48632292915,78674178.0,59219421.0,0.752717378248299,/home/lhaaso/liushijie/energy/pass5_crab_v6_125d_covariance/run_gti_hour.sh.out.79724879.2207
20220412_11,1,3505.44497491792,85990682.0,84719119.0,0.9852127815430048,/home/lhaaso/liushijie/energy/pass5_crab_v6_125d_covariance/run_gti_hour.sh.out.79724879.2208
20220412_12,1,3551.19022380095,87199312.0,85938850.0,0.9855450465022018,/home/lhaaso/liushijie/energy/pass5_crab_v6_125d_covariance/run_gti_hour.sh.out.79724879.2209
20220412_13,1,3579.31377436034,88202747.0,86942169.0,0.9857081775468965,/home/lhaaso/liushijie/energy/pass5_crab_v6_125d_covariance/run_gti_hour.sh.out.79724879.2210
20220412_14,1,3517.85259030294,86817093.0,85580491.0,0.9857562381177633,/home/lhaaso/liushijie/energy/pass5_crab_v6_125d_covariance/run_gti_hour.sh.out.79724879.2211
20220412_15,1,3585.7751140371,88966198.0,87765665.0,0.9865057400789455,/home/lhaaso/liushijie/energy/pass5_crab_v6_125d_covariance/run_gti_hour.sh.out.79724879.2212
20220412_16,1,3528.47878932953,87772259.0,86600391.0,0.9866487656424566,/home/lhaaso/liushijie/energy/pass5_crab_v6_125d_covariance/run_gti_hour.sh.out.79724879.2213
20220412_17,1,3550.29383520596,88270927.0,87119609.0,0.9869569966111266,/home/lhaaso/liushijie/energy/pass5_crab_v6_125d_covariance/run_gti_hour.sh.out.79724879.2214
20220412_18,2,3459.89522701129,88535988.0,84914218.0,0.9590926799167814,/home/lhaaso/liushijie/energy/pass5_crab_v6_125d_covariance/run_gti_hour.sh.out.79724879.2215
20220412_19,2,3481.46364188287,88876311.0,85141027.0,0.9579721080007473,/home/lhaaso/liushijie/energy/pass5_crab_v6_125d_covariance/run_gti_hour.sh.out.79724879.2216
20220412_20,1,3538.12644684222,87648882.0,86406572.0,0.9858262881208228,/home/lhaaso/liushijie/energy/pass5_crab_v6_125d_covariance/run_gti_hour.sh.out.79724879.2217
20220412_21,1,3512.4689680757,86582292.0,85365256.0,0.985943592253252,/home/lhaaso/liushijie/energy/pass5_crab_v6_125d_covariance/run_gti_hour.sh.out.79724879.2218
20220412_22,1,3589.91019269451,88037184.0,86861485.0,0.9866454270050256,/home/lhaaso/liushijie/energy/pass5_crab_v6_125d_covariance/run_gti_hour.sh.out.79724879.2219
20220412_23,1,3535.89454258326,86716628.0,85507994.0,0.9860622578636244,/home/lhaaso/liushijie/energy/pass5_crab_v6_125d_covariance/run_gti_hour.sh.out.79724879.2220
20220413_00,1,3532.81031569932,86698769.0,85463941.0,0.9857572602905124,/home/lhaaso/liushijie/energy/pass5_crab_v6_125d_covariance/run_gti_hour.sh.out.79724879.2221
20220413_01,1,3582.87477206904,88036901.0,86781268.0,0.9857374239013706,/home/lhaaso/liushijie/energy/pass5_crab_v6_125d_covariance/run_gti_hour.sh.out.79724879.2222
20220413_02,1,3520.33186925109,86694926.0,85428021.0,0.9853866303548146,/home/lhaaso/liushijie/energy/pass5_crab_v6_125d_covariance/run_gti_hour.sh.out.79724879.2223
20220413_03,1,3560.83908013534,87947289.0,86627807.0,0.9849968996770326,/home/lhaaso/liushijie/energy/pass5_crab_v6_125d_covariance/run_gti_hour.sh.out.79724879.2224
20220413_04,1,3551.41623029485,87840259.0,86577904.0,0.9856289699692257,/home/lhaaso/liushijie/energy/pass5_crab_v6_125d_covariance/run_gti_hour.sh.out.79724879.2225
20220413_05,1,3541.21406965423,87762755.0,86503625.0,0.9856530255915508,/home/lhaaso/liushijie/energy/pass5_crab_v6_125d_covariance/run_gti_hour.sh.out.79724879.2226
20220413_06,1,3538.98859075271,87726660.0,86456552.0,0.9855219838530271,/home/lhaaso/liushijie/energy/pass5_crab_v6_125d_covariance/run_gti_hour.sh.out.79724879.2227
20220413_07,1,1531.5365052782,88821521.0,37389671.0,0.420952834167296,/home/lhaaso/liushijie/energy/pass5_crab_v6_125d_covariance/run_gti_hour.sh.out.79724879.2228
20220413_10,1,3157.08389484789,86880154.0,76674960.0,0.8825371096833,/home/lhaaso/liushijie/energy/pass5_crab_v6_125d_covariance/run_gti_hour.sh.out.79724879.2229
20220413_11,1,3572.84287554212,87454773.0,86817644.0,0.9927147601194963,/home/lhaaso/liushijie/energy/pass5_crab_v6_125d_covariance/run_gti_hour.sh.out.79724879.2230
20220413_12,1,3559.93790191133,87378636.0,86125362.0,0.9856569745492479,/home/lhaaso/liushijie/energy/pass5_crab_v6_125d_covariance/run_gti_hour.sh.out.79724879.2231
20220413_13,1,3583.23058134411,89063616.0,87815449.0,0.9859856689402775,/home/lhaaso/liushijie/energy/pass5_crab_v6_125d_covariance/run_gti_hour.sh.out.79724879.2232
20220413_14,1,3508.25539017096,87638689.0,86411718.0,0.9859996650566053,/home/lhaaso/liushijie/energy/pass5_crab_v6_125d_covariance/run_gti_hour.sh.out.79724879.2233
20220413_15,1,3567.31571280397,89706292.0,88501896.0,0.9865740075400731,/home/lhaaso/liushijie/energy/pass5_crab_v6_125d_covariance/run_gti_hour.sh.out.79724879.2234
20220413_16,1,3545.66281274892,89732760.0,88573466.0,0.9870805935312811,/home/lhaaso/liushijie/energy/pass5_crab_v6_125d_covariance/run_gti_hour.sh.out.79724879.2235
20220413_17,1,3593.89002551325,90691545.0,90103735.0,0.9935185799293639,/home/lhaaso/liushijie/energy/pass5_crab_v6_125d_covariance/run_gti_hour.sh.out.79724879.2236
20220413_18,1,3582.16757727787,90699564.0,89478813.0,0.9865407181009161,/home/lhaaso/liushijie/energy/pass5_crab_v6_125d_covariance/run_gti_hour.sh.out.79724879.2237
20220413_19,1,3546.40688560903,90325938.0,89100370.0,0.9864317157713879,/home/lhaaso/liushijie/energy/pass5_crab_v6_125d_covariance/run_gti_hour.sh.out.79724879.2238
20220413_20,1,3563.44951910432,90495559.0,89287154.0,0.9866468032978282,/home/lhaaso/liushijie/energy/pass5_crab_v6_125d_covariance/run_gti_hour.sh.out.79724879.2239
20220413_21,1,3543.17045803182,89414535.0,88228810.0,0.9867390128461776,/home/lhaaso/liushijie/energy/pass5_crab_v6_125d_covariance/run_gti_hour.sh.out.79724879.2240
20220413_22,1,3533.79840063863,89349762.0,88195380.0,0.9870801894245672,/home/lhaaso/liushijie/energy/pass5_crab_v6_125d_covariance/run_gti_hour.sh.out.79724879.2241
20220413_23,1,3571.17328969762,90577609.0,89390045.0,0.9868889893086049,/home/lhaaso/liushijie/energy/pass5_crab_v6_125d_covariance/run_gti_hour.sh.out.79724879.2242
20220414_00,1,3535.31060200185,89482660.0,88266878.0,0.9864132112299746,/home/lhaaso/liushijie/energy/pass5_crab_v6_125d_covariance/run_gti_hour.sh.out.79724879.2243
20220414_01,1,3575.89028093498,90713059.0,89481514.0,0.9864237297961697,/home/lhaaso/liushijie/energy/pass5_crab_v6_125d_covariance/run_gti_hour.sh.out.79724879.2244
20220414_02,1,3564.82819423545,90585754.0,89342521.0,0.9862756234274983,/home/lhaaso/liushijie/energy/pass5_crab_v6_125d_covariance/run_gti_hour.sh.out.79724879.2245
20220414_03,1,3507.97183960676,89323512.0,88064973.0,0.9859103278429088,/home/lhaaso/liushijie/energy/pass5_crab_v6_125d_covariance/run_gti_hour.sh.out.79724879.2246
20220414_04,2,3450.31575208995,90500587.0,86719676.0,0.9582222488788941,/home/lhaaso/liushijie/energy/pass5_crab_v6_125d_covariance/run_gti_hour.sh.out.79724879.2247
20220414_05,1,3549.85981523059,90466798.0,89223621.0,0.9862581960732157,/home/lhaaso/liushijie/energy/pass5_crab_v6_125d_covariance/run_gti_hour.sh.out.79724879.2248
20220414_06,1,3553.90932240989,90529705.0,89292284.0,0.9863313262757235,/home/lhaaso/liushijie/energy/pass5_crab_v6_125d_covariance/run_gti_hour.sh.out.79724879.2249
20220414_07,2,1325.82766518462,90685042.0,33212903.0,0.36624455662710065,/home/lhaaso/liushijie/energy/pass5_crab_v6_125d_covariance/run_gti_hour.sh.out.79724879.2250
20220414_10,1,3421.47485730238,90249599.0,85291339.0,0.9450605869174,/home/lhaaso/liushijie/energy/pass5_crab_v6_125d_covariance/run_gti_hour.sh.out.79724879.2251
20220414_11,1,3517.12967441417,88879213.0,87682414.0,0.9865345454847806,/home/lhaaso/liushijie/energy/pass5_crab_v6_125d_covariance/run_gti_hour.sh.out.79724879.2252
20220414_12,1,3589.19036847074,91145389.0,89958726.0,0.9869805481876872,/home/lhaaso/liushijie/energy/pass5_crab_v6_125d_covariance/run_gti_hour.sh.out.79724879.2253
20220414_13,1,3558.93687321804,90987081.0,89821591.0,0.9871905990697735,/home/lhaaso/liushijie/energy/pass5_crab_v6_125d_covariance/run_gti_hour.sh.out.79724879.2254
20220414_14,1,3565.21144250873,91207680.0,90062934.0,0.987449017451162,/home/lhaaso/liushijie/energy/pass5_crab_v6_125d_covariance/run_gti_hour.sh.out.79724879.2255
20220414_15,1,3524.64986597188,90765019.0,89630171.0,0.9874968571317106,/home/lhaaso/liushijie/energy/pass5_crab_v6_125d_covariance/run_gti_hour.sh.out.79724879.2256
20220414_16,1,3559.7924754722,92074095.0,90975322.0,0.9880664262841791,/home/lhaaso/liushijie/energy/pass5_crab_v6_125d_covariance/run_gti_hour.sh.out.79724879.2257
20220414_17,1,3592.69882107619,92643381.0,92022821.0,0.9933016261571888,/home/lhaaso/liushijie/energy/pass5_crab_v6_125d_covariance/run_gti_hour.sh.out.79724879.2258
20220414_18,2,3508.10315930285,92721830.0,89323955.0,0.9633540990293225,/home/lhaaso/liushijie/energy/pass5_crab_v6_125d_covariance/run_gti_hour.sh.out.79724879.2259
20220414_19,1,3524.64896386955,91139388.0,89994011.0,0.9874326893658755,/home/lhaaso/liushijie/energy/pass5_crab_v6_125d_covariance/run_gti_hour.sh.out.79724879.2260
20220414_20,1,3587.17081029899,92534778.0,91394572.0,0.9876780814236135,/home/lhaaso/liushijie/energy/pass5_crab_v6_125d_covariance/run_gti_hour.sh.out.79724879.2261
20220414_21,2,3472.22714878153,91434618.0,88044771.0,0.9629260003032987,/home/lhaaso/liushijie/energy/pass5_crab_v6_125d_covariance/run_gti_hour.sh.out.79724879.2262
20220414_22,1,3524.97819098644,90249894.0,89152540.0,0.9878409386275844,/home/lhaaso/liushijie/energy/pass5_crab_v6_125d_covariance/run_gti_hour.sh.out.79724879.2263
20220414_23,1,3577.63236500323,91491267.0,90358631.0,0.9876202829282056,/home/lhaaso/liushijie/energy/pass5_crab_v6_125d_covariance/run_gti_hour.sh.out.79724879.2264
20220415_00,1,3575.79337377101,91473418.0,90311035.0,0.9872926690024855,/home/lhaaso/liushijie/energy/pass5_crab_v6_125d_covariance/run_gti_hour.sh.out.79724879.2265
20220415_01,1,3517.03683645464,90212201.0,89027408.0,0.9868665991200015,/home/lhaaso/liushijie/energy/pass5_crab_v6_125d_covariance/run_gti_hour.sh.out.79724879.2266
20220415_02,1,3595.47604084946,92582354.0,91394943.0,0.9871745430020066,/home/lhaaso/liushijie/energy/pass5_crab_v6_125d_covariance/run_gti_hour.sh.out.79724879.2267
20220415_03,1,3546.42688587774,91419420.0,90230056.0,0.9869900290332185,/home/lhaaso/liushijie/energy/pass5_crab_v6_125d_covariance/run_gti_hour.sh.out.79724879.2268
20220415_04,1,3545.54955710191,91423327.0,90240435.0,0.9870613765784306,/home/lhaaso/liushijie/energy/pass5_crab_v6_125d_covariance/run_gti_hour.sh.out.79724879.2269
20220415_05,1,3576.47502806503,92518584.0,91325695.0,0.9871064931127783,/home/lhaaso/liushijie/energy/pass5_crab_v6_125d_covariance/run_gti_hour.sh.out.79724879.2270
20220415_06,1,3522.95878808945,91244422.0,90059837.0,0.9870174529682483,/home/lhaaso/liushijie/energy/pass5_crab_v6_125d_covariance/run_gti_hour.sh.out.79724879.2271
20220415_07,1,1047.75851424783,92494722.0,26697498.0,0.2886380695322269,/home/lhaaso/liushijie/energy/pass5_crab_v6_125d_covariance/run_gti_hour.sh.out.79724879.2272
20220415_09,1,0.0863289926201105,114849453.0,5866.0,5.107555888838234e-05,/home/lhaaso/liushijie/energy/pass5_crab_v6_125d_covariance/run_gti_hour.sh.out.79724879.2273
20220415_10,1,3394.87812782172,87366393.0,86111549.0,0.9856369943074106,/home/lhaaso/liushijie/energy/pass5_crab_v6_125d_covariance/run_gti_hour.sh.out.79724879.2274
20220415_11,1,3539.74574189633,91070816.0,89820923.0,0.9862755923917493,/home/lhaaso/liushijie/energy/pass5_crab_v6_125d_covariance/run_gti_hour.sh.out.79724879.2275
20220415_12,2,3469.15206927806,92137219.0,88419654.0,0.9596518644653254,/home/lhaaso/liushijie/energy/pass5_crab_v6_125d_covariance/run_gti_hour.sh.out.79724879.2276
20220415_13,1,3544.9723505415,91982067.0,90739516.0,0.9864913777160498,/home/lhaaso/liushijie/energy/pass5_crab_v6_125d_covariance/run_gti_hour.sh.out.79724879.2277
20220415_14,1,3575.93335239217,93163167.0,91937437.0,0.9868431909361776,/home/lhaaso/liushijie/energy/pass5_crab_v6_125d_covariance/run_gti_hour.sh.out.79724879.2278
20220415_15,1,3558.77052994911,93044169.0,91857691.0,0.9872482283118676,/home/lhaaso/liushijie/energy/pass5_crab_v6_125d_covariance/run_gti_hour.sh.out.79724879.2279
20220415_16,2,3447.87133892532,92857569.0,89359902.0,0.9623329897856792,/home/lhaaso/liushijie/energy/pass5_crab_v6_125d_covariance/run_gti_hour.sh.out.79724879.2280
20220415_17,1,3547.78945455328,93085236.0,91953228.0,0.9878390167050767,/home/lhaaso/liushijie/energy/pass5_crab_v6_125d_covariance/run_gti_hour.sh.out.79724879.2281
20220415_18,1,3576.01383500732,93444365.0,92266151.0,0.9873912782220736,/home/lhaaso/liushijie/energy/pass5_crab_v6_125d_covariance/run_gti_hour.sh.out.79724879.2282
20220415_19,1,3549.49164809659,92490195.0,91300578.0,0.9871379122943789,/home/lhaaso/liushijie/energy/pass5_crab_v6_125d_covariance/run_gti_hour.sh.out.79724879.2283
20220415_20,1,3569.49710561894,92687121.0,91513168.0,0.9873342381623872,/home/lhaaso/liushijie/energy/pass5_crab_v6_125d_covariance/run_gti_hour.sh.out.79724879.2284
20220415_21,1,3544.21194617171,91530872.0,90397434.0,0.987616877505548,/home/lhaaso/liushijie/energy/pass5_crab_v6_125d_covariance/run_gti_hour.sh.out.79724879.2285
20220415_22,1,3565.21191587672,91644074.0,90523291.0,0.9877702621557396,/home/lhaaso/liushijie/energy/pass5_crab_v6_125d_covariance/run_gti_hour.sh.out.79724879.2286
20220415_23,1,3553.82701673079,91636140.0,90471354.0,0.9872890106457998,/home/lhaaso/liushijie/energy/pass5_crab_v6_125d_covariance/run_gti_hour.sh.out.79724879.2287
20220416_00,1,3547.20660969615,91673217.0,90389140.0,0.9859928881954694,/home/lhaaso/liushijie/energy/pass5_crab_v6_125d_covariance/run_gti_hour.sh.out.79724879.2288
20220416_01,1,3535.51262766123,91569832.0,90347641.0,0.9866529076956262,/home/lhaaso/liushijie/energy/pass5_crab_v6_125d_covariance/run_gti_hour.sh.out.79724879.2289
20220416_02,1,3579.68653435819,92773167.0,91545893.0,0.986771239576202,/home/lhaaso/liushijie/energy/pass5_crab_v6_125d_covariance/run_gti_hour.sh.out.79724879.2290
20220416_03,1,3570.34086675849,92088804.0,91419196.0,0.9927286709033598,/home/lhaaso/liushijie/energy/pass5_crab_v6_125d_covariance/run_gti_hour.sh.out.79724879.2291
20220416_04,1,3567.82761155628,92116440.0,90891457.0,0.9867017982892088,/home/lhaaso/liushijie/energy/pass5_crab_v6_125d_covariance/run_gti_hour.sh.out.79724879.2292
20220416_05,1,3566.85383578297,92708985.0,91490199.0,0.9868536366782572,/home/lhaaso/liushijie/energy/pass5_crab_v6_125d_covariance/run_gti_hour.sh.out.79724879.2293
20220416_06,1,3568.26090104878,92064399.0,91395555.0,0.9927350419134328,/home/lhaaso/liushijie/energy/pass5_crab_v6_125d_covariance/run_gti_hour.sh.out.79724879.2294
20220416_07,2,744.430286879651,91941316.0,18463414.0,0.20081737790222623,/home/lhaaso/liushijie/energy/pass5_crab_v6_125d_covariance/run_gti_hour.sh.out.79724879.2295
20220416_09,1,350.834048073739,91235725.0,8939952.0,0.09798740570100145,/home/lhaaso/liushijie/energy/pass5_crab_v6_125d_covariance/run_gti_hour.sh.out.79724879.2296
20220416_10,1,3534.87852641847,91161701.0,89937483.0,0.9865709175391538,/home/lhaaso/liushijie/energy/pass5_crab_v6_125d_covariance/run_gti_hour.sh.out.79724879.2297
20220416_11,1,3583.61099632457,92438385.0,91236434.0,0.9869972739138616,/home/lhaaso/liushijie/energy/pass5_crab_v6_125d_covariance/run_gti_hour.sh.out.79724879.2298
20220416_12,1,3568.9419713337,91696575.0,91017178.0,0.9925908137790316,/home/lhaaso/liushijie/energy/pass5_crab_v6_125d_covariance/run_gti_hour.sh.out.79724879.2299
20220416_13,1,3594.90449207369,92719601.0,91507686.0,0.9869292470315958,/home/lhaaso/liushijie/energy/pass5_crab_v6_125d_covariance/run_gti_hour.sh.out.79724879.2300
20220416_14,1,3527.49007260427,91856121.0,90696985.0,0.9873809607091943,/home/lhaaso/liushijie/energy/pass5_crab_v6_125d_covariance/run_gti_hour.sh.out.79724879.2301
20220416_15,1,3559.60791350808,92948341.0,91810645.0,0.9877599106368128,/home/lhaaso/liushijie/energy/pass5_crab_v6_125d_covariance/run_gti_hour.sh.out.79724879.2302
20220416_16,1,3567.25428937934,93126600.0,92037995.0,0.9883104827192231,/home/lhaaso/liushijie/energy/pass5_crab_v6_125d_covariance/run_gti_hour.sh.out.79724879.2303
20220416_17,2,3482.22131479997,93308429.0,89907838.0,0.9635553718303412,/home/lhaaso/liushijie/energy/pass5_crab_v6_125d_covariance/run_gti_hour.sh.out.79724879.2304
20220416_18,1,3527.47724640649,92238041.0,91087253.0,0.9875237159470895,/home/lhaaso/liushijie/energy/pass5_crab_v6_125d_covariance/run_gti_hour.sh.out.79724879.2305
20220416_19,1,3593.50547532085,93106907.0,92440944.0,0.9928473297904741,/home/lhaaso/liushijie/energy/pass5_crab_v6_125d_covariance/run_gti_hour.sh.out.79724879.2306
20220416_20,2,3509.80791519396,92611381.0,89575446.0,0.9672185538405912,/home/lhaaso/liushijie/energy/pass5_crab_v6_125d_covariance/run_gti_hour.sh.out.79724879.2307
20220416_21,1,3575.54218950681,92091542.0,91014122.0,0.9883005542463389,/home/lhaaso/liushijie/energy/pass5_crab_v6_125d_covariance/run_gti_hour.sh.out.79724879.2308
20220416_22,1,3554.39397578593,91592511.0,90534836.0,0.988452385588599,/home/lhaaso/liushijie/energy/pass5_crab_v6_125d_covariance/run_gti_hour.sh.out.79724879.2309
20220416_23,1,3565.2927297866,91698080.0,90609850.0,0.9881324668957082,/home/lhaaso/liushijie/energy/pass5_crab_v6_125d_covariance/run_gti_hour.sh.out.79724879.2310
20220417_00,1,3565.15269144438,91780627.0,90668452.0,0.9878822466532071,/home/lhaaso/liushijie/energy/pass5_crab_v6_125d_covariance/run_gti_hour.sh.out.79724879.2311
20220417_01,1,3557.71219418384,91735557.0,90622654.0,0.9878683573044638,/home/lhaaso/liushijie/energy/pass5_crab_v6_125d_covariance/run_gti_hour.sh.out.79724879.2312
20220417_02,1,3581.02640840225,92297584.0,91521643.0,0.9915930518831348,/home/lhaaso/liushijie/energy/pass5_crab_v6_125d_covariance/run_gti_hour.sh.out.79724879.2313
20220417_03,1,3560.48656494822,92089593.0,90984782.0,0.9880028680330903,/home/lhaaso/liushijie/energy/pass5_crab_v6_125d_covariance/run_gti_hour.sh.out.79724879.2314
20220417_04,1,3566.55138193164,92766781.0,91649170.0,0.9879524654412661,/home/lhaaso/liushijie/energy/pass5_crab_v6_125d_covariance/run_gti_hour.sh.out.79724879.2315
20220417_05,2,3481.51363155339,92799057.0,89418625.0,0.9635725608720356,/home/lhaaso/liushijie/energy/pass5_crab_v6_125d_covariance/run_gti_hour.sh.out.79724879.2316
20220417_06,1,3570.63770494424,92767113.0,91639740.0,0.9878472772996612,/home/lhaaso/liushijie/energy/pass5_crab_v6_125d_covariance/run_gti_hour.sh.out.79724879.2317
20220417_07,1,594.384034629911,92099405.0,15106102.0,0.1640195395399134,/home/lhaaso/liushijie/energy/pass5_crab_v6_125d_covariance/run_gti_hour.sh.out.79724879.2318
20220417_09,2,502.054300694726,67843391.0,12742762.0,0.18782613622600322,/home/lhaaso/liushijie/energy/pass5_crab_v6_125d_covariance/run_gti_hour.sh.out.79724879.2319
20220417_10,1,3560.85912315175,91554462.0,90308595.0,0.9863920668334002,/home/lhaaso/liushijie/energy/pass5_crab_v6_125d_covariance/run_gti_hour.sh.out.79724879.2320
20220417_11,2,3417.05540204421,90291779.0,86562789.0,0.9587006697475747,/home/lhaaso/liushijie/energy/pass5_crab_v6_125d_covariance/run_gti_hour.sh.out.79724879.2321
20220417_12,1,3568.79657506943,91465519.0,90214806.0,0.9863258524778065,/home/lhaaso/liushijie/energy/pass5_crab_v6_125d_covariance/run_gti_hour.sh.out.79724879.2322
20220417_13,1,3562.53274613991,91309979.0,90061117.0,0.9863228311551796,/home/lhaaso/liushijie/energy/pass5_crab_v6_125d_covariance/run_gti_hour.sh.out.79724879.2323
20220417_14,1,3555.19016627222,91297810.0,90060632.0,0.986448984920887,/home/lhaaso/liushijie/energy/pass5_crab_v6_125d_covariance/run_gti_hour.sh.out.79724879.2324
20220417_15,1,3556.56851325184,91460821.0,90252997.0,0.9867940831189346,/home/lhaaso/liushijie/energy/pass5_crab_v6_125d_covariance/run_gti_hour.sh.out.79724879.2325
20220417_16,1,3546.73281800933,91400057.0,90251155.0,0.9874299640754053,/home/lhaaso/liushijie/energy/pass5_crab_v6_125d_covariance/run_gti_hour.sh.out.79724879.2326
20220417_17,1,3553.63869862631,91534739.0,90342381.0,0.9869737106040145,/home/lhaaso/liushijie/energy/pass5_crab_v6_125d_covariance/run_gti_hour.sh.out.79724879.2327
20220417_18,1,3559.72769258078,91622593.0,90416037.0,0.9868312393210701,/home/lhaaso/liushijie/energy/pass5_crab_v6_125d_covariance/run_gti_hour.sh.out.79724879.2328
20220417_19,2,3436.06084487401,90698751.0,87021712.0,0.9594587691731279,/home/lhaaso/liushijie/energy/pass5_crab_v6_125d_covariance/run_gti_hour.sh.out.79724879.2329
20220417_20,1,3554.89371030126,90872009.0,89682857.0,0.986913990203518,/home/lhaaso/liushijie/energy/pass5_crab_v6_125d_covariance/run_gti_hour.sh.out.79724879.2330
20220417_21,1,3572.16553373728,90404710.0,89790516.0,0.9932061725545052,/home/lhaaso/liushijie/energy/pass5_crab_v6_125d_covariance/run_gti_hour.sh.out.79724879.2331
20220417_22,1,3587.18430034351,90521881.0,89378381.0,0.9873676951100917,/home/lhaaso/liushijie/energy/pass5_crab_v6_125d_covariance/run_gti_hour.sh.out.79724879.2332
20220417_23,1,3537.42940400261,89892124.0,88713496.0,0.9868884174991793,/home/lhaaso/liushijie/energy/pass5_crab_v6_125d_covariance/run_gti_hour.sh.out.79724879.2333
20220418_00,1,3545.49618533347,89965379.0,88764041.0,0.9866466632681,/home/lhaaso/liushijie/energy/pass5_crab_v6_125d_covariance/run_gti_hour.sh.out.79724879.2334
20220418_01,1,3587.21057383809,91193036.0,89987071.0,0.9867756897577136,/home/lhaaso/liushijie/energy/pass5_crab_v6_125d_covariance/run_gti_hour.sh.out.79724879.2335
20220418_02,1,3523.87819695286,89845889.0,88625710.0,0.9864192005490646,/home/lhaaso/liushijie/energy/pass5_crab_v6_125d_covariance/run_gti_hour.sh.out.79724879.2336
20220418_03,1,3562.79262013268,91097368.0,89872046.0,0.9865493150142384,/home/lhaaso/liushijie/energy/pass5_crab_v6_125d_covariance/run_gti_hour.sh.out.79724879.2337
20220418_04,1,3547.24405794404,91026772.0,89739746.0,0.9858610168006398,/home/lhaaso/liushijie/energy/pass5_crab_v6_125d_covariance/run_gti_hour.sh.out.79724879.2338
20220418_05,1,3558.84798187762,91123518.0,89880693.0,0.9863610950578093,/home/lhaaso/liushijie/energy/pass5_crab_v6_125d_covariance/run_gti_hour.sh.out.79724879.2339
20220418_06,1,3559.21486532316,91136586.0,89875483.0,0.9861624946100132,/home/lhaaso/liushijie/energy/pass5_crab_v6_125d_covariance/run_gti_hour.sh.out.79724879.2340
20220418_07,1,358.13329371158,90530877.0,9016367.0,0.09959438479757575,/home/lhaaso/liushijie/energy/pass5_crab_v6_125d_covariance/run_gti_hour.sh.out.79724879.2341
20220418_09,1,718.898461852223,89801823.0,17988630.0,0.2003147530757811,/home/lhaaso/liushijie/energy/pass5_crab_v6_125d_covariance/run_gti_hour.sh.out.79724879.2342
20220418_10,1,3584.0464219451,90963176.0,89697079.0,0.9860812137869944,/home/lhaaso/liushijie/energy/pass5_crab_v6_125d_covariance/run_gti_hour.sh.out.79724879.2343
20220418_11,1,3517.78901943471,89343216.0,88085164.0,0.9859188861077041,/home/lhaaso/liushijie/energy/pass5_crab_v6_125d_covariance/run_gti_hour.sh.out.79724879.2344
20220418_12,1,3565.05131525919,90719917.0,89457161.0,0.9860807191876069,/home/lhaaso/liushijie/energy/pass5_crab_v6_125d_covariance/run_gti_hour.sh.out.79724879.2345
20220418_13,1,3563.51068792865,90678920.0,89398369.0,0.985878184257157,/home/lhaaso/liushijie/energy/pass5_crab_v6_125d_covariance/run_gti_hour.sh.out.79724879.2346
20220418_14,1,3545.67835091148,90422345.0,89192480.0,0.9863986606407963,/home/lhaaso/liushijie/energy/pass5_crab_v6_125d_covariance/run_gti_hour.sh.out.79724879.2347
20220418_15,1,3540.58997451793,90433590.0,89247613.0,0.9868856583046189,/home/lhaaso/liushijie/energy/pass5_crab_v6_125d_covariance/run_gti_hour.sh.out.79724879.2348
20220418_16,1,3580.01070655882,91518745.0,90391215.0,0.9876797917191719,/home/lhaaso/liushijie/energy/pass5_crab_v6_125d_covariance/run_gti_hour.sh.out.79724879.2349
20220418_17,1,3552.75260845665,90765106.0,89622212.0,0.9874082227150156,/home/lhaaso/liushijie/energy/pass5_crab_v6_125d_covariance/run_gti_hour.sh.out.79724879.2350
20220418_18,1,3519.36124486383,89445664.0,88241237.0,0.9865345401203574,/home/lhaaso/liushijie/energy/pass5_crab_v6_125d_covariance/run_gti_hour.sh.out.79724879.2351
20220418_19,1,3587.71764838602,91201926.0,89989190.0,0.9867027369575506,/home/lhaaso/liushijie/energy/pass5_crab_v6_125d_covariance/run_gti_hour.sh.out.79724879.2352
20220418_20,1,3559.48910003062,90179134.0,88982490.0,0.9867303671379235,/home/lhaaso/liushijie/energy/pass5_crab_v6_125d_covariance/run_gti_hour.sh.out.79724879.2353
20220418_21,1,3526.70452252496,88970142.0,87814839.0,0.9870147110701476,/home/lhaaso/liushijie/energy/pass5_crab_v6_125d_covariance/run_gti_hour.sh.out.79724879.2354
20220418_22,1,3546.09276163392,89074963.0,87932160.0,0.9871703230457699,/home/lhaaso/liushijie/energy/pass5_crab_v6_125d_covariance/run_gti_hour.sh.out.79724879.2355
20220418_23,1,3555.29056366067,89180656.0,88007004.0,0.9868396123930733,/home/lhaaso/liushijie/energy/pass5_crab_v6_125d_covariance/run_gti_hour.sh.out.79724879.2356
20220419_00,1,3553.14728105441,89162709.0,87960482.0,0.9865164819072512,/home/lhaaso/liushijie/energy/pass5_crab_v6_125d_covariance/run_gti_hour.sh.out.79724879.2357
20220419_01,1,3592.81461015344,90383470.0,89177347.0,0.9866554913193751,/home/lhaaso/liushijie/energy/pass5_crab_v6_125d_covariance/run_gti_hour.sh.out.79724879.2358
20220419_02,1,3528.98872923106,89092520.0,87821114.0,0.9857293743627411,/home/lhaaso/liushijie/energy/pass5_crab_v6_125d_covariance/run_gti_hour.sh.out.79724879.2359
20220419_03,1,3573.77000728156,90274353.0,89079033.0,0.9867590299982543,/home/lhaaso/liushijie/energy/pass5_crab_v6_125d_covariance/run_gti_hour.sh.out.79724879.2360
20220419_04,1,3556.40387800522,89548722.0,88835152.0,0.9920314887352608,/home/lhaaso/liushijie/energy/pass5_crab_v6_125d_covariance/run_gti_hour.sh.out.79724879.2361
20220419_05,1,3594.63816380594,90132639.0,89441271.0,0.9923294379519942,/home/lhaaso/liushijie/energy/pass5_crab_v6_125d_covariance/run_gti_hour.sh.out.79724879.2362
20220419_06,2,3451.49758346379,90161555.0,85749231.0,0.9510620241631813,/home/lhaaso/liushijie/energy/pass5_crab_v6_125d_covariance/run_gti_hour.sh.out.79724879.2363
20220419_07,2,148.923968430609,89523869.0,3157198.0,0.03526654997451015,/home/lhaaso/liushijie/energy/pass5_crab_v6_125d_covariance/run_gti_hour.sh.out.79724879.2364
20220419_09,1,985.538947535679,89778472.0,24580588.0,0.27379156107713665,/home/lhaaso/liushijie/energy/pass5_crab_v6_125d_covariance/run_gti_hour.sh.out.79724879.2365
20220419_10,1,3553.41062766965,89592090.0,88411442.0,0.9868219616262999,/home/lhaaso/liushijie/energy/pass5_crab_v6_125d_covariance/run_gti_hour.sh.out.79724879.2366
20220419_11,2,3451.57706779428,89458528.0,85889620.0,0.9601054468501874,/home/lhaaso/liushijie/energy/pass5_crab_v6_125d_covariance/run_gti_hour.sh.out.79724879.2367
20220419_12,1,3583.7320760591,90573518.0,89398021.0,0.9870216259017344,/home/lhaaso/liushijie/energy/pass5_crab_v6_125d_covariance/run_gti_hour.sh.out.79724879.2368
20220419_13,1,3556.77483065519,90318512.0,89167288.0,0.9872537315495189,/home/lhaaso/liushijie/energy/pass5_crab_v6_125d_covariance/run_gti_hour.sh.out.79724879.2369
20220419_14,1,3557.39276509266,90585645.0,89415073.0,0.9870777317973505,/home/lhaaso/liushijie/energy/pass5_crab_v6_125d_covariance/run_gti_hour.sh.out.79724879.2370
20220419_15,1,3527.83664020244,88827098.0,87520146.0,0.9852865619903511,/home/lhaaso/liushijie/energy/pass5_crab_v6_125d_covariance/run_gti_hour.sh.out.79724879.2371
20220419_16,1,3581.91162790172,90258641.0,89175684.0,0.9880016252405129,/home/lhaaso/liushijie/energy/pass5_crab_v6_125d_covariance/run_gti_hour.sh.out.79724879.2372
20220419_17,1,3502.83516081981,90719783.0,88320957.0,0.9735578512131141,/home/lhaaso/liushijie/energy/pass5_crab_v6_125d_covariance/run_gti_hour.sh.out.79724879.2373
20220419_18,1,3568.85499232449,90905946.0,89772313.0,0.9875296055991761,/home/lhaaso/liushijie/energy/pass5_crab_v6_125d_covariance/run_gti_hour.sh.out.79724879.2374
20220419_19,1,3535.54583822843,89933326.0,88590700.0,0.9850708735046673,/home/lhaaso/liushijie/energy/pass5_crab_v6_125d_covariance/run_gti_hour.sh.out.79724879.2375
20220419_20,1,3568.14569975249,90152044.0,88988552.0,0.9870941140280746,/home/lhaaso/liushijie/energy/pass5_crab_v6_125d_covariance/run_gti_hour.sh.out.79724879.2376
20220419_21,1,3550.27425675653,89105325.0,87959843.0,0.9871446291228947,/home/lhaaso/liushijie/energy/pass5_crab_v6_125d_covariance/run_gti_hour.sh.out.79724879.2377
20220419_22,1,3516.51251823641,89236490.0,86827470.0,0.9730040928324276,/home/lhaaso/liushijie/energy/pass5_crab_v6_125d_covariance/run_gti_hour.sh.out.79724879.2378
20220419_23,1,3521.64740790613,88033094.0,86822339.0,0.9862465926734325,/home/lhaaso/liushijie/energy/pass5_crab_v6_125d_covariance/run_gti_hour.sh.out.79724879.2379
20220420_00,1,3566.27977872267,89376661.0,88091419.0,0.9856199371780067,/home/lhaaso/liushijie/energy/pass5_crab_v6_125d_covariance/run_gti_hour.sh.out.79724879.2380
20220420_01,1,3552.1181690041,89245539.0,87982699.0,0.9858498249419503,/home/lhaaso/liushijie/energy/pass5_crab_v6_125d_covariance/run_gti_hour.sh.out.79724879.2381
20220420_02,1,3541.14327128045,89136410.0,87855538.0,0.9856302043126933,/home/lhaaso/liushijie/energy/pass5_crab_v6_125d_covariance/run_gti_hour.sh.out.79724879.2382
20220420_03,1,3575.79118232243,90326808.0,89058798.0,0.9859619748768272,/home/lhaaso/liushijie/energy/pass5_crab_v6_125d_covariance/run_gti_hour.sh.out.79724879.2383
20220420_04,1,3509.89793809131,88942227.0,87672269.0,0.9857215403432612,/home/lhaaso/liushijie/energy/pass5_crab_v6_125d_covariance/run_gti_hour.sh.out.79724879.2384
20220420_05,1,3560.62963146251,90247701.0,88974804.0,0.985895518823244,/home/lhaaso/liushijie/energy/pass5_crab_v6_125d_covariance/run_gti_hour.sh.out.79724879.2385
20220420_06,1,3460.93830058817,90297574.0,86443402.0,0.9573169928131181,/home/lhaaso/liushijie/energy/pass5_crab_v6_125d_covariance/run_gti_hour.sh.out.79724879.2386
20220420_09,1,1186.77842190955,89598488.0,29486688.0,0.3290980535296533,/home/lhaaso/liushijie/energy/pass5_crab_v6_125d_covariance/run_gti_hour.sh.out.79724879.2387
20220420_10,1,3560.2947880514,89521378.0,88295808.0,0.9863097505045108,/home/lhaaso/liushijie/energy/pass5_crab_v6_125d_covariance/run_gti_hour.sh.out.79724879.2388
20220420_11,1,3558.67106923833,89442939.0,88221625.0,0.9863453279414265,/home/lhaaso/liushijie/energy/pass5_crab_v6_125d_covariance/run_gti_hour.sh.out.79724879.2389
20220420_12,1,3540.53946181666,89252456.0,88045267.0,0.986474445028157,/home/lhaaso/liushijie/energy/pass5_crab_v6_125d_covariance/run_gti_hour.sh.out.79724879.2390
20220420_13,1,3557.50854033977,90157785.0,88951003.0,0.9866147776367842,/home/lhaaso/liushijie/energy/pass5_crab_v6_125d_covariance/run_gti_hour.sh.out.79724879.2391
20220420_14,1,3585.54460080341,91118800.0,89929181.0,0.986944307870604,/home/lhaaso/liushijie/energy/pass5_crab_v6_125d_covariance/run_gti_hour.sh.out.79724879.2392
20220420_15,1,3524.41491766367,89785669.0,88617534.0,0.9869897388635596,/home/lhaaso/liushijie/energy/pass5_crab_v6_125d_covariance/run_gti_hour.sh.out.79724879.2393
20220420_16,1,3574.73561384249,91079570.0,89939912.0,0.9874872268281459,/home/lhaaso/liushijie/energy/pass5_crab_v6_125d_covariance/run_gti_hour.sh.out.79724879.2394
20220420_17,1,3530.49453289714,90031803.0,88854850.0,0.9869273638782953,/home/lhaaso/liushijie/energy/pass5_crab_v6_125d_covariance/run_gti_hour.sh.out.79724879.2395
20220420_18,1,3592.2390462365,91504288.0,90297314.0,0.9868096454671064,/home/lhaaso/liushijie/energy/pass5_crab_v6_125d_covariance/run_gti_hour.sh.out.79724879.2396
20220420_19,1,3508.0295917578,89204155.0,87983705.0,0.986318462407945,/home/lhaaso/liushijie/energy/pass5_crab_v6_125d_covariance/run_gti_hour.sh.out.79724879.2397
20220420_20,1,3573.26984843239,90649052.0,89462461.0,0.9869100561581162,/home/lhaaso/liushijie/energy/pass5_crab_v6_125d_covariance/run_gti_hour.sh.out.79724879.2398
20220420_21,1,3539.2536472762,89448521.0,88303168.0,0.9871953947679023,/home/lhaaso/liushijie/energy/pass5_crab_v6_125d_covariance/run_gti_hour.sh.out.79724879.2399
20220420_22,1,3595.81296381075,90744326.0,89577106.0,0.9871372674033636,/home/lhaaso/liushijie/energy/pass5_crab_v6_125d_covariance/run_gti_hour.sh.out.79724879.2400
20220420_23,1,3547.55374684464,89551303.0,88336561.0,0.9864352392505109,/home/lhaaso/liushijie/energy/pass5_crab_v6_125d_covariance/run_gti_hour.sh.out.79724879.2401
20220421_00,1,3543.47801834811,89579391.0,88358165.0,0.9863671098188198,/home/lhaaso/liushijie/energy/pass5_crab_v6_125d_covariance/run_gti_hour.sh.out.79724879.2402
20220421_01,1,3533.79598853644,89558457.0,88337543.0,0.9863674069328818,/home/lhaaso/liushijie/energy/pass5_crab_v6_125d_covariance/run_gti_hour.sh.out.79724879.2403
20220421_02,2,3474.34877778869,90807549.0,87074110.0,0.9588862485430589,/home/lhaaso/liushijie/energy/pass5_crab_v6_125d_covariance/run_gti_hour.sh.out.79724879.2404
20220421_03,1,3558.9676251635,90080918.0,89398702.0,0.9924266313538235,/home/lhaaso/liushijie/energy/pass5_crab_v6_125d_covariance/run_gti_hour.sh.out.79724879.2405
20220421_04,1,3599.16686962824,91316344.0,90092018.0,0.9865924768078758,/home/lhaaso/liushijie/energy/pass5_crab_v6_125d_covariance/run_gti_hour.sh.out.79724879.2406
20220421_05,1,3547.7576181991,90711497.0,89471275.0,0.9863278411114745,/home/lhaaso/liushijie/energy/pass5_crab_v6_125d_covariance/run_gti_hour.sh.out.79724879.2407
20220421_06,1,3189.41368956584,90600976.0,80424937.0,0.8876828986919523,/home/lhaaso/liushijie/energy/pass5_crab_v6_125d_covariance/run_gti_hour.sh.out.79724879.2408
20220421_09,1,1416.17505471222,90150753.0,35573021.0,0.39459482939648877,/home/lhaaso/liushijie/energy/pass5_crab_v6_125d_covariance/run_gti_hour.sh.out.79724879.2409
20220421_10,1,3580.37866875529,91111554.0,89856068.0,0.9862203425923347,/home/lhaaso/liushijie/energy/pass5_crab_v6_125d_covariance/run_gti_hour.sh.out.79724879.2410
20220421_11,1,3520.91936983634,89663676.0,88412241.0,0.9860430103267236,/home/lhaaso/liushijie/energy/pass5_crab_v6_125d_covariance/run_gti_hour.sh.out.79724879.2411
20220421_12,1,3549.37953155022,90592450.0,89353454.0,0.9863234077453474,/home/lhaaso/liushijie/energy/pass5_crab_v6_125d_covariance/run_gti_hour.sh.out.79724879.2412
20220421_13,1,3593.17861315794,91942402.0,90704781.0,0.9865391704689204,/home/lhaaso/liushijie/energy/pass5_crab_v6_125d_covariance/run_gti_hour.sh.out.79724879.2413
20220421_14,1,3529.73164224532,90576589.0,89366300.0,0.98663794901793,/home/lhaaso/liushijie/energy/pass5_crab_v6_125d_covariance/run_gti_hour.sh.out.79724879.2414
20220421_15,1,3563.28571366612,91718607.0,90540788.0,0.9871583418182529,/home/lhaaso/liushijie/energy/pass5_crab_v6_125d_covariance/run_gti_hour.sh.out.79724879.2415
20220421_16,1,3555.27123792563,91754375.0,90612493.0,0.9875550130443371,/home/lhaaso/liushijie/energy/pass5_crab_v6_125d_covariance/run_gti_hour.sh.out.79724879.2416
20220421_17,1,3559.66669223271,91967467.0,90785334.0,0.9871461828996552,/home/lhaaso/liushijie/energy/pass5_crab_v6_125d_covariance/run_gti_hour.sh.out.79724879.2417
20220421_18,1,3524.95432079304,90928093.0,89712253.0,0.9866285549395609,/home/lhaaso/liushijie/energy/pass5_crab_v6_125d_covariance/run_gti_hour.sh.out.79724879.2418
20220421_19,1,3593.04075494874,91852991.0,91225560.0,0.9931691826997773,/home/lhaaso/liushijie/energy/pass5_crab_v6_125d_covariance/run_gti_hour.sh.out.79724879.2419
20220421_20,2,3465.01155474689,90733668.0,87094894.0,0.9598960994280535,/home/lhaaso/liushijie/energy/pass5_crab_v6_125d_covariance/run_gti_hour.sh.out.79724879.2420
20220421_21,1,3577.63142958283,91447856.0,90318120.0,0.9876461182425097,/home/lhaaso/liushijie/energy/pass5_crab_v6_125d_covariance/run_gti_hour.sh.out.79724879.2421
20220421_22,1,3538.21087230463,90250664.0,89107569.0,0.9873342206102772,/home/lhaaso/liushijie/energy/pass5_crab_v6_125d_covariance/run_gti_hour.sh.out.79724879.2422
20220421_23,2,3454.60688313469,90440858.0,86806085.0,0.9598104984806757,/home/lhaaso/liushijie/energy/pass5_crab_v6_125d_covariance/run_gti_hour.sh.out.79724879.2423
20220422_00,1,3553.55121104512,90492269.0,89260741.0,0.9863907932289774,/home/lhaaso/liushijie/energy/pass5_crab_v6_125d_covariance/run_gti_hour.sh.out.79724879.2424
20220422_01,3,3352.72065368481,90578581.0,84334323.0,0.9310625323220729,/home/lhaaso/liushijie/energy/pass5_crab_v6_125d_covariance/run_gti_hour.sh.out.79724879.2425
20220422_02,2,3436.19975668844,90451548.0,86660866.0,0.9580915740657087,/home/lhaaso/liushijie/energy/pass5_crab_v6_125d_covariance/run_gti_hour.sh.out.79724879.2426
20220422_03,1,3573.95394123159,91608696.0,90345481.0,0.986210752306746,/home/lhaaso/liushijie/energy/pass5_crab_v6_125d_covariance/run_gti_hour.sh.out.79724879.2427
20220422_04,1,3572.71342605818,91634890.0,90394040.0,0.9864587604132007,/home/lhaaso/liushijie/energy/pass5_crab_v6_125d_covariance/run_gti_hour.sh.out.79724879.2428
20220422_05,1,3521.1983966874,90335964.0,89098356.0,0.9862999414053965,/home/lhaaso/liushijie/energy/pass5_crab_v6_125d_covariance/run_gti_hour.sh.out.79724879.2429
20220422_06,1,3025.01173038036,91690949.0,76431642.0,0.8335789173694778,/home/lhaaso/liushijie/energy/pass5_crab_v6_125d_covariance/run_gti_hour.sh.out.79724879.2430
20220422_09,1,456.200763070956,33441414.0,11435849.0,0.34196667042846934,/home/lhaaso/liushijie/energy/pass5_crab_v6_125d_covariance/run_gti_hour.sh.out.79724879.2431
20220422_10,1,455.684416671284,11556863.0,11407419.0,0.9870688092434773,/home/lhaaso/liushijie/energy/pass5_crab_v6_125d_covariance/run_gti_hour.sh.out.79724879.2432
20220422_11,1,2929.35842641164,74616577.0,73365626.0,0.9832349452320762,/home/lhaaso/liushijie/energy/pass5_crab_v6_125d_covariance/run_gti_hour.sh.out.79724879.2433
20220422_12,1,3522.56842923816,89615701.0,88384805.0,0.9862647283203196,/home/lhaaso/liushijie/energy/pass5_crab_v6_125d_covariance/run_gti_hour.sh.out.79724879.2434
20220422_13,1,3565.31576262787,90804300.0,89593733.0,0.9866683956596769,/home/lhaaso/liushijie/energy/pass5_crab_v6_125d_covariance/run_gti_hour.sh.out.79724879.2435
20220422_14,1,3560.3142690612,90797837.0,89598568.0,0.986791876991519,/home/lhaaso/liushijie/energy/pass5_crab_v6_125d_covariance/run_gti_hour.sh.out.79724879.2436
20220422_15,1,3548.53343751747,90731469.0,89584520.0,0.987358862226732,/home/lhaaso/liushijie/energy/pass5_crab_v6_125d_covariance/run_gti_hour.sh.out.79724879.2437
20220422_16,1,3550.8076525759,91861195.0,90745057.0,0.9878497335028137,/home/lhaaso/liushijie/energy/pass5_crab_v6_125d_covariance/run_gti_hour.sh.out.79724879.2438
20220422_17,1,3559.63537953794,92279346.0,91090681.0,0.987118840222383,/home/lhaaso/liushijie/energy/pass5_crab_v6_125d_covariance/run_gti_hour.sh.out.79724879.2439
20220422_18,1,3529.68726006802,91325330.0,90096107.0,0.9865401745605519,/home/lhaaso/liushijie/energy/pass5_crab_v6_125d_covariance/run_gti_hour.sh.out.79724879.2440
20220422_19,1,3555.62061115634,91663341.0,90432545.0,0.9865726474011023,/home/lhaaso/liushijie/energy/pass5_crab_v6_125d_covariance/run_gti_hour.sh.out.79724879.2441
20220422_20,1,3576.38252768666,91856220.0,90641628.0,0.9867772481819957,/home/lhaaso/liushijie/energy/pass5_crab_v6_125d_covariance/run_gti_hour.sh.out.79724879.2442
20220422_21,1,3547.91099068243,90723232.0,89551942.0,0.9870894149802776,/home/lhaaso/liushijie/energy/pass5_crab_v6_125d_covariance/run_gti_hour.sh.out.79724879.2443
20220422_22,1,3561.3925805781,90780416.0,89592704.0,0.9869166495117184,/home/lhaaso/liushijie/energy/pass5_crab_v6_125d_covariance/run_gti_hour.sh.out.79724879.2444
20220422_23,1,3563.78266392276,90811595.0,89578549.0,0.9864219321332259,/home/lhaaso/liushijie/energy/pass5_crab_v6_125d_covariance/run_gti_hour.sh.out.79724879.2445
20220423_00,1,3509.38979233615,89517271.0,88282067.0,0.9862015007137561,/home/lhaaso/liushijie/energy/pass5_crab_v6_125d_covariance/run_gti_hour.sh.out.79724879.2446
20220423_01,1,3554.10741150845,90789856.0,89538080.0,0.9862123803787066,/home/lhaaso/liushijie/energy/pass5_crab_v6_125d_covariance/run_gti_hour.sh.out.79724879.2447
20220423_02,1,3593.95629137289,91980582.0,90735026.0,0.9864584896842684,/home/lhaaso/liushijie/energy/pass5_crab_v6_125d_covariance/run_gti_hour.sh.out.79724879.2448
20220423_03,1,3534.09340130165,90642177.0,89400461.0,0.9863009027243466,/home/lhaaso/liushijie/energy/pass5_crab_v6_125d_covariance/run_gti_hour.sh.out.79724879.2449
20220423_04,1,3569.98087638058,91244987.0,90574037.0,0.9926467193205912,/home/lhaaso/liushijie/energy/pass5_crab_v6_125d_covariance/run_gti_hour.sh.out.79724879.2450
20220423_05,1,3564.24468678888,91210024.0,89979469.0,0.9865085552438841,/home/lhaaso/liushijie/energy/pass5_crab_v6_125d_covariance/run_gti_hour.sh.out.79724879.2451
20220423_06,2,2762.65333963092,91836274.0,70205538.0,0.7644641375585425,/home/lhaaso/liushijie/energy/pass5_crab_v6_125d_covariance/run_gti_hour.sh.out.79724879.2452
20220423_09,1,1907.9963152064,91332881.0,48352110.0,0.5294052861422383,/home/lhaaso/liushijie/energy/pass5_crab_v6_125d_covariance/run_gti_hour.sh.out.79724879.2453
20220423_10,1,3580.78290929552,91518288.0,90842203.0,0.9926125694134488,/home/lhaaso/liushijie/energy/pass5_crab_v6_125d_covariance/run_gti_hour.sh.out.79724879.2454
20220423_11,1,3577.55083506927,91580021.0,90287388.0,0.985885207429686,/home/lhaaso/liushijie/energy/pass5_crab_v6_125d_covariance/run_gti_hour.sh.out.79724879.2455
20220423_12,1,3563.53184615728,91881096.0,90680457.0,0.9869326874376858,/home/lhaaso/liushijie/energy/pass5_crab_v6_125d_covariance/run_gti_hour.sh.out.79724879.2456
20220423_13,1,3559.96963453945,91865013.0,90671391.0,0.9870067835292202,/home/lhaaso/liushijie/energy/pass5_crab_v6_125d_covariance/run_gti_hour.sh.out.79724879.2457
20220423_14,1,3542.98845527228,91825873.0,90629050.0,0.9869663858246139,/home/lhaaso/liushijie/energy/pass5_crab_v6_125d_covariance/run_gti_hour.sh.out.79724879.2458
20220423_15,2,3454.02281431016,92036228.0,88448691.0,0.9610203821043166,/home/lhaaso/liushijie/energy/pass5_crab_v6_125d_covariance/run_gti_hour.sh.out.79724879.2459
20220423_16,1,3547.63365739491,92193793.0,91063812.0,0.9877434156548912,/home/lhaaso/liushijie/energy/pass5_crab_v6_125d_covariance/run_gti_hour.sh.out.79724879.2460
20220423_17,1,3553.39694526047,92401174.0,91234086.0,0.987369337969667,/home/lhaaso/liushijie/energy/pass5_crab_v6_125d_covariance/run_gti_hour.sh.out.79724879.2461
20220423_18,2,3457.32361364644,92456124.0,88879280.0,0.9613130656439804,/home/lhaaso/liushijie/energy/pass5_crab_v6_125d_covariance/run_gti_hour.sh.out.79724879.2462
20220423_19,1,3568.37300376501,92753785.0,91580743.0,0.9873531630003024,/home/lhaaso/liushijie/energy/pass5_crab_v6_125d_covariance/run_gti_hour.sh.out.79724879.2463
20220423_20,1,3581.08306797221,92983842.0,91762620.0,0.9868662987704896,/home/lhaaso/liushijie/energy/pass5_crab_v6_125d_covariance/run_gti_hour.sh.out.79724879.2464
20220423_21,1,3547.78854427859,91805697.0,90679433.0,0.9877320903080775,/home/lhaaso/liushijie/energy/pass5_crab_v6_125d_covariance/run_gti_hour.sh.out.79724879.2465
20220423_22,1,3565.71767970454,91922660.0,90802079.0,0.9878095237888025,/home/lhaaso/liushijie/energy/pass5_crab_v6_125d_covariance/run_gti_hour.sh.out.79724879.2466
20220423_23,1,3515.03178107087,90665892.0,89478605.0,0.9869048109072814,/home/lhaaso/liushijie/energy/pass5_crab_v6_125d_covariance/run_gti_hour.sh.out.79724879.2467
20220424_00,1,3561.18741359096,91964961.0,90771718.0,0.987025025759539,/home/lhaaso/liushijie/energy/pass5_crab_v6_125d_covariance/run_gti_hour.sh.out.79724879.2468
20220424_01,1,3555.53325056098,91969211.0,90764188.0,0.9868975390035694,/home/lhaaso/liushijie/energy/pass5_crab_v6_125d_covariance/run_gti_hour.sh.out.79724879.2469
20220424_02,1,3557.03150862828,91872764.0,90692441.0,0.9871526342671044,/home/lhaaso/liushijie/energy/pass5_crab_v6_125d_covariance/run_gti_hour.sh.out.79724879.2470
20220424_03,1,3551.93823510781,91746383.0,90548841.0,0.9869472565474325,/home/lhaaso/liushijie/energy/pass5_crab_v6_125d_covariance/run_gti_hour.sh.out.79724879.2471
20220424_04,1,2796.13463371061,72608679.0,71420700.0,0.9836386088225073,/home/lhaaso/liushijie/energy/pass5_crab_v6_125d_covariance/run_gti_hour.sh.out.79724879.2472
20220424_09,3,1496.10902694985,59203840.0,38076027.0,0.6431344149298424,/home/lhaaso/liushijie/energy/pass5_crab_v6_125d_covariance/run_gti_hour.sh.out.79724879.2473
20220424_10,1,3586.579721421,92377215.0,91134512.0,0.9865475160730922,/home/lhaaso/liushijie/energy/pass5_crab_v6_125d_covariance/run_gti_hour.sh.out.79724879.2474
20220424_11,1,3538.93739597406,91110401.0,89874427.0,0.9864343259777772,/home/lhaaso/liushijie/energy/pass5_crab_v6_125d_covariance/run_gti_hour.sh.out.79724879.2475
20220424_12,1,3527.47148426715,90962164.0,89731886.0,0.9864748380436508,/home/lhaaso/liushijie/energy/pass5_crab_v6_125d_covariance/run_gti_hour.sh.out.79724879.2476
20220424_13,1,3570.85860937368,92216867.0,90988785.0,0.9866826748733505,/home/lhaaso/liushijie/energy/pass5_crab_v6_125d_covariance/run_gti_hour.sh.out.79724879.2477
20220424_14,1,3551.1300400598,92026491.0,90839454.0,0.9871011380842502,/home/lhaaso/liushijie/energy/pass5_crab_v6_125d_covariance/run_gti_hour.sh.out.79724879.2478
20220424_15,1,3551.35797460098,92190161.0,91040509.0,0.9875295586044155,/home/lhaaso/liushijie/energy/pass5_crab_v6_125d_covariance/run_gti_hour.sh.out.79724879.2479
20220424_16,1,3552.49811375979,92327697.0,91199138.0,0.9877765931928314,/home/lhaaso/liushijie/energy/pass5_crab_v6_125d_covariance/run_gti_hour.sh.out.79724879.2480
20220424_17,1,3593.91084741801,93539286.0,92354545.0,0.9873342950255147,/home/lhaaso/liushijie/energy/pass5_crab_v6_125d_covariance/run_gti_hour.sh.out.79724879.2481
20220424_18,1,3546.81192955468,92379742.0,91174581.0,0.9869542718575681,/home/lhaaso/liushijie/energy/pass5_crab_v6_125d_covariance/run_gti_hour.sh.out.79724879.2482
20220424_19,2,3459.32441123296,92522873.0,88853193.0,0.9603375913326859,/home/lhaaso/liushijie/energy/pass5_crab_v6_125d_covariance/run_gti_hour.sh.out.79724879.2483
20220424_20,1,3522.23638391588,91446357.0,90260997.0,0.9870376465625634,/home/lhaaso/liushijie/energy/pass5_crab_v6_125d_covariance/run_gti_hour.sh.out.79724879.2484
20220424_21,1,3591.69950354844,92830036.0,91685537.0,0.9876710270800714,/home/lhaaso/liushijie/energy/pass5_crab_v6_125d_covariance/run_gti_hour.sh.out.79724879.2485
20220424_22,1,3548.69481073692,91609692.0,90434916.0,0.9871762913469898,/home/lhaaso/liushijie/energy/pass5_crab_v6_125d_covariance/run_gti_hour.sh.out.79724879.2486
20220424_23,1,3554.10830795299,91748999.0,90534451.0,0.9867622751938688,/home/lhaaso/liushijie/energy/pass5_crab_v6_125d_covariance/run_gti_hour.sh.out.79724879.2487
20220425_00,1,3543.39216335211,91633729.0,90386739.0,0.9863915829508586,/home/lhaaso/liushijie/energy/pass5_crab_v6_125d_covariance/run_gti_hour.sh.out.79724879.2488
20220425_01,1,3531.3445603475,91602576.0,90348592.0,0.9863106033175312,/home/lhaaso/liushijie/energy/pass5_crab_v6_125d_covariance/run_gti_hour.sh.out.79724879.2489
20220425_02,1,3575.39119392168,92912373.0,91667907.0,0.986606025012406,/home/lhaaso/liushijie/energy/pass5_crab_v6_125d_covariance/run_gti_hour.sh.out.79724879.2490
20220425_03,1,3563.45120826736,92880851.0,91629846.0,0.9865310773261541,/home/lhaaso/liushijie/energy/pass5_crab_v6_125d_covariance/run_gti_hour.sh.out.79724879.2491
20220425_04,1,3551.92423334811,92793802.0,91547285.0,0.9865668075546684,/home/lhaaso/liushijie/energy/pass5_crab_v6_125d_covariance/run_gti_hour.sh.out.79724879.2492
20220425_05,2,3457.28477924131,92845274.0,89113331.0,0.9598047069148614,/home/lhaaso/liushijie/energy/pass5_crab_v6_125d_covariance/run_gti_hour.sh.out.79724879.2493
20220425_06,2,2176.3570930576,91602404.0,56004654.0,0.6113884740404848,/home/lhaaso/liushijie/energy/pass5_crab_v6_125d_covariance/run_gti_hour.sh.out.79724879.2494
20220425_09,1,2423.75321269501,92364057.0,62051224.0,0.6718113735519434,/home/lhaaso/liushijie/energy/pass5_crab_v6_125d_covariance/run_gti_hour.sh.out.79724879.2495
20220425_10,1,3521.80411282461,91276330.0,89963542.0,0.9856174322521513,/home/lhaaso/liushijie/energy/pass5_crab_v6_125d_covariance/run_gti_hour.sh.out.79724879.2496
20220425_11,2,3501.02138821967,92680655.0,89596606.0,0.9667239188156364,/home/lhaaso/liushijie/energy/pass5_crab_v6_125d_covariance/run_gti_hour.sh.out.79724879.2497
20220425_12,1,3595.0954875676,92159506.0,91482505.0,0.99265402963423,/home/lhaaso/liushijie/energy/pass5_crab_v6_125d_covariance/run_gti_hour.sh.out.79724879.2498
20220425_13,1,3575.81905508414,92456992.0,91286083.0,0.9873356360111737,/home/lhaaso/liushijie/energy/pass5_crab_v6_125d_covariance/run_gti_hour.sh.out.79724879.2499
20220425_14,1,3580.66546437331,92553874.0,91886877.0,0.992793418890278,/home/lhaaso/liushijie/energy/pass5_crab_v6_125d_covariance/run_gti_hour.sh.out.79724879.2500
20220425_15,1,3574.44460380357,92524139.0,91435775.0,0.9882369724078167,/home/lhaaso/liushijie/energy/pass5_crab_v6_125d_covariance/run_gti_hour.sh.out.79724879.2501
20220425_16,1,3568.03325819783,92594757.0,91521843.0,0.9884127996577603,/home/lhaaso/liushijie/energy/pass5_crab_v6_125d_covariance/run_gti_hour.sh.out.79724879.2502
20220425_17,1,3552.20838049427,92361960.0,91227942.0,0.9877220232225474,/home/lhaaso/liushijie/energy/pass5_crab_v6_125d_covariance/run_gti_hour.sh.out.79724879.2503
20220425_18,1,3571.16972843651,92708667.0,91556427.0,0.9875713885520542,/home/lhaaso/liushijie/energy/pass5_crab_v6_125d_covariance/run_gti_hour.sh.out.79724879.2504
20220425_19,1,3534.75380244199,91643496.0,90480126.0,0.9873054821042619,/home/lhaaso/liushijie/energy/pass5_crab_v6_125d_covariance/run_gti_hour.sh.out.79724879.2505
20220425_20,1,3557.49348057434,91687781.0,90527641.0,0.9873468417781863,/home/lhaaso/liushijie/energy/pass5_crab_v6_125d_covariance/run_gti_hour.sh.out.79724879.2506
20220425_21,1,3587.75091364514,92041097.0,90933497.0,0.9879662451220024,/home/lhaaso/liushijie/energy/pass5_crab_v6_125d_covariance/run_gti_hour.sh.out.79724879.2507
20220425_22,1,3544.79784623254,90775402.0,89616261.0,0.9872306707052644,/home/lhaaso/liushijie/energy/pass5_crab_v6_125d_covariance/run_gti_hour.sh.out.79724879.2508
20220425_23,1,3550.51452086773,90874617.0,89661520.0,0.9866508708366826,/home/lhaaso/liushijie/energy/pass5_crab_v6_125d_covariance/run_gti_hour.sh.out.79724879.2509
20220426_00,1,3548.61494984943,90827789.0,89601482.0,0.9864985483682752,/home/lhaaso/liushijie/energy/pass5_crab_v6_125d_covariance/run_gti_hour.sh.out.79724879.2510
20220426_01,1,3539.71225158311,90799214.0,89545105.0,0.9861881073111491,/home/lhaaso/liushijie/energy/pass5_crab_v6_125d_covariance/run_gti_hour.sh.out.79724879.2511
20220426_02,1,3576.53218363412,92031424.0,90765626.0,0.9862460239667703,/home/lhaaso/liushijie/energy/pass5_crab_v6_125d_covariance/run_gti_hour.sh.out.79724879.2512
20220426_03,1,3520.68132294808,90801125.0,89537407.0,0.9860825733161346,/home/lhaaso/liushijie/energy/pass5_crab_v6_125d_covariance/run_gti_hour.sh.out.79724879.2513
20220426_04,1,3560.99361057859,91984044.0,90729979.0,0.9863664941715327,/home/lhaaso/liushijie/energy/pass5_crab_v6_125d_covariance/run_gti_hour.sh.out.79724879.2514
20220426_05,1,3554.9536350416,91898536.0,90650327.0,0.9864175311780811,/home/lhaaso/liushijie/energy/pass5_crab_v6_125d_covariance/run_gti_hour.sh.out.79724879.2515
20220426_06,1,2049.72321381792,91813931.0,52272442.0,0.5693301814950065,/home/lhaaso/liushijie/energy/pass5_crab_v6_125d_covariance/run_gti_hour.sh.out.79724879.2516
20220426_09,2,2613.89995655045,91597744.0,66214460.0,0.7228830876009348,/home/lhaaso/liushijie/energy/pass5_crab_v6_125d_covariance/run_gti_hour.sh.out.79724879.2517
20220426_10,1,3525.24673836306,90419960.0,89115682.0,0.9855753309335682,/home/lhaaso/liushijie/energy/pass5_crab_v6_125d_covariance/run_gti_hour.sh.out.79724879.2518
20220426_11,1,3559.99603501987,91384518.0,90171527.0,0.9867265153163034,/home/lhaaso/liushijie/energy/pass5_crab_v6_125d_covariance/run_gti_hour.sh.out.79724879.2519
20220426_12,1,3558.83691839408,91449676.0,90241202.0,0.9867853659754902,/home/lhaaso/liushijie/energy/pass5_crab_v6_125d_covariance/run_gti_hour.sh.out.79724879.2520
20220426_13,1,3542.43649563286,91202501.0,90004705.0,0.9868666320893985,/home/lhaaso/liushijie/energy/pass5_crab_v6_125d_covariance/run_gti_hour.sh.out.79724879.2521
20220426_14,1,3573.31083342433,92128990.0,90973497.0,0.9874578783507776,/home/lhaaso/liushijie/energy/pass5_crab_v6_125d_covariance/run_gti_hour.sh.out.79724879.2522
20220426_15,1,3552.05848189071,91885058.0,90786179.0,0.9880407214848795,/home/lhaaso/liushijie/energy/pass5_crab_v6_125d_covariance/run_gti_hour.sh.out.79724879.2523
20220426_16,1,3554.72983131185,92089225.0,91001297.0,0.9881861531574405,/home/lhaaso/liushijie/energy/pass5_crab_v6_125d_covariance/run_gti_hour.sh.out.79724879.2524
20220426_17,1,3564.23673885874,92357047.0,91202492.0,0.9874990048133523,/home/lhaaso/liushijie/energy/pass5_crab_v6_125d_covariance/run_gti_hour.sh.out.79724879.2525
20220426_18,1,3578.79429669119,92558610.0,91378047.0,0.9872452384494538,/home/lhaaso/liushijie/energy/pass5_crab_v6_125d_covariance/run_gti_hour.sh.out.79724879.2526
20220426_19,1,3536.65356268175,91399045.0,90183281.0,0.9866982855236617,/home/lhaaso/liushijie/energy/pass5_crab_v6_125d_covariance/run_gti_hour.sh.out.79724879.2527
20220426_20,1,3561.54682058841,91747702.0,90540767.0,0.9868450656126515,/home/lhaaso/liushijie/energy/pass5_crab_v6_125d_covariance/run_gti_hour.sh.out.79724879.2528
20220426_21,1,3527.99397062045,90586238.0,89421899.0,0.9871466237509499,/home/lhaaso/liushijie/energy/pass5_crab_v6_125d_covariance/run_gti_hour.sh.out.79724879.2529
20220426_22,1,3589.50290449429,92013402.0,90773997.0,0.9865301687247691,/home/lhaaso/liushijie/energy/pass5_crab_v6_125d_covariance/run_gti_hour.sh.out.79724879.2530
20220426_23,1,3545.83445799071,90802209.0,89591688.0,0.9866685952541089,/home/lhaaso/liushijie/energy/pass5_crab_v6_125d_covariance/run_gti_hour.sh.out.79724879.2531
20220427_00,2,3443.48191267345,90989211.0,87263636.0,0.9590547608990697,/home/lhaaso/liushijie/energy/pass5_crab_v6_125d_covariance/run_gti_hour.sh.out.79724879.2532
20220427_01,1,3530.55414960254,90841779.0,89609658.0,0.9864366262576165,/home/lhaaso/liushijie/energy/pass5_crab_v6_125d_covariance/run_gti_hour.sh.out.79724879.2533
20220427_02,1,3563.37853276636,92065036.0,90822976.0,0.9865088848713425,/home/lhaaso/liushijie/energy/pass5_crab_v6_125d_covariance/run_gti_hour.sh.out.79724879.2534
20220427_03,1,3546.93233664148,92019901.0,90782420.0,0.9865520285660816,/home/lhaaso/liushijie/energy/pass5_crab_v6_125d_covariance/run_gti_hour.sh.out.79724879.2535
20220427_04,1,3590.50745610148,92679107.0,91995580.0,0.9926247994599258,/home/lhaaso/liushijie/energy/pass5_crab_v6_125d_covariance/run_gti_hour.sh.out.79724879.2536
20220427_05,1,3588.26493783854,92644927.0,91437920.0,0.9869716881529843,/home/lhaaso/liushijie/energy/pass5_crab_v6_125d_covariance/run_gti_hour.sh.out.79724879.2537
20220427_06,1,1749.43611861672,91984992.0,44796115.0,0.48699373697831055,/home/lhaaso/liushijie/energy/pass5_crab_v6_125d_covariance/run_gti_hour.sh.out.79724879.2538
20220427_09,17,862.108729127795,39955517.0,21779789.0,0.5451009181034999,/home/lhaaso/liushijie/energy/pass5_crab_v6_125d_covariance/run_gti_hour.sh.out.79724879.2539
20220427_10,41,29.0057676611468,0.0,0.0,0.0,/home/lhaaso/liushijie/energy/pass5_crab_v6_125d_covariance/run_gti_hour.sh.out.79724879.2540
20220427_11,49,57.9768864205107,0.0,0.0,0.0,/home/lhaaso/liushijie/energy/pass5_crab_v6_125d_covariance/run_gti_hour.sh.out.79724879.2541
20220427_12,50,51.0835057357326,0.0,0.0,0.0,/home/lhaaso/liushijie/energy/pass5_crab_v6_125d_covariance/run_gti_hour.sh.out.79724879.2542
20220427_13,49,103.558151959442,0.0,0.0,0.0,/home/lhaaso/liushijie/energy/pass5_crab_v6_125d_covariance/run_gti_hour.sh.out.79724879.2543
20220427_14,50,153.154535405338,0.0,0.0,0.0,/home/lhaaso/liushijie/energy/pass5_crab_v6_125d_covariance/run_gti_hour.sh.out.79724879.2544
20220427_15,50,210.23382875137,0.0,0.0,0.0,/home/lhaaso/liushijie/energy/pass5_crab_v6_125d_covariance/run_gti_hour.sh.out.79724879.2545
20220427_16,50,261.994699551724,0.0,0.0,0.0,/home/lhaaso/liushijie/energy/pass5_crab_v6_125d_covariance/run_gti_hour.sh.out.79724879.2546
20220427_17,20,1486.90787740052,39972529.0,15850564.0,0.3965364313076113,/home/lhaaso/liushijie/energy/pass5_crab_v6_125d_covariance/run_gti_hour.sh.out.79724879.2547
20220427_18,1,3547.95285263099,93784843.0,92564539.0,0.986988259925967,/home/lhaaso/liushijie/energy/pass5_crab_v6_125d_covariance/run_gti_hour.sh.out.79724879.2548
20220427_19,1,3534.27434542682,93013441.0,91800091.0,0.9869551111435604,/home/lhaaso/liushijie/energy/pass5_crab_v6_125d_covariance/run_gti_hour.sh.out.79724879.2549
20220427_20,1,3545.72095340118,93173696.0,91966276.0,0.9870411923983352,/home/lhaaso/liushijie/energy/pass5_crab_v6_125d_covariance/run_gti_hour.sh.out.79724879.2550
20220427_21,1,3572.84972271882,93415701.0,92263726.0,0.9876682935773291,/home/lhaaso/liushijie/energy/pass5_crab_v6_125d_covariance/run_gti_hour.sh.out.79724879.2551
20220427_22,1,3544.95643770788,92343167.0,91151066.0,0.9870905337262258,/home/lhaaso/liushijie/energy/pass5_crab_v6_125d_covariance/run_gti_hour.sh.out.79724879.2552
20220427_23,1,3544.89665629808,92316835.0,91089620.0,0.9867064875003568,/home/lhaaso/liushijie/energy/pass5_crab_v6_125d_covariance/run_gti_hour.sh.out.79724879.2553
20220428_00,1,3589.85302895308,93357728.0,92112423.0,0.9866609328796005,/home/lhaaso/liushijie/energy/pass5_crab_v6_125d_covariance/run_gti_hour.sh.out.79724879.2554
20220428_01,2,3439.37948320527,92046990.0,88245310.0,0.9586984865012967,/home/lhaaso/liushijie/energy/pass5_crab_v6_125d_covariance/run_gti_hour.sh.out.79724879.2555
20220428_02,1,3540.0898603024,92139013.0,90871348.0,0.9862418213661568,/home/lhaaso/liushijie/energy/pass5_crab_v6_125d_covariance/run_gti_hour.sh.out.79724879.2556
20220428_03,1,3569.74090647418,93297615.0,92033878.0,0.9864547770058216,/home/lhaaso/liushijie/energy/pass5_crab_v6_125d_covariance/run_gti_hour.sh.out.79724879.2557
20220428_04,1,3563.6355998693,93303823.0,92041282.0,0.9864684965802527,/home/lhaaso/liushijie/energy/pass5_crab_v6_125d_covariance/run_gti_hour.sh.out.79724879.2558
20220428_05,1,3525.05461319815,92114402.0,90864971.0,0.986436094976766,/home/lhaaso/liushijie/energy/pass5_crab_v6_125d_covariance/run_gti_hour.sh.out.79724879.2559
20220428_06,2,1541.33648166899,93414866.0,39697366.0,0.42495769356453394,/home/lhaaso/liushijie/energy/pass5_crab_v6_125d_covariance/run_gti_hour.sh.out.79724879.2560
20220428_09,26,1173.35951649584,41147416.0,29297533.0,0.7120139208741565,/home/lhaaso/liushijie/energy/pass5_crab_v6_125d_covariance/run_gti_hour.sh.out.79724879.2561
20220428_10,49,40.7570096198469,0.0,0.0,0.0,/home/lhaaso/liushijie/energy/pass5_crab_v6_125d_covariance/run_gti_hour.sh.out.79724879.2562
20220428_11,37,40.2874279534444,0.0,0.0,0.0,/home/lhaaso/liushijie/energy/pass5_crab_v6_125d_covariance/run_gti_hour.sh.out.79724879.2563
20220428_12,49,87.4541455646977,0.0,0.0,0.0,/home/lhaaso/liushijie/energy/pass5_crab_v6_125d_covariance/run_gti_hour.sh.out.79724879.2564
20220428_13,49,114.470208669081,0.0,0.0,0.0,/home/lhaaso/liushijie/energy/pass5_crab_v6_125d_covariance/run_gti_hour.sh.out.79724879.2565
20220428_14,49,198.834675760008,0.0,0.0,0.0,/home/lhaaso/liushijie/energy/pass5_crab_v6_125d_covariance/run_gti_hour.sh.out.79724879.2566
20220428_15,49,299.26329141017,0.0,0.0,0.0,/home/lhaaso/liushijie/energy/pass5_crab_v6_125d_covariance/run_gti_hour.sh.out.79724879.2567
20220428_16,49,293.699948396534,0.0,0.0,0.0,/home/lhaaso/liushijie/energy/pass5_crab_v6_125d_covariance/run_gti_hour.sh.out.79724879.2568
20220428_17,28,130.328485532664,0.0,0.0,0.0,/home/lhaaso/liushijie/energy/pass5_crab_v6_125d_covariance/run_gti_hour.sh.out.79724879.2569
20220428_19,2,489.405102306046,13539104.0,12871946.0,0.950723622479006,/home/lhaaso/liushijie/energy/pass5_crab_v6_125d_covariance/run_gti_hour.sh.out.79724879.2570
20220428_20,1,3275.85957956035,87231166.0,86021909.0,0.9861373284864724,/home/lhaaso/liushijie/energy/pass5_crab_v6_125d_covariance/run_gti_hour.sh.out.79724879.2571
20220428_21,2,3483.26622149907,95003204.0,91320777.0,0.9612389177948146,/home/lhaaso/liushijie/energy/pass5_crab_v6_125d_covariance/run_gti_hour.sh.out.79724879.2572
20220428_22,1,3530.18118340988,93710907.0,92502681.0,0.9871068796719682,/home/lhaaso/liushijie/energy/pass5_crab_v6_125d_covariance/run_gti_hour.sh.out.79724879.2573
20220428_23,2,3411.36361411773,92222726.0,89702357.0,0.9726708468799762,/home/lhaaso/liushijie/energy/pass5_crab_v6_125d_covariance/run_gti_hour.sh.out.79724879.2574
20220429_00,1,3533.07901143562,94299143.0,93044919.0,0.9866995185735675,/home/lhaaso/liushijie/energy/pass5_crab_v6_125d_covariance/run_gti_hour.sh.out.79724879.2575
20220429_01,1,3570.43675614987,95505182.0,94248968.0,0.9868466404262755,/home/lhaaso/liushijie/energy/pass5_crab_v6_125d_covariance/run_gti_hour.sh.out.79724879.2576
20220429_02,2,3462.87098536268,95442922.0,91664001.0,0.960406482525755,/home/lhaaso/liushijie/energy/pass5_crab_v6_125d_covariance/run_gti_hour.sh.out.79724879.2577
20220429_03,1,3549.73008222878,95455243.0,94208498.0,0.9869389573498859,/home/lhaaso/liushijie/energy/pass5_crab_v6_125d_covariance/run_gti_hour.sh.out.79724879.2578
20220429_04,1,3540.07266943809,95434811.0,94176600.0,0.9868160162228434,/home/lhaaso/liushijie/energy/pass5_crab_v6_125d_covariance/run_gti_hour.sh.out.79724879.2579
20220429_05,1,3580.31521984376,96640914.0,95391037.0,0.9870667924353447,/home/lhaaso/liushijie/energy/pass5_crab_v6_125d_covariance/run_gti_hour.sh.out.79724879.2580
20220429_06,1,1243.15650137141,95451987.0,33096858.0,0.34673828214807095,/home/lhaaso/liushijie/energy/pass5_crab_v6_125d_covariance/run_gti_hour.sh.out.79724879.2581
20220429_09,11,2526.28766836133,72181678.0,67048800.0,0.9288894613948986,/home/lhaaso/liushijie/energy/pass5_crab_v6_125d_covariance/run_gti_hour.sh.out.79724879.2582
20220429_10,50,55.7078457204625,0.0,0.0,0.0,/home/lhaaso/liushijie/energy/pass5_crab_v6_125d_covariance/run_gti_hour.sh.out.79724879.2583
20220429_11,51,85.1870385697111,0.0,0.0,0.0,/home/lhaaso/liushijie/energy/pass5_crab_v6_125d_covariance/run_gti_hour.sh.out.79724879.2584
20220429_12,50,96.9931346364319,0.0,0.0,0.0,/home/lhaaso/liushijie/energy/pass5_crab_v6_125d_covariance/run_gti_hour.sh.out.79724879.2585
20220429_13,51,86.713588074781,0.0,0.0,0.0,/home/lhaaso/liushijie/energy/pass5_crab_v6_125d_covariance/run_gti_hour.sh.out.79724879.2586
20220429_14,51,165.574557683431,0.0,0.0,0.0,/home/lhaaso/liushijie/energy/pass5_crab_v6_125d_covariance/run_gti_hour.sh.out.79724879.2587
20220429_15,50,253.135339915752,0.0,0.0,0.0,/home/lhaaso/liushijie/energy/pass5_crab_v6_125d_covariance/run_gti_hour.sh.out.79724879.2588
20220429_16,52,279.586639185436,0.0,0.0,0.0,/home/lhaaso/liushijie/energy/pass5_crab_v6_125d_covariance/run_gti_hour.sh.out.79724879.2589
20220429_17,51,197.668078914285,0.0,0.0,0.0,/home/lhaaso/liushijie/energy/pass5_crab_v6_125d_covariance/run_gti_hour.sh.out.79724879.2590
20220429_18,51,170.334514137357,0.0,0.0,0.0,/home/lhaaso/liushijie/energy/pass5_crab_v6_125d_covariance/run_gti_hour.sh.out.79724879.2591
20220429_19,20,2163.33941635676,59327265.0,18439203.0,0.3108048719252438,/home/lhaaso/liushijie/energy/pass5_crab_v6_125d_covariance/run_gti_hour.sh.out.79724879.2592
20220429_20,1,3536.77867201623,98622815.0,97442660.0,0.9880336512398272,/home/lhaaso/liushijie/energy/pass5_crab_v6_125d_covariance/run_gti_hour.sh.out.79724879.2593
20220429_21,1,3565.31959420536,98868816.0,97677715.0,0.9879527130172167,/home/lhaaso/liushijie/energy/pass5_crab_v6_125d_covariance/run_gti_hour.sh.out.79724879.2594
20220429_22,1,3545.89161230251,97873704.0,96685861.0,0.9878635123485262,/home/lhaaso/liushijie/energy/pass5_crab_v6_125d_covariance/run_gti_hour.sh.out.79724879.2595
20220429_23,1,3556.65940870531,97953313.0,96716826.0,0.9873767720342446,/home/lhaaso/liushijie/energy/pass5_crab_v6_125d_covariance/run_gti_hour.sh.out.79724879.2596
20220430_00,2,3459.56843148451,97766255.0,94007295.0,0.9615515598914983,/home/lhaaso/liushijie/energy/pass5_crab_v6_125d_covariance/run_gti_hour.sh.out.79724879.2597
20220430_01,2,3447.82799212262,97721974.0,93945226.0,0.9613521110410643,/home/lhaaso/liushijie/energy/pass5_crab_v6_125d_covariance/run_gti_hour.sh.out.79724879.2598
20220430_02,1,3556.43447027542,98767776.0,97502244.0,0.9871867925830384,/home/lhaaso/liushijie/energy/pass5_crab_v6_125d_covariance/run_gti_hour.sh.out.79724879.2599
20220430_03,1,3590.57373579126,99990146.0,98740736.0,0.9875046687100547,/home/lhaaso/liushijie/energy/pass5_crab_v6_125d_covariance/run_gti_hour.sh.out.79724879.2600
20220430_04,1,3535.51064052153,98700944.0,97457717.0,0.9874041022343211,/home/lhaaso/liushijie/energy/pass5_crab_v6_125d_covariance/run_gti_hour.sh.out.79724879.2601
20220430_05,1,3536.50815573055,98694354.0,97438989.0,0.9872802754248738,/home/lhaaso/liushijie/energy/pass5_crab_v6_125d_covariance/run_gti_hour.sh.out.79724879.2602
20220430_06,1,1058.57550634537,100023828.0,29140827.0,0.2913388497788747,/home/lhaaso/liushijie/energy/pass5_crab_v6_125d_covariance/run_gti_hour.sh.out.79724879.2603
20220430_08,2,1.09136591199785,89541079.0,0.0,0.0,/home/lhaaso/liushijie/energy/pass5_crab_v6_125d_covariance/run_gti_hour.sh.out.79724879.2604
20220430_09,50,61.7410702630877,0.0,0.0,0.0,/home/lhaaso/liushijie/energy/pass5_crab_v6_125d_covariance/run_gti_hour.sh.out.79724879.2605
20220430_10,48,79.6246397774667,0.0,0.0,0.0,/home/lhaaso/liushijie/energy/pass5_crab_v6_125d_covariance/run_gti_hour.sh.out.79724879.2606
20220430_11,51,167.575510544702,0.0,0.0,0.0,/home/lhaaso/liushijie/energy/pass5_crab_v6_125d_covariance/run_gti_hour.sh.out.79724879.2607
20220430_12,50,183.678854978643,0.0,0.0,0.0,/home/lhaaso/liushijie/energy/pass5_crab_v6_125d_covariance/run_gti_hour.sh.out.79724879.2608
20220430_13,50,157.734113512561,0.0,0.0,0.0,/home/lhaaso/liushijie/energy/pass5_crab_v6_125d_covariance/run_gti_hour.sh.out.79724879.2609
20220430_14,51,143.072292138822,0.0,0.0,0.0,/home/lhaaso/liushijie/energy/pass5_crab_v6_125d_covariance/run_gti_hour.sh.out.79724879.2610
20220430_15,51,225.167712243274,0.0,0.0,0.0,/home/lhaaso/liushijie/energy/pass5_crab_v6_125d_covariance/run_gti_hour.sh.out.79724879.2611
20220430_16,51,281.255532894284,0.0,0.0,0.0,/home/lhaaso/liushijie/energy/pass5_crab_v6_125d_covariance/run_gti_hour.sh.out.79724879.2612
20220430_17,51,192.096150526777,0.0,0.0,0.0,/home/lhaaso/liushijie/energy/pass5_crab_v6_125d_covariance/run_gti_hour.sh.out.79724879.2613
20220430_18,40,221.893859049305,2778482.0,0.0,0.0,/home/lhaaso/liushijie/energy/pass5_crab_v6_125d_covariance/run_gti_hour.sh.out.79724879.2614
20220430_19,3,2801.01878356654,80781660.0,78227278.0,0.9683791840870811,/home/lhaaso/liushijie/energy/pass5_crab_v6_125d_covariance/run_gti_hour.sh.out.79724879.2615
20220430_20,1,3591.00749676581,101057528.0,99884579.0,0.9883932545826769,/home/lhaaso/liushijie/energy/pass5_crab_v6_125d_covariance/run_gti_hour.sh.out.79724879.2616
20220430_21,3,3389.99132949393,99271121.0,93875162.0,0.9456442221499645,/home/lhaaso/liushijie/energy/pass5_crab_v6_125d_covariance/run_gti_hour.sh.out.79724879.2617
20220430_22,2,3492.99125487451,99434284.0,95823510.0,0.9636868305905436,/home/lhaaso/liushijie/energy/pass5_crab_v6_125d_covariance/run_gti_hour.sh.out.79724879.2618
20220430_23,1,3533.61293342896,98698975.0,97474799.0,0.9875968722066263,/home/lhaaso/liushijie/energy/pass5_crab_v6_125d_covariance/run_gti_hour.sh.out.79724879.2619
20220501_00,1,3573.99057161529,99747201.0,98521055.0,0.9877074645934175,/home/lhaaso/liushijie/energy/pass5_crab_v6_125d_covariance/run_gti_hour.sh.out.79724879.2620
20220501_01,1,3561.57796103507,99706555.0,98473091.0,0.9876290580895107,/home/lhaaso/liushijie/energy/pass5_crab_v6_125d_covariance/run_gti_hour.sh.out.79724879.2621
20220501_02,1,3552.5535191875,99720133.0,98506331.0,0.9878279143490513,/home/lhaaso/liushijie/energy/pass5_crab_v6_125d_covariance/run_gti_hour.sh.out.79724879.2622
20220501_03,1,3546.99409324676,99768800.0,98541534.0,0.9876988998564682,/home/lhaaso/liushijie/energy/pass5_crab_v6_125d_covariance/run_gti_hour.sh.out.79724879.2623
20220501_04,1,3575.93043737579,100956573.0,99745970.0,0.9880086757699273,/home/lhaaso/liushijie/energy/pass5_crab_v6_125d_covariance/run_gti_hour.sh.out.79724879.2624
20220501_05,1,3535.45489122625,99766727.0,98598638.0,0.9882917979257754,/home/lhaaso/liushijie/energy/pass5_crab_v6_125d_covariance/run_gti_hour.sh.out.79724879.2625
20220501_06,1,868.008578312583,101085770.0,24120985.0,0.23861899652146884,/home/lhaaso/liushijie/energy/pass5_crab_v6_125d_covariance/run_gti_hour.sh.out.79724879.2626
20220501_08,1,231.538066570647,100776241.0,6428994.0,0.0637947390794225,/home/lhaaso/liushijie/energy/pass5_crab_v6_125d_covariance/run_gti_hour.sh.out.79724879.2627
20220501_09,2,3031.52003972791,85437265.0,84155245.0,0.9849946039354139,/home/lhaaso/liushijie/energy/pass5_crab_v6_125d_covariance/run_gti_hour.sh.out.79724879.2628
20220501_10,1,3541.80324682966,99900768.0,98688201.0,0.9878622855031505,/home/lhaaso/liushijie/energy/pass5_crab_v6_125d_covariance/run_gti_hour.sh.out.79724879.2629
20220501_11,1,3561.61033927929,99944663.0,98732601.0,0.9878726690988993,/home/lhaaso/liushijie/energy/pass5_crab_v6_125d_covariance/run_gti_hour.sh.out.79724879.2630
20220501_12,1,3556.49664115626,99782942.0,98571953.0,0.9878637673361044,/home/lhaaso/liushijie/energy/pass5_crab_v6_125d_covariance/run_gti_hour.sh.out.79724879.2631
20220501_13,1,3529.78829867207,99440785.0,98259228.0,0.9881179839841369,/home/lhaaso/liushijie/energy/pass5_crab_v6_125d_covariance/run_gti_hour.sh.out.79724879.2632
20220501_14,1,3574.43821553607,100947654.0,99812443.0,0.9887544588208063,/home/lhaaso/liushijie/energy/pass5_crab_v6_125d_covariance/run_gti_hour.sh.out.79724879.2633
20220501_15,1,3580.0591761712,101211666.0,100134470.0,0.9893569976409636,/home/lhaaso/liushijie/energy/pass5_crab_v6_125d_covariance/run_gti_hour.sh.out.79724879.2634
20220501_16,1,3563.45375049859,100958769.0,99858377.0,0.9891005802576693,/home/lhaaso/liushijie/energy/pass5_crab_v6_125d_covariance/run_gti_hour.sh.out.79724879.2635
20220501_17,1,3521.36884939391,99972281.0,98712223.0,0.9873959262768046,/home/lhaaso/liushijie/energy/pass5_crab_v6_125d_covariance/run_gti_hour.sh.out.79724879.2636
20220501_18,1,3568.03880471271,101199451.0,100022315.0,0.9883681582422814,/home/lhaaso/liushijie/energy/pass5_crab_v6_125d_covariance/run_gti_hour.sh.out.79724879.2637
20220501_19,1,3547.78949478641,100311418.0,99106302.0,0.9879862529707236,/home/lhaaso/liushijie/energy/pass5_crab_v6_125d_covariance/run_gti_hour.sh.out.79724879.2638
20220501_20,1,3572.28736595716,100566721.0,99378180.0,0.9881815675386294,/home/lhaaso/liushijie/energy/pass5_crab_v6_125d_covariance/run_gti_hour.sh.out.79724879.2639
20220501_21,1,3547.03830757644,99408398.0,98263579.0,0.988483679215915,/home/lhaaso/liushijie/energy/pass5_crab_v6_125d_covariance/run_gti_hour.sh.out.79724879.2640
20220501_22,1,3557.65490031336,99483079.0,98322601.0,0.9883349207557197,/home/lhaaso/liushijie/energy/pass5_crab_v6_125d_covariance/run_gti_hour.sh.out.79724879.2641
20220501_23,1,3559.11408571992,99481600.0,98279889.0,0.9879202686727998,/home/lhaaso/liushijie/energy/pass5_crab_v6_125d_covariance/run_gti_hour.sh.out.79724879.2642
20220502_00,1,3556.7894855747,99595636.0,98390967.0,0.987904399746993,/home/lhaaso/liushijie/energy/pass5_crab_v6_125d_covariance/run_gti_hour.sh.out.79724879.2643
20220502_01,1,3593.76786451321,100931013.0,99652870.0,0.9873364691187634,/home/lhaaso/liushijie/energy/pass5_crab_v6_125d_covariance/run_gti_hour.sh.out.79724879.2644
20220502_02,1,3539.55361673143,99610066.0,98373846.0,0.9875894068778149,/home/lhaaso/liushijie/energy/pass5_crab_v6_125d_covariance/run_gti_hour.sh.out.79724879.2645
20220502_03,1,3536.05123681482,99614101.0,98392561.0,0.9877372782795079,/home/lhaaso/liushijie/energy/pass5_crab_v6_125d_covariance/run_gti_hour.sh.out.79724879.2646
20220502_04,1,3572.82261501532,100843312.0,99589263.0,0.9875643810667385,/home/lhaaso/liushijie/energy/pass5_crab_v6_125d_covariance/run_gti_hour.sh.out.79724879.2647
20220502_05,1,3572.79272556771,100791173.0,99565023.0,0.9878347481877208,/home/lhaaso/liushijie/energy/pass5_crab_v6_125d_covariance/run_gti_hour.sh.out.79724879.2648
20220502_06,1,590.714494208805,99627532.0,16424050.0,0.16485453037218667,/home/lhaaso/liushijie/energy/pass5_crab_v6_125d_covariance/run_gti_hour.sh.out.79724879.2649
20220502_08,2,456.432896316983,100679184.0,12606489.0,0.12521445346636897,/home/lhaaso/liushijie/energy/pass5_crab_v6_125d_covariance/run_gti_hour.sh.out.79724879.2650
20220502_09,1,3534.99763347208,99024648.0,97791508.0,0.9875471407886247,/home/lhaaso/liushijie/energy/pass5_crab_v6_125d_covariance/run_gti_hour.sh.out.79724879.2651
20220502_10,2,3493.35279548541,99580128.0,96493007.0,0.9689986239021504,/home/lhaaso/liushijie/energy/pass5_crab_v6_125d_covariance/run_gti_hour.sh.out.79724879.2652
20220502_11,2,3478.33852933254,99204269.0,95509039.0,0.9627513005513906,/home/lhaaso/liushijie/energy/pass5_crab_v6_125d_covariance/run_gti_hour.sh.out.79724879.2653
20220502_12,1,3585.07610920351,100228535.0,99035150.0,0.9880933608378093,/home/lhaaso/liushijie/energy/pass5_crab_v6_125d_covariance/run_gti_hour.sh.out.79724879.2654
20220502_13,2,3465.24689847138,99547352.0,95997562.0,0.964340688841226,/home/lhaaso/liushijie/energy/pass5_crab_v6_125d_covariance/run_gti_hour.sh.out.79724879.2655
20220502_14,1,3541.01795512252,99407957.0,98259627.0,0.9884483090221842,/home/lhaaso/liushijie/energy/pass5_crab_v6_125d_covariance/run_gti_hour.sh.out.79724879.2656
20220502_15,1,3585.8936986886,100693508.0,99617304.0,0.98931208156935,/home/lhaaso/liushijie/energy/pass5_crab_v6_125d_covariance/run_gti_hour.sh.out.79724879.2657
20220502_16,1,3561.77584142424,99922671.0,98812967.0,0.9888943721290236,/home/lhaaso/liushijie/energy/pass5_crab_v6_125d_covariance/run_gti_hour.sh.out.79724879.2658
20220502_17,1,3530.55704261642,99029783.0,97872061.0,0.9883093553784723,/home/lhaaso/liushijie/energy/pass5_crab_v6_125d_covariance/run_gti_hour.sh.out.79724879.2659
20220502_18,1,3584.88782756031,100470894.0,99305926.0,0.9884049205335029,/home/lhaaso/liushijie/energy/pass5_crab_v6_125d_covariance/run_gti_hour.sh.out.79724879.2660
20220502_19,1,3554.75430563092,99436075.0,98266290.0,0.9882358087846891,/home/lhaaso/liushijie/energy/pass5_crab_v6_125d_covariance/run_gti_hour.sh.out.79724879.2661
20220502_20,1,3574.03088395949,99640282.0,98515994.0,0.9887165313321775,/home/lhaaso/liushijie/energy/pass5_crab_v6_125d_covariance/run_gti_hour.sh.out.79724879.2662
20220502_21,1,3546.91147953272,98539010.0,97435307.0,0.9887993293214535,/home/lhaaso/liushijie/energy/pass5_crab_v6_125d_covariance/run_gti_hour.sh.out.79724879.2663
20220502_22,1,3562.97139418311,98709286.0,97565785.0,0.9884154668082595,/home/lhaaso/liushijie/energy/pass5_crab_v6_125d_covariance/run_gti_hour.sh.out.79724879.2664
20220502_23,1,3570.29038423207,98764386.0,97596948.0,0.9881795650509081,/home/lhaaso/liushijie/energy/pass5_crab_v6_125d_covariance/run_gti_hour.sh.out.79724879.2665
20220503_00,1,3558.99158965331,98656243.0,97476065.0,0.988037472702057,/home/lhaaso/liushijie/energy/pass5_crab_v6_125d_covariance/run_gti_hour.sh.out.79724879.2666
20220503_01,1,3544.89026111551,98426055.0,97250512.0,0.9880565872522271,/home/lhaaso/liushijie/energy/pass5_crab_v6_125d_covariance/run_gti_hour.sh.out.79724879.2667
20220503_02,1,3576.76198650151,98984036.0,98291052.0,0.9929990326925041,/home/lhaaso/liushijie/energy/pass5_crab_v6_125d_covariance/run_gti_hour.sh.out.79724879.2668
20220503_03,1,3570.64203754999,98921908.0,97735440.0,0.9880060137942346,/home/lhaaso/liushijie/energy/pass5_crab_v6_125d_covariance/run_gti_hour.sh.out.79724879.2669
20220503_04,2,3484.16540441103,99471120.0,95891281.0,0.9640112728196888,/home/lhaaso/liushijie/energy/pass5_crab_v6_125d_covariance/run_gti_hour.sh.out.79724879.2670
20220503_05,1,3574.03288430069,99564818.0,98358807.0,0.9878871771753753,/home/lhaaso/liushijie/energy/pass5_crab_v6_125d_covariance/run_gti_hour.sh.out.79724879.2671
20220503_06,1,321.604463481344,98516114.0,8799810.0,0.08932355979855235,/home/lhaaso/liushijie/energy/pass5_crab_v6_125d_covariance/run_gti_hour.sh.out.79724879.2672
20220503_08,2,696.227133530192,98023399.0,18975437.0,0.1935806878110807,/home/lhaaso/liushijie/energy/pass5_crab_v6_125d_covariance/run_gti_hour.sh.out.79724879.2673
20220503_09,1,3576.62553896662,97937327.0,96786149.0,0.9882457686434509,/home/lhaaso/liushijie/energy/pass5_crab_v6_125d_covariance/run_gti_hour.sh.out.79724879.2674
20220503_10,1,3579.01607933454,97811011.0,97095063.0,0.9926802924059337,/home/lhaaso/liushijie/energy/pass5_crab_v6_125d_covariance/run_gti_hour.sh.out.79724879.2675
20220503_11,1,3582.82455231529,97738861.0,96567788.0,0.9880183481982668,/home/lhaaso/liushijie/energy/pass5_crab_v6_125d_covariance/run_gti_hour.sh.out.79724879.2676
20220503_12,1,3536.37013533153,96974655.0,95804364.0,0.987931991096024,/home/lhaaso/liushijie/energy/pass5_crab_v6_125d_covariance/run_gti_hour.sh.out.79724879.2677
20220503_13,1,3560.11525020003,97897192.0,96739433.0,0.9881737261677536,/home/lhaaso/liushijie/energy/pass5_crab_v6_125d_covariance/run_gti_hour.sh.out.79724879.2678
20220503_14,1,3565.4299040325,98190968.0,97043790.0,0.988316868410952,/home/lhaaso/liushijie/energy/pass5_crab_v6_125d_covariance/run_gti_hour.sh.out.79724879.2679
20220503_15,1,3558.20961152203,98232833.0,97145583.0,0.9889319083365945,/home/lhaaso/liushijie/energy/pass5_crab_v6_125d_covariance/run_gti_hour.sh.out.79724879.2680
20220503_16,1,3561.51050075423,98405910.0,97268402.0,0.9884406536152148,/home/lhaaso/liushijie/energy/pass5_crab_v6_125d_covariance/run_gti_hour.sh.out.79724879.2681
20220503_17,1,3560.69079651497,98412998.0,97210569.0,0.9877818070332539,/home/lhaaso/liushijie/energy/pass5_crab_v6_125d_covariance/run_gti_hour.sh.out.79724879.2682
20220503_18,1,3577.97549958341,98668644.0,97455323.0,0.9877030741397439,/home/lhaaso/liushijie/energy/pass5_crab_v6_125d_covariance/run_gti_hour.sh.out.79724879.2683
20220503_19,1,3549.29051259533,97563961.0,96358229.0,0.9876416251693594,/home/lhaaso/liushijie/energy/pass5_crab_v6_125d_covariance/run_gti_hour.sh.out.79724879.2684
20220503_20,1,3569.70221477095,97698365.0,96531065.0,0.9880520006655178,/home/lhaaso/liushijie/energy/pass5_crab_v6_125d_covariance/run_gti_hour.sh.out.79724879.2685
20220503_21,1,3545.59268702287,96553213.0,95404892.0,0.9881068587536285,/home/lhaaso/liushijie/energy/pass5_crab_v6_125d_covariance/run_gti_hour.sh.out.79724879.2686
20220503_22,1,3561.33255714085,96676735.0,95501284.0,0.9878414284470819,/home/lhaaso/liushijie/energy/pass5_crab_v6_125d_covariance/run_gti_hour.sh.out.79724879.2687
20220503_23,1,3528.55953660328,95560616.0,94356655.0,0.9874010753551442,/home/lhaaso/liushijie/energy/pass5_crab_v6_125d_covariance/run_gti_hour.sh.out.79724879.2688
20220504_00,1,3580.21823661402,97053774.0,95807314.0,0.9871570166864403,/home/lhaaso/liushijie/energy/pass5_crab_v6_125d_covariance/run_gti_hour.sh.out.79724879.2689
20220504_01,1,3571.30411025137,96471038.0,95813099.0,0.9931799324062419,/home/lhaaso/liushijie/energy/pass5_crab_v6_125d_covariance/run_gti_hour.sh.out.79724879.2690
20220504_02,2,3464.8243015632,96427751.0,92638052.0,0.960699083399757,/home/lhaaso/liushijie/energy/pass5_crab_v6_125d_covariance/run_gti_hour.sh.out.79724879.2691
20220504_03,1,3594.50512162875,97692645.0,97047976.0,0.9934010487688198,/home/lhaaso/liushijie/energy/pass5_crab_v6_125d_covariance/run_gti_hour.sh.out.79724879.2692
20220504_04,1,3591.00163907278,97687855.0,96445722.0,0.9872846732073296,/home/lhaaso/liushijie/energy/pass5_crab_v6_125d_covariance/run_gti_hour.sh.out.79724879.2693
20220504_05,1,3552.6139361551,97123286.0,95875135.0,0.9871487976632092,/home/lhaaso/liushijie/energy/pass5_crab_v6_125d_covariance/run_gti_hour.sh.out.79724879.2694
20220504_06,1,143.711851257831,97103937.0,3860521.0,0.03975658577056459,/home/lhaaso/liushijie/energy/pass5_crab_v6_125d_covariance/run_gti_hour.sh.out.79724879.2695
20220504_08,1,949.055197904818,96773268.0,25507832.0,0.2635834515787976,/home/lhaaso/liushijie/energy/pass5_crab_v6_125d_covariance/run_gti_hour.sh.out.79724879.2696
20220504_09,1,3545.37753215991,96502496.0,95287841.0,0.9874132271148717,/home/lhaaso/liushijie/energy/pass5_crab_v6_125d_covariance/run_gti_hour.sh.out.79724879.2697
20220504_10,1,3551.33301371243,96435250.0,95231994.0,0.9875226538013848,/home/lhaaso/liushijie/energy/pass5_crab_v6_125d_covariance/run_gti_hour.sh.out.79724879.2698
20220504_11,2,3495.95424926374,96844710.0,93740341.0,0.9679448779391254,/home/lhaaso/liushijie/energy/pass5_crab_v6_125d_covariance/run_gti_hour.sh.out.79724879.2699
20220504_12,1,3594.92968933191,96511873.0,95830240.0,0.9929373145623234,/home/lhaaso/liushijie/energy/pass5_crab_v6_125d_covariance/run_gti_hour.sh.out.79724879.2700
20220504_13,1,3598.10616953764,96647669.0,95988650.0,0.9931812219909826,/home/lhaaso/liushijie/energy/pass5_crab_v6_125d_covariance/run_gti_hour.sh.out.79724879.2701
20220504_14,1,3586.10491007566,97004689.0,95874349.0,0.9883475735899736,/home/lhaaso/liushijie/energy/pass5_crab_v6_125d_covariance/run_gti_hour.sh.out.79724879.2702
20220504_15,2,3478.11673600227,97323009.0,93840106.0,0.964212953999398,/home/lhaaso/liushijie/energy/pass5_crab_v6_125d_covariance/run_gti_hour.sh.out.79724879.2703
20220504_16,2,3475.20616916008,97338870.0,93946805.0,0.9651519994016778,/home/lhaaso/liushijie/energy/pass5_crab_v6_125d_covariance/run_gti_hour.sh.out.79724879.2704
20220504_17,1,3556.47276404779,97437346.0,96288688.0,0.9882113168394385,/home/lhaaso/liushijie/energy/pass5_crab_v6_125d_covariance/run_gti_hour.sh.out.79724879.2705
20220504_18,1,3561.8981866166,97652196.0,96481623.0,0.988012834857293,/home/lhaaso/liushijie/energy/pass5_crab_v6_125d_covariance/run_gti_hour.sh.out.79724879.2706
20220504_19,2,3442.76510090567,96658148.0,93112966.0,0.9633224712726753,/home/lhaaso/liushijie/energy/pass5_crab_v6_125d_covariance/run_gti_hour.sh.out.79724879.2707
20220504_20,1,3589.19750733767,98004568.0,96862376.0,0.9883455228331806,/home/lhaaso/liushijie/energy/pass5_crab_v6_125d_covariance/run_gti_hour.sh.out.79724879.2708
20220504_21,1,3552.47570704669,96845879.0,95690776.0,0.9880727707577521,/home/lhaaso/liushijie/energy/pass5_crab_v6_125d_covariance/run_gti_hour.sh.out.79724879.2709
20220504_22,1,3554.5753700193,96904048.0,95703254.0,0.9876084227152203,/home/lhaaso/liushijie/energy/pass5_crab_v6_125d_covariance/run_gti_hour.sh.out.79724879.2710
20220504_23,1,3556.56600371003,96927015.0,95723237.0,0.9875805728671206,/home/lhaaso/liushijie/energy/pass5_crab_v6_125d_covariance/run_gti_hour.sh.out.79724879.2711
20220505_00,2,3458.46286830492,96830131.0,93178772.0,0.9622910868518808,/home/lhaaso/liushijie/energy/pass5_crab_v6_125d_covariance/run_gti_hour.sh.out.79724879.2712
20220505_01,1,3576.32847446948,97916608.0,96692289.0,0.9874963091041716,/home/lhaaso/liushijie/energy/pass5_crab_v6_125d_covariance/run_gti_hour.sh.out.79724879.2713
20220505_02,1,3512.31418554671,97804059.0,95339105.0,0.974797017371232,/home/lhaaso/liushijie/energy/pass5_crab_v6_125d_covariance/run_gti_hour.sh.out.79724879.2714
20220505_03,1,3549.6754154563,97767119.0,96536678.0,0.9874145723778565,/home/lhaaso/liushijie/energy/pass5_crab_v6_125d_covariance/run_gti_hour.sh.out.79724879.2715
20220505_04,1,3547.37801228184,97816850.0,96587391.0,0.9874310100969311,/home/lhaaso/liushijie/energy/pass5_crab_v6_125d_covariance/run_gti_hour.sh.out.79724879.2716
20220505_05,1,3500.28500240296,97829648.0,95285028.0,0.9739892757254938,/home/lhaaso/liushijie/energy/pass5_crab_v6_125d_covariance/run_gti_hour.sh.out.79724879.2717
20220505_08,1,1122.21111031249,97762428.0,30458496.0,0.31155625553817057,/home/lhaaso/liushijie/energy/pass5_crab_v6_125d_covariance/run_gti_hour.sh.out.79724879.2718
20220505_09,1,3547.80401454773,97445310.0,96194935.0,0.9871684435094926,/home/lhaaso/liushijie/energy/pass5_crab_v6_125d_covariance/run_gti_hour.sh.out.79724879.2719
20220505_10,1,3581.15394806955,98347922.0,97109760.0,0.9874103898199293,/home/lhaaso/liushijie/energy/pass5_crab_v6_125d_covariance/run_gti_hour.sh.out.79724879.2720
20220505_11,1,3544.79742064141,97286569.0,96037240.0,0.9871582581969768,/home/lhaaso/liushijie/energy/pass5_crab_v6_125d_covariance/run_gti_hour.sh.out.79724879.2721
20220505_12,1,3532.8129528556,97112594.0,95886863.0,0.9873782487985029,/home/lhaaso/liushijie/energy/pass5_crab_v6_125d_covariance/run_gti_hour.sh.out.79724879.2722
20220505_13,1,3561.4689996466,98195204.0,96943213.0,0.9872499781150208,/home/lhaaso/liushijie/energy/pass5_crab_v6_125d_covariance/run_gti_hour.sh.out.79724879.2723
20220505_14,1,3587.57237596437,99241350.0,98099029.0,0.9884894653287163,/home/lhaaso/liushijie/energy/pass5_crab_v6_125d_covariance/run_gti_hour.sh.out.79724879.2724
20220505_15,1,3521.48976065218,97922770.0,96827934.0,0.9888193930788518,/home/lhaaso/liushijie/energy/pass5_crab_v6_125d_covariance/run_gti_hour.sh.out.79724879.2725
20220505_16,1,3582.11468579248,100177907.0,99015466.0,0.9883962339121339,/home/lhaaso/liushijie/energy/pass5_crab_v6_125d_covariance/run_gti_hour.sh.out.79724879.2726
20220505_17,1,3536.01517158095,99180255.0,97968843.0,0.9877857543318476,/home/lhaaso/liushijie/energy/pass5_crab_v6_125d_covariance/run_gti_hour.sh.out.79724879.2727
20220505_18,1,3583.53714023251,100544728.0,99323789.0,0.987856757641236,/home/lhaaso/liushijie/energy/pass5_crab_v6_125d_covariance/run_gti_hour.sh.out.79724879.2728
20220505_19,1,3562.83280989155,99618460.0,98411969.0,0.9878888812374734,/home/lhaaso/liushijie/energy/pass5_crab_v6_125d_covariance/run_gti_hour.sh.out.79724879.2729
20220505_20,1,3530.0637787208,98469141.0,97300967.0,0.9881366488207711,/home/lhaaso/liushijie/energy/pass5_crab_v6_125d_covariance/run_gti_hour.sh.out.79724879.2730
20220505_21,1,3587.92071759235,99821063.0,98667659.0,0.9884452843384367,/home/lhaaso/liushijie/energy/pass5_crab_v6_125d_covariance/run_gti_hour.sh.out.79724879.2731
20220505_22,1,3556.23092330061,98695604.0,97510930.0,0.9879966892953004,/home/lhaaso/liushijie/energy/pass5_crab_v6_125d_covariance/run_gti_hour.sh.out.79724879.2732
20220505_23,1,3520.61952170916,97555416.0,96350322.0,0.9876470825566466,/home/lhaaso/liushijie/energy/pass5_crab_v6_125d_covariance/run_gti_hour.sh.out.79724879.2733
20220506_00,1,3561.37338371482,98781156.0,97567246.0,0.9877111176953629,/home/lhaaso/liushijie/energy/pass5_crab_v6_125d_covariance/run_gti_hour.sh.out.79724879.2734
20220506_01,1,3554.67773694545,98771251.0,97539214.0,0.9875263602766355,/home/lhaaso/liushijie/energy/pass5_crab_v6_125d_covariance/run_gti_hour.sh.out.79724879.2735
20220506_02,2,3499.90759862121,100005696.0,96285035.0,0.9627955091677978,/home/lhaaso/liushijie/energy/pass5_crab_v6_125d_covariance/run_gti_hour.sh.out.79724879.2736
20220506_03,4,2159.7934683552,61010994.0,59535368.0,0.9758137689086003,/home/lhaaso/liushijie/energy/pass5_crab_v6_125d_covariance/run_gti_hour.sh.out.79724879.2737
20220506_04,2,2610.90713872109,73617566.0,72093079.0,0.9792918038067164,/home/lhaaso/liushijie/energy/pass5_crab_v6_125d_covariance/run_gti_hour.sh.out.79724879.2738
20220506_05,1,3209.44631199818,98728565.0,88602939.0,0.8974397531251467,/home/lhaaso/liushijie/energy/pass5_crab_v6_125d_covariance/run_gti_hour.sh.out.79724879.2739
20220506_08,1,1385.4649950983,98913198.0,38046781.0,0.3846481740485228,/home/lhaaso/liushijie/energy/pass5_crab_v6_125d_covariance/run_gti_hour.sh.out.79724879.2740
20220506_09,2,2047.79195291921,64504146.0,62971149.0,0.9762341322990308,/home/lhaaso/liushijie/energy/pass5_crab_v6_125d_covariance/run_gti_hour.sh.out.79724879.2741
20220506_11,1,2064.78652604856,57904108.0,56654635.0,0.9784216864198996,/home/lhaaso/liushijie/energy/pass5_crab_v6_125d_covariance/run_gti_hour.sh.out.79724879.2742
20220506_12,1,3566.93216781132,99224811.0,97982257.0,0.9874773860743358,/home/lhaaso/liushijie/energy/pass5_crab_v6_125d_covariance/run_gti_hour.sh.out.79724879.2743
20220506_13,1,3563.29399414826,99207493.0,97989598.0,0.9877237599381732,/home/lhaaso/liushijie/energy/pass5_crab_v6_125d_covariance/run_gti_hour.sh.out.79724879.2744
20220506_14,1,3560.0802593166,99206467.0,98020427.0,0.9880447309952082,/home/lhaaso/liushijie/energy/pass5_crab_v6_125d_covariance/run_gti_hour.sh.out.79724879.2745
20220506_15,1,3553.26547217555,99138385.0,98011648.0,0.9886347049127339,/home/lhaaso/liushijie/energy/pass5_crab_v6_125d_covariance/run_gti_hour.sh.out.79724879.2746
20220506_16,1,3541.8577438686,99027010.0,97851143.0,0.9881257951744681,/home/lhaaso/liushijie/energy/pass5_crab_v6_125d_covariance/run_gti_hour.sh.out.79724879.2747
20220506_17,1,3560.89901870582,99530568.0,98319330.0,0.9878304924372581,/home/lhaaso/liushijie/energy/pass5_crab_v6_125d_covariance/run_gti_hour.sh.out.79724879.2748
20220506_18,2,3477.69381345715,99646164.0,95933506.0,0.962741586319369,/home/lhaaso/liushijie/energy/pass5_crab_v6_125d_covariance/run_gti_hour.sh.out.79724879.2749
20220506_19,2,3453.58237023465,98674190.0,95000148.0,0.962765926935909,/home/lhaaso/liushijie/energy/pass5_crab_v6_125d_covariance/run_gti_hour.sh.out.79724879.2750
20220506_20,1,3569.45395306684,98915709.0,97752964.0,0.9882450925969706,/home/lhaaso/liushijie/energy/pass5_crab_v6_125d_covariance/run_gti_hour.sh.out.79724879.2751
20220506_21,1,3539.08421674278,97801193.0,96624843.0,0.9879720281121724,/home/lhaaso/liushijie/energy/pass5_crab_v6_125d_covariance/run_gti_hour.sh.out.79724879.2752
20220506_22,1,3550.2907278249,97873315.0,96667136.0,0.9876761198902888,/home/lhaaso/liushijie/energy/pass5_crab_v6_125d_covariance/run_gti_hour.sh.out.79724879.2753
20220506_23,1,3556.17956758942,97911092.0,96671239.0,0.9873369505469309,/home/lhaaso/liushijie/energy/pass5_crab_v6_125d_covariance/run_gti_hour.sh.out.79724879.2754
20220507_00,1,3554.07146697398,97870430.0,96625816.0,0.9872830435096689,/home/lhaaso/liushijie/energy/pass5_crab_v6_125d_covariance/run_gti_hour.sh.out.79724879.2755
20220507_01,1,3595.39772516582,99155211.0,97906146.0,0.98740293134972,/home/lhaaso/liushijie/energy/pass5_crab_v6_125d_covariance/run_gti_hour.sh.out.79724879.2756
20220507_02,1,3537.90395383257,97834974.0,96583479.0,0.9872081020842302,/home/lhaaso/liushijie/energy/pass5_crab_v6_125d_covariance/run_gti_hour.sh.out.79724879.2757
20220507_03,1,3531.51208797935,97766157.0,96510462.0,0.9871561382943589,/home/lhaaso/liushijie/energy/pass5_crab_v6_125d_covariance/run_gti_hour.sh.out.79724879.2758
20220507_04,1,3574.38217140734,99060184.0,97809725.0,0.9873767749108966,/home/lhaaso/liushijie/energy/pass5_crab_v6_125d_covariance/run_gti_hour.sh.out.79724879.2759
20220507_05,1,3060.27221982367,99060322.0,83859234.0,0.8465471573976915,/home/lhaaso/liushijie/energy/pass5_crab_v6_125d_covariance/run_gti_hour.sh.out.79724879.2760
20220507_08,1,1627.07320922054,98719504.0,44372983.0,0.44948547350886203,/home/lhaaso/liushijie/energy/pass5_crab_v6_125d_covariance/run_gti_hour.sh.out.79724879.2761
20220507_09,2,3429.70508637372,97120428.0,93390593.0,0.9615957726215951,/home/lhaaso/liushijie/energy/pass5_crab_v6_125d_covariance/run_gti_hour.sh.out.79724879.2762
20220507_10,1,3561.19462852366,98082824.0,96849633.0,0.9874270443110407,/home/lhaaso/liushijie/energy/pass5_crab_v6_125d_covariance/run_gti_hour.sh.out.79724879.2763
20220507_11,1,3560.5141768232,98007622.0,96770373.0,0.9873759920427413,/home/lhaaso/liushijie/energy/pass5_crab_v6_125d_covariance/run_gti_hour.sh.out.79724879.2764
20220507_12,1,3553.20814750157,97985492.0,96741756.0,0.9873069372351572,/home/lhaaso/liushijie/energy/pass5_crab_v6_125d_covariance/run_gti_hour.sh.out.79724879.2765
20220507_13,1,3579.87482731696,98901046.0,97692685.0,0.987782121131459,/home/lhaaso/liushijie/energy/pass5_crab_v6_125d_covariance/run_gti_hour.sh.out.79724879.2766
20220507_14,2,3476.72590794973,98783448.0,95189205.0,0.9636149266626125,/home/lhaaso/liushijie/energy/pass5_crab_v6_125d_covariance/run_gti_hour.sh.out.79724879.2767
20220507_15,1,3554.39941291697,98740719.0,97640777.0,0.9888602998728417,/home/lhaaso/liushijie/energy/pass5_crab_v6_125d_covariance/run_gti_hour.sh.out.79724879.2768
20220507_16,1,3547.7895431919,98812172.0,97643630.0,0.9881741087525128,/home/lhaaso/liushijie/energy/pass5_crab_v6_125d_covariance/run_gti_hour.sh.out.79724879.2769
20220507_17,1,3553.4576067701,99076414.0,97877741.0,0.987901530226962,/home/lhaaso/liushijie/energy/pass5_crab_v6_125d_covariance/run_gti_hour.sh.out.79724879.2770
20220507_18,1,3562.15926383156,99288501.0,98079418.0,0.987822527404256,/home/lhaaso/liushijie/energy/pass5_crab_v6_125d_covariance/run_gti_hour.sh.out.79724879.2771
20220507_19,1,3538.9578438364,98432376.0,97246074.0,0.9879480507511065,/home/lhaaso/liushijie/energy/pass5_crab_v6_125d_covariance/run_gti_hour.sh.out.79724879.2772
20220507_20,1,3555.15953565482,98550594.0,97401937.0,0.9883444944025401,/home/lhaaso/liushijie/energy/pass5_crab_v6_125d_covariance/run_gti_hour.sh.out.79724879.2773
20220507_21,2,3485.20073750988,98801732.0,95189812.0,0.9634427461251388,/home/lhaaso/liushijie/energy/pass5_crab_v6_125d_covariance/run_gti_hour.sh.out.79724879.2774
20220507_22,2,3446.95379964542,97637285.0,93952984.0,0.962265429646062,/home/lhaaso/liushijie/energy/pass5_crab_v6_125d_covariance/run_gti_hour.sh.out.79724879.2775
20220507_23,1,3580.5673741037,98875452.0,97634202.0,0.9874463279318308,/home/lhaaso/liushijie/energy/pass5_crab_v6_125d_covariance/run_gti_hour.sh.out.79724879.2776
20220508_00,1,3531.99161414523,97610324.0,96366216.0,0.9872543400224755,/home/lhaaso/liushijie/energy/pass5_crab_v6_125d_covariance/run_gti_hour.sh.out.79724879.2777
20220508_01,1,3573.68951397948,98840017.0,97593919.0,0.9873927783723468,/home/lhaaso/liushijie/energy/pass5_crab_v6_125d_covariance/run_gti_hour.sh.out.79724879.2778
20220508_02,3,3382.01902562287,98780748.0,92572953.0,0.937155821091778,/home/lhaaso/liushijie/energy/pass5_crab_v6_125d_covariance/run_gti_hour.sh.out.79724879.2779
20220508_03,1,3559.09658242017,98814135.0,97582307.0,0.9875338887498231,/home/lhaaso/liushijie/energy/pass5_crab_v6_125d_covariance/run_gti_hour.sh.out.79724879.2780
20220508_04,2,3467.50405656639,98901870.0,95222546.0,0.9627982362719735,/home/lhaaso/liushijie/energy/pass5_crab_v6_125d_covariance/run_gti_hour.sh.out.79724879.2781
20220508_05,1,2818.8567569945,98915610.0,77418155.0,0.7826687314570471,/home/lhaaso/liushijie/energy/pass5_crab_v6_125d_covariance/run_gti_hour.sh.out.79724879.2782
20220508_08,1,1850.30331944581,98834750.0,50669296.0,0.5126668100035665,/home/lhaaso/liushijie/energy/pass5_crab_v6_125d_covariance/run_gti_hour.sh.out.79724879.2783
20220508_09,1,3544.0121911699,98281965.0,97055030.0,0.9875161734912402,/home/lhaaso/liushijie/energy/pass5_crab_v6_125d_covariance/run_gti_hour.sh.out.79724879.2784
20220508_10,1,3531.93071312271,97911479.0,96696748.0,0.9875935792982966,/home/lhaaso/liushijie/energy/pass5_crab_v6_125d_covariance/run_gti_hour.sh.out.79724879.2785
20220508_11,1,3581.53721017297,99299744.0,98114517.0,0.9880641484836054,/home/lhaaso/liushijie/energy/pass5_crab_v6_125d_covariance/run_gti_hour.sh.out.79724879.2786
20220508_12,1,3572.43631656747,99181361.0,98014745.0,0.9882375479804114,/home/lhaaso/liushijie/energy/pass5_crab_v6_125d_covariance/run_gti_hour.sh.out.79724879.2787
20220508_13,1,3521.0123863304,97918112.0,96770076.0,0.9882755500841356,/home/lhaaso/liushijie/energy/pass5_crab_v6_125d_covariance/run_gti_hour.sh.out.79724879.2788
20220508_14,1,3598.10985338408,100180919.0,99069381.0,0.988904693517535,/home/lhaaso/liushijie/energy/pass5_crab_v6_125d_covariance/run_gti_hour.sh.out.79724879.2789
20220508_15,1,3538.09852630366,98702617.0,97649396.0,0.9893293508114379,/home/lhaaso/liushijie/energy/pass5_crab_v6_125d_covariance/run_gti_hour.sh.out.79724879.2790
20220508_16,1,3577.69006371964,100047905.0,98921174.0,0.988738085020371,/home/lhaaso/liushijie/energy/pass5_crab_v6_125d_covariance/run_gti_hour.sh.out.79724879.2791
20220508_17,1,3573.9442066988,99562200.0,98918513.0,0.9935348254658897,/home/lhaaso/liushijie/energy/pass5_crab_v6_125d_covariance/run_gti_hour.sh.out.79724879.2792
20220508_18,1,3533.70225664694,99751839.0,97316386.0,0.9755848811970274,/home/lhaaso/liushijie/energy/pass5_crab_v6_125d_covariance/run_gti_hour.sh.out.79724879.2793
20220508_19,1,3552.53870585002,99395845.0,98238401.0,0.9883552074032873,/home/lhaaso/liushijie/energy/pass5_crab_v6_125d_covariance/run_gti_hour.sh.out.79724879.2794
20220508_20,2,3487.28993546683,99657466.0,96185835.0,0.9651643661098106,/home/lhaaso/liushijie/energy/pass5_crab_v6_125d_covariance/run_gti_hour.sh.out.79724879.2795
20220508_21,1,3545.66953105386,98594347.0,97447656.0,0.9883696070323382,/home/lhaaso/liushijie/energy/pass5_crab_v6_125d_covariance/run_gti_hour.sh.out.79724879.2796
20220508_22,1,3555.3008281393,98707621.0,97453527.0,0.9872948614575565,/home/lhaaso/liushijie/energy/pass5_crab_v6_125d_covariance/run_gti_hour.sh.out.79724879.2797
20220509_00,1,3558.20838881191,98743153.0,97520071.0,0.987613500654572,/home/lhaaso/liushijie/energy/pass5_crab_v6_125d_covariance/run_gti_hour.sh.out.79724879.2798
20220509_01,1,3553.58587880619,98723443.0,97515203.0,0.9877613668721015,/home/lhaaso/liushijie/energy/pass5_crab_v6_125d_covariance/run_gti_hour.sh.out.79724879.2799
20220509_02,1,3582.18953765463,99276638.0,98557955.0,0.9927608044099963,/home/lhaaso/liushijie/energy/pass5_crab_v6_125d_covariance/run_gti_hour.sh.out.79724879.2800
20220509_03,1,3579.24905873369,99261027.0,98052583.0,0.9878255944299267,/home/lhaaso/liushijie/energy/pass5_crab_v6_125d_covariance/run_gti_hour.sh.out.79724879.2801
20220509_04,1,3535.17106343061,98667410.0,97447434.0,0.9876354715300625,/home/lhaaso/liushijie/energy/pass5_crab_v6_125d_covariance/run_gti_hour.sh.out.79724879.2802
20220509_05,2,2528.82621889003,100027287.0,69661773.0,0.696427695774654,/home/lhaaso/liushijie/energy/pass5_crab_v6_125d_covariance/run_gti_hour.sh.out.79724879.2803
20220509_08,3,2030.5789886741,98550933.0,55630640.0,0.5644861829973745,/home/lhaaso/liushijie/energy/pass5_crab_v6_125d_covariance/run_gti_hour.sh.out.79724879.2804
20220509_09,1,3542.23809095565,98241813.0,97011214.0,0.9874737755501316,/home/lhaaso/liushijie/energy/pass5_crab_v6_125d_covariance/run_gti_hour.sh.out.79724879.2805
20220509_10,1,3585.61970097944,99287109.0,98059613.0,0.987636904605612,/home/lhaaso/liushijie/energy/pass5_crab_v6_125d_covariance/run_gti_hour.sh.out.79724879.2806
20220509_11,1,3526.29273009952,97611098.0,96401819.0,0.987611255023481,/home/lhaaso/liushijie/energy/pass5_crab_v6_125d_covariance/run_gti_hour.sh.out.79724879.2807
20220509_12,1,3572.05585695338,98898258.0,97715045.0,0.9880360582286495,/home/lhaaso/liushijie/energy/pass5_crab_v6_125d_covariance/run_gti_hour.sh.out.79724879.2808
20220509_13,1,3564.65413940605,98899558.0,97716866.0,0.9880414834614326,/home/lhaaso/liushijie/energy/pass5_crab_v6_125d_covariance/run_gti_hour.sh.out.79724879.2809
20220509_14,1,3570.19497638103,99158221.0,98046197.0,0.9887853574944633,/home/lhaaso/liushijie/energy/pass5_crab_v6_125d_covariance/run_gti_hour.sh.out.79724879.2810
20220509_15,1,3550.69558694959,98895577.0,97840574.0,0.9893321518312189,/home/lhaaso/liushijie/energy/pass5_crab_v6_125d_covariance/run_gti_hour.sh.out.79724879.2811
20220509_16,1,3576.28601971082,99436689.0,98786549.0,0.9934617694279825,/home/lhaaso/liushijie/energy/pass5_crab_v6_125d_covariance/run_gti_hour.sh.out.79724879.2812
20220509_17,2,3503.7980749039,99730437.0,96313025.0,0.9657335102221601,/home/lhaaso/liushijie/energy/pass5_crab_v6_125d_covariance/run_gti_hour.sh.out.79724879.2813
20220509_18,1,3557.89403035305,99312737.0,98201778.0,0.9888135295274362,/home/lhaaso/liushijie/energy/pass5_crab_v6_125d_covariance/run_gti_hour.sh.out.79724879.2814
20220509_19,1,3569.85428093467,99454935.0,98344834.0,0.9888381506659273,/home/lhaaso/liushijie/energy/pass5_crab_v6_125d_covariance/run_gti_hour.sh.out.79724879.2815
20220509_20,1,3548.18912297487,98491678.0,97426597.0,0.9891860812849589,/home/lhaaso/liushijie/energy/pass5_crab_v6_125d_covariance/run_gti_hour.sh.out.79724879.2816
20220509_21,1,3569.86901506316,98732089.0,97639509.0,0.9889338915942516,/home/lhaaso/liushijie/energy/pass5_crab_v6_125d_covariance/run_gti_hour.sh.out.79724879.2817
20220509_22,1,3579.89831529558,98818530.0,97688775.0,0.9885673769889108,/home/lhaaso/liushijie/energy/pass5_crab_v6_125d_covariance/run_gti_hour.sh.out.79724879.2818
20220509_23,1,3538.45809109043,97620524.0,96464617.0,0.9881591805428129,/home/lhaaso/liushijie/energy/pass5_crab_v6_125d_covariance/run_gti_hour.sh.out.79724879.2819
20220510_00,2,3459.62500681635,97723667.0,94224842.0,0.9641967487773458,/home/lhaaso/liushijie/energy/pass5_crab_v6_125d_covariance/run_gti_hour.sh.out.79724879.2820
20220510_01,2,3497.26148857735,98977103.0,95425023.0,0.9641121037862667,/home/lhaaso/liushijie/energy/pass5_crab_v6_125d_covariance/run_gti_hour.sh.out.79724879.2821
20220510_02,1,3563.38553584646,98784707.0,97598217.0,0.9879891327713307,/home/lhaaso/liushijie/energy/pass5_crab_v6_125d_covariance/run_gti_hour.sh.out.79724879.2822
20220510_03,1,3553.35244175512,98729497.0,97546598.0,0.988018788346506,/home/lhaaso/liushijie/energy/pass5_crab_v6_125d_covariance/run_gti_hour.sh.out.79724879.2823
20220510_04,1,3550.17852515448,98715096.0,97527287.0,0.9879673013740472,/home/lhaaso/liushijie/energy/pass5_crab_v6_125d_covariance/run_gti_hour.sh.out.79724879.2824
20220510_05,1,2350.31708227471,99338372.0,64613888.0,0.6504423889692897,/home/lhaaso/liushijie/energy/pass5_crab_v6_125d_covariance/run_gti_hour.sh.out.79724879.2825
20220510_08,2,2307.97010944225,98591137.0,63360775.0,0.6426619768062924,/home/lhaaso/liushijie/energy/pass5_crab_v6_125d_covariance/run_gti_hour.sh.out.79724879.2826
20220510_09,1,3594.87883402035,99135446.0,98426926.0,0.9928530104156691,/home/lhaaso/liushijie/energy/pass5_crab_v6_125d_covariance/run_gti_hour.sh.out.79724879.2827
20220510_10,1,3570.68495750427,98557078.0,97412464.0,0.9883862831241811,/home/lhaaso/liushijie/energy/pass5_crab_v6_125d_covariance/run_gti_hour.sh.out.79724879.2828
20220510_11,1,3583.7548769312,99361092.0,98214341.0,0.9884587520435061,/home/lhaaso/liushijie/energy/pass5_crab_v6_125d_covariance/run_gti_hour.sh.out.79724879.2829
20220510_12,1,3558.69328295812,98948095.0,97812836.0,0.9885267220152142,/home/lhaaso/liushijie/energy/pass5_crab_v6_125d_covariance/run_gti_hour.sh.out.79724879.2830
20220510_13,1,3571.78283489775,99251034.0,98555168.0,0.9929888287108425,/home/lhaaso/liushijie/energy/pass5_crab_v6_125d_covariance/run_gti_hour.sh.out.79724879.2831
20220510_14,2,3479.73511700984,99243895.0,95993289.0,0.9672462875424226,/home/lhaaso/liushijie/energy/pass5_crab_v6_125d_covariance/run_gti_hour.sh.out.79724879.2832
20220510_15,2,3520.73408619035,101127335.0,97969180.0,0.9687705109602661,/home/lhaaso/liushijie/energy/pass5_crab_v6_125d_covariance/run_gti_hour.sh.out.79724879.2833
20220510_16,1,3536.08834622428,99913942.0,98834136.0,0.9891926394016163,/home/lhaaso/liushijie/energy/pass5_crab_v6_125d_covariance/run_gti_hour.sh.out.79724879.2834
20220510_17,1,3572.95794230886,101078714.0,99983464.0,0.9891643852928322,/home/lhaaso/liushijie/energy/pass5_crab_v6_125d_covariance/run_gti_hour.sh.out.79724879.2835
20220510_18,1,3577.89140101522,101267268.0,100161718.0,0.9890828495541126,/home/lhaaso/liushijie/energy/pass5_crab_v6_125d_covariance/run_gti_hour.sh.out.79724879.2836
20220510_19,1,3548.27693304978,100360642.0,99276494.0,0.9891974784298411,/home/lhaaso/liushijie/energy/pass5_crab_v6_125d_covariance/run_gti_hour.sh.out.79724879.2837
20220510_20,1,3569.2921548849,100624918.0,99579608.0,0.9896118176215557,/home/lhaaso/liushijie/energy/pass5_crab_v6_125d_covariance/run_gti_hour.sh.out.79724879.2838
20220510_21,1,3579.37435477506,100772505.0,99680990.0,0.989168523696022,/home/lhaaso/liushijie/energy/pass5_crab_v6_125d_covariance/run_gti_hour.sh.out.79724879.2839
20220510_22,1,3545.62543553766,99526667.0,98402735.0,0.9887072275815285,/home/lhaaso/liushijie/energy/pass5_crab_v6_125d_covariance/run_gti_hour.sh.out.79724879.2840
20220510_23,1,3592.58651216514,100241195.0,99550311.0,0.9931077836811503,/home/lhaaso/liushijie/energy/pass5_crab_v6_125d_covariance/run_gti_hour.sh.out.79724879.2841
20220511_00,1,3588.94357841928,100231240.0,99060311.0,0.9883177240948032,/home/lhaaso/liushijie/energy/pass5_crab_v6_125d_covariance/run_gti_hour.sh.out.79724879.2842
20220511_01,1,3538.11580014881,99529231.0,98349653.0,0.9881484264657887,/home/lhaaso/liushijie/energy/pass5_crab_v6_125d_covariance/run_gti_hour.sh.out.79724879.2843
20220511_02,1,3565.32033726107,100720935.0,99481737.0,0.987696718661319,/home/lhaaso/liushijie/energy/pass5_crab_v6_125d_covariance/run_gti_hour.sh.out.79724879.2844
20220511_03,1,3568.80386292469,100700252.0,99525105.0,0.9883302476740574,/home/lhaaso/liushijie/energy/pass5_crab_v6_125d_covariance/run_gti_hour.sh.out.79724879.2845
20220511_04,1,3571.81496419944,100716713.0,99522843.0,0.9881462573148113,/home/lhaaso/liushijie/energy/pass5_crab_v6_125d_covariance/run_gti_hour.sh.out.79724879.2846
20220511_05,1,2079.8258461291,99556096.0,57905904.0,0.581640967520462,/home/lhaaso/liushijie/energy/pass5_crab_v6_125d_covariance/run_gti_hour.sh.out.79724879.2847
20220511_08,1,2546.82097204495,99459997.0,70483910.0,0.7086659172129274,/home/lhaaso/liushijie/energy/pass5_crab_v6_125d_covariance/run_gti_hour.sh.out.79724879.2848
20220511_09,2,3465.21504388656,99232088.0,95657831.0,0.9639808345058707,/home/lhaaso/liushijie/energy/pass5_crab_v6_125d_covariance/run_gti_hour.sh.out.79724879.2849
20220511_10,1,3585.05981038325,99600928.0,98919059.0,0.9931539894889333,/home/lhaaso/liushijie/energy/pass5_crab_v6_125d_covariance/run_gti_hour.sh.out.79724879.2850
20220511_11,1,3579.3797095539,99423608.0,98253312.0,0.9882291940159725,/home/lhaaso/liushijie/energy/pass5_crab_v6_125d_covariance/run_gti_hour.sh.out.79724879.2851
20220511_12,1,3577.59088024031,100034671.0,98862177.0,0.9882791237450064,/home/lhaaso/liushijie/energy/pass5_crab_v6_125d_covariance/run_gti_hour.sh.out.79724879.2852
20220511_13,1,3561.9991422398,99325646.0,98671232.0,0.993411429712725,/home/lhaaso/liushijie/energy/pass5_crab_v6_125d_covariance/run_gti_hour.sh.out.79724879.2853
20220511_14,1,3563.32266842946,99538372.0,98444292.0,0.989008459973607,/home/lhaaso/liushijie/energy/pass5_crab_v6_125d_covariance/run_gti_hour.sh.out.79724879.2854
20220511_15,1,3589.10822183825,100571342.0,99501712.0,0.9893644652767982,/home/lhaaso/liushijie/energy/pass5_crab_v6_125d_covariance/run_gti_hour.sh.out.79724879.2855
20220511_16,2,3443.74813281465,99168787.0,95591965.0,0.963931977911558,/home/lhaaso/liushijie/energy/pass5_crab_v6_125d_covariance/run_gti_hour.sh.out.79724879.2856
20220511_17,1,3567.99010250252,100453797.0,99305729.0,0.9885711836258414,/home/lhaaso/liushijie/energy/pass5_crab_v6_125d_covariance/run_gti_hour.sh.out.79724879.2857
20220511_18,1,3576.68797387742,100605562.0,99457144.0,0.9885849452339425,/home/lhaaso/liushijie/energy/pass5_crab_v6_125d_covariance/run_gti_hour.sh.out.79724879.2858
20220511_19,1,3578.08024026453,100065918.0,99417686.0,0.9935219502008666,/home/lhaaso/liushijie/energy/pass5_crab_v6_125d_covariance/run_gti_hour.sh.out.79724879.2859
20220511_20,1,3593.26134694275,100177547.0,99100058.0,0.9892442065885283,/home/lhaaso/liushijie/energy/pass5_crab_v6_125d_covariance/run_gti_hour.sh.out.79724879.2860
20220511_21,1,3568.49065739661,99716128.0,98579471.0,0.9886010716340691,/home/lhaaso/liushijie/energy/pass5_crab_v6_125d_covariance/run_gti_hour.sh.out.79724879.2861
20220511_22,1,3534.31451632641,98632645.0,97450096.0,0.9880105719561713,/home/lhaaso/liushijie/energy/pass5_crab_v6_125d_covariance/run_gti_hour.sh.out.79724879.2862
20220511_23,1,3583.85445331223,99946626.0,98738840.0,0.9879156901204449,/home/lhaaso/liushijie/energy/pass5_crab_v6_125d_covariance/run_gti_hour.sh.out.79724879.2863
20220512_00,1,3531.21772098821,98600195.0,97394831.0,0.9877752371585067,/home/lhaaso/liushijie/energy/pass5_crab_v6_125d_covariance/run_gti_hour.sh.out.79724879.2864
20220512_01,1,3560.27162570972,99743623.0,98402511.0,0.9865544085961265,/home/lhaaso/liushijie/energy/pass5_crab_v6_125d_covariance/run_gti_hour.sh.out.79724879.2865
20220512_02,1,3547.33415816445,99644272.0,98418582.0,0.9876993431192914,/home/lhaaso/liushijie/energy/pass5_crab_v6_125d_covariance/run_gti_hour.sh.out.79724879.2866
20220512_03,1,3583.62862661015,100907776.0,99655786.0,0.9875927302173422,/home/lhaaso/liushijie/energy/pass5_crab_v6_125d_covariance/run_gti_hour.sh.out.79724879.2867
20220512_04,2,3437.21231406089,99541926.0,95785715.0,0.9622650359407352,/home/lhaaso/liushijie/energy/pass5_crab_v6_125d_covariance/run_gti_hour.sh.out.79724879.2868
20220512_05,1,1891.93898553494,100511005.0,52785484.0,0.5251711889658252,/home/lhaaso/liushijie/energy/pass5_crab_v6_125d_covariance/run_gti_hour.sh.out.79724879.2869
20220512_08,2,2815.83347450942,100646731.0,78042992.0,0.7754150703613016,/home/lhaaso/liushijie/energy/pass5_crab_v6_125d_covariance/run_gti_hour.sh.out.79724879.2870
20220512_09,1,3547.83146737609,99427991.0,98215211.0,0.9878024287949255,/home/lhaaso/liushijie/energy/pass5_crab_v6_125d_covariance/run_gti_hour.sh.out.79724879.2871
20220512_10,1,3544.79509277735,99345617.0,98137210.0,0.9878363330311795,/home/lhaaso/liushijie/energy/pass5_crab_v6_125d_covariance/run_gti_hour.sh.out.79724879.2872
20220512_11,2,3502.10368218832,100434406.0,96797113.0,0.9637843927707404,/home/lhaaso/liushijie/energy/pass5_crab_v6_125d_covariance/run_gti_hour.sh.out.79724879.2873
20220512_12,1,3531.57109867316,98881922.0,97705358.0,0.9881013235159406,/home/lhaaso/liushijie/energy/pass5_crab_v6_125d_covariance/run_gti_hour.sh.out.79724879.2874
20220512_13,1,3578.04680024274,101132445.0,99955143.0,0.9883588100732658,/home/lhaaso/liushijie/energy/pass5_crab_v6_125d_covariance/run_gti_hour.sh.out.79724879.2875
20220512_14,1,3549.38956028782,100822500.0,99699362.0,0.9888602444890774,/home/lhaaso/liushijie/energy/pass5_crab_v6_125d_covariance/run_gti_hour.sh.out.79724879.2876
20220512_15,1,3575.30852614436,101979929.0,100870717.0,0.989123232278383,/home/lhaaso/liushijie/energy/pass5_crab_v6_125d_covariance/run_gti_hour.sh.out.79724879.2877
20220512_16,1,3556.09462035354,101807501.0,100641963.0,0.9885515508331748,/home/lhaaso/liushijie/energy/pass5_crab_v6_125d_covariance/run_gti_hour.sh.out.79724879.2878
20220512_17,1,3544.55575339962,100867760.0,99665129.0,0.9880771517083358,/home/lhaaso/liushijie/energy/pass5_crab_v6_125d_covariance/run_gti_hour.sh.out.79724879.2879
20220512_18,1,3571.174286725,101282269.0,100079071.0,0.988120349081042,/home/lhaaso/liushijie/energy/pass5_crab_v6_125d_covariance/run_gti_hour.sh.out.79724879.2880
20220512_19,1,3544.98996888287,100402012.0,99225378.0,0.9882807727000531,/home/lhaaso/liushijie/energy/pass5_crab_v6_125d_covariance/run_gti_hour.sh.out.79724879.2881
20220512_20,1,3569.54767804127,100725672.0,99578935.0,0.9886152459722483,/home/lhaaso/liushijie/energy/pass5_crab_v6_125d_covariance/run_gti_hour.sh.out.79724879.2882
20220512_21,1,3543.95104309078,99700821.0,98521622.0,0.988172624977682,/home/lhaaso/liushijie/energy/pass5_crab_v6_125d_covariance/run_gti_hour.sh.out.79724879.2883
20220512_22,1,3557.75827306788,99767390.0,98557812.0,0.9878760184064151,/home/lhaaso/liushijie/energy/pass5_crab_v6_125d_covariance/run_gti_hour.sh.out.79724879.2884
20220512_23,1,3562.23192613106,99721405.0,98498440.0,0.9877361836207582,/home/lhaaso/liushijie/energy/pass5_crab_v6_125d_covariance/run_gti_hour.sh.out.79724879.2885
20220513_00,1,3562.17329199426,99810699.0,98567212.0,0.9875415460220351,/home/lhaaso/liushijie/energy/pass5_crab_v6_125d_covariance/run_gti_hour.sh.out.79724879.2886
20220513_01,1,3557.33780160081,99949376.0,98704036.0,0.9875402923976234,/home/lhaaso/liushijie/energy/pass5_crab_v6_125d_covariance/run_gti_hour.sh.out.79724879.2887
20220513_02,1,3540.17400224693,99876896.0,98632012.0,0.9875358160910407,/home/lhaaso/liushijie/energy/pass5_crab_v6_125d_covariance/run_gti_hour.sh.out.79724879.2888
20220513_03,1,3578.61505807377,101018765.0,99785562.0,0.9877923373939486,/home/lhaaso/liushijie/energy/pass5_crab_v6_125d_covariance/run_gti_hour.sh.out.79724879.2889
20220513_04,1,3523.93894584384,99564310.0,98354648.0,0.9878504456064628,/home/lhaaso/liushijie/energy/pass5_crab_v6_125d_covariance/run_gti_hour.sh.out.79724879.2890
20220513_05,1,1676.57710989006,100993389.0,46778766.0,0.46318641708320135,/home/lhaaso/liushijie/energy/pass5_crab_v6_125d_covariance/run_gti_hour.sh.out.79724879.2891
20220513_08,2,2943.04475456011,99425371.0,81978499.0,0.8245229379128995,/home/lhaaso/liushijie/energy/pass5_crab_v6_125d_covariance/run_gti_hour.sh.out.79724879.2892
20220513_09,2,3129.7663151985,91445500.0,89990231.0,0.9840859418998201,/home/lhaaso/liushijie/energy/pass5_crab_v6_125d_covariance/run_gti_hour.sh.out.79724879.2893
20220513_10,1,3570.89818243403,101095461.0,99859002.0,0.9877693915456798,/home/lhaaso/liushijie/energy/pass5_crab_v6_125d_covariance/run_gti_hour.sh.out.79724879.2894
20220513_11,1,3544.4989901036,100556958.0,99330422.0,0.9878025745369107,/home/lhaaso/liushijie/energy/pass5_crab_v6_125d_covariance/run_gti_hour.sh.out.79724879.2895
20220513_12,1,3574.4135501096,101526900.0,100330199.0,0.9882129662188051,/home/lhaaso/liushijie/energy/pass5_crab_v6_125d_covariance/run_gti_hour.sh.out.79724879.2896
20220513_13,2,3468.70794198476,101364463.0,97788949.0,0.9647261585157315,/home/lhaaso/liushijie/energy/pass5_crab_v6_125d_covariance/run_gti_hour.sh.out.79724879.2897
20220513_14,2,3468.42468499672,101539739.0,98066599.0,0.9657952636651942,/home/lhaaso/liushijie/energy/pass5_crab_v6_125d_covariance/run_gti_hour.sh.out.79724879.2898
20220513_15,1,3576.45129302982,102209447.0,101105646.0,0.989200597083751,/home/lhaaso/liushijie/energy/pass5_crab_v6_125d_covariance/run_gti_hour.sh.out.79724879.2899
20220513_16,1,3566.09703730792,102200530.0,101048952.0,0.9887321719368775,/home/lhaaso/liushijie/energy/pass5_crab_v6_125d_covariance/run_gti_hour.sh.out.79724879.2900
20220513_17,1,3560.36026244983,101616819.0,100969303.0,0.9936278658752347,/home/lhaaso/liushijie/energy/pass5_crab_v6_125d_covariance/run_gti_hour.sh.out.79724879.2901
20220513_18,2,3481.07478863094,101728652.0,98226592.0,0.9655744971436366,/home/lhaaso/liushijie/energy/pass5_crab_v6_125d_covariance/run_gti_hour.sh.out.79724879.2902
20220513_19,1,3580.35064260475,102419429.0,101282809.0,0.9889023009491685,/home/lhaaso/liushijie/energy/pass5_crab_v6_125d_covariance/run_gti_hour.sh.out.79724879.2903
20220513_20,1,3561.53641717974,101583410.0,100498543.0,0.9893204313578369,/home/lhaaso/liushijie/energy/pass5_crab_v6_125d_covariance/run_gti_hour.sh.out.79724879.2904
20220513_21,1,3561.84942594264,101538547.0,100422940.0,0.9890129706110528,/home/lhaaso/liushijie/energy/pass5_crab_v6_125d_covariance/run_gti_hour.sh.out.79724879.2905
20220513_22,2,3474.34389197733,101593281.0,98144576.0,0.9660538082237938,/home/lhaaso/liushijie/energy/pass5_crab_v6_125d_covariance/run_gti_hour.sh.out.79724879.2906
20220513_23,1,3557.22470374312,101643077.0,100400938.0,0.9877794038053374,/home/lhaaso/liushijie/energy/pass5_crab_v6_125d_covariance/run_gti_hour.sh.out.79724879.2907
20220514_00,1,3554.3287911918,101443479.0,100267704.0,0.9884095556304807,/home/lhaaso/liushijie/energy/pass5_crab_v6_125d_covariance/run_gti_hour.sh.out.79724879.2908
20220514_01,1,3574.81675841846,102389143.0,101231596.0,0.9886946314220053,/home/lhaaso/liushijie/energy/pass5_crab_v6_125d_covariance/run_gti_hour.sh.out.79724879.2909
20220514_02,1,3567.2548212111,102468935.0,101305404.0,0.9886450366640387,/home/lhaaso/liushijie/energy/pass5_crab_v6_125d_covariance/run_gti_hour.sh.out.79724879.2910
20220514_03,1,3560.89488537982,102493493.0,101312714.0,0.9884794735213093,/home/lhaaso/liushijie/energy/pass5_crab_v6_125d_covariance/run_gti_hour.sh.out.79724879.2911
20220514_04,1,3552.01045547146,102400491.0,101227174.0,0.98854188111266,/home/lhaaso/liushijie/energy/pass5_crab_v6_125d_covariance/run_gti_hour.sh.out.79724879.2912
20220514_05,1,1363.43241683207,102380849.0,38813505.0,0.3791090363003339,/home/lhaaso/liushijie/energy/pass5_crab_v6_125d_covariance/run_gti_hour.sh.out.79724879.2913
20220514_08,1,3257.45665559079,100713842.0,91470936.0,0.9082260609221918,/home/lhaaso/liushijie/energy/pass5_crab_v6_125d_covariance/run_gti_hour.sh.out.79724879.2914
20220514_09,1,3568.60619375948,101231692.0,100000732.0,0.9878401716332075,/home/lhaaso/liushijie/energy/pass5_crab_v6_125d_covariance/run_gti_hour.sh.out.79724879.2915
20220514_10,1,3568.92476538196,101136336.0,99838958.0,0.9871719893036267,/home/lhaaso/liushijie/energy/pass5_crab_v6_125d_covariance/run_gti_hour.sh.out.79724879.2916
20220514_11,1,3569.89824380726,100461272.0,99803804.0,0.9934555079095554,/home/lhaaso/liushijie/energy/pass5_crab_v6_125d_covariance/run_gti_hour.sh.out.79724879.2917
20220514_12,1,3596.35772926267,100845525.0,100193942.0,0.9935388010524017,/home/lhaaso/liushijie/energy/pass5_crab_v6_125d_covariance/run_gti_hour.sh.out.79724879.2918
20220514_13,1,3589.76575762499,101317036.0,100165258.0,0.9886319414239477,/home/lhaaso/liushijie/energy/pass5_crab_v6_125d_covariance/run_gti_hour.sh.out.79724879.2919
20220514_14,2,3463.28050021548,100618559.0,97251628.0,0.966537674227674,/home/lhaaso/liushijie/energy/pass5_crab_v6_125d_covariance/run_gti_hour.sh.out.79724879.2920
20220514_15,1,3554.8125745263,100984713.0,99879189.0,0.989052560856414,/home/lhaaso/liushijie/energy/pass5_crab_v6_125d_covariance/run_gti_hour.sh.out.79724879.2921
20220514_16,1,3557.13624868076,101085951.0,99907281.0,0.9883399227257603,/home/lhaaso/liushijie/energy/pass5_crab_v6_125d_covariance/run_gti_hour.sh.out.79724879.2922
20220514_17,1,3568.51747906767,101307487.0,100123648.0,0.9883143977305449,/home/lhaaso/liushijie/energy/pass5_crab_v6_125d_covariance/run_gti_hour.sh.out.79724879.2923
20220514_18,1,3587.1966148261,101604218.0,100428863.0,0.9884320255287039,/home/lhaaso/liushijie/energy/pass5_crab_v6_125d_covariance/run_gti_hour.sh.out.79724879.2924
20220514_19,2,3474.34776253067,100532910.0,96978684.0,0.9646461442327692,/home/lhaaso/liushijie/energy/pass5_crab_v6_125d_covariance/run_gti_hour.sh.out.79724879.2925
20220514_20,1,3545.0721029425,99667793.0,98510024.0,0.9883837199043828,/home/lhaaso/liushijie/energy/pass5_crab_v6_125d_covariance/run_gti_hour.sh.out.79724879.2926
20220514_21,1,3552.74671933148,99856865.0,98660498.0,0.9880191812550895,/home/lhaaso/liushijie/energy/pass5_crab_v6_125d_covariance/run_gti_hour.sh.out.79724879.2927
20220514_22,2,3473.43632045668,100058024.0,96353129.0,0.9629725348163981,/home/lhaaso/liushijie/energy/pass5_crab_v6_125d_covariance/run_gti_hour.sh.out.79724879.2928
20220514_23,1,3568.67848013062,100080827.0,98860192.0,0.9878035080585416,/home/lhaaso/liushijie/energy/pass5_crab_v6_125d_covariance/run_gti_hour.sh.out.79724879.2929
20220515_00,2,3469.45694403257,99318480.0,96223476.0,0.9688375818880837,/home/lhaaso/liushijie/energy/pass5_crab_v6_125d_covariance/run_gti_hour.sh.out.79724879.2930
20220515_01,1,3578.12120388262,100342373.0,99125761.0,0.9878753913862491,/home/lhaaso/liushijie/energy/pass5_crab_v6_125d_covariance/run_gti_hour.sh.out.79724879.2931
20220515_02,1,3570.57943101972,100975620.0,99773763.0,0.98809755265677,/home/lhaaso/liushijie/energy/pass5_crab_v6_125d_covariance/run_gti_hour.sh.out.79724879.2932
20220515_03,2,3466.18914844003,100785556.0,97180027.0,0.9642257368704699,/home/lhaaso/liushijie/energy/pass5_crab_v6_125d_covariance/run_gti_hour.sh.out.79724879.2933
20220515_04,1,3544.71638356335,100732857.0,99549568.0,0.9882531972661115,/home/lhaaso/liushijie/energy/pass5_crab_v6_125d_covariance/run_gti_hour.sh.out.79724879.2934
20220515_05,1,1169.6348937694,55123304.0,32785778.0,0.5947716414095933,/home/lhaaso/liushijie/energy/pass5_crab_v6_125d_covariance/run_gti_hour.sh.out.79724879.2935
20220515_07,1,0.304761598818004,52821840.0,8469.0,0.0001603314083719916,/home/lhaaso/liushijie/energy/pass5_crab_v6_125d_covariance/run_gti_hour.sh.out.79724879.2936
20220515_08,1,3542.60710675735,100647212.0,98155274.0,0.9752408640986499,/home/lhaaso/liushijie/energy/pass5_crab_v6_125d_covariance/run_gti_hour.sh.out.79724879.2937
20220515_09,4,1417.01842483599,42734198.0,38928292.0,0.9109400391695662,/home/lhaaso/liushijie/energy/pass5_crab_v6_125d_covariance/run_gti_hour.sh.out.79724879.2938
20220515_10,2,2814.51719845645,79136964.0,77721652.0,0.9821156646848368,/home/lhaaso/liushijie/energy/pass5_crab_v6_125d_covariance/run_gti_hour.sh.out.79724879.2939
20220515_11,1,3565.57290893979,99679595.0,98458319.0,0.9877479839279042,/home/lhaaso/liushijie/energy/pass5_crab_v6_125d_covariance/run_gti_hour.sh.out.79724879.2940
20220515_12,1,3524.61331982631,98679829.0,97474919.0,0.9877897032026677,/home/lhaaso/liushijie/energy/pass5_crab_v6_125d_covariance/run_gti_hour.sh.out.79724879.2941
20220515_13,1,3597.79701498337,100923206.0,99773566.0,0.9886087645689734,/home/lhaaso/liushijie/energy/pass5_crab_v6_125d_covariance/run_gti_hour.sh.out.79724879.2942
20220515_14,1,3528.55047660414,99084403.0,97981389.0,0.9888679351481787,/home/lhaaso/liushijie/energy/pass5_crab_v6_125d_covariance/run_gti_hour.sh.out.79724879.2943
20220515_15,1,3578.21413299534,100702952.0,99578915.0,0.9888380928495523,/home/lhaaso/liushijie/energy/pass5_crab_v6_125d_covariance/run_gti_hour.sh.out.79724879.2944
20220515_16,1,3542.59141520597,99899854.0,98730439.0,0.9882941270364619,/home/lhaaso/liushijie/energy/pass5_crab_v6_125d_covariance/run_gti_hour.sh.out.79724879.2945
20220515_17,1,3551.09654220287,100063216.0,98876847.0,0.9881438050122234,/home/lhaaso/liushijie/energy/pass5_crab_v6_125d_covariance/run_gti_hour.sh.out.79724879.2946
20220515_18,1,3568.61199298874,100304032.0,99127659.0,0.9882719270946156,/home/lhaaso/liushijie/energy/pass5_crab_v6_125d_covariance/run_gti_hour.sh.out.79724879.2947
20220515_19,1,3592.19724338036,100601779.0,99460033.0,0.98865083688033,/home/lhaaso/liushijie/energy/pass5_crab_v6_125d_covariance/run_gti_hour.sh.out.79724879.2948
20220515_20,1,3528.61279584467,98385935.0,97284777.0,0.98880777013503,/home/lhaaso/liushijie/energy/pass5_crab_v6_125d_covariance/run_gti_hour.sh.out.79724879.2949
20220515_21,1,3577.25199528504,99730199.0,98571936.0,0.9883860354073895,/home/lhaaso/liushijie/energy/pass5_crab_v6_125d_covariance/run_gti_hour.sh.out.79724879.2950
20220515_22,1,3536.51420515962,98542136.0,97355449.0,0.9879575677149925,/home/lhaaso/liushijie/energy/pass5_crab_v6_125d_covariance/run_gti_hour.sh.out.79724879.2951
20220515_23,2,3506.02422833908,99313827.0,96241903.0,0.9690685165118046,/home/lhaaso/liushijie/energy/pass5_crab_v6_125d_covariance/run_gti_hour.sh.out.79724879.2952
20220516_00,2,3508.55962308124,99383621.0,95735362.0,0.9632911443224633,/home/lhaaso/liushijie/energy/pass5_crab_v6_125d_covariance/run_gti_hour.sh.out.79724879.2953
20220516_01,1,3537.97187050804,98632944.0,97406822.0,0.9875688390686179,/home/lhaaso/liushijie/energy/pass5_crab_v6_125d_covariance/run_gti_hour.sh.out.79724879.2954
20220516_02,1,3576.33701143786,99947013.0,98725420.0,0.987777593713581,/home/lhaaso/liushijie/energy/pass5_crab_v6_125d_covariance/run_gti_hour.sh.out.79724879.2955
20220516_03,1,3524.0574902622,98661893.0,97430622.0,0.9875202982371319,/home/lhaaso/liushijie/energy/pass5_crab_v6_125d_covariance/run_gti_hour.sh.out.79724879.2956
20220516_04,2,3474.93370471057,99904532.0,96177144.0,0.9626905013678458,/home/lhaaso/liushijie/energy/pass5_crab_v6_125d_covariance/run_gti_hour.sh.out.79724879.2957
20220516_05,2,960.058570001274,99871866.0,26581340.0,0.2661544343228753,/home/lhaaso/liushijie/energy/pass5_crab_v6_125d_covariance/run_gti_hour.sh.out.79724879.2958
20220516_07,1,137.878829310648,99596443.0,3792849.0,0.03808217327600746,/home/lhaaso/liushijie/energy/pass5_crab_v6_125d_covariance/run_gti_hour.sh.out.79724879.2959
20220516_08,1,3526.22164820787,98123042.0,96891977.0,0.9874538643023317,/home/lhaaso/liushijie/energy/pass5_crab_v6_125d_covariance/run_gti_hour.sh.out.79724879.2960
20220516_09,27,1347.75059621315,36510791.0,36432175.0,0.9978467735744208,/home/lhaaso/liushijie/energy/pass5_crab_v6_125d_covariance/run_gti_hour.sh.out.79724879.2961
20220516_10,50,44.1599923186004,0.0,0.0,0.0,/home/lhaaso/liushijie/energy/pass5_crab_v6_125d_covariance/run_gti_hour.sh.out.79724879.2962
20220516_11,49,46.7250533401966,0.0,0.0,0.0,/home/lhaaso/liushijie/energy/pass5_crab_v6_125d_covariance/run_gti_hour.sh.out.79724879.2963
20220516_12,50,88.6644777143374,0.0,0.0,0.0,/home/lhaaso/liushijie/energy/pass5_crab_v6_125d_covariance/run_gti_hour.sh.out.79724879.2964
20220516_13,50,161.953900521621,0.0,0.0,0.0,/home/lhaaso/liushijie/energy/pass5_crab_v6_125d_covariance/run_gti_hour.sh.out.79724879.2965
20220516_14,50,217.450175900012,0.0,0.0,0.0,/home/lhaaso/liushijie/energy/pass5_crab_v6_125d_covariance/run_gti_hour.sh.out.79724879.2966
20220516_15,51,302.429957874119,0.0,0.0,0.0,/home/lhaaso/liushijie/energy/pass5_crab_v6_125d_covariance/run_gti_hour.sh.out.79724879.2967
20220516_16,51,268.405235465616,0.0,0.0,0.0,/home/lhaaso/liushijie/energy/pass5_crab_v6_125d_covariance/run_gti_hour.sh.out.79724879.2968
20220516_17,50,245.857097860426,0.0,0.0,0.0,/home/lhaaso/liushijie/energy/pass5_crab_v6_125d_covariance/run_gti_hour.sh.out.79724879.2969
20220516_18,2,2556.64298739284,72879227.0,71401617.0,0.9797252240340035,/home/lhaaso/liushijie/energy/pass5_crab_v6_125d_covariance/run_gti_hour.sh.out.79724879.2970
20220516_19,1,3571.13920720294,100520499.0,99341257.0,0.9882686416031421,/home/lhaaso/liushijie/energy/pass5_crab_v6_125d_covariance/run_gti_hour.sh.out.79724879.2971
20220516_20,1,3556.89592296258,99661199.0,98504925.0,0.9883979521458497,/home/lhaaso/liushijie/energy/pass5_crab_v6_125d_covariance/run_gti_hour.sh.out.79724879.2972
20220516_21,1,3524.80806643143,98539188.0,97340971.0,0.987840198155479,/home/lhaaso/liushijie/energy/pass5_crab_v6_125d_covariance/run_gti_hour.sh.out.79724879.2973
20220516_22,1,3558.1745514879,99860035.0,98665090.0,0.9880338015102839,/home/lhaaso/liushijie/energy/pass5_crab_v6_125d_covariance/run_gti_hour.sh.out.79724879.2974
20220516_23,1,3552.11137149017,99695699.0,98495652.0,0.9879629009873334,/home/lhaaso/liushijie/energy/pass5_crab_v6_125d_covariance/run_gti_hour.sh.out.79724879.2975
20220517_00,1,3592.37555349246,101000927.0,99797066.0,0.9880806935564067,/home/lhaaso/liushijie/energy/pass5_crab_v6_125d_covariance/run_gti_hour.sh.out.79724879.2976
20220517_01,1,3537.07197094336,99780196.0,98572649.0,0.9878979291642201,/home/lhaaso/liushijie/energy/pass5_crab_v6_125d_covariance/run_gti_hour.sh.out.79724879.2977
20220517_02,2,3475.81429677084,100945225.0,97207239.0,0.9629701553491015,/home/lhaaso/liushijie/energy/pass5_crab_v6_125d_covariance/run_gti_hour.sh.out.79724879.2978
20220517_03,1,3542.93559773359,100739412.0,99504626.0,0.9877427714189954,/home/lhaaso/liushijie/energy/pass5_crab_v6_125d_covariance/run_gti_hour.sh.out.79724879.2979
20220517_04,1,3570.28987691738,101826298.0,100588854.0,0.9878475008489457,/home/lhaaso/liushijie/energy/pass5_crab_v6_125d_covariance/run_gti_hour.sh.out.79724879.2980
20220517_05,1,712.01285936404,101569634.0,20094303.0,0.1978377021620458,/home/lhaaso/liushijie/energy/pass5_crab_v6_125d_covariance/run_gti_hour.sh.out.79724879.2981
20220517_07,1,356.638689944521,101581995.0,10040577.0,0.09884209303036429,/home/lhaaso/liushijie/energy/pass5_crab_v6_125d_covariance/run_gti_hour.sh.out.79724879.2982
20220517_08,1,3524.25714719575,101369492.0,98896530.0,0.9756044747664318,/home/lhaaso/liushijie/energy/pass5_crab_v6_125d_covariance/run_gti_hour.sh.out.79724879.2983
20220517_09,1,3542.51392555889,100123109.0,98912956.0,0.987913349754251,/home/lhaaso/liushijie/energy/pass5_crab_v6_125d_covariance/run_gti_hour.sh.out.79724879.2984
20220517_10,1,3542.56939070765,100013624.0,98801066.0,0.9878760717639828,/home/lhaaso/liushijie/energy/pass5_crab_v6_125d_covariance/run_gti_hour.sh.out.79724879.2985
20220517_11,1,3573.9521231968,101070991.0,99857101.0,0.9879897289223176,/home/lhaaso/liushijie/energy/pass5_crab_v6_125d_covariance/run_gti_hour.sh.out.79724879.2986
20220517_12,1,3548.71381900739,100598014.0,99419779.0,0.9882876912460717,/home/lhaaso/liushijie/energy/pass5_crab_v6_125d_covariance/run_gti_hour.sh.out.79724879.2987
20220517_13,1,3569.79429081548,101526976.0,100354874.0,0.9884552653277096,/home/lhaaso/liushijie/energy/pass5_crab_v6_125d_covariance/run_gti_hour.sh.out.79724879.2988
20220517_14,2,3486.63736847229,101736705.0,98220759.0,0.9654407325261812,/home/lhaaso/liushijie/energy/pass5_crab_v6_125d_covariance/run_gti_hour.sh.out.79724879.2989
20220517_15,1,3562.15405112598,101169044.0,100588772.0,0.9942643324770372,/home/lhaaso/liushijie/energy/pass5_crab_v6_125d_covariance/run_gti_hour.sh.out.79724879.2990
20220517_16,1,3588.9280899195,102259077.0,101084183.0,0.9885106140748757,/home/lhaaso/liushijie/energy/pass5_crab_v6_125d_covariance/run_gti_hour.sh.out.79724879.2991
20220517_17,1,3537.54178646486,101589419.0,100389924.0,0.9881927171962662,/home/lhaaso/liushijie/energy/pass5_crab_v6_125d_covariance/run_gti_hour.sh.out.79724879.2992
20220517_18,1,3555.60824638233,101937878.0,100735430.0,0.9882041099580275,/home/lhaaso/liushijie/energy/pass5_crab_v6_125d_covariance/run_gti_hour.sh.out.79724879.2993
20220517_19,2,3217.9908278631,91621429.0,91031328.0,0.9935593560759678,/home/lhaaso/liushijie/energy/pass5_crab_v6_125d_covariance/run_gti_hour.sh.out.79724879.2994
20220517_20,5,1745.92747050337,52395745.0,49090654.0,0.9369206220848658,/home/lhaaso/liushijie/energy/pass5_crab_v6_125d_covariance/run_gti_hour.sh.out.79724879.2995
20220517_21,1,3551.10521181487,101420793.0,100228959.0,0.9882486227454365,/home/lhaaso/liushijie/energy/pass5_crab_v6_125d_covariance/run_gti_hour.sh.out.79724879.2996
20220517_22,1,3569.3185654236,101520403.0,100315855.0,0.9881349170767181,/home/lhaaso/liushijie/energy/pass5_crab_v6_125d_covariance/run_gti_hour.sh.out.79724879.2997
20220517_23,1,3538.84096720722,100649228.0,99402175.0,0.9876099099339342,/home/lhaaso/liushijie/energy/pass5_crab_v6_125d_covariance/run_gti_hour.sh.out.79724879.2998
20220518_00,1,3579.49084478896,101779741.0,100536625.0,0.9877862137613418,/home/lhaaso/liushijie/energy/pass5_crab_v6_125d_covariance/run_gti_hour.sh.out.79724879.2999
20220518_01,1,3521.32409128826,100446366.0,99201471.0,0.987606370946262,/home/lhaaso/liushijie/energy/pass5_crab_v6_125d_covariance/run_gti_hour.sh.out.79724879.3000
20220518_02,2,3469.69071489293,101631754.0,97939827.0,0.9636734892915456,/home/lhaaso/liushijie/energy/pass5_crab_v6_125d_covariance/run_gti_hour.sh.out.79724879.3001
20220518_03,1,3592.60714924894,102197985.0,101535826.0,0.9935208213743157,/home/lhaaso/liushijie/energy/pass5_crab_v6_125d_covariance/run_gti_hour.sh.out.79724879.3002
20220518_04,1,3588.94913687836,102235758.0,101029985.0,0.988205956276081,/home/lhaaso/liushijie/energy/pass5_crab_v6_125d_covariance/run_gti_hour.sh.out.79724879.3003
20220518_05,2,446.446439344436,101593589.0,12594431.0,0.12396875751677598,/home/lhaaso/liushijie/energy/pass5_crab_v6_125d_covariance/run_gti_hour.sh.out.79724879.3004
20220518_07,1,627.18167596031,100468478.0,17574084.0,0.1749213718555585,/home/lhaaso/liushijie/energy/pass5_crab_v6_125d_covariance/run_gti_hour.sh.out.79724879.3005
20220518_08,1,3584.91464294493,101578769.0,100346008.0,0.9878639895704977,/home/lhaaso/liushijie/energy/pass5_crab_v6_125d_covariance/run_gti_hour.sh.out.79724879.3006
20220518_09,1,3536.21692943852,100062837.0,98842804.0,0.9878073315071009,/home/lhaaso/liushijie/energy/pass5_crab_v6_125d_covariance/run_gti_hour.sh.out.79724879.3007
20220518_10,1,3566.19204031304,100816535.0,99610210.0,0.9880344528801749,/home/lhaaso/liushijie/energy/pass5_crab_v6_125d_covariance/run_gti_hour.sh.out.79724879.3008
20220518_11,1,3565.23255736101,100715855.0,99509607.0,0.9880232561199028,/home/lhaaso/liushijie/energy/pass5_crab_v6_125d_covariance/run_gti_hour.sh.out.79724879.3009
20220518_12,16,1675.3618881572,47091723.0,45932040.0,0.9753739526583047,/home/lhaaso/liushijie/energy/pass5_crab_v6_125d_covariance/run_gti_hour.sh.out.79724879.3010
20220518_13,33,119.434797135182,0.0,0.0,0.0,/home/lhaaso/liushijie/energy/pass5_crab_v6_125d_covariance/run_gti_hour.sh.out.79724879.3011
20220518_14,33,222.811566805467,0.0,0.0,0.0,/home/lhaaso/liushijie/energy/pass5_crab_v6_125d_covariance/run_gti_hour.sh.out.79724879.3012
20220518_15,34,262.575095845386,0.0,0.0,0.0,/home/lhaaso/liushijie/energy/pass5_crab_v6_125d_covariance/run_gti_hour.sh.out.79724879.3013
20220518_16,5,2774.617168447,79382795.0,57305164.0,0.7218839296348787,/home/lhaaso/liushijie/energy/pass5_crab_v6_125d_covariance/run_gti_hour.sh.out.79724879.3014
20220518_17,2,3416.023476189,98614523.0,96972345.0,0.9833475034909411,/home/lhaaso/liushijie/energy/pass5_crab_v6_125d_covariance/run_gti_hour.sh.out.79724879.3015
20220518_18,1,3561.28449551761,100366878.0,99168515.0,0.9880601745926579,/home/lhaaso/liushijie/energy/pass5_crab_v6_125d_covariance/run_gti_hour.sh.out.79724879.3016
20220518_19,1,3558.80431132391,100716688.0,100131297.0,0.9941877457288906,/home/lhaaso/liushijie/energy/pass5_crab_v6_125d_covariance/run_gti_hour.sh.out.79724879.3017
20220518_20,1,3624.90096862894,102337354.0,101195842.0,0.9888455978644904,/home/lhaaso/liushijie/energy/pass5_crab_v6_125d_covariance/run_gti_hour.sh.out.79724879.3018
20220518_21,1,3544.04105090071,100717035.0,99511248.0,0.9880279736193585,/home/lhaaso/liushijie/energy/pass5_crab_v6_125d_covariance/run_gti_hour.sh.out.79724879.3019
20220518_22,1,3562.47356445529,101006016.0,99792728.0,0.987987963014005,/home/lhaaso/liushijie/energy/pass5_crab_v6_125d_covariance/run_gti_hour.sh.out.79724879.3020
20220518_23,2,3476.93863122258,101080598.0,97367016.0,0.9632611789653243,/home/lhaaso/liushijie/energy/pass5_crab_v6_125d_covariance/run_gti_hour.sh.out.79724879.3021
20220519_00,1,3517.71446806379,99824326.0,98586518.0,0.9876001366640833,/home/lhaaso/liushijie/energy/pass5_crab_v6_125d_covariance/run_gti_hour.sh.out.79724879.3022
20220519_01,1,3555.84664719645,101068872.0,99809287.0,0.9875373596729169,/home/lhaaso/liushijie/energy/pass5_crab_v6_125d_covariance/run_gti_hour.sh.out.79724879.3023
20220519_02,2,3462.83721656073,101069342.0,97304909.0,0.9627539575749885,/home/lhaaso/liushijie/energy/pass5_crab_v6_125d_covariance/run_gti_hour.sh.out.79724879.3024
20220519_03,2,3502.88637508638,102300264.0,98555251.0,0.963391951754885,/home/lhaaso/liushijie/energy/pass5_crab_v6_125d_covariance/run_gti_hour.sh.out.79724879.3025
20220519_04,2,3454.06718831509,100966360.0,97198044.0,0.962677509618055,/home/lhaaso/liushijie/energy/pass5_crab_v6_125d_covariance/run_gti_hour.sh.out.79724879.3026
20220519_05,1,179.800344910473,101019822.0,5056491.0,0.05005444377045131,/home/lhaaso/liushijie/energy/pass5_crab_v6_125d_covariance/run_gti_hour.sh.out.79724879.3027
20220519_07,2,809.198945830576,101398622.0,22719292.0,0.2240591790290799,/home/lhaaso/liushijie/energy/pass5_crab_v6_125d_covariance/run_gti_hour.sh.out.79724879.3028
20220519_08,1,3589.94377101772,101236386.0,100036262.0,0.9881453294865741,/home/lhaaso/liushijie/energy/pass5_crab_v6_125d_covariance/run_gti_hour.sh.out.79724879.3029
20220519_09,1,3543.02360520232,100387237.0,99147984.0,0.9876552733491409,/home/lhaaso/liushijie/energy/pass5_crab_v6_125d_covariance/run_gti_hour.sh.out.79724879.3030
20220519_10,2,3457.52744916826,100196720.0,96627422.0,0.9643770973740458,/home/lhaaso/liushijie/energy/pass5_crab_v6_125d_covariance/run_gti_hour.sh.out.79724879.3031
20220519_11,1,3573.4575196635,101052199.0,99867672.0,0.9882780680507507,/home/lhaaso/liushijie/energy/pass5_crab_v6_125d_covariance/run_gti_hour.sh.out.79724879.3032
20220519_12,1,3584.26079100464,100737020.0,100088549.0,0.9935627339383277,/home/lhaaso/liushijie/energy/pass5_crab_v6_125d_covariance/run_gti_hour.sh.out.79724879.3033
20220519_13,1,3567.7633353509,100302353.0,99161595.0,0.9886268071896579,/home/lhaaso/liushijie/energy/pass5_crab_v6_125d_covariance/run_gti_hour.sh.out.79724879.3034
20220519_14,1,3546.93872239441,100027154.0,98892039.0,0.9886519314545328,/home/lhaaso/liushijie/energy/pass5_crab_v6_125d_covariance/run_gti_hour.sh.out.79724879.3035
20220519_15,1,3540.88858484756,100727397.0,98952682.0,0.9823810100046564,/home/lhaaso/liushijie/energy/pass5_crab_v6_125d_covariance/run_gti_hour.sh.out.79724879.3036
20220519_16,1,3577.879786212,100715357.0,99553867.0,0.9884675978460763,/home/lhaaso/liushijie/energy/pass5_crab_v6_125d_covariance/run_gti_hour.sh.out.79724879.3037
20220519_17,3,3408.37446064688,101351477.0,95417241.0,0.9414489440543624,/home/lhaaso/liushijie/energy/pass5_crab_v6_125d_covariance/run_gti_hour.sh.out.79724879.3038
20220519_18,2,3459.90889873356,100287832.0,96747570.0,0.9646989876099824,/home/lhaaso/liushijie/energy/pass5_crab_v6_125d_covariance/run_gti_hour.sh.out.79724879.3039
20220519_19,1,3577.33063597698,100692545.0,99596867.0,0.9891185787388729,/home/lhaaso/liushijie/energy/pass5_crab_v6_125d_covariance/run_gti_hour.sh.out.79724879.3040
20220519_20,1,3546.83227809146,99606733.0,98518885.0,0.9890785696183811,/home/lhaaso/liushijie/energy/pass5_crab_v6_125d_covariance/run_gti_hour.sh.out.79724879.3041
20220519_21,1,3584.03484171722,100974501.0,99838502.0,0.9887496448236966,/home/lhaaso/liushijie/energy/pass5_crab_v6_125d_covariance/run_gti_hour.sh.out.79724879.3042
20220519_22,1,3545.51813565195,99835259.0,98679322.0,0.9884215555548366,/home/lhaaso/liushijie/energy/pass5_crab_v6_125d_covariance/run_gti_hour.sh.out.79724879.3043
20220519_23,1,3592.0669257408,100586678.0,99899383.0,0.9931671369045512,/home/lhaaso/liushijie/energy/pass5_crab_v6_125d_covariance/run_gti_hour.sh.out.79724879.3044
20220520_00,1,3583.18063316401,100501442.0,99302446.0,0.9880698627189847,/home/lhaaso/liushijie/energy/pass5_crab_v6_125d_covariance/run_gti_hour.sh.out.79724879.3045
20220520_01,1,3570.7052978687,100388937.0,99698340.0,0.9931207858092969,/home/lhaaso/liushijie/energy/pass5_crab_v6_125d_covariance/run_gti_hour.sh.out.79724879.3046
20220520_02,2,3479.66075171717,100467332.0,96954532.0,0.965035400760916,/home/lhaaso/liushijie/energy/pass5_crab_v6_125d_covariance/run_gti_hour.sh.out.79724879.3047
20220520_03,2,3477.56663651671,101004590.0,97499088.0,0.9652936366555223,/home/lhaaso/liushijie/energy/pass5_crab_v6_125d_covariance/run_gti_hour.sh.out.79724879.3048
20220520_04,1,3592.11736866273,101442632.0,100720704.0,0.9928833865430463,/home/lhaaso/liushijie/energy/pass5_crab_v6_125d_covariance/run_gti_hour.sh.out.79724879.3049
20220520_05,1,0.30047174077481,101326113.0,8428.0,8.317697926496006e-05,/home/lhaaso/liushijie/energy/pass5_crab_v6_125d_covariance/run_gti_hour.sh.out.79724879.3050
20220520_07,1,1113.98838849273,101278567.0,31282348.0,0.3088743149377301,/home/lhaaso/liushijie/energy/pass5_crab_v6_125d_covariance/run_gti_hour.sh.out.79724879.3051
20220520_08,1,3542.65316992532,100534771.0,99368205.0,0.9883963927266518,/home/lhaaso/liushijie/energy/pass5_crab_v6_125d_covariance/run_gti_hour.sh.out.79724879.3052
20220520_09,1,3586.9497241918,131057998.0,129871484.0,0.9909466494368394,/home/lhaaso/liushijie/energy/pass5_crab_v6_125d_covariance/run_gti_hour.sh.out.79724879.3053
20220520_10,2,3468.26807500329,100928705.0,97372976.0,0.9647698937581731,/home/lhaaso/liushijie/energy/pass5_crab_v6_125d_covariance/run_gti_hour.sh.out.79724879.3054
20220520_11,1,3552.19511236064,100960251.0,99801277.0,0.9885204920895057,/home/lhaaso/liushijie/energy/pass5_crab_v6_125d_covariance/run_gti_hour.sh.out.79724879.3055
20220520_12,1,3544.99083138071,100865936.0,99721881.0,0.9886576673417278,/home/lhaaso/liushijie/energy/pass5_crab_v6_125d_covariance/run_gti_hour.sh.out.79724879.3056
20220520_13,1,3574.59601240698,101937820.0,100813396.0,0.9889695110215228,/home/lhaaso/liushijie/energy/pass5_crab_v6_125d_covariance/run_gti_hour.sh.out.79724879.3057
20220520_14,2,3467.51701855101,101029766.0,97699366.0,0.9670354576491843,/home/lhaaso/liushijie/energy/pass5_crab_v6_125d_covariance/run_gti_hour.sh.out.79724879.3058
20220520_15,2,3487.37194128335,101391722.0,98040282.0,0.9669456250087162,/home/lhaaso/liushijie/energy/pass5_crab_v6_125d_covariance/run_gti_hour.sh.out.79724879.3059
20220520_16,1,3563.89287505299,99491581.0,98355521.0,0.9885813453904205,/home/lhaaso/liushijie/energy/pass5_crab_v6_125d_covariance/run_gti_hour.sh.out.79724879.3060
20220520_17,2,3474.15093574673,101388284.0,97918966.0,0.9657818648947644,/home/lhaaso/liushijie/energy/pass5_crab_v6_125d_covariance/run_gti_hour.sh.out.79724879.3061
20220520_18,1,3574.33525894303,101731067.0,100601793.0,0.9888994185031009,/home/lhaaso/liushijie/energy/pass5_crab_v6_125d_covariance/run_gti_hour.sh.out.79724879.3062
20220520_19,1,3544.11170657258,100619623.0,99541373.0,0.9892838994238728,/home/lhaaso/liushijie/energy/pass5_crab_v6_125d_covariance/run_gti_hour.sh.out.79724879.3063
20220520_20,1,3585.01512457151,101325130.0,100618255.0,0.9930236951090021,/home/lhaaso/liushijie/energy/pass5_crab_v6_125d_covariance/run_gti_hour.sh.out.79724879.3064
20220520_21,1,3600.08616910782,101496335.0,100356179.0,0.988766530338263,/home/lhaaso/liushijie/energy/pass5_crab_v6_125d_covariance/run_gti_hour.sh.out.79724879.3065
20220520_22,1,3525.73506238405,99742313.0,98577179.0,0.9883185584436968,/home/lhaaso/liushijie/energy/pass5_crab_v6_125d_covariance/run_gti_hour.sh.out.79724879.3066
20220520_23,1,3571.07539116405,101075432.0,99899346.0,0.9883642743174227,/home/lhaaso/liushijie/energy/pass5_crab_v6_125d_covariance/run_gti_hour.sh.out.79724879.3067
20220521_00,1,3562.8978417255,101043538.0,99859748.0,0.9882843571847217,/home/lhaaso/liushijie/energy/pass5_crab_v6_125d_covariance/run_gti_hour.sh.out.79724879.3068
20220521_01,1,3552.07670561504,100970167.0,99790160.0,0.988313310405835,/home/lhaaso/liushijie/energy/pass5_crab_v6_125d_covariance/run_gti_hour.sh.out.79724879.3069
20220521_02,1,3574.99604921322,101872176.0,100708723.0,0.9885792858689894,/home/lhaaso/liushijie/energy/pass5_crab_v6_125d_covariance/run_gti_hour.sh.out.79724879.3070
20220521_03,1,3561.53841626365,101703810.0,100543068.0,0.9885870352349632,/home/lhaaso/liushijie/energy/pass5_crab_v6_125d_covariance/run_gti_hour.sh.out.79724879.3071
20220521_04,1,3374.98704052996,101734267.0,95371958.0,0.937461494660398,/home/lhaaso/liushijie/energy/pass5_crab_v6_125d_covariance/run_gti_hour.sh.out.79724879.3072
20220521_07,1,1297.39438297693,101728129.0,36611459.0,0.3598951377548682,/home/lhaaso/liushijie/energy/pass5_crab_v6_125d_covariance/run_gti_hour.sh.out.79724879.3073
20220521_08,1,3565.49654896371,101576623.0,100418114.0,0.9885947281393672,/home/lhaaso/liushijie/energy/pass5_crab_v6_125d_covariance/run_gti_hour.sh.out.79724879.3074
20220521_09,2,3200.44502934907,90370780.0,90087218.0,0.9968622379932983,/home/lhaaso/liushijie/energy/pass5_crab_v6_125d_covariance/run_gti_hour.sh.out.79724879.3075
20220521_10,48,34.8140053683892,0.0,0.0,0.0,/home/lhaaso/liushijie/energy/pass5_crab_v6_125d_covariance/run_gti_hour.sh.out.79724879.3076
20220521_11,51,46.2054782314226,0.0,0.0,0.0,/home/lhaaso/liushijie/energy/pass5_crab_v6_125d_covariance/run_gti_hour.sh.out.79724879.3077
20220521_12,51,147.575079649687,0.0,0.0,0.0,/home/lhaaso/liushijie/energy/pass5_crab_v6_125d_covariance/run_gti_hour.sh.out.79724879.3078
20220521_13,51,229.346985113807,0.0,0.0,0.0,/home/lhaaso/liushijie/energy/pass5_crab_v6_125d_covariance/run_gti_hour.sh.out.79724879.3079
20220521_14,26,1124.82425433118,30822234.0,0.0,0.0,/home/lhaaso/liushijie/energy/pass5_crab_v6_125d_covariance/run_gti_hour.sh.out.79724879.3080
20220521_15,1,3567.86385469604,102189998.0,101604283.0,0.9942683725270256,/home/lhaaso/liushijie/energy/pass5_crab_v6_125d_covariance/run_gti_hour.sh.out.79724879.3081
20220521_16,1,3563.14055440016,102260846.0,101080972.0,0.988462113837783,/home/lhaaso/liushijie/energy/pass5_crab_v6_125d_covariance/run_gti_hour.sh.out.79724879.3082
20220521_17,1,3561.75894350745,102988528.0,101780246.0,0.9882678000796361,/home/lhaaso/liushijie/energy/pass5_crab_v6_125d_covariance/run_gti_hour.sh.out.79724879.3083
20220521_18,1,3569.57858211827,103247077.0,102050208.0,0.9884077202495525,/home/lhaaso/liushijie/energy/pass5_crab_v6_125d_covariance/run_gti_hour.sh.out.79724879.3084
20220521_19,1,3561.42785937991,102471392.0,101324566.0,0.9888083300361529,/home/lhaaso/liushijie/energy/pass5_crab_v6_125d_covariance/run_gti_hour.sh.out.79724879.3085
20220521_20,1,3539.63343109936,101504309.0,100347855.0,0.9886068482077938,/home/lhaaso/liushijie/energy/pass5_crab_v6_125d_covariance/run_gti_hour.sh.out.79724879.3086
20220521_21,1,3592.61023085564,102851111.0,101640292.0,0.9882274582332903,/home/lhaaso/liushijie/energy/pass5_crab_v6_125d_covariance/run_gti_hour.sh.out.79724879.3087
20220521_22,1,3556.24175292905,101646776.0,100426114.0,0.98799113904016,/home/lhaaso/liushijie/energy/pass5_crab_v6_125d_covariance/run_gti_hour.sh.out.79724879.3088
20220521_23,1,3554.83625298366,101591549.0,100356879.0,0.9878467253216111,/home/lhaaso/liushijie/energy/pass5_crab_v6_125d_covariance/run_gti_hour.sh.out.79724879.3089
20220522_00,1,3557.42089056876,101694722.0,100458958.0,0.9878482975743815,/home/lhaaso/liushijie/energy/pass5_crab_v6_125d_covariance/run_gti_hour.sh.out.79724879.3090
20220522_01,1,3543.39190120809,101568847.0,100337829.0,0.9878799648085008,/home/lhaaso/liushijie/energy/pass5_crab_v6_125d_covariance/run_gti_hour.sh.out.79724879.3091
20220522_02,1,3536.67441350408,101519004.0,100282665.0,0.9878216003774032,/home/lhaaso/liushijie/energy/pass5_crab_v6_125d_covariance/run_gti_hour.sh.out.79724879.3092
20220522_03,2,3491.71111949254,102857552.0,99146484.0,0.9639203157391885,/home/lhaaso/liushijie/energy/pass5_crab_v6_125d_covariance/run_gti_hour.sh.out.79724879.3093
20220522_04,1,3090.31884823926,101601275.0,87797923.0,0.8641419411321364,/home/lhaaso/liushijie/energy/pass5_crab_v6_125d_covariance/run_gti_hour.sh.out.79724879.3094
20220522_07,1,1598.7623457564,101970667.0,45308884.0,0.4443325255487443,/home/lhaaso/liushijie/energy/pass5_crab_v6_125d_covariance/run_gti_hour.sh.out.79724879.3095
20220522_08,1,3551.90855248366,101782133.0,100529869.0,0.9876966225496571,/home/lhaaso/liushijie/energy/pass5_crab_v6_125d_covariance/run_gti_hour.sh.out.79724879.3096
20220522_09,1,3551.27684951294,101655890.0,100427861.0,0.9879197457225548,/home/lhaaso/liushijie/energy/pass5_crab_v6_125d_covariance/run_gti_hour.sh.out.79724879.3097
20220522_10,1,3541.51559059974,101387897.0,100165675.0,0.9879450897378806,/home/lhaaso/liushijie/energy/pass5_crab_v6_125d_covariance/run_gti_hour.sh.out.79724879.3098
20220522_11,2,3481.47029292304,102184639.0,98554896.0,0.9644785846921669,/home/lhaaso/liushijie/energy/pass5_crab_v6_125d_covariance/run_gti_hour.sh.out.79724879.3099
20220522_12,1,3569.91550445091,102337206.0,101155402.0,0.9884518637337041,/home/lhaaso/liushijie/energy/pass5_crab_v6_125d_covariance/run_gti_hour.sh.out.79724879.3100
20220522_13,1,3542.47770756483,101741494.0,100618027.0,0.9889576321731623,/home/lhaaso/liushijie/energy/pass5_crab_v6_125d_covariance/run_gti_hour.sh.out.79724879.3101
20220522_14,1,3587.4481800478,103148111.0,102071239.0,0.989559944534515,/home/lhaaso/liushijie/energy/pass5_crab_v6_125d_covariance/run_gti_hour.sh.out.79724879.3102
20220522_15,1,3534.37424052972,101837216.0,100733993.0,0.9891667992966343,/home/lhaaso/liushijie/energy/pass5_crab_v6_125d_covariance/run_gti_hour.sh.out.79724879.3103
20220522_16,1,3589.48719282635,103174491.0,102506308.0,0.9935237577280609,/home/lhaaso/liushijie/energy/pass5_crab_v6_125d_covariance/run_gti_hour.sh.out.79724879.3104
20220522_17,1,3539.97448738664,102685363.0,101012159.0,0.9837055257817027,/home/lhaaso/liushijie/energy/pass5_crab_v6_125d_covariance/run_gti_hour.sh.out.79724879.3105
20220522_18,1,3559.19813148212,102457862.0,101310915.0,0.9888056711548402,/home/lhaaso/liushijie/energy/pass5_crab_v6_125d_covariance/run_gti_hour.sh.out.79724879.3106
20220522_19,2,3489.1203224659,102648780.0,99127940.0,0.9657001281457023,/home/lhaaso/liushijie/energy/pass5_crab_v6_125d_covariance/run_gti_hour.sh.out.79724879.3107
20220522_20,2,3465.16586076468,101547584.0,98012275.0,0.9651856906807355,/home/lhaaso/liushijie/energy/pass5_crab_v6_125d_covariance/run_gti_hour.sh.out.79724879.3108
20220522_21,1,3559.95154534467,101729898.0,100535018.0,0.9882543871222598,/home/lhaaso/liushijie/energy/pass5_crab_v6_125d_covariance/run_gti_hour.sh.out.79724879.3109
20220522_22,1,3567.87126387935,101697641.0,100474420.0,0.9879719825556229,/home/lhaaso/liushijie/energy/pass5_crab_v6_125d_covariance/run_gti_hour.sh.out.79724879.3110
20220522_23,2,3439.64294486213,100366230.0,96631688.0,0.9627908510661405,/home/lhaaso/liushijie/energy/pass5_crab_v6_125d_covariance/run_gti_hour.sh.out.79724879.3111
20220523_00,1,3569.14939892013,101840638.0,100598847.0,0.9878065276849503,/home/lhaaso/liushijie/energy/pass5_crab_v6_125d_covariance/run_gti_hour.sh.out.79724879.3112
20220523_01,1,3558.64596753381,101767954.0,100535212.0,0.9878867369191681,/home/lhaaso/liushijie/energy/pass5_crab_v6_125d_covariance/run_gti_hour.sh.out.79724879.3113
20220523_02,2,3458.79737162031,101615854.0,97893531.0,0.9633686786709483,/home/lhaaso/liushijie/energy/pass5_crab_v6_125d_covariance/run_gti_hour.sh.out.79724879.3114
20220523_03,1,3590.45469160192,102874596.0,101632286.0,0.9879240352010714,/home/lhaaso/liushijie/energy/pass5_crab_v6_125d_covariance/run_gti_hour.sh.out.79724879.3115
20220523_04,1,2880.93444595579,101651470.0,81570287.0,0.8024506384413329,/home/lhaaso/liushijie/energy/pass5_crab_v6_125d_covariance/run_gti_hour.sh.out.79724879.3116
20220523_07,1,1780.39381946437,101570147.0,50237686.0,0.4946107442376745,/home/lhaaso/liushijie/energy/pass5_crab_v6_125d_covariance/run_gti_hour.sh.out.79724879.3117
20220523_08,2,3481.46645505913,101788891.0,98051129.0,0.9632792737667217,/home/lhaaso/liushijie/energy/pass5_crab_v6_125d_covariance/run_gti_hour.sh.out.79724879.3118
20220523_09,23,1710.59209147934,48818635.0,47682878.0,0.9767351750002842,/home/lhaaso/liushijie/energy/pass5_crab_v6_125d_covariance/run_gti_hour.sh.out.79724879.3119
20220523_10,50,49.2911227047443,0.0,0.0,0.0,/home/lhaaso/liushijie/energy/pass5_crab_v6_125d_covariance/run_gti_hour.sh.out.79724879.3120
20220523_11,51,121.753889112733,0.0,0.0,0.0,/home/lhaaso/liushijie/energy/pass5_crab_v6_125d_covariance/run_gti_hour.sh.out.79724879.3121
20220523_12,50,130.223954818211,0.0,0.0,0.0,/home/lhaaso/liushijie/energy/pass5_crab_v6_125d_covariance/run_gti_hour.sh.out.79724879.3122
20220523_13,49,176.744282478467,0.0,0.0,0.0,/home/lhaaso/liushijie/energy/pass5_crab_v6_125d_covariance/run_gti_hour.sh.out.79724879.3123
20220523_14,36,1101.67379777413,27316842.0,0.0,0.0,/home/lhaaso/liushijie/energy/pass5_crab_v6_125d_covariance/run_gti_hour.sh.out.79724879.3124
20220523_15,1,589.136894512922,23980108.0,23252145.0,0.9696430474791856,/home/lhaaso/liushijie/energy/pass5_crab_v6_125d_covariance/run_gti_hour.sh.out.79724879.3125
20220523_17,1,2494.76235341281,72106911.0,70900091.0,0.9832634627768204,/home/lhaaso/liushijie/energy/pass5_crab_v6_125d_covariance/run_gti_hour.sh.out.79724879.3126
20220523_18,1,3566.92779937293,102012883.0,100840224.0,0.9885047950267223,/home/lhaaso/liushijie/energy/pass5_crab_v6_125d_covariance/run_gti_hour.sh.out.79724879.3127
20220523_19,2,3475.82328321878,101119390.0,97574997.0,0.9649484337276956,/home/lhaaso/liushijie/energy/pass5_crab_v6_125d_covariance/run_gti_hour.sh.out.79724879.3128
20220523_20,2,3450.371603854,100241773.0,96706435.0,0.9647318887705627,/home/lhaaso/liushijie/energy/pass5_crab_v6_125d_covariance/run_gti_hour.sh.out.79724879.3129
20220523_21,2,3460.50903063733,100390937.0,96758212.0,0.9638142136276704,/home/lhaaso/liushijie/energy/pass5_crab_v6_125d_covariance/run_gti_hour.sh.out.79724879.3130
20220523_22,1,3565.8759009093,100582624.0,99358594.0,0.9878306018343685,/home/lhaaso/liushijie/energy/pass5_crab_v6_125d_covariance/run_gti_hour.sh.out.79724879.3131
20220523_23,2,3490.50923252944,100818511.0,97103837.0,0.9631548416738668,/home/lhaaso/liushijie/energy/pass5_crab_v6_125d_covariance/run_gti_hour.sh.out.79724879.3132
20220524_00,1,3527.41587013006,99503180.0,98255610.0,0.9874620087518811,/home/lhaaso/liushijie/energy/pass5_crab_v6_125d_covariance/run_gti_hour.sh.out.79724879.3133
20220524_01,1,3570.49686256796,100771529.0,99536302.0,0.9877423016971391,/home/lhaaso/liushijie/energy/pass5_crab_v6_125d_covariance/run_gti_hour.sh.out.79724879.3134
20220524_02,1,3564.61172928102,100673928.0,99426038.0,0.9876046358298446,/home/lhaaso/liushijie/energy/pass5_crab_v6_125d_covariance/run_gti_hour.sh.out.79724879.3135
20220524_03,2,3477.03038728796,100747149.0,97009805.0,0.9629037244517956,/home/lhaaso/liushijie/energy/pass5_crab_v6_125d_covariance/run_gti_hour.sh.out.79724879.3136
20220524_04,2,2618.58776493464,99488974.0,73059250.0,0.7343451948755648,/home/lhaaso/liushijie/energy/pass5_crab_v6_125d_covariance/run_gti_hour.sh.out.79724879.3137
20220524_07,1,2042.26675846148,99465122.0,56609512.0,0.5691393210174718,/home/lhaaso/liushijie/energy/pass5_crab_v6_125d_covariance/run_gti_hour.sh.out.79724879.3138
20220524_08,1,3540.72970733978,99208176.0,97971691.0,0.9875364607046097,/home/lhaaso/liushijie/energy/pass5_crab_v6_125d_covariance/run_gti_hour.sh.out.79724879.3139
20220524_09,1,3497.39300692454,99047320.0,96554189.0,0.9748288898679944,/home/lhaaso/liushijie/energy/pass5_crab_v6_125d_covariance/run_gti_hour.sh.out.79724879.3140
20220524_10,1,3563.19046297576,99655208.0,98418744.0,0.9875925802091547,/home/lhaaso/liushijie/energy/pass5_crab_v6_125d_covariance/run_gti_hour.sh.out.79724879.3141
20220524_11,1,3587.70445317496,100386164.0,99168400.0,0.9878692047641147,/home/lhaaso/liushijie/energy/pass5_crab_v6_125d_covariance/run_gti_hour.sh.out.79724879.3142
20220524_12,1,3551.34473727085,99343077.0,98137623.0,0.9878657473031563,/home/lhaaso/liushijie/energy/pass5_crab_v6_125d_covariance/run_gti_hour.sh.out.79724879.3143
20220524_13,2,3468.66016702261,99520434.0,95926372.0,0.9638861904480842,/home/lhaaso/liushijie/energy/pass5_crab_v6_125d_covariance/run_gti_hour.sh.out.79724879.3144
20220524_14,1,3566.91548489034,99822133.0,98708539.0,0.9888442175444198,/home/lhaaso/liushijie/energy/pass5_crab_v6_125d_covariance/run_gti_hour.sh.out.79724879.3145
20220524_15,1,3536.91165761556,99290711.0,98133670.0,0.9883469360995915,/home/lhaaso/liushijie/energy/pass5_crab_v6_125d_covariance/run_gti_hour.sh.out.79724879.3146
20220524_16,1,3568.07764791884,100372894.0,99184322.0,0.9881584364798728,/home/lhaaso/liushijie/energy/pass5_crab_v6_125d_covariance/run_gti_hour.sh.out.79724879.3147
20220524_17,1,3532.82876699232,99475515.0,98285596.0,0.9880380714791976,/home/lhaaso/liushijie/energy/pass5_crab_v6_125d_covariance/run_gti_hour.sh.out.79724879.3148
20220524_18,1,3593.41362370178,100955666.0,99817748.0,0.9887285375344856,/home/lhaaso/liushijie/energy/pass5_crab_v6_125d_covariance/run_gti_hour.sh.out.79724879.3149
20220524_19,1,3525.69491034374,98747665.0,97654000.0,0.9889246495094339,/home/lhaaso/liushijie/energy/pass5_crab_v6_125d_covariance/run_gti_hour.sh.out.79724879.3150
20220524_20,1,3589.55224792007,100359645.0,99221717.0,0.9886614983542439,/home/lhaaso/liushijie/energy/pass5_crab_v6_125d_covariance/run_gti_hour.sh.out.79724879.3151
20220524_21,1,3559.08750356175,99350933.0,98127449.0,0.9876852288845642,/home/lhaaso/liushijie/energy/pass5_crab_v6_125d_covariance/run_gti_hour.sh.out.79724879.3152
20220524_22,1,3525.15227850527,98224173.0,97023649.0,0.9877777133333563,/home/lhaaso/liushijie/energy/pass5_crab_v6_125d_covariance/run_gti_hour.sh.out.79724879.3153
20220524_23,2,3490.59970050585,99600231.0,95884863.0,0.9626971949492767,/home/lhaaso/liushijie/energy/pass5_crab_v6_125d_covariance/run_gti_hour.sh.out.79724879.3154
20220525_00,2,3454.07474082895,98584426.0,94857193.0,0.9621924765276819,/home/lhaaso/liushijie/energy/pass5_crab_v6_125d_covariance/run_gti_hour.sh.out.79724879.3155
20220525_01,1,3583.11027986929,99758224.0,98570933.0,0.9880983145810615,/home/lhaaso/liushijie/energy/pass5_crab_v6_125d_covariance/run_gti_hour.sh.out.79724879.3156
20220525_02,1,3530.17131246161,98515388.0,97316121.0,0.9878266022765906,/home/lhaaso/liushijie/energy/pass5_crab_v6_125d_covariance/run_gti_hour.sh.out.79724879.3157
20220525_03,1,3568.31406662241,99718749.0,98493388.0,0.9877118293972982,/home/lhaaso/liushijie/energy/pass5_crab_v6_125d_covariance/run_gti_hour.sh.out.79724879.3158
20220525_04,2,2417.26433406584,99613511.0,66860641.0,0.6712005262017118,/home/lhaaso/liushijie/energy/pass5_crab_v6_125d_covariance/run_gti_hour.sh.out.79724879.3159
20220525_07,1,2314.35349741951,100445517.0,64056116.0,0.6377200089477363,/home/lhaaso/liushijie/energy/pass5_crab_v6_125d_covariance/run_gti_hour.sh.out.79724879.3160
20220525_08,1,3537.63007996604,98965249.0,97735055.0,0.9875694346002202,/home/lhaaso/liushijie/energy/pass5_crab_v6_125d_covariance/run_gti_hour.sh.out.79724879.3161
20220525_09,34,713.937580492347,18844656.0,18775089.0,0.9963083963963046,/home/lhaaso/liushijie/energy/pass5_crab_v6_125d_covariance/run_gti_hour.sh.out.79724879.3162
20220525_10,44,96.885087294504,0.0,0.0,0.0,/home/lhaaso/liushijie/energy/pass5_crab_v6_125d_covariance/run_gti_hour.sh.out.79724879.3163
20220525_11,43,127.407106035389,0.0,0.0,0.0,/home/lhaaso/liushijie/energy/pass5_crab_v6_125d_covariance/run_gti_hour.sh.out.79724879.3164
20220525_12,4,3155.73340239935,91324910.0,79256643.0,0.8678535024014806,/home/lhaaso/liushijie/energy/pass5_crab_v6_125d_covariance/run_gti_hour.sh.out.79724879.3165
20220525_13,3,3408.12080267351,101110624.0,95057992.0,0.9401385160079716,/home/lhaaso/liushijie/energy/pass5_crab_v6_125d_covariance/run_gti_hour.sh.out.79724879.3166
20220525_14,1,3533.13970626332,99866432.0,98753955.0,0.9888603509936151,/home/lhaaso/liushijie/energy/pass5_crab_v6_125d_covariance/run_gti_hour.sh.out.79724879.3167
20220525_15,2,3472.76612757705,100790382.0,97261391.0,0.964986827810614,/home/lhaaso/liushijie/energy/pass5_crab_v6_125d_covariance/run_gti_hour.sh.out.79724879.3168
20220525_16,2,3499.25599345006,101787417.0,98129297.0,0.9640611766383658,/home/lhaaso/liushijie/energy/pass5_crab_v6_125d_covariance/run_gti_hour.sh.out.79724879.3169
20220525_17,1,3546.44997906871,100719930.0,99493074.0,0.9878191337106768,/home/lhaaso/liushijie/energy/pass5_crab_v6_125d_covariance/run_gti_hour.sh.out.79724879.3170
20220525_18,2,3466.45583629142,100897939.0,97275980.0,0.9641027454485468,/home/lhaaso/liushijie/energy/pass5_crab_v6_125d_covariance/run_gti_hour.sh.out.79724879.3171
20220525_19,2,3492.12527372874,101303538.0,97770502.0,0.9651242585426779,/home/lhaaso/liushijie/energy/pass5_crab_v6_125d_covariance/run_gti_hour.sh.out.79724879.3172
20220525_20,1,3553.00759789534,100370824.0,99215042.0,0.9884848808255275,/home/lhaaso/liushijie/energy/pass5_crab_v6_125d_covariance/run_gti_hour.sh.out.79724879.3173
20220525_21,2,3439.60669355001,99415853.0,95751891.0,0.9631450931673845,/home/lhaaso/liushijie/energy/pass5_crab_v6_125d_covariance/run_gti_hour.sh.out.79724879.3174
20220525_22,1,3581.26769720111,100784087.0,99554262.0,0.9877974287746437,/home/lhaaso/liushijie/energy/pass5_crab_v6_125d_covariance/run_gti_hour.sh.out.79724879.3175
20220525_23,1,3544.75758606568,99710883.0,98489004.0,0.9877457809695658,/home/lhaaso/liushijie/energy/pass5_crab_v6_125d_covariance/run_gti_hour.sh.out.79724879.3176
20220526_00,1,3580.91606148519,100927111.0,99690100.0,0.9877435211635058,/home/lhaaso/liushijie/energy/pass5_crab_v6_125d_covariance/run_gti_hour.sh.out.79724879.3177
20220526_01,1,3518.15630395431,99523146.0,98282500.0,0.9875340958373643,/home/lhaaso/liushijie/energy/pass5_crab_v6_125d_covariance/run_gti_hour.sh.out.79724879.3178
20220526_02,1,3556.67334634345,100834474.0,99589662.0,0.9876548966774994,/home/lhaaso/liushijie/energy/pass5_crab_v6_125d_covariance/run_gti_hour.sh.out.79724879.3179
20220526_03,1,3551.51103402022,100828101.0,99582767.0,0.9876489392575191,/home/lhaaso/liushijie/energy/pass5_crab_v6_125d_covariance/run_gti_hour.sh.out.79724879.3180
20220526_04,2,2066.47260559257,102097023.0,58029500.0,0.5683760240492027,/home/lhaaso/liushijie/energy/pass5_crab_v6_125d_covariance/run_gti_hour.sh.out.79724879.3181
20220526_07,2,2428.48417928908,100718753.0,68025006.0,0.6753956336214766,/home/lhaaso/liushijie/energy/pass5_crab_v6_125d_covariance/run_gti_hour.sh.out.79724879.3182
20220526_08,1,3560.02360037528,100809513.0,99572662.0,0.9877308106825197,/home/lhaaso/liushijie/energy/pass5_crab_v6_125d_covariance/run_gti_hour.sh.out.79724879.3183
20220526_09,1,3560.3216574993,100718133.0,99451605.0,0.9874250250448944,/home/lhaaso/liushijie/energy/pass5_crab_v6_125d_covariance/run_gti_hour.sh.out.79724879.3184
20220526_10,2,3468.16960000433,100592067.0,96891681.0,0.9632139381329146,/home/lhaaso/liushijie/energy/pass5_crab_v6_125d_covariance/run_gti_hour.sh.out.79724879.3185
20220526_11,1,3560.86123790592,100944694.0,99721340.0,0.9878809479575024,/home/lhaaso/liushijie/energy/pass5_crab_v6_125d_covariance/run_gti_hour.sh.out.79724879.3186
20220526_12,1,3547.43659927044,100815145.0,99628991.0,0.9882343669693675,/home/lhaaso/liushijie/energy/pass5_crab_v6_125d_covariance/run_gti_hour.sh.out.79724879.3187
20220526_13,1,3557.49035370536,101380474.0,100222521.0,0.9885781457285354,/home/lhaaso/liushijie/energy/pass5_crab_v6_125d_covariance/run_gti_hour.sh.out.79724879.3188
20220526_14,1,3554.59806025028,101791462.0,100676315.0,0.9890447884519038,/home/lhaaso/liushijie/energy/pass5_crab_v6_125d_covariance/run_gti_hour.sh.out.79724879.3189
20220526_15,1,3574.43522759713,102855151.0,101699152.0,0.9887609031851016,/home/lhaaso/liushijie/energy/pass5_crab_v6_125d_covariance/run_gti_hour.sh.out.79724879.3190
20220526_16,1,3545.85121320561,102144224.0,100953601.0,0.9883437070313442,/home/lhaaso/liushijie/energy/pass5_crab_v6_125d_covariance/run_gti_hour.sh.out.79724879.3191
20220526_17,1,3590.43874670751,103583553.0,102398768.0,0.9885620355192875,/home/lhaaso/liushijie/energy/pass5_crab_v6_125d_covariance/run_gti_hour.sh.out.79724879.3192
20220526_18,1,3545.79873410985,102646707.0,101486681.0,0.988698848371239,/home/lhaaso/liushijie/energy/pass5_crab_v6_125d_covariance/run_gti_hour.sh.out.79724879.3193
20220526_19,1,3563.18977146875,102921473.0,101804308.0,0.9891454623856772,/home/lhaaso/liushijie/energy/pass5_crab_v6_125d_covariance/run_gti_hour.sh.out.79724879.3194
20220526_20,1,3582.12900501676,103240164.0,102049294.0,0.988465051256602,/home/lhaaso/liushijie/energy/pass5_crab_v6_125d_covariance/run_gti_hour.sh.out.79724879.3195
20220526_21,1,3550.97074010409,102063230.0,100872643.0,0.9883348097057089,/home/lhaaso/liushijie/energy/pass5_crab_v6_125d_covariance/run_gti_hour.sh.out.79724879.3196
20220526_22,1,3560.24871796835,102215466.0,101012540.0,0.9882314678289487,/home/lhaaso/liushijie/energy/pass5_crab_v6_125d_covariance/run_gti_hour.sh.out.79724879.3197
20220526_23,2,3482.32979401946,102348029.0,98696012.0,0.9643176616522825,/home/lhaaso/liushijie/energy/pass5_crab_v6_125d_covariance/run_gti_hour.sh.out.79724879.3198
20220527_00,1,3560.20381150302,102234416.0,100963044.0,0.9875641486522503,/home/lhaaso/liushijie/energy/pass5_crab_v6_125d_covariance/run_gti_hour.sh.out.79724879.3199
20220527_01,1,3555.03450867254,102211916.0,100977913.0,0.9879270143023245,/home/lhaaso/liushijie/energy/pass5_crab_v6_125d_covariance/run_gti_hour.sh.out.79724879.3200
20220527_02,1,3543.36455084849,102180446.0,100897588.0,0.9874451712610454,/home/lhaaso/liushijie/energy/pass5_crab_v6_125d_covariance/run_gti_hour.sh.out.79724879.3201
20220527_03,1,3539.15457066614,102189339.0,100983561.0,0.9882005499614789,/home/lhaaso/liushijie/energy/pass5_crab_v6_125d_covariance/run_gti_hour.sh.out.79724879.3202
20220527_04,1,1941.36124940123,103397026.0,55462179.0,0.5364001378530945,/home/lhaaso/liushijie/energy/pass5_crab_v6_125d_covariance/run_gti_hour.sh.out.79724879.3203
20220527_07,1,2728.12258873601,103209458.0,78027062.0,0.7560068961896883,/home/lhaaso/liushijie/energy/pass5_crab_v6_125d_covariance/run_gti_hour.sh.out.79724879.3204
20220527_08,1,3572.11474631913,103136144.0,101913225.0,0.9881426728538543,/home/lhaaso/liushijie/energy/pass5_crab_v6_125d_covariance/run_gti_hour.sh.out.79724879.3205
20220527_09,1,3567.69695570692,102896930.0,101664324.0,0.9880209642794979,/home/lhaaso/liushijie/energy/pass5_crab_v6_125d_covariance/run_gti_hour.sh.out.79724879.3206
20220527_10,1,3524.47454317007,101612530.0,100373193.0,0.9878033053600771,/home/lhaaso/liushijie/energy/pass5_crab_v6_125d_covariance/run_gti_hour.sh.out.79724879.3207
20220527_11,1,3582.95587641187,103420928.0,102225246.0,0.9884386842864145,/home/lhaaso/liushijie/energy/pass5_crab_v6_125d_covariance/run_gti_hour.sh.out.79724879.3208
20220527_12,1,3539.09850076307,102162096.0,100981061.0,0.9884395970106173,/home/lhaaso/liushijie/energy/pass5_crab_v6_125d_covariance/run_gti_hour.sh.out.79724879.3209
20220527_13,1,3561.5311271511,103116967.0,102000827.0,0.9891759810972718,/home/lhaaso/liushijie/energy/pass5_crab_v6_125d_covariance/run_gti_hour.sh.out.79724879.3210
20220527_14,1,3568.66678611841,103497331.0,102399665.0,0.9893942579060324,/home/lhaaso/liushijie/energy/pass5_crab_v6_125d_covariance/run_gti_hour.sh.out.79724879.3211
20220527_15,3,3305.35965089221,99904161.0,95933986.0,0.9602601637383251,/home/lhaaso/liushijie/energy/pass5_crab_v6_125d_covariance/run_gti_hour.sh.out.79724879.3212
20220527_16,2,3496.25766493846,105392358.0,101832326.0,0.9662211561866754,/home/lhaaso/liushijie/energy/pass5_crab_v6_125d_covariance/run_gti_hour.sh.out.79724879.3213
20220527_17,2,3478.77601250075,105134927.0,101550993.0,0.9659111001237486,/home/lhaaso/liushijie/energy/pass5_crab_v6_125d_covariance/run_gti_hour.sh.out.79724879.3214
20220527_18,1,3544.00578844361,104432705.0,103260835.0,0.988778706823691,/home/lhaaso/liushijie/energy/pass5_crab_v6_125d_covariance/run_gti_hour.sh.out.79724879.3215
20220527_19,1,3556.67010631878,104564479.0,103446495.0,0.9893081856220026,/home/lhaaso/liushijie/energy/pass5_crab_v6_125d_covariance/run_gti_hour.sh.out.79724879.3216
20220527_20,2,3503.61441755667,105001585.0,101518673.0,0.9668299102342122,/home/lhaaso/liushijie/energy/pass5_crab_v6_125d_covariance/run_gti_hour.sh.out.79724879.3217
20220527_21,1,3571.95631640498,104168337.0,103015121.0,0.9889293039208258,/home/lhaaso/liushijie/energy/pass5_crab_v6_125d_covariance/run_gti_hour.sh.out.79724879.3218
20220527_22,2,3449.02362723369,102977181.0,99360734.0,0.9648810837033887,/home/lhaaso/liushijie/energy/pass5_crab_v6_125d_covariance/run_gti_hour.sh.out.79724879.3219
20220527_23,1,3580.67718415987,104318315.0,103157754.0,0.9888748107175619,/home/lhaaso/liushijie/energy/pass5_crab_v6_125d_covariance/run_gti_hour.sh.out.79724879.3220
20220528_00,1,3568.19684361108,104165102.0,103005760.0,0.9888701496207434,/home/lhaaso/liushijie/energy/pass5_crab_v6_125d_covariance/run_gti_hour.sh.out.79724879.3221
20220528_01,1,3533.3393034758,103212291.0,102067134.0,0.9889048388626506,/home/lhaaso/liushijie/energy/pass5_crab_v6_125d_covariance/run_gti_hour.sh.out.79724879.3222
20220528_02,2,3498.86223552749,104655043.0,101194636.0,0.9669351146317908,/home/lhaaso/liushijie/energy/pass5_crab_v6_125d_covariance/run_gti_hour.sh.out.79724879.3223
20220528_03,1,3569.69579318538,104603348.0,103449200.0,0.9889664334644432,/home/lhaaso/liushijie/energy/pass5_crab_v6_125d_covariance/run_gti_hour.sh.out.79724879.3224
20220528_04,1,1637.95896414667,104717454.0,47451331.0,0.4531367903577946,/home/lhaaso/liushijie/energy/pass5_crab_v6_125d_covariance/run_gti_hour.sh.out.79724879.3225
20220528_07,2,3008.71040120255,104441321.0,87156800.0,0.8345049561370447,/home/lhaaso/liushijie/energy/pass5_crab_v6_125d_covariance/run_gti_hour.sh.out.79724879.3226
20220528_08,3,3372.14626937639,103291978.0,97301660.0,0.9420059706863199,/home/lhaaso/liushijie/energy/pass5_crab_v6_125d_covariance/run_gti_hour.sh.out.79724879.3227
20220528_09,1,3567.6307445392,104074496.0,102919600.0,0.9889031795071099,/home/lhaaso/liushijie/energy/pass5_crab_v6_125d_covariance/run_gti_hour.sh.out.79724879.3228
20220528_10,1,3591.29137988202,104815329.0,103680001.0,0.9891683018998109,/home/lhaaso/liushijie/energy/pass5_crab_v6_125d_covariance/run_gti_hour.sh.out.79724879.3229
20220528_11,1,3548.47744870931,103522323.0,102374683.0,0.988914081844937,/home/lhaaso/liushijie/energy/pass5_crab_v6_125d_covariance/run_gti_hour.sh.out.79724879.3230
20220528_12,2,3463.7779841898,103585513.0,100003562.0,0.9654203479206596,/home/lhaaso/liushijie/energy/pass5_crab_v6_125d_covariance/run_gti_hour.sh.out.79724879.3231
20220528_13,1,3580.57631340344,104622222.0,103564043.0,0.9898857147193835,/home/lhaaso/liushijie/energy/pass5_crab_v6_125d_covariance/run_gti_hour.sh.out.79724879.3232
20220528_14,1,3578.49267013371,104684296.0,103596342.0,0.9896072855091846,/home/lhaaso/liushijie/energy/pass5_crab_v6_125d_covariance/run_gti_hour.sh.out.79724879.3233
20220528_15,2,3477.59796241298,104541084.0,100983559.0,0.9659700773716867,/home/lhaaso/liushijie/energy/pass5_crab_v6_125d_covariance/run_gti_hour.sh.out.79724879.3234
20220528_16,1,3555.65261221491,104472463.0,103309190.0,0.9888652668215547,/home/lhaaso/liushijie/energy/pass5_crab_v6_125d_covariance/run_gti_hour.sh.out.79724879.3235
20220528_17,1,3560.65787009429,104618147.0,103452571.0,0.9888587588919923,/home/lhaaso/liushijie/energy/pass5_crab_v6_125d_covariance/run_gti_hour.sh.out.79724879.3236
20220528_18,1,3539.79475339875,103732727.0,102590834.0,0.9889919697184862,/home/lhaaso/liushijie/energy/pass5_crab_v6_125d_covariance/run_gti_hour.sh.out.79724879.3237
20220528_19,1,3556.26696338877,104077538.0,102969828.0,0.9893568773696395,/home/lhaaso/liushijie/energy/pass5_crab_v6_125d_covariance/run_gti_hour.sh.out.79724879.3238
20220528_20,1,3581.29120843951,104394703.0,103241559.0,0.9889539989399654,/home/lhaaso/liushijie/energy/pass5_crab_v6_125d_covariance/run_gti_hour.sh.out.79724879.3239
20220528_21,1,3555.47810036223,103364183.0,102170159.0,0.9884483777131968,/home/lhaaso/liushijie/energy/pass5_crab_v6_125d_covariance/run_gti_hour.sh.out.79724879.3240
20220528_22,1,3570.00851905905,103638808.0,102461513.0,0.9886404038919475,/home/lhaaso/liushijie/energy/pass5_crab_v6_125d_covariance/run_gti_hour.sh.out.79724879.3241
20220528_23,1,3538.18968201522,102623782.0,101420628.0,0.9882760703556999,/home/lhaaso/liushijie/energy/pass5_crab_v6_125d_covariance/run_gti_hour.sh.out.79724879.3242
20220529_00,2,3482.53350255545,103708203.0,99997251.0,0.9642173724676341,/home/lhaaso/liushijie/energy/pass5_crab_v6_125d_covariance/run_gti_hour.sh.out.79724879.3243
20220529_01,2,3481.89345812425,103771598.0,100057486.0,0.9642087809036148,/home/lhaaso/liushijie/energy/pass5_crab_v6_125d_covariance/run_gti_hour.sh.out.79724879.3244
20220529_02,1,3558.73465896584,103618958.0,102383459.0,0.9880765158823542,/home/lhaaso/liushijie/energy/pass5_crab_v6_125d_covariance/run_gti_hour.sh.out.79724879.3245
20220529_03,1,3547.23291776609,103522136.0,102287610.0,0.988074763063235,/home/lhaaso/liushijie/energy/pass5_crab_v6_125d_covariance/run_gti_hour.sh.out.79724879.3246
20220529_04,1,1429.04694727622,103644938.0,41231865.0,0.3978184154058735,/home/lhaaso/liushijie/energy/pass5_crab_v6_125d_covariance/run_gti_hour.sh.out.79724879.3247
20220529_07,1,3245.48570236657,103402364.0,93465430.0,0.9039003208862807,/home/lhaaso/liushijie/energy/pass5_crab_v6_125d_covariance/run_gti_hour.sh.out.79724879.3248
20220529_08,2,3472.90721386671,103409275.0,99770908.0,0.9648158542838638,/home/lhaaso/liushijie/energy/pass5_crab_v6_125d_covariance/run_gti_hour.sh.out.79724879.3249
20220529_09,2,3453.85892023332,102862811.0,99272441.0,0.9650955484776709,/home/lhaaso/liushijie/energy/pass5_crab_v6_125d_covariance/run_gti_hour.sh.out.79724879.3250
20220529_10,1,3592.98120299354,104288388.0,103033620.0,0.9879682865555464,/home/lhaaso/liushijie/energy/pass5_crab_v6_125d_covariance/run_gti_hour.sh.out.79724879.3251
20220529_11,1,3543.73860459309,102822292.0,101638229.0,0.9884843745751165,/home/lhaaso/liushijie/energy/pass5_crab_v6_125d_covariance/run_gti_hour.sh.out.79724879.3252
20220529_12,1,3576.25805579592,103897632.0,102737569.0,0.9888345578463232,/home/lhaaso/liushijie/energy/pass5_crab_v6_125d_covariance/run_gti_hour.sh.out.79724879.3253
20220529_13,2,3469.28142823745,103450435.0,100013204.0,0.9667741271460096,/home/lhaaso/liushijie/energy/pass5_crab_v6_125d_covariance/run_gti_hour.sh.out.79724879.3254
20220529_14,1,3567.67883759458,103979579.0,102837651.0,0.9890177666520462,/home/lhaaso/liushijie/energy/pass5_crab_v6_125d_covariance/run_gti_hour.sh.out.79724879.3255
20220529_15,1,3560.88476737496,99909851.0,98723811.0,0.988128898320547,/home/lhaaso/liushijie/energy/pass5_crab_v6_125d_covariance/run_gti_hour.sh.out.79724879.3256
20220529_16,1,3535.62432616018,102966718.0,101769302.0,0.988370844256685,/home/lhaaso/liushijie/energy/pass5_crab_v6_125d_covariance/run_gti_hour.sh.out.79724879.3257
20220529_17,1,3561.36318650097,104003033.0,102770143.0,0.9881456341758802,/home/lhaaso/liushijie/energy/pass5_crab_v6_125d_covariance/run_gti_hour.sh.out.79724879.3258
20220529_18,1,3556.7362747388,103452211.0,102295103.0,0.9888150481385072,/home/lhaaso/liushijie/energy/pass5_crab_v6_125d_covariance/run_gti_hour.sh.out.79724879.3259
20220529_19,1,3579.24805353396,103671019.0,102552733.0,0.9892131281163543,/home/lhaaso/liushijie/energy/pass5_crab_v6_125d_covariance/run_gti_hour.sh.out.79724879.3260
20220529_20,1,3555.89330946095,102574309.0,101411523.0,0.9886639645800588,/home/lhaaso/liushijie/energy/pass5_crab_v6_125d_covariance/run_gti_hour.sh.out.79724879.3261
20220529_21,1,3567.23538546357,102602703.0,101424551.0,0.9885173395480624,/home/lhaaso/liushijie/energy/pass5_crab_v6_125d_covariance/run_gti_hour.sh.out.79724879.3262
20220529_22,1,3535.58875629678,101546110.0,100346483.0,0.9881863815364271,/home/lhaaso/liushijie/energy/pass5_crab_v6_125d_covariance/run_gti_hour.sh.out.79724879.3263
20220529_23,1,3583.43433577102,102904780.0,101696061.0,0.9882540053047099,/home/lhaaso/liushijie/energy/pass5_crab_v6_125d_covariance/run_gti_hour.sh.out.79724879.3264
20220530_00,1,3542.81740032602,101800422.0,100592664.0,0.9881360216758237,/home/lhaaso/liushijie/energy/pass5_crab_v6_125d_covariance/run_gti_hour.sh.out.79724879.3265
20220530_01,1,3578.95287433639,103076349.0,101850453.0,0.9881069128670826,/home/lhaaso/liushijie/energy/pass5_crab_v6_125d_covariance/run_gti_hour.sh.out.79724879.3266
20220530_02,2,3445.06673610304,101817240.0,98197923.0,0.9644528077956149,/home/lhaaso/liushijie/energy/pass5_crab_v6_125d_covariance/run_gti_hour.sh.out.79724879.3267
20220530_03,1,3558.2792638801,102889312.0,101602397.0,0.9874922382608604,/home/lhaaso/liushijie/energy/pass5_crab_v6_125d_covariance/run_gti_hour.sh.out.79724879.3268
20220530_04,2,1228.09656432364,103268500.0,35087513.0,0.3397697555401696,/home/lhaaso/liushijie/energy/pass5_crab_v6_125d_covariance/run_gti_hour.sh.out.79724879.3269
20220530_07,2,3477.39342029672,102704657.0,99040105.0,0.9643195147421602,/home/lhaaso/liushijie/energy/pass5_crab_v6_125d_covariance/run_gti_hour.sh.out.79724879.3270
20220530_08,1,3534.06938463449,101556768.0,100372866.0,0.9883424608392422,/home/lhaaso/liushijie/energy/pass5_crab_v6_125d_covariance/run_gti_hour.sh.out.79724879.3271
20220530_09,1,3576.01846684702,102655152.0,101463614.0,0.9883928085752579,/home/lhaaso/liushijie/energy/pass5_crab_v6_125d_covariance/run_gti_hour.sh.out.79724879.3272
20220530_10,2,3431.68490363751,102181504.0,97392435.0,0.9531317429032949,/home/lhaaso/liushijie/energy/pass5_crab_v6_125d_covariance/run_gti_hour.sh.out.79724879.3273
20220530_11,2,2932.9366099555,85827952.0,83299403.0,0.9705393296580116,/home/lhaaso/liushijie/energy/pass5_crab_v6_125d_covariance/run_gti_hour.sh.out.79724879.3274
20220530_12,1,3587.1878760634,103104200.0,101910188.0,0.9884193660394048,/home/lhaaso/liushijie/energy/pass5_crab_v6_125d_covariance/run_gti_hour.sh.out.79724879.3275
20220530_13,1,3525.514322659,101568696.0,100448821.0,0.988974211109297,/home/lhaaso/liushijie/energy/pass5_crab_v6_125d_covariance/run_gti_hour.sh.out.79724879.3276
20220530_14,1,3594.2968610907,103837319.0,102709753.0,0.9891410331963598,/home/lhaaso/liushijie/energy/pass5_crab_v6_125d_covariance/run_gti_hour.sh.out.79724879.3277
20220530_15,2,3456.90184528939,102521679.0,98954400.0,0.9652046373528471,/home/lhaaso/liushijie/energy/pass5_crab_v6_125d_covariance/run_gti_hour.sh.out.79724879.3278
20220530_18,1,3580.91399513651,104100778.0,102948420.0,0.9889303613081547,/home/lhaaso/liushijie/energy/pass5_crab_v6_125d_covariance/run_gti_hour.sh.out.79724879.3279
20220530_19,5,2260.08089273237,69408404.0,64889493.0,0.9348938926761664,/home/lhaaso/liushijie/energy/pass5_crab_v6_125d_covariance/run_gti_hour.sh.out.79724879.3280
20220530_20,1,3577.11248374544,103612550.0,102442617.0,0.9887085782562054,/home/lhaaso/liushijie/energy/pass5_crab_v6_125d_covariance/run_gti_hour.sh.out.79724879.3281
20220530_21,1,3550.71207499132,102572483.0,101369466.0,0.98827154257346,/home/lhaaso/liushijie/energy/pass5_crab_v6_125d_covariance/run_gti_hour.sh.out.79724879.3282
20220530_22,1,2949.7352873208,85094220.0,83937878.0,0.9864110394337007,/home/lhaaso/liushijie/energy/pass5_crab_v6_125d_covariance/run_gti_hour.sh.out.79724879.3283
20220530_23,3,2783.95523764193,80260275.0,79039005.0,0.984783630507122,/home/lhaaso/liushijie/energy/pass5_crab_v6_125d_covariance/run_gti_hour.sh.out.79724879.3284
20220531_00,1,3530.45047635678,101511842.0,100311230.0,0.988172690236475,/home/lhaaso/liushijie/energy/pass5_crab_v6_125d_covariance/run_gti_hour.sh.out.79724879.3285
20220531_01,1,3571.8881790759,102796589.0,101589013.0,0.9882527619666446,/home/lhaaso/liushijie/energy/pass5_crab_v6_125d_covariance/run_gti_hour.sh.out.79724879.3286
20220531_02,1,3558.77628517337,102728077.0,101526509.0,0.988303411928951,/home/lhaaso/liushijie/energy/pass5_crab_v6_125d_covariance/run_gti_hour.sh.out.79724879.3287
20220531_03,1,3586.13490262069,103808850.0,102604268.0,0.9883961531218196,/home/lhaaso/liushijie/energy/pass5_crab_v6_125d_covariance/run_gti_hour.sh.out.79724879.3288
20220531_04,1,960.536321508698,102178666.0,27493018.0,0.26906808511279645,/home/lhaaso/liushijie/energy/pass5_crab_v6_125d_covariance/run_gti_hour.sh.out.79724879.3289
20220531_06,1,130.678926827386,103609903.0,3746458.0,0.036159265586804,/home/lhaaso/liushijie/energy/pass5_crab_v6_125d_covariance/run_gti_hour.sh.out.79724879.3290
20220531_07,2,3439.92049377412,102062247.0,98442483.0,0.964533761440702,/home/lhaaso/liushijie/energy/pass5_crab_v6_125d_covariance/run_gti_hour.sh.out.79724879.3291
20220531_08,2,3479.37048599124,103080100.0,99487066.0,0.9651432817779572,/home/lhaaso/liushijie/energy/pass5_crab_v6_125d_covariance/run_gti_hour.sh.out.79724879.3292
20220531_09,2,3471.22303848155,102787575.0,99192614.0,0.965025335017389,/home/lhaaso/liushijie/energy/pass5_crab_v6_125d_covariance/run_gti_hour.sh.out.79724879.3293
20220531_10,1,3594.43432262633,103835530.0,102627560.0,0.9883665061467881,/home/lhaaso/liushijie/energy/pass5_crab_v6_125d_covariance/run_gti_hour.sh.out.79724879.3294
20220531_11,2,3466.06495252345,102540841.0,98959610.0,0.9650750767686799,/home/lhaaso/liushijie/energy/pass5_crab_v6_125d_covariance/run_gti_hour.sh.out.79724879.3295
20220531_12,2,3465.64184327144,102546414.0,99002498.0,0.9654408588095533,/home/lhaaso/liushijie/energy/pass5_crab_v6_125d_covariance/run_gti_hour.sh.out.79724879.3296
20220531_13,2,3461.27488722559,102510070.0,98988619.0,0.9656477553863733,/home/lhaaso/liushijie/energy/pass5_crab_v6_125d_covariance/run_gti_hour.sh.out.79724879.3297
20220531_14,1,3579.47758357041,103674196.0,102539951.0,0.9890595245127342,/home/lhaaso/liushijie/energy/pass5_crab_v6_125d_covariance/run_gti_hour.sh.out.79724879.3298
20220531_15,2,3474.13294839207,103387282.0,99798213.0,0.9652851982316355,/home/lhaaso/liushijie/energy/pass5_crab_v6_125d_covariance/run_gti_hour.sh.out.79724879.3299
20220531_16,1,3552.55752489902,103475671.0,102276931.0,0.9884152478701974,/home/lhaaso/liushijie/energy/pass5_crab_v6_125d_covariance/run_gti_hour.sh.out.79724879.3300
20220531_17,2,3497.22523915116,104504731.0,100885082.0,0.9653637786025209,/home/lhaaso/liushijie/energy/pass5_crab_v6_125d_covariance/run_gti_hour.sh.out.79724879.3301
20220531_19,1,3567.89687164128,103811799.0,102696198.0,0.9892536203904915,/home/lhaaso/liushijie/energy/pass5_crab_v6_125d_covariance/run_gti_hour.sh.out.79724879.3302
20220531_20,2,3464.64944898617,102899941.0,99359730.0,0.9655955973774563,/home/lhaaso/liushijie/energy/pass5_crab_v6_125d_covariance/run_gti_hour.sh.out.79724879.3303
20220531_21,2,3484.17132999748,103129185.0,99537329.0,0.9651712946243103,/home/lhaaso/liushijie/energy/pass5_crab_v6_125d_covariance/run_gti_hour.sh.out.79724879.3304
20220531_22,2,3457.00561157428,102090262.0,98459879.0,0.9644394780767631,/home/lhaaso/liushijie/energy/pass5_crab_v6_125d_covariance/run_gti_hour.sh.out.79724879.3305
20220531_23,2,3466.44770039711,102151927.0,98505576.0,0.9643046283404914,/home/lhaaso/liushijie/energy/pass5_crab_v6_125d_covariance/run_gti_hour.sh.out.79724879.3306
20220601_00,2,3507.85847017542,102747745.0,99677613.0,0.9701197140628245,/home/lhaaso/liushijie/energy/pass5_crab_v6_125d_covariance/run_gti_hour.sh.out.79724879.3307
20220601_01,1,3586.40370082576,102758716.0,101548467.0,0.9882224199843057,/home/lhaaso/liushijie/energy/pass5_crab_v6_125d_covariance/run_gti_hour.sh.out.79724879.3308
20220601_02,2,3452.33025974594,102075480.0,98436686.0,0.9643519285924494,/home/lhaaso/liushijie/energy/pass5_crab_v6_125d_covariance/run_gti_hour.sh.out.79724879.3309
20220601_03,1,3572.29250196833,103226437.0,102016984.0,0.9882834956320347,/home/lhaaso/liushijie/energy/pass5_crab_v6_125d_covariance/run_gti_hour.sh.out.79724879.3310
20220601_04,1,741.757253324613,103323214.0,21171788.0,0.20490833744292933,/home/lhaaso/liushijie/energy/pass5_crab_v6_125d_covariance/run_gti_hour.sh.out.79724879.3311
20220601_06,1,350.559067795984,103349757.0,10002011.0,0.0967782730248703,/home/lhaaso/liushijie/energy/pass5_crab_v6_125d_covariance/run_gti_hour.sh.out.79724879.3312
20220601_07,2,3443.00285861827,101849025.0,98202597.0,0.9641977132328955,/home/lhaaso/liushijie/energy/pass5_crab_v6_125d_covariance/run_gti_hour.sh.out.79724879.3313
20220601_08,1,3565.16950009391,102765582.0,101573317.0,0.9883982070962241,/home/lhaaso/liushijie/energy/pass5_crab_v6_125d_covariance/run_gti_hour.sh.out.79724879.3314
20220601_09,1,3575.09296266362,102866382.0,101670797.0,0.9883773009533863,/home/lhaaso/liushijie/energy/pass5_crab_v6_125d_covariance/run_gti_hour.sh.out.79724879.3315
20220601_10,2,3469.34272341896,102411017.0,98744242.0,0.9641955025209836,/home/lhaaso/liushijie/energy/pass5_crab_v6_125d_covariance/run_gti_hour.sh.out.79724879.3316
20220601_11,3,3395.26805542409,102558089.0,96513684.0,0.9410635956760076,/home/lhaaso/liushijie/energy/pass5_crab_v6_125d_covariance/run_gti_hour.sh.out.79724879.3317
20220601_12,1,3566.36685265694,102547026.0,101372887.0,0.9885502384047685,/home/lhaaso/liushijie/energy/pass5_crab_v6_125d_covariance/run_gti_hour.sh.out.79724879.3318
20220601_13,1,3546.41730410513,102153278.0,101025540.0,0.988960334684512,/home/lhaaso/liushijie/energy/pass5_crab_v6_125d_covariance/run_gti_hour.sh.out.79724879.3319
20220601_14,1,3574.37747356016,103149481.0,102015874.0,0.9890100561921392,/home/lhaaso/liushijie/energy/pass5_crab_v6_125d_covariance/run_gti_hour.sh.out.79724879.3320
20220601_15,1,3552.01459885575,102867681.0,101696436.0,0.988614062370085,/home/lhaaso/liushijie/energy/pass5_crab_v6_125d_covariance/run_gti_hour.sh.out.79724879.3321
20220601_16,2,3479.51847289223,103257346.0,99677872.0,0.9653344373193554,/home/lhaaso/liushijie/energy/pass5_crab_v6_125d_covariance/run_gti_hour.sh.out.79724879.3322
20220601_17,2,3476.98324662633,103408351.0,99862902.0,0.9657140940193505,/home/lhaaso/liushijie/energy/pass5_crab_v6_125d_covariance/run_gti_hour.sh.out.79724879.3323
20220601_18,2,3468.28703046776,103316138.0,99789370.0,0.9658643066971784,/home/lhaaso/liushijie/energy/pass5_crab_v6_125d_covariance/run_gti_hour.sh.out.79724879.3324
20220601_19,1,3573.01113994326,103721073.0,102606339.0,0.9892525793673577,/home/lhaaso/liushijie/energy/pass5_crab_v6_125d_covariance/run_gti_hour.sh.out.79724879.3325
20220601_20,1,3544.478470576,102639180.0,101461911.0,0.9885300233302722,/home/lhaaso/liushijie/energy/pass5_crab_v6_125d_covariance/run_gti_hour.sh.out.79724879.3326
20220601_21,2,3479.31182356551,102954294.0,99339118.0,0.9648856219634705,/home/lhaaso/liushijie/energy/pass5_crab_v6_125d_covariance/run_gti_hour.sh.out.79724879.3327
20220601_22,2,3448.75880393665,101918705.0,98265466.0,0.9641553628453188,/home/lhaaso/liushijie/energy/pass5_crab_v6_125d_covariance/run_gti_hour.sh.out.79724879.3328
20220601_23,1,3586.17395767942,103265413.0,102033195.0,0.988067466500134,/home/lhaaso/liushijie/energy/pass5_crab_v6_125d_covariance/run_gti_hour.sh.out.79724879.3329
20220602_00,1,3537.05985888373,101955741.0,100735026.0,0.9880270106614202,/home/lhaaso/liushijie/energy/pass5_crab_v6_125d_covariance/run_gti_hour.sh.out.79724879.3330
20220602_01,3,3401.65963021573,103186378.0,97046125.0,0.9404935698004634,/home/lhaaso/liushijie/energy/pass5_crab_v6_125d_covariance/run_gti_hour.sh.out.79724879.3331
20220602_02,1,3531.17666621692,102012648.0,100779388.0,0.9879107147576446,/home/lhaaso/liushijie/energy/pass5_crab_v6_125d_covariance/run_gti_hour.sh.out.79724879.3332
20220602_03,2,3472.19073779415,102936778.0,99267237.0,0.9643515070969095,/home/lhaaso/liushijie/energy/pass5_crab_v6_125d_covariance/run_gti_hour.sh.out.79724879.3333
20220602_04,2,391.258462308906,103053145.0,11190619.0,0.10859075674012666,/home/lhaaso/liushijie/energy/pass5_crab_v6_125d_covariance/run_gti_hour.sh.out.79724879.3334
20220602_06,3,481.746606202796,103110742.0,13789834.0,0.13373809297192332,/home/lhaaso/liushijie/energy/pass5_crab_v6_125d_covariance/run_gti_hour.sh.out.79724879.3335
20220602_07,2,3506.99118836783,103361566.0,100323216.0,0.9706046442833499,/home/lhaaso/liushijie/energy/pass5_crab_v6_125d_covariance/run_gti_hour.sh.out.79724879.3336
20220602_08,1,3580.52356084809,103103873.0,101914114.0,0.988460578973595,/home/lhaaso/liushijie/energy/pass5_crab_v6_125d_covariance/run_gti_hour.sh.out.79724879.3337
20220602_09,1,3536.50474345777,102311389.0,101104008.0,0.9881989579869744,/home/lhaaso/liushijie/energy/pass5_crab_v6_125d_covariance/run_gti_hour.sh.out.79724879.3338
20220602_10,1,3569.01479016524,103146543.0,101982679.0,0.9887164032244881,/home/lhaaso/liushijie/energy/pass5_crab_v6_125d_covariance/run_gti_hour.sh.out.79724879.3339
20220602_11,3,3405.52038992755,103090779.0,97249579.0,0.9433392583055367,/home/lhaaso/liushijie/energy/pass5_crab_v6_125d_covariance/run_gti_hour.sh.out.79724879.3340
20220602_12,2,3475.14183574822,102810800.0,99350141.0,0.9663395382586265,/home/lhaaso/liushijie/energy/pass5_crab_v6_125d_covariance/run_gti_hour.sh.out.79724879.3341
20220602_13,2,3473.96837349515,102875113.0,99510113.0,0.9672904369009053,/home/lhaaso/liushijie/energy/pass5_crab_v6_125d_covariance/run_gti_hour.sh.out.79724879.3342
20220602_14,1,3596.78645166568,104327525.0,103219557.0,0.9893799071721485,/home/lhaaso/liushijie/energy/pass5_crab_v6_125d_covariance/run_gti_hour.sh.out.79724879.3343
20220602_15,1,3558.4522889927,103284063.0,102139227.0,0.9889156568133847,/home/lhaaso/liushijie/energy/pass5_crab_v6_125d_covariance/run_gti_hour.sh.out.79724879.3344
20220602_16,1,3.49715841002762,321207.0,57236.0,0.178190388129773,/home/lhaaso/liushijie/energy/pass5_crab_v6_125d_covariance/run_gti_hour.sh.out.79724879.3345
20220602_17,1,261.716234707274,8703121.0,7503065.0,0.8621119940766077,/home/lhaaso/liushijie/energy/pass5_crab_v6_125d_covariance/run_gti_hour.sh.out.79724879.3346
20220602_18,1,3578.13057568856,103541369.0,102376793.0,0.9887525535807818,/home/lhaaso/liushijie/energy/pass5_crab_v6_125d_covariance/run_gti_hour.sh.out.79724879.3347
20220602_19,1,3551.27741780598,102541791.0,101398444.0,0.9888499411912944,/home/lhaaso/liushijie/energy/pass5_crab_v6_125d_covariance/run_gti_hour.sh.out.79724879.3348
20220602_20,1,3573.77385080326,102447873.0,101282631.0,0.9886260010493336,/home/lhaaso/liushijie/energy/pass5_crab_v6_125d_covariance/run_gti_hour.sh.out.79724879.3349
20220602_21,2,3450.90923861135,101452816.0,97868975.0,0.9646748001553747,/home/lhaaso/liushijie/energy/pass5_crab_v6_125d_covariance/run_gti_hour.sh.out.79724879.3350
20220602_22,1,3552.63040030841,101601718.0,100393220.0,0.9881055357745033,/home/lhaaso/liushijie/energy/pass5_crab_v6_125d_covariance/run_gti_hour.sh.out.79724879.3351
20220602_23,1,3557.88638165686,97793857.0,96589696.0,0.987686741918769,/home/lhaaso/liushijie/energy/pass5_crab_v6_125d_covariance/run_gti_hour.sh.out.79724879.3352
20220603_00,1,3595.43814249337,101429244.0,100206905.0,0.987948850333539,/home/lhaaso/liushijie/energy/pass5_crab_v6_125d_covariance/run_gti_hour.sh.out.79724879.3353
20220603_01,1,3535.45439459849,101388378.0,100164348.0,0.9879273145093612,/home/lhaaso/liushijie/energy/pass5_crab_v6_125d_covariance/run_gti_hour.sh.out.79724879.3354
20220603_02,1,3577.65437064227,102777279.0,101587821.0,0.9884268389708974,/home/lhaaso/liushijie/energy/pass5_crab_v6_125d_covariance/run_gti_hour.sh.out.79724879.3355
20220603_03,1,3525.58418184053,101550314.0,100309935.0,0.9877855719874977,/home/lhaaso/liushijie/energy/pass5_crab_v6_125d_covariance/run_gti_hour.sh.out.79724879.3356
20220603_04,1,268.812457029708,102727962.0,7599668.0,0.07397857264996652,/home/lhaaso/liushijie/energy/pass5_crab_v6_125d_covariance/run_gti_hour.sh.out.79724879.3357
20220603_06,1,792.262891796418,102717147.0,22559190.0,0.21962438267488096,/home/lhaaso/liushijie/energy/pass5_crab_v6_125d_covariance/run_gti_hour.sh.out.79724879.3358
20220603_07,1,3564.70613570418,102741669.0,101414611.0,0.9870835464041372,/home/lhaaso/liushijie/energy/pass5_crab_v6_125d_covariance/run_gti_hour.sh.out.79724879.3359
20220603_08,1,3572.31249343604,102725615.0,101578371.0,0.9888319578325231,/home/lhaaso/liushijie/energy/pass5_crab_v6_125d_covariance/run_gti_hour.sh.out.79724879.3360
20220603_09,1,3554.74118208513,102390530.0,101160061.0,0.9879825897961462,/home/lhaaso/liushijie/energy/pass5_crab_v6_125d_covariance/run_gti_hour.sh.out.79724879.3361
20220603_10,1,3555.01727191731,102103284.0,100998492.0,0.9891796624288793,/home/lhaaso/liushijie/energy/pass5_crab_v6_125d_covariance/run_gti_hour.sh.out.79724879.3362
20220603_11,1,3575.64262901433,102283651.0,101570295.0,0.9930257084780831,/home/lhaaso/liushijie/energy/pass5_crab_v6_125d_covariance/run_gti_hour.sh.out.79724879.3363
20220603_12,1,3575.9813536657,102258679.0,101192110.0,0.9895698926445158,/home/lhaaso/liushijie/energy/pass5_crab_v6_125d_covariance/run_gti_hour.sh.out.79724879.3364
20220603_13,1,3586.16012125276,102412843.0,101817999.0,0.9941917050384003,/home/lhaaso/liushijie/energy/pass5_crab_v6_125d_covariance/run_gti_hour.sh.out.79724879.3365
20220603_14,1,3574.52977232169,102229233.0,101164984.0,0.9895895824631689,/home/lhaaso/liushijie/energy/pass5_crab_v6_125d_covariance/run_gti_hour.sh.out.79724879.3366
20220603_15,1,3566.15398165304,102669376.0,101549319.0,0.9890906417898166,/home/lhaaso/liushijie/energy/pass5_crab_v6_125d_covariance/run_gti_hour.sh.out.79724879.3367
20220603_16,1,3562.34942637384,102778486.0,101628895.0,0.9888148673449033,/home/lhaaso/liushijie/energy/pass5_crab_v6_125d_covariance/run_gti_hour.sh.out.79724879.3368
20220603_17,1,3556.49331500754,102728838.0,101603792.0,0.9890483916502589,/home/lhaaso/liushijie/energy/pass5_crab_v6_125d_covariance/run_gti_hour.sh.out.79724879.3369
20220603_18,1,3565.5960731674,102938812.0,101851720.0,0.9894394351471629,/home/lhaaso/liushijie/energy/pass5_crab_v6_125d_covariance/run_gti_hour.sh.out.79724879.3370
20220603_19,1,3585.27647147421,103292450.0,102194062.0,0.9893662315106283,/home/lhaaso/liushijie/energy/pass5_crab_v6_125d_covariance/run_gti_hour.sh.out.79724879.3371
20220603_20,1,3555.94242091756,102380199.0,101113861.0,0.9876310261909141,/home/lhaaso/liushijie/energy/pass5_crab_v6_125d_covariance/run_gti_hour.sh.out.79724879.3372
20220603_21,2,3456.36602982413,101434959.0,97964804.0,0.9657893586766274,/home/lhaaso/liushijie/energy/pass5_crab_v6_125d_covariance/run_gti_hour.sh.out.79724879.3373
20220603_22,1,3551.58904858399,101625599.0,100321606.0,0.9871686561965554,/home/lhaaso/liushijie/energy/pass5_crab_v6_125d_covariance/run_gti_hour.sh.out.79724879.3374
20220603_23,1,3569.97667893302,101750979.0,100569951.0,0.9883929568874222,/home/lhaaso/liushijie/energy/pass5_crab_v6_125d_covariance/run_gti_hour.sh.out.79724879.3375
20220604_00,1,3565.95522304997,101729672.0,100552838.0,0.9884317527338533,/home/lhaaso/liushijie/energy/pass5_crab_v6_125d_covariance/run_gti_hour.sh.out.79724879.3376
20220604_01,1,3556.83521933388,101623552.0,100427208.0,0.9882276895812498,/home/lhaaso/liushijie/energy/pass5_crab_v6_125d_covariance/run_gti_hour.sh.out.79724879.3377
20220604_02,1,3553.51107283495,101609656.0,100428288.0,0.9883734671830795,/home/lhaaso/liushijie/energy/pass5_crab_v6_125d_covariance/run_gti_hour.sh.out.79724879.3378
20220604_03,2,3502.18622675166,102274514.0,99094789.0,0.9689098987065341,/home/lhaaso/liushijie/energy/pass5_crab_v6_125d_covariance/run_gti_hour.sh.out.79724879.3379
20220604_04,1,44.5825533941388,102293424.0,699856.0,0.006841651913030109,/home/lhaaso/liushijie/energy/pass5_crab_v6_125d_covariance/run_gti_hour.sh.out.79724879.3380
20220604_06,1,1027.53443678375,101689112.0,29017003.0,0.28535014643455636,/home/lhaaso/liushijie/energy/pass5_crab_v6_125d_covariance/run_gti_hour.sh.out.79724879.3381
20220604_07,1,3551.97440595366,101394812.0,100225782.0,0.988470514645266,/home/lhaaso/liushijie/energy/pass5_crab_v6_125d_covariance/run_gti_hour.sh.out.79724879.3382
20220604_08,2,3471.784971538,101292807.0,97814307.0,0.9656589633259941,/home/lhaaso/liushijie/energy/pass5_crab_v6_125d_covariance/run_gti_hour.sh.out.79724879.3383
20220604_09,1,3585.6985302642,102138614.0,100991417.0,0.9887682341176081,/home/lhaaso/liushijie/energy/pass5_crab_v6_125d_covariance/run_gti_hour.sh.out.79724879.3384
20220604_10,1,3557.81138583552,101145440.0,100003333.0,0.9887082699922013,/home/lhaaso/liushijie/energy/pass5_crab_v6_125d_covariance/run_gti_hour.sh.out.79724879.3385
20220604_11,2,3468.9676493872,100867103.0,97479982.0,0.9664199635038592,/home/lhaaso/liushijie/energy/pass5_crab_v6_125d_covariance/run_gti_hour.sh.out.79724879.3386
20220604_12,1,3576.73535090871,101750015.0,100666407.0,0.9893502914962715,/home/lhaaso/liushijie/energy/pass5_crab_v6_125d_covariance/run_gti_hour.sh.out.79724879.3387
20220604_13,1,3573.85869054124,101741199.0,100710784.0,0.9898721952352851,/home/lhaaso/liushijie/energy/pass5_crab_v6_125d_covariance/run_gti_hour.sh.out.79724879.3388
20220604_14,2,3482.41077074781,101586289.0,98347635.0,0.9681191819104643,/home/lhaaso/liushijie/energy/pass5_crab_v6_125d_covariance/run_gti_hour.sh.out.79724879.3389
20220604_15,1,3541.81512503419,101356148.0,100274519.0,0.9893284322525754,/home/lhaaso/liushijie/energy/pass5_crab_v6_125d_covariance/run_gti_hour.sh.out.79724879.3390
20220604_16,1,3579.43251931574,102613025.0,101540315.0,0.9895460639621529,/home/lhaaso/liushijie/energy/pass5_crab_v6_125d_covariance/run_gti_hour.sh.out.79724879.3391
20220604_17,2,3498.18806082476,102620982.0,99376179.0,0.968380706004158,/home/lhaaso/liushijie/energy/pass5_crab_v6_125d_covariance/run_gti_hour.sh.out.79724879.3392
20220604_18,1,3578.24643894564,102285509.0,101637087.0,0.9936606660480127,/home/lhaaso/liushijie/energy/pass5_crab_v6_125d_covariance/run_gti_hour.sh.out.79724879.3393
20220604_19,2,3513.75280427746,102493366.0,99333226.0,0.9691673703057035,/home/lhaaso/liushijie/energy/pass5_crab_v6_125d_covariance/run_gti_hour.sh.out.79724879.3394
20220604_20,1,3575.08321115747,101782585.0,101068033.0,0.9929796241665507,/home/lhaaso/liushijie/energy/pass5_crab_v6_125d_covariance/run_gti_hour.sh.out.79724879.3395
20220604_21,1,3588.0190894939,101431018.0,100691381.0,0.992707980117088,/home/lhaaso/liushijie/energy/pass5_crab_v6_125d_covariance/run_gti_hour.sh.out.79724879.3396
20220604_22,1,3571.3657631306,100960634.0,99859953.0,0.9890979190958725,/home/lhaaso/liushijie/energy/pass5_crab_v6_125d_covariance/run_gti_hour.sh.out.79724879.3397
20220604_23,1,3585.12170969043,101132827.0,100373888.0,0.9924956216244207,/home/lhaaso/liushijie/energy/pass5_crab_v6_125d_covariance/run_gti_hour.sh.out.79724879.3398
20220605_00,1,3579.89955309313,101130155.0,100016208.0,0.9889850163880397,/home/lhaaso/liushijie/energy/pass5_crab_v6_125d_covariance/run_gti_hour.sh.out.79724879.3399
20220605_01,1,3531.6107716877,101677766.0,99310253.0,0.9767155289387456,/home/lhaaso/liushijie/energy/pass5_crab_v6_125d_covariance/run_gti_hour.sh.out.79724879.3400
20220605_02,1,3563.442565687,101066789.0,100308662.0,0.9924987524833702,/home/lhaaso/liushijie/energy/pass5_crab_v6_125d_covariance/run_gti_hour.sh.out.79724879.3401
20220605_03,1,3379.06484983396,101628790.0,94863349.0,0.9334298774982955,/home/lhaaso/liushijie/energy/pass5_crab_v6_125d_covariance/run_gti_hour.sh.out.79724879.3402
20220605_06,1,1332.92473931797,101566370.0,37607843.0,0.3702784986802226,/home/lhaaso/liushijie/energy/pass5_crab_v6_125d_covariance/run_gti_hour.sh.out.79724879.3403
20220605_07,1,3597.22593580373,102027723.0,100940178.0,0.9893406912550621,/home/lhaaso/liushijie/energy/pass5_crab_v6_125d_covariance/run_gti_hour.sh.out.79724879.3404
20220605_08,1,3547.73154775612,100727381.0,99806974.0,0.9908623952011618,/home/lhaaso/liushijie/energy/pass5_crab_v6_125d_covariance/run_gti_hour.sh.out.79724879.3405
20220605_09,2,3487.25801613182,100716859.0,97409467.0,0.9671614858441921,/home/lhaaso/liushijie/energy/pass5_crab_v6_125d_covariance/run_gti_hour.sh.out.79724879.3406
20220605_10,1,3569.13571462501,101091148.0,100011072.0,0.9893158202140507,/home/lhaaso/liushijie/energy/pass5_crab_v6_125d_covariance/run_gti_hour.sh.out.79724879.3407
20220605_11,1,3580.93863667455,101586517.0,100525105.0,0.9895516449294152,/home/lhaaso/liushijie/energy/pass5_crab_v6_125d_covariance/run_gti_hour.sh.out.79724879.3408
20220605_12,1,3577.61633021291,101491899.0,100462228.0,0.9898546483990806,/home/lhaaso/liushijie/energy/pass5_crab_v6_125d_covariance/run_gti_hour.sh.out.79724879.3409
20220605_13,1,3564.66485525016,101575120.0,100463181.0,0.9890530377911442,/home/lhaaso/liushijie/energy/pass5_crab_v6_125d_covariance/run_gti_hour.sh.out.79724879.3410
20220605_14,1,3559.05398055911,101426117.0,100374196.0,0.9896286969163968,/home/lhaaso/liushijie/energy/pass5_crab_v6_125d_covariance/run_gti_hour.sh.out.79724879.3411
20220605_15,1,3563.77477508504,101725998.0,100649347.0,0.9894161667502146,/home/lhaaso/liushijie/energy/pass5_crab_v6_125d_covariance/run_gti_hour.sh.out.79724879.3412
20220605_16,1,3574.89017320331,98811091.0,97732253.0,0.9890818126884157,/home/lhaaso/liushijie/energy/pass5_crab_v6_125d_covariance/run_gti_hour.sh.out.79724879.3413
20220605_17,1,3538.64506955724,101518336.0,100327388.0,0.988268641440301,/home/lhaaso/liushijie/energy/pass5_crab_v6_125d_covariance/run_gti_hour.sh.out.79724879.3414
20220605_18,2,3502.17117012944,102119536.0,98962703.0,0.9690868846094248,/home/lhaaso/liushijie/energy/pass5_crab_v6_125d_covariance/run_gti_hour.sh.out.79724879.3415
20220605_19,1,3559.49658590835,101227195.0,100200119.0,0.989853754220889,/home/lhaaso/liushijie/energy/pass5_crab_v6_125d_covariance/run_gti_hour.sh.out.79724879.3416
20220605_20,2,3497.74927825201,101403044.0,98175337.0,0.968169525561777,/home/lhaaso/liushijie/energy/pass5_crab_v6_125d_covariance/run_gti_hour.sh.out.79724879.3417
20220605_21,1,3578.75114225317,101384356.0,100258746.0,0.9888975967850504,/home/lhaaso/liushijie/energy/pass5_crab_v6_125d_covariance/run_gti_hour.sh.out.79724879.3418
20220605_22,1,3552.21202222165,100374357.0,99231533.0,0.9886143828547763,/home/lhaaso/liushijie/energy/pass5_crab_v6_125d_covariance/run_gti_hour.sh.out.79724879.3419
20220605_23,2,3474.49076932389,100395053.0,96972938.0,0.9659135097025149,/home/lhaaso/liushijie/energy/pass5_crab_v6_125d_covariance/run_gti_hour.sh.out.79724879.3420
20220606_00,2,3466.58991635777,100375584.0,96723484.0,0.963615653782896,/home/lhaaso/liushijie/energy/pass5_crab_v6_125d_covariance/run_gti_hour.sh.out.79724879.3421
20220606_01,1,3578.81520220544,100509689.0,99677754.0,0.9917228377853203,/home/lhaaso/liushijie/energy/pass5_crab_v6_125d_covariance/run_gti_hour.sh.out.79724879.3422
20220606_02,1,3571.4472892927,100697036.0,99575804.0,0.988865292916864,/home/lhaaso/liushijie/energy/pass5_crab_v6_125d_covariance/run_gti_hour.sh.out.79724879.3423
20220606_03,1,3202.54382228013,101332286.0,89939605.0,0.8875710649614674,/home/lhaaso/liushijie/energy/pass5_crab_v6_125d_covariance/run_gti_hour.sh.out.79724879.3424
20220606_06,3,1472.67582071945,100950005.0,41398279.0,0.4100869435320979,/home/lhaaso/liushijie/energy/pass5_crab_v6_125d_covariance/run_gti_hour.sh.out.79724879.3425
20220606_07,1,3567.21956378315,100770966.0,99632914.0,0.988706548669981,/home/lhaaso/liushijie/energy/pass5_crab_v6_125d_covariance/run_gti_hour.sh.out.79724879.3426
20220606_08,2,3488.62171259243,101371756.0,97718737.0,0.963964134151923,/home/lhaaso/liushijie/energy/pass5_crab_v6_125d_covariance/run_gti_hour.sh.out.79724879.3427
20220606_09,1,3570.95898790285,100699091.0,99957702.0,0.9926375800154938,/home/lhaaso/liushijie/energy/pass5_crab_v6_125d_covariance/run_gti_hour.sh.out.79724879.3428
20220606_10,2,3518.13443221617,101079998.0,98129312.0,0.970808408603253,/home/lhaaso/liushijie/energy/pass5_crab_v6_125d_covariance/run_gti_hour.sh.out.79724879.3429
20220606_11,1,3587.416990567,98617764.0,97898449.0,0.9927060301225243,/home/lhaaso/liushijie/energy/pass5_crab_v6_125d_covariance/run_gti_hour.sh.out.79724879.3430
20220606_12,2,3502.30154434685,101130526.0,97911675.0,0.9681713214860566,/home/lhaaso/liushijie/energy/pass5_crab_v6_125d_covariance/run_gti_hour.sh.out.79724879.3431
20220606_13,1,3579.705988965,100348140.0,99417827.0,0.9907291455526729,/home/lhaaso/liushijie/energy/pass5_crab_v6_125d_covariance/run_gti_hour.sh.out.79724879.3432
20220606_14,1,3571.21043745428,100205435.0,99148655.0,0.9894538654515097,/home/lhaaso/liushijie/energy/pass5_crab_v6_125d_covariance/run_gti_hour.sh.out.79724879.3433
20220606_15,2,3442.38543778192,100707248.0,97051866.0,0.9637028905804277,/home/lhaaso/liushijie/energy/pass5_crab_v6_125d_covariance/run_gti_hour.sh.out.79724879.3434
20220606_16,1,3578.47479782067,102072809.0,100948641.0,0.9889866066094056,/home/lhaaso/liushijie/energy/pass5_crab_v6_125d_covariance/run_gti_hour.sh.out.79724879.3435
20220606_17,1,3574.05931432731,101979643.0,100874338.0,0.9891615133424226,/home/lhaaso/liushijie/energy/pass5_crab_v6_125d_covariance/run_gti_hour.sh.out.79724879.3436
20220606_18,5,2461.40068753157,72114538.0,67620318.0,0.937679417706316,/home/lhaaso/liushijie/energy/pass5_crab_v6_125d_covariance/run_gti_hour.sh.out.79724879.3437
20220606_19,5,1153.30136991106,35315266.0,31937553.0,0.9043554422045129,/home/lhaaso/liushijie/energy/pass5_crab_v6_125d_covariance/run_gti_hour.sh.out.79724879.3438
20220606_20,3,2695.53033567499,78416183.0,75425161.0,0.9618570824851294,/home/lhaaso/liushijie/energy/pass5_crab_v6_125d_covariance/run_gti_hour.sh.out.79724879.3439
20220606_21,2,3446.08834153041,100284870.0,96628072.0,0.9635358952950729,/home/lhaaso/liushijie/energy/pass5_crab_v6_125d_covariance/run_gti_hour.sh.out.79724879.3440
20220606_22,1,3540.2185120387,100340807.0,99122208.0,0.9878553996481212,/home/lhaaso/liushijie/energy/pass5_crab_v6_125d_covariance/run_gti_hour.sh.out.79724879.3441
20220606_23,2,3507.93256075121,101792565.0,98045765.0,0.9631918107181993,/home/lhaaso/liushijie/energy/pass5_crab_v6_125d_covariance/run_gti_hour.sh.out.79724879.3442
20220607_00,2,3465.29185082763,100698094.0,96949842.0,0.9627773292312762,/home/lhaaso/liushijie/energy/pass5_crab_v6_125d_covariance/run_gti_hour.sh.out.79724879.3443
20220607_01,1,3543.71573205572,100615727.0,99365669.0,0.9875759184247608,/home/lhaaso/liushijie/energy/pass5_crab_v6_125d_covariance/run_gti_hour.sh.out.79724879.3444
20220607_02,1,3546.54357831459,100740741.0,99516333.0,0.9878459500312788,/home/lhaaso/liushijie/energy/pass5_crab_v6_125d_covariance/run_gti_hour.sh.out.79724879.3445
20220607_03,1,2864.17417866178,101759049.0,80456700.0,0.7906589221367428,/home/lhaaso/liushijie/energy/pass5_crab_v6_125d_covariance/run_gti_hour.sh.out.79724879.3446
20220607_06,1,1741.15019557066,101655622.0,48995950.0,0.48197973743154116,/home/lhaaso/liushijie/energy/pass5_crab_v6_125d_covariance/run_gti_hour.sh.out.79724879.3447
20220607_07,2,3442.26688644849,100464609.0,96720416.0,0.9627312240870812,/home/lhaaso/liushijie/energy/pass5_crab_v6_125d_covariance/run_gti_hour.sh.out.79724879.3448
20220607_08,1,3572.5549634546,101507934.0,100267759.0,0.9877824821062755,/home/lhaaso/liushijie/energy/pass5_crab_v6_125d_covariance/run_gti_hour.sh.out.79724879.3449
20220607_09,2,3446.20063283946,100352208.0,96643052.0,0.9630386209339808,/home/lhaaso/liushijie/energy/pass5_crab_v6_125d_covariance/run_gti_hour.sh.out.79724879.3450
20220607_10,1,3562.05955292098,101194791.0,99981714.0,0.9880124560956898,/home/lhaaso/liushijie/energy/pass5_crab_v6_125d_covariance/run_gti_hour.sh.out.79724879.3451
20220607_11,1,3595.76956671663,101563657.0,100950819.0,0.9939659715088833,/home/lhaaso/liushijie/energy/pass5_crab_v6_125d_covariance/run_gti_hour.sh.out.79724879.3452
20220607_12,2,3511.2737032352,101577160.0,98057828.0,0.9653531167833399,/home/lhaaso/liushijie/energy/pass5_crab_v6_125d_covariance/run_gti_hour.sh.out.79724879.3453
20220607_13,1,3527.62863929383,100400414.0,99335936.0,0.9893976732008296,/home/lhaaso/liushijie/energy/pass5_crab_v6_125d_covariance/run_gti_hour.sh.out.79724879.3454
20220607_14,1,3571.13607216161,101794618.0,100658116.0,0.9888353429451447,/home/lhaaso/liushijie/energy/pass5_crab_v6_125d_covariance/run_gti_hour.sh.out.79724879.3455
20220607_15,1,3580.16801183112,101866047.0,100711511.0,0.9886661352432768,/home/lhaaso/liushijie/energy/pass5_crab_v6_125d_covariance/run_gti_hour.sh.out.79724879.3456
20220607_16,1,3568.03822824731,101990956.0,100840028.0,0.9887153915882503,/home/lhaaso/liushijie/energy/pass5_crab_v6_125d_covariance/run_gti_hour.sh.out.79724879.3457
20220607_17,1,3563.23073948734,101958848.0,100846048.0,0.9890857927308084,/home/lhaaso/liushijie/energy/pass5_crab_v6_125d_covariance/run_gti_hour.sh.out.79724879.3458
20220607_18,1,3537.61576514225,101038362.0,99954034.0,0.9892681553962642,/home/lhaaso/liushijie/energy/pass5_crab_v6_125d_covariance/run_gti_hour.sh.out.79724879.3459
20220607_19,2,3510.42337089311,101873377.0,98986786.0,0.9716649130027367,/home/lhaaso/liushijie/energy/pass5_crab_v6_125d_covariance/run_gti_hour.sh.out.79724879.3460
20220607_20,2,3479.37967171893,100819721.0,97384059.0,0.9659227186316058,/home/lhaaso/liushijie/energy/pass5_crab_v6_125d_covariance/run_gti_hour.sh.out.79724879.3461
20220607_21,1,3585.39236302022,100898083.0,99843084.0,0.9895439143278867,/home/lhaaso/liushijie/energy/pass5_crab_v6_125d_covariance/run_gti_hour.sh.out.79724879.3462
20220607_22,1,3559.80534064583,99226020.0,98076907.0,0.9884192372121748,/home/lhaaso/liushijie/energy/pass5_crab_v6_125d_covariance/run_gti_hour.sh.out.79724879.3463
20220607_23,1,3563.17822644487,100518665.0,99372663.0,0.9885991124136,/home/lhaaso/liushijie/energy/pass5_crab_v6_125d_covariance/run_gti_hour.sh.out.79724879.3464
20220608_00,1,3559.18325905222,100682010.0,99427247.0,0.9875373664073651,/home/lhaaso/liushijie/energy/pass5_crab_v6_125d_covariance/run_gti_hour.sh.out.79724879.3465
20220608_01,1,3536.9975308422,100448220.0,99216497.0,0.9877377319379079,/home/lhaaso/liushijie/energy/pass5_crab_v6_125d_covariance/run_gti_hour.sh.out.79724879.3466
20220608_02,1,3584.97747515794,99390805.0,98291589.0,0.9889404658710632,/home/lhaaso/liushijie/energy/pass5_crab_v6_125d_covariance/run_gti_hour.sh.out.79724879.3467
20220608_03,1,2650.39154787082,99497497.0,73574206.0,0.7394578579197827,/home/lhaaso/liushijie/energy/pass5_crab_v6_125d_covariance/run_gti_hour.sh.out.79724879.3468
20220608_06,3,1817.50496083405,100734267.0,50986712.0,0.50615062300498,/home/lhaaso/liushijie/energy/pass5_crab_v6_125d_covariance/run_gti_hour.sh.out.79724879.3469
20220608_07,1,3590.92460644897,101293106.0,100525687.0,0.992423778573835,/home/lhaaso/liushijie/energy/pass5_crab_v6_125d_covariance/run_gti_hour.sh.out.79724879.3470
20220608_08,1,3568.72312445194,100886767.0,99800253.0,0.9892303615993563,/home/lhaaso/liushijie/energy/pass5_crab_v6_125d_covariance/run_gti_hour.sh.out.79724879.3471
20220608_09,1,3582.09466163535,101515609.0,100420310.0,0.9892105360861304,/home/lhaaso/liushijie/energy/pass5_crab_v6_125d_covariance/run_gti_hour.sh.out.79724879.3472
20220608_10,1,3566.21764178853,101193722.0,100103657.0,0.9892279384683568,/home/lhaaso/liushijie/energy/pass5_crab_v6_125d_covariance/run_gti_hour.sh.out.79724879.3473
20220608_11,2,3477.35510200728,101150001.0,97727790.0,0.966166970181246,/home/lhaaso/liushijie/energy/pass5_crab_v6_125d_covariance/run_gti_hour.sh.out.79724879.3474
20220608_12,2,3468.71087020263,101046475.0,97571240.0,0.9656075583042357,/home/lhaaso/liushijie/energy/pass5_crab_v6_125d_covariance/run_gti_hour.sh.out.79724879.3475
20220608_13,1,3565.7981227152,101694161.0,100686434.0,0.9900906110037134,/home/lhaaso/liushijie/energy/pass5_crab_v6_125d_covariance/run_gti_hour.sh.out.79724879.3476
20220608_14,1,3587.83750729635,102760131.0,101692275.0,0.9896082654857651,/home/lhaaso/liushijie/energy/pass5_crab_v6_125d_covariance/run_gti_hour.sh.out.79724879.3477
20220608_15,1,3569.44462652318,102062295.0,101349343.0,0.9930145407762975,/home/lhaaso/liushijie/energy/pass5_crab_v6_125d_covariance/run_gti_hour.sh.out.79724879.3478
20220608_16,1,3583.58120243065,102480977.0,101366849.0,0.9891284408812769,/home/lhaaso/liushijie/energy/pass5_crab_v6_125d_covariance/run_gti_hour.sh.out.79724879.3479
20220608_17,1,3547.05572475214,101045398.0,99949909.0,0.9891584473743178,/home/lhaaso/liushijie/energy/pass5_crab_v6_125d_covariance/run_gti_hour.sh.out.79724879.3480
20220608_18,2,3503.79894683138,101691492.0,98258183.0,0.9662379916699423,/home/lhaaso/liushijie/energy/pass5_crab_v6_125d_covariance/run_gti_hour.sh.out.79724879.3481
20220608_19,1,3537.07358026877,101178203.0,100113014.0,0.9894721494510038,/home/lhaaso/liushijie/energy/pass5_crab_v6_125d_covariance/run_gti_hour.sh.out.79724879.3482
20220608_20,1,3594.16443624068,102129623.0,101430313.0,0.9931527212236944,/home/lhaaso/liushijie/energy/pass5_crab_v6_125d_covariance/run_gti_hour.sh.out.79724879.3483
20220608_21,1,3598.37285864633,101676238.0,100951314.0,0.992870271223056,/home/lhaaso/liushijie/energy/pass5_crab_v6_125d_covariance/run_gti_hour.sh.out.79724879.3484
20220608_22,1,3564.28672350012,100963530.0,99867105.0,0.9891403856422215,/home/lhaaso/liushijie/energy/pass5_crab_v6_125d_covariance/run_gti_hour.sh.out.79724879.3485
20220608_23,2,3496.66569808032,101637414.0,98307791.0,0.9672401838165618,/home/lhaaso/liushijie/energy/pass5_crab_v6_125d_covariance/run_gti_hour.sh.out.79724879.3486
20220609_00,1,3571.21012187563,101602941.0,100492181.0,0.9890676392920555,/home/lhaaso/liushijie/energy/pass5_crab_v6_125d_covariance/run_gti_hour.sh.out.79724879.3487
20220609_01,2,3479.12708495278,101470483.0,98123889.0,0.9670190394185864,/home/lhaaso/liushijie/energy/pass5_crab_v6_125d_covariance/run_gti_hour.sh.out.79724879.3488
20220609_02,3,3427.17594474088,102113576.0,96913215.0,0.9490727755925422,/home/lhaaso/liushijie/energy/pass5_crab_v6_125d_covariance/run_gti_hour.sh.out.79724879.3489
20220609_03,1,2473.42358550522,102033609.0,69633566.0,0.6824571499769257,/home/lhaaso/liushijie/energy/pass5_crab_v6_125d_covariance/run_gti_hour.sh.out.79724879.3490
20220609_06,1,2206.98353941552,101941394.0,62541475.0,0.6135042159615749,/home/lhaaso/liushijie/energy/pass5_crab_v6_125d_covariance/run_gti_hour.sh.out.79724879.3491
20220609_07,2,3487.24613604136,101833876.0,98577665.0,0.9680242849638758,/home/lhaaso/liushijie/energy/pass5_crab_v6_125d_covariance/run_gti_hour.sh.out.79724879.3492
20220609_08,1,3584.68191751745,101865725.0,100790843.0,0.9894480503623766,/home/lhaaso/liushijie/energy/pass5_crab_v6_125d_covariance/run_gti_hour.sh.out.79724879.3493
20220609_09,1,3562.55411244929,101496480.0,100545914.0,0.9906344929400507,/home/lhaaso/liushijie/energy/pass5_crab_v6_125d_covariance/run_gti_hour.sh.out.79724879.3494
20220609_10,1,3569.38091043849,101387414.0,100350747.0,0.9897751904393183,/home/lhaaso/liushijie/energy/pass5_crab_v6_125d_covariance/run_gti_hour.sh.out.79724879.3495
20220609_11,1,3572.47021109797,101773346.0,100755568.0,0.9899995623608563,/home/lhaaso/liushijie/energy/pass5_crab_v6_125d_covariance/run_gti_hour.sh.out.79724879.3496
20220609_12,1,3575.79717705958,101759777.0,100785583.0,0.9904265316933625,/home/lhaaso/liushijie/energy/pass5_crab_v6_125d_covariance/run_gti_hour.sh.out.79724879.3497
20220609_13,1,3568.56944141909,101487771.0,100548823.0,0.990748166101707,/home/lhaaso/liushijie/energy/pass5_crab_v6_125d_covariance/run_gti_hour.sh.out.79724879.3498
20220609_14,1,3583.53489472065,102130641.0,101394445.0,0.9927916246016707,/home/lhaaso/liushijie/energy/pass5_crab_v6_125d_covariance/run_gti_hour.sh.out.79724879.3499
20220609_15,1,3572.53996278159,102077216.0,101040053.0,0.98983942704707,/home/lhaaso/liushijie/energy/pass5_crab_v6_125d_covariance/run_gti_hour.sh.out.79724879.3500
20220609_16,1,55.6187620153651,1532722.0,1416188.0,0.9239692520887676,/home/lhaaso/liushijie/energy/pass5_crab_v6_125d_covariance/run_gti_hour.sh.out.79724879.3501
20220609_17,2,81.4303267747164,4213282.0,2441027.0,0.5793647327665227,/home/lhaaso/liushijie/energy/pass5_crab_v6_125d_covariance/run_gti_hour.sh.out.79724879.3502
20220609_18,1,3557.70160595421,101855299.0,100738998.0,0.9890403247454018,/home/lhaaso/liushijie/energy/pass5_crab_v6_125d_covariance/run_gti_hour.sh.out.79724879.3503
20220609_19,1,3571.6504389653,102260136.0,101109719.0,0.9887500931936958,/home/lhaaso/liushijie/energy/pass5_crab_v6_125d_covariance/run_gti_hour.sh.out.79724879.3504
20220609_20,1,3546.27360706218,101288856.0,100094728.0,0.9882106675190407,/home/lhaaso/liushijie/energy/pass5_crab_v6_125d_covariance/run_gti_hour.sh.out.79724879.3505
20220609_21,1,3559.55058317631,101468084.0,100270037.0,0.988192868606842,/home/lhaaso/liushijie/energy/pass5_crab_v6_125d_covariance/run_gti_hour.sh.out.79724879.3506
20220609_22,1,3569.86908987164,101642761.0,100395133.0,0.9877253629503433,/home/lhaaso/liushijie/energy/pass5_crab_v6_125d_covariance/run_gti_hour.sh.out.79724879.3507
20220609_23,1,3531.15512074437,100380454.0,99172417.0,0.9879654160559983,/home/lhaaso/liushijie/energy/pass5_crab_v6_125d_covariance/run_gti_hour.sh.out.79724879.3508
20220610_00,1,3571.69740549289,101699443.0,100479676.0,0.9880061584998061,/home/lhaaso/liushijie/energy/pass5_crab_v6_125d_covariance/run_gti_hour.sh.out.79724879.3509
20220610_01,2,3471.51402148884,101615725.0,97954201.0,0.9639669549176567,/home/lhaaso/liushijie/energy/pass5_crab_v6_125d_covariance/run_gti_hour.sh.out.79724879.3510
20220610_02,1,3581.05084877461,102728453.0,101515666.0,0.9881942444903751,/home/lhaaso/liushijie/energy/pass5_crab_v6_125d_covariance/run_gti_hour.sh.out.79724879.3511
20220610_03,1,2205.45559243765,101373624.0,62628180.0,0.6177956112134257,/home/lhaaso/liushijie/energy/pass5_crab_v6_125d_covariance/run_gti_hour.sh.out.79724879.3512
20220610_06,1,2461.15234661847,102444696.0,70034481.0,0.6836320837928007,/home/lhaaso/liushijie/energy/pass5_crab_v6_125d_covariance/run_gti_hour.sh.out.79724879.3513
20220610_07,1,3565.07257784251,102369823.0,101183696.0,0.9884133139509287,/home/lhaaso/liushijie/energy/pass5_crab_v6_125d_covariance/run_gti_hour.sh.out.79724879.3514
20220610_08,1,3563.71333028655,102216179.0,101036740.0,0.9884613276338573,/home/lhaaso/liushijie/energy/pass5_crab_v6_125d_covariance/run_gti_hour.sh.out.79724879.3515
20220610_09,1,3560.07431298494,102003613.0,100822076.0,0.9884167142197208,/home/lhaaso/liushijie/energy/pass5_crab_v6_125d_covariance/run_gti_hour.sh.out.79724879.3516
20220610_10,1,3551.61385796964,101730264.0,100583428.0,0.9887266978880542,/home/lhaaso/liushijie/energy/pass5_crab_v6_125d_covariance/run_gti_hour.sh.out.79724879.3517
20220610_11,1,3545.67658505403,102173154.0,100430604.0,0.982945128619598,/home/lhaaso/liushijie/energy/pass5_crab_v6_125d_covariance/run_gti_hour.sh.out.79724879.3518
20220610_12,2,3483.93765846267,101755714.0,98425481.0,0.967272275245398,/home/lhaaso/liushijie/energy/pass5_crab_v6_125d_covariance/run_gti_hour.sh.out.79724879.3519
20220610_13,1,3597.97317702323,103473881.0,102424598.0,0.989859440953993,/home/lhaaso/liushijie/energy/pass5_crab_v6_125d_covariance/run_gti_hour.sh.out.79724879.3520
20220610_14,1,3533.82692656014,102169628.0,100937317.0,0.9879385779891456,/home/lhaaso/liushijie/energy/pass5_crab_v6_125d_covariance/run_gti_hour.sh.out.79724879.3521
20220610_15,1,3568.24951129965,103366236.0,102204292.0,0.988758959937363,/home/lhaaso/liushijie/energy/pass5_crab_v6_125d_covariance/run_gti_hour.sh.out.79724879.3522
20220610_16,1,3582.67524840776,103771444.0,102615653.0,0.9888621478563987,/home/lhaaso/liushijie/energy/pass5_crab_v6_125d_covariance/run_gti_hour.sh.out.79724879.3523
20220610_17,1,3550.59495004825,102741192.0,101599799.0,0.9888905999844736,/home/lhaaso/liushijie/energy/pass5_crab_v6_125d_covariance/run_gti_hour.sh.out.79724879.3524
20220610_18,1,3577.91348586325,99419823.0,98344589.0,0.9891849133547542,/home/lhaaso/liushijie/energy/pass5_crab_v6_125d_covariance/run_gti_hour.sh.out.79724879.3525
20220610_19,1,3537.71371711046,99731090.0,98642823.0,0.9890879865045092,/home/lhaaso/liushijie/energy/pass5_crab_v6_125d_covariance/run_gti_hour.sh.out.79724879.3526
20220610_20,1,3588.80260591395,102449767.0,101774095.0,0.993404845908532,/home/lhaaso/liushijie/energy/pass5_crab_v6_125d_covariance/run_gti_hour.sh.out.79724879.3527
20220610_21,1,3568.04574429989,101602480.0,100461426.0,0.9887694276753874,/home/lhaaso/liushijie/energy/pass5_crab_v6_125d_covariance/run_gti_hour.sh.out.79724879.3528
20220610_22,1,3583.76445304602,101760675.0,101059058.0,0.9931052245870028,/home/lhaaso/liushijie/energy/pass5_crab_v6_125d_covariance/run_gti_hour.sh.out.79724879.3529
20220610_23,1,3585.66420385614,101686258.0,100527858.0,0.9886080968777512,/home/lhaaso/liushijie/energy/pass5_crab_v6_125d_covariance/run_gti_hour.sh.out.79724879.3530
20220611_00,1,3539.60587014444,101064686.0,99766103.0,0.9871509718043353,/home/lhaaso/liushijie/energy/pass5_crab_v6_125d_covariance/run_gti_hour.sh.out.79724879.3531
20220611_01,1,3582.49613363296,102298855.0,101136722.0,0.9886398239745694,/home/lhaaso/liushijie/energy/pass5_crab_v6_125d_covariance/run_gti_hour.sh.out.79724879.3532
20220611_02,1,3569.42141200416,101643415.0,100941024.0,0.9930896556358324,/home/lhaaso/liushijie/energy/pass5_crab_v6_125d_covariance/run_gti_hour.sh.out.79724879.3533
20220611_03,2,1968.79204760771,102102258.0,55317366.0,0.5417839632890391,/home/lhaaso/liushijie/energy/pass5_crab_v6_125d_covariance/run_gti_hour.sh.out.79724879.3534
20220611_06,1,2682.76815509889,102149806.0,76161428.0,0.7455856352776626,/home/lhaaso/liushijie/energy/pass5_crab_v6_125d_covariance/run_gti_hour.sh.out.79724879.3535
20220611_07,1,3553.4284559777,102047989.0,100718178.0,0.9869687681939524,/home/lhaaso/liushijie/energy/pass5_crab_v6_125d_covariance/run_gti_hour.sh.out.79724879.3536
20220611_08,1,3563.13603508752,101947794.0,100819160.0,0.9889292945367705,/home/lhaaso/liushijie/energy/pass5_crab_v6_125d_covariance/run_gti_hour.sh.out.79724879.3537
20220611_09,2,3482.46847386472,101710288.0,98318469.0,0.9666521542048923,/home/lhaaso/liushijie/energy/pass5_crab_v6_125d_covariance/run_gti_hour.sh.out.79724879.3538
20220611_10,1,3571.26903953031,101804005.0,100701148.0,0.9891668603803947,/home/lhaaso/liushijie/energy/pass5_crab_v6_125d_covariance/run_gti_hour.sh.out.79724879.3539
20220611_11,2,3466.56184683088,101172479.0,97883927.0,0.9674955874116715,/home/lhaaso/liushijie/energy/pass5_crab_v6_125d_covariance/run_gti_hour.sh.out.79724879.3540
20220611_12,1,3575.13747056946,102132299.0,101113355.0,0.9900232932189258,/home/lhaaso/liushijie/energy/pass5_crab_v6_125d_covariance/run_gti_hour.sh.out.79724879.3541
20220611_13,1,3561.33145953063,102056226.0,101058121.0,0.9902200479175077,/home/lhaaso/liushijie/energy/pass5_crab_v6_125d_covariance/run_gti_hour.sh.out.79724879.3542
20220611_14,1,3587.6438589301,101538954.0,100847541.0,0.9931906625707411,/home/lhaaso/liushijie/energy/pass5_crab_v6_125d_covariance/run_gti_hour.sh.out.79724879.3543
20220611_15,1,3591.07388018165,102292246.0,101609700.0,0.9933274903358755,/home/lhaaso/liushijie/energy/pass5_crab_v6_125d_covariance/run_gti_hour.sh.out.79724879.3544
20220611_16,3,3443.91408506781,102021462.0,96890944.0,0.9497113852377453,/home/lhaaso/liushijie/energy/pass5_crab_v6_125d_covariance/run_gti_hour.sh.out.79724879.3545
20220611_17,1,3572.1253791824,102710307.0,101603643.0,0.9892253851407532,/home/lhaaso/liushijie/energy/pass5_crab_v6_125d_covariance/run_gti_hour.sh.out.79724879.3546
20220611_18,1,3568.36914515588,102699875.0,101625587.0,0.9895395393616594,/home/lhaaso/liushijie/energy/pass5_crab_v6_125d_covariance/run_gti_hour.sh.out.79724879.3547
20220611_19,1,3582.83974661026,102409691.0,101790904.0,0.9939577300355296,/home/lhaaso/liushijie/energy/pass5_crab_v6_125d_covariance/run_gti_hour.sh.out.79724879.3548
20220611_20,1,3596.23301597312,101964236.0,101299801.0,0.9934836465601528,/home/lhaaso/liushijie/energy/pass5_crab_v6_125d_covariance/run_gti_hour.sh.out.79724879.3549
20220611_21,1,3576.84828217607,101535204.0,100406052.0,0.9888792068611001,/home/lhaaso/liushijie/energy/pass5_crab_v6_125d_covariance/run_gti_hour.sh.out.79724879.3550
20220611_22,1,3553.0916034244,101096234.0,99953098.0,0.9886925956114251,/home/lhaaso/liushijie/energy/pass5_crab_v6_125d_covariance/run_gti_hour.sh.out.79724879.3551
20220611_23,2,3474.09741436131,101246781.0,97584054.0,0.9638237683823252,/home/lhaaso/liushijie/energy/pass5_crab_v6_125d_covariance/run_gti_hour.sh.out.79724879.3552
20220612_00,1,3569.02960601728,101333065.0,100150449.0,0.9883294164644087,/home/lhaaso/liushijie/energy/pass5_crab_v6_125d_covariance/run_gti_hour.sh.out.79724879.3553
20220612_01,2,3478.65634658374,101266743.0,97719645.0,0.9649727255472214,/home/lhaaso/liushijie/energy/pass5_crab_v6_125d_covariance/run_gti_hour.sh.out.79724879.3554
20220612_02,1,3556.63675745018,101178277.0,100007653.0,0.9884300856398256,/home/lhaaso/liushijie/energy/pass5_crab_v6_125d_covariance/run_gti_hour.sh.out.79724879.3555
20220612_03,2,1733.36077833083,101028825.0,48767872.0,0.48271245359925746,/home/lhaaso/liushijie/energy/pass5_crab_v6_125d_covariance/run_gti_hour.sh.out.79724879.3556
20220612_06,1,2967.92063112371,102387386.0,83660387.0,0.81709661969493,/home/lhaaso/liushijie/energy/pass5_crab_v6_125d_covariance/run_gti_hour.sh.out.79724879.3557
20220612_07,1,3549.77177821565,101068131.0,99882896.0,0.9882729106764624,/home/lhaaso/liushijie/energy/pass5_crab_v6_125d_covariance/run_gti_hour.sh.out.79724879.3558
20220612_08,1,3557.97891598195,101070582.0,99879439.0,0.9882147408629743,/home/lhaaso/liushijie/energy/pass5_crab_v6_125d_covariance/run_gti_hour.sh.out.79724879.3559
20220612_09,1,3552.59728906676,100786055.0,99617088.0,0.9884015005845799,/home/lhaaso/liushijie/energy/pass5_crab_v6_125d_covariance/run_gti_hour.sh.out.79724879.3560
20220612_10,2,3463.87167521752,100627576.0,97120384.0,0.9651468102540799,/home/lhaaso/liushijie/energy/pass5_crab_v6_125d_covariance/run_gti_hour.sh.out.79724879.3561
20220612_11,2,3509.38094230369,101354686.0,98377704.0,0.9706280773244169,/home/lhaaso/liushijie/energy/pass5_crab_v6_125d_covariance/run_gti_hour.sh.out.79724879.3562
20220612_12,1,3594.57997789141,101467081.0,100385573.0,0.9893412918816498,/home/lhaaso/liushijie/energy/pass5_crab_v6_125d_covariance/run_gti_hour.sh.out.79724879.3563
20220612_13,1,3532.92492481414,100601010.0,99474694.0,0.9888041283084533,/home/lhaaso/liushijie/energy/pass5_crab_v6_125d_covariance/run_gti_hour.sh.out.79724879.3564
20220612_14,1,3570.13527292293,101783715.0,100668200.0,0.9890403391151522,/home/lhaaso/liushijie/energy/pass5_crab_v6_125d_covariance/run_gti_hour.sh.out.79724879.3565
20220612_15,1,3548.38589506689,101539430.0,100337356.0,0.9881615053383696,/home/lhaaso/liushijie/energy/pass5_crab_v6_125d_covariance/run_gti_hour.sh.out.79724879.3566
20220612_16,1,3590.76862887014,102758685.0,101641691.0,0.9891299309639862,/home/lhaaso/liushijie/energy/pass5_crab_v6_125d_covariance/run_gti_hour.sh.out.79724879.3567
20220612_17,1,3567.67366009299,101986272.0,100901090.0,0.989359528702059,/home/lhaaso/liushijie/energy/pass5_crab_v6_125d_covariance/run_gti_hour.sh.out.79724879.3568
20220612_18,1,3569.83744336758,99820247.0,98825633.0,0.9900359493199812,/home/lhaaso/liushijie/energy/pass5_crab_v6_125d_covariance/run_gti_hour.sh.out.79724879.3569
20220612_19,1,3529.39346451312,97423659.0,96350538.0,0.9889850061985457,/home/lhaaso/liushijie/energy/pass5_crab_v6_125d_covariance/run_gti_hour.sh.out.79724879.3570
20220612_20,1,3580.59766273946,101316566.0,100193848.0,0.9889187124640604,/home/lhaaso/liushijie/energy/pass5_crab_v6_125d_covariance/run_gti_hour.sh.out.79724879.3571
20220612_21,1,3559.1546124313,100430221.0,99323487.0,0.9889800700528181,/home/lhaaso/liushijie/energy/pass5_crab_v6_125d_covariance/run_gti_hour.sh.out.79724879.3572
20220612_22,1,3572.46988860425,100524301.0,99416178.0,0.9889765659748283,/home/lhaaso/liushijie/energy/pass5_crab_v6_125d_covariance/run_gti_hour.sh.out.79724879.3573
20220612_23,2,3496.33881642949,100574513.0,97268363.0,0.9671273576040085,/home/lhaaso/liushijie/energy/pass5_crab_v6_125d_covariance/run_gti_hour.sh.out.79724879.3574
20220613_00,1,3570.08785880171,99443443.0,98688127.0,0.9924045670864393,/home/lhaaso/liushijie/energy/pass5_crab_v6_125d_covariance/run_gti_hour.sh.out.79724879.3575
20220613_01,1,3568.00635040272,98780581.0,97679119.0,0.9888494075571392,/home/lhaaso/liushijie/energy/pass5_crab_v6_125d_covariance/run_gti_hour.sh.out.79724879.3576
20220613_02,1,3578.61171558034,101287922.0,100189446.0,0.989154916219922,/home/lhaaso/liushijie/energy/pass5_crab_v6_125d_covariance/run_gti_hour.sh.out.79724879.3577
20220613_03,1,1481.79547302425,100852339.0,41471341.0,0.41120851941768055,/home/lhaaso/liushijie/energy/pass5_crab_v6_125d_covariance/run_gti_hour.sh.out.79724879.3578
20220613_06,1,3210.16598471906,101430589.0,90164092.0,0.8889240700357167,/home/lhaaso/liushijie/energy/pass5_crab_v6_125d_covariance/run_gti_hour.sh.out.79724879.3579
20220613_07,1,3567.82471288461,100739237.0,99949998.0,0.9921655253354758,/home/lhaaso/liushijie/energy/pass5_crab_v6_125d_covariance/run_gti_hour.sh.out.79724879.3580
20220613_08,1,3567.80840714928,100633492.0,99561615.0,0.9893487051010811,/home/lhaaso/liushijie/energy/pass5_crab_v6_125d_covariance/run_gti_hour.sh.out.79724879.3581
20220613_09,1,3586.53083941899,101253712.0,100198784.0,0.9895813399907749,/home/lhaaso/liushijie/energy/pass5_crab_v6_125d_covariance/run_gti_hour.sh.out.79724879.3582
20220613_10,2,3498.62373161595,100927530.0,97793714.0,0.9689498395531922,/home/lhaaso/liushijie/energy/pass5_crab_v6_125d_covariance/run_gti_hour.sh.out.79724879.3583
20220613_11,2,3483.66936945822,100646282.0,97562471.0,0.969359911377551,/home/lhaaso/liushijie/energy/pass5_crab_v6_125d_covariance/run_gti_hour.sh.out.79724879.3584
20220613_12,1,3573.25899680145,100195676.0,99229792.0,0.9903600231211575,/home/lhaaso/liushijie/energy/pass5_crab_v6_125d_covariance/run_gti_hour.sh.out.79724879.3585
20220613_13,1,3574.34220544528,99360452.0,98703177.0,0.9933849435387029,/home/lhaaso/liushijie/energy/pass5_crab_v6_125d_covariance/run_gti_hour.sh.out.79724879.3586
20220613_14,44,558.205824228935,9625229.0,9309307.0,0.9671777159795367,/home/lhaaso/liushijie/energy/pass5_crab_v6_125d_covariance/run_gti_hour.sh.out.79724879.3587
20220613_15,50,227.364651393145,0.0,0.0,0.0,/home/lhaaso/liushijie/energy/pass5_crab_v6_125d_covariance/run_gti_hour.sh.out.79724879.3588
20220613_16,51,238.059918140061,0.0,0.0,0.0,/home/lhaaso/liushijie/energy/pass5_crab_v6_125d_covariance/run_gti_hour.sh.out.79724879.3589
20220613_17,51,312.868278846145,0.0,0.0,0.0,/home/lhaaso/liushijie/energy/pass5_crab_v6_125d_covariance/run_gti_hour.sh.out.79724879.3590
20220613_18,50,341.136602056213,0.0,0.0,0.0,/home/lhaaso/liushijie/energy/pass5_crab_v6_125d_covariance/run_gti_hour.sh.out.79724879.3591
20220613_19,22,1889.1020465875,50562929.0,4525678.0,0.0895058512136431,/home/lhaaso/liushijie/energy/pass5_crab_v6_125d_covariance/run_gti_hour.sh.out.79724879.3592
20220613_20,1,3566.27158059273,100840953.0,99624362.0,0.9879355463846122,/home/lhaaso/liushijie/energy/pass5_crab_v6_125d_covariance/run_gti_hour.sh.out.79724879.3593
20220613_21,1,3577.15195182245,100975929.0,99749223.0,0.9878515007274654,/home/lhaaso/liushijie/energy/pass5_crab_v6_125d_covariance/run_gti_hour.sh.out.79724879.3594
20220613_22,1,3544.2439843202,99844908.0,98578119.0,0.9873124325979649,/home/lhaaso/liushijie/energy/pass5_crab_v6_125d_covariance/run_gti_hour.sh.out.79724879.3595
20220613_23,1,3557.35830415506,99968566.0,98717318.0,0.9874835855902945,/home/lhaaso/liushijie/energy/pass5_crab_v6_125d_covariance/run_gti_hour.sh.out.79724879.3596
20220614_00,1,3555.65578308888,99945100.0,98715720.0,0.987699446996401,/home/lhaaso/liushijie/energy/pass5_crab_v6_125d_covariance/run_gti_hour.sh.out.79724879.3597
20220614_01,1,3549.45461286698,99891952.0,98670270.0,0.9877699656925315,/home/lhaaso/liushijie/energy/pass5_crab_v6_125d_covariance/run_gti_hour.sh.out.79724879.3598
20220614_02,1,3545.35829192027,99854050.0,98636341.0,0.9878051115603222,/home/lhaaso/liushijie/energy/pass5_crab_v6_125d_covariance/run_gti_hour.sh.out.79724879.3599
20220614_03,2,1272.46759200934,101016541.0,35409245.0,0.3505291771968316,/home/lhaaso/liushijie/energy/pass5_crab_v6_125d_covariance/run_gti_hour.sh.out.79724879.3600
20220614_06,2,3304.34331286233,100944586.0,92294535.0,0.914308915982874,/home/lhaaso/liushijie/energy/pass5_crab_v6_125d_covariance/run_gti_hour.sh.out.79724879.3601
20220614_07,1,3565.78524182551,100817943.0,99569850.0,0.9876203286551879,/home/lhaaso/liushijie/energy/pass5_crab_v6_125d_covariance/run_gti_hour.sh.out.79724879.3602
20220614_08,1,3520.71163735818,99348594.0,98115283.0,0.9875860246195332,/home/lhaaso/liushijie/energy/pass5_crab_v6_125d_covariance/run_gti_hour.sh.out.79724879.3603
20220614_09,1,3566.21097754687,100482416.0,99260846.0,0.9878429475660697,/home/lhaaso/liushijie/energy/pass5_crab_v6_125d_covariance/run_gti_hour.sh.out.79724879.3604
20220614_10,1,3562.21458313521,100377905.0,99155106.0,0.9878180462124608,/home/lhaaso/liushijie/energy/pass5_crab_v6_125d_covariance/run_gti_hour.sh.out.79724879.3605
20220614_11,1,3538.65634552203,99983207.0,98785127.0,0.9880171877263348,/home/lhaaso/liushijie/energy/pass5_crab_v6_125d_covariance/run_gti_hour.sh.out.79724879.3606
20220614_12,1,3593.39648124296,101499430.0,100361614.0,0.9887899271946651,/home/lhaaso/liushijie/energy/pass5_crab_v6_125d_covariance/run_gti_hour.sh.out.79724879.3607
20220614_13,1,3538.37791210972,100252688.0,99083800.0,0.9883405819502815,/home/lhaaso/liushijie/energy/pass5_crab_v6_125d_covariance/run_gti_hour.sh.out.79724879.3608
20220614_14,1,3568.175793509,101327984.0,100139175.0,0.9882677128955808,/home/lhaaso/liushijie/energy/pass5_crab_v6_125d_covariance/run_gti_hour.sh.out.79724879.3609
20220614_15,3,3387.93415711261,101371612.0,95309525.0,0.9401993627170494,/home/lhaaso/liushijie/energy/pass5_crab_v6_125d_covariance/run_gti_hour.sh.out.79724879.3610
20220614_16,1,3569.2736256402,101571029.0,100371562.0,0.9881908550911698,/home/lhaaso/liushijie/energy/pass5_crab_v6_125d_covariance/run_gti_hour.sh.out.79724879.3611
20220614_17,1,3519.964562729,100207457.0,99043410.0,0.9883836289748377,/home/lhaaso/liushijie/energy/pass5_crab_v6_125d_covariance/run_gti_hour.sh.out.79724879.3612
20220614_18,2,3476.95643375628,101454089.0,97948198.0,0.965443571229544,/home/lhaaso/liushijie/energy/pass5_crab_v6_125d_covariance/run_gti_hour.sh.out.79724879.3613
20220614_19,2,3491.20963797905,101487458.0,98011121.0,0.9657461417547772,/home/lhaaso/liushijie/energy/pass5_crab_v6_125d_covariance/run_gti_hour.sh.out.79724879.3614
20220614_20,1,3544.59613678046,100355529.0,99176472.0,0.9882512003897662,/home/lhaaso/liushijie/energy/pass5_crab_v6_125d_covariance/run_gti_hour.sh.out.79724879.3615
20220614_21,1,3557.45491900016,100492525.0,99296227.0,0.9880956518905262,/home/lhaaso/liushijie/energy/pass5_crab_v6_125d_covariance/run_gti_hour.sh.out.79724879.3616
20220614_22,1,3574.50642327312,100535157.0,99333625.0,0.9880486385474089,/home/lhaaso/liushijie/energy/pass5_crab_v6_125d_covariance/run_gti_hour.sh.out.79724879.3617
20220614_23,1,3549.83730793465,99512827.0,98309083.0,0.9879036297501628,/home/lhaaso/liushijie/energy/pass5_crab_v6_125d_covariance/run_gti_hour.sh.out.79724879.3618
20220615_00,1,3590.00478959642,100225456.0,99543962.0,0.9932003901284321,/home/lhaaso/liushijie/energy/pass5_crab_v6_125d_covariance/run_gti_hour.sh.out.79724879.3619
20220615_01,1,3579.48774243705,100158092.0,98979099.0,0.9882286795159796,/home/lhaaso/liushijie/energy/pass5_crab_v6_125d_covariance/run_gti_hour.sh.out.79724879.3620
20220615_02,1,3570.21211946849,100669732.0,99481032.0,0.9881920814093357,/home/lhaaso/liushijie/energy/pass5_crab_v6_125d_covariance/run_gti_hour.sh.out.79724879.3621
20220615_03,1,1041.60958738066,100753974.0,29023296.0,0.28806105454460784,/home/lhaaso/liushijie/energy/pass5_crab_v6_125d_covariance/run_gti_hour.sh.out.79724879.3622
20220615_05,2,90.2466162107885,101369637.0,2532630.0,0.024984108407135757,/home/lhaaso/liushijie/energy/pass5_crab_v6_125d_covariance/run_gti_hour.sh.out.79724879.3623
20220615_06,1,3546.71863205731,100678856.0,99328668.0,0.9865891602900215,/home/lhaaso/liushijie/energy/pass5_crab_v6_125d_covariance/run_gti_hour.sh.out.79724879.3624
20220615_07,2,3466.33390977513,100556198.0,96972682.0,0.964363051992081,/home/lhaaso/liushijie/energy/pass5_crab_v6_125d_covariance/run_gti_hour.sh.out.79724879.3625
20220615_08,1,3547.78487929143,100449170.0,99255693.0,0.9881185976947345,/home/lhaaso/liushijie/energy/pass5_crab_v6_125d_covariance/run_gti_hour.sh.out.79724879.3626
20220615_09,1,3585.42841568124,101003401.0,100312624.0,0.9931608540587658,/home/lhaaso/liushijie/energy/pass5_crab_v6_125d_covariance/run_gti_hour.sh.out.79724879.3627
20220615_10,1,3582.42111769505,100810501.0,99648952.0,0.9884778967619653,/home/lhaaso/liushijie/energy/pass5_crab_v6_125d_covariance/run_gti_hour.sh.out.79724879.3628
20220615_11,1,3576.72887085937,100706729.0,100066379.0,0.993641437803029,/home/lhaaso/liushijie/energy/pass5_crab_v6_125d_covariance/run_gti_hour.sh.out.79724879.3629
20220615_12,1,3577.96560034622,100695992.0,99640291.0,0.9895159580929497,/home/lhaaso/liushijie/energy/pass5_crab_v6_125d_covariance/run_gti_hour.sh.out.79724879.3630
20220615_13,2,3484.28912758827,101032642.0,97726578.0,0.9672772686672887,/home/lhaaso/liushijie/energy/pass5_crab_v6_125d_covariance/run_gti_hour.sh.out.79724879.3631
20220615_14,1,3581.89157922752,101893910.0,100773482.0,0.9890039748204775,/home/lhaaso/liushijie/energy/pass5_crab_v6_125d_covariance/run_gti_hour.sh.out.79724879.3632
20220615_15,1,3538.8356539188,100785376.0,99641706.0,0.9886524211607843,/home/lhaaso/liushijie/energy/pass5_crab_v6_125d_covariance/run_gti_hour.sh.out.79724879.3633
20220615_16,1,3584.35943322256,102253674.0,100980461.0,0.9875484865218632,/home/lhaaso/liushijie/energy/pass5_crab_v6_125d_covariance/run_gti_hour.sh.out.79724879.3634
20220615_17,1,3555.77902598307,100706236.0,99601593.0,0.989031036767177,/home/lhaaso/liushijie/energy/pass5_crab_v6_125d_covariance/run_gti_hour.sh.out.79724879.3635
20220615_18,1,3558.87687178329,101036221.0,99953785.0,0.9892866539416592,/home/lhaaso/liushijie/energy/pass5_crab_v6_125d_covariance/run_gti_hour.sh.out.79724879.3636
20220615_19,1,3572.5847158581,100679789.0,100071332.0,0.9939565129601136,/home/lhaaso/liushijie/energy/pass5_crab_v6_125d_covariance/run_gti_hour.sh.out.79724879.3637
20220615_20,1,3545.62655766495,101060832.0,99199706.0,0.9815841017418103,/home/lhaaso/liushijie/energy/pass5_crab_v6_125d_covariance/run_gti_hour.sh.out.79724879.3638
20220615_21,1,3559.17057429906,100516201.0,99320470.0,0.988104096771425,/home/lhaaso/liushijie/energy/pass5_crab_v6_125d_covariance/run_gti_hour.sh.out.79724879.3639
20220615_22,1,3566.43742220476,100496228.0,99298068.0,0.98807756247329,/home/lhaaso/liushijie/energy/pass5_crab_v6_125d_covariance/run_gti_hour.sh.out.79724879.3640
20220615_23,1,3521.67029301636,99122008.0,97935109.0,0.9880258781682469,/home/lhaaso/liushijie/energy/pass5_crab_v6_125d_covariance/run_gti_hour.sh.out.79724879.3641
20220616_00,2,3477.85560535267,100572496.0,96851577.0,0.963002618529026,/home/lhaaso/liushijie/energy/pass5_crab_v6_125d_covariance/run_gti_hour.sh.out.79724879.3642
20220616_01,1,3567.01648451854,100735518.0,99530488.0,0.9880376849801874,/home/lhaaso/liushijie/energy/pass5_crab_v6_125d_covariance/run_gti_hour.sh.out.79724879.3643
20220616_02,1,3555.13774375431,100664738.0,99457042.0,0.9880027900137186,/home/lhaaso/liushijie/energy/pass5_crab_v6_125d_covariance/run_gti_hour.sh.out.79724879.3644
20220616_03,1,806.345260469243,101107586.0,22574930.0,0.2232763227083673,/home/lhaaso/liushijie/energy/pass5_crab_v6_125d_covariance/run_gti_hour.sh.out.79724879.3645
20220616_05,1,271.274221991189,101486536.0,7636372.0,0.0752451734090126,/home/lhaaso/liushijie/energy/pass5_crab_v6_125d_covariance/run_gti_hour.sh.out.79724879.3646
20220616_06,1,3563.07356371544,101414788.0,100233387.0,0.9883508014629977,/home/lhaaso/liushijie/energy/pass5_crab_v6_125d_covariance/run_gti_hour.sh.out.79724879.3647
20220616_07,2,3488.72369038872,101478866.0,97941432.0,0.9651411753063933,/home/lhaaso/liushijie/energy/pass5_crab_v6_125d_covariance/run_gti_hour.sh.out.79724879.3648
20220616_08,1,3570.16494737472,100837633.0,100159956.0,0.9932795229336651,/home/lhaaso/liushijie/energy/pass5_crab_v6_125d_covariance/run_gti_hour.sh.out.79724879.3649
20220616_09,2,3487.97243968584,100794843.0,97209867.0,0.9644329422686834,/home/lhaaso/liushijie/energy/pass5_crab_v6_125d_covariance/run_gti_hour.sh.out.79724879.3650
20220616_10,1,3580.99452427123,101519607.0,100348950.0,0.9884686610341192,/home/lhaaso/liushijie/energy/pass5_crab_v6_125d_covariance/run_gti_hour.sh.out.79724879.3651
20220616_11,1,3559.98599873856,101113265.0,99857864.0,0.9875842106374471,/home/lhaaso/liushijie/energy/pass5_crab_v6_125d_covariance/run_gti_hour.sh.out.79724879.3652
20220616_12,1,3555.19187995233,100947096.0,99870889.0,0.9893389008436657,/home/lhaaso/liushijie/energy/pass5_crab_v6_125d_covariance/run_gti_hour.sh.out.79724879.3653
20220616_13,1,3537.32989551499,100817780.0,99711786.0,0.9890297723278573,/home/lhaaso/liushijie/energy/pass5_crab_v6_125d_covariance/run_gti_hour.sh.out.79724879.3654
20220616_14,2,3477.50672874972,101817947.0,98319220.0,0.9656374234298792,/home/lhaaso/liushijie/energy/pass5_crab_v6_125d_covariance/run_gti_hour.sh.out.79724879.3655
20220616_15,1,3576.30711696111,102323211.0,101166334.0,0.9886938946824099,/home/lhaaso/liushijie/energy/pass5_crab_v6_125d_covariance/run_gti_hour.sh.out.79724879.3656
20220616_16,2,3487.81109601259,102233432.0,98757152.0,0.9659966418812977,/home/lhaaso/liushijie/energy/pass5_crab_v6_125d_covariance/run_gti_hour.sh.out.79724879.3657
20220616_17,5,2035.46058121137,59834456.0,54673273.0,0.9137422925680146,/home/lhaaso/liushijie/energy/pass5_crab_v6_125d_covariance/run_gti_hour.sh.out.79724879.3658
20220616_18,1,3546.19256118312,100046118.0,98941267.0,0.9889565830030507,/home/lhaaso/liushijie/energy/pass5_crab_v6_125d_covariance/run_gti_hour.sh.out.79724879.3659
20220616_19,1,3543.52829530835,98763846.0,97611953.0,0.9883368960742983,/home/lhaaso/liushijie/energy/pass5_crab_v6_125d_covariance/run_gti_hour.sh.out.79724879.3660
20220616_20,2,3504.85556451604,101652812.0,98637533.0,0.9703374757601393,/home/lhaaso/liushijie/energy/pass5_crab_v6_125d_covariance/run_gti_hour.sh.out.79724879.3661
20220616_21,1,3559.26427035592,100748332.0,99555628.0,0.9881615509028974,/home/lhaaso/liushijie/energy/pass5_crab_v6_125d_covariance/run_gti_hour.sh.out.79724879.3662
20220616_22,1,3581.91702417098,101679342.0,100463325.0,0.9880406680837883,/home/lhaaso/liushijie/energy/pass5_crab_v6_125d_covariance/run_gti_hour.sh.out.79724879.3663
20220616_23,1,3541.46073649172,100547083.0,99253078.0,0.9871303576255912,/home/lhaaso/liushijie/energy/pass5_crab_v6_125d_covariance/run_gti_hour.sh.out.79724879.3664
20220617_00,2,3498.15821538214,101206172.0,98118590.0,0.9694921570593541,/home/lhaaso/liushijie/energy/pass5_crab_v6_125d_covariance/run_gti_hour.sh.out.79724879.3665
20220617_01,1,3569.4806703832,101018672.0,99835237.0,0.9882849875516083,/home/lhaaso/liushijie/energy/pass5_crab_v6_125d_covariance/run_gti_hour.sh.out.79724879.3666
20220617_02,1,3566.37339997105,101589502.0,100394084.0,0.9882328589424525,/home/lhaaso/liushijie/energy/pass5_crab_v6_125d_covariance/run_gti_hour.sh.out.79724879.3667
20220617_03,1,577.924620034173,92547544.0,16249178.0,0.17557654474331594,/home/lhaaso/liushijie/energy/pass5_crab_v6_125d_covariance/run_gti_hour.sh.out.79724879.3668
20220617_05,1,532.931686774828,101619083.0,15083043.0,0.14842726931515413,/home/lhaaso/liushijie/energy/pass5_crab_v6_125d_covariance/run_gti_hour.sh.out.79724879.3669
20220617_06,1,3536.55249767471,101297573.0,100066745.0,0.9878493831239175,/home/lhaaso/liushijie/energy/pass5_crab_v6_125d_covariance/run_gti_hour.sh.out.79724879.3670
20220617_07,1,3584.82972462662,102588597.0,101349383.0,0.9879205483237089,/home/lhaaso/liushijie/energy/pass5_crab_v6_125d_covariance/run_gti_hour.sh.out.79724879.3671
20220617_08,1,3539.25149228889,101207547.0,99978803.0,0.9878591662734401,/home/lhaaso/liushijie/energy/pass5_crab_v6_125d_covariance/run_gti_hour.sh.out.79724879.3672
20220617_09,1,3541.40448113903,101147701.0,99930369.0,0.9879648080187211,/home/lhaaso/liushijie/energy/pass5_crab_v6_125d_covariance/run_gti_hour.sh.out.79724879.3673
20220617_10,1,3574.97342058923,102099757.0,100898047.0,0.988230040547501,/home/lhaaso/liushijie/energy/pass5_crab_v6_125d_covariance/run_gti_hour.sh.out.79724879.3674
20220617_11,1,3572.36830748152,101936761.0,100774889.0,0.9886020314104349,/home/lhaaso/liushijie/energy/pass5_crab_v6_125d_covariance/run_gti_hour.sh.out.79724879.3675
20220617_13,1,3559.26552512683,101875658.0,100696541.0,0.9884259201545477,/home/lhaaso/liushijie/energy/pass5_crab_v6_125d_covariance/run_gti_hour.sh.out.79724879.3676
20220617_14,1,3553.99075679015,101806070.0,100640159.0,0.9885477260835233,/home/lhaaso/liushijie/energy/pass5_crab_v6_125d_covariance/run_gti_hour.sh.out.79724879.3677
20220617_17,2,3468.99246820249,101895337.0,98488104.0,0.9665614433367054,/home/lhaaso/liushijie/energy/pass5_crab_v6_125d_covariance/run_gti_hour.sh.out.79724879.3678
20220617_18,1,3593.01040596329,103257262.0,102128113.0,0.9890647013282223,/home/lhaaso/liushijie/energy/pass5_crab_v6_125d_covariance/run_gti_hour.sh.out.79724879.3679
20220617_19,1,3559.37715887558,102135855.0,100960141.0,0.9884887241605801,/home/lhaaso/liushijie/energy/pass5_crab_v6_125d_covariance/run_gti_hour.sh.out.79724879.3680
20220617_20,1,3531.4130069688,101082216.0,99886842.0,0.9881742402639847,/home/lhaaso/liushijie/energy/pass5_crab_v6_125d_covariance/run_gti_hour.sh.out.79724879.3681
20220617_21,1,3590.41005796753,102507886.0,101302037.0,0.9882365245538279,/home/lhaaso/liushijie/energy/pass5_crab_v6_125d_covariance/run_gti_hour.sh.out.79724879.3682
20220617_22,1,3555.17937939148,101362079.0,100104966.0,0.9875977977918152,/home/lhaaso/liushijie/energy/pass5_crab_v6_125d_covariance/run_gti_hour.sh.out.79724879.3683
20220617_23,2,3463.2974088192,101368958.0,97647503.0,0.9632880215657341,/home/lhaaso/liushijie/energy/pass5_crab_v6_125d_covariance/run_gti_hour.sh.out.79724879.3684
20220618_00,1,3544.31434264407,101258089.0,100024774.0,0.9878200841811265,/home/lhaaso/liushijie/energy/pass5_crab_v6_125d_covariance/run_gti_hour.sh.out.79724879.3685
20220618_01,1,3538.74173155054,101287668.0,100048909.0,0.98776989317199,/home/lhaaso/liushijie/energy/pass5_crab_v6_125d_covariance/run_gti_hour.sh.out.79724879.3686
20220618_02,1,3577.08550805692,102495169.0,101266142.0,0.9880089275232085,/home/lhaaso/liushijie/energy/pass5_crab_v6_125d_covariance/run_gti_hour.sh.out.79724879.3687
20220618_03,2,266.041678958572,101909015.0,7524943.0,0.07383981682091618,/home/lhaaso/liushijie/energy/pass5_crab_v6_125d_covariance/run_gti_hour.sh.out.79724879.3688
20220618_05,3,668.871069629677,102591135.0,18979708.0,0.18500339234964114,/home/lhaaso/liushijie/energy/pass5_crab_v6_125d_covariance/run_gti_hour.sh.out.79724879.3689
20220618_06,1,3534.67477073427,101393137.0,100184636.0,0.9880810374769251,/home/lhaaso/liushijie/energy/pass5_crab_v6_125d_covariance/run_gti_hour.sh.out.79724879.3690
20220618_07,1,3562.65001881402,102271682.0,101074913.0,0.9882981390684471,/home/lhaaso/liushijie/energy/pass5_crab_v6_125d_covariance/run_gti_hour.sh.out.79724879.3691
20220618_08,1,3556.97897986975,102045324.0,100845833.0,0.988245507457059,/home/lhaaso/liushijie/energy/pass5_crab_v6_125d_covariance/run_gti_hour.sh.out.79724879.3692
20220618_09,1,3563.22843676899,101997550.0,100810721.0,0.9883641420798833,/home/lhaaso/liushijie/energy/pass5_crab_v6_125d_covariance/run_gti_hour.sh.out.79724879.3693
20220618_10,1,3554.59234274458,101659046.0,100492820.0,0.988528064683983,/home/lhaaso/liushijie/energy/pass5_crab_v6_125d_covariance/run_gti_hour.sh.out.79724879.3694
20220618_11,1,3586.01147239096,102573447.0,101448535.0,0.9890331071744133,/home/lhaaso/liushijie/energy/pass5_crab_v6_125d_covariance/run_gti_hour.sh.out.79724879.3695
20220618_12,2,3466.20629718527,101489880.0,98058059.0,0.966185584217855,/home/lhaaso/liushijie/energy/pass5_crab_v6_125d_covariance/run_gti_hour.sh.out.79724879.3696
20220618_13,1,3587.10274840705,102187946.0,101604831.0,0.99429370074627,/home/lhaaso/liushijie/energy/pass5_crab_v6_125d_covariance/run_gti_hour.sh.out.79724879.3697
20220618_14,1,3578.76451474149,102109352.0,100955439.0,0.9886992427490873,/home/lhaaso/liushijie/energy/pass5_crab_v6_125d_covariance/run_gti_hour.sh.out.79724879.3698
20220618_15,1,3576.1291023111,102713193.0,101568978.0,0.9888600970665959,/home/lhaaso/liushijie/energy/pass5_crab_v6_125d_covariance/run_gti_hour.sh.out.79724879.3699
20220618_16,1,3529.59540719166,101467473.0,100344090.0,0.9889286392300318,/home/lhaaso/liushijie/energy/pass5_crab_v6_125d_covariance/run_gti_hour.sh.out.79724879.3700
20220618_17,1,3583.8134639198,102899341.0,101812695.0,0.9894397185692375,/home/lhaaso/liushijie/energy/pass5_crab_v6_125d_covariance/run_gti_hour.sh.out.79724879.3701
20220618_18,2,3488.76196718775,102059452.0,98724854.0,0.9673269066739649,/home/lhaaso/liushijie/energy/pass5_crab_v6_125d_covariance/run_gti_hour.sh.out.79724879.3702
20220618_19,1,3557.51751924399,101966076.0,100819558.0,0.9887558877915436,/home/lhaaso/liushijie/energy/pass5_crab_v6_125d_covariance/run_gti_hour.sh.out.79724879.3703
20220618_20,1,3574.19828209095,102248819.0,101078571.0,0.9885548995925322,/home/lhaaso/liushijie/energy/pass5_crab_v6_125d_covariance/run_gti_hour.sh.out.79724879.3704
20220618_21,2,3453.22831990197,101124590.0,97417713.0,0.9633434657188721,/home/lhaaso/liushijie/energy/pass5_crab_v6_125d_covariance/run_gti_hour.sh.out.79724879.3705
20220618_22,1,3554.13012248464,101215486.0,100006322.0,0.988053567217965,/home/lhaaso/liushijie/energy/pass5_crab_v6_125d_covariance/run_gti_hour.sh.out.79724879.3706
20220618_23,1,3564.55556005239,101349078.0,100162943.0,0.9882965388200177,/home/lhaaso/liushijie/energy/pass5_crab_v6_125d_covariance/run_gti_hour.sh.out.79724879.3707
20220619_00,1,3565.43288694229,101365902.0,100193874.0,0.9884376503649126,/home/lhaaso/liushijie/energy/pass5_crab_v6_125d_covariance/run_gti_hour.sh.out.79724879.3708
20220619_01,1,3565.37234047428,101465363.0,100284194.0,0.9883588944534698,/home/lhaaso/liushijie/energy/pass5_crab_v6_125d_covariance/run_gti_hour.sh.out.79724879.3709
20220619_02,2,3478.60361100174,101528201.0,98002348.0,0.9652721808790841,/home/lhaaso/liushijie/energy/pass5_crab_v6_125d_covariance/run_gti_hour.sh.out.79724879.3710
20220619_03,1,89.1204744111747,101432383.0,2513940.0,0.024784392574115112,/home/lhaaso/liushijie/energy/pass5_crab_v6_125d_covariance/run_gti_hour.sh.out.79724879.3711
20220619_05,3,938.440669002011,101443821.0,26518978.0,0.2614154094215359,/home/lhaaso/liushijie/energy/pass5_crab_v6_125d_covariance/run_gti_hour.sh.out.79724879.3712
20220619_06,1,3559.83561608009,101489164.0,100338043.0,0.9886576955151587,/home/lhaaso/liushijie/energy/pass5_crab_v6_125d_covariance/run_gti_hour.sh.out.79724879.3713
20220619_07,1,3592.5143728964,102388356.0,101237426.0,0.9887591710135477,/home/lhaaso/liushijie/energy/pass5_crab_v6_125d_covariance/run_gti_hour.sh.out.79724879.3714
20220619_08,1,3543.17880389281,101087526.0,99854312.0,0.9878005323822051,/home/lhaaso/liushijie/energy/pass5_crab_v6_125d_covariance/run_gti_hour.sh.out.79724879.3715
20220619_09,1,3578.59021537006,101884180.0,100773241.0,0.9890960598593422,/home/lhaaso/liushijie/energy/pass5_crab_v6_125d_covariance/run_gti_hour.sh.out.79724879.3716
20220619_10,2,3487.17302677687,101066733.0,98164665.0,0.971285625706334,/home/lhaaso/liushijie/energy/pass5_crab_v6_125d_covariance/run_gti_hour.sh.out.79724879.3717
20220619_11,1,3594.09550933633,101580384.0,100893162.0,0.9932346977542436,/home/lhaaso/liushijie/energy/pass5_crab_v6_125d_covariance/run_gti_hour.sh.out.79724879.3718
20220619_12,2,3515.67842247896,101921590.0,99271015.0,0.9739939790970686,/home/lhaaso/liushijie/energy/pass5_crab_v6_125d_covariance/run_gti_hour.sh.out.79724879.3719
20220619_13,1,3562.41074544378,101587586.0,100589261.0,0.9901727657944348,/home/lhaaso/liushijie/energy/pass5_crab_v6_125d_covariance/run_gti_hour.sh.out.79724879.3720
20220619_14,1,3582.57649806328,102382935.0,101355084.0,0.9899607195281128,/home/lhaaso/liushijie/energy/pass5_crab_v6_125d_covariance/run_gti_hour.sh.out.79724879.3721
20220619_15,1,3547.67613038421,101435084.0,100407930.0,0.9898737797663775,/home/lhaaso/liushijie/energy/pass5_crab_v6_125d_covariance/run_gti_hour.sh.out.79724879.3722
20220619_16,1,3587.31219519395,102671989.0,101644795.0,0.9899953822848411,/home/lhaaso/liushijie/energy/pass5_crab_v6_125d_covariance/run_gti_hour.sh.out.79724879.3723
20220619_17,1,3566.4458673913,101884065.0,101178379.0,0.9930736371777078,/home/lhaaso/liushijie/energy/pass5_crab_v6_125d_covariance/run_gti_hour.sh.out.79724879.3724
20220619_18,1,3580.3855027305,102184571.0,101207744.0,0.9904405626951255,/home/lhaaso/liushijie/energy/pass5_crab_v6_125d_covariance/run_gti_hour.sh.out.79724879.3725
20220619_19,1,3551.64493995253,101845034.0,100632596.0,0.988095266382846,/home/lhaaso/liushijie/energy/pass5_crab_v6_125d_covariance/run_gti_hour.sh.out.79724879.3726
20220619_20,1,3585.41532168165,102198229.0,101148627.0,0.9897297437512347,/home/lhaaso/liushijie/energy/pass5_crab_v6_125d_covariance/run_gti_hour.sh.out.79724879.3727
20220619_21,1,3556.71941642649,101167983.0,100090835.0,0.9893528765914015,/home/lhaaso/liushijie/energy/pass5_crab_v6_125d_covariance/run_gti_hour.sh.out.79724879.3728
20220619_22,1,3569.51496158727,101334280.0,100256068.0,0.9893598494014069,/home/lhaaso/liushijie/energy/pass5_crab_v6_125d_covariance/run_gti_hour.sh.out.79724879.3729
20220619_23,1,3581.43504566979,101486850.0,100401920.0,0.9893096494767548,/home/lhaaso/liushijie/energy/pass5_crab_v6_125d_covariance/run_gti_hour.sh.out.79724879.3730
20220620_00,2,3485.83213747479,100783699.0,97850153.0,0.9708926539796877,/home/lhaaso/liushijie/energy/pass5_crab_v6_125d_covariance/run_gti_hour.sh.out.79724879.3731
20220620_01,1,3599.32136235293,102012506.0,100892083.0,0.989016807409868,/home/lhaaso/liushijie/energy/pass5_crab_v6_125d_covariance/run_gti_hour.sh.out.79724879.3732
20220620_02,1,3456.82602280285,101362419.0,97487462.0,0.9617712655417192,/home/lhaaso/liushijie/energy/pass5_crab_v6_125d_covariance/run_gti_hour.sh.out.79724879.3733
20220620_05,1,1248.07487956714,101378111.0,35311742.0,0.34831722204806126,/home/lhaaso/liushijie/energy/pass5_crab_v6_125d_covariance/run_gti_hour.sh.out.79724879.3734
20220620_06,2,3501.50305114221,101894113.0,98900789.0,0.9706231899776192,/home/lhaaso/liushijie/energy/pass5_crab_v6_125d_covariance/run_gti_hour.sh.out.79724879.3735
20220620_07,2,3501.68874843512,101796104.0,98405027.0,0.966687556136726,/home/lhaaso/liushijie/energy/pass5_crab_v6_125d_covariance/run_gti_hour.sh.out.79724879.3736
20220620_08,1,3544.41787507385,100912573.0,99803626.0,0.9890108143412417,/home/lhaaso/liushijie/energy/pass5_crab_v6_125d_covariance/run_gti_hour.sh.out.79724879.3737
20220620_09,1,3573.07590774726,101750485.0,100659020.0,0.9892731223836427,/home/lhaaso/liushijie/energy/pass5_crab_v6_125d_covariance/run_gti_hour.sh.out.79724879.3738
20220620_10,1,3588.20523878094,101855759.0,101132417.0,0.9928983691535792,/home/lhaaso/liushijie/energy/pass5_crab_v6_125d_covariance/run_gti_hour.sh.out.79724879.3739
20220620_11,1,3587.07983626518,101359063.0,100662352.0,0.9931263078073246,/home/lhaaso/liushijie/energy/pass5_crab_v6_125d_covariance/run_gti_hour.sh.out.79724879.3740
20220620_12,2,3523.42175580561,102037618.0,98956358.0,0.9698027055080803,/home/lhaaso/liushijie/energy/pass5_crab_v6_125d_covariance/run_gti_hour.sh.out.79724879.3741
20220620_13,1,3542.54910189193,101142598.0,100101945.0,0.989711031547756,/home/lhaaso/liushijie/energy/pass5_crab_v6_125d_covariance/run_gti_hour.sh.out.79724879.3742
20220620_14,1,3562.01830641367,102066506.0,100988960.0,0.9894427070913939,/home/lhaaso/liushijie/energy/pass5_crab_v6_125d_covariance/run_gti_hour.sh.out.79724879.3743
20220620_15,1,3597.77862215415,102882827.0,102198237.0,0.993345925457511,/home/lhaaso/liushijie/energy/pass5_crab_v6_125d_covariance/run_gti_hour.sh.out.79724879.3744
20220620_16,1,3595.54992837366,102499131.0,101809987.0,0.9932765869010148,/home/lhaaso/liushijie/energy/pass5_crab_v6_125d_covariance/run_gti_hour.sh.out.79724879.3745
20220620_17,1,3583.14790099394,102739479.0,101721066.0,0.9900874229661998,/home/lhaaso/liushijie/energy/pass5_crab_v6_125d_covariance/run_gti_hour.sh.out.79724879.3746
20220620_18,1,3551.20580722578,102277260.0,101114609.0,0.9886323607026626,/home/lhaaso/liushijie/energy/pass5_crab_v6_125d_covariance/run_gti_hour.sh.out.79724879.3747
20220620_19,1,3566.35513601359,102508332.0,101429466.0,0.9894753335758112,/home/lhaaso/liushijie/energy/pass5_crab_v6_125d_covariance/run_gti_hour.sh.out.79724879.3748
20220620_20,1,3576.42299467698,102108112.0,101374213.0,0.9928125299192683,/home/lhaaso/liushijie/energy/pass5_crab_v6_125d_covariance/run_gti_hour.sh.out.79724879.3749
20220620_21,2,3516.91953360569,102328290.0,99056850.0,0.9680299553525228,/home/lhaaso/liushijie/energy/pass5_crab_v6_125d_covariance/run_gti_hour.sh.out.79724879.3750
20220620_22,1,3568.51588231511,101699782.0,100582019.0,0.9890091898132093,/home/lhaaso/liushijie/energy/pass5_crab_v6_125d_covariance/run_gti_hour.sh.out.79724879.3751
20220620_23,1,3530.99094692152,101167736.0,99431116.0,0.9828342506350048,/home/lhaaso/liushijie/energy/pass5_crab_v6_125d_covariance/run_gti_hour.sh.out.79724879.3752
20220621_00,1,3567.58834447246,101180798.0,100057787.0,0.9889009473912234,/home/lhaaso/liushijie/energy/pass5_crab_v6_125d_covariance/run_gti_hour.sh.out.79724879.3753
20220621_01,1,3560.73199147359,101637336.0,100512550.0,0.9889333384338213,/home/lhaaso/liushijie/energy/pass5_crab_v6_125d_covariance/run_gti_hour.sh.out.79724879.3754
20220621_02,2,3247.59986812714,102217139.0,91810712.0,0.898192934161462,/home/lhaaso/liushijie/energy/pass5_crab_v6_125d_covariance/run_gti_hour.sh.out.79724879.3755
20220621_05,1,1448.92490599304,101868547.0,40995132.0,0.40243169464270456,/home/lhaaso/liushijie/energy/pass5_crab_v6_125d_covariance/run_gti_hour.sh.out.79724879.3756
20220621_06,1,3565.21518356167,101924447.0,100755317.0,0.9885294447562712,/home/lhaaso/liushijie/energy/pass5_crab_v6_125d_covariance/run_gti_hour.sh.out.79724879.3757
20220621_07,2,3479.15393176954,101223423.0,98208977.0,0.9702198768757306,/home/lhaaso/liushijie/energy/pass5_crab_v6_125d_covariance/run_gti_hour.sh.out.79724879.3758
20220621_08,1,3565.96723389812,101160735.0,100025049.0,0.9887734504894612,/home/lhaaso/liushijie/energy/pass5_crab_v6_125d_covariance/run_gti_hour.sh.out.79724879.3759
20220621_09,13,2513.64528194536,71191605.0,70543254.0,0.9908928728324077,/home/lhaaso/liushijie/energy/pass5_crab_v6_125d_covariance/run_gti_hour.sh.out.79724879.3760
20220621_10,44,67.7547339582816,0.0,0.0,0.0,/home/lhaaso/liushijie/energy/pass5_crab_v6_125d_covariance/run_gti_hour.sh.out.79724879.3761
20220621_11,45,156.899306131527,0.0,0.0,0.0,/home/lhaaso/liushijie/energy/pass5_crab_v6_125d_covariance/run_gti_hour.sh.out.79724879.3762
20220621_12,45,330.03076496534,0.0,0.0,0.0,/home/lhaaso/liushijie/energy/pass5_crab_v6_125d_covariance/run_gti_hour.sh.out.79724879.3763
20220621_13,46,347.375984326936,0.0,0.0,0.0,/home/lhaaso/liushijie/energy/pass5_crab_v6_125d_covariance/run_gti_hour.sh.out.79724879.3764
20220621_14,45,256.196763413027,0.0,0.0,0.0,/home/lhaaso/liushijie/energy/pass5_crab_v6_125d_covariance/run_gti_hour.sh.out.79724879.3765
20220621_15,46,249.729367392138,0.0,0.0,0.0,/home/lhaaso/liushijie/energy/pass5_crab_v6_125d_covariance/run_gti_hour.sh.out.79724879.3766
20220621_16,46,259.274512133561,0.0,0.0,0.0,/home/lhaaso/liushijie/energy/pass5_crab_v6_125d_covariance/run_gti_hour.sh.out.79724879.3767
20220621_17,46,355.367516493425,0.0,0.0,0.0,/home/lhaaso/liushijie/energy/pass5_crab_v6_125d_covariance/run_gti_hour.sh.out.79724879.3768
20220621_18,45,420.198558177799,0.0,0.0,0.0,/home/lhaaso/liushijie/energy/pass5_crab_v6_125d_covariance/run_gti_hour.sh.out.79724879.3769
20220621_19,44,391.131665697321,0.0,0.0,0.0,/home/lhaaso/liushijie/energy/pass5_crab_v6_125d_covariance/run_gti_hour.sh.out.79724879.3770
20220621_20,4,2338.31111302134,68839368.0,66047304.0,0.9594408827228048,/home/lhaaso/liushijie/energy/pass5_crab_v6_125d_covariance/run_gti_hour.sh.out.79724879.3771
20220621_21,1,3545.51132556517,100994878.0,99782402.0,0.9879946783043789,/home/lhaaso/liushijie/energy/pass5_crab_v6_125d_covariance/run_gti_hour.sh.out.79724879.3772
20220621_22,1,3561.65011287667,101101974.0,99867548.0,0.9877902878533311,/home/lhaaso/liushijie/energy/pass5_crab_v6_125d_covariance/run_gti_hour.sh.out.79724879.3773
20220621_23,2,3439.90517752245,100055723.0,96335814.0,0.9628216269048399,/home/lhaaso/liushijie/energy/pass5_crab_v6_125d_covariance/run_gti_hour.sh.out.79724879.3774
20220622_00,1,3574.26114133559,101483846.0,100241064.0,0.9877538933634817,/home/lhaaso/liushijie/energy/pass5_crab_v6_125d_covariance/run_gti_hour.sh.out.79724879.3775
20220622_01,1,3563.99495846126,101396238.0,100162674.0,0.987834223198695,/home/lhaaso/liushijie/energy/pass5_crab_v6_125d_covariance/run_gti_hour.sh.out.79724879.3776
20220622_02,1,2977.57252757438,101276802.0,83795874.0,0.827394549839755,/home/lhaaso/liushijie/energy/pass5_crab_v6_125d_covariance/run_gti_hour.sh.out.79724879.3777
20220622_05,1,1695.18480165862,100243851.0,47602930.0,0.4748713215337268,/home/lhaaso/liushijie/energy/pass5_crab_v6_125d_covariance/run_gti_hour.sh.out.79724879.3778
20220622_06,1,3580.1146595506,101586604.0,100364152.0,0.9879664054918107,/home/lhaaso/liushijie/energy/pass5_crab_v6_125d_covariance/run_gti_hour.sh.out.79724879.3779
20220622_07,1,3546.37222099118,100360652.0,99144817.0,0.9878853417572456,/home/lhaaso/liushijie/energy/pass5_crab_v6_125d_covariance/run_gti_hour.sh.out.79724879.3780
20220622_08,1,3578.66177188698,97280720.0,96017435.0,0.9870140249784336,/home/lhaaso/liushijie/energy/pass5_crab_v6_125d_covariance/run_gti_hour.sh.out.79724879.3781
20220622_09,2,3294.84516922385,87666566.0,86917288.0,0.9914530928472777,/home/lhaaso/liushijie/energy/pass5_crab_v6_125d_covariance/run_gti_hour.sh.out.79724879.3782
20220622_10,8,67.5630683312193,0.0,0.0,0.0,/home/lhaaso/liushijie/energy/pass5_crab_v6_125d_covariance/run_gti_hour.sh.out.79724879.3783
20220622_11,8,125.493575376458,0.0,0.0,0.0,/home/lhaaso/liushijie/energy/pass5_crab_v6_125d_covariance/run_gti_hour.sh.out.79724879.3784
20220622_12,8,185.461257048883,0.0,0.0,0.0,/home/lhaaso/liushijie/energy/pass5_crab_v6_125d_covariance/run_gti_hour.sh.out.79724879.3785
20220622_13,8,150.249144807458,200150.0,0.0,0.0,/home/lhaaso/liushijie/energy/pass5_crab_v6_125d_covariance/run_gti_hour.sh.out.79724879.3786
20220622_14,5,356.23181539122,13474301.0,10073623.0,0.7476174830887331,/home/lhaaso/liushijie/energy/pass5_crab_v6_125d_covariance/run_gti_hour.sh.out.79724879.3787
20220622_17,7,1392.3126200214,42400377.0,0.0,0.0,/home/lhaaso/liushijie/energy/pass5_crab_v6_125d_covariance/run_gti_hour.sh.out.79724879.3788
20220622_18,1,3591.81361037772,103339203.0,102191792.0,0.9888966532865557,/home/lhaaso/liushijie/energy/pass5_crab_v6_125d_covariance/run_gti_hour.sh.out.79724879.3789
20220622_19,1,3530.92927644029,101139009.0,99947348.0,0.9882175926797938,/home/lhaaso/liushijie/energy/pass5_crab_v6_125d_covariance/run_gti_hour.sh.out.79724879.3790
20220622_20,1,3558.60216810834,101479110.0,100248078.0,0.9878691092186362,/home/lhaaso/liushijie/energy/pass5_crab_v6_125d_covariance/run_gti_hour.sh.out.79724879.3791
20220622_21,1,3579.0511632571,101643766.0,100442690.0,0.9881834760038308,/home/lhaaso/liushijie/energy/pass5_crab_v6_125d_covariance/run_gti_hour.sh.out.79724879.3792
20220622_22,2,1976.61547819152,56919164.0,55316982.0,0.9718516245249139,/home/lhaaso/liushijie/energy/pass5_crab_v6_125d_covariance/run_gti_hour.sh.out.79724879.3793
20220622_23,2,2698.95176840946,77751643.0,75434498.0,0.9701981217297234,/home/lhaaso/liushijie/energy/pass5_crab_v6_125d_covariance/run_gti_hour.sh.out.79724879.3794
20220623_00,1,3553.05067563895,100559743.0,99312919.0,0.9876011616298582,/home/lhaaso/liushijie/energy/pass5_crab_v6_125d_covariance/run_gti_hour.sh.out.79724879.3795
20220623_01,2,3451.21656381525,100468883.0,96697406.0,0.9624612428506845,/home/lhaaso/liushijie/energy/pass5_crab_v6_125d_covariance/run_gti_hour.sh.out.79724879.3796
20220623_02,1,2772.17638129368,101652127.0,77837631.0,0.765725551419106,/home/lhaaso/liushijie/energy/pass5_crab_v6_125d_covariance/run_gti_hour.sh.out.79724879.3797
20220623_05,1,1919.458206743,100406683.0,53933445.0,0.5371499524588418,/home/lhaaso/liushijie/energy/pass5_crab_v6_125d_covariance/run_gti_hour.sh.out.79724879.3798
20220623_06,1,3583.55437950231,101741804.0,100511582.0,0.9879083921098942,/home/lhaaso/liushijie/energy/pass5_crab_v6_125d_covariance/run_gti_hour.sh.out.79724879.3799
20220623_07,1,3544.14872042835,100482881.0,99249230.0,0.9877227743897988,/home/lhaaso/liushijie/energy/pass5_crab_v6_125d_covariance/run_gti_hour.sh.out.79724879.3800
20220623_08,1,3583.14669274259,100941908.0,100300882.0,0.9936495553462295,/home/lhaaso/liushijie/energy/pass5_crab_v6_125d_covariance/run_gti_hour.sh.out.79724879.3801
20220623_09,4,2529.52835939359,70397328.0,69698467.0,0.9900726203699095,/home/lhaaso/liushijie/energy/pass5_crab_v6_125d_covariance/run_gti_hour.sh.out.79724879.3802
20220623_10,8,72.0297491177917,0.0,0.0,0.0,/home/lhaaso/liushijie/energy/pass5_crab_v6_125d_covariance/run_gti_hour.sh.out.79724879.3803
20220623_11,8,142.131434613839,0.0,0.0,0.0,/home/lhaaso/liushijie/energy/pass5_crab_v6_125d_covariance/run_gti_hour.sh.out.79724879.3804
20220623_12,8,199.302797717974,0.0,0.0,0.0,/home/lhaaso/liushijie/energy/pass5_crab_v6_125d_covariance/run_gti_hour.sh.out.79724879.3805
20220623_13,8,171.215497842059,0.0,0.0,0.0,/home/lhaaso/liushijie/energy/pass5_crab_v6_125d_covariance/run_gti_hour.sh.out.79724879.3806
20220623_14,8,133.327373536304,0.0,0.0,0.0,/home/lhaaso/liushijie/energy/pass5_crab_v6_125d_covariance/run_gti_hour.sh.out.79724879.3807
20220623_15,8,98.5612154239789,0.0,0.0,0.0,/home/lhaaso/liushijie/energy/pass5_crab_v6_125d_covariance/run_gti_hour.sh.out.79724879.3808
20220623_16,9,135.256412182935,0.0,0.0,0.0,/home/lhaaso/liushijie/energy/pass5_crab_v6_125d_covariance/run_gti_hour.sh.out.79724879.3809
20220623_17,5,1210.66073868424,33435024.0,0.0,0.0,/home/lhaaso/liushijie/energy/pass5_crab_v6_125d_covariance/run_gti_hour.sh.out.79724879.3810
20220623_18,1,3598.14504103269,102467010.0,101883565.0,0.9943060210305736,/home/lhaaso/liushijie/energy/pass5_crab_v6_125d_covariance/run_gti_hour.sh.out.79724879.3811
20220623_19,1,3577.60563259944,101538877.0,100358790.0,0.9883779786140435,/home/lhaaso/liushijie/energy/pass5_crab_v6_125d_covariance/run_gti_hour.sh.out.79724879.3812
20220623_20,1,3565.76792208944,101363943.0,100162457.0,0.9881468107451187,/home/lhaaso/liushijie/energy/pass5_crab_v6_125d_covariance/run_gti_hour.sh.out.79724879.3813
20220623_21,1,3543.03082767874,100320268.0,99100902.0,0.987845267717985,/home/lhaaso/liushijie/energy/pass5_crab_v6_125d_covariance/run_gti_hour.sh.out.79724879.3814
20220623_22,1,3562.00959091075,100466909.0,99233935.0,0.9877275611216425,/home/lhaaso/liushijie/energy/pass5_crab_v6_125d_covariance/run_gti_hour.sh.out.79724879.3815
20220623_23,1,3570.28966632206,100509533.0,99285175.0,0.9878184888193641,/home/lhaaso/liushijie/energy/pass5_crab_v6_125d_covariance/run_gti_hour.sh.out.79724879.3816
20220624_00,1,3566.29543318413,100486187.0,99276979.0,0.9879664256740083,/home/lhaaso/liushijie/energy/pass5_crab_v6_125d_covariance/run_gti_hour.sh.out.79724879.3817
20220624_01,1,3555.07595257368,100392314.0,99175290.0,0.9878773189748371,/home/lhaaso/liushijie/energy/pass5_crab_v6_125d_covariance/run_gti_hour.sh.out.79724879.3818
20220624_02,1,2522.69061610568,100501551.0,70418352.0,0.7006693060886194,/home/lhaaso/liushijie/energy/pass5_crab_v6_125d_covariance/run_gti_hour.sh.out.79724879.3819
20220624_05,1,2207.1682874579,100641393.0,61662920.0,0.6126993890078608,/home/lhaaso/liushijie/energy/pass5_crab_v6_125d_covariance/run_gti_hour.sh.out.79724879.3820
20220624_06,1,3554.79731736705,100508092.0,99321578.0,0.9881948410681202,/home/lhaaso/liushijie/energy/pass5_crab_v6_125d_covariance/run_gti_hour.sh.out.79724879.3821
20220624_07,3,3375.44492126908,100236149.0,94270925.0,0.9404882962931866,/home/lhaaso/liushijie/energy/pass5_crab_v6_125d_covariance/run_gti_hour.sh.out.79724879.3822
20220624_08,1,3598.72719186824,101496219.0,100315953.0,0.9883713303645331,/home/lhaaso/liushijie/energy/pass5_crab_v6_125d_covariance/run_gti_hour.sh.out.79724879.3823
20220624_09,1,3550.60239003506,100072053.0,98786161.0,0.9871503385665527,/home/lhaaso/liushijie/energy/pass5_crab_v6_125d_covariance/run_gti_hour.sh.out.79724879.3824
20220624_10,1,3546.24803576153,99901402.0,98621789.0,0.9871912408196233,/home/lhaaso/liushijie/energy/pass5_crab_v6_125d_covariance/run_gti_hour.sh.out.79724879.3825
20220624_11,1,3586.37065936346,100963286.0,99880724.0,0.989277666735213,/home/lhaaso/liushijie/energy/pass5_crab_v6_125d_covariance/run_gti_hour.sh.out.79724879.3826
20220624_12,1,3565.99675621837,100536313.0,99484467.0,0.9895376509381242,/home/lhaaso/liushijie/energy/pass5_crab_v6_125d_covariance/run_gti_hour.sh.out.79724879.3827
20220624_13,1,3557.37454262562,100502413.0,99367028.0,0.9887029080585359,/home/lhaaso/liushijie/energy/pass5_crab_v6_125d_covariance/run_gti_hour.sh.out.79724879.3828
20220624_14,1,3559.71398879774,100767659.0,99613321.0,0.9885445587259302,/home/lhaaso/liushijie/energy/pass5_crab_v6_125d_covariance/run_gti_hour.sh.out.79724879.3829
20220624_15,1,3568.15052710008,100969436.0,100282548.0,0.993197070051971,/home/lhaaso/liushijie/energy/pass5_crab_v6_125d_covariance/run_gti_hour.sh.out.79724879.3830
20220624_16,1,3566.08089313377,101028933.0,99885279.0,0.9886799358753992,/home/lhaaso/liushijie/energy/pass5_crab_v6_125d_covariance/run_gti_hour.sh.out.79724879.3831
20220624_17,1,3587.9551703576,102144814.0,101064447.0,0.9894231830506833,/home/lhaaso/liushijie/energy/pass5_crab_v6_125d_covariance/run_gti_hour.sh.out.79724879.3832
20220624_18,1,3549.31028655265,101030777.0,99924599.0,0.9890510789598302,/home/lhaaso/liushijie/energy/pass5_crab_v6_125d_covariance/run_gti_hour.sh.out.79724879.3833
20220624_19,1,3569.7362953797,101363794.0,100207487.0,0.9885925047359613,/home/lhaaso/liushijie/energy/pass5_crab_v6_125d_covariance/run_gti_hour.sh.out.79724879.3834
20220624_20,1,3546.69169534463,100452271.0,99275497.0,0.9882852424511139,/home/lhaaso/liushijie/energy/pass5_crab_v6_125d_covariance/run_gti_hour.sh.out.79724879.3835
20220624_21,1,3554.92715283763,100568570.0,99314703.0,0.9875322180677323,/home/lhaaso/liushijie/energy/pass5_crab_v6_125d_covariance/run_gti_hour.sh.out.79724879.3836
20220624_22,1,3574.85248041339,100731903.0,99527258.0,0.9880410777110008,/home/lhaaso/liushijie/energy/pass5_crab_v6_125d_covariance/run_gti_hour.sh.out.79724879.3837
20220624_23,1,3536.52665542904,99600773.0,98336199.0,0.9873035724331176,/home/lhaaso/liushijie/energy/pass5_crab_v6_125d_covariance/run_gti_hour.sh.out.79724879.3838
20220625_00,1,3575.99809882231,100770191.0,99562761.0,0.9880179844057257,/home/lhaaso/liushijie/energy/pass5_crab_v6_125d_covariance/run_gti_hour.sh.out.79724879.3839
20220625_01,1,3564.07211995684,100704319.0,99488944.0,0.9879312524818324,/home/lhaaso/liushijie/energy/pass5_crab_v6_125d_covariance/run_gti_hour.sh.out.79724879.3840
20220625_02,1,2249.43252713419,100503227.0,62881753.0,0.6256689946881009,/home/lhaaso/liushijie/energy/pass5_crab_v6_125d_covariance/run_gti_hour.sh.out.79724879.3841
20220625_05,1,2373.19518502336,100462148.0,66662809.0,0.6635614540115149,/home/lhaaso/liushijie/energy/pass5_crab_v6_125d_covariance/run_gti_hour.sh.out.79724879.3842
20220625_06,1,3572.41519039962,101566104.0,100367048.0,0.9881943290844355,/home/lhaaso/liushijie/energy/pass5_crab_v6_125d_covariance/run_gti_hour.sh.out.79724879.3843
20220625_07,1,3569.45349415764,101474459.0,100280011.0,0.9882290774272569,/home/lhaaso/liushijie/energy/pass5_crab_v6_125d_covariance/run_gti_hour.sh.out.79724879.3844
20220625_08,1,3570.89838925749,100821169.0,100145760.0,0.993300920761988,/home/lhaaso/liushijie/energy/pass5_crab_v6_125d_covariance/run_gti_hour.sh.out.79724879.3845
20220625_09,4,2289.95536733419,63581249.0,63202257.0,0.9940392488986808,/home/lhaaso/liushijie/energy/pass5_crab_v6_125d_covariance/run_gti_hour.sh.out.79724879.3846
20220625_10,8,79.5912795932963,0.0,0.0,0.0,/home/lhaaso/liushijie/energy/pass5_crab_v6_125d_covariance/run_gti_hour.sh.out.79724879.3847
20220625_11,8,143.104535224847,0.0,0.0,0.0,/home/lhaaso/liushijie/energy/pass5_crab_v6_125d_covariance/run_gti_hour.sh.out.79724879.3848
20220625_12,8,178.054040134884,0.0,0.0,0.0,/home/lhaaso/liushijie/energy/pass5_crab_v6_125d_covariance/run_gti_hour.sh.out.79724879.3849
20220625_13,9,196.207900880836,0.0,0.0,0.0,/home/lhaaso/liushijie/energy/pass5_crab_v6_125d_covariance/run_gti_hour.sh.out.79724879.3850
20220625_14,8,126.870169700123,0.0,0.0,0.0,/home/lhaaso/liushijie/energy/pass5_crab_v6_125d_covariance/run_gti_hour.sh.out.79724879.3851
20220625_15,8,115.763407875784,0.0,0.0,0.0,/home/lhaaso/liushijie/energy/pass5_crab_v6_125d_covariance/run_gti_hour.sh.out.79724879.3852
20220625_16,9,162.695341254584,0.0,0.0,0.0,/home/lhaaso/liushijie/energy/pass5_crab_v6_125d_covariance/run_gti_hour.sh.out.79724879.3853
20220625_17,8,1147.41315124556,31031037.0,0.0,0.0,/home/lhaaso/liushijie/energy/pass5_crab_v6_125d_covariance/run_gti_hour.sh.out.79724879.3854
20220625_18,2,3480.32751975115,103584257.0,100065783.0,0.9660327341055311,/home/lhaaso/liushijie/energy/pass5_crab_v6_125d_covariance/run_gti_hour.sh.out.79724879.3855
20220625_19,2,3501.84471595567,103419722.0,100365284.0,0.9704656138990588,/home/lhaaso/liushijie/energy/pass5_crab_v6_125d_covariance/run_gti_hour.sh.out.79724879.3856
20220625_20,2,3485.21504353266,102529778.0,98979220.0,0.9653704702257329,/home/lhaaso/liushijie/energy/pass5_crab_v6_125d_covariance/run_gti_hour.sh.out.79724879.3857
20220625_21,1,3557.31087117456,102270112.0,101090216.0,0.988462944090645,/home/lhaaso/liushijie/energy/pass5_crab_v6_125d_covariance/run_gti_hour.sh.out.79724879.3858
20220625_22,1,3565.56362828705,102324924.0,101020593.0,0.9872530469702572,/home/lhaaso/liushijie/energy/pass5_crab_v6_125d_covariance/run_gti_hour.sh.out.79724879.3859
20220625_23,1,3574.45177976042,102411350.0,101230966.0,0.9884740900300601,/home/lhaaso/liushijie/energy/pass5_crab_v6_125d_covariance/run_gti_hour.sh.out.79724879.3860
20220626_00,1,3570.40150626563,101858574.0,101175331.0,0.9932922387073669,/home/lhaaso/liushijie/energy/pass5_crab_v6_125d_covariance/run_gti_hour.sh.out.79724879.3861
20220626_01,2,3479.47908716742,101777189.0,98228308.0,0.965130880162155,/home/lhaaso/liushijie/energy/pass5_crab_v6_125d_covariance/run_gti_hour.sh.out.79724879.3862
20220626_02,1,2064.9417844601,102394437.0,58642200.0,0.5727088474542812,/home/lhaaso/liushijie/energy/pass5_crab_v6_125d_covariance/run_gti_hour.sh.out.79724879.3863
20220626_05,1,2635.41357954964,102287052.0,74948854.0,0.7327306099309617,/home/lhaaso/liushijie/energy/pass5_crab_v6_125d_covariance/run_gti_hour.sh.out.79724879.3864
20220626_06,2,3478.39414849877,102379960.0,98728357.0,0.9643328342773332,/home/lhaaso/liushijie/energy/pass5_crab_v6_125d_covariance/run_gti_hour.sh.out.79724879.3865
20220626_07,1,3566.37168566231,102274241.0,101079637.0,0.9883196004358517,/home/lhaaso/liushijie/energy/pass5_crab_v6_125d_covariance/run_gti_hour.sh.out.79724879.3866
20220626_08,1,3567.67176222056,102172195.0,101005047.0,0.9885766572794096,/home/lhaaso/liushijie/energy/pass5_crab_v6_125d_covariance/run_gti_hour.sh.out.79724879.3867
20220626_09,2,3481.81250591297,102103764.0,98437696.0,0.9640946831303888,/home/lhaaso/liushijie/energy/pass5_crab_v6_125d_covariance/run_gti_hour.sh.out.79724879.3868
20220626_10,1,3564.10521988291,101889863.0,100725531.0,0.9885726414216496,/home/lhaaso/liushijie/energy/pass5_crab_v6_125d_covariance/run_gti_hour.sh.out.79724879.3869
20220626_11,1,3526.60385670606,100769964.0,99615682.0,0.9885453764774591,/home/lhaaso/liushijie/energy/pass5_crab_v6_125d_covariance/run_gti_hour.sh.out.79724879.3870
20220626_12,1,3570.33173446544,101878535.0,100800414.0,0.9894175843812438,/home/lhaaso/liushijie/energy/pass5_crab_v6_125d_covariance/run_gti_hour.sh.out.79724879.3871
20220626_13,1,3559.37102520838,101765174.0,100619502.0,0.9887420032318719,/home/lhaaso/liushijie/energy/pass5_crab_v6_125d_covariance/run_gti_hour.sh.out.79724879.3872
20220626_14,2,3510.01790135633,102417267.0,99432900.0,0.9708607045724038,/home/lhaaso/liushijie/energy/pass5_crab_v6_125d_covariance/run_gti_hour.sh.out.79724879.3873
20220626_15,1,3577.9237654293,102268449.0,101119640.0,0.9887667309787792,/home/lhaaso/liushijie/energy/pass5_crab_v6_125d_covariance/run_gti_hour.sh.out.79724879.3874
20220626_16,1,3556.8517733831,101872442.0,100721233.0,0.9886995052106438,/home/lhaaso/liushijie/energy/pass5_crab_v6_125d_covariance/run_gti_hour.sh.out.79724879.3875
20220626_17,1,3549.41721302457,101993953.0,100856911.0,0.9888518685024396,/home/lhaaso/liushijie/energy/pass5_crab_v6_125d_covariance/run_gti_hour.sh.out.79724879.3876
20220626_18,1,3574.69587922096,102462429.0,101302949.0,0.9886838521073905,/home/lhaaso/liushijie/energy/pass5_crab_v6_125d_covariance/run_gti_hour.sh.out.79724879.3877
20220626_19,1,3547.79964862391,101317990.0,100123529.0,0.9882107708611274,/home/lhaaso/liushijie/energy/pass5_crab_v6_125d_covariance/run_gti_hour.sh.out.79724879.3878
20220626_20,3,3386.54932819773,101193723.0,95133864.0,0.9401162560250896,/home/lhaaso/liushijie/energy/pass5_crab_v6_125d_covariance/run_gti_hour.sh.out.79724879.3879
20220626_21,2,3487.80417025555,101360445.0,97734932.0,0.9642314810279295,/home/lhaaso/liushijie/energy/pass5_crab_v6_125d_covariance/run_gti_hour.sh.out.79724879.3880
20220626_22,2,3464.80961458292,100409367.0,96824437.0,0.964296856885872,/home/lhaaso/liushijie/energy/pass5_crab_v6_125d_covariance/run_gti_hour.sh.out.79724879.3881
20220626_23,1,3569.43446514197,100774282.0,99580016.0,0.9881490993902591,/home/lhaaso/liushijie/energy/pass5_crab_v6_125d_covariance/run_gti_hour.sh.out.79724879.3882
20220627_00,1,3567.09084792528,100852399.0,99659076.0,0.9881676290119782,/home/lhaaso/liushijie/energy/pass5_crab_v6_125d_covariance/run_gti_hour.sh.out.79724879.3883
20220627_01,1,3557.27659820113,100785418.0,99595757.0,0.9881960999556503,/home/lhaaso/liushijie/energy/pass5_crab_v6_125d_covariance/run_gti_hour.sh.out.79724879.3884
20220627_02,1,1794.98382972088,100613020.0,50265273.0,0.49959014250839506,/home/lhaaso/liushijie/energy/pass5_crab_v6_125d_covariance/run_gti_hour.sh.out.79724879.3885
20220627_05,1,2873.97723603062,100655544.0,80660145.0,0.8013482595653152,/home/lhaaso/liushijie/energy/pass5_crab_v6_125d_covariance/run_gti_hour.sh.out.79724879.3886
20220627_06,1,3555.63199524768,100813077.0,99630808.0,0.9882726622856676,/home/lhaaso/liushijie/energy/pass5_crab_v6_125d_covariance/run_gti_hour.sh.out.79724879.3887
20220627_07,1,3551.87708011363,100649591.0,99457082.0,0.9881518743578401,/home/lhaaso/liushijie/energy/pass5_crab_v6_125d_covariance/run_gti_hour.sh.out.79724879.3888
20220627_08,1,3589.44721806329,101069787.0,100386902.0,0.9932434308979002,/home/lhaaso/liushijie/energy/pass5_crab_v6_125d_covariance/run_gti_hour.sh.out.79724879.3889
20220627_09,1,1833.58696347568,51268639.0,50758047.0,0.9900408512892258,/home/lhaaso/liushijie/energy/pass5_crab_v6_125d_covariance/run_gti_hour.sh.out.79724879.3890
20220627_10,20,105.431980686262,0.0,0.0,0.0,/home/lhaaso/liushijie/energy/pass5_crab_v6_125d_covariance/run_gti_hour.sh.out.79724879.3891
20220627_11,12,46.9621648080647,0.0,0.0,0.0,/home/lhaaso/liushijie/energy/pass5_crab_v6_125d_covariance/run_gti_hour.sh.out.79724879.3892
20220627_13,14,109.845299762674,0.0,0.0,0.0,/home/lhaaso/liushijie/energy/pass5_crab_v6_125d_covariance/run_gti_hour.sh.out.79724879.3893
20220627_14,24,121.531585953198,0.0,0.0,0.0,/home/lhaaso/liushijie/energy/pass5_crab_v6_125d_covariance/run_gti_hour.sh.out.79724879.3894
20220627_15,5,2214.35534111224,65414150.0,30663458.0,0.4687587930134382,/home/lhaaso/liushijie/energy/pass5_crab_v6_125d_covariance/run_gti_hour.sh.out.79724879.3895
20220627_16,6,2473.37222413626,76504633.0,69988113.0,0.9148218905905999,/home/lhaaso/liushijie/energy/pass5_crab_v6_125d_covariance/run_gti_hour.sh.out.79724879.3896
20220627_17,5,1999.59451267496,58438376.0,56516714.0,0.9671164373219406,/home/lhaaso/liushijie/energy/pass5_crab_v6_125d_covariance/run_gti_hour.sh.out.79724879.3897
20220627_18,2,3296.43657894339,96620127.0,93034888.0,0.9628934559359459,/home/lhaaso/liushijie/energy/pass5_crab_v6_125d_covariance/run_gti_hour.sh.out.79724879.3898
20220627_19,2,3443.30911261495,100585491.0,96910993.0,0.963468906266014,/home/lhaaso/liushijie/energy/pass5_crab_v6_125d_covariance/run_gti_hour.sh.out.79724879.3899
20220627_20,1,3595.22998316679,102021123.0,100783178.0,0.9878657971643774,/home/lhaaso/liushijie/energy/pass5_crab_v6_125d_covariance/run_gti_hour.sh.out.79724879.3900
20220627_21,5,2314.93953578174,67987970.0,64595079.0,0.9500957154626032,/home/lhaaso/liushijie/energy/pass5_crab_v6_125d_covariance/run_gti_hour.sh.out.79724879.3901
20220627_22,2,3492.63600697741,100490647.0,97341238.0,0.9686596803382109,/home/lhaaso/liushijie/energy/pass5_crab_v6_125d_covariance/run_gti_hour.sh.out.79724879.3902
20220627_23,1,3543.59188252129,100533840.0,98683883.0,0.9815986636937374,/home/lhaaso/liushijie/energy/pass5_crab_v6_125d_covariance/run_gti_hour.sh.out.79724879.3903
20220628_00,1,3538.15174154006,99921384.0,98695944.0,0.9877359585011353,/home/lhaaso/liushijie/energy/pass5_crab_v6_125d_covariance/run_gti_hour.sh.out.79724879.3904
20220628_01,1,3574.27264486905,101112773.0,99901542.0,0.9880209891978732,/home/lhaaso/liushijie/energy/pass5_crab_v6_125d_covariance/run_gti_hour.sh.out.79724879.3905
20220628_02,1,1579.99421681743,100981939.0,44231775.0,0.43801669326234666,/home/lhaaso/liushijie/energy/pass5_crab_v6_125d_covariance/run_gti_hour.sh.out.79724879.3906
20220628_05,1,3086.6967370268,101930376.0,86767582.0,0.8512436175061299,/home/lhaaso/liushijie/energy/pass5_crab_v6_125d_covariance/run_gti_hour.sh.out.79724879.3907
20220628_06,1,3549.57649977878,100858230.0,99649600.0,0.9880165456006912,/home/lhaaso/liushijie/energy/pass5_crab_v6_125d_covariance/run_gti_hour.sh.out.79724879.3908
20220628_07,1,3554.11811603699,100829202.0,99615738.0,0.9879651531904418,/home/lhaaso/liushijie/energy/pass5_crab_v6_125d_covariance/run_gti_hour.sh.out.79724879.3909
20220628_08,1,3551.32998113986,100667562.0,99480540.0,0.9882084956025855,/home/lhaaso/liushijie/energy/pass5_crab_v6_125d_covariance/run_gti_hour.sh.out.79724879.3910
20220628_09,4,2350.26825810783,66583941.0,65313938.0,0.9809262867152907,/home/lhaaso/liushijie/energy/pass5_crab_v6_125d_covariance/run_gti_hour.sh.out.79724879.3911
20220628_10,8,89.7062160540372,0.0,0.0,0.0,/home/lhaaso/liushijie/energy/pass5_crab_v6_125d_covariance/run_gti_hour.sh.out.79724879.3912
20220628_11,8,156.08013686724,0.0,0.0,0.0,/home/lhaaso/liushijie/energy/pass5_crab_v6_125d_covariance/run_gti_hour.sh.out.79724879.3913
20220628_12,7,171.430913591757,0.0,0.0,0.0,/home/lhaaso/liushijie/energy/pass5_crab_v6_125d_covariance/run_gti_hour.sh.out.79724879.3914
20220628_13,8,155.178038938902,0.0,0.0,0.0,/home/lhaaso/liushijie/energy/pass5_crab_v6_125d_covariance/run_gti_hour.sh.out.79724879.3915
20220628_14,8,111.46160562057,0.0,0.0,0.0,/home/lhaaso/liushijie/energy/pass5_crab_v6_125d_covariance/run_gti_hour.sh.out.79724879.3916
20220628_15,8,102.00313499663,0.0,0.0,0.0,/home/lhaaso/liushijie/energy/pass5_crab_v6_125d_covariance/run_gti_hour.sh.out.79724879.3917
20220628_16,9,152.636422519572,0.0,0.0,0.0,/home/lhaaso/liushijie/energy/pass5_crab_v6_125d_covariance/run_gti_hour.sh.out.79724879.3918
20220628_17,7,449.043400841765,11907386.0,0.0,0.0,/home/lhaaso/liushijie/energy/pass5_crab_v6_125d_covariance/run_gti_hour.sh.out.79724879.3919
20220628_18,1,3582.18639318366,102842053.0,101666589.0,0.9885702009468831,/home/lhaaso/liushijie/energy/pass5_crab_v6_125d_covariance/run_gti_hour.sh.out.79724879.3920
20220628_19,2,3457.04548198264,101667086.0,98051471.0,0.9644367204544448,/home/lhaaso/liushijie/energy/pass5_crab_v6_125d_covariance/run_gti_hour.sh.out.79724879.3921
20220628_20,2,3477.75998753496,101982588.0,98382064.0,0.9646947182787713,/home/lhaaso/liushijie/energy/pass5_crab_v6_125d_covariance/run_gti_hour.sh.out.79724879.3922
20220628_21,1,3585.43888258282,101665185.0,101001558.0,0.9934724261801127,/home/lhaaso/liushijie/energy/pass5_crab_v6_125d_covariance/run_gti_hour.sh.out.79724879.3923
20220628_22,1,3561.12224785611,100633475.0,99410014.0,0.9878424053228809,/home/lhaaso/liushijie/energy/pass5_crab_v6_125d_covariance/run_gti_hour.sh.out.79724879.3924
20220628_23,1,3572.31748925988,101384207.0,100143170.0,0.9877590698125203,/home/lhaaso/liushijie/energy/pass5_crab_v6_125d_covariance/run_gti_hour.sh.out.79724879.3925
20220629_00,1,3563.5146823246,101243605.0,100026347.0,0.9879769393829863,/home/lhaaso/liushijie/energy/pass5_crab_v6_125d_covariance/run_gti_hour.sh.out.79724879.3926
20220629_01,1,3548.43155904673,101104731.0,99887526.0,0.9879609491270988,/home/lhaaso/liushijie/energy/pass5_crab_v6_125d_covariance/run_gti_hour.sh.out.79724879.3927
20220629_02,1,1346.92075510975,101202509.0,37964130.0,0.37513032409107566,/home/lhaaso/liushijie/energy/pass5_crab_v6_125d_covariance/run_gti_hour.sh.out.79724879.3928
20220629_05,2,3273.72532112058,102324053.0,92541789.0,0.9043991738677513,/home/lhaaso/liushijie/energy/pass5_crab_v6_125d_covariance/run_gti_hour.sh.out.79724879.3929
20220629_06,1,3541.41602616291,101112127.0,99953278.0,0.9885389711958091,/home/lhaaso/liushijie/energy/pass5_crab_v6_125d_covariance/run_gti_hour.sh.out.79724879.3930
20220629_07,1,3581.2053326983,101645295.0,100921699.0,0.9928811658227762,/home/lhaaso/liushijie/energy/pass5_crab_v6_125d_covariance/run_gti_hour.sh.out.79724879.3931
20220629_08,1,3583.36708294228,101541701.0,100389378.0,0.9886517264468516,/home/lhaaso/liushijie/energy/pass5_crab_v6_125d_covariance/run_gti_hour.sh.out.79724879.3932
20220629_09,1,3554.13327449933,100929196.0,99802219.0,0.9888339841724292,/home/lhaaso/liushijie/energy/pass5_crab_v6_125d_covariance/run_gti_hour.sh.out.79724879.3933
20220629_10,1,3579.53824633732,101633998.0,100533031.0,0.9891673355209346,/home/lhaaso/liushijie/energy/pass5_crab_v6_125d_covariance/run_gti_hour.sh.out.79724879.3934
20220629_11,9,466.302346531302,8653572.0,8651359.0,0.9997442674539485,/home/lhaaso/liushijie/energy/pass5_crab_v6_125d_covariance/run_gti_hour.sh.out.79724879.3935
20220629_12,8,189.87300011795,0.0,0.0,0.0,/home/lhaaso/liushijie/energy/pass5_crab_v6_125d_covariance/run_gti_hour.sh.out.79724879.3936
20220629_13,8,151.763430749997,0.0,0.0,0.0,/home/lhaaso/liushijie/energy/pass5_crab_v6_125d_covariance/run_gti_hour.sh.out.79724879.3937
20220629_14,8,116.062902705744,0.0,0.0,0.0,/home/lhaaso/liushijie/energy/pass5_crab_v6_125d_covariance/run_gti_hour.sh.out.79724879.3938
20220629_15,6,882.375380792655,25662183.0,0.0,0.0,/home/lhaaso/liushijie/energy/pass5_crab_v6_125d_covariance/run_gti_hour.sh.out.79724879.3939
20220629_16,4,3069.7729396401,92653100.0,87431556.0,0.9436441522194077,/home/lhaaso/liushijie/energy/pass5_crab_v6_125d_covariance/run_gti_hour.sh.out.79724879.3940
20220629_17,3,3394.16907036211,102240296.0,96381427.0,0.942695109176914,/home/lhaaso/liushijie/energy/pass5_crab_v6_125d_covariance/run_gti_hour.sh.out.79724879.3941
20220629_18,1,3560.79587729182,102376370.0,101194275.0,0.9884534390113656,/home/lhaaso/liushijie/energy/pass5_crab_v6_125d_covariance/run_gti_hour.sh.out.79724879.3942
20220629_19,1,3588.33558848128,102917059.0,101693730.0,0.9881134477424195,/home/lhaaso/liushijie/energy/pass5_crab_v6_125d_covariance/run_gti_hour.sh.out.79724879.3943
20220629_21,1,3523.15199074801,101106585.0,99286642.0,0.9819997579781772,/home/lhaaso/liushijie/energy/pass5_crab_v6_125d_covariance/run_gti_hour.sh.out.79724879.3944
20220629_22,1,3580.65084654372,101874806.0,100651325.0,0.9879903476822326,/home/lhaaso/liushijie/energy/pass5_crab_v6_125d_covariance/run_gti_hour.sh.out.79724879.3945
20220629_23,1,3551.80192587432,100963639.0,99717897.0,0.9876614788022845,/home/lhaaso/liushijie/energy/pass5_crab_v6_125d_covariance/run_gti_hour.sh.out.79724879.3946
20220630_00,1,3550.17393669114,100939054.0,99733957.0,0.9880611423205928,/home/lhaaso/liushijie/energy/pass5_crab_v6_125d_covariance/run_gti_hour.sh.out.79724879.3947
20220630_01,3,3401.23064755462,101498700.0,95777998.0,0.943637682058982,/home/lhaaso/liushijie/energy/pass5_crab_v6_125d_covariance/run_gti_hour.sh.out.79724879.3948
20220630_02,1,1117.40612669382,101445962.0,30960872.0,0.3051957060646731,/home/lhaaso/liushijie/energy/pass5_crab_v6_125d_covariance/run_gti_hour.sh.out.79724879.3949
20220630_05,1,3564.55233385786,101771653.0,100602940.0,0.9885163209444972,/home/lhaaso/liushijie/energy/pass5_crab_v6_125d_covariance/run_gti_hour.sh.out.79724879.3950
20220630_06,2,3482.26559073664,101652280.0,98122794.0,0.9652788309322723,/home/lhaaso/liushijie/energy/pass5_crab_v6_125d_covariance/run_gti_hour.sh.out.79724879.3951
20220630_07,1,3567.54337262828,100999789.0,100288246.0,0.9929550050842185,/home/lhaaso/liushijie/energy/pass5_crab_v6_125d_covariance/run_gti_hour.sh.out.79724879.3952
20220630_08,1,3576.10021806322,101056961.0,99904177.0,0.9885927303909327,/home/lhaaso/liushijie/energy/pass5_crab_v6_125d_covariance/run_gti_hour.sh.out.79724879.3953
20220630_09,3,2578.59551555011,72539060.0,71741246.0,0.9890015944513204,/home/lhaaso/liushijie/energy/pass5_crab_v6_125d_covariance/run_gti_hour.sh.out.79724879.3954
20220630_10,8,95.2558829449117,0.0,0.0,0.0,/home/lhaaso/liushijie/energy/pass5_crab_v6_125d_covariance/run_gti_hour.sh.out.79724879.3955
20220630_11,8,156.317084259354,0.0,0.0,0.0,/home/lhaaso/liushijie/energy/pass5_crab_v6_125d_covariance/run_gti_hour.sh.out.79724879.3956
20220630_12,9,207.076258747838,0.0,0.0,0.0,/home/lhaaso/liushijie/energy/pass5_crab_v6_125d_covariance/run_gti_hour.sh.out.79724879.3957
20220630_13,7,119.479946256615,0.0,0.0,0.0,/home/lhaaso/liushijie/energy/pass5_crab_v6_125d_covariance/run_gti_hour.sh.out.79724879.3958
20220630_14,1,3540.70966243744,102801154.0,101597583.0,0.9882922423224938,/home/lhaaso/liushijie/energy/pass5_crab_v6_125d_covariance/run_gti_hour.sh.out.79724879.3959
20220630_15,2,3458.62721123267,102881170.0,99251745.0,0.9647221644155096,/home/lhaaso/liushijie/energy/pass5_crab_v6_125d_covariance/run_gti_hour.sh.out.79724879.3960
20220630_16,1,3588.54015071411,103523949.0,102940768.0,0.994366704461786,/home/lhaaso/liushijie/energy/pass5_crab_v6_125d_covariance/run_gti_hour.sh.out.79724879.3961
20220630_17,1,3595.06128248759,103740751.0,102596655.0,0.9889715855247665,/home/lhaaso/liushijie/energy/pass5_crab_v6_125d_covariance/run_gti_hour.sh.out.79724879.3962
20220630_18,1,3565.51166153513,103443565.0,102267569.0,0.9886315209650789,/home/lhaaso/liushijie/energy/pass5_crab_v6_125d_covariance/run_gti_hour.sh.out.79724879.3963
20220630_19,1,3537.45195718948,102411191.0,101208195.0,0.9882532759530157,/home/lhaaso/liushijie/energy/pass5_crab_v6_125d_covariance/run_gti_hour.sh.out.79724879.3964
20220630_20,1,3550.5696214037,102499442.0,101287160.0,0.9881727941504306,/home/lhaaso/liushijie/energy/pass5_crab_v6_125d_covariance/run_gti_hour.sh.out.79724879.3965
20220630_21,1,3078.8330311887,88827824.0,87608647.0,0.9862748298325984,/home/lhaaso/liushijie/energy/pass5_crab_v6_125d_covariance/run_gti_hour.sh.out.79724879.3966
20220630_22,1,3138.57310584281,90231738.0,89018284.0,0.9865518050865871,/home/lhaaso/liushijie/energy/pass5_crab_v6_125d_covariance/run_gti_hour.sh.out.79724879.3967
20220630_23,1,3235.77070841566,92816871.0,91615410.0,0.9870555752735944,/home/lhaaso/liushijie/energy/pass5_crab_v6_125d_covariance/run_gti_hour.sh.out.79724879.3968
