# Produced by
# ./surveyproc.py
#      -mcfile cellcenter_mc.txt wcdapmt_survey_raw.txt
# on 2019-09-25T23:23:46.319362
# in /mnt/c/cygwin/home/yaozg/lawca/g4wcda/6.10s1/scripts

# x, y, z: ideal position
# dx, dy, dz: offset of the real position to the ideal one
# col, row: starts from 0

 s col row  idmc      x[m]      y[m]        z[m]     dx[m]    dy[m]   dz[m]
 0   0   0     0   -72.3970   -72.3905     0.4800   0.0480   0.0884  -0.0270
 0   0   1     1   -72.3970   -67.7811     0.4800   0.0071   0.0001  -0.0050
 0   0   2     2   -72.3970   -62.7811     0.4800   0.0299   0.0457  -0.0110
 0   0   3     3   -72.3970   -57.7811     0.4800  -0.0427   0.1579  -0.0100
 0   0   4     4   -72.3970   -52.7811     0.4800  -0.0031   0.0125  -0.0530
 0   0   5     5   -72.3970   -47.7811     0.4800   0.0276  -0.0204  -0.0570
 0   0   6     6   -72.3970   -42.7811     0.4800   0.0059  -0.0080   0.0340
 0   0   7     7   -72.3970   -37.7811     0.4800   0.0051  -0.0493  -0.0580
 0   0   8     8   -72.3970   -32.7811     0.4800   0.1068  -0.0931  -0.0530
 0   0   9     9   -72.3970   -27.7811     0.4800  -0.0195   0.0720  -0.0710
 0   0  10    10   -72.3970   -22.7811     0.4800   0.0637  -0.0558  -0.0440
 0   0  11    11   -72.3970   -17.7811     0.4800   0.0139   0.0039   0.0070
 0   0  12    12   -72.3970   -12.7811     0.4800   0.0440  -0.0159  -0.0110
 0   0  13    13   -72.3970    -7.7811     0.4800  -0.0258  -0.0508   0.0380
 0   0  14    14   -72.3970    -2.7811     0.4800  -0.0635   0.1498  -0.0070
 0   0  15    15   -72.3970     2.2189     0.4800  -0.0189   0.0350   0.0500
 0   0  16    16   -72.3970     7.2189     0.4800  -0.1366  -0.0207   0.0390
 0   0  17    17   -72.3970    12.2189     0.4800  -0.0251   0.1203  -0.0050
 0   0  18    18   -72.3970    17.2189     0.4800  -0.0137   0.0801  -0.0530
 0   0  19    19   -72.3970    22.2189     0.4800  -0.3735  -0.0472  -0.0410
 0   0  20    20   -72.3970    27.2189     0.4800   0.0095  -0.0618   0.0390
 0   0  21    21   -72.3970    32.2189     0.4800   0.0016  -0.0654   0.0220
 0   0  22    22   -72.3970    37.2189     0.4800   0.0932  -0.0908  -0.0270
 0   0  23    23   -72.3970    42.2189     0.4800   0.0366  -0.1448  -0.0210
 0   0  24    24   -72.3970    47.2189     0.4800   0.0609  -0.1267  -0.0100
 0   0  25    25   -72.3970    52.2189     0.4800   0.0713  -0.0428   0.0500
 0   0  26    26   -72.3970    57.2189     0.4800   0.0098  -0.1171  -0.0150
 0   0  27    27   -72.3970    62.2189     0.4800   0.0904  -0.1095   0.0060
 0   0  28    28   -72.3970    67.2189     0.4800   0.0255  -0.1080  -0.0190
 0   0  29    29   -72.3970    72.1095     0.4800   0.0319  -0.0036  -0.0320
 0   1   0    30   -67.7941   -72.3905     0.4800   0.0053   0.0189  -0.0730
 0   1   1    31   -67.7941   -67.7811     0.4800  -0.0524   0.0675   0.1190
 0   1   2    32   -67.7941   -62.7811     0.4800  -0.0439   0.1143   0.0520
 0   1   3    33   -67.7941   -57.7811     0.4800  -0.0608   0.1990   0.0360
 0   1   4    34   -67.7941   -52.7811     0.4800  -0.0229   0.0026   0.0460
 0   1   5    35   -67.7941   -47.7811     0.4800  -0.0946   0.1524   0.0260
 0   1   6    36   -67.7941   -42.7811     0.4800   0.0672  -0.0173   0.0470
 0   1   7    37   -67.7941   -37.7811     0.4800   0.0291  -0.0013   0.0110
 0   1   8    38   -67.7941   -32.7811     0.4800   0.0117  -0.0375   0.0110
 0   1   9    39   -67.7941   -27.7811     0.4800  -0.0412   0.0090   0.0350
 0   1  10    40   -67.7941   -22.7811     0.4800   0.0588   0.1081   0.0470
 0   1  11    41   -67.7941   -17.7811     0.4800  -0.0059   0.0761   0.0520
 0   1  12    42   -67.7941   -12.7811     0.4800   0.0803  -0.0246   0.0310
 0   1  13    43   -67.7941    -7.7811     0.4800  -0.0264   0.0206   0.0530
 0   1  14    44   -67.7941    -2.7811     0.4800  -0.0773  -0.0356   0.0680
 0   1  15    45   -67.7941     2.2189     0.4800   0.1321   0.1390   0.0530
 0   1  16    46   -67.7941     7.2189     0.4800   0.1071   0.4258   0.0110
 0   1  17    47   -67.7941    12.2189     0.4800   0.0537   0.0373   0.0930
 0   1  18    48   -67.7941    17.2189     0.4800   0.0244  -0.0394   0.1440
 0   1  19    49   -67.7941    22.2189     0.4800   0.0230  -0.0619   0.0590
 0   1  20    50   -67.7941    27.2189     0.4800   0.0404   0.0423   0.1010
 0   1  21    51   -67.7941    32.2189     0.4800  -0.0057  -0.0976   0.0930
 0   1  22    52   -67.7941    37.2189     0.4800   0.0705  -0.0736   0.0890
 0   1  23    53   -67.7941    42.2189     0.4800   0.0514  -0.1147   0.0980
 0   1  24    54   -67.7941    47.2189     0.4800  -0.0492  -0.0890   0.0430
 0   1  25    55   -67.7941    52.2189     0.4800   0.1548   0.0424   0.0090
 0   1  26    56   -67.7941    57.2189     0.4800   0.0316  -0.0690   0.0100
 0   1  27    57   -67.7941    62.2189     0.4800   0.0637  -0.0334   0.0560
 0   1  28    58   -67.7941    67.2189     0.4800   0.0798  -0.1295   0.0410
 0   1  29    59   -67.7941    72.1095     0.4800   0.0753  -0.0280   0.0010
 0   2   0    60   -62.7941   -72.3905     0.4800   0.0133  -0.0250  -0.0320
 0   2   1    61   -62.7941   -67.7811     0.4800  -0.0615   0.1339   0.0630
 0   2   2    62   -62.7941   -62.7811     0.4800   0.0349   0.0550   0.0360
 0   2   3    63   -62.7941   -57.7811     0.4800  -0.0077   0.0933   0.0180
 0   2   4    64   -62.7941   -52.7811     0.4800   0.0393   0.0106  -0.0530
 0   2   5    65   -62.7941   -47.7811     0.4800   0.0164   0.0410  -0.0360
 0   2   6    66   -62.7941   -42.7811     0.4800   0.0050   0.0312  -0.0310
 0   2   7    67   -62.7941   -37.7811     0.4800   0.0059   0.1507   0.0310
 0   2   8    68   -62.7941   -32.7811     0.4800   0.0282   0.0314  -0.0240
 0   2   9    69   -62.7941   -27.7811     0.4800  -0.0229   0.0769   0.0040
 0   2  10    70   -62.7941   -22.7811     0.4800  -0.0052  -0.0165   0.0120
 0   2  11    71   -62.7941   -17.7811     0.4800  -0.0057  -0.0314  -0.0140
 0   2  12    72   -62.7941   -12.7811     0.4800   0.0734   0.0117  -0.0060
 0   2  13    73   -62.7941    -7.7811     0.4800   0.0443  -0.0687   0.0160
 0   2  14    74   -62.7941    -2.7811     0.4800  -0.0128  -0.0936   0.0510
 0   2  15    75   -62.7941     2.2189     0.4800  -0.0553   0.0647  -0.0020
 0   2  16    76   -62.7941     7.2189     0.4800  -0.0429   0.0782   0.0050
 0   2  17    77   -62.7941    12.2189     0.4800   0.0277   0.0385   0.0050
 0   2  18    78   -62.7941    17.2189     0.4800   0.0105  -0.0233   0.0290
 0   2  19    79   -62.7941    22.2189     0.4800   0.0428  -0.0294   0.0020
 0   2  20    80   -62.7941    27.2189     0.4800   0.0620   0.0079   0.0490
 0   2  21    81   -62.7941    32.2189     0.4800   0.0348  -0.0332   0.0870
 0   2  22    82   -62.7941    37.2189     0.4800   0.0510  -0.0392   0.0670
 0   2  23    83   -62.7941    42.2189     0.4800  -0.0237  -0.0586   0.0320
 0   2  24    84   -62.7941    47.2189     0.4800  -0.0277  -0.0795   0.0090
 0   2  25    85   -62.7941    52.2189     0.4800  -0.0053  -0.0406  -0.0330
 0   2  26    86   -62.7941    57.2189     0.4800   0.0592  -0.0030  -0.0200
 0   2  27    87   -62.7941    62.2189     0.4800   0.0352  -0.0366   0.0040
 0   2  28    88   -62.7941    67.2189     0.4800   0.0365  -0.0283  -0.0080
 0   2  29    89   -62.7941    72.1095     0.4800   0.0544  -0.0298   0.0880
 0   3   0    90   -57.7941   -72.3905     0.4800  -0.0047   0.0340  -0.0160
 0   3   1    91   -57.7941   -67.7811     0.4800  -0.0247  -0.0421   0.0450
 0   3   2    92   -57.7941   -62.7811     0.4800  -0.0867   0.1206   0.0540
 0   3   3    93   -57.7941   -57.7811     0.4800  -0.0344   0.1353  -0.0080
 0   3   4    94   -57.7941   -52.7811     0.4800  -0.0255   0.0226  -0.0460
 0   3   5    95   -57.7941   -47.7811     0.4800   0.0733   0.0878   0.0200
 0   3   6    96   -57.7941   -42.7811     0.4800   0.0453   0.0172  -0.0020
 0   3   7    97   -57.7941   -37.7811     0.4800   0.0599   0.0225  -0.0120
 0   3   8    98   -57.7941   -32.7811     0.4800   0.0567   0.0150  -0.0080
 0   3   9    99   -57.7941   -27.7811     0.4800   0.0153   0.0433  -0.0070
 0   3  10   100   -57.7941   -22.7811     0.4800   0.0916   0.1215   0.0480
 0   3  11   101   -57.7941   -17.7811     0.4800   0.0253   0.0246  -0.0140
 0   3  12   102   -57.7941   -12.7811     0.4800   0.0885   0.0641  -0.0210
 0   3  13   103   -57.7941    -7.7811     0.4800  -0.0042   0.0055  -0.0020
 0   3  14   104   -57.7941    -2.7811     0.4800  -0.0197   0.1367   0.0280
 0   3  15   105   -57.7941     2.2189     0.4800   0.1597   0.1773  -0.0200
 0   3  16   106   -57.7941     7.2189     0.4800   0.0174  -0.0351  -0.0080
 0   3  17   107   -57.7941    12.2189     0.4800  -0.0032  -0.0187   0.0160
 0   3  18   108   -57.7941    17.2189     0.4800  -0.0251   0.0434   0.0120
 0   3  19   109   -57.7941    22.2189     0.4800  -0.0446   0.0395   0.0240
 0   3  20   110   -57.7941    27.2189     0.4800   0.0616   0.0335   0.0240
 0   3  21   111   -57.7941    32.2189     0.4800   0.0314  -0.0128   0.0190
 0   3  22   112   -57.7941    37.2189     0.4800  -0.0134  -0.0864   0.0060
 0   3  23   113   -57.7941    42.2189     0.4800   0.0167  -0.1743   0.0640
 0   3  24   114   -57.7941    47.2189     0.4800   0.0330  -0.1261  -0.0210
 0   3  25   115   -57.7941    52.2189     0.4800   0.1338  -0.0494   0.0150
 0   3  26   116   -57.7941    57.2189     0.4800   0.0151   0.0190   0.0040
 0   3  27   117   -57.7941    62.2189     0.4800   0.0723   0.0921  -0.0200
 0   3  28   118   -57.7941    67.2189     0.4800   0.0906   0.0017  -0.0410
 0   3  29   119   -57.7941    72.1095     0.4800   0.0321  -0.0123   0.0280
 0   4   0   120   -52.7941   -72.3905     0.4800   0.0246   0.0251  -0.0090
 0   4   1   121   -52.7941   -67.7811     0.4800  -0.0629   0.2040   0.0640
 0   4   2   122   -52.7941   -62.7811     0.4800  -0.0407   0.0605   0.0850
 0   4   3   123   -52.7941   -57.7811     0.4800  -0.0447   0.1297   0.0090
 0   4   4   124   -52.7941   -52.7811     0.4800  -0.0239   0.0136  -0.0330
 0   4   5   125   -52.7941   -47.7811     0.4800   0.0098   0.0321  -0.0060
 0   4   6   126   -52.7941   -42.7811     0.4800   0.0170   0.0185  -0.0020
 0   4   7   127   -52.7941   -37.7811     0.4800   0.0046   0.0071  -0.0050
 0   4   8   128   -52.7941   -32.7811     0.4800  -0.0118   0.0245  -0.0110
 0   4   9   129   -52.7941   -27.7811     0.4800  -0.0244   0.0328   0.0260
 0   4  10   130   -52.7941   -22.7811     0.4800  -0.0819   0.0393   0.0270
 0   4  11   131   -52.7941   -17.7811     0.4800   0.0018   0.0162  -0.0210
 0   4  12   132   -52.7941   -12.7811     0.4800   0.0089   0.0085   0.0140
 0   4  13   133   -52.7941    -7.7811     0.4800   0.0013   0.0393  -0.0120
 0   4  14   134   -52.7941    -2.7811     0.4800  -0.0161  -0.0189   0.0130
 0   4  15   135   -52.7941     2.2189     0.4800   0.0285   0.0025  -0.0050
 0   4  16   136   -52.7941     7.2189     0.4800   0.0005  -0.0080  -0.0150
 0   4  17   137   -52.7941    12.2189     0.4800  -0.0125  -0.0307  -0.0330
 0   4  18   138   -52.7941    17.2189     0.4800  -0.0283  -0.0240   0.0040
 0   4  19   139   -52.7941    22.2189     0.4800   0.0218  -0.0993   0.0720
 0   4  20   140   -52.7941    27.2189     0.4800  -0.0210  -0.0493  -0.0070
 0   4  21   141   -52.7941    32.2189     0.4800  -0.0367  -0.0704   0.0610
 0   4  22   142   -52.7941    37.2189     0.4800  -0.0115  -0.1290   0.0440
 0   4  23   143   -52.7941    42.2189     0.4800  -0.0387  -0.1400   0.0140
 0   4  24   144   -52.7941    47.2189     0.4800  -0.0270  -0.1077  -0.0290
 0   4  25   145   -52.7941    52.2189     0.4800  -0.0200  -0.0656   0.0390
 0   4  26   146   -52.7941    57.2189     0.4800  -0.0020  -0.0265  -0.0130
 0   4  27   147   -52.7941    62.2189     0.4800   0.0600   0.0749  -0.0040
 0   4  28   148   -52.7941    67.2189     0.4800   0.0712  -0.0356  -0.0300
 0   4  29   149   -52.7941    72.1095     0.4800   0.1255   0.0677  -0.0660
 0   5   0   150   -47.7941   -72.3905     0.4800   0.0645   0.0125   0.0690
 0   5   1   151   -47.7941   -67.7811     0.4800   0.0512   0.0619   0.0550
 0   5   2   152   -47.7941   -62.7811     0.4800   0.0043   0.0207  -0.0240
 0   5   3   153   -47.7941   -57.7811     0.4800   0.0089   0.0306  -0.0320
 0   5   4   154   -47.7941   -52.7811     0.4800   0.0034   0.0071   0.0110
 0   5   5   155   -47.7941   -47.7811     0.4800   0.0750   0.1792   0.0130
 0   5   6   156   -47.7941   -42.7811     0.4800   0.0111  -0.0254  -0.0300
 0   5   7   157   -47.7941   -37.7811     0.4800  -0.0015  -0.0194   0.0570
 0   5   8   158   -47.7941   -32.7811     0.4800   0.0369   0.0391   0.0250
 0   5   9   159   -47.7941   -27.7811     0.4800   0.0201   0.0140   0.0040
 0   5  10   160   -47.7941   -22.7811     0.4800   0.0835  -0.0100   0.0880
 0   5  11   161   -47.7941   -17.7811     0.4800   0.0657   0.0151  -0.0080
 0   5  12   162   -47.7941   -12.7811     0.4800   0.0243   0.0354  -0.0050
 0   5  13   163   -47.7941    -7.7811     0.4800  -0.0566   0.0312  -0.0040
 0   5  14   164   -47.7941    -2.7811     0.4800  -0.0823  -0.0373   0.0160
 0   5  15   165   -47.7941     2.2189     0.4800   0.0550   0.0946   0.0420
 0   5  16   166   -47.7941     7.2189     0.4800  -0.0196  -0.0126  -0.0260
 0   5  17   167   -47.7941    12.2189     0.4800   0.0144  -0.0578  -0.0490
 0   5  18   168   -47.7941    17.2189     0.4800  -0.0345  -0.0124  -0.0150
 0   5  19   169   -47.7941    22.2189     0.4800  -0.0411  -0.0699   0.0030
 0   5  20   170   -47.7941    27.2189     0.4800   0.0739   0.0633   0.0210
 0   5  21   171   -47.7941    32.2189     0.4800   0.0544  -0.1045   0.0390
 0   5  22   172   -47.7941    37.2189     0.4800   0.0372  -0.1144   0.0120
 0   5  23   173   -47.7941    42.2189     0.4800   0.0070  -0.1006  -0.0430
 0   5  24   174   -47.7941    47.2189     0.4800   0.0079  -0.0631  -0.0470
 0   5  25   175   -47.7941    52.2189     0.4800   0.0203   0.0185  -0.0230
 0   5  26   176   -47.7941    57.2189     0.4800  -0.0122  -0.0818  -0.0560
 0   5  27   177   -47.7941    62.2189     0.4800   0.0050  -0.0700  -0.0120
 0   5  28   178   -47.7941    67.2189     0.4800   0.0142  -0.0881  -0.0080
 0   5  29   179   -47.7941    72.1095     0.4800   0.0470   0.0761   0.1430
 0   6   0   180   -42.7941   -72.3905     0.4800   0.0435   0.0003  -0.0300
 0   6   1   181   -42.7941   -67.7811     0.4800   0.0141   0.0140   0.0040
 0   6   2   182   -42.7941   -62.7811     0.4800   0.0162  -0.0185  -0.0260
 0   6   3   183   -42.7941   -57.7811     0.4800   0.0046  -0.0304  -0.0130
 0   6   4   184   -42.7941   -52.7811     0.4800  -0.0475   0.1092  -0.0060
 0   6   5   185   -42.7941   -47.7811     0.4800   0.0445  -0.0214   0.0320
 0   6   6   186   -42.7941   -42.7811     0.4800   0.0510   0.0439  -0.0330
 0   6   7   187   -42.7941   -37.7811     0.4800   0.0555   0.0216   0.0210
 0   6   8   188   -42.7941   -32.7811     0.4800   0.0736   0.0491   0.0150
 0   6   9   189   -42.7941   -27.7811     0.4800  -0.0047   0.0133   0.0160
 0   6  10   190   -42.7941   -22.7811     0.4800   0.0448   0.0192  -0.0230
 0   6  11   191   -42.7941   -17.7811     0.4800   0.0310  -0.0087  -0.0250
 0   6  12   192   -42.7941   -12.7811     0.4800   0.0115   0.0335  -0.0200
 0   6  13   193   -42.7941    -7.7811     0.4800   0.0065  -0.0353  -0.0080
 0   6  14   194   -42.7941    -2.7811     0.4800   0.0301  -0.0283   0.0200
 0   6  15   195   -42.7941     2.2189     0.4800  -0.0106  -0.0188  -0.0050
 0   6  16   196   -42.7941     7.2189     0.4800  -0.0421  -0.0654  -0.0100
 0   6  17   197   -42.7941    12.2189     0.4800  -0.0189  -0.0512   0.0050
 0   6  18   198   -42.7941    17.2189     0.4800  -0.0443   0.0187   0.0800
 0   6  19   199   -42.7941    22.2189     0.4800  -0.0999  -0.0475   0.0100
 0   6  20   200   -42.7941    27.2189     0.4800  -0.0060  -0.0949  -0.0260
 0   6  21   201   -42.7941    32.2189     0.4800  -0.0494  -0.0481  -0.0120
 0   6  22   202   -42.7941    37.2189     0.4800  -0.0238  -0.0838  -0.0180
 0   6  23   203   -42.7941    42.2189     0.4800  -0.0364  -0.1055  -0.0300
 0   6  24   204   -42.7941    47.2189     0.4800  -0.0011  -0.0683  -0.0320
 0   6  25   205   -42.7941    52.2189     0.4800  -0.0154  -0.0671   0.0030
 0   6  26   206   -42.7941    57.2189     0.4800   0.0862  -0.1432  -0.0030
 0   6  27   207   -42.7941    62.2189     0.4800   0.1078  -0.0958  -0.0100
 0   6  28   208   -42.7941    67.2189     0.4800   0.0639  -0.0937   0.0010
 0   6  29   209   -42.7941    72.1095     0.4800   0.0834  -0.0627  -0.0120
 0   7   0   210   -37.7941   -72.3905     0.4800  -0.0916   0.0726   0.0690
 0   7   1   211   -37.7941   -67.7811     0.4800   0.0127   0.0437   0.0250
 0   7   2   212   -37.7941   -62.7811     0.4800  -0.0552  -0.0038  -0.0450
 0   7   3   213   -37.7941   -57.7811     0.4800   0.0353   0.0050   0.0020
 0   7   4   214   -37.7941   -52.7811     0.4800   0.0107   0.0144   0.0160
 0   7   5   215   -37.7941   -47.7811     0.4800   0.0758   0.1811   0.0870
 0   7   6   216   -37.7941   -42.7811     0.4800  -0.0162  -0.0062  -0.0630
 0   7   7   217   -37.7941   -37.7811     0.4800  -0.0035  -0.0183   0.0070
 0   7   8   218   -37.7941   -32.7811     0.4800   0.0073  -0.0316   0.0070
 0   7   9   219   -37.7941   -27.7811     0.4800   0.0077  -0.0389  -0.0000
 0   7  10   220   -37.7941   -22.7811     0.4800   0.1113   0.0906  -0.0000
 0   7  11   221   -37.7941   -17.7811     0.4800  -0.0097  -0.0291  -0.0090
 0   7  12   222   -37.7941   -12.7811     0.4800  -0.0063   0.0288   0.0200
 0   7  13   223   -37.7941    -7.7811     0.4800  -0.0041   0.1648  -0.0150
 0   7  14   224   -37.7941    -2.7811     0.4800   0.0003   0.0063  -0.0020
 0   7  15   225   -37.7941     2.2189     0.4800   0.0160   0.0155   0.0240
 0   7  16   226   -37.7941     7.2189     0.4800  -0.0278  -0.0263  -0.0170
 0   7  17   227   -37.7941    12.2189     0.4800  -0.0782   0.0904   0.0250
 0   7  18   228   -37.7941    17.2189     0.4800  -0.0986  -0.0030   0.0300
 0   7  19   229   -37.7941    22.2189     0.4800  -0.3124  -0.0934   0.0290
 0   7  20   230   -37.7941    27.2189     0.4800   0.0378  -0.0128  -0.0500
 0   7  21   231   -37.7941    32.2189     0.4800   0.0104  -0.0122  -0.0230
 0   7  22   232   -37.7941    37.2189     0.4800  -0.0460  -0.0698  -0.0240
 0   7  23   233   -37.7941    42.2189     0.4800  -0.0634  -0.0380  -0.0270
 0   7  24   234   -37.7941    47.2189     0.4800  -0.0946  -0.0120   0.0020
 0   7  25   235   -37.7941    52.2189     0.4800   0.0781  -0.0010   0.0180
 0   7  26   236   -37.7941    57.2189     0.4800   0.0172   0.0016  -0.0220
 0   7  27   237   -37.7941    62.2189     0.4800   0.0496  -0.0784  -0.0140
 0   7  28   238   -37.7941    67.2189     0.4800   0.0472  -0.1084  -0.0270
 0   7  29   239   -37.7941    72.1095     0.4800   0.0927   0.0058  -0.0300
 0   8   0   240   -32.7941   -72.3905     0.4800  -0.0067  -0.0041   0.0570
 0   8   1   241   -32.7941   -67.7811     0.4800  -0.0652  -0.0049   0.0820
 0   8   2   242   -32.7941   -62.7811     0.4800  -0.0794   0.0205   0.0710
 0   8   3   243   -32.7941   -57.7811     0.4800  -0.0541  -0.0196   0.0110
 0   8   4   244   -32.7941   -52.7811     0.4800  -0.1055   0.1254   0.0080
 0   8   5   245   -32.7941   -47.7811     0.4800  -0.0392   0.0361  -0.0120
 0   8   6   246   -32.7941   -42.7811     0.4800  -0.1044   0.0413  -0.0040
 0   8   7   247   -32.7941   -37.7811     0.4800  -0.0105  -0.0142  -0.0220
 0   8   8   248   -32.7941   -32.7811     0.4800  -0.0069  -0.0118   0.0280
 0   8   9   249   -32.7941   -27.7811     0.4800  -0.0282   0.0211  -0.0340
 0   8  10   250   -32.7941   -22.7811     0.4800  -0.0239   0.0046   0.0060
 0   8  11   251   -32.7941   -17.7811     0.4800  -0.0117  -0.0141  -0.0160
 0   8  12   252   -32.7941   -12.7811     0.4800  -0.0247   0.0233   0.0120
 0   8  13   253   -32.7941    -7.7811     0.4800  -0.0255  -0.0122  -0.0240
 0   8  14   254   -32.7941    -2.7811     0.4800  -0.0858  -0.0445   0.0150
 0   8  15   255   -32.7941     2.2189     0.4800  -0.0449  -0.0036  -0.0040
 0   8  16   256   -32.7941     7.2189     0.4800  -0.1487   0.0146  -0.0220
 0   8  17   257   -32.7941    12.2189     0.4800  -0.0012  -0.0800   0.0050
 0   8  18   258   -32.7941    17.2189     0.4800  -0.0148  -0.0457  -0.0190
 0   8  19   259   -32.7941    22.2189     0.4800  -0.0272  -0.0271  -0.0240
 0   8  20   260   -32.7941    27.2189     0.4800  -0.0948  -0.0621  -0.0250
 0   8  21   261   -32.7941    32.2189     0.4800  -0.0969   0.0002  -0.0300
 0   8  22   262   -32.7941    37.2189     0.4800  -0.0658  -0.0619  -0.0310
 0   8  23   263   -32.7941    42.2189     0.4800  -0.0422  -0.1091  -0.0130
 0   8  24   264   -32.7941    47.2189     0.4800  -0.0666  -0.0594  -0.0340
 0   8  25   265   -32.7941    52.2189     0.4800  -0.0162  -0.0540  -0.0220
 0   8  26   266   -32.7941    57.2189     0.4800  -0.1476   0.0264   0.0820
 0   8  27   267   -32.7941    62.2189     0.4800   0.0025  -0.0535  -0.0300
 0   8  28   268   -32.7941    67.2189     0.4800   0.1036  -0.0405  -0.0200
 0   8  29   269   -32.7941    72.1095     0.4800   0.0978   0.1149  -0.0130
 0   9   0   270   -27.7941   -72.3905     0.4800  -0.0762   0.0556  -0.0420
 0   9   1   271   -27.7941   -67.7811     0.4800   0.1470  -0.2070   0.0040
 0   9   2   272   -27.7941   -62.7811     0.4800  -0.0676  -0.0348   0.0250
 0   9   3   273   -27.7941   -57.7811     0.4800   0.0408  -0.0190  -0.0690
 0   9   4   274   -27.7941   -52.7811     0.4800   0.0202  -0.0188  -0.0330
 0   9   5   275   -27.7941   -47.7811     0.4800   0.0974   0.0889   0.0470
 0   9   6   276   -27.7941   -42.7811     0.4800   0.0376  -0.0245   0.0200
 0   9   7   277   -27.7941   -37.7811     0.4800   0.0036  -0.0454   0.0350
 0   9   8   278   -27.7941   -32.7811     0.4800  -0.0991   0.0067   0.0090
 0   9   9   279   -27.7941   -27.7811     0.4800  -0.0433   0.0414  -0.0170
 0   9  10   280   -27.7941   -22.7811     0.4800   0.0625   0.0425  -0.0270
 0   9  11   281   -27.7941   -17.7811     0.4800  -0.0034  -0.0235  -0.0040
 0   9  12   282   -27.7941   -12.7811     0.4800  -0.0019  -0.0430   0.0120
 0   9  13   283   -27.7941    -7.7811     0.4800  -0.0003  -0.0383   0.0080
 0   9  14   284   -27.7941    -2.7811     0.4800   0.0306  -0.0228   0.0910
 0   9  15   285   -27.7941     2.2189     0.4800   0.1110   0.0946   0.0550
 0   9  16   286   -27.7941     7.2189     0.4800   0.0009  -0.0002  -0.0120
 0   9  17   287   -27.7941    12.2189     0.4800  -0.0058  -0.0357  -0.0250
 0   9  18   288   -27.7941    17.2189     0.4800   0.0146  -0.0384  -0.0240
 0   9  19   289   -27.7941    22.2189     0.4800  -0.0046   0.0384  -0.0410
 0   9  20   290   -27.7941    27.2189     0.4800   0.0359   0.0044   0.0140
 0   9  21   291   -27.7941    32.2189     0.4800  -0.0313  -0.0458  -0.0430
 0   9  22   292   -27.7941    37.2189     0.4800  -0.0149  -0.1155  -0.0100
 0   9  23   293   -27.7941    42.2189     0.4800  -0.0280  -0.0942  -0.0160
 0   9  24   294   -27.7941    47.2189     0.4800  -0.0333  -0.0174  -0.0420
 0   9  25   295   -27.7941    52.2189     0.4800   0.1345   0.1292  -0.0140
 0   9  26   296   -27.7941    57.2189     0.4800   0.0408  -0.0790  -0.0110
 0   9  27   297   -27.7941    62.2189     0.4800   0.0588  -0.0999  -0.0350
 0   9  28   298   -27.7941    67.2189     0.4800   0.0117  -0.0394  -0.0280
 0   9  29   299   -27.7941    72.1095     0.4800   0.0630  -0.1191  -0.0090
 0  10   0   300   -22.7941   -72.3905     0.4800  -0.0030  -0.0213  -0.0490
 0  10   1   301   -22.7941   -67.7811     0.4800  -0.0118  -0.0299   0.0470
 0  10   2   302   -22.7941   -62.7811     0.4800   0.0090   0.0422  -0.0500
 0  10   3   303   -22.7941   -57.7811     0.4800  -0.0109   0.0097  -0.0120
 0  10   4   304   -22.7941   -52.7811     0.4800  -0.0764   0.0543  -0.0140
 0  10   5   305   -22.7941   -47.7811     0.4800  -0.0177  -0.0721   0.0370
 0  10   6   306   -22.7941   -42.7811     0.4800  -0.0011  -0.0414  -0.0440
 0  10   7   307   -22.7941   -37.7811     0.4800   0.0482  -0.0239   0.0160
 0  10   8   308   -22.7941   -32.7811     0.4800  -0.0372  -0.0578  -0.0160
 0  10   9   309   -22.7941   -27.7811     0.4800  -0.0364   0.0155  -0.0370
 0  10  10   310   -22.7941   -22.7811     0.4800  -0.0124   0.0130   0.0190
 0  10  11   311   -22.7941   -17.7811     0.4800   0.0254  -0.0274  -0.0050
 0  10  12   312   -22.7941   -12.7811     0.4800   0.0217   0.0242  -0.0300
 0  10  13   313   -22.7941    -7.7811     0.4800  -0.0351  -0.0402  -0.0050
 0  10  14   314   -22.7941    -2.7811     0.4800  -0.0002   0.0042   0.0010
 0  10  15   315   -22.7941     2.2189     0.4800  -0.0617   0.0396  -0.0170
 0  10  16   316   -22.7941     7.2189     0.4800  -0.0415   0.0047   0.0010
 0  10  17   317   -22.7941    12.2189     0.4800  -0.0201  -0.0482  -0.0120
 0  10  18   318   -22.7941    17.2189     0.4800  -0.0301  -0.0195  -0.0060
 0  10  19   319   -22.7941    22.2189     0.4800   0.0098   0.0035  -0.0020
 0  10  20   320   -22.7941    27.2189     0.4800  -0.0350  -0.0401  -0.0050
 0  10  21   321   -22.7941    32.2189     0.4800   0.0080  -0.0916   0.0070
 0  10  22   322   -22.7941    37.2189     0.4800  -0.0705  -0.1215  -0.0260
 0  10  23   323   -22.7941    42.2189     0.4800  -0.0461  -0.0953  -0.0540
 0  10  24   324   -22.7941    47.2189     0.4800  -0.0443  -0.0642  -0.0470
 0  10  25   325   -22.7941    52.2189     0.4800  -0.0462  -0.0494  -0.0200
 0  10  26   326   -22.7941    57.2189     0.4800   0.0415   0.0384  -0.0260
 0  10  27   327   -22.7941    62.2189     0.4800   0.0677  -0.0542   0.0320
 0  10  28   328   -22.7941    67.2189     0.4800   0.0552   0.0141  -0.0430
 0  10  29   329   -22.7941    72.1095     0.4800   0.3030  -0.0013   0.0240
 0  11   0   330   -17.7941   -72.3905     0.4800   0.0107   0.0228  -0.0520
 0  11   1   331   -17.7941   -67.7811     0.4800   0.3152   0.0007   0.0190
 0  11   2   332   -17.7941   -62.7811     0.4800   0.0164   0.0472  -0.0710
 0  11   3   333   -17.7941   -57.7811     0.4800  -0.0048   0.0685  -0.0590
 0  11   4   334   -17.7941   -52.7811     0.4800  -0.0152  -0.0076  -0.0880
 0  11   5   335   -17.7941   -47.7811     0.4800   0.0518   0.0286  -0.0470
 0  11   6   336   -17.7941   -42.7811     0.4800   0.0225   0.0038  -0.0190
 0  11   7   337   -17.7941   -37.7811     0.4800   0.0437   0.0065  -0.0030
 0  11   8   338   -17.7941   -32.7811     0.4800  -0.0307  -0.0304  -0.0420
 0  11   9   339   -17.7941   -27.7811     0.4800  -0.0312   0.0148  -0.0320
 0  11  10   340   -17.7941   -22.7811     0.4800   0.0288   0.0227  -0.0280
 0  11  11   341   -17.7941   -17.7811     0.4800  -0.0218   0.0090  -0.0220
 0  11  12   342   -17.7941   -12.7811     0.4800   0.0332   0.0303  -0.0140
 0  11  13   343   -17.7941    -7.7811     0.4800  -0.0245   0.0623  -0.0050
 0  11  14   344   -17.7941    -2.7811     0.4800  -0.0942   0.0377  -0.0090
 0  11  15   345   -17.7941     2.2189     0.4800   0.0037   0.1092   0.0150
 0  11  16   346   -17.7941     7.2189     0.4800   0.0019  -0.0319  -0.0250
 0  11  17   347   -17.7941    12.2189     0.4800  -0.0610  -0.0108  -0.0000
 0  11  18   348   -17.7941    17.2189     0.4800  -0.0229  -0.0468  -0.0080
 0  11  19   349   -17.7941    22.2189     0.4800   0.0087  -0.0802  -0.0150
 0  11  20   350   -17.7941    27.2189     0.4800   0.0590   0.0350   0.0290
 0  11  21   351   -17.7941    32.2189     0.4800  -0.0798  -0.0813  -0.0210
 0  11  22   352   -17.7941    37.2189     0.4800  -0.0245  -0.0996  -0.0280
 0  11  23   353   -17.7941    42.2189     0.4800  -0.0261  -0.0884  -0.0440
 0  11  24   354   -17.7941    47.2189     0.4800  -0.0346  -0.0651  -0.0410
 0  11  25   355   -17.7941    52.2189     0.4800   0.0619   0.0741   0.0780
 0  11  26   356   -17.7941    57.2189     0.4800  -0.0266  -0.0493  -0.0410
 0  11  27   357   -17.7941    62.2189     0.4800   0.0182  -0.0176  -0.0350
 0  11  28   358   -17.7941    67.2189     0.4800   0.0207  -0.0573  -0.0380
 0  11  29   359   -17.7941    72.1095     0.4800   0.0107   0.0047  -0.0320
 0  12   0   360   -12.7941   -72.3905     0.4800  -0.1242   0.0533  -0.0880
 0  12   1   361   -12.7941   -67.7811     0.4800   0.0336  -0.0307  -0.0190
 0  12   2   362   -12.7941   -62.7811     0.4800   0.0490   0.0180  -0.0580
 0  12   3   363   -12.7941   -57.7811     0.4800   0.0322  -0.0152  -0.0730
 0  12   4   364   -12.7941   -52.7811     0.4800  -0.0230  -0.0088  -0.0840
 0  12   5   365   -12.7941   -47.7811     0.4800  -0.0760  -0.0465  -0.0500
 0  12   6   366   -12.7941   -42.7811     0.4800  -0.0736   0.1055  -0.0360
 0  12   7   367   -12.7941   -37.7811     0.4800   0.0149   0.0069  -0.0230
 0  12   8   368   -12.7941   -32.7811     0.4800   0.0527  -0.0116  -0.0180
 0  12   9   369   -12.7941   -27.7811     0.4800  -0.0350  -0.0235  -0.0030
 0  12  10   370   -12.7941   -22.7811     0.4800  -0.0108   0.0063  -0.0120
 0  12  11   371   -12.7941   -17.7811     0.4800  -0.0211  -0.0514   0.0050
 0  12  12   372   -12.7941   -12.7811     0.4800  -0.0073   0.0525  -0.0110
 0  12  13   373   -12.7941    -7.7811     0.4800  -0.0235  -0.0757  -0.0090
 0  12  14   374   -12.7941    -2.7811     0.4800  -0.0277  -0.0469   0.0160
 0  12  15   375   -12.7941     2.2189     0.4800  -0.0221   0.0028  -0.0210
 0  12  16   376   -12.7941     7.2189     0.4800  -0.0161  -0.0388  -0.0190
 0  12  17   377   -12.7941    12.2189     0.4800   0.0258  -0.0482  -0.0300
 0  12  18   378   -12.7941    17.2189     0.4800   0.0225  -0.0499  -0.0210
 0  12  19   379   -12.7941    22.2189     0.4800  -0.0341  -0.0220  -0.0280
 0  12  20   380   -12.7941    27.2189     0.4800  -0.0267  -0.0691  -0.0250
 0  12  21   381   -12.7941    32.2189     0.4800  -0.0024  -0.0591  -0.0050
 0  12  22   382   -12.7941    37.2189     0.4800  -0.0513  -0.0737  -0.0450
 0  12  23   383   -12.7941    42.2189     0.4800   0.0355  -0.0454  -0.0270
 0  12  24   384   -12.7941    47.2189     0.4800  -0.0689  -0.0442  -0.0170
 0  12  25   385   -12.7941    52.2189     0.4800  -0.0502  -0.0540   0.0340
 0  12  26   386   -12.7941    57.2189     0.4800   0.0325  -0.0487  -0.0380
 0  12  27   387   -12.7941    62.2189     0.4800   0.0403  -0.0372  -0.0330
 0  12  28   388   -12.7941    67.2189     0.4800   0.0233  -0.0726  -0.0180
 0  12  29   389   -12.7941    72.1095     0.4800   0.0130  -0.0371  -0.0080
 0  13   0   390    -7.7941   -72.3905     0.4800  -0.0001   0.0186  -0.0970
 0  13   1   391    -7.7941   -67.7811     0.4800   0.0596   0.0166  -0.0190
 0  13   2   392    -7.7941   -62.7811     0.4800   0.0396  -0.0020  -0.0310
 0  13   3   393    -7.7941   -57.7811     0.4800   0.0252  -0.0250  -0.0910
 0  13   4   394    -7.7941   -52.7811     0.4800  -0.1371   0.0639  -0.0510
 0  13   5   395    -7.7941   -47.7811     0.4800  -0.0780   0.1001   0.0490
 0  13   6   396    -7.7941   -42.7811     0.4800   0.0018  -0.0015  -0.0430
 0  13   7   397    -7.7941   -37.7811     0.4800   0.0151  -0.0025  -0.0280
 0  13   8   398    -7.7941   -32.7811     0.4800   0.0100   0.0107  -0.0310
 0  13   9   399    -7.7941   -27.7811     0.4800   0.0468   0.0124  -0.0150
 0  13  10   400    -7.7941   -22.7811     0.4800  -0.0044   0.0338  -0.0180
 0  13  11   401    -7.7941   -17.7811     0.4800  -0.0757   0.0263  -0.0040
 0  13  12   402    -7.7941   -12.7811     0.4800   0.0080   0.0032   0.0140
 0  13  13   403    -7.7941    -7.7811     0.4800   0.0407  -0.0042  -0.0120
 0  13  14   404    -7.7941    -2.7811     0.4800   0.0008  -0.0114  -0.0040
 0  13  15   405    -7.7941     2.2189     0.4800   0.0224   0.0361   0.0200
 0  13  16   406    -7.7941     7.2189     0.4800  -0.0285  -0.0421  -0.0220
 0  13  17   407    -7.7941    12.2189     0.4800  -0.0050  -0.0154  -0.0220
 0  13  18   408    -7.7941    17.2189     0.4800   0.0293  -0.0180  -0.0300
 0  13  19   409    -7.7941    22.2189     0.4800   0.0248  -0.0537   0.0330
 0  13  20   410    -7.7941    27.2189     0.4800   0.1033   0.0822   0.0800
 0  13  21   411    -7.7941    32.2189     0.4800  -0.0120  -0.0154   0.0250
 0  13  22   412    -7.7941    37.2189     0.4800   0.0003  -0.0342  -0.0260
 0  13  23   413    -7.7941    42.2189     0.4800   0.0120  -0.0538  -0.0360
 0  13  24   414    -7.7941    47.2189     0.4800  -0.0444  -0.0237  -0.0160
 0  13  25   415    -7.7941    52.2189     0.4800   0.0999   0.0764  -0.0080
 0  13  26   416    -7.7941    57.2189     0.4800   0.0197  -0.0286  -0.0400
 0  13  27   417    -7.7941    62.2189     0.4800   0.0327  -0.0940  -0.0230
 0  13  28   418    -7.7941    67.2189     0.4800  -0.0024  -0.1028  -0.0400
 0  13  29   419    -7.7941    72.1095     0.4800   0.0162  -0.0493   0.1050
 0  14   0   420    -2.7941   -72.3905     0.4800  -0.0016  -0.0117  -0.0700
 0  14   1   421    -2.7941   -67.7811     0.4800  -0.0509   0.0354   0.0200
 0  14   2   422    -2.7941   -62.7811     0.4800  -0.1078   0.0669  -0.0310
 0  14   3   423    -2.7941   -57.7811     0.4800   0.0853  -0.0066  -0.0070
 0  14   4   424    -2.7941   -52.7811     0.4800   0.0013  -0.0102  -0.0460
 0  14   5   425    -2.7941   -47.7811     0.4800   0.0093   0.0116  -0.0320
 0  14   6   426    -2.7941   -42.7811     0.4800   0.0097   0.0424  -0.0610
 0  14   7   427    -2.7941   -37.7811     0.4800  -0.0130   0.0091  -0.0260
 0  14   8   428    -2.7941   -32.7811     0.4800  -0.0283   0.0086   0.0320
 0  14   9   429    -2.7941   -27.7811     0.4800  -0.0468   0.0885   0.0110
 0  14  10   430    -2.7941   -22.7811     0.4800  -0.0181  -0.0357  -0.0190
 0  14  11   431    -2.7941   -17.7811     0.4800  -0.0616  -0.0811   0.0590
 0  14  12   432    -2.7941   -12.7811     0.4800  -0.0193  -0.0099   0.0050
 0  14  13   433    -2.7941    -7.7811     0.4800  -0.0017  -0.0213   0.0050
 0  14  14   434    -2.7941    -2.7811     0.4800  -0.0333  -0.0021   0.0100
 0  14  15   435    -2.7941     2.2189     0.4800  -0.0549  -0.0036   0.0010
 0  14  16   436    -2.7941     7.2189     0.4800  -0.0092  -0.0024  -0.0150
 0  14  17   437    -2.7941    12.2189     0.4800  -0.0271  -0.0234  -0.0020
 0  14  18   438    -2.7941    17.2189     0.4800  -0.0128  -0.0145  -0.0080
 0  14  19   439    -2.7941    22.2189     0.4800  -0.0264  -0.0322   0.0060
 0  14  20   440    -2.7941    27.2189     0.4800  -0.0133  -0.0595  -0.0090
 0  14  21   441    -2.7941    32.2189     0.4800   0.0040  -0.0755   0.0080
 0  14  22   442    -2.7941    37.2189     0.4800  -0.0266  -0.0764  -0.0260
 0  14  23   443    -2.7941    42.2189     0.4800  -0.0179  -0.0435  -0.0110
 0  14  24   444    -2.7941    47.2189     0.4800  -0.0596  -0.0276  -0.0410
 0  14  25   445    -2.7941    52.2189     0.4800  -0.0074  -0.0672  -0.0360
 0  14  26   446    -2.7941    57.2189     0.4800   0.0392  -0.0526  -0.0120
 0  14  27   447    -2.7941    62.2189     0.4800   0.1220  -0.0451   0.0260
 0  14  28   448    -2.7941    67.2189     0.4800   0.0137  -0.0486  -0.0450
 0  14  29   449    -2.7941    72.1095     0.4800  -0.1089  -0.0937   0.1320
 0  15   0   450     2.2059   -72.3905     0.4800  -0.0614   0.0089  -0.0970
 0  15   1   451     2.2059   -67.7811     0.4800  -0.0976   0.0728   0.0140
 0  15   2   452     2.2059   -62.7811     0.4800   0.0327   0.0424  -0.0600
 0  15   3   453     2.2059   -57.7811     0.4800  -0.0062   0.0370  -0.0710
 0  15   4   454     2.2059   -52.7811     0.4800  -0.0080   0.0079  -0.0430
 0  15   5   455     2.2059   -47.7811     0.4800   0.0518   0.1776  -0.0300
 0  15   6   456     2.2059   -42.7811     0.4800   0.0286   0.0373  -0.0410
 0  15   7   457     2.2059   -37.7811     0.4800   0.0313   0.0460  -0.0060
 0  15   8   458     2.2059   -32.7811     0.4800  -0.0285   0.0445   0.0320
 0  15   9   459     2.2059   -27.7811     0.4800   0.0206   0.0934   0.0370
 0  15  10   460     2.2059   -22.7811     0.4800   0.0421   0.0508   0.0320
 0  15  11   461     2.2059   -17.7811     0.4800  -0.0227  -0.0135   0.0040
 0  15  12   462     2.2059   -12.7811     0.4800   0.0084  -0.0097  -0.0180
 0  15  13   463     2.2059    -7.7811     0.4800   0.0190   0.0048  -0.0320
 0  15  14   464     2.2059    -2.7811     0.4800  -0.0194   0.0222   0.0410
 0  15  15   465     2.2059     2.2189     0.4800   0.0672  -0.0337   0.0440
 0  15  16   466     2.2059     7.2189     0.4800  -0.0037  -0.0206  -0.0090
 0  15  17   467     2.2059    12.2189     0.4800   0.0003  -0.0196  -0.0080
 0  15  18   468     2.2059    17.2189     0.4800   0.0026  -0.0037  -0.0050
 0  15  19   469     2.2059    22.2189     0.4800  -0.0323  -0.0161  -0.0090
 0  15  20   470     2.2059    27.2189     0.4800   0.0381   0.0297   0.0290
 0  15  21   471     2.2059    32.2189     0.4800   0.0303  -0.0456  -0.0210
 0  15  22   472     2.2059    37.2189     0.4800   0.0434  -0.0810  -0.0140
 0  15  23   473     2.2059    42.2189     0.4800  -0.0517  -0.0898  -0.0170
 0  15  24   474     2.2059    47.2189     0.4800  -0.0074  -0.0289  -0.0150
 0  15  25   475     2.2059    52.2189     0.4800   0.0392   0.0237  -0.0390
 0  15  26   476     2.2059    57.2189     0.4800   0.0083  -0.0717  -0.0200
 0  15  27   477     2.2059    62.2189     0.4800   0.0406  -0.0559  -0.0310
 0  15  28   478     2.2059    67.2189     0.4800   0.0460  -0.0684  -0.0490
 0  15  29   479     2.2059    72.1095     0.4800   0.0054  -0.0154   0.0060
 0  16   0   480     7.2059   -72.3905     0.4800  -0.0611   0.0457  -0.0970
 0  16   1   481     7.2059   -67.7811     0.4800  -0.0746   0.0029   0.0250
 0  16   2   482     7.2059   -62.7811     0.4800  -0.0854   0.0621  -0.0430
 0  16   3   483     7.2059   -57.7811     0.4800  -0.0133   0.0030   0.0360
 0  16   4   484     7.2059   -52.7811     0.4800  -0.0734   0.0930   0.0530
 0  16   5   485     7.2059   -47.7811     0.4800  -0.1081   0.1048   0.0240
 0  16   6   486     7.2059   -42.7811     0.4800  -0.0445   0.1430  -0.0120
 0  16   7   487     7.2059   -37.7811     0.4800  -0.0353   0.0809  -0.0360
 0  16   8   488     7.2059   -32.7811     0.4800  -0.0063  -0.0168   0.0230
 0  16   9   489     7.2059   -27.7811     0.4800  -0.0377   0.0128  -0.0150
 0  16  10   490     7.2059   -22.7811     0.4800   0.0053  -0.0168   0.0750
 0  16  11   491     7.2059   -17.7811     0.4800  -0.0252  -0.0375   0.0520
 0  16  12   492     7.2059   -12.7811     0.4800   0.0002  -0.0696   0.0120
 0  16  13   493     7.2059    -7.7811     0.4800  -0.0095  -0.0064  -0.0180
 0  16  14   494     7.2059    -2.7811     0.4800  -0.0281   0.0215  -0.0100
 0  16  15   495     7.2059     2.2189     0.4800  -0.0089  -0.0094  -0.0490
 0  16  16   496     7.2059     7.2189     0.4800  -0.0137   0.0083  -0.0180
 0  16  17   497     7.2059    12.2189     0.4800  -0.0000   0.0060  -0.0100
 0  16  18   498     7.2059    17.2189     0.4800   0.0068  -0.0362   0.0020
 0  16  19   499     7.2059    22.2189     0.4800   0.0185   0.0181   0.0280
 0  16  20   500     7.2059    27.2189     0.4800  -0.0267  -0.0322  -0.0290
 0  16  21   501     7.2059    32.2189     0.4800   0.0082  -0.0236   0.0060
 0  16  22   502     7.2059    37.2189     0.4800   0.0274  -0.0244   0.0200
 0  16  23   503     7.2059    42.2189     0.4800   0.0088  -0.0427  -0.0170
 0  16  24   504     7.2059    47.2189     0.4800   0.0065  -0.0346  -0.0500
 0  16  25   505     7.2059    52.2189     0.4800  -0.0026  -0.0364  -0.0410
 0  16  26   506     7.2059    57.2189     0.4800   0.0289  -0.0339  -0.0320
 0  16  27   507     7.2059    62.2189     0.4800  -0.0260  -0.0070  -0.0210
 0  16  28   508     7.2059    67.2189     0.4800   0.0479  -0.1030  -0.0140
 0  16  29   509     7.2059    72.1095     0.4800  -0.0293   0.0208   0.0490
 0  17   0   510    12.2059   -72.3905     0.4800  -0.1487   0.0802   0.0090
 0  17   1   511    12.2059   -67.7811     0.4800  -0.0884   0.0952   0.0330
 0  17   2   512    12.2059   -62.7811     0.4800  -0.0024   0.0061  -0.0000
 0  17   3   513    12.2059   -57.7811     0.4800   0.0387   0.0353  -0.0180
 0  17   4   514    12.2059   -52.7811     0.4800  -0.1323   0.0831  -0.0240
 0  17   5   515    12.2059   -47.7811     0.4800  -0.0024   0.1962   0.0290
 0  17   6   516    12.2059   -42.7811     0.4800  -0.0575   0.0547  -0.0380
 0  17   7   517    12.2059   -37.7811     0.4800  -0.0265   0.0285  -0.0550
 0  17   8   518    12.2059   -32.7811     0.4800  -0.0211  -0.0002   0.0010
 0  17   9   519    12.2059   -27.7811     0.4800  -0.0256  -0.0220  -0.0260
 0  17  10   520    12.2059   -22.7811     0.4800   0.0412   0.1437   0.0410
 0  17  11   521    12.2059   -17.7811     0.4800  -0.0728   0.0062   0.0040
 0  17  12   522    12.2059   -12.7811     0.4800  -0.0165   0.0358   0.0010
 0  17  13   523    12.2059    -7.7811     0.4800  -0.0186   0.0081   0.0120
 0  17  14   524    12.2059    -2.7811     0.4800  -0.0449   0.0266  -0.0000
 0  17  15   525    12.2059     2.2189     0.4800   0.0620   0.1818   0.0920
 0  17  16   526    12.2059     7.2189     0.4800  -0.0621   0.0027  -0.0590
 0  17  17   527    12.2059    12.2189     0.4800   0.0194  -0.0041   0.0010
 0  17  18   528    12.2059    17.2189     0.4800  -0.0005   0.0015  -0.0200
 0  17  19   529    12.2059    22.2189     0.4800   0.0183   0.0540   0.0280
 0  17  20   530    12.2059    27.2189     0.4800   0.1026   0.1160   0.0700
 0  17  21   531    12.2059    32.2189     0.4800   0.0518   0.0401  -0.0240
 0  17  22   532    12.2059    37.2189     0.4800  -0.0171   0.0428  -0.0020
 0  17  23   533    12.2059    42.2189     0.4800  -0.0106  -0.0581   0.0090
 0  17  24   534    12.2059    47.2189     0.4800  -0.0018  -0.0229  -0.0280
 0  17  25   535    12.2059    52.2189     0.4800   0.0548   0.0852   0.0180
 0  17  26   536    12.2059    57.2189     0.4800  -0.0258  -0.0024   0.0070
 0  17  27   537    12.2059    62.2189     0.4800   0.0130  -0.0192   0.0150
 0  17  28   538    12.2059    67.2189     0.4800  -0.0128  -0.0598   0.0170
 0  17  29   539    12.2059    72.1095     0.4800   0.0053   0.0829  -0.0090
 0  18   0   540    17.2059   -72.3905     0.4800  -0.0379   0.0404  -0.0240
 0  18   1   541    17.2059   -67.7811     0.4800   0.0069   0.0066   0.0050
 0  18   2   542    17.2059   -62.7811     0.4800   0.0240   0.0301   0.0570
 0  18   3   543    17.2059   -57.7811     0.4800  -0.0834   0.0862  -0.0380
 0  18   4   544    17.2059   -52.7811     0.4800  -0.0408  -0.0540   0.0130
 0  18   5   545    17.2059   -47.7811     0.4800  -0.1429   0.0810   0.0680
 0  18   6   546    17.2059   -42.7811     0.4800  -0.0357   0.0548   0.0630
 0  18   7   547    17.2059   -37.7811     0.4800  -0.0097   0.0638  -0.0300
 0  18   8   548    17.2059   -32.7811     0.4800  -0.1039   0.0846  -0.0300
 0  18   9   549    17.2059   -27.7811     0.4800  -0.0216   0.0692  -0.0330
 0  18  10   550    17.2059   -22.7811     0.4800  -0.0259   0.0358  -0.0210
 0  18  11   551    17.2059   -17.7811     0.4800   0.0408  -0.0467   0.0380
 0  18  12   552    17.2059   -12.7811     0.4800  -0.0729   0.0523  -0.0100
 0  18  13   553    17.2059    -7.7811     0.4800   0.0175   0.0069  -0.0360
 0  18  14   554    17.2059    -2.7811     0.4800  -0.0692  -0.0113  -0.0250
 0  18  15   555    17.2059     2.2189     0.4800  -0.0596   0.0534   0.0070
 0  18  16   556    17.2059     7.2189     0.4800  -0.0003   0.0121  -0.0270
 0  18  17   557    17.2059    12.2189     0.4800   0.0418  -0.0089  -0.0040
 0  18  18   558    17.2059    17.2189     0.4800   0.0031   0.0040  -0.0020
 0  18  19   559    17.2059    22.2189     0.4800  -0.0139   0.0645  -0.0220
 0  18  20   560    17.2059    27.2189     0.4800   0.0344  -0.0559   0.0110
 0  18  21   561    17.2059    32.2189     0.4800   0.0190   0.0094  -0.0400
 0  18  22   562    17.2059    37.2189     0.4800   0.0279  -0.0051  -0.0160
 0  18  23   563    17.2059    42.2189     0.4800   0.0195  -0.0697  -0.0000
 0  18  24   564    17.2059    47.2189     0.4800  -0.0052  -0.0544   0.0190
 0  18  25   565    17.2059    52.2189     0.4800   0.0952   0.0815   0.0180
 0  18  26   566    17.2059    57.2189     0.4800  -0.0263   0.0210   0.0140
 0  18  27   567    17.2059    62.2189     0.4800   0.0677  -0.0542   0.0070
 0  18  28   568    17.2059    67.2189     0.4800   0.0285  -0.0260   0.0340
 0  18  29   569    17.2059    72.1095     0.4800  -0.0164   0.0376  -0.0200
 0  19   0   570    22.2059   -72.3905     0.4800   0.0799   0.0047  -0.0170
 0  19   1   571    22.2059   -67.7811     0.4800  -0.1186   0.0514   0.0270
 0  19   2   572    22.2059   -62.7811     0.4800   0.0862   0.0681   0.0530
 0  19   3   573    22.2059   -57.7811     0.4800  -0.0450   0.0548  -0.0000
 0  19   4   574    22.2059   -52.7811     0.4800  -0.0620   0.0714  -0.0110
 0  19   5   575    22.2059   -47.7811     0.4800   0.1295   0.1731   0.0270
 0  19   6   576    22.2059   -42.7811     0.4800  -0.0133   0.0718  -0.0320
 0  19   7   577    22.2059   -37.7811     0.4800  -0.0094   0.1006  -0.0060
 0  19   8   578    22.2059   -32.7811     0.4800  -0.0114   0.0531  -0.0270
 0  19   9   579    22.2059   -27.7811     0.4800  -0.0354   0.0576   0.0120
 0  19  10   580    22.2059   -22.7811     0.4800   0.0799   0.1433   0.0670
 0  19  11   581    22.2059   -17.7811     0.4800   0.0402   0.0044   0.0270
 0  19  12   582    22.2059   -12.7811     0.4800  -0.0039   0.0182  -0.0160
 0  19  13   583    22.2059    -7.7811     0.4800  -0.0063  -0.0521  -0.0210
 0  19  14   584    22.2059    -2.7811     0.4800  -0.0573  -0.0344  -0.0210
 0  19  15   585    22.2059     2.2189     0.4800   0.1031   0.1454  -0.0260
 0  19  16   586    22.2059     7.2189     0.4800  -0.0255   0.0428  -0.0220
 0  19  17   587    22.2059    12.2189     0.4800  -0.0008   0.0515  -0.0030
 0  19  18   588    22.2059    17.2189     0.4800   0.0202   0.0138   0.0110
 0  19  19   589    22.2059    22.2189     0.4800  -0.0631   0.0075  -0.0360
 0  19  20   590    22.2059    27.2189     0.4800   0.1636   0.1362  -0.0240
 0  19  21   591    22.2059    32.2189     0.4800   0.0290   0.0510  -0.0120
 0  19  22   592    22.2059    37.2189     0.4800   0.0147   0.0002  -0.0260
 0  19  23   593    22.2059    42.2189     0.4800   0.0017   0.0099  -0.0200
 0  19  24   594    22.2059    47.2189     0.4800  -0.0303   0.0063   0.0210
 0  19  25   595    22.2059    52.2189     0.4800   0.1328   0.0829   0.0520
 0  19  26   596    22.2059    57.2189     0.4800  -0.0347   0.0027   0.0600
 0  19  27   597    22.2059    62.2189     0.4800   0.0125  -0.0235   0.0440
 0  19  28   598    22.2059    67.2189     0.4800  -0.0169  -0.0044   0.0350
 0  19  29   599    22.2059    72.1095     0.4800   0.0134   0.0135  -0.0260
 0  20   0   600    27.2059   -72.3905     0.4800  -0.0470   0.0491   0.0210
 0  20   1   601    27.2059   -67.7811     0.4800  -0.0842   0.0153   0.0650
 0  20   2   602    27.2059   -62.7811     0.4800   0.0212   0.0618   0.0540
 0  20   3   603    27.2059   -57.7811     0.4800   0.0220   0.0473   0.0210
 0  20   4   604    27.2059   -52.7811     0.4800  -0.0034   0.0272   0.0150
 0  20   5   605    27.2059   -47.7811     0.4800  -0.0338   0.0145   0.0240
 0  20   6   606    27.2059   -42.7811     0.4800  -0.0902   0.0828   0.0410
 0  20   7   607    27.2059   -37.7811     0.4800  -0.0205   0.0435  -0.0170
 0  20   8   608    27.2059   -32.7811     0.4800  -0.0400   0.0038  -0.0070
 0  20   9   609    27.2059   -27.7811     0.4800  -0.0867   0.0769   0.0030
 0  20  10   610    27.2059   -22.7811     0.4800  -0.0328   0.0363   0.0060
 0  20  11   611    27.2059   -17.7811     0.4800   0.0285   0.0285   0.0600
 0  20  12   612    27.2059   -12.7811     0.4800  -0.0245   0.0347  -0.0300
 0  20  13   613    27.2059    -7.7811     0.4800  -0.0141   0.0667  -0.0380
 0  20  14   614    27.2059    -2.7811     0.4800  -0.0850   0.0058  -0.0380
 0  20  15   615    27.2059     2.2189     0.4800  -0.0293  -0.0196  -0.0010
 0  20  16   616    27.2059     7.2189     0.4800  -0.0016  -0.0057  -0.0080
 0  20  17   617    27.2059    12.2189     0.4800  -0.0315  -0.0035  -0.0110
 0  20  18   618    27.2059    17.2189     0.4800  -0.0032   0.0596  -0.0390
 0  20  19   619    27.2059    22.2189     0.4800  -0.0935  -0.0269   0.0560
 0  20  20   620    27.2059    27.2189     0.4800   0.0253  -0.0010  -0.0440
 0  20  21   621    27.2059    32.2189     0.4800   0.0373   0.0058  -0.0200
 0  20  22   622    27.2059    37.2189     0.4800   0.0735  -0.0095  -0.0050
 0  20  23   623    27.2059    42.2189     0.4800  -0.0143  -0.0397  -0.0170
 0  20  24   624    27.2059    47.2189     0.4800  -0.0145  -0.0121   0.0500
 0  20  25   625    27.2059    52.2189     0.4800  -0.0167  -0.0179   0.0250
 0  20  26   626    27.2059    57.2189     0.4800   0.0311  -0.0191  -0.0040
 0  20  27   627    27.2059    62.2189     0.4800   0.0194   0.0106   0.0540
 0  20  28   628    27.2059    67.2189     0.4800  -0.0507  -0.0207   0.0330
 0  20  29   629    27.2059    72.1095     0.4800  -0.0408   0.0459  -0.0070
 0  21   0   630    32.2059   -72.3905     0.4800  -0.1018   0.0404  -0.0110
 0  21   1   631    32.2059   -67.7811     0.4800  -0.0810   0.1151   0.0090
 0  21   2   632    32.2059   -62.7811     0.4800   0.0097   0.0522   0.0150
 0  21   3   633    32.2059   -57.7811     0.4800   0.0568   0.0757   0.0020
 0  21   4   634    32.2059   -52.7811     0.4800  -0.1012   0.0721   0.0230
 0  21   5   635    32.2059   -47.7811     0.4800   0.1189   0.1654   0.0480
 0  21   6   636    32.2059   -42.7811     0.4800  -0.0119   0.0768  -0.0100
 0  21   7   637    32.2059   -37.7811     0.4800  -0.0356   0.0476   0.0300
 0  21   8   638    32.2059   -32.7811     0.4800   0.0298   0.0409  -0.0130
 0  21   9   639    32.2059   -27.7811     0.4800   0.0111   0.0065  -0.0040
 0  21  10   640    32.2059   -22.7811     0.4800   0.0035   0.1274   0.0720
 0  21  11   641    32.2059   -17.7811     0.4800  -0.0085   0.0326   0.0390
 0  21  12   642    32.2059   -12.7811     0.4800  -0.1169   0.0869  -0.0040
 0  21  13   643    32.2059    -7.7811     0.4800  -0.0500   0.0828  -0.0370
 0  21  14   644    32.2059    -2.7811     0.4800  -0.0457   0.0501  -0.0070
 0  21  15   645    32.2059     2.2189     0.4800   0.0459   0.0929   0.0790
 0  21  16   646    32.2059     7.2189     0.4800   0.0233  -0.0523  -0.0110
 0  21  17   647    32.2059    12.2189     0.4800   0.0401   0.0209   0.0560
 0  21  18   648    32.2059    17.2189     0.4800   0.0459  -0.0091  -0.0320
 0  21  19   649    32.2059    22.2189     0.4800   0.0103   0.0113  -0.0080
 0  21  20   650    32.2059    27.2189     0.4800   0.2353   0.2230  -0.0360
 0  21  21   651    32.2059    32.2189     0.4800   0.0493   0.0208  -0.0510
 0  21  22   652    32.2059    37.2189     0.4800   0.0803  -0.0076  -0.0400
 0  21  23   653    32.2059    42.2189     0.4800  -0.0207  -0.0465   0.0040
 0  21  24   654    32.2059    47.2189     0.4800  -0.0049  -0.0431  -0.0160
 0  21  25   655    32.2059    52.2189     0.4800   0.0840   0.0429   0.0320
 0  21  26   656    32.2059    57.2189     0.4800  -0.0108  -0.0134   0.0230
 0  21  27   657    32.2059    62.2189     0.4800  -0.0124  -0.0022   0.0050
 0  21  28   658    32.2059    67.2189     0.4800   0.0129  -0.0343  -0.0090
 0  21  29   659    32.2059    72.1095     0.4800  -0.0226   0.0435   0.0360
 0  22   0   660    37.2059   -72.3905     0.4800  -0.1380  -0.0819   0.0210
 0  22   1   661    37.2059   -67.7811     0.4800   0.0670   0.0297  -0.0370
 0  22   2   662    37.2059   -62.7811     0.4800   0.0209   0.0458   0.0220
 0  22   3   663    37.2059   -57.7811     0.4800  -0.1171   0.0548   0.0180
 0  22   4   664    37.2059   -52.7811     0.4800  -0.0980   0.0518   0.0240
 0  22   5   665    37.2059   -47.7811     0.4800  -0.0560  -0.0454   0.0200
 0  22   6   666    37.2059   -42.7811     0.4800  -0.0283   0.0967   0.0270
 0  22   7   667    37.2059   -37.7811     0.4800  -0.0150   0.0577  -0.0510
 0  22   8   668    37.2059   -32.7811     0.4800   0.0242   0.0695  -0.0250
 0  22   9   669    37.2059   -27.7811     0.4800   0.0065   0.0288  -0.0120
 0  22  10   670    37.2059   -22.7811     0.4800  -0.0461   0.1017   0.0140
 0  22  11   671    37.2059   -17.7811     0.4800  -0.0774   0.0515   0.0210
 0  22  12   672    37.2059   -12.7811     0.4800  -0.0119   0.0690  -0.0030
 0  22  13   673    37.2059    -7.7811     0.4800  -0.0399   0.0804   0.0090
 0  22  14   674    37.2059    -2.7811     0.4800  -0.0581   0.0850  -0.0170
 0  22  15   675    37.2059     2.2189     0.4800   0.0086   0.0325  -0.0220
 0  22  16   676    37.2059     7.2189     0.4800  -0.0488   0.0470  -0.0130
 0  22  17   677    37.2059    12.2189     0.4800   0.0112   0.0030   0.0510
 0  22  18   678    37.2059    17.2189     0.4800   0.0616  -0.0078  -0.0030
 0  22  19   679    37.2059    22.2189     0.4800   0.0593  -0.0216  -0.0030
 0  22  20   680    37.2059    27.2189     0.4800  -0.0027   0.0649   0.0040
 0  22  21   681    37.2059    32.2189     0.4800   0.0430  -0.0079  -0.0570
 0  22  22   682    37.2059    37.2189     0.4800   0.0225  -0.0274  -0.0210
 0  22  23   683    37.2059    42.2189     0.4800  -0.0532  -0.0265  -0.0020
 0  22  24   684    37.2059    47.2189     0.4800  -0.0215  -0.0057   0.0190
 0  22  25   685    37.2059    52.2189     0.4800   0.0108   0.0043   0.0260
 0  22  26   686    37.2059    57.2189     0.4800  -0.0268  -0.0388   0.0090
 0  22  27   687    37.2059    62.2189     0.4800   0.0015   0.0082   0.0280
 0  22  28   688    37.2059    67.2189     0.4800   0.0004  -0.0097   0.0270
 0  22  29   689    37.2059    72.1095     0.4800   0.0277   0.0630   0.0070
 0  23   0   690    42.2059   -72.3905     0.4800   0.0452   0.0756   0.0080
 0  23   1   691    42.2059   -67.7811     0.4800  -0.0001   0.0777  -0.0020
 0  23   2   692    42.2059   -62.7811     0.4800  -0.1068   0.1149   0.0350
 0  23   3   693    42.2059   -57.7811     0.4800   0.0053   0.0870   0.0130
 0  23   4   694    42.2059   -52.7811     0.4800   0.0626   0.1022   0.0340
 0  23   5   695    42.2059   -47.7811     0.4800  -0.0861   0.0367   0.0170
 0  23   6   696    42.2059   -42.7811     0.4800  -0.0471   0.0763   0.0050
 0  23   7   697    42.2059   -37.7811     0.4800  -0.0272   0.0508  -0.0540
 0  23   8   698    42.2059   -32.7811     0.4800  -0.0172   0.0380   0.0160
 0  23   9   699    42.2059   -27.7811     0.4800  -0.0208   0.0758   0.0420
 0  23  10   700    42.2059   -22.7811     0.4800   0.0313   0.0940  -0.0280
 0  23  11   701    42.2059   -17.7811     0.4800  -0.0293   0.0111   0.0400
 0  23  12   702    42.2059   -12.7811     0.4800  -0.0701   0.0645   0.0200
 0  23  13   703    42.2059    -7.7811     0.4800  -0.0137   0.0641  -0.0310
 0  23  14   704    42.2059    -2.7811     0.4800  -0.0188   0.0173  -0.0410
 0  23  15   705    42.2059     2.2189     0.4800  -0.0606   0.0689   0.0180
 0  23  16   706    42.2059     7.2189     0.4800  -0.0052   0.0149  -0.0340
 0  23  17   707    42.2059    12.2189     0.4800   0.0099   0.0130   0.0550
 0  23  18   708    42.2059    17.2189     0.4800  -0.0136   0.0102  -0.0180
 0  23  19   709    42.2059    22.2189     0.4800  -0.0068   0.0801  -0.0300
 0  23  20   710    42.2059    27.2189     0.4800   0.1317   0.1119  -0.0320
 0  23  21   711    42.2059    32.2189     0.4800   0.0231   0.0579  -0.0460
 0  23  22   712    42.2059    37.2189     0.4800  -0.0053  -0.0113  -0.0050
 0  23  23   713    42.2059    42.2189     0.4800   0.0727  -0.0242  -0.0190
 0  23  24   714    42.2059    47.2189     0.4800  -0.0263   0.0363  -0.0150
 0  23  25   715    42.2059    52.2189     0.4800   0.0277   0.0719  -0.0060
 0  23  26   716    42.2059    57.2189     0.4800  -0.0498  -0.0024   0.0210
 0  23  27   717    42.2059    62.2189     0.4800   0.0197  -0.0161   0.0150
 0  23  28   718    42.2059    67.2189     0.4800  -0.0293  -0.0168   0.0250
 0  23  29   719    42.2059    72.1095     0.4800   0.0134   0.0424  -0.0060
 0  24   0   720    47.2059   -72.3905     0.4800   0.0668   0.1312   0.0010
 0  24   1   721    47.2059   -67.7811     0.4800  -0.0042   0.0708   0.0280
 0  24   2   722    47.2059   -62.7811     0.4800  -0.0018   0.1050  -0.0030
 0  24   3   723    47.2059   -57.7811     0.4800  -0.0243   0.0440   0.0040
 0  24   4   724    47.2059   -52.7811     0.4800  -0.0923   0.0623   0.0620
 0  24   5   725    47.2059   -47.7811     0.4800  -0.0080   0.0343  -0.0350
 0  24   6   726    47.2059   -42.7811     0.4800  -0.0137   0.0444  -0.0120
 0  24   7   727    47.2059   -37.7811     0.4800  -0.0891  -0.0023  -0.0350
 0  24   8   728    47.2059   -32.7811     0.4800  -0.0348   0.0539   0.0020
 0  24   9   729    47.2059   -27.7811     0.4800  -0.0183   0.0524   0.0190
 0  24  10   730    47.2059   -22.7811     0.4800  -0.0081   0.0221  -0.0150
 0  24  11   731    47.2059   -17.7811     0.4800   0.0027   0.0688   0.0020
 0  24  12   732    47.2059   -12.7811     0.4800  -0.1010   0.0512   0.0390
 0  24  13   733    47.2059    -7.7811     0.4800  -0.0447  -0.0092  -0.0260
 0  24  14   734    47.2059    -2.7811     0.4800  -0.0465   0.0736  -0.0270
 0  24  15   735    47.2059     2.2189     0.4800  -0.0115   0.0002  -0.0150
 0  24  16   736    47.2059     7.2189     0.4800   0.0183  -0.0102  -0.0320
 0  24  17   737    47.2059    12.2189     0.4800   0.0328   0.0229   0.0440
 0  24  18   738    47.2059    17.2189     0.4800  -0.0080   0.0682  -0.0150
 0  24  19   739    47.2059    22.2189     0.4800   0.0118  -0.0335  -0.0490
 0  24  20   740    47.2059    27.2189     0.4800  -0.0087  -0.0229  -0.0080
 0  24  21   741    47.2059    32.2189     0.4800   0.0334  -0.0220  -0.0240
 0  24  22   742    47.2059    37.2189     0.4800  -0.0046  -0.0418  -0.0110
 0  24  23   743    47.2059    42.2189     0.4800  -0.0026  -0.0604  -0.0340
 0  24  24   744    47.2059    47.2189     0.4800   0.0172   0.0158  -0.0300
 0  24  25   745    47.2059    52.2189     0.4800  -0.0486  -0.0180  -0.0330
 0  24  26   746    47.2059    57.2189     0.4800   0.0172   0.0178   0.0130
 0  24  27   747    47.2059    62.2189     0.4800  -0.0162   0.0081   0.0320
 0  24  28   748    47.2059    67.2189     0.4800  -0.0075   0.0410   0.0300
 0  24  29   749    47.2059    72.1095     0.4800  -0.0119  -0.0111  -0.0190
 0  25   0   750    52.2059   -72.3905     0.4800  -0.0179   0.0127  -0.0790
 0  25   1   751    52.2059   -67.7811     0.4800   0.0715   0.0721   0.0020
 0  25   2   752    52.2059   -62.7811     0.4800  -0.0024   0.1181  -0.0270
 0  25   3   753    52.2059   -57.7811     0.4800  -0.0478   0.1257   0.0040
 0  25   4   754    52.2059   -52.7811     0.4800   0.0390   0.0419  -0.0040
 0  25   5   755    52.2059   -47.7811     0.4800   0.1047   0.1517   0.0400
 0  25   6   756    52.2059   -42.7811     0.4800   0.0370   0.0185  -0.0020
 0  25   7   757    52.2059   -37.7811     0.4800  -0.1165   0.0285  -0.0310
 0  25   8   758    52.2059   -32.7811     0.4800  -0.0510   0.0321   0.0380
 0  25   9   759    52.2059   -27.7811     0.4800  -0.0633   0.0448   0.0070
 0  25  10   760    52.2059   -22.7811     0.4800   0.0598   0.1099   0.0130
 0  25  11   761    52.2059   -17.7811     0.4800  -0.0318   0.0252  -0.0110
 0  25  12   762    52.2059   -12.7811     0.4800  -0.0365   0.0012  -0.0080
 0  25  13   763    52.2059    -7.7811     0.4800  -0.0015   0.0317  -0.0520
 0  25  14   764    52.2059    -2.7811     0.4800  -0.0079   0.0087  -0.0350
 0  25  15   765    52.2059     2.2189     0.4800   0.0541   0.1621   0.0260
 0  25  16   766    52.2059     7.2189     0.4800   0.0190   0.0333  -0.0000
 0  25  17   767    52.2059    12.2189     0.4800   0.0501   0.0152  -0.0090
 0  25  18   768    52.2059    17.2189     0.4800   0.0252   0.0259   0.0260
 0  25  19   769    52.2059    22.2189     0.4800   0.0126  -0.0478   0.0080
 0  25  20   770    52.2059    27.2189     0.4800  -0.0019   0.0551   0.0380
 0  25  21   771    52.2059    32.2189     0.4800   0.0202  -0.0386   0.0040
 0  25  22   772    52.2059    37.2189     0.4800   0.0433  -0.0786  -0.0250
 0  25  23   773    52.2059    42.2189     0.4800   0.0473  -0.0476  -0.0060
 0  25  24   774    52.2059    47.2189     0.4800  -0.0004  -0.0583   0.0030
 0  25  25   775    52.2059    52.2189     0.4800   0.0149   0.0043   0.0180
 0  25  26   776    52.2059    57.2189     0.4800  -0.0173  -0.0096  -0.0310
 0  25  27   777    52.2059    62.2189     0.4800  -0.0082  -0.0358   0.0450
 0  25  28   778    52.2059    67.2189     0.4800  -0.0435  -0.0190   0.0010
 0  25  29   779    52.2059    72.1095     0.4800  -0.0604   0.0711  -0.0130
 0  26   0   780    57.2059   -72.3905     0.4800   0.0447   0.0355  -0.0240
 0  26   1   781    57.2059   -67.7811     0.4800  -0.0123   0.0593   0.0570
 0  26   2   782    57.2059   -62.7811     0.4800  -0.1198   0.0612  -0.0140
 0  26   3   783    57.2059   -57.7811     0.4800  -0.1239   0.0761   0.0210
 0  26   4   784    57.2059   -52.7811     0.4800   0.0244   0.0388   0.0420
 0  26   5   785    57.2059   -47.7811     0.4800  -0.0372   0.0142   0.0170
 0  26   6   786    57.2059   -42.7811     0.4800  -0.0857   0.0062   0.0080
 0  26   7   787    57.2059   -37.7811     0.4800  -0.0023   0.0226  -0.0630
 0  26   8   788    57.2059   -32.7811     0.4800  -0.0585  -0.0028   0.0290
 0  26   9   789    57.2059   -27.7811     0.4800  -0.1030   0.0043   0.0180
 0  26  10   790    57.2059   -22.7811     0.4800  -0.0176  -0.0059   0.0090
 0  26  11   791    57.2059   -17.7811     0.4800  -0.0666   0.0072   0.0630
 0  26  12   792    57.2059   -12.7811     0.4800  -0.0360   0.0183   0.0430
 0  26  13   793    57.2059    -7.7811     0.4800  -0.0417  -0.0017  -0.0100
 0  26  14   794    57.2059    -2.7811     0.4800  -0.0861   0.0215   0.0030
 0  26  15   795    57.2059     2.2189     0.4800  -0.0255  -0.0056  -0.0100
 0  26  16   796    57.2059     7.2189     0.4800  -0.0111   0.0033  -0.0120
 0  26  17   797    57.2059    12.2189     0.4800  -0.0029  -0.0143   0.0410
 0  26  18   798    57.2059    17.2189     0.4800   0.0260  -0.0103   0.0380
 0  26  19   799    57.2059    22.2189     0.4800  -0.0078  -0.0210   0.0180
 0  26  20   800    57.2059    27.2189     0.4800   0.0258  -0.0347   0.0060
 0  26  21   801    57.2059    32.2189     0.4800   0.0342  -0.0582   0.0260
 0  26  22   802    57.2059    37.2189     0.4800   0.0882  -0.0607  -0.0010
 0  26  23   803    57.2059    42.2189     0.4800  -0.0102  -0.0571  -0.0190
 0  26  24   804    57.2059    47.2189     0.4800  -0.0263  -0.0549   0.0180
 0  26  25   805    57.2059    52.2189     0.4800  -0.0718  -0.0877   0.0150
 0  26  26   806    57.2059    57.2189     0.4800   0.0153  -0.0689   0.0570
 0  26  27   807    57.2059    62.2189     0.4800  -0.0124  -0.0588   0.0360
 0  26  28   808    57.2059    67.2189     0.4800  -0.0301  -0.0695  -0.0200
 0  26  29   809    57.2059    72.1095     0.4800  -0.1022   0.0410  -0.0660
 0  27   0   810    62.2059   -72.3905     0.4800   0.0456  -0.0747  -0.0950
 0  27   1   811    62.2059   -67.7811     0.4800   0.0042   0.0301   0.0120
 0  27   2   812    62.2059   -62.7811     0.4800   0.0117   0.0291   0.0020
 0  27   3   813    62.2059   -57.7811     0.4800   0.0224   0.0297  -0.0010
 0  27   4   814    62.2059   -52.7811     0.4800  -0.0001  -0.0613   0.0070
 0  27   5   815    62.2059   -47.7811     0.4800  -0.0740   0.0666   0.0490
 0  27   6   816    62.2059   -42.7811     0.4800  -0.0544  -0.0153  -0.0210
 0  27   7   817    62.2059   -37.7811     0.4800  -0.0029  -0.0221  -0.0540
 0  27   8   818    62.2059   -32.7811     0.4800  -0.0789   0.0182   0.0320
 0  27   9   819    62.2059   -27.7811     0.4800  -0.0272  -0.0083  -0.0200
 0  27  10   820    62.2059   -22.7811     0.4800   0.0275   0.0246  -0.0060
 0  27  11   821    62.2059   -17.7811     0.4800  -0.0253  -0.0109   0.0010
 0  27  12   822    62.2059   -12.7811     0.4800   0.0389   0.0362   0.0230
 0  27  13   823    62.2059    -7.7811     0.4800  -0.0203  -0.0163  -0.0210
 0  27  14   824    62.2059    -2.7811     0.4800  -0.0646   0.0090  -0.0110
 0  27  15   825    62.2059     2.2189     0.4800   0.0958   0.0468   0.0330
 0  27  16   826    62.2059     7.2189     0.4800   0.0756  -0.0202   0.0140
 0  27  17   827    62.2059    12.2189     0.4800   0.0512  -0.0144   0.0310
 0  27  18   828    62.2059    17.2189     0.4800   0.0188   0.0054   0.0170
 0  27  19   829    62.2059    22.2189     0.4800  -0.0214  -0.0882  -0.0180
 0  27  20   830    62.2059    27.2189     0.4800   0.0885   0.0422  -0.0250
 0  27  21   831    62.2059    32.2189     0.4800   0.0826  -0.0400  -0.0180
 0  27  22   832    62.2059    37.2189     0.4800   0.0256  -0.1008  -0.0140
 0  27  23   833    62.2059    42.2189     0.4800   0.0298  -0.0675  -0.0380
 0  27  24   834    62.2059    47.2189     0.4800   0.0096  -0.0364   0.0060
 0  27  25   835    62.2059    52.2189     0.4800   0.0818  -0.0055   0.0480
 0  27  26   836    62.2059    57.2189     0.4800  -0.0125  -0.0228  -0.0380
 0  27  27   837    62.2059    62.2189     0.4800   0.0289  -0.0191   0.0300
 0  27  28   838    62.2059    67.2189     0.4800  -0.0262  -0.0845  -0.0180
 0  27  29   839    62.2059    72.1095     0.4800  -0.0084   0.0457  -0.0400
 0  28   0   840    67.2059   -72.3905     0.4800  -0.0746  -0.0527  -0.1030
 0  28   1   841    67.2059   -67.7811     0.4800  -0.1078   0.0764   0.0510
 0  28   2   842    67.2059   -62.7811     0.4800  -0.1427   0.0259   0.0690
 0  28   3   843    67.2059   -57.7811     0.4800  -0.0422   0.0740   0.0180
 0  28   4   844    67.2059   -52.7811     0.4800  -0.0372   0.0247   0.0580
 0  28   5   845    67.2059   -47.7811     0.4800  -0.1592  -0.0066   0.0580
 0  28   6   846    67.2059   -42.7811     0.4800  -0.1753   0.0314   0.0570
 0  28   7   847    67.2059   -37.7811     0.4800  -0.1529  -0.0036   0.0360
 0  28   8   848    67.2059   -32.7811     0.4800  -0.0862   0.0178   0.0420
 0  28   9   849    67.2059   -27.7811     0.4800  -0.0751  -0.0269  -0.0150
 0  28  10   850    67.2059   -22.7811     0.4800  -0.0547  -0.0376   0.0230
 0  28  11   851    67.2059   -17.7811     0.4800  -0.0135  -0.0062   0.0580
 0  28  12   852    67.2059   -12.7811     0.4800  -0.0733  -0.0318   0.0010
 0  28  13   853    67.2059    -7.7811     0.4800  -0.0714  -0.0285   0.0110
 0  28  14   854    67.2059    -2.7811     0.4800  -0.0416  -0.0469   0.0240
 0  28  15   855    67.2059     2.2189     0.4800  -0.0078  -0.0724  -0.0100
 0  28  16   856    67.2059     7.2189     0.4800  -0.0055  -0.0265   0.0400
 0  28  17   857    67.2059    12.2189     0.4800   0.0497  -0.0008   0.0210
 0  28  18   858    67.2059    17.2189     0.4800   0.0049  -0.0444   0.0080
 0  28  19   859    67.2059    22.2189     0.4800  -0.0084  -0.0853  -0.0010
 0  28  20   860    67.2059    27.2189     0.4800   0.0183  -0.0812   0.0400
 0  28  21   861    67.2059    32.2189     0.4800  -0.0091  -0.0887   0.0250
 0  28  22   862    67.2059    37.2189     0.4800   0.0287  -0.0772  -0.0350
 0  28  23   863    67.2059    42.2189     0.4800   0.0186  -0.0726  -0.0520
 0  28  24   864    67.2059    47.2189     0.4800  -0.0567  -0.0731  -0.0250
 0  28  25   865    67.2059    52.2189     0.4800  -0.0379  -0.0865  -0.0350
 0  28  26   866    67.2059    57.2189     0.4800  -0.0289  -0.0710  -0.0310
 0  28  27   867    67.2059    62.2189     0.4800   0.0683  -0.0165   0.0180
 0  28  28   868    67.2059    67.2189     0.4800   0.0603  -0.0744   0.0170
 0  28  29   869    67.2059    72.1095     0.4800   0.0163  -0.0113   0.0220
 0  29   0   870    72.1030   -72.3905     0.4800   0.1281  -0.0156   0.1130
 0  29   1   871    72.1030   -67.7811     0.4800  -0.0655   0.0097   0.0240
 0  29   2   872    72.1030   -62.7811     0.4800  -0.0818   0.1795   0.0990
 0  29   3   873    72.1030   -57.7811     0.4800  -0.0514   0.0001   0.0370
 0  29   4   874    72.1030   -52.7811     0.4800   0.0169   0.1245   0.0730
 0  29   5   875    72.1030   -47.7811     0.4800  -0.0065   0.0559   0.0220
 0  29   6   876    72.1030   -42.7811     0.4800  -0.0409   0.0444   0.0470
 0  29   7   877    72.1030   -37.7811     0.4800  -0.0452   0.0410   0.0240
 0  29   8   878    72.1030   -32.7811     0.4800  -0.1187  -0.0784  -0.0120
 0  29   9   879    72.1030   -27.7811     0.4800  -0.0732   0.0003   0.0080
 0  29  10   880    72.1030   -22.7811     0.4800  -0.0053   0.0060   0.0570
 0  29  11   881    72.1030   -17.7811     0.4800   0.0783  -0.0632   0.0140
 0  29  12   882    72.1030   -12.7811     0.4800   0.0295  -0.0918   0.0210
 0  29  13   883    72.1030    -7.7811     0.4800   0.0402  -0.1212  -0.0030
 0  29  14   884    72.1030    -2.7811     0.4800   0.0806  -0.0512   0.0130
 0  29  15   885    72.1030     2.2189     0.4800   0.1239  -0.0082  -0.0070
 0  29  16   886    72.1030     7.2189     0.4800   0.1244  -0.0594   0.0010
 0  29  17   887    72.1030    12.2189     0.4800   0.0975  -0.0740   0.0180
 0  29  18   888    72.1030    17.2189     0.4800   0.1535  -0.0869  -0.0010
 0  29  19   889    72.1030    22.2189     0.4800   0.1085  -0.1049   0.0160
 0  29  20   890    72.1030    27.2189     0.4800   0.1499   0.0188  -0.0010
 0  29  21   891    72.1030    32.2189     0.4800   0.1300  -0.0737   0.0030
 0  29  22   892    72.1030    37.2189     0.4800   0.1304  -0.1030  -0.0390
 0  29  23   893    72.1030    42.2189     0.4800   0.0903  -0.1204  -0.0080
 0  29  24   894    72.1030    47.2189     0.4800   0.0672  -0.1084  -0.0520
 0  29  25   895    72.1030    52.2189     0.4800   0.2083  -0.1600  -0.0260
 0  29  26   896    72.1030    57.2189     0.4800   0.0894  -0.1400  -0.0270
 0  29  27   897    72.1030    62.2189     0.4800   0.1007  -0.0704  -0.0340
 0  29  28   898    72.1030    67.2189     0.4800   0.0985  -0.1802  -0.0560
 0  29  29   899    72.1030    72.1095     0.4800   0.0991   0.0442   0.0110
 1   0   0   900   -72.1030   -72.3905     0.7800   0.0000   0.0000   0.0000
 1   0   1   901   -72.1030   -67.7811     0.7800   0.0000   0.0000   0.0000
 1   0   2   902   -72.1030   -62.7811     0.7800   0.0000   0.0000   0.0000
 1   0   3   903   -72.1030   -57.7811     0.7800   0.0000   0.0000   0.0000
 1   0   4   904   -72.1030   -52.7811     0.7800   0.0000   0.0000   0.0000
 1   0   5   905   -72.1030   -47.7811     0.7800   0.0000   0.0000   0.0000
 1   0   6   906   -72.1030   -42.7811     0.7800   0.0000   0.0000   0.0000
 1   0   7   907   -72.1030   -37.7811     0.7800   0.0000   0.0000   0.0000
 1   0   8   908   -72.1030   -32.7811     0.7800   0.0000   0.0000   0.0000
 1   0   9   909   -72.1030   -27.7811     0.7800   0.0000   0.0000   0.0000
 1   0  10   910   -72.1030   -22.7811     0.7800   0.0000   0.0000   0.0000
 1   0  11   911   -72.1030   -17.7811     0.7800   0.0000   0.0000   0.0000
 1   0  12   912   -72.1030   -12.7811     0.7800   0.0000   0.0000   0.0000
 1   0  13   913   -72.1030    -7.7811     0.7800   0.0000   0.0000   0.0000
 1   0  14   914   -72.1030    -2.7811     0.7800   0.0000   0.0000   0.0000
 1   0  15   915   -72.1030     2.2189     0.7800   0.0000   0.0000   0.0000
 1   0  16   916   -72.1030     7.2189     0.7800   0.0000   0.0000   0.0000
 1   0  17   917   -72.1030    12.2189     0.7800   0.0000   0.0000   0.0000
 1   0  18   918   -72.1030    17.2189     0.7800   0.0000   0.0000   0.0000
 1   0  19   919   -72.1030    22.2189     0.7800   0.0000   0.0000   0.0000
 1   0  20   920   -72.1030    27.2189     0.7800   0.0000   0.0000   0.0000
 1   0  21   921   -72.1030    32.2189     0.7800   0.0000   0.0000   0.0000
 1   0  22   922   -72.1030    37.2189     0.7800   0.0000   0.0000   0.0000
 1   0  23   923   -72.1030    42.2189     0.7800   0.0000   0.0000   0.0000
 1   0  24   924   -72.1030    47.2189     0.7800   0.0000   0.0000   0.0000
 1   0  25   925   -72.1030    52.2189     0.7800   0.0000   0.0000   0.0000
 1   0  26   926   -72.1030    57.2189     0.7800   0.0000   0.0000   0.0000
 1   0  27   927   -72.1030    62.2189     0.7800   0.0000   0.0000   0.0000
 1   0  28   928   -72.1030    67.2189     0.7800   0.0000   0.0000   0.0000
 1   0  29   929   -72.1030    72.1095     0.7800   0.0000   0.0000   0.0000
 1   1   0   930   -67.2059   -72.3905     0.7800   0.0000   0.0000   0.0000
 1   1   1   931   -67.2059   -67.7811     0.7800   0.0000   0.0000   0.0000
 1   1   2   932   -67.2059   -62.7811     0.7800   0.0000   0.0000   0.0000
 1   1   3   933   -67.2059   -57.7811     0.7800   0.0000   0.0000   0.0000
 1   1   4   934   -67.2059   -52.7811     0.7800   0.0000   0.0000   0.0000
 1   1   5   935   -67.2059   -47.7811     0.7800   0.0000   0.0000   0.0000
 1   1   6   936   -67.2059   -42.7811     0.7800   0.0000   0.0000   0.0000
 1   1   7   937   -67.2059   -37.7811     0.7800   0.0000   0.0000   0.0000
 1   1   8   938   -67.2059   -32.7811     0.7800   0.0000   0.0000   0.0000
 1   1   9   939   -67.2059   -27.7811     0.7800   0.0000   0.0000   0.0000
 1   1  10   940   -67.2059   -22.7811     0.7800   0.0000   0.0000   0.0000
 1   1  11   941   -67.2059   -17.7811     0.7800   0.0000   0.0000   0.0000
 1   1  12   942   -67.2059   -12.7811     0.7800   0.0000   0.0000   0.0000
 1   1  13   943   -67.2059    -7.7811     0.7800   0.0000   0.0000   0.0000
 1   1  14   944   -67.2059    -2.7811     0.7800   0.0000   0.0000   0.0000
 1   1  15   945   -67.2059     2.2189     0.7800   0.0000   0.0000   0.0000
 1   1  16   946   -67.2059     7.2189     0.7800   0.0000   0.0000   0.0000
 1   1  17   947   -67.2059    12.2189     0.7800   0.0000   0.0000   0.0000
 1   1  18   948   -67.2059    17.2189     0.7800   0.0000   0.0000   0.0000
 1   1  19   949   -67.2059    22.2189     0.7800   0.0000   0.0000   0.0000
 1   1  20   950   -67.2059    27.2189     0.7800   0.0000   0.0000   0.0000
 1   1  21   951   -67.2059    32.2189     0.7800   0.0000   0.0000   0.0000
 1   1  22   952   -67.2059    37.2189     0.7800   0.0000   0.0000   0.0000
 1   1  23   953   -67.2059    42.2189     0.7800   0.0000   0.0000   0.0000
 1   1  24   954   -67.2059    47.2189     0.7800   0.0000   0.0000   0.0000
 1   1  25   955   -67.2059    52.2189     0.7800   0.0000   0.0000   0.0000
 1   1  26   956   -67.2059    57.2189     0.7800   0.0000   0.0000   0.0000
 1   1  27   957   -67.2059    62.2189     0.7800   0.0000   0.0000   0.0000
 1   1  28   958   -67.2059    67.2189     0.7800   0.0000   0.0000   0.0000
 1   1  29   959   -67.2059    72.1095     0.7800   0.0000   0.0000   0.0000
 1   2   0   960   -62.2059   -72.3905     0.7800   0.0000   0.0000   0.0000
 1   2   1   961   -62.2059   -67.7811     0.7800   0.0000   0.0000   0.0000
 1   2   2   962   -62.2059   -62.7811     0.7800   0.0000   0.0000   0.0000
 1   2   3   963   -62.2059   -57.7811     0.7800   0.0000   0.0000   0.0000
 1   2   4   964   -62.2059   -52.7811     0.7800   0.0000   0.0000   0.0000
 1   2   5   965   -62.2059   -47.7811     0.7800   0.0000   0.0000   0.0000
 1   2   6   966   -62.2059   -42.7811     0.7800   0.0000   0.0000   0.0000
 1   2   7   967   -62.2059   -37.7811     0.7800   0.0000   0.0000   0.0000
 1   2   8   968   -62.2059   -32.7811     0.7800   0.0000   0.0000   0.0000
 1   2   9   969   -62.2059   -27.7811     0.7800   0.0000   0.0000   0.0000
 1   2  10   970   -62.2059   -22.7811     0.7800   0.0000   0.0000   0.0000
 1   2  11   971   -62.2059   -17.7811     0.7800   0.0000   0.0000   0.0000
 1   2  12   972   -62.2059   -12.7811     0.7800   0.0000   0.0000   0.0000
 1   2  13   973   -62.2059    -7.7811     0.7800   0.0000   0.0000   0.0000
 1   2  14   974   -62.2059    -2.7811     0.7800   0.0000   0.0000   0.0000
 1   2  15   975   -62.2059     2.2189     0.7800   0.0000   0.0000   0.0000
 1   2  16   976   -62.2059     7.2189     0.7800   0.0000   0.0000   0.0000
 1   2  17   977   -62.2059    12.2189     0.7800   0.0000   0.0000   0.0000
 1   2  18   978   -62.2059    17.2189     0.7800   0.0000   0.0000   0.0000
 1   2  19   979   -62.2059    22.2189     0.7800   0.0000   0.0000   0.0000
 1   2  20   980   -62.2059    27.2189     0.7800   0.0000   0.0000   0.0000
 1   2  21   981   -62.2059    32.2189     0.7800   0.0000   0.0000   0.0000
 1   2  22   982   -62.2059    37.2189     0.7800   0.0000   0.0000   0.0000
 1   2  23   983   -62.2059    42.2189     0.7800   0.0000   0.0000   0.0000
 1   2  24   984   -62.2059    47.2189     0.7800   0.0000   0.0000   0.0000
 1   2  25   985   -62.2059    52.2189     0.7800   0.0000   0.0000   0.0000
 1   2  26   986   -62.2059    57.2189     0.7800   0.0000   0.0000   0.0000
 1   2  27   987   -62.2059    62.2189     0.7800   0.0000   0.0000   0.0000
 1   2  28   988   -62.2059    67.2189     0.7800   0.0000   0.0000   0.0000
 1   2  29   989   -62.2059    72.1095     0.7800   0.0000   0.0000   0.0000
 1   3   0   990   -57.2059   -72.3905     0.7800   0.0000   0.0000   0.0000
 1   3   1   991   -57.2059   -67.7811     0.7800   0.0000   0.0000   0.0000
 1   3   2   992   -57.2059   -62.7811     0.7800   0.0000   0.0000   0.0000
 1   3   3   993   -57.2059   -57.7811     0.7800   0.0000   0.0000   0.0000
 1   3   4   994   -57.2059   -52.7811     0.7800   0.0000   0.0000   0.0000
 1   3   5   995   -57.2059   -47.7811     0.7800   0.0000   0.0000   0.0000
 1   3   6   996   -57.2059   -42.7811     0.7800   0.0000   0.0000   0.0000
 1   3   7   997   -57.2059   -37.7811     0.7800   0.0000   0.0000   0.0000
 1   3   8   998   -57.2059   -32.7811     0.7800   0.0000   0.0000   0.0000
 1   3   9   999   -57.2059   -27.7811     0.7800   0.0000   0.0000   0.0000
 1   3  10  1000   -57.2059   -22.7811     0.7800   0.0000   0.0000   0.0000
 1   3  11  1001   -57.2059   -17.7811     0.7800   0.0000   0.0000   0.0000
 1   3  12  1002   -57.2059   -12.7811     0.7800   0.0000   0.0000   0.0000
 1   3  13  1003   -57.2059    -7.7811     0.7800   0.0000   0.0000   0.0000
 1   3  14  1004   -57.2059    -2.7811     0.7800   0.0000   0.0000   0.0000
 1   3  15  1005   -57.2059     2.2189     0.7800   0.0000   0.0000   0.0000
 1   3  16  1006   -57.2059     7.2189     0.7800   0.0000   0.0000   0.0000
 1   3  17  1007   -57.2059    12.2189     0.7800   0.0000   0.0000   0.0000
 1   3  18  1008   -57.2059    17.2189     0.7800   0.0000   0.0000   0.0000
 1   3  19  1009   -57.2059    22.2189     0.7800   0.0000   0.0000   0.0000
 1   3  20  1010   -57.2059    27.2189     0.7800   0.0000   0.0000   0.0000
 1   3  21  1011   -57.2059    32.2189     0.7800   0.0000   0.0000   0.0000
 1   3  22  1012   -57.2059    37.2189     0.7800   0.0000   0.0000   0.0000
 1   3  23  1013   -57.2059    42.2189     0.7800   0.0000   0.0000   0.0000
 1   3  24  1014   -57.2059    47.2189     0.7800   0.0000   0.0000   0.0000
 1   3  25  1015   -57.2059    52.2189     0.7800   0.0000   0.0000   0.0000
 1   3  26  1016   -57.2059    57.2189     0.7800   0.0000   0.0000   0.0000
 1   3  27  1017   -57.2059    62.2189     0.7800   0.0000   0.0000   0.0000
 1   3  28  1018   -57.2059    67.2189     0.7800   0.0000   0.0000   0.0000
 1   3  29  1019   -57.2059    72.1095     0.7800   0.0000   0.0000   0.0000
 1   4   0  1020   -52.2059   -72.3905     0.7800   0.0000   0.0000   0.0000
 1   4   1  1021   -52.2059   -67.7811     0.7800   0.0000   0.0000   0.0000
 1   4   2  1022   -52.2059   -62.7811     0.7800   0.0000   0.0000   0.0000
 1   4   3  1023   -52.2059   -57.7811     0.7800   0.0000   0.0000   0.0000
 1   4   4  1024   -52.2059   -52.7811     0.7800   0.0000   0.0000   0.0000
 1   4   5  1025   -52.2059   -47.7811     0.7800   0.0000   0.0000   0.0000
 1   4   6  1026   -52.2059   -42.7811     0.7800   0.0000   0.0000   0.0000
 1   4   7  1027   -52.2059   -37.7811     0.7800   0.0000   0.0000   0.0000
 1   4   8  1028   -52.2059   -32.7811     0.7800   0.0000   0.0000   0.0000
 1   4   9  1029   -52.2059   -27.7811     0.7800   0.0000   0.0000   0.0000
 1   4  10  1030   -52.2059   -22.7811     0.7800   0.0000   0.0000   0.0000
 1   4  11  1031   -52.2059   -17.7811     0.7800   0.0000   0.0000   0.0000
 1   4  12  1032   -52.2059   -12.7811     0.7800   0.0000   0.0000   0.0000
 1   4  13  1033   -52.2059    -7.7811     0.7800   0.0000   0.0000   0.0000
 1   4  14  1034   -52.2059    -2.7811     0.7800   0.0000   0.0000   0.0000
 1   4  15  1035   -52.2059     2.2189     0.7800   0.0000   0.0000   0.0000
 1   4  16  1036   -52.2059     7.2189     0.7800   0.0000   0.0000   0.0000
 1   4  17  1037   -52.2059    12.2189     0.7800   0.0000   0.0000   0.0000
 1   4  18  1038   -52.2059    17.2189     0.7800   0.0000   0.0000   0.0000
 1   4  19  1039   -52.2059    22.2189     0.7800   0.0000   0.0000   0.0000
 1   4  20  1040   -52.2059    27.2189     0.7800   0.0000   0.0000   0.0000
 1   4  21  1041   -52.2059    32.2189     0.7800   0.0000   0.0000   0.0000
 1   4  22  1042   -52.2059    37.2189     0.7800   0.0000   0.0000   0.0000
 1   4  23  1043   -52.2059    42.2189     0.7800   0.0000   0.0000   0.0000
 1   4  24  1044   -52.2059    47.2189     0.7800   0.0000   0.0000   0.0000
 1   4  25  1045   -52.2059    52.2189     0.7800   0.0000   0.0000   0.0000
 1   4  26  1046   -52.2059    57.2189     0.7800   0.0000   0.0000   0.0000
 1   4  27  1047   -52.2059    62.2189     0.7800   0.0000   0.0000   0.0000
 1   4  28  1048   -52.2059    67.2189     0.7800   0.0000   0.0000   0.0000
 1   4  29  1049   -52.2059    72.1095     0.7800   0.0000   0.0000   0.0000
 1   5   0  1050   -47.2059   -72.3905     0.7800   0.0000   0.0000   0.0000
 1   5   1  1051   -47.2059   -67.7811     0.7800   0.0000   0.0000   0.0000
 1   5   2  1052   -47.2059   -62.7811     0.7800   0.0000   0.0000   0.0000
 1   5   3  1053   -47.2059   -57.7811     0.7800   0.0000   0.0000   0.0000
 1   5   4  1054   -47.2059   -52.7811     0.7800   0.0000   0.0000   0.0000
 1   5   5  1055   -47.2059   -47.7811     0.7800   0.0000   0.0000   0.0000
 1   5   6  1056   -47.2059   -42.7811     0.7800   0.0000   0.0000   0.0000
 1   5   7  1057   -47.2059   -37.7811     0.7800   0.0000   0.0000   0.0000
 1   5   8  1058   -47.2059   -32.7811     0.7800   0.0000   0.0000   0.0000
 1   5   9  1059   -47.2059   -27.7811     0.7800   0.0000   0.0000   0.0000
 1   5  10  1060   -47.2059   -22.7811     0.7800   0.0000   0.0000   0.0000
 1   5  11  1061   -47.2059   -17.7811     0.7800   0.0000   0.0000   0.0000
 1   5  12  1062   -47.2059   -12.7811     0.7800   0.0000   0.0000   0.0000
 1   5  13  1063   -47.2059    -7.7811     0.7800   0.0000   0.0000   0.0000
 1   5  14  1064   -47.2059    -2.7811     0.7800   0.0000   0.0000   0.0000
 1   5  15  1065   -47.2059     2.2189     0.7800   0.0000   0.0000   0.0000
 1   5  16  1066   -47.2059     7.2189     0.7800   0.0000   0.0000   0.0000
 1   5  17  1067   -47.2059    12.2189     0.7800   0.0000   0.0000   0.0000
 1   5  18  1068   -47.2059    17.2189     0.7800   0.0000   0.0000   0.0000
 1   5  19  1069   -47.2059    22.2189     0.7800   0.0000   0.0000   0.0000
 1   5  20  1070   -47.2059    27.2189     0.7800   0.0000   0.0000   0.0000
 1   5  21  1071   -47.2059    32.2189     0.7800   0.0000   0.0000   0.0000
 1   5  22  1072   -47.2059    37.2189     0.7800   0.0000   0.0000   0.0000
 1   5  23  1073   -47.2059    42.2189     0.7800   0.0000   0.0000   0.0000
 1   5  24  1074   -47.2059    47.2189     0.7800   0.0000   0.0000   0.0000
 1   5  25  1075   -47.2059    52.2189     0.7800   0.0000   0.0000   0.0000
 1   5  26  1076   -47.2059    57.2189     0.7800   0.0000   0.0000   0.0000
 1   5  27  1077   -47.2059    62.2189     0.7800   0.0000   0.0000   0.0000
 1   5  28  1078   -47.2059    67.2189     0.7800   0.0000   0.0000   0.0000
 1   5  29  1079   -47.2059    72.1095     0.7800   0.0000   0.0000   0.0000
 1   6   0  1080   -42.2059   -72.3905     0.7800   0.0000   0.0000   0.0000
 1   6   1  1081   -42.2059   -67.7811     0.7800   0.0000   0.0000   0.0000
 1   6   2  1082   -42.2059   -62.7811     0.7800   0.0000   0.0000   0.0000
 1   6   3  1083   -42.2059   -57.7811     0.7800   0.0000   0.0000   0.0000
 1   6   4  1084   -42.2059   -52.7811     0.7800   0.0000   0.0000   0.0000
 1   6   5  1085   -42.2059   -47.7811     0.7800   0.0000   0.0000   0.0000
 1   6   6  1086   -42.2059   -42.7811     0.7800   0.0000   0.0000   0.0000
 1   6   7  1087   -42.2059   -37.7811     0.7800   0.0000   0.0000   0.0000
 1   6   8  1088   -42.2059   -32.7811     0.7800   0.0000   0.0000   0.0000
 1   6   9  1089   -42.2059   -27.7811     0.7800   0.0000   0.0000   0.0000
 1   6  10  1090   -42.2059   -22.7811     0.7800   0.0000   0.0000   0.0000
 1   6  11  1091   -42.2059   -17.7811     0.7800   0.0000   0.0000   0.0000
 1   6  12  1092   -42.2059   -12.7811     0.7800   0.0000   0.0000   0.0000
 1   6  13  1093   -42.2059    -7.7811     0.7800   0.0000   0.0000   0.0000
 1   6  14  1094   -42.2059    -2.7811     0.7800   0.0000   0.0000   0.0000
 1   6  15  1095   -42.2059     2.2189     0.7800   0.0000   0.0000   0.0000
 1   6  16  1096   -42.2059     7.2189     0.7800   0.0000   0.0000   0.0000
 1   6  17  1097   -42.2059    12.2189     0.7800   0.0000   0.0000   0.0000
 1   6  18  1098   -42.2059    17.2189     0.7800   0.0000   0.0000   0.0000
 1   6  19  1099   -42.2059    22.2189     0.7800   0.0000   0.0000   0.0000
 1   6  20  1100   -42.2059    27.2189     0.7800   0.0000   0.0000   0.0000
 1   6  21  1101   -42.2059    32.2189     0.7800   0.0000   0.0000   0.0000
 1   6  22  1102   -42.2059    37.2189     0.7800   0.0000   0.0000   0.0000
 1   6  23  1103   -42.2059    42.2189     0.7800   0.0000   0.0000   0.0000
 1   6  24  1104   -42.2059    47.2189     0.7800   0.0000   0.0000   0.0000
 1   6  25  1105   -42.2059    52.2189     0.7800   0.0000   0.0000   0.0000
 1   6  26  1106   -42.2059    57.2189     0.7800   0.0000   0.0000   0.0000
 1   6  27  1107   -42.2059    62.2189     0.7800   0.0000   0.0000   0.0000
 1   6  28  1108   -42.2059    67.2189     0.7800   0.0000   0.0000   0.0000
 1   6  29  1109   -42.2059    72.1095     0.7800   0.0000   0.0000   0.0000
 1   7   0  1110   -37.2059   -72.3905     0.7800   0.0000   0.0000   0.0000
 1   7   1  1111   -37.2059   -67.7811     0.7800   0.0000   0.0000   0.0000
 1   7   2  1112   -37.2059   -62.7811     0.7800   0.0000   0.0000   0.0000
 1   7   3  1113   -37.2059   -57.7811     0.7800   0.0000   0.0000   0.0000
 1   7   4  1114   -37.2059   -52.7811     0.7800   0.0000   0.0000   0.0000
 1   7   5  1115   -37.2059   -47.7811     0.7800   0.0000   0.0000   0.0000
 1   7   6  1116   -37.2059   -42.7811     0.7800   0.0000   0.0000   0.0000
 1   7   7  1117   -37.2059   -37.7811     0.7800   0.0000   0.0000   0.0000
 1   7   8  1118   -37.2059   -32.7811     0.7800   0.0000   0.0000   0.0000
 1   7   9  1119   -37.2059   -27.7811     0.7800   0.0000   0.0000   0.0000
 1   7  10  1120   -37.2059   -22.7811     0.7800   0.0000   0.0000   0.0000
 1   7  11  1121   -37.2059   -17.7811     0.7800   0.0000   0.0000   0.0000
 1   7  12  1122   -37.2059   -12.7811     0.7800   0.0000   0.0000   0.0000
 1   7  13  1123   -37.2059    -7.7811     0.7800   0.0000   0.0000   0.0000
 1   7  14  1124   -37.2059    -2.7811     0.7800   0.0000   0.0000   0.0000
 1   7  15  1125   -37.2059     2.2189     0.7800   0.0000   0.0000   0.0000
 1   7  16  1126   -37.2059     7.2189     0.7800   0.0000   0.0000   0.0000
 1   7  17  1127   -37.2059    12.2189     0.7800   0.0000   0.0000   0.0000
 1   7  18  1128   -37.2059    17.2189     0.7800   0.0000   0.0000   0.0000
 1   7  19  1129   -37.2059    22.2189     0.7800   0.0000   0.0000   0.0000
 1   7  20  1130   -37.2059    27.2189     0.7800   0.0000   0.0000   0.0000
 1   7  21  1131   -37.2059    32.2189     0.7800   0.0000   0.0000   0.0000
 1   7  22  1132   -37.2059    37.2189     0.7800   0.0000   0.0000   0.0000
 1   7  23  1133   -37.2059    42.2189     0.7800   0.0000   0.0000   0.0000
 1   7  24  1134   -37.2059    47.2189     0.7800   0.0000   0.0000   0.0000
 1   7  25  1135   -37.2059    52.2189     0.7800   0.0000   0.0000   0.0000
 1   7  26  1136   -37.2059    57.2189     0.7800   0.0000   0.0000   0.0000
 1   7  27  1137   -37.2059    62.2189     0.7800   0.0000   0.0000   0.0000
 1   7  28  1138   -37.2059    67.2189     0.7800   0.0000   0.0000   0.0000
 1   7  29  1139   -37.2059    72.1095     0.7800   0.0000   0.0000   0.0000
 1   8   0  1140   -32.2059   -72.3905     0.7800   0.0000   0.0000   0.0000
 1   8   1  1141   -32.2059   -67.7811     0.7800   0.0000   0.0000   0.0000
 1   8   2  1142   -32.2059   -62.7811     0.7800   0.0000   0.0000   0.0000
 1   8   3  1143   -32.2059   -57.7811     0.7800   0.0000   0.0000   0.0000
 1   8   4  1144   -32.2059   -52.7811     0.7800   0.0000   0.0000   0.0000
 1   8   5  1145   -32.2059   -47.7811     0.7800   0.0000   0.0000   0.0000
 1   8   6  1146   -32.2059   -42.7811     0.7800   0.0000   0.0000   0.0000
 1   8   7  1147   -32.2059   -37.7811     0.7800   0.0000   0.0000   0.0000
 1   8   8  1148   -32.2059   -32.7811     0.7800   0.0000   0.0000   0.0000
 1   8   9  1149   -32.2059   -27.7811     0.7800   0.0000   0.0000   0.0000
 1   8  10  1150   -32.2059   -22.7811     0.7800   0.0000   0.0000   0.0000
 1   8  11  1151   -32.2059   -17.7811     0.7800   0.0000   0.0000   0.0000
 1   8  12  1152   -32.2059   -12.7811     0.7800   0.0000   0.0000   0.0000
 1   8  13  1153   -32.2059    -7.7811     0.7800   0.0000   0.0000   0.0000
 1   8  14  1154   -32.2059    -2.7811     0.7800   0.0000   0.0000   0.0000
 1   8  15  1155   -32.2059     2.2189     0.7800   0.0000   0.0000   0.0000
 1   8  16  1156   -32.2059     7.2189     0.7800   0.0000   0.0000   0.0000
 1   8  17  1157   -32.2059    12.2189     0.7800   0.0000   0.0000   0.0000
 1   8  18  1158   -32.2059    17.2189     0.7800   0.0000   0.0000   0.0000
 1   8  19  1159   -32.2059    22.2189     0.7800   0.0000   0.0000   0.0000
 1   8  20  1160   -32.2059    27.2189     0.7800   0.0000   0.0000   0.0000
 1   8  21  1161   -32.2059    32.2189     0.7800   0.0000   0.0000   0.0000
 1   8  22  1162   -32.2059    37.2189     0.7800   0.0000   0.0000   0.0000
 1   8  23  1163   -32.2059    42.2189     0.7800   0.0000   0.0000   0.0000
 1   8  24  1164   -32.2059    47.2189     0.7800   0.0000   0.0000   0.0000
 1   8  25  1165   -32.2059    52.2189     0.7800   0.0000   0.0000   0.0000
 1   8  26  1166   -32.2059    57.2189     0.7800   0.0000   0.0000   0.0000
 1   8  27  1167   -32.2059    62.2189     0.7800   0.0000   0.0000   0.0000
 1   8  28  1168   -32.2059    67.2189     0.7800   0.0000   0.0000   0.0000
 1   8  29  1169   -32.2059    72.1095     0.7800   0.0000   0.0000   0.0000
 1   9   0  1170   -27.2059   -72.3905     0.7800   0.0000   0.0000   0.0000
 1   9   1  1171   -27.2059   -67.7811     0.7800   0.0000   0.0000   0.0000
 1   9   2  1172   -27.2059   -62.7811     0.7800   0.0000   0.0000   0.0000
 1   9   3  1173   -27.2059   -57.7811     0.7800   0.0000   0.0000   0.0000
 1   9   4  1174   -27.2059   -52.7811     0.7800   0.0000   0.0000   0.0000
 1   9   5  1175   -27.2059   -47.7811     0.7800   0.0000   0.0000   0.0000
 1   9   6  1176   -27.2059   -42.7811     0.7800   0.0000   0.0000   0.0000
 1   9   7  1177   -27.2059   -37.7811     0.7800   0.0000   0.0000   0.0000
 1   9   8  1178   -27.2059   -32.7811     0.7800   0.0000   0.0000   0.0000
 1   9   9  1179   -27.2059   -27.7811     0.7800   0.0000   0.0000   0.0000
 1   9  10  1180   -27.2059   -22.7811     0.7800   0.0000   0.0000   0.0000
 1   9  11  1181   -27.2059   -17.7811     0.7800   0.0000   0.0000   0.0000
 1   9  12  1182   -27.2059   -12.7811     0.7800   0.0000   0.0000   0.0000
 1   9  13  1183   -27.2059    -7.7811     0.7800   0.0000   0.0000   0.0000
 1   9  14  1184   -27.2059    -2.7811     0.7800   0.0000   0.0000   0.0000
 1   9  15  1185   -27.2059     2.2189     0.7800   0.0000   0.0000   0.0000
 1   9  16  1186   -27.2059     7.2189     0.7800   0.0000   0.0000   0.0000
 1   9  17  1187   -27.2059    12.2189     0.7800   0.0000   0.0000   0.0000
 1   9  18  1188   -27.2059    17.2189     0.7800   0.0000   0.0000   0.0000
 1   9  19  1189   -27.2059    22.2189     0.7800   0.0000   0.0000   0.0000
 1   9  20  1190   -27.2059    27.2189     0.7800   0.0000   0.0000   0.0000
 1   9  21  1191   -27.2059    32.2189     0.7800   0.0000   0.0000   0.0000
 1   9  22  1192   -27.2059    37.2189     0.7800   0.0000   0.0000   0.0000
 1   9  23  1193   -27.2059    42.2189     0.7800   0.0000   0.0000   0.0000
 1   9  24  1194   -27.2059    47.2189     0.7800   0.0000   0.0000   0.0000
 1   9  25  1195   -27.2059    52.2189     0.7800   0.0000   0.0000   0.0000
 1   9  26  1196   -27.2059    57.2189     0.7800   0.0000   0.0000   0.0000
 1   9  27  1197   -27.2059    62.2189     0.7800   0.0000   0.0000   0.0000
 1   9  28  1198   -27.2059    67.2189     0.7800   0.0000   0.0000   0.0000
 1   9  29  1199   -27.2059    72.1095     0.7800   0.0000   0.0000   0.0000
 1  10   0  1200   -22.2059   -72.3905     0.7800   0.0000   0.0000   0.0000
 1  10   1  1201   -22.2059   -67.7811     0.7800   0.0000   0.0000   0.0000
 1  10   2  1202   -22.2059   -62.7811     0.7800   0.0000   0.0000   0.0000
 1  10   3  1203   -22.2059   -57.7811     0.7800   0.0000   0.0000   0.0000
 1  10   4  1204   -22.2059   -52.7811     0.7800   0.0000   0.0000   0.0000
 1  10   5  1205   -22.2059   -47.7811     0.7800   0.0000   0.0000   0.0000
 1  10   6  1206   -22.2059   -42.7811     0.7800   0.0000   0.0000   0.0000
 1  10   7  1207   -22.2059   -37.7811     0.7800   0.0000   0.0000   0.0000
 1  10   8  1208   -22.2059   -32.7811     0.7800   0.0000   0.0000   0.0000
 1  10   9  1209   -22.2059   -27.7811     0.7800   0.0000   0.0000   0.0000
 1  10  10  1210   -22.2059   -22.7811     0.7800   0.0000   0.0000   0.0000
 1  10  11  1211   -22.2059   -17.7811     0.7800   0.0000   0.0000   0.0000
 1  10  12  1212   -22.2059   -12.7811     0.7800   0.0000   0.0000   0.0000
 1  10  13  1213   -22.2059    -7.7811     0.7800   0.0000   0.0000   0.0000
 1  10  14  1214   -22.2059    -2.7811     0.7800   0.0000   0.0000   0.0000
 1  10  15  1215   -22.2059     2.2189     0.7800   0.0000   0.0000   0.0000
 1  10  16  1216   -22.2059     7.2189     0.7800   0.0000   0.0000   0.0000
 1  10  17  1217   -22.2059    12.2189     0.7800   0.0000   0.0000   0.0000
 1  10  18  1218   -22.2059    17.2189     0.7800   0.0000   0.0000   0.0000
 1  10  19  1219   -22.2059    22.2189     0.7800   0.0000   0.0000   0.0000
 1  10  20  1220   -22.2059    27.2189     0.7800   0.0000   0.0000   0.0000
 1  10  21  1221   -22.2059    32.2189     0.7800   0.0000   0.0000   0.0000
 1  10  22  1222   -22.2059    37.2189     0.7800   0.0000   0.0000   0.0000
 1  10  23  1223   -22.2059    42.2189     0.7800   0.0000   0.0000   0.0000
 1  10  24  1224   -22.2059    47.2189     0.7800   0.0000   0.0000   0.0000
 1  10  25  1225   -22.2059    52.2189     0.7800   0.0000   0.0000   0.0000
 1  10  26  1226   -22.2059    57.2189     0.7800   0.0000   0.0000   0.0000
 1  10  27  1227   -22.2059    62.2189     0.7800   0.0000   0.0000   0.0000
 1  10  28  1228   -22.2059    67.2189     0.7800   0.0000   0.0000   0.0000
 1  10  29  1229   -22.2059    72.1095     0.7800   0.0000   0.0000   0.0000
 1  11   0  1230   -17.2059   -72.3905     0.7800   0.0000   0.0000   0.0000
 1  11   1  1231   -17.2059   -67.7811     0.7800   0.0000   0.0000   0.0000
 1  11   2  1232   -17.2059   -62.7811     0.7800   0.0000   0.0000   0.0000
 1  11   3  1233   -17.2059   -57.7811     0.7800   0.0000   0.0000   0.0000
 1  11   4  1234   -17.2059   -52.7811     0.7800   0.0000   0.0000   0.0000
 1  11   5  1235   -17.2059   -47.7811     0.7800   0.0000   0.0000   0.0000
 1  11   6  1236   -17.2059   -42.7811     0.7800   0.0000   0.0000   0.0000
 1  11   7  1237   -17.2059   -37.7811     0.7800   0.0000   0.0000   0.0000
 1  11   8  1238   -17.2059   -32.7811     0.7800   0.0000   0.0000   0.0000
 1  11   9  1239   -17.2059   -27.7811     0.7800   0.0000   0.0000   0.0000
 1  11  10  1240   -17.2059   -22.7811     0.7800   0.0000   0.0000   0.0000
 1  11  11  1241   -17.2059   -17.7811     0.7800   0.0000   0.0000   0.0000
 1  11  12  1242   -17.2059   -12.7811     0.7800   0.0000   0.0000   0.0000
 1  11  13  1243   -17.2059    -7.7811     0.7800   0.0000   0.0000   0.0000
 1  11  14  1244   -17.2059    -2.7811     0.7800   0.0000   0.0000   0.0000
 1  11  15  1245   -17.2059     2.2189     0.7800   0.0000   0.0000   0.0000
 1  11  16  1246   -17.2059     7.2189     0.7800   0.0000   0.0000   0.0000
 1  11  17  1247   -17.2059    12.2189     0.7800   0.0000   0.0000   0.0000
 1  11  18  1248   -17.2059    17.2189     0.7800   0.0000   0.0000   0.0000
 1  11  19  1249   -17.2059    22.2189     0.7800   0.0000   0.0000   0.0000
 1  11  20  1250   -17.2059    27.2189     0.7800   0.0000   0.0000   0.0000
 1  11  21  1251   -17.2059    32.2189     0.7800   0.0000   0.0000   0.0000
 1  11  22  1252   -17.2059    37.2189     0.7800   0.0000   0.0000   0.0000
 1  11  23  1253   -17.2059    42.2189     0.7800   0.0000   0.0000   0.0000
 1  11  24  1254   -17.2059    47.2189     0.7800   0.0000   0.0000   0.0000
 1  11  25  1255   -17.2059    52.2189     0.7800   0.0000   0.0000   0.0000
 1  11  26  1256   -17.2059    57.2189     0.7800   0.0000   0.0000   0.0000
 1  11  27  1257   -17.2059    62.2189     0.7800   0.0000   0.0000   0.0000
 1  11  28  1258   -17.2059    67.2189     0.7800   0.0000   0.0000   0.0000
 1  11  29  1259   -17.2059    72.1095     0.7800   0.0000   0.0000   0.0000
 1  12   0  1260   -12.2059   -72.3905     0.7800   0.0000   0.0000   0.0000
 1  12   1  1261   -12.2059   -67.7811     0.7800   0.0000   0.0000   0.0000
 1  12   2  1262   -12.2059   -62.7811     0.7800   0.0000   0.0000   0.0000
 1  12   3  1263   -12.2059   -57.7811     0.7800   0.0000   0.0000   0.0000
 1  12   4  1264   -12.2059   -52.7811     0.7800   0.0000   0.0000   0.0000
 1  12   5  1265   -12.2059   -47.7811     0.7800   0.0000   0.0000   0.0000
 1  12   6  1266   -12.2059   -42.7811     0.7800   0.0000   0.0000   0.0000
 1  12   7  1267   -12.2059   -37.7811     0.7800   0.0000   0.0000   0.0000
 1  12   8  1268   -12.2059   -32.7811     0.7800   0.0000   0.0000   0.0000
 1  12   9  1269   -12.2059   -27.7811     0.7800   0.0000   0.0000   0.0000
 1  12  10  1270   -12.2059   -22.7811     0.7800   0.0000   0.0000   0.0000
 1  12  11  1271   -12.2059   -17.7811     0.7800   0.0000   0.0000   0.0000
 1  12  12  1272   -12.2059   -12.7811     0.7800   0.0000   0.0000   0.0000
 1  12  13  1273   -12.2059    -7.7811     0.7800   0.0000   0.0000   0.0000
 1  12  14  1274   -12.2059    -2.7811     0.7800   0.0000   0.0000   0.0000
 1  12  15  1275   -12.2059     2.2189     0.7800   0.0000   0.0000   0.0000
 1  12  16  1276   -12.2059     7.2189     0.7800   0.0000   0.0000   0.0000
 1  12  17  1277   -12.2059    12.2189     0.7800   0.0000   0.0000   0.0000
 1  12  18  1278   -12.2059    17.2189     0.7800   0.0000   0.0000   0.0000
 1  12  19  1279   -12.2059    22.2189     0.7800   0.0000   0.0000   0.0000
 1  12  20  1280   -12.2059    27.2189     0.7800   0.0000   0.0000   0.0000
 1  12  21  1281   -12.2059    32.2189     0.7800   0.0000   0.0000   0.0000
 1  12  22  1282   -12.2059    37.2189     0.7800   0.0000   0.0000   0.0000
 1  12  23  1283   -12.2059    42.2189     0.7800   0.0000   0.0000   0.0000
 1  12  24  1284   -12.2059    47.2189     0.7800   0.0000   0.0000   0.0000
 1  12  25  1285   -12.2059    52.2189     0.7800   0.0000   0.0000   0.0000
 1  12  26  1286   -12.2059    57.2189     0.7800   0.0000   0.0000   0.0000
 1  12  27  1287   -12.2059    62.2189     0.7800   0.0000   0.0000   0.0000
 1  12  28  1288   -12.2059    67.2189     0.7800   0.0000   0.0000   0.0000
 1  12  29  1289   -12.2059    72.1095     0.7800   0.0000   0.0000   0.0000
 1  13   0  1290    -7.2059   -72.3905     0.7800   0.0000   0.0000   0.0000
 1  13   1  1291    -7.2059   -67.7811     0.7800   0.0000   0.0000   0.0000
 1  13   2  1292    -7.2059   -62.7811     0.7800   0.0000   0.0000   0.0000
 1  13   3  1293    -7.2059   -57.7811     0.7800   0.0000   0.0000   0.0000
 1  13   4  1294    -7.2059   -52.7811     0.7800   0.0000   0.0000   0.0000
 1  13   5  1295    -7.2059   -47.7811     0.7800   0.0000   0.0000   0.0000
 1  13   6  1296    -7.2059   -42.7811     0.7800   0.0000   0.0000   0.0000
 1  13   7  1297    -7.2059   -37.7811     0.7800   0.0000   0.0000   0.0000
 1  13   8  1298    -7.2059   -32.7811     0.7800   0.0000   0.0000   0.0000
 1  13   9  1299    -7.2059   -27.7811     0.7800   0.0000   0.0000   0.0000
 1  13  10  1300    -7.2059   -22.7811     0.7800   0.0000   0.0000   0.0000
 1  13  11  1301    -7.2059   -17.7811     0.7800   0.0000   0.0000   0.0000
 1  13  12  1302    -7.2059   -12.7811     0.7800   0.0000   0.0000   0.0000
 1  13  13  1303    -7.2059    -7.7811     0.7800   0.0000   0.0000   0.0000
 1  13  14  1304    -7.2059    -2.7811     0.7800   0.0000   0.0000   0.0000
 1  13  15  1305    -7.2059     2.2189     0.7800   0.0000   0.0000   0.0000
 1  13  16  1306    -7.2059     7.2189     0.7800   0.0000   0.0000   0.0000
 1  13  17  1307    -7.2059    12.2189     0.7800   0.0000   0.0000   0.0000
 1  13  18  1308    -7.2059    17.2189     0.7800   0.0000   0.0000   0.0000
 1  13  19  1309    -7.2059    22.2189     0.7800   0.0000   0.0000   0.0000
 1  13  20  1310    -7.2059    27.2189     0.7800   0.0000   0.0000   0.0000
 1  13  21  1311    -7.2059    32.2189     0.7800   0.0000   0.0000   0.0000
 1  13  22  1312    -7.2059    37.2189     0.7800   0.0000   0.0000   0.0000
 1  13  23  1313    -7.2059    42.2189     0.7800   0.0000   0.0000   0.0000
 1  13  24  1314    -7.2059    47.2189     0.7800   0.0000   0.0000   0.0000
 1  13  25  1315    -7.2059    52.2189     0.7800   0.0000   0.0000   0.0000
 1  13  26  1316    -7.2059    57.2189     0.7800   0.0000   0.0000   0.0000
 1  13  27  1317    -7.2059    62.2189     0.7800   0.0000   0.0000   0.0000
 1  13  28  1318    -7.2059    67.2189     0.7800   0.0000   0.0000   0.0000
 1  13  29  1319    -7.2059    72.1095     0.7800   0.0000   0.0000   0.0000
 1  14   0  1320    -2.2059   -72.3905     0.7800   0.0000   0.0000   0.0000
 1  14   1  1321    -2.2059   -67.7811     0.7800   0.0000   0.0000   0.0000
 1  14   2  1322    -2.2059   -62.7811     0.7800   0.0000   0.0000   0.0000
 1  14   3  1323    -2.2059   -57.7811     0.7800   0.0000   0.0000   0.0000
 1  14   4  1324    -2.2059   -52.7811     0.7800   0.0000   0.0000   0.0000
 1  14   5  1325    -2.2059   -47.7811     0.7800   0.0000   0.0000   0.0000
 1  14   6  1326    -2.2059   -42.7811     0.7800   0.0000   0.0000   0.0000
 1  14   7  1327    -2.2059   -37.7811     0.7800   0.0000   0.0000   0.0000
 1  14   8  1328    -2.2059   -32.7811     0.7800   0.0000   0.0000   0.0000
 1  14   9  1329    -2.2059   -27.7811     0.7800   0.0000   0.0000   0.0000
 1  14  10  1330    -2.2059   -22.7811     0.7800   0.0000   0.0000   0.0000
 1  14  11  1331    -2.2059   -17.7811     0.7800   0.0000   0.0000   0.0000
 1  14  12  1332    -2.2059   -12.7811     0.7800   0.0000   0.0000   0.0000
 1  14  13  1333    -2.2059    -7.7811     0.7800   0.0000   0.0000   0.0000
 1  14  14  1334    -2.2059    -2.7811     0.7800   0.0000   0.0000   0.0000
 1  14  15  1335    -2.2059     2.2189     0.7800   0.0000   0.0000   0.0000
 1  14  16  1336    -2.2059     7.2189     0.7800   0.0000   0.0000   0.0000
 1  14  17  1337    -2.2059    12.2189     0.7800   0.0000   0.0000   0.0000
 1  14  18  1338    -2.2059    17.2189     0.7800   0.0000   0.0000   0.0000
 1  14  19  1339    -2.2059    22.2189     0.7800   0.0000   0.0000   0.0000
 1  14  20  1340    -2.2059    27.2189     0.7800   0.0000   0.0000   0.0000
 1  14  21  1341    -2.2059    32.2189     0.7800   0.0000   0.0000   0.0000
 1  14  22  1342    -2.2059    37.2189     0.7800   0.0000   0.0000   0.0000
 1  14  23  1343    -2.2059    42.2189     0.7800   0.0000   0.0000   0.0000
 1  14  24  1344    -2.2059    47.2189     0.7800   0.0000   0.0000   0.0000
 1  14  25  1345    -2.2059    52.2189     0.7800   0.0000   0.0000   0.0000
 1  14  26  1346    -2.2059    57.2189     0.7800   0.0000   0.0000   0.0000
 1  14  27  1347    -2.2059    62.2189     0.7800   0.0000   0.0000   0.0000
 1  14  28  1348    -2.2059    67.2189     0.7800   0.0000   0.0000   0.0000
 1  14  29  1349    -2.2059    72.1095     0.7800   0.0000   0.0000   0.0000
 1  15   0  1350     2.7941   -72.3905     0.7800   0.0000   0.0000   0.0000
 1  15   1  1351     2.7941   -67.7811     0.7800   0.0000   0.0000   0.0000
 1  15   2  1352     2.7941   -62.7811     0.7800   0.0000   0.0000   0.0000
 1  15   3  1353     2.7941   -57.7811     0.7800   0.0000   0.0000   0.0000
 1  15   4  1354     2.7941   -52.7811     0.7800   0.0000   0.0000   0.0000
 1  15   5  1355     2.7941   -47.7811     0.7800   0.0000   0.0000   0.0000
 1  15   6  1356     2.7941   -42.7811     0.7800   0.0000   0.0000   0.0000
 1  15   7  1357     2.7941   -37.7811     0.7800   0.0000   0.0000   0.0000
 1  15   8  1358     2.7941   -32.7811     0.7800   0.0000   0.0000   0.0000
 1  15   9  1359     2.7941   -27.7811     0.7800   0.0000   0.0000   0.0000
 1  15  10  1360     2.7941   -22.7811     0.7800   0.0000   0.0000   0.0000
 1  15  11  1361     2.7941   -17.7811     0.7800   0.0000   0.0000   0.0000
 1  15  12  1362     2.7941   -12.7811     0.7800   0.0000   0.0000   0.0000
 1  15  13  1363     2.7941    -7.7811     0.7800   0.0000   0.0000   0.0000
 1  15  14  1364     2.7941    -2.7811     0.7800   0.0000   0.0000   0.0000
 1  15  15  1365     2.7941     2.2189     0.7800   0.0000   0.0000   0.0000
 1  15  16  1366     2.7941     7.2189     0.7800   0.0000   0.0000   0.0000
 1  15  17  1367     2.7941    12.2189     0.7800   0.0000   0.0000   0.0000
 1  15  18  1368     2.7941    17.2189     0.7800   0.0000   0.0000   0.0000
 1  15  19  1369     2.7941    22.2189     0.7800   0.0000   0.0000   0.0000
 1  15  20  1370     2.7941    27.2189     0.7800   0.0000   0.0000   0.0000
 1  15  21  1371     2.7941    32.2189     0.7800   0.0000   0.0000   0.0000
 1  15  22  1372     2.7941    37.2189     0.7800   0.0000   0.0000   0.0000
 1  15  23  1373     2.7941    42.2189     0.7800   0.0000   0.0000   0.0000
 1  15  24  1374     2.7941    47.2189     0.7800   0.0000   0.0000   0.0000
 1  15  25  1375     2.7941    52.2189     0.7800   0.0000   0.0000   0.0000
 1  15  26  1376     2.7941    57.2189     0.7800   0.0000   0.0000   0.0000
 1  15  27  1377     2.7941    62.2189     0.7800   0.0000   0.0000   0.0000
 1  15  28  1378     2.7941    67.2189     0.7800   0.0000   0.0000   0.0000
 1  15  29  1379     2.7941    72.1095     0.7800   0.0000   0.0000   0.0000
 1  16   0  1380     7.7941   -72.3905     0.7800   0.0000   0.0000   0.0000
 1  16   1  1381     7.7941   -67.7811     0.7800   0.0000   0.0000   0.0000
 1  16   2  1382     7.7941   -62.7811     0.7800   0.0000   0.0000   0.0000
 1  16   3  1383     7.7941   -57.7811     0.7800   0.0000   0.0000   0.0000
 1  16   4  1384     7.7941   -52.7811     0.7800   0.0000   0.0000   0.0000
 1  16   5  1385     7.7941   -47.7811     0.7800   0.0000   0.0000   0.0000
 1  16   6  1386     7.7941   -42.7811     0.7800   0.0000   0.0000   0.0000
 1  16   7  1387     7.7941   -37.7811     0.7800   0.0000   0.0000   0.0000
 1  16   8  1388     7.7941   -32.7811     0.7800   0.0000   0.0000   0.0000
 1  16   9  1389     7.7941   -27.7811     0.7800   0.0000   0.0000   0.0000
 1  16  10  1390     7.7941   -22.7811     0.7800   0.0000   0.0000   0.0000
 1  16  11  1391     7.7941   -17.7811     0.7800   0.0000   0.0000   0.0000
 1  16  12  1392     7.7941   -12.7811     0.7800   0.0000   0.0000   0.0000
 1  16  13  1393     7.7941    -7.7811     0.7800   0.0000   0.0000   0.0000
 1  16  14  1394     7.7941    -2.7811     0.7800   0.0000   0.0000   0.0000
 1  16  15  1395     7.7941     2.2189     0.7800   0.0000   0.0000   0.0000
 1  16  16  1396     7.7941     7.2189     0.7800   0.0000   0.0000   0.0000
 1  16  17  1397     7.7941    12.2189     0.7800   0.0000   0.0000   0.0000
 1  16  18  1398     7.7941    17.2189     0.7800   0.0000   0.0000   0.0000
 1  16  19  1399     7.7941    22.2189     0.7800   0.0000   0.0000   0.0000
 1  16  20  1400     7.7941    27.2189     0.7800   0.0000   0.0000   0.0000
 1  16  21  1401     7.7941    32.2189     0.7800   0.0000   0.0000   0.0000
 1  16  22  1402     7.7941    37.2189     0.7800   0.0000   0.0000   0.0000
 1  16  23  1403     7.7941    42.2189     0.7800   0.0000   0.0000   0.0000
 1  16  24  1404     7.7941    47.2189     0.7800   0.0000   0.0000   0.0000
 1  16  25  1405     7.7941    52.2189     0.7800   0.0000   0.0000   0.0000
 1  16  26  1406     7.7941    57.2189     0.7800   0.0000   0.0000   0.0000
 1  16  27  1407     7.7941    62.2189     0.7800   0.0000   0.0000   0.0000
 1  16  28  1408     7.7941    67.2189     0.7800   0.0000   0.0000   0.0000
 1  16  29  1409     7.7941    72.1095     0.7800   0.0000   0.0000   0.0000
 1  17   0  1410    12.7941   -72.3905     0.7800   0.0000   0.0000   0.0000
 1  17   1  1411    12.7941   -67.7811     0.7800   0.0000   0.0000   0.0000
 1  17   2  1412    12.7941   -62.7811     0.7800   0.0000   0.0000   0.0000
 1  17   3  1413    12.7941   -57.7811     0.7800   0.0000   0.0000   0.0000
 1  17   4  1414    12.7941   -52.7811     0.7800   0.0000   0.0000   0.0000
 1  17   5  1415    12.7941   -47.7811     0.7800   0.0000   0.0000   0.0000
 1  17   6  1416    12.7941   -42.7811     0.7800   0.0000   0.0000   0.0000
 1  17   7  1417    12.7941   -37.7811     0.7800   0.0000   0.0000   0.0000
 1  17   8  1418    12.7941   -32.7811     0.7800   0.0000   0.0000   0.0000
 1  17   9  1419    12.7941   -27.7811     0.7800   0.0000   0.0000   0.0000
 1  17  10  1420    12.7941   -22.7811     0.7800   0.0000   0.0000   0.0000
 1  17  11  1421    12.7941   -17.7811     0.7800   0.0000   0.0000   0.0000
 1  17  12  1422    12.7941   -12.7811     0.7800   0.0000   0.0000   0.0000
 1  17  13  1423    12.7941    -7.7811     0.7800   0.0000   0.0000   0.0000
 1  17  14  1424    12.7941    -2.7811     0.7800   0.0000   0.0000   0.0000
 1  17  15  1425    12.7941     2.2189     0.7800   0.0000   0.0000   0.0000
 1  17  16  1426    12.7941     7.2189     0.7800   0.0000   0.0000   0.0000
 1  17  17  1427    12.7941    12.2189     0.7800   0.0000   0.0000   0.0000
 1  17  18  1428    12.7941    17.2189     0.7800   0.0000   0.0000   0.0000
 1  17  19  1429    12.7941    22.2189     0.7800   0.0000   0.0000   0.0000
 1  17  20  1430    12.7941    27.2189     0.7800   0.0000   0.0000   0.0000
 1  17  21  1431    12.7941    32.2189     0.7800   0.0000   0.0000   0.0000
 1  17  22  1432    12.7941    37.2189     0.7800   0.0000   0.0000   0.0000
 1  17  23  1433    12.7941    42.2189     0.7800   0.0000   0.0000   0.0000
 1  17  24  1434    12.7941    47.2189     0.7800   0.0000   0.0000   0.0000
 1  17  25  1435    12.7941    52.2189     0.7800   0.0000   0.0000   0.0000
 1  17  26  1436    12.7941    57.2189     0.7800   0.0000   0.0000   0.0000
 1  17  27  1437    12.7941    62.2189     0.7800   0.0000   0.0000   0.0000
 1  17  28  1438    12.7941    67.2189     0.7800   0.0000   0.0000   0.0000
 1  17  29  1439    12.7941    72.1095     0.7800   0.0000   0.0000   0.0000
 1  18   0  1440    17.7941   -72.3905     0.7800   0.0000   0.0000   0.0000
 1  18   1  1441    17.7941   -67.7811     0.7800   0.0000   0.0000   0.0000
 1  18   2  1442    17.7941   -62.7811     0.7800   0.0000   0.0000   0.0000
 1  18   3  1443    17.7941   -57.7811     0.7800   0.0000   0.0000   0.0000
 1  18   4  1444    17.7941   -52.7811     0.7800   0.0000   0.0000   0.0000
 1  18   5  1445    17.7941   -47.7811     0.7800   0.0000   0.0000   0.0000
 1  18   6  1446    17.7941   -42.7811     0.7800   0.0000   0.0000   0.0000
 1  18   7  1447    17.7941   -37.7811     0.7800   0.0000   0.0000   0.0000
 1  18   8  1448    17.7941   -32.7811     0.7800   0.0000   0.0000   0.0000
 1  18   9  1449    17.7941   -27.7811     0.7800   0.0000   0.0000   0.0000
 1  18  10  1450    17.7941   -22.7811     0.7800   0.0000   0.0000   0.0000
 1  18  11  1451    17.7941   -17.7811     0.7800   0.0000   0.0000   0.0000
 1  18  12  1452    17.7941   -12.7811     0.7800   0.0000   0.0000   0.0000
 1  18  13  1453    17.7941    -7.7811     0.7800   0.0000   0.0000   0.0000
 1  18  14  1454    17.7941    -2.7811     0.7800   0.0000   0.0000   0.0000
 1  18  15  1455    17.7941     2.2189     0.7800   0.0000   0.0000   0.0000
 1  18  16  1456    17.7941     7.2189     0.7800   0.0000   0.0000   0.0000
 1  18  17  1457    17.7941    12.2189     0.7800   0.0000   0.0000   0.0000
 1  18  18  1458    17.7941    17.2189     0.7800   0.0000   0.0000   0.0000
 1  18  19  1459    17.7941    22.2189     0.7800   0.0000   0.0000   0.0000
 1  18  20  1460    17.7941    27.2189     0.7800   0.0000   0.0000   0.0000
 1  18  21  1461    17.7941    32.2189     0.7800   0.0000   0.0000   0.0000
 1  18  22  1462    17.7941    37.2189     0.7800   0.0000   0.0000   0.0000
 1  18  23  1463    17.7941    42.2189     0.7800   0.0000   0.0000   0.0000
 1  18  24  1464    17.7941    47.2189     0.7800   0.0000   0.0000   0.0000
 1  18  25  1465    17.7941    52.2189     0.7800   0.0000   0.0000   0.0000
 1  18  26  1466    17.7941    57.2189     0.7800   0.0000   0.0000   0.0000
 1  18  27  1467    17.7941    62.2189     0.7800   0.0000   0.0000   0.0000
 1  18  28  1468    17.7941    67.2189     0.7800   0.0000   0.0000   0.0000
 1  18  29  1469    17.7941    72.1095     0.7800   0.0000   0.0000   0.0000
 1  19   0  1470    22.7941   -72.3905     0.7800   0.0000   0.0000   0.0000
 1  19   1  1471    22.7941   -67.7811     0.7800   0.0000   0.0000   0.0000
 1  19   2  1472    22.7941   -62.7811     0.7800   0.0000   0.0000   0.0000
 1  19   3  1473    22.7941   -57.7811     0.7800   0.0000   0.0000   0.0000
 1  19   4  1474    22.7941   -52.7811     0.7800   0.0000   0.0000   0.0000
 1  19   5  1475    22.7941   -47.7811     0.7800   0.0000   0.0000   0.0000
 1  19   6  1476    22.7941   -42.7811     0.7800   0.0000   0.0000   0.0000
 1  19   7  1477    22.7941   -37.7811     0.7800   0.0000   0.0000   0.0000
 1  19   8  1478    22.7941   -32.7811     0.7800   0.0000   0.0000   0.0000
 1  19   9  1479    22.7941   -27.7811     0.7800   0.0000   0.0000   0.0000
 1  19  10  1480    22.7941   -22.7811     0.7800   0.0000   0.0000   0.0000
 1  19  11  1481    22.7941   -17.7811     0.7800   0.0000   0.0000   0.0000
 1  19  12  1482    22.7941   -12.7811     0.7800   0.0000   0.0000   0.0000
 1  19  13  1483    22.7941    -7.7811     0.7800   0.0000   0.0000   0.0000
 1  19  14  1484    22.7941    -2.7811     0.7800   0.0000   0.0000   0.0000
 1  19  15  1485    22.7941     2.2189     0.7800   0.0000   0.0000   0.0000
 1  19  16  1486    22.7941     7.2189     0.7800   0.0000   0.0000   0.0000
 1  19  17  1487    22.7941    12.2189     0.7800   0.0000   0.0000   0.0000
 1  19  18  1488    22.7941    17.2189     0.7800   0.0000   0.0000   0.0000
 1  19  19  1489    22.7941    22.2189     0.7800   0.0000   0.0000   0.0000
 1  19  20  1490    22.7941    27.2189     0.7800   0.0000   0.0000   0.0000
 1  19  21  1491    22.7941    32.2189     0.7800   0.0000   0.0000   0.0000
 1  19  22  1492    22.7941    37.2189     0.7800   0.0000   0.0000   0.0000
 1  19  23  1493    22.7941    42.2189     0.7800   0.0000   0.0000   0.0000
 1  19  24  1494    22.7941    47.2189     0.7800   0.0000   0.0000   0.0000
 1  19  25  1495    22.7941    52.2189     0.7800   0.0000   0.0000   0.0000
 1  19  26  1496    22.7941    57.2189     0.7800   0.0000   0.0000   0.0000
 1  19  27  1497    22.7941    62.2189     0.7800   0.0000   0.0000   0.0000
 1  19  28  1498    22.7941    67.2189     0.7800   0.0000   0.0000   0.0000
 1  19  29  1499    22.7941    72.1095     0.7800   0.0000   0.0000   0.0000
 1  20   0  1500    27.7941   -72.3905     0.7800   0.0000   0.0000   0.0000
 1  20   1  1501    27.7941   -67.7811     0.7800   0.0000   0.0000   0.0000
 1  20   2  1502    27.7941   -62.7811     0.7800   0.0000   0.0000   0.0000
 1  20   3  1503    27.7941   -57.7811     0.7800   0.0000   0.0000   0.0000
 1  20   4  1504    27.7941   -52.7811     0.7800   0.0000   0.0000   0.0000
 1  20   5  1505    27.7941   -47.7811     0.7800   0.0000   0.0000   0.0000
 1  20   6  1506    27.7941   -42.7811     0.7800   0.0000   0.0000   0.0000
 1  20   7  1507    27.7941   -37.7811     0.7800   0.0000   0.0000   0.0000
 1  20   8  1508    27.7941   -32.7811     0.7800   0.0000   0.0000   0.0000
 1  20   9  1509    27.7941   -27.7811     0.7800   0.0000   0.0000   0.0000
 1  20  10  1510    27.7941   -22.7811     0.7800   0.0000   0.0000   0.0000
 1  20  11  1511    27.7941   -17.7811     0.7800   0.0000   0.0000   0.0000
 1  20  12  1512    27.7941   -12.7811     0.7800   0.0000   0.0000   0.0000
 1  20  13  1513    27.7941    -7.7811     0.7800   0.0000   0.0000   0.0000
 1  20  14  1514    27.7941    -2.7811     0.7800   0.0000   0.0000   0.0000
 1  20  15  1515    27.7941     2.2189     0.7800   0.0000   0.0000   0.0000
 1  20  16  1516    27.7941     7.2189     0.7800   0.0000   0.0000   0.0000
 1  20  17  1517    27.7941    12.2189     0.7800   0.0000   0.0000   0.0000
 1  20  18  1518    27.7941    17.2189     0.7800   0.0000   0.0000   0.0000
 1  20  19  1519    27.7941    22.2189     0.7800   0.0000   0.0000   0.0000
 1  20  20  1520    27.7941    27.2189     0.7800   0.0000   0.0000   0.0000
 1  20  21  1521    27.7941    32.2189     0.7800   0.0000   0.0000   0.0000
 1  20  22  1522    27.7941    37.2189     0.7800   0.0000   0.0000   0.0000
 1  20  23  1523    27.7941    42.2189     0.7800   0.0000   0.0000   0.0000
 1  20  24  1524    27.7941    47.2189     0.7800   0.0000   0.0000   0.0000
 1  20  25  1525    27.7941    52.2189     0.7800   0.0000   0.0000   0.0000
 1  20  26  1526    27.7941    57.2189     0.7800   0.0000   0.0000   0.0000
 1  20  27  1527    27.7941    62.2189     0.7800   0.0000   0.0000   0.0000
 1  20  28  1528    27.7941    67.2189     0.7800   0.0000   0.0000   0.0000
 1  20  29  1529    27.7941    72.1095     0.7800   0.0000   0.0000   0.0000
 1  21   0  1530    32.7941   -72.3905     0.7800   0.0000   0.0000   0.0000
 1  21   1  1531    32.7941   -67.7811     0.7800   0.0000   0.0000   0.0000
 1  21   2  1532    32.7941   -62.7811     0.7800   0.0000   0.0000   0.0000
 1  21   3  1533    32.7941   -57.7811     0.7800   0.0000   0.0000   0.0000
 1  21   4  1534    32.7941   -52.7811     0.7800   0.0000   0.0000   0.0000
 1  21   5  1535    32.7941   -47.7811     0.7800   0.0000   0.0000   0.0000
 1  21   6  1536    32.7941   -42.7811     0.7800   0.0000   0.0000   0.0000
 1  21   7  1537    32.7941   -37.7811     0.7800   0.0000   0.0000   0.0000
 1  21   8  1538    32.7941   -32.7811     0.7800   0.0000   0.0000   0.0000
 1  21   9  1539    32.7941   -27.7811     0.7800   0.0000   0.0000   0.0000
 1  21  10  1540    32.7941   -22.7811     0.7800   0.0000   0.0000   0.0000
 1  21  11  1541    32.7941   -17.7811     0.7800   0.0000   0.0000   0.0000
 1  21  12  1542    32.7941   -12.7811     0.7800   0.0000   0.0000   0.0000
 1  21  13  1543    32.7941    -7.7811     0.7800   0.0000   0.0000   0.0000
 1  21  14  1544    32.7941    -2.7811     0.7800   0.0000   0.0000   0.0000
 1  21  15  1545    32.7941     2.2189     0.7800   0.0000   0.0000   0.0000
 1  21  16  1546    32.7941     7.2189     0.7800   0.0000   0.0000   0.0000
 1  21  17  1547    32.7941    12.2189     0.7800   0.0000   0.0000   0.0000
 1  21  18  1548    32.7941    17.2189     0.7800   0.0000   0.0000   0.0000
 1  21  19  1549    32.7941    22.2189     0.7800   0.0000   0.0000   0.0000
 1  21  20  1550    32.7941    27.2189     0.7800   0.0000   0.0000   0.0000
 1  21  21  1551    32.7941    32.2189     0.7800   0.0000   0.0000   0.0000
 1  21  22  1552    32.7941    37.2189     0.7800   0.0000   0.0000   0.0000
 1  21  23  1553    32.7941    42.2189     0.7800   0.0000   0.0000   0.0000
 1  21  24  1554    32.7941    47.2189     0.7800   0.0000   0.0000   0.0000
 1  21  25  1555    32.7941    52.2189     0.7800   0.0000   0.0000   0.0000
 1  21  26  1556    32.7941    57.2189     0.7800   0.0000   0.0000   0.0000
 1  21  27  1557    32.7941    62.2189     0.7800   0.0000   0.0000   0.0000
 1  21  28  1558    32.7941    67.2189     0.7800   0.0000   0.0000   0.0000
 1  21  29  1559    32.7941    72.1095     0.7800   0.0000   0.0000   0.0000
 1  22   0  1560    37.7941   -72.3905     0.7800   0.0000   0.0000   0.0000
 1  22   1  1561    37.7941   -67.7811     0.7800   0.0000   0.0000   0.0000
 1  22   2  1562    37.7941   -62.7811     0.7800   0.0000   0.0000   0.0000
 1  22   3  1563    37.7941   -57.7811     0.7800   0.0000   0.0000   0.0000
 1  22   4  1564    37.7941   -52.7811     0.7800   0.0000   0.0000   0.0000
 1  22   5  1565    37.7941   -47.7811     0.7800   0.0000   0.0000   0.0000
 1  22   6  1566    37.7941   -42.7811     0.7800   0.0000   0.0000   0.0000
 1  22   7  1567    37.7941   -37.7811     0.7800   0.0000   0.0000   0.0000
 1  22   8  1568    37.7941   -32.7811     0.7800   0.0000   0.0000   0.0000
 1  22   9  1569    37.7941   -27.7811     0.7800   0.0000   0.0000   0.0000
 1  22  10  1570    37.7941   -22.7811     0.7800   0.0000   0.0000   0.0000
 1  22  11  1571    37.7941   -17.7811     0.7800   0.0000   0.0000   0.0000
 1  22  12  1572    37.7941   -12.7811     0.7800   0.0000   0.0000   0.0000
 1  22  13  1573    37.7941    -7.7811     0.7800   0.0000   0.0000   0.0000
 1  22  14  1574    37.7941    -2.7811     0.7800   0.0000   0.0000   0.0000
 1  22  15  1575    37.7941     2.2189     0.7800   0.0000   0.0000   0.0000
 1  22  16  1576    37.7941     7.2189     0.7800   0.0000   0.0000   0.0000
 1  22  17  1577    37.7941    12.2189     0.7800   0.0000   0.0000   0.0000
 1  22  18  1578    37.7941    17.2189     0.7800   0.0000   0.0000   0.0000
 1  22  19  1579    37.7941    22.2189     0.7800   0.0000   0.0000   0.0000
 1  22  20  1580    37.7941    27.2189     0.7800   0.0000   0.0000   0.0000
 1  22  21  1581    37.7941    32.2189     0.7800   0.0000   0.0000   0.0000
 1  22  22  1582    37.7941    37.2189     0.7800   0.0000   0.0000   0.0000
 1  22  23  1583    37.7941    42.2189     0.7800   0.0000   0.0000   0.0000
 1  22  24  1584    37.7941    47.2189     0.7800   0.0000   0.0000   0.0000
 1  22  25  1585    37.7941    52.2189     0.7800   0.0000   0.0000   0.0000
 1  22  26  1586    37.7941    57.2189     0.7800   0.0000   0.0000   0.0000
 1  22  27  1587    37.7941    62.2189     0.7800   0.0000   0.0000   0.0000
 1  22  28  1588    37.7941    67.2189     0.7800   0.0000   0.0000   0.0000
 1  22  29  1589    37.7941    72.1095     0.7800   0.0000   0.0000   0.0000
 1  23   0  1590    42.7941   -72.3905     0.7800   0.0000   0.0000   0.0000
 1  23   1  1591    42.7941   -67.7811     0.7800   0.0000   0.0000   0.0000
 1  23   2  1592    42.7941   -62.7811     0.7800   0.0000   0.0000   0.0000
 1  23   3  1593    42.7941   -57.7811     0.7800   0.0000   0.0000   0.0000
 1  23   4  1594    42.7941   -52.7811     0.7800   0.0000   0.0000   0.0000
 1  23   5  1595    42.7941   -47.7811     0.7800   0.0000   0.0000   0.0000
 1  23   6  1596    42.7941   -42.7811     0.7800   0.0000   0.0000   0.0000
 1  23   7  1597    42.7941   -37.7811     0.7800   0.0000   0.0000   0.0000
 1  23   8  1598    42.7941   -32.7811     0.7800   0.0000   0.0000   0.0000
 1  23   9  1599    42.7941   -27.7811     0.7800   0.0000   0.0000   0.0000
 1  23  10  1600    42.7941   -22.7811     0.7800   0.0000   0.0000   0.0000
 1  23  11  1601    42.7941   -17.7811     0.7800   0.0000   0.0000   0.0000
 1  23  12  1602    42.7941   -12.7811     0.7800   0.0000   0.0000   0.0000
 1  23  13  1603    42.7941    -7.7811     0.7800   0.0000   0.0000   0.0000
 1  23  14  1604    42.7941    -2.7811     0.7800   0.0000   0.0000   0.0000
 1  23  15  1605    42.7941     2.2189     0.7800   0.0000   0.0000   0.0000
 1  23  16  1606    42.7941     7.2189     0.7800   0.0000   0.0000   0.0000
 1  23  17  1607    42.7941    12.2189     0.7800   0.0000   0.0000   0.0000
 1  23  18  1608    42.7941    17.2189     0.7800   0.0000   0.0000   0.0000
 1  23  19  1609    42.7941    22.2189     0.7800   0.0000   0.0000   0.0000
 1  23  20  1610    42.7941    27.2189     0.7800   0.0000   0.0000   0.0000
 1  23  21  1611    42.7941    32.2189     0.7800   0.0000   0.0000   0.0000
 1  23  22  1612    42.7941    37.2189     0.7800   0.0000   0.0000   0.0000
 1  23  23  1613    42.7941    42.2189     0.7800   0.0000   0.0000   0.0000
 1  23  24  1614    42.7941    47.2189     0.7800   0.0000   0.0000   0.0000
 1  23  25  1615    42.7941    52.2189     0.7800   0.0000   0.0000   0.0000
 1  23  26  1616    42.7941    57.2189     0.7800   0.0000   0.0000   0.0000
 1  23  27  1617    42.7941    62.2189     0.7800   0.0000   0.0000   0.0000
 1  23  28  1618    42.7941    67.2189     0.7800   0.0000   0.0000   0.0000
 1  23  29  1619    42.7941    72.1095     0.7800   0.0000   0.0000   0.0000
 1  24   0  1620    47.7941   -72.3905     0.7800   0.0000   0.0000   0.0000
 1  24   1  1621    47.7941   -67.7811     0.7800   0.0000   0.0000   0.0000
 1  24   2  1622    47.7941   -62.7811     0.7800   0.0000   0.0000   0.0000
 1  24   3  1623    47.7941   -57.7811     0.7800   0.0000   0.0000   0.0000
 1  24   4  1624    47.7941   -52.7811     0.7800   0.0000   0.0000   0.0000
 1  24   5  1625    47.7941   -47.7811     0.7800   0.0000   0.0000   0.0000
 1  24   6  1626    47.7941   -42.7811     0.7800   0.0000   0.0000   0.0000
 1  24   7  1627    47.7941   -37.7811     0.7800   0.0000   0.0000   0.0000
 1  24   8  1628    47.7941   -32.7811     0.7800   0.0000   0.0000   0.0000
 1  24   9  1629    47.7941   -27.7811     0.7800   0.0000   0.0000   0.0000
 1  24  10  1630    47.7941   -22.7811     0.7800   0.0000   0.0000   0.0000
 1  24  11  1631    47.7941   -17.7811     0.7800   0.0000   0.0000   0.0000
 1  24  12  1632    47.7941   -12.7811     0.7800   0.0000   0.0000   0.0000
 1  24  13  1633    47.7941    -7.7811     0.7800   0.0000   0.0000   0.0000
 1  24  14  1634    47.7941    -2.7811     0.7800   0.0000   0.0000   0.0000
 1  24  15  1635    47.7941     2.2189     0.7800   0.0000   0.0000   0.0000
 1  24  16  1636    47.7941     7.2189     0.7800   0.0000   0.0000   0.0000
 1  24  17  1637    47.7941    12.2189     0.7800   0.0000   0.0000   0.0000
 1  24  18  1638    47.7941    17.2189     0.7800   0.0000   0.0000   0.0000
 1  24  19  1639    47.7941    22.2189     0.7800   0.0000   0.0000   0.0000
 1  24  20  1640    47.7941    27.2189     0.7800   0.0000   0.0000   0.0000
 1  24  21  1641    47.7941    32.2189     0.7800   0.0000   0.0000   0.0000
 1  24  22  1642    47.7941    37.2189     0.7800   0.0000   0.0000   0.0000
 1  24  23  1643    47.7941    42.2189     0.7800   0.0000   0.0000   0.0000
 1  24  24  1644    47.7941    47.2189     0.7800   0.0000   0.0000   0.0000
 1  24  25  1645    47.7941    52.2189     0.7800   0.0000   0.0000   0.0000
 1  24  26  1646    47.7941    57.2189     0.7800   0.0000   0.0000   0.0000
 1  24  27  1647    47.7941    62.2189     0.7800   0.0000   0.0000   0.0000
 1  24  28  1648    47.7941    67.2189     0.7800   0.0000   0.0000   0.0000
 1  24  29  1649    47.7941    72.1095     0.7800   0.0000   0.0000   0.0000
 1  25   0  1650    52.7941   -72.3905     0.7800   0.0000   0.0000   0.0000
 1  25   1  1651    52.7941   -67.7811     0.7800   0.0000   0.0000   0.0000
 1  25   2  1652    52.7941   -62.7811     0.7800   0.0000   0.0000   0.0000
 1  25   3  1653    52.7941   -57.7811     0.7800   0.0000   0.0000   0.0000
 1  25   4  1654    52.7941   -52.7811     0.7800   0.0000   0.0000   0.0000
 1  25   5  1655    52.7941   -47.7811     0.7800   0.0000   0.0000   0.0000
 1  25   6  1656    52.7941   -42.7811     0.7800   0.0000   0.0000   0.0000
 1  25   7  1657    52.7941   -37.7811     0.7800   0.0000   0.0000   0.0000
 1  25   8  1658    52.7941   -32.7811     0.7800   0.0000   0.0000   0.0000
 1  25   9  1659    52.7941   -27.7811     0.7800   0.0000   0.0000   0.0000
 1  25  10  1660    52.7941   -22.7811     0.7800   0.0000   0.0000   0.0000
 1  25  11  1661    52.7941   -17.7811     0.7800   0.0000   0.0000   0.0000
 1  25  12  1662    52.7941   -12.7811     0.7800   0.0000   0.0000   0.0000
 1  25  13  1663    52.7941    -7.7811     0.7800   0.0000   0.0000   0.0000
 1  25  14  1664    52.7941    -2.7811     0.7800   0.0000   0.0000   0.0000
 1  25  15  1665    52.7941     2.2189     0.7800   0.0000   0.0000   0.0000
 1  25  16  1666    52.7941     7.2189     0.7800   0.0000   0.0000   0.0000
 1  25  17  1667    52.7941    12.2189     0.7800   0.0000   0.0000   0.0000
 1  25  18  1668    52.7941    17.2189     0.7800   0.0000   0.0000   0.0000
 1  25  19  1669    52.7941    22.2189     0.7800   0.0000   0.0000   0.0000
 1  25  20  1670    52.7941    27.2189     0.7800   0.0000   0.0000   0.0000
 1  25  21  1671    52.7941    32.2189     0.7800   0.0000   0.0000   0.0000
 1  25  22  1672    52.7941    37.2189     0.7800   0.0000   0.0000   0.0000
 1  25  23  1673    52.7941    42.2189     0.7800   0.0000   0.0000   0.0000
 1  25  24  1674    52.7941    47.2189     0.7800   0.0000   0.0000   0.0000
 1  25  25  1675    52.7941    52.2189     0.7800   0.0000   0.0000   0.0000
 1  25  26  1676    52.7941    57.2189     0.7800   0.0000   0.0000   0.0000
 1  25  27  1677    52.7941    62.2189     0.7800   0.0000   0.0000   0.0000
 1  25  28  1678    52.7941    67.2189     0.7800   0.0000   0.0000   0.0000
 1  25  29  1679    52.7941    72.1095     0.7800   0.0000   0.0000   0.0000
 1  26   0  1680    57.7941   -72.3905     0.7800   0.0000   0.0000   0.0000
 1  26   1  1681    57.7941   -67.7811     0.7800   0.0000   0.0000   0.0000
 1  26   2  1682    57.7941   -62.7811     0.7800   0.0000   0.0000   0.0000
 1  26   3  1683    57.7941   -57.7811     0.7800   0.0000   0.0000   0.0000
 1  26   4  1684    57.7941   -52.7811     0.7800   0.0000   0.0000   0.0000
 1  26   5  1685    57.7941   -47.7811     0.7800   0.0000   0.0000   0.0000
 1  26   6  1686    57.7941   -42.7811     0.7800   0.0000   0.0000   0.0000
 1  26   7  1687    57.7941   -37.7811     0.7800   0.0000   0.0000   0.0000
 1  26   8  1688    57.7941   -32.7811     0.7800   0.0000   0.0000   0.0000
 1  26   9  1689    57.7941   -27.7811     0.7800   0.0000   0.0000   0.0000
 1  26  10  1690    57.7941   -22.7811     0.7800   0.0000   0.0000   0.0000
 1  26  11  1691    57.7941   -17.7811     0.7800   0.0000   0.0000   0.0000
 1  26  12  1692    57.7941   -12.7811     0.7800   0.0000   0.0000   0.0000
 1  26  13  1693    57.7941    -7.7811     0.7800   0.0000   0.0000   0.0000
 1  26  14  1694    57.7941    -2.7811     0.7800   0.0000   0.0000   0.0000
 1  26  15  1695    57.7941     2.2189     0.7800   0.0000   0.0000   0.0000
 1  26  16  1696    57.7941     7.2189     0.7800   0.0000   0.0000   0.0000
 1  26  17  1697    57.7941    12.2189     0.7800   0.0000   0.0000   0.0000
 1  26  18  1698    57.7941    17.2189     0.7800   0.0000   0.0000   0.0000
 1  26  19  1699    57.7941    22.2189     0.7800   0.0000   0.0000   0.0000
 1  26  20  1700    57.7941    27.2189     0.7800   0.0000   0.0000   0.0000
 1  26  21  1701    57.7941    32.2189     0.7800   0.0000   0.0000   0.0000
 1  26  22  1702    57.7941    37.2189     0.7800   0.0000   0.0000   0.0000
 1  26  23  1703    57.7941    42.2189     0.7800   0.0000   0.0000   0.0000
 1  26  24  1704    57.7941    47.2189     0.7800   0.0000   0.0000   0.0000
 1  26  25  1705    57.7941    52.2189     0.7800   0.0000   0.0000   0.0000
 1  26  26  1706    57.7941    57.2189     0.7800   0.0000   0.0000   0.0000
 1  26  27  1707    57.7941    62.2189     0.7800   0.0000   0.0000   0.0000
 1  26  28  1708    57.7941    67.2189     0.7800   0.0000   0.0000   0.0000
 1  26  29  1709    57.7941    72.1095     0.7800   0.0000   0.0000   0.0000
 1  27   0  1710    62.7941   -72.3905     0.7800   0.0000   0.0000   0.0000
 1  27   1  1711    62.7941   -67.7811     0.7800   0.0000   0.0000   0.0000
 1  27   2  1712    62.7941   -62.7811     0.7800   0.0000   0.0000   0.0000
 1  27   3  1713    62.7941   -57.7811     0.7800   0.0000   0.0000   0.0000
 1  27   4  1714    62.7941   -52.7811     0.7800   0.0000   0.0000   0.0000
 1  27   5  1715    62.7941   -47.7811     0.7800   0.0000   0.0000   0.0000
 1  27   6  1716    62.7941   -42.7811     0.7800   0.0000   0.0000   0.0000
 1  27   7  1717    62.7941   -37.7811     0.7800   0.0000   0.0000   0.0000
 1  27   8  1718    62.7941   -32.7811     0.7800   0.0000   0.0000   0.0000
 1  27   9  1719    62.7941   -27.7811     0.7800   0.0000   0.0000   0.0000
 1  27  10  1720    62.7941   -22.7811     0.7800   0.0000   0.0000   0.0000
 1  27  11  1721    62.7941   -17.7811     0.7800   0.0000   0.0000   0.0000
 1  27  12  1722    62.7941   -12.7811     0.7800   0.0000   0.0000   0.0000
 1  27  13  1723    62.7941    -7.7811     0.7800   0.0000   0.0000   0.0000
 1  27  14  1724    62.7941    -2.7811     0.7800   0.0000   0.0000   0.0000
 1  27  15  1725    62.7941     2.2189     0.7800   0.0000   0.0000   0.0000
 1  27  16  1726    62.7941     7.2189     0.7800   0.0000   0.0000   0.0000
 1  27  17  1727    62.7941    12.2189     0.7800   0.0000   0.0000   0.0000
 1  27  18  1728    62.7941    17.2189     0.7800   0.0000   0.0000   0.0000
 1  27  19  1729    62.7941    22.2189     0.7800   0.0000   0.0000   0.0000
 1  27  20  1730    62.7941    27.2189     0.7800   0.0000   0.0000   0.0000
 1  27  21  1731    62.7941    32.2189     0.7800   0.0000   0.0000   0.0000
 1  27  22  1732    62.7941    37.2189     0.7800   0.0000   0.0000   0.0000
 1  27  23  1733    62.7941    42.2189     0.7800   0.0000   0.0000   0.0000
 1  27  24  1734    62.7941    47.2189     0.7800   0.0000   0.0000   0.0000
 1  27  25  1735    62.7941    52.2189     0.7800   0.0000   0.0000   0.0000
 1  27  26  1736    62.7941    57.2189     0.7800   0.0000   0.0000   0.0000
 1  27  27  1737    62.7941    62.2189     0.7800   0.0000   0.0000   0.0000
 1  27  28  1738    62.7941    67.2189     0.7800   0.0000   0.0000   0.0000
 1  27  29  1739    62.7941    72.1095     0.7800   0.0000   0.0000   0.0000
 1  28   0  1740    67.7941   -72.3905     0.7800   0.0000   0.0000   0.0000
 1  28   1  1741    67.7941   -67.7811     0.7800   0.0000   0.0000   0.0000
 1  28   2  1742    67.7941   -62.7811     0.7800   0.0000   0.0000   0.0000
 1  28   3  1743    67.7941   -57.7811     0.7800   0.0000   0.0000   0.0000
 1  28   4  1744    67.7941   -52.7811     0.7800   0.0000   0.0000   0.0000
 1  28   5  1745    67.7941   -47.7811     0.7800   0.0000   0.0000   0.0000
 1  28   6  1746    67.7941   -42.7811     0.7800   0.0000   0.0000   0.0000
 1  28   7  1747    67.7941   -37.7811     0.7800   0.0000   0.0000   0.0000
 1  28   8  1748    67.7941   -32.7811     0.7800   0.0000   0.0000   0.0000
 1  28   9  1749    67.7941   -27.7811     0.7800   0.0000   0.0000   0.0000
 1  28  10  1750    67.7941   -22.7811     0.7800   0.0000   0.0000   0.0000
 1  28  11  1751    67.7941   -17.7811     0.7800   0.0000   0.0000   0.0000
 1  28  12  1752    67.7941   -12.7811     0.7800   0.0000   0.0000   0.0000
 1  28  13  1753    67.7941    -7.7811     0.7800   0.0000   0.0000   0.0000
 1  28  14  1754    67.7941    -2.7811     0.7800   0.0000   0.0000   0.0000
 1  28  15  1755    67.7941     2.2189     0.7800   0.0000   0.0000   0.0000
 1  28  16  1756    67.7941     7.2189     0.7800   0.0000   0.0000   0.0000
 1  28  17  1757    67.7941    12.2189     0.7800   0.0000   0.0000   0.0000
 1  28  18  1758    67.7941    17.2189     0.7800   0.0000   0.0000   0.0000
 1  28  19  1759    67.7941    22.2189     0.7800   0.0000   0.0000   0.0000
 1  28  20  1760    67.7941    27.2189     0.7800   0.0000   0.0000   0.0000
 1  28  21  1761    67.7941    32.2189     0.7800   0.0000   0.0000   0.0000
 1  28  22  1762    67.7941    37.2189     0.7800   0.0000   0.0000   0.0000
 1  28  23  1763    67.7941    42.2189     0.7800   0.0000   0.0000   0.0000
 1  28  24  1764    67.7941    47.2189     0.7800   0.0000   0.0000   0.0000
 1  28  25  1765    67.7941    52.2189     0.7800   0.0000   0.0000   0.0000
 1  28  26  1766    67.7941    57.2189     0.7800   0.0000   0.0000   0.0000
 1  28  27  1767    67.7941    62.2189     0.7800   0.0000   0.0000   0.0000
 1  28  28  1768    67.7941    67.2189     0.7800   0.0000   0.0000   0.0000
 1  28  29  1769    67.7941    72.1095     0.7800   0.0000   0.0000   0.0000
 1  29   0  1770    72.3970   -72.3905     0.7800   0.0000   0.0000   0.0000
 1  29   1  1771    72.3970   -67.7811     0.7800   0.0000   0.0000   0.0000
 1  29   2  1772    72.3970   -62.7811     0.7800   0.0000   0.0000   0.0000
 1  29   3  1773    72.3970   -57.7811     0.7800   0.0000   0.0000   0.0000
 1  29   4  1774    72.3970   -52.7811     0.7800   0.0000   0.0000   0.0000
 1  29   5  1775    72.3970   -47.7811     0.7800   0.0000   0.0000   0.0000
 1  29   6  1776    72.3970   -42.7811     0.7800   0.0000   0.0000   0.0000
 1  29   7  1777    72.3970   -37.7811     0.7800   0.0000   0.0000   0.0000
 1  29   8  1778    72.3970   -32.7811     0.7800   0.0000   0.0000   0.0000
 1  29   9  1779    72.3970   -27.7811     0.7800   0.0000   0.0000   0.0000
 1  29  10  1780    72.3970   -22.7811     0.7800   0.0000   0.0000   0.0000
 1  29  11  1781    72.3970   -17.7811     0.7800   0.0000   0.0000   0.0000
 1  29  12  1782    72.3970   -12.7811     0.7800   0.0000   0.0000   0.0000
 1  29  13  1783    72.3970    -7.7811     0.7800   0.0000   0.0000   0.0000
 1  29  14  1784    72.3970    -2.7811     0.7800   0.0000   0.0000   0.0000
 1  29  15  1785    72.3970     2.2189     0.7800   0.0000   0.0000   0.0000
 1  29  16  1786    72.3970     7.2189     0.7800   0.0000   0.0000   0.0000
 1  29  17  1787    72.3970    12.2189     0.7800   0.0000   0.0000   0.0000
 1  29  18  1788    72.3970    17.2189     0.7800   0.0000   0.0000   0.0000
 1  29  19  1789    72.3970    22.2189     0.7800   0.0000   0.0000   0.0000
 1  29  20  1790    72.3970    27.2189     0.7800   0.0000   0.0000   0.0000
 1  29  21  1791    72.3970    32.2189     0.7800   0.0000   0.0000   0.0000
 1  29  22  1792    72.3970    37.2189     0.7800   0.0000   0.0000   0.0000
 1  29  23  1793    72.3970    42.2189     0.7800   0.0000   0.0000   0.0000
 1  29  24  1794    72.3970    47.2189     0.7800   0.0000   0.0000   0.0000
 1  29  25  1795    72.3970    52.2189     0.7800   0.0000   0.0000   0.0000
 1  29  26  1796    72.3970    57.2189     0.7800   0.0000   0.0000   0.0000
 1  29  27  1797    72.3970    62.2189     0.7800   0.0000   0.0000   0.0000
 1  29  28  1798    72.3970    67.2189     0.7800   0.0000   0.0000   0.0000
 1  29  29  1799    72.3970    72.1095     0.7800   0.0000   0.0000   0.0000
 2   0   0  1800  -147.3970   -52.3905     0.7800   0.0000   0.0000   0.0000
 2   0   1  1801  -147.3970   -47.7811     0.7800   0.0000   0.0000   0.0000
 2   0   2  1802  -147.3970   -42.7811     0.7800   0.0000   0.0000   0.0000
 2   0   3  1803  -147.3970   -37.7811     0.7800   0.0000   0.0000   0.0000
 2   0   4  1804  -147.3970   -32.7811     0.7800   0.0000   0.0000   0.0000
 2   0   5  1805  -147.3970   -27.7811     0.7800   0.0000   0.0000   0.0000
 2   0   6  1806  -147.3970   -22.7811     0.7800   0.0000   0.0000   0.0000
 2   0   7  1807  -147.3970   -17.7811     0.7800   0.0000   0.0000   0.0000
 2   0   8  1808  -147.3970   -12.7811     0.7800   0.0000   0.0000   0.0000
 2   0   9  1809  -147.3970    -7.7811     0.7800   0.0000   0.0000   0.0000
 2   0  10  1810  -147.3970    -2.7811     0.7800   0.0000   0.0000   0.0000
 2   0  11  1811  -147.3970     2.2189     0.7800   0.0000   0.0000   0.0000
 2   0  12  1812  -147.3970     7.2189     0.7800   0.0000   0.0000   0.0000
 2   0  13  1813  -147.3970    12.2189     0.7800   0.0000   0.0000   0.0000
 2   0  14  1814  -147.3970    17.2189     0.7800   0.0000   0.0000   0.0000
 2   0  15  1815  -147.3970    22.2189     0.7800   0.0000   0.0000   0.0000
 2   0  16  1816  -147.3970    27.2189     0.7800   0.0000   0.0000   0.0000
 2   0  17  1817  -147.3970    32.2189     0.7800   0.0000   0.0000   0.0000
 2   0  18  1818  -147.3970    37.2189     0.7800   0.0000   0.0000   0.0000
 2   0  19  1819  -147.3970    42.2189     0.7800   0.0000   0.0000   0.0000
 2   0  20  1820  -147.3970    47.2189     0.7800   0.0000   0.0000   0.0000
 2   0  21  1821  -147.3970    52.1095     0.7800   0.0000   0.0000   0.0000
 2   1   0  1822  -142.7941   -52.3905     0.7800   0.0000   0.0000   0.0000
 2   1   1  1823  -142.7941   -47.7811     0.7800   0.0000   0.0000   0.0000
 2   1   2  1824  -142.7941   -42.7811     0.7800   0.0000   0.0000   0.0000
 2   1   3  1825  -142.7941   -37.7811     0.7800   0.0000   0.0000   0.0000
 2   1   4  1826  -142.7941   -32.7811     0.7800   0.0000   0.0000   0.0000
 2   1   5  1827  -142.7941   -27.7811     0.7800   0.0000   0.0000   0.0000
 2   1   6  1828  -142.7941   -22.7811     0.7800   0.0000   0.0000   0.0000
 2   1   7  1829  -142.7941   -17.7811     0.7800   0.0000   0.0000   0.0000
 2   1   8  1830  -142.7941   -12.7811     0.7800   0.0000   0.0000   0.0000
 2   1   9  1831  -142.7941    -7.7811     0.7800   0.0000   0.0000   0.0000
 2   1  10  1832  -142.7941    -2.7811     0.7800   0.0000   0.0000   0.0000
 2   1  11  1833  -142.7941     2.2189     0.7800   0.0000   0.0000   0.0000
 2   1  12  1834  -142.7941     7.2189     0.7800   0.0000   0.0000   0.0000
 2   1  13  1835  -142.7941    12.2189     0.7800   0.0000   0.0000   0.0000
 2   1  14  1836  -142.7941    17.2189     0.7800   0.0000   0.0000   0.0000
 2   1  15  1837  -142.7941    22.2189     0.7800   0.0000   0.0000   0.0000
 2   1  16  1838  -142.7941    27.2189     0.7800   0.0000   0.0000   0.0000
 2   1  17  1839  -142.7941    32.2189     0.7800   0.0000   0.0000   0.0000
 2   1  18  1840  -142.7941    37.2189     0.7800   0.0000   0.0000   0.0000
 2   1  19  1841  -142.7941    42.2189     0.7800   0.0000   0.0000   0.0000
 2   1  20  1842  -142.7941    47.2189     0.7800   0.0000   0.0000   0.0000
 2   1  21  1843  -142.7941    52.1095     0.7800   0.0000   0.0000   0.0000
 2   2   0  1844  -137.7941   -52.3905     0.7800   0.0000   0.0000   0.0000
 2   2   1  1845  -137.7941   -47.7811     0.7800   0.0000   0.0000   0.0000
 2   2   2  1846  -137.7941   -42.7811     0.7800   0.0000   0.0000   0.0000
 2   2   3  1847  -137.7941   -37.7811     0.7800   0.0000   0.0000   0.0000
 2   2   4  1848  -137.7941   -32.7811     0.7800   0.0000   0.0000   0.0000
 2   2   5  1849  -137.7941   -27.7811     0.7800   0.0000   0.0000   0.0000
 2   2   6  1850  -137.7941   -22.7811     0.7800   0.0000   0.0000   0.0000
 2   2   7  1851  -137.7941   -17.7811     0.7800   0.0000   0.0000   0.0000
 2   2   8  1852  -137.7941   -12.7811     0.7800   0.0000   0.0000   0.0000
 2   2   9  1853  -137.7941    -7.7811     0.7800   0.0000   0.0000   0.0000
 2   2  10  1854  -137.7941    -2.7811     0.7800   0.0000   0.0000   0.0000
 2   2  11  1855  -137.7941     2.2189     0.7800   0.0000   0.0000   0.0000
 2   2  12  1856  -137.7941     7.2189     0.7800   0.0000   0.0000   0.0000
 2   2  13  1857  -137.7941    12.2189     0.7800   0.0000   0.0000   0.0000
 2   2  14  1858  -137.7941    17.2189     0.7800   0.0000   0.0000   0.0000
 2   2  15  1859  -137.7941    22.2189     0.7800   0.0000   0.0000   0.0000
 2   2  16  1860  -137.7941    27.2189     0.7800   0.0000   0.0000   0.0000
 2   2  17  1861  -137.7941    32.2189     0.7800   0.0000   0.0000   0.0000
 2   2  18  1862  -137.7941    37.2189     0.7800   0.0000   0.0000   0.0000
 2   2  19  1863  -137.7941    42.2189     0.7800   0.0000   0.0000   0.0000
 2   2  20  1864  -137.7941    47.2189     0.7800   0.0000   0.0000   0.0000
 2   2  21  1865  -137.7941    52.1095     0.7800   0.0000   0.0000   0.0000
 2   3   0  1866  -132.7941   -52.3905     0.7800   0.0000   0.0000   0.0000
 2   3   1  1867  -132.7941   -47.7811     0.7800   0.0000   0.0000   0.0000
 2   3   2  1868  -132.7941   -42.7811     0.7800   0.0000   0.0000   0.0000
 2   3   3  1869  -132.7941   -37.7811     0.7800   0.0000   0.0000   0.0000
 2   3   4  1870  -132.7941   -32.7811     0.7800   0.0000   0.0000   0.0000
 2   3   5  1871  -132.7941   -27.7811     0.7800   0.0000   0.0000   0.0000
 2   3   6  1872  -132.7941   -22.7811     0.7800   0.0000   0.0000   0.0000
 2   3   7  1873  -132.7941   -17.7811     0.7800   0.0000   0.0000   0.0000
 2   3   8  1874  -132.7941   -12.7811     0.7800   0.0000   0.0000   0.0000
 2   3   9  1875  -132.7941    -7.7811     0.7800   0.0000   0.0000   0.0000
 2   3  10  1876  -132.7941    -2.7811     0.7800   0.0000   0.0000   0.0000
 2   3  11  1877  -132.7941     2.2189     0.7800   0.0000   0.0000   0.0000
 2   3  12  1878  -132.7941     7.2189     0.7800   0.0000   0.0000   0.0000
 2   3  13  1879  -132.7941    12.2189     0.7800   0.0000   0.0000   0.0000
 2   3  14  1880  -132.7941    17.2189     0.7800   0.0000   0.0000   0.0000
 2   3  15  1881  -132.7941    22.2189     0.7800   0.0000   0.0000   0.0000
 2   3  16  1882  -132.7941    27.2189     0.7800   0.0000   0.0000   0.0000
 2   3  17  1883  -132.7941    32.2189     0.7800   0.0000   0.0000   0.0000
 2   3  18  1884  -132.7941    37.2189     0.7800   0.0000   0.0000   0.0000
 2   3  19  1885  -132.7941    42.2189     0.7800   0.0000   0.0000   0.0000
 2   3  20  1886  -132.7941    47.2189     0.7800   0.0000   0.0000   0.0000
 2   3  21  1887  -132.7941    52.1095     0.7800   0.0000   0.0000   0.0000
 2   4   0  1888  -127.7941   -52.3905     0.7800   0.0000   0.0000   0.0000
 2   4   1  1889  -127.7941   -47.7811     0.7800   0.0000   0.0000   0.0000
 2   4   2  1890  -127.7941   -42.7811     0.7800   0.0000   0.0000   0.0000
 2   4   3  1891  -127.7941   -37.7811     0.7800   0.0000   0.0000   0.0000
 2   4   4  1892  -127.7941   -32.7811     0.7800   0.0000   0.0000   0.0000
 2   4   5  1893  -127.7941   -27.7811     0.7800   0.0000   0.0000   0.0000
 2   4   6  1894  -127.7941   -22.7811     0.7800   0.0000   0.0000   0.0000
 2   4   7  1895  -127.7941   -17.7811     0.7800   0.0000   0.0000   0.0000
 2   4   8  1896  -127.7941   -12.7811     0.7800   0.0000   0.0000   0.0000
 2   4   9  1897  -127.7941    -7.7811     0.7800   0.0000   0.0000   0.0000
 2   4  10  1898  -127.7941    -2.7811     0.7800   0.0000   0.0000   0.0000
 2   4  11  1899  -127.7941     2.2189     0.7800   0.0000   0.0000   0.0000
 2   4  12  1900  -127.7941     7.2189     0.7800   0.0000   0.0000   0.0000
 2   4  13  1901  -127.7941    12.2189     0.7800   0.0000   0.0000   0.0000
 2   4  14  1902  -127.7941    17.2189     0.7800   0.0000   0.0000   0.0000
 2   4  15  1903  -127.7941    22.2189     0.7800   0.0000   0.0000   0.0000
 2   4  16  1904  -127.7941    27.2189     0.7800   0.0000   0.0000   0.0000
 2   4  17  1905  -127.7941    32.2189     0.7800   0.0000   0.0000   0.0000
 2   4  18  1906  -127.7941    37.2189     0.7800   0.0000   0.0000   0.0000
 2   4  19  1907  -127.7941    42.2189     0.7800   0.0000   0.0000   0.0000
 2   4  20  1908  -127.7941    47.2189     0.7800   0.0000   0.0000   0.0000
 2   4  21  1909  -127.7941    52.1095     0.7800   0.0000   0.0000   0.0000
 2   5   0  1910  -122.7941   -52.3905     0.7800   0.0000   0.0000   0.0000
 2   5   1  1911  -122.7941   -47.7811     0.7800   0.0000   0.0000   0.0000
 2   5   2  1912  -122.7941   -42.7811     0.7800   0.0000   0.0000   0.0000
 2   5   3  1913  -122.7941   -37.7811     0.7800   0.0000   0.0000   0.0000
 2   5   4  1914  -122.7941   -32.7811     0.7800   0.0000   0.0000   0.0000
 2   5   5  1915  -122.7941   -27.7811     0.7800   0.0000   0.0000   0.0000
 2   5   6  1916  -122.7941   -22.7811     0.7800   0.0000   0.0000   0.0000
 2   5   7  1917  -122.7941   -17.7811     0.7800   0.0000   0.0000   0.0000
 2   5   8  1918  -122.7941   -12.7811     0.7800   0.0000   0.0000   0.0000
 2   5   9  1919  -122.7941    -7.7811     0.7800   0.0000   0.0000   0.0000
 2   5  10  1920  -122.7941    -2.7811     0.7800   0.0000   0.0000   0.0000
 2   5  11  1921  -122.7941     2.2189     0.7800   0.0000   0.0000   0.0000
 2   5  12  1922  -122.7941     7.2189     0.7800   0.0000   0.0000   0.0000
 2   5  13  1923  -122.7941    12.2189     0.7800   0.0000   0.0000   0.0000
 2   5  14  1924  -122.7941    17.2189     0.7800   0.0000   0.0000   0.0000
 2   5  15  1925  -122.7941    22.2189     0.7800   0.0000   0.0000   0.0000
 2   5  16  1926  -122.7941    27.2189     0.7800   0.0000   0.0000   0.0000
 2   5  17  1927  -122.7941    32.2189     0.7800   0.0000   0.0000   0.0000
 2   5  18  1928  -122.7941    37.2189     0.7800   0.0000   0.0000   0.0000
 2   5  19  1929  -122.7941    42.2189     0.7800   0.0000   0.0000   0.0000
 2   5  20  1930  -122.7941    47.2189     0.7800   0.0000   0.0000   0.0000
 2   5  21  1931  -122.7941    52.1095     0.7800   0.0000   0.0000   0.0000
 2   6   0  1932  -117.7941   -52.3905     0.7800   0.0000   0.0000   0.0000
 2   6   1  1933  -117.7941   -47.7811     0.7800   0.0000   0.0000   0.0000
 2   6   2  1934  -117.7941   -42.7811     0.7800   0.0000   0.0000   0.0000
 2   6   3  1935  -117.7941   -37.7811     0.7800   0.0000   0.0000   0.0000
 2   6   4  1936  -117.7941   -32.7811     0.7800   0.0000   0.0000   0.0000
 2   6   5  1937  -117.7941   -27.7811     0.7800   0.0000   0.0000   0.0000
 2   6   6  1938  -117.7941   -22.7811     0.7800   0.0000   0.0000   0.0000
 2   6   7  1939  -117.7941   -17.7811     0.7800   0.0000   0.0000   0.0000
 2   6   8  1940  -117.7941   -12.7811     0.7800   0.0000   0.0000   0.0000
 2   6   9  1941  -117.7941    -7.7811     0.7800   0.0000   0.0000   0.0000
 2   6  10  1942  -117.7941    -2.7811     0.7800   0.0000   0.0000   0.0000
 2   6  11  1943  -117.7941     2.2189     0.7800   0.0000   0.0000   0.0000
 2   6  12  1944  -117.7941     7.2189     0.7800   0.0000   0.0000   0.0000
 2   6  13  1945  -117.7941    12.2189     0.7800   0.0000   0.0000   0.0000
 2   6  14  1946  -117.7941    17.2189     0.7800   0.0000   0.0000   0.0000
 2   6  15  1947  -117.7941    22.2189     0.7800   0.0000   0.0000   0.0000
 2   6  16  1948  -117.7941    27.2189     0.7800   0.0000   0.0000   0.0000
 2   6  17  1949  -117.7941    32.2189     0.7800   0.0000   0.0000   0.0000
 2   6  18  1950  -117.7941    37.2189     0.7800   0.0000   0.0000   0.0000
 2   6  19  1951  -117.7941    42.2189     0.7800   0.0000   0.0000   0.0000
 2   6  20  1952  -117.7941    47.2189     0.7800   0.0000   0.0000   0.0000
 2   6  21  1953  -117.7941    52.1095     0.7800   0.0000   0.0000   0.0000
 2   7   0  1954  -112.7941   -52.3905     0.7800   0.0000   0.0000   0.0000
 2   7   1  1955  -112.7941   -47.7811     0.7800   0.0000   0.0000   0.0000
 2   7   2  1956  -112.7941   -42.7811     0.7800   0.0000   0.0000   0.0000
 2   7   3  1957  -112.7941   -37.7811     0.7800   0.0000   0.0000   0.0000
 2   7   4  1958  -112.7941   -32.7811     0.7800   0.0000   0.0000   0.0000
 2   7   5  1959  -112.7941   -27.7811     0.7800   0.0000   0.0000   0.0000
 2   7   6  1960  -112.7941   -22.7811     0.7800   0.0000   0.0000   0.0000
 2   7   7  1961  -112.7941   -17.7811     0.7800   0.0000   0.0000   0.0000
 2   7   8  1962  -112.7941   -12.7811     0.7800   0.0000   0.0000   0.0000
 2   7   9  1963  -112.7941    -7.7811     0.7800   0.0000   0.0000   0.0000
 2   7  10  1964  -112.7941    -2.7811     0.7800   0.0000   0.0000   0.0000
 2   7  11  1965  -112.7941     2.2189     0.7800   0.0000   0.0000   0.0000
 2   7  12  1966  -112.7941     7.2189     0.7800   0.0000   0.0000   0.0000
 2   7  13  1967  -112.7941    12.2189     0.7800   0.0000   0.0000   0.0000
 2   7  14  1968  -112.7941    17.2189     0.7800   0.0000   0.0000   0.0000
 2   7  15  1969  -112.7941    22.2189     0.7800   0.0000   0.0000   0.0000
 2   7  16  1970  -112.7941    27.2189     0.7800   0.0000   0.0000   0.0000
 2   7  17  1971  -112.7941    32.2189     0.7800   0.0000   0.0000   0.0000
 2   7  18  1972  -112.7941    37.2189     0.7800   0.0000   0.0000   0.0000
 2   7  19  1973  -112.7941    42.2189     0.7800   0.0000   0.0000   0.0000
 2   7  20  1974  -112.7941    47.2189     0.7800   0.0000   0.0000   0.0000
 2   7  21  1975  -112.7941    52.1095     0.7800   0.0000   0.0000   0.0000
 2   8   0  1976  -107.7941   -52.3905     0.7800   0.0000   0.0000   0.0000
 2   8   1  1977  -107.7941   -47.7811     0.7800   0.0000   0.0000   0.0000
 2   8   2  1978  -107.7941   -42.7811     0.7800   0.0000   0.0000   0.0000
 2   8   3  1979  -107.7941   -37.7811     0.7800   0.0000   0.0000   0.0000
 2   8   4  1980  -107.7941   -32.7811     0.7800   0.0000   0.0000   0.0000
 2   8   5  1981  -107.7941   -27.7811     0.7800   0.0000   0.0000   0.0000
 2   8   6  1982  -107.7941   -22.7811     0.7800   0.0000   0.0000   0.0000
 2   8   7  1983  -107.7941   -17.7811     0.7800   0.0000   0.0000   0.0000
 2   8   8  1984  -107.7941   -12.7811     0.7800   0.0000   0.0000   0.0000
 2   8   9  1985  -107.7941    -7.7811     0.7800   0.0000   0.0000   0.0000
 2   8  10  1986  -107.7941    -2.7811     0.7800   0.0000   0.0000   0.0000
 2   8  11  1987  -107.7941     2.2189     0.7800   0.0000   0.0000   0.0000
 2   8  12  1988  -107.7941     7.2189     0.7800   0.0000   0.0000   0.0000
 2   8  13  1989  -107.7941    12.2189     0.7800   0.0000   0.0000   0.0000
 2   8  14  1990  -107.7941    17.2189     0.7800   0.0000   0.0000   0.0000
 2   8  15  1991  -107.7941    22.2189     0.7800   0.0000   0.0000   0.0000
 2   8  16  1992  -107.7941    27.2189     0.7800   0.0000   0.0000   0.0000
 2   8  17  1993  -107.7941    32.2189     0.7800   0.0000   0.0000   0.0000
 2   8  18  1994  -107.7941    37.2189     0.7800   0.0000   0.0000   0.0000
 2   8  19  1995  -107.7941    42.2189     0.7800   0.0000   0.0000   0.0000
 2   8  20  1996  -107.7941    47.2189     0.7800   0.0000   0.0000   0.0000
 2   8  21  1997  -107.7941    52.1095     0.7800   0.0000   0.0000   0.0000
 2   9   0  1998  -102.7941   -52.3905     0.7800   0.0000   0.0000   0.0000
 2   9   1  1999  -102.7941   -47.7811     0.7800   0.0000   0.0000   0.0000
 2   9   2  2000  -102.7941   -42.7811     0.7800   0.0000   0.0000   0.0000
 2   9   3  2001  -102.7941   -37.7811     0.7800   0.0000   0.0000   0.0000
 2   9   4  2002  -102.7941   -32.7811     0.7800   0.0000   0.0000   0.0000
 2   9   5  2003  -102.7941   -27.7811     0.7800   0.0000   0.0000   0.0000
 2   9   6  2004  -102.7941   -22.7811     0.7800   0.0000   0.0000   0.0000
 2   9   7  2005  -102.7941   -17.7811     0.7800   0.0000   0.0000   0.0000
 2   9   8  2006  -102.7941   -12.7811     0.7800   0.0000   0.0000   0.0000
 2   9   9  2007  -102.7941    -7.7811     0.7800   0.0000   0.0000   0.0000
 2   9  10  2008  -102.7941    -2.7811     0.7800   0.0000   0.0000   0.0000
 2   9  11  2009  -102.7941     2.2189     0.7800   0.0000   0.0000   0.0000
 2   9  12  2010  -102.7941     7.2189     0.7800   0.0000   0.0000   0.0000
 2   9  13  2011  -102.7941    12.2189     0.7800   0.0000   0.0000   0.0000
 2   9  14  2012  -102.7941    17.2189     0.7800   0.0000   0.0000   0.0000
 2   9  15  2013  -102.7941    22.2189     0.7800   0.0000   0.0000   0.0000
 2   9  16  2014  -102.7941    27.2189     0.7800   0.0000   0.0000   0.0000
 2   9  17  2015  -102.7941    32.2189     0.7800   0.0000   0.0000   0.0000
 2   9  18  2016  -102.7941    37.2189     0.7800   0.0000   0.0000   0.0000
 2   9  19  2017  -102.7941    42.2189     0.7800   0.0000   0.0000   0.0000
 2   9  20  2018  -102.7941    47.2189     0.7800   0.0000   0.0000   0.0000
 2   9  21  2019  -102.7941    52.1095     0.7800   0.0000   0.0000   0.0000
 2  10   0  2020   -97.7941   -52.3905     0.7800   0.0000   0.0000   0.0000
 2  10   1  2021   -97.7941   -47.7811     0.7800   0.0000   0.0000   0.0000
 2  10   2  2022   -97.7941   -42.7811     0.7800   0.0000   0.0000   0.0000
 2  10   3  2023   -97.7941   -37.7811     0.7800   0.0000   0.0000   0.0000
 2  10   4  2024   -97.7941   -32.7811     0.7800   0.0000   0.0000   0.0000
 2  10   5  2025   -97.7941   -27.7811     0.7800   0.0000   0.0000   0.0000
 2  10   6  2026   -97.7941   -22.7811     0.7800   0.0000   0.0000   0.0000
 2  10   7  2027   -97.7941   -17.7811     0.7800   0.0000   0.0000   0.0000
 2  10   8  2028   -97.7941   -12.7811     0.7800   0.0000   0.0000   0.0000
 2  10   9  2029   -97.7941    -7.7811     0.7800   0.0000   0.0000   0.0000
 2  10  10  2030   -97.7941    -2.7811     0.7800   0.0000   0.0000   0.0000
 2  10  11  2031   -97.7941     2.2189     0.7800   0.0000   0.0000   0.0000
 2  10  12  2032   -97.7941     7.2189     0.7800   0.0000   0.0000   0.0000
 2  10  13  2033   -97.7941    12.2189     0.7800   0.0000   0.0000   0.0000
 2  10  14  2034   -97.7941    17.2189     0.7800   0.0000   0.0000   0.0000
 2  10  15  2035   -97.7941    22.2189     0.7800   0.0000   0.0000   0.0000
 2  10  16  2036   -97.7941    27.2189     0.7800   0.0000   0.0000   0.0000
 2  10  17  2037   -97.7941    32.2189     0.7800   0.0000   0.0000   0.0000
 2  10  18  2038   -97.7941    37.2189     0.7800   0.0000   0.0000   0.0000
 2  10  19  2039   -97.7941    42.2189     0.7800   0.0000   0.0000   0.0000
 2  10  20  2040   -97.7941    47.2189     0.7800   0.0000   0.0000   0.0000
 2  10  21  2041   -97.7941    52.1095     0.7800   0.0000   0.0000   0.0000
 2  11   0  2042   -92.7941   -52.3905     0.7800   0.0000   0.0000   0.0000
 2  11   1  2043   -92.7941   -47.7811     0.7800   0.0000   0.0000   0.0000
 2  11   2  2044   -92.7941   -42.7811     0.7800   0.0000   0.0000   0.0000
 2  11   3  2045   -92.7941   -37.7811     0.7800   0.0000   0.0000   0.0000
 2  11   4  2046   -92.7941   -32.7811     0.7800   0.0000   0.0000   0.0000
 2  11   5  2047   -92.7941   -27.7811     0.7800   0.0000   0.0000   0.0000
 2  11   6  2048   -92.7941   -22.7811     0.7800   0.0000   0.0000   0.0000
 2  11   7  2049   -92.7941   -17.7811     0.7800   0.0000   0.0000   0.0000
 2  11   8  2050   -92.7941   -12.7811     0.7800   0.0000   0.0000   0.0000
 2  11   9  2051   -92.7941    -7.7811     0.7800   0.0000   0.0000   0.0000
 2  11  10  2052   -92.7941    -2.7811     0.7800   0.0000   0.0000   0.0000
 2  11  11  2053   -92.7941     2.2189     0.7800   0.0000   0.0000   0.0000
 2  11  12  2054   -92.7941     7.2189     0.7800   0.0000   0.0000   0.0000
 2  11  13  2055   -92.7941    12.2189     0.7800   0.0000   0.0000   0.0000
 2  11  14  2056   -92.7941    17.2189     0.7800   0.0000   0.0000   0.0000
 2  11  15  2057   -92.7941    22.2189     0.7800   0.0000   0.0000   0.0000
 2  11  16  2058   -92.7941    27.2189     0.7800   0.0000   0.0000   0.0000
 2  11  17  2059   -92.7941    32.2189     0.7800   0.0000   0.0000   0.0000
 2  11  18  2060   -92.7941    37.2189     0.7800   0.0000   0.0000   0.0000
 2  11  19  2061   -92.7941    42.2189     0.7800   0.0000   0.0000   0.0000
 2  11  20  2062   -92.7941    47.2189     0.7800   0.0000   0.0000   0.0000
 2  11  21  2063   -92.7941    52.1095     0.7800   0.0000   0.0000   0.0000
 2  12   0  2064   -87.7941   -52.3905     0.7800   0.0000   0.0000   0.0000
 2  12   1  2065   -87.7941   -47.7811     0.7800   0.0000   0.0000   0.0000
 2  12   2  2066   -87.7941   -42.7811     0.7800   0.0000   0.0000   0.0000
 2  12   3  2067   -87.7941   -37.7811     0.7800   0.0000   0.0000   0.0000
 2  12   4  2068   -87.7941   -32.7811     0.7800   0.0000   0.0000   0.0000
 2  12   5  2069   -87.7941   -27.7811     0.7800   0.0000   0.0000   0.0000
 2  12   6  2070   -87.7941   -22.7811     0.7800   0.0000   0.0000   0.0000
 2  12   7  2071   -87.7941   -17.7811     0.7800   0.0000   0.0000   0.0000
 2  12   8  2072   -87.7941   -12.7811     0.7800   0.0000   0.0000   0.0000
 2  12   9  2073   -87.7941    -7.7811     0.7800   0.0000   0.0000   0.0000
 2  12  10  2074   -87.7941    -2.7811     0.7800   0.0000   0.0000   0.0000
 2  12  11  2075   -87.7941     2.2189     0.7800   0.0000   0.0000   0.0000
 2  12  12  2076   -87.7941     7.2189     0.7800   0.0000   0.0000   0.0000
 2  12  13  2077   -87.7941    12.2189     0.7800   0.0000   0.0000   0.0000
 2  12  14  2078   -87.7941    17.2189     0.7800   0.0000   0.0000   0.0000
 2  12  15  2079   -87.7941    22.2189     0.7800   0.0000   0.0000   0.0000
 2  12  16  2080   -87.7941    27.2189     0.7800   0.0000   0.0000   0.0000
 2  12  17  2081   -87.7941    32.2189     0.7800   0.0000   0.0000   0.0000
 2  12  18  2082   -87.7941    37.2189     0.7800   0.0000   0.0000   0.0000
 2  12  19  2083   -87.7941    42.2189     0.7800   0.0000   0.0000   0.0000
 2  12  20  2084   -87.7941    47.2189     0.7800   0.0000   0.0000   0.0000
 2  12  21  2085   -87.7941    52.1095     0.7800   0.0000   0.0000   0.0000
 2  13   0  2086   -82.7941   -52.3905     0.7800   0.0000   0.0000   0.0000
 2  13   1  2087   -82.7941   -47.7811     0.7800   0.0000   0.0000   0.0000
 2  13   2  2088   -82.7941   -42.7811     0.7800   0.0000   0.0000   0.0000
 2  13   3  2089   -82.7941   -37.7811     0.7800   0.0000   0.0000   0.0000
 2  13   4  2090   -82.7941   -32.7811     0.7800   0.0000   0.0000   0.0000
 2  13   5  2091   -82.7941   -27.7811     0.7800   0.0000   0.0000   0.0000
 2  13   6  2092   -82.7941   -22.7811     0.7800   0.0000   0.0000   0.0000
 2  13   7  2093   -82.7941   -17.7811     0.7800   0.0000   0.0000   0.0000
 2  13   8  2094   -82.7941   -12.7811     0.7800   0.0000   0.0000   0.0000
 2  13   9  2095   -82.7941    -7.7811     0.7800   0.0000   0.0000   0.0000
 2  13  10  2096   -82.7941    -2.7811     0.7800   0.0000   0.0000   0.0000
 2  13  11  2097   -82.7941     2.2189     0.7800   0.0000   0.0000   0.0000
 2  13  12  2098   -82.7941     7.2189     0.7800   0.0000   0.0000   0.0000
 2  13  13  2099   -82.7941    12.2189     0.7800   0.0000   0.0000   0.0000
 2  13  14  2100   -82.7941    17.2189     0.7800   0.0000   0.0000   0.0000
 2  13  15  2101   -82.7941    22.2189     0.7800   0.0000   0.0000   0.0000
 2  13  16  2102   -82.7941    27.2189     0.7800   0.0000   0.0000   0.0000
 2  13  17  2103   -82.7941    32.2189     0.7800   0.0000   0.0000   0.0000
 2  13  18  2104   -82.7941    37.2189     0.7800   0.0000   0.0000   0.0000
 2  13  19  2105   -82.7941    42.2189     0.7800   0.0000   0.0000   0.0000
 2  13  20  2106   -82.7941    47.2189     0.7800   0.0000   0.0000   0.0000
 2  13  21  2107   -82.7941    52.1095     0.7800   0.0000   0.0000   0.0000
 2  14   0  2108   -77.7941   -52.3905     0.7800   0.0000   0.0000   0.0000
 2  14   1  2109   -77.7941   -47.7811     0.7800   0.0000   0.0000   0.0000
 2  14   2  2110   -77.7941   -42.7811     0.7800   0.0000   0.0000   0.0000
 2  14   3  2111   -77.7941   -37.7811     0.7800   0.0000   0.0000   0.0000
 2  14   4  2112   -77.7941   -32.7811     0.7800   0.0000   0.0000   0.0000
 2  14   5  2113   -77.7941   -27.7811     0.7800   0.0000   0.0000   0.0000
 2  14   6  2114   -77.7941   -22.7811     0.7800   0.0000   0.0000   0.0000
 2  14   7  2115   -77.7941   -17.7811     0.7800   0.0000   0.0000   0.0000
 2  14   8  2116   -77.7941   -12.7811     0.7800   0.0000   0.0000   0.0000
 2  14   9  2117   -77.7941    -7.7811     0.7800   0.0000   0.0000   0.0000
 2  14  10  2118   -77.7941    -2.7811     0.7800   0.0000   0.0000   0.0000
 2  14  11  2119   -77.7941     2.2189     0.7800   0.0000   0.0000   0.0000
 2  14  12  2120   -77.7941     7.2189     0.7800   0.0000   0.0000   0.0000
 2  14  13  2121   -77.7941    12.2189     0.7800   0.0000   0.0000   0.0000
 2  14  14  2122   -77.7941    17.2189     0.7800   0.0000   0.0000   0.0000
 2  14  15  2123   -77.7941    22.2189     0.7800   0.0000   0.0000   0.0000
 2  14  16  2124   -77.7941    27.2189     0.7800   0.0000   0.0000   0.0000
 2  14  17  2125   -77.7941    32.2189     0.7800   0.0000   0.0000   0.0000
 2  14  18  2126   -77.7941    37.2189     0.7800   0.0000   0.0000   0.0000
 2  14  19  2127   -77.7941    42.2189     0.7800   0.0000   0.0000   0.0000
 2  14  20  2128   -77.7941    47.2189     0.7800   0.0000   0.0000   0.0000
 2  14  21  2129   -77.7941    52.1095     0.7800   0.0000   0.0000   0.0000
 2  15   0  2130   -72.7941   -52.3905     0.7800   0.0000   0.0000   0.0000
 2  15   1  2131   -72.7941   -47.7811     0.7800   0.0000   0.0000   0.0000
 2  15   2  2132   -72.7941   -42.7811     0.7800   0.0000   0.0000   0.0000
 2  15   3  2133   -72.7941   -37.7811     0.7800   0.0000   0.0000   0.0000
 2  15   4  2134   -72.7941   -32.7811     0.7800   0.0000   0.0000   0.0000
 2  15   5  2135   -72.7941   -27.7811     0.7800   0.0000   0.0000   0.0000
 2  15   6  2136   -72.7941   -22.7811     0.7800   0.0000   0.0000   0.0000
 2  15   7  2137   -72.7941   -17.7811     0.7800   0.0000   0.0000   0.0000
 2  15   8  2138   -72.7941   -12.7811     0.7800   0.0000   0.0000   0.0000
 2  15   9  2139   -72.7941    -7.7811     0.7800   0.0000   0.0000   0.0000
 2  15  10  2140   -72.7941    -2.7811     0.7800   0.0000   0.0000   0.0000
 2  15  11  2141   -72.7941     2.2189     0.7800   0.0000   0.0000   0.0000
 2  15  12  2142   -72.7941     7.2189     0.7800   0.0000   0.0000   0.0000
 2  15  13  2143   -72.7941    12.2189     0.7800   0.0000   0.0000   0.0000
 2  15  14  2144   -72.7941    17.2189     0.7800   0.0000   0.0000   0.0000
 2  15  15  2145   -72.7941    22.2189     0.7800   0.0000   0.0000   0.0000
 2  15  16  2146   -72.7941    27.2189     0.7800   0.0000   0.0000   0.0000
 2  15  17  2147   -72.7941    32.2189     0.7800   0.0000   0.0000   0.0000
 2  15  18  2148   -72.7941    37.2189     0.7800   0.0000   0.0000   0.0000
 2  15  19  2149   -72.7941    42.2189     0.7800   0.0000   0.0000   0.0000
 2  15  20  2150   -72.7941    47.2189     0.7800   0.0000   0.0000   0.0000
 2  15  21  2151   -72.7941    52.1095     0.7800   0.0000   0.0000   0.0000
 2  16   0  2152   -67.7941   -52.3905     0.7800   0.0000   0.0000   0.0000
 2  16   1  2153   -67.7941   -47.7811     0.7800   0.0000   0.0000   0.0000
 2  16   2  2154   -67.7941   -42.7811     0.7800   0.0000   0.0000   0.0000
 2  16   3  2155   -67.7941   -37.7811     0.7800   0.0000   0.0000   0.0000
 2  16   4  2156   -67.7941   -32.7811     0.7800   0.0000   0.0000   0.0000
 2  16   5  2157   -67.7941   -27.7811     0.7800   0.0000   0.0000   0.0000
 2  16   6  2158   -67.7941   -22.7811     0.7800   0.0000   0.0000   0.0000
 2  16   7  2159   -67.7941   -17.7811     0.7800   0.0000   0.0000   0.0000
 2  16   8  2160   -67.7941   -12.7811     0.7800   0.0000   0.0000   0.0000
 2  16   9  2161   -67.7941    -7.7811     0.7800   0.0000   0.0000   0.0000
 2  16  10  2162   -67.7941    -2.7811     0.7800   0.0000   0.0000   0.0000
 2  16  11  2163   -67.7941     2.2189     0.7800   0.0000   0.0000   0.0000
 2  16  12  2164   -67.7941     7.2189     0.7800   0.0000   0.0000   0.0000
 2  16  13  2165   -67.7941    12.2189     0.7800   0.0000   0.0000   0.0000
 2  16  14  2166   -67.7941    17.2189     0.7800   0.0000   0.0000   0.0000
 2  16  15  2167   -67.7941    22.2189     0.7800   0.0000   0.0000   0.0000
 2  16  16  2168   -67.7941    27.2189     0.7800   0.0000   0.0000   0.0000
 2  16  17  2169   -67.7941    32.2189     0.7800   0.0000   0.0000   0.0000
 2  16  18  2170   -67.7941    37.2189     0.7800   0.0000   0.0000   0.0000
 2  16  19  2171   -67.7941    42.2189     0.7800   0.0000   0.0000   0.0000
 2  16  20  2172   -67.7941    47.2189     0.7800   0.0000   0.0000   0.0000
 2  16  21  2173   -67.7941    52.1095     0.7800   0.0000   0.0000   0.0000
 2  17   0  2174   -62.7941   -52.3905     0.7800   0.0000   0.0000   0.0000
 2  17   1  2175   -62.7941   -47.7811     0.7800   0.0000   0.0000   0.0000
 2  17   2  2176   -62.7941   -42.7811     0.7800   0.0000   0.0000   0.0000
 2  17   3  2177   -62.7941   -37.7811     0.7800   0.0000   0.0000   0.0000
 2  17   4  2178   -62.7941   -32.7811     0.7800   0.0000   0.0000   0.0000
 2  17   5  2179   -62.7941   -27.7811     0.7800   0.0000   0.0000   0.0000
 2  17   6  2180   -62.7941   -22.7811     0.7800   0.0000   0.0000   0.0000
 2  17   7  2181   -62.7941   -17.7811     0.7800   0.0000   0.0000   0.0000
 2  17   8  2182   -62.7941   -12.7811     0.7800   0.0000   0.0000   0.0000
 2  17   9  2183   -62.7941    -7.7811     0.7800   0.0000   0.0000   0.0000
 2  17  10  2184   -62.7941    -2.7811     0.7800   0.0000   0.0000   0.0000
 2  17  11  2185   -62.7941     2.2189     0.7800   0.0000   0.0000   0.0000
 2  17  12  2186   -62.7941     7.2189     0.7800   0.0000   0.0000   0.0000
 2  17  13  2187   -62.7941    12.2189     0.7800   0.0000   0.0000   0.0000
 2  17  14  2188   -62.7941    17.2189     0.7800   0.0000   0.0000   0.0000
 2  17  15  2189   -62.7941    22.2189     0.7800   0.0000   0.0000   0.0000
 2  17  16  2190   -62.7941    27.2189     0.7800   0.0000   0.0000   0.0000
 2  17  17  2191   -62.7941    32.2189     0.7800   0.0000   0.0000   0.0000
 2  17  18  2192   -62.7941    37.2189     0.7800   0.0000   0.0000   0.0000
 2  17  19  2193   -62.7941    42.2189     0.7800   0.0000   0.0000   0.0000
 2  17  20  2194   -62.7941    47.2189     0.7800   0.0000   0.0000   0.0000
 2  17  21  2195   -62.7941    52.1095     0.7800   0.0000   0.0000   0.0000
 2  18   0  2196   -57.7941   -52.3905     0.7800   0.0000   0.0000   0.0000
 2  18   1  2197   -57.7941   -47.7811     0.7800   0.0000   0.0000   0.0000
 2  18   2  2198   -57.7941   -42.7811     0.7800   0.0000   0.0000   0.0000
 2  18   3  2199   -57.7941   -37.7811     0.7800   0.0000   0.0000   0.0000
 2  18   4  2200   -57.7941   -32.7811     0.7800   0.0000   0.0000   0.0000
 2  18   5  2201   -57.7941   -27.7811     0.7800   0.0000   0.0000   0.0000
 2  18   6  2202   -57.7941   -22.7811     0.7800   0.0000   0.0000   0.0000
 2  18   7  2203   -57.7941   -17.7811     0.7800   0.0000   0.0000   0.0000
 2  18   8  2204   -57.7941   -12.7811     0.7800   0.0000   0.0000   0.0000
 2  18   9  2205   -57.7941    -7.7811     0.7800   0.0000   0.0000   0.0000
 2  18  10  2206   -57.7941    -2.7811     0.7800   0.0000   0.0000   0.0000
 2  18  11  2207   -57.7941     2.2189     0.7800   0.0000   0.0000   0.0000
 2  18  12  2208   -57.7941     7.2189     0.7800   0.0000   0.0000   0.0000
 2  18  13  2209   -57.7941    12.2189     0.7800   0.0000   0.0000   0.0000
 2  18  14  2210   -57.7941    17.2189     0.7800   0.0000   0.0000   0.0000
 2  18  15  2211   -57.7941    22.2189     0.7800   0.0000   0.0000   0.0000
 2  18  16  2212   -57.7941    27.2189     0.7800   0.0000   0.0000   0.0000
 2  18  17  2213   -57.7941    32.2189     0.7800   0.0000   0.0000   0.0000
 2  18  18  2214   -57.7941    37.2189     0.7800   0.0000   0.0000   0.0000
 2  18  19  2215   -57.7941    42.2189     0.7800   0.0000   0.0000   0.0000
 2  18  20  2216   -57.7941    47.2189     0.7800   0.0000   0.0000   0.0000
 2  18  21  2217   -57.7941    52.1095     0.7800   0.0000   0.0000   0.0000
 2  19   0  2218   -52.7941   -52.3905     0.7800   0.0000   0.0000   0.0000
 2  19   1  2219   -52.7941   -47.7811     0.7800   0.0000   0.0000   0.0000
 2  19   2  2220   -52.7941   -42.7811     0.7800   0.0000   0.0000   0.0000
 2  19   3  2221   -52.7941   -37.7811     0.7800   0.0000   0.0000   0.0000
 2  19   4  2222   -52.7941   -32.7811     0.7800   0.0000   0.0000   0.0000
 2  19   5  2223   -52.7941   -27.7811     0.7800   0.0000   0.0000   0.0000
 2  19   6  2224   -52.7941   -22.7811     0.7800   0.0000   0.0000   0.0000
 2  19   7  2225   -52.7941   -17.7811     0.7800   0.0000   0.0000   0.0000
 2  19   8  2226   -52.7941   -12.7811     0.7800   0.0000   0.0000   0.0000
 2  19   9  2227   -52.7941    -7.7811     0.7800   0.0000   0.0000   0.0000
 2  19  10  2228   -52.7941    -2.7811     0.7800   0.0000   0.0000   0.0000
 2  19  11  2229   -52.7941     2.2189     0.7800   0.0000   0.0000   0.0000
 2  19  12  2230   -52.7941     7.2189     0.7800   0.0000   0.0000   0.0000
 2  19  13  2231   -52.7941    12.2189     0.7800   0.0000   0.0000   0.0000
 2  19  14  2232   -52.7941    17.2189     0.7800   0.0000   0.0000   0.0000
 2  19  15  2233   -52.7941    22.2189     0.7800   0.0000   0.0000   0.0000
 2  19  16  2234   -52.7941    27.2189     0.7800   0.0000   0.0000   0.0000
 2  19  17  2235   -52.7941    32.2189     0.7800   0.0000   0.0000   0.0000
 2  19  18  2236   -52.7941    37.2189     0.7800   0.0000   0.0000   0.0000
 2  19  19  2237   -52.7941    42.2189     0.7800   0.0000   0.0000   0.0000
 2  19  20  2238   -52.7941    47.2189     0.7800   0.0000   0.0000   0.0000
 2  19  21  2239   -52.7941    52.1095     0.7800   0.0000   0.0000   0.0000
 2  20   0  2240   -47.7941   -52.3905     0.7800   0.0000   0.0000   0.0000
 2  20   1  2241   -47.7941   -47.7811     0.7800   0.0000   0.0000   0.0000
 2  20   2  2242   -47.7941   -42.7811     0.7800   0.0000   0.0000   0.0000
 2  20   3  2243   -47.7941   -37.7811     0.7800   0.0000   0.0000   0.0000
 2  20   4  2244   -47.7941   -32.7811     0.7800   0.0000   0.0000   0.0000
 2  20   5  2245   -47.7941   -27.7811     0.7800   0.0000   0.0000   0.0000
 2  20   6  2246   -47.7941   -22.7811     0.7800   0.0000   0.0000   0.0000
 2  20   7  2247   -47.7941   -17.7811     0.7800   0.0000   0.0000   0.0000
 2  20   8  2248   -47.7941   -12.7811     0.7800   0.0000   0.0000   0.0000
 2  20   9  2249   -47.7941    -7.7811     0.7800   0.0000   0.0000   0.0000
 2  20  10  2250   -47.7941    -2.7811     0.7800   0.0000   0.0000   0.0000
 2  20  11  2251   -47.7941     2.2189     0.7800   0.0000   0.0000   0.0000
 2  20  12  2252   -47.7941     7.2189     0.7800   0.0000   0.0000   0.0000
 2  20  13  2253   -47.7941    12.2189     0.7800   0.0000   0.0000   0.0000
 2  20  14  2254   -47.7941    17.2189     0.7800   0.0000   0.0000   0.0000
 2  20  15  2255   -47.7941    22.2189     0.7800   0.0000   0.0000   0.0000
 2  20  16  2256   -47.7941    27.2189     0.7800   0.0000   0.0000   0.0000
 2  20  17  2257   -47.7941    32.2189     0.7800   0.0000   0.0000   0.0000
 2  20  18  2258   -47.7941    37.2189     0.7800   0.0000   0.0000   0.0000
 2  20  19  2259   -47.7941    42.2189     0.7800   0.0000   0.0000   0.0000
 2  20  20  2260   -47.7941    47.2189     0.7800   0.0000   0.0000   0.0000
 2  20  21  2261   -47.7941    52.1095     0.7800   0.0000   0.0000   0.0000
 2  21   0  2262   -42.7941   -52.3905     0.7800   0.0000   0.0000   0.0000
 2  21   1  2263   -42.7941   -47.7811     0.7800   0.0000   0.0000   0.0000
 2  21   2  2264   -42.7941   -42.7811     0.7800   0.0000   0.0000   0.0000
 2  21   3  2265   -42.7941   -37.7811     0.7800   0.0000   0.0000   0.0000
 2  21   4  2266   -42.7941   -32.7811     0.7800   0.0000   0.0000   0.0000
 2  21   5  2267   -42.7941   -27.7811     0.7800   0.0000   0.0000   0.0000
 2  21   6  2268   -42.7941   -22.7811     0.7800   0.0000   0.0000   0.0000
 2  21   7  2269   -42.7941   -17.7811     0.7800   0.0000   0.0000   0.0000
 2  21   8  2270   -42.7941   -12.7811     0.7800   0.0000   0.0000   0.0000
 2  21   9  2271   -42.7941    -7.7811     0.7800   0.0000   0.0000   0.0000
 2  21  10  2272   -42.7941    -2.7811     0.7800   0.0000   0.0000   0.0000
 2  21  11  2273   -42.7941     2.2189     0.7800   0.0000   0.0000   0.0000
 2  21  12  2274   -42.7941     7.2189     0.7800   0.0000   0.0000   0.0000
 2  21  13  2275   -42.7941    12.2189     0.7800   0.0000   0.0000   0.0000
 2  21  14  2276   -42.7941    17.2189     0.7800   0.0000   0.0000   0.0000
 2  21  15  2277   -42.7941    22.2189     0.7800   0.0000   0.0000   0.0000
 2  21  16  2278   -42.7941    27.2189     0.7800   0.0000   0.0000   0.0000
 2  21  17  2279   -42.7941    32.2189     0.7800   0.0000   0.0000   0.0000
 2  21  18  2280   -42.7941    37.2189     0.7800   0.0000   0.0000   0.0000
 2  21  19  2281   -42.7941    42.2189     0.7800   0.0000   0.0000   0.0000
 2  21  20  2282   -42.7941    47.2189     0.7800   0.0000   0.0000   0.0000
 2  21  21  2283   -42.7941    52.1095     0.7800   0.0000   0.0000   0.0000
 2  22   0  2284   -37.7941   -52.3905     0.7800   0.0000   0.0000   0.0000
 2  22   1  2285   -37.7941   -47.7811     0.7800   0.0000   0.0000   0.0000
 2  22   2  2286   -37.7941   -42.7811     0.7800   0.0000   0.0000   0.0000
 2  22   3  2287   -37.7941   -37.7811     0.7800   0.0000   0.0000   0.0000
 2  22   4  2288   -37.7941   -32.7811     0.7800   0.0000   0.0000   0.0000
 2  22   5  2289   -37.7941   -27.7811     0.7800   0.0000   0.0000   0.0000
 2  22   6  2290   -37.7941   -22.7811     0.7800   0.0000   0.0000   0.0000
 2  22   7  2291   -37.7941   -17.7811     0.7800   0.0000   0.0000   0.0000
 2  22   8  2292   -37.7941   -12.7811     0.7800   0.0000   0.0000   0.0000
 2  22   9  2293   -37.7941    -7.7811     0.7800   0.0000   0.0000   0.0000
 2  22  10  2294   -37.7941    -2.7811     0.7800   0.0000   0.0000   0.0000
 2  22  11  2295   -37.7941     2.2189     0.7800   0.0000   0.0000   0.0000
 2  22  12  2296   -37.7941     7.2189     0.7800   0.0000   0.0000   0.0000
 2  22  13  2297   -37.7941    12.2189     0.7800   0.0000   0.0000   0.0000
 2  22  14  2298   -37.7941    17.2189     0.7800   0.0000   0.0000   0.0000
 2  22  15  2299   -37.7941    22.2189     0.7800   0.0000   0.0000   0.0000
 2  22  16  2300   -37.7941    27.2189     0.7800   0.0000   0.0000   0.0000
 2  22  17  2301   -37.7941    32.2189     0.7800   0.0000   0.0000   0.0000
 2  22  18  2302   -37.7941    37.2189     0.7800   0.0000   0.0000   0.0000
 2  22  19  2303   -37.7941    42.2189     0.7800   0.0000   0.0000   0.0000
 2  22  20  2304   -37.7941    47.2189     0.7800   0.0000   0.0000   0.0000
 2  22  21  2305   -37.7941    52.1095     0.7800   0.0000   0.0000   0.0000
 2  23   0  2306   -32.7941   -52.3905     0.7800   0.0000   0.0000   0.0000
 2  23   1  2307   -32.7941   -47.7811     0.7800   0.0000   0.0000   0.0000
 2  23   2  2308   -32.7941   -42.7811     0.7800   0.0000   0.0000   0.0000
 2  23   3  2309   -32.7941   -37.7811     0.7800   0.0000   0.0000   0.0000
 2  23   4  2310   -32.7941   -32.7811     0.7800   0.0000   0.0000   0.0000
 2  23   5  2311   -32.7941   -27.7811     0.7800   0.0000   0.0000   0.0000
 2  23   6  2312   -32.7941   -22.7811     0.7800   0.0000   0.0000   0.0000
 2  23   7  2313   -32.7941   -17.7811     0.7800   0.0000   0.0000   0.0000
 2  23   8  2314   -32.7941   -12.7811     0.7800   0.0000   0.0000   0.0000
 2  23   9  2315   -32.7941    -7.7811     0.7800   0.0000   0.0000   0.0000
 2  23  10  2316   -32.7941    -2.7811     0.7800   0.0000   0.0000   0.0000
 2  23  11  2317   -32.7941     2.2189     0.7800   0.0000   0.0000   0.0000
 2  23  12  2318   -32.7941     7.2189     0.7800   0.0000   0.0000   0.0000
 2  23  13  2319   -32.7941    12.2189     0.7800   0.0000   0.0000   0.0000
 2  23  14  2320   -32.7941    17.2189     0.7800   0.0000   0.0000   0.0000
 2  23  15  2321   -32.7941    22.2189     0.7800   0.0000   0.0000   0.0000
 2  23  16  2322   -32.7941    27.2189     0.7800   0.0000   0.0000   0.0000
 2  23  17  2323   -32.7941    32.2189     0.7800   0.0000   0.0000   0.0000
 2  23  18  2324   -32.7941    37.2189     0.7800   0.0000   0.0000   0.0000
 2  23  19  2325   -32.7941    42.2189     0.7800   0.0000   0.0000   0.0000
 2  23  20  2326   -32.7941    47.2189     0.7800   0.0000   0.0000   0.0000
 2  23  21  2327   -32.7941    52.1095     0.7800   0.0000   0.0000   0.0000
 2  24   0  2328   -27.7941   -52.3905     0.7800   0.0000   0.0000   0.0000
 2  24   1  2329   -27.7941   -47.7811     0.7800   0.0000   0.0000   0.0000
 2  24   2  2330   -27.7941   -42.7811     0.7800   0.0000   0.0000   0.0000
 2  24   3  2331   -27.7941   -37.7811     0.7800   0.0000   0.0000   0.0000
 2  24   4  2332   -27.7941   -32.7811     0.7800   0.0000   0.0000   0.0000
 2  24   5  2333   -27.7941   -27.7811     0.7800   0.0000   0.0000   0.0000
 2  24   6  2334   -27.7941   -22.7811     0.7800   0.0000   0.0000   0.0000
 2  24   7  2335   -27.7941   -17.7811     0.7800   0.0000   0.0000   0.0000
 2  24   8  2336   -27.7941   -12.7811     0.7800   0.0000   0.0000   0.0000
 2  24   9  2337   -27.7941    -7.7811     0.7800   0.0000   0.0000   0.0000
 2  24  10  2338   -27.7941    -2.7811     0.7800   0.0000   0.0000   0.0000
 2  24  11  2339   -27.7941     2.2189     0.7800   0.0000   0.0000   0.0000
 2  24  12  2340   -27.7941     7.2189     0.7800   0.0000   0.0000   0.0000
 2  24  13  2341   -27.7941    12.2189     0.7800   0.0000   0.0000   0.0000
 2  24  14  2342   -27.7941    17.2189     0.7800   0.0000   0.0000   0.0000
 2  24  15  2343   -27.7941    22.2189     0.7800   0.0000   0.0000   0.0000
 2  24  16  2344   -27.7941    27.2189     0.7800   0.0000   0.0000   0.0000
 2  24  17  2345   -27.7941    32.2189     0.7800   0.0000   0.0000   0.0000
 2  24  18  2346   -27.7941    37.2189     0.7800   0.0000   0.0000   0.0000
 2  24  19  2347   -27.7941    42.2189     0.7800   0.0000   0.0000   0.0000
 2  24  20  2348   -27.7941    47.2189     0.7800   0.0000   0.0000   0.0000
 2  24  21  2349   -27.7941    52.1095     0.7800   0.0000   0.0000   0.0000
 2  25   0  2350   -22.7941   -52.3905     0.7800   0.0000   0.0000   0.0000
 2  25   1  2351   -22.7941   -47.7811     0.7800   0.0000   0.0000   0.0000
 2  25   2  2352   -22.7941   -42.7811     0.7800   0.0000   0.0000   0.0000
 2  25   3  2353   -22.7941   -37.7811     0.7800   0.0000   0.0000   0.0000
 2  25   4  2354   -22.7941   -32.7811     0.7800   0.0000   0.0000   0.0000
 2  25   5  2355   -22.7941   -27.7811     0.7800   0.0000   0.0000   0.0000
 2  25   6  2356   -22.7941   -22.7811     0.7800   0.0000   0.0000   0.0000
 2  25   7  2357   -22.7941   -17.7811     0.7800   0.0000   0.0000   0.0000
 2  25   8  2358   -22.7941   -12.7811     0.7800   0.0000   0.0000   0.0000
 2  25   9  2359   -22.7941    -7.7811     0.7800   0.0000   0.0000   0.0000
 2  25  10  2360   -22.7941    -2.7811     0.7800   0.0000   0.0000   0.0000
 2  25  11  2361   -22.7941     2.2189     0.7800   0.0000   0.0000   0.0000
 2  25  12  2362   -22.7941     7.2189     0.7800   0.0000   0.0000   0.0000
 2  25  13  2363   -22.7941    12.2189     0.7800   0.0000   0.0000   0.0000
 2  25  14  2364   -22.7941    17.2189     0.7800   0.0000   0.0000   0.0000
 2  25  15  2365   -22.7941    22.2189     0.7800   0.0000   0.0000   0.0000
 2  25  16  2366   -22.7941    27.2189     0.7800   0.0000   0.0000   0.0000
 2  25  17  2367   -22.7941    32.2189     0.7800   0.0000   0.0000   0.0000
 2  25  18  2368   -22.7941    37.2189     0.7800   0.0000   0.0000   0.0000
 2  25  19  2369   -22.7941    42.2189     0.7800   0.0000   0.0000   0.0000
 2  25  20  2370   -22.7941    47.2189     0.7800   0.0000   0.0000   0.0000
 2  25  21  2371   -22.7941    52.1095     0.7800   0.0000   0.0000   0.0000
 2  26   0  2372   -17.7941   -52.3905     0.7800   0.0000   0.0000   0.0000
 2  26   1  2373   -17.7941   -47.7811     0.7800   0.0000   0.0000   0.0000
 2  26   2  2374   -17.7941   -42.7811     0.7800   0.0000   0.0000   0.0000
 2  26   3  2375   -17.7941   -37.7811     0.7800   0.0000   0.0000   0.0000
 2  26   4  2376   -17.7941   -32.7811     0.7800   0.0000   0.0000   0.0000
 2  26   5  2377   -17.7941   -27.7811     0.7800   0.0000   0.0000   0.0000
 2  26   6  2378   -17.7941   -22.7811     0.7800   0.0000   0.0000   0.0000
 2  26   7  2379   -17.7941   -17.7811     0.7800   0.0000   0.0000   0.0000
 2  26   8  2380   -17.7941   -12.7811     0.7800   0.0000   0.0000   0.0000
 2  26   9  2381   -17.7941    -7.7811     0.7800   0.0000   0.0000   0.0000
 2  26  10  2382   -17.7941    -2.7811     0.7800   0.0000   0.0000   0.0000
 2  26  11  2383   -17.7941     2.2189     0.7800   0.0000   0.0000   0.0000
 2  26  12  2384   -17.7941     7.2189     0.7800   0.0000   0.0000   0.0000
 2  26  13  2385   -17.7941    12.2189     0.7800   0.0000   0.0000   0.0000
 2  26  14  2386   -17.7941    17.2189     0.7800   0.0000   0.0000   0.0000
 2  26  15  2387   -17.7941    22.2189     0.7800   0.0000   0.0000   0.0000
 2  26  16  2388   -17.7941    27.2189     0.7800   0.0000   0.0000   0.0000
 2  26  17  2389   -17.7941    32.2189     0.7800   0.0000   0.0000   0.0000
 2  26  18  2390   -17.7941    37.2189     0.7800   0.0000   0.0000   0.0000
 2  26  19  2391   -17.7941    42.2189     0.7800   0.0000   0.0000   0.0000
 2  26  20  2392   -17.7941    47.2189     0.7800   0.0000   0.0000   0.0000
 2  26  21  2393   -17.7941    52.1095     0.7800   0.0000   0.0000   0.0000
 2  27   0  2394   -12.7941   -52.3905     0.7800   0.0000   0.0000   0.0000
 2  27   1  2395   -12.7941   -47.7811     0.7800   0.0000   0.0000   0.0000
 2  27   2  2396   -12.7941   -42.7811     0.7800   0.0000   0.0000   0.0000
 2  27   3  2397   -12.7941   -37.7811     0.7800   0.0000   0.0000   0.0000
 2  27   4  2398   -12.7941   -32.7811     0.7800   0.0000   0.0000   0.0000
 2  27   5  2399   -12.7941   -27.7811     0.7800   0.0000   0.0000   0.0000
 2  27   6  2400   -12.7941   -22.7811     0.7800   0.0000   0.0000   0.0000
 2  27   7  2401   -12.7941   -17.7811     0.7800   0.0000   0.0000   0.0000
 2  27   8  2402   -12.7941   -12.7811     0.7800   0.0000   0.0000   0.0000
 2  27   9  2403   -12.7941    -7.7811     0.7800   0.0000   0.0000   0.0000
 2  27  10  2404   -12.7941    -2.7811     0.7800   0.0000   0.0000   0.0000
 2  27  11  2405   -12.7941     2.2189     0.7800   0.0000   0.0000   0.0000
 2  27  12  2406   -12.7941     7.2189     0.7800   0.0000   0.0000   0.0000
 2  27  13  2407   -12.7941    12.2189     0.7800   0.0000   0.0000   0.0000
 2  27  14  2408   -12.7941    17.2189     0.7800   0.0000   0.0000   0.0000
 2  27  15  2409   -12.7941    22.2189     0.7800   0.0000   0.0000   0.0000
 2  27  16  2410   -12.7941    27.2189     0.7800   0.0000   0.0000   0.0000
 2  27  17  2411   -12.7941    32.2189     0.7800   0.0000   0.0000   0.0000
 2  27  18  2412   -12.7941    37.2189     0.7800   0.0000   0.0000   0.0000
 2  27  19  2413   -12.7941    42.2189     0.7800   0.0000   0.0000   0.0000
 2  27  20  2414   -12.7941    47.2189     0.7800   0.0000   0.0000   0.0000
 2  27  21  2415   -12.7941    52.1095     0.7800   0.0000   0.0000   0.0000
 2  28   0  2416    -7.7941   -52.3905     0.7800   0.0000   0.0000   0.0000
 2  28   1  2417    -7.7941   -47.7811     0.7800   0.0000   0.0000   0.0000
 2  28   2  2418    -7.7941   -42.7811     0.7800   0.0000   0.0000   0.0000
 2  28   3  2419    -7.7941   -37.7811     0.7800   0.0000   0.0000   0.0000
 2  28   4  2420    -7.7941   -32.7811     0.7800   0.0000   0.0000   0.0000
 2  28   5  2421    -7.7941   -27.7811     0.7800   0.0000   0.0000   0.0000
 2  28   6  2422    -7.7941   -22.7811     0.7800   0.0000   0.0000   0.0000
 2  28   7  2423    -7.7941   -17.7811     0.7800   0.0000   0.0000   0.0000
 2  28   8  2424    -7.7941   -12.7811     0.7800   0.0000   0.0000   0.0000
 2  28   9  2425    -7.7941    -7.7811     0.7800   0.0000   0.0000   0.0000
 2  28  10  2426    -7.7941    -2.7811     0.7800   0.0000   0.0000   0.0000
 2  28  11  2427    -7.7941     2.2189     0.7800   0.0000   0.0000   0.0000
 2  28  12  2428    -7.7941     7.2189     0.7800   0.0000   0.0000   0.0000
 2  28  13  2429    -7.7941    12.2189     0.7800   0.0000   0.0000   0.0000
 2  28  14  2430    -7.7941    17.2189     0.7800   0.0000   0.0000   0.0000
 2  28  15  2431    -7.7941    22.2189     0.7800   0.0000   0.0000   0.0000
 2  28  16  2432    -7.7941    27.2189     0.7800   0.0000   0.0000   0.0000
 2  28  17  2433    -7.7941    32.2189     0.7800   0.0000   0.0000   0.0000
 2  28  18  2434    -7.7941    37.2189     0.7800   0.0000   0.0000   0.0000
 2  28  19  2435    -7.7941    42.2189     0.7800   0.0000   0.0000   0.0000
 2  28  20  2436    -7.7941    47.2189     0.7800   0.0000   0.0000   0.0000
 2  28  21  2437    -7.7941    52.1095     0.7800   0.0000   0.0000   0.0000
 2  29   0  2438    -2.7941   -52.3905     0.7800   0.0000   0.0000   0.0000
 2  29   1  2439    -2.7941   -47.7811     0.7800   0.0000   0.0000   0.0000
 2  29   2  2440    -2.7941   -42.7811     0.7800   0.0000   0.0000   0.0000
 2  29   3  2441    -2.7941   -37.7811     0.7800   0.0000   0.0000   0.0000
 2  29   4  2442    -2.7941   -32.7811     0.7800   0.0000   0.0000   0.0000
 2  29   5  2443    -2.7941   -27.7811     0.7800   0.0000   0.0000   0.0000
 2  29   6  2444    -2.7941   -22.7811     0.7800   0.0000   0.0000   0.0000
 2  29   7  2445    -2.7941   -17.7811     0.7800   0.0000   0.0000   0.0000
 2  29   8  2446    -2.7941   -12.7811     0.7800   0.0000   0.0000   0.0000
 2  29   9  2447    -2.7941    -7.7811     0.7800   0.0000   0.0000   0.0000
 2  29  10  2448    -2.7941    -2.7811     0.7800   0.0000   0.0000   0.0000
 2  29  11  2449    -2.7941     2.2189     0.7800   0.0000   0.0000   0.0000
 2  29  12  2450    -2.7941     7.2189     0.7800   0.0000   0.0000   0.0000
 2  29  13  2451    -2.7941    12.2189     0.7800   0.0000   0.0000   0.0000
 2  29  14  2452    -2.7941    17.2189     0.7800   0.0000   0.0000   0.0000
 2  29  15  2453    -2.7941    22.2189     0.7800   0.0000   0.0000   0.0000
 2  29  16  2454    -2.7941    27.2189     0.7800   0.0000   0.0000   0.0000
 2  29  17  2455    -2.7941    32.2189     0.7800   0.0000   0.0000   0.0000
 2  29  18  2456    -2.7941    37.2189     0.7800   0.0000   0.0000   0.0000
 2  29  19  2457    -2.7941    42.2189     0.7800   0.0000   0.0000   0.0000
 2  29  20  2458    -2.7941    47.2189     0.7800   0.0000   0.0000   0.0000
 2  29  21  2459    -2.7941    52.1095     0.7800   0.0000   0.0000   0.0000
 2  30   0  2460     2.2059   -52.3905     0.7800   0.0000   0.0000   0.0000
 2  30   1  2461     2.2059   -47.7811     0.7800   0.0000   0.0000   0.0000
 2  30   2  2462     2.2059   -42.7811     0.7800   0.0000   0.0000   0.0000
 2  30   3  2463     2.2059   -37.7811     0.7800   0.0000   0.0000   0.0000
 2  30   4  2464     2.2059   -32.7811     0.7800   0.0000   0.0000   0.0000
 2  30   5  2465     2.2059   -27.7811     0.7800   0.0000   0.0000   0.0000
 2  30   6  2466     2.2059   -22.7811     0.7800   0.0000   0.0000   0.0000
 2  30   7  2467     2.2059   -17.7811     0.7800   0.0000   0.0000   0.0000
 2  30   8  2468     2.2059   -12.7811     0.7800   0.0000   0.0000   0.0000
 2  30   9  2469     2.2059    -7.7811     0.7800   0.0000   0.0000   0.0000
 2  30  10  2470     2.2059    -2.7811     0.7800   0.0000   0.0000   0.0000
 2  30  11  2471     2.2059     2.2189     0.7800   0.0000   0.0000   0.0000
 2  30  12  2472     2.2059     7.2189     0.7800   0.0000   0.0000   0.0000
 2  30  13  2473     2.2059    12.2189     0.7800   0.0000   0.0000   0.0000
 2  30  14  2474     2.2059    17.2189     0.7800   0.0000   0.0000   0.0000
 2  30  15  2475     2.2059    22.2189     0.7800   0.0000   0.0000   0.0000
 2  30  16  2476     2.2059    27.2189     0.7800   0.0000   0.0000   0.0000
 2  30  17  2477     2.2059    32.2189     0.7800   0.0000   0.0000   0.0000
 2  30  18  2478     2.2059    37.2189     0.7800   0.0000   0.0000   0.0000
 2  30  19  2479     2.2059    42.2189     0.7800   0.0000   0.0000   0.0000
 2  30  20  2480     2.2059    47.2189     0.7800   0.0000   0.0000   0.0000
 2  30  21  2481     2.2059    52.1095     0.7800   0.0000   0.0000   0.0000
 2  31   0  2482     7.2059   -52.3905     0.7800   0.0000   0.0000   0.0000
 2  31   1  2483     7.2059   -47.7811     0.7800   0.0000   0.0000   0.0000
 2  31   2  2484     7.2059   -42.7811     0.7800   0.0000   0.0000   0.0000
 2  31   3  2485     7.2059   -37.7811     0.7800   0.0000   0.0000   0.0000
 2  31   4  2486     7.2059   -32.7811     0.7800   0.0000   0.0000   0.0000
 2  31   5  2487     7.2059   -27.7811     0.7800   0.0000   0.0000   0.0000
 2  31   6  2488     7.2059   -22.7811     0.7800   0.0000   0.0000   0.0000
 2  31   7  2489     7.2059   -17.7811     0.7800   0.0000   0.0000   0.0000
 2  31   8  2490     7.2059   -12.7811     0.7800   0.0000   0.0000   0.0000
 2  31   9  2491     7.2059    -7.7811     0.7800   0.0000   0.0000   0.0000
 2  31  10  2492     7.2059    -2.7811     0.7800   0.0000   0.0000   0.0000
 2  31  11  2493     7.2059     2.2189     0.7800   0.0000   0.0000   0.0000
 2  31  12  2494     7.2059     7.2189     0.7800   0.0000   0.0000   0.0000
 2  31  13  2495     7.2059    12.2189     0.7800   0.0000   0.0000   0.0000
 2  31  14  2496     7.2059    17.2189     0.7800   0.0000   0.0000   0.0000
 2  31  15  2497     7.2059    22.2189     0.7800   0.0000   0.0000   0.0000
 2  31  16  2498     7.2059    27.2189     0.7800   0.0000   0.0000   0.0000
 2  31  17  2499     7.2059    32.2189     0.7800   0.0000   0.0000   0.0000
 2  31  18  2500     7.2059    37.2189     0.7800   0.0000   0.0000   0.0000
 2  31  19  2501     7.2059    42.2189     0.7800   0.0000   0.0000   0.0000
 2  31  20  2502     7.2059    47.2189     0.7800   0.0000   0.0000   0.0000
 2  31  21  2503     7.2059    52.1095     0.7800   0.0000   0.0000   0.0000
 2  32   0  2504    12.2059   -52.3905     0.7800   0.0000   0.0000   0.0000
 2  32   1  2505    12.2059   -47.7811     0.7800   0.0000   0.0000   0.0000
 2  32   2  2506    12.2059   -42.7811     0.7800   0.0000   0.0000   0.0000
 2  32   3  2507    12.2059   -37.7811     0.7800   0.0000   0.0000   0.0000
 2  32   4  2508    12.2059   -32.7811     0.7800   0.0000   0.0000   0.0000
 2  32   5  2509    12.2059   -27.7811     0.7800   0.0000   0.0000   0.0000
 2  32   6  2510    12.2059   -22.7811     0.7800   0.0000   0.0000   0.0000
 2  32   7  2511    12.2059   -17.7811     0.7800   0.0000   0.0000   0.0000
 2  32   8  2512    12.2059   -12.7811     0.7800   0.0000   0.0000   0.0000
 2  32   9  2513    12.2059    -7.7811     0.7800   0.0000   0.0000   0.0000
 2  32  10  2514    12.2059    -2.7811     0.7800   0.0000   0.0000   0.0000
 2  32  11  2515    12.2059     2.2189     0.7800   0.0000   0.0000   0.0000
 2  32  12  2516    12.2059     7.2189     0.7800   0.0000   0.0000   0.0000
 2  32  13  2517    12.2059    12.2189     0.7800   0.0000   0.0000   0.0000
 2  32  14  2518    12.2059    17.2189     0.7800   0.0000   0.0000   0.0000
 2  32  15  2519    12.2059    22.2189     0.7800   0.0000   0.0000   0.0000
 2  32  16  2520    12.2059    27.2189     0.7800   0.0000   0.0000   0.0000
 2  32  17  2521    12.2059    32.2189     0.7800   0.0000   0.0000   0.0000
 2  32  18  2522    12.2059    37.2189     0.7800   0.0000   0.0000   0.0000
 2  32  19  2523    12.2059    42.2189     0.7800   0.0000   0.0000   0.0000
 2  32  20  2524    12.2059    47.2189     0.7800   0.0000   0.0000   0.0000
 2  32  21  2525    12.2059    52.1095     0.7800   0.0000   0.0000   0.0000
 2  33   0  2526    17.2059   -52.3905     0.7800   0.0000   0.0000   0.0000
 2  33   1  2527    17.2059   -47.7811     0.7800   0.0000   0.0000   0.0000
 2  33   2  2528    17.2059   -42.7811     0.7800   0.0000   0.0000   0.0000
 2  33   3  2529    17.2059   -37.7811     0.7800   0.0000   0.0000   0.0000
 2  33   4  2530    17.2059   -32.7811     0.7800   0.0000   0.0000   0.0000
 2  33   5  2531    17.2059   -27.7811     0.7800   0.0000   0.0000   0.0000
 2  33   6  2532    17.2059   -22.7811     0.7800   0.0000   0.0000   0.0000
 2  33   7  2533    17.2059   -17.7811     0.7800   0.0000   0.0000   0.0000
 2  33   8  2534    17.2059   -12.7811     0.7800   0.0000   0.0000   0.0000
 2  33   9  2535    17.2059    -7.7811     0.7800   0.0000   0.0000   0.0000
 2  33  10  2536    17.2059    -2.7811     0.7800   0.0000   0.0000   0.0000
 2  33  11  2537    17.2059     2.2189     0.7800   0.0000   0.0000   0.0000
 2  33  12  2538    17.2059     7.2189     0.7800   0.0000   0.0000   0.0000
 2  33  13  2539    17.2059    12.2189     0.7800   0.0000   0.0000   0.0000
 2  33  14  2540    17.2059    17.2189     0.7800   0.0000   0.0000   0.0000
 2  33  15  2541    17.2059    22.2189     0.7800   0.0000   0.0000   0.0000
 2  33  16  2542    17.2059    27.2189     0.7800   0.0000   0.0000   0.0000
 2  33  17  2543    17.2059    32.2189     0.7800   0.0000   0.0000   0.0000
 2  33  18  2544    17.2059    37.2189     0.7800   0.0000   0.0000   0.0000
 2  33  19  2545    17.2059    42.2189     0.7800   0.0000   0.0000   0.0000
 2  33  20  2546    17.2059    47.2189     0.7800   0.0000   0.0000   0.0000
 2  33  21  2547    17.2059    52.1095     0.7800   0.0000   0.0000   0.0000
 2  34   0  2548    22.2059   -52.3905     0.7800   0.0000   0.0000   0.0000
 2  34   1  2549    22.2059   -47.7811     0.7800   0.0000   0.0000   0.0000
 2  34   2  2550    22.2059   -42.7811     0.7800   0.0000   0.0000   0.0000
 2  34   3  2551    22.2059   -37.7811     0.7800   0.0000   0.0000   0.0000
 2  34   4  2552    22.2059   -32.7811     0.7800   0.0000   0.0000   0.0000
 2  34   5  2553    22.2059   -27.7811     0.7800   0.0000   0.0000   0.0000
 2  34   6  2554    22.2059   -22.7811     0.7800   0.0000   0.0000   0.0000
 2  34   7  2555    22.2059   -17.7811     0.7800   0.0000   0.0000   0.0000
 2  34   8  2556    22.2059   -12.7811     0.7800   0.0000   0.0000   0.0000
 2  34   9  2557    22.2059    -7.7811     0.7800   0.0000   0.0000   0.0000
 2  34  10  2558    22.2059    -2.7811     0.7800   0.0000   0.0000   0.0000
 2  34  11  2559    22.2059     2.2189     0.7800   0.0000   0.0000   0.0000
 2  34  12  2560    22.2059     7.2189     0.7800   0.0000   0.0000   0.0000
 2  34  13  2561    22.2059    12.2189     0.7800   0.0000   0.0000   0.0000
 2  34  14  2562    22.2059    17.2189     0.7800   0.0000   0.0000   0.0000
 2  34  15  2563    22.2059    22.2189     0.7800   0.0000   0.0000   0.0000
 2  34  16  2564    22.2059    27.2189     0.7800   0.0000   0.0000   0.0000
 2  34  17  2565    22.2059    32.2189     0.7800   0.0000   0.0000   0.0000
 2  34  18  2566    22.2059    37.2189     0.7800   0.0000   0.0000   0.0000
 2  34  19  2567    22.2059    42.2189     0.7800   0.0000   0.0000   0.0000
 2  34  20  2568    22.2059    47.2189     0.7800   0.0000   0.0000   0.0000
 2  34  21  2569    22.2059    52.1095     0.7800   0.0000   0.0000   0.0000
 2  35   0  2570    27.2059   -52.3905     0.7800   0.0000   0.0000   0.0000
 2  35   1  2571    27.2059   -47.7811     0.7800   0.0000   0.0000   0.0000
 2  35   2  2572    27.2059   -42.7811     0.7800   0.0000   0.0000   0.0000
 2  35   3  2573    27.2059   -37.7811     0.7800   0.0000   0.0000   0.0000
 2  35   4  2574    27.2059   -32.7811     0.7800   0.0000   0.0000   0.0000
 2  35   5  2575    27.2059   -27.7811     0.7800   0.0000   0.0000   0.0000
 2  35   6  2576    27.2059   -22.7811     0.7800   0.0000   0.0000   0.0000
 2  35   7  2577    27.2059   -17.7811     0.7800   0.0000   0.0000   0.0000
 2  35   8  2578    27.2059   -12.7811     0.7800   0.0000   0.0000   0.0000
 2  35   9  2579    27.2059    -7.7811     0.7800   0.0000   0.0000   0.0000
 2  35  10  2580    27.2059    -2.7811     0.7800   0.0000   0.0000   0.0000
 2  35  11  2581    27.2059     2.2189     0.7800   0.0000   0.0000   0.0000
 2  35  12  2582    27.2059     7.2189     0.7800   0.0000   0.0000   0.0000
 2  35  13  2583    27.2059    12.2189     0.7800   0.0000   0.0000   0.0000
 2  35  14  2584    27.2059    17.2189     0.7800   0.0000   0.0000   0.0000
 2  35  15  2585    27.2059    22.2189     0.7800   0.0000   0.0000   0.0000
 2  35  16  2586    27.2059    27.2189     0.7800   0.0000   0.0000   0.0000
 2  35  17  2587    27.2059    32.2189     0.7800   0.0000   0.0000   0.0000
 2  35  18  2588    27.2059    37.2189     0.7800   0.0000   0.0000   0.0000
 2  35  19  2589    27.2059    42.2189     0.7800   0.0000   0.0000   0.0000
 2  35  20  2590    27.2059    47.2189     0.7800   0.0000   0.0000   0.0000
 2  35  21  2591    27.2059    52.1095     0.7800   0.0000   0.0000   0.0000
 2  36   0  2592    32.2059   -52.3905     0.7800   0.0000   0.0000   0.0000
 2  36   1  2593    32.2059   -47.7811     0.7800   0.0000   0.0000   0.0000
 2  36   2  2594    32.2059   -42.7811     0.7800   0.0000   0.0000   0.0000
 2  36   3  2595    32.2059   -37.7811     0.7800   0.0000   0.0000   0.0000
 2  36   4  2596    32.2059   -32.7811     0.7800   0.0000   0.0000   0.0000
 2  36   5  2597    32.2059   -27.7811     0.7800   0.0000   0.0000   0.0000
 2  36   6  2598    32.2059   -22.7811     0.7800   0.0000   0.0000   0.0000
 2  36   7  2599    32.2059   -17.7811     0.7800   0.0000   0.0000   0.0000
 2  36   8  2600    32.2059   -12.7811     0.7800   0.0000   0.0000   0.0000
 2  36   9  2601    32.2059    -7.7811     0.7800   0.0000   0.0000   0.0000
 2  36  10  2602    32.2059    -2.7811     0.7800   0.0000   0.0000   0.0000
 2  36  11  2603    32.2059     2.2189     0.7800   0.0000   0.0000   0.0000
 2  36  12  2604    32.2059     7.2189     0.7800   0.0000   0.0000   0.0000
 2  36  13  2605    32.2059    12.2189     0.7800   0.0000   0.0000   0.0000
 2  36  14  2606    32.2059    17.2189     0.7800   0.0000   0.0000   0.0000
 2  36  15  2607    32.2059    22.2189     0.7800   0.0000   0.0000   0.0000
 2  36  16  2608    32.2059    27.2189     0.7800   0.0000   0.0000   0.0000
 2  36  17  2609    32.2059    32.2189     0.7800   0.0000   0.0000   0.0000
 2  36  18  2610    32.2059    37.2189     0.7800   0.0000   0.0000   0.0000
 2  36  19  2611    32.2059    42.2189     0.7800   0.0000   0.0000   0.0000
 2  36  20  2612    32.2059    47.2189     0.7800   0.0000   0.0000   0.0000
 2  36  21  2613    32.2059    52.1095     0.7800   0.0000   0.0000   0.0000
 2  37   0  2614    37.2059   -52.3905     0.7800   0.0000   0.0000   0.0000
 2  37   1  2615    37.2059   -47.7811     0.7800   0.0000   0.0000   0.0000
 2  37   2  2616    37.2059   -42.7811     0.7800   0.0000   0.0000   0.0000
 2  37   3  2617    37.2059   -37.7811     0.7800   0.0000   0.0000   0.0000
 2  37   4  2618    37.2059   -32.7811     0.7800   0.0000   0.0000   0.0000
 2  37   5  2619    37.2059   -27.7811     0.7800   0.0000   0.0000   0.0000
 2  37   6  2620    37.2059   -22.7811     0.7800   0.0000   0.0000   0.0000
 2  37   7  2621    37.2059   -17.7811     0.7800   0.0000   0.0000   0.0000
 2  37   8  2622    37.2059   -12.7811     0.7800   0.0000   0.0000   0.0000
 2  37   9  2623    37.2059    -7.7811     0.7800   0.0000   0.0000   0.0000
 2  37  10  2624    37.2059    -2.7811     0.7800   0.0000   0.0000   0.0000
 2  37  11  2625    37.2059     2.2189     0.7800   0.0000   0.0000   0.0000
 2  37  12  2626    37.2059     7.2189     0.7800   0.0000   0.0000   0.0000
 2  37  13  2627    37.2059    12.2189     0.7800   0.0000   0.0000   0.0000
 2  37  14  2628    37.2059    17.2189     0.7800   0.0000   0.0000   0.0000
 2  37  15  2629    37.2059    22.2189     0.7800   0.0000   0.0000   0.0000
 2  37  16  2630    37.2059    27.2189     0.7800   0.0000   0.0000   0.0000
 2  37  17  2631    37.2059    32.2189     0.7800   0.0000   0.0000   0.0000
 2  37  18  2632    37.2059    37.2189     0.7800   0.0000   0.0000   0.0000
 2  37  19  2633    37.2059    42.2189     0.7800   0.0000   0.0000   0.0000
 2  37  20  2634    37.2059    47.2189     0.7800   0.0000   0.0000   0.0000
 2  37  21  2635    37.2059    52.1095     0.7800   0.0000   0.0000   0.0000
 2  38   0  2636    42.2059   -52.3905     0.7800   0.0000   0.0000   0.0000
 2  38   1  2637    42.2059   -47.7811     0.7800   0.0000   0.0000   0.0000
 2  38   2  2638    42.2059   -42.7811     0.7800   0.0000   0.0000   0.0000
 2  38   3  2639    42.2059   -37.7811     0.7800   0.0000   0.0000   0.0000
 2  38   4  2640    42.2059   -32.7811     0.7800   0.0000   0.0000   0.0000
 2  38   5  2641    42.2059   -27.7811     0.7800   0.0000   0.0000   0.0000
 2  38   6  2642    42.2059   -22.7811     0.7800   0.0000   0.0000   0.0000
 2  38   7  2643    42.2059   -17.7811     0.7800   0.0000   0.0000   0.0000
 2  38   8  2644    42.2059   -12.7811     0.7800   0.0000   0.0000   0.0000
 2  38   9  2645    42.2059    -7.7811     0.7800   0.0000   0.0000   0.0000
 2  38  10  2646    42.2059    -2.7811     0.7800   0.0000   0.0000   0.0000
 2  38  11  2647    42.2059     2.2189     0.7800   0.0000   0.0000   0.0000
 2  38  12  2648    42.2059     7.2189     0.7800   0.0000   0.0000   0.0000
 2  38  13  2649    42.2059    12.2189     0.7800   0.0000   0.0000   0.0000
 2  38  14  2650    42.2059    17.2189     0.7800   0.0000   0.0000   0.0000
 2  38  15  2651    42.2059    22.2189     0.7800   0.0000   0.0000   0.0000
 2  38  16  2652    42.2059    27.2189     0.7800   0.0000   0.0000   0.0000
 2  38  17  2653    42.2059    32.2189     0.7800   0.0000   0.0000   0.0000
 2  38  18  2654    42.2059    37.2189     0.7800   0.0000   0.0000   0.0000
 2  38  19  2655    42.2059    42.2189     0.7800   0.0000   0.0000   0.0000
 2  38  20  2656    42.2059    47.2189     0.7800   0.0000   0.0000   0.0000
 2  38  21  2657    42.2059    52.1095     0.7800   0.0000   0.0000   0.0000
 2  39   0  2658    47.2059   -52.3905     0.7800   0.0000   0.0000   0.0000
 2  39   1  2659    47.2059   -47.7811     0.7800   0.0000   0.0000   0.0000
 2  39   2  2660    47.2059   -42.7811     0.7800   0.0000   0.0000   0.0000
 2  39   3  2661    47.2059   -37.7811     0.7800   0.0000   0.0000   0.0000
 2  39   4  2662    47.2059   -32.7811     0.7800   0.0000   0.0000   0.0000
 2  39   5  2663    47.2059   -27.7811     0.7800   0.0000   0.0000   0.0000
 2  39   6  2664    47.2059   -22.7811     0.7800   0.0000   0.0000   0.0000
 2  39   7  2665    47.2059   -17.7811     0.7800   0.0000   0.0000   0.0000
 2  39   8  2666    47.2059   -12.7811     0.7800   0.0000   0.0000   0.0000
 2  39   9  2667    47.2059    -7.7811     0.7800   0.0000   0.0000   0.0000
 2  39  10  2668    47.2059    -2.7811     0.7800   0.0000   0.0000   0.0000
 2  39  11  2669    47.2059     2.2189     0.7800   0.0000   0.0000   0.0000
 2  39  12  2670    47.2059     7.2189     0.7800   0.0000   0.0000   0.0000
 2  39  13  2671    47.2059    12.2189     0.7800   0.0000   0.0000   0.0000
 2  39  14  2672    47.2059    17.2189     0.7800   0.0000   0.0000   0.0000
 2  39  15  2673    47.2059    22.2189     0.7800   0.0000   0.0000   0.0000
 2  39  16  2674    47.2059    27.2189     0.7800   0.0000   0.0000   0.0000
 2  39  17  2675    47.2059    32.2189     0.7800   0.0000   0.0000   0.0000
 2  39  18  2676    47.2059    37.2189     0.7800   0.0000   0.0000   0.0000
 2  39  19  2677    47.2059    42.2189     0.7800   0.0000   0.0000   0.0000
 2  39  20  2678    47.2059    47.2189     0.7800   0.0000   0.0000   0.0000
 2  39  21  2679    47.2059    52.1095     0.7800   0.0000   0.0000   0.0000
 2  40   0  2680    52.2059   -52.3905     0.7800   0.0000   0.0000   0.0000
 2  40   1  2681    52.2059   -47.7811     0.7800   0.0000   0.0000   0.0000
 2  40   2  2682    52.2059   -42.7811     0.7800   0.0000   0.0000   0.0000
 2  40   3  2683    52.2059   -37.7811     0.7800   0.0000   0.0000   0.0000
 2  40   4  2684    52.2059   -32.7811     0.7800   0.0000   0.0000   0.0000
 2  40   5  2685    52.2059   -27.7811     0.7800   0.0000   0.0000   0.0000
 2  40   6  2686    52.2059   -22.7811     0.7800   0.0000   0.0000   0.0000
 2  40   7  2687    52.2059   -17.7811     0.7800   0.0000   0.0000   0.0000
 2  40   8  2688    52.2059   -12.7811     0.7800   0.0000   0.0000   0.0000
 2  40   9  2689    52.2059    -7.7811     0.7800   0.0000   0.0000   0.0000
 2  40  10  2690    52.2059    -2.7811     0.7800   0.0000   0.0000   0.0000
 2  40  11  2691    52.2059     2.2189     0.7800   0.0000   0.0000   0.0000
 2  40  12  2692    52.2059     7.2189     0.7800   0.0000   0.0000   0.0000
 2  40  13  2693    52.2059    12.2189     0.7800   0.0000   0.0000   0.0000
 2  40  14  2694    52.2059    17.2189     0.7800   0.0000   0.0000   0.0000
 2  40  15  2695    52.2059    22.2189     0.7800   0.0000   0.0000   0.0000
 2  40  16  2696    52.2059    27.2189     0.7800   0.0000   0.0000   0.0000
 2  40  17  2697    52.2059    32.2189     0.7800   0.0000   0.0000   0.0000
 2  40  18  2698    52.2059    37.2189     0.7800   0.0000   0.0000   0.0000
 2  40  19  2699    52.2059    42.2189     0.7800   0.0000   0.0000   0.0000
 2  40  20  2700    52.2059    47.2189     0.7800   0.0000   0.0000   0.0000
 2  40  21  2701    52.2059    52.1095     0.7800   0.0000   0.0000   0.0000
 2  41   0  2702    57.2059   -52.3905     0.7800   0.0000   0.0000   0.0000
 2  41   1  2703    57.2059   -47.7811     0.7800   0.0000   0.0000   0.0000
 2  41   2  2704    57.2059   -42.7811     0.7800   0.0000   0.0000   0.0000
 2  41   3  2705    57.2059   -37.7811     0.7800   0.0000   0.0000   0.0000
 2  41   4  2706    57.2059   -32.7811     0.7800   0.0000   0.0000   0.0000
 2  41   5  2707    57.2059   -27.7811     0.7800   0.0000   0.0000   0.0000
 2  41   6  2708    57.2059   -22.7811     0.7800   0.0000   0.0000   0.0000
 2  41   7  2709    57.2059   -17.7811     0.7800   0.0000   0.0000   0.0000
 2  41   8  2710    57.2059   -12.7811     0.7800   0.0000   0.0000   0.0000
 2  41   9  2711    57.2059    -7.7811     0.7800   0.0000   0.0000   0.0000
 2  41  10  2712    57.2059    -2.7811     0.7800   0.0000   0.0000   0.0000
 2  41  11  2713    57.2059     2.2189     0.7800   0.0000   0.0000   0.0000
 2  41  12  2714    57.2059     7.2189     0.7800   0.0000   0.0000   0.0000
 2  41  13  2715    57.2059    12.2189     0.7800   0.0000   0.0000   0.0000
 2  41  14  2716    57.2059    17.2189     0.7800   0.0000   0.0000   0.0000
 2  41  15  2717    57.2059    22.2189     0.7800   0.0000   0.0000   0.0000
 2  41  16  2718    57.2059    27.2189     0.7800   0.0000   0.0000   0.0000
 2  41  17  2719    57.2059    32.2189     0.7800   0.0000   0.0000   0.0000
 2  41  18  2720    57.2059    37.2189     0.7800   0.0000   0.0000   0.0000
 2  41  19  2721    57.2059    42.2189     0.7800   0.0000   0.0000   0.0000
 2  41  20  2722    57.2059    47.2189     0.7800   0.0000   0.0000   0.0000
 2  41  21  2723    57.2059    52.1095     0.7800   0.0000   0.0000   0.0000
 2  42   0  2724    62.2059   -52.3905     0.7800   0.0000   0.0000   0.0000
 2  42   1  2725    62.2059   -47.7811     0.7800   0.0000   0.0000   0.0000
 2  42   2  2726    62.2059   -42.7811     0.7800   0.0000   0.0000   0.0000
 2  42   3  2727    62.2059   -37.7811     0.7800   0.0000   0.0000   0.0000
 2  42   4  2728    62.2059   -32.7811     0.7800   0.0000   0.0000   0.0000
 2  42   5  2729    62.2059   -27.7811     0.7800   0.0000   0.0000   0.0000
 2  42   6  2730    62.2059   -22.7811     0.7800   0.0000   0.0000   0.0000
 2  42   7  2731    62.2059   -17.7811     0.7800   0.0000   0.0000   0.0000
 2  42   8  2732    62.2059   -12.7811     0.7800   0.0000   0.0000   0.0000
 2  42   9  2733    62.2059    -7.7811     0.7800   0.0000   0.0000   0.0000
 2  42  10  2734    62.2059    -2.7811     0.7800   0.0000   0.0000   0.0000
 2  42  11  2735    62.2059     2.2189     0.7800   0.0000   0.0000   0.0000
 2  42  12  2736    62.2059     7.2189     0.7800   0.0000   0.0000   0.0000
 2  42  13  2737    62.2059    12.2189     0.7800   0.0000   0.0000   0.0000
 2  42  14  2738    62.2059    17.2189     0.7800   0.0000   0.0000   0.0000
 2  42  15  2739    62.2059    22.2189     0.7800   0.0000   0.0000   0.0000
 2  42  16  2740    62.2059    27.2189     0.7800   0.0000   0.0000   0.0000
 2  42  17  2741    62.2059    32.2189     0.7800   0.0000   0.0000   0.0000
 2  42  18  2742    62.2059    37.2189     0.7800   0.0000   0.0000   0.0000
 2  42  19  2743    62.2059    42.2189     0.7800   0.0000   0.0000   0.0000
 2  42  20  2744    62.2059    47.2189     0.7800   0.0000   0.0000   0.0000
 2  42  21  2745    62.2059    52.1095     0.7800   0.0000   0.0000   0.0000
 2  43   0  2746    67.2059   -52.3905     0.7800   0.0000   0.0000   0.0000
 2  43   1  2747    67.2059   -47.7811     0.7800   0.0000   0.0000   0.0000
 2  43   2  2748    67.2059   -42.7811     0.7800   0.0000   0.0000   0.0000
 2  43   3  2749    67.2059   -37.7811     0.7800   0.0000   0.0000   0.0000
 2  43   4  2750    67.2059   -32.7811     0.7800   0.0000   0.0000   0.0000
 2  43   5  2751    67.2059   -27.7811     0.7800   0.0000   0.0000   0.0000
 2  43   6  2752    67.2059   -22.7811     0.7800   0.0000   0.0000   0.0000
 2  43   7  2753    67.2059   -17.7811     0.7800   0.0000   0.0000   0.0000
 2  43   8  2754    67.2059   -12.7811     0.7800   0.0000   0.0000   0.0000
 2  43   9  2755    67.2059    -7.7811     0.7800   0.0000   0.0000   0.0000
 2  43  10  2756    67.2059    -2.7811     0.7800   0.0000   0.0000   0.0000
 2  43  11  2757    67.2059     2.2189     0.7800   0.0000   0.0000   0.0000
 2  43  12  2758    67.2059     7.2189     0.7800   0.0000   0.0000   0.0000
 2  43  13  2759    67.2059    12.2189     0.7800   0.0000   0.0000   0.0000
 2  43  14  2760    67.2059    17.2189     0.7800   0.0000   0.0000   0.0000
 2  43  15  2761    67.2059    22.2189     0.7800   0.0000   0.0000   0.0000
 2  43  16  2762    67.2059    27.2189     0.7800   0.0000   0.0000   0.0000
 2  43  17  2763    67.2059    32.2189     0.7800   0.0000   0.0000   0.0000
 2  43  18  2764    67.2059    37.2189     0.7800   0.0000   0.0000   0.0000
 2  43  19  2765    67.2059    42.2189     0.7800   0.0000   0.0000   0.0000
 2  43  20  2766    67.2059    47.2189     0.7800   0.0000   0.0000   0.0000
 2  43  21  2767    67.2059    52.1095     0.7800   0.0000   0.0000   0.0000
 2  44   0  2768    72.2059   -52.3905     0.7800   0.0000   0.0000   0.0000
 2  44   1  2769    72.2059   -47.7811     0.7800   0.0000   0.0000   0.0000
 2  44   2  2770    72.2059   -42.7811     0.7800   0.0000   0.0000   0.0000
 2  44   3  2771    72.2059   -37.7811     0.7800   0.0000   0.0000   0.0000
 2  44   4  2772    72.2059   -32.7811     0.7800   0.0000   0.0000   0.0000
 2  44   5  2773    72.2059   -27.7811     0.7800   0.0000   0.0000   0.0000
 2  44   6  2774    72.2059   -22.7811     0.7800   0.0000   0.0000   0.0000
 2  44   7  2775    72.2059   -17.7811     0.7800   0.0000   0.0000   0.0000
 2  44   8  2776    72.2059   -12.7811     0.7800   0.0000   0.0000   0.0000
 2  44   9  2777    72.2059    -7.7811     0.7800   0.0000   0.0000   0.0000
 2  44  10  2778    72.2059    -2.7811     0.7800   0.0000   0.0000   0.0000
 2  44  11  2779    72.2059     2.2189     0.7800   0.0000   0.0000   0.0000
 2  44  12  2780    72.2059     7.2189     0.7800   0.0000   0.0000   0.0000
 2  44  13  2781    72.2059    12.2189     0.7800   0.0000   0.0000   0.0000
 2  44  14  2782    72.2059    17.2189     0.7800   0.0000   0.0000   0.0000
 2  44  15  2783    72.2059    22.2189     0.7800   0.0000   0.0000   0.0000
 2  44  16  2784    72.2059    27.2189     0.7800   0.0000   0.0000   0.0000
 2  44  17  2785    72.2059    32.2189     0.7800   0.0000   0.0000   0.0000
 2  44  18  2786    72.2059    37.2189     0.7800   0.0000   0.0000   0.0000
 2  44  19  2787    72.2059    42.2189     0.7800   0.0000   0.0000   0.0000
 2  44  20  2788    72.2059    47.2189     0.7800   0.0000   0.0000   0.0000
 2  44  21  2789    72.2059    52.1095     0.7800   0.0000   0.0000   0.0000
 2  45   0  2790    77.2059   -52.3905     0.7800   0.0000   0.0000   0.0000
 2  45   1  2791    77.2059   -47.7811     0.7800   0.0000   0.0000   0.0000
 2  45   2  2792    77.2059   -42.7811     0.7800   0.0000   0.0000   0.0000
 2  45   3  2793    77.2059   -37.7811     0.7800   0.0000   0.0000   0.0000
 2  45   4  2794    77.2059   -32.7811     0.7800   0.0000   0.0000   0.0000
 2  45   5  2795    77.2059   -27.7811     0.7800   0.0000   0.0000   0.0000
 2  45   6  2796    77.2059   -22.7811     0.7800   0.0000   0.0000   0.0000
 2  45   7  2797    77.2059   -17.7811     0.7800   0.0000   0.0000   0.0000
 2  45   8  2798    77.2059   -12.7811     0.7800   0.0000   0.0000   0.0000
 2  45   9  2799    77.2059    -7.7811     0.7800   0.0000   0.0000   0.0000
 2  45  10  2800    77.2059    -2.7811     0.7800   0.0000   0.0000   0.0000
 2  45  11  2801    77.2059     2.2189     0.7800   0.0000   0.0000   0.0000
 2  45  12  2802    77.2059     7.2189     0.7800   0.0000   0.0000   0.0000
 2  45  13  2803    77.2059    12.2189     0.7800   0.0000   0.0000   0.0000
 2  45  14  2804    77.2059    17.2189     0.7800   0.0000   0.0000   0.0000
 2  45  15  2805    77.2059    22.2189     0.7800   0.0000   0.0000   0.0000
 2  45  16  2806    77.2059    27.2189     0.7800   0.0000   0.0000   0.0000
 2  45  17  2807    77.2059    32.2189     0.7800   0.0000   0.0000   0.0000
 2  45  18  2808    77.2059    37.2189     0.7800   0.0000   0.0000   0.0000
 2  45  19  2809    77.2059    42.2189     0.7800   0.0000   0.0000   0.0000
 2  45  20  2810    77.2059    47.2189     0.7800   0.0000   0.0000   0.0000
 2  45  21  2811    77.2059    52.1095     0.7800   0.0000   0.0000   0.0000
 2  46   0  2812    82.2059   -52.3905     0.7800   0.0000   0.0000   0.0000
 2  46   1  2813    82.2059   -47.7811     0.7800   0.0000   0.0000   0.0000
 2  46   2  2814    82.2059   -42.7811     0.7800   0.0000   0.0000   0.0000
 2  46   3  2815    82.2059   -37.7811     0.7800   0.0000   0.0000   0.0000
 2  46   4  2816    82.2059   -32.7811     0.7800   0.0000   0.0000   0.0000
 2  46   5  2817    82.2059   -27.7811     0.7800   0.0000   0.0000   0.0000
 2  46   6  2818    82.2059   -22.7811     0.7800   0.0000   0.0000   0.0000
 2  46   7  2819    82.2059   -17.7811     0.7800   0.0000   0.0000   0.0000
 2  46   8  2820    82.2059   -12.7811     0.7800   0.0000   0.0000   0.0000
 2  46   9  2821    82.2059    -7.7811     0.7800   0.0000   0.0000   0.0000
 2  46  10  2822    82.2059    -2.7811     0.7800   0.0000   0.0000   0.0000
 2  46  11  2823    82.2059     2.2189     0.7800   0.0000   0.0000   0.0000
 2  46  12  2824    82.2059     7.2189     0.7800   0.0000   0.0000   0.0000
 2  46  13  2825    82.2059    12.2189     0.7800   0.0000   0.0000   0.0000
 2  46  14  2826    82.2059    17.2189     0.7800   0.0000   0.0000   0.0000
 2  46  15  2827    82.2059    22.2189     0.7800   0.0000   0.0000   0.0000
 2  46  16  2828    82.2059    27.2189     0.7800   0.0000   0.0000   0.0000
 2  46  17  2829    82.2059    32.2189     0.7800   0.0000   0.0000   0.0000
 2  46  18  2830    82.2059    37.2189     0.7800   0.0000   0.0000   0.0000
 2  46  19  2831    82.2059    42.2189     0.7800   0.0000   0.0000   0.0000
 2  46  20  2832    82.2059    47.2189     0.7800   0.0000   0.0000   0.0000
 2  46  21  2833    82.2059    52.1095     0.7800   0.0000   0.0000   0.0000
 2  47   0  2834    87.2059   -52.3905     0.7800   0.0000   0.0000   0.0000
 2  47   1  2835    87.2059   -47.7811     0.7800   0.0000   0.0000   0.0000
 2  47   2  2836    87.2059   -42.7811     0.7800   0.0000   0.0000   0.0000
 2  47   3  2837    87.2059   -37.7811     0.7800   0.0000   0.0000   0.0000
 2  47   4  2838    87.2059   -32.7811     0.7800   0.0000   0.0000   0.0000
 2  47   5  2839    87.2059   -27.7811     0.7800   0.0000   0.0000   0.0000
 2  47   6  2840    87.2059   -22.7811     0.7800   0.0000   0.0000   0.0000
 2  47   7  2841    87.2059   -17.7811     0.7800   0.0000   0.0000   0.0000
 2  47   8  2842    87.2059   -12.7811     0.7800   0.0000   0.0000   0.0000
 2  47   9  2843    87.2059    -7.7811     0.7800   0.0000   0.0000   0.0000
 2  47  10  2844    87.2059    -2.7811     0.7800   0.0000   0.0000   0.0000
 2  47  11  2845    87.2059     2.2189     0.7800   0.0000   0.0000   0.0000
 2  47  12  2846    87.2059     7.2189     0.7800   0.0000   0.0000   0.0000
 2  47  13  2847    87.2059    12.2189     0.7800   0.0000   0.0000   0.0000
 2  47  14  2848    87.2059    17.2189     0.7800   0.0000   0.0000   0.0000
 2  47  15  2849    87.2059    22.2189     0.7800   0.0000   0.0000   0.0000
 2  47  16  2850    87.2059    27.2189     0.7800   0.0000   0.0000   0.0000
 2  47  17  2851    87.2059    32.2189     0.7800   0.0000   0.0000   0.0000
 2  47  18  2852    87.2059    37.2189     0.7800   0.0000   0.0000   0.0000
 2  47  19  2853    87.2059    42.2189     0.7800   0.0000   0.0000   0.0000
 2  47  20  2854    87.2059    47.2189     0.7800   0.0000   0.0000   0.0000
 2  47  21  2855    87.2059    52.1095     0.7800   0.0000   0.0000   0.0000
 2  48   0  2856    92.2059   -52.3905     0.7800   0.0000   0.0000   0.0000
 2  48   1  2857    92.2059   -47.7811     0.7800   0.0000   0.0000   0.0000
 2  48   2  2858    92.2059   -42.7811     0.7800   0.0000   0.0000   0.0000
 2  48   3  2859    92.2059   -37.7811     0.7800   0.0000   0.0000   0.0000
 2  48   4  2860    92.2059   -32.7811     0.7800   0.0000   0.0000   0.0000
 2  48   5  2861    92.2059   -27.7811     0.7800   0.0000   0.0000   0.0000
 2  48   6  2862    92.2059   -22.7811     0.7800   0.0000   0.0000   0.0000
 2  48   7  2863    92.2059   -17.7811     0.7800   0.0000   0.0000   0.0000
 2  48   8  2864    92.2059   -12.7811     0.7800   0.0000   0.0000   0.0000
 2  48   9  2865    92.2059    -7.7811     0.7800   0.0000   0.0000   0.0000
 2  48  10  2866    92.2059    -2.7811     0.7800   0.0000   0.0000   0.0000
 2  48  11  2867    92.2059     2.2189     0.7800   0.0000   0.0000   0.0000
 2  48  12  2868    92.2059     7.2189     0.7800   0.0000   0.0000   0.0000
 2  48  13  2869    92.2059    12.2189     0.7800   0.0000   0.0000   0.0000
 2  48  14  2870    92.2059    17.2189     0.7800   0.0000   0.0000   0.0000
 2  48  15  2871    92.2059    22.2189     0.7800   0.0000   0.0000   0.0000
 2  48  16  2872    92.2059    27.2189     0.7800   0.0000   0.0000   0.0000
 2  48  17  2873    92.2059    32.2189     0.7800   0.0000   0.0000   0.0000
 2  48  18  2874    92.2059    37.2189     0.7800   0.0000   0.0000   0.0000
 2  48  19  2875    92.2059    42.2189     0.7800   0.0000   0.0000   0.0000
 2  48  20  2876    92.2059    47.2189     0.7800   0.0000   0.0000   0.0000
 2  48  21  2877    92.2059    52.1095     0.7800   0.0000   0.0000   0.0000
 2  49   0  2878    97.2059   -52.3905     0.7800   0.0000   0.0000   0.0000
 2  49   1  2879    97.2059   -47.7811     0.7800   0.0000   0.0000   0.0000
 2  49   2  2880    97.2059   -42.7811     0.7800   0.0000   0.0000   0.0000
 2  49   3  2881    97.2059   -37.7811     0.7800   0.0000   0.0000   0.0000
 2  49   4  2882    97.2059   -32.7811     0.7800   0.0000   0.0000   0.0000
 2  49   5  2883    97.2059   -27.7811     0.7800   0.0000   0.0000   0.0000
 2  49   6  2884    97.2059   -22.7811     0.7800   0.0000   0.0000   0.0000
 2  49   7  2885    97.2059   -17.7811     0.7800   0.0000   0.0000   0.0000
 2  49   8  2886    97.2059   -12.7811     0.7800   0.0000   0.0000   0.0000
 2  49   9  2887    97.2059    -7.7811     0.7800   0.0000   0.0000   0.0000
 2  49  10  2888    97.2059    -2.7811     0.7800   0.0000   0.0000   0.0000
 2  49  11  2889    97.2059     2.2189     0.7800   0.0000   0.0000   0.0000
 2  49  12  2890    97.2059     7.2189     0.7800   0.0000   0.0000   0.0000
 2  49  13  2891    97.2059    12.2189     0.7800   0.0000   0.0000   0.0000
 2  49  14  2892    97.2059    17.2189     0.7800   0.0000   0.0000   0.0000
 2  49  15  2893    97.2059    22.2189     0.7800   0.0000   0.0000   0.0000
 2  49  16  2894    97.2059    27.2189     0.7800   0.0000   0.0000   0.0000
 2  49  17  2895    97.2059    32.2189     0.7800   0.0000   0.0000   0.0000
 2  49  18  2896    97.2059    37.2189     0.7800   0.0000   0.0000   0.0000
 2  49  19  2897    97.2059    42.2189     0.7800   0.0000   0.0000   0.0000
 2  49  20  2898    97.2059    47.2189     0.7800   0.0000   0.0000   0.0000
 2  49  21  2899    97.2059    52.1095     0.7800   0.0000   0.0000   0.0000
 2  50   0  2900   102.2059   -52.3905     0.7800   0.0000   0.0000   0.0000
 2  50   1  2901   102.2059   -47.7811     0.7800   0.0000   0.0000   0.0000
 2  50   2  2902   102.2059   -42.7811     0.7800   0.0000   0.0000   0.0000
 2  50   3  2903   102.2059   -37.7811     0.7800   0.0000   0.0000   0.0000
 2  50   4  2904   102.2059   -32.7811     0.7800   0.0000   0.0000   0.0000
 2  50   5  2905   102.2059   -27.7811     0.7800   0.0000   0.0000   0.0000
 2  50   6  2906   102.2059   -22.7811     0.7800   0.0000   0.0000   0.0000
 2  50   7  2907   102.2059   -17.7811     0.7800   0.0000   0.0000   0.0000
 2  50   8  2908   102.2059   -12.7811     0.7800   0.0000   0.0000   0.0000
 2  50   9  2909   102.2059    -7.7811     0.7800   0.0000   0.0000   0.0000
 2  50  10  2910   102.2059    -2.7811     0.7800   0.0000   0.0000   0.0000
 2  50  11  2911   102.2059     2.2189     0.7800   0.0000   0.0000   0.0000
 2  50  12  2912   102.2059     7.2189     0.7800   0.0000   0.0000   0.0000
 2  50  13  2913   102.2059    12.2189     0.7800   0.0000   0.0000   0.0000
 2  50  14  2914   102.2059    17.2189     0.7800   0.0000   0.0000   0.0000
 2  50  15  2915   102.2059    22.2189     0.7800   0.0000   0.0000   0.0000
 2  50  16  2916   102.2059    27.2189     0.7800   0.0000   0.0000   0.0000
 2  50  17  2917   102.2059    32.2189     0.7800   0.0000   0.0000   0.0000
 2  50  18  2918   102.2059    37.2189     0.7800   0.0000   0.0000   0.0000
 2  50  19  2919   102.2059    42.2189     0.7800   0.0000   0.0000   0.0000
 2  50  20  2920   102.2059    47.2189     0.7800   0.0000   0.0000   0.0000
 2  50  21  2921   102.2059    52.1095     0.7800   0.0000   0.0000   0.0000
 2  51   0  2922   107.2059   -52.3905     0.7800   0.0000   0.0000   0.0000
 2  51   1  2923   107.2059   -47.7811     0.7800   0.0000   0.0000   0.0000
 2  51   2  2924   107.2059   -42.7811     0.7800   0.0000   0.0000   0.0000
 2  51   3  2925   107.2059   -37.7811     0.7800   0.0000   0.0000   0.0000
 2  51   4  2926   107.2059   -32.7811     0.7800   0.0000   0.0000   0.0000
 2  51   5  2927   107.2059   -27.7811     0.7800   0.0000   0.0000   0.0000
 2  51   6  2928   107.2059   -22.7811     0.7800   0.0000   0.0000   0.0000
 2  51   7  2929   107.2059   -17.7811     0.7800   0.0000   0.0000   0.0000
 2  51   8  2930   107.2059   -12.7811     0.7800   0.0000   0.0000   0.0000
 2  51   9  2931   107.2059    -7.7811     0.7800   0.0000   0.0000   0.0000
 2  51  10  2932   107.2059    -2.7811     0.7800   0.0000   0.0000   0.0000
 2  51  11  2933   107.2059     2.2189     0.7800   0.0000   0.0000   0.0000
 2  51  12  2934   107.2059     7.2189     0.7800   0.0000   0.0000   0.0000
 2  51  13  2935   107.2059    12.2189     0.7800   0.0000   0.0000   0.0000
 2  51  14  2936   107.2059    17.2189     0.7800   0.0000   0.0000   0.0000
 2  51  15  2937   107.2059    22.2189     0.7800   0.0000   0.0000   0.0000
 2  51  16  2938   107.2059    27.2189     0.7800   0.0000   0.0000   0.0000
 2  51  17  2939   107.2059    32.2189     0.7800   0.0000   0.0000   0.0000
 2  51  18  2940   107.2059    37.2189     0.7800   0.0000   0.0000   0.0000
 2  51  19  2941   107.2059    42.2189     0.7800   0.0000   0.0000   0.0000
 2  51  20  2942   107.2059    47.2189     0.7800   0.0000   0.0000   0.0000
 2  51  21  2943   107.2059    52.1095     0.7800   0.0000   0.0000   0.0000
 2  52   0  2944   112.2059   -52.3905     0.7800   0.0000   0.0000   0.0000
 2  52   1  2945   112.2059   -47.7811     0.7800   0.0000   0.0000   0.0000
 2  52   2  2946   112.2059   -42.7811     0.7800   0.0000   0.0000   0.0000
 2  52   3  2947   112.2059   -37.7811     0.7800   0.0000   0.0000   0.0000
 2  52   4  2948   112.2059   -32.7811     0.7800   0.0000   0.0000   0.0000
 2  52   5  2949   112.2059   -27.7811     0.7800   0.0000   0.0000   0.0000
 2  52   6  2950   112.2059   -22.7811     0.7800   0.0000   0.0000   0.0000
 2  52   7  2951   112.2059   -17.7811     0.7800   0.0000   0.0000   0.0000
 2  52   8  2952   112.2059   -12.7811     0.7800   0.0000   0.0000   0.0000
 2  52   9  2953   112.2059    -7.7811     0.7800   0.0000   0.0000   0.0000
 2  52  10  2954   112.2059    -2.7811     0.7800   0.0000   0.0000   0.0000
 2  52  11  2955   112.2059     2.2189     0.7800   0.0000   0.0000   0.0000
 2  52  12  2956   112.2059     7.2189     0.7800   0.0000   0.0000   0.0000
 2  52  13  2957   112.2059    12.2189     0.7800   0.0000   0.0000   0.0000
 2  52  14  2958   112.2059    17.2189     0.7800   0.0000   0.0000   0.0000
 2  52  15  2959   112.2059    22.2189     0.7800   0.0000   0.0000   0.0000
 2  52  16  2960   112.2059    27.2189     0.7800   0.0000   0.0000   0.0000
 2  52  17  2961   112.2059    32.2189     0.7800   0.0000   0.0000   0.0000
 2  52  18  2962   112.2059    37.2189     0.7800   0.0000   0.0000   0.0000
 2  52  19  2963   112.2059    42.2189     0.7800   0.0000   0.0000   0.0000
 2  52  20  2964   112.2059    47.2189     0.7800   0.0000   0.0000   0.0000
 2  52  21  2965   112.2059    52.1095     0.7800   0.0000   0.0000   0.0000
 2  53   0  2966   117.2059   -52.3905     0.7800   0.0000   0.0000   0.0000
 2  53   1  2967   117.2059   -47.7811     0.7800   0.0000   0.0000   0.0000
 2  53   2  2968   117.2059   -42.7811     0.7800   0.0000   0.0000   0.0000
 2  53   3  2969   117.2059   -37.7811     0.7800   0.0000   0.0000   0.0000
 2  53   4  2970   117.2059   -32.7811     0.7800   0.0000   0.0000   0.0000
 2  53   5  2971   117.2059   -27.7811     0.7800   0.0000   0.0000   0.0000
 2  53   6  2972   117.2059   -22.7811     0.7800   0.0000   0.0000   0.0000
 2  53   7  2973   117.2059   -17.7811     0.7800   0.0000   0.0000   0.0000
 2  53   8  2974   117.2059   -12.7811     0.7800   0.0000   0.0000   0.0000
 2  53   9  2975   117.2059    -7.7811     0.7800   0.0000   0.0000   0.0000
 2  53  10  2976   117.2059    -2.7811     0.7800   0.0000   0.0000   0.0000
 2  53  11  2977   117.2059     2.2189     0.7800   0.0000   0.0000   0.0000
 2  53  12  2978   117.2059     7.2189     0.7800   0.0000   0.0000   0.0000
 2  53  13  2979   117.2059    12.2189     0.7800   0.0000   0.0000   0.0000
 2  53  14  2980   117.2059    17.2189     0.7800   0.0000   0.0000   0.0000
 2  53  15  2981   117.2059    22.2189     0.7800   0.0000   0.0000   0.0000
 2  53  16  2982   117.2059    27.2189     0.7800   0.0000   0.0000   0.0000
 2  53  17  2983   117.2059    32.2189     0.7800   0.0000   0.0000   0.0000
 2  53  18  2984   117.2059    37.2189     0.7800   0.0000   0.0000   0.0000
 2  53  19  2985   117.2059    42.2189     0.7800   0.0000   0.0000   0.0000
 2  53  20  2986   117.2059    47.2189     0.7800   0.0000   0.0000   0.0000
 2  53  21  2987   117.2059    52.1095     0.7800   0.0000   0.0000   0.0000
 2  54   0  2988   122.2059   -52.3905     0.7800   0.0000   0.0000   0.0000
 2  54   1  2989   122.2059   -47.7811     0.7800   0.0000   0.0000   0.0000
 2  54   2  2990   122.2059   -42.7811     0.7800   0.0000   0.0000   0.0000
 2  54   3  2991   122.2059   -37.7811     0.7800   0.0000   0.0000   0.0000
 2  54   4  2992   122.2059   -32.7811     0.7800   0.0000   0.0000   0.0000
 2  54   5  2993   122.2059   -27.7811     0.7800   0.0000   0.0000   0.0000
 2  54   6  2994   122.2059   -22.7811     0.7800   0.0000   0.0000   0.0000
 2  54   7  2995   122.2059   -17.7811     0.7800   0.0000   0.0000   0.0000
 2  54   8  2996   122.2059   -12.7811     0.7800   0.0000   0.0000   0.0000
 2  54   9  2997   122.2059    -7.7811     0.7800   0.0000   0.0000   0.0000
 2  54  10  2998   122.2059    -2.7811     0.7800   0.0000   0.0000   0.0000
 2  54  11  2999   122.2059     2.2189     0.7800   0.0000   0.0000   0.0000
 2  54  12  3000   122.2059     7.2189     0.7800   0.0000   0.0000   0.0000
 2  54  13  3001   122.2059    12.2189     0.7800   0.0000   0.0000   0.0000
 2  54  14  3002   122.2059    17.2189     0.7800   0.0000   0.0000   0.0000
 2  54  15  3003   122.2059    22.2189     0.7800   0.0000   0.0000   0.0000
 2  54  16  3004   122.2059    27.2189     0.7800   0.0000   0.0000   0.0000
 2  54  17  3005   122.2059    32.2189     0.7800   0.0000   0.0000   0.0000
 2  54  18  3006   122.2059    37.2189     0.7800   0.0000   0.0000   0.0000
 2  54  19  3007   122.2059    42.2189     0.7800   0.0000   0.0000   0.0000
 2  54  20  3008   122.2059    47.2189     0.7800   0.0000   0.0000   0.0000
 2  54  21  3009   122.2059    52.1095     0.7800   0.0000   0.0000   0.0000
 2  55   0  3010   127.2059   -52.3905     0.7800   0.0000   0.0000   0.0000
 2  55   1  3011   127.2059   -47.7811     0.7800   0.0000   0.0000   0.0000
 2  55   2  3012   127.2059   -42.7811     0.7800   0.0000   0.0000   0.0000
 2  55   3  3013   127.2059   -37.7811     0.7800   0.0000   0.0000   0.0000
 2  55   4  3014   127.2059   -32.7811     0.7800   0.0000   0.0000   0.0000
 2  55   5  3015   127.2059   -27.7811     0.7800   0.0000   0.0000   0.0000
 2  55   6  3016   127.2059   -22.7811     0.7800   0.0000   0.0000   0.0000
 2  55   7  3017   127.2059   -17.7811     0.7800   0.0000   0.0000   0.0000
 2  55   8  3018   127.2059   -12.7811     0.7800   0.0000   0.0000   0.0000
 2  55   9  3019   127.2059    -7.7811     0.7800   0.0000   0.0000   0.0000
 2  55  10  3020   127.2059    -2.7811     0.7800   0.0000   0.0000   0.0000
 2  55  11  3021   127.2059     2.2189     0.7800   0.0000   0.0000   0.0000
 2  55  12  3022   127.2059     7.2189     0.7800   0.0000   0.0000   0.0000
 2  55  13  3023   127.2059    12.2189     0.7800   0.0000   0.0000   0.0000
 2  55  14  3024   127.2059    17.2189     0.7800   0.0000   0.0000   0.0000
 2  55  15  3025   127.2059    22.2189     0.7800   0.0000   0.0000   0.0000
 2  55  16  3026   127.2059    27.2189     0.7800   0.0000   0.0000   0.0000
 2  55  17  3027   127.2059    32.2189     0.7800   0.0000   0.0000   0.0000
 2  55  18  3028   127.2059    37.2189     0.7800   0.0000   0.0000   0.0000
 2  55  19  3029   127.2059    42.2189     0.7800   0.0000   0.0000   0.0000
 2  55  20  3030   127.2059    47.2189     0.7800   0.0000   0.0000   0.0000
 2  55  21  3031   127.2059    52.1095     0.7800   0.0000   0.0000   0.0000
 2  56   0  3032   132.2059   -52.3905     0.7800   0.0000   0.0000   0.0000
 2  56   1  3033   132.2059   -47.7811     0.7800   0.0000   0.0000   0.0000
 2  56   2  3034   132.2059   -42.7811     0.7800   0.0000   0.0000   0.0000
 2  56   3  3035   132.2059   -37.7811     0.7800   0.0000   0.0000   0.0000
 2  56   4  3036   132.2059   -32.7811     0.7800   0.0000   0.0000   0.0000
 2  56   5  3037   132.2059   -27.7811     0.7800   0.0000   0.0000   0.0000
 2  56   6  3038   132.2059   -22.7811     0.7800   0.0000   0.0000   0.0000
 2  56   7  3039   132.2059   -17.7811     0.7800   0.0000   0.0000   0.0000
 2  56   8  3040   132.2059   -12.7811     0.7800   0.0000   0.0000   0.0000
 2  56   9  3041   132.2059    -7.7811     0.7800   0.0000   0.0000   0.0000
 2  56  10  3042   132.2059    -2.7811     0.7800   0.0000   0.0000   0.0000
 2  56  11  3043   132.2059     2.2189     0.7800   0.0000   0.0000   0.0000
 2  56  12  3044   132.2059     7.2189     0.7800   0.0000   0.0000   0.0000
 2  56  13  3045   132.2059    12.2189     0.7800   0.0000   0.0000   0.0000
 2  56  14  3046   132.2059    17.2189     0.7800   0.0000   0.0000   0.0000
 2  56  15  3047   132.2059    22.2189     0.7800   0.0000   0.0000   0.0000
 2  56  16  3048   132.2059    27.2189     0.7800   0.0000   0.0000   0.0000
 2  56  17  3049   132.2059    32.2189     0.7800   0.0000   0.0000   0.0000
 2  56  18  3050   132.2059    37.2189     0.7800   0.0000   0.0000   0.0000
 2  56  19  3051   132.2059    42.2189     0.7800   0.0000   0.0000   0.0000
 2  56  20  3052   132.2059    47.2189     0.7800   0.0000   0.0000   0.0000
 2  56  21  3053   132.2059    52.1095     0.7800   0.0000   0.0000   0.0000
 2  57   0  3054   137.2059   -52.3905     0.7800   0.0000   0.0000   0.0000
 2  57   1  3055   137.2059   -47.7811     0.7800   0.0000   0.0000   0.0000
 2  57   2  3056   137.2059   -42.7811     0.7800   0.0000   0.0000   0.0000
 2  57   3  3057   137.2059   -37.7811     0.7800   0.0000   0.0000   0.0000
 2  57   4  3058   137.2059   -32.7811     0.7800   0.0000   0.0000   0.0000
 2  57   5  3059   137.2059   -27.7811     0.7800   0.0000   0.0000   0.0000
 2  57   6  3060   137.2059   -22.7811     0.7800   0.0000   0.0000   0.0000
 2  57   7  3061   137.2059   -17.7811     0.7800   0.0000   0.0000   0.0000
 2  57   8  3062   137.2059   -12.7811     0.7800   0.0000   0.0000   0.0000
 2  57   9  3063   137.2059    -7.7811     0.7800   0.0000   0.0000   0.0000
 2  57  10  3064   137.2059    -2.7811     0.7800   0.0000   0.0000   0.0000
 2  57  11  3065   137.2059     2.2189     0.7800   0.0000   0.0000   0.0000
 2  57  12  3066   137.2059     7.2189     0.7800   0.0000   0.0000   0.0000
 2  57  13  3067   137.2059    12.2189     0.7800   0.0000   0.0000   0.0000
 2  57  14  3068   137.2059    17.2189     0.7800   0.0000   0.0000   0.0000
 2  57  15  3069   137.2059    22.2189     0.7800   0.0000   0.0000   0.0000
 2  57  16  3070   137.2059    27.2189     0.7800   0.0000   0.0000   0.0000
 2  57  17  3071   137.2059    32.2189     0.7800   0.0000   0.0000   0.0000
 2  57  18  3072   137.2059    37.2189     0.7800   0.0000   0.0000   0.0000
 2  57  19  3073   137.2059    42.2189     0.7800   0.0000   0.0000   0.0000
 2  57  20  3074   137.2059    47.2189     0.7800   0.0000   0.0000   0.0000
 2  57  21  3075   137.2059    52.1095     0.7800   0.0000   0.0000   0.0000
 2  58   0  3076   142.2059   -52.3905     0.7800   0.0000   0.0000   0.0000
 2  58   1  3077   142.2059   -47.7811     0.7800   0.0000   0.0000   0.0000
 2  58   2  3078   142.2059   -42.7811     0.7800   0.0000   0.0000   0.0000
 2  58   3  3079   142.2059   -37.7811     0.7800   0.0000   0.0000   0.0000
 2  58   4  3080   142.2059   -32.7811     0.7800   0.0000   0.0000   0.0000
 2  58   5  3081   142.2059   -27.7811     0.7800   0.0000   0.0000   0.0000
 2  58   6  3082   142.2059   -22.7811     0.7800   0.0000   0.0000   0.0000
 2  58   7  3083   142.2059   -17.7811     0.7800   0.0000   0.0000   0.0000
 2  58   8  3084   142.2059   -12.7811     0.7800   0.0000   0.0000   0.0000
 2  58   9  3085   142.2059    -7.7811     0.7800   0.0000   0.0000   0.0000
 2  58  10  3086   142.2059    -2.7811     0.7800   0.0000   0.0000   0.0000
 2  58  11  3087   142.2059     2.2189     0.7800   0.0000   0.0000   0.0000
 2  58  12  3088   142.2059     7.2189     0.7800   0.0000   0.0000   0.0000
 2  58  13  3089   142.2059    12.2189     0.7800   0.0000   0.0000   0.0000
 2  58  14  3090   142.2059    17.2189     0.7800   0.0000   0.0000   0.0000
 2  58  15  3091   142.2059    22.2189     0.7800   0.0000   0.0000   0.0000
 2  58  16  3092   142.2059    27.2189     0.7800   0.0000   0.0000   0.0000
 2  58  17  3093   142.2059    32.2189     0.7800   0.0000   0.0000   0.0000
 2  58  18  3094   142.2059    37.2189     0.7800   0.0000   0.0000   0.0000
 2  58  19  3095   142.2059    42.2189     0.7800   0.0000   0.0000   0.0000
 2  58  20  3096   142.2059    47.2189     0.7800   0.0000   0.0000   0.0000
 2  58  21  3097   142.2059    52.1095     0.7800   0.0000   0.0000   0.0000
 2  59   0  3098   147.1030   -52.3905     0.7800   0.0000   0.0000   0.0000
 2  59   1  3099   147.1030   -47.7811     0.7800   0.0000   0.0000   0.0000
 2  59   2  3100   147.1030   -42.7811     0.7800   0.0000   0.0000   0.0000
 2  59   3  3101   147.1030   -37.7811     0.7800   0.0000   0.0000   0.0000
 2  59   4  3102   147.1030   -32.7811     0.7800   0.0000   0.0000   0.0000
 2  59   5  3103   147.1030   -27.7811     0.7800   0.0000   0.0000   0.0000
 2  59   6  3104   147.1030   -22.7811     0.7800   0.0000   0.0000   0.0000
 2  59   7  3105   147.1030   -17.7811     0.7800   0.0000   0.0000   0.0000
 2  59   8  3106   147.1030   -12.7811     0.7800   0.0000   0.0000   0.0000
 2  59   9  3107   147.1030    -7.7811     0.7800   0.0000   0.0000   0.0000
 2  59  10  3108   147.1030    -2.7811     0.7800   0.0000   0.0000   0.0000
 2  59  11  3109   147.1030     2.2189     0.7800   0.0000   0.0000   0.0000
 2  59  12  3110   147.1030     7.2189     0.7800   0.0000   0.0000   0.0000
 2  59  13  3111   147.1030    12.2189     0.7800   0.0000   0.0000   0.0000
 2  59  14  3112   147.1030    17.2189     0.7800   0.0000   0.0000   0.0000
 2  59  15  3113   147.1030    22.2189     0.7800   0.0000   0.0000   0.0000
 2  59  16  3114   147.1030    27.2189     0.7800   0.0000   0.0000   0.0000
 2  59  17  3115   147.1030    32.2189     0.7800   0.0000   0.0000   0.0000
 2  59  18  3116   147.1030    37.2189     0.7800   0.0000   0.0000   0.0000
 2  59  19  3117   147.1030    42.2189     0.7800   0.0000   0.0000   0.0000
 2  59  20  3118   147.1030    47.2189     0.7800   0.0000   0.0000   0.0000
 2  59  21  3119   147.1030    52.1095     0.7800   0.0000   0.0000   0.0000
